{
"type": "FeatureCollection",
"name": "unique_orbit_path_geometries",
"crs": { "type": "name", "properties": { "name": "urn:ogc:def:crs:OGC:1.3:CRS84" } },
"features": [
{ "type": "Feature", "properties": { "orbit_key": "SCS_T006_F292", "dataset": "BIOMASS", "collection": "BiomassLevel1a", "product_type": "S1_SCS__1S", "mode": "SCS", "orbit_state": "ASCENDING", "track": "T006", "track_number": 6, "frame": "F292", "frame_number": 292, "scene_count": 86, "unique_footprints": 42, "repeat_cycles": "1,10,2,3,4,5,6,7,8,9", "absolute_orbits": "3022,3066,3110,3154,3330,3374,3418,3462,3506,3550,3594,3638,3682,3770,3814,3858,3902,3946,3990,4034,4210,4254,4298,4342,4386,4430,4474,4518,4562,4606,4650,4694,4738,4782,4826,4870,4914", "first_start_time": "2025-11-21T09:48:36.670Z", "last_stop_time": "2026-03-30T09:54:12.456Z", "example_scene": "BIO_S1_SCS__1M_20251130T094842_20251130T094903_T_G01_M01_C04_T006_F292_01_DKPI6T" }, "geometry": { "type": "Polygon", "coordinates": [ [ [ -58.08292, -21.247454 ], [ -58.082671572420566, -21.248582583651835 ], [ -57.72645, -21.182076 ], [ -57.726172817776003, -21.183323215110235 ], [ -57.719193, -21.18202 ], [ -57.718908082974195, -21.183302266081572 ], [ -57.71249, -21.182104 ], [ -57.71221354344118, -21.183349265948138 ], [ -57.70437, -21.181885 ], [ -57.704088176513665, -21.183154733498711 ], [ -57.697083, -21.181847 ], [ -57.696778809476449, -21.183219792925829 ], [ -57.689854, -21.181927 ], [ -57.689491839624132, -21.183562927978119 ], [ -57.679214, -21.181644 ], [ -57.641673035758437, -21.351054200046725 ], [ -57.415543, -21.309866 ], [ -57.415233759080422, -21.311309860298422 ], [ -57.40779, -21.309954 ], [ -57.407503224082419, -21.311291012485388 ], [ -57.400047, -21.309933 ], [ -57.399947218930158, -21.310399359254848 ], [ -57.398556, -21.310146 ], [ -57.398269027787698, -21.311487857910386 ], [ -57.39022, -21.310022 ], [ -57.389854306098563, -21.311730313113767 ], [ -57.379898, -21.309917 ], [ -57.379560993994374, -21.311489740018249 ], [ -57.370926, -21.309917 ], [ -57.370354552576224, -21.312584409821852 ], [ -57.35726, -21.3102 ], [ -57.356901374621621, -21.311868728589641 ], [ -57.347424, -21.310143 ], [ -57.347232726719803, -21.311032608090294 ], [ -56.940456, -21.236027 ], [ -56.940201963710983, -21.237172076986852 ], [ -56.935646, -21.236332 ], [ -56.93538103201778, -21.237524162869111 ], [ -56.929745, -21.236485 ], [ -56.929425383263627, -21.23792125660842 ], [ -56.92189, -21.236532 ], [ -56.921525896784381, -21.238170519098627 ], [ -56.913696, -21.236727 ], [ -56.913316010177859, -21.238431724025855 ], [ -56.905567, -21.237003 ], [ -56.905307584795985, -21.238158763469624 ], [ -56.900867, -21.23734 ], [ -56.899652738906546, -21.242738167884195 ], [ -56.510025, -21.170004 ], [ -56.509651247292226, -21.171674669446013 ], [ -56.50067, -21.169998 ], [ -56.500334975166972, -21.171495482565756 ], [ -56.491028, -21.169758 ], [ -56.490696504272762, -21.171239702338315 ], [ -56.483734, -21.16994 ], [ -56.20185, -22.429964 ], [ -56.818928, -22.543962 ], [ -56.819248124259801, -22.542491747714777 ], [ -56.826313, -22.543797 ], [ -56.82663283555074, -22.542328150742932 ], [ -56.835747, -22.544012 ], [ -56.836108474455592, -22.542351942660716 ], [ -56.845116, -22.544016 ], [ -56.846384113374036, -22.538191901945591 ], [ -57.250626, -22.611883 ], [ -57.250873222810327, -22.610717309832328 ], [ -57.256264, -22.6117 ], [ -57.256622831824771, -22.610007195929306 ], [ -57.265877, -22.611694 ], [ -57.266222441027594, -22.61006397354393 ], [ -57.27505, -22.611673 ], [ -57.275351083587132, -22.610250483792178 ], [ -57.282436, -22.611542 ], [ -57.28267337147502, -22.610421519259035 ], [ -57.28843, -22.611471 ], [ -57.28867425281652, -22.610319789323906 ], [ -57.29359, -22.611216 ], [ -57.293889409574639, -22.609806882661847 ], [ -57.61981, -22.668434 ], [ -57.620155175092258, -22.666799316252284 ], [ -57.629593, -22.668497 ], [ -57.63014310941454, -22.665890993822874 ], [ -57.64361, -22.668314 ], [ -57.643938856611811, -22.666755889471865 ], [ -57.65276, -22.668343 ], [ -57.653115442540965, -22.66665878667057 ], [ -57.662983, -22.668434 ], [ -57.663260438108914, -22.66711975340246 ], [ -57.671116, -22.668533 ], [ -57.671216010003242, -22.668059488993091 ], [ -57.672775, -22.66834 ], [ -57.673052962092576, -22.667024382497139 ], [ -57.68042, -22.66835 ], [ -57.680722619788412, -22.666918146630255 ], [ -57.68813, -22.668251 ], [ -57.728320043284327, -22.478138412456978 ], [ -58.019432, -22.531937 ], [ -58.019796268243702, -22.530264796003816 ], [ -58.02989, -22.53213 ], [ -58.030186860849462, -22.530767155110464 ], [ -58.037178, -22.532059 ], [ -58.037451587304837, -22.530802749471107 ], [ -58.044277, -22.532064 ], [ -58.04455247746845, -22.530799387809321 ], [ -58.052532, -22.532274 ], [ -58.052795100442069, -22.53106518021271 ], [ -58.059006, -22.532213 ], [ -58.059289897591256, -22.530909683493764 ], [ -58.066467, -22.532236 ], [ -58.06681746197259, -22.530626088181009 ], [ -58.442383, -22.599127 ], [ -58.442677795788192, -22.597753310932138 ], [ -58.45028, -22.59914 ], [ -58.450597451071758, -22.597660651468306 ], [ -58.45806, -22.599022 ], [ -58.458327243653976, -22.597777044894766 ], [ -58.465305, -22.59905 ], [ -58.465602700789589, -22.597663172960196 ], [ -58.473545, -22.599112 ], [ -58.473874512775652, -22.597576529303719 ], [ -58.481766, -22.599016 ], [ -58.48212131874245, -22.597360303521345 ], [ -58.490814, -22.598946 ], [ -58.491131679693723, -22.597465814416804 ], [ -58.818947, -22.656479 ], [ -58.819238540384454, -22.655102833793627 ], [ -58.825844, -22.656292 ], [ -58.826146802508596, -22.654862858532056 ], [ -58.833897, -22.656258 ], [ -59.095825, -21.41993 ], [ -58.55574, -21.32154 ], [ -58.555430576265103, -21.322969192602745 ], [ -58.547756, -21.321571 ], [ -58.547457433871294, -21.322950029771256 ], [ -58.541035, -21.32178 ], [ -58.54081719099846, -21.322785751913326 ], [ -58.131397, -21.247269 ], [ -58.131028344600601, -21.24894202520121 ], [ -58.122326, -21.247337 ], [ -58.121986398194849, -21.248877220816059 ], [ -58.11414, -21.24743 ], [ -58.113830856373397, -21.248833423076441 ], [ -58.105816, -21.247355 ], [ -58.105538766042194, -21.248614514738279 ], [ -58.098602, -21.247335 ], [ -58.098271775276331, -21.24883489475673 ], [ -58.090866, -21.247469 ], [ -58.090559034583279, -21.248862806376639 ], [ -58.08292, -21.247454 ] ] ] } },
{ "type": "Feature", "properties": { "orbit_key": "SCS_T006_F293", "dataset": "BIOMASS", "collection": "BiomassLevel1a", "product_type": "S1_SCS__1S", "mode": "SCS", "orbit_state": "ASCENDING", "track": "T006", "track_number": 6, "frame": "F293", "frame_number": 293, "scene_count": 86, "unique_footprints": 42, "repeat_cycles": "1,10,2,3,4,5,6,7,8,9", "absolute_orbits": "3022,3066,3110,3154,3330,3374,3418,3462,3506,3550,3594,3638,3682,3770,3814,3858,3902,3946,3990,4034,4210,4254,4298,4342,4386,4430,4474,4518,4562,4606,4650,4694,4738,4782,4826,4870,4914", "first_start_time": "2025-11-21T09:48:55.690Z", "last_stop_time": "2026-03-30T09:54:31.474Z", "example_scene": "BIO_S1_SCS__1S_20251124T094857_20251124T094918_T_G01_M01_C02_T006_F293_01_DK5Q3A" }, "geometry": { "type": "Polygon", "coordinates": [ [ [ -58.356403, -20.094217 ], [ -58.35609059429305, -20.095645241012772 ], [ -58.349155, -20.094353 ], [ -58.348850270420954, -20.095746092791948 ], [ -58.34133, -20.094345 ], [ -58.341018692435505, -20.095768156296984 ], [ -58.33346, -20.09436 ], [ -58.333217518732191, -20.095468694930531 ], [ -57.976383, -20.028215 ], [ -57.976094631279892, -20.029515063968841 ], [ -57.969128, -20.028202 ], [ -57.968841211482882, -20.02949485766414 ], [ -57.962406, -20.028282 ], [ -57.962132297741768, -20.02951623001918 ], [ -57.954193, -20.02802 ], [ -57.953907913021887, -20.029305572349674 ], [ -57.94698, -20.028 ], [ -57.946673347393748, -20.029382932535704 ], [ -57.939728, -20.028074 ], [ -57.939353166859476, -20.029764561015675 ], [ -57.92911, -20.027834 ], [ -57.891174273866348, -20.198886967038675 ], [ -57.66207, -20.156702 ], [ -57.661770585075772, -20.158098752640797 ], [ -57.65431, -20.156725 ], [ -57.65401297889548, -20.158110895126974 ], [ -57.6466, -20.156746 ], [ -57.646493829270831, -20.157241571364573 ], [ -57.645035, -20.156973 ], [ -57.644726052516745, -20.158415337967543 ], [ -57.636658, -20.15693 ], [ -57.636306946146107, -20.15856907899532 ], [ -57.62634, -20.156734 ], [ -57.625978247216075, -20.158422653793096 ], [ -57.61735, -20.156834 ], [ -57.616773189175021, -20.159526529883689 ], [ -57.603374, -20.15706 ], [ -57.603023184042591, -20.158699177940353 ], [ -57.593575, -20.15696 ], [ -57.593372116626192, -20.157908558296533 ], [ -57.188797, -20.082548 ], [ -57.188575828863819, -20.083570781363498 ], [ -57.183815, -20.082684 ], [ -57.18353401249928, -20.083978363604555 ], [ -57.177696, -20.082891 ], [ -57.177357040122985, -20.084455692495805 ], [ -57.17069, -20.083214 ], [ -57.170357857405754, -20.084741517675145 ], [ -57.161007, -20.083 ], [ -57.160632803897293, -20.084731871797086 ], [ -57.151184, -20.082972 ], [ -57.150935885678905, -20.08412301831898 ], [ -57.146442, -20.083286 ], [ -57.14526612691845, -20.088724525665903 ], [ -56.760235, -20.016167 ], [ -56.759855322150678, -20.017877599553639 ], [ -56.75089, -20.016188 ], [ -56.750548312333386, -20.017727350652194 ], [ -56.741234, -20.015972 ], [ -56.740932275799253, -20.01733133019259 ], [ -56.733963, -20.016018 ], [ -56.454197, -21.276484 ], [ -57.06496, -21.390419 ], [ -57.065251804379265, -21.389070098919511 ], [ -57.072327, -21.39039 ], [ -57.072652362160596, -21.388886041090849 ], [ -57.08177, -21.390587 ], [ -57.082138826699278, -21.388882168127246 ], [ -57.091133, -21.39056 ], [ -57.092407817825965, -21.384667018300501 ], [ -57.497223, -21.45923 ], [ -57.497466162437796, -21.458071034474717 ], [ -57.502754, -21.459045 ], [ -57.503111466702862, -21.457340694296732 ], [ -57.509438, -21.458506 ], [ -57.509760493727534, -21.456985882732162 ], [ -57.517845, -21.458475 ], [ -57.518174261251296, -21.456925336520396 ], [ -57.525436, -21.458263 ], [ -57.525708692823081, -21.456980287594991 ], [ -57.531803, -21.458103 ], [ -57.532022151142066, -21.457072433256748 ], [ -57.53722, -21.45803 ], [ -57.537512930417101, -21.456652709178133 ], [ -57.862686, -21.515804 ], [ -57.863024120413037, -21.514197826096296 ], [ -57.87242, -21.515907 ], [ -57.872973739657475, -21.513277058988365 ], [ -57.88651, -21.51574 ], [ -57.88686288896848, -21.51406469648526 ], [ -57.895576, -21.51565 ], [ -57.895915886868387, -21.514036190021361 ], [ -57.905853, -21.515844 ], [ -57.906152385396808, -21.514422923615015 ], [ -57.914112, -21.515871 ], [ -57.914216782268113, -21.51537365472862 ], [ -57.91584, -21.515669 ], [ -57.916127979004166, -21.514302349880044 ], [ -57.923534, -21.51565 ], [ -57.923826172220366, -21.514263609382095 ], [ -57.93133, -21.515629 ], [ -57.971789307227077, -21.32364077329526 ], [ -58.265553, -21.37846 ], [ -58.265913672103835, -21.376793757312498 ], [ -58.276028, -21.378681 ], [ -58.27632586069722, -21.377304656514827 ], [ -58.283295, -21.378605 ], [ -58.283569615902167, -21.377335949981756 ], [ -58.290462, -21.378622 ], [ -58.290721128459104, -21.377424593793094 ], [ -58.298424, -21.378862 ], [ -58.298700653036811, -21.377583919723289 ], [ -58.30511, -21.37878 ], [ -58.305389871450735, -21.377487146202188 ], [ -58.312393, -21.378794 ], [ -58.312755217125549, -21.377120455639041 ], [ -58.688488, -21.446367 ], [ -58.688787567055982, -21.444961934166102 ], [ -58.696373, -21.44636 ], [ -58.696665443300127, -21.444988333484204 ], [ -58.70421, -21.446379 ], [ -58.704511206539053, -21.444966490448078 ], [ -58.71142, -21.44624 ], [ -58.711700976143604, -21.444922897036061 ], [ -58.71959, -21.446377 ], [ -58.719902522597643, -21.444911838778996 ], [ -58.727776, -21.446363 ], [ -58.728144511059583, -21.444635386749336 ], [ -58.73685, -21.44624 ], [ -58.737180987819258, -21.444687807444812 ], [ -59.062675, -21.50394 ], [ -59.062936182722936, -21.502700749736547 ], [ -59.069546, -21.503904 ], [ -59.069882330473206, -21.502308228195069 ], [ -59.077583, -21.50371 ], [ -59.33826, -20.267078 ], [ -58.803143, -20.16853 ], [ -58.802786502387228, -20.170187142845045 ], [ -58.79513, -20.168777 ], [ -58.794863490316274, -20.170015780722082 ], [ -58.788452, -20.168835 ], [ -58.788214344914699, -20.169939405145549 ], [ -58.381863, -20.094229 ], [ -58.381481443060231, -20.095973288705988 ], [ -58.372833, -20.094362 ], [ -58.372511205601228, -20.095833226484814 ], [ -58.36469, -20.094376 ], [ -58.364398870654661, -20.095706922052607 ], [ -58.356403, -20.094217 ] ] ] } },
{ "type": "Feature", "properties": { "orbit_key": "SCS_T006_F294", "dataset": "BIOMASS", "collection": "BiomassLevel1a", "product_type": "S1_SCS__1S", "mode": "SCS", "orbit_state": "ASCENDING", "track": "T006", "track_number": 6, "frame": "F294", "frame_number": 294, "scene_count": 86, "unique_footprints": 42, "repeat_cycles": "1,10,2,3,4,5,6,7,8,9", "absolute_orbits": "3022,3066,3110,3154,3330,3374,3418,3462,3506,3550,3594,3638,3682,3770,3814,3858,3902,3946,3990,4034,4210,4254,4298,4342,4386,4430,4474,4518,4562,4606,4650,4694,4738,4782,4826,4870,4914", "first_start_time": "2025-11-21T09:49:14.707Z", "last_stop_time": "2026-03-30T09:54:50.491Z", "example_scene": "BIO_S1_SCS__1M_20251130T094920_20251130T094941_T_G01_M01_C04_T006_F294_01_DKPI87" }, "geometry": { "type": "Polygon", "coordinates": [ [ [ -58.605946, -18.940826 ], [ -58.605646382407897, -18.942201966205925 ], [ -58.5987, -18.940895 ], [ -58.598380716660152, -18.942361510157522 ], [ -58.590862, -18.940947 ], [ -58.590549766651662, -18.942380895735702 ], [ -58.58305, -18.94097 ], [ -58.582787489880303, -18.942175655744798 ], [ -58.225636, -18.874243 ], [ -58.225329361874188, -18.875631570719147 ], [ -58.21835, -18.874304 ], [ -58.21808043570087, -18.875524697647059 ], [ -58.21171, -18.874313 ], [ -58.21141704072712, -18.875639789125348 ], [ -58.203358, -18.874107 ], [ -58.203071574508826, -18.875404312768463 ], [ -58.19614, -18.874086 ], [ -58.195839795363177, -18.87544576056645 ], [ -58.188885, -18.874123 ], [ -58.188518617028102, -18.875782637308532 ], [ -58.178253, -18.87383 ], [ -58.140083307288471, -19.046716082559225 ], [ -57.908913, -19.003698 ], [ -57.908636981547758, -19.004984293184382 ], [ -57.901295, -19.003618 ], [ -57.90099427384456, -19.005018846830893 ], [ -57.893692, -19.00366 ], [ -57.893576411217111, -19.004198255459379 ], [ -57.89214, -19.003931 ], [ -57.89182472700152, -19.005398815770413 ], [ -57.883823, -19.00391 ], [ -57.88346432549961, -19.005579646565742 ], [ -57.87347, -19.00372 ], [ -57.873129638790836, -19.005304548592761 ], [ -57.864426, -19.003685 ], [ -57.863817287509612, -19.006519504635769 ], [ -57.850597, -19.00406 ], [ -57.850264403783164, -19.005608264741145 ], [ -57.840878, -19.003862 ], [ -57.840661822426476, -19.004867862279486 ], [ -57.43569, -18.92869 ], [ -57.435460471480198, -18.929749113409464 ], [ -57.430298, -18.928778 ], [ -57.429991149669924, -18.930194704553276 ], [ -57.423916, -18.929052 ], [ -57.423605987281761, -18.930483669626682 ], [ -57.41626, -18.929102 ], [ -57.41590118422949, -18.930759313409066 ], [ -57.40777, -18.92923 ], [ -57.407416191330356, -18.930862904322247 ], [ -57.397964, -18.929085 ], [ -57.397703693146205, -18.930287299246796 ], [ -57.392742, -18.929354 ], [ -57.391547415046823, -18.934871831032194 ], [ -57.008904, -18.862099 ], [ -57.008543537320044, -18.863734877843012 ], [ -56.99959, -18.862032 ], [ -56.999221873773635, -18.863702570271602 ], [ -56.989902, -18.86193 ], [ -56.989606113043706, -18.863272764171228 ], [ -56.98263, -18.861946 ], [ -56.704807, -20.122784 ], [ -57.309616, -20.236677 ], [ -57.309902868540206, -20.235343102120563 ], [ -57.316986, -20.236677 ], [ -57.317338903288849, -20.235036120857373 ], [ -57.326466, -20.236755 ], [ -57.32681562356008, -20.235129373820346 ], [ -57.335793, -20.23682 ], [ -57.337070228211104, -20.230881001619018 ], [ -57.737694, -20.305435 ], [ -57.737951862341404, -20.304221535649738 ], [ -57.743183, -20.305195 ], [ -57.743526196687853, -20.303579145658965 ], [ -57.752785, -20.305302 ], [ -57.753134559414974, -20.303656080516173 ], [ -57.761566, -20.305225 ], [ -57.761868333949693, -20.303801518137334 ], [ -57.769276, -20.30518 ], [ -57.769561399583374, -20.303836283239278 ], [ -57.775723, -20.304983 ], [ -57.775949758190677, -20.303915472371777 ], [ -57.781197, -20.304892 ], [ -57.781495175128107, -20.303488008079526 ], [ -58.104965, -20.362972 ], [ -58.105295973656254, -20.361395062393012 ], [ -58.11473, -20.36313 ], [ -58.115312229778695, -20.360355600391955 ], [ -58.128998, -20.362873 ], [ -58.129328474595347, -20.361298781655332 ], [ -58.138012, -20.362896 ], [ -58.138357123860821, -20.361251977524308 ], [ -58.14828, -20.363077 ], [ -58.148583137976225, -20.361633341488069 ], [ -58.156536, -20.363096 ], [ -58.156649964014854, -20.362553180433395 ], [ -58.158318, -20.36286 ], [ -58.158608049510299, -20.361478512230427 ], [ -58.166042, -20.362846 ], [ -58.166310557207417, -20.36156696774033 ], [ -58.173813, -20.362947 ], [ -58.214539761601166, -20.168995153606598 ], [ -58.510357, -20.224722 ], [ -58.510710182248182, -20.223084114096579 ], [ -58.520775, -20.22498 ], [ -58.521066881766096, -20.223626325195657 ], [ -58.52802, -20.224936 ], [ -58.528296312911287, -20.223654732167326 ], [ -58.53521, -20.224957 ], [ -58.535487551010178, -20.223669963836635 ], [ -58.54327, -20.225136 ], [ -58.543530328705373, -20.223928945789503 ], [ -58.549927, -20.225134 ], [ -58.550226023522612, -20.223747997132062 ], [ -58.557228, -20.225067 ], [ -58.557588396999478, -20.223396335994682 ], [ -58.93314, -20.293312 ], [ -58.933443516460748, -20.291894688266641 ], [ -58.941013, -20.293304 ], [ -58.941322456226622, -20.291861015676307 ], [ -58.948868, -20.293266 ], [ -58.949160530836522, -20.291902997786295 ], [ -58.956142, -20.293203 ], [ -58.956429571386536, -20.291863235403401 ], [ -58.964275, -20.293324 ], [ -58.964591808030583, -20.291848656447915 ], [ -58.972473, -20.293316 ], [ -58.972833887128566, -20.291635848983411 ], [ -58.98153, -20.293255 ], [ -58.981869445848091, -20.291674508074575 ], [ -59.30518, -20.351173 ], [ -59.305467302300613, -20.349817575770782 ], [ -59.312088, -20.351036 ], [ -59.312402752305346, -20.349551186609219 ], [ -59.32008, -20.350964 ], [ -59.582176, -19.1145 ], [ -59.051075, -19.01566 ], [ -59.050754984782472, -19.017145449238484 ], [ -59.04308, -19.015717 ], [ -59.042787824757283, -19.017073408056707 ], [ -59.036182, -19.015844 ], [ -59.03593182881044, -19.017005990787993 ], [ -58.631348, -18.940886 ], [ -58.63097871521304, -18.942582160750824 ], [ -58.622314, -18.940952 ], [ -58.621978926670117, -18.942491375638252 ], [ -58.614185, -18.941025 ], [ -58.61390239107314, -18.942323054460903 ], [ -58.605946, -18.940826 ] ] ] } },
{ "type": "Feature", "properties": { "orbit_key": "SCS_T006_F295", "dataset": "BIOMASS", "collection": "BiomassLevel1a", "product_type": "S1_SCS__1S", "mode": "SCS", "orbit_state": "ASCENDING", "track": "T006", "track_number": 6, "frame": "F295", "frame_number": 295, "scene_count": 85, "unique_footprints": 42, "repeat_cycles": "1,10,2,3,4,5,6,7,8,9", "absolute_orbits": "3022,3066,3110,3154,3330,3374,3418,3462,3506,3550,3594,3638,3682,3770,3814,3858,3902,3946,3990,4034,4210,4254,4298,4342,4386,4430,4474,4518,4562,4606,4650,4694,4738,4782,4826,4870,4914", "first_start_time": "2025-11-21T09:49:33.722Z", "last_stop_time": "2026-03-30T09:55:09.506Z", "example_scene": "BIO_S1_SCS__1S_20251130T094939_20251130T095000_T_G01_M01_C04_T006_F295_01_DKPHYY" }, "geometry": { "type": "Polygon", "coordinates": [ [ [ -58.831852, -17.787674 ], [ -58.831610783664985, -17.788785513141629 ], [ -58.473755, -17.72012 ], [ -58.473474019683707, -17.721399966494442 ], [ -58.466335, -17.72003 ], [ -58.466047351480483, -17.72134107323479 ], [ -58.459663, -17.720116 ], [ -58.459365510228608, -17.721472029072533 ], [ -58.451214, -17.719908 ], [ -58.450939223184484, -17.721161024287703 ], [ -58.444054, -17.71984 ], [ -58.443767179416177, -17.721147734817389 ], [ -58.436977, -17.719845 ], [ -58.436604714594345, -17.72154150894173 ], [ -58.42637, -17.719578 ], [ -58.388050176916963, -17.894152040471514 ], [ -58.15477, -17.850294 ], [ -58.154429270809352, -17.851891162302827 ], [ -58.14695, -17.850485 ], [ -58.146720236817345, -17.85156175263268 ], [ -58.13928, -17.850163 ], [ -58.139147792343572, -17.850782452119869 ], [ -58.137592, -17.85049 ], [ -58.137286113961622, -17.851923369663631 ], [ -58.129246, -17.850412 ], [ -58.128858139311383, -17.85223021628304 ], [ -58.118862, -17.850351 ], [ -58.118529275758846, -17.851911720934993 ], [ -58.109802, -17.850271 ], [ -58.109184074110175, -17.853173609814522 ], [ -58.095497, -17.850601 ], [ -58.095156731551263, -17.852198949694856 ], [ -58.08549, -17.850382 ], [ -58.085297909950434, -17.851284682948108 ], [ -57.68509, -17.775278 ], [ -57.684821515529094, -17.776512398881202 ], [ -57.681618, -17.775904 ], [ -57.681346595020294, -17.777142677504223 ], [ -57.67861, -17.776623 ], [ -57.678265188954185, -17.77817721631277 ], [ -57.67037, -17.776678 ], [ -57.670015016375025, -17.778281937612821 ], [ -57.65537, -17.775501 ], [ -57.654987020477236, -17.777272582304938 ], [ -57.645416, -17.775455 ], [ -57.645183546392431, -17.77653152593161 ], [ -57.640152, -17.775576 ], [ -57.63893489387538, -17.781214911440099 ], [ -57.256298, -17.707792 ], [ -57.255911057578054, -17.709559760068188 ], [ -57.24697, -17.707844 ], [ -57.246632766002563, -17.709384593524678 ], [ -57.237312, -17.707596 ], [ -57.237002936865402, -17.709007917402772 ], [ -57.23002, -17.707668 ], [ -56.95396, -18.968851 ], [ -57.553135, -19.082727 ], [ -57.553435568728489, -19.081322007032039 ], [ -57.560528, -19.08267 ], [ -57.560863245527869, -19.081102966447897 ], [ -57.569992, -19.082838 ], [ -57.570367343009501, -19.081083574539395 ], [ -57.57933, -19.082787 ], [ -57.580608086446958, -19.076812723413827 ], [ -57.981167, -19.152094 ], [ -57.981397205454876, -19.151005852907343 ], [ -57.98657, -19.151978 ], [ -57.986942123527008, -19.150218801357088 ], [ -57.996128, -19.151945 ], [ -57.996465701579808, -19.150348796777525 ], [ -58.004917, -19.151937 ], [ -58.005243774325812, -19.150392272583421 ], [ -58.012665, -19.151787 ], [ -58.012925687903333, -19.150554803484148 ], [ -58.019104, -19.151716 ], [ -58.019352815344782, -19.150539677532379 ], [ -58.02459, -19.151524 ], [ -58.024872813015406, -19.150187149105136 ], [ -58.34624, -19.209917 ], [ -58.346568556209967, -19.208352632446491 ], [ -58.35597, -19.2101 ], [ -58.35656747693794, -19.207256423698158 ], [ -58.370293, -19.209808 ], [ -58.370618462602351, -19.208260154860998 ], [ -58.379284, -19.209871 ], [ -58.379660688126343, -19.208079185595214 ], [ -58.38958, -19.209923 ], [ -58.389888671864597, -19.208455889599403 ], [ -58.39783, -19.209932 ], [ -58.39794899767243, -19.209366491121557 ], [ -58.39963, -19.209679 ], [ -58.399852822947061, -19.208620279017424 ], [ -58.40729, -19.210003 ], [ -58.40762424023859, -19.208416309764459 ], [ -58.41511, -19.209808 ], [ -58.456375136489775, -19.014153139423733 ], [ -58.754524, -19.070835 ], [ -58.754910046844124, -19.069109410167506 ], [ -58.764908, -19.07101 ], [ -58.765194654776515, -19.06970868501751 ], [ -58.772114, -19.071024 ], [ -58.772384205655122, -19.069785324920584 ], [ -58.7793, -19.0711 ], [ -58.779586644183802, -19.069784891370119 ], [ -58.787388, -19.071268 ], [ -58.787668835100163, -19.069973293575682 ], [ -58.7941, -19.071196 ], [ -58.794377012847995, -19.069919985683896 ], [ -58.801373, -19.07125 ], [ -58.801725839048949, -19.069634630476774 ], [ -59.179848, -19.140718 ], [ -59.180164159634948, -19.139250383570189 ], [ -59.18788, -19.140701 ], [ -59.188194376233888, -19.139248101796245 ], [ -59.19581, -19.14068 ], [ -59.196119914946166, -19.13924731496067 ], [ -59.20308, -19.140556 ], [ -59.203390429242596, -19.139111970893179 ], [ -59.211273, -19.140594 ], [ -59.211577639095161, -19.139168821236634 ], [ -59.219456, -19.14065 ], [ -59.219829849917254, -19.138899433668556 ], [ -59.22838, -19.140507 ], [ -59.228697274632935, -19.13902132865352 ], [ -59.548122, -19.198427 ], [ -59.548405373101559, -19.197072700412871 ], [ -59.555058, -19.19831 ], [ -59.555383156660248, -19.196756785515429 ], [ -59.56302, -19.198177 ], [ -59.8221, -17.96107 ], [ -59.305492, -17.863926 ], [ -59.305150395502181, -17.865475861620897 ], [ -59.2981, -17.86415 ], [ -59.297800946485999, -17.865503182543225 ], [ -59.290073, -17.86405 ], [ -59.289815624872183, -17.865220773909606 ], [ -58.880657, -17.787506 ], [ -58.880272831085065, -17.789273651116645 ], [ -58.87145, -17.787598 ], [ -58.871140547605997, -17.789023009556356 ], [ -58.863243, -17.787523 ], [ -58.862925104366973, -17.788987508956509 ], [ -58.854904, -17.787464 ], [ -58.854603223847327, -17.788849479761058 ], [ -58.84764, -17.787527 ], [ -58.847306606057323, -17.789063131873185 ], [ -58.83976, -17.78763 ], [ -58.839437824163674, -17.789114541269207 ], [ -58.831852, -17.787674 ] ] ] } },
{ "type": "Feature", "properties": { "orbit_key": "SCS_T006_F296", "dataset": "BIOMASS", "collection": "BiomassLevel1a", "product_type": "S1_SCS__1S", "mode": "SCS", "orbit_state": "ASCENDING", "track": "T006", "track_number": 6, "frame": "F296", "frame_number": 296, "scene_count": 87, "unique_footprints": 43, "repeat_cycles": "1,10,2,3,4,5,6,7,8,9", "absolute_orbits": "3022,3066,3110,3154,3330,3374,3418,3462,3506,3550,3594,3638,3682,3770,3814,3858,3902,3946,3990,4034,4210,4254,4298,4342,4386,4430,4474,4518,4562,4606,4650,4694,4738,4782,4826,4870,4914", "first_start_time": "2025-11-21T09:49:52.737Z", "last_stop_time": "2026-03-30T09:55:28.521Z", "example_scene": "BIO_S1_SCS__1S_20251130T094958_20251130T095019_T_G01_M01_C04_T006_F296_01_DKPHQA" }, "geometry": { "type": "Polygon", "coordinates": [ [ [ -59.100723, -16.633366 ], [ -59.100425413068784, -16.634760716743735 ], [ -59.09348, -16.633429 ], [ -59.093188215050667, -16.634795616088244 ], [ -59.08557, -16.633335 ], [ -59.085237365678552, -16.63489274628796 ], [ -59.077717, -16.633451 ], [ -59.077457846706459, -16.634664225482243 ], [ -58.721653, -16.565792 ], [ -58.721347655757278, -16.567200010733796 ], [ -58.71442, -16.565859 ], [ -58.714146041450178, -16.567122237211535 ], [ -58.70778, -16.56589 ], [ -58.707501054384053, -16.567176131819853 ], [ -58.699394, -16.565607 ], [ -58.699092998131462, -16.566994911138025 ], [ -58.69217, -16.565655 ], [ -58.691875774977909, -16.567011045546593 ], [ -58.684937, -16.565668 ], [ -58.684557143521928, -16.567417813743425 ], [ -58.674324, -16.565437 ], [ -58.636113343712111, -16.741538025698986 ], [ -58.397446, -16.696213 ], [ -58.397133268343389, -16.697698168164589 ], [ -58.389645, -16.696276 ], [ -58.389352581245504, -16.697664865530687 ], [ -58.381897, -16.696249 ], [ -58.381798282770639, -16.696717939450764 ], [ -58.380245, -16.696423 ], [ -58.379946961046137, -16.697838943680949 ], [ -58.371937, -16.696318 ], [ -58.371535772146395, -16.698224355411469 ], [ -58.36156, -16.69633 ], [ -58.361240960734662, -16.697845937487042 ], [ -58.3526, -16.696205 ], [ -58.351982682051265, -16.699138838386485 ], [ -58.3384, -16.69656 ], [ -58.338058299661306, -16.698185475039224 ], [ -58.328533, -16.696377 ], [ -58.328318707544014, -16.697395704934578 ], [ -57.93022, -16.621082 ], [ -57.929961713962932, -16.6222881359311 ], [ -57.924953, -16.621328 ], [ -57.924674973602855, -16.622626549168579 ], [ -57.918537, -16.62145 ], [ -57.918214750652631, -16.622957687030823 ], [ -57.91086, -16.621548 ], [ -57.910503256613104, -16.623222874300183 ], [ -57.90213, -16.621618 ], [ -57.901760848727946, -16.623351942010455 ], [ -57.892548, -16.621586 ], [ -57.892301403360257, -16.622754622850419 ], [ -57.887337, -16.621803 ], [ -57.886155045322113, -16.627457083242753 ], [ -57.50474, -16.553637 ], [ -57.504365064623435, -16.555360426476188 ], [ -57.49544, -16.553633 ], [ -57.495099139042416, -16.555197749972901 ], [ -57.48578, -16.553394 ], [ -57.485453549157803, -16.55489448895139 ], [ -57.478455, -16.55354 ], [ -57.20401, -17.815054 ], [ -57.219988030978719, -17.818117686415047 ], [ -57.116615, -18.29266 ], [ -57.712727, -18.406553 ], [ -57.81488225094774, -17.927252102442644 ], [ -57.82211, -17.928638 ], [ -57.823388294200598, -17.922634661619842 ], [ -58.224655, -17.99877 ], [ -58.224902229618039, -17.997588564074746 ], [ -58.230175, -17.998589 ], [ -58.230535193454891, -17.996867091725822 ], [ -58.239822, -17.998629 ], [ -58.240170005996987, -17.996964665187654 ], [ -58.24841, -17.998528 ], [ -58.248722617984768, -17.997034145907904 ], [ -58.25609, -17.998432 ], [ -58.256347819089356, -17.997200374376249 ], [ -58.26277, -17.998419 ], [ -58.263023716211599, -17.997205944239802 ], [ -58.268078, -17.998165 ], [ -58.268363261325028, -17.996802086340743 ], [ -58.588818, -18.056976 ], [ -58.589147459193789, -18.055380734085279 ], [ -58.59874, -18.057182 ], [ -58.599344953177848, -18.054250804551138 ], [ -58.61361, -18.05693 ], [ -58.613920495667053, -18.055423605213058 ], [ -58.62298, -18.057125 ], [ -58.623367225050359, -18.055243842696267 ], [ -58.633965, -18.057234 ], [ -58.634251325607075, -18.055838649162538 ], [ -58.643093, -18.057499 ], [ -58.64319043896792, -18.057022451362165 ], [ -58.64527, -18.057413 ], [ -58.64555041195419, -18.056039714740947 ], [ -58.654316, -18.057686 ], [ -58.654617268591103, -18.05620283426266 ], [ -58.662403, -18.057665 ], [ -58.702483501006085, -17.86010379296966 ], [ -59.012154, -17.919477 ], [ -59.012499784951515, -17.91775436751869 ], [ -59.021923, -17.919561 ], [ -59.022194914638078, -17.918210609230805 ], [ -59.026234, -17.918985 ], [ -59.026512660420785, -17.917616993647108 ], [ -59.0331, -17.91888 ], [ -59.033354342954205, -17.917633207324595 ], [ -59.03946, -17.918804 ], [ -59.039716303193707, -17.917556888549342 ], [ -59.04623, -17.918806 ], [ -59.046518420280705, -17.917402325188235 ], [ -59.05218, -17.918488 ], [ -59.05251266068143, -17.916877473964547 ], [ -59.42635, -17.987825 ], [ -59.42666465794823, -17.986293736843034 ], [ -59.43165, -17.98724 ], [ -59.431930494692054, -17.985890239680515 ], [ -59.439842, -17.987392 ], [ -59.440127786735729, -17.986014156414004 ], [ -59.4456, -17.987053 ], [ -59.445882686755851, -17.985698933983219 ], [ -59.45437, -17.98731 ], [ -59.454713275441385, -17.98565928493651 ], [ -59.46204, -17.98705 ], [ -59.462395604278861, -17.985343592877733 ], [ -59.47119, -17.987013 ], [ -59.471501151968752, -17.985518824906332 ], [ -59.789528, -18.045279 ], [ -59.789818440689693, -18.043883535370735 ], [ -59.79659, -18.045156 ], [ -59.796902315352582, -18.043655450151952 ], [ -59.804638, -18.045109 ], [ -60.061657, -16.80751 ], [ -59.539417, -16.708319 ], [ -59.53910882309858, -16.709819498931495 ], [ -59.531425, -16.70836 ], [ -59.531137969479303, -16.709754681458776 ], [ -59.525043, -16.708597 ], [ -59.52480813768728, -16.709739131749899 ], [ -59.126297, -16.63333 ], [ -59.125930573419467, -16.635052277396799 ], [ -59.117104, -16.63336 ], [ -59.116753309299646, -16.635010546676348 ], [ -59.108948, -16.633514 ], [ -59.108655203717497, -16.634886959270023 ], [ -59.100723, -16.633366 ] ] ] } },
{ "type": "Feature", "properties": { "orbit_key": "SCS_T006_F297", "dataset": "BIOMASS", "collection": "BiomassLevel1a", "product_type": "S1_SCS__1S", "mode": "SCS", "orbit_state": "ASCENDING", "track": "T006", "track_number": 6, "frame": "F297", "frame_number": 297, "scene_count": 85, "unique_footprints": 42, "repeat_cycles": "1,10,2,3,4,5,6,7,8,9", "absolute_orbits": "3022,3066,3110,3154,3330,3374,3418,3462,3506,3550,3594,3638,3682,3770,3814,3858,3902,3946,3990,4034,4210,4254,4298,4342,4386,4430,4474,4518,4562,4606,4650,4694,4738,4782,4826,4870,4914", "first_start_time": "2025-11-21T09:50:11.751Z", "last_stop_time": "2026-03-30T09:55:47.535Z", "example_scene": "BIO_S2_SCS__1S_20251212T095024_20251212T095045_T_G01_M01_C01_T006_F297_01_DJJI69" }, "geometry": { "type": "Polygon", "coordinates": [ [ [ -59.32529, -15.4798 ], [ -59.325047884485677, -15.480922246117284 ], [ -58.973152, -15.412239 ], [ -58.972838044214136, -15.413654882985156 ], [ -58.96645, -15.412408 ], [ -58.966159517729537, -15.4137154102082 ], [ -58.959835, -15.412481 ], [ -58.959529416810319, -15.413856040958708 ], [ -58.95046, -15.412086 ], [ -58.950185314876869, -15.413326805270577 ], [ -58.942654, -15.411857 ], [ -58.942351704219625, -15.413225606805248 ], [ -58.935703, -15.411928 ], [ -58.935318336664288, -15.413667761405005 ], [ -58.925877, -15.411825 ], [ -58.886482144345294, -15.589456825693638 ], [ -58.642765, -15.542725 ], [ -58.642471732029684, -15.54410171621679 ], [ -58.635845, -15.542831 ], [ -58.635524502675494, -15.544331313103788 ], [ -58.628284, -15.542943 ], [ -58.628174770657914, -15.543453798656651 ], [ -58.626465, -15.543126 ], [ -58.626145047454543, -15.544623059169792 ], [ -58.61782, -15.543027 ], [ -58.617453412400891, -15.544744461390298 ], [ -58.607265, -15.542791 ], [ -58.606917381103152, -15.544420944401438 ], [ -58.597076, -15.542534 ], [ -58.596469293696856, -15.545392356374448 ], [ -58.582336, -15.542683 ], [ -58.581973137093016, -15.544396077215078 ], [ -58.57263, -15.542605 ], [ -58.57239507409939, -15.54371343704331 ], [ -58.177574, -15.467348 ], [ -58.177315834765089, -15.468547296990092 ], [ -58.172077, -15.467534 ], [ -58.171814143317839, -15.468755736807477 ], [ -58.165306, -15.467497 ], [ -58.164968679203248, -15.469066798986532 ], [ -58.157436, -15.46761 ], [ -58.157087856723145, -15.469231655666512 ], [ -58.149044, -15.467676 ], [ -58.148679138922326, -15.469373004743094 ], [ -58.139874, -15.46767 ], [ -58.139624543979309, -15.468828613591915 ], [ -58.13457, -15.467851 ], [ -58.133316849166931, -15.473672136118706 ], [ -57.74993, -15.398846 ], [ -57.749544026600155, -15.400629838867067 ], [ -57.740635, -15.398891 ], [ -57.740290908134412, -15.400481179568221 ], [ -57.73096, -15.39866 ], [ -57.730641183694686, -15.40013340676658 ], [ -57.72364, -15.398767 ], [ -57.450615, -16.660591 ], [ -58.037548, -16.77411 ], [ -58.037858526172322, -16.772645653238023 ], [ -58.044964, -16.77402 ], [ -58.045307094980849, -16.77240214066687 ], [ -58.054447, -16.77417 ], [ -58.054823719899751, -16.772393623476912 ], [ -58.06376, -16.774122 ], [ -58.065051409688245, -16.768032151741568 ], [ -58.464687, -16.844574 ], [ -58.464934727254949, -16.843402198094889 ], [ -58.470108, -16.844393 ], [ -58.47046351200477, -16.842710324288841 ], [ -58.479652, -16.84447 ], [ -58.479992510539297, -16.842858344327219 ], [ -58.488434, -16.844475 ], [ -58.488763371672917, -16.842916710092869 ], [ -58.4962, -16.844341 ], [ -58.496456598027336, -16.843127770513131 ], [ -58.502655, -16.844315 ], [ -58.50289830566885, -16.843165939943805 ], [ -58.50813, -16.844168 ], [ -58.508444518817527, -16.842683159193694 ], [ -58.82656, -16.903027 ], [ -58.826915141707701, -16.901343318348587 ], [ -58.836334, -16.90313 ], [ -58.836923765001053, -16.900335951851101 ], [ -58.850807, -16.90297 ], [ -58.851148677167075, -16.901350983175288 ], [ -58.85983, -16.902998 ], [ -58.860186501467822, -16.901306145047851 ], [ -58.870064, -16.90318 ], [ -58.870374953104964, -16.901708608141838 ], [ -58.87831, -16.903214 ], [ -58.878419113291073, -16.902696492948483 ], [ -58.88014, -16.903023 ], [ -58.880452242021484, -16.901542249784292 ], [ -58.887924, -16.90296 ], [ -58.888212946191771, -16.901589286892317 ], [ -58.895706, -16.903011 ], [ -58.937756123253543, -16.703942569879803 ], [ -59.23909, -16.762241 ], [ -59.239469496353081, -16.760467426490933 ], [ -59.249516, -16.762411 ], [ -59.249807810618215, -16.761048194064298 ], [ -59.256744, -16.76239 ], [ -59.257006498261376, -16.761164097080911 ], [ -59.263943, -16.762506 ], [ -59.264228976493598, -16.761168956014696 ], [ -59.27207, -16.762686 ], [ -59.272347480220454, -16.761389003980383 ], [ -59.27871, -16.76262 ], [ -59.279012116800246, -16.761207325013739 ], [ -59.286045, -16.762568 ], [ -59.286375352930612, -16.761021860236934 ], [ -59.66163, -16.832918 ], [ -59.661955112340152, -16.831368739625827 ], [ -59.669712, -16.832855 ], [ -59.670022056863331, -16.831377381213134 ], [ -59.677467, -16.832804 ], [ -59.677758809663189, -16.831413572542257 ], [ -59.684597, -16.832724 ], [ -59.684899723664309, -16.831284129127706 ], [ -59.693077, -16.832851 ], [ -59.693392021541484, -16.831349784647287 ], [ -59.7013, -16.832865 ], [ -59.701671813195418, -16.831089979864906 ], [ -59.710857, -16.83285 ], [ -59.711175483763782, -16.831328496831969 ], [ -60.028652, -16.891588 ], [ -60.028937061575554, -16.890214384294119 ], [ -60.03561, -16.891481 ], [ -60.035935495807671, -16.889914910149201 ], [ -60.043602, -16.89137 ], [ -60.301136, -15.65375 ], [ -59.783707, -15.55451 ], [ -59.783375801699634, -15.556074722700238 ], [ -59.77563, -15.554589 ], [ -59.775339607204145, -15.555960954113813 ], [ -59.768703, -15.554688 ], [ -59.768438398371899, -15.555939796271611 ], [ -59.373623, -15.479553 ], [ -59.373237157009868, -15.481342227534636 ], [ -59.36448, -15.479648 ], [ -59.364156007456586, -15.481151160117834 ], [ -59.356335, -15.479638 ], [ -59.356021476228264, -15.481092990230414 ], [ -59.348114, -15.479563 ], [ -59.347824623157202, -15.480905693578329 ], [ -59.340916, -15.479569 ], [ -59.340580042411105, -15.481127539922419 ], [ -59.333134, -15.479687 ], [ -59.332796425010805, -15.481252128107728 ], [ -59.32529, -15.4798 ] ] ] } },
{ "type": "Feature", "properties": { "orbit_key": "SCS_T006_F298", "dataset": "BIOMASS", "collection": "BiomassLevel1a", "product_type": "S1_SCS__1S", "mode": "SCS", "orbit_state": "ASCENDING", "track": "T006", "track_number": 6, "frame": "F298", "frame_number": 298, "scene_count": 86, "unique_footprints": 42, "repeat_cycles": "1,10,2,3,4,5,6,7,8,9", "absolute_orbits": "3022,3066,3110,3154,3330,3374,3418,3462,3506,3550,3594,3638,3682,3770,3814,3858,3902,3946,3990,4034,4210,4254,4298,4342,4386,4430,4474,4518,4562,4606,4650,4694,4738,4782,4826,4870,4914", "first_start_time": "2025-11-21T09:50:30.765Z", "last_stop_time": "2026-03-30T09:56:06.547Z", "example_scene": "BIO_S1_SCS__1M_20251124T095032_20251124T095053_T_G01_M01_C02_T006_F298_01_DK5T37" }, "geometry": { "type": "Polygon", "coordinates": [ [ [ -59.575897, -14.326402 ], [ -59.575592721991619, -14.327799870810132 ], [ -59.224476, -14.258711 ], [ -59.224171758166023, -14.26007586061756 ], [ -59.217068, -14.258678 ], [ -59.216788238502296, -14.2599345778052 ], [ -59.20996, -14.258591 ], [ -59.209656070514924, -14.259956572322153 ], [ -59.201084, -14.25827 ], [ -59.20078453882568, -14.259622846845042 ], [ -59.193817, -14.258252 ], [ -59.193520787432831, -14.259591308906719 ], [ -59.18617, -14.258145 ], [ -59.185778514861319, -14.259913308433122 ], [ -59.175816, -14.257953 ], [ -59.136203550612514, -14.437088574746792 ], [ -58.892437, -14.389907 ], [ -58.892136215337203, -14.391293037648358 ], [ -58.88543, -14.389995 ], [ -58.885101070138127, -14.391506343832198 ], [ -58.877747, -14.390083 ], [ -58.87763925708893, -14.390577878704454 ], [ -58.876038, -14.390268 ], [ -58.87570769874641, -14.391785053219987 ], [ -58.86776, -14.390247 ], [ -58.867379698256556, -14.391992450520815 ], [ -58.85756, -14.390092 ], [ -58.857197434132161, -14.391754612830969 ], [ -58.848545, -14.39008 ], [ -58.847920548037337, -14.392941849507869 ], [ -58.833565, -14.390164 ], [ -58.833195265865839, -14.39186187898007 ], [ -58.823284, -14.389944 ], [ -58.82302664524525, -14.391128358638944 ], [ -58.43057, -14.314563 ], [ -58.430333786412788, -14.315636416696215 ], [ -58.425457, -14.314685 ], [ -58.425162068558308, -14.31602586283039 ], [ -58.419155, -14.314854 ], [ -58.418821572467351, -14.31636802476315 ], [ -58.411465, -14.314933 ], [ -58.411084468720297, -14.316657787650662 ], [ -58.40275, -14.315032 ], [ -58.402380607975083, -14.316706981122053 ], [ -58.3932, -14.314916 ], [ -58.392911953243242, -14.316223051566116 ], [ -58.387955, -14.315256 ], [ -58.386684845479394, -14.321017579811924 ], [ -57.994114, -14.243777 ], [ -57.993738077642064, -14.245522803453937 ], [ -57.98484, -14.243772 ], [ -57.984493749226502, -14.245379924204789 ], [ -57.975163, -14.243544 ], [ -57.974836151771271, -14.245061835458873 ], [ -57.967823, -14.243682 ], [ -57.696056, -15.505792 ], [ -58.27873, -15.619435 ], [ -58.279048584272488, -15.617927358164364 ], [ -58.286163, -15.619315 ], [ -58.286495745916227, -15.617740392083409 ], [ -58.295635, -15.619523 ], [ -58.296002668554884, -15.617783193831896 ], [ -58.304928, -15.619524 ], [ -58.306207398218625, -15.61346953421959 ], [ -58.70791, -15.691102 ], [ -58.708179733958765, -15.689838786701053 ], [ -58.71364, -15.690894 ], [ -58.714007096573837, -15.689173924870776 ], [ -58.72296, -15.690904 ], [ -58.723315695845933, -15.689243174011677 ], [ -58.731667, -15.690857 ], [ -58.73198898404128, -15.689353639506503 ], [ -58.739437, -15.690793 ], [ -58.739722775972226, -15.68945979650001 ], [ -58.74585, -15.690644 ], [ -58.746082169078747, -15.689561837322515 ], [ -58.751133, -15.690538 ], [ -58.751448054280715, -15.689069431924954 ], [ -59.06964, -15.750013 ], [ -59.069992401928936, -15.748342723690099 ], [ -59.07888, -15.750045 ], [ -59.079485355188119, -15.747185840051792 ], [ -59.09287, -15.74975 ], [ -59.093220531008903, -15.748095944717107 ], [ -59.102116, -15.7498 ], [ -59.102480842910893, -15.748077038373266 ], [ -59.113094, -15.75011 ], [ -59.113409658501176, -15.748614142011379 ], [ -59.121292, -15.750124 ], [ -59.121397887705733, -15.749622234388003 ], [ -59.123516, -15.750028 ], [ -59.123830290175327, -15.748536530989789 ], [ -59.130566, -15.749827 ], [ -59.130857814103159, -15.748445381240963 ], [ -59.139004, -15.750006 ], [ -59.181280092814653, -15.549233806563301 ], [ -59.490044, -15.609457 ], [ -59.490400593173632, -15.607713338056273 ], [ -59.49932, -15.609453 ], [ -59.499595926783698, -15.608109591327157 ], [ -59.507797, -15.609709 ], [ -59.50807049279738, -15.608369643836799 ], [ -59.51542, -15.609803 ], [ -59.515690354804441, -15.608477221097461 ], [ -59.521503, -15.609611 ], [ -59.521758102488612, -15.608370407506765 ], [ -59.526585, -15.609312 ], [ -59.526866443546425, -15.60795202350354 ], [ -59.53229, -15.60901 ], [ -59.532647494121868, -15.607294595896812 ], [ -59.90304, -15.678904 ], [ -59.90335382719546, -15.677401862271001 ], [ -59.91103, -15.678886 ], [ -59.911328768396515, -15.677456753032997 ], [ -59.91886, -15.678913 ], [ -59.919165285159039, -15.677453299000861 ], [ -59.926228, -15.678819 ], [ -59.926533759256102, -15.677356034146275 ], [ -59.9344, -15.678877 ], [ -59.93472735585712, -15.677310420092191 ], [ -59.942535, -15.67882 ], [ -59.942879775410404, -15.677171292682901 ], [ -59.951717, -15.67888 ], [ -59.952044051792754, -15.677317251195344 ], [ -60.26751, -15.737784 ], [ -60.267813252407301, -15.736353862017195 ], [ -60.27445, -15.737626 ], [ -60.274770723520916, -15.736114865619028 ], [ -60.282394, -15.737576 ], [ -60.544926, -14.500785 ], [ -60.025402, -14.40021 ], [ -60.025084597773549, -14.40172139308247 ], [ -60.017624, -14.400277 ], [ -60.017323548702855, -14.401707600089276 ], [ -60.010838, -14.400452 ], [ -60.010573253430081, -14.401712663531601 ], [ -59.61986, -14.325456 ], [ -59.619504722293804, -14.327116833866128 ], [ -59.611656, -14.325585 ], [ -59.611319030688321, -14.327153448515686 ], [ -59.60295, -14.32552 ], [ -59.602632752219577, -14.327000069997313 ], [ -59.59775, -14.326047 ], [ -59.597432184537887, -14.327515317947851 ], [ -59.590847, -14.32623 ], [ -59.590532491892425, -14.327681237120331 ], [ -59.583363, -14.326282 ], [ -59.58303439892682, -14.327794907767545 ], [ -59.575897, -14.326402 ] ] ] } },
{ "type": "Feature", "properties": { "orbit_key": "SCS_T006_F299", "dataset": "BIOMASS", "collection": "BiomassLevel1a", "product_type": "S1_SCS__1S", "mode": "SCS", "orbit_state": "ASCENDING", "track": "T006", "track_number": 6, "frame": "F299", "frame_number": 299, "scene_count": 85, "unique_footprints": 42, "repeat_cycles": "1,10,2,3,4,5,6,7,8,9", "absolute_orbits": "3022,3066,3110,3154,3330,3374,3418,3462,3506,3550,3594,3638,3682,3770,3814,3858,3902,3946,3990,4034,4210,4254,4298,4342,4386,4430,4474,4518,4562,4606,4650,4694,4738,4782,4826,4870,4914", "first_start_time": "2025-11-21T09:50:49.777Z", "last_stop_time": "2026-03-30T09:56:25.560Z", "example_scene": "BIO_S1_SCS__1M_20251130T095055_20251130T095116_T_G01_M01_C04_T006_F299_01_DKPHQS" }, "geometry": { "type": "Polygon", "coordinates": [ [ [ -59.84251, -13.171566 ], [ -59.842196154447436, -13.173043230096637 ], [ -59.83554, -13.171733 ], [ -59.835216900106225, -13.173251919183125 ], [ -59.827698, -13.171772 ], [ -59.82736016487172, -13.173337075470389 ], [ -59.81953, -13.171796 ], [ -59.819247955536945, -13.17311394162939 ], [ -59.46298, -13.102467 ], [ -59.462679501971522, -13.103882471883201 ], [ -59.455456, -13.10245 ], [ -59.455195908447443, -13.103675675728681 ], [ -59.44903, -13.102453 ], [ -59.448720580214349, -13.103911922708049 ], [ -59.440586, -13.102299 ], [ -59.440296270392999, -13.103664938072056 ], [ -59.433624, -13.102342 ], [ -59.433349374620853, -13.103635181867002 ], [ -59.426414, -13.10226 ], [ -59.42604421169667, -13.104002791792238 ], [ -59.415813, -13.101974 ], [ -59.37734125396868, -13.282968684197293 ], [ -59.130493, -13.234746 ], [ -59.130191779701363, -13.23620422902062 ], [ -59.123055, -13.23481 ], [ -59.122751474010393, -13.236275850223532 ], [ -59.11578, -13.234914 ], [ -59.115684470758374, -13.235374252470431 ], [ -59.114178, -13.23508 ], [ -59.113853950442724, -13.236640800446263 ], [ -59.105858, -13.235079 ], [ -59.105500980183358, -13.236797555189511 ], [ -59.094563, -13.234661 ], [ -59.094207545202856, -13.236381651565505 ], [ -59.08544, -13.234669 ], [ -59.084813939690591, -13.237702872050482 ], [ -59.071026, -13.23501 ], [ -59.070680653905818, -13.236683043848918 ], [ -59.06108, -13.234808 ], [ -59.060850893854052, -13.235920156251016 ], [ -58.67108, -13.159225 ], [ -58.670835740848993, -13.160393979099823 ], [ -58.665764, -13.159396 ], [ -58.665475046863428, -13.160778718448913 ], [ -58.658966, -13.159498 ], [ -58.658660407016065, -13.160962359370854 ], [ -58.65106, -13.159467 ], [ -58.650698212404983, -13.161202076384505 ], [ -58.642296, -13.159549 ], [ -58.641929387635642, -13.161307443059712 ], [ -58.632362, -13.159425 ], [ -58.632103654426956, -13.160665890165173 ], [ -58.62659, -13.159581 ], [ -58.625359858233828, -13.165502133734462 ], [ -58.23768, -13.088627 ], [ -58.237300934873161, -13.090394915999285 ], [ -58.228416, -13.088633 ], [ -58.228098884225751, -13.090111930091673 ], [ -58.218765, -13.088261 ], [ -58.218421145033652, -13.08986464319994 ], [ -58.211403, -13.088473 ], [ -57.94073, -14.350853 ], [ -58.519028, -14.464559 ], [ -58.519364097938343, -14.462963799734652 ], [ -58.526485, -14.464364 ], [ -58.526802870976582, -14.462855359666005 ], [ -58.53595, -14.464654 ], [ -58.536320877244684, -14.462893817461266 ], [ -58.545227, -14.464645 ], [ -58.546517898211448, -14.458518187922557 ], [ -58.95428, -14.538005 ], [ -58.954539183984565, -14.536748338344776 ], [ -58.959724, -14.537759 ], [ -58.96008391782653, -14.536014673704745 ], [ -58.9695, -14.53785 ], [ -58.969856890020111, -14.536119351354357 ], [ -58.978264, -14.537758 ], [ -58.978562827699626, -14.53630663934522 ], [ -58.98626, -14.537807 ], [ -58.986530014252999, -14.536493049525893 ], [ -58.99247, -14.537651 ], [ -58.992712440721064, -14.536473773980292 ], [ -58.997787, -14.537463 ], [ -58.998081796139033, -14.536031636800693 ], [ -59.31164, -14.596656 ], [ -59.311976985483909, -14.595014964806461 ], [ -59.32108, -14.596775 ], [ -59.321692236338365, -14.593801379592188 ], [ -59.33648, -14.596661 ], [ -59.336830107649469, -14.594954541191697 ], [ -59.345448, -14.596621 ], [ -59.345795916040643, -14.594925377916688 ], [ -59.35621, -14.596939 ], [ -59.356524593323407, -14.595401219893418 ], [ -59.364307, -14.596906 ], [ -59.364402572204177, -14.596439206857308 ], [ -59.366108, -14.596769 ], [ -59.366403938122588, -14.595323656444648 ], [ -59.3738, -14.596754 ], [ -59.37409738664865, -14.595301410914637 ], [ -59.381226, -14.59668 ], [ -59.422764611376394, -14.394109366164964 ], [ -59.722363, -14.453032 ], [ -59.722742814588322, -14.451255369506585 ], [ -59.73256, -14.453186 ], [ -59.732834327088064, -14.451899971715772 ], [ -59.739735, -14.453257 ], [ -59.740023406632893, -14.451908436275945 ], [ -59.74683, -14.453247 ], [ -59.747133932931689, -14.451826604744396 ], [ -59.75519, -14.453411 ], [ -59.755449715840847, -14.452197455697648 ], [ -59.762108, -14.453507 ], [ -59.762409108224759, -14.452096277025362 ], [ -59.76945, -14.453481 ], [ -59.769806283008556, -14.451811206082196 ], [ -60.143272, -14.524651 ], [ -60.143596372199013, -14.523099528472583 ], [ -60.15132, -14.524606 ], [ -60.151621316654179, -14.523165325165715 ], [ -60.15933, -14.524669 ], [ -60.159636633509464, -14.523201643237089 ], [ -60.1668, -14.524599 ], [ -60.16708987446939, -14.523209387891775 ], [ -60.17486, -14.524725 ], [ -60.175196322957667, -14.523112851336588 ], [ -60.18279, -14.524594 ], [ -60.183152843397501, -14.522855952658345 ], [ -60.19193, -14.524568 ], [ -60.192237810111621, -14.523096761415728 ], [ -60.512486, -14.585053 ], [ -60.512785955872324, -14.583564171282486 ], [ -60.51937, -14.584838 ], [ -60.519683955524926, -14.583279937659162 ], [ -60.526833, -14.584663 ], [ -60.777016, -13.345386 ], [ -60.26803, -13.245924 ], [ -60.267702661086865, -13.24748098476158 ], [ -60.260155, -13.246006 ], [ -60.259842567444075, -13.247492103817439 ], [ -60.253338, -13.246221 ], [ -60.253087917377719, -13.247410387926315 ], [ -59.86786, -13.171583 ], [ -59.867480899278078, -13.173332270038816 ], [ -59.858868, -13.171637 ], [ -59.858505457145611, -13.173310876216943 ], [ -59.850525, -13.17174 ], [ -59.850235370944866, -13.173086755467509 ], [ -59.84251, -13.171566 ] ] ] } },
{ "type": "Feature", "properties": { "orbit_key": "SCS_T006_F300", "dataset": "BIOMASS", "collection": "BiomassLevel1a", "product_type": "S1_SCS__1S", "mode": "SCS", "orbit_state": "ASCENDING", "track": "T006", "track_number": 6, "frame": "F300", "frame_number": 300, "scene_count": 85, "unique_footprints": 42, "repeat_cycles": "1,10,2,3,4,5,6,7,8,9", "absolute_orbits": "3022,3066,3110,3154,3330,3374,3418,3462,3506,3550,3594,3638,3682,3770,3814,3858,3902,3946,3990,4034,4210,4254,4298,4342,4386,4430,4474,4518,4562,4606,4650,4694,4738,4782,4826,4870,4914", "first_start_time": "2025-11-21T09:51:08.788Z", "last_stop_time": "2026-03-30T09:56:44.570Z", "example_scene": "BIO_S1_SCS__1S_20251130T095114_20251130T095135_T_G01_M01_C04_T006_F300_01_DKPHQM" }, "geometry": { "type": "Polygon", "coordinates": [ [ [ -60.08297, -12.016247 ], [ -60.0826846574166, -12.017614479671579 ], [ -60.0759, -12.016268 ], [ -60.075568475237006, -12.017856324200425 ], [ -60.06828, -12.01641 ], [ -60.067950932311149, -12.017983979462587 ], [ -60.060417, -12.016489 ], [ -60.060148881104936, -12.017769892602914 ], [ -59.703083, -11.946427 ], [ -59.702780999047789, -11.947849363724959 ], [ -59.696213, -11.946537 ], [ -59.695930044060752, -11.947869417828185 ], [ -59.689972, -11.946679 ], [ -59.689676858175602, -11.94806770847322 ], [ -59.68193, -11.94652 ], [ -59.68162277231032, -11.947959535190654 ], [ -59.675198, -11.946676 ], [ -59.674906343196795, -11.948036866943239 ], [ -59.66828, -11.946713 ], [ -59.667883014700429, -11.948566552317878 ], [ -59.65768, -11.946528 ], [ -59.618669428002718, -12.128878541821194 ], [ -59.370514, -12.079967 ], [ -59.370200320399881, -12.081476363748447 ], [ -59.363045, -12.080066 ], [ -59.362762030887197, -12.081425001027727 ], [ -59.355385, -12.079971 ], [ -59.355268120954271, -12.080531880207447 ], [ -59.353645, -12.080212 ], [ -59.35333958786407, -12.08167757317965 ], [ -59.345497, -12.080132 ], [ -59.345119828022874, -12.081937935889124 ], [ -59.33549, -12.08004 ], [ -59.335123701530783, -12.081790646125659 ], [ -59.326485, -12.080088 ], [ -59.325872466674788, -12.083012209110388 ], [ -59.31183, -12.080245 ], [ -59.311486849248148, -12.081884931883437 ], [ -59.301754, -12.079967 ], [ -59.301478112876005, -12.081285093728729 ], [ -58.910873, -12.00379 ], [ -58.910630779902682, -12.004950417463245 ], [ -58.905785, -12.003989 ], [ -58.905519799928598, -12.005254549581908 ], [ -58.899307, -12.004022 ], [ -58.898986257733434, -12.005550662123129 ], [ -58.891598, -12.004085 ], [ -58.891232473823152, -12.005824914080531 ], [ -58.88226, -12.004045 ], [ -58.881875087861872, -12.005882576483026 ], [ -58.872295, -12.003982 ], [ -58.872028623874606, -12.005253739461757 ], [ -58.867176, -12.004291 ], [ -58.865945439211359, -12.010153447633353 ], [ -58.480717, -11.933187 ], [ -58.480343757766263, -11.934934204894409 ], [ -58.471474, -11.933162 ], [ -58.47111248490318, -11.934854223191081 ], [ -58.461777, -11.932989 ], [ -58.461449412921077, -11.93452240973769 ], [ -58.45442, -11.933118 ], [ -58.184692, -13.195744 ], [ -58.758896, -13.309531 ], [ -58.759216118225879, -13.308008024401209 ], [ -58.766346, -13.309421 ], [ -58.766694998526241, -13.307760676871972 ], [ -58.775845, -13.309574 ], [ -58.776211351526428, -13.307831145714578 ], [ -58.785107, -13.309594 ], [ -58.786390531560016, -13.303487502391913 ], [ -59.192013, -13.383237 ], [ -59.192277925877221, -13.381949243848753 ], [ -59.197536, -13.382983 ], [ -59.197899116814881, -13.381219736547282 ], [ -59.20726, -13.38306 ], [ -59.207629748923566, -13.381263692233286 ], [ -59.21606, -13.382921 ], [ -59.216359289194244, -13.381464949688592 ], [ -59.22375, -13.382918 ], [ -59.22400838569709, -13.381661373222384 ], [ -59.230247, -13.382888 ], [ -59.230487959237458, -13.381716485244707 ], [ -59.235775, -13.382756 ], [ -59.236094412279321, -13.381204171340681 ], [ -59.5497, -13.442399 ], [ -59.550028978294975, -13.440788664591834 ], [ -59.55925, -13.442588 ], [ -59.559848095031214, -13.439665068354465 ], [ -59.57402, -13.442431 ], [ -59.574376037265786, -13.440689674786263 ], [ -59.582417, -13.442259 ], [ -59.582781472509772, -13.440475939585898 ], [ -59.59302, -13.442474 ], [ -59.593314024027904, -13.441034247426012 ], [ -59.60145, -13.442622 ], [ -59.601566436261642, -13.4420516992425 ], [ -59.60331, -13.442392 ], [ -59.603583432298798, -13.441052671013576 ], [ -59.610855, -13.442472 ], [ -59.611162611678438, -13.440970025622921 ], [ -59.618366, -13.442376 ], [ -59.660224952951481, -13.23820452760577 ], [ -59.965996, -13.298808 ], [ -59.966378473777866, -13.296977686752117 ], [ -59.976517, -13.298987 ], [ -59.976800596733895, -13.297630654895224 ], [ -59.983246, -13.298908 ], [ -59.98354374771101, -13.297487208717198 ], [ -59.99042, -13.29885 ], [ -59.990703525021082, -13.297497943364101 ], [ -59.998726, -13.299088 ], [ -59.999002504449102, -13.297768180889065 ], [ -60.005424, -13.299041 ], [ -60.005721178817446, -13.297621332560416 ], [ -60.013, -13.299064 ], [ -60.013322056041112, -13.297523910491693 ], [ -60.382996, -13.370239 ], [ -60.383322812903153, -13.368679477748334 ], [ -60.391205, -13.37023 ], [ -60.391534461294938, -13.368659343937107 ], [ -60.399315, -13.37019 ], [ -60.399599232478693, -13.368833803309117 ], [ -60.406696, -13.37023 ], [ -60.406991880578438, -13.368817499078432 ], [ -60.41496, -13.370385 ], [ -60.41531150621293, -13.368706633973042 ], [ -60.42272, -13.370164 ], [ -60.423082180683167, -13.368437152850003 ], [ -60.431667, -13.370126 ], [ -60.431982731212365, -13.368620482116434 ], [ -60.74452, -13.429656 ], [ -60.744837089127884, -13.428129563886245 ], [ -60.75146, -13.429423 ], [ -60.751764133848724, -13.427959122776608 ], [ -60.759373, -13.429445 ], [ -61.01638, -12.191333 ], [ -60.510624, -12.091623 ], [ -60.510317834372046, -12.093085473977142 ], [ -60.50288, -12.091619 ], [ -60.502561772198661, -12.093142280414327 ], [ -60.49585, -12.091819 ], [ -60.495588096822097, -12.093075587724664 ], [ -60.108685, -12.016293 ], [ -60.108321239600905, -12.018034675532844 ], [ -60.099857, -12.016355 ], [ -60.099505497015642, -12.018037587824438 ], [ -60.091415, -12.016432 ], [ -60.09111610476328, -12.01786372603131 ], [ -60.08297, -12.016247 ] ] ] } },
{ "type": "Feature", "properties": { "orbit_key": "SCS_T006_F301", "dataset": "BIOMASS", "collection": "BiomassLevel1a", "product_type": "S1_SCS__1S", "mode": "SCS", "orbit_state": "ASCENDING", "track": "T006", "track_number": 6, "frame": "F301", "frame_number": 301, "scene_count": 82, "unique_footprints": 40, "repeat_cycles": "1,10,2,3,4,5,6,7,8,9", "absolute_orbits": "3022,3066,3110,3154,3330,3374,3418,3462,3506,3550,3594,3638,3682,3770,3814,3858,3902,3946,3990,4034,4210,4254,4298,4342,4386,4430,4474,4518,4562,4606,4650,4694,4738,4782", "first_start_time": "2025-11-21T09:51:27.799Z", "last_stop_time": "2026-03-21T09:56:57.570Z", "example_scene": "BIO_S1_SCS__1M_20251124T095129_20251124T095150_T_G01_M01_C02_T006_F301_01_DK5TLO" }, "geometry": { "type": "Polygon", "coordinates": [ [ [ -59.847347, -12.287745 ], [ -59.847656635650125, -12.286235031276723 ], [ -59.854755, -12.287633 ], [ -59.897006157376133, -12.081978124075743 ], [ -60.20743, -12.143969 ], [ -60.207814047770242, -12.142107862050299 ], [ -60.21754, -12.14405 ], [ -60.217810472902322, -12.142741145130053 ], [ -60.224766, -12.14413 ], [ -60.225063249246247, -12.142696083213322 ], [ -60.232094, -12.1441 ], [ -60.23238010307454, -12.142718245875686 ], [ -60.240406, -12.144321 ], [ -60.240668057180507, -12.143052534127493 ], [ -60.24726, -12.144369 ], [ -60.247558998919274, -12.142919838796722 ], [ -60.25434, -12.144274 ], [ -60.254677089656234, -12.142641744662244 ], [ -60.624664, -12.216017 ], [ -60.6249883375434, -12.214447190781916 ], [ -60.63249, -12.215935 ], [ -60.632804014334063, -12.214415911672919 ], [ -60.64014, -12.215871 ], [ -60.640435234306253, -12.214447581257003 ], [ -60.647808, -12.21591 ], [ -60.648080241512027, -12.214591551633307 ], [ -60.65621, -12.216204 ], [ -60.656558723750706, -12.2145171421868 ], [ -60.664585, -12.216109 ], [ -60.664942175657735, -12.2143720698895 ], [ -60.673397, -12.216049 ], [ -60.928528, -10.976893 ], [ -60.34607, -10.860377 ], [ -60.34572177843495, -10.862068243627437 ], [ -60.336987, -10.860321 ], [ -60.336626997345434, -10.862069678592249 ], [ -60.32909, -10.860562 ], [ -60.328826881983986, -10.861838176407078 ], [ -60.321213, -10.860315 ], [ -60.320917004257844, -10.861749685553209 ], [ -60.314, -10.860366 ], [ -60.313670780777876, -10.861965758037192 ], [ -60.306133, -10.860458 ], [ -60.305807221179123, -10.862039763707939 ], [ -60.298244, -10.860527 ], [ -60.297968183860569, -10.861862740500078 ], [ -59.94483, -10.790789 ], [ -59.944523856698794, -10.792241976822805 ], [ -59.938244, -10.790978 ], [ -59.937974256046978, -10.792256600119245 ], [ -59.931065, -10.790866 ], [ -59.930765997972635, -10.792285015510167 ], [ -59.922413, -10.790604 ], [ -59.922107104786569, -10.792054579688308 ], [ -59.915043, -10.790633 ], [ -59.914766979085698, -10.791944921690522 ], [ -59.908283, -10.79064 ], [ -59.907898485659544, -10.792465561649427 ], [ -59.897392, -10.790351 ], [ -59.858729306055928, -10.974264096449044 ], [ -59.61042, -10.924898 ], [ -59.610102725435958, -10.926414435592312 ], [ -59.602737, -10.92495 ], [ -59.60242616032864, -10.926438617203337 ], [ -59.594868, -10.924936 ], [ -59.594745314852034, -10.925523637579815 ], [ -59.593082, -10.925193 ], [ -59.592784458122615, -10.92661836366716 ], [ -59.584633, -10.924998 ], [ -59.584245730145483, -10.926852447674978 ], [ -59.574203, -10.924856 ], [ -59.573847312277387, -10.926560274524812 ], [ -59.56537, -10.924875 ], [ -59.564741768779044, -10.927889729197055 ], [ -59.550415, -10.925042 ], [ -59.55005650674542, -10.926769362645079 ], [ -59.54042, -10.924854 ], [ -59.540166218594145, -10.926073935873095 ], [ -59.1529, -10.84863 ], [ -59.15266882153027, -10.849724042014195 ], [ -59.147648, -10.84872 ], [ -59.147368089970001, -10.85004539031409 ], [ -59.14067, -10.848706 ], [ -59.140339382199336, -10.850276572902819 ], [ -59.13298, -10.848805 ], [ -59.132587273971978, -10.850670704950851 ], [ -59.124577, -10.849069 ], [ -59.124199332386254, -10.850863789135586 ], [ -59.114594, -10.848943 ], [ -59.114366622162741, -10.850025228498156 ], [ -59.10972, -10.849096 ], [ -59.108426368293451, -10.855248714530715 ], [ -58.72321, -10.777726 ], [ -58.722833868781663, -10.779492248813453 ], [ -58.713978, -10.77771 ], [ -58.713646341026653, -10.779266309875226 ], [ -58.704308, -10.777387 ], [ -58.70396399021034, -10.779002321564418 ], [ -58.696926, -10.777586 ], [ -58.428005, -12.040381 ], [ -58.444205903772236, -12.043615677714683 ], [ -58.34241, -12.521293 ], [ -58.916256, -12.635523 ], [ -59.017534442256419, -12.152990868696593 ], [ -59.02651, -12.154783 ], [ -59.027834408960906, -12.148470232589448 ], [ -59.428795, -12.227961 ], [ -59.429023207149662, -12.226861851993933 ], [ -59.43427, -12.227902 ], [ -59.434639540552638, -12.226122284365184 ], [ -59.44334, -12.227847 ], [ -59.443727291381947, -12.225986556027417 ], [ -59.452038, -12.227634 ], [ -59.452350851409406, -12.226131264096111 ], [ -59.460148, -12.227677 ], [ -59.460434788890424, -12.226300396752082 ], [ -59.46643, -12.227489 ], [ -59.466648704136986, -12.226444222424101 ], [ -59.47208, -12.227521 ], [ -59.472378827166942, -12.226088310366714 ], [ -59.786507, -12.287937 ], [ -59.786867555979434, -12.28617945854324 ], [ -59.796307, -12.288038 ], [ -59.796909215120628, -12.285085682508164 ], [ -59.81085, -12.287831 ], [ -59.811198196199371, -12.286135314269899 ], [ -59.819855, -12.28784 ], [ -59.820229291714227, -12.286009486764879 ], [ -59.830196, -12.287972 ], [ -59.830482561844789, -12.286570675515915 ], [ -59.837975, -12.288046 ], [ -59.838096429656858, -12.287452861673751 ], [ -59.839783, -12.287785 ], [ -59.840083970916673, -12.28631456877525 ], [ -59.847347, -12.287745 ] ] ] } },
{ "type": "Feature", "properties": { "orbit_key": "SCS_T020_F295", "dataset": "BIOMASS", "collection": "BiomassLevel1a", "product_type": "S1_SCS__1S", "mode": "SCS", "orbit_state": "ASCENDING", "track": "T020", "track_number": 20, "frame": "F295", "frame_number": 295, "scene_count": 82, "unique_footprints": 41, "repeat_cycles": "1,10,2,3,4,5,6,7,8,9", "absolute_orbits": "3036,3080,3124,3168,3344,3388,3432,3476,3520,3564,3608,3652,3696,3740,3784,3828,3872,3916,3960,4004,4048,4224,4268,4312,4356,4400,4444,4488,4532,4576,4620,4664,4708,4752,4796,4840,4884,4928", "first_start_time": "2025-11-22T08:44:06.994Z", "last_stop_time": "2026-03-31T08:49:42.779Z", "example_scene": "BIO_S2_SCS__1M_20251213T084419_20251213T084440_T_G01_M01_C01_T020_F295_01_DJL9AY" }, "geometry": { "type": "Polygon", "coordinates": [ [ [ -42.491474, -17.790167 ], [ -42.491128283619567, -17.791694806527243 ], [ -42.48501, -17.790533 ], [ -42.484742478572322, -17.791708936436795 ], [ -42.131985, -17.724037 ], [ -42.131672819430918, -17.725368807437683 ], [ -42.121353, -17.723389 ], [ -42.121064404910911, -17.72464019822948 ], [ -42.115616, -17.723595 ], [ -42.115298494610762, -17.724962212902298 ], [ -42.107723, -17.723509 ], [ -42.107402089418983, -17.724889137909557 ], [ -42.099133, -17.723303 ], [ -42.098831814309627, -17.724608978200219 ], [ -42.092373, -17.72337 ], [ -42.092047173710689, -17.724778935951033 ], [ -42.083103, -17.723063 ], [ -42.042878157816894, -17.897455536132735 ], [ -41.80005, -17.851807 ], [ -41.799740504150883, -17.853216505190414 ], [ -41.790993, -17.851572 ], [ -41.790728594925945, -17.852785830277995 ], [ -41.783745, -17.851473 ], [ -41.783506086592588, -17.852566795735623 ], [ -41.780315, -17.851967 ], [ -41.780111219105819, -17.85289799687159 ], [ -41.775105, -17.851957 ], [ -41.774754718543505, -17.853553184072183 ], [ -41.765343, -17.851784 ], [ -41.764971859326103, -17.853477159390618 ], [ -41.75788, -17.852144 ], [ -41.757294209601895, -17.854820038852161 ], [ -41.74509, -17.852526 ], [ -41.745061913185218, -17.852654242079613 ], [ -41.74339, -17.85234 ], [ -41.743027739200187, -17.853998228881636 ], [ -41.734535, -17.852402 ], [ -41.734263556783112, -17.853633068718558 ], [ -41.327522, -17.776398 ], [ -41.327290624572861, -17.77748391254989 ], [ -41.32144, -17.776373 ], [ -41.321189363415108, -17.777553331510603 ], [ -41.31452, -17.776287 ], [ -41.3142196623388, -17.777702116203642 ], [ -41.306877, -17.776308 ], [ -41.306530348062353, -17.777945290409136 ], [ -41.300198, -17.776743 ], [ -41.299824132267645, -17.778493397835437 ], [ -41.29178, -17.776966 ], [ -41.291483290056163, -17.778351144123384 ], [ -41.28421, -17.77697 ], [ -41.283036601370497, -17.782463344572371 ], [ -40.895435, -17.708086 ], [ -40.895085496240966, -17.709682814410133 ], [ -40.886723, -17.708078 ], [ -40.886353587453492, -17.709765623025486 ], [ -40.87658, -17.70789 ], [ -40.87626043202966, -17.709349888264967 ], [ -40.869007, -17.707958 ], [ -40.592964, -18.969099 ], [ -41.19152, -19.08286 ], [ -41.191829539074149, -19.081413101574149 ], [ -41.199184, -19.082811 ], [ -41.199538490944974, -19.081154071805347 ], [ -41.20834, -19.082827 ], [ -41.208680921351885, -19.081233542263185 ], [ -41.21787, -19.08298 ], [ -41.219114063347334, -19.07716457605801 ], [ -41.6192, -19.152355 ], [ -41.619497658134087, -19.150962262208729 ], [ -41.625275, -19.152048 ], [ -41.625649943541177, -19.150310143065003 ], [ -41.63584, -19.152225 ], [ -41.636189306404468, -19.150601514500902 ], [ -41.64543, -19.152338 ], [ -41.645732529654239, -19.150933263476617 ], [ -41.653713, -19.152433 ], [ -41.653965799711642, -19.151261852359429 ], [ -41.65966, -19.152332 ], [ -41.659896074958638, -19.15123840140259 ], [ -41.664337, -19.152073 ], [ -41.664677087101765, -19.150485410865048 ], [ -41.9869, -19.210373 ], [ -41.987242295979989, -19.20874796485904 ], [ -41.99725, -19.210608 ], [ -41.997276869409099, -19.210480748016209 ], [ -41.998634, -19.210733 ], [ -41.999188575763355, -19.208101896934934 ], [ -42.013973, -19.21085 ], [ -42.014324941894806, -19.209169472021223 ], [ -42.021908, -19.210579 ], [ -42.022249629122953, -19.208953405376402 ], [ -42.03085, -19.210552 ], [ -42.031041572298918, -19.209646732669245 ], [ -42.03624, -19.210613 ], [ -42.036459552272873, -19.20957696392491 ], [ -42.03994, -19.210224 ], [ -42.040194028169736, -19.209028423538996 ], [ -42.046883, -19.210272 ], [ -42.047182446421054, -19.208862820902091 ], [ -42.054897, -19.210297 ], [ -42.096464210929277, -19.014447957617559 ], [ -42.39636, -19.07146 ], [ -42.396679873182052, -19.070012386238627 ], [ -42.4054, -19.07167 ], [ -42.405690098244278, -19.070361294365661 ], [ -42.41649, -19.072414 ], [ -42.416791108174756, -19.071042379787471 ], [ -42.425465, -19.072691 ], [ -42.425757195793572, -19.071349116332858 ], [ -42.436348, -19.073362 ], [ -42.436613779386413, -19.072130837768743 ], [ -42.44005, -19.072784 ], [ -42.44034318913139, -19.071442411109111 ], [ -42.450417, -19.073357 ], [ -42.450772589899188, -19.071703482042921 ], [ -42.819286, -19.140982 ], [ -42.819617436143105, -19.139453655202743 ], [ -42.83228, -19.141834 ], [ -42.832567188399011, -19.140482000254771 ], [ -42.838966, -19.141685 ], [ -42.839263460022046, -19.140282858316397 ], [ -42.844402, -19.141249 ], [ -42.844706908924742, -19.13982078865622 ], [ -42.853123, -19.141403 ], [ -42.853437889521786, -19.13992260097465 ], [ -42.86177, -19.141489 ], [ -42.862141269523995, -19.139742393398055 ], [ -42.87016, -19.14125 ], [ -42.870464488389132, -19.139828661872198 ], [ -43.193195, -19.19984 ], [ -43.193516046478841, -19.198313545801724 ], [ -43.200047, -19.199528 ], [ -43.200327067516348, -19.198204910137029 ], [ -43.208664, -19.199755 ], [ -43.469036, -17.962893 ], [ -42.94621, -17.864605 ], [ -42.945917173352896, -17.865920831236966 ], [ -42.938663, -17.864557 ], [ -42.938310412470209, -17.866142815219327 ], [ -42.930748, -17.864721 ], [ -42.930520182657858, -17.865755515515904 ], [ -42.533504, -17.790354 ], [ -42.533104044453346, -17.792116559608925 ], [ -42.52376, -17.790342 ], [ -42.523424651968945, -17.791825461061819 ], [ -42.51683, -17.790573 ], [ -42.51650113104354, -17.79201355071439 ], [ -42.507874, -17.790375 ], [ -42.507551662910686, -17.79178833640054 ], [ -42.5008, -17.790506 ], [ -42.500488045643642, -17.791878810840334 ], [ -42.491474, -17.790167 ] ] ] } },
{ "type": "Feature", "properties": { "orbit_key": "SCS_T020_F296", "dataset": "BIOMASS", "collection": "BiomassLevel1a", "product_type": "S1_SCS__1S", "mode": "SCS", "orbit_state": "ASCENDING", "track": "T020", "track_number": 20, "frame": "F296", "frame_number": 296, "scene_count": 84, "unique_footprints": 42, "repeat_cycles": "1,10,2,3,4,5,6,7,8,9", "absolute_orbits": "3036,3080,3124,3168,3344,3388,3432,3476,3520,3564,3608,3652,3696,3740,3784,3828,3872,3916,3960,4004,4048,4224,4268,4312,4356,4400,4444,4488,4532,4576,4620,4664,4708,4752,4796,4840,4884,4928", "first_start_time": "2025-11-22T08:44:26.009Z", "last_stop_time": "2026-03-31T08:50:01.793Z", "example_scene": "BIO_S1_SCS__1M_20251201T084431_20251201T084452_T_G01_M01_C04_T020_F296_01_DKPTYA" }, "geometry": { "type": "Polygon", "coordinates": [ [ [ -42.728374, -16.635885 ], [ -42.72811268544784, -16.637113073956236 ], [ -42.372383, -16.56828 ], [ -42.372076762005555, -16.56967998439303 ], [ -42.36353, -16.568026 ], [ -42.36324459936489, -16.569347217220511 ], [ -42.356743, -16.568089 ], [ -42.356454595348382, -16.569430248764309 ], [ -42.348583, -16.567907 ], [ -42.348314524645843, -16.569146850717335 ], [ -42.33969, -16.567478 ], [ -42.33937307100301, -16.568961004034996 ], [ -42.334076, -16.567936 ], [ -42.333764545499406, -16.569397398420165 ], [ -42.322254, -16.56717 ], [ -42.285149422703071, -16.743808756157051 ], [ -42.04005, -16.697273 ], [ -42.039755727514994, -16.698698797121367 ], [ -42.032963, -16.697409 ], [ -42.032660513707633, -16.698874207031164 ], [ -42.026276, -16.697662 ], [ -42.026155685791451, -16.698245377189082 ], [ -42.021297, -16.697323 ], [ -42.02105887083485, -16.698477729991961 ], [ -42.015266, -16.697378 ], [ -42.014892801873152, -16.699190492090299 ], [ -42.00602, -16.697506 ], [ -42.005678271518171, -16.699155167128335 ], [ -41.996086, -16.697334 ], [ -41.995549436408815, -16.699930895142089 ], [ -41.982113, -16.69738 ], [ -41.982062738974882, -16.697623867637891 ], [ -41.981052, -16.697432 ], [ -41.980704309139696, -16.69912136818677 ], [ -41.9729, -16.69764 ], [ -41.972640063917005, -16.698899160820119 ], [ -41.578793, -16.623415 ], [ -41.578568352274708, -16.624433055375309 ], [ -41.568363, -16.622477 ], [ -41.568098552099002, -16.623698560362111 ], [ -41.562153, -16.622559 ], [ -41.56182905705095, -16.624057623061667 ], [ -41.55522, -16.622791 ], [ -41.554878182193853, -16.624374631617815 ], [ -41.549057, -16.623259 ], [ -41.548684394308772, -16.624972210356546 ], [ -41.54261, -16.623808 ], [ -41.542311589382031, -16.625157772989599 ], [ -41.537685, -16.624271 ], [ -41.536441679058747, -16.629904485508447 ], [ -41.14387, -16.553923 ], [ -41.143536093755344, -16.555457914333303 ], [ -41.135193, -16.553843 ], [ -41.134815737041997, -16.555577083682628 ], [ -41.125046, -16.553686 ], [ -41.124718597770958, -16.555190886447306 ], [ -41.117455, -16.553785 ], [ -40.84301, -17.815315 ], [ -41.434307, -17.928701 ], [ -41.434624785236892, -17.927208570000122 ], [ -41.44199, -17.928621 ], [ -41.442353664394055, -17.926913200350736 ], [ -41.45116, -17.928602 ], [ -41.451486187106291, -17.927070226786416 ], [ -41.460648, -17.928827 ], [ -41.461921021319746, -17.922848287149126 ], [ -41.865616, -17.99944 ], [ -41.865902313656015, -17.998073533577841 ], [ -41.871418, -17.99912 ], [ -41.871775480674714, -17.997421333202883 ], [ -41.88094, -17.99916 ], [ -41.881272069814251, -17.997583834544688 ], [ -41.891014, -17.999432 ], [ -41.891327081198142, -17.997943661420994 ], [ -41.898808, -17.999363 ], [ -41.899062315188694, -17.998150791524424 ], [ -41.903812, -17.999052 ], [ -41.904017166158859, -17.998081469291765 ], [ -41.909164, -17.999058 ], [ -41.909514504446037, -17.99740123409844 ], [ -42.230247, -18.057627 ], [ -42.230597035799128, -18.055973578323648 ], [ -42.24043, -18.05782 ], [ -42.240480893929103, -18.057578335014817 ], [ -42.241608, -18.05779 ], [ -42.242141719997299, -18.055259528987296 ], [ -42.253517, -18.057396 ], [ -42.253865274360074, -18.05575728486177 ], [ -42.2625, -18.057379 ], [ -42.262878675615248, -18.055598489824778 ], [ -42.27245, -18.057396 ], [ -42.272689092909673, -18.056270059834173 ], [ -42.27853, -18.057367 ], [ -42.278654921302518, -18.056779459642897 ], [ -42.28313, -18.05762 ], [ -42.283437605302879, -18.05616907483299 ], [ -42.29047, -18.05749 ], [ -42.290769566472292, -18.056072454601718 ], [ -42.29812, -18.057453 ], [ -42.339998780881501, -17.859846389786838 ], [ -42.648415, -17.918983 ], [ -42.648722135931443, -17.917544118614725 ], [ -42.657776, -17.91928 ], [ -42.658087845058908, -17.917809564624772 ], [ -42.66401, -17.918945 ], [ -42.66427022257983, -17.917720232421821 ], [ -42.67264, -17.919325 ], [ -42.672915119368469, -17.918021893006568 ], [ -42.68029, -17.919436 ], [ -42.680567764297081, -17.918124084114915 ], [ -42.688004, -17.91955 ], [ -42.688301048370683, -17.918145218864332 ], [ -42.695946, -17.919611 ], [ -42.696289037913168, -17.917994216259284 ], [ -43.06737, -17.988415 ], [ -43.067678444955298, -17.986965794865263 ], [ -43.07698, -17.988731 ], [ -43.077280447453475, -17.987306325560166 ], [ -43.084023, -17.988586 ], [ -43.084308717903035, -17.98723085893333 ], [ -43.09089, -17.98848 ], [ -43.091196962672761, -17.987029295956127 ], [ -43.09941, -17.988588 ], [ -43.099736588765516, -17.987041551461619 ], [ -43.10671, -17.988365 ], [ -43.107083170189597, -17.986607601505185 ], [ -43.11561, -17.988226 ], [ -43.115905416454709, -17.986838539179576 ], [ -43.4371, -18.047178 ], [ -43.437391630325202, -18.045748034571375 ], [ -43.4447, -18.047121 ], [ -43.444994944874551, -18.045674917706606 ], [ -43.45174, -18.046942 ], [ -43.70466, -16.80859 ], [ -43.187218, -16.710321 ], [ -43.186915648168998, -16.711765658917088 ], [ -43.180336, -16.710516 ], [ -43.180037003598414, -16.711943411952142 ], [ -43.173443, -16.710691 ], [ -43.173229832371369, -16.711713384364103 ], [ -42.774246, -16.635233 ], [ -42.773870664702507, -16.637011969754813 ], [ -42.765633, -16.635433 ], [ -42.765291734209605, -16.637045828014305 ], [ -42.75645, -16.635351 ], [ -42.7561531393861, -16.636761989512951 ], [ -42.746586, -16.634928 ], [ -42.746301472208991, -16.63629478470353 ], [ -42.73889, -16.634874 ], [ -42.738590044570891, -16.636318817258775 ], [ -42.73352, -16.635347 ], [ -42.733213073615921, -16.636812448402203 ], [ -42.728374, -16.635885 ] ] ] } },
{ "type": "Feature", "properties": { "orbit_key": "SCS_T020_F297", "dataset": "BIOMASS", "collection": "BiomassLevel1a", "product_type": "S1_SCS__1S", "mode": "SCS", "orbit_state": "ASCENDING", "track": "T020", "track_number": 20, "frame": "F297", "frame_number": 297, "scene_count": 84, "unique_footprints": 42, "repeat_cycles": "1,10,2,3,4,5,6,7,8,9", "absolute_orbits": "3036,3080,3124,3168,3344,3388,3432,3476,3520,3564,3608,3652,3696,3740,3784,3828,3872,3916,3960,4004,4048,4224,4268,4312,4356,4400,4444,4488,4532,4576,4620,4664,4708,4752,4796,4840,4884,4928", "first_start_time": "2025-11-22T08:44:45.022Z", "last_stop_time": "2026-03-31T08:50:20.808Z", "example_scene": "BIO_S1_SCS__1S_20251201T084450_20251201T084511_T_G01_M01_C04_T020_F297_01_DKPU0C" }, "geometry": { "type": "Polygon", "coordinates": [ [ [ -42.977283, -15.480843 ], [ -42.976959849117478, -15.482373599779802 ], [ -42.969585, -15.480947 ], [ -42.969319798787524, -15.482191857433243 ], [ -42.621475, -15.414306 ], [ -42.621158553209355, -15.41571439075115 ], [ -42.61467, -15.414448 ], [ -42.614384995764027, -15.415714565825722 ], [ -42.606968, -15.414267 ], [ -42.606640740496672, -15.415718194669926 ], [ -42.59798, -15.414028 ], [ -42.597691218587386, -15.41531867199731 ], [ -42.590534, -15.413922 ], [ -42.590236196739511, -15.415252353047753 ], [ -42.58346, -15.41393 ], [ -42.583127341076739, -15.415420017436336 ], [ -42.57456, -15.413748 ], [ -42.535266617196918, -15.591723571804309 ], [ -42.29123, -15.544946 ], [ -42.290930067948416, -15.54631386421706 ], [ -42.28405, -15.544995 ], [ -42.283713391484802, -15.546528457049472 ], [ -42.27659, -15.545163 ], [ -42.276417897125938, -15.545947945735634 ], [ -42.272312, -15.545161 ], [ -42.272102369304079, -15.546118051643271 ], [ -42.266483, -15.545041 ], [ -42.266093498908802, -15.546819031490926 ], [ -42.25604, -15.544892 ], [ -42.255699315692013, -15.546452444591994 ], [ -42.24711, -15.544806 ], [ -42.246528069952475, -15.547472340760823 ], [ -42.235622, -15.545382 ], [ -42.235583314872166, -15.545558204182059 ], [ -42.23469, -15.545387 ], [ -42.234296854722039, -15.547177019780939 ], [ -42.225647, -15.545519 ], [ -42.225360679521408, -15.546818621388516 ], [ -41.826443, -15.469679 ], [ -41.826206371187041, -15.470793080727281 ], [ -41.82134, -15.469852 ], [ -41.821092698843692, -15.471016148217462 ], [ -41.81515, -15.469867 ], [ -41.814853714725238, -15.471251714652945 ], [ -41.807682, -15.469865 ], [ -41.807320233567779, -15.471556306191415 ], [ -41.79803, -15.46976 ], [ -41.797670440387584, -15.471455057535479 ], [ -41.789406, -15.469857 ], [ -41.789090205385911, -15.471300479414724 ], [ -41.78312, -15.470146 ], [ -41.781862372678603, -15.475862497720192 ], [ -41.389034, -15.399193 ], [ -41.388699120652142, -15.400740794708767 ], [ -41.38038, -15.399117 ], [ -41.379994392268053, -15.400899073025965 ], [ -41.370224, -15.398992 ], [ -41.369899053544295, -15.400493728838359 ], [ -41.362625, -15.399074 ], [ -41.089615, -16.660854 ], [ -41.67594, -16.774261 ], [ -41.676256048934, -16.772770646018756 ], [ -41.68363, -16.774197 ], [ -41.684001477452462, -16.772445359462946 ], [ -41.692814, -16.77415 ], [ -41.693141942997698, -16.772603682945878 ], [ -41.702274, -16.77437 ], [ -41.703541256722673, -16.76839400019422 ], [ -42.104946, -16.84527 ], [ -42.105260797881954, -16.843814771718343 ], [ -42.111084, -16.84493 ], [ -42.111448405308863, -16.843250531544413 ], [ -42.12073, -16.845028 ], [ -42.121093617421465, -16.843350738271464 ], [ -42.129852, -16.845028 ], [ -42.130149850155817, -16.843653532682055 ], [ -42.137875, -16.845133 ], [ -42.138124928160394, -16.843977158730659 ], [ -42.14428, -16.845156 ], [ -42.144522036362922, -16.844033128858879 ], [ -42.149017, -16.844894 ], [ -42.149365199739101, -16.843287513607688 ], [ -42.470623, -16.90422 ], [ -42.470994231516357, -16.902462960693722 ], [ -42.47992, -16.904156 ], [ -42.479957708306003, -16.903982196781527 ], [ -42.480953, -16.904171 ], [ -42.481519314193029, -16.901562798834163 ], [ -42.494324, -16.903992 ], [ -42.494660041350826, -16.902438499585827 ], [ -42.503735, -16.90416 ], [ -42.504125669464095, -16.902352224627602 ], [ -42.51335, -16.904102 ], [ -42.513551571058763, -16.903170530166815 ], [ -42.51949, -16.904297 ], [ -42.519649380700436, -16.903562638579512 ], [ -42.524506, -16.904484 ], [ -42.524835495318186, -16.902962425226761 ], [ -42.53216, -16.904352 ], [ -42.532453706809534, -16.902993509074282 ], [ -42.537643, -16.903978 ], [ -42.581011542681964, -16.70479813482844 ], [ -42.889587, -16.764482 ], [ -42.889905474288682, -16.762954694840015 ], [ -42.89758, -16.764439 ], [ -42.897857177965946, -16.76311507344538 ], [ -42.905235, -16.764542 ], [ -42.905502492477524, -16.763261663036914 ], [ -42.913746, -16.764856 ], [ -42.914040827829879, -16.76343702818636 ], [ -42.922768, -16.765125 ], [ -42.923027703176587, -16.763869812548045 ], [ -42.92885, -16.764996 ], [ -42.929143124418879, -16.763583411247822 ], [ -42.93564, -16.76484 ], [ -42.935986349346855, -16.763172568731335 ], [ -43.31589, -16.83593 ], [ -43.316191805687538, -16.834420061980911 ], [ -43.32301, -16.835726 ], [ -43.323291057651652, -16.834347538202326 ], [ -43.330837, -16.835793 ], [ -43.33110215509889, -16.834490667990885 ], [ -43.336914, -16.835604 ], [ -43.337216313102743, -16.834107768019305 ], [ -43.34402, -16.835411 ], [ -43.344358690426212, -16.833734951244313 ], [ -43.351814, -16.835163 ], [ -43.352148478856698, -16.833510480380937 ], [ -43.359715, -16.83496 ], [ -43.360011478917706, -16.833500690827695 ], [ -43.672096, -16.892733 ], [ -43.672412460614602, -16.891200875043435 ], [ -43.679737, -16.892591 ], [ -43.680036738347447, -16.891140149248272 ], [ -43.68706, -16.892473 ], [ -43.94297, -15.654549 ], [ -43.426277, -15.555457 ], [ -43.425976289059278, -15.556909602149489 ], [ -43.41895, -15.555562 ], [ -43.418633540513312, -15.557087091868441 ], [ -43.41149, -15.555717 ], [ -43.411241711523878, -15.556915967679231 ], [ -43.017334, -15.480705 ], [ -43.016978068970644, -15.482378683064095 ], [ -43.00858, -15.480754 ], [ -43.008221509343308, -15.482433206444989 ], [ -43.0001, -15.480862 ], [ -42.99977945876541, -15.482375572359043 ], [ -42.991703, -15.480813 ], [ -42.991422057675152, -15.482125250398392 ], [ -42.984737, -15.480832 ], [ -42.984440806317224, -15.482227581569155 ], [ -42.977283, -15.480843 ] ] ] } },
{ "type": "Feature", "properties": { "orbit_key": "SCS_T020_F298", "dataset": "BIOMASS", "collection": "BiomassLevel1a", "product_type": "S1_SCS__1S", "mode": "SCS", "orbit_state": "ASCENDING", "track": "T020", "track_number": 20, "frame": "F298", "frame_number": 298, "scene_count": 84, "unique_footprints": 42, "repeat_cycles": "1,10,2,3,4,5,6,7,8,9", "absolute_orbits": "3036,3080,3124,3168,3344,3388,3432,3476,3520,3564,3608,3652,3696,3740,3784,3828,3872,3916,3960,4004,4048,4224,4268,4312,4356,4400,4444,4488,4532,4576,4620,4664,4708,4752,4796,4840,4884,4928", "first_start_time": "2025-11-22T08:45:04.035Z", "last_stop_time": "2026-03-31T08:50:39.821Z", "example_scene": "BIO_S1_SCS__1M_20251201T084509_20251201T084530_T_G01_M01_C04_T020_F298_01_DKPU7K" }, "geometry": { "type": "Polygon", "coordinates": [ [ [ -43.213253, -14.326319 ], [ -43.212995440164761, -14.327531354442351 ], [ -42.85821, -14.257727 ], [ -42.857888771169954, -14.259265272595725 ], [ -42.85094, -14.257898 ], [ -42.850664852342064, -14.259214412496037 ], [ -42.84401, -14.257905 ], [ -42.843732190172794, -14.259232010200845 ], [ -42.835915, -14.257694 ], [ -42.835624483374239, -14.259082613575616 ], [ -42.828983, -14.257776 ], [ -42.828693413654847, -14.259158250152835 ], [ -42.8215, -14.257743 ], [ -42.821176418507811, -14.259286835309492 ], [ -42.8121, -14.257501 ], [ -42.774258182240175, -14.437367549898706 ], [ -42.535217, -14.391096 ], [ -42.53493627202166, -14.392415096387195 ], [ -42.527027, -14.390884 ], [ -42.526724770842655, -14.39231125420341 ], [ -42.52039, -14.391085 ], [ -42.520192406636063, -14.392018493563867 ], [ -42.514305, -14.390879 ], [ -42.514111801993266, -14.391800247606424 ], [ -42.50836, -14.390687 ], [ -42.507999508278736, -14.392396919349116 ], [ -42.499935, -14.390836 ], [ -42.499555161551143, -14.392632471942891 ], [ -42.490284, -14.390838 ], [ -42.489734625724019, -14.393442435049579 ], [ -42.474594, -14.390512 ], [ -42.474545832497164, -14.390741856706791 ], [ -42.473694, -14.390577 ], [ -42.473348814121707, -14.392222375503751 ], [ -42.463627, -14.390341 ], [ -42.463334937929424, -14.391733757695702 ], [ -42.067078, -14.314424 ], [ -42.066845425385033, -14.315535542748936 ], [ -42.062035, -14.314597 ], [ -42.061753935224957, -14.315938986860916 ], [ -42.05568, -14.314754 ], [ -42.055392508003003, -14.316125711001069 ], [ -42.049263, -14.31493 ], [ -42.048900440556579, -14.31665073896302 ], [ -42.040443, -14.315001 ], [ -42.040072567601648, -14.316754710625672 ], [ -42.030334, -14.314855 ], [ -42.030032716553904, -14.316289040564206 ], [ -42.023594, -14.315033 ], [ -42.022414981494293, -14.320657692847012 ], [ -41.633217, -14.24408 ], [ -41.632878206910668, -14.245653457253338 ], [ -41.624577, -14.24402 ], [ -41.624196593460447, -14.245786574926163 ], [ -41.614426, -14.243864 ], [ -41.614079708615904, -14.245472151663561 ], [ -41.606796, -14.244039 ], [ -41.33504, -15.506107 ], [ -41.917114, -15.619639 ], [ -41.917439469121767, -15.618098806248925 ], [ -41.924828, -15.61954 ], [ -41.925194958767804, -15.617803550158659 ], [ -41.93401, -15.619523 ], [ -41.934354544065911, -15.617892646110423 ], [ -41.943462, -15.619669 ], [ -41.944699501202301, -15.613812655301698 ], [ -42.352608, -15.692631 ], [ -42.352913090339413, -15.691183037794396 ], [ -42.35917, -15.692392 ], [ -42.359536959343593, -15.690650540964059 ], [ -42.36898, -15.692475 ], [ -42.369337872475199, -15.690766879672379 ], [ -42.378246, -15.692488 ], [ -42.378529356147205, -15.691126724794218 ], [ -42.385414, -15.692457 ], [ -42.385679135802, -15.691179851092324 ], [ -42.39233, -15.692465 ], [ -42.392561800421298, -15.691342084691257 ], [ -42.39798, -15.692389 ], [ -42.398323837380779, -15.690718926486628 ], [ -42.714634, -15.751295 ], [ -42.714976001483798, -15.749624379671165 ], [ -42.724895, -15.751524 ], [ -42.724929522737192, -15.751354721333112 ], [ -42.725876, -15.751536 ], [ -42.726408458998847, -15.748925696348586 ], [ -42.73988, -15.751506 ], [ -42.740245778351643, -15.74971880125416 ], [ -42.749107, -15.751416 ], [ -42.74944902866406, -15.749734929242639 ], [ -42.75831, -15.751432 ], [ -42.758495595284899, -15.750520048398398 ], [ -42.768887, -15.75251 ], [ -42.769074927217375, -15.751569459472051 ], [ -42.7742, -15.752551 ], [ -42.774479587126464, -15.751144833427725 ], [ -42.778725, -15.751958 ], [ -42.77899009500468, -15.750638353157587 ], [ -42.7867, -15.752115 ], [ -42.827091634914957, -15.550663441074565 ], [ -43.126667, -15.6091 ], [ -43.12698706397024, -15.607579868604171 ], [ -43.135765, -15.609292 ], [ -43.136054360743159, -15.60791750345126 ], [ -43.14304, -15.60928 ], [ -43.143327769419386, -15.607912871162513 ], [ -43.15027, -15.609267 ], [ -43.150541366258608, -15.607978618879407 ], [ -43.158356, -15.609503 ], [ -43.158630964106464, -15.608197068651005 ], [ -43.165546, -15.609546 ], [ -43.165869834473867, -15.608007043156087 ], [ -43.172806, -15.60936 ], [ -43.17314110543429, -15.607766932971145 ], [ -43.54539, -15.679731 ], [ -43.545694807236352, -15.678266552942871 ], [ -43.55329, -15.679735 ], [ -43.553591110012157, -15.678288722147375 ], [ -43.560947, -15.679711 ], [ -43.56123272557101, -15.678338545279049 ], [ -43.568005, -15.679648 ], [ -43.568309249506882, -15.678186869633659 ], [ -43.576332, -15.679738 ], [ -43.576669997693365, -15.678113883036719 ], [ -43.584698, -15.679666 ], [ -43.585065119608437, -15.677903409684816 ], [ -43.59355, -15.679544 ], [ -43.59384353441088, -15.678134980210384 ], [ -43.91085, -15.738892 ], [ -43.911173191067967, -15.737320058815325 ], [ -43.918488, -15.738722 ], [ -43.918775165964853, -15.737327144641894 ], [ -43.92585, -15.738683 ], [ -44.18082, -14.500452 ], [ -43.667835, -14.401133 ], [ -43.667542920897155, -14.402527195105618 ], [ -43.661835, -14.401422 ], [ -43.661505320026372, -14.402987746241694 ], [ -43.653202, -14.40138 ], [ -43.65296980394082, -14.402486888335563 ], [ -43.260887, -14.32596 ], [ -43.260509290798232, -14.327739868005347 ], [ -43.25203, -14.326085 ], [ -43.251685028912902, -14.327713475272381 ], [ -43.244038, -14.326221 ], [ -43.243724469766768, -14.327699631034635 ], [ -43.23578, -14.326149 ], [ -43.235487458617165, -14.327527440570867 ], [ -43.228794, -14.326221 ], [ -43.22847016320474, -14.327744641995885 ], [ -43.22115, -14.326316 ], [ -43.220834904944901, -14.327798609892668 ], [ -43.213253, -14.326319 ] ] ] } },
{ "type": "Feature", "properties": { "orbit_key": "SCS_T020_F299", "dataset": "BIOMASS", "collection": "BiomassLevel1a", "product_type": "S1_SCS__1S", "mode": "SCS", "orbit_state": "ASCENDING", "track": "T020", "track_number": 20, "frame": "F299", "frame_number": 299, "scene_count": 82, "unique_footprints": 41, "repeat_cycles": "1,10,2,3,4,5,6,7,8,9", "absolute_orbits": "3036,3080,3124,3168,3344,3388,3432,3476,3520,3564,3608,3652,3696,3740,3784,3828,3872,3916,3960,4004,4048,4224,4268,4312,4356,4400,4444,4488,4532,4576,4620,4664,4708,4752,4796,4840,4884,4928", "first_start_time": "2025-11-22T08:45:23.048Z", "last_stop_time": "2026-03-31T08:50:58.832Z", "example_scene": "BIO_S1_SCS__1M_20251201T084528_20251201T084549_T_G01_M01_C04_T020_F299_01_DKPU0B" }, "geometry": { "type": "Polygon", "coordinates": [ [ [ -43.478107, -13.171243 ], [ -43.477807097349682, -13.172666249971176 ], [ -43.470993, -13.171325 ], [ -43.470670022503711, -13.17285845147693 ], [ -43.46325, -13.171398 ], [ -43.462936271973113, -13.172887329314163 ], [ -43.455196, -13.171364 ], [ -43.454897650754276, -13.172780955613455 ], [ -43.10057, -13.102517 ], [ -43.100304751111715, -13.103767152881906 ], [ -43.093784, -13.102474 ], [ -43.09348602200361, -13.103875482980458 ], [ -43.087135, -13.102616 ], [ -43.086845716814018, -13.103972634046523 ], [ -43.079384, -13.102493 ], [ -43.079089242239483, -13.103871265732431 ], [ -43.071407, -13.102348 ], [ -43.071117914775279, -13.103701793743479 ], [ -43.063988, -13.102288 ], [ -43.063666060323861, -13.103798421678201 ], [ -43.054577, -13.101996 ], [ -43.015973732265252, -13.283321759170464 ], [ -42.773327, -13.235917 ], [ -42.773036197405425, -13.237303248357549 ], [ -42.767845, -13.236289 ], [ -42.767565578862659, -13.237610734829305 ], [ -42.76057, -13.236244 ], [ -42.760352145870435, -13.237274184006615 ], [ -42.757034, -13.236626 ], [ -42.756820560380255, -13.237632968530519 ], [ -42.752106, -13.236712 ], [ -42.75173164861841, -13.238470294372389 ], [ -42.742332, -13.236634 ], [ -42.741983838365982, -13.238266086584785 ], [ -42.73213, -13.236341 ], [ -42.731531225108249, -13.239155833269146 ], [ -42.719994, -13.236902 ], [ -42.719971541290697, -13.23700715353538 ], [ -42.718952, -13.236808 ], [ -42.718556958704688, -13.238658644315739 ], [ -42.70941, -13.236872 ], [ -42.709117901394542, -13.238236453554681 ], [ -42.309402, -13.159594 ], [ -42.309167977396044, -13.160695662813295 ], [ -42.304382, -13.159754 ], [ -42.304113028058445, -13.161019380859422 ], [ -42.298058, -13.159828 ], [ -42.297765783002625, -13.161203128557672 ], [ -42.290695, -13.159812 ], [ -42.290329455464367, -13.161537315813513 ], [ -42.28187, -13.159873 ], [ -42.281506562975771, -13.161589722655284 ], [ -42.27301, -13.159918 ], [ -42.27270841268178, -13.161342694248015 ], [ -42.26686, -13.160192 ], [ -42.265633253168474, -13.165974917006832 ], [ -41.876785, -13.088867 ], [ -41.876426041221052, -13.090541232902563 ], [ -41.868145, -13.088899 ], [ -41.867771727026501, -13.090639844190155 ], [ -41.858, -13.088702 ], [ -41.857667868376879, -13.090250991713578 ], [ -41.850376, -13.088805 ], [ -41.57972, -14.351141 ], [ -42.157425, -14.464737 ], [ -42.157736996496013, -14.463256203518931 ], [ -42.16513, -14.46471 ], [ -42.165503069644373, -14.462939421375781 ], [ -42.174324, -14.464674 ], [ -42.174676133651474, -14.463002842617113 ], [ -42.18376, -14.464789 ], [ -42.185022937985096, -14.458794675731204 ], [ -42.593166, -14.538355 ], [ -42.593465345142071, -14.536914271110073 ], [ -42.59942, -14.538075 ], [ -42.599772441055983, -14.536374602689056 ], [ -42.608414, -14.538059 ], [ -42.608770114157856, -14.536344645676568 ], [ -42.616226, -14.537798 ], [ -42.616510354746822, -14.53643642713158 ], [ -42.6235, -14.537799 ], [ -42.6237627205441, -14.536539412806201 ], [ -42.629444, -14.537647 ], [ -42.629678908779532, -14.536534386999636 ], [ -42.634586, -14.537491 ], [ -42.634926879438495, -14.535879729480071 ], [ -42.948246, -14.596464 ], [ -42.948620584211476, -14.594645193524576 ], [ -42.958466, -14.596549 ], [ -42.958487238816119, -14.596445796432493 ], [ -42.959538, -14.596649 ], [ -42.960105844731295, -14.593889793392002 ], [ -42.972687, -14.596323 ], [ -42.973021727685349, -14.594697874716678 ], [ -42.98203, -14.59644 ], [ -42.982386634899569, -14.594707029799887 ], [ -42.99201, -14.596568 ], [ -42.992223975828985, -14.595528546011614 ], [ -42.997868, -14.59662 ], [ -42.998069671589242, -14.595640100376643 ], [ -43.00204, -14.596408 ], [ -43.002308788288367, -14.595102027208586 ], [ -43.009335, -14.596461 ], [ -43.009620113175068, -14.595075891337345 ], [ -43.016575, -14.596421 ], [ -43.05835587585166, -14.393454994852464 ], [ -43.365948, -14.453946 ], [ -43.36626034800193, -14.452458339680632 ], [ -43.375107, -14.454198 ], [ -43.375390217253312, -14.452848798679339 ], [ -43.382282, -14.454204 ], [ -43.382567194272355, -14.452845246546069 ], [ -43.389675, -14.454243 ], [ -43.389963984402918, -14.452865087829665 ], [ -43.397728, -14.454392 ], [ -43.398007969657009, -14.453057480877241 ], [ -43.404697, -14.454373 ], [ -43.404971428144975, -14.453064796755692 ], [ -43.411705, -14.454389 ], [ -43.412063386064844, -14.452680602336523 ], [ -43.784733, -14.525363 ], [ -43.785041583140028, -14.523891147097522 ], [ -43.79268, -14.525381 ], [ -43.792996126406607, -14.523868157862376 ], [ -43.800316, -14.525296 ], [ -43.800614617239688, -14.523877643162827 ], [ -43.807327, -14.525187 ], [ -43.807619203324798, -14.523801137176799 ], [ -43.81556, -14.52535 ], [ -43.815910389558013, -14.52368034838061 ], [ -43.823917, -14.525242 ], [ -43.824293850424958, -14.523444462848609 ], [ -43.832817, -14.525107 ], [ -43.833086819407079, -14.523819604344903 ], [ -44.147575, -14.584673 ], [ -44.147914969715423, -14.583026777040317 ], [ -44.15511, -14.584419 ], [ -44.155409416048371, -14.582971186712623 ], [ -44.1645, -14.58473 ], [ -44.418785, -13.346233 ], [ -43.90939, -13.246698 ], [ -43.90909466007426, -13.248140393605739 ], [ -43.902046, -13.246763 ], [ -43.901697280706649, -13.24846585123443 ], [ -43.89437, -13.247034 ], [ -43.894163131131364, -13.248043970929674 ], [ -43.503723, -13.171191 ], [ -43.50334037365851, -13.173003967682396 ], [ -43.49481, -13.171325 ], [ -43.494457437052773, -13.172998163331696 ], [ -43.48648, -13.171428 ], [ -43.486184004817268, -13.17283283970429 ], [ -43.478107, -13.171243 ] ] ] } },
{ "type": "Feature", "properties": { "orbit_key": "SCS_T020_F300", "dataset": "BIOMASS", "collection": "BiomassLevel1a", "product_type": "S1_SCS__1S", "mode": "SCS", "orbit_state": "ASCENDING", "track": "T020", "track_number": 20, "frame": "F300", "frame_number": 300, "scene_count": 84, "unique_footprints": 42, "repeat_cycles": "1,10,2,3,4,5,6,7,8,9", "absolute_orbits": "3036,3080,3124,3168,3344,3388,3432,3476,3520,3564,3608,3652,3696,3740,3784,3828,3872,3916,3960,4004,4048,4224,4268,4312,4356,4400,4444,4488,4532,4576,4620,4664,4708,4752,4796,4840,4884,4928", "first_start_time": "2025-11-22T08:45:42.058Z", "last_stop_time": "2026-03-31T08:51:17.844Z", "example_scene": "BIO_S1_SCS__1M_20251201T084547_20251201T084608_T_G01_M01_C04_T020_F300_01_DKPTZD" }, "geometry": { "type": "Polygon", "coordinates": [ [ [ -43.699364, -12.016694 ], [ -43.699070886568379, -12.018074951612679 ], [ -43.34251, -11.946835 ], [ -43.342218756105808, -11.948210482787491 ], [ -43.33553, -11.946874 ], [ -43.335236528009069, -11.948260047063691 ], [ -43.328625, -11.946939 ], [ -43.328351964637818, -11.948228930615473 ], [ -43.320374, -11.946635 ], [ -43.320066759504051, -11.948084410539927 ], [ -43.313072, -11.946687 ], [ -43.312782442257785, -11.948052020944735 ], [ -43.30587, -11.946671 ], [ -43.30552618783328, -11.948290422483618 ], [ -43.29651, -11.946489 ], [ -43.257726988850791, -12.129154962794587 ], [ -43.018612, -12.082022 ], [ -43.018292409100219, -12.083537583011442 ], [ -43.01207, -12.082311 ], [ -43.011788475985568, -12.083641175274478 ], [ -43.004604, -12.082225 ], [ -43.004389407744718, -12.083241518669254 ], [ -43.00048, -12.082471 ], [ -43.000288253442029, -12.083380797432829 ], [ -42.99518, -12.082374 ], [ -42.994788275003316, -12.084223966091235 ], [ -42.984337, -12.082164 ], [ -42.983966684644741, -12.083928316809267 ], [ -42.97462, -12.082086 ], [ -42.97406727902095, -12.084702942968157 ], [ -42.955193, -12.080983 ], [ -42.955160286984345, -12.081141438880614 ], [ -42.953377, -12.08079 ], [ -42.953014138185203, -12.082552285334726 ], [ -42.941463, -12.080276 ], [ -42.941166862328302, -12.08172317755777 ], [ -42.557957, -12.005698 ], [ -42.557707861352938, -12.006854126703164 ], [ -42.554325, -12.006183 ], [ -42.554038628166381, -12.007505017356914 ], [ -42.547234, -12.006155 ], [ -42.546910478449348, -12.007653097022764 ], [ -42.537746, -12.005835 ], [ -42.537392515434142, -12.007485799451958 ], [ -42.529182, -12.005857 ], [ -42.528820260760497, -12.007550859856263 ], [ -42.518246, -12.005453 ], [ -42.517937715295758, -12.00690729567637 ], [ -42.512417, -12.005812 ], [ -42.511174401541282, -12.011721080571755 ], [ -42.11979, -11.933523 ], [ -42.119452505955813, -11.935102942984718 ], [ -42.11119, -11.933452 ], [ -42.110803574463745, -11.935260869790529 ], [ -42.10104, -11.93331 ], [ -42.100712580108762, -11.934842645352798 ], [ -42.093407, -11.933383 ], [ -41.82368, -13.196027 ], [ -42.3973, -13.309703 ], [ -42.397620036637967, -13.308180413801374 ], [ -42.40502, -13.309647 ], [ -42.405406460964628, -13.307808502220617 ], [ -42.414234, -13.309558 ], [ -42.414565852802696, -13.307979305873658 ], [ -42.423622, -13.309774 ], [ -42.424901814126592, -13.303685056390089 ], [ -42.833817, -13.384077 ], [ -42.834116159186081, -13.382604983679277 ], [ -42.84049, -13.383858 ], [ -42.840832013177511, -13.382173952580645 ], [ -42.85092, -13.384157 ], [ -42.851252722863109, -13.382512447498041 ], [ -42.85912, -13.384059 ], [ -42.85942120169009, -13.382573181483419 ], [ -42.86587, -13.383841 ], [ -42.866126893319368, -13.382579370805832 ], [ -42.87114, -13.383565 ], [ -42.871381147775359, -13.382400782780413 ], [ -42.875904, -13.38329 ], [ -42.876248635904467, -13.381615813103055 ], [ -43.186783, -13.442218 ], [ -43.187152166146696, -13.440429381963623 ], [ -43.197224, -13.442395 ], [ -43.19724426007965, -13.442296524604913 ], [ -43.198338, -13.44251 ], [ -43.198875492551394, -13.439896570067935 ], [ -43.210297, -13.442126 ], [ -43.210659515280653, -13.440373358638082 ], [ -43.219444, -13.442088 ], [ -43.219821195646453, -13.440263533014921 ], [ -43.229507, -13.442154 ], [ -43.229689502477761, -13.441271372873542 ], [ -43.235226, -13.442352 ], [ -43.23543783944374, -13.44132797169882 ], [ -43.239403, -13.442102 ], [ -43.239675867523673, -13.440783052868847 ], [ -43.24675, -13.442164 ], [ -43.247062448504614, -13.440653424103353 ], [ -43.25393, -13.441994 ], [ -43.296212382946877, -13.237619082434382 ], [ -43.60491, -13.298806 ], [ -43.605247996229565, -13.297207521043147 ], [ -43.61407, -13.298956 ], [ -43.614356938500038, -13.297598409820585 ], [ -43.621323, -13.298979 ], [ -43.62162526735915, -13.297548751888586 ], [ -43.628574, -13.298926 ], [ -43.628838483117612, -13.29767568955363 ], [ -43.636574, -13.299209 ], [ -43.636865199229796, -13.297829924507345 ], [ -43.64354, -13.299153 ], [ -43.643830499468649, -13.297777171187645 ], [ -43.650555, -13.29911 ], [ -43.650901503364878, -13.297469963263998 ], [ -44.024414, -13.370939 ], [ -44.024741670237788, -13.369396608348046 ], [ -44.03243, -13.370909 ], [ -44.03274902825855, -13.369408684433699 ], [ -44.04005, -13.370845 ], [ -44.040369535900837, -13.369342716323235 ], [ -44.04735, -13.370716 ], [ -44.047662254899159, -13.369245861027322 ], [ -44.055344, -13.370757 ], [ -44.055687654627768, -13.369140217831188 ], [ -44.063805, -13.370737 ], [ -44.064162955861192, -13.369052122148902 ], [ -44.072697, -13.370731 ], [ -44.07301620106157, -13.369228473849629 ], [ -44.385864, -13.430324 ], [ -44.386192349535037, -13.428760121010576 ], [ -44.393417, -13.430171 ], [ -44.393733486626154, -13.428663736979695 ], [ -44.40051, -13.429987 ], [ -44.660458, -12.192445 ], [ -44.15627, -12.093054 ], [ -44.155948355908592, -12.094556894616886 ], [ -44.148888, -12.093165 ], [ -44.148554047819019, -12.094724630715278 ], [ -44.141064, -12.093248 ], [ -44.14079594130154, -12.094501062835562 ], [ -43.747967, -12.016546 ], [ -43.747605049341459, -12.018249268498424 ], [ -43.739117, -12.016565 ], [ -43.738760227863942, -12.018243771821124 ], [ -43.730804, -12.016665 ], [ -43.730500644100822, -12.018092514592791 ], [ -43.72237, -12.016479 ], [ -43.722049014968469, -12.017989288685634 ], [ -43.7153, -12.01665 ], [ -43.714964423838673, -12.018229042592532 ], [ -43.70743, -12.016734 ], [ -43.707112027796434, -12.018231321325993 ], [ -43.699364, -12.016694 ] ] ] } },
{ "type": "Feature", "properties": { "orbit_key": "SCS_T020_F301", "dataset": "BIOMASS", "collection": "BiomassLevel1a", "product_type": "S1_SCS__1S", "mode": "SCS", "orbit_state": "ASCENDING", "track": "T020", "track_number": 20, "frame": "F301", "frame_number": 301, "scene_count": 82, "unique_footprints": 41, "repeat_cycles": "1,10,2,3,4,5,6,7,8,9", "absolute_orbits": "3036,3080,3124,3168,3344,3388,3432,3476,3520,3564,3608,3652,3696,3740,3784,3828,3872,3916,3960,4004,4048,4224,4268,4312,4356,4400,4444,4488,4532,4576,4620,4664,4708,4752,4796,4840,4884,4928", "first_start_time": "2025-11-22T08:46:01.070Z", "last_stop_time": "2026-03-31T08:51:36.855Z", "example_scene": "BIO_S1_SCS__1M_20260211T085045_20260211T085105_T_G01_M02_C01_T020_F301_01_DMOHLD" }, "geometry": { "type": "Polygon", "coordinates": [ [ [ -43.944233, -10.86217 ], [ -43.943920761582994, -10.863634061437729 ], [ -43.586304, -10.791661 ], [ -43.586020501927557, -10.792984582640875 ], [ -43.579643, -10.791701 ], [ -43.579352912153354, -10.793054603043386 ], [ -43.572384, -10.791652 ], [ -43.572102266152768, -10.792968770616783 ], [ -43.56384, -10.791306 ], [ -43.563527584611982, -10.792768256661263 ], [ -43.556286, -10.791311 ], [ -43.556005641967388, -10.792624792927416 ], [ -43.549194, -10.791254 ], [ -43.5488547251529, -10.792843078319773 ], [ -43.53999, -10.791059 ], [ -43.50066475018621, -10.9752233088679 ], [ -43.249775, -10.925345 ], [ -43.249492792829884, -10.92675093078517 ], [ -43.242542, -10.925369 ], [ -43.242247094564711, -10.926830998895813 ], [ -43.23517, -10.925424 ], [ -43.234963754830439, -10.926449072288241 ], [ -43.23112, -10.925685 ], [ -43.230915953551211, -10.926699603890993 ], [ -43.225193, -10.925562 ], [ -43.224838545407238, -10.927322679942989 ], [ -43.215046, -10.925376 ], [ -43.214672237659457, -10.927217559033359 ], [ -43.205917, -10.925477 ], [ -43.205376878689535, -10.928148053928698 ], [ -43.19267, -10.925622 ], [ -43.192654535709615, -10.925696784939351 ], [ -43.191574, -10.925482 ], [ -43.191163359598129, -10.927467012070649 ], [ -43.181393, -10.925525 ], [ -43.18112509419349, -10.926814267535246 ], [ -42.791866, -10.848978 ], [ -42.791621594073831, -10.850168044466965 ], [ -42.786816, -10.849207 ], [ -42.78655457200643, -10.850472777365253 ], [ -42.78061, -10.849284 ], [ -42.780313233146217, -10.850728408566152 ], [ -42.7734, -10.849346 ], [ -42.773047811985009, -10.851067027021395 ], [ -42.764866, -10.849431 ], [ -42.764485722931518, -10.851264891503403 ], [ -42.7553, -10.849428 ], [ -42.755003663323869, -10.850853602730629 ], [ -42.74892, -10.849637 ], [ -42.747713022688572, -10.855444297464803 ], [ -42.36231, -10.777883 ], [ -42.361960160958589, -10.779525836541055 ], [ -42.353718, -10.777867 ], [ -42.353333151773846, -10.779672937758868 ], [ -42.34357, -10.777708 ], [ -42.343227218764909, -10.779317576630609 ], [ -42.33591, -10.777845 ], [ -42.066994, -12.040655 ], [ -42.083896640036315, -12.044029993583054 ], [ -41.982433, -12.520158 ], [ -42.55494, -12.634128 ], [ -42.65592000221411, -12.153020624403869 ], [ -42.665047, -12.154843 ], [ -42.666298677375018, -12.148876812767448 ], [ -43.067913, -12.228497 ], [ -43.068211120937832, -12.227057895133287 ], [ -43.074623, -12.228329 ], [ -43.075000366182877, -12.226506032121112 ], [ -43.08403, -12.228296 ], [ -43.084383779377504, -12.226587364408125 ], [ -43.09267, -12.22823 ], [ -43.092967095915427, -12.22679547614398 ], [ -43.099865, -12.228163 ], [ -43.100126301526331, -12.226903884881624 ], [ -43.10622, -12.228112 ], [ -43.10645722594284, -12.226970237901702 ], [ -43.111485, -12.227967 ], [ -43.111813672198991, -12.226408396556662 ], [ -43.424892, -12.288054 ], [ -43.425294438051729, -12.28610066514984 ], [ -43.43493, -12.287998 ], [ -43.434932544204521, -12.287985648984472 ], [ -43.435955, -12.288187 ], [ -43.436505315193713, -12.285516048211504 ], [ -43.44926, -12.288028 ], [ -43.449637350386809, -12.286199428771646 ], [ -43.458435, -12.287932 ], [ -43.458792974872352, -12.286199055999589 ], [ -43.46838, -12.288087 ], [ -43.468584129787523, -12.287101250623389 ], [ -43.474194, -12.288206 ], [ -43.474407139461988, -12.287176618341419 ], [ -43.47841, -12.287965 ], [ -43.47870924657024, -12.286518107614238 ], [ -43.4857, -12.287895 ], [ -43.485989074611936, -12.286497018980649 ], [ -43.49295, -12.287868 ], [ -43.535534582134787, -12.081814970971744 ], [ -43.85058, -12.144726 ], [ -43.850904073537855, -12.143158832054809 ], [ -43.86019, -12.145013 ], [ -43.860459970646289, -12.143704058418884 ], [ -43.866745, -12.144959 ], [ -43.867043842964101, -12.143513338647738 ], [ -43.874454, -12.144993 ], [ -43.874729927996064, -12.143656185747593 ], [ -43.88203, -12.145114 ], [ -43.882296118993558, -12.143826447873121 ], [ -43.887802, -12.144926 ], [ -43.888088508082895, -12.143544959595616 ], [ -43.894188, -12.144763 ], [ -43.894540864539238, -12.14306591020345 ], [ -44.268723, -12.217267 ], [ -44.269048176464885, -12.215675963237137 ], [ -44.27638, -12.21713 ], [ -44.276681451849996, -12.215657902174787 ], [ -44.28426, -12.217161 ], [ -44.284564697038057, -12.215672016747295 ], [ -44.290993, -12.216947 ], [ -44.291291136193763, -12.215490992942367 ], [ -44.299263, -12.217072 ], [ -44.299595118109927, -12.215448152358913 ], [ -44.307526, -12.217021 ], [ -44.307881450921847, -12.215284756264769 ], [ -44.31657, -12.217008 ], [ -44.316869526382185, -12.21554493009673 ], [ -44.62755, -12.276756 ], [ -44.627881358238412, -12.275133694931283 ], [ -44.635075, -12.276551 ], [ -44.635371076920919, -12.275100718782694 ], [ -44.642494, -12.276504 ], [ -44.8956, -11.037425 ], [ -44.391716, -10.93723 ], [ -44.39140797005598, -10.938736657426881 ], [ -44.384445, -10.937352 ], [ -44.384114011166979, -10.938971638341231 ], [ -44.37693, -10.937543 ], [ -44.376665285754868, -10.938838766025182 ], [ -43.99097, -10.861682 ], [ -43.990598962988621, -10.863436038454937 ], [ -43.98242, -10.8618 ], [ -43.982075907835942, -10.863423466718109 ], [ -43.97422, -10.861852 ], [ -43.973907490772014, -10.86332486963056 ], [ -43.9665, -10.861843 ], [ -43.966182224639383, -10.863336760089668 ], [ -43.95943, -10.861986 ], [ -43.959113890402222, -10.863471995871883 ], [ -43.95204, -10.862057 ], [ -43.951697819197214, -10.863663082692828 ], [ -43.944233, -10.86217 ] ] ] } },
{ "type": "Feature", "properties": { "orbit_key": "SCS_T020_F302", "dataset": "BIOMASS", "collection": "BiomassLevel1a", "product_type": "S1_SCS__1S", "mode": "SCS", "orbit_state": "ASCENDING", "track": "T020", "track_number": 20, "frame": "F302", "frame_number": 302, "scene_count": 82, "unique_footprints": 41, "repeat_cycles": "1,10,2,3,4,5,6,7,8,9", "absolute_orbits": "3036,3080,3124,3168,3344,3388,3432,3476,3520,3564,3608,3652,3696,3740,3784,3828,3872,3916,3960,4004,4048,4224,4268,4312,4356,4400,4444,4488,4532,4576,4620,4664,4708,4752,4796,4840,4884,4928", "first_start_time": "2025-11-22T08:46:20.079Z", "last_stop_time": "2026-03-31T08:51:55.862Z", "example_scene": "BIO_S2_SCS__1S_20251213T084632_20251213T084653_T_G01_M01_C01_T020_F302_01_DJL9A6" }, "geometry": { "type": "Polygon", "coordinates": [ [ [ -44.209953, -9.706822 ], [ -44.209622417584946, -9.708381026820417 ], [ -44.202965, -9.707039 ], [ -44.202647959928427, -9.70853222295967 ], [ -44.195354, -9.707062 ], [ -44.195011523694433, -9.708676211345862 ], [ -44.18736, -9.707134 ], [ -44.18705767712558, -9.708558342961778 ], [ -43.83149, -9.636497 ], [ -43.83119102106324, -9.637887096890152 ], [ -43.823982, -9.636426 ], [ -43.82369464628497, -9.637764423092024 ], [ -43.81678, -9.636363 ], [ -43.816461126452602, -9.637849343852617 ], [ -43.80814, -9.636163 ], [ -43.807850180686941, -9.637515691054336 ], [ -43.801323, -9.636193 ], [ -43.801025369145613, -9.637578493859278 ], [ -43.793907, -9.636136 ], [ -43.79356051022986, -9.637749809227433 ], [ -43.78426, -9.635865 ], [ -43.744475622399392, -9.821312630616619 ], [ -43.49107, -9.770513 ], [ -43.490762295256779, -9.771983124056783 ], [ -43.483948, -9.770617 ], [ -43.483651943301595, -9.772030764841794 ], [ -43.47649, -9.770595 ], [ -43.476279976789854, -9.771598326715466 ], [ -43.472397, -9.77082 ], [ -43.472192436542613, -9.771797472618141 ], [ -43.466373, -9.770631 ], [ -43.465986447979127, -9.772478779913857 ], [ -43.456085, -9.770494 ], [ -43.455711156367919, -9.772281893386925 ], [ -43.446922, -9.77052 ], [ -43.446355882997814, -9.773227926898995 ], [ -43.43364, -9.770679 ], [ -43.433609239709689, -9.770826161223699 ], [ -43.432426, -9.770589 ], [ -43.432022010785047, -9.772522460946975 ], [ -43.42252, -9.770618 ], [ -43.422231603244839, -9.771996816935147 ], [ -43.034798, -9.693925 ], [ -43.034569722279123, -9.695006555498582 ], [ -43.029823, -9.69405 ], [ -43.029547829796286, -9.695353550534227 ], [ -43.0236, -9.694155 ], [ -43.023269191773686, -9.695722681213411 ], [ -43.016293, -9.694317 ], [ -43.015921304889027, -9.696079080647939 ], [ -43.007732, -9.694429 ], [ -43.00737917005339, -9.69610179240477 ], [ -42.998234, -9.694259 ], [ -42.997923488493882, -9.695731503382126 ], [ -42.991966, -9.694531 ], [ -42.990715213626046, -9.700462822674345 ], [ -42.60452, -9.622199 ], [ -42.604156573675297, -9.623910039259297 ], [ -42.595936, -9.622244 ], [ -42.5955738666107, -9.623948801814972 ], [ -42.58581, -9.62197 ], [ -42.585465347311469, -9.623592525589322 ], [ -42.57814, -9.622108 ], [ -42.309853, -10.885184 ], [ -42.878048, -10.999463 ], [ -42.8783863041849, -10.997848409798728 ], [ -42.885807, -10.999341 ], [ -42.886158272845414, -10.997664604877176 ], [ -42.89499, -10.999441 ], [ -42.895347971521126, -10.99773266138477 ], [ -42.904354, -10.999544 ], [ -42.905637710819853, -10.993417259660189 ], [ -43.30613, -11.073451 ], [ -43.306428082653099, -11.072022676351049 ], [ -43.312645, -11.073265 ], [ -43.313004448941157, -11.071542551757085 ], [ -43.32211, -11.073362 ], [ -43.322475675449716, -11.071609582239553 ], [ -43.330635, -11.07324 ], [ -43.330947127263677, -11.07174457320132 ], [ -43.33801, -11.073156 ], [ -43.338281619249635, -11.071854653951581 ], [ -43.344273, -11.073052 ], [ -43.344501427493654, -11.071957512420234 ], [ -43.349583, -11.072973 ], [ -43.349908073670136, -11.071414167484667 ], [ -43.661797, -11.133359 ], [ -43.662190536337889, -11.131457331741929 ], [ -43.671936, -11.133393 ], [ -43.671966532829153, -11.133245420742986 ], [ -43.673077, -11.133466 ], [ -43.673636957843115, -11.130759727523557 ], [ -43.686455, -11.133306 ], [ -43.686822866362569, -11.131527671923395 ], [ -43.695564, -11.133264 ], [ -43.695940878304356, -11.131441570054115 ], [ -43.705715, -11.133383 ], [ -43.705911458022889, -11.132432053896791 ], [ -43.71159, -11.13356 ], [ -43.711799302972636, -11.1325473298182 ], [ -43.71586, -11.133354 ], [ -43.716148431933611, -11.131957949898002 ], [ -43.72309, -11.133337 ], [ -43.723393637742042, -11.131867841127834 ], [ -43.73016, -11.133212 ], [ -43.773103471303259, -10.925727876906013 ], [ -44.08581, -10.988633 ], [ -44.08614747722244, -10.987039320673171 ], [ -44.09501, -10.988822 ], [ -44.095301535498827, -10.987443029074617 ], [ -44.102192, -10.988829 ], [ -44.10247323208025, -10.987493534631501 ], [ -44.10949, -10.988905 ], [ -44.109793106546654, -10.987458998209082 ], [ -44.117493, -10.989008 ], [ -44.117772510833298, -10.987674667888236 ], [ -44.124435, -10.989015 ], [ -44.124726881960683, -10.987624746385883 ], [ -44.131454, -10.988978 ], [ -44.131807072756224, -10.98729129254354 ], [ -44.503532, -11.061602 ], [ -44.503850979264406, -11.060063795735331 ], [ -44.51157, -11.061607 ], [ -44.51187825756984, -11.060126494828609 ], [ -44.519173, -11.061585 ], [ -44.519496443093416, -11.060030515179472 ], [ -44.526436, -11.061418 ], [ -44.526718699457852, -11.060059354762512 ], [ -44.5347, -11.061655 ], [ -44.535071756348835, -11.059866424430629 ], [ -44.543198, -11.061491 ], [ -44.543539050926519, -11.059847331671891 ], [ -44.55183, -11.061505 ], [ -44.552137417453366, -11.06002630247467 ], [ -44.86303, -11.121813 ], [ -44.863362362144422, -11.120193272830015 ], [ -44.870647, -11.121641 ], [ -44.870945770252206, -11.120184990800754 ], [ -44.877563, -11.1215 ], [ -45.131973, -9.882581 ], [ -44.63024, -9.781978 ], [ -44.629939375028449, -9.783429490770937 ], [ -44.62304, -9.782046 ], [ -44.622705328335336, -9.783661477421191 ], [ -44.615856, -9.782288 ], [ -44.615592330938512, -9.783558718584267 ], [ -44.2351, -9.706858 ], [ -44.234748300399559, -9.708521225163084 ], [ -44.226353, -9.706829 ], [ -44.225973775960846, -9.708617997347332 ], [ -44.21819, -9.707049 ], [ -44.217898797297927, -9.708423756440116 ], [ -44.209953, -9.706822 ] ] ] } },
{ "type": "Feature", "properties": { "orbit_key": "SCS_T020_F303", "dataset": "BIOMASS", "collection": "BiomassLevel1a", "product_type": "S1_SCS__1S", "mode": "SCS", "orbit_state": "ASCENDING", "track": "T020", "track_number": 20, "frame": "F303", "frame_number": 303, "scene_count": 82, "unique_footprints": 41, "repeat_cycles": "1,10,2,3,4,5,6,7,8,9", "absolute_orbits": "3036,3080,3124,3168,3344,3388,3432,3476,3520,3564,3608,3652,3696,3740,3784,3828,3872,3916,3960,4004,4048,4224,4268,4312,4356,4400,4444,4488,4532,4576,4620,4664,4708,4752,4796,4840,4884,4928", "first_start_time": "2025-11-22T08:46:39.086Z", "last_stop_time": "2026-03-31T08:52:14.872Z", "example_scene": "BIO_S2_SCS__1S_20251213T084651_20251213T084712_T_G01_M01_C01_T020_F303_01_DJL99U" }, "geometry": { "type": "Polygon", "coordinates": [ [ [ -44.436462, -8.551553 ], [ -44.436127500225687, -8.553135526619442 ], [ -44.428486, -8.551584 ], [ -44.42816116309281, -8.553119828738533 ], [ -44.06652, -8.479338 ], [ -44.066229323052113, -8.480734135237448 ], [ -44.06269, -8.480012 ], [ -44.062380955012657, -8.481476892383993 ], [ -44.052525, -8.479466 ], [ -44.052246685559822, -8.480803381849807 ], [ -44.043858, -8.479092 ], [ -44.043569907918858, -8.480479213199073 ], [ -44.03701, -8.479141 ], [ -44.036723973439024, -8.480515190788863 ], [ -44.030434, -8.479232 ], [ -44.030111454516792, -8.480777235862076 ], [ -44.02042, -8.4788 ], [ -43.981452658479341, -8.665951125646458 ], [ -43.730915, -8.615321 ], [ -43.730612265190274, -8.61677987639422 ], [ -43.72374, -8.615391 ], [ -43.723453636521036, -8.616772073214367 ], [ -43.716976, -8.615463 ], [ -43.716749486208521, -8.616551569423004 ], [ -43.71304, -8.615802 ], [ -43.71285637516236, -8.616683376891215 ], [ -43.70698, -8.615496 ], [ -43.706572887631815, -8.617450582871445 ], [ -43.696945, -8.615505 ], [ -43.696582581650873, -8.617243797210284 ], [ -43.688206, -8.615551 ], [ -43.687620513613325, -8.618352926509241 ], [ -43.67521, -8.615845 ], [ -43.675183839245136, -8.615970075358739 ], [ -43.674065, -8.615744 ], [ -43.673651028750022, -8.617723458590254 ], [ -43.663998, -8.615773 ], [ -43.663716869761444, -8.617117974184321 ], [ -43.276775, -8.538567 ], [ -43.276527798432049, -8.53974117049653 ], [ -43.271877, -8.538797 ], [ -43.271610703517659, -8.540061193635029 ], [ -43.266068, -8.538936 ], [ -43.26575385752777, -8.540425359517453 ], [ -43.259205, -8.539096 ], [ -43.258852821346942, -8.540763234628505 ], [ -43.25092, -8.539153 ], [ -43.250524080597749, -8.541025892383342 ], [ -43.24148, -8.53919 ], [ -43.241163180632206, -8.540687794635922 ], [ -43.235184, -8.539474 ], [ -43.233917634882907, -8.545460502409135 ], [ -42.846474, -8.466417 ], [ -42.846100668917806, -8.468178168683318 ], [ -42.8379, -8.466505 ], [ -42.837521467493914, -8.468290578002218 ], [ -42.82776, -8.466299 ], [ -42.827411737228893, -8.467941786144255 ], [ -42.82008, -8.466446 ], [ -42.5523, -9.729648 ], [ -43.117237, -9.844068 ], [ -43.117579946066428, -9.842430066928827 ], [ -43.12501, -9.843935 ], [ -43.125377080768679, -9.842181908849035 ], [ -43.13421, -9.843971 ], [ -43.134578816677767, -9.842209612040438 ], [ -43.143562, -9.844029 ], [ -43.144839050252251, -9.83792962545602 ], [ -43.54649, -9.918811 ], [ -43.546804619980428, -9.917295341463626 ], [ -43.5531, -9.918563 ], [ -43.553485651086461, -9.916704743763177 ], [ -43.56264, -9.918548 ], [ -43.562984547207535, -9.916885168043125 ], [ -43.571342, -9.918568 ], [ -43.571648000197577, -9.917087708149761 ], [ -43.578716, -9.918511 ], [ -43.578976394290706, -9.917250955350175 ], [ -43.58501, -9.918466 ], [ -43.585243377929146, -9.917336848560288 ], [ -43.590225, -9.91834 ], [ -43.590534031573355, -9.916843620818126 ], [ -43.899982, -9.978819 ], [ -43.900380517248941, -9.976871774958687 ], [ -43.909893, -9.978777 ], [ -43.909917580297524, -9.978657144989285 ], [ -43.91114, -9.978902 ], [ -43.911715378287518, -9.976095835550277 ], [ -43.924606, -9.978678 ], [ -43.924962151286095, -9.97694444242395 ], [ -43.933437, -9.978642 ], [ -43.933833809617425, -9.976712342424499 ], [ -43.943428, -9.978634 ], [ -43.943604657949727, -9.977781295238261 ], [ -43.94905, -9.978872 ], [ -43.949276112152788, -9.977775712964851 ], [ -43.953316, -9.978585 ], [ -43.953598586809953, -9.97721736263661 ], [ -43.96071, -9.978642 ], [ -43.961010537219543, -9.977186106772411 ], [ -43.967884, -9.978563 ], [ -44.011084162100474, -9.769535191121202 ], [ -44.328297, -9.83379 ], [ -44.328627533089666, -9.832206172024247 ], [ -44.337395, -9.833982 ], [ -44.337680002748932, -9.832616502167154 ], [ -44.34456, -9.83401 ], [ -44.344845892978419, -9.832640498785166 ], [ -44.351765, -9.834042 ], [ -44.352048598588595, -9.832684035203968 ], [ -44.35971, -9.834236 ], [ -44.360001848141778, -9.832838620994174 ], [ -44.366505, -9.834156 ], [ -44.366796187394776, -9.832762279267682 ], [ -44.37302, -9.834023 ], [ -44.3733905972123, -9.832251479568317 ], [ -44.74231, -9.906569 ], [ -44.742636864133665, -9.905003028695592 ], [ -44.751095, -9.906707 ], [ -44.751400876749649, -9.905236384375749 ], [ -44.75941, -9.90685 ], [ -44.759720410932502, -9.905352932817379 ], [ -44.765503, -9.906518 ], [ -44.765828041177926, -9.904955402294135 ], [ -44.77418, -9.906638 ], [ -44.774506903450835, -9.905064915059269 ], [ -44.782787, -9.906733 ], [ -44.783163687984718, -9.904919348121444 ], [ -44.79158, -9.906615 ], [ -44.791881173585288, -9.905165545966645 ], [ -45.10017, -9.966949 ], [ -45.100510952178659, -9.965292186635089 ], [ -45.10791, -9.966775 ], [ -45.108209865988314, -9.965317559779534 ], [ -45.114864, -9.966651 ], [ -45.370304, -8.727711 ], [ -44.871246, -8.626838 ], [ -44.870930966890619, -8.628351419682724 ], [ -44.864483, -8.627048 ], [ -44.864138256408609, -8.628700026531355 ], [ -44.85698, -8.627253 ], [ -44.856702346937801, -8.628583151305179 ], [ -44.47531, -8.551134 ], [ -44.474929511463216, -8.552963239465599 ], [ -44.466965, -8.551346 ], [ -44.466632628533873, -8.552919453098749 ], [ -44.459076, -8.551385 ], [ -44.458754175311611, -8.5529044426165 ], [ -44.450947, -8.551319 ], [ -44.450629023125977, -8.55282283580115 ], [ -44.444046, -8.551486 ], [ -44.443720179573397, -8.553026821742169 ], [ -44.436462, -8.551553 ] ] ] } },
{ "type": "Feature", "properties": { "orbit_key": "SCS_T020_F304", "dataset": "BIOMASS", "collection": "BiomassLevel1a", "product_type": "S1_SCS__1S", "mode": "SCS", "orbit_state": "ASCENDING", "track": "T020", "track_number": 20, "frame": "F304", "frame_number": 304, "scene_count": 82, "unique_footprints": 41, "repeat_cycles": "1,10,2,3,4,5,6,7,8,9", "absolute_orbits": "3036,3080,3124,3168,3344,3388,3432,3476,3520,3564,3608,3652,3696,3740,3784,3828,3872,3916,3960,4004,4048,4224,4268,4312,4356,4400,4444,4488,4532,4576,4620,4664,4708,4752,4796,4840,4884,4928", "first_start_time": "2025-11-22T08:46:58.094Z", "last_stop_time": "2026-03-31T08:52:33.878Z", "example_scene": "BIO_S2_SCS__1M_20251213T084710_20251213T084731_T_G01_M01_C01_T020_F304_01_DJL9BW" }, "geometry": { "type": "Polygon", "coordinates": [ [ [ -44.666325, -7.395403 ], [ -44.666028951168919, -7.396836523266596 ], [ -44.30795, -7.323307 ], [ -44.307667336921831, -7.324648010885009 ], [ -44.301556, -7.323393 ], [ -44.301257439985889, -7.32480357544094 ], [ -44.295338, -7.323588 ], [ -44.295023611690915, -7.325069387050913 ], [ -44.288418, -7.323713 ], [ -44.288119131913056, -7.325110551575972 ], [ -44.281303, -7.323711 ], [ -44.281014474102363, -7.325055516161338 ], [ -44.274082, -7.323632 ], [ -44.273719454438421, -7.32532157890021 ], [ -44.26443, -7.323414 ], [ -44.224108657309984, -7.511623613348111 ], [ -43.972145, -7.46031 ], [ -43.97185023764559, -7.461734442896592 ], [ -43.964645, -7.460267 ], [ -43.96434898210255, -7.461699204155786 ], [ -43.957626, -7.46033 ], [ -43.957420524852537, -7.461322705228713 ], [ -43.95368, -7.460561 ], [ -43.953464643638789, -7.461601074298843 ], [ -43.947807, -7.460449 ], [ -43.947432882157457, -7.462256525742543 ], [ -43.937786, -7.460292 ], [ -43.93741142112804, -7.462101977027549 ], [ -43.92873, -7.460334 ], [ -43.928163165208822, -7.463073591274704 ], [ -43.91526, -7.460446 ], [ -43.915198604159357, -7.460743028089039 ], [ -43.91401, -7.460501 ], [ -43.913644450826027, -7.462269863812502 ], [ -43.90369, -7.460243 ], [ -43.903358368898218, -7.461849097337792 ], [ -43.515923, -7.382639 ], [ -43.515685806254801, -7.383786672779077 ], [ -43.51018, -7.382661 ], [ -43.509932067500849, -7.383864593113523 ], [ -43.504314, -7.382716 ], [ -43.504005721517345, -7.384209826800637 ], [ -43.496723, -7.382721 ], [ -43.496332416342646, -7.384615414571797 ], [ -43.48822, -7.382957 ], [ -43.487855239800609, -7.384727082129064 ], [ -43.478703, -7.382856 ], [ -43.478384585889458, -7.384402478159953 ], [ -43.47309, -7.38332 ], [ -43.471883214703205, -7.389165160533067 ], [ -43.088596, -7.310468 ], [ -43.088223761123025, -7.312226587857339 ], [ -43.080044, -7.310547 ], [ -43.07966217931147, -7.312350685676292 ], [ -43.069904, -7.310347 ], [ -43.06955369170074, -7.312001840226825 ], [ -43.06221, -7.310494 ], [ -42.794773, -8.573918 ], [ -43.35669, -8.68849 ], [ -43.35703499618581, -8.686841945236058 ], [ -43.36447, -8.688358 ], [ -43.364841475592549, -8.68658356860186 ], [ -43.373676, -8.688385 ], [ -43.374044341008457, -8.686625564496234 ], [ -43.383007, -8.688453 ], [ -43.384260816615331, -8.6824634426542 ], [ -43.783947, -8.763549 ], [ -43.784259181352702, -8.762044474914735 ], [ -43.790527, -8.763316 ], [ -43.790904057330927, -8.761499008595228 ], [ -43.800083, -8.763361 ], [ -43.800462114681963, -8.761536028978341 ], [ -43.809, -8.763268 ], [ -43.809308156429736, -8.761784952049505 ], [ -43.81616, -8.763175 ], [ -43.816410721075457, -8.761971096715206 ], [ -43.82373, -8.763456 ], [ -43.823969966457966, -8.76229670449467 ], [ -43.828674, -8.763251 ], [ -43.829032728140369, -8.761517746468687 ], [ -44.136646, -8.823627 ], [ -44.137007209378481, -8.82188881306652 ], [ -44.147602, -8.824028 ], [ -44.147663293331526, -8.823731929203856 ], [ -44.148872, -8.823976 ], [ -44.14943861003534, -8.821238655880659 ], [ -44.162167, -8.823809 ], [ -44.162540375363363, -8.822006038024762 ], [ -44.17138, -8.823791 ], [ -44.171747977268268, -8.822009666877893 ], [ -44.18109, -8.823896 ], [ -44.181299461084286, -8.822882593461213 ], [ -44.18665, -8.823963 ], [ -44.186856891685771, -8.822964137319707 ], [ -44.190575, -8.823715 ], [ -44.190869670127633, -8.822295853468438 ], [ -44.19807, -8.82375 ], [ -44.198365300167893, -8.822328610900463 ], [ -44.20528, -8.823725 ], [ -44.249015080285666, -8.61327954471343 ], [ -44.56745, -8.678217 ], [ -44.5677916302445, -8.676544242889783 ], [ -44.5765, -8.67832 ], [ -44.576772503069421, -8.676980536360146 ], [ -44.583626, -8.678378 ], [ -44.583908760057952, -8.676997098100131 ], [ -44.590862, -8.678415 ], [ -44.59115928516708, -8.676969798450447 ], [ -44.5988, -8.678528 ], [ -44.599089031750736, -8.67712317289126 ], [ -44.605644, -8.67846 ], [ -44.605920328409624, -8.677116729466503 ], [ -44.612473, -8.678453 ], [ -44.612810999664106, -8.676810142089041 ], [ -44.983295, -8.751994 ], [ -44.983631268796145, -8.750360427276183 ], [ -44.99137, -8.751931 ], [ -44.991685852673136, -8.750395222124352 ], [ -44.99909, -8.751898 ], [ -44.999386149601463, -8.750455412896107 ], [ -45.006134, -8.751825 ], [ -45.006459391013898, -8.750242185222033 ], [ -45.014347, -8.751843 ], [ -45.014682959047853, -8.750205124176983 ], [ -45.02264, -8.75182 ], [ -45.023009827865664, -8.750014066535902 ], [ -45.031548, -8.751747 ], [ -45.031838800953558, -8.75032764023222 ], [ -45.33843, -8.812267 ], [ -45.338767199701891, -8.810631760337753 ], [ -45.34602, -8.812097 ], [ -45.346333192837172, -8.810577172626985 ], [ -45.353832, -8.812092 ], [ -45.608547, -7.572904 ], [ -45.1115, -7.471657 ], [ -45.111185016552781, -7.473171993496248 ], [ -45.1058, -7.472075 ], [ -45.105460350576195, -7.473704619000276 ], [ -45.09858, -7.472303 ], [ -45.098316299006271, -7.473572782165336 ], [ -44.710926, -7.394344 ], [ -44.710554613442362, -7.396163828741934 ], [ -44.70192, -7.394398 ], [ -44.701584880297148, -7.396039195656507 ], [ -44.693726, -7.394432 ], [ -44.69339967835139, -7.396033460952044 ], [ -44.68554, -7.394426 ], [ -44.685244232183571, -7.395877414274837 ], [ -44.678925, -7.394585 ], [ -44.678609067233516, -7.396133070680513 ], [ -44.67211, -7.394804 ], [ -44.671759830038724, -7.396514361706177 ], [ -44.666325, -7.395403 ] ] ] } },
{ "type": "Feature", "properties": { "orbit_key": "SCS_T020_F305", "dataset": "BIOMASS", "collection": "BiomassLevel1a", "product_type": "S1_SCS__1S", "mode": "SCS", "orbit_state": "ASCENDING", "track": "T020", "track_number": 20, "frame": "F305", "frame_number": 305, "scene_count": 80, "unique_footprints": 40, "repeat_cycles": "1,10,2,3,4,5,6,7,8,9", "absolute_orbits": "3036,3080,3124,3168,3344,3388,3432,3476,3520,3564,3608,3652,3696,3740,3784,3828,3872,3916,3960,4004,4048,4224,4268,4312,4356,4400,4444,4488,4532,4576,4620,4664,4708,4752,4796,4840,4884,4928", "first_start_time": "2025-11-22T08:47:17.100Z", "last_stop_time": "2026-03-31T08:52:52.884Z", "example_scene": "BIO_S2_SCS__1S_20251231T084739_20251231T084800_T_G01_M01_C07_T020_F305_01_DKIPIM" }, "geometry": { "type": "Polygon", "coordinates": [ [ [ -45.584686, -7.657344 ], [ -45.585014607107858, -7.655762085076278 ], [ -45.59195, -7.657174 ], [ -45.849174, -6.418262 ], [ -45.35565, -6.316983 ], [ -45.355303777533472, -6.318618976764601 ], [ -45.348034, -6.317127 ], [ -45.347730581058777, -6.31857168625714 ], [ -45.34074, -6.317137 ], [ -45.340420915860818, -6.31865897135716 ], [ -44.955364, -6.239372 ], [ -44.95498676308037, -6.241156684564445 ], [ -44.94679, -6.239469 ], [ -44.946404411703149, -6.241289295820054 ], [ -44.93837, -6.239635 ], [ -44.938066075945393, -6.241076156599711 ], [ -44.929688, -6.239351 ], [ -44.929381010902858, -6.240802697342335 ], [ -44.922394, -6.239364 ], [ -44.922066619665678, -6.240918812907182 ], [ -44.91435, -6.23933 ], [ -44.91399303389467, -6.241023664310335 ], [ -44.905888, -6.239355 ], [ -44.905561344059819, -6.240918145653835 ], [ -44.55187, -6.167841 ], [ -44.55159764270023, -6.169129863874604 ], [ -44.545776, -6.167927 ], [ -44.545461880271546, -6.169401336259941 ], [ -44.539062, -6.168079 ], [ -44.538748406072088, -6.169552077865421 ], [ -44.529987, -6.167742 ], [ -44.529706177705847, -6.169068416478775 ], [ -44.52315, -6.167714 ], [ -44.522851581660156, -6.169126632360991 ], [ -44.513947, -6.167287 ], [ -44.513594864344547, -6.168966822574248 ], [ -44.50605, -6.167408 ], [ -44.466182491516072, -6.356962268885122 ], [ -44.211395, -6.304687 ], [ -44.211097052232773, -6.30611375297522 ], [ -44.204514, -6.304763 ], [ -44.204212094522553, -6.306206367938436 ], [ -44.19688, -6.304702 ], [ -44.196651438878881, -6.3057951315745 ], [ -44.192917, -6.305029 ], [ -44.192719275034221, -6.305974078601989 ], [ -44.18685, -6.30477 ], [ -44.186441843711229, -6.306719662257244 ], [ -44.17864, -6.305119 ], [ -44.178268127575187, -6.306880561978299 ], [ -44.16958, -6.305098 ], [ -44.168981475642632, -6.307933469479369 ], [ -44.15636, -6.305344 ], [ -44.156336155946533, -6.305456927022009 ], [ -44.155113, -6.305206 ], [ -44.154721855672392, -6.307058518502902 ], [ -44.144814, -6.305026 ], [ -44.144471794895189, -6.306650166187288 ], [ -43.75747, -6.226987 ], [ -43.757230592300253, -6.228125721515846 ], [ -43.753098, -6.227275 ], [ -43.752835322723506, -6.228518130928411 ], [ -43.746597, -6.227234 ], [ -43.74624453082405, -6.228906026083575 ], [ -43.739258, -6.227468 ], [ -43.738896114813137, -6.229186326223021 ], [ -43.730907, -6.227542 ], [ -43.730539196294124, -6.2292885159803 ], [ -43.72185, -6.2275 ], [ -43.721519448746584, -6.229070556993261 ], [ -43.716785, -6.228096 ], [ -43.715529156199061, -6.234042904138613 ], [ -43.330612, -6.154526 ], [ -43.329850412442255, -6.158127240749832 ], [ -43.311935, -6.154426 ], [ -43.311592396609903, -6.156045873472637 ], [ -43.30424, -6.154527 ], [ -43.03701, -7.418091 ], [ -43.596188, -7.532839 ], [ -43.596525445110842, -7.531227618666136 ], [ -43.603973, -7.532756 ], [ -43.604721282550287, -7.52918286434623 ], [ -43.622494, -7.53283 ], [ -43.623765844986877, -7.526756463767426 ], [ -44.02289, -7.608305 ], [ -44.023222577454071, -7.606714112683446 ], [ -44.029438, -7.607984 ], [ -44.029801446864404, -7.606247128035017 ], [ -44.040173, -7.608366 ], [ -44.040528159358594, -7.60665680658091 ], [ -44.04886, -7.608359 ], [ -44.049205601295128, -7.606690517379406 ], [ -44.05607, -7.608093 ], [ -44.056312451193094, -7.606915720786428 ], [ -44.062138, -7.608106 ], [ -44.062375743110714, -7.60695202190645 ], [ -44.06704, -7.607905 ], [ -44.067396463981083, -7.606176883791299 ], [ -44.37683, -7.669137 ], [ -44.377204747313591, -7.66731661388676 ], [ -44.386387, -7.669185 ], [ -44.386410812810823, -7.669069926418374 ], [ -44.387394, -7.66927 ], [ -44.387980947141109, -7.666434701540396 ], [ -44.40155, -7.669196 ], [ -44.401912162899677, -7.667442547628911 ], [ -44.410873, -7.669266 ], [ -44.411270870380967, -7.667338720495151 ], [ -44.420998, -7.669318 ], [ -44.421199937642797, -7.668338747373005 ], [ -44.426838, -7.669486 ], [ -44.427053667900431, -7.66844327102485 ], [ -44.431175, -7.669282 ], [ -44.431469721739184, -7.667855073665744 ], [ -44.43854, -7.669294 ], [ -44.438834821345345, -7.667864722901742 ], [ -44.445637, -7.669249 ], [ -44.48944681781407, -7.457452353495076 ], [ -44.80305, -7.521821 ], [ -44.803395368443049, -7.520162502368156 ], [ -44.81209, -7.521947 ], [ -44.812383036821721, -7.520540806651437 ], [ -44.819298, -7.52196 ], [ -44.819571791002794, -7.52064855239563 ], [ -44.826702, -7.522112 ], [ -44.827002551592116, -7.520677688720604 ], [ -44.83476, -7.52227 ], [ -44.835066513422618, -7.520800611209365 ], [ -44.841694, -7.522161 ], [ -44.841963547643289, -7.520873306820627 ], [ -44.84851, -7.522217 ], [ -44.848873561371029, -7.520469423452035 ], [ -45.219627, -7.596247 ], [ -45.219965874158845, -7.594627371572953 ], [ -45.22833, -7.596337 ], [ -45.228664235982045, -7.594736207114134 ], [ -45.235962, -7.596228 ], [ -45.236263465469406, -7.594782313319728 ], [ -45.242504, -7.596058 ], [ -45.242802013212, -7.59463175757095 ], [ -45.25089, -7.596285 ], [ -45.251256932629353, -7.594527659207039 ], [ -45.25846, -7.596 ], [ -45.258831382136343, -7.594225357676232 ], [ -45.268555, -7.596213 ], [ -45.268898649770705, -7.594562612770155 ], [ -45.577217, -7.657336 ], [ -45.577518441475711, -7.655884704973705 ], [ -45.584686, -7.657344 ] ] ] } },
{ "type": "Feature", "properties": { "orbit_key": "SCS_T020_F306", "dataset": "BIOMASS", "collection": "BiomassLevel1a", "product_type": "S1_SCS__1S", "mode": "SCS", "orbit_state": "ASCENDING", "track": "T020", "track_number": 20, "frame": "F306", "frame_number": 306, "scene_count": 80, "unique_footprints": 40, "repeat_cycles": "1,10,2,3,4,5,6,7,8,9", "absolute_orbits": "3036,3080,3124,3168,3344,3388,3432,3476,3520,3564,3608,3652,3696,3740,3784,3828,3872,3916,3960,4004,4048,4224,4268,4312,4356,4400,4444,4488,4532,4576,4620,4664,4708,4752,4796,4840,4884,4928", "first_start_time": "2025-11-22T08:47:28.205Z", "last_stop_time": "2026-03-31T08:53:11.890Z", "example_scene": "BIO_S1_SCS__1M_20251201T084742_20251201T084802_T_G01_M01_C04_T020_F306_01_DKPSP6" }, "geometry": { "type": "Polygon", "coordinates": [ [ [ -45.824184, -6.502565 ], [ -45.824505667587296, -6.500997331471537 ], [ -45.83093, -6.502315 ], [ -46.086483, -5.262888 ], [ -45.59298, -5.160885 ], [ -45.592643333933097, -5.16250485071367 ], [ -45.585968, -5.161125 ], [ -45.585618501440727, -5.162804975474845 ], [ -45.57917, -5.161472 ], [ -45.578905212693492, -5.162743015367753 ], [ -45.196865, -5.083562 ], [ -45.196475074025926, -5.085416073268799 ], [ -45.187717, -5.083601 ], [ -45.187363016751952, -5.085284856884078 ], [ -45.179436, -5.083642 ], [ -45.179099906544216, -5.085245844501 ], [ -45.170696, -5.083504 ], [ -45.170384165803306, -5.084995609554016 ], [ -45.163834, -5.083638 ], [ -45.163494361411288, -5.085260548599832 ], [ -45.1565, -5.083811 ], [ -45.156168668020619, -5.085391524037822 ], [ -45.14845, -5.083792 ], [ -45.148133335910849, -5.085305815843904 ], [ -44.791412, -5.011173 ], [ -44.791107359570837, -5.012645850092079 ], [ -44.783424, -5.011049 ], [ -44.783131203528207, -5.012470186042417 ], [ -44.77611, -5.011011 ], [ -44.775813911156476, -5.012451245523027 ], [ -44.76948, -5.011135 ], [ -44.769186120376588, -5.012555242301781 ], [ -44.76098, -5.01085 ], [ -44.760678825059969, -5.012312164555086 ], [ -44.754143, -5.010954 ], [ -44.753823620787458, -5.012501758784683 ], [ -44.745274, -5.010725 ], [ -44.705757767099264, -5.201686706516215 ], [ -44.450115, -5.148859 ], [ -44.449800319242236, -5.150396272870749 ], [ -44.44301, -5.148993 ], [ -44.442724865177972, -5.150385522151143 ], [ -44.435696, -5.148933 ], [ -44.435466965060606, -5.150051330035184 ], [ -44.431313, -5.149193 ], [ -44.431135951792356, -5.150058248291773 ], [ -44.42554, -5.148902 ], [ -44.425142723374783, -5.150842238024321 ], [ -44.415264, -5.148801 ], [ -44.414888264379847, -5.150632303029665 ], [ -44.40681, -5.148963 ], [ -44.406230728114743, -5.151779319193624 ], [ -44.393066, -5.149059 ], [ -44.393018939806147, -5.149288349824721 ], [ -44.391575, -5.14899 ], [ -44.391177331323419, -5.150929161094098 ], [ -44.382484, -5.149133 ], [ -44.382158324373805, -5.150713908625408 ], [ -43.99758, -5.071032 ], [ -43.997371989317777, -5.072044404040462 ], [ -43.99279, -5.071095 ], [ -43.992501353128681, -5.072495300423915 ], [ -43.98666, -5.071285 ], [ -43.986350940761469, -5.07278389345021 ], [ -43.97915, -5.071292 ], [ -43.978784003274356, -5.073072560378706 ], [ -43.970764, -5.071411 ], [ -43.970388677814206, -5.073235685328807 ], [ -43.96163, -5.071421 ], [ -43.961321174528415, -5.072921516407425 ], [ -43.955585, -5.071733 ], [ -43.954320694006356, -5.077875682896183 ], [ -43.573814, -4.998811 ], [ -43.573049544338971, -5.002427074152446 ], [ -43.555157, -4.998709 ], [ -43.554823229248676, -5.000287592803502 ], [ -43.547462, -4.998758 ], [ -43.178745, -6.742723 ], [ -43.73663, -6.857621 ], [ -43.736921839821953, -6.85622833237609 ], [ -43.744373, -6.857763 ], [ -43.845791392745568, -6.373813402628801 ], [ -43.862373, -6.377237 ], [ -43.863681767024964, -6.370992777746752 ], [ -44.262768, -6.453092 ], [ -44.263067532572066, -6.451632054909663 ], [ -44.268925, -6.452837 ], [ -44.269309811686504, -6.450962402270712 ], [ -44.278107, -6.452772 ], [ -44.278459157615686, -6.451058077854273 ], [ -44.286057, -6.452621 ], [ -44.286363793252526, -6.451131992755622 ], [ -44.29314, -6.452526 ], [ -44.293427955353081, -6.45113048141512 ], [ -44.29938, -6.452355 ], [ -44.299591841214429, -6.451328549210808 ], [ -44.30428, -6.452293 ], [ -44.304624058516289, -6.450627764951691 ], [ -44.616035, -6.514465 ], [ -44.616437086206304, -6.512497901859749 ], [ -44.625813, -6.51442 ], [ -44.625858853579494, -6.514196053684078 ], [ -44.627117, -6.514454 ], [ -44.627681989978782, -6.511694806487997 ], [ -44.64133, -6.514493 ], [ -44.64170471382085, -6.512668678956684 ], [ -44.65053, -6.514478 ], [ -44.650923093270784, -6.512561836556315 ], [ -44.66066, -6.514558 ], [ -44.660843949504923, -6.513660473876765 ], [ -44.666412, -6.514802 ], [ -44.666630326367276, -6.513735596541931 ], [ -44.670734, -6.514577 ], [ -44.671016725684574, -6.513196318416258 ], [ -44.678204, -6.51467 ], [ -44.678518692500944, -6.513132264984048 ], [ -44.685253, -6.514513 ], [ -44.728957457963574, -6.301307599377263 ], [ -45.04139, -6.365832 ], [ -45.04170910583742, -6.364304795728623 ], [ -45.050407, -6.366101 ], [ -45.050723444414501, -6.364588480055215 ], [ -45.057365, -6.36596 ], [ -45.057658106910473, -6.364557979390416 ], [ -45.064384, -6.365947 ], [ -45.064678637255746, -6.364544537797081 ], [ -45.072113, -6.36608 ], [ -45.072410252172837, -6.364667616273604 ], [ -45.079636, -6.36616 ], [ -45.07994410862625, -6.364687360250824 ], [ -45.086697, -6.366082 ], [ -45.087035328145255, -6.364469109838536 ], [ -45.459423, -6.441101 ], [ -45.45974844229022, -6.439533818131154 ], [ -45.46766, -6.441162 ], [ -45.46799293174471, -6.439554625307647 ], [ -45.475487, -6.441097 ], [ -45.475794529882776, -6.439607733064642 ], [ -45.482117, -6.440909 ], [ -45.48244574461711, -6.439319835448197 ], [ -45.4906, -6.440998 ], [ -45.490949206994877, -6.439313885803732 ], [ -45.499016, -6.440974 ], [ -45.499395980760617, -6.439132846065414 ], [ -45.508026, -6.440909 ], [ -45.508311755954082, -6.439530788495546 ], [ -45.816547, -6.502757 ], [ -45.816892843749841, -6.501069457339959 ], [ -45.824184, -6.502565 ] ] ] } },
{ "type": "Feature", "properties": { "orbit_key": "SCS_T020_F307", "dataset": "BIOMASS", "collection": "BiomassLevel1a", "product_type": "S1_SCS__1S", "mode": "SCS", "orbit_state": "ASCENDING", "track": "T020", "track_number": 20, "frame": "F307", "frame_number": 307, "scene_count": 86, "unique_footprints": 43, "repeat_cycles": "1,10,2,3,4,5,6,7,8,9,DR", "absolute_orbits": "3036,3080,3124,3168,3344,3388,3432,3476,3520,3564,3608,3652,3696,3740,3784,3828,3872,3916,3960,4004,4048,4092,4136,4224,4268,4312,4356,4400,4444,4488,4532,4576,4620,4664,4708,4752,4796,4840,4884,4928", "first_start_time": "2025-11-22T08:47:55.110Z", "last_stop_time": "2026-03-31T08:53:30.890Z", "example_scene": "BIO_S1_SCS__1M_20251201T084801_20251201T084821_T_G01_M01_C04_T020_F307_01_DKPSPW" }, "geometry": { "type": "Polygon", "coordinates": [ [ [ -45.39527, -3.927325 ], [ -45.394927365683088, -3.928970975765037 ], [ -45.387173, -3.927354 ], [ -45.386835590978528, -3.928977751133667 ], [ -45.03117, -3.854649 ], [ -45.030859925187379, -3.856123874381253 ], [ -45.024315, -3.854756 ], [ -45.024028853721468, -3.85611919034152 ], [ -45.01731, -3.854715 ], [ -45.016998120086583, -3.856203706418657 ], [ -45.00897, -3.854526 ], [ -45.00868738257612, -3.855873750692997 ], [ -45.001472, -3.854366 ], [ -45.001160394481289, -3.855854769653737 ], [ -44.994328, -3.854427 ], [ -44.993985890269165, -3.856061891849815 ], [ -44.985043, -3.854193 ], [ -44.966569065506889, -3.942509597936602 ], [ -44.867336, -3.921813 ], [ -44.849797828073598, -4.005819210541628 ], [ -44.446434, -3.921696 ], [ -44.439105758177263, -3.956719469224923 ], [ -44.238434, -3.914882 ], [ -44.238174259366083, -3.916123411052555 ], [ -44.233635, -3.915177 ], [ -44.233329880582247, -3.916633913231175 ], [ -44.22733, -3.915383 ], [ -44.227028494516333, -3.916823934102645 ], [ -44.22004, -3.915367 ], [ -44.219679948901899, -3.917088960470126 ], [ -44.21142, -3.915367 ], [ -44.211027944515934, -3.917246824476287 ], [ -44.201805, -3.915324 ], [ -44.201482621452641, -3.916869592213105 ], [ -44.195633, -3.91565 ], [ -44.194354450972661, -3.921778070473878 ], [ -43.81631, -3.842787 ], [ -43.815955629820394, -3.844462911059158 ], [ -43.807835, -3.842766 ], [ -43.807431587791257, -3.844673671049536 ], [ -43.79768, -3.842636 ], [ -43.797346382956412, -3.844213624648097 ], [ -43.789978, -3.842674 ], [ -43.522743, -5.106451 ], [ -44.076675, -5.221494 ], [ -44.077005246182928, -5.219920628260661 ], [ -44.08447, -5.221471 ], [ -44.084864179039158, -5.219593131093139 ], [ -44.09444, -5.221582 ], [ -44.094791982598416, -5.219905158988714 ], [ -44.102943, -5.221598 ], [ -44.104246551654491, -5.215387463728359 ], [ -44.172775359295713, -5.229577919385223 ], [ -44.153606, -5.321193 ], [ -44.719234, -5.438274 ], [ -44.736208085996722, -5.356545517298064 ], [ -45.139557, -5.440041 ], [ -45.191419808888206, -5.191383590097645 ], [ -45.2816, -5.210117 ], [ -45.281933782064712, -5.208504505707229 ], [ -45.289658, -5.210109 ], [ -45.289966490883259, -5.208623516654025 ], [ -45.297768, -5.210244 ], [ -45.298042937399259, -5.20891561250027 ], [ -45.303783, -5.210108 ], [ -45.304085579706943, -5.208653698987271 ], [ -45.313488, -5.210607 ], [ -45.31376857227427, -5.209250215565608 ], [ -45.31964, -5.21047 ], [ -45.319946635293043, -5.208991741598723 ], [ -45.326485, -5.21035 ], [ -45.326848649810955, -5.208596686593837 ], [ -45.697956, -5.285466 ], [ -45.698283385347587, -5.283891031359631 ], [ -45.70691, -5.285678 ], [ -45.707232017910769, -5.284127050235517 ], [ -45.71524, -5.285786 ], [ -45.715548827967545, -5.284290316726066 ], [ -45.722397, -5.285709 ], [ -45.722728293010043, -5.284101921104512 ], [ -45.729767, -5.28556 ], [ -45.730117425647997, -5.283873479885408 ], [ -45.73725, -5.285351 ], [ -45.737633275630877, -5.283506492443444 ], [ -45.74589, -5.285217 ], [ -45.746191456672634, -5.283770120032698 ], [ -46.053623, -5.347287 ], [ -46.053967656198907, -5.345626290936538 ], [ -46.060486, -5.346973 ], [ -46.060779166985832, -5.345563605064316 ], [ -46.06749, -5.34695 ], [ -46.325302, -4.10786 ], [ -45.832523, -4.005307 ], [ -45.832231378504744, -4.006709693215048 ], [ -45.825165, -4.005239 ], [ -45.824822261518477, -4.0068957300869 ], [ -45.817924, -4.00546 ], [ -45.817643012288364, -4.006818657430083 ], [ -45.43586, -3.927197 ], [ -45.435459773399856, -3.929116725234808 ], [ -45.426796, -3.92731 ], [ -45.426445279495219, -3.928997959124718 ], [ -45.418404, -3.927321 ], [ -45.418077657420412, -3.928884725543532 ], [ -45.410225, -3.927247 ], [ -45.409912386253936, -3.928744119911669 ], [ -45.403175, -3.927339 ], [ -45.402848944481704, -3.928905487332835 ], [ -45.39527, -3.927325 ] ] ] } },
{ "type": "Feature", "properties": { "orbit_key": "SCS_T020_F308", "dataset": "BIOMASS", "collection": "BiomassLevel1a", "product_type": "S1_SCS__1S", "mode": "SCS", "orbit_state": "ASCENDING", "track": "T020", "track_number": 20, "frame": "F308", "frame_number": 308, "scene_count": 86, "unique_footprints": 43, "repeat_cycles": "1,10,2,3,4,5,6,7,8,9,DR", "absolute_orbits": "3036,3080,3124,3168,3344,3388,3432,3476,3520,3564,3608,3652,3696,3740,3784,3828,3872,3916,3960,4004,4048,4092,4136,4224,4268,4312,4356,4400,4444,4488,4532,4576,4620,4664,4708,4752,4796,4840,4884,4928", "first_start_time": "2025-11-22T08:48:14.112Z", "last_stop_time": "2026-03-31T08:53:49.895Z", "example_scene": "BIO_S2_SCS__1M_20251213T084826_20251213T084847_T_G01_M01_C01_T020_F308_01_DJL9QJ" }, "geometry": { "type": "Polygon", "coordinates": [ [ [ -45.630627, -2.771668 ], [ -45.630257789033784, -2.773418101228068 ], [ -45.274624, -2.698702 ], [ -45.274322543332296, -2.700120415284462 ], [ -45.2677, -2.698729 ], [ -45.267388874253207, -2.700193501186364 ], [ -45.260704, -2.698789 ], [ -45.260403117447346, -2.700205278080787 ], [ -45.252205, -2.698483 ], [ -45.251904618087742, -2.699898720102135 ], [ -45.244675, -2.69838 ], [ -45.244344965827672, -2.699935876997241 ], [ -45.237686, -2.698537 ], [ -45.237371724863728, -2.700017344394307 ], [ -45.229164, -2.698293 ], [ -45.21024640582683, -2.787157248823196 ], [ -45.110424, -2.766215 ], [ -45.092645068754905, -2.850606724009121 ], [ -44.68925, -2.765982 ], [ -44.681818194876421, -2.801307818530035 ], [ -44.480698, -2.759128 ], [ -44.480429784246482, -2.760402306165942 ], [ -44.47536, -2.759339 ], [ -44.475099736609849, -2.760576971463098 ], [ -44.469154, -2.75933 ], [ -44.468830688336745, -2.760867783426919 ], [ -44.461803, -2.759394 ], [ -44.461419168274254, -2.761220142578761 ], [ -44.45325, -2.759507 ], [ -44.452860776875021, -2.761359166579832 ], [ -44.443867, -2.759473 ], [ -44.443536839187082, -2.761044376832446 ], [ -44.437656, -2.759811 ], [ -44.436371634109172, -2.765924157139712 ], [ -44.059116, -2.68668 ], [ -44.058734361773404, -2.688483447955201 ], [ -44.05063, -2.686781 ], [ -44.050242263584181, -2.68861313900653 ], [ -44.040497, -2.686566 ], [ -44.040144771097061, -2.688230355872828 ], [ -44.032764, -2.68668 ], [ -43.76531, -3.950527 ], [ -44.317665, -4.065884 ], [ -44.318013384506273, -4.06422750207324 ], [ -44.325485, -4.065788 ], [ -44.325864612793239, -4.063983105447373 ], [ -44.33544, -4.065983 ], [ -44.335819313865542, -4.064179537813385 ], [ -44.343952, -4.065878 ], [ -44.345251161817714, -4.059700615993134 ], [ -44.738895, -4.141725 ], [ -44.739216118858586, -4.14019459740304 ], [ -44.745342, -4.141471 ], [ -44.74572916277684, -4.139625319249057 ], [ -44.754578, -4.141469 ], [ -44.754959665535885, -4.139649316438556 ], [ -44.763218, -4.14137 ], [ -44.763538808810836, -4.139841743337294 ], [ -44.77059, -4.141311 ], [ -44.770849502519205, -4.140074136952848 ], [ -44.776886, -4.141332 ], [ -44.777156139695634, -4.140044864942024 ], [ -44.782124, -4.14108 ], [ -44.782452430545732, -4.139514509529011 ], [ -45.090847, -4.203631 ], [ -45.091260423773271, -4.201655264095698 ], [ -45.101196, -4.203721 ], [ -45.101237383528023, -4.20352315745863 ], [ -45.102463, -4.203778 ], [ -45.10305029584363, -4.200970607198464 ], [ -45.116287, -4.203723 ], [ -45.116685181258674, -4.201818949112949 ], [ -45.1254, -4.203631 ], [ -45.125786586152543, -4.201781529845723 ], [ -45.135307, -4.203761 ], [ -45.135516432253432, -4.202759618289357 ], [ -45.141155, -4.203932 ], [ -45.141378899922188, -4.202861435977741 ], [ -45.145527, -4.203724 ], [ -45.145843864912635, -4.202208934563347 ], [ -45.152966, -4.20369 ], [ -45.153256050160877, -4.202303151408353 ], [ -45.16019, -4.203745 ], [ -45.186819094928317, -4.076379842792065 ], [ -45.413593, -4.123656 ], [ -45.432032048062865, -4.035474129571909 ], [ -45.519356, -4.053716 ], [ -45.519674735572238, -4.05219817646458 ], [ -45.528267, -4.053993 ], [ -45.5285800689119, -4.052502605155079 ], [ -45.53538, -4.053923 ], [ -45.535687056982553, -4.052462146180582 ], [ -45.5428, -4.053948 ], [ -45.543090155021183, -4.052567284972289 ], [ -45.550915, -4.054202 ], [ -45.55122170704729, -4.052743476423268 ], [ -45.558002, -4.05416 ], [ -45.558301063173289, -4.052737070524843 ], [ -45.564854, -4.054106 ], [ -45.565230434564114, -4.052314425881276 ], [ -45.93761, -4.129931 ], [ -45.937928309763031, -4.128412875812773 ], [ -45.94524, -4.129937 ], [ -45.94557563826185, -4.128339379922129 ], [ -45.95287, -4.12986 ], [ -45.953213197351261, -4.128226125253864 ], [ -45.960197, -4.129682 ], [ -45.960488825350936, -4.128291703408105 ], [ -45.96783, -4.129822 ], [ -45.968197457916972, -4.128072710036593 ], [ -45.97717, -4.129943 ], [ -45.977577858495522, -4.127992718575576 ], [ -45.98524, -4.12959 ], [ -45.985512107376422, -4.128296458089729 ], [ -46.293777, -4.192424 ], [ -46.294146268350126, -4.190650547956094 ], [ -46.301388, -4.192157 ], [ -46.301690781302739, -4.190704295184529 ], [ -46.309593, -4.192348 ], [ -46.56669, -2.952861 ], [ -46.075672, -2.850001 ], [ -46.075368316023258, -2.851444737958348 ], [ -46.06841, -2.849987 ], [ -46.068025994063561, -2.851813941041121 ], [ -46.061043, -2.850351 ], [ -46.060784259067532, -2.851580491128033 ], [ -45.679005, -2.771485 ], [ -45.678590516879396, -2.773449446374791 ], [ -45.669865, -2.771619 ], [ -45.669496426124084, -2.773366963206787 ], [ -45.66166, -2.771723 ], [ -45.661363688433859, -2.773127431204033 ], [ -45.653454, -2.771468 ], [ -45.653108845423873, -2.773105343768202 ], [ -45.646496, -2.771718 ], [ -45.646156911619954, -2.77332615531547 ], [ -45.638615, -2.771744 ], [ -45.638291957781867, -2.773275855799672 ], [ -45.630627, -2.771668 ] ] ] } },
{ "type": "Feature", "properties": { "orbit_key": "SCS_T028_F157", "dataset": "BIOMASS", "collection": "BiomassLevel1a", "product_type": "S1_SCS__1S", "mode": "SCS", "orbit_state": "DESCENDING", "track": "T028", "track_number": 28, "frame": "F157", "frame_number": 157, "scene_count": 82, "unique_footprints": 41, "repeat_cycles": "1,10,2,3,4,5,6,7,8,9,DR", "absolute_orbits": "3044,3088,3132,3176,3352,3396,3440,3484,3528,3572,3616,3660,3704,3792,3836,3880,3924,3968,4012,4056,4100,4144,4232,4276,4320,4364,4408,4452,4496,4540,4584,4628,4672,4716,4760,4804,4848,4892,4936", "first_start_time": "2025-11-22T21:05:49.684Z", "last_stop_time": "2026-03-31T21:11:23.483Z", "example_scene": "BIO_S1_SCS__1S_20260217T211035_20260217T211056_T_G01_M02_C03_T028_F157_01_DN0M76" }, "geometry": { "type": "Polygon", "coordinates": [ [ [ -45.47999377725133, -2.966773085545944 ], [ -45.878292, -2.883138 ], [ -45.61548, -1.643021 ], [ -45.608691646514082, -1.644453835041578 ], [ -45.608406, -1.643109 ], [ -45.601935681226088, -1.644474794344183 ], [ -45.60161, -1.642938 ], [ -45.593635354587107, -1.644621331261584 ], [ -45.593323, -1.643148 ], [ -45.586048575615983, -1.644683389469697 ], [ -45.585724, -1.643152 ], [ -45.579156899216066, -1.644537986769288 ], [ -45.57885, -1.64309 ], [ -45.57064289545491, -1.644822137798882 ], [ -45.570347, -1.64343 ], [ -45.023563, -1.758835 ], [ -45.025749020199797, -1.769188459353435 ], [ -44.789956234501645, -1.818898119436686 ], [ -44.771908, -1.733324 ], [ -44.431862251309404, -1.805017967137992 ], [ -44.415157, -1.726234 ], [ -44.354517045293562, -1.739026205898793 ], [ -44.35331, -1.73331 ], [ -43.79262, -1.851513 ], [ -43.801460512523967, -1.893697358384528 ], [ -43.44275, -1.969257 ], [ -43.443018928219182, -1.970544673321689 ], [ -43.13673, -2.034994 ], [ -43.137231819465292, -2.037400888371564 ], [ -43.123714, -2.040245 ], [ -43.123746348894549, -2.040400118353556 ], [ -43.102943, -2.044777 ], [ -43.103627839903233, -2.048062779111556 ], [ -43.079273, -2.053186 ], [ -43.317196, -3.194127 ], [ -43.327506893956119, -3.19197197748057 ], [ -43.327938, -3.194039 ], [ -43.341871414858986, -3.191126666535806 ], [ -43.342567, -3.194464 ], [ -43.351739661898968, -3.192546643168916 ], [ -43.352135, -3.194442 ], [ -43.361351204420657, -3.192515608109275 ], [ -43.361736, -3.194361 ], [ -43.364286015611725, -3.193828004634863 ], [ -43.364437, -3.194552 ], [ -43.371296695407551, -3.19311814885357 ], [ -43.371613, -3.194635 ], [ -43.378219151848896, -3.193254035016403 ], [ -43.37852, -3.194697 ], [ -43.385170431066555, -3.193306765821703 ], [ -43.385445, -3.194623 ], [ -43.875042, -3.092282 ], [ -43.871722895225254, -3.076419773555372 ], [ -44.041854023960191, -3.040785382098691 ], [ -44.05239, -3.09106 ], [ -44.454049782081512, -3.006895214288764 ], [ -44.471718, -3.090937 ], [ -44.494461747576132, -3.086170771838478 ], [ -44.514664, -3.182545 ], [ -44.522382306905634, -3.180930861714573 ], [ -44.52275, -3.182685 ], [ -44.528856275258839, -3.181408055338709 ], [ -44.52913, -3.182714 ], [ -45.018654, -3.080352 ], [ -45.017668785592164, -3.075674088577814 ], [ -45.482418, -2.97828 ], [ -45.47999377725133, -2.966773085545944 ] ] ] } },
{ "type": "Feature", "properties": { "orbit_key": "SCS_T028_F158", "dataset": "BIOMASS", "collection": "BiomassLevel1a", "product_type": "S1_SCS__1S", "mode": "SCS", "orbit_state": "DESCENDING", "track": "T028", "track_number": 28, "frame": "F158", "frame_number": 158, "scene_count": 82, "unique_footprints": 41, "repeat_cycles": "1,10,2,3,4,5,6,7,8,9,DR", "absolute_orbits": "3044,3088,3132,3176,3352,3396,3440,3484,3528,3572,3616,3660,3704,3792,3836,3880,3924,3968,4012,4056,4100,4144,4232,4276,4320,4364,4408,4452,4496,4540,4584,4628,4672,4716,4760,4804,4848,4892,4936", "first_start_time": "2025-11-22T21:06:06.696Z", "last_stop_time": "2026-03-31T21:11:42.485Z", "example_scene": "BIO_S1_SCS__1M_20260217T211054_20260217T211115_T_G01_M02_C03_T028_F158_01_DN0MDH" }, "geometry": { "type": "Polygon", "coordinates": [ [ [ -45.72241559400689, -4.1224798961841 ], [ -46.120895, -4.039236 ], [ -45.85884, -2.799135 ], [ -45.852654951478378, -2.800434204764576 ], [ -45.852383, -2.799134 ], [ -45.845257518779228, -2.800630828255839 ], [ -45.844948, -2.799158 ], [ -45.837434328806893, -2.800736394161502 ], [ -45.83713, -2.79928 ], [ -45.829865327092122, -2.800805948367254 ], [ -45.829536, -2.799243 ], [ -45.822480144759048, -2.800724968260243 ], [ -45.822186, -2.799323 ], [ -45.814560935759587, -2.800924534795573 ], [ -45.81424, -2.799394 ], [ -45.26604, -2.914539 ], [ -45.268213580139509, -2.924887615283013 ], [ -45.0329870257615, -2.974197116765044 ], [ -45.015068, -2.889177 ], [ -44.676119541077306, -2.960237247619467 ], [ -44.63936, -2.786708 ], [ -44.632150080628151, -2.788222197338212 ], [ -44.631817, -2.78665 ], [ -44.621493430775203, -2.788818291197307 ], [ -44.62109, -2.786914 ], [ -44.613464904522644, -2.78851551709588 ], [ -44.6131, -2.786793 ], [ -44.064217, -2.90207 ], [ -44.066578749126933, -2.913291909636254 ], [ -43.649662, -3.000671 ], [ -43.651925158242641, -3.011457447459695 ], [ -43.294636, -3.086178 ], [ -43.558155, -4.349033 ], [ -43.568511365914638, -4.346883220272744 ], [ -43.568928, -4.348879 ], [ -43.583233624439373, -4.345909209609041 ], [ -43.58395, -4.349338 ], [ -43.59294357342791, -4.347470865751465 ], [ -43.5933, -4.349177 ], [ -43.602615889905096, -4.347243023935349 ], [ -43.603, -4.349082 ], [ -43.60551523377098, -4.348559847400944 ], [ -43.605656, -4.349234 ], [ -43.612417294861068, -4.34783031848561 ], [ -43.612736, -4.349358 ], [ -43.618889305939021, -4.348080444196081 ], [ -43.6192, -4.349574 ], [ -43.625634080229609, -4.348238149007632 ], [ -43.625908, -4.349555 ], [ -44.116947, -4.24761 ], [ -44.113661928090224, -4.231910182837051 ], [ -44.283519408512859, -4.196545369622791 ], [ -44.29394, -4.246222 ], [ -44.695349779811359, -4.16260759246955 ], [ -44.71286, -4.246313 ], [ -44.735674620164524, -4.241560271283277 ], [ -44.755646, -4.337318 ], [ -44.763359203442086, -4.335715887402656 ], [ -44.7637, -4.33735 ], [ -44.769718129630441, -4.336100030758971 ], [ -44.77002, -4.337548 ], [ -45.260586, -4.235665 ], [ -45.259613522699347, -4.231018576703439 ], [ -45.724857, -4.134103 ], [ -45.72241559400689, -4.1224798961841 ] ] ] } },
{ "type": "Feature", "properties": { "orbit_key": "SCS_T028_F159", "dataset": "BIOMASS", "collection": "BiomassLevel1a", "product_type": "S1_SCS__1S", "mode": "SCS", "orbit_state": "DESCENDING", "track": "T028", "track_number": 28, "frame": "F159", "frame_number": 159, "scene_count": 82, "unique_footprints": 41, "repeat_cycles": "1,10,2,3,4,5,6,7,8,9,DR", "absolute_orbits": "3044,3088,3132,3176,3352,3396,3440,3484,3528,3572,3616,3660,3704,3792,3836,3880,3924,3968,4012,4056,4100,4144,4232,4276,4320,4364,4408,4452,4496,4540,4584,4628,4672,4716,4760,4804,4848,4892,4936", "first_start_time": "2025-11-22T21:06:25.699Z", "last_stop_time": "2026-03-31T21:12:01.486Z", "example_scene": "BIO_S1_SCS__1M_20251122T210625_20251122T210646_T_G01_M01_C01_T028_F159_01_DKLZ3P" }, "geometry": { "type": "Polygon", "coordinates": [ [ [ -45.962779182454938, -5.27873840985221 ], [ -46.359886, -5.196231 ], [ -46.101295, -3.955458 ], [ -46.095639156798178, -3.956639962696977 ], [ -46.09536, -3.955303 ], [ -46.088341086048743, -3.95676991261547 ], [ -46.088036, -3.955302 ], [ -46.080666772075006, -3.956842139255568 ], [ -46.080368, -3.955407 ], [ -46.072841092402605, -3.956979937281518 ], [ -46.072506, -3.955364 ], [ -46.064850177723905, -3.956963755530853 ], [ -46.06456, -3.95557 ], [ -46.055480618435418, -3.957467265138953 ], [ -46.055187, -3.956073 ], [ -45.505898, -4.07086 ], [ -45.508003835324168, -4.081026706108269 ], [ -45.275490655335624, -4.129477113661258 ], [ -45.258045, -4.045048 ], [ -44.919225172375597, -4.115662203235543 ], [ -44.882626, -3.942813 ], [ -44.875438973993859, -3.944314691840058 ], [ -44.875107, -3.942747 ], [ -44.864778356511607, -3.9449053024451 ], [ -44.864384, -3.943043 ], [ -44.856746319314631, -3.944638965696339 ], [ -44.85638, -3.942909 ], [ -44.30422, -4.058284 ], [ -44.306551157365007, -4.069379632914201 ], [ -43.89154, -4.155843 ], [ -43.893786106427576, -4.166661258929385 ], [ -43.53609, -4.24096 ], [ -43.797203, -5.504049 ], [ -43.807708196864006, -5.501883794039904 ], [ -43.8081, -5.503775 ], [ -43.822845207189587, -5.500735656221444 ], [ -43.823536, -5.504068 ], [ -43.832190189085985, -5.502284043119343 ], [ -43.832565, -5.504095 ], [ -43.841828618257104, -5.502185533414573 ], [ -43.842213, -5.504042 ], [ -43.844890159904047, -5.503490173399752 ], [ -43.845043, -5.504228 ], [ -43.852074135829021, -5.502778652849877 ], [ -43.85237, -5.504207 ], [ -43.859794459567169, -5.502676454759474 ], [ -43.860092, -5.504105 ], [ -43.86646128137852, -5.502791945108921 ], [ -43.866734, -5.504102 ], [ -44.3571, -5.403017 ], [ -44.353869907940563, -5.387410815697614 ], [ -44.52307839491629, -5.352402204264825 ], [ -44.530952, -5.390264 ], [ -44.932037906701531, -5.30722991024967 ], [ -44.950584, -5.396685 ], [ -44.973090506478179, -5.392025463580265 ], [ -44.9938, -5.492474 ], [ -45.001590310817221, -5.490867398743275 ], [ -45.00194, -5.492563 ], [ -45.008103696938115, -5.491291892041361 ], [ -45.008366, -5.492564 ], [ -45.499386, -5.391312 ], [ -45.498468358808026, -5.386872691769217 ], [ -45.965183, -5.29026 ], [ -45.962779182454938, -5.27873840985221 ] ] ] } },
{ "type": "Feature", "properties": { "orbit_key": "SCS_T028_F160", "dataset": "BIOMASS", "collection": "BiomassLevel1a", "product_type": "S1_SCS__1S", "mode": "SCS", "orbit_state": "DESCENDING", "track": "T028", "track_number": 28, "frame": "F160", "frame_number": 160, "scene_count": 78, "unique_footprints": 39, "repeat_cycles": "1,10,2,3,4,5,6,7,8,9", "absolute_orbits": "3044,3088,3132,3176,3352,3396,3440,3484,3528,3572,3616,3660,3704,3792,3836,3880,3924,3968,4012,4056,4232,4276,4320,4364,4408,4452,4496,4540,4584,4628,4672,4716,4760,4804,4848,4892,4936", "first_start_time": "2025-11-22T21:06:44.702Z", "last_stop_time": "2026-03-31T21:12:20.490Z", "example_scene": "BIO_S1_SCS__1S_20251201T210650_20251201T210711_T_G01_M01_C04_T028_F160_01_DKQ8XW" }, "geometry": { "type": "Polygon", "coordinates": [ [ [ -46.203148625008062, -6.434667519506095 ], [ -46.602142, -6.352242 ], [ -46.338528, -5.11268 ], [ -46.332048056975992, -5.114026877472678 ], [ -46.331764, -5.112696 ], [ -46.323424387226211, -5.114429523919745 ], [ -46.323124, -5.113028 ], [ -46.315456769495562, -5.114621786032407 ], [ -46.31512, -5.113051 ], [ -46.307969630751671, -5.114537177036016 ], [ -46.30766, -5.113091 ], [ -46.302655896344035, -5.114130996216864 ], [ -46.302353, -5.112708 ], [ -46.294678123472117, -5.114303054943513 ], [ -46.294373, -5.11287 ], [ -45.739796, -5.228131 ], [ -45.741933289931872, -5.238347057829674 ], [ -45.328434, -5.323971 ], [ -45.330732946074235, -5.335187859048555 ], [ -45.181734047691947, -5.36593302639564 ], [ -45.125195, -5.098931 ], [ -45.118025005885876, -5.100421048882246 ], [ -45.117687, -5.098825 ], [ -45.107352403993723, -5.100972920534915 ], [ -45.10696, -5.09912 ], [ -45.09931426382002, -5.10070905593487 ], [ -45.098957, -5.099022 ], [ -44.54178, -5.214817 ], [ -44.544088149410868, -5.225816242126528 ], [ -44.131256, -5.31129 ], [ -44.133451337518764, -5.321873251265631 ], [ -43.7749, -5.395823 ], [ -44.03594, -6.658736 ], [ -44.046818061801041, -6.656510497936365 ], [ -44.047302, -6.65885 ], [ -44.060977287133795, -6.656051997776861 ], [ -44.061615, -6.659144 ], [ -44.070219888033826, -6.657383333396437 ], [ -44.07059, -6.65918 ], [ -44.080288922961572, -6.657195562048257 ], [ -44.080654, -6.658964 ], [ -44.083517012592878, -6.658378220445782 ], [ -44.08365, -6.659022 ], [ -44.090582952381034, -6.657603447194765 ], [ -44.090923, -6.659251 ], [ -44.097497858303143, -6.657905609580818 ], [ -44.097767, -6.659209 ], [ -44.104130666274358, -6.657906801566315 ], [ -44.104416, -6.659289 ], [ -44.594833, -6.55894 ], [ -44.591616392561171, -6.543258095914741 ], [ -45.004856, -6.458321 ], [ -45.001760595871701, -6.443344188781324 ], [ -45.180288889231804, -6.406471392898696 ], [ -45.22959, -6.647962 ], [ -45.237240372916986, -6.646395979758251 ], [ -45.23759, -6.648108 ], [ -45.243624949676452, -6.64687272001807 ], [ -45.243885, -6.648146 ], [ -45.738693, -6.546871 ], [ -45.737756129877226, -6.542368189314455 ], [ -46.20554, -6.446171 ], [ -46.203148625008062, -6.434667519506095 ] ] ] } },
{ "type": "Feature", "properties": { "orbit_key": "SCS_T028_F161", "dataset": "BIOMASS", "collection": "BiomassLevel1a", "product_type": "S1_SCS__1S", "mode": "SCS", "orbit_state": "DESCENDING", "track": "T028", "track_number": 28, "frame": "F161", "frame_number": 161, "scene_count": 78, "unique_footprints": 39, "repeat_cycles": "1,10,2,3,4,5,6,7,8,9", "absolute_orbits": "3044,3088,3132,3176,3352,3396,3440,3484,3528,3572,3616,3660,3704,3792,3836,3880,3924,3968,4012,4056,4232,4276,4320,4364,4408,4452,4496,4540,4584,4628,4672,4716,4760,4804,4848,4892,4936", "first_start_time": "2025-11-22T21:07:03.705Z", "last_stop_time": "2026-03-31T21:12:39.495Z", "example_scene": "BIO_S2_SCS__1M_20251225T210723_20251225T210744_T_G01_M01_C05_T028_F161_01_DK8LEP" }, "geometry": { "type": "Polygon", "coordinates": [ [ [ -45.979485158467931, -7.697313179354433 ], [ -46.446873, -7.601851 ], [ -46.444473191143366, -7.590394709557144 ], [ -46.840656, -7.509042 ], [ -46.57846, -6.269222 ], [ -46.57241467789386, -6.270471358210403 ], [ -46.572147, -6.269205 ], [ -46.565702223348516, -6.27053698654429 ], [ -46.565395, -6.269083 ], [ -46.557557467272837, -6.27070285320529 ], [ -46.557255, -6.26927 ], [ -46.5498100444537, -6.270808550377365 ], [ -46.54948, -6.26925 ], [ -46.542597124381643, -6.270672295301123 ], [ -46.54231, -6.269317 ], [ -46.534985746633261, -6.270830502646819 ], [ -46.5347, -6.269478 ], [ -45.97904, -6.384305 ], [ -45.981131532664534, -6.394332102183149 ], [ -45.567204, -6.479485 ], [ -45.569527434104927, -6.490660743656639 ], [ -45.420185477308451, -6.521247862259963 ], [ -45.363937, -6.255773 ], [ -45.356786622416401, -6.257250566664522 ], [ -45.356457, -6.255695 ], [ -45.346121805747899, -6.257830849220807 ], [ -45.345715, -6.255911 ], [ -45.33805772431193, -6.257493408427292 ], [ -45.337704, -6.255824 ], [ -44.781628, -6.370733 ], [ -44.783920341692749, -6.381663733270175 ], [ -44.370426, -6.466715 ], [ -44.372621003419049, -6.477389945832626 ], [ -44.012794, -6.551056 ], [ -44.271343, -7.814279 ], [ -44.281801493889795, -7.812155943175497 ], [ -44.282185, -7.814032 ], [ -44.296723674502125, -7.811080452381957 ], [ -44.29742, -7.814489 ], [ -44.306434570895696, -7.812658792072256 ], [ -44.306774, -7.814321 ], [ -44.316086429287687, -7.812430420136168 ], [ -44.31648, -7.814354 ], [ -44.31907186825385, -7.8138278017822 ], [ -44.31918, -7.814356 ], [ -44.326215975634661, -7.812927511014772 ], [ -44.326553, -7.814572 ], [ -44.333286391307439, -7.813204845659246 ], [ -44.333565, -7.814563 ], [ -44.340089691174796, -7.813238198690357 ], [ -44.34036, -7.814554 ], [ -44.83649, -7.713823 ], [ -44.833280183174992, -7.698454145986315 ], [ -45.246006, -7.614204 ], [ -45.242879525520941, -7.599177172791776 ], [ -45.420414546696037, -7.562728904080087 ], [ -45.47031, -7.802324 ], [ -45.477828851438019, -7.800796659407609 ], [ -45.478176, -7.802465 ], [ -45.486042439000634, -7.800867159561093 ], [ -45.48631, -7.802144 ], [ -45.98042, -7.701783 ], [ -45.979485158467931, -7.697313179354433 ] ] ] } },
{ "type": "Feature", "properties": { "orbit_key": "SCS_T028_F162", "dataset": "BIOMASS", "collection": "BiomassLevel1a", "product_type": "S1_SCS__1S", "mode": "SCS", "orbit_state": "DESCENDING", "track": "T028", "track_number": 28, "frame": "F162", "frame_number": 162, "scene_count": 77, "unique_footprints": 39, "repeat_cycles": "1,10,2,3,4,5,6,7,8,9", "absolute_orbits": "3044,3088,3132,3176,3352,3396,3440,3484,3528,3572,3616,3660,3704,3792,3836,3880,3924,3968,4012,4056,4232,4276,4320,4364,4408,4452,4496,4540,4584,4628,4672,4716,4760,4804,4848,4892,4936", "first_start_time": "2025-11-22T21:07:22.711Z", "last_stop_time": "2026-03-31T21:12:58.499Z", "example_scene": "BIO_S1_SCS__1S_20251201T210728_20251201T210749_T_G01_M01_C04_T028_F162_01_DKQBP2" }, "geometry": { "type": "Polygon", "coordinates": [ [ [ -46.685073643949679, -8.746121623399137 ], [ -47.07855, -8.665835 ], [ -46.81696, -7.426048 ], [ -46.810925996226509, -7.427287531740326 ], [ -46.810646, -7.425966 ], [ -46.80386874136682, -7.427358278894345 ], [ -46.803562, -7.425911 ], [ -46.795877745227834, -7.427489623419707 ], [ -46.795567, -7.42602 ], [ -46.788397142115691, -7.427492803578833 ], [ -46.788086, -7.42602 ], [ -46.781523734293792, -7.427367926312353 ], [ -46.781223, -7.425942 ], [ -46.773425644632916, -7.427543632998045 ], [ -46.773136, -7.426172 ], [ -46.215527, -7.540712 ], [ -46.21762254501246, -7.550787127266498 ], [ -45.807213, -7.634643 ], [ -45.809499484380538, -7.645731170513264 ], [ -45.658370482761249, -7.676448931397662 ], [ -45.602417, -7.412652 ], [ -45.595285989694439, -7.4141167324489 ], [ -45.59496, -7.41258 ], [ -45.584618807901855, -7.41470428991871 ], [ -45.5842, -7.41273 ], [ -45.576533772290318, -7.41430478044842 ], [ -45.57618, -7.412637 ], [ -45.0183, -7.52723 ], [ -45.020575581933223, -7.538082294946379 ], [ -44.607433, -7.622481 ], [ -44.609602210888269, -7.632995164509643 ], [ -44.249634, -7.706123 ], [ -44.509933, -8.968813 ], [ -44.520482539959595, -8.966688473923625 ], [ -44.5209, -8.968713 ], [ -44.536722258596484, -8.965526375136671 ], [ -44.537354, -8.968575 ], [ -44.545383338874167, -8.966957734523849 ], [ -44.545784, -8.968899 ], [ -44.55515204255272, -8.967012239871082 ], [ -44.555527, -8.968829 ], [ -44.558631118345637, -8.968203825240366 ], [ -44.558754, -8.968798 ], [ -44.565885115952412, -8.967361699632631 ], [ -44.56618, -8.968787 ], [ -44.572774433511185, -8.96745867697029 ], [ -44.57309, -8.968985 ], [ -44.579881882799341, -8.967616900601074 ], [ -44.580116, -8.968748 ], [ -45.07611, -8.868845 ], [ -45.072945040774201, -8.853520208140898 ], [ -45.485416, -8.76992 ], [ -45.482350654911059, -8.755196349414904 ], [ -45.6596613259021, -8.719022540233828 ], [ -45.70846, -8.957027 ], [ -45.716008558440862, -8.955505855268193 ], [ -45.71634, -8.957116 ], [ -45.72219499395289, -8.955936182478505 ], [ -45.722443, -8.95715 ], [ -46.218918, -8.857115 ], [ -46.218014407749443, -8.852732896443147 ], [ -46.687454, -8.757537 ], [ -46.685073643949679, -8.746121623399137 ] ] ] } },
{ "type": "Feature", "properties": { "orbit_key": "SCS_T028_F163", "dataset": "BIOMASS", "collection": "BiomassLevel1a", "product_type": "S1_SCS__1S", "mode": "SCS", "orbit_state": "DESCENDING", "track": "T028", "track_number": 28, "frame": "F163", "frame_number": 163, "scene_count": 78, "unique_footprints": 39, "repeat_cycles": "1,10,2,3,4,5,6,7,8,9", "absolute_orbits": "3044,3088,3132,3176,3352,3396,3440,3484,3528,3572,3616,3660,3704,3792,3836,3880,3924,3968,4012,4056,4232,4276,4320,4364,4408,4452,4496,4540,4584,4628,4672,4716,4760,4804,4848,4892,4936", "first_start_time": "2025-11-22T21:07:41.717Z", "last_stop_time": "2026-03-31T21:13:17.507Z", "example_scene": "BIO_S1_SCS__1S_20251201T210747_20251201T210808_T_G01_M01_C04_T028_F163_01_DKQBON" }, "geometry": { "type": "Polygon", "coordinates": [ [ [ -46.928121929495745, -9.90123646430429 ], [ -47.318398, -9.822123 ], [ -47.054745, -8.582845 ], [ -47.048115717346313, -8.584198225047391 ], [ -47.047848, -8.582941 ], [ -47.040789169011951, -8.584382004407034 ], [ -47.040478, -8.58292 ], [ -47.032406850467559, -8.584567673083146 ], [ -47.032116, -8.583201 ], [ -47.025218235565141, -8.584608982496032 ], [ -47.024895, -8.583088 ], [ -47.018602279160248, -8.584372376715249 ], [ -47.018314, -8.583015 ], [ -47.010368698766285, -8.584636708556289 ], [ -47.010056, -8.583166 ], [ -46.450253, -8.69743 ], [ -46.452341495549852, -8.707391854084682 ], [ -46.045525, -8.789923 ], [ -46.047819082850609, -8.801016105474167 ], [ -45.896322358407915, -8.831563026218102 ], [ -45.840603, -8.569303 ], [ -45.833491193068852, -8.570754637228241 ], [ -45.83317, -8.569243 ], [ -45.822830764803705, -8.571353574721913 ], [ -45.822445, -8.569538 ], [ -45.814765532969822, -8.57110559596015 ], [ -45.814404, -8.569404 ], [ -45.2545, -8.683691 ], [ -45.256765093653343, -8.694488963723092 ], [ -44.845703, -8.777866 ], [ -44.847839002726268, -8.788226364079785 ], [ -44.488293, -8.860689 ], [ -44.749527, -10.123023 ], [ -44.759989105525975, -10.120933442537137 ], [ -44.760387, -10.122867 ], [ -44.774856601267118, -10.119976842308443 ], [ -44.775524, -10.123195 ], [ -44.784362755835851, -10.121429423087838 ], [ -44.784737, -10.123239 ], [ -44.793952116403354, -10.121398319061035 ], [ -44.794308, -10.123127 ], [ -44.796895224410818, -10.122610221340762 ], [ -44.797035, -10.123287 ], [ -44.804120892256485, -10.121871604080988 ], [ -44.804424, -10.123333 ], [ -44.811179983979756, -10.121983389547895 ], [ -44.811462, -10.123344 ], [ -44.818585253342896, -10.121921005437141 ], [ -44.818867, -10.123282 ], [ -45.316875, -10.023801 ], [ -45.313673654386598, -10.008471615529523 ], [ -45.72817, -9.92509 ], [ -45.725077762787791, -9.910316823563985 ], [ -45.897790558602033, -9.875312693031992 ], [ -45.946594, -10.111606 ], [ -45.953954327421492, -10.11013500443843 ], [ -45.954273, -10.111679 ], [ -45.960682351410419, -10.110398146698351 ], [ -45.96095, -10.111693 ], [ -46.45729, -10.01251 ], [ -46.456373306234362, -10.008038207238336 ], [ -46.930542, -9.912593 ], [ -46.928121929495745, -9.90123646430429 ] ] ] } },
{ "type": "Feature", "properties": { "orbit_key": "SCS_T028_F164", "dataset": "BIOMASS", "collection": "BiomassLevel1a", "product_type": "S1_SCS__1S", "mode": "SCS", "orbit_state": "DESCENDING", "track": "T028", "track_number": 28, "frame": "F164", "frame_number": 164, "scene_count": 78, "unique_footprints": 39, "repeat_cycles": "1,10,2,3,4,5,6,7,8,9", "absolute_orbits": "3044,3088,3132,3176,3352,3396,3440,3484,3528,3572,3616,3660,3704,3792,3836,3880,3924,3968,4012,4056,4232,4276,4320,4364,4408,4452,4496,4540,4584,4628,4672,4716,4760,4804,4848,4892,4936", "first_start_time": "2025-11-22T21:08:00.724Z", "last_stop_time": "2026-03-31T21:13:36.512Z", "example_scene": "BIO_S1_SCS__1M_20260217T211248_20260217T211309_T_G01_M02_C03_T028_F164_01_DN0M88" }, "geometry": { "type": "Polygon", "coordinates": [ [ [ -47.169646483287934, -11.056581007236748 ], [ -47.55652, -10.978703 ], [ -47.293587, -9.739358 ], [ -47.28761777105094, -9.74056846019862 ], [ -47.28734, -9.739257 ], [ -47.280031997125405, -9.740739036100535 ], [ -47.279736, -9.739345 ], [ -47.271805561478836, -9.740953286714339 ], [ -47.271507, -9.739547 ], [ -47.263798786755046, -9.741110051269803 ], [ -47.263477, -9.739599 ], [ -47.256637200470195, -9.74098586215038 ], [ -47.256355, -9.739659 ], [ -47.249029588138178, -9.741144334986991 ], [ -47.248722, -9.739695 ], [ -46.68608, -9.853782 ], [ -46.688123845814168, -9.863612889642271 ], [ -46.28132, -9.945528 ], [ -46.283575832917109, -9.956529148257514 ], [ -46.134225329081069, -9.98639641517517 ], [ -46.078766, -9.725926 ], [ -46.071673747229688, -9.727364140638258 ], [ -46.071346, -9.725825 ], [ -46.0610044366259, -9.727922187907346 ], [ -46.060616, -9.726098 ], [ -46.052923032682266, -9.727658038552994 ], [ -46.05259, -9.726094 ], [ -45.490437, -9.840087 ], [ -45.492675644208667, -9.850749194479995 ], [ -45.08538, -9.932754 ], [ -45.087484110814962, -9.943019509354752 ], [ -44.727444, -10.014985 ], [ -44.984974, -11.277883 ], [ -44.996186125365199, -11.275662935481822 ], [ -44.996597, -11.27767 ], [ -45.011368709884458, -11.274744803083852 ], [ -45.01203, -11.277974 ], [ -45.020408162588467, -11.276314816101133 ], [ -45.020737, -11.277926 ], [ -45.029795803570345, -11.276132126787216 ], [ -45.030155, -11.277894 ], [ -45.032952461412307, -11.277340037047765 ], [ -45.0331, -11.278063 ], [ -45.039990435543288, -11.276698489536537 ], [ -45.04028, -11.278118 ], [ -45.046946026471836, -11.276797808732281 ], [ -45.047222, -11.27815 ], [ -45.054238758839674, -11.276760346814786 ], [ -45.054504, -11.278056 ], [ -45.55625, -11.178691 ], [ -45.553111186628612, -11.163491802543252 ], [ -45.96652, -11.080966 ], [ -45.963479830663751, -11.066273249089933 ], [ -46.134357431804936, -11.031879436922999 ], [ -46.182137, -11.266396 ], [ -46.189672462722392, -11.264902956963345 ], [ -46.189987, -11.266449 ], [ -46.19574496920373, -11.265308208705441 ], [ -46.196, -11.266562 ], [ -46.69564, -11.167579 ], [ -46.694733976157551, -11.16319793501162 ], [ -47.172016, -11.067869 ], [ -47.169646483287934, -11.056581007236748 ] ] ] } },
{ "type": "Feature", "properties": { "orbit_key": "SCS_T028_F165", "dataset": "BIOMASS", "collection": "BiomassLevel1a", "product_type": "S1_SCS__1S", "mode": "SCS", "orbit_state": "DESCENDING", "track": "T028", "track_number": 28, "frame": "F165", "frame_number": 165, "scene_count": 78, "unique_footprints": 39, "repeat_cycles": "1,10,2,3,4,5,6,7,8,9", "absolute_orbits": "3044,3088,3132,3176,3352,3396,3440,3484,3528,3572,3616,3660,3704,3792,3836,3880,3924,3968,4012,4056,4232,4276,4320,4364,4408,4452,4496,4540,4584,4628,4672,4716,4760,4804,4848,4892,4936", "first_start_time": "2025-11-22T21:08:19.731Z", "last_stop_time": "2026-03-31T21:13:55.521Z", "example_scene": "BIO_S2_SCS__1M_20251219T210836_20251219T210857_T_G01_M01_C03_T028_F165_01_DJXEKC" }, "geometry": { "type": "Polygon", "coordinates": [ [ [ -47.412538267124731, -12.211617833179265 ], [ -47.790333, -12.136108 ], [ -47.53022, -10.896279 ], [ -47.523743161488596, -10.897583328201895 ], [ -47.523464, -10.896255 ], [ -47.515753576590363, -10.897807848633175 ], [ -47.515453, -10.896382 ], [ -47.508272871567428, -10.89782806389271 ], [ -47.50798, -10.896445 ], [ -47.500292083966926, -10.897993140688692 ], [ -47.499973, -10.896491 ], [ -47.494185094244095, -10.897656436577785 ], [ -47.493893, -10.89628 ], [ -47.485157408797406, -10.898039002433432 ], [ -47.484844, -10.896573 ], [ -46.919605, -11.010393 ], [ -46.921698974995039, -11.020239567792855 ], [ -46.520702, -11.100369 ], [ -46.522979068472779, -11.111162141351512 ], [ -46.372223821627827, -11.141051209076078 ], [ -46.31702, -10.882477 ], [ -46.309950196580736, -10.883900738817433 ], [ -46.309624, -10.882373 ], [ -46.299275261939634, -10.884457248869737 ], [ -46.29888, -10.882606 ], [ -46.291177189939788, -10.884157305556185 ], [ -46.29084, -10.882578 ], [ -45.7262, -10.99629 ], [ -45.728418203428099, -11.006839486576377 ], [ -45.32281, -11.087878 ], [ -45.324933761059832, -11.098225813754928 ], [ -44.963287, -11.169893 ], [ -45.22137, -12.432511 ], [ -45.231741214695354, -12.430475670700465 ], [ -45.232117, -12.432314 ], [ -45.247004517529064, -12.429392100855681 ], [ -45.247692, -12.432749 ], [ -45.256482163274669, -12.431023701114544 ], [ -45.256817, -12.432659 ], [ -45.26609218162568, -12.430838597233523 ], [ -45.266434, -12.432511 ], [ -45.269040531728422, -12.431999432580449 ], [ -45.269157, -12.43257 ], [ -45.276256550516685, -12.431176546607439 ], [ -45.27657, -12.432712 ], [ -45.283309431548297, -12.43138911271415 ], [ -45.283592, -12.432775 ], [ -45.290075359114269, -12.431502377095894 ], [ -45.290337, -12.432787 ], [ -45.79437, -12.333857 ], [ -45.791253277700434, -12.3187341420811 ], [ -46.205727, -12.236659 ], [ -46.202658581168649, -12.22201117811816 ], [ -46.372935915365439, -12.187983253588213 ], [ -46.42096, -12.420383 ], [ -46.428287196559921, -12.418944076397713 ], [ -46.42863, -12.420605 ], [ -46.434906427072718, -12.419372503797836 ], [ -46.435165, -12.420624 ], [ -46.943413, -12.320828 ], [ -46.942488244038124, -12.316472213839223 ], [ -47.414925, -12.222853 ], [ -47.412538267124731, -12.211617833179265 ] ] ] } },
{ "type": "Feature", "properties": { "orbit_key": "SCS_T028_F166", "dataset": "BIOMASS", "collection": "BiomassLevel1a", "product_type": "S1_SCS__1S", "mode": "SCS", "orbit_state": "DESCENDING", "track": "T028", "track_number": 28, "frame": "F166", "frame_number": 166, "scene_count": 78, "unique_footprints": 39, "repeat_cycles": "1,10,2,3,4,5,6,7,8,9", "absolute_orbits": "3044,3088,3132,3176,3352,3396,3440,3484,3528,3572,3616,3660,3704,3792,3836,3880,3924,3968,4012,4056,4232,4276,4320,4364,4408,4452,4496,4540,4584,4628,4672,4716,4760,4804,4848,4892,4936", "first_start_time": "2025-11-22T21:08:38.737Z", "last_stop_time": "2026-03-31T21:14:14.529Z", "example_scene": "BIO_S2_SCS__1S_20251213T210851_20251213T210912_T_G01_M01_C01_T028_F166_01_DJMD1A" }, "geometry": { "type": "Polygon", "coordinates": [ [ [ -47.647294775409925, -13.368065619249522 ], [ -48.03369, -13.291426 ], [ -47.773647, -12.051651 ], [ -47.76754450117209, -12.052871213270315 ], [ -47.767273, -12.051569 ], [ -47.76015482010326, -12.052992404158626 ], [ -47.759865, -12.051613 ], [ -47.751406581455392, -12.053304428888637 ], [ -47.751118, -12.051904 ], [ -47.743670894222156, -12.053393024096408 ], [ -47.743385, -12.052018 ], [ -47.736759189853046, -12.053342713273558 ], [ -47.736458, -12.051895 ], [ -47.728606546838627, -12.053464772982485 ], [ -47.728317, -12.052079 ], [ -47.15826, -12.166056 ], [ -47.160245061919404, -12.175804882355536 ], [ -46.763706, -12.254421 ], [ -46.765936573924989, -12.265185824706572 ], [ -46.614567546408978, -12.294931414117597 ], [ -46.559547, -12.038086 ], [ -46.552496792191199, -12.039495691048922 ], [ -46.552177, -12.038003 ], [ -46.541825274631911, -12.040073040682515 ], [ -46.54143, -12.038228 ], [ -46.533721759812273, -12.03976936459674 ], [ -46.533356, -12.038062 ], [ -45.962154, -12.152276 ], [ -45.964383071933376, -12.162856162107447 ], [ -45.558495, -12.243302 ], [ -45.560603440922506, -12.253486692857367 ], [ -45.199207, -12.32447 ], [ -45.458298, -13.586735 ], [ -45.468746134473449, -13.584703335717242 ], [ -45.469154, -13.58669 ], [ -45.484008567849244, -13.583801260422957 ], [ -45.484634, -13.586845 ], [ -45.493591387412501, -13.585102966592052 ], [ -45.493965, -13.586921 ], [ -45.503266082568416, -13.585112192624937 ], [ -45.5036, -13.586737 ], [ -45.506248982462481, -13.586221853165787 ], [ -45.506367, -13.586796 ], [ -45.51367070469356, -13.585375597313377 ], [ -45.513973, -13.586845 ], [ -45.520513028187267, -13.58557300263584 ], [ -45.5208, -13.586969 ], [ -45.527142302701904, -13.585735457431266 ], [ -45.527405, -13.587014 ], [ -46.033306, -13.488624 ], [ -46.030181217924472, -13.4735474180926 ], [ -46.451576, -13.390793 ], [ -46.448491691242431, -13.376330760732634 ], [ -46.612682467151117, -13.343762399587893 ], [ -46.66058, -13.574295 ], [ -46.668279607401985, -13.572796649961399 ], [ -46.66859, -13.574291 ], [ -46.67464795435707, -13.573112185707238 ], [ -46.674896, -13.574306 ], [ -47.184044, -13.47524 ], [ -47.183140285844573, -13.470907403757399 ], [ -47.649567, -13.379239 ], [ -47.647294775409925, -13.368065619249522 ] ] ] } },
{ "type": "Feature", "properties": { "orbit_key": "SCS_T028_F167", "dataset": "BIOMASS", "collection": "BiomassLevel1a", "product_type": "S1_SCS__1S", "mode": "SCS", "orbit_state": "DESCENDING", "track": "T028", "track_number": 28, "frame": "F167", "frame_number": 167, "scene_count": 80, "unique_footprints": 40, "repeat_cycles": "1,10,2,3,4,5,6,7,8,9", "absolute_orbits": "3044,3088,3132,3176,3352,3396,3440,3484,3528,3572,3616,3660,3704,3792,3836,3880,3924,3968,4012,4056,4232,4276,4320,4364,4408,4452,4496,4540,4584,4628,4672,4716,4760,4804,4848,4892,4936", "first_start_time": "2025-11-22T21:08:57.748Z", "last_stop_time": "2026-03-31T21:14:33.538Z", "example_scene": "BIO_S1_SCS__1M_20251201T210903_20251201T210924_T_G01_M01_C04_T028_F167_01_DKQ743" }, "geometry": { "type": "Polygon", "coordinates": [ [ [ -47.893999225444453, -14.522055555274585 ], [ -48.275024, -14.447075 ], [ -48.005184, -13.209309 ], [ -48.000764180740553, -13.210186142205798 ], [ -48.000492, -13.208931 ], [ -47.99163419134463, -13.210689065495901 ], [ -47.99134, -13.209341 ], [ -47.98431578363661, -13.210735161272071 ], [ -47.984016, -13.209359 ], [ -47.975921800004699, -13.210965357275416 ], [ -47.975594, -13.209465 ], [ -47.967409344608853, -13.211089172996477 ], [ -47.967125, -13.209795 ], [ -47.954706523029152, -13.212259351690889 ], [ -47.95438, -13.210802 ], [ -47.395164, -13.321778 ], [ -47.397107702572981, -13.33145248629342 ], [ -47.001682, -13.409202 ], [ -47.003905241568347, -13.419871827669137 ], [ -46.853444728116678, -13.449171348560599 ], [ -46.798637, -13.194294 ], [ -46.791611650946479, -13.195688274981764 ], [ -46.791286, -13.194174 ], [ -46.780929244382506, -13.19622960617767 ], [ -46.780556, -13.194494 ], [ -46.77283433715192, -13.196026548391325 ], [ -46.772488, -13.194416 ], [ -46.198254, -13.308382 ], [ -46.200439943464929, -13.318731444521907 ], [ -45.79655, -13.39812 ], [ -45.798644895458402, -13.408187243294897 ], [ -45.436768, -13.478617 ], [ -45.69639, -14.740627 ], [ -45.706991996427426, -14.738584868470209 ], [ -45.707382, -14.740479 ], [ -45.721633314416508, -14.737733702648081 ], [ -45.722305, -14.741002 ], [ -45.73069816648492, -14.739385108119695 ], [ -45.73103, -14.741003 ], [ -45.740459301915038, -14.739186636110622 ], [ -45.7408, -14.740846 ], [ -45.743391850915771, -14.740346731143918 ], [ -45.74351, -14.740922 ], [ -45.750734511578685, -14.73953031002268 ], [ -45.75104, -14.741017 ], [ -45.757571432015212, -14.739758712458002 ], [ -45.75784, -14.741067 ], [ -45.764140764315883, -14.739853149792474 ], [ -45.76438, -14.741019 ], [ -46.277084, -14.642252 ], [ -46.273961783529195, -14.627440608012419 ], [ -46.699368, -14.544612 ], [ -46.696265857022532, -14.530185092413351 ], [ -46.851510494486924, -14.499629430561871 ], [ -46.89853, -14.728192 ], [ -46.906260623830072, -14.726701719360841 ], [ -46.90658, -14.728254 ], [ -46.912604642414856, -14.72709266348256 ], [ -46.91285, -14.728285 ], [ -47.416466, -14.631215 ], [ -47.415600632277183, -14.626918552639118 ], [ -47.89632, -14.533249 ], [ -47.893999225444453, -14.522055555274585 ] ] ] } },
{ "type": "Feature", "properties": { "orbit_key": "SCS_T028_F168", "dataset": "BIOMASS", "collection": "BiomassLevel1a", "product_type": "S1_SCS__1S", "mode": "SCS", "orbit_state": "DESCENDING", "track": "T028", "track_number": 28, "frame": "F168", "frame_number": 168, "scene_count": 80, "unique_footprints": 40, "repeat_cycles": "1,10,2,3,4,5,6,7,8,9", "absolute_orbits": "3044,3088,3132,3176,3352,3396,3440,3484,3528,3572,3616,3660,3704,3792,3836,3880,3924,3968,4012,4056,4232,4276,4320,4364,4408,4452,4496,4540,4584,4628,4672,4716,4760,4804,4848,4892,4936", "first_start_time": "2025-11-22T21:09:16.758Z", "last_stop_time": "2026-03-31T21:14:52.547Z", "example_scene": "BIO_S1_SCS__1M_20260217T211404_20260217T211425_T_G01_M02_C03_T028_F168_01_DN0MB9" }, "geometry": { "type": "Polygon", "coordinates": [ [ [ -47.657237546336056, -15.781002144558872 ], [ -48.132812, -15.689167 ], [ -48.13052873473189, -15.678071373875845 ], [ -48.5107, -15.603859 ], [ -48.24682, -14.364971 ], [ -48.24261369137934, -14.365799162327377 ], [ -48.24235, -14.364549 ], [ -48.235140265091395, -14.36596855547123 ], [ -48.234844, -14.364567 ], [ -48.227980617984819, -14.365918376711152 ], [ -48.22772, -14.364684 ], [ -48.220620933795601, -14.366081602732743 ], [ -48.220287, -14.364492 ], [ -48.213437059737778, -14.365840490681398 ], [ -48.213154, -14.364494 ], [ -48.205542246401343, -14.365992476653947 ], [ -48.205273, -14.36471 ], [ -47.6213, -14.479675 ], [ -47.623280086037894, -14.489106251647504 ], [ -47.241173, -14.563599 ], [ -47.24332987340869, -14.574239399217911 ], [ -47.09272244774403, -14.603293703762494 ], [ -47.038113, -14.350438 ], [ -47.031105316411988, -14.351818016354247 ], [ -47.030777, -14.350298 ], [ -47.02041984651818, -14.352337780506495 ], [ -47.020035, -14.350556 ], [ -47.012303546480972, -14.352078617182062 ], [ -47.01196, -14.350488 ], [ -46.434456, -14.464217 ], [ -46.43663389456794, -14.474496625545395 ], [ -46.035923, -14.552591 ], [ -46.038022234445613, -14.562509317954799 ], [ -45.673454, -14.632792 ], [ -45.938435, -15.893654 ], [ -45.948929925639334, -15.891651911394963 ], [ -45.94933, -15.893555 ], [ -45.964278862041901, -15.890702968149697 ], [ -45.964912, -15.893714 ], [ -45.973835018748424, -15.892011505167961 ], [ -45.974197, -15.893733 ], [ -45.983551383911113, -15.891948273312563 ], [ -45.983906, -15.893634 ], [ -45.986614916585339, -15.893117164149395 ], [ -45.98675, -15.893759 ], [ -45.993813798573477, -15.892411261037752 ], [ -45.994125, -15.89389 ], [ -46.000792831351298, -15.892617715134143 ], [ -46.001045, -15.893816 ], [ -46.007439972311751, -15.892595754914399 ], [ -46.007717, -15.893912 ], [ -46.51676, -15.796787 ], [ -46.513681113933011, -15.781975835662506 ], [ -46.93919, -15.699857 ], [ -46.936210928499243, -15.685590000325682 ], [ -47.085628162453872, -15.656417681999114 ], [ -47.131233, -15.882969 ], [ -47.138805584954362, -15.881523653319254 ], [ -47.13913, -15.883136 ], [ -47.145654592784311, -15.881890742561559 ], [ -47.145863, -15.882924 ], [ -47.658115, -15.785164 ], [ -47.657237546336056, -15.781002144558872 ] ] ] } },
{ "type": "Feature", "properties": { "orbit_key": "SCS_T028_F169", "dataset": "BIOMASS", "collection": "BiomassLevel1a", "product_type": "S1_SCS__1S", "mode": "SCS", "orbit_state": "DESCENDING", "track": "T028", "track_number": 28, "frame": "F169", "frame_number": 169, "scene_count": 80, "unique_footprints": 40, "repeat_cycles": "1,10,2,3,4,5,6,7,8,9", "absolute_orbits": "3044,3088,3132,3176,3352,3396,3440,3484,3528,3572,3616,3660,3704,3792,3836,3880,3924,3968,4012,4056,4232,4276,4320,4364,4408,4452,4496,4540,4584,4628,4672,4716,4760,4804,4848,4892,4936", "first_start_time": "2025-11-22T21:09:35.769Z", "last_stop_time": "2026-03-31T21:15:11.560Z", "example_scene": "BIO_S1_SCS__1M_20251125T210937_20251125T210958_T_G01_M01_C02_T028_F169_01_DK9HFB" }, "geometry": { "type": "Polygon", "coordinates": [ [ [ -48.378971608600637, -16.83186776061358 ], [ -48.74568, -16.760878 ], [ -48.48409, -15.5216 ], [ -48.478070206339829, -15.522775415058199 ], [ -48.47777, -15.521354 ], [ -48.470824283624601, -15.522710317702037 ], [ -48.47055, -15.521416 ], [ -48.461310307152999, -15.5232203170943 ], [ -48.461018, -15.521853 ], [ -48.453595512102979, -15.523302307132401 ], [ -48.45327, -15.521783 ], [ -48.446261223022262, -15.523151503259001 ], [ -48.44599, -15.521877 ], [ -48.438130006706636, -15.52341172493653 ], [ -48.437828, -15.521996 ], [ -47.855785, -15.635648 ], [ -47.857821582920167, -15.645105430135441 ], [ -47.473866, -15.719287 ], [ -47.476067658173775, -15.729822920353248 ], [ -47.332711655900681, -15.757205986703033 ], [ -47.27827, -15.506363 ], [ -47.271283868858532, -15.507727711960721 ], [ -47.270954, -15.506208 ], [ -47.260593939674024, -15.508231971247243 ], [ -47.260223, -15.506523 ], [ -47.252481079424562, -15.508035434624441 ], [ -47.252117, -15.506358 ], [ -46.671074, -15.619864 ], [ -46.673256592964577, -15.630128669560753 ], [ -46.280445, -15.706021 ], [ -46.282493597994062, -15.715786274544019 ], [ -45.916576, -15.785657 ], [ -46.17728, -17.047195 ], [ -46.187810745253515, -17.045206184027339 ], [ -46.188198, -17.04708 ], [ -46.203516316860416, -17.044186708887299 ], [ -46.20416, -17.047297 ], [ -46.213095346724614, -17.045609168045019 ], [ -46.213436, -17.047255 ], [ -46.222589422803587, -17.045526058030276 ], [ -46.222908, -17.047066 ], [ -46.225545680685627, -17.046567785734311 ], [ -46.225704, -17.047333 ], [ -46.232855409982591, -17.045982176887797 ], [ -46.233124, -17.04728 ], [ -46.239969429406031, -17.045986881995052 ], [ -46.240253, -17.047356 ], [ -46.246674277993307, -17.04614297590355 ], [ -46.246933, -17.047392 ], [ -46.765026, -16.949528 ], [ -46.761908918676056, -16.934811285689072 ], [ -47.181473, -16.854563 ], [ -47.178450860281906, -16.840458518678957 ], [ -47.32504366836222, -16.812075197527928 ], [ -47.371513, -17.036367 ], [ -47.378788226634221, -17.034992257047552 ], [ -47.379063, -17.036318 ], [ -47.385005646509157, -17.035195105280891 ], [ -47.385277, -17.036503 ], [ -47.905792, -16.93816 ], [ -47.904848039529021, -16.933733352493086 ], [ -48.381306, -16.842558 ], [ -48.378971608600637, -16.83186776061358 ] ] ] } },
{ "type": "Feature", "properties": { "orbit_key": "SCS_T028_F170", "dataset": "BIOMASS", "collection": "BiomassLevel1a", "product_type": "S1_SCS__1S", "mode": "SCS", "orbit_state": "DESCENDING", "track": "T028", "track_number": 28, "frame": "F170", "frame_number": 170, "scene_count": 80, "unique_footprints": 40, "repeat_cycles": "1,10,2,3,4,5,6,7,8,9", "absolute_orbits": "3044,3088,3132,3176,3352,3396,3440,3484,3528,3572,3616,3660,3704,3792,3836,3880,3924,3968,4012,4056,4232,4276,4320,4364,4408,4452,4496,4540,4584,4628,4672,4716,4760,4804,4848,4892,4936", "first_start_time": "2025-11-22T21:09:54.781Z", "last_stop_time": "2026-03-31T21:15:30.573Z", "example_scene": "BIO_S1_SCS__1M_20260217T211442_20260217T211503_T_G01_M02_C03_T028_F170_01_DN0MC0" }, "geometry": { "type": "Polygon", "coordinates": [ [ [ -48.632140929640968, -17.984365690615252 ], [ -48.99617, -17.914495 ], [ -48.719624, -16.678152 ], [ -48.713198437236919, -16.679396358970401 ], [ -48.712936, -16.678223 ], [ -48.705709371511261, -16.679622552766524 ], [ -48.7054, -16.678242 ], [ -48.696550251024725, -16.679955904740869 ], [ -48.696236, -16.678555 ], [ -48.688372446571393, -16.680077678332871 ], [ -48.68807, -16.678728 ], [ -48.681444595609207, -16.680010870492747 ], [ -48.68115, -16.678694 ], [ -48.674391402136578, -16.680002733307123 ], [ -48.67408, -16.67861 ], [ -48.09688, -16.790384 ], [ -48.098871022057416, -16.799619699842683 ], [ -47.712467, -16.873594 ], [ -47.714697887648555, -16.884024962273163 ], [ -47.573505102311117, -16.910725493486353 ], [ -47.519222, -16.66198 ], [ -47.512261631566965, -16.663328356582692 ], [ -47.511944, -16.661873 ], [ -47.501582290315611, -16.663880482282725 ], [ -47.50119, -16.662083 ], [ -47.493431324770114, -16.663586080791124 ], [ -47.493095, -16.662045 ], [ -46.90824, -16.775345 ], [ -46.910391993310256, -16.785423402140708 ], [ -46.5215, -16.85988 ], [ -46.523510997629671, -16.869650254504091 ], [ -46.15562, -16.939198 ], [ -46.412064, -18.201328 ], [ -46.422830819079891, -18.199315815587909 ], [ -46.423218, -18.20122 ], [ -46.436740865972347, -18.198692423278967 ], [ -46.437344, -18.20168 ], [ -46.446162351866647, -18.200031765677082 ], [ -46.446487, -18.201641 ], [ -46.455719244722658, -18.199915486374788 ], [ -46.45606, -18.201605 ], [ -46.458708969734666, -18.201109892249423 ], [ -46.458828, -18.2017 ], [ -46.466062218158648, -18.200347882793263 ], [ -46.466335, -18.2017 ], [ -46.473246903410903, -18.200408048325588 ], [ -46.47351, -18.20171 ], [ -46.480304923753579, -18.200439866480728 ], [ -46.48056, -18.2017 ], [ -47.0063, -18.103432 ], [ -47.003276841998463, -18.088930739608951 ], [ -47.430046, -18.008076 ], [ -47.426984066746229, -17.993961463288677 ], [ -47.566322163749703, -17.967215365432043 ], [ -47.61267, -18.189232 ], [ -47.620742974174703, -18.187722040392064 ], [ -47.621044, -18.189161 ], [ -47.626756460785828, -18.188092609174252 ], [ -47.62703, -18.1894 ], [ -48.150772, -18.091455 ], [ -48.14986317297361, -18.087169541704622 ], [ -48.63454, -17.99528 ], [ -48.632140929640968, -17.984365690615252 ] ] ] } },
{ "type": "Feature", "properties": { "orbit_key": "SCS_T028_F171", "dataset": "BIOMASS", "collection": "BiomassLevel1a", "product_type": "S1_SCS__1S", "mode": "SCS", "orbit_state": "DESCENDING", "track": "T028", "track_number": 28, "frame": "F171", "frame_number": 171, "scene_count": 80, "unique_footprints": 40, "repeat_cycles": "1,10,2,3,4,5,6,7,8,9", "absolute_orbits": "3044,3088,3132,3176,3352,3396,3440,3484,3528,3572,3616,3660,3704,3792,3836,3880,3924,3968,4012,4056,4232,4276,4320,4364,4408,4452,4496,4540,4584,4628,4672,4716,4760,4804,4848,4892,4936", "first_start_time": "2025-11-22T21:10:13.794Z", "last_stop_time": "2026-03-31T21:15:49.586Z", "example_scene": "BIO_S1_SCS__1S_20251125T211015_20251125T211036_T_G01_M01_C02_T028_F171_01_DK9FXJ" }, "geometry": { "type": "Polygon", "coordinates": [ [ [ -48.878347418346209, -19.138400189399867 ], [ -49.2404, -19.069525 ], [ -48.967113, -17.832567 ], [ -48.961522940728003, -17.8336403234306 ], [ -48.96124, -17.832354 ], [ -48.954247261019653, -17.833696759765711 ], [ -48.953953, -17.832361 ], [ -48.946391788458904, -17.833812841880899 ], [ -48.946106, -17.832516 ], [ -48.93800451123419, -17.834071471412511 ], [ -48.93767, -17.832556 ], [ -48.930325721320671, -17.833965967624057 ], [ -48.93005, -17.832718 ], [ -48.921772984894687, -17.834307038730159 ], [ -48.921474, -17.832956 ], [ -48.3392, -17.94475 ], [ -48.341189243737205, -17.953951089977938 ], [ -47.9593, -18.026392 ], [ -47.961461630118905, -18.036691992909677 ], [ -47.815195606290004, -18.064068605618864 ], [ -47.761063, -17.817509 ], [ -47.754123254926988, -17.818841868224254 ], [ -47.753815, -17.817438 ], [ -47.743449387258124, -17.819429052915201 ], [ -47.743057, -17.817642 ], [ -47.735291805081509, -17.819133499179848 ], [ -47.734936, -17.817513 ], [ -47.146, -17.93062 ], [ -47.148140092785034, -17.940595336102678 ], [ -46.760452, -18.014126 ], [ -46.762461809615061, -18.023730237295716 ], [ -46.391106, -18.093204 ], [ -46.652046, -19.354439 ], [ -46.662844579609107, -19.352442184300866 ], [ -46.66322, -19.354254 ], [ -46.677914379951361, -19.351536463722606 ], [ -46.67853, -19.354504 ], [ -46.687307900199613, -19.352880558247445 ], [ -46.687687, -19.354706 ], [ -46.696459129454169, -19.353083702745984 ], [ -46.69675, -19.354483 ], [ -46.69941952391882, -19.353989319396977 ], [ -46.69956, -19.354664 ], [ -46.706971169598475, -19.353293381247166 ], [ -46.707264, -19.354698 ], [ -46.714511826359498, -19.353357514563612 ], [ -46.714794, -19.354708 ], [ -46.720659084129771, -19.353623175638777 ], [ -46.720894, -19.35475 ], [ -47.24748, -19.257362 ], [ -47.244474542875828, -19.242954507491699 ], [ -47.675003, -19.162172 ], [ -47.672021754440998, -19.14822734345729 ], [ -47.804372386606431, -19.123047130313847 ], [ -47.84968, -19.342896 ], [ -47.857319927973265, -19.341482311860226 ], [ -47.85764, -19.343037 ], [ -47.863869807846584, -19.341884271570681 ], [ -47.864094, -19.342972 ], [ -48.39354, -19.245014 ], [ -48.392634505648473, -19.240729989764652 ], [ -48.88065, -19.149097 ], [ -48.878347418346209, -19.138400189399867 ] ] ] } },
{ "type": "Feature", "properties": { "orbit_key": "SCS_T028_F172", "dataset": "BIOMASS", "collection": "BiomassLevel1a", "product_type": "S1_SCS__1S", "mode": "SCS", "orbit_state": "DESCENDING", "track": "T028", "track_number": 28, "frame": "F172", "frame_number": 172, "scene_count": 78, "unique_footprints": 39, "repeat_cycles": "1,10,2,3,4,5,6,7,8,9", "absolute_orbits": "3044,3088,3132,3176,3352,3396,3440,3484,3528,3572,3616,3660,3704,3792,3836,3880,3924,3968,4012,4056,4232,4276,4320,4364,4408,4452,4496,4540,4584,4628,4672,4716,4760,4804,4848,4892,4936", "first_start_time": "2025-11-22T21:10:32.808Z", "last_stop_time": "2026-03-31T21:16:08.600Z", "example_scene": "BIO_S1_SCS__1M_20251201T211038_20251201T211059_T_G01_M01_C04_T028_F172_01_DKQ7GP" }, "geometry": { "type": "Polygon", "coordinates": [ [ [ -49.133033072604626, -20.290704998299933 ], [ -49.488934, -20.223614 ], [ -49.210712, -18.9876 ], [ -49.204454624992536, -18.988790783555636 ], [ -49.204166, -18.987513 ], [ -49.19701401295606, -18.988874096289567 ], [ -49.196728, -18.98761 ], [ -49.189434774613659, -18.988998010754944 ], [ -49.189133, -18.987661 ], [ -49.181324481241937, -18.989146897816536 ], [ -49.181004, -18.987728 ], [ -49.174182036356783, -18.989026052665412 ], [ -49.17389, -18.987732 ], [ -49.167285899087972, -18.988988621108476 ], [ -49.16701, -18.98776 ], [ -48.57865, -19.099716 ], [ -48.580628344071897, -19.108692242054143 ], [ -48.200535, -19.1801 ], [ -48.202707003192238, -19.190110185827955 ], [ -48.05805162524117, -19.21689943470637 ], [ -48.004078, -18.972694 ], [ -47.997160679080821, -18.974010769983281 ], [ -47.99684, -18.97256 ], [ -47.986475933514633, -18.974533080645951 ], [ -47.986088, -18.972778 ], [ -47.978309262373507, -18.974258842670078 ], [ -47.977974, -18.972742 ], [ -47.389095, -19.08484 ], [ -47.391210986969845, -19.094648743242178 ], [ -46.998726, -19.168365 ], [ -47.000778672652167, -19.1779407960274 ], [ -46.629944, -19.246584 ], [ -46.896248, -20.50674 ], [ -46.906616660950206, -20.504843231907085 ], [ -46.907, -20.506659 ], [ -46.920324760808924, -20.504221250961386 ], [ -46.92094, -20.507158 ], [ -46.931416245000172, -20.505241375325241 ], [ -46.93174, -20.506777 ], [ -46.940228831404966, -20.505223923447776 ], [ -46.940567, -20.506828 ], [ -46.943289640040014, -20.506329902803664 ], [ -46.94342, -20.506948 ], [ -46.950954324816905, -20.505569587615241 ], [ -46.951237, -20.50691 ], [ -46.95781824577562, -20.505705842093217 ], [ -46.9581, -20.507044 ], [ -46.96401094303743, -20.505962445561345 ], [ -46.96427, -20.507196 ], [ -47.494827, -20.41013 ], [ -47.491780392213556, -20.395743616813185 ], [ -47.930584, -20.314217 ], [ -47.927492237970881, -20.300411556940482 ], [ -48.049594623635869, -20.277393884821954 ], [ -48.095844, -20.494663 ], [ -48.103871174112278, -20.493193474177893 ], [ -48.104214, -20.494802 ], [ -48.110272568672933, -20.493692898032588 ], [ -48.110516, -20.494837 ], [ -48.643845, -20.397211 ], [ -48.642971468176476, -20.393188363059441 ], [ -49.13544, -20.301615 ], [ -49.133033072604626, -20.290704998299933 ] ] ] } },
{ "type": "Feature", "properties": { "orbit_key": "SCS_T028_F173", "dataset": "BIOMASS", "collection": "BiomassLevel1a", "product_type": "S1_SCS__1S", "mode": "SCS", "orbit_state": "DESCENDING", "track": "T028", "track_number": 28, "frame": "F173", "frame_number": 173, "scene_count": 78, "unique_footprints": 39, "repeat_cycles": "1,10,2,3,4,5,6,7,8,9", "absolute_orbits": "3044,3088,3132,3176,3352,3396,3440,3484,3528,3572,3616,3660,3704,3792,3836,3880,3924,3968,4012,4056,4232,4276,4320,4364,4408,4452,4496,4540,4584,4628,4672,4716,4760,4804,4848,4892,4936", "first_start_time": "2025-11-22T21:10:51.823Z", "last_stop_time": "2026-03-31T21:16:27.615Z", "example_scene": "BIO_S1_SCS__1M_20260217T211539_20260217T211600_T_G01_M02_C03_T028_F173_01_DN0M2V" }, "geometry": { "type": "Polygon", "coordinates": [ [ [ -49.383489880155459, -21.443836549345065 ], [ -49.73616, -21.377981 ], [ -49.458138, -20.141924 ], [ -49.452452319672375, -20.142996223679262 ], [ -49.45218, -20.141785 ], [ -49.445144630575946, -20.143111817096585 ], [ -49.444862, -20.141857 ], [ -49.436995548537077, -20.143340582455991 ], [ -49.4367, -20.142029 ], [ -49.429735099443107, -20.143342364127314 ], [ -49.429405, -20.141874 ], [ -49.42243043594091, -20.143189067013981 ], [ -49.422142, -20.141905 ], [ -49.415440158093546, -20.143168689576001 ], [ -49.415157, -20.141905 ], [ -48.82315, -20.253534 ], [ -48.825088437711607, -20.262459011475119 ], [ -48.44954, -20.332333 ], [ -48.451677889309863, -20.342373650728415 ], [ -48.302043174245597, -20.369789933812953 ], [ -48.248146, -20.127686 ], [ -48.241250502688978, -20.128986525604592 ], [ -48.240932, -20.127556 ], [ -48.23056373232815, -20.129511716360643 ], [ -48.2302, -20.127878 ], [ -48.22241390563466, -20.129346600309137 ], [ -48.222054, -20.12773 ], [ -47.62856, -20.23967 ], [ -47.630676391560442, -20.249422839842193 ], [ -47.243607, -20.321413 ], [ -47.245620485863206, -20.33077148753334 ], [ -46.874264, -20.398775 ], [ -47.1389, -21.659077 ], [ -47.150011396214111, -21.657066874193987 ], [ -47.1504, -21.658913 ], [ -47.166222301524137, -21.65605026587723 ], [ -47.16685, -21.659027 ], [ -47.174918886437545, -21.657566992457756 ], [ -47.17526, -21.659191 ], [ -47.184510954026258, -21.657517231275875 ], [ -47.184814, -21.65896 ], [ -47.187657147636394, -21.658445587922994 ], [ -47.187817, -21.659206 ], [ -47.19512141214193, -21.65788437483895 ], [ -47.195377, -21.6591 ], [ -47.20131506448687, -21.658025471932298 ], [ -47.20158, -21.659288 ], [ -47.207904863880188, -21.65814352060983 ], [ -47.208176, -21.659433 ], [ -47.747467, -21.561855 ], [ -47.744364264562165, -21.547667706814796 ], [ -48.18077, -21.467402 ], [ -48.177753299247527, -21.453604195271314 ], [ -48.293324886190661, -21.432023861065652 ], [ -48.33843, -21.64727 ], [ -48.346012964637538, -21.645897137385784 ], [ -48.346302, -21.647278 ], [ -48.352116472770845, -21.646225390981261 ], [ -48.352367, -21.647425 ], [ -48.891895, -21.549763 ], [ -48.890973346800003, -21.545452961014753 ], [ -49.3858, -21.454372 ], [ -49.383489880155459, -21.443836549345065 ] ] ] } },
{ "type": "Feature", "properties": { "orbit_key": "SCS_T028_F174", "dataset": "BIOMASS", "collection": "BiomassLevel1a", "product_type": "S1_SCS__1S", "mode": "SCS", "orbit_state": "DESCENDING", "track": "T028", "track_number": 28, "frame": "F174", "frame_number": 174, "scene_count": 78, "unique_footprints": 39, "repeat_cycles": "1,10,2,3,4,5,6,7,8,9", "absolute_orbits": "3044,3088,3132,3176,3352,3396,3440,3484,3528,3572,3616,3660,3704,3792,3836,3880,3924,3968,4012,4056,4232,4276,4320,4364,4408,4452,4496,4540,4584,4628,4672,4716,4760,4804,4848,4892,4936", "first_start_time": "2025-11-22T21:11:10.837Z", "last_stop_time": "2026-03-31T21:16:46.628Z", "example_scene": "BIO_S1_SCS__1S_20260211T211555_20260211T211615_T_G01_M02_C01_T028_F174_01_DMPI49" }, "geometry": { "type": "Polygon", "coordinates": [ [ [ -49.13839, -22.702353 ], [ -49.137532140736717, -22.698333995898587 ], [ -49.635647, -22.607605 ], [ -49.633366585499481, -22.597146651967467 ], [ -49.98221, -22.532646 ], [ -49.706875, -21.296074 ], [ -49.700730286904083, -21.297221768300791 ], [ -49.700436, -21.295897 ], [ -49.69397612425594, -21.297103740009693 ], [ -49.6937, -21.295858 ], [ -49.685016042646495, -21.297480222623165 ], [ -49.68473, -21.296192 ], [ -49.677043551250705, -21.29762771059784 ], [ -49.676746, -21.296291 ], [ -49.670019372099162, -21.297547285440459 ], [ -49.669724, -21.296215 ], [ -49.662142158653801, -21.29763105329959 ], [ -49.661858, -21.29635 ], [ -49.064068, -21.408005 ], [ -49.065989917333162, -21.416846726310823 ], [ -48.693447, -21.48546 ], [ -48.695523977037091, -21.495248055887103 ], [ -48.547379860191164, -21.522090395552869 ], [ -48.493595, -21.282377 ], [ -48.486723313072979, -21.283660791182513 ], [ -48.4864, -21.28222 ], [ -48.476032505897237, -21.284157080228024 ], [ -48.47566, -21.282497 ], [ -48.467861475425956, -21.283953997946266 ], [ -48.4675, -21.282343 ], [ -47.8695, -21.394064 ], [ -47.871610655730571, -21.403727106470058 ], [ -47.49122, -21.473768 ], [ -47.493263985810316, -21.483199669293061 ], [ -47.117165, -21.551311 ], [ -47.383327, -22.811316 ], [ -47.39412884452841, -22.809384031897327 ], [ -47.394474, -22.811016 ], [ -47.410074822586459, -22.808225340858954 ], [ -47.410686, -22.811115 ], [ -47.419162781085433, -22.809598565438218 ], [ -47.419502, -22.811205 ], [ -47.428730010052817, -22.809554254698394 ], [ -47.429054, -22.811087 ], [ -47.431728245550531, -22.810608627526697 ], [ -47.431873, -22.811293 ], [ -47.438987490136846, -22.810020317797786 ], [ -47.439247, -22.811247 ], [ -47.445835852942771, -22.810068240988304 ], [ -47.4461, -22.811323 ], [ -47.45242332660748, -22.810191746078853 ], [ -47.452667, -22.811348 ], [ -47.99685, -22.714 ], [ -47.993819507686325, -22.699995376406921 ], [ -48.43496, -22.6197 ], [ -48.431943784145929, -22.606046534469495 ], [ -48.534586108775414, -22.587067163753918 ], [ -48.579025, -22.799875 ], [ -48.586937514878038, -22.798458899201304 ], [ -48.587288, -22.800137 ], [ -48.593452357563557, -22.799033816873504 ], [ -48.59362, -22.799835 ], [ -49.13839, -22.702353 ] ] ] } },
{ "type": "Feature", "properties": { "orbit_key": "SCS_T028_F175", "dataset": "BIOMASS", "collection": "BiomassLevel1a", "product_type": "S1_SCS__1S", "mode": "SCS", "orbit_state": "DESCENDING", "track": "T028", "track_number": 28, "frame": "F175", "frame_number": 175, "scene_count": 78, "unique_footprints": 39, "repeat_cycles": "1,10,2,3,4,5,6,7,8,9", "absolute_orbits": "3044,3088,3132,3176,3352,3396,3440,3484,3528,3572,3616,3660,3704,3792,3836,3880,3924,3968,4012,4056,4232,4276,4320,4364,4408,4452,4496,4540,4584,4628,4672,4716,4760,4804,4848,4892,4936", "first_start_time": "2025-11-22T21:11:29.855Z", "last_stop_time": "2026-03-31T21:17:05.647Z", "example_scene": "BIO_S1_SCS__1M_20251201T211135_20251201T211156_T_G01_M01_C04_T028_F175_01_DKQ7GS" }, "geometry": { "type": "Polygon", "coordinates": [ [ [ -49.886731425168655, -23.749675399695736 ], [ -50.22958, -23.68692 ], [ -49.950256, -22.451075 ], [ -49.943637590335562, -22.452299054569313 ], [ -49.943375, -22.45114 ], [ -49.937432232964653, -22.452239178297624 ], [ -49.93714, -22.450945 ], [ -49.92955335333837, -22.452348245782385 ], [ -49.92926, -22.451042 ], [ -49.921809428943121, -22.452419937004688 ], [ -49.921486, -22.45098 ], [ -49.913980274555961, -22.452367980519035 ], [ -49.91371, -22.45117 ], [ -49.906097929788039, -22.452577693596975 ], [ -49.905827, -22.45138 ], [ -49.304142, -22.562653 ], [ -49.306049815041959, -22.57131355519331 ], [ -48.936783, -22.638613 ], [ -48.938889696361286, -22.648377472503121 ], [ -48.794329547243464, -22.674273489476846 ], [ -48.74059, -22.43678 ], [ -48.733743927077946, -22.438046554699365 ], [ -48.73341, -22.436571 ], [ -48.723040005765398, -22.43848965758589 ], [ -48.72269, -22.436943 ], [ -48.714877628688512, -22.438388388302219 ], [ -48.71452, -22.436808 ], [ -48.111294, -22.548407 ], [ -48.113382651387361, -22.557901159747008 ], [ -47.738285, -22.626255 ], [ -47.740261212641094, -22.635492647522771 ], [ -47.361553, -22.703304 ], [ -47.62304, -23.963976 ], [ -47.633819264171095, -23.96207083634274 ], [ -47.63416, -23.963713 ], [ -47.647822687964144, -23.961297870783575 ], [ -47.648422, -23.96421 ], [ -47.657552439644881, -23.962596084127309 ], [ -47.65788, -23.964186 ], [ -47.667859228017548, -23.96242207768282 ], [ -47.66817, -23.963926 ], [ -47.67019582458466, -23.963567908899154 ], [ -47.67033, -23.964218 ], [ -47.677693147191526, -23.962916454573371 ], [ -47.67794, -23.964115 ], [ -47.687164117212951, -23.962484367111568 ], [ -47.687443, -23.96382 ], [ -47.694152417630207, -23.96263375569211 ], [ -47.694405, -23.963842 ], [ -48.246483, -23.86624 ], [ -48.243489136828572, -23.852367949581961 ], [ -48.685974, -23.772688 ], [ -48.68297157069609, -23.759025058677594 ], [ -48.781484104237691, -23.740991705118166 ], [ -48.826267, -23.951418 ], [ -48.833711065930622, -23.950101080315768 ], [ -48.834015, -23.95153 ], [ -48.839514098643733, -23.95055723070671 ], [ -48.839733, -23.951591 ], [ -49.389305, -23.854385 ], [ -49.388438089164318, -23.850386383070642 ], [ -49.889053, -23.760166 ], [ -49.886731425168655, -23.749675399695736 ] ] ] } },
{ "type": "Feature", "properties": { "orbit_key": "SCS_T028_F176", "dataset": "BIOMASS", "collection": "BiomassLevel1a", "product_type": "S1_SCS__1S", "mode": "SCS", "orbit_state": "DESCENDING", "track": "T028", "track_number": 28, "frame": "F176", "frame_number": 176, "scene_count": 78, "unique_footprints": 39, "repeat_cycles": "1,10,2,3,4,5,6,7,8,9", "absolute_orbits": "3044,3088,3132,3176,3352,3396,3440,3484,3528,3572,3616,3660,3704,3792,3836,3880,3924,3968,4012,4056,4232,4276,4320,4364,4408,4452,4496,4540,4584,4628,4672,4716,4760,4804,4848,4892,4936", "first_start_time": "2025-11-22T21:11:48.873Z", "last_stop_time": "2026-03-31T21:17:24.665Z", "example_scene": "BIO_S1_SCS__1S_20260217T211636_20260217T211657_T_G01_M02_C03_T028_F176_01_DN0LZM" }, "geometry": { "type": "Polygon", "coordinates": [ [ [ -50.136435998751459, -24.902948180253986 ], [ -50.470882, -24.842384 ], [ -50.470614984745616, -24.841167132750865 ], [ -50.47082, -24.84113 ], [ -50.19936, -23.603813 ], [ -50.187182097473404, -23.606043169144055 ], [ -50.186916, -23.604832 ], [ -50.179115008026166, -23.606260507093548 ], [ -50.178833, -23.604979 ], [ -50.170840331874196, -23.606442417344734 ], [ -50.170525, -23.605011 ], [ -50.164204682141175, -23.606168119478362 ], [ -50.163944, -23.60498 ], [ -50.155974421054779, -23.606439126716964 ], [ -50.15568, -23.605108 ], [ -49.549564, -23.716082 ], [ -49.551411588193538, -23.724751053528806 ], [ -49.183193, -23.791145 ], [ -49.185319339905135, -23.800808300178158 ], [ -49.049073487045817, -23.824932032187913 ], [ -48.995358, -23.589767 ], [ -48.98257128141271, -23.59210909833557 ], [ -48.982273, -23.590803 ], [ -48.977865764881912, -23.591610262432219 ], [ -48.97746, -23.589834 ], [ -48.963673499381116, -23.592359418540813 ], [ -48.96334, -23.590899 ], [ -48.35497, -23.702322 ], [ -48.357042362601831, -23.711669020295194 ], [ -47.983807, -23.778957 ], [ -47.985764854124618, -23.787967448489756 ], [ -47.602444, -23.855799 ], [ -47.882687, -25.113237 ], [ -47.892997352448248, -25.111435331079345 ], [ -47.89338, -25.113157 ], [ -47.908838053381984, -25.110455563816949 ], [ -47.909492, -25.1134 ], [ -47.915421882022088, -25.112363606916198 ], [ -47.91575, -25.113855 ], [ -47.921679055306093, -25.112818945621967 ], [ -47.92198, -25.1142 ], [ -47.923443024066302, -25.113944385238625 ], [ -47.923588, -25.114613 ], [ -47.93419409741584, -25.112759939622865 ], [ -47.93451, -25.1142 ], [ -47.939256043279002, -25.113370626869475 ], [ -47.939487, -25.114435 ], [ -47.94681214571267, -25.113155009418783 ], [ -47.94706, -25.114296 ], [ -48.494255, -25.01868 ], [ -48.491306261511603, -25.005014185889593 ], [ -48.94045, -24.925016 ], [ -48.937450214140462, -24.911531634095006 ], [ -49.023183953002061, -24.895997065488022 ], [ -49.06667, -25.104101 ], [ -49.073640801036156, -25.102882732594843 ], [ -49.073925, -25.104244 ], [ -49.079770873441873, -25.103222414394711 ], [ -49.07999, -25.104275 ], [ -49.643063, -25.005886 ], [ -49.6421777908715, -25.001822576760567 ], [ -50.13872, -24.913305 ], [ -50.136435998751459, -24.902948180253986 ] ] ] } },
{ "type": "Feature", "properties": { "orbit_key": "SCS_T035_F290", "dataset": "BIOMASS", "collection": "BiomassLevel1a", "product_type": "S1_SCS__1S", "mode": "SCS", "orbit_state": "ASCENDING", "track": "T035", "track_number": 35, "frame": "F290", "frame_number": 290, "scene_count": 76, "unique_footprints": 38, "repeat_cycles": "1,10,2,3,4,5,6,7,8,9", "absolute_orbits": "3051,3095,3183,3359,3403,3447,3491,3535,3579,3623,3667,3711,3755,3799,3843,3887,3931,3975,4019,4063,4239,4283,4327,4371,4415,4459,4503,4547,4591,4635,4679,4723,4767,4855,4899,4943", "first_start_time": "2025-11-23T09:15:16.010Z", "last_stop_time": "2026-04-01T09:20:51.789Z", "example_scene": "BIO_S1_SCS__1S_20251123T091516_20251123T091536_T_G01_M01_C01_T035_F290_01_DK4LPZ" }, "geometry": { "type": "Polygon", "coordinates": [ [ [ -50.1685183165445, -24.961119005887827 ], [ -50.17387, -24.96206 ], [ -50.433384, -23.725492 ], [ -49.888622, -23.628479 ], [ -49.888368953399983, -23.629624859654044 ], [ -49.88244, -23.628569 ], [ -49.882088462647587, -23.630159571142666 ], [ -49.87423, -23.62876 ], [ -49.873757094994993, -23.630902542340497 ], [ -49.44687, -23.553814 ], [ -49.44647911632007, -23.555572872677683 ], [ -49.437614, -23.553972 ], [ -49.437279795823841, -23.555483722890209 ], [ -49.429302, -23.554043 ], [ -49.429044339374428, -23.555187461650331 ], [ -49.4216, -23.553843 ], [ -49.421273266323702, -23.555312779501971 ], [ -49.414696, -23.554125 ], [ -49.414403720210871, -23.555452022195308 ], [ -49.406883, -23.554094 ], [ -49.406615936683203, -23.555314890915422 ], [ -49.056004, -23.491152 ], [ -49.055715778529361, -23.492375627563998 ], [ -49.046227, -23.490639 ], [ -49.045935048736943, -23.491896285223891 ], [ -49.03894, -23.490616 ], [ -49.038674249644878, -23.491777114620785 ], [ -49.032898, -23.49072 ], [ -49.032602715885993, -23.491983122406658 ], [ -49.024963, -23.490585 ], [ -49.024667547644903, -23.491855122132009 ], [ -49.017853, -23.490608 ], [ -49.017559523150084, -23.491884416546057 ], [ -49.011066, -23.490696 ], [ -48.972267321178414, -23.657971535747947 ], [ -48.73806, -23.616272 ], [ -48.737792832530303, -23.617481547718153 ], [ -48.731415, -23.616346 ], [ -48.731097037004929, -23.617785960461294 ], [ -48.723385, -23.616413 ], [ -48.723339212540971, -23.616619329212821 ], [ -48.722843, -23.616531 ], [ -48.722480155198561, -23.61816762061494 ], [ -48.713932, -23.616646 ], [ -48.713589876358959, -23.618188949128662 ], [ -48.70358, -23.616407 ], [ -48.703114290980643, -23.618519987727492 ], [ -48.689106, -23.616026 ], [ -48.688591527048764, -23.618361901876892 ], [ -48.680557, -23.616932 ], [ -48.680291701416195, -23.618140990066728 ], [ -48.261765, -23.542599 ], [ -48.261553959742152, -23.543503419714408 ], [ -48.255386, -23.54239 ], [ -48.255123756131617, -23.54351468174259 ], [ -48.250904, -23.542753 ], [ -48.250632376345052, -23.543916435023387 ], [ -48.245045, -23.542908 ], [ -48.24470249916147, -23.544370928052864 ], [ -48.237217, -23.54302 ], [ -48.236830246666401, -23.544675165299548 ], [ -48.22859, -23.543188 ], [ -48.228228446039971, -23.544738400889898 ], [ -48.21873, -23.543024 ], [ -48.217544862798107, -23.548086098097805 ], [ -47.827606, -23.476713 ], [ -47.82689567164384, -23.479832610422552 ], [ -47.80869, -23.476498 ], [ -47.808358754372449, -23.477952517647836 ], [ -47.79943, -23.476318 ], [ -47.512684, -24.735497 ], [ -48.140717, -24.849216 ], [ -48.141714046152309, -24.844705334311961 ], [ -48.168495, -24.849554 ], [ -48.169731460244861, -24.84395970085971 ], [ -48.57189, -24.91572 ], [ -48.572234581360803, -24.914181475909352 ], [ -48.583874, -24.916258 ], [ -48.584244339066629, -24.914592491942425 ], [ -48.594444, -24.916412 ], [ -48.594763190056696, -24.91496793921576 ], [ -48.60117, -24.916111 ], [ -48.601413119810367, -24.915016132193028 ], [ -48.60876, -24.916327 ], [ -48.609011488067317, -24.915188899251575 ], [ -48.61696, -24.916607 ], [ -48.617152554282377, -24.91572397655592 ], [ -48.62037, -24.916298 ], [ -48.620764603045856, -24.914506356953382 ], [ -48.96306, -24.974644 ], [ -48.963436870513313, -24.972859788752928 ], [ -48.97247, -24.974447 ], [ -48.973015680583224, -24.971861706674151 ], [ -48.986828, -24.974289 ], [ -48.987148019235761, -24.972770576250475 ], [ -48.996193, -24.97436 ], [ -48.996535294444854, -24.972742753023347 ], [ -49.005386, -24.974298 ], [ -49.005430449777087, -24.974087060989543 ], [ -49.00613, -24.97421 ], [ -49.006429878785596, -24.972786905488867 ], [ -49.014584, -24.97422 ], [ -49.014823804488948, -24.973080668532408 ], [ -49.02109, -24.974182 ], [ -49.023853192971671, -24.961040812683446 ], [ -49.03174, -24.962427 ], [ -49.068634253973244, -24.787464087255834 ], [ -49.353104, -24.83897 ], [ -49.353383393455758, -24.837700733994048 ], [ -49.360394, -24.83897 ], [ -49.36066930993475, -24.837717431462476 ], [ -49.365875, -24.83866 ], [ -49.366146146803658, -24.837436961835341 ], [ -49.372486, -24.838585 ], [ -49.372741741853723, -24.837440431176379 ], [ -49.379852, -24.838728 ], [ -49.380128250077128, -24.83748659698292 ], [ -49.385216, -24.838408 ], [ -49.385501376309023, -24.837141326296763 ], [ -49.39317, -24.83853 ], [ -49.393574307502163, -24.836725016804035 ], [ -49.78301, -24.906206 ], [ -49.783281409638434, -24.90490702494289 ], [ -49.790264, -24.906153 ], [ -49.790567855713014, -24.904703582478589 ], [ -49.7973, -24.905905 ], [ -49.797549726377426, -24.904716540470197 ], [ -49.805504, -24.906136 ], [ -49.805807871491197, -24.904687934768564 ], [ -49.813374, -24.906038 ], [ -49.813741173590152, -24.904289100538811 ], [ -49.822186, -24.905796 ], [ -49.822741488166784, -24.903150903359219 ], [ -50.160233, -24.962494 ], [ -50.160563535088841, -24.960910545947247 ], [ -50.168278, -24.962267 ], [ -50.1685183165445, -24.961119005887827 ] ] ] } },
{ "type": "Feature", "properties": { "orbit_key": "SCS_T035_F291", "dataset": "BIOMASS", "collection": "BiomassLevel1a", "product_type": "S1_SCS__1S", "mode": "SCS", "orbit_state": "ASCENDING", "track": "T035", "track_number": 35, "frame": "F291", "frame_number": 291, "scene_count": 76, "unique_footprints": 37, "repeat_cycles": "1,10,2,3,4,5,6,7,8,9", "absolute_orbits": "3051,3095,3183,3359,3403,3447,3491,3535,3579,3623,3667,3711,3755,3799,3843,3887,3931,3975,4019,4063,4239,4283,4327,4371,4415,4459,4503,4547,4591,4635,4679,4723,4767,4855,4899,4943", "first_start_time": "2025-11-23T09:15:35.030Z", "last_stop_time": "2026-04-01T09:21:10.809Z", "example_scene": "BIO_S1_SCS__1M_20251202T091540_20251202T091601_T_G01_M01_C04_T035_F291_01_DKR1X3" }, "geometry": { "type": "Polygon", "coordinates": [ [ [ -48.987093990897279, -22.464978624566054 ], [ -48.980183, -22.463734 ], [ -48.979870830491777, -22.465169630396375 ], [ -48.973137, -22.463957 ], [ -48.973068927066457, -22.464269040182796 ], [ -48.97253, -22.464172 ], [ -48.972194689138689, -22.465709631298395 ], [ -48.96335, -22.464117 ], [ -48.962981102041262, -22.465810027995989 ], [ -48.953335, -22.464073 ], [ -48.95286001400536, -22.466255344349012 ], [ -48.938232, -22.463621 ], [ -48.937769710714321, -22.46575252967968 ], [ -48.929546, -22.464272 ], [ -48.92924806962197, -22.465647189118059 ], [ -48.51627, -22.390308 ], [ -48.516064254419923, -22.391240421742044 ], [ -48.510033, -22.39014 ], [ -48.509811350583135, -22.391141168593439 ], [ -48.50508, -22.390278 ], [ -48.504794499993174, -22.391563924940474 ], [ -48.498924, -22.390493 ], [ -48.498562448290279, -22.392125190026078 ], [ -48.489834, -22.390533 ], [ -48.489484739133047, -22.392109758778698 ], [ -48.481285, -22.390614 ], [ -48.480938236467601, -22.392182922409802 ], [ -48.47088, -22.390348 ], [ -48.469764947772596, -22.39538660838512 ], [ -48.081036, -22.323524 ], [ -48.080002487022043, -22.328104818004107 ], [ -48.052895, -22.323093 ], [ -47.76866, -23.582752 ], [ -48.392612, -23.696888 ], [ -48.393615857301711, -23.692310558501791 ], [ -48.420376, -23.697205 ], [ -48.421589531489666, -23.691670799334659 ], [ -48.828922, -23.765123 ], [ -48.82925760795807, -23.763564091804849 ], [ -48.839684, -23.765444 ], [ -48.840020492527223, -23.763873197968767 ], [ -48.849293, -23.765545 ], [ -48.849639380104783, -23.763923010651457 ], [ -48.85711, -23.76527 ], [ -48.857381479296862, -23.763997824355343 ], [ -48.86305, -23.76502 ], [ -48.863251896812336, -23.764077914055878 ], [ -48.868404, -23.765007 ], [ -48.868614081845763, -23.76402461817187 ], [ -48.87551, -23.765268 ], [ -48.875904899875721, -23.76341418849476 ], [ -49.206398, -23.82217 ], [ -49.206752438081239, -23.820491200428567 ], [ -49.214878, -23.821936 ], [ -49.21541825967789, -23.819390978493406 ], [ -49.227592, -23.821556 ], [ -49.227947778778976, -23.819885565494289 ], [ -49.238106, -23.821692 ], [ -49.238428460535033, -23.820172871158498 ], [ -49.24741, -23.82177 ], [ -49.247477249854882, -23.821452367801704 ], [ -49.24797, -23.82154 ], [ -49.248268800171395, -23.820129663370111 ], [ -49.255203, -23.821363 ], [ -49.255448688422675, -23.820208313265343 ], [ -49.26234, -23.821434 ], [ -49.265139297249682, -23.808235065195394 ], [ -49.27418, -23.809843 ], [ -49.311722177494133, -23.632949852192795 ], [ -49.60393, -23.6864 ], [ -49.604203368509175, -23.685157259738805 ], [ -49.610943, -23.68639 ], [ -49.611222960152361, -23.68511714161356 ], [ -49.6181, -23.686375 ], [ -49.618376403346723, -23.68511635939716 ], [ -49.626247, -23.686556 ], [ -49.626500935654981, -23.685398913248711 ], [ -49.63363, -23.686703 ], [ -49.633918154799275, -23.685387871224442 ], [ -49.640118, -23.686522 ], [ -49.640382600451524, -23.685319568734819 ], [ -49.64805, -23.686722 ], [ -49.648435253785415, -23.684968416271317 ], [ -50.0255, -23.752998 ], [ -50.025807337606047, -23.751566337156572 ], [ -50.032223, -23.752724 ], [ -50.032512741593294, -23.751380962854871 ], [ -50.03934, -23.752613 ], [ -50.039614349884744, -23.751340927261154 ], [ -50.047146, -23.7527 ], [ -50.04745981420556, -23.75124457246956 ], [ -50.055077, -23.752619 ], [ -50.055422625687534, -23.751015387771798 ], [ -50.06431, -23.752619 ], [ -50.064933422055397, -23.749716314320811 ], [ -50.40076, -23.809477 ], [ -50.401071454523091, -23.808000248147938 ], [ -50.4095, -23.8095 ], [ -50.409754706714637, -23.808294153102114 ], [ -50.415874, -23.809383 ], [ -50.677193, -22.573055 ], [ -50.135445, -22.475468 ], [ -50.135183637879045, -22.476668677075342 ], [ -50.12944, -22.475634 ], [ -50.129118493819973, -22.477114771800501 ], [ -50.12091, -22.475636 ], [ -50.120372542500533, -22.478116963133729 ], [ -49.702976, -22.40194 ], [ -49.702631043458126, -22.403491785882377 ], [ -49.693153, -22.401762 ], [ -49.692815700992242, -22.403284306673321 ], [ -49.686535, -22.402138 ], [ -49.686261283751691, -22.403369798364814 ], [ -49.67834, -22.401924 ], [ -49.678035977412186, -22.403288968291196 ], [ -49.671165, -22.402035 ], [ -49.6708280887444, -22.403549934364733 ], [ -49.661606, -22.401867 ], [ -49.661362198987717, -22.402968157839087 ], [ -49.305515, -22.337194 ], [ -49.305243316244258, -22.338411539483509 ], [ -49.297997, -22.337072 ], [ -49.297699232897379, -22.338402129108726 ], [ -49.291126, -22.337187 ], [ -49.290863535747135, -22.33835832300413 ], [ -49.28437, -22.337158 ], [ -49.284080343129482, -22.338455723993231 ], [ -49.275566, -22.336882 ], [ -49.275279170694581, -22.338167615975696 ], [ -49.268394, -22.336895 ], [ -49.268114783305052, -22.338144974144726 ], [ -49.26099, -22.336828 ], [ -49.223293847081571, -22.506309782906737 ], [ -48.987347, -22.463816 ], [ -48.987093990897279, -22.464978624566054 ] ] ] } },
{ "type": "Feature", "properties": { "orbit_key": "SCS_T035_F292", "dataset": "BIOMASS", "collection": "BiomassLevel1a", "product_type": "S1_SCS__1S", "mode": "SCS", "orbit_state": "ASCENDING", "track": "T035", "track_number": 35, "frame": "F292", "frame_number": 292, "scene_count": 78, "unique_footprints": 38, "repeat_cycles": "1,10,2,3,4,5,6,7,8,9", "absolute_orbits": "3051,3095,3183,3359,3403,3447,3491,3535,3579,3623,3667,3711,3755,3799,3843,3887,3931,3975,4019,4063,4239,4283,4327,4371,4415,4459,4503,4547,4591,4635,4679,4723,4767,4855,4899,4943", "first_start_time": "2025-11-23T09:15:54.048Z", "last_stop_time": "2026-04-01T09:21:29.828Z", "example_scene": "BIO_S1_SCS__1S_20251123T091554_20251123T091614_T_G01_M01_C01_T035_F292_01_DK4PI1" }, "geometry": { "type": "Polygon", "coordinates": [ [ [ -49.232789559453856, -21.311753193372066 ], [ -49.22626, -21.310564 ], [ -49.225937826430929, -21.312074979180103 ], [ -49.218662, -21.31075 ], [ -49.21862374536456, -21.310929012168927 ], [ -49.21808, -21.31083 ], [ -49.217725707737898, -21.31248824139789 ], [ -49.208603, -21.310827 ], [ -49.208243719688532, -21.312513795171942 ], [ -49.198723, -21.31078 ], [ -49.198232095776831, -21.313071754680589 ], [ -49.184265, -21.310528 ], [ -49.183810842112521, -21.312647541898379 ], [ -49.175476, -21.31113 ], [ -49.175184047580927, -21.312495405450843 ], [ -48.766354, -21.237125 ], [ -48.766151015626946, -21.23804353246274 ], [ -48.75926, -21.236773 ], [ -48.759032277886021, -21.237805446215567 ], [ -48.754566, -21.236982 ], [ -48.754253903638144, -21.238394282719476 ], [ -48.7486, -21.237352 ], [ -48.748277173689551, -21.238811524574619 ], [ -48.740517, -21.237381 ], [ -48.740154105368703, -21.23902583724152 ], [ -48.73185, -21.237495 ], [ -48.731483706171424, -21.239146671885475 ], [ -48.721554, -21.237316 ], [ -48.720421312326621, -21.242443128470352 ], [ -48.332886, -21.170103 ], [ -48.332180961970572, -21.173254785081816 ], [ -48.31404, -21.169868 ], [ -48.313707130227932, -21.171355859877693 ], [ -48.304768, -21.169687 ], [ -48.022865, -22.429752 ], [ -48.640144, -22.5438 ], [ -48.640473921228974, -22.542284819299038 ], [ -48.649216, -22.5439 ], [ -48.649894813520767, -22.54078259910932 ], [ -48.667885, -22.544106 ], [ -48.669103102241664, -22.538511253318639 ], [ -49.075497, -22.612583 ], [ -49.075842825026498, -22.61094314335994 ], [ -49.085384, -22.612682 ], [ -49.085729176567369, -22.611043418978454 ], [ -49.093864, -22.612526 ], [ -49.094169751076919, -22.611077582153637 ], [ -49.10159, -22.61243 ], [ -49.101873466107101, -22.611091586979043 ], [ -49.10768, -22.61215 ], [ -49.107899891562823, -22.611111417429086 ], [ -49.113422, -22.612118 ], [ -49.113613482384899, -22.611213084248821 ], [ -49.11933, -22.612255 ], [ -49.119725190389417, -22.610390259779606 ], [ -49.44857, -22.669533 ], [ -49.448939254025511, -22.66777242451645 ], [ -49.45791, -22.669386 ], [ -49.458452021988769, -22.666808592534295 ], [ -49.47169, -22.66919 ], [ -49.472038409953655, -22.667531762482835 ], [ -49.482647, -22.66944 ], [ -49.482991408889085, -22.667798429059211 ], [ -49.491306, -22.669294 ], [ -49.491344671584578, -22.669109953446977 ], [ -49.492012, -22.66923 ], [ -49.492325247060336, -22.667739070887031 ], [ -49.500546, -22.669218 ], [ -49.500789068438614, -22.668059604040888 ], [ -49.50705, -22.669186 ], [ -49.509791540641267, -22.656124711002452 ], [ -49.518353, -22.657665 ], [ -49.555917300566307, -22.478635237460619 ], [ -49.852356, -22.533401 ], [ -49.852613069170403, -22.532204415296331 ], [ -49.85876, -22.53334 ], [ -49.859038047586388, -22.532050468802463 ], [ -49.86663, -22.533453 ], [ -49.866898544251079, -22.532205144103358 ], [ -49.874573, -22.533623 ], [ -49.874824141275319, -22.532454949507766 ], [ -49.88133, -22.533657 ], [ -49.881617302885196, -22.532321391458115 ], [ -49.88955, -22.533787 ], [ -49.889826612887411, -22.53249784845849 ], [ -49.89759, -22.533932 ], [ -49.897962251567428, -22.532196012224425 ], [ -50.270676, -22.600166 ], [ -50.270973181644933, -22.598774405432486 ], [ -50.278927, -22.600225 ], [ -50.279229283856722, -22.598806197995607 ], [ -50.28697, -22.600218 ], [ -50.287245830311598, -22.598922751855408 ], [ -50.294567, -22.600258 ], [ -50.29487982677729, -22.598790952699197 ], [ -50.302277, -22.60014 ], [ -50.302629246667649, -22.598490173427074 ], [ -50.310535, -22.599932 ], [ -50.311134015245116, -22.597134108818139 ], [ -50.64468, -22.657173 ], [ -50.64501718877932, -22.655569388103469 ], [ -50.652943, -22.656996 ], [ -50.65319318083008, -22.655807756365526 ], [ -50.659306, -22.656908 ], [ -50.919395, -21.420286 ], [ -50.382183, -21.322426 ], [ -50.381927984926669, -21.32360725628477 ], [ -50.375965, -21.322521 ], [ -50.375618654215856, -21.324127943861907 ], [ -50.36744, -21.322638 ], [ -50.366935625499792, -21.324982509206141 ], [ -49.950405, -21.248167 ], [ -49.950043128663602, -21.249833604413237 ], [ -49.94138, -21.248236 ], [ -49.941059529853042, -21.249704813590068 ], [ -49.933258, -21.248266 ], [ -49.932971172709522, -21.249584873734861 ], [ -49.925262, -21.248163 ], [ -49.924950155718605, -21.249599499735798 ], [ -49.917416, -21.24821 ], [ -49.917108437591153, -21.249624051370805 ], [ -49.909386, -21.2482 ], [ -49.909117241618951, -21.249438323939891 ], [ -49.55609, -21.183542 ], [ -49.555814313079487, -21.184789970009778 ], [ -49.54794, -21.18332 ], [ -49.547643448289463, -21.18465976636698 ], [ -49.539974, -21.183228 ], [ -49.539712550041152, -21.184410733284334 ], [ -49.53275, -21.183111 ], [ -49.532466468177006, -21.184402236652396 ], [ -49.524906, -21.182991 ], [ -49.524619182864342, -21.184291859357501 ], [ -49.517693, -21.182999 ], [ -49.5174278725367, -21.184202211086046 ], [ -49.510918, -21.182987 ], [ -49.473137878359836, -21.354307512371779 ], [ -49.23304, -21.31058 ], [ -49.232789559453856, -21.311753193372066 ] ] ] } },
{ "type": "Feature", "properties": { "orbit_key": "SCS_T035_F293", "dataset": "BIOMASS", "collection": "BiomassLevel1a", "product_type": "S1_SCS__1S", "mode": "SCS", "orbit_state": "ASCENDING", "track": "T035", "track_number": 35, "frame": "F293", "frame_number": 293, "scene_count": 78, "unique_footprints": 38, "repeat_cycles": "1,10,2,3,4,5,6,7,8,9", "absolute_orbits": "3051,3095,3183,3359,3403,3447,3491,3535,3579,3623,3667,3711,3755,3799,3843,3887,3931,3975,4019,4063,4239,4283,4327,4371,4415,4459,4503,4547,4591,4635,4679,4723,4767,4855,4899,4943", "first_start_time": "2025-11-23T09:16:13.067Z", "last_stop_time": "2026-04-01T09:21:48.847Z", "example_scene": "BIO_S2_SCS__1S_20251214T091625_20251214T091646_T_G01_M01_C01_T035_F293_01_DJN35K" }, "geometry": { "type": "Polygon", "coordinates": [ [ [ -49.481746141615183, -20.159229900377476 ], [ -49.474903, -20.15797 ], [ -49.47458400799372, -20.159450437251312 ], [ -49.46645, -20.157953 ], [ -49.466417698114356, -20.158103061984701 ], [ -49.465923, -20.158012 ], [ -49.465582697998819, -20.159592378084888 ], [ -49.457394, -20.158085 ], [ -49.457024056685029, -20.159793763707 ], [ -49.446846, -20.15792 ], [ -49.446366219701943, -20.16014617733331 ], [ -49.432716, -20.157633 ], [ -49.432212988529777, -20.159963227447193 ], [ -49.423573, -20.158373 ], [ -49.423291895018963, -20.159677025722281 ], [ -49.015106, -20.083664 ], [ -49.014900041931547, -20.084606402864491 ], [ -49.00824, -20.083366 ], [ -49.007977523054564, -20.084572077278715 ], [ -49.00264, -20.083578 ], [ -49.002376712701263, -20.084791735965464 ], [ -48.996525, -20.083702 ], [ -48.996179521582974, -20.085292976090876 ], [ -48.98915, -20.083984 ], [ -48.988814421921198, -20.085521146284425 ], [ -48.980286, -20.083933 ], [ -48.979895244423489, -20.085725458090426 ], [ -48.9707, -20.084013 ], [ -48.969590885952243, -20.089104601832208 ], [ -48.583073, -20.01627 ], [ -48.582359700916868, -20.019484008631988 ], [ -48.56425, -20.016071 ], [ -48.563918889712909, -20.017562738965179 ], [ -48.554974, -20.015877 ], [ -48.275204, -21.27633 ], [ -48.886173, -21.390312 ], [ -48.886488450600403, -21.388853843864592 ], [ -48.895237, -21.390486 ], [ -48.895938679161482, -21.387242549998458 ], [ -48.9139, -21.390593 ], [ -48.915093898915401, -21.385073543013306 ], [ -49.317535, -21.4592 ], [ -49.317913476749055, -21.457422420610079 ], [ -49.326984, -21.459093 ], [ -49.327310687760814, -21.457559721878347 ], [ -49.336445, -21.459242 ], [ -49.336781351416683, -21.457664165572055 ], [ -49.344425, -21.459072 ], [ -49.344680235556488, -21.45787408868976 ], [ -49.35076, -21.458994 ], [ -49.351005873521821, -21.457841946906459 ], [ -49.355843, -21.458733 ], [ -49.356054478826351, -21.457744220755806 ], [ -49.362373, -21.458908 ], [ -49.362740753532577, -21.457185271086377 ], [ -49.69031, -21.516764 ], [ -49.69070917200537, -21.51486931818458 ], [ -49.699905, -21.516542 ], [ -49.700449176254757, -21.513957194575649 ], [ -49.71402, -21.516426 ], [ -49.71437505140991, -21.514740261442018 ], [ -49.72406, -21.516502 ], [ -49.724388831879352, -21.514941829782884 ], [ -49.733147, -21.516535 ], [ -49.733179589991252, -21.516380401793995 ], [ -49.733837, -21.5165 ], [ -49.734144645534684, -21.515041013305918 ], [ -49.741394, -21.51636 ], [ -49.741649902362767, -21.515150246665531 ], [ -49.748035, -21.516312 ], [ -49.750835373616603, -21.503078402770008 ], [ -49.75977, -21.504704 ], [ -49.797931430383521, -21.324034354684283 ], [ -50.095486, -21.37955 ], [ -50.095760929000647, -21.378282119240666 ], [ -50.102707, -21.379578 ], [ -50.103002030751327, -21.378215646546206 ], [ -50.110058, -21.379532 ], [ -50.110335808594748, -21.378249565112736 ], [ -50.118362, -21.379747 ], [ -50.11860352167551, -21.378633006448595 ], [ -50.12474, -21.379778 ], [ -50.125044665888069, -21.378374859896613 ], [ -50.131943, -21.379662 ], [ -50.132215819281207, -21.378406447895411 ], [ -50.139385, -21.379744 ], [ -50.139759273617869, -21.378021890148876 ], [ -50.515743, -21.447306 ], [ -50.516066204206936, -21.445786435149817 ], [ -50.523834, -21.447218 ], [ -50.524113305475332, -21.445905491576529 ], [ -50.531555, -21.447277 ], [ -50.531826893153024, -21.445995964374525 ], [ -50.53906, -21.447329 ], [ -50.539382682327151, -21.445810571260683 ], [ -50.54645, -21.447113 ], [ -50.546795662706145, -21.445490496255488 ], [ -50.55535, -21.447067 ], [ -50.555962236798791, -21.444196565866829 ], [ -50.88693, -21.504442 ], [ -50.887268635277458, -21.502829415111062 ], [ -50.89504, -21.504244 ], [ -50.895301787050407, -21.503000546702395 ], [ -50.90104, -21.504045 ], [ -51.161743, -20.267385 ], [ -50.6288, -20.169243 ], [ -50.628521498257101, -20.170540634344508 ], [ -50.622925, -20.16951 ], [ -50.62257753105056, -20.171125319659062 ], [ -50.614822, -20.169697 ], [ -50.614294672591846, -20.17214291889055 ], [ -50.201916, -20.09532 ], [ -50.201544736218857, -20.097014057525147 ], [ -50.19382, -20.095575 ], [ -50.19348454787545, -20.097098069945986 ], [ -50.186195, -20.09574 ], [ -50.18592070842395, -20.096985820720448 ], [ -50.177994, -20.095509 ], [ -50.177688949524729, -20.096894289029223 ], [ -50.170006, -20.095463 ], [ -50.169666996017519, -20.097006971746847 ], [ -50.161427, -20.095472 ], [ -50.161177567289577, -20.096611296874123 ], [ -49.80534, -20.02956 ], [ -49.805057073305079, -20.030836819708494 ], [ -49.79713, -20.029343 ], [ -49.796816631224722, -20.030756916923199 ], [ -49.790375, -20.029543 ], [ -49.79012336961528, -20.030677198088586 ], [ -49.784306, -20.029581 ], [ -49.784013864121754, -20.030895886320717 ], [ -49.775852, -20.029358 ], [ -49.775546362983157, -20.030733920135017 ], [ -49.768982, -20.029497 ], [ -49.768698269656724, -20.030772036637806 ], [ -49.76216, -20.02954 ], [ -49.723653323974375, -20.202496428979067 ], [ -49.48201, -20.158007 ], [ -49.481746141615183, -20.159229900377476 ] ] ] } },
{ "type": "Feature", "properties": { "orbit_key": "SCS_T035_F294", "dataset": "BIOMASS", "collection": "BiomassLevel1a", "product_type": "S1_SCS__1S", "mode": "SCS", "orbit_state": "ASCENDING", "track": "T035", "track_number": 35, "frame": "F294", "frame_number": 294, "scene_count": 78, "unique_footprints": 38, "repeat_cycles": "1,10,2,3,4,5,6,7,8,9", "absolute_orbits": "3051,3095,3183,3359,3403,3447,3491,3535,3579,3623,3667,3711,3755,3799,3843,3887,3931,3975,4019,4063,4239,4283,4327,4371,4415,4459,4503,4547,4591,4635,4679,4723,4767,4855,4899,4943", "first_start_time": "2025-11-23T09:16:32.085Z", "last_stop_time": "2026-04-01T09:22:07.862Z", "example_scene": "BIO_S1_SCS__1S_20260218T092120_20260218T092140_T_G01_M02_C03_T035_F294_01_DN1FQ7" }, "geometry": { "type": "Polygon", "coordinates": [ [ [ -49.726877000551134, -19.00581435142205 ], [ -49.720055, -19.004545 ], [ -49.719735217596117, -19.006041426042589 ], [ -49.712536, -19.004702 ], [ -49.712507330363664, -19.004835800126052 ], [ -49.71203, -19.004747 ], [ -49.711665648386102, -19.00644687564467 ], [ -49.703136, -19.00486 ], [ -49.702772332741851, -19.006558877149033 ], [ -49.69305, -19.00475 ], [ -49.692558938559543, -19.00704574582657 ], [ -49.67906, -19.004534 ], [ -49.678592021751264, -19.006718193003092 ], [ -49.67007, -19.005133 ], [ -49.66975652661899, -19.006595401393049 ], [ -49.265923, -18.930649 ], [ -49.265723452753299, -18.931557775538238 ], [ -49.258648, -18.930227 ], [ -49.258397939677458, -18.931369040381544 ], [ -49.254192, -18.930578 ], [ -49.253925519507234, -18.931792020521396 ], [ -49.24814, -18.930704 ], [ -49.247789139342359, -18.932300131806389 ], [ -49.238945, -18.930637 ], [ -49.23857205350798, -18.932342932371313 ], [ -49.23008, -18.930746 ], [ -49.229722674988416, -18.932384235930179 ], [ -49.22149, -18.930836 ], [ -49.220348803785647, -18.936044629700707 ], [ -48.831734, -18.862139 ], [ -48.830998341684726, -18.865477921968743 ], [ -48.812923, -18.86204 ], [ -48.812600746591841, -18.86350240889691 ], [ -48.80365, -18.8618 ], [ -48.52582, -20.12262 ], [ -49.130836, -20.236563 ], [ -49.131143572523307, -20.235132862111556 ], [ -49.1399, -20.236782 ], [ -49.140611694294805, -20.233472912819945 ], [ -49.15854, -20.236849 ], [ -49.159745399450038, -20.231243527820887 ], [ -49.56253, -20.306189 ], [ -49.562889781022974, -20.304506673311018 ], [ -49.572502, -20.306295 ], [ -49.572864333006727, -20.30459520436192 ], [ -49.581345, -20.306173 ], [ -49.581670206722791, -20.304647158573381 ], [ -49.58978, -20.306156 ], [ -49.590035791064892, -20.304952025920137 ], [ -49.596157, -20.306091 ], [ -49.596399717465147, -20.304948243183986 ], [ -49.601192, -20.30584 ], [ -49.601382055526088, -20.304946082753982 ], [ -49.6071, -20.30601 ], [ -49.607493949519238, -20.304156943838503 ], [ -49.93355, -20.364107 ], [ -49.933937880002595, -20.362254954988497 ], [ -49.943428, -20.364 ], [ -49.943972950625017, -20.361392570431978 ], [ -49.957172, -20.36382 ], [ -49.957523405797097, -20.362142284825225 ], [ -49.967865, -20.364044 ], [ -49.968215950588906, -20.3623638351485 ], [ -49.97608, -20.36381 ], [ -49.976109381166999, -20.363669985476072 ], [ -49.976887, -20.363813 ], [ -49.977196542505482, -20.362337666538885 ], [ -49.985207, -20.363811 ], [ -49.985462901567352, -20.362590626192397 ], [ -49.991875, -20.36377 ], [ -49.994635237239507, -20.350613343990759 ], [ -50.00293, -20.352139 ], [ -50.041277997169637, -20.169498586455603 ], [ -50.34095, -20.225939 ], [ -50.341225841255586, -20.224660314931551 ], [ -50.347824, -20.225903 ], [ -50.348108398756253, -20.224585948629347 ], [ -50.355553, -20.225988 ], [ -50.35582756116478, -20.224713939668451 ], [ -50.363686, -20.226194 ], [ -50.363962209525631, -20.22490977451363 ], [ -50.37043, -20.226128 ], [ -50.370708207056282, -20.224831667774396 ], [ -50.37792, -20.22619 ], [ -50.378188177359171, -20.224941421601141 ], [ -50.385986, -20.22641 ], [ -50.386370997938265, -20.224612795850952 ], [ -50.75896, -20.293974 ], [ -50.759273742848173, -20.292501944239952 ], [ -50.76667, -20.293879 ], [ -50.766951341037085, -20.292556680235137 ], [ -50.774338, -20.293932 ], [ -50.774634473456587, -20.292538095153375 ], [ -50.782433, -20.29399 ], [ -50.782744378223541, -20.292523904666947 ], [ -50.79048, -20.293964 ], [ -50.790822996147938, -20.292348365428158 ], [ -50.79905, -20.29388 ], [ -50.799684022018553, -20.290899597510542 ], [ -51.12836, -20.351385 ], [ -51.128664520350412, -20.349943625432289 ], [ -51.136883, -20.351456 ], [ -51.137144924226092, -20.350214312073838 ], [ -51.143333, -20.351353 ], [ -51.404434, -19.114738 ], [ -50.87457, -19.016129 ], [ -50.874308121411644, -19.017360050735569 ], [ -50.868736, -19.016323 ], [ -50.868427805133017, -19.017769125545048 ], [ -50.860443, -19.016283 ], [ -50.859891814752402, -19.018869699854527 ], [ -50.451256, -18.94199 ], [ -50.450903950160921, -18.943615926838021 ], [ -50.44215, -18.941969 ], [ -50.441831614572571, -18.94344029503085 ], [ -50.434017, -18.94197 ], [ -50.433710429223886, -18.943382243561572 ], [ -50.42638, -18.942003 ], [ -50.42608940736671, -18.943341447840616 ], [ -50.419422, -18.942087 ], [ -50.41909552562845, -18.943587454897656 ], [ -50.41096, -18.942057 ], [ -50.410674757815023, -18.943370298778117 ], [ -50.056675, -18.87605 ], [ -50.056392969721237, -18.877319310238832 ], [ -50.048683, -18.875853 ], [ -50.048394183748918, -18.877154410083236 ], [ -50.04101, -18.87575 ], [ -50.04072179622608, -18.877050510788486 ], [ -50.03392, -18.875757 ], [ -50.033630503680683, -18.877066639870801 ], [ -50.02596, -18.875608 ], [ -50.025664753912395, -18.876937631557396 ], [ -50.018173, -18.875513 ], [ -50.017888074700402, -18.876795115634671 ], [ -50.009674, -18.875233 ], [ -49.971079810802244, -19.04997249981885 ], [ -49.72714, -19.004583 ], [ -49.726877000551134, -19.00581435142205 ] ] ] } },
{ "type": "Feature", "properties": { "orbit_key": "SCS_T035_F295", "dataset": "BIOMASS", "collection": "BiomassLevel1a", "product_type": "S1_SCS__1S", "mode": "SCS", "orbit_state": "ASCENDING", "track": "T035", "track_number": 35, "frame": "F295", "frame_number": 295, "scene_count": 74, "unique_footprints": 36, "repeat_cycles": "1,10,2,3,4,5,6,7,9", "absolute_orbits": "3051,3095,3183,3359,3403,3447,3491,3535,3579,3623,3667,3711,3755,3799,3843,3887,4019,4063,4239,4283,4327,4371,4415,4459,4503,4547,4591,4635,4679,4723,4767,4855,4899,4943", "first_start_time": "2025-11-23T09:16:51.100Z", "last_stop_time": "2026-04-01T09:22:26.879Z", "example_scene": "BIO_S1_SCS__1S_20251202T091656_20251202T091717_T_G01_M01_C04_T035_F295_01_DKR1WR" }, "geometry": { "type": "Polygon", "coordinates": [ [ [ -51.378735, -19.19838 ], [ -51.378995643392059, -19.197159599746602 ], [ -51.385117, -19.198298 ], [ -51.648388, -17.96199 ], [ -51.126392, -17.86385 ], [ -51.126127884676201, -17.865059980749773 ], [ -51.11982, -17.863874 ], [ -51.119469421991305, -17.865483263966055 ], [ -51.1114, -17.863966 ], [ -51.110844917745858, -17.86650720012981 ], [ -50.70244, -17.788944 ], [ -50.702082305455328, -17.790578520272359 ], [ -50.69356, -17.78896 ], [ -50.693197283471278, -17.790619411683622 ], [ -50.68515, -17.789091 ], [ -50.684874833222473, -17.790348662515004 ], [ -50.677353, -17.78892 ], [ -50.677031552679786, -17.790388236429354 ], [ -50.66958, -17.788973 ], [ -50.669267389840066, -17.790401758965789 ], [ -50.66117, -17.788864 ], [ -50.660867108798016, -17.790249910566867 ], [ -50.30356, -17.721699 ], [ -50.303298443515914, -17.722895213228075 ], [ -50.29561, -17.72142 ], [ -50.295296192554353, -17.72285631910291 ], [ -50.28817, -17.721489 ], [ -50.287896540854369, -17.722740800917563 ], [ -50.28145, -17.721504 ], [ -50.281170196676818, -17.722785946475359 ], [ -50.273018, -17.721222 ], [ -50.272746098297439, -17.722465477087894 ], [ -50.265472, -17.72107 ], [ -50.265166641269076, -17.722462262567184 ], [ -50.257915, -17.721071 ], [ -50.219385529527202, -17.897418036422525 ], [ -49.97261, -17.851025 ], [ -49.971955155282892, -17.854114902458459 ], [ -49.957474, -17.851393 ], [ -49.95713048851669, -17.853011975247782 ], [ -49.948395, -17.85137 ], [ -49.94803149400115, -17.853078531161877 ], [ -49.93823, -17.851236 ], [ -49.937726252576965, -17.853596257513679 ], [ -49.9244, -17.851091 ], [ -49.923925357439451, -17.853310739678466 ], [ -49.915504, -17.851728 ], [ -49.915178112352429, -17.853250733201911 ], [ -49.512943, -17.776876 ], [ -49.512741537172502, -17.777811951078863 ], [ -49.506886, -17.7767 ], [ -49.50664136140395, -17.777834896378675 ], [ -49.501976, -17.776949 ], [ -49.501692374494247, -17.778265885952411 ], [ -49.49561, -17.777111 ], [ -49.495277974642057, -17.778653306330778 ], [ -49.487434, -17.777164 ], [ -49.487078349785783, -17.778821498912535 ], [ -49.47818, -17.777132 ], [ -49.477819700876402, -17.778808769277539 ], [ -49.467525, -17.776854 ], [ -49.466374925958405, -17.782247928559897 ], [ -49.07908, -17.707935 ], [ -49.078377142545428, -17.711146385299102 ], [ -49.06034, -17.707685 ], [ -49.059999631539199, -17.709239903654073 ], [ -49.051037, -17.70752 ], [ -48.77498, -18.96869 ], [ -49.374363, -19.082613 ], [ -49.374689069818906, -19.081088820422803 ], [ -49.38345, -19.082754 ], [ -49.384143220834481, -19.079513762918367 ], [ -49.402035, -19.082914 ], [ -49.403266405860094, -19.077157394975416 ], [ -49.809128, -19.153416 ], [ -49.809474283470749, -19.151758627106574 ], [ -49.816853, -19.153145 ], [ -49.817200331096799, -19.151493440091333 ], [ -49.825714, -19.153093 ], [ -49.826035894522867, -19.15156182598777 ], [ -49.833344, -19.152935 ], [ -49.833619791853572, -19.151626830820643 ], [ -49.839863, -19.1528 ], [ -49.84008988705277, -19.151724067578865 ], [ -49.8449, -19.152628 ], [ -49.845106971442966, -19.151647286698182 ], [ -49.850933, -19.152742 ], [ -49.851329701869872, -19.150861930391137 ], [ -50.174557, -19.210928 ], [ -50.174917439881106, -19.209200873461519 ], [ -50.18385, -19.210861 ], [ -50.184430064039979, -19.208088414605022 ], [ -50.197544, -19.210526 ], [ -50.197896964631333, -19.20883964166191 ], [ -50.207718, -19.210665 ], [ -50.208053204526571, -19.209065424028072 ], [ -50.216557, -19.210646 ], [ -50.217187399742393, -19.207638159519938 ], [ -50.232647, -19.210512 ], [ -50.235411406333881, -19.197299141941574 ], [ -50.243614, -19.198824 ], [ -50.282257464266664, -19.014556495815043 ], [ -50.584167, -19.071943 ], [ -50.584468955797085, -19.070556921664437 ], [ -50.591614, -19.071915 ], [ -50.591896472476783, -19.070619707285065 ], [ -50.599106, -19.07199 ], [ -50.599375953311032, -19.070749368928666 ], [ -50.607113, -19.07222 ], [ -50.607381172554859, -19.070988145365146 ], [ -50.61333, -19.072119 ], [ -50.613640852675772, -19.070691098896635 ], [ -50.620758, -19.072044 ], [ -50.621013124575803, -19.070869158163511 ], [ -50.62832, -19.072258 ], [ -50.628718788172584, -19.070424013971241 ], [ -51.002262, -19.140652 ], [ -51.002578574231634, -19.139185197597062 ], [ -51.009933, -19.140568 ], [ -51.010233572690368, -19.13917789347618 ], [ -51.01727, -19.140501 ], [ -51.017550707956751, -19.139203750415273 ], [ -51.025402, -19.14068 ], [ -51.025747240550153, -19.13908352074538 ], [ -51.033478, -19.140537 ], [ -51.033842095240843, -19.138852988677584 ], [ -51.04215, -19.140415 ], [ -51.042766666054234, -19.137565907132963 ], [ -51.37028, -19.19848 ], [ -51.370622832176629, -19.196871285902478 ], [ -51.378735, -19.19838 ] ] ] } },
{ "type": "Feature", "properties": { "orbit_key": "SCS_T035_F296", "dataset": "BIOMASS", "collection": "BiomassLevel1a", "product_type": "S1_SCS__1S", "mode": "SCS", "orbit_state": "ASCENDING", "track": "T035", "track_number": 35, "frame": "F296", "frame_number": 296, "scene_count": 78, "unique_footprints": 39, "repeat_cycles": "1,10,2,3,4,5,6,7,8,9", "absolute_orbits": "3051,3095,3183,3359,3403,3447,3491,3535,3579,3623,3667,3711,3755,3799,3843,3887,3931,3975,4019,4063,4239,4283,4327,4371,4415,4459,4503,4547,4591,4635,4679,4723,4767,4855,4899,4943", "first_start_time": "2025-11-23T09:17:10.117Z", "last_stop_time": "2026-04-01T09:22:45.895Z", "example_scene": "BIO_S1_SCS__1S_20251202T091715_20251202T091736_T_G01_M01_C04_T035_F296_01_DKR281" }, "geometry": { "type": "Polygon", "coordinates": [ [ [ -51.623217920974284, -18.044463147479473 ], [ -51.629093, -18.045567 ], [ -51.88749, -16.808258 ], [ -51.366398, -16.709295 ], [ -51.366120571220925, -16.710623538512774 ], [ -51.3611, -16.70967 ], [ -51.360748630806135, -16.711348533475768 ], [ -51.352448, -16.709772 ], [ -51.35193050481768, -16.71224645818344 ], [ -50.94816, -16.634846 ], [ -50.947781368235766, -16.636609695147868 ], [ -50.939854, -16.63509 ], [ -50.939520510081351, -16.636641000494166 ], [ -50.932854, -16.635363 ], [ -50.932576126073826, -16.636647273925089 ], [ -50.923645, -16.634935 ], [ -50.923339412583736, -16.636353849981639 ], [ -50.91453, -16.634665 ], [ -50.914203540815194, -16.636187852449506 ], [ -50.906666, -16.634743 ], [ -50.906383706487851, -16.636060918029415 ], [ -50.552017, -16.567486 ], [ -50.551724549862627, -16.568828914928247 ], [ -50.543137, -16.567167 ], [ -50.542848910900808, -16.568491672142198 ], [ -50.535374, -16.567045 ], [ -50.535094339091643, -16.568330330827504 ], [ -50.529274, -16.567204 ], [ -50.528988741291556, -16.568513374279817 ], [ -50.521168, -16.567 ], [ -50.520860089003435, -16.568414644241091 ], [ -50.51342, -16.566975 ], [ -50.51314864781407, -16.568223779621295 ], [ -50.507057, -16.567045 ], [ -50.468256311380799, -16.745191876876213 ], [ -50.217556, -16.697586 ], [ -50.217300877104556, -16.698786059061398 ], [ -50.211002, -16.69759 ], [ -50.210658729886084, -16.699210891827661 ], [ -50.203117, -16.697779 ], [ -50.203066237293072, -16.698018811241958 ], [ -50.202393, -16.697891 ], [ -50.202066086674535, -16.699435786239061 ], [ -50.19345, -16.6978 ], [ -50.193074291863418, -16.699577096964624 ], [ -50.18323, -16.697708 ], [ -50.182737830168293, -16.700033260688514 ], [ -50.169228, -16.697468 ], [ -50.168743444932424, -16.699746037335686 ], [ -50.160088, -16.698103 ], [ -50.159762284644614, -16.699641750257477 ], [ -49.760944, -16.62321 ], [ -49.760757095056803, -16.624072730763007 ], [ -49.75408, -16.622793 ], [ -49.753801864075122, -16.6240796387929 ], [ -49.748993, -16.623158 ], [ -49.748708981828301, -16.624474782197701 ], [ -49.742344, -16.623255 ], [ -49.742035770755052, -16.624685831656969 ], [ -49.73375, -16.623098 ], [ -49.733365707112455, -16.624883170190557 ], [ -49.725407, -16.623358 ], [ -49.725043701197521, -16.625034740487873 ], [ -49.716305, -16.62336 ], [ -49.715117783031992, -16.628829482222748 ], [ -49.32749, -16.55381 ], [ -49.326794812459404, -16.557005846181795 ], [ -49.308796, -16.553522 ], [ -49.308462370955198, -16.555055499156339 ], [ -49.299496, -16.55332 ], [ -49.025047, -17.814817 ], [ -49.617165, -17.928364 ], [ -49.617469506003921, -17.926933926448299 ], [ -49.625923, -17.928555 ], [ -49.62593768067596, -17.928486148498564 ], [ -49.626255, -17.928547 ], [ -49.626930187715416, -17.92537618966341 ], [ -49.644787, -17.9288 ], [ -49.646021639184575, -17.923001264061316 ], [ -49.900303061175435, -17.971242680854761 ], [ -49.89656, -17.988922 ], [ -50.420246, -18.08723 ], [ -50.427283284824426, -18.053398946356307 ], [ -50.449196, -18.057514 ], [ -50.449568574473766, -18.05573937728732 ], [ -50.458805, -18.057474 ], [ -50.459141360858723, -18.055871116228342 ], [ -50.46734, -18.057411 ], [ -50.470364406570198, -18.042957453461753 ], [ -50.48584, -18.045864 ], [ -50.524586329691722, -17.859674108576129 ], [ -50.83043, -17.918322 ], [ -50.830697452010249, -17.917078845034123 ], [ -50.837963, -17.918472 ], [ -50.838264842336081, -17.917065384292496 ], [ -50.845512, -17.918455 ], [ -50.84578206405773, -17.917186454908784 ], [ -50.852997, -17.91857 ], [ -50.853267601994609, -17.91730374044349 ], [ -50.859787, -17.918554 ], [ -50.86006754805075, -17.917239524667856 ], [ -50.867313, -17.918629 ], [ -50.867596855153351, -17.917301358380318 ], [ -50.874943, -17.91871 ], [ -50.875313087395277, -17.916976904801814 ], [ -51.249886, -17.988066 ], [ -51.250201717006838, -17.98656317602234 ], [ -51.257835, -17.988012 ], [ -51.258129245794805, -17.986609551504561 ], [ -51.265602, -17.988028 ], [ -51.265866711170631, -17.986764034232021 ], [ -51.27339, -17.988192 ], [ -51.273715417453616, -17.986645642988908 ], [ -51.28122, -17.98807 ], [ -51.281588416975779, -17.986314062465887 ], [ -51.290287, -17.987965 ], [ -51.290881849239568, -17.985145587439234 ], [ -51.61561, -18.04616 ], [ -51.615957890158867, -18.044485147537394 ], [ -51.62294, -18.045797 ], [ -51.623217920974284, -18.044463147479473 ] ] ] } },
{ "type": "Feature", "properties": { "orbit_key": "SCS_T035_F297", "dataset": "BIOMASS", "collection": "BiomassLevel1a", "product_type": "S1_SCS__1S", "mode": "SCS", "orbit_state": "ASCENDING", "track": "T035", "track_number": 35, "frame": "F297", "frame_number": 297, "scene_count": 76, "unique_footprints": 38, "repeat_cycles": "1,10,2,3,4,5,6,7,8,9", "absolute_orbits": "3051,3095,3183,3359,3403,3447,3491,3535,3579,3623,3667,3711,3755,3799,3843,3887,3931,3975,4019,4063,4239,4283,4327,4371,4415,4459,4503,4547,4591,4635,4679,4723,4767,4855,4899,4943", "first_start_time": "2025-11-23T09:17:29.131Z", "last_stop_time": "2026-04-01T09:23:04.910Z", "example_scene": "BIO_S1_SCS__1S_20251202T091735_20251202T091755_T_G01_M01_C04_T035_F297_01_DKR27O" }, "geometry": { "type": "Polygon", "coordinates": [ [ [ -50.457439611510623, -15.544338025777973 ], [ -50.45089, -15.543082 ], [ -50.450613074330462, -15.544418985654406 ], [ -50.44326, -15.543009 ], [ -50.443173929214922, -15.543423258286658 ], [ -50.442505, -15.543295 ], [ -50.442160395363345, -15.544953868372254 ], [ -50.433853, -15.543361 ], [ -50.433480453822952, -15.545146893802119 ], [ -50.424553, -15.543435 ], [ -50.424093585882538, -15.545633153880404 ], [ -50.4103, -15.542988 ], [ -50.409809199961437, -15.545340984594104 ], [ -50.400295, -15.543517 ], [ -50.399951407066332, -15.545169859293738 ], [ -50.00837, -15.469435 ], [ -50.008166123448689, -15.470381835621646 ], [ -50.00126, -15.469046 ], [ -50.00101081129062, -15.470205709181213 ], [ -49.99547, -15.469134 ], [ -49.995199924167217, -15.470394102860793 ], [ -49.989, -15.469195 ], [ -49.988658281279527, -15.470793285183586 ], [ -49.97967, -15.469055 ], [ -49.979301896888863, -15.470785663318864 ], [ -49.97086, -15.469153 ], [ -49.970481306848207, -15.470934000724382 ], [ -49.961185, -15.469136 ], [ -49.96002949863388, -15.474583366665888 ], [ -49.572666, -15.398985 ], [ -49.571962353241851, -15.402237365399998 ], [ -49.553993, -15.39873 ], [ -49.553652074270154, -15.400305566414854 ], [ -49.544678, -15.398554 ], [ -49.271652, -16.660362 ], [ -49.858795, -16.77393 ], [ -49.859122390147981, -16.772386170523745 ], [ -49.8679, -16.774084 ], [ -49.868596269010467, -16.770800784591195 ], [ -49.88642, -16.774248 ], [ -49.887638386475615, -16.768502089198872 ], [ -50.290787, -16.845703 ], [ -50.291153406434908, -16.843936265570775 ], [ -50.30026, -16.84568 ], [ -50.300616930653028, -16.843952421809767 ], [ -50.309284, -16.845612 ], [ -50.309611833378497, -16.844027155197256 ], [ -50.317528, -16.845543 ], [ -50.317787003794599, -16.844290085321948 ], [ -50.32434, -16.845545 ], [ -50.324568793759774, -16.844436591781612 ], [ -50.32973, -16.845425 ], [ -50.329921638548718, -16.844495880242263 ], [ -50.33586, -16.845633 ], [ -50.336276204921852, -16.843615180975203 ], [ -50.65707, -16.904455 ], [ -50.657440417038345, -16.902636972553058 ], [ -50.66624, -16.904306 ], [ -50.666781659628285, -16.901651236933155 ], [ -50.68055, -16.904263 ], [ -50.680909078115, -16.902501099935108 ], [ -50.69092, -16.9044 ], [ -50.691254537789298, -16.902758826481495 ], [ -50.699406, -16.904305 ], [ -50.699479387907878, -16.903945457525634 ], [ -50.700157, -16.904074 ], [ -50.700438173109298, -16.902696846314534 ], [ -50.708256, -16.90418 ], [ -50.708527338005595, -16.902850963144758 ], [ -50.715206, -16.904118 ], [ -50.717912721861275, -16.890853896596905 ], [ -50.7265, -16.892483 ], [ -50.764790078780692, -16.704407882341407 ], [ -51.07529, -16.764462 ], [ -51.075554231971118, -16.763169890288314 ], [ -51.081863, -16.76439 ], [ -51.082134006842743, -16.763068172668273 ], [ -51.089615, -16.764515 ], [ -51.089898538425452, -16.763129567137071 ], [ -51.098194, -16.764734 ], [ -51.098439104211572, -16.763534287432634 ], [ -51.10611, -16.765018 ], [ -51.106391931452876, -16.763629353046611 ], [ -51.113525, -16.765009 ], [ -51.113788467734352, -16.763711096554633 ], [ -51.12127, -16.765158 ], [ -51.121617543967233, -16.76344660962868 ], [ -51.49317, -16.83462 ], [ -51.493487643441085, -16.833048906054415 ], [ -51.50101, -16.83449 ], [ -51.501297203247489, -16.833071299560395 ], [ -51.50853, -16.834457 ], [ -51.508791010003975, -16.833168699846571 ], [ -51.51621, -16.83459 ], [ -51.516525446896772, -16.833033702723803 ], [ -51.52336, -16.834343 ], [ -51.523719204633522, -16.832575849689292 ], [ -51.532406, -16.83424 ], [ -51.532996952593763, -16.831332416955046 ], [ -51.855846, -16.892605 ], [ -51.856177234235254, -16.890979206772673 ], [ -51.86437, -16.892534 ], [ -51.8646376067584, -16.891219664646208 ], [ -51.871063, -16.892439 ], [ -52.123154, -15.653768 ], [ -51.605045, -15.554399 ], [ -51.604762035096073, -15.555763705112049 ], [ -51.598846, -15.554629 ], [ -51.598508770916574, -15.556255025884958 ], [ -51.59036, -15.554692 ], [ -51.589821610573907, -15.557284084643111 ], [ -51.187737, -15.47949 ], [ -51.187368024053399, -15.481266653851277 ], [ -51.1791, -15.479667 ], [ -51.178762453095992, -15.481285989239677 ], [ -51.17101, -15.479786 ], [ -51.170749062613915, -15.481039581824206 ], [ -51.16303, -15.479546 ], [ -51.162720134779136, -15.481036583528967 ], [ -51.15544, -15.479628 ], [ -51.155120517002189, -15.481163577531607 ], [ -51.147266, -15.479644 ], [ -51.146988693270288, -15.480975078317528 ], [ -50.794216, -15.412122 ], [ -50.793934900273847, -15.413435253869572 ], [ -50.786167, -15.411919 ], [ -50.785868137112757, -15.413315535209019 ], [ -50.778934, -15.411962 ], [ -50.778675439562555, -15.41317397306381 ], [ -50.77222, -15.411914 ], [ -50.771916322990968, -15.413335125102476 ], [ -50.763733, -15.411738 ], [ -50.763460974114373, -15.41301052135888 ], [ -50.756695, -15.41169 ], [ -50.756416433091694, -15.412988933910261 ], [ -50.749413, -15.411622 ], [ -50.710911186220521, -15.591492026860907 ], [ -50.45773, -15.542939 ], [ -50.457439611510623, -15.544338025777973 ] ] ] } },
{ "type": "Feature", "properties": { "orbit_key": "SCS_T035_F298", "dataset": "BIOMASS", "collection": "BiomassLevel1a", "product_type": "S1_SCS__1S", "mode": "SCS", "orbit_state": "ASCENDING", "track": "T035", "track_number": 35, "frame": "F298", "frame_number": 298, "scene_count": 76, "unique_footprints": 38, "repeat_cycles": "1,10,2,3,4,5,6,7,8,9", "absolute_orbits": "3051,3095,3183,3359,3403,3447,3491,3535,3579,3623,3667,3711,3755,3799,3843,3887,3931,3975,4019,4063,4239,4283,4327,4371,4415,4459,4503,4547,4591,4635,4679,4723,4767,4855,4899,4943", "first_start_time": "2025-11-23T09:17:48.144Z", "last_stop_time": "2026-04-01T09:23:23.920Z", "example_scene": "BIO_S1_SCS__1S_20251202T091754_20251202T091814_T_G01_M01_C04_T035_F298_01_DKR2DG" }, "geometry": { "type": "Polygon", "coordinates": [ [ [ -50.697388205717601, -14.389601936465427 ], [ -50.690937, -14.388353 ], [ -50.690618684366008, -14.389880801287699 ], [ -50.68284, -14.388375 ], [ -50.682744298064897, -14.388834194916603 ], [ -50.682144, -14.388718 ], [ -50.681819131649966, -14.390276850471887 ], [ -50.673027, -14.388575 ], [ -50.672682429136955, -14.390229040761003 ], [ -50.6628, -14.388316 ], [ -50.662282574767048, -14.390800300321267 ], [ -50.648365, -14.388106 ], [ -50.647887955649466, -14.390393721719313 ], [ -50.638775, -14.38863 ], [ -50.638453605197462, -14.390171604626252 ], [ -50.243713, -14.313151 ], [ -50.243506927824669, -14.314145194237671 ], [ -50.237587, -14.31299 ], [ -50.237338887730267, -14.314183291163131 ], [ -50.23272, -14.313282 ], [ -50.232469623321307, -14.314486397438047 ], [ -50.22622, -14.313267 ], [ -50.225849796590929, -14.315050266940583 ], [ -50.217945, -14.313508 ], [ -50.217607884770572, -14.315129419709251 ], [ -50.208744, -14.3134 ], [ -50.208357183243685, -14.315260905298571 ], [ -50.199184, -14.313471 ], [ -50.198068115810841, -14.318841878752279 ], [ -49.816837, -14.243837 ], [ -49.816113828450831, -14.247195830501132 ], [ -49.79818, -14.243667 ], [ -49.79783615457837, -14.245263774717746 ], [ -49.788857, -14.243497 ], [ -49.51709, -15.505593 ], [ -50.099976, -15.619286 ], [ -50.100306749226093, -15.617720807107196 ], [ -50.10909, -15.619434 ], [ -50.109793593683385, -15.616104496343807 ], [ -50.127583, -15.619574 ], [ -50.128788695667573, -15.613867845253354 ], [ -50.52975, -15.691354 ], [ -50.530119183741995, -15.689568169290535 ], [ -50.538807, -15.691247 ], [ -50.539154511073562, -15.689569067744202 ], [ -50.548164, -15.69131 ], [ -50.548517822605831, -15.689598709946374 ], [ -50.55594, -15.691033 ], [ -50.556186799967605, -15.689841067104432 ], [ -50.562256, -15.691014 ], [ -50.562504973673079, -15.68981307739864 ], [ -50.567627, -15.690803 ], [ -50.567829290958365, -15.689827460680686 ], [ -50.573902, -15.691001 ], [ -50.574278748866057, -15.68918250514257 ], [ -50.891357, -15.749917 ], [ -50.891764466738096, -15.747945848003788 ], [ -50.90112, -15.749738 ], [ -50.901694654853507, -15.746956495499552 ], [ -50.91507, -15.749519 ], [ -50.915407193127379, -15.747887384230875 ], [ -50.925365, -15.749795 ], [ -50.925683597977539, -15.748253490156815 ], [ -50.93443, -15.749929 ], [ -50.934525987632711, -15.749464031302955 ], [ -50.935314, -15.749615 ], [ -50.935625415171344, -15.748106359542819 ], [ -50.943348, -15.749586 ], [ -50.943595710383278, -15.748386486206591 ], [ -50.950493, -15.749708 ], [ -50.953250150934714, -15.736333218780526 ], [ -50.96113, -15.737843 ], [ -51.000270294679233, -15.548278977129989 ], [ -51.307747, -15.608262 ], [ -51.30804694431562, -15.606838618500731 ], [ -51.314995, -15.608194 ], [ -51.315263170476157, -15.60692193806854 ], [ -51.322266, -15.608288 ], [ -51.32256386656006, -15.606873898335039 ], [ -51.33012, -15.608348 ], [ -51.330365827482254, -15.607182736405592 ], [ -51.336933, -15.608464 ], [ -51.337227198537484, -15.607066265197544 ], [ -51.34433, -15.608452 ], [ -51.344620601581568, -15.607070826692189 ], [ -51.352203, -15.60855 ], [ -51.352570439311449, -15.606803323097946 ], [ -51.725773, -15.67896 ], [ -51.72608620636337, -15.677459208852772 ], [ -51.733765, -15.678944 ], [ -51.73407564424096, -15.677456286099718 ], [ -51.741314, -15.678856 ], [ -51.741579818976547, -15.677583944848584 ], [ -51.749172, -15.679052 ], [ -51.749499387391396, -15.677484637357507 ], [ -51.756897, -15.678915 ], [ -51.757262657506942, -15.677164167812148 ], [ -51.76579, -15.678813 ], [ -51.766406821918807, -15.675859818945568 ], [ -52.089607, -15.737812 ], [ -52.089952453963178, -15.736139070376419 ], [ -52.098164, -15.737713 ], [ -52.098401378351838, -15.736563106081149 ], [ -52.10438, -15.737709 ], [ -52.36007, -14.499641 ], [ -51.84671, -14.400241 ], [ -51.846470277537378, -14.401382161055867 ], [ -51.840675, -14.40026 ], [ -51.840323625043212, -14.401932205013232 ], [ -51.832184, -14.400356 ], [ -51.831625361761567, -14.403015652068323 ], [ -51.431576, -14.324934 ], [ -51.43120437280097, -14.326696645535966 ], [ -51.422737, -14.325044 ], [ -51.422408355986285, -14.326612000595363 ], [ -51.414703, -14.325108 ], [ -51.414431018577829, -14.326404438535802 ], [ -51.406734, -14.324902 ], [ -51.406416964899925, -14.326401486837224 ], [ -51.399124, -14.324978 ], [ -51.398801237977501, -14.3265040064333 ], [ -51.391136, -14.325008 ], [ -51.390840107209534, -14.326406233588539 ], [ -51.036633, -14.25671 ], [ -51.036332140736185, -14.258108672653929 ], [ -51.028015, -14.256472 ], [ -51.027713749497927, -14.257875746634424 ], [ -51.020428, -14.256442 ], [ -51.020174204677907, -14.257625204942979 ], [ -51.013912, -14.256393 ], [ -51.013600995075343, -14.257844044661061 ], [ -51.005474, -14.256245 ], [ -51.005198739880932, -14.257529429337602 ], [ -50.998127, -14.256138 ], [ -50.997820743357281, -14.257566609743204 ], [ -50.990967, -14.256218 ], [ -50.952093082513663, -14.437655447766915 ], [ -50.69764, -14.388394 ], [ -50.697388205717601, -14.389601936465427 ] ] ] } },
{ "type": "Feature", "properties": { "orbit_key": "SCS_T035_F299", "dataset": "BIOMASS", "collection": "BiomassLevel1a", "product_type": "S1_SCS__1S", "mode": "SCS", "orbit_state": "ASCENDING", "track": "T035", "track_number": 35, "frame": "F299", "frame_number": 299, "scene_count": 76, "unique_footprints": 38, "repeat_cycles": "1,10,2,3,4,5,6,7,8,9", "absolute_orbits": "3051,3095,3183,3359,3403,3447,3491,3535,3579,3623,3667,3711,3755,3799,3843,3887,3931,3975,4019,4063,4239,4283,4327,4371,4415,4459,4503,4547,4591,4635,4679,4723,4767,4855,4899,4943", "first_start_time": "2025-11-23T09:18:07.156Z", "last_stop_time": "2026-04-01T09:23:42.935Z", "example_scene": "BIO_S2_SCS__1S_20251214T091819_20251214T091840_T_G01_M01_C01_T035_F299_01_DJN3HS" }, "geometry": { "type": "Polygon", "coordinates": [ [ [ -52.335822789856827, -14.582225180991443 ], [ -52.341858, -14.583393 ], [ -52.59857, -13.345324 ], [ -52.089535, -13.245852 ], [ -52.089261777972858, -13.247146687522898 ], [ -52.08344, -13.246009 ], [ -52.083073372151148, -13.247745991673106 ], [ -52.07505, -13.246178 ], [ -52.074491599753557, -13.248822878402413 ], [ -51.676796, -13.170543 ], [ -51.676418468954182, -13.172312626578638 ], [ -51.66724, -13.170506 ], [ -51.666892559030188, -13.172139332621052 ], [ -51.659225, -13.17063 ], [ -51.658931630968176, -13.172008775995089 ], [ -51.65113, -13.170473 ], [ -51.650808489745607, -13.171984842884509 ], [ -51.643387, -13.170524 ], [ -51.643073872844028, -13.171996983616273 ], [ -51.63527, -13.170461 ], [ -51.634964578982526, -13.171898232437256 ], [ -51.279045, -13.10132 ], [ -51.278785792486318, -13.102530540088692 ], [ -51.271053, -13.100997 ], [ -51.270724693649527, -13.102530897776752 ], [ -51.263676, -13.101133 ], [ -51.263421383511769, -13.102322342077953 ], [ -51.257217, -13.101092 ], [ -51.256900095146925, -13.10257226011036 ], [ -51.248734, -13.100953 ], [ -51.248456208532971, -13.102251197532739 ], [ -51.24141, -13.100854 ], [ -51.241115086420038, -13.102232009646164 ], [ -51.234272, -13.100875 ], [ -51.195109342722795, -13.2838485092055 ], [ -50.938946, -13.233798 ], [ -50.938691091971606, -13.235016213444606 ], [ -50.932236, -13.233755 ], [ -50.931913217331918, -13.235297408406975 ], [ -50.924095, -13.23377 ], [ -50.924039910241007, -13.234033372921196 ], [ -50.923393, -13.233907 ], [ -50.923025865147217, -13.235662293167492 ], [ -50.91423, -13.233944 ], [ -50.91386588760038, -13.235684899223676 ], [ -50.904095, -13.233776 ], [ -50.903566219094159, -13.236305670139684 ], [ -50.889687, -13.233594 ], [ -50.889222733849238, -13.235820144820325 ], [ -50.87993, -13.234005 ], [ -50.879577290780382, -13.235695925594205 ], [ -50.485596, -13.158167 ], [ -50.485369136494214, -13.159243318360582 ], [ -50.479397, -13.158068 ], [ -50.479184575557206, -13.159075237383917 ], [ -50.47429, -13.158112 ], [ -50.473990017480403, -13.159535504115203 ], [ -50.467747, -13.158307 ], [ -50.467395800514701, -13.159973140109091 ], [ -50.45965, -13.158449 ], [ -50.45929435611891, -13.160137865719406 ], [ -50.450798, -13.158466 ], [ -50.450428120298149, -13.160224626263481 ], [ -50.441273, -13.158423 ], [ -50.44009236666458, -13.164035320654765 ], [ -50.060368, -13.088741 ], [ -50.059651905623973, -13.092081139416056 ], [ -50.04175, -13.088531 ], [ -50.041406282932869, -13.090134018697213 ], [ -50.03242, -13.088352 ], [ -49.761753, -14.350716 ], [ -50.340263, -14.464472 ], [ -50.340593690710051, -14.462902477710745 ], [ -50.349384, -14.464631 ], [ -50.350094490089276, -14.461258947511343 ], [ -50.36785, -14.46475 ], [ -50.369085381251693, -14.458886157021565 ], [ -50.76705, -14.536478 ], [ -50.767413451693358, -14.534731551286145 ], [ -50.776623, -14.536527 ], [ -50.776973045969925, -14.534844387941211 ], [ -50.78545, -14.536497 ], [ -50.78578249476142, -14.534899520363366 ], [ -50.79353, -14.53641 ], [ -50.793824162914177, -14.534996829967962 ], [ -50.8002, -14.53624 ], [ -50.800411028543493, -14.535226286731149 ], [ -50.805492, -14.536217 ], [ -50.805713063546612, -14.535155109069018 ], [ -50.81157, -14.536297 ], [ -50.811986672192731, -14.534295341736112 ], [ -51.1288, -14.59556 ], [ -51.129173116693401, -14.593753226617473 ], [ -51.13865, -14.595586 ], [ -51.139243096894788, -14.592713912920606 ], [ -51.152805, -14.595337 ], [ -51.153159711922143, -14.593620434230806 ], [ -51.163235, -14.595569 ], [ -51.163593993343376, -14.593831530370466 ], [ -51.172035, -14.595464 ], [ -51.172079492341034, -14.595248680620651 ], [ -51.172836, -14.595395 ], [ -51.173162166890243, -14.593816638489988 ], [ -51.18096, -14.595325 ], [ -51.181209880960758, -14.594116431997024 ], [ -51.187675, -14.595367 ], [ -51.190423271914312, -14.582072584225552 ], [ -51.198723, -14.583678 ], [ -51.2382462235879, -14.392438339329747 ], [ -51.54708, -14.453178 ], [ -51.547371334686389, -14.451806110911921 ], [ -51.55422, -14.453153 ], [ -51.554506481826778, -14.451806707774111 ], [ -51.56152, -14.453186 ], [ -51.561826651499992, -14.451745677456772 ], [ -51.56975, -14.453304 ], [ -51.569999876579452, -14.452131483406527 ], [ -51.5762, -14.453351 ], [ -51.576525132840437, -14.451825427767801 ], [ -51.583595, -14.453216 ], [ -51.583849305164293, -14.45202294143855 ], [ -51.591446, -14.453517 ], [ -51.59182009712891, -14.4517616919521 ], [ -51.965424, -14.524633 ], [ -51.965729105568336, -14.523179528273426 ], [ -51.973457, -14.524687 ], [ -51.97377141366001, -14.523190891203607 ], [ -51.981087, -14.524618 ], [ -51.98138472401282, -14.523200222160852 ], [ -51.98895, -14.524676 ], [ -51.989280189316162, -14.523102517441847 ], [ -51.996788, -14.524567 ], [ -51.997157785099965, -14.522805705798334 ], [ -52.005695, -14.524471 ], [ -52.006306689370476, -14.521558912140591 ], [ -52.327103, -14.583638 ], [ -52.327450979654657, -14.581962388853384 ], [ -52.335552, -14.58353 ], [ -52.335822789856827, -14.582225180991443 ] ] ] } },
{ "type": "Feature", "properties": { "orbit_key": "SCS_T035_F300", "dataset": "BIOMASS", "collection": "BiomassLevel1a", "product_type": "S1_SCS__1S", "mode": "SCS", "orbit_state": "ASCENDING", "track": "T035", "track_number": 35, "frame": "F300", "frame_number": 300, "scene_count": 76, "unique_footprints": 38, "repeat_cycles": "1,10,2,3,4,5,6,7,8,9", "absolute_orbits": "3051,3095,3183,3359,3403,3447,3491,3535,3579,3623,3667,3711,3755,3799,3843,3887,3931,3975,4019,4063,4239,4283,4327,4371,4415,4459,4503,4547,4591,4635,4679,4723,4767,4855,4899,4943", "first_start_time": "2025-11-23T09:18:26.168Z", "last_stop_time": "2026-04-01T09:24:01.946Z", "example_scene": "BIO_S1_SCS__1S_20251126T091828_20251126T091848_T_G01_M01_C02_T035_F300_01_DK96R9" }, "geometry": { "type": "Polygon", "coordinates": [ [ [ -52.5754, -13.429656 ], [ -52.575676955071401, -13.428313579710077 ], [ -52.58165, -13.42948 ], [ -52.837154, -12.191042 ], [ -52.330933, -12.091238 ], [ -52.330643278555627, -12.092628982471703 ], [ -52.32477, -12.091471 ], [ -52.324439921657053, -12.093053755967052 ], [ -52.316296, -12.091448 ], [ -52.315701112755917, -12.094301121563221 ], [ -51.920254, -12.01582 ], [ -51.919899590729614, -12.017498120058816 ], [ -51.91159, -12.015849 ], [ -51.911255723763979, -12.017430862877506 ], [ -51.903633, -12.015918 ], [ -51.903324523612923, -12.01738193767078 ], [ -51.895737, -12.015876 ], [ -51.89543175852107, -12.017315167508592 ], [ -51.88814, -12.015868 ], [ -51.887797742256069, -12.017491565269864 ], [ -51.879944, -12.015933 ], [ -51.879641354534414, -12.017358291278994 ], [ -51.523453, -11.946189 ], [ -51.523148917053341, -11.947604503053656 ], [ -51.51594, -11.946164 ], [ -51.515633595520917, -11.947587381946482 ], [ -51.509026, -11.946267 ], [ -51.508754763357025, -11.947525096836888 ], [ -51.504265, -11.946628 ], [ -51.503972248603397, -11.947976725365777 ], [ -51.49545, -11.946274 ], [ -51.495153141026933, -11.94764337782518 ], [ -51.48897, -11.946408 ], [ -51.488668381852172, -11.947794402953976 ], [ -51.48217, -11.946496 ], [ -51.442047126851996, -12.130696429265901 ], [ -51.18039, -12.079118 ], [ -51.180108577932195, -12.080462235509543 ], [ -51.173832, -12.079225 ], [ -51.173494300198499, -12.080836628584043 ], [ -51.16548, -12.079257 ], [ -51.165431741217994, -12.079487514491534 ], [ -51.164734, -12.07935 ], [ -51.164375410887274, -12.081063271760181 ], [ -51.1555, -12.079314 ], [ -51.155117079472873, -12.081144038754317 ], [ -51.145325, -12.079214 ], [ -51.144832422116806, -12.081568230966859 ], [ -51.130905, -12.078823 ], [ -51.130418947942871, -12.08114646354591 ], [ -51.120968, -12.079284 ], [ -51.120596661170019, -12.081060366913523 ], [ -50.72819, -12.003207 ], [ -50.727978992298453, -12.004208934305124 ], [ -50.721992, -12.003021 ], [ -50.721748320144329, -12.004178692000748 ], [ -50.716846, -12.003206 ], [ -50.716554738897528, -12.004589883098282 ], [ -50.71027, -12.003343 ], [ -50.709947642014022, -12.004874142841345 ], [ -50.702255, -12.003348 ], [ -50.701872678719987, -12.005163156825047 ], [ -50.693424, -12.003487 ], [ -50.693061908893782, -12.005205695606296 ], [ -50.68384, -12.003376 ], [ -50.682650710454062, -12.009021656097698 ], [ -50.30339, -11.933251 ], [ -50.302665465774517, -11.936643031761969 ], [ -50.284798, -11.933073 ], [ -50.284440116187135, -11.934748256975366 ], [ -50.27545, -11.932952 ], [ -50.005726, -13.195564 ], [ -50.580143, -13.309402 ], [ -50.580488695977593, -13.307757329342339 ], [ -50.589287, -13.309501 ], [ -50.589994422286921, -13.306135492875175 ], [ -50.60772, -13.309648 ], [ -50.608953420596869, -13.303779322542718 ], [ -51.00637, -13.381927 ], [ -51.006725936223958, -13.380220766123339 ], [ -51.015846, -13.382014 ], [ -51.016223822398459, -13.380201796479941 ], [ -51.02481, -13.38189 ], [ -51.025127407347682, -13.380367320454093 ], [ -51.032917, -13.381899 ], [ -51.033203639837261, -13.380523565050124 ], [ -51.039593, -13.38178 ], [ -51.039835266188341, -13.380617077892675 ], [ -51.04492, -13.381617 ], [ -51.045125738265924, -13.380629439425336 ], [ -51.050972, -13.381779 ], [ -51.051389243312762, -13.379777186437526 ], [ -51.366764, -13.441328 ], [ -51.367151119677295, -13.439467619679224 ], [ -51.376698, -13.441331 ], [ -51.376787824486144, -13.440899280622977 ], [ -51.376812, -13.440904 ], [ -51.377304862675338, -13.438536655825171 ], [ -51.390877, -13.441186 ], [ -51.391252679978024, -13.439379817796967 ], [ -51.40129, -13.441339 ], [ -51.401642518715505, -13.439641773792875 ], [ -51.410133, -13.441299 ], [ -51.41018246141482, -13.441061363923961 ], [ -51.41099, -13.441219 ], [ -51.411321728855029, -13.439625270454165 ], [ -51.419132, -13.44115 ], [ -51.419409357030418, -13.439816480062513 ], [ -51.425938, -13.441091 ], [ -51.428686071227851, -13.427861842223471 ], [ -51.436893, -13.429464 ], [ -51.477071601162983, -13.236664619472363 ], [ -51.789337, -13.298558 ], [ -51.78962674646062, -13.297173531382851 ], [ -51.796597, -13.298555 ], [ -51.796881179744943, -13.297196003670923 ], [ -51.804066, -13.29862 ], [ -51.804340282313838, -13.297306680423816 ], [ -51.8125, -13.298924 ], [ -51.812758606473373, -13.297683632900503 ], [ -51.818466, -13.298815 ], [ -51.818762225321521, -13.297397052120761 ], [ -51.82585, -13.298802 ], [ -51.826141365351596, -13.297406872749065 ], [ -51.833397, -13.298845 ], [ -51.833754166030751, -13.297135581746279 ], [ -52.20634, -13.370427 ], [ -52.206674164280095, -13.36882139621475 ], [ -52.214912, -13.370442 ], [ -52.215208228067439, -13.369016479318514 ], [ -52.22282, -13.370514 ], [ -52.223119607282527, -13.369070598233519 ], [ -52.23066, -13.370554 ], [ -52.230988400186646, -13.368971860184972 ], [ -52.238655, -13.37048 ], [ -52.239001274792379, -13.368809435954084 ], [ -52.24729, -13.37044 ], [ -52.247931301638921, -13.367347369220637 ], [ -52.567112, -13.429683 ], [ -52.567437855645714, -13.428101084213599 ], [ -52.5754, -13.429656 ] ] ] } },
{ "type": "Feature", "properties": { "orbit_key": "SCS_T035_F301", "dataset": "BIOMASS", "collection": "BiomassLevel1a", "product_type": "S1_SCS__1S", "mode": "SCS", "orbit_state": "ASCENDING", "track": "T035", "track_number": 35, "frame": "F301", "frame_number": 301, "scene_count": 76, "unique_footprints": 37, "repeat_cycles": "1,10,2,3,4,5,6,7,8,9", "absolute_orbits": "3051,3095,3183,3359,3403,3447,3491,3535,3579,3623,3667,3711,3755,3799,3843,3931,3975,4019,4063,4239,4283,4327,4371,4415,4459,4503,4547,4591,4635,4679,4723,4767,4855,4899,4943", "first_start_time": "2025-11-23T09:18:45.179Z", "last_stop_time": "2026-04-01T09:24:20.955Z", "example_scene": "BIO_S2_SCS__1M_20251214T091857_20251214T091918_T_G01_M01_C01_T035_F301_01_DJN3GP" }, "geometry": { "type": "Polygon", "coordinates": [ [ [ -51.420497994002289, -10.925565034138677 ], [ -51.41404, -10.924281 ], [ -51.413688546459113, -10.925965746307574 ], [ -51.405838, -10.924405 ], [ -51.405431986450004, -10.926351004417841 ], [ -51.39597, -10.92447 ], [ -51.395583226016598, -10.926324431237248 ], [ -51.385838, -10.924387 ], [ -51.385333333898799, -10.926805359466689 ], [ -51.37152, -10.924059 ], [ -51.371026082549768, -10.926425504589661 ], [ -51.36147, -10.924526 ], [ -51.361107200458569, -10.926265798291563 ], [ -50.970306, -10.848112 ], [ -50.970123090740216, -10.848980618148044 ], [ -50.964165, -10.847789 ], [ -50.963914715724435, -10.848977516449144 ], [ -50.959057, -10.848006 ], [ -50.958756743475526, -10.849431621328636 ], [ -50.952473, -10.848175 ], [ -50.952120254388987, -10.849849826846039 ], [ -50.94445, -10.848316 ], [ -50.944057990185115, -10.850176984860543 ], [ -50.935677, -10.848501 ], [ -50.935319525813405, -10.850196824548982 ], [ -50.9263, -10.848393 ], [ -50.925108664551345, -10.854042526635922 ], [ -50.54587, -10.777727 ], [ -50.545130905913915, -10.781198004025056 ], [ -50.527298, -10.777609 ], [ -50.526959893201301, -10.779196639850042 ], [ -50.517963, -10.777386 ], [ -50.24903, -12.040224 ], [ -50.82156, -12.154543 ], [ -50.821885821947625, -12.152989968678117 ], [ -50.830685, -12.154747 ], [ -50.831420466463541, -12.15124154811167 ], [ -50.849113, -12.154774 ], [ -50.850340364156146, -12.148923275217252 ], [ -51.24631, -12.227429 ], [ -51.246660160011466, -12.225740127583016 ], [ -51.25585, -12.227562 ], [ -51.256234505920162, -12.225706657477241 ], [ -51.264862, -12.227417 ], [ -51.265195063330438, -12.225809485633752 ], [ -51.273132, -12.227383 ], [ -51.273425159772501, -12.225967354602641 ], [ -51.279854, -12.227242 ], [ -51.280102018011263, -12.226044295913951 ], [ -51.28525, -12.227065 ], [ -51.28542651313689, -12.226212464840854 ], [ -51.291245, -12.227366 ], [ -51.291647448971503, -12.225422268393782 ], [ -51.60708, -12.287532 ], [ -51.607477373931715, -12.285595640350936 ], [ -51.61694, -12.287459 ], [ -51.617021342453732, -12.287062599909493 ], [ -51.61713, -12.287084 ], [ -51.617617943567204, -12.2847074283557 ], [ -51.63193, -12.287526 ], [ -51.632317667867852, -12.285632473230896 ], [ -51.64237, -12.287612 ], [ -51.642767094741899, -12.285672625556719 ], [ -51.65198, -12.287487 ], [ -51.652308159047742, -12.285883622564496 ], [ -51.66018, -12.287434 ], [ -51.660454666725826, -12.286091666294972 ], [ -51.666935, -12.287368 ], [ -51.669641335152704, -12.274132615889993 ], [ -51.677513, -12.275683 ], [ -51.717352051435299, -12.081182345836067 ], [ -52.029926, -12.143605 ], [ -52.030205875610555, -12.14227183419529 ], [ -52.037037, -12.143636 ], [ -52.037349480068208, -12.14214653628042 ], [ -52.044117, -12.143498 ], [ -52.044398433637873, -12.142156276532363 ], [ -52.052048, -12.143684 ], [ -52.052310214834392, -12.142432850837258 ], [ -52.05894, -12.143757 ], [ -52.059238307653011, -12.142332684650867 ], [ -52.06653, -12.143789 ], [ -52.066807592989868, -12.142460748282325 ], [ -52.0744, -12.143977 ], [ -52.074771721798882, -12.142201006042797 ], [ -52.446198, -12.215867 ], [ -52.44652108662892, -12.214312160660182 ], [ -52.45438, -12.215871 ], [ -52.454690253888757, -12.214376969232847 ], [ -52.46197, -12.215821 ], [ -52.462253790148544, -12.214454593960054 ], [ -52.469692, -12.21593 ], [ -52.470030696255932, -12.214299331710285 ], [ -52.477158, -12.215713 ], [ -52.477506760662344, -12.214036617028119 ], [ -52.486145, -12.21575 ], [ -52.48680360451764, -12.212581584142434 ], [ -52.805, -12.275281 ], [ -52.80534825767964, -12.27359123186757 ], [ -52.81364, -12.275225 ], [ -52.813870215512686, -12.274107938054 ], [ -52.819824, -12.275281 ], [ -53.075287, -11.036688 ], [ -52.571938, -10.936594 ], [ -52.571706245254155, -10.937699943557538 ], [ -52.565964, -10.936558 ], [ -52.565610312264653, -10.938246094187095 ], [ -52.5576, -10.936653 ], [ -52.556969349175311, -10.939666088686172 ], [ -52.161972, -10.860651 ], [ -52.161617875090137, -10.862335108553587 ], [ -52.152874, -10.860586 ], [ -52.152531636442269, -10.862216721501614 ], [ -52.14467, -10.860644 ], [ -52.144378927976454, -10.862031232114655 ], [ -52.136295, -10.860414 ], [ -52.13597854435892, -10.861924056056381 ], [ -52.12848, -10.860424 ], [ -52.128150867652877, -10.861996389125808 ], [ -52.12019, -10.860404 ], [ -52.119872278318667, -10.861922823016892 ], [ -51.764202, -10.790342 ], [ -51.763917526337991, -10.79168838504263 ], [ -51.75617, -10.790129 ], [ -51.755867448731571, -10.791560258834586 ], [ -51.748856, -10.790149 ], [ -51.74858820494056, -10.791415779917752 ], [ -51.742294, -10.790149 ], [ -51.742015494641741, -10.791467766667127 ], [ -51.733788, -10.789812 ], [ -51.733471088951006, -10.79131402953219 ], [ -51.72641, -10.789893 ], [ -51.726127190465256, -10.791230904154025 ], [ -51.71938, -10.789873 ], [ -51.680166966722894, -10.975786667916587 ], [ -51.42078, -10.924213 ], [ -51.420497994002289, -10.925565034138677 ] ] ] } },
{ "type": "Feature", "properties": { "orbit_key": "SCS_T035_F302", "dataset": "BIOMASS", "collection": "BiomassLevel1a", "product_type": "S1_SCS__1S", "mode": "SCS", "orbit_state": "ASCENDING", "track": "T035", "track_number": 35, "frame": "F302", "frame_number": 302, "scene_count": 78, "unique_footprints": 38, "repeat_cycles": "1,10,2,3,4,5,6,7,8,9", "absolute_orbits": "3051,3095,3183,3359,3403,3447,3491,3535,3579,3623,3667,3711,3755,3799,3843,3887,3931,3975,4019,4063,4239,4283,4327,4371,4415,4459,4503,4547,4591,4635,4679,4723,4767,4855,4899,4943", "first_start_time": "2025-11-23T09:19:04.188Z", "last_stop_time": "2026-04-01T09:24:39.967Z", "example_scene": "BIO_S1_SCS__1S_20251202T091910_20251202T091930_T_G01_M01_C04_T035_F302_01_DKR1RO" }, "geometry": { "type": "Polygon", "coordinates": [ [ [ -51.664428336834753, -9.771308882821623 ], [ -51.657795, -9.769979 ], [ -51.657462691872126, -9.77155275351195 ], [ -51.649757, -9.770008 ], [ -51.649687527144657, -9.770336821474393 ], [ -51.64899, -9.770197 ], [ -51.648614197522306, -9.771975940933146 ], [ -51.63963, -9.770175 ], [ -51.639241608866953, -9.772014972490982 ], [ -51.62935, -9.770032 ], [ -51.628830953987283, -9.772492341407627 ], [ -51.615067, -9.769733 ], [ -51.614567982816311, -9.772098443127664 ], [ -51.605236, -9.770228 ], [ -51.604901236952422, -9.771813327452346 ], [ -51.214546, -9.693153 ], [ -51.214318352969606, -9.694225784697725 ], [ -51.208355, -9.693024 ], [ -51.208091815148222, -9.694264460512194 ], [ -51.203827, -9.693405 ], [ -51.203549543044858, -9.694709242943132 ], [ -51.197628, -9.693516 ], [ -51.197262420469904, -9.695231956921356 ], [ -51.188816, -9.69353 ], [ -51.188444991590188, -9.695276513332868 ], [ -51.179043, -9.693382 ], [ -51.178654779174657, -9.695217169438596 ], [ -51.169945, -9.693462 ], [ -51.168730632940566, -9.699192464464243 ], [ -50.788067, -9.622054 ], [ -50.787341127892368, -9.62547164502155 ], [ -50.76954, -9.621864 ], [ -50.769182413828169, -9.623547410981162 ], [ -50.76018, -9.621723 ], [ -50.491894, -10.884767 ], [ -51.06088, -10.999207 ], [ -51.06122625323308, -10.997554462783496 ], [ -51.070034, -10.999326 ], [ -51.070744285466233, -10.99593618919152 ], [ -51.0884, -10.999487 ], [ -51.089637890661308, -10.993578556724858 ], [ -51.48485, -11.072561 ], [ -51.485232179844182, -11.070736956419195 ], [ -51.494305, -11.07255 ], [ -51.49467013637112, -11.070806515503195 ], [ -51.50329, -11.072529 ], [ -51.503647485248216, -11.07082073526632 ], [ -51.51144, -11.072378 ], [ -51.511711520022487, -11.071079632522897 ], [ -51.518063, -11.072349 ], [ -51.518324214516952, -11.071101366796597 ], [ -51.523396, -11.072115 ], [ -51.523616988124012, -11.071058335191275 ], [ -51.52943, -11.07222 ], [ -51.529798449273194, -11.070459579187744 ], [ -51.843468, -11.13276 ], [ -51.84388293624658, -11.130755174097311 ], [ -51.853397, -11.132645 ], [ -51.853464682927836, -11.13231865535672 ], [ -51.853703, -11.132366 ], [ -51.853933604038403, -11.131254386963207 ], [ -51.885845, -11.137593 ], [ -51.886939205368606, -11.132307852826063 ], [ -51.88769, -11.132457 ], [ -51.88801184482233, -11.130901922578577 ], [ -51.89594, -11.132477 ], [ -51.896207344743793, -11.131184348383069 ], [ -51.902744, -11.132483 ], [ -51.905486927994488, -11.119214541972335 ], [ -51.913734, -11.120853 ], [ -51.954335875044109, -10.924933343255761 ], [ -52.268436, -10.98812 ], [ -52.268729937824901, -10.986718160261887 ], [ -52.27549, -10.988078 ], [ -52.275792442042778, -10.986635838209837 ], [ -52.28327, -10.98814 ], [ -52.283549573061357, -10.986805114691974 ], [ -52.291428, -10.98839 ], [ -52.291703224223589, -10.987076323627381 ], [ -52.297527, -10.988248 ], [ -52.297815802257389, -10.986871178439962 ], [ -52.304913, -10.988299 ], [ -52.305221113106434, -10.986829704790177 ], [ -52.312878, -10.98837 ], [ -52.313231619279499, -10.986682925922794 ], [ -52.684704, -11.060947 ], [ -52.685038224596461, -11.059343531994896 ], [ -52.692863, -11.060908 ], [ -52.69318868598728, -11.059345120832965 ], [ -52.70063, -11.060833 ], [ -52.700895692805688, -11.059559207156303 ], [ -52.708557, -11.061091 ], [ -52.708901171473862, -11.059438763522994 ], [ -52.716335, -11.060925 ], [ -52.716706882777444, -11.05914015343426 ], [ -52.725224, -11.060843 ], [ -52.725841734837104, -11.057876687003796 ], [ -53.042725, -11.120859 ], [ -53.043099914719022, -11.11904676953143 ], [ -53.05091, -11.120599 ], [ -53.051169548916384, -11.119347337281264 ], [ -53.05706, -11.120518 ], [ -53.313828, -9.882029 ], [ -52.81229, -9.781464 ], [ -52.81203101345298, -9.782707721590629 ], [ -52.806442, -9.781587 ], [ -52.806052096900991, -9.783457422966766 ], [ -52.79856, -9.781955 ], [ -52.797980236152043, -9.784727833249418 ], [ -52.40378, -9.705268 ], [ -52.40340388281917, -9.707058926359259 ], [ -52.395035, -9.705372 ], [ -52.394687640069328, -9.707026245489988 ], [ -52.38729, -9.705535 ], [ -52.387018027185562, -9.706827389208032 ], [ -52.3796, -9.705332 ], [ -52.379268047779661, -9.706908765093775 ], [ -52.371952, -9.705434 ], [ -52.371610691272984, -9.70705676791615 ], [ -52.362885, -9.705298 ], [ -52.362579804001122, -9.706753998102723 ], [ -52.00815, -9.634923 ], [ -52.007831238155411, -9.63641392979134 ], [ -52.000347, -9.634897 ], [ -52.00005233489312, -9.636275758298074 ], [ -51.994064, -9.635062 ], [ -51.99377834120628, -9.636392918933733 ], [ -51.986713, -9.634961 ], [ -51.986419890188209, -9.636329735985438 ], [ -51.98049, -9.635128 ], [ -51.980175623378024, -9.636582863656848 ], [ -51.972824, -9.635093 ], [ -51.97252149413324, -9.636494190871851 ], [ -51.965588, -9.635089 ], [ -51.925231231129914, -9.822241303531991 ], [ -51.664703, -9.770009 ], [ -51.664428336834753, -9.771308882821623 ] ] ] } },
{ "type": "Feature", "properties": { "orbit_key": "SCS_T043_F166", "dataset": "BIOMASS", "collection": "BiomassLevel1a", "product_type": "S1_SCS__1S", "mode": "SCS", "orbit_state": "DESCENDING", "track": "T043", "track_number": 43, "frame": "F166", "frame_number": 166, "scene_count": 77, "unique_footprints": 39, "repeat_cycles": "1,10,2,3,4,5,6,7,8,9", "absolute_orbits": "3059,3103,3147,3367,3411,3455,3499,3543,3587,3631,3675,3807,3851,3895,3939,3983,4027,4071,4247,4291,4335,4379,4423,4467,4511,4555,4599,4643,4687,4731,4775,4819,4863,4907,4951", "first_start_time": "2025-11-23T21:41:23.090Z", "last_stop_time": "2026-04-01T21:46:58.881Z", "example_scene": "BIO_S2_SCS__1M_20251214T214135_20251214T214156_T_G01_M01_C01_T043_F166_01_DJO88L" }, "geometry": { "type": "Polygon", "coordinates": [ [ [ -55.839554060716878, -13.36651249857748 ], [ -56.224026, -13.29024 ], [ -55.95909, -12.051455 ], [ -55.950995806450386, -12.053073447530656 ], [ -55.950703, -12.051706 ], [ -55.944164539428662, -12.053013392004132 ], [ -55.943886, -12.051713 ], [ -55.937146246630839, -12.053060712261846 ], [ -55.93685, -12.051677 ], [ -55.928566612663978, -12.053333277200576 ], [ -55.92826, -12.051899 ], [ -55.921260033835466, -12.053298466440676 ], [ -55.920944, -12.051818 ], [ -55.914472501634307, -12.053111803541999 ], [ -55.91419, -12.051786 ], [ -55.34271, -12.166044 ], [ -55.344760584212018, -12.17580590703035 ], [ -54.947514, -12.25456 ], [ -54.949736277227537, -12.265312425726608 ], [ -54.792094931316541, -12.296292270749657 ], [ -54.736774, -12.038089 ], [ -54.728126270968275, -12.039818134923994 ], [ -54.72772, -12.037922 ], [ -54.718229795169407, -12.039819643168634 ], [ -54.717907, -12.038313 ], [ -54.14557, -12.152749 ], [ -54.147738214447074, -12.163039888125077 ], [ -53.747383, -12.242393 ], [ -53.749500179012628, -12.252655930318326 ], [ -53.39069, -12.32314 ], [ -53.64995, -13.585364 ], [ -53.673108960678746, -13.580860100155139 ], [ -53.674175, -13.58606 ], [ -53.68375876211848, -13.584196057794179 ], [ -53.684097, -13.585847 ], [ -53.692982693011231, -13.584118889287328 ], [ -53.693317, -13.585747 ], [ -53.695091968185224, -13.585401793072556 ], [ -53.695175, -13.585806 ], [ -53.703063921636534, -13.584271616188257 ], [ -53.7034, -13.585909 ], [ -53.709445237202395, -13.584733120917155 ], [ -53.709713, -13.586038 ], [ -54.21683, -13.4874 ], [ -54.214690824360559, -13.477037654657565 ], [ -54.226276, -13.474784 ], [ -54.225580400518112, -13.47142116503003 ], [ -54.643623, -13.389315 ], [ -54.6402837351012, -13.373447281333544 ], [ -54.797553693653853, -13.34225142425986 ], [ -54.84507, -13.574226 ], [ -54.852174525319874, -13.572843517375993 ], [ -54.85247, -13.574288 ], [ -54.858438948820229, -13.573126613234908 ], [ -54.85871, -13.574452 ], [ -55.368114, -13.475342 ], [ -55.367210251802625, -13.470996639163085 ], [ -55.841904, -13.377708 ], [ -55.839554060716878, -13.36651249857748 ] ] ] } },
{ "type": "Feature", "properties": { "orbit_key": "SCS_T043_F167", "dataset": "BIOMASS", "collection": "BiomassLevel1a", "product_type": "S1_SCS__1S", "mode": "SCS", "orbit_state": "DESCENDING", "track": "T043", "track_number": 43, "frame": "F167", "frame_number": 167, "scene_count": 78, "unique_footprints": 39, "repeat_cycles": "1,10,2,3,4,5,6,7,8,9", "absolute_orbits": "3059,3103,3147,3367,3411,3455,3499,3543,3587,3631,3675,3807,3851,3895,3939,3983,4027,4071,4247,4291,4335,4379,4423,4467,4511,4555,4599,4643,4687,4731,4775,4819,4863,4907,4951", "first_start_time": "2025-11-23T21:41:42.097Z", "last_stop_time": "2026-04-01T21:47:17.891Z", "example_scene": "BIO_S1_SCS__1S_20251129T214146_20251129T214207_T_G01_M01_C03_T043_F167_01_DKPBVR" }, "geometry": { "type": "Polygon", "coordinates": [ [ [ -56.085881826588931, -14.520616642366202 ], [ -56.467033, -14.445585 ], [ -56.197567, -13.207755 ], [ -56.189458921647997, -13.20936411209105 ], [ -56.189186, -13.208109 ], [ -56.181782650353362, -13.209578285143953 ], [ -56.181488, -13.208228 ], [ -56.174844697596939, -13.209546498206819 ], [ -56.174553, -13.20821 ], [ -56.165928825731001, -13.209921533381475 ], [ -56.1656, -13.208415 ], [ -56.15868462423817, -13.209787257910092 ], [ -56.15839, -13.208437 ], [ -56.151552793685617, -13.209793717825558 ], [ -56.151253, -13.20842 ], [ -55.579086, -13.321962 ], [ -55.581140052116048, -13.331613574598075 ], [ -55.185654, -13.409373 ], [ -55.187884540267717, -13.420024973603228 ], [ -55.031023351276843, -13.450569190477802 ], [ -54.975925, -13.194382 ], [ -54.967283387096217, -13.19609705202412 ], [ -54.966873, -13.194189 ], [ -54.957371788551612, -13.19607472994522 ], [ -54.95702, -13.194439 ], [ -54.381638, -13.308629 ], [ -54.383811712072358, -13.318919963645966 ], [ -53.985233, -13.39727 ], [ -53.987329765840691, -13.407442399382193 ], [ -53.62802, -13.477382 ], [ -53.88651, -14.739598 ], [ -53.910189760262959, -14.735036333375099 ], [ -53.911217, -14.740059 ], [ -53.921177440012279, -14.738140053463329 ], [ -53.921566, -14.74004 ], [ -53.929908864015346, -14.73843274043368 ], [ -53.93019, -14.739807 ], [ -53.931719476580533, -14.739512344978884 ], [ -53.931828, -14.740043 ], [ -53.939542743017576, -14.738556690678003 ], [ -53.93988, -14.740205 ], [ -53.946093845944105, -14.739007763617954 ], [ -53.946335, -14.740185 ], [ -54.457546, -14.641692 ], [ -54.455419068204861, -14.631428111633729 ], [ -54.467216, -14.629155 ], [ -54.466523361801052, -14.625824854991267 ], [ -54.885956, -14.544152 ], [ -54.882647175832993, -14.528482352173116 ], [ -55.036449486780604, -14.498210250561806 ], [ -55.084072, -14.728053 ], [ -55.091653880079441, -14.72659148655892 ], [ -55.091953, -14.728035 ], [ -55.09814406992291, -14.726841667065591 ], [ -55.09841, -14.728125 ], [ -55.610992, -14.629332 ], [ -55.61007936348647, -14.624992792686838 ], [ -56.088276, -14.531812 ], [ -56.085881826588931, -14.520616642366202 ] ] ] } },
{ "type": "Feature", "properties": { "orbit_key": "SCS_T043_F168", "dataset": "BIOMASS", "collection": "BiomassLevel1a", "product_type": "S1_SCS__1S", "mode": "SCS", "orbit_state": "DESCENDING", "track": "T043", "track_number": 43, "frame": "F168", "frame_number": 168, "scene_count": 78, "unique_footprints": 39, "repeat_cycles": "1,10,2,3,4,5,6,7,8,9", "absolute_orbits": "3059,3103,3147,3367,3411,3455,3499,3543,3587,3631,3675,3807,3851,3895,3939,3983,4027,4071,4247,4291,4335,4379,4423,4467,4511,4555,4599,4643,4687,4731,4775,4819,4863,4907,4951", "first_start_time": "2025-11-23T21:42:01.107Z", "last_stop_time": "2026-04-01T21:47:36.902Z", "example_scene": "BIO_S1_SCS__1M_20251129T214205_20251129T214226_T_G01_M01_C03_T043_F168_01_DKPBUT" }, "geometry": { "type": "Polygon", "coordinates": [ [ [ -56.331368080631982, -15.674935080324172 ], [ -56.706177, -15.601742 ], [ -56.43502, -14.364233 ], [ -56.426946818667325, -14.365822629356371 ], [ -56.426666, -14.364537 ], [ -56.419970041288465, -14.365855477865303 ], [ -56.41969, -14.364575 ], [ -56.413463841324003, -14.365801050091649 ], [ -56.413147, -14.36435 ], [ -56.404694769456377, -14.36601436872586 ], [ -56.404385, -14.364594 ], [ -56.397667360992763, -14.365916682333481 ], [ -56.39738, -14.364598 ], [ -56.39086568877277, -14.365880655691608 ], [ -56.39057, -14.364519 ], [ -55.816254, -14.477606 ], [ -55.818301893781381, -14.487187248295919 ], [ -55.42257, -14.56433 ], [ -55.424836453603156, -14.574880213992547 ], [ -55.270339049221342, -14.604682373072926 ], [ -55.2154, -14.350349 ], [ -55.206768630559935, -14.352048771165519 ], [ -55.20639, -14.350296 ], [ -55.196875020384496, -14.352169853842812 ], [ -55.19651, -14.35048 ], [ -54.617847, -14.464432 ], [ -54.620011854853232, -14.47464962786086 ], [ -54.223618, -14.551907 ], [ -54.225740604068733, -14.562044631330867 ], [ -53.864685, -14.631661 ], [ -54.124104, -15.893555 ], [ -54.149007171891718, -15.888804388133419 ], [ -54.150013, -15.893681 ], [ -54.159771445169383, -15.891819226301923 ], [ -54.16012, -15.893509 ], [ -54.168019600489806, -15.892001886500713 ], [ -54.168385, -15.893776 ], [ -54.170105845566304, -15.893447700547936 ], [ -54.170185, -15.893832 ], [ -54.178667812660279, -15.892213593819093 ], [ -54.178978, -15.893716 ], [ -54.186687548746121, -15.892244958010874 ], [ -54.186935, -15.893436 ], [ -54.69996, -15.795546 ], [ -54.697834569437461, -15.785359219580117 ], [ -54.708458, -15.783332 ], [ -54.707769101310006, -15.780025710767822 ], [ -55.126163, -15.69927 ], [ -55.122908654701874, -15.683665454878611 ], [ -55.271029508074086, -15.654745817232191 ], [ -55.31719, -15.882762 ], [ -55.325013990925171, -15.881268703712728 ], [ -55.32531, -15.882728 ], [ -55.332357887486381, -15.881382933196818 ], [ -55.33262, -15.88267 ], [ -55.855545, -15.782875 ], [ -55.854605979268186, -15.778504376225968 ], [ -56.333755, -15.685949 ], [ -56.331368080631982, -15.674935080324172 ] ] ] } },
{ "type": "Feature", "properties": { "orbit_key": "SCS_T043_F169", "dataset": "BIOMASS", "collection": "BiomassLevel1a", "product_type": "S1_SCS__1S", "mode": "SCS", "orbit_state": "DESCENDING", "track": "T043", "track_number": 43, "frame": "F169", "frame_number": 169, "scene_count": 78, "unique_footprints": 39, "repeat_cycles": "1,10,2,3,4,5,6,7,8,9", "absolute_orbits": "3059,3103,3147,3367,3411,3455,3499,3543,3587,3631,3675,3807,3851,3895,3939,3983,4027,4071,4247,4291,4335,4379,4423,4467,4511,4555,4599,4643,4687,4731,4775,4819,4863,4907,4951", "first_start_time": "2025-11-23T21:42:20.118Z", "last_stop_time": "2026-04-01T21:47:55.914Z", "example_scene": "BIO_S1_SCS__1M_20251129T214224_20251129T214245_T_G01_M01_C03_T043_F169_01_DKPBUP" }, "geometry": { "type": "Polygon", "coordinates": [ [ [ -56.579345668574604, -16.828676792946585 ], [ -56.951923, -16.756521 ], [ -56.680042, -15.519247 ], [ -56.671954954963176, -15.52082685434919 ], [ -56.67167, -15.519531 ], [ -56.664835016466782, -15.520866282753074 ], [ -56.664516, -15.519416 ], [ -56.657378623335084, -15.520810419950474 ], [ -56.6571, -15.519546 ], [ -56.648490574356821, -15.521227892497162 ], [ -56.64817, -15.519773 ], [ -56.640870735194454, -15.521198771429082 ], [ -56.640583, -15.519894 ], [ -56.634214522112615, -15.521137942377269 ], [ -56.63393, -15.519847 ], [ -56.055275, -15.632879 ], [ -56.057283900799384, -15.64230155656074 ], [ -55.669235, -15.717297 ], [ -55.671442031430225, -15.727772091968971 ], [ -55.510360972876448, -15.758538960656514 ], [ -55.4556, -15.50627 ], [ -55.446971749719644, -15.50795552148486 ], [ -55.44659, -15.506197 ], [ -55.437068021787354, -15.508057163564452 ], [ -55.436707, -15.506394 ], [ -54.85449, -15.620125 ], [ -54.856636995369385, -15.630221720286062 ], [ -54.464714, -15.70594 ], [ -54.466811111741514, -15.715985694324189 ], [ -54.099937, -15.786033 ], [ -54.362926, -17.047121 ], [ -54.385807928846724, -17.042799514976046 ], [ -54.386852, -17.047838 ], [ -54.396830470301865, -17.045953403635025 ], [ -54.397163, -17.047554 ], [ -54.405654007591487, -17.045950339475233 ], [ -54.405983, -17.047531 ], [ -54.40781568954101, -17.047184876085367 ], [ -54.407898, -17.04758 ], [ -54.41720181237757, -17.045822751291155 ], [ -54.41754, -17.047438 ], [ -54.4233297608152, -17.046344325562796 ], [ -54.423576, -17.047522 ], [ -54.94776, -16.948507 ], [ -54.945526418135792, -16.938069518064331 ], [ -54.957233, -16.935858 ], [ -54.956594277958835, -16.932879611115972 ], [ -55.381836, -16.851542 ], [ -55.378382418846257, -16.835989602225876 ], [ -55.516813863613692, -16.809186051547041 ], [ -55.565086, -17.034712 ], [ -55.572413250759396, -17.033327056151347 ], [ -55.57272, -17.034758 ], [ -55.578877477643815, -17.033594251835243 ], [ -55.579144, -17.034836 ], [ -56.099354, -16.936525 ], [ -56.098436449635543, -16.932171942638405 ], [ -56.581715, -16.83966 ], [ -56.579345668574604, -16.828676792946585 ] ] ] } },
{ "type": "Feature", "properties": { "orbit_key": "SCS_T043_F170", "dataset": "BIOMASS", "collection": "BiomassLevel1a", "product_type": "S1_SCS__1S", "mode": "SCS", "orbit_state": "DESCENDING", "track": "T043", "track_number": 43, "frame": "F170", "frame_number": 170, "scene_count": 77, "unique_footprints": 39, "repeat_cycles": "1,10,2,3,4,5,6,7,8,9", "absolute_orbits": "3059,3103,3147,3367,3411,3455,3499,3543,3587,3631,3675,3807,3851,3895,3939,3983,4027,4071,4247,4291,4335,4379,4423,4467,4511,4555,4599,4643,4687,4731,4775,4819,4863,4907,4951", "first_start_time": "2025-11-23T21:42:39.130Z", "last_stop_time": "2026-04-01T21:48:14.924Z", "example_scene": "BIO_S1_SCS__1M_20251129T214243_20251129T214304_T_G01_M01_C03_T043_F170_01_DKPBUO" }, "geometry": { "type": "Polygon", "coordinates": [ [ [ -56.342628718708994, -18.085657927947402 ], [ -56.828472, -17.99352 ], [ -56.826107610068526, -17.982528263694288 ], [ -57.194782, -17.911743 ], [ -56.924324, -16.674156 ], [ -56.91635233171538, -16.675700394816232 ], [ -56.91609, -16.6745 ], [ -56.909423841953846, -16.675791451172046 ], [ -56.909134, -16.674465 ], [ -56.902309825307654, -16.675787172639026 ], [ -56.902035, -16.67453 ], [ -56.893396695634841, -16.676203529582494 ], [ -56.893063, -16.674677 ], [ -56.886169311018328, -16.676012370042077 ], [ -56.885895, -16.674757 ], [ -56.879187226736306, -16.676056315423427 ], [ -56.878895, -16.674719 ], [ -56.293076, -16.788198 ], [ -56.295080706204189, -16.797574609654497 ], [ -55.911068, -16.871122 ], [ -55.913268061936904, -16.881571177565462 ], [ -55.751235333643912, -16.912220341614685 ], [ -55.696613, -16.661968 ], [ -55.687994731182648, -16.663637568768646 ], [ -55.68761, -16.661875 ], [ -55.678075380942467, -16.66372214714465 ], [ -55.677715, -16.662071 ], [ -55.09167, -16.775597 ], [ -55.093822257756429, -16.785676282418105 ], [ -54.70621, -16.859886 ], [ -54.70830984795856, -16.869742753550145 ], [ -54.343624, -16.938688 ], [ -54.606182, -18.199741 ], [ -54.629971397794186, -18.19529379791495 ], [ -54.630974, -18.200087 ], [ -54.640404191580835, -18.198323976872349 ], [ -54.64075, -18.199991 ], [ -54.649656597447148, -18.198325913113951 ], [ -54.649994, -18.199951 ], [ -54.651717666440362, -18.199628762529183 ], [ -54.651802, -18.200035 ], [ -54.660008429012585, -18.198500710036846 ], [ -54.66032, -18.2 ], [ -54.666443848100862, -18.198855006207101 ], [ -54.666687, -18.200026 ], [ -55.192806, -18.101658 ], [ -55.190635147613641, -18.091406879952569 ], [ -55.20179, -18.089321 ], [ -55.201144260442398, -18.086270844213335 ], [ -55.628407, -18.005299 ], [ -55.625111908452773, -17.989967807994567 ], [ -55.758801752207503, -17.964305818929258 ], [ -55.80523, -18.187948 ], [ -55.812491611180285, -18.18658953861965 ], [ -55.81278, -18.187979 ], [ -55.818979197635343, -18.186819388025405 ], [ -55.8192, -18.187883 ], [ -56.343506, -18.089813 ], [ -56.342628718708994, -18.085657927947402 ] ] ] } },
{ "type": "Feature", "properties": { "orbit_key": "SCS_T043_F171", "dataset": "BIOMASS", "collection": "BiomassLevel1a", "product_type": "S1_SCS__1S", "mode": "SCS", "orbit_state": "DESCENDING", "track": "T043", "track_number": 43, "frame": "F171", "frame_number": 171, "scene_count": 75, "unique_footprints": 38, "repeat_cycles": "1,10,2,3,4,5,6,7,8,9", "absolute_orbits": "3059,3103,3147,3367,3411,3455,3499,3543,3587,3631,3675,3807,3851,3895,3939,3983,4027,4071,4247,4291,4335,4379,4423,4467,4511,4555,4599,4643,4687,4731,4775,4819,4863,4907,4951", "first_start_time": "2025-11-23T21:42:58.143Z", "last_stop_time": "2026-04-01T21:48:33.938Z", "example_scene": "BIO_S1_SCS__1M_20251123T214258_20251123T214318_T_G01_M01_C01_T043_F171_01_DKCJYI" }, "geometry": { "type": "Polygon", "coordinates": [ [ [ -57.074373587288704, -19.136082250771 ], [ -57.43829, -19.066828 ], [ -57.16632, -17.829617 ], [ -57.158425845016687, -17.831133292068415 ], [ -57.15816, -17.829924 ], [ -57.15163357364365, -17.831177583720233 ], [ -57.151344, -17.82986 ], [ -57.144600391555258, -17.831155303189313 ], [ -57.1443, -17.829788 ], [ -57.13562666849576, -17.831453972070076 ], [ -57.135323, -17.830072 ], [ -57.128316444405371, -17.831417633923866 ], [ -57.12803, -17.830114 ], [ -57.12135119149341, -17.831396674350479 ], [ -57.121086, -17.83019 ], [ -56.531223, -17.943472 ], [ -56.533201170660249, -17.952679779395591 ], [ -56.152763, -18.024866 ], [ -56.154919839204418, -18.035060791096392 ], [ -55.992930896391776, -18.065387867719451 ], [ -55.938488, -17.817463 ], [ -55.929880846171685, -17.819116132287345 ], [ -55.929493, -17.81735 ], [ -55.919942854288635, -17.819184312904085 ], [ -55.919582, -17.817541 ], [ -55.33386, -17.930035 ], [ -55.335977248010785, -17.939901810695492 ], [ -54.95137, -18.012861 ], [ -54.9534265748892, -18.022589051415366 ], [ -54.58441, -18.091642 ], [ -54.84613, -19.352732 ], [ -54.870790877255921, -19.34817050624844 ], [ -54.87181, -19.35305 ], [ -54.881334668493025, -19.351288088766527 ], [ -54.881676, -19.352924 ], [ -54.889575157363033, -19.351462793263455 ], [ -54.889923, -19.353132 ], [ -54.891679000516476, -19.352807177866087 ], [ -54.891754, -19.353167 ], [ -54.89959868713747, -19.351715800997461 ], [ -54.899933, -19.353321 ], [ -54.906871894474548, -19.352037311763777 ], [ -54.90709, -19.353083 ], [ -55.438084, -19.254848 ], [ -55.435927602979689, -19.244693518371356 ], [ -55.44742, -19.242567 ], [ -55.446801820838445, -19.23965638508032 ], [ -55.876575, -19.158985 ], [ -55.873260586297746, -19.143650167507168 ], [ -55.999707997857975, -19.1195924017991 ], [ -56.04585, -19.340876 ], [ -56.053136708146845, -19.33952716156816 ], [ -56.053425, -19.34091 ], [ -56.05955393155898, -19.339775585222792 ], [ -56.0598, -19.340956 ], [ -56.588696, -19.243069 ], [ -56.587792685648914, -19.238814241745981 ], [ -57.07673, -19.146976 ], [ -57.074373587288704, -19.136082250771 ] ] ] } },
{ "type": "Feature", "properties": { "orbit_key": "SCS_T043_F172", "dataset": "BIOMASS", "collection": "BiomassLevel1a", "product_type": "S1_SCS__1S", "mode": "SCS", "orbit_state": "DESCENDING", "track": "T043", "track_number": 43, "frame": "F172", "frame_number": 172, "scene_count": 74, "unique_footprints": 38, "repeat_cycles": "1,10,2,3,4,5,6,7,8,9", "absolute_orbits": "3059,3103,3147,3367,3411,3455,3499,3543,3587,3631,3675,3807,3851,3895,3939,3983,4027,4071,4247,4291,4335,4379,4423,4467,4511,4555,4599,4643,4687,4731,4775,4819,4863,4907,4951", "first_start_time": "2025-11-23T21:43:17.157Z", "last_stop_time": "2026-04-01T21:48:52.953Z", "example_scene": "BIO_S1_SCS__1S_20251129T214321_20251129T214342_T_G01_M01_C03_T043_F172_01_DKPC0V" }, "geometry": { "type": "Polygon", "coordinates": [ [ [ -56.834255, -20.396221 ], [ -56.833314709055422, -20.391797269366787 ], [ -57.32575, -20.300222 ], [ -57.323458816869248, -20.289675310796209 ], [ -57.68337, -20.221813 ], [ -57.40982, -18.984858 ], [ -57.401809070896078, -18.98638302379236 ], [ -57.401535, -18.985144 ], [ -57.394832664423319, -18.986419935154601 ], [ -57.394543, -18.985111 ], [ -57.387873303206376, -18.986380792197476 ], [ -57.387573, -18.985023 ], [ -57.378859705519623, -18.98668172721624 ], [ -57.37856, -18.985327 ], [ -57.371573748925492, -18.986656800105759 ], [ -57.37128, -18.985329 ], [ -57.364571146755097, -18.986605964054881 ], [ -57.36428, -18.98529 ], [ -56.77464, -19.097528 ], [ -56.776592901283912, -19.106635974748681 ], [ -56.395874, -19.178186 ], [ -56.398022412353562, -19.188406328787188 ], [ -56.235882891250327, -19.218443274467241 ], [ -56.181538, -18.972599 ], [ -56.17293694860161, -18.974236275431469 ], [ -56.172554, -18.972504 ], [ -56.162992245380146, -18.974324264605908 ], [ -56.16265, -18.972776 ], [ -55.572556, -19.085102 ], [ -55.574651687155949, -19.094816392640588 ], [ -55.194016, -19.166332 ], [ -55.196078919963519, -19.176090347659486 ], [ -54.820564, -19.245611 ], [ -55.08868, -20.505428 ], [ -55.112943440369229, -20.500988337520312 ], [ -55.113968, -20.505833 ], [ -55.123543733005526, -20.504080662708283 ], [ -55.123844, -20.505505 ], [ -55.131714889522158, -20.504064725562955 ], [ -55.13205, -20.505655 ], [ -55.13385782368983, -20.50532418958343 ], [ -55.13394, -20.505714 ], [ -55.142389390282631, -20.504167794054609 ], [ -55.14274, -20.505827 ], [ -55.148666854704629, -20.504742294085489 ], [ -55.14891, -20.505892 ], [ -55.682972, -20.408154 ], [ -55.680763828227455, -20.397734993913694 ], [ -55.69192, -20.395693 ], [ -55.691360843736774, -20.393054746320679 ], [ -56.124638, -20.312542 ], [ -56.121325609583565, -20.297227050342268 ], [ -56.240275145146661, -20.274803808916062 ], [ -56.285812, -20.493969 ], [ -56.293577077068448, -20.4925472171448 ], [ -56.293877, -20.493988 ], [ -56.300334226338776, -20.492805769979551 ], [ -56.300568, -20.493927 ], [ -56.834255, -20.396221 ] ] ] } },
{ "type": "Feature", "properties": { "orbit_key": "SCS_T043_F173", "dataset": "BIOMASS", "collection": "BiomassLevel1a", "product_type": "S1_SCS__1S", "mode": "SCS", "orbit_state": "DESCENDING", "track": "T043", "track_number": 43, "frame": "F173", "frame_number": 173, "scene_count": 76, "unique_footprints": 38, "repeat_cycles": "1,10,2,3,4,5,6,7,8,9", "absolute_orbits": "3059,3103,3147,3367,3411,3455,3499,3543,3587,3631,3675,3807,3851,3895,3939,3983,4027,4071,4247,4291,4335,4379,4423,4467,4511,4555,4599,4643,4687,4731,4775,4819,4863,4907,4951", "first_start_time": "2025-11-23T21:43:36.173Z", "last_stop_time": "2026-04-01T21:49:11.969Z", "example_scene": "BIO_S1_SCS__1S_20260218T214824_20260218T214844_T_G01_M02_C03_T043_F173_01_DN2P2U" }, "geometry": { "type": "Polygon", "coordinates": [ [ [ -57.574055598086872, -21.442683328519749 ], [ -57.929436, -21.37631 ], [ -57.654076, -20.13976 ], [ -57.6461075052597, -20.141263012723098 ], [ -57.64583, -20.140017 ], [ -57.639223241253049, -20.141263144159677 ], [ -57.638943, -20.140005 ], [ -57.632147540529026, -20.141286802832646 ], [ -57.63186, -20.139996 ], [ -57.623181566614129, -20.141632877136576 ], [ -57.62285, -20.140144 ], [ -57.6158823303549, -20.141458016176745 ], [ -57.615616, -20.140263 ], [ -57.608962876869377, -20.141517683879876 ], [ -57.608673, -20.140217 ], [ -57.012814, -20.252592 ], [ -57.014707207252279, -20.261600758169894 ], [ -56.639164, -20.331486 ], [ -56.641256942643153, -20.341430181916365 ], [ -56.479843259536594, -20.371010573706027 ], [ -56.42565, -20.127623 ], [ -56.417058877023443, -20.129243391079225 ], [ -56.41667, -20.127497 ], [ -56.407099773956297, -20.129302128492142 ], [ -56.406776, -20.127848 ], [ -55.81205, -20.240015 ], [ -55.814120439643816, -20.249555703341876 ], [ -55.436462, -20.319815 ], [ -55.438456262348112, -20.329368526879858 ], [ -55.065243, -20.397726 ], [ -55.327442, -21.658508 ], [ -55.352294255633787, -21.654011625672901 ], [ -55.35327, -21.658705 ], [ -55.362645150205452, -21.657008544743633 ], [ -55.362984, -21.65864 ], [ -55.37117191170212, -21.6571584278676 ], [ -55.371487, -21.658676 ], [ -55.373266607464885, -21.658353999297116 ], [ -55.373337, -21.658693 ], [ -55.381543950167831, -21.65720797281864 ], [ -55.381886, -21.658854 ], [ -55.388072700442656, -21.657734417035975 ], [ -55.38831, -21.658876 ], [ -55.929596, -21.560926 ], [ -55.927375908144597, -21.550667045405469 ], [ -55.938686, -21.54862 ], [ -55.93811311457344, -21.545956728236636 ], [ -56.373444, -21.465878 ], [ -56.370162557385299, -21.450757262950642 ], [ -56.481322871151662, -21.430000381634201 ], [ -56.526325, -21.646585 ], [ -56.533779754655505, -21.645235261302581 ], [ -56.534107, -21.646809 ], [ -56.540378540260392, -21.645673546478644 ], [ -56.540623, -21.64685 ], [ -57.07846, -21.549484 ], [ -57.077575388949079, -21.545306084559495 ], [ -57.576412, -21.453472 ], [ -57.574055598086872, -21.442683328519749 ] ] ] } },
{ "type": "Feature", "properties": { "orbit_key": "SCS_T043_F174", "dataset": "BIOMASS", "collection": "BiomassLevel1a", "product_type": "S1_SCS__1S", "mode": "SCS", "orbit_state": "DESCENDING", "track": "T043", "track_number": 43, "frame": "F174", "frame_number": 174, "scene_count": 74, "unique_footprints": 38, "repeat_cycles": "1,10,2,3,4,5,6,7,8,9", "absolute_orbits": "3059,3103,3147,3367,3411,3455,3499,3543,3587,3631,3675,3807,3851,3895,3939,3983,4027,4071,4247,4291,4335,4379,4423,4467,4511,4555,4599,4643,4687,4731,4775,4819,4863,4907,4951", "first_start_time": "2025-11-23T21:43:55.185Z", "last_stop_time": "2026-04-01T21:49:30.983Z", "example_scene": "BIO_S1_SCS__1M_20251129T214359_20251129T214420_T_G01_M01_C03_T043_F174_01_DKPBYK" }, "geometry": { "type": "Polygon", "coordinates": [ [ [ -57.827266814639287, -22.595307304393845 ], [ -58.176983, -22.530626 ], [ -57.899727, -21.294422 ], [ -57.89173126634978, -21.295915813011852 ], [ -57.891445, -21.29464 ], [ -57.884836913806005, -21.295874541464588 ], [ -57.88457, -21.294685 ], [ -57.877837336218526, -21.29594290240054 ], [ -57.87755, -21.294662 ], [ -57.86884269479372, -21.296288703455222 ], [ -57.86852, -21.29485 ], [ -57.861426617432642, -21.296174972654864 ], [ -57.86113, -21.294853 ], [ -57.854430427103885, -21.296104328485029 ], [ -57.854168, -21.294935 ], [ -57.248753, -21.408014 ], [ -57.25070843486499, -21.416794563269804 ], [ -56.88099, -21.484896 ], [ -56.883153188008414, -21.494917711204234 ], [ -56.725276728808211, -21.523527170959667 ], [ -56.671146, -21.282318 ], [ -56.662564717938039, -21.283921234941975 ], [ -56.66218, -21.282207 ], [ -56.652597319460774, -21.283997384517818 ], [ -56.65222, -21.282316 ], [ -56.05297, -21.394268 ], [ -56.055071964127208, -21.403890844415645 ], [ -55.677776, -21.473366 ], [ -55.679808757076358, -21.482800896976237 ], [ -55.305798, -21.550543 ], [ -55.56996, -22.81088 ], [ -55.593810917106595, -22.80661392424059 ], [ -55.59477, -22.811205 ], [ -55.605103150242677, -22.809356578191707 ], [ -55.605434, -22.810936 ], [ -55.613637512447674, -22.809468525327098 ], [ -55.61399, -22.811152 ], [ -55.615835476096301, -22.810821882355235 ], [ -55.615913, -22.811192 ], [ -55.623680700239987, -22.809802426128389 ], [ -55.623997, -22.811314 ], [ -55.62995199802377, -22.810248633791019 ], [ -55.630188, -22.811377 ], [ -56.174053, -22.714083 ], [ -56.171827017195163, -22.703617993272044 ], [ -56.184654, -22.701323 ], [ -56.184129368591464, -22.698869280685376 ], [ -56.627968, -22.61807 ], [ -56.624665782959298, -22.603177236746333 ], [ -56.726688343320717, -22.584311940519807 ], [ -56.772358, -22.79856 ], [ -56.779583658461299, -22.797266417459632 ], [ -56.779854, -22.798534 ], [ -56.785897952800475, -22.797452084389516 ], [ -56.78614, -22.798586 ], [ -57.330215, -22.701199 ], [ -57.329292437717982, -22.696974891504428 ], [ -57.82959, -22.605824 ], [ -57.827266814639287, -22.595307304393845 ] ] ] } },
{ "type": "Feature", "properties": { "orbit_key": "SCS_T043_F175", "dataset": "BIOMASS", "collection": "BiomassLevel1a", "product_type": "S1_SCS__1S", "mode": "SCS", "orbit_state": "DESCENDING", "track": "T043", "track_number": 43, "frame": "F175", "frame_number": 175, "scene_count": 75, "unique_footprints": 38, "repeat_cycles": "1,10,2,3,4,5,6,7,8,9", "absolute_orbits": "3059,3103,3147,3367,3411,3455,3499,3543,3587,3631,3675,3807,3851,3895,3939,3983,4027,4071,4247,4291,4335,4379,4423,4467,4511,4555,4599,4643,4687,4731,4775,4819,4863,4907,4951", "first_start_time": "2025-11-23T21:44:14.205Z", "last_stop_time": "2026-04-01T21:49:50.002Z", "example_scene": "BIO_S2_SCS__1M_20251214T214426_20251214T214447_T_G01_M01_C01_T043_F175_01_DJO8PF" }, "geometry": { "type": "Polygon", "coordinates": [ [ [ -58.081555868220676, -23.747763138790202 ], [ -58.426186, -23.684658 ], [ -58.14656, -22.448872 ], [ -58.138664646033142, -22.450332680343344 ], [ -58.138397, -22.44915 ], [ -58.131812389296556, -22.450368185069358 ], [ -58.13151, -22.449032 ], [ -58.12468531126293, -22.450294641743682 ], [ -58.124424, -22.44914 ], [ -58.115790649608776, -22.450737159365573 ], [ -58.11548, -22.449364 ], [ -58.10856125186907, -22.450643733951058 ], [ -58.10827, -22.449356 ], [ -58.101491384813244, -22.450609790014031 ], [ -58.10119, -22.449278 ], [ -57.494232, -22.561548 ], [ -57.496177103884193, -22.570286545312818 ], [ -57.12835, -22.637342 ], [ -57.130515462143038, -22.647283246020883 ], [ -56.972257617782937, -22.675640125141026 ], [ -56.918182, -22.436707 ], [ -56.909608664068458, -22.438293134927243 ], [ -56.909225, -22.436598 ], [ -56.899631097915282, -22.438372978578894 ], [ -56.8993, -22.43691 ], [ -56.294807, -22.54874 ], [ -56.296848883253766, -22.558021351144223 ], [ -55.920605, -22.62658 ], [ -55.922676459475085, -22.635913436861504 ], [ -55.54701, -22.703182 ], [ -55.81994, -23.961912 ], [ -55.84449388468132, -23.957570182255211 ], [ -55.845493, -23.962172 ], [ -55.855108364262193, -23.96047155429638 ], [ -55.855457, -23.962078 ], [ -55.864073403422481, -23.960554241057995 ], [ -55.86441, -23.962103 ], [ -55.8665106957029, -23.961731502995523 ], [ -55.86658, -23.96205 ], [ -55.874837243161906, -23.960589639271976 ], [ -55.875164, -23.962091 ], [ -55.880802300059472, -23.961093762329586 ], [ -55.881058, -23.96227 ], [ -56.43208, -23.864817 ], [ -56.429776762620826, -23.854336157117018 ], [ -56.44066, -23.852411 ], [ -56.440170741621031, -23.850181689553693 ], [ -56.882328, -23.770529 ], [ -56.879016961725355, -23.755634199059322 ], [ -56.973204728661436, -23.738392157663956 ], [ -57.01828, -23.95029 ], [ -57.02571159289397, -23.948974940026439 ], [ -57.025993, -23.950296 ], [ -57.032156338246331, -23.949205469467852 ], [ -57.03241, -23.950396 ], [ -57.58288, -23.853003 ], [ -57.581967108886964, -23.848851409694756 ], [ -58.083923, -23.758362 ], [ -58.081555868220676, -23.747763138790202 ] ] ] } }
]
}
