query_name,feature_index,platform_filter,relative_orbit_filter,dataset,platform,product_id,scene_name,file_name,asset_key,download_url,processing_level,flight_direction,relative_orbit,absolute_orbit,frame_number,start_time,stop_time,size_mb,download_path,status
feature_0_part_1_split_1,0,Sentinel-1A,,SENTINEL-1,Sentinel-1A,S1A_IW_SLC__1SDV_20260131T093424_20260131T093451_063009_07E809_B720-SLC,S1A_IW_SLC__1SDV_20260131T093424_20260131T093451_063009_07E809_B720,S1A_IW_SLC__1SDV_20260131T093424_20260131T093451_063009_07E809_B720.zip,primary,https://datapool.asf.alaska.edu/SLC/SA/S1A_IW_SLC__1SDV_20260131T093424_20260131T093451_063009_07E809_B720.zip,SLC,DESCENDING,112,63009,640,2026-01-31T09:34:24Z,2026-01-31T09:34:51Z,0.0 MB,C:\Users\jales\Documents\GitHub\thesis_code\downloads\sentinel1_asf\Sentinel-1A\S1A_IW_SLC__1SDV_20260131T093424_20260131T093451_063009_07E809_B720.zip,missing_auth
feature_0_part_1_split_1,0,Sentinel-1A,,SENTINEL-1,Sentinel-1A,S1A_IW_SLC__1SDV_20260131T093359_20260131T093426_063009_07E809_C50E-SLC,S1A_IW_SLC__1SDV_20260131T093359_20260131T093426_063009_07E809_C50E,S1A_IW_SLC__1SDV_20260131T093359_20260131T093426_063009_07E809_C50E.zip,primary,https://datapool.asf.alaska.edu/SLC/SA/S1A_IW_SLC__1SDV_20260131T093359_20260131T093426_063009_07E809_C50E.zip,SLC,DESCENDING,112,63009,635,2026-01-31T09:33:59Z,2026-01-31T09:34:26Z,0.0 MB,C:\Users\jales\Documents\GitHub\thesis_code\downloads\sentinel1_asf\Sentinel-1A\S1A_IW_SLC__1SDV_20260131T093359_20260131T093426_063009_07E809_C50E.zip,missing_auth
feature_0_part_1_split_1,0,Sentinel-1A,,SENTINEL-1,Sentinel-1A,S1A_IW_SLC__1SDV_20260131T093334_20260131T093402_063009_07E809_50A1-SLC,S1A_IW_SLC__1SDV_20260131T093334_20260131T093402_063009_07E809_50A1,S1A_IW_SLC__1SDV_20260131T093334_20260131T093402_063009_07E809_50A1.zip,primary,https://datapool.asf.alaska.edu/SLC/SA/S1A_IW_SLC__1SDV_20260131T093334_20260131T093402_063009_07E809_50A1.zip,SLC,DESCENDING,112,63009,630,2026-01-31T09:33:34Z,2026-01-31T09:34:02Z,0.0 MB,C:\Users\jales\Documents\GitHub\thesis_code\downloads\sentinel1_asf\Sentinel-1A\S1A_IW_SLC__1SDV_20260131T093334_20260131T093402_063009_07E809_50A1.zip,missing_auth
feature_0_part_1_split_1,0,Sentinel-1A,,SENTINEL-1,Sentinel-1A,S1A_IW_SLC__1SDV_20260130T085435_20260130T085500_062994_07E770_ECF0-SLC,S1A_IW_SLC__1SDV_20260130T085435_20260130T085500_062994_07E770_ECF0,S1A_IW_SLC__1SDV_20260130T085435_20260130T085500_062994_07E770_ECF0.zip,primary,https://datapool.asf.alaska.edu/SLC/SA/S1A_IW_SLC__1SDV_20260130T085435_20260130T085500_062994_07E770_ECF0.zip,SLC,DESCENDING,97,62994,656,2026-01-30T08:54:35Z,2026-01-30T08:55:00Z,0.0 MB,C:\Users\jales\Documents\GitHub\thesis_code\downloads\sentinel1_asf\Sentinel-1A\S1A_IW_SLC__1SDV_20260130T085435_20260130T085500_062994_07E770_ECF0.zip,missing_auth
feature_0_part_1_split_1,0,Sentinel-1A,,SENTINEL-1,Sentinel-1A,S1A_IW_SLC__1SDV_20260130T085411_20260130T085438_062994_07E770_E27C-SLC,S1A_IW_SLC__1SDV_20260130T085411_20260130T085438_062994_07E770_E27C,S1A_IW_SLC__1SDV_20260130T085411_20260130T085438_062994_07E770_E27C.zip,primary,https://datapool.asf.alaska.edu/SLC/SA/S1A_IW_SLC__1SDV_20260130T085411_20260130T085438_062994_07E770_E27C.zip,SLC,DESCENDING,97,62994,651,2026-01-30T08:54:11Z,2026-01-30T08:54:38Z,0.0 MB,C:\Users\jales\Documents\GitHub\thesis_code\downloads\sentinel1_asf\Sentinel-1A\S1A_IW_SLC__1SDV_20260130T085411_20260130T085438_062994_07E770_E27C.zip,missing_auth
feature_0_part_1_split_1,0,Sentinel-1A,,SENTINEL-1,Sentinel-1A,S1A_IW_SLC__1SDV_20260130T085345_20260130T085413_062994_07E770_5BB3-SLC,S1A_IW_SLC__1SDV_20260130T085345_20260130T085413_062994_07E770_5BB3,S1A_IW_SLC__1SDV_20260130T085345_20260130T085413_062994_07E770_5BB3.zip,primary,https://datapool.asf.alaska.edu/SLC/SA/S1A_IW_SLC__1SDV_20260130T085345_20260130T085413_062994_07E770_5BB3.zip,SLC,DESCENDING,97,62994,646,2026-01-30T08:53:45Z,2026-01-30T08:54:13Z,0.0 MB,C:\Users\jales\Documents\GitHub\thesis_code\downloads\sentinel1_asf\Sentinel-1A\S1A_IW_SLC__1SDV_20260130T085345_20260130T085413_062994_07E770_5BB3.zip,missing_auth
feature_0_part_1_split_1,0,Sentinel-1A,,SENTINEL-1,Sentinel-1A,S1A_IW_SLC__1SDV_20260130T085320_20260130T085347_062994_07E770_AF71-SLC,S1A_IW_SLC__1SDV_20260130T085320_20260130T085347_062994_07E770_AF71,S1A_IW_SLC__1SDV_20260130T085320_20260130T085347_062994_07E770_AF71.zip,primary,https://datapool.asf.alaska.edu/SLC/SA/S1A_IW_SLC__1SDV_20260130T085320_20260130T085347_062994_07E770_AF71.zip,SLC,DESCENDING,97,62994,641,2026-01-30T08:53:20Z,2026-01-30T08:53:47Z,0.0 MB,C:\Users\jales\Documents\GitHub\thesis_code\downloads\sentinel1_asf\Sentinel-1A\S1A_IW_SLC__1SDV_20260130T085320_20260130T085347_062994_07E770_AF71.zip,missing_auth
feature_0_part_1_split_1,0,Sentinel-1A,,SENTINEL-1,Sentinel-1A,S1A_IW_SLC__1SDV_20260130T085255_20260130T085322_062994_07E770_F65E-SLC,S1A_IW_SLC__1SDV_20260130T085255_20260130T085322_062994_07E770_F65E,S1A_IW_SLC__1SDV_20260130T085255_20260130T085322_062994_07E770_F65E.zip,primary,https://datapool.asf.alaska.edu/SLC/SA/S1A_IW_SLC__1SDV_20260130T085255_20260130T085322_062994_07E770_F65E.zip,SLC,DESCENDING,97,62994,636,2026-01-30T08:52:55Z,2026-01-30T08:53:22Z,0.0 MB,C:\Users\jales\Documents\GitHub\thesis_code\downloads\sentinel1_asf\Sentinel-1A\S1A_IW_SLC__1SDV_20260130T085255_20260130T085322_062994_07E770_F65E.zip,missing_auth
feature_0_part_1_split_1,0,Sentinel-1A,,SENTINEL-1,Sentinel-1A,S1A_IW_SLC__1SDV_20260130T085230_20260130T085257_062994_07E770_D7A7-SLC,S1A_IW_SLC__1SDV_20260130T085230_20260130T085257_062994_07E770_D7A7,S1A_IW_SLC__1SDV_20260130T085230_20260130T085257_062994_07E770_D7A7.zip,primary,https://datapool.asf.alaska.edu/SLC/SA/S1A_IW_SLC__1SDV_20260130T085230_20260130T085257_062994_07E770_D7A7.zip,SLC,DESCENDING,97,62994,631,2026-01-30T08:52:30Z,2026-01-30T08:52:57Z,0.0 MB,C:\Users\jales\Documents\GitHub\thesis_code\downloads\sentinel1_asf\Sentinel-1A\S1A_IW_SLC__1SDV_20260130T085230_20260130T085257_062994_07E770_D7A7.zip,missing_auth
feature_0_part_1_split_1,0,Sentinel-1A,,SENTINEL-1,Sentinel-1A,S1A_IW_SLC__1SDV_20260130T085206_20260130T085233_062994_07E770_AE48-SLC,S1A_IW_SLC__1SDV_20260130T085206_20260130T085233_062994_07E770_AE48,S1A_IW_SLC__1SDV_20260130T085206_20260130T085233_062994_07E770_AE48.zip,primary,https://datapool.asf.alaska.edu/SLC/SA/S1A_IW_SLC__1SDV_20260130T085206_20260130T085233_062994_07E770_AE48.zip,SLC,DESCENDING,97,62994,626,2026-01-30T08:52:06Z,2026-01-30T08:52:33Z,0.0 MB,C:\Users\jales\Documents\GitHub\thesis_code\downloads\sentinel1_asf\Sentinel-1A\S1A_IW_SLC__1SDV_20260130T085206_20260130T085233_062994_07E770_AE48.zip,missing_auth
feature_0_part_1_split_1,0,Sentinel-1A,,SENTINEL-1,Sentinel-1A,S1A_IW_SLC__1SDV_20260130T085141_20260130T085208_062994_07E770_D5BD-SLC,S1A_IW_SLC__1SDV_20260130T085141_20260130T085208_062994_07E770_D5BD,S1A_IW_SLC__1SDV_20260130T085141_20260130T085208_062994_07E770_D5BD.zip,primary,https://datapool.asf.alaska.edu/SLC/SA/S1A_IW_SLC__1SDV_20260130T085141_20260130T085208_062994_07E770_D5BD.zip,SLC,DESCENDING,97,62994,621,2026-01-30T08:51:41Z,2026-01-30T08:52:08Z,0.0 MB,C:\Users\jales\Documents\GitHub\thesis_code\downloads\sentinel1_asf\Sentinel-1A\S1A_IW_SLC__1SDV_20260130T085141_20260130T085208_062994_07E770_D5BD.zip,missing_auth
feature_0_part_1_split_1,0,Sentinel-1A,,SENTINEL-1,Sentinel-1A,S1A_IW_SLC__1SDV_20260130T085115_20260130T085143_062994_07E770_49A0-SLC,S1A_IW_SLC__1SDV_20260130T085115_20260130T085143_062994_07E770_49A0,S1A_IW_SLC__1SDV_20260130T085115_20260130T085143_062994_07E770_49A0.zip,primary,https://datapool.asf.alaska.edu/SLC/SA/S1A_IW_SLC__1SDV_20260130T085115_20260130T085143_062994_07E770_49A0.zip,SLC,DESCENDING,97,62994,616,2026-01-30T08:51:15Z,2026-01-30T08:51:43Z,0.0 MB,C:\Users\jales\Documents\GitHub\thesis_code\downloads\sentinel1_asf\Sentinel-1A\S1A_IW_SLC__1SDV_20260130T085115_20260130T085143_062994_07E770_49A0.zip,missing_auth
feature_0_part_1_split_1,0,Sentinel-1A,,SENTINEL-1,Sentinel-1A,S1A_IW_SLC__1SDV_20260130T085050_20260130T085117_062994_07E770_08EA-SLC,S1A_IW_SLC__1SDV_20260130T085050_20260130T085117_062994_07E770_08EA,S1A_IW_SLC__1SDV_20260130T085050_20260130T085117_062994_07E770_08EA.zip,primary,https://datapool.asf.alaska.edu/SLC/SA/S1A_IW_SLC__1SDV_20260130T085050_20260130T085117_062994_07E770_08EA.zip,SLC,DESCENDING,97,62994,611,2026-01-30T08:50:50Z,2026-01-30T08:51:17Z,0.0 MB,C:\Users\jales\Documents\GitHub\thesis_code\downloads\sentinel1_asf\Sentinel-1A\S1A_IW_SLC__1SDV_20260130T085050_20260130T085117_062994_07E770_08EA.zip,missing_auth
feature_0_part_1_split_1,0,Sentinel-1A,,SENTINEL-1,Sentinel-1A,S1A_IW_SLC__1SDV_20260130T085025_20260130T085052_062994_07E770_BA14-SLC,S1A_IW_SLC__1SDV_20260130T085025_20260130T085052_062994_07E770_BA14,S1A_IW_SLC__1SDV_20260130T085025_20260130T085052_062994_07E770_BA14.zip,primary,https://datapool.asf.alaska.edu/SLC/SA/S1A_IW_SLC__1SDV_20260130T085025_20260130T085052_062994_07E770_BA14.zip,SLC,DESCENDING,97,62994,606,2026-01-30T08:50:25Z,2026-01-30T08:50:52Z,0.0 MB,C:\Users\jales\Documents\GitHub\thesis_code\downloads\sentinel1_asf\Sentinel-1A\S1A_IW_SLC__1SDV_20260130T085025_20260130T085052_062994_07E770_BA14.zip,missing_auth
feature_0_part_1_split_1,0,Sentinel-1A,,SENTINEL-1,Sentinel-1A,S1A_IW_SLC__1SDV_20260127T082838_20260127T082853_062950_07E5CA_9F65-SLC,S1A_IW_SLC__1SDV_20260127T082838_20260127T082853_062950_07E5CA_9F65,S1A_IW_SLC__1SDV_20260127T082838_20260127T082853_062950_07E5CA_9F65.zip,primary,https://datapool.asf.alaska.edu/SLC/SA/S1A_IW_SLC__1SDV_20260127T082838_20260127T082853_062950_07E5CA_9F65.zip,SLC,DESCENDING,53,62950,641,2026-01-27T08:28:38Z,2026-01-27T08:28:53Z,0.0 MB,C:\Users\jales\Documents\GitHub\thesis_code\downloads\sentinel1_asf\Sentinel-1A\S1A_IW_SLC__1SDV_20260127T082838_20260127T082853_062950_07E5CA_9F65.zip,missing_auth
feature_0_part_1_split_1,0,Sentinel-1A,,SENTINEL-1,Sentinel-1A,S1A_IW_SLC__1SDV_20260127T082814_20260127T082841_062950_07E5CA_580F-SLC,S1A_IW_SLC__1SDV_20260127T082814_20260127T082841_062950_07E5CA_580F,S1A_IW_SLC__1SDV_20260127T082814_20260127T082841_062950_07E5CA_580F.zip,primary,https://datapool.asf.alaska.edu/SLC/SA/S1A_IW_SLC__1SDV_20260127T082814_20260127T082841_062950_07E5CA_580F.zip,SLC,DESCENDING,53,62950,636,2026-01-27T08:28:14Z,2026-01-27T08:28:41Z,0.0 MB,C:\Users\jales\Documents\GitHub\thesis_code\downloads\sentinel1_asf\Sentinel-1A\S1A_IW_SLC__1SDV_20260127T082814_20260127T082841_062950_07E5CA_580F.zip,missing_auth
feature_0_part_1_split_1,0,Sentinel-1A,,SENTINEL-1,Sentinel-1A,S1A_IW_SLC__1SDV_20260127T082748_20260127T082816_062950_07E5CA_4387-SLC,S1A_IW_SLC__1SDV_20260127T082748_20260127T082816_062950_07E5CA_4387,S1A_IW_SLC__1SDV_20260127T082748_20260127T082816_062950_07E5CA_4387.zip,primary,https://datapool.asf.alaska.edu/SLC/SA/S1A_IW_SLC__1SDV_20260127T082748_20260127T082816_062950_07E5CA_4387.zip,SLC,DESCENDING,53,62950,631,2026-01-27T08:27:48Z,2026-01-27T08:28:16Z,0.0 MB,C:\Users\jales\Documents\GitHub\thesis_code\downloads\sentinel1_asf\Sentinel-1A\S1A_IW_SLC__1SDV_20260127T082748_20260127T082816_062950_07E5CA_4387.zip,missing_auth
feature_0_part_1_split_1,0,Sentinel-1A,,SENTINEL-1,Sentinel-1A,S1A_IW_SLC__1SDV_20260127T082633_20260127T082700_062950_07E5CA_D4C5-SLC,S1A_IW_SLC__1SDV_20260127T082633_20260127T082700_062950_07E5CA_D4C5,S1A_IW_SLC__1SDV_20260127T082633_20260127T082700_062950_07E5CA_D4C5.zip,primary,https://datapool.asf.alaska.edu/SLC/SA/S1A_IW_SLC__1SDV_20260127T082633_20260127T082700_062950_07E5CA_D4C5.zip,SLC,DESCENDING,53,62950,616,2026-01-27T08:26:33Z,2026-01-27T08:27:00Z,0.0 MB,C:\Users\jales\Documents\GitHub\thesis_code\downloads\sentinel1_asf\Sentinel-1A\S1A_IW_SLC__1SDV_20260127T082633_20260127T082700_062950_07E5CA_D4C5.zip,missing_auth
feature_0_part_1_split_1,0,Sentinel-1A,,SENTINEL-1,Sentinel-1A,S1A_IW_SLC__1SDV_20260127T082609_20260127T082636_062950_07E5CA_6023-SLC,S1A_IW_SLC__1SDV_20260127T082609_20260127T082636_062950_07E5CA_6023,S1A_IW_SLC__1SDV_20260127T082609_20260127T082636_062950_07E5CA_6023.zip,primary,https://datapool.asf.alaska.edu/SLC/SA/S1A_IW_SLC__1SDV_20260127T082609_20260127T082636_062950_07E5CA_6023.zip,SLC,DESCENDING,53,62950,611,2026-01-27T08:26:09Z,2026-01-27T08:26:36Z,0.0 MB,C:\Users\jales\Documents\GitHub\thesis_code\downloads\sentinel1_asf\Sentinel-1A\S1A_IW_SLC__1SDV_20260127T082609_20260127T082636_062950_07E5CA_6023.zip,missing_auth
feature_0_part_1_split_1,0,Sentinel-1A,,SENTINEL-1,Sentinel-1A,S1A_IW_SLC__1SDV_20260127T082543_20260127T082611_062950_07E5CA_E784-SLC,S1A_IW_SLC__1SDV_20260127T082543_20260127T082611_062950_07E5CA_E784,S1A_IW_SLC__1SDV_20260127T082543_20260127T082611_062950_07E5CA_E784.zip,primary,https://datapool.asf.alaska.edu/SLC/SA/S1A_IW_SLC__1SDV_20260127T082543_20260127T082611_062950_07E5CA_E784.zip,SLC,DESCENDING,53,62950,606,2026-01-27T08:25:43Z,2026-01-27T08:26:11Z,0.0 MB,C:\Users\jales\Documents\GitHub\thesis_code\downloads\sentinel1_asf\Sentinel-1A\S1A_IW_SLC__1SDV_20260127T082543_20260127T082611_062950_07E5CA_E784.zip,missing_auth
feature_0_part_1_split_1,0,Sentinel-1A,,SENTINEL-1,Sentinel-1A,S1A_IW_SLC__1SDV_20260127T082515_20260127T082545_062950_07E5CA_87D2-SLC,S1A_IW_SLC__1SDV_20260127T082515_20260127T082545_062950_07E5CA_87D2,S1A_IW_SLC__1SDV_20260127T082515_20260127T082545_062950_07E5CA_87D2.zip,primary,https://datapool.asf.alaska.edu/SLC/SA/S1A_IW_SLC__1SDV_20260127T082515_20260127T082545_062950_07E5CA_87D2.zip,SLC,DESCENDING,53,62950,600,2026-01-27T08:25:15Z,2026-01-27T08:25:45Z,0.0 MB,C:\Users\jales\Documents\GitHub\thesis_code\downloads\sentinel1_asf\Sentinel-1A\S1A_IW_SLC__1SDV_20260127T082515_20260127T082545_062950_07E5CA_87D2.zip,missing_auth
feature_0_part_1_split_1,0,Sentinel-1A,,SENTINEL-1,Sentinel-1A,S1A_IW_SLC__1SDV_20260126T092637_20260126T092710_062936_07E539_2E24-SLC,S1A_IW_SLC__1SDV_20260126T092637_20260126T092710_062936_07E539_2E24,S1A_IW_SLC__1SDV_20260126T092637_20260126T092710_062936_07E539_2E24.zip,primary,https://datapool.asf.alaska.edu/SLC/SA/S1A_IW_SLC__1SDV_20260126T092637_20260126T092710_062936_07E539_2E24.zip,SLC,DESCENDING,39,62936,646,2026-01-26T09:26:37Z,2026-01-26T09:27:10Z,0.0 MB,C:\Users\jales\Documents\GitHub\thesis_code\downloads\sentinel1_asf\Sentinel-1A\S1A_IW_SLC__1SDV_20260126T092637_20260126T092710_062936_07E539_2E24.zip,missing_auth
feature_0_part_1_split_1,0,Sentinel-1A,,SENTINEL-1,Sentinel-1A,S1A_IW_SLC__1SDV_20260126T092612_20260126T092639_062936_07E539_D4A2-SLC,S1A_IW_SLC__1SDV_20260126T092612_20260126T092639_062936_07E539_D4A2,S1A_IW_SLC__1SDV_20260126T092612_20260126T092639_062936_07E539_D4A2.zip,primary,https://datapool.asf.alaska.edu/SLC/SA/S1A_IW_SLC__1SDV_20260126T092612_20260126T092639_062936_07E539_D4A2.zip,SLC,DESCENDING,39,62936,641,2026-01-26T09:26:12Z,2026-01-26T09:26:39Z,0.0 MB,C:\Users\jales\Documents\GitHub\thesis_code\downloads\sentinel1_asf\Sentinel-1A\S1A_IW_SLC__1SDV_20260126T092612_20260126T092639_062936_07E539_D4A2.zip,missing_auth
feature_0_part_1_split_1,0,Sentinel-1A,,SENTINEL-1,Sentinel-1A,S1A_IW_SLC__1SDV_20260126T092548_20260126T092615_062936_07E539_492A-SLC,S1A_IW_SLC__1SDV_20260126T092548_20260126T092615_062936_07E539_492A,S1A_IW_SLC__1SDV_20260126T092548_20260126T092615_062936_07E539_492A.zip,primary,https://datapool.asf.alaska.edu/SLC/SA/S1A_IW_SLC__1SDV_20260126T092548_20260126T092615_062936_07E539_492A.zip,SLC,DESCENDING,39,62936,636,2026-01-26T09:25:48Z,2026-01-26T09:26:15Z,0.0 MB,C:\Users\jales\Documents\GitHub\thesis_code\downloads\sentinel1_asf\Sentinel-1A\S1A_IW_SLC__1SDV_20260126T092548_20260126T092615_062936_07E539_492A.zip,missing_auth
feature_0_part_1_split_1,0,Sentinel-1A,,SENTINEL-1,Sentinel-1A,S1A_IW_SLC__1SDV_20260126T092522_20260126T092550_062936_07E539_523D-SLC,S1A_IW_SLC__1SDV_20260126T092522_20260126T092550_062936_07E539_523D,S1A_IW_SLC__1SDV_20260126T092522_20260126T092550_062936_07E539_523D.zip,primary,https://datapool.asf.alaska.edu/SLC/SA/S1A_IW_SLC__1SDV_20260126T092522_20260126T092550_062936_07E539_523D.zip,SLC,DESCENDING,39,62936,631,2026-01-26T09:25:22Z,2026-01-26T09:25:50Z,0.0 MB,C:\Users\jales\Documents\GitHub\thesis_code\downloads\sentinel1_asf\Sentinel-1A\S1A_IW_SLC__1SDV_20260126T092522_20260126T092550_062936_07E539_523D.zip,missing_auth
feature_0_part_1_split_1,0,Sentinel-1A,,SENTINEL-1,Sentinel-1A,S1A_IW_SLC__1SDV_20260125T084629_20260125T084653_062921_07E4A7_4E90-SLC,S1A_IW_SLC__1SDV_20260125T084629_20260125T084653_062921_07E4A7_4E90,S1A_IW_SLC__1SDV_20260125T084629_20260125T084653_062921_07E4A7_4E90.zip,primary,https://datapool.asf.alaska.edu/SLC/SA/S1A_IW_SLC__1SDV_20260125T084629_20260125T084653_062921_07E4A7_4E90.zip,SLC,DESCENDING,24,62921,658,2026-01-25T08:46:29Z,2026-01-25T08:46:53Z,0.0 MB,C:\Users\jales\Documents\GitHub\thesis_code\downloads\sentinel1_asf\Sentinel-1A\S1A_IW_SLC__1SDV_20260125T084629_20260125T084653_062921_07E4A7_4E90.zip,missing_auth
feature_0_part_1_split_1,0,Sentinel-1A,,SENTINEL-1,Sentinel-1A,S1A_IW_SLC__1SDV_20260125T084604_20260125T084631_062921_07E4A7_AD16-SLC,S1A_IW_SLC__1SDV_20260125T084604_20260125T084631_062921_07E4A7_AD16,S1A_IW_SLC__1SDV_20260125T084604_20260125T084631_062921_07E4A7_AD16.zip,primary,https://datapool.asf.alaska.edu/SLC/SA/S1A_IW_SLC__1SDV_20260125T084604_20260125T084631_062921_07E4A7_AD16.zip,SLC,DESCENDING,24,62921,653,2026-01-25T08:46:04Z,2026-01-25T08:46:31Z,0.0 MB,C:\Users\jales\Documents\GitHub\thesis_code\downloads\sentinel1_asf\Sentinel-1A\S1A_IW_SLC__1SDV_20260125T084604_20260125T084631_062921_07E4A7_AD16.zip,missing_auth
feature_0_part_1_split_1,0,Sentinel-1A,,SENTINEL-1,Sentinel-1A,S1A_IW_SLC__1SDV_20260125T084538_20260125T084606_062921_07E4A7_BEB8-SLC,S1A_IW_SLC__1SDV_20260125T084538_20260125T084606_062921_07E4A7_BEB8,S1A_IW_SLC__1SDV_20260125T084538_20260125T084606_062921_07E4A7_BEB8.zip,primary,https://datapool.asf.alaska.edu/SLC/SA/S1A_IW_SLC__1SDV_20260125T084538_20260125T084606_062921_07E4A7_BEB8.zip,SLC,DESCENDING,24,62921,648,2026-01-25T08:45:38Z,2026-01-25T08:46:06Z,0.0 MB,C:\Users\jales\Documents\GitHub\thesis_code\downloads\sentinel1_asf\Sentinel-1A\S1A_IW_SLC__1SDV_20260125T084538_20260125T084606_062921_07E4A7_BEB8.zip,missing_auth
feature_0_part_1_split_1,0,Sentinel-1A,,SENTINEL-1,Sentinel-1A,S1A_IW_SLC__1SDV_20260125T084514_20260125T084541_062921_07E4A7_F4AF-SLC,S1A_IW_SLC__1SDV_20260125T084514_20260125T084541_062921_07E4A7_F4AF,S1A_IW_SLC__1SDV_20260125T084514_20260125T084541_062921_07E4A7_F4AF.zip,primary,https://datapool.asf.alaska.edu/SLC/SA/S1A_IW_SLC__1SDV_20260125T084514_20260125T084541_062921_07E4A7_F4AF.zip,SLC,DESCENDING,24,62921,643,2026-01-25T08:45:14Z,2026-01-25T08:45:41Z,0.0 MB,C:\Users\jales\Documents\GitHub\thesis_code\downloads\sentinel1_asf\Sentinel-1A\S1A_IW_SLC__1SDV_20260125T084514_20260125T084541_062921_07E4A7_F4AF.zip,missing_auth
feature_0_part_1_split_1,0,Sentinel-1A,,SENTINEL-1,Sentinel-1A,S1A_IW_SLC__1SDV_20260125T084449_20260125T084516_062921_07E4A7_C029-SLC,S1A_IW_SLC__1SDV_20260125T084449_20260125T084516_062921_07E4A7_C029,S1A_IW_SLC__1SDV_20260125T084449_20260125T084516_062921_07E4A7_C029.zip,primary,https://datapool.asf.alaska.edu/SLC/SA/S1A_IW_SLC__1SDV_20260125T084449_20260125T084516_062921_07E4A7_C029.zip,SLC,DESCENDING,24,62921,638,2026-01-25T08:44:49Z,2026-01-25T08:45:16Z,0.0 MB,C:\Users\jales\Documents\GitHub\thesis_code\downloads\sentinel1_asf\Sentinel-1A\S1A_IW_SLC__1SDV_20260125T084449_20260125T084516_062921_07E4A7_C029.zip,missing_auth
feature_0_part_1_split_1,0,Sentinel-1A,,SENTINEL-1,Sentinel-1A,S1A_IW_SLC__1SDV_20260125T084424_20260125T084451_062921_07E4A7_54B7-SLC,S1A_IW_SLC__1SDV_20260125T084424_20260125T084451_062921_07E4A7_54B7,S1A_IW_SLC__1SDV_20260125T084424_20260125T084451_062921_07E4A7_54B7.zip,primary,https://datapool.asf.alaska.edu/SLC/SA/S1A_IW_SLC__1SDV_20260125T084424_20260125T084451_062921_07E4A7_54B7.zip,SLC,DESCENDING,24,62921,633,2026-01-25T08:44:24Z,2026-01-25T08:44:51Z,0.0 MB,C:\Users\jales\Documents\GitHub\thesis_code\downloads\sentinel1_asf\Sentinel-1A\S1A_IW_SLC__1SDV_20260125T084424_20260125T084451_062921_07E4A7_54B7.zip,missing_auth
feature_0_part_1_split_1,0,Sentinel-1A,,SENTINEL-1,Sentinel-1A,S1A_IW_SLC__1SDV_20260125T084359_20260125T084426_062921_07E4A7_76D4-SLC,S1A_IW_SLC__1SDV_20260125T084359_20260125T084426_062921_07E4A7_76D4,S1A_IW_SLC__1SDV_20260125T084359_20260125T084426_062921_07E4A7_76D4.zip,primary,https://datapool.asf.alaska.edu/SLC/SA/S1A_IW_SLC__1SDV_20260125T084359_20260125T084426_062921_07E4A7_76D4.zip,SLC,DESCENDING,24,62921,628,2026-01-25T08:43:59Z,2026-01-25T08:44:26Z,0.0 MB,C:\Users\jales\Documents\GitHub\thesis_code\downloads\sentinel1_asf\Sentinel-1A\S1A_IW_SLC__1SDV_20260125T084359_20260125T084426_062921_07E4A7_76D4.zip,missing_auth
feature_0_part_1_split_1,0,Sentinel-1A,,SENTINEL-1,Sentinel-1A,S1A_IW_SLC__1SDV_20260125T084334_20260125T084401_062921_07E4A7_B235-SLC,S1A_IW_SLC__1SDV_20260125T084334_20260125T084401_062921_07E4A7_B235,S1A_IW_SLC__1SDV_20260125T084334_20260125T084401_062921_07E4A7_B235.zip,primary,https://datapool.asf.alaska.edu/SLC/SA/S1A_IW_SLC__1SDV_20260125T084334_20260125T084401_062921_07E4A7_B235.zip,SLC,DESCENDING,24,62921,623,2026-01-25T08:43:34Z,2026-01-25T08:44:01Z,0.0 MB,C:\Users\jales\Documents\GitHub\thesis_code\downloads\sentinel1_asf\Sentinel-1A\S1A_IW_SLC__1SDV_20260125T084334_20260125T084401_062921_07E4A7_B235.zip,missing_auth
feature_0_part_1_split_1,0,Sentinel-1A,,SENTINEL-1,Sentinel-1A,S1A_IW_SLC__1SDV_20260125T084309_20260125T084336_062921_07E4A7_4E48-SLC,S1A_IW_SLC__1SDV_20260125T084309_20260125T084336_062921_07E4A7_4E48,S1A_IW_SLC__1SDV_20260125T084309_20260125T084336_062921_07E4A7_4E48.zip,primary,https://datapool.asf.alaska.edu/SLC/SA/S1A_IW_SLC__1SDV_20260125T084309_20260125T084336_062921_07E4A7_4E48.zip,SLC,DESCENDING,24,62921,618,2026-01-25T08:43:09Z,2026-01-25T08:43:36Z,0.0 MB,C:\Users\jales\Documents\GitHub\thesis_code\downloads\sentinel1_asf\Sentinel-1A\S1A_IW_SLC__1SDV_20260125T084309_20260125T084336_062921_07E4A7_4E48.zip,missing_auth
feature_0_part_1_split_1,0,Sentinel-1A,,SENTINEL-1,Sentinel-1A,S1A_IW_SLC__1SDV_20260125T084244_20260125T084311_062921_07E4A7_B0AD-SLC,S1A_IW_SLC__1SDV_20260125T084244_20260125T084311_062921_07E4A7_B0AD,S1A_IW_SLC__1SDV_20260125T084244_20260125T084311_062921_07E4A7_B0AD.zip,primary,https://datapool.asf.alaska.edu/SLC/SA/S1A_IW_SLC__1SDV_20260125T084244_20260125T084311_062921_07E4A7_B0AD.zip,SLC,DESCENDING,24,62921,613,2026-01-25T08:42:44Z,2026-01-25T08:43:11Z,0.0 MB,C:\Users\jales\Documents\GitHub\thesis_code\downloads\sentinel1_asf\Sentinel-1A\S1A_IW_SLC__1SDV_20260125T084244_20260125T084311_062921_07E4A7_B0AD.zip,missing_auth
feature_0_part_1_split_1,0,Sentinel-1A,,SENTINEL-1,Sentinel-1A,S1A_IW_SLC__1SDV_20260125T084219_20260125T084246_062921_07E4A7_6863-SLC,S1A_IW_SLC__1SDV_20260125T084219_20260125T084246_062921_07E4A7_6863,S1A_IW_SLC__1SDV_20260125T084219_20260125T084246_062921_07E4A7_6863.zip,primary,https://datapool.asf.alaska.edu/SLC/SA/S1A_IW_SLC__1SDV_20260125T084219_20260125T084246_062921_07E4A7_6863.zip,SLC,DESCENDING,24,62921,608,2026-01-25T08:42:19Z,2026-01-25T08:42:46Z,0.0 MB,C:\Users\jales\Documents\GitHub\thesis_code\downloads\sentinel1_asf\Sentinel-1A\S1A_IW_SLC__1SDV_20260125T084219_20260125T084246_062921_07E4A7_6863.zip,missing_auth
feature_0_part_1_split_1,0,Sentinel-1A,,SENTINEL-1,Sentinel-1A,S1A_IW_SLC__1SDV_20260125T084154_20260125T084221_062921_07E4A7_BB53-SLC,S1A_IW_SLC__1SDV_20260125T084154_20260125T084221_062921_07E4A7_BB53,S1A_IW_SLC__1SDV_20260125T084154_20260125T084221_062921_07E4A7_BB53.zip,primary,https://datapool.asf.alaska.edu/SLC/SA/S1A_IW_SLC__1SDV_20260125T084154_20260125T084221_062921_07E4A7_BB53.zip,SLC,DESCENDING,24,62921,603,2026-01-25T08:41:54Z,2026-01-25T08:42:21Z,0.0 MB,C:\Users\jales\Documents\GitHub\thesis_code\downloads\sentinel1_asf\Sentinel-1A\S1A_IW_SLC__1SDV_20260125T084154_20260125T084221_062921_07E4A7_BB53.zip,missing_auth
feature_0_part_1_split_1,0,Sentinel-1A,,SENTINEL-1,Sentinel-1A,S1A_IW_SLC__1SDV_20260125T084129_20260125T084156_062921_07E4A7_1D29-SLC,S1A_IW_SLC__1SDV_20260125T084129_20260125T084156_062921_07E4A7_1D29,S1A_IW_SLC__1SDV_20260125T084129_20260125T084156_062921_07E4A7_1D29.zip,primary,https://datapool.asf.alaska.edu/SLC/SA/S1A_IW_SLC__1SDV_20260125T084129_20260125T084156_062921_07E4A7_1D29.zip,SLC,DESCENDING,24,62921,598,2026-01-25T08:41:29Z,2026-01-25T08:41:56Z,0.0 MB,C:\Users\jales\Documents\GitHub\thesis_code\downloads\sentinel1_asf\Sentinel-1A\S1A_IW_SLC__1SDV_20260125T084129_20260125T084156_062921_07E4A7_1D29.zip,missing_auth
feature_0_part_1_split_1,0,Sentinel-1A,,SENTINEL-1,Sentinel-1A,S1A_IW_SLC__1SDV_20260124T094151_20260124T094219_062907_07E42A_D1F4-SLC,S1A_IW_SLC__1SDV_20260124T094151_20260124T094219_062907_07E42A_D1F4,S1A_IW_SLC__1SDV_20260124T094151_20260124T094219_062907_07E42A_D1F4.zip,primary,https://datapool.asf.alaska.edu/SLC/SA/S1A_IW_SLC__1SDV_20260124T094151_20260124T094219_062907_07E42A_D1F4.zip,SLC,DESCENDING,10,62907,631,2026-01-24T09:41:51Z,2026-01-24T09:42:19Z,0.0 MB,C:\Users\jales\Documents\GitHub\thesis_code\downloads\sentinel1_asf\Sentinel-1A\S1A_IW_SLC__1SDV_20260124T094151_20260124T094219_062907_07E42A_D1F4.zip,missing_auth
feature_0_part_1_split_1,0,Sentinel-1A,,SENTINEL-1,Sentinel-1A,S1A_IW_SLC__1SDV_20260123T211638_20260123T211708_062899_07E3DC_D7E4-SLC,S1A_IW_SLC__1SDV_20260123T211638_20260123T211708_062899_07E3DC_D7E4,S1A_IW_SLC__1SDV_20260123T211638_20260123T211708_062899_07E3DC_D7E4.zip,primary,https://datapool.asf.alaska.edu/SLC/SA/S1A_IW_SLC__1SDV_20260123T211638_20260123T211708_062899_07E3DC_D7E4.zip,SLC,ASCENDING,2,62899,1168,2026-01-23T21:16:38Z,2026-01-23T21:17:08Z,0.0 MB,C:\Users\jales\Documents\GitHub\thesis_code\downloads\sentinel1_asf\Sentinel-1A\S1A_IW_SLC__1SDV_20260123T211638_20260123T211708_062899_07E3DC_D7E4.zip,missing_auth
feature_0_part_1_split_1,0,Sentinel-1A,,SENTINEL-1,Sentinel-1A,S1A_IW_SLC__1SDV_20260123T090241_20260123T090305_062892_07E392_5B96-SLC,S1A_IW_SLC__1SDV_20260123T090241_20260123T090305_062892_07E392_5B96,S1A_IW_SLC__1SDV_20260123T090241_20260123T090305_062892_07E392_5B96.zip,primary,https://datapool.asf.alaska.edu/SLC/SA/S1A_IW_SLC__1SDV_20260123T090241_20260123T090305_062892_07E392_5B96.zip,SLC,DESCENDING,170,62892,655,2026-01-23T09:02:41Z,2026-01-23T09:03:05Z,0.0 MB,C:\Users\jales\Documents\GitHub\thesis_code\downloads\sentinel1_asf\Sentinel-1A\S1A_IW_SLC__1SDV_20260123T090241_20260123T090305_062892_07E392_5B96.zip,missing_auth
feature_0_part_1_split_1,0,Sentinel-1A,,SENTINEL-1,Sentinel-1A,S1A_IW_SLC__1SDV_20260123T090216_20260123T090243_062892_07E392_9B9B-SLC,S1A_IW_SLC__1SDV_20260123T090216_20260123T090243_062892_07E392_9B9B,S1A_IW_SLC__1SDV_20260123T090216_20260123T090243_062892_07E392_9B9B.zip,primary,https://datapool.asf.alaska.edu/SLC/SA/S1A_IW_SLC__1SDV_20260123T090216_20260123T090243_062892_07E392_9B9B.zip,SLC,DESCENDING,170,62892,650,2026-01-23T09:02:16Z,2026-01-23T09:02:43Z,0.0 MB,C:\Users\jales\Documents\GitHub\thesis_code\downloads\sentinel1_asf\Sentinel-1A\S1A_IW_SLC__1SDV_20260123T090216_20260123T090243_062892_07E392_9B9B.zip,missing_auth
feature_0_part_1_split_1,0,Sentinel-1A,,SENTINEL-1,Sentinel-1A,S1A_IW_SLC__1SDV_20260123T090151_20260123T090219_062892_07E392_B6A4-SLC,S1A_IW_SLC__1SDV_20260123T090151_20260123T090219_062892_07E392_B6A4,S1A_IW_SLC__1SDV_20260123T090151_20260123T090219_062892_07E392_B6A4.zip,primary,https://datapool.asf.alaska.edu/SLC/SA/S1A_IW_SLC__1SDV_20260123T090151_20260123T090219_062892_07E392_B6A4.zip,SLC,DESCENDING,170,62892,645,2026-01-23T09:01:51Z,2026-01-23T09:02:19Z,0.0 MB,C:\Users\jales\Documents\GitHub\thesis_code\downloads\sentinel1_asf\Sentinel-1A\S1A_IW_SLC__1SDV_20260123T090151_20260123T090219_062892_07E392_B6A4.zip,missing_auth
feature_0_part_1_split_1,0,Sentinel-1A,,SENTINEL-1,Sentinel-1A,S1A_IW_SLC__1SDV_20260123T090126_20260123T090153_062892_07E392_B127-SLC,S1A_IW_SLC__1SDV_20260123T090126_20260123T090153_062892_07E392_B127,S1A_IW_SLC__1SDV_20260123T090126_20260123T090153_062892_07E392_B127.zip,primary,https://datapool.asf.alaska.edu/SLC/SA/S1A_IW_SLC__1SDV_20260123T090126_20260123T090153_062892_07E392_B127.zip,SLC,DESCENDING,170,62892,640,2026-01-23T09:01:26Z,2026-01-23T09:01:53Z,0.0 MB,C:\Users\jales\Documents\GitHub\thesis_code\downloads\sentinel1_asf\Sentinel-1A\S1A_IW_SLC__1SDV_20260123T090126_20260123T090153_062892_07E392_B127.zip,missing_auth
feature_0_part_1_split_1,0,Sentinel-1A,,SENTINEL-1,Sentinel-1A,S1A_IW_SLC__1SDV_20260123T090101_20260123T090128_062892_07E392_274A-SLC,S1A_IW_SLC__1SDV_20260123T090101_20260123T090128_062892_07E392_274A,S1A_IW_SLC__1SDV_20260123T090101_20260123T090128_062892_07E392_274A.zip,primary,https://datapool.asf.alaska.edu/SLC/SA/S1A_IW_SLC__1SDV_20260123T090101_20260123T090128_062892_07E392_274A.zip,SLC,DESCENDING,170,62892,635,2026-01-23T09:01:01Z,2026-01-23T09:01:28Z,0.0 MB,C:\Users\jales\Documents\GitHub\thesis_code\downloads\sentinel1_asf\Sentinel-1A\S1A_IW_SLC__1SDV_20260123T090101_20260123T090128_062892_07E392_274A.zip,missing_auth
feature_0_part_1_split_1,0,Sentinel-1A,,SENTINEL-1,Sentinel-1A,S1A_IW_SLC__1SDV_20260123T090036_20260123T090103_062892_07E392_C06F-SLC,S1A_IW_SLC__1SDV_20260123T090036_20260123T090103_062892_07E392_C06F,S1A_IW_SLC__1SDV_20260123T090036_20260123T090103_062892_07E392_C06F.zip,primary,https://datapool.asf.alaska.edu/SLC/SA/S1A_IW_SLC__1SDV_20260123T090036_20260123T090103_062892_07E392_C06F.zip,SLC,DESCENDING,170,62892,630,2026-01-23T09:00:36Z,2026-01-23T09:01:03Z,0.0 MB,C:\Users\jales\Documents\GitHub\thesis_code\downloads\sentinel1_asf\Sentinel-1A\S1A_IW_SLC__1SDV_20260123T090036_20260123T090103_062892_07E392_C06F.zip,missing_auth
feature_0_part_1_split_1,0,Sentinel-1A,,SENTINEL-1,Sentinel-1A,S1A_IW_SLC__1SDV_20260123T090011_20260123T090038_062892_07E392_6DAF-SLC,S1A_IW_SLC__1SDV_20260123T090011_20260123T090038_062892_07E392_6DAF,S1A_IW_SLC__1SDV_20260123T090011_20260123T090038_062892_07E392_6DAF.zip,primary,https://datapool.asf.alaska.edu/SLC/SA/S1A_IW_SLC__1SDV_20260123T090011_20260123T090038_062892_07E392_6DAF.zip,SLC,DESCENDING,170,62892,625,2026-01-23T09:00:11Z,2026-01-23T09:00:38Z,0.0 MB,C:\Users\jales\Documents\GitHub\thesis_code\downloads\sentinel1_asf\Sentinel-1A\S1A_IW_SLC__1SDV_20260123T090011_20260123T090038_062892_07E392_6DAF.zip,missing_auth
feature_0_part_1_split_1,0,Sentinel-1A,,SENTINEL-1,Sentinel-1A,S1A_IW_SLC__1SDV_20260123T085947_20260123T090013_062892_07E392_E6FD-SLC,S1A_IW_SLC__1SDV_20260123T085947_20260123T090013_062892_07E392_E6FD,S1A_IW_SLC__1SDV_20260123T085947_20260123T090013_062892_07E392_E6FD.zip,primary,https://datapool.asf.alaska.edu/SLC/SA/S1A_IW_SLC__1SDV_20260123T085947_20260123T090013_062892_07E392_E6FD.zip,SLC,DESCENDING,170,62892,620,2026-01-23T08:59:47Z,2026-01-23T09:00:13Z,0.0 MB,C:\Users\jales\Documents\GitHub\thesis_code\downloads\sentinel1_asf\Sentinel-1A\S1A_IW_SLC__1SDV_20260123T085947_20260123T090013_062892_07E392_E6FD.zip,missing_auth
feature_0_part_1_split_1,0,Sentinel-1A,,SENTINEL-1,Sentinel-1A,S1A_IW_SLC__1SDV_20260123T085921_20260123T085949_062892_07E392_D3C9-SLC,S1A_IW_SLC__1SDV_20260123T085921_20260123T085949_062892_07E392_D3C9,S1A_IW_SLC__1SDV_20260123T085921_20260123T085949_062892_07E392_D3C9.zip,primary,https://datapool.asf.alaska.edu/SLC/SA/S1A_IW_SLC__1SDV_20260123T085921_20260123T085949_062892_07E392_D3C9.zip,SLC,DESCENDING,170,62892,615,2026-01-23T08:59:21Z,2026-01-23T08:59:49Z,0.0 MB,C:\Users\jales\Documents\GitHub\thesis_code\downloads\sentinel1_asf\Sentinel-1A\S1A_IW_SLC__1SDV_20260123T085921_20260123T085949_062892_07E392_D3C9.zip,missing_auth
feature_0_part_1_split_1,0,Sentinel-1A,,SENTINEL-1,Sentinel-1A,S1A_IW_SLC__1SDV_20260122T082101_20260122T082116_062877_07E324_41A8-SLC,S1A_IW_SLC__1SDV_20260122T082101_20260122T082116_062877_07E324_41A8,S1A_IW_SLC__1SDV_20260122T082101_20260122T082116_062877_07E324_41A8.zip,primary,https://datapool.asf.alaska.edu/SLC/SA/S1A_IW_SLC__1SDV_20260122T082101_20260122T082116_062877_07E324_41A8.zip,SLC,DESCENDING,155,62877,648,2026-01-22T08:21:01Z,2026-01-22T08:21:16Z,0.0 MB,C:\Users\jales\Documents\GitHub\thesis_code\downloads\sentinel1_asf\Sentinel-1A\S1A_IW_SLC__1SDV_20260122T082101_20260122T082116_062877_07E324_41A8.zip,missing_auth
feature_0_part_1_split_1,0,Sentinel-1A,,SENTINEL-1,Sentinel-1A,S1A_IW_SLC__1SDV_20260122T082037_20260122T082104_062877_07E324_C215-SLC,S1A_IW_SLC__1SDV_20260122T082037_20260122T082104_062877_07E324_C215,S1A_IW_SLC__1SDV_20260122T082037_20260122T082104_062877_07E324_C215.zip,primary,https://datapool.asf.alaska.edu/SLC/SA/S1A_IW_SLC__1SDV_20260122T082037_20260122T082104_062877_07E324_C215.zip,SLC,DESCENDING,155,62877,643,2026-01-22T08:20:37Z,2026-01-22T08:21:04Z,0.0 MB,C:\Users\jales\Documents\GitHub\thesis_code\downloads\sentinel1_asf\Sentinel-1A\S1A_IW_SLC__1SDV_20260122T082037_20260122T082104_062877_07E324_C215.zip,missing_auth
feature_0_part_1_split_1,0,Sentinel-1A,,SENTINEL-1,Sentinel-1A,S1A_IW_SLC__1SDV_20260122T082012_20260122T082039_062877_07E324_FD68-SLC,S1A_IW_SLC__1SDV_20260122T082012_20260122T082039_062877_07E324_FD68,S1A_IW_SLC__1SDV_20260122T082012_20260122T082039_062877_07E324_FD68.zip,primary,https://datapool.asf.alaska.edu/SLC/SA/S1A_IW_SLC__1SDV_20260122T082012_20260122T082039_062877_07E324_FD68.zip,SLC,DESCENDING,155,62877,638,2026-01-22T08:20:12Z,2026-01-22T08:20:39Z,0.0 MB,C:\Users\jales\Documents\GitHub\thesis_code\downloads\sentinel1_asf\Sentinel-1A\S1A_IW_SLC__1SDV_20260122T082012_20260122T082039_062877_07E324_FD68.zip,missing_auth
feature_0_part_1_split_1,0,Sentinel-1A,,SENTINEL-1,Sentinel-1A,S1A_IW_SLC__1SDV_20260121T091920_20260121T091941_062863_07E2B8_F423-SLC,S1A_IW_SLC__1SDV_20260121T091920_20260121T091941_062863_07E2B8_F423,S1A_IW_SLC__1SDV_20260121T091920_20260121T091941_062863_07E2B8_F423.zip,primary,https://datapool.asf.alaska.edu/SLC/SA/S1A_IW_SLC__1SDV_20260121T091920_20260121T091941_062863_07E2B8_F423.zip,SLC,DESCENDING,141,62863,657,2026-01-21T09:19:20Z,2026-01-21T09:19:41Z,0.0 MB,C:\Users\jales\Documents\GitHub\thesis_code\downloads\sentinel1_asf\Sentinel-1A\S1A_IW_SLC__1SDV_20260121T091920_20260121T091941_062863_07E2B8_F423.zip,missing_auth
feature_0_part_1_split_1,0,Sentinel-1A,,SENTINEL-1,Sentinel-1A,S1A_IW_SLC__1SDV_20260121T091830_20260121T091857_062863_07E2B8_6884-SLC,S1A_IW_SLC__1SDV_20260121T091830_20260121T091857_062863_07E2B8_6884,S1A_IW_SLC__1SDV_20260121T091830_20260121T091857_062863_07E2B8_6884.zip,primary,https://datapool.asf.alaska.edu/SLC/SA/S1A_IW_SLC__1SDV_20260121T091830_20260121T091857_062863_07E2B8_6884.zip,SLC,DESCENDING,141,62863,647,2026-01-21T09:18:30Z,2026-01-21T09:18:57Z,0.0 MB,C:\Users\jales\Documents\GitHub\thesis_code\downloads\sentinel1_asf\Sentinel-1A\S1A_IW_SLC__1SDV_20260121T091830_20260121T091857_062863_07E2B8_6884.zip,missing_auth
feature_0_part_1_split_1,0,Sentinel-1A,,SENTINEL-1,Sentinel-1A,S1A_IW_SLC__1SDV_20260121T091805_20260121T091832_062863_07E2B8_158C-SLC,S1A_IW_SLC__1SDV_20260121T091805_20260121T091832_062863_07E2B8_158C,S1A_IW_SLC__1SDV_20260121T091805_20260121T091832_062863_07E2B8_158C.zip,primary,https://datapool.asf.alaska.edu/SLC/SA/S1A_IW_SLC__1SDV_20260121T091805_20260121T091832_062863_07E2B8_158C.zip,SLC,DESCENDING,141,62863,642,2026-01-21T09:18:05Z,2026-01-21T09:18:32Z,0.0 MB,C:\Users\jales\Documents\GitHub\thesis_code\downloads\sentinel1_asf\Sentinel-1A\S1A_IW_SLC__1SDV_20260121T091805_20260121T091832_062863_07E2B8_158C.zip,missing_auth
feature_0_part_1_split_1,0,Sentinel-1A,,SENTINEL-1,Sentinel-1A,S1A_IW_SLC__1SDV_20260121T091740_20260121T091807_062863_07E2B8_5658-SLC,S1A_IW_SLC__1SDV_20260121T091740_20260121T091807_062863_07E2B8_5658,S1A_IW_SLC__1SDV_20260121T091740_20260121T091807_062863_07E2B8_5658.zip,primary,https://datapool.asf.alaska.edu/SLC/SA/S1A_IW_SLC__1SDV_20260121T091740_20260121T091807_062863_07E2B8_5658.zip,SLC,DESCENDING,141,62863,637,2026-01-21T09:17:40Z,2026-01-21T09:18:07Z,0.0 MB,C:\Users\jales\Documents\GitHub\thesis_code\downloads\sentinel1_asf\Sentinel-1A\S1A_IW_SLC__1SDV_20260121T091740_20260121T091807_062863_07E2B8_5658.zip,missing_auth
feature_0_part_1_split_1,0,Sentinel-1A,,SENTINEL-1,Sentinel-1A,S1A_IW_SLC__1SDV_20260121T091715_20260121T091743_062863_07E2B8_9791-SLC,S1A_IW_SLC__1SDV_20260121T091715_20260121T091743_062863_07E2B8_9791,S1A_IW_SLC__1SDV_20260121T091715_20260121T091743_062863_07E2B8_9791.zip,primary,https://datapool.asf.alaska.edu/SLC/SA/S1A_IW_SLC__1SDV_20260121T091715_20260121T091743_062863_07E2B8_9791.zip,SLC,DESCENDING,141,62863,632,2026-01-21T09:17:15Z,2026-01-21T09:17:43Z,0.0 MB,C:\Users\jales\Documents\GitHub\thesis_code\downloads\sentinel1_asf\Sentinel-1A\S1A_IW_SLC__1SDV_20260121T091715_20260121T091743_062863_07E2B8_9791.zip,missing_auth
feature_0_part_1_split_1,0,Sentinel-1A,,SENTINEL-1,Sentinel-1A,S1A_IW_SLC__1SDV_20260115T082839_20260115T082853_062775_07DF7C_F0E3-SLC,S1A_IW_SLC__1SDV_20260115T082839_20260115T082853_062775_07DF7C_F0E3,S1A_IW_SLC__1SDV_20260115T082839_20260115T082853_062775_07DF7C_F0E3.zip,primary,https://datapool.asf.alaska.edu/SLC/SA/S1A_IW_SLC__1SDV_20260115T082839_20260115T082853_062775_07DF7C_F0E3.zip,SLC,DESCENDING,53,62775,641,2026-01-15T08:28:39Z,2026-01-15T08:28:53Z,0.0 MB,C:\Users\jales\Documents\GitHub\thesis_code\downloads\sentinel1_asf\Sentinel-1A\S1A_IW_SLC__1SDV_20260115T082839_20260115T082853_062775_07DF7C_F0E3.zip,missing_auth
feature_0_part_1_split_1,0,Sentinel-1A,,SENTINEL-1,Sentinel-1A,S1A_IW_SLC__1SDV_20260115T082815_20260115T082841_062775_07DF7C_07DA-SLC,S1A_IW_SLC__1SDV_20260115T082815_20260115T082841_062775_07DF7C_07DA,S1A_IW_SLC__1SDV_20260115T082815_20260115T082841_062775_07DF7C_07DA.zip,primary,https://datapool.asf.alaska.edu/SLC/SA/S1A_IW_SLC__1SDV_20260115T082815_20260115T082841_062775_07DF7C_07DA.zip,SLC,DESCENDING,53,62775,636,2026-01-15T08:28:15Z,2026-01-15T08:28:41Z,0.0 MB,C:\Users\jales\Documents\GitHub\thesis_code\downloads\sentinel1_asf\Sentinel-1A\S1A_IW_SLC__1SDV_20260115T082815_20260115T082841_062775_07DF7C_07DA.zip,missing_auth
feature_0_part_1_split_1,0,Sentinel-1A,,SENTINEL-1,Sentinel-1A,S1A_IW_SLC__1SDV_20260115T082749_20260115T082817_062775_07DF7C_6835-SLC,S1A_IW_SLC__1SDV_20260115T082749_20260115T082817_062775_07DF7C_6835,S1A_IW_SLC__1SDV_20260115T082749_20260115T082817_062775_07DF7C_6835.zip,primary,https://datapool.asf.alaska.edu/SLC/SA/S1A_IW_SLC__1SDV_20260115T082749_20260115T082817_062775_07DF7C_6835.zip,SLC,DESCENDING,53,62775,631,2026-01-15T08:27:49Z,2026-01-15T08:28:17Z,0.0 MB,C:\Users\jales\Documents\GitHub\thesis_code\downloads\sentinel1_asf\Sentinel-1A\S1A_IW_SLC__1SDV_20260115T082749_20260115T082817_062775_07DF7C_6835.zip,missing_auth
feature_0_part_1_split_1,0,Sentinel-1A,,SENTINEL-1,Sentinel-1A,S1A_IW_SLC__1SDV_20260115T082634_20260115T082701_062775_07DF7C_CD0E-SLC,S1A_IW_SLC__1SDV_20260115T082634_20260115T082701_062775_07DF7C_CD0E,S1A_IW_SLC__1SDV_20260115T082634_20260115T082701_062775_07DF7C_CD0E.zip,primary,https://datapool.asf.alaska.edu/SLC/SA/S1A_IW_SLC__1SDV_20260115T082634_20260115T082701_062775_07DF7C_CD0E.zip,SLC,DESCENDING,53,62775,616,2026-01-15T08:26:34Z,2026-01-15T08:27:01Z,0.0 MB,C:\Users\jales\Documents\GitHub\thesis_code\downloads\sentinel1_asf\Sentinel-1A\S1A_IW_SLC__1SDV_20260115T082634_20260115T082701_062775_07DF7C_CD0E.zip,missing_auth
feature_0_part_1_split_1,0,Sentinel-1A,,SENTINEL-1,Sentinel-1A,S1A_IW_SLC__1SDV_20260115T082609_20260115T082636_062775_07DF7C_653D-SLC,S1A_IW_SLC__1SDV_20260115T082609_20260115T082636_062775_07DF7C_653D,S1A_IW_SLC__1SDV_20260115T082609_20260115T082636_062775_07DF7C_653D.zip,primary,https://datapool.asf.alaska.edu/SLC/SA/S1A_IW_SLC__1SDV_20260115T082609_20260115T082636_062775_07DF7C_653D.zip,SLC,DESCENDING,53,62775,611,2026-01-15T08:26:09Z,2026-01-15T08:26:36Z,0.0 MB,C:\Users\jales\Documents\GitHub\thesis_code\downloads\sentinel1_asf\Sentinel-1A\S1A_IW_SLC__1SDV_20260115T082609_20260115T082636_062775_07DF7C_653D.zip,missing_auth
feature_0_part_1_split_1,0,Sentinel-1A,,SENTINEL-1,Sentinel-1A,S1A_IW_SLC__1SDV_20260115T082544_20260115T082612_062775_07DF7C_0767-SLC,S1A_IW_SLC__1SDV_20260115T082544_20260115T082612_062775_07DF7C_0767,S1A_IW_SLC__1SDV_20260115T082544_20260115T082612_062775_07DF7C_0767.zip,primary,https://datapool.asf.alaska.edu/SLC/SA/S1A_IW_SLC__1SDV_20260115T082544_20260115T082612_062775_07DF7C_0767.zip,SLC,DESCENDING,53,62775,606,2026-01-15T08:25:44Z,2026-01-15T08:26:12Z,0.0 MB,C:\Users\jales\Documents\GitHub\thesis_code\downloads\sentinel1_asf\Sentinel-1A\S1A_IW_SLC__1SDV_20260115T082544_20260115T082612_062775_07DF7C_0767.zip,missing_auth
feature_0_part_1_split_1,0,Sentinel-1A,,SENTINEL-1,Sentinel-1A,S1A_IW_SLC__1SDV_20260115T082516_20260115T082546_062775_07DF7C_C4B4-SLC,S1A_IW_SLC__1SDV_20260115T082516_20260115T082546_062775_07DF7C_C4B4,S1A_IW_SLC__1SDV_20260115T082516_20260115T082546_062775_07DF7C_C4B4.zip,primary,https://datapool.asf.alaska.edu/SLC/SA/S1A_IW_SLC__1SDV_20260115T082516_20260115T082546_062775_07DF7C_C4B4.zip,SLC,DESCENDING,53,62775,600,2026-01-15T08:25:16Z,2026-01-15T08:25:46Z,0.0 MB,C:\Users\jales\Documents\GitHub\thesis_code\downloads\sentinel1_asf\Sentinel-1A\S1A_IW_SLC__1SDV_20260115T082516_20260115T082546_062775_07DF7C_C4B4.zip,missing_auth
feature_0_part_1_split_1,0,Sentinel-1A,,SENTINEL-1,Sentinel-1A,S1A_IW_SLC__1SDV_20260114T092638_20260114T092711_062761_07DEE6_6EFB-SLC,S1A_IW_SLC__1SDV_20260114T092638_20260114T092711_062761_07DEE6_6EFB,S1A_IW_SLC__1SDV_20260114T092638_20260114T092711_062761_07DEE6_6EFB.zip,primary,https://datapool.asf.alaska.edu/SLC/SA/S1A_IW_SLC__1SDV_20260114T092638_20260114T092711_062761_07DEE6_6EFB.zip,SLC,DESCENDING,39,62761,646,2026-01-14T09:26:38Z,2026-01-14T09:27:11Z,0.0 MB,C:\Users\jales\Documents\GitHub\thesis_code\downloads\sentinel1_asf\Sentinel-1A\S1A_IW_SLC__1SDV_20260114T092638_20260114T092711_062761_07DEE6_6EFB.zip,missing_auth
feature_0_part_1_split_1,0,Sentinel-1A,,SENTINEL-1,Sentinel-1A,S1A_IW_SLC__1SDV_20260114T092613_20260114T092641_062761_07DEE6_B6D7-SLC,S1A_IW_SLC__1SDV_20260114T092613_20260114T092641_062761_07DEE6_B6D7,S1A_IW_SLC__1SDV_20260114T092613_20260114T092641_062761_07DEE6_B6D7.zip,primary,https://datapool.asf.alaska.edu/SLC/SA/S1A_IW_SLC__1SDV_20260114T092613_20260114T092641_062761_07DEE6_B6D7.zip,SLC,DESCENDING,39,62761,641,2026-01-14T09:26:13Z,2026-01-14T09:26:41Z,0.0 MB,C:\Users\jales\Documents\GitHub\thesis_code\downloads\sentinel1_asf\Sentinel-1A\S1A_IW_SLC__1SDV_20260114T092613_20260114T092641_062761_07DEE6_B6D7.zip,missing_auth
feature_0_part_1_split_1,0,Sentinel-1A,,SENTINEL-1,Sentinel-1A,S1A_IW_SLC__1SDV_20260114T092549_20260114T092616_062761_07DEE6_2E81-SLC,S1A_IW_SLC__1SDV_20260114T092549_20260114T092616_062761_07DEE6_2E81,S1A_IW_SLC__1SDV_20260114T092549_20260114T092616_062761_07DEE6_2E81.zip,primary,https://datapool.asf.alaska.edu/SLC/SA/S1A_IW_SLC__1SDV_20260114T092549_20260114T092616_062761_07DEE6_2E81.zip,SLC,DESCENDING,39,62761,636,2026-01-14T09:25:49Z,2026-01-14T09:26:16Z,0.0 MB,C:\Users\jales\Documents\GitHub\thesis_code\downloads\sentinel1_asf\Sentinel-1A\S1A_IW_SLC__1SDV_20260114T092549_20260114T092616_062761_07DEE6_2E81.zip,missing_auth
feature_0_part_1_split_1,0,Sentinel-1A,,SENTINEL-1,Sentinel-1A,S1A_IW_SLC__1SDV_20260114T092523_20260114T092551_062761_07DEE6_9E42-SLC,S1A_IW_SLC__1SDV_20260114T092523_20260114T092551_062761_07DEE6_9E42,S1A_IW_SLC__1SDV_20260114T092523_20260114T092551_062761_07DEE6_9E42.zip,primary,https://datapool.asf.alaska.edu/SLC/SA/S1A_IW_SLC__1SDV_20260114T092523_20260114T092551_062761_07DEE6_9E42.zip,SLC,DESCENDING,39,62761,631,2026-01-14T09:25:23Z,2026-01-14T09:25:51Z,0.0 MB,C:\Users\jales\Documents\GitHub\thesis_code\downloads\sentinel1_asf\Sentinel-1A\S1A_IW_SLC__1SDV_20260114T092523_20260114T092551_062761_07DEE6_9E42.zip,missing_auth
feature_0_part_1_split_1,0,Sentinel-1A,,SENTINEL-1,Sentinel-1A,S1A_IW_SLC__1SDV_20260113T084630_20260113T084655_062746_07DE58_51E7-SLC,S1A_IW_SLC__1SDV_20260113T084630_20260113T084655_062746_07DE58_51E7,S1A_IW_SLC__1SDV_20260113T084630_20260113T084655_062746_07DE58_51E7.zip,primary,https://datapool.asf.alaska.edu/SLC/SA/S1A_IW_SLC__1SDV_20260113T084630_20260113T084655_062746_07DE58_51E7.zip,SLC,DESCENDING,24,62746,658,2026-01-13T08:46:30Z,2026-01-13T08:46:55Z,0.0 MB,C:\Users\jales\Documents\GitHub\thesis_code\downloads\sentinel1_asf\Sentinel-1A\S1A_IW_SLC__1SDV_20260113T084630_20260113T084655_062746_07DE58_51E7.zip,missing_auth
feature_0_part_1_split_1,0,Sentinel-1A,,SENTINEL-1,Sentinel-1A,S1A_IW_SLC__1SDV_20260113T084605_20260113T084632_062746_07DE58_0DE4-SLC,S1A_IW_SLC__1SDV_20260113T084605_20260113T084632_062746_07DE58_0DE4,S1A_IW_SLC__1SDV_20260113T084605_20260113T084632_062746_07DE58_0DE4.zip,primary,https://datapool.asf.alaska.edu/SLC/SA/S1A_IW_SLC__1SDV_20260113T084605_20260113T084632_062746_07DE58_0DE4.zip,SLC,DESCENDING,24,62746,653,2026-01-13T08:46:05Z,2026-01-13T08:46:32Z,0.0 MB,C:\Users\jales\Documents\GitHub\thesis_code\downloads\sentinel1_asf\Sentinel-1A\S1A_IW_SLC__1SDV_20260113T084605_20260113T084632_062746_07DE58_0DE4.zip,missing_auth
feature_0_part_1_split_1,0,Sentinel-1A,,SENTINEL-1,Sentinel-1A,S1A_IW_SLC__1SDV_20260113T084540_20260113T084608_062746_07DE58_1884-SLC,S1A_IW_SLC__1SDV_20260113T084540_20260113T084608_062746_07DE58_1884,S1A_IW_SLC__1SDV_20260113T084540_20260113T084608_062746_07DE58_1884.zip,primary,https://datapool.asf.alaska.edu/SLC/SA/S1A_IW_SLC__1SDV_20260113T084540_20260113T084608_062746_07DE58_1884.zip,SLC,DESCENDING,24,62746,648,2026-01-13T08:45:40Z,2026-01-13T08:46:08Z,0.0 MB,C:\Users\jales\Documents\GitHub\thesis_code\downloads\sentinel1_asf\Sentinel-1A\S1A_IW_SLC__1SDV_20260113T084540_20260113T084608_062746_07DE58_1884.zip,missing_auth
feature_0_part_1_split_1,0,Sentinel-1A,,SENTINEL-1,Sentinel-1A,S1A_IW_SLC__1SDV_20260113T084515_20260113T084542_062746_07DE58_5834-SLC,S1A_IW_SLC__1SDV_20260113T084515_20260113T084542_062746_07DE58_5834,S1A_IW_SLC__1SDV_20260113T084515_20260113T084542_062746_07DE58_5834.zip,primary,https://datapool.asf.alaska.edu/SLC/SA/S1A_IW_SLC__1SDV_20260113T084515_20260113T084542_062746_07DE58_5834.zip,SLC,DESCENDING,24,62746,643,2026-01-13T08:45:15Z,2026-01-13T08:45:42Z,0.0 MB,C:\Users\jales\Documents\GitHub\thesis_code\downloads\sentinel1_asf\Sentinel-1A\S1A_IW_SLC__1SDV_20260113T084515_20260113T084542_062746_07DE58_5834.zip,missing_auth
feature_0_part_1_split_1,0,Sentinel-1A,,SENTINEL-1,Sentinel-1A,S1A_IW_SLC__1SDV_20260113T084450_20260113T084517_062746_07DE58_BEA8-SLC,S1A_IW_SLC__1SDV_20260113T084450_20260113T084517_062746_07DE58_BEA8,S1A_IW_SLC__1SDV_20260113T084450_20260113T084517_062746_07DE58_BEA8.zip,primary,https://datapool.asf.alaska.edu/SLC/SA/S1A_IW_SLC__1SDV_20260113T084450_20260113T084517_062746_07DE58_BEA8.zip,SLC,DESCENDING,24,62746,638,2026-01-13T08:44:50Z,2026-01-13T08:45:17Z,0.0 MB,C:\Users\jales\Documents\GitHub\thesis_code\downloads\sentinel1_asf\Sentinel-1A\S1A_IW_SLC__1SDV_20260113T084450_20260113T084517_062746_07DE58_BEA8.zip,missing_auth
feature_0_part_1_split_1,0,Sentinel-1A,,SENTINEL-1,Sentinel-1A,S1A_IW_SLC__1SDV_20260113T084425_20260113T084452_062746_07DE58_8D06-SLC,S1A_IW_SLC__1SDV_20260113T084425_20260113T084452_062746_07DE58_8D06,S1A_IW_SLC__1SDV_20260113T084425_20260113T084452_062746_07DE58_8D06.zip,primary,https://datapool.asf.alaska.edu/SLC/SA/S1A_IW_SLC__1SDV_20260113T084425_20260113T084452_062746_07DE58_8D06.zip,SLC,DESCENDING,24,62746,633,2026-01-13T08:44:25Z,2026-01-13T08:44:52Z,0.0 MB,C:\Users\jales\Documents\GitHub\thesis_code\downloads\sentinel1_asf\Sentinel-1A\S1A_IW_SLC__1SDV_20260113T084425_20260113T084452_062746_07DE58_8D06.zip,missing_auth
feature_0_part_1_split_1,0,Sentinel-1A,,SENTINEL-1,Sentinel-1A,S1A_IW_SLC__1SDV_20260113T084400_20260113T084427_062746_07DE58_8A32-SLC,S1A_IW_SLC__1SDV_20260113T084400_20260113T084427_062746_07DE58_8A32,S1A_IW_SLC__1SDV_20260113T084400_20260113T084427_062746_07DE58_8A32.zip,primary,https://datapool.asf.alaska.edu/SLC/SA/S1A_IW_SLC__1SDV_20260113T084400_20260113T084427_062746_07DE58_8A32.zip,SLC,DESCENDING,24,62746,628,2026-01-13T08:44:00Z,2026-01-13T08:44:27Z,0.0 MB,C:\Users\jales\Documents\GitHub\thesis_code\downloads\sentinel1_asf\Sentinel-1A\S1A_IW_SLC__1SDV_20260113T084400_20260113T084427_062746_07DE58_8A32.zip,missing_auth
feature_0_part_1_split_1,0,Sentinel-1A,,SENTINEL-1,Sentinel-1A,S1A_IW_SLC__1SDV_20260113T084336_20260113T084403_062746_07DE58_D6C3-SLC,S1A_IW_SLC__1SDV_20260113T084336_20260113T084403_062746_07DE58_D6C3,S1A_IW_SLC__1SDV_20260113T084336_20260113T084403_062746_07DE58_D6C3.zip,primary,https://datapool.asf.alaska.edu/SLC/SA/S1A_IW_SLC__1SDV_20260113T084336_20260113T084403_062746_07DE58_D6C3.zip,SLC,DESCENDING,24,62746,623,2026-01-13T08:43:36Z,2026-01-13T08:44:03Z,0.0 MB,C:\Users\jales\Documents\GitHub\thesis_code\downloads\sentinel1_asf\Sentinel-1A\S1A_IW_SLC__1SDV_20260113T084336_20260113T084403_062746_07DE58_D6C3.zip,missing_auth
feature_0_part_1_split_1,0,Sentinel-1A,,SENTINEL-1,Sentinel-1A,S1A_IW_SLC__1SDV_20260113T084310_20260113T084338_062746_07DE58_A50C-SLC,S1A_IW_SLC__1SDV_20260113T084310_20260113T084338_062746_07DE58_A50C,S1A_IW_SLC__1SDV_20260113T084310_20260113T084338_062746_07DE58_A50C.zip,primary,https://datapool.asf.alaska.edu/SLC/SA/S1A_IW_SLC__1SDV_20260113T084310_20260113T084338_062746_07DE58_A50C.zip,SLC,DESCENDING,24,62746,618,2026-01-13T08:43:10Z,2026-01-13T08:43:38Z,0.0 MB,C:\Users\jales\Documents\GitHub\thesis_code\downloads\sentinel1_asf\Sentinel-1A\S1A_IW_SLC__1SDV_20260113T084310_20260113T084338_062746_07DE58_A50C.zip,missing_auth
feature_0_part_1_split_1,0,Sentinel-1A,,SENTINEL-1,Sentinel-1A,S1A_IW_SLC__1SDV_20260113T084245_20260113T084312_062746_07DE58_FF0E-SLC,S1A_IW_SLC__1SDV_20260113T084245_20260113T084312_062746_07DE58_FF0E,S1A_IW_SLC__1SDV_20260113T084245_20260113T084312_062746_07DE58_FF0E.zip,primary,https://datapool.asf.alaska.edu/SLC/SA/S1A_IW_SLC__1SDV_20260113T084245_20260113T084312_062746_07DE58_FF0E.zip,SLC,DESCENDING,24,62746,613,2026-01-13T08:42:45Z,2026-01-13T08:43:12Z,0.0 MB,C:\Users\jales\Documents\GitHub\thesis_code\downloads\sentinel1_asf\Sentinel-1A\S1A_IW_SLC__1SDV_20260113T084245_20260113T084312_062746_07DE58_FF0E.zip,missing_auth
feature_0_part_1_split_1,0,Sentinel-1A,,SENTINEL-1,Sentinel-1A,S1A_IW_SLC__1SDV_20260113T084220_20260113T084247_062746_07DE58_1A79-SLC,S1A_IW_SLC__1SDV_20260113T084220_20260113T084247_062746_07DE58_1A79,S1A_IW_SLC__1SDV_20260113T084220_20260113T084247_062746_07DE58_1A79.zip,primary,https://datapool.asf.alaska.edu/SLC/SA/S1A_IW_SLC__1SDV_20260113T084220_20260113T084247_062746_07DE58_1A79.zip,SLC,DESCENDING,24,62746,608,2026-01-13T08:42:20Z,2026-01-13T08:42:47Z,0.0 MB,C:\Users\jales\Documents\GitHub\thesis_code\downloads\sentinel1_asf\Sentinel-1A\S1A_IW_SLC__1SDV_20260113T084220_20260113T084247_062746_07DE58_1A79.zip,missing_auth
feature_0_part_1_split_1,0,Sentinel-1A,,SENTINEL-1,Sentinel-1A,S1A_IW_SLC__1SDV_20260113T084155_20260113T084222_062746_07DE58_D0C1-SLC,S1A_IW_SLC__1SDV_20260113T084155_20260113T084222_062746_07DE58_D0C1,S1A_IW_SLC__1SDV_20260113T084155_20260113T084222_062746_07DE58_D0C1.zip,primary,https://datapool.asf.alaska.edu/SLC/SA/S1A_IW_SLC__1SDV_20260113T084155_20260113T084222_062746_07DE58_D0C1.zip,SLC,DESCENDING,24,62746,603,2026-01-13T08:41:55Z,2026-01-13T08:42:22Z,0.0 MB,C:\Users\jales\Documents\GitHub\thesis_code\downloads\sentinel1_asf\Sentinel-1A\S1A_IW_SLC__1SDV_20260113T084155_20260113T084222_062746_07DE58_D0C1.zip,missing_auth
feature_0_part_1_split_1,0,Sentinel-1A,,SENTINEL-1,Sentinel-1A,S1A_IW_SLC__1SDV_20260113T084131_20260113T084157_062746_07DE58_DE42-SLC,S1A_IW_SLC__1SDV_20260113T084131_20260113T084157_062746_07DE58_DE42,S1A_IW_SLC__1SDV_20260113T084131_20260113T084157_062746_07DE58_DE42.zip,primary,https://datapool.asf.alaska.edu/SLC/SA/S1A_IW_SLC__1SDV_20260113T084131_20260113T084157_062746_07DE58_DE42.zip,SLC,DESCENDING,24,62746,598,2026-01-13T08:41:31Z,2026-01-13T08:41:57Z,0.0 MB,C:\Users\jales\Documents\GitHub\thesis_code\downloads\sentinel1_asf\Sentinel-1A\S1A_IW_SLC__1SDV_20260113T084131_20260113T084157_062746_07DE58_DE42.zip,missing_auth
feature_0_part_1_split_1,0,Sentinel-1A,,SENTINEL-1,Sentinel-1A,S1A_IW_SLC__1SDV_20260112T094153_20260112T094221_062732_07DDCF_E236-SLC,S1A_IW_SLC__1SDV_20260112T094153_20260112T094221_062732_07DDCF_E236,S1A_IW_SLC__1SDV_20260112T094153_20260112T094221_062732_07DDCF_E236.zip,primary,https://datapool.asf.alaska.edu/SLC/SA/S1A_IW_SLC__1SDV_20260112T094153_20260112T094221_062732_07DDCF_E236.zip,SLC,DESCENDING,10,62732,631,2026-01-12T09:41:53Z,2026-01-12T09:42:21Z,0.0 MB,C:\Users\jales\Documents\GitHub\thesis_code\downloads\sentinel1_asf\Sentinel-1A\S1A_IW_SLC__1SDV_20260112T094153_20260112T094221_062732_07DDCF_E236.zip,missing_auth
feature_0_part_1_split_1,0,Sentinel-1A,,SENTINEL-1,Sentinel-1A,S1A_IW_SLC__1SDV_20260111T211640_20260111T211709_062724_07DD84_8A11-SLC,S1A_IW_SLC__1SDV_20260111T211640_20260111T211709_062724_07DD84_8A11,S1A_IW_SLC__1SDV_20260111T211640_20260111T211709_062724_07DD84_8A11.zip,primary,https://datapool.asf.alaska.edu/SLC/SA/S1A_IW_SLC__1SDV_20260111T211640_20260111T211709_062724_07DD84_8A11.zip,SLC,ASCENDING,2,62724,1168,2026-01-11T21:16:40Z,2026-01-11T21:17:09Z,0.0 MB,C:\Users\jales\Documents\GitHub\thesis_code\downloads\sentinel1_asf\Sentinel-1A\S1A_IW_SLC__1SDV_20260111T211640_20260111T211709_062724_07DD84_8A11.zip,missing_auth
feature_0_part_1_split_1,0,Sentinel-1A,,SENTINEL-1,Sentinel-1A,S1A_IW_SLC__1SDV_20260111T090243_20260111T090307_062717_07DD37_216A-SLC,S1A_IW_SLC__1SDV_20260111T090243_20260111T090307_062717_07DD37_216A,S1A_IW_SLC__1SDV_20260111T090243_20260111T090307_062717_07DD37_216A.zip,primary,https://datapool.asf.alaska.edu/SLC/SA/S1A_IW_SLC__1SDV_20260111T090243_20260111T090307_062717_07DD37_216A.zip,SLC,DESCENDING,170,62717,655,2026-01-11T09:02:43Z,2026-01-11T09:03:07Z,0.0 MB,C:\Users\jales\Documents\GitHub\thesis_code\downloads\sentinel1_asf\Sentinel-1A\S1A_IW_SLC__1SDV_20260111T090243_20260111T090307_062717_07DD37_216A.zip,missing_auth
feature_0_part_1_split_1,0,Sentinel-1A,,SENTINEL-1,Sentinel-1A,S1A_IW_SLC__1SDV_20260111T090218_20260111T090245_062717_07DD37_FED3-SLC,S1A_IW_SLC__1SDV_20260111T090218_20260111T090245_062717_07DD37_FED3,S1A_IW_SLC__1SDV_20260111T090218_20260111T090245_062717_07DD37_FED3.zip,primary,https://datapool.asf.alaska.edu/SLC/SA/S1A_IW_SLC__1SDV_20260111T090218_20260111T090245_062717_07DD37_FED3.zip,SLC,DESCENDING,170,62717,650,2026-01-11T09:02:18Z,2026-01-11T09:02:45Z,0.0 MB,C:\Users\jales\Documents\GitHub\thesis_code\downloads\sentinel1_asf\Sentinel-1A\S1A_IW_SLC__1SDV_20260111T090218_20260111T090245_062717_07DD37_FED3.zip,missing_auth
feature_0_part_1_split_1,0,Sentinel-1A,,SENTINEL-1,Sentinel-1A,S1A_IW_SLC__1SDV_20260111T090152_20260111T090220_062717_07DD37_B3CC-SLC,S1A_IW_SLC__1SDV_20260111T090152_20260111T090220_062717_07DD37_B3CC,S1A_IW_SLC__1SDV_20260111T090152_20260111T090220_062717_07DD37_B3CC.zip,primary,https://datapool.asf.alaska.edu/SLC/SA/S1A_IW_SLC__1SDV_20260111T090152_20260111T090220_062717_07DD37_B3CC.zip,SLC,DESCENDING,170,62717,645,2026-01-11T09:01:52Z,2026-01-11T09:02:20Z,0.0 MB,C:\Users\jales\Documents\GitHub\thesis_code\downloads\sentinel1_asf\Sentinel-1A\S1A_IW_SLC__1SDV_20260111T090152_20260111T090220_062717_07DD37_B3CC.zip,missing_auth
feature_0_part_1_split_1,0,Sentinel-1A,,SENTINEL-1,Sentinel-1A,S1A_IW_SLC__1SDV_20260111T090127_20260111T090154_062717_07DD37_B240-SLC,S1A_IW_SLC__1SDV_20260111T090127_20260111T090154_062717_07DD37_B240,S1A_IW_SLC__1SDV_20260111T090127_20260111T090154_062717_07DD37_B240.zip,primary,https://datapool.asf.alaska.edu/SLC/SA/S1A_IW_SLC__1SDV_20260111T090127_20260111T090154_062717_07DD37_B240.zip,SLC,DESCENDING,170,62717,640,2026-01-11T09:01:27Z,2026-01-11T09:01:54Z,0.0 MB,C:\Users\jales\Documents\GitHub\thesis_code\downloads\sentinel1_asf\Sentinel-1A\S1A_IW_SLC__1SDV_20260111T090127_20260111T090154_062717_07DD37_B240.zip,missing_auth
feature_0_part_1_split_1,0,Sentinel-1A,,SENTINEL-1,Sentinel-1A,S1A_IW_SLC__1SDV_20260111T090103_20260111T090129_062717_07DD37_2BF5-SLC,S1A_IW_SLC__1SDV_20260111T090103_20260111T090129_062717_07DD37_2BF5,S1A_IW_SLC__1SDV_20260111T090103_20260111T090129_062717_07DD37_2BF5.zip,primary,https://datapool.asf.alaska.edu/SLC/SA/S1A_IW_SLC__1SDV_20260111T090103_20260111T090129_062717_07DD37_2BF5.zip,SLC,DESCENDING,170,62717,635,2026-01-11T09:01:03Z,2026-01-11T09:01:29Z,0.0 MB,C:\Users\jales\Documents\GitHub\thesis_code\downloads\sentinel1_asf\Sentinel-1A\S1A_IW_SLC__1SDV_20260111T090103_20260111T090129_062717_07DD37_2BF5.zip,missing_auth
feature_0_part_1_split_1,0,Sentinel-1A,,SENTINEL-1,Sentinel-1A,S1A_IW_SLC__1SDV_20260111T090038_20260111T090105_062717_07DD37_05E9-SLC,S1A_IW_SLC__1SDV_20260111T090038_20260111T090105_062717_07DD37_05E9,S1A_IW_SLC__1SDV_20260111T090038_20260111T090105_062717_07DD37_05E9.zip,primary,https://datapool.asf.alaska.edu/SLC/SA/S1A_IW_SLC__1SDV_20260111T090038_20260111T090105_062717_07DD37_05E9.zip,SLC,DESCENDING,170,62717,630,2026-01-11T09:00:38Z,2026-01-11T09:01:05Z,0.0 MB,C:\Users\jales\Documents\GitHub\thesis_code\downloads\sentinel1_asf\Sentinel-1A\S1A_IW_SLC__1SDV_20260111T090038_20260111T090105_062717_07DD37_05E9.zip,missing_auth
feature_0_part_1_split_1,0,Sentinel-1A,,SENTINEL-1,Sentinel-1A,S1A_IW_SLC__1SDV_20260111T090013_20260111T090040_062717_07DD37_C2AD-SLC,S1A_IW_SLC__1SDV_20260111T090013_20260111T090040_062717_07DD37_C2AD,S1A_IW_SLC__1SDV_20260111T090013_20260111T090040_062717_07DD37_C2AD.zip,primary,https://datapool.asf.alaska.edu/SLC/SA/S1A_IW_SLC__1SDV_20260111T090013_20260111T090040_062717_07DD37_C2AD.zip,SLC,DESCENDING,170,62717,625,2026-01-11T09:00:13Z,2026-01-11T09:00:40Z,0.0 MB,C:\Users\jales\Documents\GitHub\thesis_code\downloads\sentinel1_asf\Sentinel-1A\S1A_IW_SLC__1SDV_20260111T090013_20260111T090040_062717_07DD37_C2AD.zip,missing_auth
feature_0_part_1_split_1,0,Sentinel-1A,,SENTINEL-1,Sentinel-1A,S1A_IW_SLC__1SDV_20260111T085948_20260111T090015_062717_07DD37_4213-SLC,S1A_IW_SLC__1SDV_20260111T085948_20260111T090015_062717_07DD37_4213,S1A_IW_SLC__1SDV_20260111T085948_20260111T090015_062717_07DD37_4213.zip,primary,https://datapool.asf.alaska.edu/SLC/SA/S1A_IW_SLC__1SDV_20260111T085948_20260111T090015_062717_07DD37_4213.zip,SLC,DESCENDING,170,62717,620,2026-01-11T08:59:48Z,2026-01-11T09:00:15Z,0.0 MB,C:\Users\jales\Documents\GitHub\thesis_code\downloads\sentinel1_asf\Sentinel-1A\S1A_IW_SLC__1SDV_20260111T085948_20260111T090015_062717_07DD37_4213.zip,missing_auth
feature_0_part_1_split_1,0,Sentinel-1A,,SENTINEL-1,Sentinel-1A,S1A_IW_SLC__1SDV_20260111T085922_20260111T085950_062717_07DD37_0A3C-SLC,S1A_IW_SLC__1SDV_20260111T085922_20260111T085950_062717_07DD37_0A3C,S1A_IW_SLC__1SDV_20260111T085922_20260111T085950_062717_07DD37_0A3C.zip,primary,https://datapool.asf.alaska.edu/SLC/SA/S1A_IW_SLC__1SDV_20260111T085922_20260111T085950_062717_07DD37_0A3C.zip,SLC,DESCENDING,170,62717,615,2026-01-11T08:59:22Z,2026-01-11T08:59:50Z,0.0 MB,C:\Users\jales\Documents\GitHub\thesis_code\downloads\sentinel1_asf\Sentinel-1A\S1A_IW_SLC__1SDV_20260111T085922_20260111T085950_062717_07DD37_0A3C.zip,missing_auth
feature_0_part_1_split_1,0,Sentinel-1A,,SENTINEL-1,Sentinel-1A,S1A_IW_SLC__1SDV_20260110T082103_20260110T082117_062702_07DCA9_27EA-SLC,S1A_IW_SLC__1SDV_20260110T082103_20260110T082117_062702_07DCA9_27EA,S1A_IW_SLC__1SDV_20260110T082103_20260110T082117_062702_07DCA9_27EA.zip,primary,https://datapool.asf.alaska.edu/SLC/SA/S1A_IW_SLC__1SDV_20260110T082103_20260110T082117_062702_07DCA9_27EA.zip,SLC,DESCENDING,155,62702,648,2026-01-10T08:21:03Z,2026-01-10T08:21:17Z,0.0 MB,C:\Users\jales\Documents\GitHub\thesis_code\downloads\sentinel1_asf\Sentinel-1A\S1A_IW_SLC__1SDV_20260110T082103_20260110T082117_062702_07DCA9_27EA.zip,missing_auth
feature_0_part_1_split_1,0,Sentinel-1A,,SENTINEL-1,Sentinel-1A,S1A_IW_SLC__1SDV_20260110T082038_20260110T082105_062702_07DCA9_5672-SLC,S1A_IW_SLC__1SDV_20260110T082038_20260110T082105_062702_07DCA9_5672,S1A_IW_SLC__1SDV_20260110T082038_20260110T082105_062702_07DCA9_5672.zip,primary,https://datapool.asf.alaska.edu/SLC/SA/S1A_IW_SLC__1SDV_20260110T082038_20260110T082105_062702_07DCA9_5672.zip,SLC,DESCENDING,155,62702,643,2026-01-10T08:20:38Z,2026-01-10T08:21:05Z,0.0 MB,C:\Users\jales\Documents\GitHub\thesis_code\downloads\sentinel1_asf\Sentinel-1A\S1A_IW_SLC__1SDV_20260110T082038_20260110T082105_062702_07DCA9_5672.zip,missing_auth
feature_0_part_1_split_1,0,Sentinel-1A,,SENTINEL-1,Sentinel-1A,S1A_IW_SLC__1SDV_20260110T082013_20260110T082040_062702_07DCA9_DFA7-SLC,S1A_IW_SLC__1SDV_20260110T082013_20260110T082040_062702_07DCA9_DFA7,S1A_IW_SLC__1SDV_20260110T082013_20260110T082040_062702_07DCA9_DFA7.zip,primary,https://datapool.asf.alaska.edu/SLC/SA/S1A_IW_SLC__1SDV_20260110T082013_20260110T082040_062702_07DCA9_DFA7.zip,SLC,DESCENDING,155,62702,638,2026-01-10T08:20:13Z,2026-01-10T08:20:40Z,0.0 MB,C:\Users\jales\Documents\GitHub\thesis_code\downloads\sentinel1_asf\Sentinel-1A\S1A_IW_SLC__1SDV_20260110T082013_20260110T082040_062702_07DCA9_DFA7.zip,missing_auth
feature_0_part_1_split_1,0,Sentinel-1A,,SENTINEL-1,Sentinel-1A,S1A_IW_SLC__1SDV_20260109T091921_20260109T091943_062688_07DC27_FE76-SLC,S1A_IW_SLC__1SDV_20260109T091921_20260109T091943_062688_07DC27_FE76,S1A_IW_SLC__1SDV_20260109T091921_20260109T091943_062688_07DC27_FE76.zip,primary,https://datapool.asf.alaska.edu/SLC/SA/S1A_IW_SLC__1SDV_20260109T091921_20260109T091943_062688_07DC27_FE76.zip,SLC,DESCENDING,141,62688,657,2026-01-09T09:19:21Z,2026-01-09T09:19:43Z,0.0 MB,C:\Users\jales\Documents\GitHub\thesis_code\downloads\sentinel1_asf\Sentinel-1A\S1A_IW_SLC__1SDV_20260109T091921_20260109T091943_062688_07DC27_FE76.zip,missing_auth
feature_0_part_1_split_1,0,Sentinel-1A,,SENTINEL-1,Sentinel-1A,S1A_IW_SLC__1SDV_20260109T091831_20260109T091858_062688_07DC27_4EAF-SLC,S1A_IW_SLC__1SDV_20260109T091831_20260109T091858_062688_07DC27_4EAF,S1A_IW_SLC__1SDV_20260109T091831_20260109T091858_062688_07DC27_4EAF.zip,primary,https://datapool.asf.alaska.edu/SLC/SA/S1A_IW_SLC__1SDV_20260109T091831_20260109T091858_062688_07DC27_4EAF.zip,SLC,DESCENDING,141,62688,647,2026-01-09T09:18:31Z,2026-01-09T09:18:58Z,0.0 MB,C:\Users\jales\Documents\GitHub\thesis_code\downloads\sentinel1_asf\Sentinel-1A\S1A_IW_SLC__1SDV_20260109T091831_20260109T091858_062688_07DC27_4EAF.zip,missing_auth
feature_0_part_1_split_1,0,Sentinel-1A,,SENTINEL-1,Sentinel-1A,S1A_IW_SLC__1SDV_20260109T091807_20260109T091834_062688_07DC27_B090-SLC,S1A_IW_SLC__1SDV_20260109T091807_20260109T091834_062688_07DC27_B090,S1A_IW_SLC__1SDV_20260109T091807_20260109T091834_062688_07DC27_B090.zip,primary,https://datapool.asf.alaska.edu/SLC/SA/S1A_IW_SLC__1SDV_20260109T091807_20260109T091834_062688_07DC27_B090.zip,SLC,DESCENDING,141,62688,642,2026-01-09T09:18:07Z,2026-01-09T09:18:34Z,0.0 MB,C:\Users\jales\Documents\GitHub\thesis_code\downloads\sentinel1_asf\Sentinel-1A\S1A_IW_SLC__1SDV_20260109T091807_20260109T091834_062688_07DC27_B090.zip,missing_auth
feature_0_part_1_split_1,0,Sentinel-1A,,SENTINEL-1,Sentinel-1A,S1A_IW_SLC__1SDV_20260109T091742_20260109T091809_062688_07DC27_B84C-SLC,S1A_IW_SLC__1SDV_20260109T091742_20260109T091809_062688_07DC27_B84C,S1A_IW_SLC__1SDV_20260109T091742_20260109T091809_062688_07DC27_B84C.zip,primary,https://datapool.asf.alaska.edu/SLC/SA/S1A_IW_SLC__1SDV_20260109T091742_20260109T091809_062688_07DC27_B84C.zip,SLC,DESCENDING,141,62688,637,2026-01-09T09:17:42Z,2026-01-09T09:18:09Z,0.0 MB,C:\Users\jales\Documents\GitHub\thesis_code\downloads\sentinel1_asf\Sentinel-1A\S1A_IW_SLC__1SDV_20260109T091742_20260109T091809_062688_07DC27_B84C.zip,missing_auth
feature_0_part_1_split_1,0,Sentinel-1A,,SENTINEL-1,Sentinel-1A,S1A_IW_SLC__1SDV_20260109T091716_20260109T091744_062688_07DC27_7EE7-SLC,S1A_IW_SLC__1SDV_20260109T091716_20260109T091744_062688_07DC27_7EE7,S1A_IW_SLC__1SDV_20260109T091716_20260109T091744_062688_07DC27_7EE7.zip,primary,https://datapool.asf.alaska.edu/SLC/SA/S1A_IW_SLC__1SDV_20260109T091716_20260109T091744_062688_07DC27_7EE7.zip,SLC,DESCENDING,141,62688,632,2026-01-09T09:17:16Z,2026-01-09T09:17:44Z,0.0 MB,C:\Users\jales\Documents\GitHub\thesis_code\downloads\sentinel1_asf\Sentinel-1A\S1A_IW_SLC__1SDV_20260109T091716_20260109T091744_062688_07DC27_7EE7.zip,missing_auth
feature_0_part_1_split_1,0,Sentinel-1A,,SENTINEL-1,Sentinel-1A,S1A_IW_SLC__1SDV_20260108T083925_20260108T083952_062673_07DB99_FD02-SLC,S1A_IW_SLC__1SDV_20260108T083925_20260108T083952_062673_07DB99_FD02,S1A_IW_SLC__1SDV_20260108T083925_20260108T083952_062673_07DB99_FD02.zip,primary,https://datapool.asf.alaska.edu/SLC/SA/S1A_IW_SLC__1SDV_20260108T083925_20260108T083952_062673_07DB99_FD02.zip,SLC,DESCENDING,126,62673,671,2026-01-08T08:39:25Z,2026-01-08T08:39:52Z,0.0 MB,C:\Users\jales\Documents\GitHub\thesis_code\downloads\sentinel1_asf\Sentinel-1A\S1A_IW_SLC__1SDV_20260108T083925_20260108T083952_062673_07DB99_FD02.zip,missing_auth
feature_0_part_1_split_1,0,Sentinel-1A,,SENTINEL-1,Sentinel-1A,S1A_IW_SLC__1SDV_20260108T083859_20260108T083927_062673_07DB99_E7E0-SLC,S1A_IW_SLC__1SDV_20260108T083859_20260108T083927_062673_07DB99_E7E0,S1A_IW_SLC__1SDV_20260108T083859_20260108T083927_062673_07DB99_E7E0.zip,primary,https://datapool.asf.alaska.edu/SLC/SA/S1A_IW_SLC__1SDV_20260108T083859_20260108T083927_062673_07DB99_E7E0.zip,SLC,DESCENDING,126,62673,666,2026-01-08T08:38:59Z,2026-01-08T08:39:27Z,0.0 MB,C:\Users\jales\Documents\GitHub\thesis_code\downloads\sentinel1_asf\Sentinel-1A\S1A_IW_SLC__1SDV_20260108T083859_20260108T083927_062673_07DB99_E7E0.zip,missing_auth
feature_0_part_1_split_1,0,Sentinel-1A,,SENTINEL-1,Sentinel-1A,S1A_IW_SLC__1SDV_20260108T083832_20260108T083901_062673_07DB99_E768-SLC,S1A_IW_SLC__1SDV_20260108T083832_20260108T083901_062673_07DB99_E768,S1A_IW_SLC__1SDV_20260108T083832_20260108T083901_062673_07DB99_E768.zip,primary,https://datapool.asf.alaska.edu/SLC/SA/S1A_IW_SLC__1SDV_20260108T083832_20260108T083901_062673_07DB99_E768.zip,SLC,DESCENDING,126,62673,661,2026-01-08T08:38:32Z,2026-01-08T08:39:01Z,0.0 MB,C:\Users\jales\Documents\GitHub\thesis_code\downloads\sentinel1_asf\Sentinel-1A\S1A_IW_SLC__1SDV_20260108T083832_20260108T083901_062673_07DB99_E768.zip,missing_auth
feature_0_part_1_split_1,0,Sentinel-1A,,SENTINEL-1,Sentinel-1A,S1A_IW_SLC__1SDV_20260108T083646_20260108T083700_062673_07DB98_7B5B-SLC,S1A_IW_SLC__1SDV_20260108T083646_20260108T083700_062673_07DB98_7B5B,S1A_IW_SLC__1SDV_20260108T083646_20260108T083700_062673_07DB98_7B5B.zip,primary,https://datapool.asf.alaska.edu/SLC/SA/S1A_IW_SLC__1SDV_20260108T083646_20260108T083700_062673_07DB98_7B5B.zip,SLC,DESCENDING,126,62673,639,2026-01-08T08:36:46Z,2026-01-08T08:37:00Z,0.0 MB,C:\Users\jales\Documents\GitHub\thesis_code\downloads\sentinel1_asf\Sentinel-1A\S1A_IW_SLC__1SDV_20260108T083646_20260108T083700_062673_07DB98_7B5B.zip,missing_auth
feature_0_part_1_split_1,0,Sentinel-1A,,SENTINEL-1,Sentinel-1A,S1A_IW_SLC__1SDV_20260108T083621_20260108T083648_062673_07DB98_3E66-SLC,S1A_IW_SLC__1SDV_20260108T083621_20260108T083648_062673_07DB98_3E66,S1A_IW_SLC__1SDV_20260108T083621_20260108T083648_062673_07DB98_3E66.zip,primary,https://datapool.asf.alaska.edu/SLC/SA/S1A_IW_SLC__1SDV_20260108T083621_20260108T083648_062673_07DB98_3E66.zip,SLC,DESCENDING,126,62673,635,2026-01-08T08:36:21Z,2026-01-08T08:36:48Z,0.0 MB,C:\Users\jales\Documents\GitHub\thesis_code\downloads\sentinel1_asf\Sentinel-1A\S1A_IW_SLC__1SDV_20260108T083621_20260108T083648_062673_07DB98_3E66.zip,missing_auth
feature_0_part_1_split_1,0,Sentinel-1A,,SENTINEL-1,Sentinel-1A,S1A_IW_SLC__1SDV_20260108T083555_20260108T083623_062673_07DB98_4765-SLC,S1A_IW_SLC__1SDV_20260108T083555_20260108T083623_062673_07DB98_4765,S1A_IW_SLC__1SDV_20260108T083555_20260108T083623_062673_07DB98_4765.zip,primary,https://datapool.asf.alaska.edu/SLC/SA/S1A_IW_SLC__1SDV_20260108T083555_20260108T083623_062673_07DB98_4765.zip,SLC,DESCENDING,126,62673,629,2026-01-08T08:35:55Z,2026-01-08T08:36:23Z,0.0 MB,C:\Users\jales\Documents\GitHub\thesis_code\downloads\sentinel1_asf\Sentinel-1A\S1A_IW_SLC__1SDV_20260108T083555_20260108T083623_062673_07DB98_4765.zip,missing_auth
feature_0_part_1_split_1,0,Sentinel-1A,,SENTINEL-1,Sentinel-1A,S1A_IW_SLC__1SDV_20260108T083531_20260108T083557_062673_07DB98_090F-SLC,S1A_IW_SLC__1SDV_20260108T083531_20260108T083557_062673_07DB98_090F,S1A_IW_SLC__1SDV_20260108T083531_20260108T083557_062673_07DB98_090F.zip,primary,https://datapool.asf.alaska.edu/SLC/SA/S1A_IW_SLC__1SDV_20260108T083531_20260108T083557_062673_07DB98_090F.zip,SLC,DESCENDING,126,62673,624,2026-01-08T08:35:31Z,2026-01-08T08:35:57Z,0.0 MB,C:\Users\jales\Documents\GitHub\thesis_code\downloads\sentinel1_asf\Sentinel-1A\S1A_IW_SLC__1SDV_20260108T083531_20260108T083557_062673_07DB98_090F.zip,missing_auth
feature_0_part_1_split_1,0,Sentinel-1A,,SENTINEL-1,Sentinel-1A,S1A_IW_SLC__1SDV_20260108T083506_20260108T083533_062673_07DB98_6942-SLC,S1A_IW_SLC__1SDV_20260108T083506_20260108T083533_062673_07DB98_6942,S1A_IW_SLC__1SDV_20260108T083506_20260108T083533_062673_07DB98_6942.zip,primary,https://datapool.asf.alaska.edu/SLC/SA/S1A_IW_SLC__1SDV_20260108T083506_20260108T083533_062673_07DB98_6942.zip,SLC,DESCENDING,126,62673,619,2026-01-08T08:35:06Z,2026-01-08T08:35:33Z,0.0 MB,C:\Users\jales\Documents\GitHub\thesis_code\downloads\sentinel1_asf\Sentinel-1A\S1A_IW_SLC__1SDV_20260108T083506_20260108T083533_062673_07DB98_6942.zip,missing_auth
feature_0_part_1_split_1,0,Sentinel-1A,,SENTINEL-1,Sentinel-1A,S1A_IW_SLC__1SDV_20260108T083441_20260108T083508_062673_07DB98_781C-SLC,S1A_IW_SLC__1SDV_20260108T083441_20260108T083508_062673_07DB98_781C,S1A_IW_SLC__1SDV_20260108T083441_20260108T083508_062673_07DB98_781C.zip,primary,https://datapool.asf.alaska.edu/SLC/SA/S1A_IW_SLC__1SDV_20260108T083441_20260108T083508_062673_07DB98_781C.zip,SLC,DESCENDING,126,62673,614,2026-01-08T08:34:41Z,2026-01-08T08:35:08Z,0.0 MB,C:\Users\jales\Documents\GitHub\thesis_code\downloads\sentinel1_asf\Sentinel-1A\S1A_IW_SLC__1SDV_20260108T083441_20260108T083508_062673_07DB98_781C.zip,missing_auth
feature_0_part_1_split_1,0,Sentinel-1A,,SENTINEL-1,Sentinel-1A,S1A_IW_SLC__1SDV_20260108T083416_20260108T083443_062673_07DB98_B527-SLC,S1A_IW_SLC__1SDV_20260108T083416_20260108T083443_062673_07DB98_B527,S1A_IW_SLC__1SDV_20260108T083416_20260108T083443_062673_07DB98_B527.zip,primary,https://datapool.asf.alaska.edu/SLC/SA/S1A_IW_SLC__1SDV_20260108T083416_20260108T083443_062673_07DB98_B527.zip,SLC,DESCENDING,126,62673,610,2026-01-08T08:34:16Z,2026-01-08T08:34:43Z,0.0 MB,C:\Users\jales\Documents\GitHub\thesis_code\downloads\sentinel1_asf\Sentinel-1A\S1A_IW_SLC__1SDV_20260108T083416_20260108T083443_062673_07DB98_B527.zip,missing_auth
feature_0_part_1_split_1,0,Sentinel-1A,,SENTINEL-1,Sentinel-1A,S1A_IW_SLC__1SDV_20260108T083350_20260108T083418_062673_07DB98_E322-SLC,S1A_IW_SLC__1SDV_20260108T083350_20260108T083418_062673_07DB98_E322,S1A_IW_SLC__1SDV_20260108T083350_20260108T083418_062673_07DB98_E322.zip,primary,https://datapool.asf.alaska.edu/SLC/SA/S1A_IW_SLC__1SDV_20260108T083350_20260108T083418_062673_07DB98_E322.zip,SLC,DESCENDING,126,62673,604,2026-01-08T08:33:50Z,2026-01-08T08:34:18Z,0.0 MB,C:\Users\jales\Documents\GitHub\thesis_code\downloads\sentinel1_asf\Sentinel-1A\S1A_IW_SLC__1SDV_20260108T083350_20260108T083418_062673_07DB98_E322.zip,missing_auth
feature_0_part_1_split_1,0,Sentinel-1A,,SENTINEL-1,Sentinel-1A,S1A_IW_SLC__1SDV_20260108T083323_20260108T083352_062673_07DB98_3246-SLC,S1A_IW_SLC__1SDV_20260108T083323_20260108T083352_062673_07DB98_3246,S1A_IW_SLC__1SDV_20260108T083323_20260108T083352_062673_07DB98_3246.zip,primary,https://datapool.asf.alaska.edu/SLC/SA/S1A_IW_SLC__1SDV_20260108T083323_20260108T083352_062673_07DB98_3246.zip,SLC,DESCENDING,126,62673,599,2026-01-08T08:33:23Z,2026-01-08T08:33:52Z,0.0 MB,C:\Users\jales\Documents\GitHub\thesis_code\downloads\sentinel1_asf\Sentinel-1A\S1A_IW_SLC__1SDV_20260108T083323_20260108T083352_062673_07DB98_3246.zip,missing_auth
feature_0_part_1_split_1,0,Sentinel-1A,,SENTINEL-1,Sentinel-1A,S1A_IW_SLC__1SDV_20260107T093426_20260107T093453_062659_07DB08_8C92-SLC,S1A_IW_SLC__1SDV_20260107T093426_20260107T093453_062659_07DB08_8C92,S1A_IW_SLC__1SDV_20260107T093426_20260107T093453_062659_07DB08_8C92.zip,primary,https://datapool.asf.alaska.edu/SLC/SA/S1A_IW_SLC__1SDV_20260107T093426_20260107T093453_062659_07DB08_8C92.zip,SLC,DESCENDING,112,62659,640,2026-01-07T09:34:26Z,2026-01-07T09:34:53Z,0.0 MB,C:\Users\jales\Documents\GitHub\thesis_code\downloads\sentinel1_asf\Sentinel-1A\S1A_IW_SLC__1SDV_20260107T093426_20260107T093453_062659_07DB08_8C92.zip,missing_auth
feature_0_part_1_split_1,0,Sentinel-1A,,SENTINEL-1,Sentinel-1A,S1A_IW_SLC__1SDV_20260107T093401_20260107T093428_062659_07DB08_519C-SLC,S1A_IW_SLC__1SDV_20260107T093401_20260107T093428_062659_07DB08_519C,S1A_IW_SLC__1SDV_20260107T093401_20260107T093428_062659_07DB08_519C.zip,primary,https://datapool.asf.alaska.edu/SLC/SA/S1A_IW_SLC__1SDV_20260107T093401_20260107T093428_062659_07DB08_519C.zip,SLC,DESCENDING,112,62659,635,2026-01-07T09:34:01Z,2026-01-07T09:34:28Z,0.0 MB,C:\Users\jales\Documents\GitHub\thesis_code\downloads\sentinel1_asf\Sentinel-1A\S1A_IW_SLC__1SDV_20260107T093401_20260107T093428_062659_07DB08_519C.zip,missing_auth
feature_0_part_1_split_1,0,Sentinel-1A,,SENTINEL-1,Sentinel-1A,S1A_IW_SLC__1SDV_20260107T093335_20260107T093403_062659_07DB08_EAE9-SLC,S1A_IW_SLC__1SDV_20260107T093335_20260107T093403_062659_07DB08_EAE9,S1A_IW_SLC__1SDV_20260107T093335_20260107T093403_062659_07DB08_EAE9.zip,primary,https://datapool.asf.alaska.edu/SLC/SA/S1A_IW_SLC__1SDV_20260107T093335_20260107T093403_062659_07DB08_EAE9.zip,SLC,DESCENDING,112,62659,630,2026-01-07T09:33:35Z,2026-01-07T09:34:03Z,0.0 MB,C:\Users\jales\Documents\GitHub\thesis_code\downloads\sentinel1_asf\Sentinel-1A\S1A_IW_SLC__1SDV_20260107T093335_20260107T093403_062659_07DB08_EAE9.zip,missing_auth
feature_0_part_1_split_1,0,Sentinel-1A,,SENTINEL-1,Sentinel-1A,S1A_IW_SLC__1SDV_20260106T085437_20260106T085501_062644_07DA6C_9519-SLC,S1A_IW_SLC__1SDV_20260106T085437_20260106T085501_062644_07DA6C_9519,S1A_IW_SLC__1SDV_20260106T085437_20260106T085501_062644_07DA6C_9519.zip,primary,https://datapool.asf.alaska.edu/SLC/SA/S1A_IW_SLC__1SDV_20260106T085437_20260106T085501_062644_07DA6C_9519.zip,SLC,DESCENDING,97,62644,656,2026-01-06T08:54:37Z,2026-01-06T08:55:01Z,0.0 MB,C:\Users\jales\Documents\GitHub\thesis_code\downloads\sentinel1_asf\Sentinel-1A\S1A_IW_SLC__1SDV_20260106T085437_20260106T085501_062644_07DA6C_9519.zip,missing_auth
feature_0_part_1_split_1,0,Sentinel-1A,,SENTINEL-1,Sentinel-1A,S1A_IW_SLC__1SDV_20260106T085412_20260106T085439_062644_07DA6C_B08E-SLC,S1A_IW_SLC__1SDV_20260106T085412_20260106T085439_062644_07DA6C_B08E,S1A_IW_SLC__1SDV_20260106T085412_20260106T085439_062644_07DA6C_B08E.zip,primary,https://datapool.asf.alaska.edu/SLC/SA/S1A_IW_SLC__1SDV_20260106T085412_20260106T085439_062644_07DA6C_B08E.zip,SLC,DESCENDING,97,62644,651,2026-01-06T08:54:12Z,2026-01-06T08:54:39Z,0.0 MB,C:\Users\jales\Documents\GitHub\thesis_code\downloads\sentinel1_asf\Sentinel-1A\S1A_IW_SLC__1SDV_20260106T085412_20260106T085439_062644_07DA6C_B08E.zip,missing_auth
feature_0_part_1_split_1,0,Sentinel-1A,,SENTINEL-1,Sentinel-1A,S1A_IW_SLC__1SDV_20260106T085346_20260106T085414_062644_07DA6C_8C35-SLC,S1A_IW_SLC__1SDV_20260106T085346_20260106T085414_062644_07DA6C_8C35,S1A_IW_SLC__1SDV_20260106T085346_20260106T085414_062644_07DA6C_8C35.zip,primary,https://datapool.asf.alaska.edu/SLC/SA/S1A_IW_SLC__1SDV_20260106T085346_20260106T085414_062644_07DA6C_8C35.zip,SLC,DESCENDING,97,62644,646,2026-01-06T08:53:46Z,2026-01-06T08:54:14Z,0.0 MB,C:\Users\jales\Documents\GitHub\thesis_code\downloads\sentinel1_asf\Sentinel-1A\S1A_IW_SLC__1SDV_20260106T085346_20260106T085414_062644_07DA6C_8C35.zip,missing_auth
feature_0_part_1_split_1,0,Sentinel-1A,,SENTINEL-1,Sentinel-1A,S1A_IW_SLC__1SDV_20260106T085322_20260106T085349_062644_07DA6C_6B67-SLC,S1A_IW_SLC__1SDV_20260106T085322_20260106T085349_062644_07DA6C_6B67,S1A_IW_SLC__1SDV_20260106T085322_20260106T085349_062644_07DA6C_6B67.zip,primary,https://datapool.asf.alaska.edu/SLC/SA/S1A_IW_SLC__1SDV_20260106T085322_20260106T085349_062644_07DA6C_6B67.zip,SLC,DESCENDING,97,62644,641,2026-01-06T08:53:22Z,2026-01-06T08:53:49Z,0.0 MB,C:\Users\jales\Documents\GitHub\thesis_code\downloads\sentinel1_asf\Sentinel-1A\S1A_IW_SLC__1SDV_20260106T085322_20260106T085349_062644_07DA6C_6B67.zip,missing_auth
feature_0_part_1_split_1,0,Sentinel-1A,,SENTINEL-1,Sentinel-1A,S1A_IW_SLC__1SDV_20260106T085257_20260106T085324_062644_07DA6C_591E-SLC,S1A_IW_SLC__1SDV_20260106T085257_20260106T085324_062644_07DA6C_591E,S1A_IW_SLC__1SDV_20260106T085257_20260106T085324_062644_07DA6C_591E.zip,primary,https://datapool.asf.alaska.edu/SLC/SA/S1A_IW_SLC__1SDV_20260106T085257_20260106T085324_062644_07DA6C_591E.zip,SLC,DESCENDING,97,62644,636,2026-01-06T08:52:57Z,2026-01-06T08:53:24Z,0.0 MB,C:\Users\jales\Documents\GitHub\thesis_code\downloads\sentinel1_asf\Sentinel-1A\S1A_IW_SLC__1SDV_20260106T085257_20260106T085324_062644_07DA6C_591E.zip,missing_auth
feature_0_part_1_split_1,0,Sentinel-1A,,SENTINEL-1,Sentinel-1A,S1A_IW_SLC__1SDV_20260106T085232_20260106T085259_062644_07DA6C_4E4D-SLC,S1A_IW_SLC__1SDV_20260106T085232_20260106T085259_062644_07DA6C_4E4D,S1A_IW_SLC__1SDV_20260106T085232_20260106T085259_062644_07DA6C_4E4D.zip,primary,https://datapool.asf.alaska.edu/SLC/SA/S1A_IW_SLC__1SDV_20260106T085232_20260106T085259_062644_07DA6C_4E4D.zip,SLC,DESCENDING,97,62644,631,2026-01-06T08:52:32Z,2026-01-06T08:52:59Z,0.0 MB,C:\Users\jales\Documents\GitHub\thesis_code\downloads\sentinel1_asf\Sentinel-1A\S1A_IW_SLC__1SDV_20260106T085232_20260106T085259_062644_07DA6C_4E4D.zip,missing_auth
feature_0_part_1_split_1,0,Sentinel-1A,,SENTINEL-1,Sentinel-1A,S1A_IW_SLC__1SDV_20260106T085207_20260106T085234_062644_07DA6C_CC83-SLC,S1A_IW_SLC__1SDV_20260106T085207_20260106T085234_062644_07DA6C_CC83,S1A_IW_SLC__1SDV_20260106T085207_20260106T085234_062644_07DA6C_CC83.zip,primary,https://datapool.asf.alaska.edu/SLC/SA/S1A_IW_SLC__1SDV_20260106T085207_20260106T085234_062644_07DA6C_CC83.zip,SLC,DESCENDING,97,62644,626,2026-01-06T08:52:07Z,2026-01-06T08:52:34Z,0.0 MB,C:\Users\jales\Documents\GitHub\thesis_code\downloads\sentinel1_asf\Sentinel-1A\S1A_IW_SLC__1SDV_20260106T085207_20260106T085234_062644_07DA6C_CC83.zip,missing_auth
feature_0_part_1_split_1,0,Sentinel-1A,,SENTINEL-1,Sentinel-1A,S1A_IW_SLC__1SDV_20260106T085142_20260106T085209_062644_07DA6C_D4DC-SLC,S1A_IW_SLC__1SDV_20260106T085142_20260106T085209_062644_07DA6C_D4DC,S1A_IW_SLC__1SDV_20260106T085142_20260106T085209_062644_07DA6C_D4DC.zip,primary,https://datapool.asf.alaska.edu/SLC/SA/S1A_IW_SLC__1SDV_20260106T085142_20260106T085209_062644_07DA6C_D4DC.zip,SLC,DESCENDING,97,62644,621,2026-01-06T08:51:42Z,2026-01-06T08:52:09Z,0.0 MB,C:\Users\jales\Documents\GitHub\thesis_code\downloads\sentinel1_asf\Sentinel-1A\S1A_IW_SLC__1SDV_20260106T085142_20260106T085209_062644_07DA6C_D4DC.zip,missing_auth
feature_0_part_1_split_1,0,Sentinel-1A,,SENTINEL-1,Sentinel-1A,S1A_IW_SLC__1SDV_20260106T085116_20260106T085144_062644_07DA6C_CD5A-SLC,S1A_IW_SLC__1SDV_20260106T085116_20260106T085144_062644_07DA6C_CD5A,S1A_IW_SLC__1SDV_20260106T085116_20260106T085144_062644_07DA6C_CD5A.zip,primary,https://datapool.asf.alaska.edu/SLC/SA/S1A_IW_SLC__1SDV_20260106T085116_20260106T085144_062644_07DA6C_CD5A.zip,SLC,DESCENDING,97,62644,616,2026-01-06T08:51:16Z,2026-01-06T08:51:44Z,0.0 MB,C:\Users\jales\Documents\GitHub\thesis_code\downloads\sentinel1_asf\Sentinel-1A\S1A_IW_SLC__1SDV_20260106T085116_20260106T085144_062644_07DA6C_CD5A.zip,missing_auth
feature_0_part_1_split_1,0,Sentinel-1A,,SENTINEL-1,Sentinel-1A,S1A_IW_SLC__1SDV_20260106T085052_20260106T085119_062644_07DA6C_82E8-SLC,S1A_IW_SLC__1SDV_20260106T085052_20260106T085119_062644_07DA6C_82E8,S1A_IW_SLC__1SDV_20260106T085052_20260106T085119_062644_07DA6C_82E8.zip,primary,https://datapool.asf.alaska.edu/SLC/SA/S1A_IW_SLC__1SDV_20260106T085052_20260106T085119_062644_07DA6C_82E8.zip,SLC,DESCENDING,97,62644,611,2026-01-06T08:50:52Z,2026-01-06T08:51:19Z,0.0 MB,C:\Users\jales\Documents\GitHub\thesis_code\downloads\sentinel1_asf\Sentinel-1A\S1A_IW_SLC__1SDV_20260106T085052_20260106T085119_062644_07DA6C_82E8.zip,missing_auth
feature_0_part_1_split_1,0,Sentinel-1A,,SENTINEL-1,Sentinel-1A,S1A_IW_SLC__1SDV_20260106T085027_20260106T085054_062644_07DA6C_F7BF-SLC,S1A_IW_SLC__1SDV_20260106T085027_20260106T085054_062644_07DA6C_F7BF,S1A_IW_SLC__1SDV_20260106T085027_20260106T085054_062644_07DA6C_F7BF.zip,primary,https://datapool.asf.alaska.edu/SLC/SA/S1A_IW_SLC__1SDV_20260106T085027_20260106T085054_062644_07DA6C_F7BF.zip,SLC,DESCENDING,97,62644,606,2026-01-06T08:50:27Z,2026-01-06T08:50:54Z,0.0 MB,C:\Users\jales\Documents\GitHub\thesis_code\downloads\sentinel1_asf\Sentinel-1A\S1A_IW_SLC__1SDV_20260106T085027_20260106T085054_062644_07DA6C_F7BF.zip,missing_auth
feature_0_part_1_split_1,0,Sentinel-1A,,SENTINEL-1,Sentinel-1A,S1A_IW_SLC__1SDV_20260103T082840_20260103T082854_062600_07D8BE_459B-SLC,S1A_IW_SLC__1SDV_20260103T082840_20260103T082854_062600_07D8BE_459B,S1A_IW_SLC__1SDV_20260103T082840_20260103T082854_062600_07D8BE_459B.zip,primary,https://datapool.asf.alaska.edu/SLC/SA/S1A_IW_SLC__1SDV_20260103T082840_20260103T082854_062600_07D8BE_459B.zip,SLC,DESCENDING,53,62600,641,2026-01-03T08:28:40Z,2026-01-03T08:28:54Z,0.0 MB,C:\Users\jales\Documents\GitHub\thesis_code\downloads\sentinel1_asf\Sentinel-1A\S1A_IW_SLC__1SDV_20260103T082840_20260103T082854_062600_07D8BE_459B.zip,missing_auth
feature_0_part_1_split_1,0,Sentinel-1A,,SENTINEL-1,Sentinel-1A,S1A_IW_SLC__1SDV_20260103T082815_20260103T082842_062600_07D8BE_628F-SLC,S1A_IW_SLC__1SDV_20260103T082815_20260103T082842_062600_07D8BE_628F,S1A_IW_SLC__1SDV_20260103T082815_20260103T082842_062600_07D8BE_628F.zip,primary,https://datapool.asf.alaska.edu/SLC/SA/S1A_IW_SLC__1SDV_20260103T082815_20260103T082842_062600_07D8BE_628F.zip,SLC,DESCENDING,53,62600,636,2026-01-03T08:28:15Z,2026-01-03T08:28:42Z,0.0 MB,C:\Users\jales\Documents\GitHub\thesis_code\downloads\sentinel1_asf\Sentinel-1A\S1A_IW_SLC__1SDV_20260103T082815_20260103T082842_062600_07D8BE_628F.zip,missing_auth
feature_0_part_1_split_1,0,Sentinel-1A,,SENTINEL-1,Sentinel-1A,S1A_IW_SLC__1SDV_20260103T082750_20260103T082818_062600_07D8BE_5FBC-SLC,S1A_IW_SLC__1SDV_20260103T082750_20260103T082818_062600_07D8BE_5FBC,S1A_IW_SLC__1SDV_20260103T082750_20260103T082818_062600_07D8BE_5FBC.zip,primary,https://datapool.asf.alaska.edu/SLC/SA/S1A_IW_SLC__1SDV_20260103T082750_20260103T082818_062600_07D8BE_5FBC.zip,SLC,DESCENDING,53,62600,631,2026-01-03T08:27:50Z,2026-01-03T08:28:18Z,0.0 MB,C:\Users\jales\Documents\GitHub\thesis_code\downloads\sentinel1_asf\Sentinel-1A\S1A_IW_SLC__1SDV_20260103T082750_20260103T082818_062600_07D8BE_5FBC.zip,missing_auth
feature_0_part_1_split_1,0,Sentinel-1A,,SENTINEL-1,Sentinel-1A,S1A_IW_SLC__1SDV_20260103T082635_20260103T082702_062600_07D8BE_23A7-SLC,S1A_IW_SLC__1SDV_20260103T082635_20260103T082702_062600_07D8BE_23A7,S1A_IW_SLC__1SDV_20260103T082635_20260103T082702_062600_07D8BE_23A7.zip,primary,https://datapool.asf.alaska.edu/SLC/SA/S1A_IW_SLC__1SDV_20260103T082635_20260103T082702_062600_07D8BE_23A7.zip,SLC,DESCENDING,53,62600,616,2026-01-03T08:26:35Z,2026-01-03T08:27:02Z,0.0 MB,C:\Users\jales\Documents\GitHub\thesis_code\downloads\sentinel1_asf\Sentinel-1A\S1A_IW_SLC__1SDV_20260103T082635_20260103T082702_062600_07D8BE_23A7.zip,missing_auth
feature_0_part_1_split_1,0,Sentinel-1A,,SENTINEL-1,Sentinel-1A,S1A_IW_SLC__1SDV_20260103T082610_20260103T082637_062600_07D8BE_D876-SLC,S1A_IW_SLC__1SDV_20260103T082610_20260103T082637_062600_07D8BE_D876,S1A_IW_SLC__1SDV_20260103T082610_20260103T082637_062600_07D8BE_D876.zip,primary,https://datapool.asf.alaska.edu/SLC/SA/S1A_IW_SLC__1SDV_20260103T082610_20260103T082637_062600_07D8BE_D876.zip,SLC,DESCENDING,53,62600,611,2026-01-03T08:26:10Z,2026-01-03T08:26:37Z,0.0 MB,C:\Users\jales\Documents\GitHub\thesis_code\downloads\sentinel1_asf\Sentinel-1A\S1A_IW_SLC__1SDV_20260103T082610_20260103T082637_062600_07D8BE_D876.zip,missing_auth
feature_0_part_1_split_1,0,Sentinel-1A,,SENTINEL-1,Sentinel-1A,S1A_IW_SLC__1SDV_20260103T082545_20260103T082613_062600_07D8BE_C0AF-SLC,S1A_IW_SLC__1SDV_20260103T082545_20260103T082613_062600_07D8BE_C0AF,S1A_IW_SLC__1SDV_20260103T082545_20260103T082613_062600_07D8BE_C0AF.zip,primary,https://datapool.asf.alaska.edu/SLC/SA/S1A_IW_SLC__1SDV_20260103T082545_20260103T082613_062600_07D8BE_C0AF.zip,SLC,DESCENDING,53,62600,606,2026-01-03T08:25:45Z,2026-01-03T08:26:13Z,0.0 MB,C:\Users\jales\Documents\GitHub\thesis_code\downloads\sentinel1_asf\Sentinel-1A\S1A_IW_SLC__1SDV_20260103T082545_20260103T082613_062600_07D8BE_C0AF.zip,missing_auth
feature_0_part_1_split_1,0,Sentinel-1A,,SENTINEL-1,Sentinel-1A,S1A_IW_SLC__1SDV_20260103T082517_20260103T082547_062600_07D8BE_4566-SLC,S1A_IW_SLC__1SDV_20260103T082517_20260103T082547_062600_07D8BE_4566,S1A_IW_SLC__1SDV_20260103T082517_20260103T082547_062600_07D8BE_4566.zip,primary,https://datapool.asf.alaska.edu/SLC/SA/S1A_IW_SLC__1SDV_20260103T082517_20260103T082547_062600_07D8BE_4566.zip,SLC,DESCENDING,53,62600,600,2026-01-03T08:25:17Z,2026-01-03T08:25:47Z,0.0 MB,C:\Users\jales\Documents\GitHub\thesis_code\downloads\sentinel1_asf\Sentinel-1A\S1A_IW_SLC__1SDV_20260103T082517_20260103T082547_062600_07D8BE_4566.zip,missing_auth
feature_0_part_1_split_1,0,Sentinel-1A,,SENTINEL-1,Sentinel-1A,S1A_IW_SLC__1SDV_20260102T092639_20260102T092712_062586_07D82C_C5F1-SLC,S1A_IW_SLC__1SDV_20260102T092639_20260102T092712_062586_07D82C_C5F1,S1A_IW_SLC__1SDV_20260102T092639_20260102T092712_062586_07D82C_C5F1.zip,primary,https://datapool.asf.alaska.edu/SLC/SA/S1A_IW_SLC__1SDV_20260102T092639_20260102T092712_062586_07D82C_C5F1.zip,SLC,DESCENDING,39,62586,646,2026-01-02T09:26:39Z,2026-01-02T09:27:12Z,0.0 MB,C:\Users\jales\Documents\GitHub\thesis_code\downloads\sentinel1_asf\Sentinel-1A\S1A_IW_SLC__1SDV_20260102T092639_20260102T092712_062586_07D82C_C5F1.zip,missing_auth
feature_0_part_1_split_1,0,Sentinel-1A,,SENTINEL-1,Sentinel-1A,S1A_IW_SLC__1SDV_20260102T092614_20260102T092642_062586_07D82C_D51C-SLC,S1A_IW_SLC__1SDV_20260102T092614_20260102T092642_062586_07D82C_D51C,S1A_IW_SLC__1SDV_20260102T092614_20260102T092642_062586_07D82C_D51C.zip,primary,https://datapool.asf.alaska.edu/SLC/SA/S1A_IW_SLC__1SDV_20260102T092614_20260102T092642_062586_07D82C_D51C.zip,SLC,DESCENDING,39,62586,641,2026-01-02T09:26:14Z,2026-01-02T09:26:42Z,0.0 MB,C:\Users\jales\Documents\GitHub\thesis_code\downloads\sentinel1_asf\Sentinel-1A\S1A_IW_SLC__1SDV_20260102T092614_20260102T092642_062586_07D82C_D51C.zip,missing_auth
feature_0_part_1_split_1,0,Sentinel-1A,,SENTINEL-1,Sentinel-1A,S1A_IW_SLC__1SDV_20260102T092550_20260102T092617_062586_07D82C_9258-SLC,S1A_IW_SLC__1SDV_20260102T092550_20260102T092617_062586_07D82C_9258,S1A_IW_SLC__1SDV_20260102T092550_20260102T092617_062586_07D82C_9258.zip,primary,https://datapool.asf.alaska.edu/SLC/SA/S1A_IW_SLC__1SDV_20260102T092550_20260102T092617_062586_07D82C_9258.zip,SLC,DESCENDING,39,62586,636,2026-01-02T09:25:50Z,2026-01-02T09:26:17Z,0.0 MB,C:\Users\jales\Documents\GitHub\thesis_code\downloads\sentinel1_asf\Sentinel-1A\S1A_IW_SLC__1SDV_20260102T092550_20260102T092617_062586_07D82C_9258.zip,missing_auth
feature_0_part_1_split_1,0,Sentinel-1A,,SENTINEL-1,Sentinel-1A,S1A_IW_SLC__1SDV_20260102T092524_20260102T092552_062586_07D82C_BCFA-SLC,S1A_IW_SLC__1SDV_20260102T092524_20260102T092552_062586_07D82C_BCFA,S1A_IW_SLC__1SDV_20260102T092524_20260102T092552_062586_07D82C_BCFA.zip,primary,https://datapool.asf.alaska.edu/SLC/SA/S1A_IW_SLC__1SDV_20260102T092524_20260102T092552_062586_07D82C_BCFA.zip,SLC,DESCENDING,39,62586,631,2026-01-02T09:25:24Z,2026-01-02T09:25:52Z,0.0 MB,C:\Users\jales\Documents\GitHub\thesis_code\downloads\sentinel1_asf\Sentinel-1A\S1A_IW_SLC__1SDV_20260102T092524_20260102T092552_062586_07D82C_BCFA.zip,missing_auth
feature_0_part_1_split_1,0,Sentinel-1A,,SENTINEL-1,Sentinel-1A,S1A_IW_SLC__1SDV_20260101T084631_20260101T084656_062571_07D79E_8DC4-SLC,S1A_IW_SLC__1SDV_20260101T084631_20260101T084656_062571_07D79E_8DC4,S1A_IW_SLC__1SDV_20260101T084631_20260101T084656_062571_07D79E_8DC4.zip,primary,https://datapool.asf.alaska.edu/SLC/SA/S1A_IW_SLC__1SDV_20260101T084631_20260101T084656_062571_07D79E_8DC4.zip,SLC,DESCENDING,24,62571,658,2026-01-01T08:46:31Z,2026-01-01T08:46:56Z,0.0 MB,C:\Users\jales\Documents\GitHub\thesis_code\downloads\sentinel1_asf\Sentinel-1A\S1A_IW_SLC__1SDV_20260101T084631_20260101T084656_062571_07D79E_8DC4.zip,missing_auth
feature_0_part_1_split_1,0,Sentinel-1A,,SENTINEL-1,Sentinel-1A,S1A_IW_SLC__1SDV_20260101T084606_20260101T084634_062571_07D79E_5F54-SLC,S1A_IW_SLC__1SDV_20260101T084606_20260101T084634_062571_07D79E_5F54,S1A_IW_SLC__1SDV_20260101T084606_20260101T084634_062571_07D79E_5F54.zip,primary,https://datapool.asf.alaska.edu/SLC/SA/S1A_IW_SLC__1SDV_20260101T084606_20260101T084634_062571_07D79E_5F54.zip,SLC,DESCENDING,24,62571,653,2026-01-01T08:46:06Z,2026-01-01T08:46:34Z,0.0 MB,C:\Users\jales\Documents\GitHub\thesis_code\downloads\sentinel1_asf\Sentinel-1A\S1A_IW_SLC__1SDV_20260101T084606_20260101T084634_062571_07D79E_5F54.zip,missing_auth
feature_0_part_1_split_1,0,Sentinel-1A,,SENTINEL-1,Sentinel-1A,S1A_IW_SLC__1SDV_20260101T084541_20260101T084609_062571_07D79E_4B53-SLC,S1A_IW_SLC__1SDV_20260101T084541_20260101T084609_062571_07D79E_4B53,S1A_IW_SLC__1SDV_20260101T084541_20260101T084609_062571_07D79E_4B53.zip,primary,https://datapool.asf.alaska.edu/SLC/SA/S1A_IW_SLC__1SDV_20260101T084541_20260101T084609_062571_07D79E_4B53.zip,SLC,DESCENDING,24,62571,648,2026-01-01T08:45:41Z,2026-01-01T08:46:09Z,0.0 MB,C:\Users\jales\Documents\GitHub\thesis_code\downloads\sentinel1_asf\Sentinel-1A\S1A_IW_SLC__1SDV_20260101T084541_20260101T084609_062571_07D79E_4B53.zip,missing_auth
feature_0_part_1_split_1,0,Sentinel-1A,,SENTINEL-1,Sentinel-1A,S1A_IW_SLC__1SDV_20260101T084516_20260101T084543_062571_07D79E_E86F-SLC,S1A_IW_SLC__1SDV_20260101T084516_20260101T084543_062571_07D79E_E86F,S1A_IW_SLC__1SDV_20260101T084516_20260101T084543_062571_07D79E_E86F.zip,primary,https://datapool.asf.alaska.edu/SLC/SA/S1A_IW_SLC__1SDV_20260101T084516_20260101T084543_062571_07D79E_E86F.zip,SLC,DESCENDING,24,62571,643,2026-01-01T08:45:16Z,2026-01-01T08:45:43Z,0.0 MB,C:\Users\jales\Documents\GitHub\thesis_code\downloads\sentinel1_asf\Sentinel-1A\S1A_IW_SLC__1SDV_20260101T084516_20260101T084543_062571_07D79E_E86F.zip,missing_auth
feature_0_part_1_split_1,0,Sentinel-1A,,SENTINEL-1,Sentinel-1A,S1A_IW_SLC__1SDV_20260101T084451_20260101T084518_062571_07D79E_CCE6-SLC,S1A_IW_SLC__1SDV_20260101T084451_20260101T084518_062571_07D79E_CCE6,S1A_IW_SLC__1SDV_20260101T084451_20260101T084518_062571_07D79E_CCE6.zip,primary,https://datapool.asf.alaska.edu/SLC/SA/S1A_IW_SLC__1SDV_20260101T084451_20260101T084518_062571_07D79E_CCE6.zip,SLC,DESCENDING,24,62571,638,2026-01-01T08:44:51Z,2026-01-01T08:45:18Z,0.0 MB,C:\Users\jales\Documents\GitHub\thesis_code\downloads\sentinel1_asf\Sentinel-1A\S1A_IW_SLC__1SDV_20260101T084451_20260101T084518_062571_07D79E_CCE6.zip,missing_auth
feature_0_part_1_split_1,0,Sentinel-1A,,SENTINEL-1,Sentinel-1A,S1A_IW_SLC__1SDV_20260101T084426_20260101T084453_062571_07D79E_5BE3-SLC,S1A_IW_SLC__1SDV_20260101T084426_20260101T084453_062571_07D79E_5BE3,S1A_IW_SLC__1SDV_20260101T084426_20260101T084453_062571_07D79E_5BE3.zip,primary,https://datapool.asf.alaska.edu/SLC/SA/S1A_IW_SLC__1SDV_20260101T084426_20260101T084453_062571_07D79E_5BE3.zip,SLC,DESCENDING,24,62571,633,2026-01-01T08:44:26Z,2026-01-01T08:44:53Z,0.0 MB,C:\Users\jales\Documents\GitHub\thesis_code\downloads\sentinel1_asf\Sentinel-1A\S1A_IW_SLC__1SDV_20260101T084426_20260101T084453_062571_07D79E_5BE3.zip,missing_auth
feature_0_part_1_split_1,0,Sentinel-1A,,SENTINEL-1,Sentinel-1A,S1A_IW_SLC__1SDV_20260101T084401_20260101T084428_062571_07D79E_346A-SLC,S1A_IW_SLC__1SDV_20260101T084401_20260101T084428_062571_07D79E_346A,S1A_IW_SLC__1SDV_20260101T084401_20260101T084428_062571_07D79E_346A.zip,primary,https://datapool.asf.alaska.edu/SLC/SA/S1A_IW_SLC__1SDV_20260101T084401_20260101T084428_062571_07D79E_346A.zip,SLC,DESCENDING,24,62571,628,2026-01-01T08:44:01Z,2026-01-01T08:44:28Z,0.0 MB,C:\Users\jales\Documents\GitHub\thesis_code\downloads\sentinel1_asf\Sentinel-1A\S1A_IW_SLC__1SDV_20260101T084401_20260101T084428_062571_07D79E_346A.zip,missing_auth
feature_0_part_1_split_1,0,Sentinel-1A,,SENTINEL-1,Sentinel-1A,S1A_IW_SLC__1SDV_20260101T084337_20260101T084404_062571_07D79E_FB3C-SLC,S1A_IW_SLC__1SDV_20260101T084337_20260101T084404_062571_07D79E_FB3C,S1A_IW_SLC__1SDV_20260101T084337_20260101T084404_062571_07D79E_FB3C.zip,primary,https://datapool.asf.alaska.edu/SLC/SA/S1A_IW_SLC__1SDV_20260101T084337_20260101T084404_062571_07D79E_FB3C.zip,SLC,DESCENDING,24,62571,623,2026-01-01T08:43:37Z,2026-01-01T08:44:04Z,0.0 MB,C:\Users\jales\Documents\GitHub\thesis_code\downloads\sentinel1_asf\Sentinel-1A\S1A_IW_SLC__1SDV_20260101T084337_20260101T084404_062571_07D79E_FB3C.zip,missing_auth
feature_0_part_1_split_1,0,Sentinel-1A,,SENTINEL-1,Sentinel-1A,S1A_IW_SLC__1SDV_20260101T084311_20260101T084339_062571_07D79E_0337-SLC,S1A_IW_SLC__1SDV_20260101T084311_20260101T084339_062571_07D79E_0337,S1A_IW_SLC__1SDV_20260101T084311_20260101T084339_062571_07D79E_0337.zip,primary,https://datapool.asf.alaska.edu/SLC/SA/S1A_IW_SLC__1SDV_20260101T084311_20260101T084339_062571_07D79E_0337.zip,SLC,DESCENDING,24,62571,618,2026-01-01T08:43:11Z,2026-01-01T08:43:39Z,0.0 MB,C:\Users\jales\Documents\GitHub\thesis_code\downloads\sentinel1_asf\Sentinel-1A\S1A_IW_SLC__1SDV_20260101T084311_20260101T084339_062571_07D79E_0337.zip,missing_auth
feature_0_part_1_split_1,0,Sentinel-1A,,SENTINEL-1,Sentinel-1A,S1A_IW_SLC__1SDV_20260101T084246_20260101T084313_062571_07D79E_064C-SLC,S1A_IW_SLC__1SDV_20260101T084246_20260101T084313_062571_07D79E_064C,S1A_IW_SLC__1SDV_20260101T084246_20260101T084313_062571_07D79E_064C.zip,primary,https://datapool.asf.alaska.edu/SLC/SA/S1A_IW_SLC__1SDV_20260101T084246_20260101T084313_062571_07D79E_064C.zip,SLC,DESCENDING,24,62571,613,2026-01-01T08:42:46Z,2026-01-01T08:43:13Z,0.0 MB,C:\Users\jales\Documents\GitHub\thesis_code\downloads\sentinel1_asf\Sentinel-1A\S1A_IW_SLC__1SDV_20260101T084246_20260101T084313_062571_07D79E_064C.zip,missing_auth
feature_0_part_1_split_1,0,Sentinel-1A,,SENTINEL-1,Sentinel-1A,S1A_IW_SLC__1SDV_20260101T084221_20260101T084248_062571_07D79E_CE42-SLC,S1A_IW_SLC__1SDV_20260101T084221_20260101T084248_062571_07D79E_CE42,S1A_IW_SLC__1SDV_20260101T084221_20260101T084248_062571_07D79E_CE42.zip,primary,https://datapool.asf.alaska.edu/SLC/SA/S1A_IW_SLC__1SDV_20260101T084221_20260101T084248_062571_07D79E_CE42.zip,SLC,DESCENDING,24,62571,608,2026-01-01T08:42:21Z,2026-01-01T08:42:48Z,0.0 MB,C:\Users\jales\Documents\GitHub\thesis_code\downloads\sentinel1_asf\Sentinel-1A\S1A_IW_SLC__1SDV_20260101T084221_20260101T084248_062571_07D79E_CE42.zip,missing_auth
feature_0_part_1_split_1,0,Sentinel-1A,,SENTINEL-1,Sentinel-1A,S1A_IW_SLC__1SDV_20260101T084156_20260101T084223_062571_07D79E_5C62-SLC,S1A_IW_SLC__1SDV_20260101T084156_20260101T084223_062571_07D79E_5C62,S1A_IW_SLC__1SDV_20260101T084156_20260101T084223_062571_07D79E_5C62.zip,primary,https://datapool.asf.alaska.edu/SLC/SA/S1A_IW_SLC__1SDV_20260101T084156_20260101T084223_062571_07D79E_5C62.zip,SLC,DESCENDING,24,62571,603,2026-01-01T08:41:56Z,2026-01-01T08:42:23Z,0.0 MB,C:\Users\jales\Documents\GitHub\thesis_code\downloads\sentinel1_asf\Sentinel-1A\S1A_IW_SLC__1SDV_20260101T084156_20260101T084223_062571_07D79E_5C62.zip,missing_auth
feature_0_part_1_split_1,0,Sentinel-1A,,SENTINEL-1,Sentinel-1A,S1A_IW_SLC__1SDV_20260101T084132_20260101T084159_062571_07D79E_FBF6-SLC,S1A_IW_SLC__1SDV_20260101T084132_20260101T084159_062571_07D79E_FBF6,S1A_IW_SLC__1SDV_20260101T084132_20260101T084159_062571_07D79E_FBF6.zip,primary,https://datapool.asf.alaska.edu/SLC/SA/S1A_IW_SLC__1SDV_20260101T084132_20260101T084159_062571_07D79E_FBF6.zip,SLC,DESCENDING,24,62571,598,2026-01-01T08:41:32Z,2026-01-01T08:41:59Z,0.0 MB,C:\Users\jales\Documents\GitHub\thesis_code\downloads\sentinel1_asf\Sentinel-1A\S1A_IW_SLC__1SDV_20260101T084132_20260101T084159_062571_07D79E_FBF6.zip,missing_auth
feature_0_part_1_split_1,0,Sentinel-1C,,SENTINEL-1,Sentinel-1C,S1C_IW_SLC__1SDV_20260131T084640_20260131T084707_006145_00C552_E521-SLC,S1C_IW_SLC__1SDV_20260131T084640_20260131T084707_006145_00C552_E521,S1C_IW_SLC__1SDV_20260131T084640_20260131T084707_006145_00C552_E521.zip,primary,https://datapool.asf.alaska.edu/SLC/SC/S1C_IW_SLC__1SDV_20260131T084640_20260131T084707_006145_00C552_E521.zip,SLC,DESCENDING,24,6145,672,2026-01-31T08:46:40Z,2026-01-31T08:47:07Z,0.0 MB,C:\Users\jales\Documents\GitHub\thesis_code\downloads\sentinel1_asf\Sentinel-1C\S1C_IW_SLC__1SDV_20260131T084640_20260131T084707_006145_00C552_E521.zip,missing_auth
feature_0_part_1_split_1,0,Sentinel-1C,,SENTINEL-1,Sentinel-1C,S1C_IW_SLC__1SDV_20260131T084615_20260131T084642_006145_00C552_AE0D-SLC,S1C_IW_SLC__1SDV_20260131T084615_20260131T084642_006145_00C552_AE0D,S1C_IW_SLC__1SDV_20260131T084615_20260131T084642_006145_00C552_AE0D.zip,primary,https://datapool.asf.alaska.edu/SLC/SC/S1C_IW_SLC__1SDV_20260131T084615_20260131T084642_006145_00C552_AE0D.zip,SLC,DESCENDING,24,6145,667,2026-01-31T08:46:15Z,2026-01-31T08:46:42Z,0.0 MB,C:\Users\jales\Documents\GitHub\thesis_code\downloads\sentinel1_asf\Sentinel-1C\S1C_IW_SLC__1SDV_20260131T084615_20260131T084642_006145_00C552_AE0D.zip,missing_auth
feature_0_part_1_split_1,0,Sentinel-1C,,SENTINEL-1,Sentinel-1C,S1C_IW_SLC__1SDV_20260131T084546_20260131T084617_006145_00C552_C85F-SLC,S1C_IW_SLC__1SDV_20260131T084546_20260131T084617_006145_00C552_C85F,S1C_IW_SLC__1SDV_20260131T084546_20260131T084617_006145_00C552_C85F.zip,primary,https://datapool.asf.alaska.edu/SLC/SC/S1C_IW_SLC__1SDV_20260131T084546_20260131T084617_006145_00C552_C85F.zip,SLC,DESCENDING,24,6145,661,2026-01-31T08:45:46Z,2026-01-31T08:46:17Z,0.0 MB,C:\Users\jales\Documents\GitHub\thesis_code\downloads\sentinel1_asf\Sentinel-1C\S1C_IW_SLC__1SDV_20260131T084546_20260131T084617_006145_00C552_C85F.zip,missing_auth
feature_0_part_1_split_1,0,Sentinel-1C,,SENTINEL-1,Sentinel-1C,S1C_IW_SLC__1SDV_20260129T090314_20260129T090341_006116_00C461_3F93-SLC,S1C_IW_SLC__1SDV_20260129T090314_20260129T090341_006116_00C461_3F93,S1C_IW_SLC__1SDV_20260129T090314_20260129T090341_006116_00C461_3F93.zip,primary,https://datapool.asf.alaska.edu/SLC/SC/S1C_IW_SLC__1SDV_20260129T090314_20260129T090341_006116_00C461_3F93.zip,SLC,DESCENDING,170,6116,673,2026-01-29T09:03:14Z,2026-01-29T09:03:41Z,0.0 MB,C:\Users\jales\Documents\GitHub\thesis_code\downloads\sentinel1_asf\Sentinel-1C\S1C_IW_SLC__1SDV_20260129T090314_20260129T090341_006116_00C461_3F93.zip,missing_auth
feature_0_part_1_split_1,0,Sentinel-1C,,SENTINEL-1,Sentinel-1C,S1C_IW_SLC__1SDV_20260129T090249_20260129T090316_006116_00C461_1238-SLC,S1C_IW_SLC__1SDV_20260129T090249_20260129T090316_006116_00C461_1238,S1C_IW_SLC__1SDV_20260129T090249_20260129T090316_006116_00C461_1238.zip,primary,https://datapool.asf.alaska.edu/SLC/SC/S1C_IW_SLC__1SDV_20260129T090249_20260129T090316_006116_00C461_1238.zip,SLC,DESCENDING,170,6116,668,2026-01-29T09:02:49Z,2026-01-29T09:03:16Z,0.0 MB,C:\Users\jales\Documents\GitHub\thesis_code\downloads\sentinel1_asf\Sentinel-1C\S1C_IW_SLC__1SDV_20260129T090249_20260129T090316_006116_00C461_1238.zip,missing_auth
feature_0_part_1_split_1,0,Sentinel-1C,,SENTINEL-1,Sentinel-1C,S1C_IW_SLC__1SDV_20260129T090224_20260129T090251_006116_00C461_1C6F-SLC,S1C_IW_SLC__1SDV_20260129T090224_20260129T090251_006116_00C461_1C6F,S1C_IW_SLC__1SDV_20260129T090224_20260129T090251_006116_00C461_1C6F.zip,primary,https://datapool.asf.alaska.edu/SLC/SC/S1C_IW_SLC__1SDV_20260129T090224_20260129T090251_006116_00C461_1C6F.zip,SLC,DESCENDING,170,6116,663,2026-01-29T09:02:24Z,2026-01-29T09:02:51Z,0.0 MB,C:\Users\jales\Documents\GitHub\thesis_code\downloads\sentinel1_asf\Sentinel-1C\S1C_IW_SLC__1SDV_20260129T090224_20260129T090251_006116_00C461_1C6F.zip,missing_auth
feature_0_part_1_split_1,0,Sentinel-1C,,SENTINEL-1,Sentinel-1C,S1C_IW_SLC__1SDV_20260129T090156_20260129T090226_006116_00C461_5D5A-SLC,S1C_IW_SLC__1SDV_20260129T090156_20260129T090226_006116_00C461_5D5A,S1C_IW_SLC__1SDV_20260129T090156_20260129T090226_006116_00C461_5D5A.zip,primary,https://datapool.asf.alaska.edu/SLC/SC/S1C_IW_SLC__1SDV_20260129T090156_20260129T090226_006116_00C461_5D5A.zip,SLC,DESCENDING,170,6116,657,2026-01-29T09:01:56Z,2026-01-29T09:02:26Z,0.0 MB,C:\Users\jales\Documents\GitHub\thesis_code\downloads\sentinel1_asf\Sentinel-1C\S1C_IW_SLC__1SDV_20260129T090156_20260129T090226_006116_00C461_5D5A.zip,missing_auth
feature_0_part_1_split_1,0,Sentinel-1C,,SENTINEL-1,Sentinel-1C,S1C_IW_SLC__1SDV_20260128T220741_20260128T220801_006109_00C425_F01B-SLC,S1C_IW_SLC__1SDV_20260128T220741_20260128T220801_006109_00C425_F01B,S1C_IW_SLC__1SDV_20260128T220741_20260128T220801_006109_00C425_F01B.zip,primary,https://datapool.asf.alaska.edu/SLC/SC/S1C_IW_SLC__1SDV_20260128T220741_20260128T220801_006109_00C425_F01B.zip,SLC,ASCENDING,163,6109,1101,2026-01-28T22:07:41Z,2026-01-28T22:08:01Z,0.0 MB,C:\Users\jales\Documents\GitHub\thesis_code\downloads\sentinel1_asf\Sentinel-1C\S1C_IW_SLC__1SDV_20260128T220741_20260128T220801_006109_00C425_F01B.zip,missing_auth
feature_0_part_1_split_1,0,Sentinel-1C,,SENTINEL-1,Sentinel-1C,S1C_IW_SLC__1SDV_20260128T082042_20260128T082109_006101_00C3DA_7775-SLC,S1C_IW_SLC__1SDV_20260128T082042_20260128T082109_006101_00C3DA_7775,S1C_IW_SLC__1SDV_20260128T082042_20260128T082109_006101_00C3DA_7775.zip,primary,https://datapool.asf.alaska.edu/SLC/SC/S1C_IW_SLC__1SDV_20260128T082042_20260128T082109_006101_00C3DA_7775.zip,SLC,DESCENDING,155,6101,656,2026-01-28T08:20:42Z,2026-01-28T08:21:09Z,0.0 MB,C:\Users\jales\Documents\GitHub\thesis_code\downloads\sentinel1_asf\Sentinel-1C\S1C_IW_SLC__1SDV_20260128T082042_20260128T082109_006101_00C3DA_7775.zip,missing_auth
feature_0_part_1_split_1,0,Sentinel-1C,,SENTINEL-1,Sentinel-1C,S1C_IW_SLC__1SDV_20260128T082014_20260128T082045_006101_00C3DA_A19B-SLC,S1C_IW_SLC__1SDV_20260128T082014_20260128T082045_006101_00C3DA_A19B,S1C_IW_SLC__1SDV_20260128T082014_20260128T082045_006101_00C3DA_A19B.zip,primary,https://datapool.asf.alaska.edu/SLC/SC/S1C_IW_SLC__1SDV_20260128T082014_20260128T082045_006101_00C3DA_A19B.zip,SLC,DESCENDING,155,6101,651,2026-01-28T08:20:14Z,2026-01-28T08:20:45Z,0.0 MB,C:\Users\jales\Documents\GitHub\thesis_code\downloads\sentinel1_asf\Sentinel-1C\S1C_IW_SLC__1SDV_20260128T082014_20260128T082045_006101_00C3DA_A19B.zip,missing_auth
feature_0_part_1_split_1,0,Sentinel-1C,,SENTINEL-1,Sentinel-1C,S1C_IW_SLC__1SDV_20260127T091905_20260127T091932_006087_00C359_36A9-SLC,S1C_IW_SLC__1SDV_20260127T091905_20260127T091932_006087_00C359_36A9,S1C_IW_SLC__1SDV_20260127T091905_20260127T091932_006087_00C359_36A9.zip,primary,https://datapool.asf.alaska.edu/SLC/SC/S1C_IW_SLC__1SDV_20260127T091905_20260127T091932_006087_00C359_36A9.zip,SLC,DESCENDING,141,6087,666,2026-01-27T09:19:05Z,2026-01-27T09:19:32Z,0.0 MB,C:\Users\jales\Documents\GitHub\thesis_code\downloads\sentinel1_asf\Sentinel-1C\S1C_IW_SLC__1SDV_20260127T091905_20260127T091932_006087_00C359_36A9.zip,missing_auth
feature_0_part_1_split_1,0,Sentinel-1C,,SENTINEL-1,Sentinel-1C,S1C_IW_SLC__1SDV_20260127T091837_20260127T091907_006087_00C359_6289-SLC,S1C_IW_SLC__1SDV_20260127T091837_20260127T091907_006087_00C359_6289,S1C_IW_SLC__1SDV_20260127T091837_20260127T091907_006087_00C359_6289.zip,primary,https://datapool.asf.alaska.edu/SLC/SC/S1C_IW_SLC__1SDV_20260127T091837_20260127T091907_006087_00C359_6289.zip,SLC,DESCENDING,141,6087,660,2026-01-27T09:18:37Z,2026-01-27T09:19:07Z,0.0 MB,C:\Users\jales\Documents\GitHub\thesis_code\downloads\sentinel1_asf\Sentinel-1C\S1C_IW_SLC__1SDV_20260127T091837_20260127T091907_006087_00C359_6289.zip,missing_auth
feature_0_part_1_split_1,0,Sentinel-1C,,SENTINEL-1,Sentinel-1C,S1C_IW_SLC__1SDV_20260126T083847_20260126T083914_006072_00C2D4_FA9B-SLC,S1C_IW_SLC__1SDV_20260126T083847_20260126T083914_006072_00C2D4_FA9B,S1C_IW_SLC__1SDV_20260126T083847_20260126T083914_006072_00C2D4_FA9B.zip,primary,https://datapool.asf.alaska.edu/SLC/SC/S1C_IW_SLC__1SDV_20260126T083847_20260126T083914_006072_00C2D4_FA9B.zip,SLC,DESCENDING,126,6072,676,2026-01-26T08:38:47Z,2026-01-26T08:39:14Z,0.0 MB,C:\Users\jales\Documents\GitHub\thesis_code\downloads\sentinel1_asf\Sentinel-1C\S1C_IW_SLC__1SDV_20260126T083847_20260126T083914_006072_00C2D4_FA9B.zip,missing_auth
feature_0_part_1_split_1,0,Sentinel-1C,,SENTINEL-1,Sentinel-1C,S1C_IW_SLC__1SDV_20260126T083822_20260126T083849_006072_00C2D4_22FC-SLC,S1C_IW_SLC__1SDV_20260126T083822_20260126T083849_006072_00C2D4_22FC,S1C_IW_SLC__1SDV_20260126T083822_20260126T083849_006072_00C2D4_22FC.zip,primary,https://datapool.asf.alaska.edu/SLC/SC/S1C_IW_SLC__1SDV_20260126T083822_20260126T083849_006072_00C2D4_22FC.zip,SLC,DESCENDING,126,6072,671,2026-01-26T08:38:22Z,2026-01-26T08:38:49Z,0.0 MB,C:\Users\jales\Documents\GitHub\thesis_code\downloads\sentinel1_asf\Sentinel-1C\S1C_IW_SLC__1SDV_20260126T083822_20260126T083849_006072_00C2D4_22FC.zip,missing_auth
feature_0_part_1_split_1,0,Sentinel-1C,,SENTINEL-1,Sentinel-1C,S1C_IW_SLC__1SDV_20260126T083756_20260126T083824_006072_00C2D4_DD50-SLC,S1C_IW_SLC__1SDV_20260126T083756_20260126T083824_006072_00C2D4_DD50,S1C_IW_SLC__1SDV_20260126T083756_20260126T083824_006072_00C2D4_DD50.zip,primary,https://datapool.asf.alaska.edu/SLC/SC/S1C_IW_SLC__1SDV_20260126T083756_20260126T083824_006072_00C2D4_DD50.zip,SLC,DESCENDING,126,6072,666,2026-01-26T08:37:56Z,2026-01-26T08:38:24Z,0.0 MB,C:\Users\jales\Documents\GitHub\thesis_code\downloads\sentinel1_asf\Sentinel-1C\S1C_IW_SLC__1SDV_20260126T083756_20260126T083824_006072_00C2D4_DD50.zip,missing_auth
feature_0_part_1_split_1,0,Sentinel-1C,,SENTINEL-1,Sentinel-1C,S1C_IW_SLC__1SDV_20260126T083731_20260126T083758_006072_00C2D4_AC2C-SLC,S1C_IW_SLC__1SDV_20260126T083731_20260126T083758_006072_00C2D4_AC2C,S1C_IW_SLC__1SDV_20260126T083731_20260126T083758_006072_00C2D4_AC2C.zip,primary,https://datapool.asf.alaska.edu/SLC/SC/S1C_IW_SLC__1SDV_20260126T083731_20260126T083758_006072_00C2D4_AC2C.zip,SLC,DESCENDING,126,6072,661,2026-01-26T08:37:31Z,2026-01-26T08:37:58Z,0.0 MB,C:\Users\jales\Documents\GitHub\thesis_code\downloads\sentinel1_asf\Sentinel-1C\S1C_IW_SLC__1SDV_20260126T083731_20260126T083758_006072_00C2D4_AC2C.zip,missing_auth
feature_0_part_1_split_1,0,Sentinel-1C,,SENTINEL-1,Sentinel-1C,S1C_IW_SLC__1SDV_20260126T083707_20260126T083734_006072_00C2D4_1CC6-SLC,S1C_IW_SLC__1SDV_20260126T083707_20260126T083734_006072_00C2D4_1CC6,S1C_IW_SLC__1SDV_20260126T083707_20260126T083734_006072_00C2D4_1CC6.zip,primary,https://datapool.asf.alaska.edu/SLC/SC/S1C_IW_SLC__1SDV_20260126T083707_20260126T083734_006072_00C2D4_1CC6.zip,SLC,DESCENDING,126,6072,656,2026-01-26T08:37:07Z,2026-01-26T08:37:34Z,0.0 MB,C:\Users\jales\Documents\GitHub\thesis_code\downloads\sentinel1_asf\Sentinel-1C\S1C_IW_SLC__1SDV_20260126T083707_20260126T083734_006072_00C2D4_1CC6.zip,missing_auth
feature_0_part_1_split_1,0,Sentinel-1C,,SENTINEL-1,Sentinel-1C,S1C_IW_SLC__1SDV_20260126T083642_20260126T083709_006072_00C2D4_949F-SLC,S1C_IW_SLC__1SDV_20260126T083642_20260126T083709_006072_00C2D4_949F,S1C_IW_SLC__1SDV_20260126T083642_20260126T083709_006072_00C2D4_949F.zip,primary,https://datapool.asf.alaska.edu/SLC/SC/S1C_IW_SLC__1SDV_20260126T083642_20260126T083709_006072_00C2D4_949F.zip,SLC,DESCENDING,126,6072,651,2026-01-26T08:36:42Z,2026-01-26T08:37:09Z,0.0 MB,C:\Users\jales\Documents\GitHub\thesis_code\downloads\sentinel1_asf\Sentinel-1C\S1C_IW_SLC__1SDV_20260126T083642_20260126T083709_006072_00C2D4_949F.zip,missing_auth
feature_0_part_1_split_1,0,Sentinel-1C,,SENTINEL-1,Sentinel-1C,S1C_IW_SLC__1SDV_20260126T083617_20260126T083644_006072_00C2D4_A186-SLC,S1C_IW_SLC__1SDV_20260126T083617_20260126T083644_006072_00C2D4_A186,S1C_IW_SLC__1SDV_20260126T083617_20260126T083644_006072_00C2D4_A186.zip,primary,https://datapool.asf.alaska.edu/SLC/SC/S1C_IW_SLC__1SDV_20260126T083617_20260126T083644_006072_00C2D4_A186.zip,SLC,DESCENDING,126,6072,646,2026-01-26T08:36:17Z,2026-01-26T08:36:44Z,0.0 MB,C:\Users\jales\Documents\GitHub\thesis_code\downloads\sentinel1_asf\Sentinel-1C\S1C_IW_SLC__1SDV_20260126T083617_20260126T083644_006072_00C2D4_A186.zip,missing_auth
feature_0_part_1_split_1,0,Sentinel-1C,,SENTINEL-1,Sentinel-1C,S1C_IW_SLC__1SDV_20260126T083548_20260126T083619_006072_00C2D4_7CE0-SLC,S1C_IW_SLC__1SDV_20260126T083548_20260126T083619_006072_00C2D4_7CE0,S1C_IW_SLC__1SDV_20260126T083548_20260126T083619_006072_00C2D4_7CE0.zip,primary,https://datapool.asf.alaska.edu/SLC/SC/S1C_IW_SLC__1SDV_20260126T083548_20260126T083619_006072_00C2D4_7CE0.zip,SLC,DESCENDING,126,6072,640,2026-01-26T08:35:48Z,2026-01-26T08:36:19Z,0.0 MB,C:\Users\jales\Documents\GitHub\thesis_code\downloads\sentinel1_asf\Sentinel-1C\S1C_IW_SLC__1SDV_20260126T083548_20260126T083619_006072_00C2D4_7CE0.zip,missing_auth
feature_0_part_1_split_1,0,Sentinel-1C,,SENTINEL-1,Sentinel-1C,S1C_IW_SLC__1SDV_20260125T093338_20260125T093409_006058_00C267_11EB-SLC,S1C_IW_SLC__1SDV_20260125T093338_20260125T093409_006058_00C267_11EB,S1C_IW_SLC__1SDV_20260125T093338_20260125T093409_006058_00C267_11EB.zip,primary,https://datapool.asf.alaska.edu/SLC/SC/S1C_IW_SLC__1SDV_20260125T093338_20260125T093409_006058_00C267_11EB.zip,SLC,DESCENDING,112,6058,643,2026-01-25T09:33:38Z,2026-01-25T09:34:09Z,0.0 MB,C:\Users\jales\Documents\GitHub\thesis_code\downloads\sentinel1_asf\Sentinel-1C\S1C_IW_SLC__1SDV_20260125T093338_20260125T093409_006058_00C267_11EB.zip,missing_auth
feature_0_part_1_split_1,0,Sentinel-1C,,SENTINEL-1,Sentinel-1C,S1C_IW_SLC__1SDV_20260124T085418_20260124T085445_006043_00C1E2_76DC-SLC,S1C_IW_SLC__1SDV_20260124T085418_20260124T085445_006043_00C1E2_76DC,S1C_IW_SLC__1SDV_20260124T085418_20260124T085445_006043_00C1E2_76DC.zip,primary,https://datapool.asf.alaska.edu/SLC/SC/S1C_IW_SLC__1SDV_20260124T085418_20260124T085445_006043_00C1E2_76DC.zip,SLC,DESCENDING,97,6043,665,2026-01-24T08:54:18Z,2026-01-24T08:54:45Z,0.0 MB,C:\Users\jales\Documents\GitHub\thesis_code\downloads\sentinel1_asf\Sentinel-1C\S1C_IW_SLC__1SDV_20260124T085418_20260124T085445_006043_00C1E2_76DC.zip,missing_auth
feature_0_part_1_split_1,0,Sentinel-1C,,SENTINEL-1,Sentinel-1C,S1C_IW_SLC__1SDV_20260124T085349_20260124T085420_006043_00C1E2_DA85-SLC,S1C_IW_SLC__1SDV_20260124T085349_20260124T085420_006043_00C1E2_DA85,S1C_IW_SLC__1SDV_20260124T085349_20260124T085420_006043_00C1E2_DA85.zip,primary,https://datapool.asf.alaska.edu/SLC/SC/S1C_IW_SLC__1SDV_20260124T085349_20260124T085420_006043_00C1E2_DA85.zip,SLC,DESCENDING,97,6043,659,2026-01-24T08:53:49Z,2026-01-24T08:54:20Z,0.0 MB,C:\Users\jales\Documents\GitHub\thesis_code\downloads\sentinel1_asf\Sentinel-1C\S1C_IW_SLC__1SDV_20260124T085349_20260124T085420_006043_00C1E2_DA85.zip,missing_auth
feature_0_part_1_split_1,0,Sentinel-1C,,SENTINEL-1,Sentinel-1C,S1C_IW_SLC__1SDV_20260122T091104_20260122T091131_006014_00C0ED_97AB-SLC,S1C_IW_SLC__1SDV_20260122T091104_20260122T091131_006014_00C0ED_97AB,S1C_IW_SLC__1SDV_20260122T091104_20260122T091131_006014_00C0ED_97AB.zip,primary,https://datapool.asf.alaska.edu/SLC/SC/S1C_IW_SLC__1SDV_20260122T091104_20260122T091131_006014_00C0ED_97AB.zip,SLC,DESCENDING,68,6014,668,2026-01-22T09:11:04Z,2026-01-22T09:11:31Z,0.0 MB,C:\Users\jales\Documents\GitHub\thesis_code\downloads\sentinel1_asf\Sentinel-1C\S1C_IW_SLC__1SDV_20260122T091104_20260122T091131_006014_00C0ED_97AB.zip,missing_auth
feature_0_part_1_split_1,0,Sentinel-1C,,SENTINEL-1,Sentinel-1C,S1C_IW_SLC__1SDV_20260122T091040_20260122T091107_006014_00C0ED_F0CA-SLC,S1C_IW_SLC__1SDV_20260122T091040_20260122T091107_006014_00C0ED_F0CA,S1C_IW_SLC__1SDV_20260122T091040_20260122T091107_006014_00C0ED_F0CA.zip,primary,https://datapool.asf.alaska.edu/SLC/SC/S1C_IW_SLC__1SDV_20260122T091040_20260122T091107_006014_00C0ED_F0CA.zip,SLC,DESCENDING,68,6014,663,2026-01-22T09:10:40Z,2026-01-22T09:11:07Z,0.0 MB,C:\Users\jales\Documents\GitHub\thesis_code\downloads\sentinel1_asf\Sentinel-1C\S1C_IW_SLC__1SDV_20260122T091040_20260122T091107_006014_00C0ED_F0CA.zip,missing_auth
feature_0_part_1_split_1,0,Sentinel-1C,,SENTINEL-1,Sentinel-1C,S1C_IW_SLC__1SDV_20260122T091015_20260122T091042_006014_00C0ED_E1B0-SLC,S1C_IW_SLC__1SDV_20260122T091015_20260122T091042_006014_00C0ED_E1B0,S1C_IW_SLC__1SDV_20260122T091015_20260122T091042_006014_00C0ED_E1B0.zip,primary,https://datapool.asf.alaska.edu/SLC/SC/S1C_IW_SLC__1SDV_20260122T091015_20260122T091042_006014_00C0ED_E1B0.zip,SLC,DESCENDING,68,6014,659,2026-01-22T09:10:15Z,2026-01-22T09:10:42Z,0.0 MB,C:\Users\jales\Documents\GitHub\thesis_code\downloads\sentinel1_asf\Sentinel-1C\S1C_IW_SLC__1SDV_20260122T091015_20260122T091042_006014_00C0ED_E1B0.zip,missing_auth
feature_0_part_1_split_1,0,Sentinel-1C,,SENTINEL-1,Sentinel-1C,S1C_IW_SLC__1SDV_20260122T090946_20260122T091017_006014_00C0ED_A70D-SLC,S1C_IW_SLC__1SDV_20260122T090946_20260122T091017_006014_00C0ED_A70D,S1C_IW_SLC__1SDV_20260122T090946_20260122T091017_006014_00C0ED_A70D.zip,primary,https://datapool.asf.alaska.edu/SLC/SC/S1C_IW_SLC__1SDV_20260122T090946_20260122T091017_006014_00C0ED_A70D.zip,SLC,DESCENDING,68,6014,653,2026-01-22T09:09:46Z,2026-01-22T09:10:17Z,0.0 MB,C:\Users\jales\Documents\GitHub\thesis_code\downloads\sentinel1_asf\Sentinel-1C\S1C_IW_SLC__1SDV_20260122T090946_20260122T091017_006014_00C0ED_A70D.zip,missing_auth
feature_0_part_1_split_1,0,Sentinel-1C,,SENTINEL-1,Sentinel-1C,S1C_IW_SLC__1SDV_20260121T221545_20260121T221611_006007_00C0C5_CA02-SLC,S1C_IW_SLC__1SDV_20260121T221545_20260121T221611_006007_00C0C5_CA02,S1C_IW_SLC__1SDV_20260121T221545_20260121T221611_006007_00C0C5_CA02.zip,primary,https://datapool.asf.alaska.edu/SLC/SC/S1C_IW_SLC__1SDV_20260121T221545_20260121T221611_006007_00C0C5_CA02.zip,SLC,ASCENDING,61,6007,1099,2026-01-21T22:15:45Z,2026-01-21T22:16:11Z,0.0 MB,C:\Users\jales\Documents\GitHub\thesis_code\downloads\sentinel1_asf\Sentinel-1C\S1C_IW_SLC__1SDV_20260121T221545_20260121T221611_006007_00C0C5_CA02.zip,missing_auth
feature_0_part_1_split_1,0,Sentinel-1C,,SENTINEL-1,Sentinel-1C,S1C_IW_SLC__1SDV_20260121T082948_20260121T083016_005999_00C086_EDAD-SLC,S1C_IW_SLC__1SDV_20260121T082948_20260121T083016_005999_00C086_EDAD,S1C_IW_SLC__1SDV_20260121T082948_20260121T083016_005999_00C086_EDAD.zip,primary,https://datapool.asf.alaska.edu/SLC/SC/S1C_IW_SLC__1SDV_20260121T082948_20260121T083016_005999_00C086_EDAD.zip,SLC,DESCENDING,53,5999,667,2026-01-21T08:29:48Z,2026-01-21T08:30:16Z,0.0 MB,C:\Users\jales\Documents\GitHub\thesis_code\downloads\sentinel1_asf\Sentinel-1C\S1C_IW_SLC__1SDV_20260121T082948_20260121T083016_005999_00C086_EDAD.zip,missing_auth
feature_0_part_1_split_1,0,Sentinel-1C,,SENTINEL-1,Sentinel-1C,S1C_IW_SLC__1SDV_20260121T082923_20260121T082950_005999_00C086_5821-SLC,S1C_IW_SLC__1SDV_20260121T082923_20260121T082950_005999_00C086_5821,S1C_IW_SLC__1SDV_20260121T082923_20260121T082950_005999_00C086_5821.zip,primary,https://datapool.asf.alaska.edu/SLC/SC/S1C_IW_SLC__1SDV_20260121T082923_20260121T082950_005999_00C086_5821.zip,SLC,DESCENDING,53,5999,662,2026-01-21T08:29:23Z,2026-01-21T08:29:50Z,0.0 MB,C:\Users\jales\Documents\GitHub\thesis_code\downloads\sentinel1_asf\Sentinel-1C\S1C_IW_SLC__1SDV_20260121T082923_20260121T082950_005999_00C086_5821.zip,missing_auth
feature_0_part_1_split_1,0,Sentinel-1C,,SENTINEL-1,Sentinel-1C,S1C_IW_SLC__1SDV_20260121T082858_20260121T082925_005999_00C086_3793-SLC,S1C_IW_SLC__1SDV_20260121T082858_20260121T082925_005999_00C086_3793,S1C_IW_SLC__1SDV_20260121T082858_20260121T082925_005999_00C086_3793.zip,primary,https://datapool.asf.alaska.edu/SLC/SC/S1C_IW_SLC__1SDV_20260121T082858_20260121T082925_005999_00C086_3793.zip,SLC,DESCENDING,53,5999,657,2026-01-21T08:28:58Z,2026-01-21T08:29:25Z,0.0 MB,C:\Users\jales\Documents\GitHub\thesis_code\downloads\sentinel1_asf\Sentinel-1C\S1C_IW_SLC__1SDV_20260121T082858_20260121T082925_005999_00C086_3793.zip,missing_auth
feature_0_part_1_split_1,0,Sentinel-1C,,SENTINEL-1,Sentinel-1C,S1C_IW_SLC__1SDV_20260121T082833_20260121T082900_005999_00C086_C829-SLC,S1C_IW_SLC__1SDV_20260121T082833_20260121T082900_005999_00C086_C829,S1C_IW_SLC__1SDV_20260121T082833_20260121T082900_005999_00C086_C829.zip,primary,https://datapool.asf.alaska.edu/SLC/SC/S1C_IW_SLC__1SDV_20260121T082833_20260121T082900_005999_00C086_C829.zip,SLC,DESCENDING,53,5999,652,2026-01-21T08:28:33Z,2026-01-21T08:29:00Z,0.0 MB,C:\Users\jales\Documents\GitHub\thesis_code\downloads\sentinel1_asf\Sentinel-1C\S1C_IW_SLC__1SDV_20260121T082833_20260121T082900_005999_00C086_C829.zip,missing_auth
feature_0_part_1_split_1,0,Sentinel-1C,,SENTINEL-1,Sentinel-1C,S1C_IW_SLC__1SDV_20260121T082808_20260121T082835_005999_00C086_67C6-SLC,S1C_IW_SLC__1SDV_20260121T082808_20260121T082835_005999_00C086_67C6,S1C_IW_SLC__1SDV_20260121T082808_20260121T082835_005999_00C086_67C6.zip,primary,https://datapool.asf.alaska.edu/SLC/SC/S1C_IW_SLC__1SDV_20260121T082808_20260121T082835_005999_00C086_67C6.zip,SLC,DESCENDING,53,5999,647,2026-01-21T08:28:08Z,2026-01-21T08:28:35Z,0.0 MB,C:\Users\jales\Documents\GitHub\thesis_code\downloads\sentinel1_asf\Sentinel-1C\S1C_IW_SLC__1SDV_20260121T082808_20260121T082835_005999_00C086_67C6.zip,missing_auth
feature_0_part_1_split_1,0,Sentinel-1C,,SENTINEL-1,Sentinel-1C,S1C_IW_SLC__1SDV_20260121T082740_20260121T082810_005999_00C086_BE6C-SLC,S1C_IW_SLC__1SDV_20260121T082740_20260121T082810_005999_00C086_BE6C,S1C_IW_SLC__1SDV_20260121T082740_20260121T082810_005999_00C086_BE6C.zip,primary,https://datapool.asf.alaska.edu/SLC/SC/S1C_IW_SLC__1SDV_20260121T082740_20260121T082810_005999_00C086_BE6C.zip,SLC,DESCENDING,53,5999,641,2026-01-21T08:27:40Z,2026-01-21T08:28:10Z,0.0 MB,C:\Users\jales\Documents\GitHub\thesis_code\downloads\sentinel1_asf\Sentinel-1C\S1C_IW_SLC__1SDV_20260121T082740_20260121T082810_005999_00C086_BE6C.zip,missing_auth
feature_0_part_1_split_1,0,Sentinel-1C,,SENTINEL-1,Sentinel-1C,S1C_IW_SLC__1SDV_20260119T084640_20260119T084707_005970_00BFA0_9EAD-SLC,S1C_IW_SLC__1SDV_20260119T084640_20260119T084707_005970_00BFA0_9EAD,S1C_IW_SLC__1SDV_20260119T084640_20260119T084707_005970_00BFA0_9EAD.zip,primary,https://datapool.asf.alaska.edu/SLC/SC/S1C_IW_SLC__1SDV_20260119T084640_20260119T084707_005970_00BFA0_9EAD.zip,SLC,DESCENDING,24,5970,672,2026-01-19T08:46:40Z,2026-01-19T08:47:07Z,0.0 MB,C:\Users\jales\Documents\GitHub\thesis_code\downloads\sentinel1_asf\Sentinel-1C\S1C_IW_SLC__1SDV_20260119T084640_20260119T084707_005970_00BFA0_9EAD.zip,missing_auth
feature_0_part_1_split_1,0,Sentinel-1C,,SENTINEL-1,Sentinel-1C,S1C_IW_SLC__1SDV_20260119T084615_20260119T084642_005970_00BFA0_EF3F-SLC,S1C_IW_SLC__1SDV_20260119T084615_20260119T084642_005970_00BFA0_EF3F,S1C_IW_SLC__1SDV_20260119T084615_20260119T084642_005970_00BFA0_EF3F.zip,primary,https://datapool.asf.alaska.edu/SLC/SC/S1C_IW_SLC__1SDV_20260119T084615_20260119T084642_005970_00BFA0_EF3F.zip,SLC,DESCENDING,24,5970,667,2026-01-19T08:46:15Z,2026-01-19T08:46:42Z,0.0 MB,C:\Users\jales\Documents\GitHub\thesis_code\downloads\sentinel1_asf\Sentinel-1C\S1C_IW_SLC__1SDV_20260119T084615_20260119T084642_005970_00BFA0_EF3F.zip,missing_auth
feature_0_part_1_split_1,0,Sentinel-1C,,SENTINEL-1,Sentinel-1C,S1C_IW_SLC__1SDV_20260119T084546_20260119T084617_005970_00BFA0_229A-SLC,S1C_IW_SLC__1SDV_20260119T084546_20260119T084617_005970_00BFA0_229A,S1C_IW_SLC__1SDV_20260119T084546_20260119T084617_005970_00BFA0_229A.zip,primary,https://datapool.asf.alaska.edu/SLC/SC/S1C_IW_SLC__1SDV_20260119T084546_20260119T084617_005970_00BFA0_229A.zip,SLC,DESCENDING,24,5970,661,2026-01-19T08:45:46Z,2026-01-19T08:46:17Z,0.0 MB,C:\Users\jales\Documents\GitHub\thesis_code\downloads\sentinel1_asf\Sentinel-1C\S1C_IW_SLC__1SDV_20260119T084546_20260119T084617_005970_00BFA0_229A.zip,missing_auth
feature_0_part_1_split_1,0,Sentinel-1C,,SENTINEL-1,Sentinel-1C,S1C_IW_SLC__1SDV_20260117T090314_20260117T090341_005941_00BEAF_DDDB-SLC,S1C_IW_SLC__1SDV_20260117T090314_20260117T090341_005941_00BEAF_DDDB,S1C_IW_SLC__1SDV_20260117T090314_20260117T090341_005941_00BEAF_DDDB.zip,primary,https://datapool.asf.alaska.edu/SLC/SC/S1C_IW_SLC__1SDV_20260117T090314_20260117T090341_005941_00BEAF_DDDB.zip,SLC,DESCENDING,170,5941,673,2026-01-17T09:03:14Z,2026-01-17T09:03:41Z,0.0 MB,C:\Users\jales\Documents\GitHub\thesis_code\downloads\sentinel1_asf\Sentinel-1C\S1C_IW_SLC__1SDV_20260117T090314_20260117T090341_005941_00BEAF_DDDB.zip,missing_auth
feature_0_part_1_split_1,0,Sentinel-1C,,SENTINEL-1,Sentinel-1C,S1C_IW_SLC__1SDV_20260117T090250_20260117T090317_005941_00BEAF_9C0E-SLC,S1C_IW_SLC__1SDV_20260117T090250_20260117T090317_005941_00BEAF_9C0E,S1C_IW_SLC__1SDV_20260117T090250_20260117T090317_005941_00BEAF_9C0E.zip,primary,https://datapool.asf.alaska.edu/SLC/SC/S1C_IW_SLC__1SDV_20260117T090250_20260117T090317_005941_00BEAF_9C0E.zip,SLC,DESCENDING,170,5941,668,2026-01-17T09:02:50Z,2026-01-17T09:03:17Z,0.0 MB,C:\Users\jales\Documents\GitHub\thesis_code\downloads\sentinel1_asf\Sentinel-1C\S1C_IW_SLC__1SDV_20260117T090250_20260117T090317_005941_00BEAF_9C0E.zip,missing_auth
feature_0_part_1_split_1,0,Sentinel-1C,,SENTINEL-1,Sentinel-1C,S1C_IW_SLC__1SDV_20260117T090225_20260117T090252_005941_00BEAF_5B8F-SLC,S1C_IW_SLC__1SDV_20260117T090225_20260117T090252_005941_00BEAF_5B8F,S1C_IW_SLC__1SDV_20260117T090225_20260117T090252_005941_00BEAF_5B8F.zip,primary,https://datapool.asf.alaska.edu/SLC/SC/S1C_IW_SLC__1SDV_20260117T090225_20260117T090252_005941_00BEAF_5B8F.zip,SLC,DESCENDING,170,5941,663,2026-01-17T09:02:25Z,2026-01-17T09:02:52Z,0.0 MB,C:\Users\jales\Documents\GitHub\thesis_code\downloads\sentinel1_asf\Sentinel-1C\S1C_IW_SLC__1SDV_20260117T090225_20260117T090252_005941_00BEAF_5B8F.zip,missing_auth
feature_0_part_1_split_1,0,Sentinel-1C,,SENTINEL-1,Sentinel-1C,S1C_IW_SLC__1SDV_20260117T090156_20260117T090227_005941_00BEAF_A00C-SLC,S1C_IW_SLC__1SDV_20260117T090156_20260117T090227_005941_00BEAF_A00C,S1C_IW_SLC__1SDV_20260117T090156_20260117T090227_005941_00BEAF_A00C.zip,primary,https://datapool.asf.alaska.edu/SLC/SC/S1C_IW_SLC__1SDV_20260117T090156_20260117T090227_005941_00BEAF_A00C.zip,SLC,DESCENDING,170,5941,657,2026-01-17T09:01:56Z,2026-01-17T09:02:27Z,0.0 MB,C:\Users\jales\Documents\GitHub\thesis_code\downloads\sentinel1_asf\Sentinel-1C\S1C_IW_SLC__1SDV_20260117T090156_20260117T090227_005941_00BEAF_A00C.zip,missing_auth
feature_0_part_1_split_1,0,Sentinel-1C,,SENTINEL-1,Sentinel-1C,S1C_IW_SLC__1SDV_20260116T220741_20260116T220802_005934_00BE72_F810-SLC,S1C_IW_SLC__1SDV_20260116T220741_20260116T220802_005934_00BE72_F810,S1C_IW_SLC__1SDV_20260116T220741_20260116T220802_005934_00BE72_F810.zip,primary,https://datapool.asf.alaska.edu/SLC/SC/S1C_IW_SLC__1SDV_20260116T220741_20260116T220802_005934_00BE72_F810.zip,SLC,ASCENDING,163,5934,1101,2026-01-16T22:07:41Z,2026-01-16T22:08:02Z,0.0 MB,C:\Users\jales\Documents\GitHub\thesis_code\downloads\sentinel1_asf\Sentinel-1C\S1C_IW_SLC__1SDV_20260116T220741_20260116T220802_005934_00BE72_F810.zip,missing_auth
feature_0_part_1_split_1,0,Sentinel-1C,,SENTINEL-1,Sentinel-1C,S1C_IW_SLC__1SDV_20260116T082043_20260116T082110_005926_00BE29_45C5-SLC,S1C_IW_SLC__1SDV_20260116T082043_20260116T082110_005926_00BE29_45C5,S1C_IW_SLC__1SDV_20260116T082043_20260116T082110_005926_00BE29_45C5.zip,primary,https://datapool.asf.alaska.edu/SLC/SC/S1C_IW_SLC__1SDV_20260116T082043_20260116T082110_005926_00BE29_45C5.zip,SLC,DESCENDING,155,5926,656,2026-01-16T08:20:43Z,2026-01-16T08:21:10Z,0.0 MB,C:\Users\jales\Documents\GitHub\thesis_code\downloads\sentinel1_asf\Sentinel-1C\S1C_IW_SLC__1SDV_20260116T082043_20260116T082110_005926_00BE29_45C5.zip,missing_auth
feature_0_part_1_split_1,0,Sentinel-1C,,SENTINEL-1,Sentinel-1C,S1C_IW_SLC__1SDV_20260116T082014_20260116T082045_005926_00BE29_99F9-SLC,S1C_IW_SLC__1SDV_20260116T082014_20260116T082045_005926_00BE29_99F9,S1C_IW_SLC__1SDV_20260116T082014_20260116T082045_005926_00BE29_99F9.zip,primary,https://datapool.asf.alaska.edu/SLC/SC/S1C_IW_SLC__1SDV_20260116T082014_20260116T082045_005926_00BE29_99F9.zip,SLC,DESCENDING,155,5926,651,2026-01-16T08:20:14Z,2026-01-16T08:20:45Z,0.0 MB,C:\Users\jales\Documents\GitHub\thesis_code\downloads\sentinel1_asf\Sentinel-1C\S1C_IW_SLC__1SDV_20260116T082014_20260116T082045_005926_00BE29_99F9.zip,missing_auth
feature_0_part_1_split_1,0,Sentinel-1C,,SENTINEL-1,Sentinel-1C,S1C_IW_SLC__1SDV_20260115T091906_20260115T091933_005912_00BDA9_34C0-SLC,S1C_IW_SLC__1SDV_20260115T091906_20260115T091933_005912_00BDA9_34C0,S1C_IW_SLC__1SDV_20260115T091906_20260115T091933_005912_00BDA9_34C0.zip,primary,https://datapool.asf.alaska.edu/SLC/SC/S1C_IW_SLC__1SDV_20260115T091906_20260115T091933_005912_00BDA9_34C0.zip,SLC,DESCENDING,141,5912,666,2026-01-15T09:19:06Z,2026-01-15T09:19:33Z,0.0 MB,C:\Users\jales\Documents\GitHub\thesis_code\downloads\sentinel1_asf\Sentinel-1C\S1C_IW_SLC__1SDV_20260115T091906_20260115T091933_005912_00BDA9_34C0.zip,missing_auth
feature_0_part_1_split_1,0,Sentinel-1C,,SENTINEL-1,Sentinel-1C,S1C_IW_SLC__1SDV_20260115T091837_20260115T091908_005912_00BDA9_29F1-SLC,S1C_IW_SLC__1SDV_20260115T091837_20260115T091908_005912_00BDA9_29F1,S1C_IW_SLC__1SDV_20260115T091837_20260115T091908_005912_00BDA9_29F1.zip,primary,https://datapool.asf.alaska.edu/SLC/SC/S1C_IW_SLC__1SDV_20260115T091837_20260115T091908_005912_00BDA9_29F1.zip,SLC,DESCENDING,141,5912,660,2026-01-15T09:18:37Z,2026-01-15T09:19:08Z,0.0 MB,C:\Users\jales\Documents\GitHub\thesis_code\downloads\sentinel1_asf\Sentinel-1C\S1C_IW_SLC__1SDV_20260115T091837_20260115T091908_005912_00BDA9_29F1.zip,missing_auth
feature_0_part_1_split_1,0,Sentinel-1C,,SENTINEL-1,Sentinel-1C,S1C_IW_SLC__1SDV_20260113T093339_20260113T093410_005883_00BCA9_DBA6-SLC,S1C_IW_SLC__1SDV_20260113T093339_20260113T093410_005883_00BCA9_DBA6,S1C_IW_SLC__1SDV_20260113T093339_20260113T093410_005883_00BCA9_DBA6.zip,primary,https://datapool.asf.alaska.edu/SLC/SC/S1C_IW_SLC__1SDV_20260113T093339_20260113T093410_005883_00BCA9_DBA6.zip,SLC,DESCENDING,112,5883,643,2026-01-13T09:33:39Z,2026-01-13T09:34:10Z,0.0 MB,C:\Users\jales\Documents\GitHub\thesis_code\downloads\sentinel1_asf\Sentinel-1C\S1C_IW_SLC__1SDV_20260113T093339_20260113T093410_005883_00BCA9_DBA6.zip,missing_auth
feature_0_part_1_split_1,0,Sentinel-1C,,SENTINEL-1,Sentinel-1C,S1C_IW_SLC__1SDV_20260112T085419_20260112T085446_005868_00BC1D_02D1-SLC,S1C_IW_SLC__1SDV_20260112T085419_20260112T085446_005868_00BC1D_02D1,S1C_IW_SLC__1SDV_20260112T085419_20260112T085446_005868_00BC1D_02D1.zip,primary,https://datapool.asf.alaska.edu/SLC/SC/S1C_IW_SLC__1SDV_20260112T085419_20260112T085446_005868_00BC1D_02D1.zip,SLC,DESCENDING,97,5868,665,2026-01-12T08:54:19Z,2026-01-12T08:54:46Z,0.0 MB,C:\Users\jales\Documents\GitHub\thesis_code\downloads\sentinel1_asf\Sentinel-1C\S1C_IW_SLC__1SDV_20260112T085419_20260112T085446_005868_00BC1D_02D1.zip,missing_auth
feature_0_part_1_split_1,0,Sentinel-1C,,SENTINEL-1,Sentinel-1C,S1C_IW_SLC__1SDV_20260112T085350_20260112T085421_005868_00BC1D_69ED-SLC,S1C_IW_SLC__1SDV_20260112T085350_20260112T085421_005868_00BC1D_69ED,S1C_IW_SLC__1SDV_20260112T085350_20260112T085421_005868_00BC1D_69ED.zip,primary,https://datapool.asf.alaska.edu/SLC/SC/S1C_IW_SLC__1SDV_20260112T085350_20260112T085421_005868_00BC1D_69ED.zip,SLC,DESCENDING,97,5868,659,2026-01-12T08:53:50Z,2026-01-12T08:54:21Z,0.0 MB,C:\Users\jales\Documents\GitHub\thesis_code\downloads\sentinel1_asf\Sentinel-1C\S1C_IW_SLC__1SDV_20260112T085350_20260112T085421_005868_00BC1D_69ED.zip,missing_auth
feature_0_part_1_split_1,0,Sentinel-1C,,SENTINEL-1,Sentinel-1C,S1C_IW_SLC__1SDV_20260110T091105_20260110T091132_005839_00BB12_B501-SLC,S1C_IW_SLC__1SDV_20260110T091105_20260110T091132_005839_00BB12_B501,S1C_IW_SLC__1SDV_20260110T091105_20260110T091132_005839_00BB12_B501.zip,primary,https://datapool.asf.alaska.edu/SLC/SC/S1C_IW_SLC__1SDV_20260110T091105_20260110T091132_005839_00BB12_B501.zip,SLC,DESCENDING,68,5839,668,2026-01-10T09:11:05Z,2026-01-10T09:11:32Z,0.0 MB,C:\Users\jales\Documents\GitHub\thesis_code\downloads\sentinel1_asf\Sentinel-1C\S1C_IW_SLC__1SDV_20260110T091105_20260110T091132_005839_00BB12_B501.zip,missing_auth
feature_0_part_1_split_1,0,Sentinel-1C,,SENTINEL-1,Sentinel-1C,S1C_IW_SLC__1SDV_20260110T091040_20260110T091107_005839_00BB12_7AE7-SLC,S1C_IW_SLC__1SDV_20260110T091040_20260110T091107_005839_00BB12_7AE7,S1C_IW_SLC__1SDV_20260110T091040_20260110T091107_005839_00BB12_7AE7.zip,primary,https://datapool.asf.alaska.edu/SLC/SC/S1C_IW_SLC__1SDV_20260110T091040_20260110T091107_005839_00BB12_7AE7.zip,SLC,DESCENDING,68,5839,663,2026-01-10T09:10:40Z,2026-01-10T09:11:07Z,0.0 MB,C:\Users\jales\Documents\GitHub\thesis_code\downloads\sentinel1_asf\Sentinel-1C\S1C_IW_SLC__1SDV_20260110T091040_20260110T091107_005839_00BB12_7AE7.zip,missing_auth
feature_0_part_1_split_1,0,Sentinel-1C,,SENTINEL-1,Sentinel-1C,S1C_IW_SLC__1SDV_20260110T091015_20260110T091042_005839_00BB12_28D3-SLC,S1C_IW_SLC__1SDV_20260110T091015_20260110T091042_005839_00BB12_28D3,S1C_IW_SLC__1SDV_20260110T091015_20260110T091042_005839_00BB12_28D3.zip,primary,https://datapool.asf.alaska.edu/SLC/SC/S1C_IW_SLC__1SDV_20260110T091015_20260110T091042_005839_00BB12_28D3.zip,SLC,DESCENDING,68,5839,659,2026-01-10T09:10:15Z,2026-01-10T09:10:42Z,0.0 MB,C:\Users\jales\Documents\GitHub\thesis_code\downloads\sentinel1_asf\Sentinel-1C\S1C_IW_SLC__1SDV_20260110T091015_20260110T091042_005839_00BB12_28D3.zip,missing_auth
feature_0_part_1_split_1,0,Sentinel-1C,,SENTINEL-1,Sentinel-1C,S1C_IW_SLC__1SDV_20260110T090947_20260110T091018_005839_00BB12_C905-SLC,S1C_IW_SLC__1SDV_20260110T090947_20260110T091018_005839_00BB12_C905,S1C_IW_SLC__1SDV_20260110T090947_20260110T091018_005839_00BB12_C905.zip,primary,https://datapool.asf.alaska.edu/SLC/SC/S1C_IW_SLC__1SDV_20260110T090947_20260110T091018_005839_00BB12_C905.zip,SLC,DESCENDING,68,5839,653,2026-01-10T09:09:47Z,2026-01-10T09:10:18Z,0.0 MB,C:\Users\jales\Documents\GitHub\thesis_code\downloads\sentinel1_asf\Sentinel-1C\S1C_IW_SLC__1SDV_20260110T090947_20260110T091018_005839_00BB12_C905.zip,missing_auth
feature_0_part_1_split_1,0,Sentinel-1C,,SENTINEL-1,Sentinel-1C,S1C_IW_SLC__1SDV_20260109T221546_20260109T221612_005832_00BAD3_CCBA-SLC,S1C_IW_SLC__1SDV_20260109T221546_20260109T221612_005832_00BAD3_CCBA,S1C_IW_SLC__1SDV_20260109T221546_20260109T221612_005832_00BAD3_CCBA.zip,primary,https://datapool.asf.alaska.edu/SLC/SC/S1C_IW_SLC__1SDV_20260109T221546_20260109T221612_005832_00BAD3_CCBA.zip,SLC,ASCENDING,61,5832,1099,2026-01-09T22:15:46Z,2026-01-09T22:16:12Z,0.0 MB,C:\Users\jales\Documents\GitHub\thesis_code\downloads\sentinel1_asf\Sentinel-1C\S1C_IW_SLC__1SDV_20260109T221546_20260109T221612_005832_00BAD3_CCBA.zip,missing_auth
feature_0_part_1_split_1,0,Sentinel-1C,,SENTINEL-1,Sentinel-1C,S1C_IW_SLC__1SDV_20260109T082948_20260109T083016_005824_00BA84_7476-SLC,S1C_IW_SLC__1SDV_20260109T082948_20260109T083016_005824_00BA84_7476,S1C_IW_SLC__1SDV_20260109T082948_20260109T083016_005824_00BA84_7476.zip,primary,https://datapool.asf.alaska.edu/SLC/SC/S1C_IW_SLC__1SDV_20260109T082948_20260109T083016_005824_00BA84_7476.zip,SLC,DESCENDING,53,5824,667,2026-01-09T08:29:48Z,2026-01-09T08:30:16Z,0.0 MB,C:\Users\jales\Documents\GitHub\thesis_code\downloads\sentinel1_asf\Sentinel-1C\S1C_IW_SLC__1SDV_20260109T082948_20260109T083016_005824_00BA84_7476.zip,missing_auth
feature_0_part_1_split_1,0,Sentinel-1C,,SENTINEL-1,Sentinel-1C,S1C_IW_SLC__1SDV_20260109T082923_20260109T082950_005824_00BA84_8E71-SLC,S1C_IW_SLC__1SDV_20260109T082923_20260109T082950_005824_00BA84_8E71,S1C_IW_SLC__1SDV_20260109T082923_20260109T082950_005824_00BA84_8E71.zip,primary,https://datapool.asf.alaska.edu/SLC/SC/S1C_IW_SLC__1SDV_20260109T082923_20260109T082950_005824_00BA84_8E71.zip,SLC,DESCENDING,53,5824,662,2026-01-09T08:29:23Z,2026-01-09T08:29:50Z,0.0 MB,C:\Users\jales\Documents\GitHub\thesis_code\downloads\sentinel1_asf\Sentinel-1C\S1C_IW_SLC__1SDV_20260109T082923_20260109T082950_005824_00BA84_8E71.zip,missing_auth
feature_0_part_1_split_1,0,Sentinel-1C,,SENTINEL-1,Sentinel-1C,S1C_IW_SLC__1SDV_20260109T082858_20260109T082925_005824_00BA84_D8D1-SLC,S1C_IW_SLC__1SDV_20260109T082858_20260109T082925_005824_00BA84_D8D1,S1C_IW_SLC__1SDV_20260109T082858_20260109T082925_005824_00BA84_D8D1.zip,primary,https://datapool.asf.alaska.edu/SLC/SC/S1C_IW_SLC__1SDV_20260109T082858_20260109T082925_005824_00BA84_D8D1.zip,SLC,DESCENDING,53,5824,657,2026-01-09T08:28:58Z,2026-01-09T08:29:25Z,0.0 MB,C:\Users\jales\Documents\GitHub\thesis_code\downloads\sentinel1_asf\Sentinel-1C\S1C_IW_SLC__1SDV_20260109T082858_20260109T082925_005824_00BA84_D8D1.zip,missing_auth
feature_0_part_1_split_1,0,Sentinel-1C,,SENTINEL-1,Sentinel-1C,S1C_IW_SLC__1SDV_20260109T082834_20260109T082901_005824_00BA84_A1E1-SLC,S1C_IW_SLC__1SDV_20260109T082834_20260109T082901_005824_00BA84_A1E1,S1C_IW_SLC__1SDV_20260109T082834_20260109T082901_005824_00BA84_A1E1.zip,primary,https://datapool.asf.alaska.edu/SLC/SC/S1C_IW_SLC__1SDV_20260109T082834_20260109T082901_005824_00BA84_A1E1.zip,SLC,DESCENDING,53,5824,652,2026-01-09T08:28:34Z,2026-01-09T08:29:01Z,0.0 MB,C:\Users\jales\Documents\GitHub\thesis_code\downloads\sentinel1_asf\Sentinel-1C\S1C_IW_SLC__1SDV_20260109T082834_20260109T082901_005824_00BA84_A1E1.zip,missing_auth
feature_0_part_1_split_1,0,Sentinel-1C,,SENTINEL-1,Sentinel-1C,S1C_IW_SLC__1SDV_20260109T082809_20260109T082836_005824_00BA84_65E9-SLC,S1C_IW_SLC__1SDV_20260109T082809_20260109T082836_005824_00BA84_65E9,S1C_IW_SLC__1SDV_20260109T082809_20260109T082836_005824_00BA84_65E9.zip,primary,https://datapool.asf.alaska.edu/SLC/SC/S1C_IW_SLC__1SDV_20260109T082809_20260109T082836_005824_00BA84_65E9.zip,SLC,DESCENDING,53,5824,647,2026-01-09T08:28:09Z,2026-01-09T08:28:36Z,0.0 MB,C:\Users\jales\Documents\GitHub\thesis_code\downloads\sentinel1_asf\Sentinel-1C\S1C_IW_SLC__1SDV_20260109T082809_20260109T082836_005824_00BA84_65E9.zip,missing_auth
feature_0_part_1_split_1,0,Sentinel-1C,,SENTINEL-1,Sentinel-1C,S1C_IW_SLC__1SDV_20260109T082740_20260109T082811_005824_00BA84_2020-SLC,S1C_IW_SLC__1SDV_20260109T082740_20260109T082811_005824_00BA84_2020,S1C_IW_SLC__1SDV_20260109T082740_20260109T082811_005824_00BA84_2020.zip,primary,https://datapool.asf.alaska.edu/SLC/SC/S1C_IW_SLC__1SDV_20260109T082740_20260109T082811_005824_00BA84_2020.zip,SLC,DESCENDING,53,5824,641,2026-01-09T08:27:40Z,2026-01-09T08:28:11Z,0.0 MB,C:\Users\jales\Documents\GitHub\thesis_code\downloads\sentinel1_asf\Sentinel-1C\S1C_IW_SLC__1SDV_20260109T082740_20260109T082811_005824_00BA84_2020.zip,missing_auth
feature_0_part_1_split_1,0,Sentinel-1C,,SENTINEL-1,Sentinel-1C,S1C_IW_SLC__1SDV_20260107T084640_20260107T084707_005795_00B97F_0B60-SLC,S1C_IW_SLC__1SDV_20260107T084640_20260107T084707_005795_00B97F_0B60,S1C_IW_SLC__1SDV_20260107T084640_20260107T084707_005795_00B97F_0B60.zip,primary,https://datapool.asf.alaska.edu/SLC/SC/S1C_IW_SLC__1SDV_20260107T084640_20260107T084707_005795_00B97F_0B60.zip,SLC,DESCENDING,24,5795,672,2026-01-07T08:46:40Z,2026-01-07T08:47:07Z,0.0 MB,C:\Users\jales\Documents\GitHub\thesis_code\downloads\sentinel1_asf\Sentinel-1C\S1C_IW_SLC__1SDV_20260107T084640_20260107T084707_005795_00B97F_0B60.zip,missing_auth
feature_0_part_1_split_1,0,Sentinel-1C,,SENTINEL-1,Sentinel-1C,S1C_IW_SLC__1SDV_20260107T084615_20260107T084642_005795_00B97F_F35A-SLC,S1C_IW_SLC__1SDV_20260107T084615_20260107T084642_005795_00B97F_F35A,S1C_IW_SLC__1SDV_20260107T084615_20260107T084642_005795_00B97F_F35A.zip,primary,https://datapool.asf.alaska.edu/SLC/SC/S1C_IW_SLC__1SDV_20260107T084615_20260107T084642_005795_00B97F_F35A.zip,SLC,DESCENDING,24,5795,667,2026-01-07T08:46:15Z,2026-01-07T08:46:42Z,0.0 MB,C:\Users\jales\Documents\GitHub\thesis_code\downloads\sentinel1_asf\Sentinel-1C\S1C_IW_SLC__1SDV_20260107T084615_20260107T084642_005795_00B97F_F35A.zip,missing_auth
feature_0_part_1_split_1,0,Sentinel-1C,,SENTINEL-1,Sentinel-1C,S1C_IW_SLC__1SDV_20260107T084547_20260107T084617_005795_00B97F_1A00-SLC,S1C_IW_SLC__1SDV_20260107T084547_20260107T084617_005795_00B97F_1A00,S1C_IW_SLC__1SDV_20260107T084547_20260107T084617_005795_00B97F_1A00.zip,primary,https://datapool.asf.alaska.edu/SLC/SC/S1C_IW_SLC__1SDV_20260107T084547_20260107T084617_005795_00B97F_1A00.zip,SLC,DESCENDING,24,5795,661,2026-01-07T08:45:47Z,2026-01-07T08:46:17Z,0.0 MB,C:\Users\jales\Documents\GitHub\thesis_code\downloads\sentinel1_asf\Sentinel-1C\S1C_IW_SLC__1SDV_20260107T084547_20260107T084617_005795_00B97F_1A00.zip,missing_auth
feature_0_part_1_split_1,0,Sentinel-1C,,SENTINEL-1,Sentinel-1C,S1C_IW_SLC__1SDV_20260105T090315_20260105T090342_005766_00B880_4D1E-SLC,S1C_IW_SLC__1SDV_20260105T090315_20260105T090342_005766_00B880_4D1E,S1C_IW_SLC__1SDV_20260105T090315_20260105T090342_005766_00B880_4D1E.zip,primary,https://datapool.asf.alaska.edu/SLC/SC/S1C_IW_SLC__1SDV_20260105T090315_20260105T090342_005766_00B880_4D1E.zip,SLC,DESCENDING,170,5766,673,2026-01-05T09:03:15Z,2026-01-05T09:03:42Z,0.0 MB,C:\Users\jales\Documents\GitHub\thesis_code\downloads\sentinel1_asf\Sentinel-1C\S1C_IW_SLC__1SDV_20260105T090315_20260105T090342_005766_00B880_4D1E.zip,missing_auth
feature_0_part_1_split_1,0,Sentinel-1C,,SENTINEL-1,Sentinel-1C,S1C_IW_SLC__1SDV_20260105T090250_20260105T090317_005766_00B880_7B84-SLC,S1C_IW_SLC__1SDV_20260105T090250_20260105T090317_005766_00B880_7B84,S1C_IW_SLC__1SDV_20260105T090250_20260105T090317_005766_00B880_7B84.zip,primary,https://datapool.asf.alaska.edu/SLC/SC/S1C_IW_SLC__1SDV_20260105T090250_20260105T090317_005766_00B880_7B84.zip,SLC,DESCENDING,170,5766,668,2026-01-05T09:02:50Z,2026-01-05T09:03:17Z,0.0 MB,C:\Users\jales\Documents\GitHub\thesis_code\downloads\sentinel1_asf\Sentinel-1C\S1C_IW_SLC__1SDV_20260105T090250_20260105T090317_005766_00B880_7B84.zip,missing_auth
feature_0_part_1_split_1,0,Sentinel-1C,,SENTINEL-1,Sentinel-1C,S1C_IW_SLC__1SDV_20260105T090225_20260105T090252_005766_00B880_3651-SLC,S1C_IW_SLC__1SDV_20260105T090225_20260105T090252_005766_00B880_3651,S1C_IW_SLC__1SDV_20260105T090225_20260105T090252_005766_00B880_3651.zip,primary,https://datapool.asf.alaska.edu/SLC/SC/S1C_IW_SLC__1SDV_20260105T090225_20260105T090252_005766_00B880_3651.zip,SLC,DESCENDING,170,5766,663,2026-01-05T09:02:25Z,2026-01-05T09:02:52Z,0.0 MB,C:\Users\jales\Documents\GitHub\thesis_code\downloads\sentinel1_asf\Sentinel-1C\S1C_IW_SLC__1SDV_20260105T090225_20260105T090252_005766_00B880_3651.zip,missing_auth
feature_0_part_1_split_1,0,Sentinel-1C,,SENTINEL-1,Sentinel-1C,S1C_IW_SLC__1SDV_20260105T090157_20260105T090227_005766_00B880_FCA4-SLC,S1C_IW_SLC__1SDV_20260105T090157_20260105T090227_005766_00B880_FCA4,S1C_IW_SLC__1SDV_20260105T090157_20260105T090227_005766_00B880_FCA4.zip,primary,https://datapool.asf.alaska.edu/SLC/SC/S1C_IW_SLC__1SDV_20260105T090157_20260105T090227_005766_00B880_FCA4.zip,SLC,DESCENDING,170,5766,657,2026-01-05T09:01:57Z,2026-01-05T09:02:27Z,0.0 MB,C:\Users\jales\Documents\GitHub\thesis_code\downloads\sentinel1_asf\Sentinel-1C\S1C_IW_SLC__1SDV_20260105T090157_20260105T090227_005766_00B880_FCA4.zip,missing_auth
feature_0_part_1_split_1,0,Sentinel-1C,,SENTINEL-1,Sentinel-1C,S1C_IW_SLC__1SDV_20260104T220742_20260104T220802_005759_00B846_46D9-SLC,S1C_IW_SLC__1SDV_20260104T220742_20260104T220802_005759_00B846_46D9,S1C_IW_SLC__1SDV_20260104T220742_20260104T220802_005759_00B846_46D9.zip,primary,https://datapool.asf.alaska.edu/SLC/SC/S1C_IW_SLC__1SDV_20260104T220742_20260104T220802_005759_00B846_46D9.zip,SLC,ASCENDING,163,5759,1101,2026-01-04T22:07:42Z,2026-01-04T22:08:02Z,0.0 MB,C:\Users\jales\Documents\GitHub\thesis_code\downloads\sentinel1_asf\Sentinel-1C\S1C_IW_SLC__1SDV_20260104T220742_20260104T220802_005759_00B846_46D9.zip,missing_auth
feature_0_part_1_split_1,0,Sentinel-1C,,SENTINEL-1,Sentinel-1C,S1C_IW_SLC__1SDV_20260104T082043_20260104T082110_005751_00B7FC_0510-SLC,S1C_IW_SLC__1SDV_20260104T082043_20260104T082110_005751_00B7FC_0510,S1C_IW_SLC__1SDV_20260104T082043_20260104T082110_005751_00B7FC_0510.zip,primary,https://datapool.asf.alaska.edu/SLC/SC/S1C_IW_SLC__1SDV_20260104T082043_20260104T082110_005751_00B7FC_0510.zip,SLC,DESCENDING,155,5751,656,2026-01-04T08:20:43Z,2026-01-04T08:21:10Z,0.0 MB,C:\Users\jales\Documents\GitHub\thesis_code\downloads\sentinel1_asf\Sentinel-1C\S1C_IW_SLC__1SDV_20260104T082043_20260104T082110_005751_00B7FC_0510.zip,missing_auth
feature_0_part_1_split_1,0,Sentinel-1C,,SENTINEL-1,Sentinel-1C,S1C_IW_SLC__1SDV_20260104T082015_20260104T082045_005751_00B7FC_1022-SLC,S1C_IW_SLC__1SDV_20260104T082015_20260104T082045_005751_00B7FC_1022,S1C_IW_SLC__1SDV_20260104T082015_20260104T082045_005751_00B7FC_1022.zip,primary,https://datapool.asf.alaska.edu/SLC/SC/S1C_IW_SLC__1SDV_20260104T082015_20260104T082045_005751_00B7FC_1022.zip,SLC,DESCENDING,155,5751,651,2026-01-04T08:20:15Z,2026-01-04T08:20:45Z,0.0 MB,C:\Users\jales\Documents\GitHub\thesis_code\downloads\sentinel1_asf\Sentinel-1C\S1C_IW_SLC__1SDV_20260104T082015_20260104T082045_005751_00B7FC_1022.zip,missing_auth
feature_0_part_1_split_1,0,Sentinel-1C,,SENTINEL-1,Sentinel-1C,S1C_IW_SLC__1SDV_20260103T091906_20260103T091933_005737_00B77F_6DD0-SLC,S1C_IW_SLC__1SDV_20260103T091906_20260103T091933_005737_00B77F_6DD0,S1C_IW_SLC__1SDV_20260103T091906_20260103T091933_005737_00B77F_6DD0.zip,primary,https://datapool.asf.alaska.edu/SLC/SC/S1C_IW_SLC__1SDV_20260103T091906_20260103T091933_005737_00B77F_6DD0.zip,SLC,DESCENDING,141,5737,666,2026-01-03T09:19:06Z,2026-01-03T09:19:33Z,0.0 MB,C:\Users\jales\Documents\GitHub\thesis_code\downloads\sentinel1_asf\Sentinel-1C\S1C_IW_SLC__1SDV_20260103T091906_20260103T091933_005737_00B77F_6DD0.zip,missing_auth
feature_0_part_1_split_1,0,Sentinel-1C,,SENTINEL-1,Sentinel-1C,S1C_IW_SLC__1SDV_20260103T091838_20260103T091908_005737_00B77F_7B89-SLC,S1C_IW_SLC__1SDV_20260103T091838_20260103T091908_005737_00B77F_7B89,S1C_IW_SLC__1SDV_20260103T091838_20260103T091908_005737_00B77F_7B89.zip,primary,https://datapool.asf.alaska.edu/SLC/SC/S1C_IW_SLC__1SDV_20260103T091838_20260103T091908_005737_00B77F_7B89.zip,SLC,DESCENDING,141,5737,660,2026-01-03T09:18:38Z,2026-01-03T09:19:08Z,0.0 MB,C:\Users\jales\Documents\GitHub\thesis_code\downloads\sentinel1_asf\Sentinel-1C\S1C_IW_SLC__1SDV_20260103T091838_20260103T091908_005737_00B77F_7B89.zip,missing_auth
feature_0_part_1_split_1,0,Sentinel-1C,,SENTINEL-1,Sentinel-1C,S1C_IW_SLC__1SDV_20260102T083848_20260102T083915_005722_00B6F1_4759-SLC,S1C_IW_SLC__1SDV_20260102T083848_20260102T083915_005722_00B6F1_4759,S1C_IW_SLC__1SDV_20260102T083848_20260102T083915_005722_00B6F1_4759.zip,primary,https://datapool.asf.alaska.edu/SLC/SC/S1C_IW_SLC__1SDV_20260102T083848_20260102T083915_005722_00B6F1_4759.zip,SLC,DESCENDING,126,5722,676,2026-01-02T08:38:48Z,2026-01-02T08:39:15Z,0.0 MB,C:\Users\jales\Documents\GitHub\thesis_code\downloads\sentinel1_asf\Sentinel-1C\S1C_IW_SLC__1SDV_20260102T083848_20260102T083915_005722_00B6F1_4759.zip,missing_auth
feature_0_part_1_split_1,0,Sentinel-1C,,SENTINEL-1,Sentinel-1C,S1C_IW_SLC__1SDV_20260102T083823_20260102T083850_005722_00B6F1_EDE5-SLC,S1C_IW_SLC__1SDV_20260102T083823_20260102T083850_005722_00B6F1_EDE5,S1C_IW_SLC__1SDV_20260102T083823_20260102T083850_005722_00B6F1_EDE5.zip,primary,https://datapool.asf.alaska.edu/SLC/SC/S1C_IW_SLC__1SDV_20260102T083823_20260102T083850_005722_00B6F1_EDE5.zip,SLC,DESCENDING,126,5722,671,2026-01-02T08:38:23Z,2026-01-02T08:38:50Z,0.0 MB,C:\Users\jales\Documents\GitHub\thesis_code\downloads\sentinel1_asf\Sentinel-1C\S1C_IW_SLC__1SDV_20260102T083823_20260102T083850_005722_00B6F1_EDE5.zip,missing_auth
feature_0_part_1_split_1,0,Sentinel-1C,,SENTINEL-1,Sentinel-1C,S1C_IW_SLC__1SDV_20260102T083757_20260102T083825_005722_00B6F1_84C6-SLC,S1C_IW_SLC__1SDV_20260102T083757_20260102T083825_005722_00B6F1_84C6,S1C_IW_SLC__1SDV_20260102T083757_20260102T083825_005722_00B6F1_84C6.zip,primary,https://datapool.asf.alaska.edu/SLC/SC/S1C_IW_SLC__1SDV_20260102T083757_20260102T083825_005722_00B6F1_84C6.zip,SLC,DESCENDING,126,5722,666,2026-01-02T08:37:57Z,2026-01-02T08:38:25Z,0.0 MB,C:\Users\jales\Documents\GitHub\thesis_code\downloads\sentinel1_asf\Sentinel-1C\S1C_IW_SLC__1SDV_20260102T083757_20260102T083825_005722_00B6F1_84C6.zip,missing_auth
feature_0_part_1_split_1,0,Sentinel-1C,,SENTINEL-1,Sentinel-1C,S1C_IW_SLC__1SDV_20260102T083733_20260102T083759_005722_00B6F1_8CDE-SLC,S1C_IW_SLC__1SDV_20260102T083733_20260102T083759_005722_00B6F1_8CDE,S1C_IW_SLC__1SDV_20260102T083733_20260102T083759_005722_00B6F1_8CDE.zip,primary,https://datapool.asf.alaska.edu/SLC/SC/S1C_IW_SLC__1SDV_20260102T083733_20260102T083759_005722_00B6F1_8CDE.zip,SLC,DESCENDING,126,5722,661,2026-01-02T08:37:33Z,2026-01-02T08:37:59Z,0.0 MB,C:\Users\jales\Documents\GitHub\thesis_code\downloads\sentinel1_asf\Sentinel-1C\S1C_IW_SLC__1SDV_20260102T083733_20260102T083759_005722_00B6F1_8CDE.zip,missing_auth
feature_0_part_1_split_1,0,Sentinel-1C,,SENTINEL-1,Sentinel-1C,S1C_IW_SLC__1SDV_20260102T083708_20260102T083735_005722_00B6F1_9E7B-SLC,S1C_IW_SLC__1SDV_20260102T083708_20260102T083735_005722_00B6F1_9E7B,S1C_IW_SLC__1SDV_20260102T083708_20260102T083735_005722_00B6F1_9E7B.zip,primary,https://datapool.asf.alaska.edu/SLC/SC/S1C_IW_SLC__1SDV_20260102T083708_20260102T083735_005722_00B6F1_9E7B.zip,SLC,DESCENDING,126,5722,656,2026-01-02T08:37:08Z,2026-01-02T08:37:35Z,0.0 MB,C:\Users\jales\Documents\GitHub\thesis_code\downloads\sentinel1_asf\Sentinel-1C\S1C_IW_SLC__1SDV_20260102T083708_20260102T083735_005722_00B6F1_9E7B.zip,missing_auth
feature_0_part_1_split_1,0,Sentinel-1C,,SENTINEL-1,Sentinel-1C,S1C_IW_SLC__1SDV_20260102T083643_20260102T083710_005722_00B6F1_A986-SLC,S1C_IW_SLC__1SDV_20260102T083643_20260102T083710_005722_00B6F1_A986,S1C_IW_SLC__1SDV_20260102T083643_20260102T083710_005722_00B6F1_A986.zip,primary,https://datapool.asf.alaska.edu/SLC/SC/S1C_IW_SLC__1SDV_20260102T083643_20260102T083710_005722_00B6F1_A986.zip,SLC,DESCENDING,126,5722,651,2026-01-02T08:36:43Z,2026-01-02T08:37:10Z,0.0 MB,C:\Users\jales\Documents\GitHub\thesis_code\downloads\sentinel1_asf\Sentinel-1C\S1C_IW_SLC__1SDV_20260102T083643_20260102T083710_005722_00B6F1_A986.zip,missing_auth
feature_0_part_1_split_1,0,Sentinel-1C,,SENTINEL-1,Sentinel-1C,S1C_IW_SLC__1SDV_20260102T083618_20260102T083645_005722_00B6F1_C655-SLC,S1C_IW_SLC__1SDV_20260102T083618_20260102T083645_005722_00B6F1_C655,S1C_IW_SLC__1SDV_20260102T083618_20260102T083645_005722_00B6F1_C655.zip,primary,https://datapool.asf.alaska.edu/SLC/SC/S1C_IW_SLC__1SDV_20260102T083618_20260102T083645_005722_00B6F1_C655.zip,SLC,DESCENDING,126,5722,646,2026-01-02T08:36:18Z,2026-01-02T08:36:45Z,0.0 MB,C:\Users\jales\Documents\GitHub\thesis_code\downloads\sentinel1_asf\Sentinel-1C\S1C_IW_SLC__1SDV_20260102T083618_20260102T083645_005722_00B6F1_C655.zip,missing_auth
feature_0_part_1_split_1,0,Sentinel-1C,,SENTINEL-1,Sentinel-1C,S1C_IW_SLC__1SDV_20260102T083550_20260102T083620_005722_00B6F1_316B-SLC,S1C_IW_SLC__1SDV_20260102T083550_20260102T083620_005722_00B6F1_316B,S1C_IW_SLC__1SDV_20260102T083550_20260102T083620_005722_00B6F1_316B.zip,primary,https://datapool.asf.alaska.edu/SLC/SC/S1C_IW_SLC__1SDV_20260102T083550_20260102T083620_005722_00B6F1_316B.zip,SLC,DESCENDING,126,5722,640,2026-01-02T08:35:50Z,2026-01-02T08:36:20Z,0.0 MB,C:\Users\jales\Documents\GitHub\thesis_code\downloads\sentinel1_asf\Sentinel-1C\S1C_IW_SLC__1SDV_20260102T083550_20260102T083620_005722_00B6F1_316B.zip,missing_auth
feature_0_part_1_split_1,0,Sentinel-1C,,SENTINEL-1,Sentinel-1C,S1C_IW_SLC__1SDV_20260101T093339_20260101T093410_005708_00B682_D3E7-SLC,S1C_IW_SLC__1SDV_20260101T093339_20260101T093410_005708_00B682_D3E7,S1C_IW_SLC__1SDV_20260101T093339_20260101T093410_005708_00B682_D3E7.zip,primary,https://datapool.asf.alaska.edu/SLC/SC/S1C_IW_SLC__1SDV_20260101T093339_20260101T093410_005708_00B682_D3E7.zip,SLC,DESCENDING,112,5708,643,2026-01-01T09:33:39Z,2026-01-01T09:34:10Z,0.0 MB,C:\Users\jales\Documents\GitHub\thesis_code\downloads\sentinel1_asf\Sentinel-1C\S1C_IW_SLC__1SDV_20260101T093339_20260101T093410_005708_00B682_D3E7.zip,missing_auth
feature_0_part_1_split_1,0,Sentinel-1A,,SENTINEL-1,Sentinel-1A,S1A_IW_SLC__1SDV_20260228T090240_20260228T090304_063417_07F768_01D3-SLC,S1A_IW_SLC__1SDV_20260228T090240_20260228T090304_063417_07F768_01D3,S1A_IW_SLC__1SDV_20260228T090240_20260228T090304_063417_07F768_01D3.zip,primary,https://datapool.asf.alaska.edu/SLC/SA/S1A_IW_SLC__1SDV_20260228T090240_20260228T090304_063417_07F768_01D3.zip,SLC,DESCENDING,170,63417,655,2026-02-28T09:02:40Z,2026-02-28T09:03:04Z,0.0 MB,C:\Users\jales\Documents\GitHub\thesis_code\downloads\sentinel1_asf\Sentinel-1A\S1A_IW_SLC__1SDV_20260228T090240_20260228T090304_063417_07F768_01D3.zip,missing_auth
feature_0_part_1_split_1,0,Sentinel-1A,,SENTINEL-1,Sentinel-1A,S1A_IW_SLC__1SDV_20260228T090215_20260228T090242_063417_07F768_C457-SLC,S1A_IW_SLC__1SDV_20260228T090215_20260228T090242_063417_07F768_C457,S1A_IW_SLC__1SDV_20260228T090215_20260228T090242_063417_07F768_C457.zip,primary,https://datapool.asf.alaska.edu/SLC/SA/S1A_IW_SLC__1SDV_20260228T090215_20260228T090242_063417_07F768_C457.zip,SLC,DESCENDING,170,63417,650,2026-02-28T09:02:15Z,2026-02-28T09:02:42Z,0.0 MB,C:\Users\jales\Documents\GitHub\thesis_code\downloads\sentinel1_asf\Sentinel-1A\S1A_IW_SLC__1SDV_20260228T090215_20260228T090242_063417_07F768_C457.zip,missing_auth
feature_0_part_1_split_1,0,Sentinel-1A,,SENTINEL-1,Sentinel-1A,S1A_IW_SLC__1SDV_20260228T090150_20260228T090218_063417_07F768_3FDA-SLC,S1A_IW_SLC__1SDV_20260228T090150_20260228T090218_063417_07F768_3FDA,S1A_IW_SLC__1SDV_20260228T090150_20260228T090218_063417_07F768_3FDA.zip,primary,https://datapool.asf.alaska.edu/SLC/SA/S1A_IW_SLC__1SDV_20260228T090150_20260228T090218_063417_07F768_3FDA.zip,SLC,DESCENDING,170,63417,645,2026-02-28T09:01:50Z,2026-02-28T09:02:18Z,0.0 MB,C:\Users\jales\Documents\GitHub\thesis_code\downloads\sentinel1_asf\Sentinel-1A\S1A_IW_SLC__1SDV_20260228T090150_20260228T090218_063417_07F768_3FDA.zip,missing_auth
feature_0_part_1_split_1,0,Sentinel-1A,,SENTINEL-1,Sentinel-1A,S1A_IW_SLC__1SDV_20260228T090125_20260228T090152_063417_07F768_464E-SLC,S1A_IW_SLC__1SDV_20260228T090125_20260228T090152_063417_07F768_464E,S1A_IW_SLC__1SDV_20260228T090125_20260228T090152_063417_07F768_464E.zip,primary,https://datapool.asf.alaska.edu/SLC/SA/S1A_IW_SLC__1SDV_20260228T090125_20260228T090152_063417_07F768_464E.zip,SLC,DESCENDING,170,63417,640,2026-02-28T09:01:25Z,2026-02-28T09:01:52Z,0.0 MB,C:\Users\jales\Documents\GitHub\thesis_code\downloads\sentinel1_asf\Sentinel-1A\S1A_IW_SLC__1SDV_20260228T090125_20260228T090152_063417_07F768_464E.zip,missing_auth
feature_0_part_1_split_1,0,Sentinel-1A,,SENTINEL-1,Sentinel-1A,S1A_IW_SLC__1SDV_20260228T090100_20260228T090127_063417_07F768_A4DA-SLC,S1A_IW_SLC__1SDV_20260228T090100_20260228T090127_063417_07F768_A4DA,S1A_IW_SLC__1SDV_20260228T090100_20260228T090127_063417_07F768_A4DA.zip,primary,https://datapool.asf.alaska.edu/SLC/SA/S1A_IW_SLC__1SDV_20260228T090100_20260228T090127_063417_07F768_A4DA.zip,SLC,DESCENDING,170,63417,635,2026-02-28T09:01:00Z,2026-02-28T09:01:27Z,0.0 MB,C:\Users\jales\Documents\GitHub\thesis_code\downloads\sentinel1_asf\Sentinel-1A\S1A_IW_SLC__1SDV_20260228T090100_20260228T090127_063417_07F768_A4DA.zip,missing_auth
feature_0_part_1_split_1,0,Sentinel-1A,,SENTINEL-1,Sentinel-1A,S1A_IW_SLC__1SDV_20260228T090035_20260228T090102_063417_07F768_DEAE-SLC,S1A_IW_SLC__1SDV_20260228T090035_20260228T090102_063417_07F768_DEAE,S1A_IW_SLC__1SDV_20260228T090035_20260228T090102_063417_07F768_DEAE.zip,primary,https://datapool.asf.alaska.edu/SLC/SA/S1A_IW_SLC__1SDV_20260228T090035_20260228T090102_063417_07F768_DEAE.zip,SLC,DESCENDING,170,63417,630,2026-02-28T09:00:35Z,2026-02-28T09:01:02Z,0.0 MB,C:\Users\jales\Documents\GitHub\thesis_code\downloads\sentinel1_asf\Sentinel-1A\S1A_IW_SLC__1SDV_20260228T090035_20260228T090102_063417_07F768_DEAE.zip,missing_auth
feature_0_part_1_split_1,0,Sentinel-1A,,SENTINEL-1,Sentinel-1A,S1A_IW_SLC__1SDV_20260228T090010_20260228T090037_063417_07F768_4AAD-SLC,S1A_IW_SLC__1SDV_20260228T090010_20260228T090037_063417_07F768_4AAD,S1A_IW_SLC__1SDV_20260228T090010_20260228T090037_063417_07F768_4AAD.zip,primary,https://datapool.asf.alaska.edu/SLC/SA/S1A_IW_SLC__1SDV_20260228T090010_20260228T090037_063417_07F768_4AAD.zip,SLC,DESCENDING,170,63417,625,2026-02-28T09:00:10Z,2026-02-28T09:00:37Z,0.0 MB,C:\Users\jales\Documents\GitHub\thesis_code\downloads\sentinel1_asf\Sentinel-1A\S1A_IW_SLC__1SDV_20260228T090010_20260228T090037_063417_07F768_4AAD.zip,missing_auth
feature_0_part_1_split_1,0,Sentinel-1A,,SENTINEL-1,Sentinel-1A,S1A_IW_SLC__1SDV_20260228T085946_20260228T090012_063417_07F768_B030-SLC,S1A_IW_SLC__1SDV_20260228T085946_20260228T090012_063417_07F768_B030,S1A_IW_SLC__1SDV_20260228T085946_20260228T090012_063417_07F768_B030.zip,primary,https://datapool.asf.alaska.edu/SLC/SA/S1A_IW_SLC__1SDV_20260228T085946_20260228T090012_063417_07F768_B030.zip,SLC,DESCENDING,170,63417,620,2026-02-28T08:59:46Z,2026-02-28T09:00:12Z,0.0 MB,C:\Users\jales\Documents\GitHub\thesis_code\downloads\sentinel1_asf\Sentinel-1A\S1A_IW_SLC__1SDV_20260228T085946_20260228T090012_063417_07F768_B030.zip,missing_auth
feature_0_part_1_split_1,0,Sentinel-1A,,SENTINEL-1,Sentinel-1A,S1A_IW_SLC__1SDV_20260228T085920_20260228T085948_063417_07F768_54F6-SLC,S1A_IW_SLC__1SDV_20260228T085920_20260228T085948_063417_07F768_54F6,S1A_IW_SLC__1SDV_20260228T085920_20260228T085948_063417_07F768_54F6.zip,primary,https://datapool.asf.alaska.edu/SLC/SA/S1A_IW_SLC__1SDV_20260228T085920_20260228T085948_063417_07F768_54F6.zip,SLC,DESCENDING,170,63417,615,2026-02-28T08:59:20Z,2026-02-28T08:59:48Z,0.0 MB,C:\Users\jales\Documents\GitHub\thesis_code\downloads\sentinel1_asf\Sentinel-1A\S1A_IW_SLC__1SDV_20260228T085920_20260228T085948_063417_07F768_54F6.zip,missing_auth
feature_0_part_1_split_1,0,Sentinel-1A,,SENTINEL-1,Sentinel-1A,S1A_IW_SLC__1SDV_20260227T082100_20260227T082114_063402_07F6E1_DF14-SLC,S1A_IW_SLC__1SDV_20260227T082100_20260227T082114_063402_07F6E1_DF14,S1A_IW_SLC__1SDV_20260227T082100_20260227T082114_063402_07F6E1_DF14.zip,primary,https://datapool.asf.alaska.edu/SLC/SA/S1A_IW_SLC__1SDV_20260227T082100_20260227T082114_063402_07F6E1_DF14.zip,SLC,DESCENDING,155,63402,648,2026-02-27T08:21:00Z,2026-02-27T08:21:14Z,0.0 MB,C:\Users\jales\Documents\GitHub\thesis_code\downloads\sentinel1_asf\Sentinel-1A\S1A_IW_SLC__1SDV_20260227T082100_20260227T082114_063402_07F6E1_DF14.zip,missing_auth
feature_0_part_1_split_1,0,Sentinel-1A,,SENTINEL-1,Sentinel-1A,S1A_IW_SLC__1SDV_20260227T082035_20260227T082102_063402_07F6E1_214D-SLC,S1A_IW_SLC__1SDV_20260227T082035_20260227T082102_063402_07F6E1_214D,S1A_IW_SLC__1SDV_20260227T082035_20260227T082102_063402_07F6E1_214D.zip,primary,https://datapool.asf.alaska.edu/SLC/SA/S1A_IW_SLC__1SDV_20260227T082035_20260227T082102_063402_07F6E1_214D.zip,SLC,DESCENDING,155,63402,643,2026-02-27T08:20:35Z,2026-02-27T08:21:02Z,0.0 MB,C:\Users\jales\Documents\GitHub\thesis_code\downloads\sentinel1_asf\Sentinel-1A\S1A_IW_SLC__1SDV_20260227T082035_20260227T082102_063402_07F6E1_214D.zip,missing_auth
feature_0_part_1_split_1,0,Sentinel-1A,,SENTINEL-1,Sentinel-1A,S1A_IW_SLC__1SDV_20260227T082011_20260227T082038_063402_07F6E1_9B59-SLC,S1A_IW_SLC__1SDV_20260227T082011_20260227T082038_063402_07F6E1_9B59,S1A_IW_SLC__1SDV_20260227T082011_20260227T082038_063402_07F6E1_9B59.zip,primary,https://datapool.asf.alaska.edu/SLC/SA/S1A_IW_SLC__1SDV_20260227T082011_20260227T082038_063402_07F6E1_9B59.zip,SLC,DESCENDING,155,63402,638,2026-02-27T08:20:11Z,2026-02-27T08:20:38Z,0.0 MB,C:\Users\jales\Documents\GitHub\thesis_code\downloads\sentinel1_asf\Sentinel-1A\S1A_IW_SLC__1SDV_20260227T082011_20260227T082038_063402_07F6E1_9B59.zip,missing_auth
feature_0_part_1_split_1,0,Sentinel-1A,,SENTINEL-1,Sentinel-1A,S1A_IW_SLC__1SDV_20260226T091918_20260226T091940_063388_07F64F_DFEB-SLC,S1A_IW_SLC__1SDV_20260226T091918_20260226T091940_063388_07F64F_DFEB,S1A_IW_SLC__1SDV_20260226T091918_20260226T091940_063388_07F64F_DFEB.zip,primary,https://datapool.asf.alaska.edu/SLC/SA/S1A_IW_SLC__1SDV_20260226T091918_20260226T091940_063388_07F64F_DFEB.zip,SLC,DESCENDING,141,63388,657,2026-02-26T09:19:18Z,2026-02-26T09:19:40Z,0.0 MB,C:\Users\jales\Documents\GitHub\thesis_code\downloads\sentinel1_asf\Sentinel-1A\S1A_IW_SLC__1SDV_20260226T091918_20260226T091940_063388_07F64F_DFEB.zip,missing_auth
feature_0_part_1_split_1,0,Sentinel-1A,,SENTINEL-1,Sentinel-1A,S1A_IW_SLC__1SDV_20260226T091829_20260226T091856_063388_07F64F_0D8A-SLC,S1A_IW_SLC__1SDV_20260226T091829_20260226T091856_063388_07F64F_0D8A,S1A_IW_SLC__1SDV_20260226T091829_20260226T091856_063388_07F64F_0D8A.zip,primary,https://datapool.asf.alaska.edu/SLC/SA/S1A_IW_SLC__1SDV_20260226T091829_20260226T091856_063388_07F64F_0D8A.zip,SLC,DESCENDING,141,63388,647,2026-02-26T09:18:29Z,2026-02-26T09:18:56Z,0.0 MB,C:\Users\jales\Documents\GitHub\thesis_code\downloads\sentinel1_asf\Sentinel-1A\S1A_IW_SLC__1SDV_20260226T091829_20260226T091856_063388_07F64F_0D8A.zip,missing_auth
feature_0_part_1_split_1,0,Sentinel-1A,,SENTINEL-1,Sentinel-1A,S1A_IW_SLC__1SDV_20260226T091804_20260226T091831_063388_07F64F_2EDC-SLC,S1A_IW_SLC__1SDV_20260226T091804_20260226T091831_063388_07F64F_2EDC,S1A_IW_SLC__1SDV_20260226T091804_20260226T091831_063388_07F64F_2EDC.zip,primary,https://datapool.asf.alaska.edu/SLC/SA/S1A_IW_SLC__1SDV_20260226T091804_20260226T091831_063388_07F64F_2EDC.zip,SLC,DESCENDING,141,63388,642,2026-02-26T09:18:04Z,2026-02-26T09:18:31Z,0.0 MB,C:\Users\jales\Documents\GitHub\thesis_code\downloads\sentinel1_asf\Sentinel-1A\S1A_IW_SLC__1SDV_20260226T091804_20260226T091831_063388_07F64F_2EDC.zip,missing_auth
feature_0_part_1_split_1,0,Sentinel-1A,,SENTINEL-1,Sentinel-1A,S1A_IW_SLC__1SDV_20260226T091739_20260226T091806_063388_07F64F_CD57-SLC,S1A_IW_SLC__1SDV_20260226T091739_20260226T091806_063388_07F64F_CD57,S1A_IW_SLC__1SDV_20260226T091739_20260226T091806_063388_07F64F_CD57.zip,primary,https://datapool.asf.alaska.edu/SLC/SA/S1A_IW_SLC__1SDV_20260226T091739_20260226T091806_063388_07F64F_CD57.zip,SLC,DESCENDING,141,63388,637,2026-02-26T09:17:39Z,2026-02-26T09:18:06Z,0.0 MB,C:\Users\jales\Documents\GitHub\thesis_code\downloads\sentinel1_asf\Sentinel-1A\S1A_IW_SLC__1SDV_20260226T091739_20260226T091806_063388_07F64F_CD57.zip,missing_auth
feature_0_part_1_split_1,0,Sentinel-1A,,SENTINEL-1,Sentinel-1A,S1A_IW_SLC__1SDV_20260226T091713_20260226T091741_063388_07F64F_EBB7-SLC,S1A_IW_SLC__1SDV_20260226T091713_20260226T091741_063388_07F64F_EBB7,S1A_IW_SLC__1SDV_20260226T091713_20260226T091741_063388_07F64F_EBB7.zip,primary,https://datapool.asf.alaska.edu/SLC/SA/S1A_IW_SLC__1SDV_20260226T091713_20260226T091741_063388_07F64F_EBB7.zip,SLC,DESCENDING,141,63388,632,2026-02-26T09:17:13Z,2026-02-26T09:17:41Z,0.0 MB,C:\Users\jales\Documents\GitHub\thesis_code\downloads\sentinel1_asf\Sentinel-1A\S1A_IW_SLC__1SDV_20260226T091713_20260226T091741_063388_07F64F_EBB7.zip,missing_auth
feature_0_part_1_split_1,0,Sentinel-1A,,SENTINEL-1,Sentinel-1A,S1A_IW_SLC__1SDV_20260225T083922_20260225T083949_063373_07F5C0_8D9D-SLC,S1A_IW_SLC__1SDV_20260225T083922_20260225T083949_063373_07F5C0_8D9D,S1A_IW_SLC__1SDV_20260225T083922_20260225T083949_063373_07F5C0_8D9D.zip,primary,https://datapool.asf.alaska.edu/SLC/SA/S1A_IW_SLC__1SDV_20260225T083922_20260225T083949_063373_07F5C0_8D9D.zip,SLC,DESCENDING,126,63373,671,2026-02-25T08:39:22Z,2026-02-25T08:39:49Z,0.0 MB,C:\Users\jales\Documents\GitHub\thesis_code\downloads\sentinel1_asf\Sentinel-1A\S1A_IW_SLC__1SDV_20260225T083922_20260225T083949_063373_07F5C0_8D9D.zip,missing_auth
feature_0_part_1_split_1,0,Sentinel-1A,,SENTINEL-1,Sentinel-1A,S1A_IW_SLC__1SDV_20260225T083857_20260225T083924_063373_07F5C0_F6C3-SLC,S1A_IW_SLC__1SDV_20260225T083857_20260225T083924_063373_07F5C0_F6C3,S1A_IW_SLC__1SDV_20260225T083857_20260225T083924_063373_07F5C0_F6C3.zip,primary,https://datapool.asf.alaska.edu/SLC/SA/S1A_IW_SLC__1SDV_20260225T083857_20260225T083924_063373_07F5C0_F6C3.zip,SLC,DESCENDING,126,63373,666,2026-02-25T08:38:57Z,2026-02-25T08:39:24Z,0.0 MB,C:\Users\jales\Documents\GitHub\thesis_code\downloads\sentinel1_asf\Sentinel-1A\S1A_IW_SLC__1SDV_20260225T083857_20260225T083924_063373_07F5C0_F6C3.zip,missing_auth
feature_0_part_1_split_1,0,Sentinel-1A,,SENTINEL-1,Sentinel-1A,S1A_IW_SLC__1SDV_20260225T083829_20260225T083859_063373_07F5C0_6007-SLC,S1A_IW_SLC__1SDV_20260225T083829_20260225T083859_063373_07F5C0_6007,S1A_IW_SLC__1SDV_20260225T083829_20260225T083859_063373_07F5C0_6007.zip,primary,https://datapool.asf.alaska.edu/SLC/SA/S1A_IW_SLC__1SDV_20260225T083829_20260225T083859_063373_07F5C0_6007.zip,SLC,DESCENDING,126,63373,661,2026-02-25T08:38:29Z,2026-02-25T08:38:59Z,0.0 MB,C:\Users\jales\Documents\GitHub\thesis_code\downloads\sentinel1_asf\Sentinel-1A\S1A_IW_SLC__1SDV_20260225T083829_20260225T083859_063373_07F5C0_6007.zip,missing_auth
feature_0_part_1_split_1,0,Sentinel-1A,,SENTINEL-1,Sentinel-1A,S1A_IW_SLC__1SDV_20260225T083643_20260225T083657_063373_07F5BF_F6F8-SLC,S1A_IW_SLC__1SDV_20260225T083643_20260225T083657_063373_07F5BF_F6F8,S1A_IW_SLC__1SDV_20260225T083643_20260225T083657_063373_07F5BF_F6F8.zip,primary,https://datapool.asf.alaska.edu/SLC/SA/S1A_IW_SLC__1SDV_20260225T083643_20260225T083657_063373_07F5BF_F6F8.zip,SLC,DESCENDING,126,63373,639,2026-02-25T08:36:43Z,2026-02-25T08:36:57Z,0.0 MB,C:\Users\jales\Documents\GitHub\thesis_code\downloads\sentinel1_asf\Sentinel-1A\S1A_IW_SLC__1SDV_20260225T083643_20260225T083657_063373_07F5BF_F6F8.zip,missing_auth
feature_0_part_1_split_1,0,Sentinel-1A,,SENTINEL-1,Sentinel-1A,S1A_IW_SLC__1SDV_20260225T083618_20260225T083645_063373_07F5BF_51B8-SLC,S1A_IW_SLC__1SDV_20260225T083618_20260225T083645_063373_07F5BF_51B8,S1A_IW_SLC__1SDV_20260225T083618_20260225T083645_063373_07F5BF_51B8.zip,primary,https://datapool.asf.alaska.edu/SLC/SA/S1A_IW_SLC__1SDV_20260225T083618_20260225T083645_063373_07F5BF_51B8.zip,SLC,DESCENDING,126,63373,635,2026-02-25T08:36:18Z,2026-02-25T08:36:45Z,0.0 MB,C:\Users\jales\Documents\GitHub\thesis_code\downloads\sentinel1_asf\Sentinel-1A\S1A_IW_SLC__1SDV_20260225T083618_20260225T083645_063373_07F5BF_51B8.zip,missing_auth
feature_0_part_1_split_1,0,Sentinel-1A,,SENTINEL-1,Sentinel-1A,S1A_IW_SLC__1SDV_20260225T083553_20260225T083621_063373_07F5BF_BBB4-SLC,S1A_IW_SLC__1SDV_20260225T083553_20260225T083621_063373_07F5BF_BBB4,S1A_IW_SLC__1SDV_20260225T083553_20260225T083621_063373_07F5BF_BBB4.zip,primary,https://datapool.asf.alaska.edu/SLC/SA/S1A_IW_SLC__1SDV_20260225T083553_20260225T083621_063373_07F5BF_BBB4.zip,SLC,DESCENDING,126,63373,629,2026-02-25T08:35:53Z,2026-02-25T08:36:21Z,0.0 MB,C:\Users\jales\Documents\GitHub\thesis_code\downloads\sentinel1_asf\Sentinel-1A\S1A_IW_SLC__1SDV_20260225T083553_20260225T083621_063373_07F5BF_BBB4.zip,missing_auth
feature_0_part_1_split_1,0,Sentinel-1A,,SENTINEL-1,Sentinel-1A,S1A_IW_SLC__1SDV_20260225T083528_20260225T083555_063373_07F5BF_AF38-SLC,S1A_IW_SLC__1SDV_20260225T083528_20260225T083555_063373_07F5BF_AF38,S1A_IW_SLC__1SDV_20260225T083528_20260225T083555_063373_07F5BF_AF38.zip,primary,https://datapool.asf.alaska.edu/SLC/SA/S1A_IW_SLC__1SDV_20260225T083528_20260225T083555_063373_07F5BF_AF38.zip,SLC,DESCENDING,126,63373,624,2026-02-25T08:35:28Z,2026-02-25T08:35:55Z,0.0 MB,C:\Users\jales\Documents\GitHub\thesis_code\downloads\sentinel1_asf\Sentinel-1A\S1A_IW_SLC__1SDV_20260225T083528_20260225T083555_063373_07F5BF_AF38.zip,missing_auth
feature_0_part_1_split_1,0,Sentinel-1A,,SENTINEL-1,Sentinel-1A,S1A_IW_SLC__1SDV_20260225T083503_20260225T083530_063373_07F5BF_5E8B-SLC,S1A_IW_SLC__1SDV_20260225T083503_20260225T083530_063373_07F5BF_5E8B,S1A_IW_SLC__1SDV_20260225T083503_20260225T083530_063373_07F5BF_5E8B.zip,primary,https://datapool.asf.alaska.edu/SLC/SA/S1A_IW_SLC__1SDV_20260225T083503_20260225T083530_063373_07F5BF_5E8B.zip,SLC,DESCENDING,126,63373,619,2026-02-25T08:35:03Z,2026-02-25T08:35:30Z,0.0 MB,C:\Users\jales\Documents\GitHub\thesis_code\downloads\sentinel1_asf\Sentinel-1A\S1A_IW_SLC__1SDV_20260225T083503_20260225T083530_063373_07F5BF_5E8B.zip,missing_auth
feature_0_part_1_split_1,0,Sentinel-1A,,SENTINEL-1,Sentinel-1A,S1A_IW_SLC__1SDV_20260225T083438_20260225T083505_063373_07F5BF_8BC9-SLC,S1A_IW_SLC__1SDV_20260225T083438_20260225T083505_063373_07F5BF_8BC9,S1A_IW_SLC__1SDV_20260225T083438_20260225T083505_063373_07F5BF_8BC9.zip,primary,https://datapool.asf.alaska.edu/SLC/SA/S1A_IW_SLC__1SDV_20260225T083438_20260225T083505_063373_07F5BF_8BC9.zip,SLC,DESCENDING,126,63373,614,2026-02-25T08:34:38Z,2026-02-25T08:35:05Z,0.0 MB,C:\Users\jales\Documents\GitHub\thesis_code\downloads\sentinel1_asf\Sentinel-1A\S1A_IW_SLC__1SDV_20260225T083438_20260225T083505_063373_07F5BF_8BC9.zip,missing_auth
feature_0_part_1_split_1,0,Sentinel-1A,,SENTINEL-1,Sentinel-1A,S1A_IW_SLC__1SDV_20260225T083413_20260225T083440_063373_07F5BF_ACE4-SLC,S1A_IW_SLC__1SDV_20260225T083413_20260225T083440_063373_07F5BF_ACE4,S1A_IW_SLC__1SDV_20260225T083413_20260225T083440_063373_07F5BF_ACE4.zip,primary,https://datapool.asf.alaska.edu/SLC/SA/S1A_IW_SLC__1SDV_20260225T083413_20260225T083440_063373_07F5BF_ACE4.zip,SLC,DESCENDING,126,63373,610,2026-02-25T08:34:13Z,2026-02-25T08:34:40Z,0.0 MB,C:\Users\jales\Documents\GitHub\thesis_code\downloads\sentinel1_asf\Sentinel-1A\S1A_IW_SLC__1SDV_20260225T083413_20260225T083440_063373_07F5BF_ACE4.zip,missing_auth
feature_0_part_1_split_1,0,Sentinel-1A,,SENTINEL-1,Sentinel-1A,S1A_IW_SLC__1SDV_20260225T083348_20260225T083416_063373_07F5BF_B2B0-SLC,S1A_IW_SLC__1SDV_20260225T083348_20260225T083416_063373_07F5BF_B2B0,S1A_IW_SLC__1SDV_20260225T083348_20260225T083416_063373_07F5BF_B2B0.zip,primary,https://datapool.asf.alaska.edu/SLC/SA/S1A_IW_SLC__1SDV_20260225T083348_20260225T083416_063373_07F5BF_B2B0.zip,SLC,DESCENDING,126,63373,604,2026-02-25T08:33:48Z,2026-02-25T08:34:16Z,0.0 MB,C:\Users\jales\Documents\GitHub\thesis_code\downloads\sentinel1_asf\Sentinel-1A\S1A_IW_SLC__1SDV_20260225T083348_20260225T083416_063373_07F5BF_B2B0.zip,missing_auth
feature_0_part_1_split_1,0,Sentinel-1A,,SENTINEL-1,Sentinel-1A,S1A_IW_SLC__1SDV_20260225T083320_20260225T083350_063373_07F5BF_3D4B-SLC,S1A_IW_SLC__1SDV_20260225T083320_20260225T083350_063373_07F5BF_3D4B,S1A_IW_SLC__1SDV_20260225T083320_20260225T083350_063373_07F5BF_3D4B.zip,primary,https://datapool.asf.alaska.edu/SLC/SA/S1A_IW_SLC__1SDV_20260225T083320_20260225T083350_063373_07F5BF_3D4B.zip,SLC,DESCENDING,126,63373,599,2026-02-25T08:33:20Z,2026-02-25T08:33:50Z,0.0 MB,C:\Users\jales\Documents\GitHub\thesis_code\downloads\sentinel1_asf\Sentinel-1A\S1A_IW_SLC__1SDV_20260225T083320_20260225T083350_063373_07F5BF_3D4B.zip,missing_auth
feature_0_part_1_split_1,0,Sentinel-1A,,SENTINEL-1,Sentinel-1A,S1A_IW_SLC__1SDV_20260224T093423_20260224T093450_063359_07F531_C331-SLC,S1A_IW_SLC__1SDV_20260224T093423_20260224T093450_063359_07F531_C331,S1A_IW_SLC__1SDV_20260224T093423_20260224T093450_063359_07F531_C331.zip,primary,https://datapool.asf.alaska.edu/SLC/SA/S1A_IW_SLC__1SDV_20260224T093423_20260224T093450_063359_07F531_C331.zip,SLC,DESCENDING,112,63359,640,2026-02-24T09:34:23Z,2026-02-24T09:34:50Z,0.0 MB,C:\Users\jales\Documents\GitHub\thesis_code\downloads\sentinel1_asf\Sentinel-1A\S1A_IW_SLC__1SDV_20260224T093423_20260224T093450_063359_07F531_C331.zip,missing_auth
feature_0_part_1_split_1,0,Sentinel-1A,,SENTINEL-1,Sentinel-1A,S1A_IW_SLC__1SDV_20260224T093358_20260224T093425_063359_07F531_BAF7-SLC,S1A_IW_SLC__1SDV_20260224T093358_20260224T093425_063359_07F531_BAF7,S1A_IW_SLC__1SDV_20260224T093358_20260224T093425_063359_07F531_BAF7.zip,primary,https://datapool.asf.alaska.edu/SLC/SA/S1A_IW_SLC__1SDV_20260224T093358_20260224T093425_063359_07F531_BAF7.zip,SLC,DESCENDING,112,63359,635,2026-02-24T09:33:58Z,2026-02-24T09:34:25Z,0.0 MB,C:\Users\jales\Documents\GitHub\thesis_code\downloads\sentinel1_asf\Sentinel-1A\S1A_IW_SLC__1SDV_20260224T093358_20260224T093425_063359_07F531_BAF7.zip,missing_auth
feature_0_part_1_split_1,0,Sentinel-1A,,SENTINEL-1,Sentinel-1A,S1A_IW_SLC__1SDV_20260224T093332_20260224T093400_063359_07F531_86AF-SLC,S1A_IW_SLC__1SDV_20260224T093332_20260224T093400_063359_07F531_86AF,S1A_IW_SLC__1SDV_20260224T093332_20260224T093400_063359_07F531_86AF.zip,primary,https://datapool.asf.alaska.edu/SLC/SA/S1A_IW_SLC__1SDV_20260224T093332_20260224T093400_063359_07F531_86AF.zip,SLC,DESCENDING,112,63359,630,2026-02-24T09:33:32Z,2026-02-24T09:34:00Z,0.0 MB,C:\Users\jales\Documents\GitHub\thesis_code\downloads\sentinel1_asf\Sentinel-1A\S1A_IW_SLC__1SDV_20260224T093332_20260224T093400_063359_07F531_86AF.zip,missing_auth
feature_0_part_1_split_1,0,Sentinel-1A,,SENTINEL-1,Sentinel-1A,S1A_IW_SLC__1SDV_20260223T085434_20260223T085458_063344_07F4A1_2F34-SLC,S1A_IW_SLC__1SDV_20260223T085434_20260223T085458_063344_07F4A1_2F34,S1A_IW_SLC__1SDV_20260223T085434_20260223T085458_063344_07F4A1_2F34.zip,primary,https://datapool.asf.alaska.edu/SLC/SA/S1A_IW_SLC__1SDV_20260223T085434_20260223T085458_063344_07F4A1_2F34.zip,SLC,DESCENDING,97,63344,656,2026-02-23T08:54:34Z,2026-02-23T08:54:58Z,0.0 MB,C:\Users\jales\Documents\GitHub\thesis_code\downloads\sentinel1_asf\Sentinel-1A\S1A_IW_SLC__1SDV_20260223T085434_20260223T085458_063344_07F4A1_2F34.zip,missing_auth
feature_0_part_1_split_1,0,Sentinel-1A,,SENTINEL-1,Sentinel-1A,S1A_IW_SLC__1SDV_20260223T085409_20260223T085436_063344_07F4A1_B04B-SLC,S1A_IW_SLC__1SDV_20260223T085409_20260223T085436_063344_07F4A1_B04B,S1A_IW_SLC__1SDV_20260223T085409_20260223T085436_063344_07F4A1_B04B.zip,primary,https://datapool.asf.alaska.edu/SLC/SA/S1A_IW_SLC__1SDV_20260223T085409_20260223T085436_063344_07F4A1_B04B.zip,SLC,DESCENDING,97,63344,651,2026-02-23T08:54:09Z,2026-02-23T08:54:36Z,0.0 MB,C:\Users\jales\Documents\GitHub\thesis_code\downloads\sentinel1_asf\Sentinel-1A\S1A_IW_SLC__1SDV_20260223T085409_20260223T085436_063344_07F4A1_B04B.zip,missing_auth
feature_0_part_1_split_1,0,Sentinel-1A,,SENTINEL-1,Sentinel-1A,S1A_IW_SLC__1SDV_20260223T085344_20260223T085412_063344_07F4A1_CE97-SLC,S1A_IW_SLC__1SDV_20260223T085344_20260223T085412_063344_07F4A1_CE97,S1A_IW_SLC__1SDV_20260223T085344_20260223T085412_063344_07F4A1_CE97.zip,primary,https://datapool.asf.alaska.edu/SLC/SA/S1A_IW_SLC__1SDV_20260223T085344_20260223T085412_063344_07F4A1_CE97.zip,SLC,DESCENDING,97,63344,646,2026-02-23T08:53:44Z,2026-02-23T08:54:12Z,0.0 MB,C:\Users\jales\Documents\GitHub\thesis_code\downloads\sentinel1_asf\Sentinel-1A\S1A_IW_SLC__1SDV_20260223T085344_20260223T085412_063344_07F4A1_CE97.zip,missing_auth
feature_0_part_1_split_1,0,Sentinel-1A,,SENTINEL-1,Sentinel-1A,S1A_IW_SLC__1SDV_20260223T085319_20260223T085346_063344_07F4A1_6DED-SLC,S1A_IW_SLC__1SDV_20260223T085319_20260223T085346_063344_07F4A1_6DED,S1A_IW_SLC__1SDV_20260223T085319_20260223T085346_063344_07F4A1_6DED.zip,primary,https://datapool.asf.alaska.edu/SLC/SA/S1A_IW_SLC__1SDV_20260223T085319_20260223T085346_063344_07F4A1_6DED.zip,SLC,DESCENDING,97,63344,641,2026-02-23T08:53:19Z,2026-02-23T08:53:46Z,0.0 MB,C:\Users\jales\Documents\GitHub\thesis_code\downloads\sentinel1_asf\Sentinel-1A\S1A_IW_SLC__1SDV_20260223T085319_20260223T085346_063344_07F4A1_6DED.zip,missing_auth
feature_0_part_1_split_1,0,Sentinel-1A,,SENTINEL-1,Sentinel-1A,S1A_IW_SLC__1SDV_20260223T085254_20260223T085321_063344_07F4A1_3F18-SLC,S1A_IW_SLC__1SDV_20260223T085254_20260223T085321_063344_07F4A1_3F18,S1A_IW_SLC__1SDV_20260223T085254_20260223T085321_063344_07F4A1_3F18.zip,primary,https://datapool.asf.alaska.edu/SLC/SA/S1A_IW_SLC__1SDV_20260223T085254_20260223T085321_063344_07F4A1_3F18.zip,SLC,DESCENDING,97,63344,636,2026-02-23T08:52:54Z,2026-02-23T08:53:21Z,0.0 MB,C:\Users\jales\Documents\GitHub\thesis_code\downloads\sentinel1_asf\Sentinel-1A\S1A_IW_SLC__1SDV_20260223T085254_20260223T085321_063344_07F4A1_3F18.zip,missing_auth
feature_0_part_1_split_1,0,Sentinel-1A,,SENTINEL-1,Sentinel-1A,S1A_IW_SLC__1SDV_20260223T085229_20260223T085256_063344_07F4A1_5395-SLC,S1A_IW_SLC__1SDV_20260223T085229_20260223T085256_063344_07F4A1_5395,S1A_IW_SLC__1SDV_20260223T085229_20260223T085256_063344_07F4A1_5395.zip,primary,https://datapool.asf.alaska.edu/SLC/SA/S1A_IW_SLC__1SDV_20260223T085229_20260223T085256_063344_07F4A1_5395.zip,SLC,DESCENDING,97,63344,631,2026-02-23T08:52:29Z,2026-02-23T08:52:56Z,0.0 MB,C:\Users\jales\Documents\GitHub\thesis_code\downloads\sentinel1_asf\Sentinel-1A\S1A_IW_SLC__1SDV_20260223T085229_20260223T085256_063344_07F4A1_5395.zip,missing_auth
feature_0_part_1_split_1,0,Sentinel-1A,,SENTINEL-1,Sentinel-1A,S1A_IW_SLC__1SDV_20260223T085204_20260223T085231_063344_07F4A1_5C84-SLC,S1A_IW_SLC__1SDV_20260223T085204_20260223T085231_063344_07F4A1_5C84,S1A_IW_SLC__1SDV_20260223T085204_20260223T085231_063344_07F4A1_5C84.zip,primary,https://datapool.asf.alaska.edu/SLC/SA/S1A_IW_SLC__1SDV_20260223T085204_20260223T085231_063344_07F4A1_5C84.zip,SLC,DESCENDING,97,63344,626,2026-02-23T08:52:04Z,2026-02-23T08:52:31Z,0.0 MB,C:\Users\jales\Documents\GitHub\thesis_code\downloads\sentinel1_asf\Sentinel-1A\S1A_IW_SLC__1SDV_20260223T085204_20260223T085231_063344_07F4A1_5C84.zip,missing_auth
feature_0_part_1_split_1,0,Sentinel-1A,,SENTINEL-1,Sentinel-1A,S1A_IW_SLC__1SDV_20260223T085139_20260223T085206_063344_07F4A1_AD40-SLC,S1A_IW_SLC__1SDV_20260223T085139_20260223T085206_063344_07F4A1_AD40,S1A_IW_SLC__1SDV_20260223T085139_20260223T085206_063344_07F4A1_AD40.zip,primary,https://datapool.asf.alaska.edu/SLC/SA/S1A_IW_SLC__1SDV_20260223T085139_20260223T085206_063344_07F4A1_AD40.zip,SLC,DESCENDING,97,63344,621,2026-02-23T08:51:39Z,2026-02-23T08:52:06Z,0.0 MB,C:\Users\jales\Documents\GitHub\thesis_code\downloads\sentinel1_asf\Sentinel-1A\S1A_IW_SLC__1SDV_20260223T085139_20260223T085206_063344_07F4A1_AD40.zip,missing_auth
feature_0_part_1_split_1,0,Sentinel-1A,,SENTINEL-1,Sentinel-1A,S1A_IW_SLC__1SDV_20260223T085114_20260223T085142_063344_07F4A1_F0BA-SLC,S1A_IW_SLC__1SDV_20260223T085114_20260223T085142_063344_07F4A1_F0BA,S1A_IW_SLC__1SDV_20260223T085114_20260223T085142_063344_07F4A1_F0BA.zip,primary,https://datapool.asf.alaska.edu/SLC/SA/S1A_IW_SLC__1SDV_20260223T085114_20260223T085142_063344_07F4A1_F0BA.zip,SLC,DESCENDING,97,63344,616,2026-02-23T08:51:14Z,2026-02-23T08:51:42Z,0.0 MB,C:\Users\jales\Documents\GitHub\thesis_code\downloads\sentinel1_asf\Sentinel-1A\S1A_IW_SLC__1SDV_20260223T085114_20260223T085142_063344_07F4A1_F0BA.zip,missing_auth
feature_0_part_1_split_1,0,Sentinel-1A,,SENTINEL-1,Sentinel-1A,S1A_IW_SLC__1SDV_20260223T085049_20260223T085116_063344_07F4A1_3A14-SLC,S1A_IW_SLC__1SDV_20260223T085049_20260223T085116_063344_07F4A1_3A14,S1A_IW_SLC__1SDV_20260223T085049_20260223T085116_063344_07F4A1_3A14.zip,primary,https://datapool.asf.alaska.edu/SLC/SA/S1A_IW_SLC__1SDV_20260223T085049_20260223T085116_063344_07F4A1_3A14.zip,SLC,DESCENDING,97,63344,611,2026-02-23T08:50:49Z,2026-02-23T08:51:16Z,0.0 MB,C:\Users\jales\Documents\GitHub\thesis_code\downloads\sentinel1_asf\Sentinel-1A\S1A_IW_SLC__1SDV_20260223T085049_20260223T085116_063344_07F4A1_3A14.zip,missing_auth
feature_0_part_1_split_1,0,Sentinel-1A,,SENTINEL-1,Sentinel-1A,S1A_IW_SLC__1SDV_20260223T085024_20260223T085051_063344_07F4A1_EBCC-SLC,S1A_IW_SLC__1SDV_20260223T085024_20260223T085051_063344_07F4A1_EBCC,S1A_IW_SLC__1SDV_20260223T085024_20260223T085051_063344_07F4A1_EBCC.zip,primary,https://datapool.asf.alaska.edu/SLC/SA/S1A_IW_SLC__1SDV_20260223T085024_20260223T085051_063344_07F4A1_EBCC.zip,SLC,DESCENDING,97,63344,606,2026-02-23T08:50:24Z,2026-02-23T08:50:51Z,0.0 MB,C:\Users\jales\Documents\GitHub\thesis_code\downloads\sentinel1_asf\Sentinel-1A\S1A_IW_SLC__1SDV_20260223T085024_20260223T085051_063344_07F4A1_EBCC.zip,missing_auth
feature_0_part_1_split_1,0,Sentinel-1A,,SENTINEL-1,Sentinel-1A,S1A_IW_SLC__1SDV_20260220T082837_20260220T082851_063300_07F2EB_240A-SLC,S1A_IW_SLC__1SDV_20260220T082837_20260220T082851_063300_07F2EB_240A,S1A_IW_SLC__1SDV_20260220T082837_20260220T082851_063300_07F2EB_240A.zip,primary,https://datapool.asf.alaska.edu/SLC/SA/S1A_IW_SLC__1SDV_20260220T082837_20260220T082851_063300_07F2EB_240A.zip,SLC,DESCENDING,53,63300,641,2026-02-20T08:28:37Z,2026-02-20T08:28:51Z,0.0 MB,C:\Users\jales\Documents\GitHub\thesis_code\downloads\sentinel1_asf\Sentinel-1A\S1A_IW_SLC__1SDV_20260220T082837_20260220T082851_063300_07F2EB_240A.zip,missing_auth
feature_0_part_1_split_1,0,Sentinel-1A,,SENTINEL-1,Sentinel-1A,S1A_IW_SLC__1SDV_20260220T082812_20260220T082839_063300_07F2EB_277D-SLC,S1A_IW_SLC__1SDV_20260220T082812_20260220T082839_063300_07F2EB_277D,S1A_IW_SLC__1SDV_20260220T082812_20260220T082839_063300_07F2EB_277D.zip,primary,https://datapool.asf.alaska.edu/SLC/SA/S1A_IW_SLC__1SDV_20260220T082812_20260220T082839_063300_07F2EB_277D.zip,SLC,DESCENDING,53,63300,636,2026-02-20T08:28:12Z,2026-02-20T08:28:39Z,0.0 MB,C:\Users\jales\Documents\GitHub\thesis_code\downloads\sentinel1_asf\Sentinel-1A\S1A_IW_SLC__1SDV_20260220T082812_20260220T082839_063300_07F2EB_277D.zip,missing_auth
feature_0_part_1_split_1,0,Sentinel-1A,,SENTINEL-1,Sentinel-1A,S1A_IW_SLC__1SDV_20260220T082747_20260220T082814_063300_07F2EB_98CE-SLC,S1A_IW_SLC__1SDV_20260220T082747_20260220T082814_063300_07F2EB_98CE,S1A_IW_SLC__1SDV_20260220T082747_20260220T082814_063300_07F2EB_98CE.zip,primary,https://datapool.asf.alaska.edu/SLC/SA/S1A_IW_SLC__1SDV_20260220T082747_20260220T082814_063300_07F2EB_98CE.zip,SLC,DESCENDING,53,63300,631,2026-02-20T08:27:47Z,2026-02-20T08:28:14Z,0.0 MB,C:\Users\jales\Documents\GitHub\thesis_code\downloads\sentinel1_asf\Sentinel-1A\S1A_IW_SLC__1SDV_20260220T082747_20260220T082814_063300_07F2EB_98CE.zip,missing_auth
feature_0_part_1_split_1,0,Sentinel-1A,,SENTINEL-1,Sentinel-1A,S1A_IW_SLC__1SDV_20260220T082632_20260220T082659_063300_07F2EB_B321-SLC,S1A_IW_SLC__1SDV_20260220T082632_20260220T082659_063300_07F2EB_B321,S1A_IW_SLC__1SDV_20260220T082632_20260220T082659_063300_07F2EB_B321.zip,primary,https://datapool.asf.alaska.edu/SLC/SA/S1A_IW_SLC__1SDV_20260220T082632_20260220T082659_063300_07F2EB_B321.zip,SLC,DESCENDING,53,63300,616,2026-02-20T08:26:32Z,2026-02-20T08:26:59Z,0.0 MB,C:\Users\jales\Documents\GitHub\thesis_code\downloads\sentinel1_asf\Sentinel-1A\S1A_IW_SLC__1SDV_20260220T082632_20260220T082659_063300_07F2EB_B321.zip,missing_auth
feature_0_part_1_split_1,0,Sentinel-1A,,SENTINEL-1,Sentinel-1A,S1A_IW_SLC__1SDV_20260220T082607_20260220T082634_063300_07F2EB_411A-SLC,S1A_IW_SLC__1SDV_20260220T082607_20260220T082634_063300_07F2EB_411A,S1A_IW_SLC__1SDV_20260220T082607_20260220T082634_063300_07F2EB_411A.zip,primary,https://datapool.asf.alaska.edu/SLC/SA/S1A_IW_SLC__1SDV_20260220T082607_20260220T082634_063300_07F2EB_411A.zip,SLC,DESCENDING,53,63300,611,2026-02-20T08:26:07Z,2026-02-20T08:26:34Z,0.0 MB,C:\Users\jales\Documents\GitHub\thesis_code\downloads\sentinel1_asf\Sentinel-1A\S1A_IW_SLC__1SDV_20260220T082607_20260220T082634_063300_07F2EB_411A.zip,missing_auth
feature_0_part_1_split_1,0,Sentinel-1A,,SENTINEL-1,Sentinel-1A,S1A_IW_SLC__1SDV_20260220T082541_20260220T082609_063300_07F2EB_B3B7-SLC,S1A_IW_SLC__1SDV_20260220T082541_20260220T082609_063300_07F2EB_B3B7,S1A_IW_SLC__1SDV_20260220T082541_20260220T082609_063300_07F2EB_B3B7.zip,primary,https://datapool.asf.alaska.edu/SLC/SA/S1A_IW_SLC__1SDV_20260220T082541_20260220T082609_063300_07F2EB_B3B7.zip,SLC,DESCENDING,53,63300,606,2026-02-20T08:25:41Z,2026-02-20T08:26:09Z,0.0 MB,C:\Users\jales\Documents\GitHub\thesis_code\downloads\sentinel1_asf\Sentinel-1A\S1A_IW_SLC__1SDV_20260220T082541_20260220T082609_063300_07F2EB_B3B7.zip,missing_auth
feature_0_part_1_split_1,0,Sentinel-1A,,SENTINEL-1,Sentinel-1A,S1A_IW_SLC__1SDV_20260220T082514_20260220T082544_063300_07F2EB_6627-SLC,S1A_IW_SLC__1SDV_20260220T082514_20260220T082544_063300_07F2EB_6627,S1A_IW_SLC__1SDV_20260220T082514_20260220T082544_063300_07F2EB_6627.zip,primary,https://datapool.asf.alaska.edu/SLC/SA/S1A_IW_SLC__1SDV_20260220T082514_20260220T082544_063300_07F2EB_6627.zip,SLC,DESCENDING,53,63300,600,2026-02-20T08:25:14Z,2026-02-20T08:25:44Z,0.0 MB,C:\Users\jales\Documents\GitHub\thesis_code\downloads\sentinel1_asf\Sentinel-1A\S1A_IW_SLC__1SDV_20260220T082514_20260220T082544_063300_07F2EB_6627.zip,missing_auth
feature_0_part_1_split_1,0,Sentinel-1A,,SENTINEL-1,Sentinel-1A,S1A_IW_SLC__1SDV_20260219T092636_20260219T092709_063286_07F262_6FC8-SLC,S1A_IW_SLC__1SDV_20260219T092636_20260219T092709_063286_07F262_6FC8,S1A_IW_SLC__1SDV_20260219T092636_20260219T092709_063286_07F262_6FC8.zip,primary,https://datapool.asf.alaska.edu/SLC/SA/S1A_IW_SLC__1SDV_20260219T092636_20260219T092709_063286_07F262_6FC8.zip,SLC,DESCENDING,39,63286,646,2026-02-19T09:26:36Z,2026-02-19T09:27:09Z,0.0 MB,C:\Users\jales\Documents\GitHub\thesis_code\downloads\sentinel1_asf\Sentinel-1A\S1A_IW_SLC__1SDV_20260219T092636_20260219T092709_063286_07F262_6FC8.zip,missing_auth
feature_0_part_1_split_1,0,Sentinel-1A,,SENTINEL-1,Sentinel-1A,S1A_IW_SLC__1SDV_20260219T092611_20260219T092638_063286_07F262_BF31-SLC,S1A_IW_SLC__1SDV_20260219T092611_20260219T092638_063286_07F262_BF31,S1A_IW_SLC__1SDV_20260219T092611_20260219T092638_063286_07F262_BF31.zip,primary,https://datapool.asf.alaska.edu/SLC/SA/S1A_IW_SLC__1SDV_20260219T092611_20260219T092638_063286_07F262_BF31.zip,SLC,DESCENDING,39,63286,641,2026-02-19T09:26:11Z,2026-02-19T09:26:38Z,0.0 MB,C:\Users\jales\Documents\GitHub\thesis_code\downloads\sentinel1_asf\Sentinel-1A\S1A_IW_SLC__1SDV_20260219T092611_20260219T092638_063286_07F262_BF31.zip,missing_auth
feature_0_part_1_split_1,0,Sentinel-1A,,SENTINEL-1,Sentinel-1A,S1A_IW_SLC__1SDV_20260219T092546_20260219T092613_063286_07F262_2099-SLC,S1A_IW_SLC__1SDV_20260219T092546_20260219T092613_063286_07F262_2099,S1A_IW_SLC__1SDV_20260219T092546_20260219T092613_063286_07F262_2099.zip,primary,https://datapool.asf.alaska.edu/SLC/SA/S1A_IW_SLC__1SDV_20260219T092546_20260219T092613_063286_07F262_2099.zip,SLC,DESCENDING,39,63286,636,2026-02-19T09:25:46Z,2026-02-19T09:26:13Z,0.0 MB,C:\Users\jales\Documents\GitHub\thesis_code\downloads\sentinel1_asf\Sentinel-1A\S1A_IW_SLC__1SDV_20260219T092546_20260219T092613_063286_07F262_2099.zip,missing_auth
feature_0_part_1_split_1,0,Sentinel-1A,,SENTINEL-1,Sentinel-1A,S1A_IW_SLC__1SDV_20260219T092521_20260219T092549_063286_07F262_49D8-SLC,S1A_IW_SLC__1SDV_20260219T092521_20260219T092549_063286_07F262_49D8,S1A_IW_SLC__1SDV_20260219T092521_20260219T092549_063286_07F262_49D8.zip,primary,https://datapool.asf.alaska.edu/SLC/SA/S1A_IW_SLC__1SDV_20260219T092521_20260219T092549_063286_07F262_49D8.zip,SLC,DESCENDING,39,63286,631,2026-02-19T09:25:21Z,2026-02-19T09:25:49Z,0.0 MB,C:\Users\jales\Documents\GitHub\thesis_code\downloads\sentinel1_asf\Sentinel-1A\S1A_IW_SLC__1SDV_20260219T092521_20260219T092549_063286_07F262_49D8.zip,missing_auth
feature_0_part_1_split_1,0,Sentinel-1A,,SENTINEL-1,Sentinel-1A,S1A_IW_SLC__1SDV_20260218T084628_20260218T084652_063271_07F1D4_99DA-SLC,S1A_IW_SLC__1SDV_20260218T084628_20260218T084652_063271_07F1D4_99DA,S1A_IW_SLC__1SDV_20260218T084628_20260218T084652_063271_07F1D4_99DA.zip,primary,https://datapool.asf.alaska.edu/SLC/SA/S1A_IW_SLC__1SDV_20260218T084628_20260218T084652_063271_07F1D4_99DA.zip,SLC,DESCENDING,24,63271,658,2026-02-18T08:46:28Z,2026-02-18T08:46:52Z,0.0 MB,C:\Users\jales\Documents\GitHub\thesis_code\downloads\sentinel1_asf\Sentinel-1A\S1A_IW_SLC__1SDV_20260218T084628_20260218T084652_063271_07F1D4_99DA.zip,missing_auth
feature_0_part_1_split_1,0,Sentinel-1A,,SENTINEL-1,Sentinel-1A,S1A_IW_SLC__1SDV_20260218T084603_20260218T084630_063271_07F1D4_7049-SLC,S1A_IW_SLC__1SDV_20260218T084603_20260218T084630_063271_07F1D4_7049,S1A_IW_SLC__1SDV_20260218T084603_20260218T084630_063271_07F1D4_7049.zip,primary,https://datapool.asf.alaska.edu/SLC/SA/S1A_IW_SLC__1SDV_20260218T084603_20260218T084630_063271_07F1D4_7049.zip,SLC,DESCENDING,24,63271,653,2026-02-18T08:46:03Z,2026-02-18T08:46:30Z,0.0 MB,C:\Users\jales\Documents\GitHub\thesis_code\downloads\sentinel1_asf\Sentinel-1A\S1A_IW_SLC__1SDV_20260218T084603_20260218T084630_063271_07F1D4_7049.zip,missing_auth
feature_0_part_1_split_1,0,Sentinel-1A,,SENTINEL-1,Sentinel-1A,S1A_IW_SLC__1SDV_20260218T084537_20260218T084605_063271_07F1D4_DB17-SLC,S1A_IW_SLC__1SDV_20260218T084537_20260218T084605_063271_07F1D4_DB17,S1A_IW_SLC__1SDV_20260218T084537_20260218T084605_063271_07F1D4_DB17.zip,primary,https://datapool.asf.alaska.edu/SLC/SA/S1A_IW_SLC__1SDV_20260218T084537_20260218T084605_063271_07F1D4_DB17.zip,SLC,DESCENDING,24,63271,648,2026-02-18T08:45:37Z,2026-02-18T08:46:05Z,0.0 MB,C:\Users\jales\Documents\GitHub\thesis_code\downloads\sentinel1_asf\Sentinel-1A\S1A_IW_SLC__1SDV_20260218T084537_20260218T084605_063271_07F1D4_DB17.zip,missing_auth
feature_0_part_1_split_1,0,Sentinel-1A,,SENTINEL-1,Sentinel-1A,S1A_IW_SLC__1SDV_20260218T084513_20260218T084539_063271_07F1D4_FC60-SLC,S1A_IW_SLC__1SDV_20260218T084513_20260218T084539_063271_07F1D4_FC60,S1A_IW_SLC__1SDV_20260218T084513_20260218T084539_063271_07F1D4_FC60.zip,primary,https://datapool.asf.alaska.edu/SLC/SA/S1A_IW_SLC__1SDV_20260218T084513_20260218T084539_063271_07F1D4_FC60.zip,SLC,DESCENDING,24,63271,643,2026-02-18T08:45:13Z,2026-02-18T08:45:39Z,0.0 MB,C:\Users\jales\Documents\GitHub\thesis_code\downloads\sentinel1_asf\Sentinel-1A\S1A_IW_SLC__1SDV_20260218T084513_20260218T084539_063271_07F1D4_FC60.zip,missing_auth
feature_0_part_1_split_1,0,Sentinel-1A,,SENTINEL-1,Sentinel-1A,S1A_IW_SLC__1SDV_20260218T084448_20260218T084515_063271_07F1D4_7746-SLC,S1A_IW_SLC__1SDV_20260218T084448_20260218T084515_063271_07F1D4_7746,S1A_IW_SLC__1SDV_20260218T084448_20260218T084515_063271_07F1D4_7746.zip,primary,https://datapool.asf.alaska.edu/SLC/SA/S1A_IW_SLC__1SDV_20260218T084448_20260218T084515_063271_07F1D4_7746.zip,SLC,DESCENDING,24,63271,638,2026-02-18T08:44:48Z,2026-02-18T08:45:15Z,0.0 MB,C:\Users\jales\Documents\GitHub\thesis_code\downloads\sentinel1_asf\Sentinel-1A\S1A_IW_SLC__1SDV_20260218T084448_20260218T084515_063271_07F1D4_7746.zip,missing_auth
feature_0_part_1_split_1,0,Sentinel-1A,,SENTINEL-1,Sentinel-1A,S1A_IW_SLC__1SDV_20260218T084423_20260218T084450_063271_07F1D4_9641-SLC,S1A_IW_SLC__1SDV_20260218T084423_20260218T084450_063271_07F1D4_9641,S1A_IW_SLC__1SDV_20260218T084423_20260218T084450_063271_07F1D4_9641.zip,primary,https://datapool.asf.alaska.edu/SLC/SA/S1A_IW_SLC__1SDV_20260218T084423_20260218T084450_063271_07F1D4_9641.zip,SLC,DESCENDING,24,63271,633,2026-02-18T08:44:23Z,2026-02-18T08:44:50Z,0.0 MB,C:\Users\jales\Documents\GitHub\thesis_code\downloads\sentinel1_asf\Sentinel-1A\S1A_IW_SLC__1SDV_20260218T084423_20260218T084450_063271_07F1D4_9641.zip,missing_auth
feature_0_part_1_split_1,0,Sentinel-1A,,SENTINEL-1,Sentinel-1A,S1A_IW_SLC__1SDV_20260218T084358_20260218T084425_063271_07F1D4_B186-SLC,S1A_IW_SLC__1SDV_20260218T084358_20260218T084425_063271_07F1D4_B186,S1A_IW_SLC__1SDV_20260218T084358_20260218T084425_063271_07F1D4_B186.zip,primary,https://datapool.asf.alaska.edu/SLC/SA/S1A_IW_SLC__1SDV_20260218T084358_20260218T084425_063271_07F1D4_B186.zip,SLC,DESCENDING,24,63271,628,2026-02-18T08:43:58Z,2026-02-18T08:44:25Z,0.0 MB,C:\Users\jales\Documents\GitHub\thesis_code\downloads\sentinel1_asf\Sentinel-1A\S1A_IW_SLC__1SDV_20260218T084358_20260218T084425_063271_07F1D4_B186.zip,missing_auth
feature_0_part_1_split_1,0,Sentinel-1A,,SENTINEL-1,Sentinel-1A,S1A_IW_SLC__1SDV_20260218T084333_20260218T084400_063271_07F1D4_AEE3-SLC,S1A_IW_SLC__1SDV_20260218T084333_20260218T084400_063271_07F1D4_AEE3,S1A_IW_SLC__1SDV_20260218T084333_20260218T084400_063271_07F1D4_AEE3.zip,primary,https://datapool.asf.alaska.edu/SLC/SA/S1A_IW_SLC__1SDV_20260218T084333_20260218T084400_063271_07F1D4_AEE3.zip,SLC,DESCENDING,24,63271,623,2026-02-18T08:43:33Z,2026-02-18T08:44:00Z,0.0 MB,C:\Users\jales\Documents\GitHub\thesis_code\downloads\sentinel1_asf\Sentinel-1A\S1A_IW_SLC__1SDV_20260218T084333_20260218T084400_063271_07F1D4_AEE3.zip,missing_auth
feature_0_part_1_split_1,0,Sentinel-1A,,SENTINEL-1,Sentinel-1A,S1A_IW_SLC__1SDV_20260218T084307_20260218T084335_063271_07F1D4_D07C-SLC,S1A_IW_SLC__1SDV_20260218T084307_20260218T084335_063271_07F1D4_D07C,S1A_IW_SLC__1SDV_20260218T084307_20260218T084335_063271_07F1D4_D07C.zip,primary,https://datapool.asf.alaska.edu/SLC/SA/S1A_IW_SLC__1SDV_20260218T084307_20260218T084335_063271_07F1D4_D07C.zip,SLC,DESCENDING,24,63271,618,2026-02-18T08:43:07Z,2026-02-18T08:43:35Z,0.0 MB,C:\Users\jales\Documents\GitHub\thesis_code\downloads\sentinel1_asf\Sentinel-1A\S1A_IW_SLC__1SDV_20260218T084307_20260218T084335_063271_07F1D4_D07C.zip,missing_auth
feature_0_part_1_split_1,0,Sentinel-1A,,SENTINEL-1,Sentinel-1A,S1A_IW_SLC__1SDV_20260218T084243_20260218T084310_063271_07F1D4_9CDA-SLC,S1A_IW_SLC__1SDV_20260218T084243_20260218T084310_063271_07F1D4_9CDA,S1A_IW_SLC__1SDV_20260218T084243_20260218T084310_063271_07F1D4_9CDA.zip,primary,https://datapool.asf.alaska.edu/SLC/SA/S1A_IW_SLC__1SDV_20260218T084243_20260218T084310_063271_07F1D4_9CDA.zip,SLC,DESCENDING,24,63271,613,2026-02-18T08:42:43Z,2026-02-18T08:43:10Z,0.0 MB,C:\Users\jales\Documents\GitHub\thesis_code\downloads\sentinel1_asf\Sentinel-1A\S1A_IW_SLC__1SDV_20260218T084243_20260218T084310_063271_07F1D4_9CDA.zip,missing_auth
feature_0_part_1_split_1,0,Sentinel-1A,,SENTINEL-1,Sentinel-1A,S1A_IW_SLC__1SDV_20260218T084218_20260218T084245_063271_07F1D4_B134-SLC,S1A_IW_SLC__1SDV_20260218T084218_20260218T084245_063271_07F1D4_B134,S1A_IW_SLC__1SDV_20260218T084218_20260218T084245_063271_07F1D4_B134.zip,primary,https://datapool.asf.alaska.edu/SLC/SA/S1A_IW_SLC__1SDV_20260218T084218_20260218T084245_063271_07F1D4_B134.zip,SLC,DESCENDING,24,63271,608,2026-02-18T08:42:18Z,2026-02-18T08:42:45Z,0.0 MB,C:\Users\jales\Documents\GitHub\thesis_code\downloads\sentinel1_asf\Sentinel-1A\S1A_IW_SLC__1SDV_20260218T084218_20260218T084245_063271_07F1D4_B134.zip,missing_auth
feature_0_part_1_split_1,0,Sentinel-1A,,SENTINEL-1,Sentinel-1A,S1A_IW_SLC__1SDV_20260218T084153_20260218T084220_063271_07F1D4_0F80-SLC,S1A_IW_SLC__1SDV_20260218T084153_20260218T084220_063271_07F1D4_0F80,S1A_IW_SLC__1SDV_20260218T084153_20260218T084220_063271_07F1D4_0F80.zip,primary,https://datapool.asf.alaska.edu/SLC/SA/S1A_IW_SLC__1SDV_20260218T084153_20260218T084220_063271_07F1D4_0F80.zip,SLC,DESCENDING,24,63271,603,2026-02-18T08:41:53Z,2026-02-18T08:42:20Z,0.0 MB,C:\Users\jales\Documents\GitHub\thesis_code\downloads\sentinel1_asf\Sentinel-1A\S1A_IW_SLC__1SDV_20260218T084153_20260218T084220_063271_07F1D4_0F80.zip,missing_auth
feature_0_part_1_split_1,0,Sentinel-1A,,SENTINEL-1,Sentinel-1A,S1A_IW_SLC__1SDV_20260218T084128_20260218T084155_063271_07F1D4_5AB4-SLC,S1A_IW_SLC__1SDV_20260218T084128_20260218T084155_063271_07F1D4_5AB4,S1A_IW_SLC__1SDV_20260218T084128_20260218T084155_063271_07F1D4_5AB4.zip,primary,https://datapool.asf.alaska.edu/SLC/SA/S1A_IW_SLC__1SDV_20260218T084128_20260218T084155_063271_07F1D4_5AB4.zip,SLC,DESCENDING,24,63271,598,2026-02-18T08:41:28Z,2026-02-18T08:41:55Z,0.0 MB,C:\Users\jales\Documents\GitHub\thesis_code\downloads\sentinel1_asf\Sentinel-1A\S1A_IW_SLC__1SDV_20260218T084128_20260218T084155_063271_07F1D4_5AB4.zip,missing_auth
feature_0_part_1_split_1,0,Sentinel-1A,,SENTINEL-1,Sentinel-1A,S1A_IW_SLC__1SDV_20260217T094151_20260217T094219_063257_07F14E_E52A-SLC,S1A_IW_SLC__1SDV_20260217T094151_20260217T094219_063257_07F14E_E52A,S1A_IW_SLC__1SDV_20260217T094151_20260217T094219_063257_07F14E_E52A.zip,primary,https://datapool.asf.alaska.edu/SLC/SA/S1A_IW_SLC__1SDV_20260217T094151_20260217T094219_063257_07F14E_E52A.zip,SLC,DESCENDING,10,63257,631,2026-02-17T09:41:51Z,2026-02-17T09:42:19Z,0.0 MB,C:\Users\jales\Documents\GitHub\thesis_code\downloads\sentinel1_asf\Sentinel-1A\S1A_IW_SLC__1SDV_20260217T094151_20260217T094219_063257_07F14E_E52A.zip,missing_auth
feature_0_part_1_split_1,0,Sentinel-1A,,SENTINEL-1,Sentinel-1A,S1A_IW_SLC__1SDV_20260216T211637_20260216T211707_063249_07F103_B184-SLC,S1A_IW_SLC__1SDV_20260216T211637_20260216T211707_063249_07F103_B184,S1A_IW_SLC__1SDV_20260216T211637_20260216T211707_063249_07F103_B184.zip,primary,https://datapool.asf.alaska.edu/SLC/SA/S1A_IW_SLC__1SDV_20260216T211637_20260216T211707_063249_07F103_B184.zip,SLC,ASCENDING,2,63249,1168,2026-02-16T21:16:37Z,2026-02-16T21:17:07Z,0.0 MB,C:\Users\jales\Documents\GitHub\thesis_code\downloads\sentinel1_asf\Sentinel-1A\S1A_IW_SLC__1SDV_20260216T211637_20260216T211707_063249_07F103_B184.zip,missing_auth
feature_0_part_1_split_1,0,Sentinel-1A,,SENTINEL-1,Sentinel-1A,S1A_IW_SLC__1SDV_20260216T090240_20260216T090305_063242_07F0B3_3674-SLC,S1A_IW_SLC__1SDV_20260216T090240_20260216T090305_063242_07F0B3_3674,S1A_IW_SLC__1SDV_20260216T090240_20260216T090305_063242_07F0B3_3674.zip,primary,https://datapool.asf.alaska.edu/SLC/SA/S1A_IW_SLC__1SDV_20260216T090240_20260216T090305_063242_07F0B3_3674.zip,SLC,DESCENDING,170,63242,655,2026-02-16T09:02:40Z,2026-02-16T09:03:05Z,0.0 MB,C:\Users\jales\Documents\GitHub\thesis_code\downloads\sentinel1_asf\Sentinel-1A\S1A_IW_SLC__1SDV_20260216T090240_20260216T090305_063242_07F0B3_3674.zip,missing_auth
feature_0_part_1_split_1,0,Sentinel-1A,,SENTINEL-1,Sentinel-1A,S1A_IW_SLC__1SDV_20260216T090216_20260216T090243_063242_07F0B3_3D71-SLC,S1A_IW_SLC__1SDV_20260216T090216_20260216T090243_063242_07F0B3_3D71,S1A_IW_SLC__1SDV_20260216T090216_20260216T090243_063242_07F0B3_3D71.zip,primary,https://datapool.asf.alaska.edu/SLC/SA/S1A_IW_SLC__1SDV_20260216T090216_20260216T090243_063242_07F0B3_3D71.zip,SLC,DESCENDING,170,63242,650,2026-02-16T09:02:16Z,2026-02-16T09:02:43Z,0.0 MB,C:\Users\jales\Documents\GitHub\thesis_code\downloads\sentinel1_asf\Sentinel-1A\S1A_IW_SLC__1SDV_20260216T090216_20260216T090243_063242_07F0B3_3D71.zip,missing_auth
feature_0_part_1_split_1,0,Sentinel-1A,,SENTINEL-1,Sentinel-1A,S1A_IW_SLC__1SDV_20260216T090150_20260216T090218_063242_07F0B3_B1BD-SLC,S1A_IW_SLC__1SDV_20260216T090150_20260216T090218_063242_07F0B3_B1BD,S1A_IW_SLC__1SDV_20260216T090150_20260216T090218_063242_07F0B3_B1BD.zip,primary,https://datapool.asf.alaska.edu/SLC/SA/S1A_IW_SLC__1SDV_20260216T090150_20260216T090218_063242_07F0B3_B1BD.zip,SLC,DESCENDING,170,63242,645,2026-02-16T09:01:50Z,2026-02-16T09:02:18Z,0.0 MB,C:\Users\jales\Documents\GitHub\thesis_code\downloads\sentinel1_asf\Sentinel-1A\S1A_IW_SLC__1SDV_20260216T090150_20260216T090218_063242_07F0B3_B1BD.zip,missing_auth
feature_0_part_1_split_1,0,Sentinel-1A,,SENTINEL-1,Sentinel-1A,S1A_IW_SLC__1SDV_20260216T090125_20260216T090152_063242_07F0B3_56B1-SLC,S1A_IW_SLC__1SDV_20260216T090125_20260216T090152_063242_07F0B3_56B1,S1A_IW_SLC__1SDV_20260216T090125_20260216T090152_063242_07F0B3_56B1.zip,primary,https://datapool.asf.alaska.edu/SLC/SA/S1A_IW_SLC__1SDV_20260216T090125_20260216T090152_063242_07F0B3_56B1.zip,SLC,DESCENDING,170,63242,640,2026-02-16T09:01:25Z,2026-02-16T09:01:52Z,0.0 MB,C:\Users\jales\Documents\GitHub\thesis_code\downloads\sentinel1_asf\Sentinel-1A\S1A_IW_SLC__1SDV_20260216T090125_20260216T090152_063242_07F0B3_56B1.zip,missing_auth
feature_0_part_1_split_1,0,Sentinel-1A,,SENTINEL-1,Sentinel-1A,S1A_IW_SLC__1SDV_20260216T090100_20260216T090127_063242_07F0B3_4ECC-SLC,S1A_IW_SLC__1SDV_20260216T090100_20260216T090127_063242_07F0B3_4ECC,S1A_IW_SLC__1SDV_20260216T090100_20260216T090127_063242_07F0B3_4ECC.zip,primary,https://datapool.asf.alaska.edu/SLC/SA/S1A_IW_SLC__1SDV_20260216T090100_20260216T090127_063242_07F0B3_4ECC.zip,SLC,DESCENDING,170,63242,635,2026-02-16T09:01:00Z,2026-02-16T09:01:27Z,0.0 MB,C:\Users\jales\Documents\GitHub\thesis_code\downloads\sentinel1_asf\Sentinel-1A\S1A_IW_SLC__1SDV_20260216T090100_20260216T090127_063242_07F0B3_4ECC.zip,missing_auth
feature_0_part_1_split_1,0,Sentinel-1A,,SENTINEL-1,Sentinel-1A,S1A_IW_SLC__1SDV_20260216T090035_20260216T090102_063242_07F0B3_1D97-SLC,S1A_IW_SLC__1SDV_20260216T090035_20260216T090102_063242_07F0B3_1D97,S1A_IW_SLC__1SDV_20260216T090035_20260216T090102_063242_07F0B3_1D97.zip,primary,https://datapool.asf.alaska.edu/SLC/SA/S1A_IW_SLC__1SDV_20260216T090035_20260216T090102_063242_07F0B3_1D97.zip,SLC,DESCENDING,170,63242,630,2026-02-16T09:00:35Z,2026-02-16T09:01:02Z,0.0 MB,C:\Users\jales\Documents\GitHub\thesis_code\downloads\sentinel1_asf\Sentinel-1A\S1A_IW_SLC__1SDV_20260216T090035_20260216T090102_063242_07F0B3_1D97.zip,missing_auth
feature_0_part_1_split_1,0,Sentinel-1A,,SENTINEL-1,Sentinel-1A,S1A_IW_SLC__1SDV_20260216T090011_20260216T090038_063242_07F0B3_F26F-SLC,S1A_IW_SLC__1SDV_20260216T090011_20260216T090038_063242_07F0B3_F26F,S1A_IW_SLC__1SDV_20260216T090011_20260216T090038_063242_07F0B3_F26F.zip,primary,https://datapool.asf.alaska.edu/SLC/SA/S1A_IW_SLC__1SDV_20260216T090011_20260216T090038_063242_07F0B3_F26F.zip,SLC,DESCENDING,170,63242,625,2026-02-16T09:00:11Z,2026-02-16T09:00:38Z,0.0 MB,C:\Users\jales\Documents\GitHub\thesis_code\downloads\sentinel1_asf\Sentinel-1A\S1A_IW_SLC__1SDV_20260216T090011_20260216T090038_063242_07F0B3_F26F.zip,missing_auth
feature_0_part_1_split_1,0,Sentinel-1A,,SENTINEL-1,Sentinel-1A,S1A_IW_SLC__1SDV_20260216T085946_20260216T090013_063242_07F0B3_D5EE-SLC,S1A_IW_SLC__1SDV_20260216T085946_20260216T090013_063242_07F0B3_D5EE,S1A_IW_SLC__1SDV_20260216T085946_20260216T090013_063242_07F0B3_D5EE.zip,primary,https://datapool.asf.alaska.edu/SLC/SA/S1A_IW_SLC__1SDV_20260216T085946_20260216T090013_063242_07F0B3_D5EE.zip,SLC,DESCENDING,170,63242,620,2026-02-16T08:59:46Z,2026-02-16T09:00:13Z,0.0 MB,C:\Users\jales\Documents\GitHub\thesis_code\downloads\sentinel1_asf\Sentinel-1A\S1A_IW_SLC__1SDV_20260216T085946_20260216T090013_063242_07F0B3_D5EE.zip,missing_auth
feature_0_part_1_split_1,0,Sentinel-1A,,SENTINEL-1,Sentinel-1A,S1A_IW_SLC__1SDV_20260216T085920_20260216T085948_063242_07F0B3_50B3-SLC,S1A_IW_SLC__1SDV_20260216T085920_20260216T085948_063242_07F0B3_50B3,S1A_IW_SLC__1SDV_20260216T085920_20260216T085948_063242_07F0B3_50B3.zip,primary,https://datapool.asf.alaska.edu/SLC/SA/S1A_IW_SLC__1SDV_20260216T085920_20260216T085948_063242_07F0B3_50B3.zip,SLC,DESCENDING,170,63242,615,2026-02-16T08:59:20Z,2026-02-16T08:59:48Z,0.0 MB,C:\Users\jales\Documents\GitHub\thesis_code\downloads\sentinel1_asf\Sentinel-1A\S1A_IW_SLC__1SDV_20260216T085920_20260216T085948_063242_07F0B3_50B3.zip,missing_auth
feature_0_part_1_split_1,0,Sentinel-1A,,SENTINEL-1,Sentinel-1A,S1A_IW_SLC__1SDV_20260215T082100_20260215T082115_063227_07F02D_5084-SLC,S1A_IW_SLC__1SDV_20260215T082100_20260215T082115_063227_07F02D_5084,S1A_IW_SLC__1SDV_20260215T082100_20260215T082115_063227_07F02D_5084.zip,primary,https://datapool.asf.alaska.edu/SLC/SA/S1A_IW_SLC__1SDV_20260215T082100_20260215T082115_063227_07F02D_5084.zip,SLC,DESCENDING,155,63227,648,2026-02-15T08:21:00Z,2026-02-15T08:21:15Z,0.0 MB,C:\Users\jales\Documents\GitHub\thesis_code\downloads\sentinel1_asf\Sentinel-1A\S1A_IW_SLC__1SDV_20260215T082100_20260215T082115_063227_07F02D_5084.zip,missing_auth
feature_0_part_1_split_1,0,Sentinel-1A,,SENTINEL-1,Sentinel-1A,S1A_IW_SLC__1SDV_20260215T082036_20260215T082103_063227_07F02D_C2F6-SLC,S1A_IW_SLC__1SDV_20260215T082036_20260215T082103_063227_07F02D_C2F6,S1A_IW_SLC__1SDV_20260215T082036_20260215T082103_063227_07F02D_C2F6.zip,primary,https://datapool.asf.alaska.edu/SLC/SA/S1A_IW_SLC__1SDV_20260215T082036_20260215T082103_063227_07F02D_C2F6.zip,SLC,DESCENDING,155,63227,643,2026-02-15T08:20:36Z,2026-02-15T08:21:03Z,0.0 MB,C:\Users\jales\Documents\GitHub\thesis_code\downloads\sentinel1_asf\Sentinel-1A\S1A_IW_SLC__1SDV_20260215T082036_20260215T082103_063227_07F02D_C2F6.zip,missing_auth
feature_0_part_1_split_1,0,Sentinel-1A,,SENTINEL-1,Sentinel-1A,S1A_IW_SLC__1SDV_20260215T082011_20260215T082038_063227_07F02D_FCE1-SLC,S1A_IW_SLC__1SDV_20260215T082011_20260215T082038_063227_07F02D_FCE1,S1A_IW_SLC__1SDV_20260215T082011_20260215T082038_063227_07F02D_FCE1.zip,primary,https://datapool.asf.alaska.edu/SLC/SA/S1A_IW_SLC__1SDV_20260215T082011_20260215T082038_063227_07F02D_FCE1.zip,SLC,DESCENDING,155,63227,638,2026-02-15T08:20:11Z,2026-02-15T08:20:38Z,0.0 MB,C:\Users\jales\Documents\GitHub\thesis_code\downloads\sentinel1_asf\Sentinel-1A\S1A_IW_SLC__1SDV_20260215T082011_20260215T082038_063227_07F02D_FCE1.zip,missing_auth
feature_0_part_1_split_1,0,Sentinel-1A,,SENTINEL-1,Sentinel-1A,S1A_IW_SLC__1SDV_20260214T091919_20260214T091940_063213_07EFA4_10EB-SLC,S1A_IW_SLC__1SDV_20260214T091919_20260214T091940_063213_07EFA4_10EB,S1A_IW_SLC__1SDV_20260214T091919_20260214T091940_063213_07EFA4_10EB.zip,primary,https://datapool.asf.alaska.edu/SLC/SA/S1A_IW_SLC__1SDV_20260214T091919_20260214T091940_063213_07EFA4_10EB.zip,SLC,DESCENDING,141,63213,657,2026-02-14T09:19:19Z,2026-02-14T09:19:40Z,0.0 MB,C:\Users\jales\Documents\GitHub\thesis_code\downloads\sentinel1_asf\Sentinel-1A\S1A_IW_SLC__1SDV_20260214T091919_20260214T091940_063213_07EFA4_10EB.zip,missing_auth
feature_0_part_1_split_1,0,Sentinel-1A,,SENTINEL-1,Sentinel-1A,S1A_IW_SLC__1SDV_20260214T091829_20260214T091856_063213_07EFA4_4537-SLC,S1A_IW_SLC__1SDV_20260214T091829_20260214T091856_063213_07EFA4_4537,S1A_IW_SLC__1SDV_20260214T091829_20260214T091856_063213_07EFA4_4537.zip,primary,https://datapool.asf.alaska.edu/SLC/SA/S1A_IW_SLC__1SDV_20260214T091829_20260214T091856_063213_07EFA4_4537.zip,SLC,DESCENDING,141,63213,647,2026-02-14T09:18:29Z,2026-02-14T09:18:56Z,0.0 MB,C:\Users\jales\Documents\GitHub\thesis_code\downloads\sentinel1_asf\Sentinel-1A\S1A_IW_SLC__1SDV_20260214T091829_20260214T091856_063213_07EFA4_4537.zip,missing_auth
feature_0_part_1_split_1,0,Sentinel-1A,,SENTINEL-1,Sentinel-1A,S1A_IW_SLC__1SDV_20260214T091804_20260214T091831_063213_07EFA4_91EE-SLC,S1A_IW_SLC__1SDV_20260214T091804_20260214T091831_063213_07EFA4_91EE,S1A_IW_SLC__1SDV_20260214T091804_20260214T091831_063213_07EFA4_91EE.zip,primary,https://datapool.asf.alaska.edu/SLC/SA/S1A_IW_SLC__1SDV_20260214T091804_20260214T091831_063213_07EFA4_91EE.zip,SLC,DESCENDING,141,63213,642,2026-02-14T09:18:04Z,2026-02-14T09:18:31Z,0.0 MB,C:\Users\jales\Documents\GitHub\thesis_code\downloads\sentinel1_asf\Sentinel-1A\S1A_IW_SLC__1SDV_20260214T091804_20260214T091831_063213_07EFA4_91EE.zip,missing_auth
feature_0_part_1_split_1,0,Sentinel-1A,,SENTINEL-1,Sentinel-1A,S1A_IW_SLC__1SDV_20260214T091739_20260214T091806_063213_07EFA4_BC8B-SLC,S1A_IW_SLC__1SDV_20260214T091739_20260214T091806_063213_07EFA4_BC8B,S1A_IW_SLC__1SDV_20260214T091739_20260214T091806_063213_07EFA4_BC8B.zip,primary,https://datapool.asf.alaska.edu/SLC/SA/S1A_IW_SLC__1SDV_20260214T091739_20260214T091806_063213_07EFA4_BC8B.zip,SLC,DESCENDING,141,63213,637,2026-02-14T09:17:39Z,2026-02-14T09:18:06Z,0.0 MB,C:\Users\jales\Documents\GitHub\thesis_code\downloads\sentinel1_asf\Sentinel-1A\S1A_IW_SLC__1SDV_20260214T091739_20260214T091806_063213_07EFA4_BC8B.zip,missing_auth
feature_0_part_1_split_1,0,Sentinel-1A,,SENTINEL-1,Sentinel-1A,S1A_IW_SLC__1SDV_20260214T091714_20260214T091742_063213_07EFA4_D8FB-SLC,S1A_IW_SLC__1SDV_20260214T091714_20260214T091742_063213_07EFA4_D8FB,S1A_IW_SLC__1SDV_20260214T091714_20260214T091742_063213_07EFA4_D8FB.zip,primary,https://datapool.asf.alaska.edu/SLC/SA/S1A_IW_SLC__1SDV_20260214T091714_20260214T091742_063213_07EFA4_D8FB.zip,SLC,DESCENDING,141,63213,632,2026-02-14T09:17:14Z,2026-02-14T09:17:42Z,0.0 MB,C:\Users\jales\Documents\GitHub\thesis_code\downloads\sentinel1_asf\Sentinel-1A\S1A_IW_SLC__1SDV_20260214T091714_20260214T091742_063213_07EFA4_D8FB.zip,missing_auth
feature_0_part_1_split_1,0,Sentinel-1A,,SENTINEL-1,Sentinel-1A,S1A_IW_SLC__1SDV_20260213T083923_20260213T083950_063198_07EF19_4D5F-SLC,S1A_IW_SLC__1SDV_20260213T083923_20260213T083950_063198_07EF19_4D5F,S1A_IW_SLC__1SDV_20260213T083923_20260213T083950_063198_07EF19_4D5F.zip,primary,https://datapool.asf.alaska.edu/SLC/SA/S1A_IW_SLC__1SDV_20260213T083923_20260213T083950_063198_07EF19_4D5F.zip,SLC,DESCENDING,126,63198,671,2026-02-13T08:39:23Z,2026-02-13T08:39:50Z,0.0 MB,C:\Users\jales\Documents\GitHub\thesis_code\downloads\sentinel1_asf\Sentinel-1A\S1A_IW_SLC__1SDV_20260213T083923_20260213T083950_063198_07EF19_4D5F.zip,missing_auth
feature_0_part_1_split_1,0,Sentinel-1A,,SENTINEL-1,Sentinel-1A,S1A_IW_SLC__1SDV_20260213T083857_20260213T083925_063198_07EF19_FFC0-SLC,S1A_IW_SLC__1SDV_20260213T083857_20260213T083925_063198_07EF19_FFC0,S1A_IW_SLC__1SDV_20260213T083857_20260213T083925_063198_07EF19_FFC0.zip,primary,https://datapool.asf.alaska.edu/SLC/SA/S1A_IW_SLC__1SDV_20260213T083857_20260213T083925_063198_07EF19_FFC0.zip,SLC,DESCENDING,126,63198,666,2026-02-13T08:38:57Z,2026-02-13T08:39:25Z,0.0 MB,C:\Users\jales\Documents\GitHub\thesis_code\downloads\sentinel1_asf\Sentinel-1A\S1A_IW_SLC__1SDV_20260213T083857_20260213T083925_063198_07EF19_FFC0.zip,missing_auth
feature_0_part_1_split_1,0,Sentinel-1A,,SENTINEL-1,Sentinel-1A,S1A_IW_SLC__1SDV_20260213T083829_20260213T083859_063198_07EF19_2E6A-SLC,S1A_IW_SLC__1SDV_20260213T083829_20260213T083859_063198_07EF19_2E6A,S1A_IW_SLC__1SDV_20260213T083829_20260213T083859_063198_07EF19_2E6A.zip,primary,https://datapool.asf.alaska.edu/SLC/SA/S1A_IW_SLC__1SDV_20260213T083829_20260213T083859_063198_07EF19_2E6A.zip,SLC,DESCENDING,126,63198,661,2026-02-13T08:38:29Z,2026-02-13T08:38:59Z,0.0 MB,C:\Users\jales\Documents\GitHub\thesis_code\downloads\sentinel1_asf\Sentinel-1A\S1A_IW_SLC__1SDV_20260213T083829_20260213T083859_063198_07EF19_2E6A.zip,missing_auth
feature_0_part_1_split_1,0,Sentinel-1A,,SENTINEL-1,Sentinel-1A,S1A_IW_SLC__1SDV_20260213T083644_20260213T083658_063198_07EF18_2874-SLC,S1A_IW_SLC__1SDV_20260213T083644_20260213T083658_063198_07EF18_2874,S1A_IW_SLC__1SDV_20260213T083644_20260213T083658_063198_07EF18_2874.zip,primary,https://datapool.asf.alaska.edu/SLC/SA/S1A_IW_SLC__1SDV_20260213T083644_20260213T083658_063198_07EF18_2874.zip,SLC,DESCENDING,126,63198,639,2026-02-13T08:36:44Z,2026-02-13T08:36:58Z,0.0 MB,C:\Users\jales\Documents\GitHub\thesis_code\downloads\sentinel1_asf\Sentinel-1A\S1A_IW_SLC__1SDV_20260213T083644_20260213T083658_063198_07EF18_2874.zip,missing_auth
feature_0_part_1_split_1,0,Sentinel-1A,,SENTINEL-1,Sentinel-1A,S1A_IW_SLC__1SDV_20260213T083619_20260213T083646_063198_07EF18_BDB7-SLC,S1A_IW_SLC__1SDV_20260213T083619_20260213T083646_063198_07EF18_BDB7,S1A_IW_SLC__1SDV_20260213T083619_20260213T083646_063198_07EF18_BDB7.zip,primary,https://datapool.asf.alaska.edu/SLC/SA/S1A_IW_SLC__1SDV_20260213T083619_20260213T083646_063198_07EF18_BDB7.zip,SLC,DESCENDING,126,63198,635,2026-02-13T08:36:19Z,2026-02-13T08:36:46Z,0.0 MB,C:\Users\jales\Documents\GitHub\thesis_code\downloads\sentinel1_asf\Sentinel-1A\S1A_IW_SLC__1SDV_20260213T083619_20260213T083646_063198_07EF18_BDB7.zip,missing_auth
feature_0_part_1_split_1,0,Sentinel-1A,,SENTINEL-1,Sentinel-1A,S1A_IW_SLC__1SDV_20260213T083553_20260213T083621_063198_07EF18_B678-SLC,S1A_IW_SLC__1SDV_20260213T083553_20260213T083621_063198_07EF18_B678,S1A_IW_SLC__1SDV_20260213T083553_20260213T083621_063198_07EF18_B678.zip,primary,https://datapool.asf.alaska.edu/SLC/SA/S1A_IW_SLC__1SDV_20260213T083553_20260213T083621_063198_07EF18_B678.zip,SLC,DESCENDING,126,63198,629,2026-02-13T08:35:53Z,2026-02-13T08:36:21Z,0.0 MB,C:\Users\jales\Documents\GitHub\thesis_code\downloads\sentinel1_asf\Sentinel-1A\S1A_IW_SLC__1SDV_20260213T083553_20260213T083621_063198_07EF18_B678.zip,missing_auth
feature_0_part_1_split_1,0,Sentinel-1A,,SENTINEL-1,Sentinel-1A,S1A_IW_SLC__1SDV_20260213T083528_20260213T083555_063198_07EF18_AC5F-SLC,S1A_IW_SLC__1SDV_20260213T083528_20260213T083555_063198_07EF18_AC5F,S1A_IW_SLC__1SDV_20260213T083528_20260213T083555_063198_07EF18_AC5F.zip,primary,https://datapool.asf.alaska.edu/SLC/SA/S1A_IW_SLC__1SDV_20260213T083528_20260213T083555_063198_07EF18_AC5F.zip,SLC,DESCENDING,126,63198,624,2026-02-13T08:35:28Z,2026-02-13T08:35:55Z,0.0 MB,C:\Users\jales\Documents\GitHub\thesis_code\downloads\sentinel1_asf\Sentinel-1A\S1A_IW_SLC__1SDV_20260213T083528_20260213T083555_063198_07EF18_AC5F.zip,missing_auth
feature_0_part_1_split_1,0,Sentinel-1A,,SENTINEL-1,Sentinel-1A,S1A_IW_SLC__1SDV_20260213T083503_20260213T083530_063198_07EF18_7F98-SLC,S1A_IW_SLC__1SDV_20260213T083503_20260213T083530_063198_07EF18_7F98,S1A_IW_SLC__1SDV_20260213T083503_20260213T083530_063198_07EF18_7F98.zip,primary,https://datapool.asf.alaska.edu/SLC/SA/S1A_IW_SLC__1SDV_20260213T083503_20260213T083530_063198_07EF18_7F98.zip,SLC,DESCENDING,126,63198,619,2026-02-13T08:35:03Z,2026-02-13T08:35:30Z,0.0 MB,C:\Users\jales\Documents\GitHub\thesis_code\downloads\sentinel1_asf\Sentinel-1A\S1A_IW_SLC__1SDV_20260213T083503_20260213T083530_063198_07EF18_7F98.zip,missing_auth
feature_0_part_1_split_1,0,Sentinel-1A,,SENTINEL-1,Sentinel-1A,S1A_IW_SLC__1SDV_20260213T083439_20260213T083505_063198_07EF18_FC93-SLC,S1A_IW_SLC__1SDV_20260213T083439_20260213T083505_063198_07EF18_FC93,S1A_IW_SLC__1SDV_20260213T083439_20260213T083505_063198_07EF18_FC93.zip,primary,https://datapool.asf.alaska.edu/SLC/SA/S1A_IW_SLC__1SDV_20260213T083439_20260213T083505_063198_07EF18_FC93.zip,SLC,DESCENDING,126,63198,614,2026-02-13T08:34:39Z,2026-02-13T08:35:05Z,0.0 MB,C:\Users\jales\Documents\GitHub\thesis_code\downloads\sentinel1_asf\Sentinel-1A\S1A_IW_SLC__1SDV_20260213T083439_20260213T083505_063198_07EF18_FC93.zip,missing_auth
feature_0_part_1_split_1,0,Sentinel-1A,,SENTINEL-1,Sentinel-1A,S1A_IW_SLC__1SDV_20260213T083414_20260213T083441_063198_07EF18_7608-SLC,S1A_IW_SLC__1SDV_20260213T083414_20260213T083441_063198_07EF18_7608,S1A_IW_SLC__1SDV_20260213T083414_20260213T083441_063198_07EF18_7608.zip,primary,https://datapool.asf.alaska.edu/SLC/SA/S1A_IW_SLC__1SDV_20260213T083414_20260213T083441_063198_07EF18_7608.zip,SLC,DESCENDING,126,63198,610,2026-02-13T08:34:14Z,2026-02-13T08:34:41Z,0.0 MB,C:\Users\jales\Documents\GitHub\thesis_code\downloads\sentinel1_asf\Sentinel-1A\S1A_IW_SLC__1SDV_20260213T083414_20260213T083441_063198_07EF18_7608.zip,missing_auth
feature_0_part_1_split_1,0,Sentinel-1A,,SENTINEL-1,Sentinel-1A,S1A_IW_SLC__1SDV_20260213T083348_20260213T083416_063198_07EF18_F00B-SLC,S1A_IW_SLC__1SDV_20260213T083348_20260213T083416_063198_07EF18_F00B,S1A_IW_SLC__1SDV_20260213T083348_20260213T083416_063198_07EF18_F00B.zip,primary,https://datapool.asf.alaska.edu/SLC/SA/S1A_IW_SLC__1SDV_20260213T083348_20260213T083416_063198_07EF18_F00B.zip,SLC,DESCENDING,126,63198,604,2026-02-13T08:33:48Z,2026-02-13T08:34:16Z,0.0 MB,C:\Users\jales\Documents\GitHub\thesis_code\downloads\sentinel1_asf\Sentinel-1A\S1A_IW_SLC__1SDV_20260213T083348_20260213T083416_063198_07EF18_F00B.zip,missing_auth
feature_0_part_1_split_1,0,Sentinel-1A,,SENTINEL-1,Sentinel-1A,S1A_IW_SLC__1SDV_20260213T083320_20260213T083350_063198_07EF18_37EE-SLC,S1A_IW_SLC__1SDV_20260213T083320_20260213T083350_063198_07EF18_37EE,S1A_IW_SLC__1SDV_20260213T083320_20260213T083350_063198_07EF18_37EE.zip,primary,https://datapool.asf.alaska.edu/SLC/SA/S1A_IW_SLC__1SDV_20260213T083320_20260213T083350_063198_07EF18_37EE.zip,SLC,DESCENDING,126,63198,599,2026-02-13T08:33:20Z,2026-02-13T08:33:50Z,0.0 MB,C:\Users\jales\Documents\GitHub\thesis_code\downloads\sentinel1_asf\Sentinel-1A\S1A_IW_SLC__1SDV_20260213T083320_20260213T083350_063198_07EF18_37EE.zip,missing_auth
feature_0_part_1_split_1,0,Sentinel-1A,,SENTINEL-1,Sentinel-1A,S1A_IW_SLC__1SDV_20260212T093423_20260212T093450_063184_07EE8E_5E80-SLC,S1A_IW_SLC__1SDV_20260212T093423_20260212T093450_063184_07EE8E_5E80,S1A_IW_SLC__1SDV_20260212T093423_20260212T093450_063184_07EE8E_5E80.zip,primary,https://datapool.asf.alaska.edu/SLC/SA/S1A_IW_SLC__1SDV_20260212T093423_20260212T093450_063184_07EE8E_5E80.zip,SLC,DESCENDING,112,63184,640,2026-02-12T09:34:23Z,2026-02-12T09:34:50Z,0.0 MB,C:\Users\jales\Documents\GitHub\thesis_code\downloads\sentinel1_asf\Sentinel-1A\S1A_IW_SLC__1SDV_20260212T093423_20260212T093450_063184_07EE8E_5E80.zip,missing_auth
feature_0_part_1_split_1,0,Sentinel-1A,,SENTINEL-1,Sentinel-1A,S1A_IW_SLC__1SDV_20260212T093358_20260212T093426_063184_07EE8E_3D67-SLC,S1A_IW_SLC__1SDV_20260212T093358_20260212T093426_063184_07EE8E_3D67,S1A_IW_SLC__1SDV_20260212T093358_20260212T093426_063184_07EE8E_3D67.zip,primary,https://datapool.asf.alaska.edu/SLC/SA/S1A_IW_SLC__1SDV_20260212T093358_20260212T093426_063184_07EE8E_3D67.zip,SLC,DESCENDING,112,63184,635,2026-02-12T09:33:58Z,2026-02-12T09:34:26Z,0.0 MB,C:\Users\jales\Documents\GitHub\thesis_code\downloads\sentinel1_asf\Sentinel-1A\S1A_IW_SLC__1SDV_20260212T093358_20260212T093426_063184_07EE8E_3D67.zip,missing_auth
feature_0_part_1_split_1,0,Sentinel-1A,,SENTINEL-1,Sentinel-1A,S1A_IW_SLC__1SDV_20260212T093333_20260212T093401_063184_07EE8E_9EAF-SLC,S1A_IW_SLC__1SDV_20260212T093333_20260212T093401_063184_07EE8E_9EAF,S1A_IW_SLC__1SDV_20260212T093333_20260212T093401_063184_07EE8E_9EAF.zip,primary,https://datapool.asf.alaska.edu/SLC/SA/S1A_IW_SLC__1SDV_20260212T093333_20260212T093401_063184_07EE8E_9EAF.zip,SLC,DESCENDING,112,63184,630,2026-02-12T09:33:33Z,2026-02-12T09:34:01Z,0.0 MB,C:\Users\jales\Documents\GitHub\thesis_code\downloads\sentinel1_asf\Sentinel-1A\S1A_IW_SLC__1SDV_20260212T093333_20260212T093401_063184_07EE8E_9EAF.zip,missing_auth
feature_0_part_1_split_1,0,Sentinel-1A,,SENTINEL-1,Sentinel-1A,S1A_IW_SLC__1SDV_20260211T085435_20260211T085459_063169_07EDF7_8FA7-SLC,S1A_IW_SLC__1SDV_20260211T085435_20260211T085459_063169_07EDF7_8FA7,S1A_IW_SLC__1SDV_20260211T085435_20260211T085459_063169_07EDF7_8FA7.zip,primary,https://datapool.asf.alaska.edu/SLC/SA/S1A_IW_SLC__1SDV_20260211T085435_20260211T085459_063169_07EDF7_8FA7.zip,SLC,DESCENDING,97,63169,656,2026-02-11T08:54:35Z,2026-02-11T08:54:59Z,0.0 MB,C:\Users\jales\Documents\GitHub\thesis_code\downloads\sentinel1_asf\Sentinel-1A\S1A_IW_SLC__1SDV_20260211T085435_20260211T085459_063169_07EDF7_8FA7.zip,missing_auth
feature_0_part_1_split_1,0,Sentinel-1A,,SENTINEL-1,Sentinel-1A,S1A_IW_SLC__1SDV_20260211T085410_20260211T085437_063169_07EDF7_50C0-SLC,S1A_IW_SLC__1SDV_20260211T085410_20260211T085437_063169_07EDF7_50C0,S1A_IW_SLC__1SDV_20260211T085410_20260211T085437_063169_07EDF7_50C0.zip,primary,https://datapool.asf.alaska.edu/SLC/SA/S1A_IW_SLC__1SDV_20260211T085410_20260211T085437_063169_07EDF7_50C0.zip,SLC,DESCENDING,97,63169,651,2026-02-11T08:54:10Z,2026-02-11T08:54:37Z,0.0 MB,C:\Users\jales\Documents\GitHub\thesis_code\downloads\sentinel1_asf\Sentinel-1A\S1A_IW_SLC__1SDV_20260211T085410_20260211T085437_063169_07EDF7_50C0.zip,missing_auth
feature_0_part_1_split_1,0,Sentinel-1A,,SENTINEL-1,Sentinel-1A,S1A_IW_SLC__1SDV_20260211T085344_20260211T085412_063169_07EDF7_3D7F-SLC,S1A_IW_SLC__1SDV_20260211T085344_20260211T085412_063169_07EDF7_3D7F,S1A_IW_SLC__1SDV_20260211T085344_20260211T085412_063169_07EDF7_3D7F.zip,primary,https://datapool.asf.alaska.edu/SLC/SA/S1A_IW_SLC__1SDV_20260211T085344_20260211T085412_063169_07EDF7_3D7F.zip,SLC,DESCENDING,97,63169,646,2026-02-11T08:53:44Z,2026-02-11T08:54:12Z,0.0 MB,C:\Users\jales\Documents\GitHub\thesis_code\downloads\sentinel1_asf\Sentinel-1A\S1A_IW_SLC__1SDV_20260211T085344_20260211T085412_063169_07EDF7_3D7F.zip,missing_auth
feature_0_part_1_split_1,0,Sentinel-1A,,SENTINEL-1,Sentinel-1A,S1A_IW_SLC__1SDV_20260211T085319_20260211T085346_063169_07EDF7_9F12-SLC,S1A_IW_SLC__1SDV_20260211T085319_20260211T085346_063169_07EDF7_9F12,S1A_IW_SLC__1SDV_20260211T085319_20260211T085346_063169_07EDF7_9F12.zip,primary,https://datapool.asf.alaska.edu/SLC/SA/S1A_IW_SLC__1SDV_20260211T085319_20260211T085346_063169_07EDF7_9F12.zip,SLC,DESCENDING,97,63169,641,2026-02-11T08:53:19Z,2026-02-11T08:53:46Z,0.0 MB,C:\Users\jales\Documents\GitHub\thesis_code\downloads\sentinel1_asf\Sentinel-1A\S1A_IW_SLC__1SDV_20260211T085319_20260211T085346_063169_07EDF7_9F12.zip,missing_auth
feature_0_part_1_split_1,0,Sentinel-1A,,SENTINEL-1,Sentinel-1A,S1A_IW_SLC__1SDV_20260211T085254_20260211T085321_063169_07EDF7_D510-SLC,S1A_IW_SLC__1SDV_20260211T085254_20260211T085321_063169_07EDF7_D510,S1A_IW_SLC__1SDV_20260211T085254_20260211T085321_063169_07EDF7_D510.zip,primary,https://datapool.asf.alaska.edu/SLC/SA/S1A_IW_SLC__1SDV_20260211T085254_20260211T085321_063169_07EDF7_D510.zip,SLC,DESCENDING,97,63169,636,2026-02-11T08:52:54Z,2026-02-11T08:53:21Z,0.0 MB,C:\Users\jales\Documents\GitHub\thesis_code\downloads\sentinel1_asf\Sentinel-1A\S1A_IW_SLC__1SDV_20260211T085254_20260211T085321_063169_07EDF7_D510.zip,missing_auth
feature_0_part_1_split_1,0,Sentinel-1A,,SENTINEL-1,Sentinel-1A,S1A_IW_SLC__1SDV_20260211T085230_20260211T085257_063169_07EDF7_641B-SLC,S1A_IW_SLC__1SDV_20260211T085230_20260211T085257_063169_07EDF7_641B,S1A_IW_SLC__1SDV_20260211T085230_20260211T085257_063169_07EDF7_641B.zip,primary,https://datapool.asf.alaska.edu/SLC/SA/S1A_IW_SLC__1SDV_20260211T085230_20260211T085257_063169_07EDF7_641B.zip,SLC,DESCENDING,97,63169,631,2026-02-11T08:52:30Z,2026-02-11T08:52:57Z,0.0 MB,C:\Users\jales\Documents\GitHub\thesis_code\downloads\sentinel1_asf\Sentinel-1A\S1A_IW_SLC__1SDV_20260211T085230_20260211T085257_063169_07EDF7_641B.zip,missing_auth
feature_0_part_1_split_1,0,Sentinel-1A,,SENTINEL-1,Sentinel-1A,S1A_IW_SLC__1SDV_20260211T085205_20260211T085232_063169_07EDF7_16A6-SLC,S1A_IW_SLC__1SDV_20260211T085205_20260211T085232_063169_07EDF7_16A6,S1A_IW_SLC__1SDV_20260211T085205_20260211T085232_063169_07EDF7_16A6.zip,primary,https://datapool.asf.alaska.edu/SLC/SA/S1A_IW_SLC__1SDV_20260211T085205_20260211T085232_063169_07EDF7_16A6.zip,SLC,DESCENDING,97,63169,626,2026-02-11T08:52:05Z,2026-02-11T08:52:32Z,0.0 MB,C:\Users\jales\Documents\GitHub\thesis_code\downloads\sentinel1_asf\Sentinel-1A\S1A_IW_SLC__1SDV_20260211T085205_20260211T085232_063169_07EDF7_16A6.zip,missing_auth
feature_0_part_1_split_1,0,Sentinel-1A,,SENTINEL-1,Sentinel-1A,S1A_IW_SLC__1SDV_20260211T085140_20260211T085207_063169_07EDF7_2B94-SLC,S1A_IW_SLC__1SDV_20260211T085140_20260211T085207_063169_07EDF7_2B94,S1A_IW_SLC__1SDV_20260211T085140_20260211T085207_063169_07EDF7_2B94.zip,primary,https://datapool.asf.alaska.edu/SLC/SA/S1A_IW_SLC__1SDV_20260211T085140_20260211T085207_063169_07EDF7_2B94.zip,SLC,DESCENDING,97,63169,621,2026-02-11T08:51:40Z,2026-02-11T08:52:07Z,0.0 MB,C:\Users\jales\Documents\GitHub\thesis_code\downloads\sentinel1_asf\Sentinel-1A\S1A_IW_SLC__1SDV_20260211T085140_20260211T085207_063169_07EDF7_2B94.zip,missing_auth
feature_0_part_1_split_1,0,Sentinel-1A,,SENTINEL-1,Sentinel-1A,S1A_IW_SLC__1SDV_20260211T085114_20260211T085142_063169_07EDF7_CBBB-SLC,S1A_IW_SLC__1SDV_20260211T085114_20260211T085142_063169_07EDF7_CBBB,S1A_IW_SLC__1SDV_20260211T085114_20260211T085142_063169_07EDF7_CBBB.zip,primary,https://datapool.asf.alaska.edu/SLC/SA/S1A_IW_SLC__1SDV_20260211T085114_20260211T085142_063169_07EDF7_CBBB.zip,SLC,DESCENDING,97,63169,616,2026-02-11T08:51:14Z,2026-02-11T08:51:42Z,0.0 MB,C:\Users\jales\Documents\GitHub\thesis_code\downloads\sentinel1_asf\Sentinel-1A\S1A_IW_SLC__1SDV_20260211T085114_20260211T085142_063169_07EDF7_CBBB.zip,missing_auth
feature_0_part_1_split_1,0,Sentinel-1A,,SENTINEL-1,Sentinel-1A,S1A_IW_SLC__1SDV_20260211T085049_20260211T085116_063169_07EDF7_9C21-SLC,S1A_IW_SLC__1SDV_20260211T085049_20260211T085116_063169_07EDF7_9C21,S1A_IW_SLC__1SDV_20260211T085049_20260211T085116_063169_07EDF7_9C21.zip,primary,https://datapool.asf.alaska.edu/SLC/SA/S1A_IW_SLC__1SDV_20260211T085049_20260211T085116_063169_07EDF7_9C21.zip,SLC,DESCENDING,97,63169,611,2026-02-11T08:50:49Z,2026-02-11T08:51:16Z,0.0 MB,C:\Users\jales\Documents\GitHub\thesis_code\downloads\sentinel1_asf\Sentinel-1A\S1A_IW_SLC__1SDV_20260211T085049_20260211T085116_063169_07EDF7_9C21.zip,missing_auth
feature_0_part_1_split_1,0,Sentinel-1A,,SENTINEL-1,Sentinel-1A,S1A_IW_SLC__1SDV_20260211T085025_20260211T085051_063169_07EDF7_0117-SLC,S1A_IW_SLC__1SDV_20260211T085025_20260211T085051_063169_07EDF7_0117,S1A_IW_SLC__1SDV_20260211T085025_20260211T085051_063169_07EDF7_0117.zip,primary,https://datapool.asf.alaska.edu/SLC/SA/S1A_IW_SLC__1SDV_20260211T085025_20260211T085051_063169_07EDF7_0117.zip,SLC,DESCENDING,97,63169,606,2026-02-11T08:50:25Z,2026-02-11T08:50:51Z,0.0 MB,C:\Users\jales\Documents\GitHub\thesis_code\downloads\sentinel1_asf\Sentinel-1A\S1A_IW_SLC__1SDV_20260211T085025_20260211T085051_063169_07EDF7_0117.zip,missing_auth
feature_0_part_1_split_1,0,Sentinel-1A,,SENTINEL-1,Sentinel-1A,S1A_IW_SLC__1SDV_20260208T082838_20260208T082852_063125_07EC62_BB16-SLC,S1A_IW_SLC__1SDV_20260208T082838_20260208T082852_063125_07EC62_BB16,S1A_IW_SLC__1SDV_20260208T082838_20260208T082852_063125_07EC62_BB16.zip,primary,https://datapool.asf.alaska.edu/SLC/SA/S1A_IW_SLC__1SDV_20260208T082838_20260208T082852_063125_07EC62_BB16.zip,SLC,DESCENDING,53,63125,641,2026-02-08T08:28:38Z,2026-02-08T08:28:52Z,0.0 MB,C:\Users\jales\Documents\GitHub\thesis_code\downloads\sentinel1_asf\Sentinel-1A\S1A_IW_SLC__1SDV_20260208T082838_20260208T082852_063125_07EC62_BB16.zip,missing_auth
feature_0_part_1_split_1,0,Sentinel-1A,,SENTINEL-1,Sentinel-1A,S1A_IW_SLC__1SDV_20260208T082813_20260208T082840_063125_07EC62_6529-SLC,S1A_IW_SLC__1SDV_20260208T082813_20260208T082840_063125_07EC62_6529,S1A_IW_SLC__1SDV_20260208T082813_20260208T082840_063125_07EC62_6529.zip,primary,https://datapool.asf.alaska.edu/SLC/SA/S1A_IW_SLC__1SDV_20260208T082813_20260208T082840_063125_07EC62_6529.zip,SLC,DESCENDING,53,63125,636,2026-02-08T08:28:13Z,2026-02-08T08:28:40Z,0.0 MB,C:\Users\jales\Documents\GitHub\thesis_code\downloads\sentinel1_asf\Sentinel-1A\S1A_IW_SLC__1SDV_20260208T082813_20260208T082840_063125_07EC62_6529.zip,missing_auth
feature_0_part_1_split_1,0,Sentinel-1A,,SENTINEL-1,Sentinel-1A,S1A_IW_SLC__1SDV_20260208T082747_20260208T082815_063125_07EC62_C370-SLC,S1A_IW_SLC__1SDV_20260208T082747_20260208T082815_063125_07EC62_C370,S1A_IW_SLC__1SDV_20260208T082747_20260208T082815_063125_07EC62_C370.zip,primary,https://datapool.asf.alaska.edu/SLC/SA/S1A_IW_SLC__1SDV_20260208T082747_20260208T082815_063125_07EC62_C370.zip,SLC,DESCENDING,53,63125,631,2026-02-08T08:27:47Z,2026-02-08T08:28:15Z,0.0 MB,C:\Users\jales\Documents\GitHub\thesis_code\downloads\sentinel1_asf\Sentinel-1A\S1A_IW_SLC__1SDV_20260208T082747_20260208T082815_063125_07EC62_C370.zip,missing_auth
feature_0_part_1_split_1,0,Sentinel-1A,,SENTINEL-1,Sentinel-1A,S1A_IW_SLC__1SDV_20260208T082633_20260208T082700_063125_07EC62_734C-SLC,S1A_IW_SLC__1SDV_20260208T082633_20260208T082700_063125_07EC62_734C,S1A_IW_SLC__1SDV_20260208T082633_20260208T082700_063125_07EC62_734C.zip,primary,https://datapool.asf.alaska.edu/SLC/SA/S1A_IW_SLC__1SDV_20260208T082633_20260208T082700_063125_07EC62_734C.zip,SLC,DESCENDING,53,63125,616,2026-02-08T08:26:33Z,2026-02-08T08:27:00Z,0.0 MB,C:\Users\jales\Documents\GitHub\thesis_code\downloads\sentinel1_asf\Sentinel-1A\S1A_IW_SLC__1SDV_20260208T082633_20260208T082700_063125_07EC62_734C.zip,missing_auth
feature_0_part_1_split_1,0,Sentinel-1A,,SENTINEL-1,Sentinel-1A,S1A_IW_SLC__1SDV_20260208T082608_20260208T082635_063125_07EC62_A6C6-SLC,S1A_IW_SLC__1SDV_20260208T082608_20260208T082635_063125_07EC62_A6C6,S1A_IW_SLC__1SDV_20260208T082608_20260208T082635_063125_07EC62_A6C6.zip,primary,https://datapool.asf.alaska.edu/SLC/SA/S1A_IW_SLC__1SDV_20260208T082608_20260208T082635_063125_07EC62_A6C6.zip,SLC,DESCENDING,53,63125,611,2026-02-08T08:26:08Z,2026-02-08T08:26:35Z,0.0 MB,C:\Users\jales\Documents\GitHub\thesis_code\downloads\sentinel1_asf\Sentinel-1A\S1A_IW_SLC__1SDV_20260208T082608_20260208T082635_063125_07EC62_A6C6.zip,missing_auth
feature_0_part_1_split_1,0,Sentinel-1A,,SENTINEL-1,Sentinel-1A,S1A_IW_SLC__1SDV_20260208T082542_20260208T082610_063125_07EC62_29C2-SLC,S1A_IW_SLC__1SDV_20260208T082542_20260208T082610_063125_07EC62_29C2,S1A_IW_SLC__1SDV_20260208T082542_20260208T082610_063125_07EC62_29C2.zip,primary,https://datapool.asf.alaska.edu/SLC/SA/S1A_IW_SLC__1SDV_20260208T082542_20260208T082610_063125_07EC62_29C2.zip,SLC,DESCENDING,53,63125,606,2026-02-08T08:25:42Z,2026-02-08T08:26:10Z,0.0 MB,C:\Users\jales\Documents\GitHub\thesis_code\downloads\sentinel1_asf\Sentinel-1A\S1A_IW_SLC__1SDV_20260208T082542_20260208T082610_063125_07EC62_29C2.zip,missing_auth
feature_0_part_1_split_1,0,Sentinel-1A,,SENTINEL-1,Sentinel-1A,S1A_IW_SLC__1SDV_20260208T082514_20260208T082544_063125_07EC62_A967-SLC,S1A_IW_SLC__1SDV_20260208T082514_20260208T082544_063125_07EC62_A967,S1A_IW_SLC__1SDV_20260208T082514_20260208T082544_063125_07EC62_A967.zip,primary,https://datapool.asf.alaska.edu/SLC/SA/S1A_IW_SLC__1SDV_20260208T082514_20260208T082544_063125_07EC62_A967.zip,SLC,DESCENDING,53,63125,600,2026-02-08T08:25:14Z,2026-02-08T08:25:44Z,0.0 MB,C:\Users\jales\Documents\GitHub\thesis_code\downloads\sentinel1_asf\Sentinel-1A\S1A_IW_SLC__1SDV_20260208T082514_20260208T082544_063125_07EC62_A967.zip,missing_auth
feature_0_part_1_split_1,0,Sentinel-1A,,SENTINEL-1,Sentinel-1A,S1A_IW_SLC__1SDV_20260206T084628_20260206T084653_063096_07EB49_5BA4-SLC,S1A_IW_SLC__1SDV_20260206T084628_20260206T084653_063096_07EB49_5BA4,S1A_IW_SLC__1SDV_20260206T084628_20260206T084653_063096_07EB49_5BA4.zip,primary,https://datapool.asf.alaska.edu/SLC/SA/S1A_IW_SLC__1SDV_20260206T084628_20260206T084653_063096_07EB49_5BA4.zip,SLC,DESCENDING,24,63096,658,2026-02-06T08:46:28Z,2026-02-06T08:46:53Z,0.0 MB,C:\Users\jales\Documents\GitHub\thesis_code\downloads\sentinel1_asf\Sentinel-1A\S1A_IW_SLC__1SDV_20260206T084628_20260206T084653_063096_07EB49_5BA4.zip,missing_auth
feature_0_part_1_split_1,0,Sentinel-1A,,SENTINEL-1,Sentinel-1A,S1A_IW_SLC__1SDV_20260206T084604_20260206T084631_063096_07EB49_6AF2-SLC,S1A_IW_SLC__1SDV_20260206T084604_20260206T084631_063096_07EB49_6AF2,S1A_IW_SLC__1SDV_20260206T084604_20260206T084631_063096_07EB49_6AF2.zip,primary,https://datapool.asf.alaska.edu/SLC/SA/S1A_IW_SLC__1SDV_20260206T084604_20260206T084631_063096_07EB49_6AF2.zip,SLC,DESCENDING,24,63096,653,2026-02-06T08:46:04Z,2026-02-06T08:46:31Z,0.0 MB,C:\Users\jales\Documents\GitHub\thesis_code\downloads\sentinel1_asf\Sentinel-1A\S1A_IW_SLC__1SDV_20260206T084604_20260206T084631_063096_07EB49_6AF2.zip,missing_auth
feature_0_part_1_split_1,0,Sentinel-1A,,SENTINEL-1,Sentinel-1A,S1A_IW_SLC__1SDV_20260206T084538_20260206T084606_063096_07EB49_17E5-SLC,S1A_IW_SLC__1SDV_20260206T084538_20260206T084606_063096_07EB49_17E5,S1A_IW_SLC__1SDV_20260206T084538_20260206T084606_063096_07EB49_17E5.zip,primary,https://datapool.asf.alaska.edu/SLC/SA/S1A_IW_SLC__1SDV_20260206T084538_20260206T084606_063096_07EB49_17E5.zip,SLC,DESCENDING,24,63096,648,2026-02-06T08:45:38Z,2026-02-06T08:46:06Z,0.0 MB,C:\Users\jales\Documents\GitHub\thesis_code\downloads\sentinel1_asf\Sentinel-1A\S1A_IW_SLC__1SDV_20260206T084538_20260206T084606_063096_07EB49_17E5.zip,missing_auth
feature_0_part_1_split_1,0,Sentinel-1A,,SENTINEL-1,Sentinel-1A,S1A_IW_SLC__1SDV_20260206T084513_20260206T084540_063096_07EB49_3C05-SLC,S1A_IW_SLC__1SDV_20260206T084513_20260206T084540_063096_07EB49_3C05,S1A_IW_SLC__1SDV_20260206T084513_20260206T084540_063096_07EB49_3C05.zip,primary,https://datapool.asf.alaska.edu/SLC/SA/S1A_IW_SLC__1SDV_20260206T084513_20260206T084540_063096_07EB49_3C05.zip,SLC,DESCENDING,24,63096,643,2026-02-06T08:45:13Z,2026-02-06T08:45:40Z,0.0 MB,C:\Users\jales\Documents\GitHub\thesis_code\downloads\sentinel1_asf\Sentinel-1A\S1A_IW_SLC__1SDV_20260206T084513_20260206T084540_063096_07EB49_3C05.zip,missing_auth
feature_0_part_1_split_1,0,Sentinel-1A,,SENTINEL-1,Sentinel-1A,S1A_IW_SLC__1SDV_20260206T084448_20260206T084515_063096_07EB49_02D1-SLC,S1A_IW_SLC__1SDV_20260206T084448_20260206T084515_063096_07EB49_02D1,S1A_IW_SLC__1SDV_20260206T084448_20260206T084515_063096_07EB49_02D1.zip,primary,https://datapool.asf.alaska.edu/SLC/SA/S1A_IW_SLC__1SDV_20260206T084448_20260206T084515_063096_07EB49_02D1.zip,SLC,DESCENDING,24,63096,638,2026-02-06T08:44:48Z,2026-02-06T08:45:15Z,0.0 MB,C:\Users\jales\Documents\GitHub\thesis_code\downloads\sentinel1_asf\Sentinel-1A\S1A_IW_SLC__1SDV_20260206T084448_20260206T084515_063096_07EB49_02D1.zip,missing_auth
feature_0_part_1_split_1,0,Sentinel-1A,,SENTINEL-1,Sentinel-1A,S1A_IW_SLC__1SDV_20260206T084423_20260206T084450_063096_07EB49_8B75-SLC,S1A_IW_SLC__1SDV_20260206T084423_20260206T084450_063096_07EB49_8B75,S1A_IW_SLC__1SDV_20260206T084423_20260206T084450_063096_07EB49_8B75.zip,primary,https://datapool.asf.alaska.edu/SLC/SA/S1A_IW_SLC__1SDV_20260206T084423_20260206T084450_063096_07EB49_8B75.zip,SLC,DESCENDING,24,63096,633,2026-02-06T08:44:23Z,2026-02-06T08:44:50Z,0.0 MB,C:\Users\jales\Documents\GitHub\thesis_code\downloads\sentinel1_asf\Sentinel-1A\S1A_IW_SLC__1SDV_20260206T084423_20260206T084450_063096_07EB49_8B75.zip,missing_auth
feature_0_part_1_split_1,0,Sentinel-1A,,SENTINEL-1,Sentinel-1A,S1A_IW_SLC__1SDV_20260206T084359_20260206T084426_063096_07EB49_A75C-SLC,S1A_IW_SLC__1SDV_20260206T084359_20260206T084426_063096_07EB49_A75C,S1A_IW_SLC__1SDV_20260206T084359_20260206T084426_063096_07EB49_A75C.zip,primary,https://datapool.asf.alaska.edu/SLC/SA/S1A_IW_SLC__1SDV_20260206T084359_20260206T084426_063096_07EB49_A75C.zip,SLC,DESCENDING,24,63096,628,2026-02-06T08:43:59Z,2026-02-06T08:44:26Z,0.0 MB,C:\Users\jales\Documents\GitHub\thesis_code\downloads\sentinel1_asf\Sentinel-1A\S1A_IW_SLC__1SDV_20260206T084359_20260206T084426_063096_07EB49_A75C.zip,missing_auth
feature_0_part_1_split_1,0,Sentinel-1A,,SENTINEL-1,Sentinel-1A,S1A_IW_SLC__1SDV_20260206T084334_20260206T084401_063096_07EB49_43AE-SLC,S1A_IW_SLC__1SDV_20260206T084334_20260206T084401_063096_07EB49_43AE,S1A_IW_SLC__1SDV_20260206T084334_20260206T084401_063096_07EB49_43AE.zip,primary,https://datapool.asf.alaska.edu/SLC/SA/S1A_IW_SLC__1SDV_20260206T084334_20260206T084401_063096_07EB49_43AE.zip,SLC,DESCENDING,24,63096,623,2026-02-06T08:43:34Z,2026-02-06T08:44:01Z,0.0 MB,C:\Users\jales\Documents\GitHub\thesis_code\downloads\sentinel1_asf\Sentinel-1A\S1A_IW_SLC__1SDV_20260206T084334_20260206T084401_063096_07EB49_43AE.zip,missing_auth
feature_0_part_1_split_1,0,Sentinel-1A,,SENTINEL-1,Sentinel-1A,S1A_IW_SLC__1SDV_20260206T084308_20260206T084336_063096_07EB49_81BA-SLC,S1A_IW_SLC__1SDV_20260206T084308_20260206T084336_063096_07EB49_81BA,S1A_IW_SLC__1SDV_20260206T084308_20260206T084336_063096_07EB49_81BA.zip,primary,https://datapool.asf.alaska.edu/SLC/SA/S1A_IW_SLC__1SDV_20260206T084308_20260206T084336_063096_07EB49_81BA.zip,SLC,DESCENDING,24,63096,618,2026-02-06T08:43:08Z,2026-02-06T08:43:36Z,0.0 MB,C:\Users\jales\Documents\GitHub\thesis_code\downloads\sentinel1_asf\Sentinel-1A\S1A_IW_SLC__1SDV_20260206T084308_20260206T084336_063096_07EB49_81BA.zip,missing_auth
feature_0_part_1_split_1,0,Sentinel-1A,,SENTINEL-1,Sentinel-1A,S1A_IW_SLC__1SDV_20260206T084243_20260206T084310_063096_07EB49_1232-SLC,S1A_IW_SLC__1SDV_20260206T084243_20260206T084310_063096_07EB49_1232,S1A_IW_SLC__1SDV_20260206T084243_20260206T084310_063096_07EB49_1232.zip,primary,https://datapool.asf.alaska.edu/SLC/SA/S1A_IW_SLC__1SDV_20260206T084243_20260206T084310_063096_07EB49_1232.zip,SLC,DESCENDING,24,63096,613,2026-02-06T08:42:43Z,2026-02-06T08:43:10Z,0.0 MB,C:\Users\jales\Documents\GitHub\thesis_code\downloads\sentinel1_asf\Sentinel-1A\S1A_IW_SLC__1SDV_20260206T084243_20260206T084310_063096_07EB49_1232.zip,missing_auth
feature_0_part_1_split_1,0,Sentinel-1A,,SENTINEL-1,Sentinel-1A,S1A_IW_SLC__1SDV_20260206T084218_20260206T084245_063096_07EB49_C205-SLC,S1A_IW_SLC__1SDV_20260206T084218_20260206T084245_063096_07EB49_C205,S1A_IW_SLC__1SDV_20260206T084218_20260206T084245_063096_07EB49_C205.zip,primary,https://datapool.asf.alaska.edu/SLC/SA/S1A_IW_SLC__1SDV_20260206T084218_20260206T084245_063096_07EB49_C205.zip,SLC,DESCENDING,24,63096,608,2026-02-06T08:42:18Z,2026-02-06T08:42:45Z,0.0 MB,C:\Users\jales\Documents\GitHub\thesis_code\downloads\sentinel1_asf\Sentinel-1A\S1A_IW_SLC__1SDV_20260206T084218_20260206T084245_063096_07EB49_C205.zip,missing_auth
feature_0_part_1_split_1,0,Sentinel-1A,,SENTINEL-1,Sentinel-1A,S1A_IW_SLC__1SDV_20260206T084154_20260206T084221_063096_07EB49_1B27-SLC,S1A_IW_SLC__1SDV_20260206T084154_20260206T084221_063096_07EB49_1B27,S1A_IW_SLC__1SDV_20260206T084154_20260206T084221_063096_07EB49_1B27.zip,primary,https://datapool.asf.alaska.edu/SLC/SA/S1A_IW_SLC__1SDV_20260206T084154_20260206T084221_063096_07EB49_1B27.zip,SLC,DESCENDING,24,63096,603,2026-02-06T08:41:54Z,2026-02-06T08:42:21Z,0.0 MB,C:\Users\jales\Documents\GitHub\thesis_code\downloads\sentinel1_asf\Sentinel-1A\S1A_IW_SLC__1SDV_20260206T084154_20260206T084221_063096_07EB49_1B27.zip,missing_auth
feature_0_part_1_split_1,0,Sentinel-1A,,SENTINEL-1,Sentinel-1A,S1A_IW_SLC__1SDV_20260206T084129_20260206T084156_063096_07EB49_A58E-SLC,S1A_IW_SLC__1SDV_20260206T084129_20260206T084156_063096_07EB49_A58E,S1A_IW_SLC__1SDV_20260206T084129_20260206T084156_063096_07EB49_A58E.zip,primary,https://datapool.asf.alaska.edu/SLC/SA/S1A_IW_SLC__1SDV_20260206T084129_20260206T084156_063096_07EB49_A58E.zip,SLC,DESCENDING,24,63096,598,2026-02-06T08:41:29Z,2026-02-06T08:41:56Z,0.0 MB,C:\Users\jales\Documents\GitHub\thesis_code\downloads\sentinel1_asf\Sentinel-1A\S1A_IW_SLC__1SDV_20260206T084129_20260206T084156_063096_07EB49_A58E.zip,missing_auth
feature_0_part_1_split_1,0,Sentinel-1A,,SENTINEL-1,Sentinel-1A,S1A_IW_SLC__1SDV_20260205T094151_20260205T094219_063082_07EAC5_C4C8-SLC,S1A_IW_SLC__1SDV_20260205T094151_20260205T094219_063082_07EAC5_C4C8,S1A_IW_SLC__1SDV_20260205T094151_20260205T094219_063082_07EAC5_C4C8.zip,primary,https://datapool.asf.alaska.edu/SLC/SA/S1A_IW_SLC__1SDV_20260205T094151_20260205T094219_063082_07EAC5_C4C8.zip,SLC,DESCENDING,10,63082,631,2026-02-05T09:41:51Z,2026-02-05T09:42:19Z,0.0 MB,C:\Users\jales\Documents\GitHub\thesis_code\downloads\sentinel1_asf\Sentinel-1A\S1A_IW_SLC__1SDV_20260205T094151_20260205T094219_063082_07EAC5_C4C8.zip,missing_auth
feature_0_part_1_split_1,0,Sentinel-1A,,SENTINEL-1,Sentinel-1A,S1A_IW_SLC__1SDV_20260204T211638_20260204T211708_063074_07EA79_F439-SLC,S1A_IW_SLC__1SDV_20260204T211638_20260204T211708_063074_07EA79_F439,S1A_IW_SLC__1SDV_20260204T211638_20260204T211708_063074_07EA79_F439.zip,primary,https://datapool.asf.alaska.edu/SLC/SA/S1A_IW_SLC__1SDV_20260204T211638_20260204T211708_063074_07EA79_F439.zip,SLC,ASCENDING,2,63074,1168,2026-02-04T21:16:38Z,2026-02-04T21:17:08Z,0.0 MB,C:\Users\jales\Documents\GitHub\thesis_code\downloads\sentinel1_asf\Sentinel-1A\S1A_IW_SLC__1SDV_20260204T211638_20260204T211708_063074_07EA79_F439.zip,missing_auth
feature_0_part_1_split_1,0,Sentinel-1A,,SENTINEL-1,Sentinel-1A,S1A_IW_SLC__1SDV_20260204T090241_20260204T090305_063067_07EA2A_7B82-SLC,S1A_IW_SLC__1SDV_20260204T090241_20260204T090305_063067_07EA2A_7B82,S1A_IW_SLC__1SDV_20260204T090241_20260204T090305_063067_07EA2A_7B82.zip,primary,https://datapool.asf.alaska.edu/SLC/SA/S1A_IW_SLC__1SDV_20260204T090241_20260204T090305_063067_07EA2A_7B82.zip,SLC,DESCENDING,170,63067,655,2026-02-04T09:02:41Z,2026-02-04T09:03:05Z,0.0 MB,C:\Users\jales\Documents\GitHub\thesis_code\downloads\sentinel1_asf\Sentinel-1A\S1A_IW_SLC__1SDV_20260204T090241_20260204T090305_063067_07EA2A_7B82.zip,missing_auth
feature_0_part_1_split_1,0,Sentinel-1A,,SENTINEL-1,Sentinel-1A,S1A_IW_SLC__1SDV_20260204T090216_20260204T090243_063067_07EA2A_E5AB-SLC,S1A_IW_SLC__1SDV_20260204T090216_20260204T090243_063067_07EA2A_E5AB,S1A_IW_SLC__1SDV_20260204T090216_20260204T090243_063067_07EA2A_E5AB.zip,primary,https://datapool.asf.alaska.edu/SLC/SA/S1A_IW_SLC__1SDV_20260204T090216_20260204T090243_063067_07EA2A_E5AB.zip,SLC,DESCENDING,170,63067,650,2026-02-04T09:02:16Z,2026-02-04T09:02:43Z,0.0 MB,C:\Users\jales\Documents\GitHub\thesis_code\downloads\sentinel1_asf\Sentinel-1A\S1A_IW_SLC__1SDV_20260204T090216_20260204T090243_063067_07EA2A_E5AB.zip,missing_auth
feature_0_part_1_split_1,0,Sentinel-1A,,SENTINEL-1,Sentinel-1A,S1A_IW_SLC__1SDV_20260204T090150_20260204T090218_063067_07EA2A_112F-SLC,S1A_IW_SLC__1SDV_20260204T090150_20260204T090218_063067_07EA2A_112F,S1A_IW_SLC__1SDV_20260204T090150_20260204T090218_063067_07EA2A_112F.zip,primary,https://datapool.asf.alaska.edu/SLC/SA/S1A_IW_SLC__1SDV_20260204T090150_20260204T090218_063067_07EA2A_112F.zip,SLC,DESCENDING,170,63067,645,2026-02-04T09:01:50Z,2026-02-04T09:02:18Z,0.0 MB,C:\Users\jales\Documents\GitHub\thesis_code\downloads\sentinel1_asf\Sentinel-1A\S1A_IW_SLC__1SDV_20260204T090150_20260204T090218_063067_07EA2A_112F.zip,missing_auth
feature_0_part_1_split_1,0,Sentinel-1A,,SENTINEL-1,Sentinel-1A,S1A_IW_SLC__1SDV_20260204T090126_20260204T090153_063067_07EA2A_5FA2-SLC,S1A_IW_SLC__1SDV_20260204T090126_20260204T090153_063067_07EA2A_5FA2,S1A_IW_SLC__1SDV_20260204T090126_20260204T090153_063067_07EA2A_5FA2.zip,primary,https://datapool.asf.alaska.edu/SLC/SA/S1A_IW_SLC__1SDV_20260204T090126_20260204T090153_063067_07EA2A_5FA2.zip,SLC,DESCENDING,170,63067,640,2026-02-04T09:01:26Z,2026-02-04T09:01:53Z,0.0 MB,C:\Users\jales\Documents\GitHub\thesis_code\downloads\sentinel1_asf\Sentinel-1A\S1A_IW_SLC__1SDV_20260204T090126_20260204T090153_063067_07EA2A_5FA2.zip,missing_auth
feature_0_part_1_split_1,0,Sentinel-1A,,SENTINEL-1,Sentinel-1A,S1A_IW_SLC__1SDV_20260204T090101_20260204T090128_063067_07EA2A_0FAD-SLC,S1A_IW_SLC__1SDV_20260204T090101_20260204T090128_063067_07EA2A_0FAD,S1A_IW_SLC__1SDV_20260204T090101_20260204T090128_063067_07EA2A_0FAD.zip,primary,https://datapool.asf.alaska.edu/SLC/SA/S1A_IW_SLC__1SDV_20260204T090101_20260204T090128_063067_07EA2A_0FAD.zip,SLC,DESCENDING,170,63067,635,2026-02-04T09:01:01Z,2026-02-04T09:01:28Z,0.0 MB,C:\Users\jales\Documents\GitHub\thesis_code\downloads\sentinel1_asf\Sentinel-1A\S1A_IW_SLC__1SDV_20260204T090101_20260204T090128_063067_07EA2A_0FAD.zip,missing_auth
feature_0_part_1_split_1,0,Sentinel-1A,,SENTINEL-1,Sentinel-1A,S1A_IW_SLC__1SDV_20260204T090036_20260204T090103_063067_07EA2A_CF08-SLC,S1A_IW_SLC__1SDV_20260204T090036_20260204T090103_063067_07EA2A_CF08,S1A_IW_SLC__1SDV_20260204T090036_20260204T090103_063067_07EA2A_CF08.zip,primary,https://datapool.asf.alaska.edu/SLC/SA/S1A_IW_SLC__1SDV_20260204T090036_20260204T090103_063067_07EA2A_CF08.zip,SLC,DESCENDING,170,63067,630,2026-02-04T09:00:36Z,2026-02-04T09:01:03Z,0.0 MB,C:\Users\jales\Documents\GitHub\thesis_code\downloads\sentinel1_asf\Sentinel-1A\S1A_IW_SLC__1SDV_20260204T090036_20260204T090103_063067_07EA2A_CF08.zip,missing_auth
feature_0_part_1_split_1,0,Sentinel-1A,,SENTINEL-1,Sentinel-1A,S1A_IW_SLC__1SDV_20260204T090011_20260204T090038_063067_07EA2A_210E-SLC,S1A_IW_SLC__1SDV_20260204T090011_20260204T090038_063067_07EA2A_210E,S1A_IW_SLC__1SDV_20260204T090011_20260204T090038_063067_07EA2A_210E.zip,primary,https://datapool.asf.alaska.edu/SLC/SA/S1A_IW_SLC__1SDV_20260204T090011_20260204T090038_063067_07EA2A_210E.zip,SLC,DESCENDING,170,63067,625,2026-02-04T09:00:11Z,2026-02-04T09:00:38Z,0.0 MB,C:\Users\jales\Documents\GitHub\thesis_code\downloads\sentinel1_asf\Sentinel-1A\S1A_IW_SLC__1SDV_20260204T090011_20260204T090038_063067_07EA2A_210E.zip,missing_auth
feature_0_part_1_split_1,0,Sentinel-1A,,SENTINEL-1,Sentinel-1A,S1A_IW_SLC__1SDV_20260204T085946_20260204T090013_063067_07EA2A_4F27-SLC,S1A_IW_SLC__1SDV_20260204T085946_20260204T090013_063067_07EA2A_4F27,S1A_IW_SLC__1SDV_20260204T085946_20260204T090013_063067_07EA2A_4F27.zip,primary,https://datapool.asf.alaska.edu/SLC/SA/S1A_IW_SLC__1SDV_20260204T085946_20260204T090013_063067_07EA2A_4F27.zip,SLC,DESCENDING,170,63067,620,2026-02-04T08:59:46Z,2026-02-04T09:00:13Z,0.0 MB,C:\Users\jales\Documents\GitHub\thesis_code\downloads\sentinel1_asf\Sentinel-1A\S1A_IW_SLC__1SDV_20260204T085946_20260204T090013_063067_07EA2A_4F27.zip,missing_auth
feature_0_part_1_split_1,0,Sentinel-1A,,SENTINEL-1,Sentinel-1A,S1A_IW_SLC__1SDV_20260204T085920_20260204T085948_063067_07EA2A_9B51-SLC,S1A_IW_SLC__1SDV_20260204T085920_20260204T085948_063067_07EA2A_9B51,S1A_IW_SLC__1SDV_20260204T085920_20260204T085948_063067_07EA2A_9B51.zip,primary,https://datapool.asf.alaska.edu/SLC/SA/S1A_IW_SLC__1SDV_20260204T085920_20260204T085948_063067_07EA2A_9B51.zip,SLC,DESCENDING,170,63067,615,2026-02-04T08:59:20Z,2026-02-04T08:59:48Z,0.0 MB,C:\Users\jales\Documents\GitHub\thesis_code\downloads\sentinel1_asf\Sentinel-1A\S1A_IW_SLC__1SDV_20260204T085920_20260204T085948_063067_07EA2A_9B51.zip,missing_auth
feature_0_part_1_split_1,0,Sentinel-1A,,SENTINEL-1,Sentinel-1A,S1A_IW_SLC__1SDV_20260203T082101_20260203T082115_063052_07E9A7_6C7E-SLC,S1A_IW_SLC__1SDV_20260203T082101_20260203T082115_063052_07E9A7_6C7E,S1A_IW_SLC__1SDV_20260203T082101_20260203T082115_063052_07E9A7_6C7E.zip,primary,https://datapool.asf.alaska.edu/SLC/SA/S1A_IW_SLC__1SDV_20260203T082101_20260203T082115_063052_07E9A7_6C7E.zip,SLC,DESCENDING,155,63052,648,2026-02-03T08:21:01Z,2026-02-03T08:21:15Z,0.0 MB,C:\Users\jales\Documents\GitHub\thesis_code\downloads\sentinel1_asf\Sentinel-1A\S1A_IW_SLC__1SDV_20260203T082101_20260203T082115_063052_07E9A7_6C7E.zip,missing_auth
feature_0_part_1_split_1,0,Sentinel-1A,,SENTINEL-1,Sentinel-1A,S1A_IW_SLC__1SDV_20260203T082036_20260203T082103_063052_07E9A7_3D14-SLC,S1A_IW_SLC__1SDV_20260203T082036_20260203T082103_063052_07E9A7_3D14,S1A_IW_SLC__1SDV_20260203T082036_20260203T082103_063052_07E9A7_3D14.zip,primary,https://datapool.asf.alaska.edu/SLC/SA/S1A_IW_SLC__1SDV_20260203T082036_20260203T082103_063052_07E9A7_3D14.zip,SLC,DESCENDING,155,63052,643,2026-02-03T08:20:36Z,2026-02-03T08:21:03Z,0.0 MB,C:\Users\jales\Documents\GitHub\thesis_code\downloads\sentinel1_asf\Sentinel-1A\S1A_IW_SLC__1SDV_20260203T082036_20260203T082103_063052_07E9A7_3D14.zip,missing_auth
feature_0_part_1_split_1,0,Sentinel-1A,,SENTINEL-1,Sentinel-1A,S1A_IW_SLC__1SDV_20260203T082011_20260203T082038_063052_07E9A7_052F-SLC,S1A_IW_SLC__1SDV_20260203T082011_20260203T082038_063052_07E9A7_052F,S1A_IW_SLC__1SDV_20260203T082011_20260203T082038_063052_07E9A7_052F.zip,primary,https://datapool.asf.alaska.edu/SLC/SA/S1A_IW_SLC__1SDV_20260203T082011_20260203T082038_063052_07E9A7_052F.zip,SLC,DESCENDING,155,63052,638,2026-02-03T08:20:11Z,2026-02-03T08:20:38Z,0.0 MB,C:\Users\jales\Documents\GitHub\thesis_code\downloads\sentinel1_asf\Sentinel-1A\S1A_IW_SLC__1SDV_20260203T082011_20260203T082038_063052_07E9A7_052F.zip,missing_auth
feature_0_part_1_split_1,0,Sentinel-1A,,SENTINEL-1,Sentinel-1A,S1A_IW_SLC__1SDV_20260202T091919_20260202T091941_063038_07E924_ECD7-SLC,S1A_IW_SLC__1SDV_20260202T091919_20260202T091941_063038_07E924_ECD7,S1A_IW_SLC__1SDV_20260202T091919_20260202T091941_063038_07E924_ECD7.zip,primary,https://datapool.asf.alaska.edu/SLC/SA/S1A_IW_SLC__1SDV_20260202T091919_20260202T091941_063038_07E924_ECD7.zip,SLC,DESCENDING,141,63038,657,2026-02-02T09:19:19Z,2026-02-02T09:19:41Z,0.0 MB,C:\Users\jales\Documents\GitHub\thesis_code\downloads\sentinel1_asf\Sentinel-1A\S1A_IW_SLC__1SDV_20260202T091919_20260202T091941_063038_07E924_ECD7.zip,missing_auth
feature_0_part_1_split_1,0,Sentinel-1A,,SENTINEL-1,Sentinel-1A,S1A_IW_SLC__1SDV_20260202T091830_20260202T091857_063038_07E924_4442-SLC,S1A_IW_SLC__1SDV_20260202T091830_20260202T091857_063038_07E924_4442,S1A_IW_SLC__1SDV_20260202T091830_20260202T091857_063038_07E924_4442.zip,primary,https://datapool.asf.alaska.edu/SLC/SA/S1A_IW_SLC__1SDV_20260202T091830_20260202T091857_063038_07E924_4442.zip,SLC,DESCENDING,141,63038,647,2026-02-02T09:18:30Z,2026-02-02T09:18:57Z,0.0 MB,C:\Users\jales\Documents\GitHub\thesis_code\downloads\sentinel1_asf\Sentinel-1A\S1A_IW_SLC__1SDV_20260202T091830_20260202T091857_063038_07E924_4442.zip,missing_auth
feature_0_part_1_split_1,0,Sentinel-1A,,SENTINEL-1,Sentinel-1A,S1A_IW_SLC__1SDV_20260202T091805_20260202T091832_063038_07E924_4D4B-SLC,S1A_IW_SLC__1SDV_20260202T091805_20260202T091832_063038_07E924_4D4B,S1A_IW_SLC__1SDV_20260202T091805_20260202T091832_063038_07E924_4D4B.zip,primary,https://datapool.asf.alaska.edu/SLC/SA/S1A_IW_SLC__1SDV_20260202T091805_20260202T091832_063038_07E924_4D4B.zip,SLC,DESCENDING,141,63038,642,2026-02-02T09:18:05Z,2026-02-02T09:18:32Z,0.0 MB,C:\Users\jales\Documents\GitHub\thesis_code\downloads\sentinel1_asf\Sentinel-1A\S1A_IW_SLC__1SDV_20260202T091805_20260202T091832_063038_07E924_4D4B.zip,missing_auth
feature_0_part_1_split_1,0,Sentinel-1A,,SENTINEL-1,Sentinel-1A,S1A_IW_SLC__1SDV_20260202T091740_20260202T091807_063038_07E924_31F7-SLC,S1A_IW_SLC__1SDV_20260202T091740_20260202T091807_063038_07E924_31F7,S1A_IW_SLC__1SDV_20260202T091740_20260202T091807_063038_07E924_31F7.zip,primary,https://datapool.asf.alaska.edu/SLC/SA/S1A_IW_SLC__1SDV_20260202T091740_20260202T091807_063038_07E924_31F7.zip,SLC,DESCENDING,141,63038,637,2026-02-02T09:17:40Z,2026-02-02T09:18:07Z,0.0 MB,C:\Users\jales\Documents\GitHub\thesis_code\downloads\sentinel1_asf\Sentinel-1A\S1A_IW_SLC__1SDV_20260202T091740_20260202T091807_063038_07E924_31F7.zip,missing_auth
feature_0_part_1_split_1,0,Sentinel-1A,,SENTINEL-1,Sentinel-1A,S1A_IW_SLC__1SDV_20260202T091714_20260202T091742_063038_07E924_8092-SLC,S1A_IW_SLC__1SDV_20260202T091714_20260202T091742_063038_07E924_8092,S1A_IW_SLC__1SDV_20260202T091714_20260202T091742_063038_07E924_8092.zip,primary,https://datapool.asf.alaska.edu/SLC/SA/S1A_IW_SLC__1SDV_20260202T091714_20260202T091742_063038_07E924_8092.zip,SLC,DESCENDING,141,63038,632,2026-02-02T09:17:14Z,2026-02-02T09:17:42Z,0.0 MB,C:\Users\jales\Documents\GitHub\thesis_code\downloads\sentinel1_asf\Sentinel-1A\S1A_IW_SLC__1SDV_20260202T091714_20260202T091742_063038_07E924_8092.zip,missing_auth
feature_0_part_1_split_1,0,Sentinel-1C,,SENTINEL-1,Sentinel-1C,S1C_IW_SLC__1SDV_20260227T091104_20260227T091131_006539_00D2EE_9000-SLC,S1C_IW_SLC__1SDV_20260227T091104_20260227T091131_006539_00D2EE_9000,S1C_IW_SLC__1SDV_20260227T091104_20260227T091131_006539_00D2EE_9000.zip,primary,https://datapool.asf.alaska.edu/SLC/SC/S1C_IW_SLC__1SDV_20260227T091104_20260227T091131_006539_00D2EE_9000.zip,SLC,DESCENDING,68,6539,668,2026-02-27T09:11:04Z,2026-02-27T09:11:31Z,0.0 MB,C:\Users\jales\Documents\GitHub\thesis_code\downloads\sentinel1_asf\Sentinel-1C\S1C_IW_SLC__1SDV_20260227T091104_20260227T091131_006539_00D2EE_9000.zip,missing_auth
feature_0_part_1_split_1,0,Sentinel-1C,,SENTINEL-1,Sentinel-1C,S1C_IW_SLC__1SDV_20260227T091039_20260227T091106_006539_00D2EE_873B-SLC,S1C_IW_SLC__1SDV_20260227T091039_20260227T091106_006539_00D2EE_873B,S1C_IW_SLC__1SDV_20260227T091039_20260227T091106_006539_00D2EE_873B.zip,primary,https://datapool.asf.alaska.edu/SLC/SC/S1C_IW_SLC__1SDV_20260227T091039_20260227T091106_006539_00D2EE_873B.zip,SLC,DESCENDING,68,6539,663,2026-02-27T09:10:39Z,2026-02-27T09:11:06Z,0.0 MB,C:\Users\jales\Documents\GitHub\thesis_code\downloads\sentinel1_asf\Sentinel-1C\S1C_IW_SLC__1SDV_20260227T091039_20260227T091106_006539_00D2EE_873B.zip,missing_auth
feature_0_part_1_split_1,0,Sentinel-1C,,SENTINEL-1,Sentinel-1C,S1C_IW_SLC__1SDV_20260227T091014_20260227T091041_006539_00D2EE_A985-SLC,S1C_IW_SLC__1SDV_20260227T091014_20260227T091041_006539_00D2EE_A985,S1C_IW_SLC__1SDV_20260227T091014_20260227T091041_006539_00D2EE_A985.zip,primary,https://datapool.asf.alaska.edu/SLC/SC/S1C_IW_SLC__1SDV_20260227T091014_20260227T091041_006539_00D2EE_A985.zip,SLC,DESCENDING,68,6539,659,2026-02-27T09:10:14Z,2026-02-27T09:10:41Z,0.0 MB,C:\Users\jales\Documents\GitHub\thesis_code\downloads\sentinel1_asf\Sentinel-1C\S1C_IW_SLC__1SDV_20260227T091014_20260227T091041_006539_00D2EE_A985.zip,missing_auth
feature_0_part_1_split_1,0,Sentinel-1C,,SENTINEL-1,Sentinel-1C,S1C_IW_SLC__1SDV_20260227T090946_20260227T091016_006539_00D2EE_79F9-SLC,S1C_IW_SLC__1SDV_20260227T090946_20260227T091016_006539_00D2EE_79F9,S1C_IW_SLC__1SDV_20260227T090946_20260227T091016_006539_00D2EE_79F9.zip,primary,https://datapool.asf.alaska.edu/SLC/SC/S1C_IW_SLC__1SDV_20260227T090946_20260227T091016_006539_00D2EE_79F9.zip,SLC,DESCENDING,68,6539,653,2026-02-27T09:09:46Z,2026-02-27T09:10:16Z,0.0 MB,C:\Users\jales\Documents\GitHub\thesis_code\downloads\sentinel1_asf\Sentinel-1C\S1C_IW_SLC__1SDV_20260227T090946_20260227T091016_006539_00D2EE_79F9.zip,missing_auth
feature_0_part_1_split_1,0,Sentinel-1C,,SENTINEL-1,Sentinel-1C,S1C_IW_SLC__1SDV_20260226T221545_20260226T221611_006532_00D2B6_48EE-SLC,S1C_IW_SLC__1SDV_20260226T221545_20260226T221611_006532_00D2B6_48EE,S1C_IW_SLC__1SDV_20260226T221545_20260226T221611_006532_00D2B6_48EE.zip,primary,https://datapool.asf.alaska.edu/SLC/SC/S1C_IW_SLC__1SDV_20260226T221545_20260226T221611_006532_00D2B6_48EE.zip,SLC,ASCENDING,61,6532,1099,2026-02-26T22:15:45Z,2026-02-26T22:16:11Z,0.0 MB,C:\Users\jales\Documents\GitHub\thesis_code\downloads\sentinel1_asf\Sentinel-1C\S1C_IW_SLC__1SDV_20260226T221545_20260226T221611_006532_00D2B6_48EE.zip,missing_auth
feature_0_part_1_split_1,0,Sentinel-1C,,SENTINEL-1,Sentinel-1C,S1C_IW_SLC__1SDV_20260226T082947_20260226T083015_006524_00D25E_898D-SLC,S1C_IW_SLC__1SDV_20260226T082947_20260226T083015_006524_00D25E_898D,S1C_IW_SLC__1SDV_20260226T082947_20260226T083015_006524_00D25E_898D.zip,primary,https://datapool.asf.alaska.edu/SLC/SC/S1C_IW_SLC__1SDV_20260226T082947_20260226T083015_006524_00D25E_898D.zip,SLC,DESCENDING,53,6524,667,2026-02-26T08:29:47Z,2026-02-26T08:30:15Z,0.0 MB,C:\Users\jales\Documents\GitHub\thesis_code\downloads\sentinel1_asf\Sentinel-1C\S1C_IW_SLC__1SDV_20260226T082947_20260226T083015_006524_00D25E_898D.zip,missing_auth
feature_0_part_1_split_1,0,Sentinel-1C,,SENTINEL-1,Sentinel-1C,S1C_IW_SLC__1SDV_20260226T082922_20260226T082949_006524_00D25E_CAFF-SLC,S1C_IW_SLC__1SDV_20260226T082922_20260226T082949_006524_00D25E_CAFF,S1C_IW_SLC__1SDV_20260226T082922_20260226T082949_006524_00D25E_CAFF.zip,primary,https://datapool.asf.alaska.edu/SLC/SC/S1C_IW_SLC__1SDV_20260226T082922_20260226T082949_006524_00D25E_CAFF.zip,SLC,DESCENDING,53,6524,662,2026-02-26T08:29:22Z,2026-02-26T08:29:49Z,0.0 MB,C:\Users\jales\Documents\GitHub\thesis_code\downloads\sentinel1_asf\Sentinel-1C\S1C_IW_SLC__1SDV_20260226T082922_20260226T082949_006524_00D25E_CAFF.zip,missing_auth
feature_0_part_1_split_1,0,Sentinel-1C,,SENTINEL-1,Sentinel-1C,S1C_IW_SLC__1SDV_20260226T082857_20260226T082924_006524_00D25E_524B-SLC,S1C_IW_SLC__1SDV_20260226T082857_20260226T082924_006524_00D25E_524B,S1C_IW_SLC__1SDV_20260226T082857_20260226T082924_006524_00D25E_524B.zip,primary,https://datapool.asf.alaska.edu/SLC/SC/S1C_IW_SLC__1SDV_20260226T082857_20260226T082924_006524_00D25E_524B.zip,SLC,DESCENDING,53,6524,657,2026-02-26T08:28:57Z,2026-02-26T08:29:24Z,0.0 MB,C:\Users\jales\Documents\GitHub\thesis_code\downloads\sentinel1_asf\Sentinel-1C\S1C_IW_SLC__1SDV_20260226T082857_20260226T082924_006524_00D25E_524B.zip,missing_auth
feature_0_part_1_split_1,0,Sentinel-1C,,SENTINEL-1,Sentinel-1C,S1C_IW_SLC__1SDV_20260226T082832_20260226T082859_006524_00D25E_E317-SLC,S1C_IW_SLC__1SDV_20260226T082832_20260226T082859_006524_00D25E_E317,S1C_IW_SLC__1SDV_20260226T082832_20260226T082859_006524_00D25E_E317.zip,primary,https://datapool.asf.alaska.edu/SLC/SC/S1C_IW_SLC__1SDV_20260226T082832_20260226T082859_006524_00D25E_E317.zip,SLC,DESCENDING,53,6524,652,2026-02-26T08:28:32Z,2026-02-26T08:28:59Z,0.0 MB,C:\Users\jales\Documents\GitHub\thesis_code\downloads\sentinel1_asf\Sentinel-1C\S1C_IW_SLC__1SDV_20260226T082832_20260226T082859_006524_00D25E_E317.zip,missing_auth
feature_0_part_1_split_1,0,Sentinel-1C,,SENTINEL-1,Sentinel-1C,S1C_IW_SLC__1SDV_20260226T082808_20260226T082835_006524_00D25E_BD0A-SLC,S1C_IW_SLC__1SDV_20260226T082808_20260226T082835_006524_00D25E_BD0A,S1C_IW_SLC__1SDV_20260226T082808_20260226T082835_006524_00D25E_BD0A.zip,primary,https://datapool.asf.alaska.edu/SLC/SC/S1C_IW_SLC__1SDV_20260226T082808_20260226T082835_006524_00D25E_BD0A.zip,SLC,DESCENDING,53,6524,647,2026-02-26T08:28:08Z,2026-02-26T08:28:35Z,0.0 MB,C:\Users\jales\Documents\GitHub\thesis_code\downloads\sentinel1_asf\Sentinel-1C\S1C_IW_SLC__1SDV_20260226T082808_20260226T082835_006524_00D25E_BD0A.zip,missing_auth
feature_0_part_1_split_1,0,Sentinel-1C,,SENTINEL-1,Sentinel-1C,S1C_IW_SLC__1SDV_20260226T082739_20260226T082810_006524_00D25E_FA2A-SLC,S1C_IW_SLC__1SDV_20260226T082739_20260226T082810_006524_00D25E_FA2A,S1C_IW_SLC__1SDV_20260226T082739_20260226T082810_006524_00D25E_FA2A.zip,primary,https://datapool.asf.alaska.edu/SLC/SC/S1C_IW_SLC__1SDV_20260226T082739_20260226T082810_006524_00D25E_FA2A.zip,SLC,DESCENDING,53,6524,641,2026-02-26T08:27:39Z,2026-02-26T08:28:10Z,0.0 MB,C:\Users\jales\Documents\GitHub\thesis_code\downloads\sentinel1_asf\Sentinel-1C\S1C_IW_SLC__1SDV_20260226T082739_20260226T082810_006524_00D25E_FA2A.zip,missing_auth
feature_0_part_1_split_1,0,Sentinel-1C,,SENTINEL-1,Sentinel-1C,S1C_IW_SLC__1SDV_20260224T084639_20260224T084706_006495_00D165_4F81-SLC,S1C_IW_SLC__1SDV_20260224T084639_20260224T084706_006495_00D165_4F81,S1C_IW_SLC__1SDV_20260224T084639_20260224T084706_006495_00D165_4F81.zip,primary,https://datapool.asf.alaska.edu/SLC/SC/S1C_IW_SLC__1SDV_20260224T084639_20260224T084706_006495_00D165_4F81.zip,SLC,DESCENDING,24,6495,672,2026-02-24T08:46:39Z,2026-02-24T08:47:06Z,0.0 MB,C:\Users\jales\Documents\GitHub\thesis_code\downloads\sentinel1_asf\Sentinel-1C\S1C_IW_SLC__1SDV_20260224T084639_20260224T084706_006495_00D165_4F81.zip,missing_auth
feature_0_part_1_split_1,0,Sentinel-1C,,SENTINEL-1,Sentinel-1C,S1C_IW_SLC__1SDV_20260224T084614_20260224T084641_006495_00D165_0A8E-SLC,S1C_IW_SLC__1SDV_20260224T084614_20260224T084641_006495_00D165_0A8E,S1C_IW_SLC__1SDV_20260224T084614_20260224T084641_006495_00D165_0A8E.zip,primary,https://datapool.asf.alaska.edu/SLC/SC/S1C_IW_SLC__1SDV_20260224T084614_20260224T084641_006495_00D165_0A8E.zip,SLC,DESCENDING,24,6495,667,2026-02-24T08:46:14Z,2026-02-24T08:46:41Z,0.0 MB,C:\Users\jales\Documents\GitHub\thesis_code\downloads\sentinel1_asf\Sentinel-1C\S1C_IW_SLC__1SDV_20260224T084614_20260224T084641_006495_00D165_0A8E.zip,missing_auth
feature_0_part_1_split_1,0,Sentinel-1C,,SENTINEL-1,Sentinel-1C,S1C_IW_SLC__1SDV_20260224T084545_20260224T084616_006495_00D165_2F27-SLC,S1C_IW_SLC__1SDV_20260224T084545_20260224T084616_006495_00D165_2F27,S1C_IW_SLC__1SDV_20260224T084545_20260224T084616_006495_00D165_2F27.zip,primary,https://datapool.asf.alaska.edu/SLC/SC/S1C_IW_SLC__1SDV_20260224T084545_20260224T084616_006495_00D165_2F27.zip,SLC,DESCENDING,24,6495,661,2026-02-24T08:45:45Z,2026-02-24T08:46:16Z,0.0 MB,C:\Users\jales\Documents\GitHub\thesis_code\downloads\sentinel1_asf\Sentinel-1C\S1C_IW_SLC__1SDV_20260224T084545_20260224T084616_006495_00D165_2F27.zip,missing_auth
feature_0_part_1_split_1,0,Sentinel-1C,,SENTINEL-1,Sentinel-1C,S1C_IW_SLC__1SDV_20260222T090313_20260222T090340_006466_00D070_A08D-SLC,S1C_IW_SLC__1SDV_20260222T090313_20260222T090340_006466_00D070_A08D,S1C_IW_SLC__1SDV_20260222T090313_20260222T090340_006466_00D070_A08D.zip,primary,https://datapool.asf.alaska.edu/SLC/SC/S1C_IW_SLC__1SDV_20260222T090313_20260222T090340_006466_00D070_A08D.zip,SLC,DESCENDING,170,6466,673,2026-02-22T09:03:13Z,2026-02-22T09:03:40Z,0.0 MB,C:\Users\jales\Documents\GitHub\thesis_code\downloads\sentinel1_asf\Sentinel-1C\S1C_IW_SLC__1SDV_20260222T090313_20260222T090340_006466_00D070_A08D.zip,missing_auth
feature_0_part_1_split_1,0,Sentinel-1C,,SENTINEL-1,Sentinel-1C,S1C_IW_SLC__1SDV_20260222T090248_20260222T090315_006466_00D070_5E54-SLC,S1C_IW_SLC__1SDV_20260222T090248_20260222T090315_006466_00D070_5E54,S1C_IW_SLC__1SDV_20260222T090248_20260222T090315_006466_00D070_5E54.zip,primary,https://datapool.asf.alaska.edu/SLC/SC/S1C_IW_SLC__1SDV_20260222T090248_20260222T090315_006466_00D070_5E54.zip,SLC,DESCENDING,170,6466,668,2026-02-22T09:02:48Z,2026-02-22T09:03:15Z,0.0 MB,C:\Users\jales\Documents\GitHub\thesis_code\downloads\sentinel1_asf\Sentinel-1C\S1C_IW_SLC__1SDV_20260222T090248_20260222T090315_006466_00D070_5E54.zip,missing_auth
feature_0_part_1_split_1,0,Sentinel-1C,,SENTINEL-1,Sentinel-1C,S1C_IW_SLC__1SDV_20260222T090224_20260222T090250_006466_00D070_5D84-SLC,S1C_IW_SLC__1SDV_20260222T090224_20260222T090250_006466_00D070_5D84,S1C_IW_SLC__1SDV_20260222T090224_20260222T090250_006466_00D070_5D84.zip,primary,https://datapool.asf.alaska.edu/SLC/SC/S1C_IW_SLC__1SDV_20260222T090224_20260222T090250_006466_00D070_5D84.zip,SLC,DESCENDING,170,6466,663,2026-02-22T09:02:24Z,2026-02-22T09:02:50Z,0.0 MB,C:\Users\jales\Documents\GitHub\thesis_code\downloads\sentinel1_asf\Sentinel-1C\S1C_IW_SLC__1SDV_20260222T090224_20260222T090250_006466_00D070_5D84.zip,missing_auth
feature_0_part_1_split_1,0,Sentinel-1C,,SENTINEL-1,Sentinel-1C,S1C_IW_SLC__1SDV_20260222T090155_20260222T090226_006466_00D070_DE9F-SLC,S1C_IW_SLC__1SDV_20260222T090155_20260222T090226_006466_00D070_DE9F,S1C_IW_SLC__1SDV_20260222T090155_20260222T090226_006466_00D070_DE9F.zip,primary,https://datapool.asf.alaska.edu/SLC/SC/S1C_IW_SLC__1SDV_20260222T090155_20260222T090226_006466_00D070_DE9F.zip,SLC,DESCENDING,170,6466,657,2026-02-22T09:01:55Z,2026-02-22T09:02:26Z,0.0 MB,C:\Users\jales\Documents\GitHub\thesis_code\downloads\sentinel1_asf\Sentinel-1C\S1C_IW_SLC__1SDV_20260222T090155_20260222T090226_006466_00D070_DE9F.zip,missing_auth
feature_0_part_1_split_1,0,Sentinel-1C,,SENTINEL-1,Sentinel-1C,S1C_IW_SLC__1SDV_20260221T220740_20260221T220801_006459_00D033_C04F-SLC,S1C_IW_SLC__1SDV_20260221T220740_20260221T220801_006459_00D033_C04F,S1C_IW_SLC__1SDV_20260221T220740_20260221T220801_006459_00D033_C04F.zip,primary,https://datapool.asf.alaska.edu/SLC/SC/S1C_IW_SLC__1SDV_20260221T220740_20260221T220801_006459_00D033_C04F.zip,SLC,ASCENDING,163,6459,1101,2026-02-21T22:07:40Z,2026-02-21T22:08:01Z,0.0 MB,C:\Users\jales\Documents\GitHub\thesis_code\downloads\sentinel1_asf\Sentinel-1C\S1C_IW_SLC__1SDV_20260221T220740_20260221T220801_006459_00D033_C04F.zip,missing_auth
feature_0_part_1_split_1,0,Sentinel-1C,,SENTINEL-1,Sentinel-1C,S1C_IW_SLC__1SDV_20260221T082042_20260221T082109_006451_00CFE7_2AE3-SLC,S1C_IW_SLC__1SDV_20260221T082042_20260221T082109_006451_00CFE7_2AE3,S1C_IW_SLC__1SDV_20260221T082042_20260221T082109_006451_00CFE7_2AE3.zip,primary,https://datapool.asf.alaska.edu/SLC/SC/S1C_IW_SLC__1SDV_20260221T082042_20260221T082109_006451_00CFE7_2AE3.zip,SLC,DESCENDING,155,6451,656,2026-02-21T08:20:42Z,2026-02-21T08:21:09Z,0.0 MB,C:\Users\jales\Documents\GitHub\thesis_code\downloads\sentinel1_asf\Sentinel-1C\S1C_IW_SLC__1SDV_20260221T082042_20260221T082109_006451_00CFE7_2AE3.zip,missing_auth
feature_0_part_1_split_1,0,Sentinel-1C,,SENTINEL-1,Sentinel-1C,S1C_IW_SLC__1SDV_20260221T082013_20260221T082044_006451_00CFE7_03DC-SLC,S1C_IW_SLC__1SDV_20260221T082013_20260221T082044_006451_00CFE7_03DC,S1C_IW_SLC__1SDV_20260221T082013_20260221T082044_006451_00CFE7_03DC.zip,primary,https://datapool.asf.alaska.edu/SLC/SC/S1C_IW_SLC__1SDV_20260221T082013_20260221T082044_006451_00CFE7_03DC.zip,SLC,DESCENDING,155,6451,651,2026-02-21T08:20:13Z,2026-02-21T08:20:44Z,0.0 MB,C:\Users\jales\Documents\GitHub\thesis_code\downloads\sentinel1_asf\Sentinel-1C\S1C_IW_SLC__1SDV_20260221T082013_20260221T082044_006451_00CFE7_03DC.zip,missing_auth
feature_0_part_1_split_1,0,Sentinel-1C,,SENTINEL-1,Sentinel-1C,S1C_IW_SLC__1SDV_20260220T091904_20260220T091931_006437_00CF62_6983-SLC,S1C_IW_SLC__1SDV_20260220T091904_20260220T091931_006437_00CF62_6983,S1C_IW_SLC__1SDV_20260220T091904_20260220T091931_006437_00CF62_6983.zip,primary,https://datapool.asf.alaska.edu/SLC/SC/S1C_IW_SLC__1SDV_20260220T091904_20260220T091931_006437_00CF62_6983.zip,SLC,DESCENDING,141,6437,666,2026-02-20T09:19:04Z,2026-02-20T09:19:31Z,0.0 MB,C:\Users\jales\Documents\GitHub\thesis_code\downloads\sentinel1_asf\Sentinel-1C\S1C_IW_SLC__1SDV_20260220T091904_20260220T091931_006437_00CF62_6983.zip,missing_auth
feature_0_part_1_split_1,0,Sentinel-1C,,SENTINEL-1,Sentinel-1C,S1C_IW_SLC__1SDV_20260220T091836_20260220T091907_006437_00CF62_3331-SLC,S1C_IW_SLC__1SDV_20260220T091836_20260220T091907_006437_00CF62_3331,S1C_IW_SLC__1SDV_20260220T091836_20260220T091907_006437_00CF62_3331.zip,primary,https://datapool.asf.alaska.edu/SLC/SC/S1C_IW_SLC__1SDV_20260220T091836_20260220T091907_006437_00CF62_3331.zip,SLC,DESCENDING,141,6437,660,2026-02-20T09:18:36Z,2026-02-20T09:19:07Z,0.0 MB,C:\Users\jales\Documents\GitHub\thesis_code\downloads\sentinel1_asf\Sentinel-1C\S1C_IW_SLC__1SDV_20260220T091836_20260220T091907_006437_00CF62_3331.zip,missing_auth
feature_0_part_1_split_1,0,Sentinel-1C,,SENTINEL-1,Sentinel-1C,S1C_IW_SLC__1SDV_20260219T083846_20260219T083913_006422_00CED7_2C7A-SLC,S1C_IW_SLC__1SDV_20260219T083846_20260219T083913_006422_00CED7_2C7A,S1C_IW_SLC__1SDV_20260219T083846_20260219T083913_006422_00CED7_2C7A.zip,primary,https://datapool.asf.alaska.edu/SLC/SC/S1C_IW_SLC__1SDV_20260219T083846_20260219T083913_006422_00CED7_2C7A.zip,SLC,DESCENDING,126,6422,676,2026-02-19T08:38:46Z,2026-02-19T08:39:13Z,0.0 MB,C:\Users\jales\Documents\GitHub\thesis_code\downloads\sentinel1_asf\Sentinel-1C\S1C_IW_SLC__1SDV_20260219T083846_20260219T083913_006422_00CED7_2C7A.zip,missing_auth
feature_0_part_1_split_1,0,Sentinel-1C,,SENTINEL-1,Sentinel-1C,S1C_IW_SLC__1SDV_20260219T083821_20260219T083848_006422_00CED7_F39F-SLC,S1C_IW_SLC__1SDV_20260219T083821_20260219T083848_006422_00CED7_F39F,S1C_IW_SLC__1SDV_20260219T083821_20260219T083848_006422_00CED7_F39F.zip,primary,https://datapool.asf.alaska.edu/SLC/SC/S1C_IW_SLC__1SDV_20260219T083821_20260219T083848_006422_00CED7_F39F.zip,SLC,DESCENDING,126,6422,671,2026-02-19T08:38:21Z,2026-02-19T08:38:48Z,0.0 MB,C:\Users\jales\Documents\GitHub\thesis_code\downloads\sentinel1_asf\Sentinel-1C\S1C_IW_SLC__1SDV_20260219T083821_20260219T083848_006422_00CED7_F39F.zip,missing_auth
feature_0_part_1_split_1,0,Sentinel-1C,,SENTINEL-1,Sentinel-1C,S1C_IW_SLC__1SDV_20260219T083756_20260219T083824_006422_00CED7_3913-SLC,S1C_IW_SLC__1SDV_20260219T083756_20260219T083824_006422_00CED7_3913,S1C_IW_SLC__1SDV_20260219T083756_20260219T083824_006422_00CED7_3913.zip,primary,https://datapool.asf.alaska.edu/SLC/SC/S1C_IW_SLC__1SDV_20260219T083756_20260219T083824_006422_00CED7_3913.zip,SLC,DESCENDING,126,6422,666,2026-02-19T08:37:56Z,2026-02-19T08:38:24Z,0.0 MB,C:\Users\jales\Documents\GitHub\thesis_code\downloads\sentinel1_asf\Sentinel-1C\S1C_IW_SLC__1SDV_20260219T083756_20260219T083824_006422_00CED7_3913.zip,missing_auth
feature_0_part_1_split_1,0,Sentinel-1C,,SENTINEL-1,Sentinel-1C,S1C_IW_SLC__1SDV_20260219T083731_20260219T083758_006422_00CED7_8E5F-SLC,S1C_IW_SLC__1SDV_20260219T083731_20260219T083758_006422_00CED7_8E5F,S1C_IW_SLC__1SDV_20260219T083731_20260219T083758_006422_00CED7_8E5F.zip,primary,https://datapool.asf.alaska.edu/SLC/SC/S1C_IW_SLC__1SDV_20260219T083731_20260219T083758_006422_00CED7_8E5F.zip,SLC,DESCENDING,126,6422,661,2026-02-19T08:37:31Z,2026-02-19T08:37:58Z,0.0 MB,C:\Users\jales\Documents\GitHub\thesis_code\downloads\sentinel1_asf\Sentinel-1C\S1C_IW_SLC__1SDV_20260219T083731_20260219T083758_006422_00CED7_8E5F.zip,missing_auth
feature_0_part_1_split_1,0,Sentinel-1C,,SENTINEL-1,Sentinel-1C,S1C_IW_SLC__1SDV_20260219T083706_20260219T083733_006422_00CED7_61CC-SLC,S1C_IW_SLC__1SDV_20260219T083706_20260219T083733_006422_00CED7_61CC,S1C_IW_SLC__1SDV_20260219T083706_20260219T083733_006422_00CED7_61CC.zip,primary,https://datapool.asf.alaska.edu/SLC/SC/S1C_IW_SLC__1SDV_20260219T083706_20260219T083733_006422_00CED7_61CC.zip,SLC,DESCENDING,126,6422,656,2026-02-19T08:37:06Z,2026-02-19T08:37:33Z,0.0 MB,C:\Users\jales\Documents\GitHub\thesis_code\downloads\sentinel1_asf\Sentinel-1C\S1C_IW_SLC__1SDV_20260219T083706_20260219T083733_006422_00CED7_61CC.zip,missing_auth
feature_0_part_1_split_1,0,Sentinel-1C,,SENTINEL-1,Sentinel-1C,S1C_IW_SLC__1SDV_20260219T083641_20260219T083708_006422_00CED7_421D-SLC,S1C_IW_SLC__1SDV_20260219T083641_20260219T083708_006422_00CED7_421D,S1C_IW_SLC__1SDV_20260219T083641_20260219T083708_006422_00CED7_421D.zip,primary,https://datapool.asf.alaska.edu/SLC/SC/S1C_IW_SLC__1SDV_20260219T083641_20260219T083708_006422_00CED7_421D.zip,SLC,DESCENDING,126,6422,651,2026-02-19T08:36:41Z,2026-02-19T08:37:08Z,0.0 MB,C:\Users\jales\Documents\GitHub\thesis_code\downloads\sentinel1_asf\Sentinel-1C\S1C_IW_SLC__1SDV_20260219T083641_20260219T083708_006422_00CED7_421D.zip,missing_auth
feature_0_part_1_split_1,0,Sentinel-1C,,SENTINEL-1,Sentinel-1C,S1C_IW_SLC__1SDV_20260219T083616_20260219T083643_006422_00CED7_2CFA-SLC,S1C_IW_SLC__1SDV_20260219T083616_20260219T083643_006422_00CED7_2CFA,S1C_IW_SLC__1SDV_20260219T083616_20260219T083643_006422_00CED7_2CFA.zip,primary,https://datapool.asf.alaska.edu/SLC/SC/S1C_IW_SLC__1SDV_20260219T083616_20260219T083643_006422_00CED7_2CFA.zip,SLC,DESCENDING,126,6422,646,2026-02-19T08:36:16Z,2026-02-19T08:36:43Z,0.0 MB,C:\Users\jales\Documents\GitHub\thesis_code\downloads\sentinel1_asf\Sentinel-1C\S1C_IW_SLC__1SDV_20260219T083616_20260219T083643_006422_00CED7_2CFA.zip,missing_auth
feature_0_part_1_split_1,0,Sentinel-1C,,SENTINEL-1,Sentinel-1C,S1C_IW_SLC__1SDV_20260219T083548_20260219T083618_006422_00CED7_93E4-SLC,S1C_IW_SLC__1SDV_20260219T083548_20260219T083618_006422_00CED7_93E4,S1C_IW_SLC__1SDV_20260219T083548_20260219T083618_006422_00CED7_93E4.zip,primary,https://datapool.asf.alaska.edu/SLC/SC/S1C_IW_SLC__1SDV_20260219T083548_20260219T083618_006422_00CED7_93E4.zip,SLC,DESCENDING,126,6422,640,2026-02-19T08:35:48Z,2026-02-19T08:36:18Z,0.0 MB,C:\Users\jales\Documents\GitHub\thesis_code\downloads\sentinel1_asf\Sentinel-1C\S1C_IW_SLC__1SDV_20260219T083548_20260219T083618_006422_00CED7_93E4.zip,missing_auth
feature_0_part_1_split_1,0,Sentinel-1C,,SENTINEL-1,Sentinel-1C,S1C_IW_SLC__1SDV_20260218T093338_20260218T093408_006408_00CE63_9489-SLC,S1C_IW_SLC__1SDV_20260218T093338_20260218T093408_006408_00CE63_9489,S1C_IW_SLC__1SDV_20260218T093338_20260218T093408_006408_00CE63_9489.zip,primary,https://datapool.asf.alaska.edu/SLC/SC/S1C_IW_SLC__1SDV_20260218T093338_20260218T093408_006408_00CE63_9489.zip,SLC,DESCENDING,112,6408,643,2026-02-18T09:33:38Z,2026-02-18T09:34:08Z,0.0 MB,C:\Users\jales\Documents\GitHub\thesis_code\downloads\sentinel1_asf\Sentinel-1C\S1C_IW_SLC__1SDV_20260218T093338_20260218T093408_006408_00CE63_9489.zip,missing_auth
feature_0_part_1_split_1,0,Sentinel-1C,,SENTINEL-1,Sentinel-1C,S1C_IW_SLC__1SDV_20260217T085417_20260217T085444_006393_00CDDA_2B29-SLC,S1C_IW_SLC__1SDV_20260217T085417_20260217T085444_006393_00CDDA_2B29,S1C_IW_SLC__1SDV_20260217T085417_20260217T085444_006393_00CDDA_2B29.zip,primary,https://datapool.asf.alaska.edu/SLC/SC/S1C_IW_SLC__1SDV_20260217T085417_20260217T085444_006393_00CDDA_2B29.zip,SLC,DESCENDING,97,6393,665,2026-02-17T08:54:17Z,2026-02-17T08:54:44Z,0.0 MB,C:\Users\jales\Documents\GitHub\thesis_code\downloads\sentinel1_asf\Sentinel-1C\S1C_IW_SLC__1SDV_20260217T085417_20260217T085444_006393_00CDDA_2B29.zip,missing_auth
feature_0_part_1_split_1,0,Sentinel-1C,,SENTINEL-1,Sentinel-1C,S1C_IW_SLC__1SDV_20260217T085349_20260217T085419_006393_00CDDA_0D67-SLC,S1C_IW_SLC__1SDV_20260217T085349_20260217T085419_006393_00CDDA_0D67,S1C_IW_SLC__1SDV_20260217T085349_20260217T085419_006393_00CDDA_0D67.zip,primary,https://datapool.asf.alaska.edu/SLC/SC/S1C_IW_SLC__1SDV_20260217T085349_20260217T085419_006393_00CDDA_0D67.zip,SLC,DESCENDING,97,6393,659,2026-02-17T08:53:49Z,2026-02-17T08:54:19Z,0.0 MB,C:\Users\jales\Documents\GitHub\thesis_code\downloads\sentinel1_asf\Sentinel-1C\S1C_IW_SLC__1SDV_20260217T085349_20260217T085419_006393_00CDDA_0D67.zip,missing_auth
feature_0_part_1_split_1,0,Sentinel-1C,,SENTINEL-1,Sentinel-1C,S1C_IW_SLC__1SDV_20260215T091104_20260215T091131_006364_00CCD8_17A0-SLC,S1C_IW_SLC__1SDV_20260215T091104_20260215T091131_006364_00CCD8_17A0,S1C_IW_SLC__1SDV_20260215T091104_20260215T091131_006364_00CCD8_17A0.zip,primary,https://datapool.asf.alaska.edu/SLC/SC/S1C_IW_SLC__1SDV_20260215T091104_20260215T091131_006364_00CCD8_17A0.zip,SLC,DESCENDING,68,6364,668,2026-02-15T09:11:04Z,2026-02-15T09:11:31Z,0.0 MB,C:\Users\jales\Documents\GitHub\thesis_code\downloads\sentinel1_asf\Sentinel-1C\S1C_IW_SLC__1SDV_20260215T091104_20260215T091131_006364_00CCD8_17A0.zip,missing_auth
feature_0_part_1_split_1,0,Sentinel-1C,,SENTINEL-1,Sentinel-1C,S1C_IW_SLC__1SDV_20260215T091039_20260215T091106_006364_00CCD8_DC4F-SLC,S1C_IW_SLC__1SDV_20260215T091039_20260215T091106_006364_00CCD8_DC4F,S1C_IW_SLC__1SDV_20260215T091039_20260215T091106_006364_00CCD8_DC4F.zip,primary,https://datapool.asf.alaska.edu/SLC/SC/S1C_IW_SLC__1SDV_20260215T091039_20260215T091106_006364_00CCD8_DC4F.zip,SLC,DESCENDING,68,6364,663,2026-02-15T09:10:39Z,2026-02-15T09:11:06Z,0.0 MB,C:\Users\jales\Documents\GitHub\thesis_code\downloads\sentinel1_asf\Sentinel-1C\S1C_IW_SLC__1SDV_20260215T091039_20260215T091106_006364_00CCD8_DC4F.zip,missing_auth
feature_0_part_1_split_1,0,Sentinel-1C,,SENTINEL-1,Sentinel-1C,S1C_IW_SLC__1SDV_20260215T091014_20260215T091041_006364_00CCD8_623B-SLC,S1C_IW_SLC__1SDV_20260215T091014_20260215T091041_006364_00CCD8_623B,S1C_IW_SLC__1SDV_20260215T091014_20260215T091041_006364_00CCD8_623B.zip,primary,https://datapool.asf.alaska.edu/SLC/SC/S1C_IW_SLC__1SDV_20260215T091014_20260215T091041_006364_00CCD8_623B.zip,SLC,DESCENDING,68,6364,659,2026-02-15T09:10:14Z,2026-02-15T09:10:41Z,0.0 MB,C:\Users\jales\Documents\GitHub\thesis_code\downloads\sentinel1_asf\Sentinel-1C\S1C_IW_SLC__1SDV_20260215T091014_20260215T091041_006364_00CCD8_623B.zip,missing_auth
feature_0_part_1_split_1,0,Sentinel-1C,,SENTINEL-1,Sentinel-1C,S1C_IW_SLC__1SDV_20260215T090946_20260215T091016_006364_00CCD8_ED10-SLC,S1C_IW_SLC__1SDV_20260215T090946_20260215T091016_006364_00CCD8_ED10,S1C_IW_SLC__1SDV_20260215T090946_20260215T091016_006364_00CCD8_ED10.zip,primary,https://datapool.asf.alaska.edu/SLC/SC/S1C_IW_SLC__1SDV_20260215T090946_20260215T091016_006364_00CCD8_ED10.zip,SLC,DESCENDING,68,6364,653,2026-02-15T09:09:46Z,2026-02-15T09:10:16Z,0.0 MB,C:\Users\jales\Documents\GitHub\thesis_code\downloads\sentinel1_asf\Sentinel-1C\S1C_IW_SLC__1SDV_20260215T090946_20260215T091016_006364_00CCD8_ED10.zip,missing_auth
feature_0_part_1_split_1,0,Sentinel-1C,,SENTINEL-1,Sentinel-1C,S1C_IW_SLC__1SDV_20260214T221545_20260214T221611_006357_00CC9D_31D7-SLC,S1C_IW_SLC__1SDV_20260214T221545_20260214T221611_006357_00CC9D_31D7,S1C_IW_SLC__1SDV_20260214T221545_20260214T221611_006357_00CC9D_31D7.zip,primary,https://datapool.asf.alaska.edu/SLC/SC/S1C_IW_SLC__1SDV_20260214T221545_20260214T221611_006357_00CC9D_31D7.zip,SLC,ASCENDING,61,6357,1099,2026-02-14T22:15:45Z,2026-02-14T22:16:11Z,0.0 MB,C:\Users\jales\Documents\GitHub\thesis_code\downloads\sentinel1_asf\Sentinel-1C\S1C_IW_SLC__1SDV_20260214T221545_20260214T221611_006357_00CC9D_31D7.zip,missing_auth
feature_0_part_1_split_1,0,Sentinel-1C,,SENTINEL-1,Sentinel-1C,S1C_IW_SLC__1SDV_20260214T082947_20260214T083015_006349_00CC4B_96F4-SLC,S1C_IW_SLC__1SDV_20260214T082947_20260214T083015_006349_00CC4B_96F4,S1C_IW_SLC__1SDV_20260214T082947_20260214T083015_006349_00CC4B_96F4.zip,primary,https://datapool.asf.alaska.edu/SLC/SC/S1C_IW_SLC__1SDV_20260214T082947_20260214T083015_006349_00CC4B_96F4.zip,SLC,DESCENDING,53,6349,667,2026-02-14T08:29:47Z,2026-02-14T08:30:15Z,0.0 MB,C:\Users\jales\Documents\GitHub\thesis_code\downloads\sentinel1_asf\Sentinel-1C\S1C_IW_SLC__1SDV_20260214T082947_20260214T083015_006349_00CC4B_96F4.zip,missing_auth
feature_0_part_1_split_1,0,Sentinel-1C,,SENTINEL-1,Sentinel-1C,S1C_IW_SLC__1SDV_20260214T082922_20260214T082949_006349_00CC4B_A072-SLC,S1C_IW_SLC__1SDV_20260214T082922_20260214T082949_006349_00CC4B_A072,S1C_IW_SLC__1SDV_20260214T082922_20260214T082949_006349_00CC4B_A072.zip,primary,https://datapool.asf.alaska.edu/SLC/SC/S1C_IW_SLC__1SDV_20260214T082922_20260214T082949_006349_00CC4B_A072.zip,SLC,DESCENDING,53,6349,662,2026-02-14T08:29:22Z,2026-02-14T08:29:49Z,0.0 MB,C:\Users\jales\Documents\GitHub\thesis_code\downloads\sentinel1_asf\Sentinel-1C\S1C_IW_SLC__1SDV_20260214T082922_20260214T082949_006349_00CC4B_A072.zip,missing_auth
feature_0_part_1_split_1,0,Sentinel-1C,,SENTINEL-1,Sentinel-1C,S1C_IW_SLC__1SDV_20260214T082857_20260214T082924_006349_00CC4B_08D1-SLC,S1C_IW_SLC__1SDV_20260214T082857_20260214T082924_006349_00CC4B_08D1,S1C_IW_SLC__1SDV_20260214T082857_20260214T082924_006349_00CC4B_08D1.zip,primary,https://datapool.asf.alaska.edu/SLC/SC/S1C_IW_SLC__1SDV_20260214T082857_20260214T082924_006349_00CC4B_08D1.zip,SLC,DESCENDING,53,6349,657,2026-02-14T08:28:57Z,2026-02-14T08:29:24Z,0.0 MB,C:\Users\jales\Documents\GitHub\thesis_code\downloads\sentinel1_asf\Sentinel-1C\S1C_IW_SLC__1SDV_20260214T082857_20260214T082924_006349_00CC4B_08D1.zip,missing_auth
feature_0_part_1_split_1,0,Sentinel-1C,,SENTINEL-1,Sentinel-1C,S1C_IW_SLC__1SDV_20260214T082832_20260214T082859_006349_00CC4B_6DE0-SLC,S1C_IW_SLC__1SDV_20260214T082832_20260214T082859_006349_00CC4B_6DE0,S1C_IW_SLC__1SDV_20260214T082832_20260214T082859_006349_00CC4B_6DE0.zip,primary,https://datapool.asf.alaska.edu/SLC/SC/S1C_IW_SLC__1SDV_20260214T082832_20260214T082859_006349_00CC4B_6DE0.zip,SLC,DESCENDING,53,6349,652,2026-02-14T08:28:32Z,2026-02-14T08:28:59Z,0.0 MB,C:\Users\jales\Documents\GitHub\thesis_code\downloads\sentinel1_asf\Sentinel-1C\S1C_IW_SLC__1SDV_20260214T082832_20260214T082859_006349_00CC4B_6DE0.zip,missing_auth
feature_0_part_1_split_1,0,Sentinel-1C,,SENTINEL-1,Sentinel-1C,S1C_IW_SLC__1SDV_20260214T082808_20260214T082835_006349_00CC4B_C7F9-SLC,S1C_IW_SLC__1SDV_20260214T082808_20260214T082835_006349_00CC4B_C7F9,S1C_IW_SLC__1SDV_20260214T082808_20260214T082835_006349_00CC4B_C7F9.zip,primary,https://datapool.asf.alaska.edu/SLC/SC/S1C_IW_SLC__1SDV_20260214T082808_20260214T082835_006349_00CC4B_C7F9.zip,SLC,DESCENDING,53,6349,647,2026-02-14T08:28:08Z,2026-02-14T08:28:35Z,0.0 MB,C:\Users\jales\Documents\GitHub\thesis_code\downloads\sentinel1_asf\Sentinel-1C\S1C_IW_SLC__1SDV_20260214T082808_20260214T082835_006349_00CC4B_C7F9.zip,missing_auth
feature_0_part_1_split_1,0,Sentinel-1C,,SENTINEL-1,Sentinel-1C,S1C_IW_SLC__1SDV_20260214T082739_20260214T082810_006349_00CC4B_48B8-SLC,S1C_IW_SLC__1SDV_20260214T082739_20260214T082810_006349_00CC4B_48B8,S1C_IW_SLC__1SDV_20260214T082739_20260214T082810_006349_00CC4B_48B8.zip,primary,https://datapool.asf.alaska.edu/SLC/SC/S1C_IW_SLC__1SDV_20260214T082739_20260214T082810_006349_00CC4B_48B8.zip,SLC,DESCENDING,53,6349,641,2026-02-14T08:27:39Z,2026-02-14T08:28:10Z,0.0 MB,C:\Users\jales\Documents\GitHub\thesis_code\downloads\sentinel1_asf\Sentinel-1C\S1C_IW_SLC__1SDV_20260214T082739_20260214T082810_006349_00CC4B_48B8.zip,missing_auth
feature_0_part_1_split_1,0,Sentinel-1C,,SENTINEL-1,Sentinel-1C,S1C_IW_SLC__1SDV_20260212T084639_20260212T084706_006320_00CB50_6FB9-SLC,S1C_IW_SLC__1SDV_20260212T084639_20260212T084706_006320_00CB50_6FB9,S1C_IW_SLC__1SDV_20260212T084639_20260212T084706_006320_00CB50_6FB9.zip,primary,https://datapool.asf.alaska.edu/SLC/SC/S1C_IW_SLC__1SDV_20260212T084639_20260212T084706_006320_00CB50_6FB9.zip,SLC,DESCENDING,24,6320,672,2026-02-12T08:46:39Z,2026-02-12T08:47:06Z,0.0 MB,C:\Users\jales\Documents\GitHub\thesis_code\downloads\sentinel1_asf\Sentinel-1C\S1C_IW_SLC__1SDV_20260212T084639_20260212T084706_006320_00CB50_6FB9.zip,missing_auth
feature_0_part_1_split_1,0,Sentinel-1C,,SENTINEL-1,Sentinel-1C,S1C_IW_SLC__1SDV_20260212T084614_20260212T084641_006320_00CB50_7C22-SLC,S1C_IW_SLC__1SDV_20260212T084614_20260212T084641_006320_00CB50_7C22,S1C_IW_SLC__1SDV_20260212T084614_20260212T084641_006320_00CB50_7C22.zip,primary,https://datapool.asf.alaska.edu/SLC/SC/S1C_IW_SLC__1SDV_20260212T084614_20260212T084641_006320_00CB50_7C22.zip,SLC,DESCENDING,24,6320,667,2026-02-12T08:46:14Z,2026-02-12T08:46:41Z,0.0 MB,C:\Users\jales\Documents\GitHub\thesis_code\downloads\sentinel1_asf\Sentinel-1C\S1C_IW_SLC__1SDV_20260212T084614_20260212T084641_006320_00CB50_7C22.zip,missing_auth
feature_0_part_1_split_1,0,Sentinel-1C,,SENTINEL-1,Sentinel-1C,S1C_IW_SLC__1SDV_20260212T084546_20260212T084616_006320_00CB50_0DF4-SLC,S1C_IW_SLC__1SDV_20260212T084546_20260212T084616_006320_00CB50_0DF4,S1C_IW_SLC__1SDV_20260212T084546_20260212T084616_006320_00CB50_0DF4.zip,primary,https://datapool.asf.alaska.edu/SLC/SC/S1C_IW_SLC__1SDV_20260212T084546_20260212T084616_006320_00CB50_0DF4.zip,SLC,DESCENDING,24,6320,661,2026-02-12T08:45:46Z,2026-02-12T08:46:16Z,0.0 MB,C:\Users\jales\Documents\GitHub\thesis_code\downloads\sentinel1_asf\Sentinel-1C\S1C_IW_SLC__1SDV_20260212T084546_20260212T084616_006320_00CB50_0DF4.zip,missing_auth
feature_0_part_1_split_1,0,Sentinel-1C,,SENTINEL-1,Sentinel-1C,S1C_IW_SLC__1SDV_20260210T090313_20260210T090340_006291_00CA57_23D9-SLC,S1C_IW_SLC__1SDV_20260210T090313_20260210T090340_006291_00CA57_23D9,S1C_IW_SLC__1SDV_20260210T090313_20260210T090340_006291_00CA57_23D9.zip,primary,https://datapool.asf.alaska.edu/SLC/SC/S1C_IW_SLC__1SDV_20260210T090313_20260210T090340_006291_00CA57_23D9.zip,SLC,DESCENDING,170,6291,673,2026-02-10T09:03:13Z,2026-02-10T09:03:40Z,0.0 MB,C:\Users\jales\Documents\GitHub\thesis_code\downloads\sentinel1_asf\Sentinel-1C\S1C_IW_SLC__1SDV_20260210T090313_20260210T090340_006291_00CA57_23D9.zip,missing_auth
feature_0_part_1_split_1,0,Sentinel-1C,,SENTINEL-1,Sentinel-1C,S1C_IW_SLC__1SDV_20260210T090248_20260210T090315_006291_00CA57_3DE6-SLC,S1C_IW_SLC__1SDV_20260210T090248_20260210T090315_006291_00CA57_3DE6,S1C_IW_SLC__1SDV_20260210T090248_20260210T090315_006291_00CA57_3DE6.zip,primary,https://datapool.asf.alaska.edu/SLC/SC/S1C_IW_SLC__1SDV_20260210T090248_20260210T090315_006291_00CA57_3DE6.zip,SLC,DESCENDING,170,6291,668,2026-02-10T09:02:48Z,2026-02-10T09:03:15Z,0.0 MB,C:\Users\jales\Documents\GitHub\thesis_code\downloads\sentinel1_asf\Sentinel-1C\S1C_IW_SLC__1SDV_20260210T090248_20260210T090315_006291_00CA57_3DE6.zip,missing_auth
feature_0_part_1_split_1,0,Sentinel-1C,,SENTINEL-1,Sentinel-1C,S1C_IW_SLC__1SDV_20260210T090224_20260210T090250_006291_00CA57_83A1-SLC,S1C_IW_SLC__1SDV_20260210T090224_20260210T090250_006291_00CA57_83A1,S1C_IW_SLC__1SDV_20260210T090224_20260210T090250_006291_00CA57_83A1.zip,primary,https://datapool.asf.alaska.edu/SLC/SC/S1C_IW_SLC__1SDV_20260210T090224_20260210T090250_006291_00CA57_83A1.zip,SLC,DESCENDING,170,6291,663,2026-02-10T09:02:24Z,2026-02-10T09:02:50Z,0.0 MB,C:\Users\jales\Documents\GitHub\thesis_code\downloads\sentinel1_asf\Sentinel-1C\S1C_IW_SLC__1SDV_20260210T090224_20260210T090250_006291_00CA57_83A1.zip,missing_auth
feature_0_part_1_split_1,0,Sentinel-1C,,SENTINEL-1,Sentinel-1C,S1C_IW_SLC__1SDV_20260210T090155_20260210T090226_006291_00CA57_D8F4-SLC,S1C_IW_SLC__1SDV_20260210T090155_20260210T090226_006291_00CA57_D8F4,S1C_IW_SLC__1SDV_20260210T090155_20260210T090226_006291_00CA57_D8F4.zip,primary,https://datapool.asf.alaska.edu/SLC/SC/S1C_IW_SLC__1SDV_20260210T090155_20260210T090226_006291_00CA57_D8F4.zip,SLC,DESCENDING,170,6291,657,2026-02-10T09:01:55Z,2026-02-10T09:02:26Z,0.0 MB,C:\Users\jales\Documents\GitHub\thesis_code\downloads\sentinel1_asf\Sentinel-1C\S1C_IW_SLC__1SDV_20260210T090155_20260210T090226_006291_00CA57_D8F4.zip,missing_auth
feature_0_part_1_split_1,0,Sentinel-1C,,SENTINEL-1,Sentinel-1C,S1C_IW_SLC__1SDV_20260209T220740_20260209T220801_006284_00CA18_42D1-SLC,S1C_IW_SLC__1SDV_20260209T220740_20260209T220801_006284_00CA18_42D1,S1C_IW_SLC__1SDV_20260209T220740_20260209T220801_006284_00CA18_42D1.zip,primary,https://datapool.asf.alaska.edu/SLC/SC/S1C_IW_SLC__1SDV_20260209T220740_20260209T220801_006284_00CA18_42D1.zip,SLC,ASCENDING,163,6284,1101,2026-02-09T22:07:40Z,2026-02-09T22:08:01Z,0.0 MB,C:\Users\jales\Documents\GitHub\thesis_code\downloads\sentinel1_asf\Sentinel-1C\S1C_IW_SLC__1SDV_20260209T220740_20260209T220801_006284_00CA18_42D1.zip,missing_auth
feature_0_part_1_split_1,0,Sentinel-1C,,SENTINEL-1,Sentinel-1C,S1C_IW_SLC__1SDV_20260209T082042_20260209T082109_006276_00C9CF_75A5-SLC,S1C_IW_SLC__1SDV_20260209T082042_20260209T082109_006276_00C9CF_75A5,S1C_IW_SLC__1SDV_20260209T082042_20260209T082109_006276_00C9CF_75A5.zip,primary,https://datapool.asf.alaska.edu/SLC/SC/S1C_IW_SLC__1SDV_20260209T082042_20260209T082109_006276_00C9CF_75A5.zip,SLC,DESCENDING,155,6276,656,2026-02-09T08:20:42Z,2026-02-09T08:21:09Z,0.0 MB,C:\Users\jales\Documents\GitHub\thesis_code\downloads\sentinel1_asf\Sentinel-1C\S1C_IW_SLC__1SDV_20260209T082042_20260209T082109_006276_00C9CF_75A5.zip,missing_auth
feature_0_part_1_split_1,0,Sentinel-1C,,SENTINEL-1,Sentinel-1C,S1C_IW_SLC__1SDV_20260209T082013_20260209T082044_006276_00C9CF_ACE8-SLC,S1C_IW_SLC__1SDV_20260209T082013_20260209T082044_006276_00C9CF_ACE8,S1C_IW_SLC__1SDV_20260209T082013_20260209T082044_006276_00C9CF_ACE8.zip,primary,https://datapool.asf.alaska.edu/SLC/SC/S1C_IW_SLC__1SDV_20260209T082013_20260209T082044_006276_00C9CF_ACE8.zip,SLC,DESCENDING,155,6276,651,2026-02-09T08:20:13Z,2026-02-09T08:20:44Z,0.0 MB,C:\Users\jales\Documents\GitHub\thesis_code\downloads\sentinel1_asf\Sentinel-1C\S1C_IW_SLC__1SDV_20260209T082013_20260209T082044_006276_00C9CF_ACE8.zip,missing_auth
feature_0_part_1_split_1,0,Sentinel-1C,,SENTINEL-1,Sentinel-1C,S1C_IW_SLC__1SDV_20260208T091905_20260208T091932_006262_00C946_BEF8-SLC,S1C_IW_SLC__1SDV_20260208T091905_20260208T091932_006262_00C946_BEF8,S1C_IW_SLC__1SDV_20260208T091905_20260208T091932_006262_00C946_BEF8.zip,primary,https://datapool.asf.alaska.edu/SLC/SC/S1C_IW_SLC__1SDV_20260208T091905_20260208T091932_006262_00C946_BEF8.zip,SLC,DESCENDING,141,6262,666,2026-02-08T09:19:05Z,2026-02-08T09:19:32Z,0.0 MB,C:\Users\jales\Documents\GitHub\thesis_code\downloads\sentinel1_asf\Sentinel-1C\S1C_IW_SLC__1SDV_20260208T091905_20260208T091932_006262_00C946_BEF8.zip,missing_auth
feature_0_part_1_split_1,0,Sentinel-1C,,SENTINEL-1,Sentinel-1C,S1C_IW_SLC__1SDV_20260208T091836_20260208T091907_006262_00C946_FB5C-SLC,S1C_IW_SLC__1SDV_20260208T091836_20260208T091907_006262_00C946_FB5C,S1C_IW_SLC__1SDV_20260208T091836_20260208T091907_006262_00C946_FB5C.zip,primary,https://datapool.asf.alaska.edu/SLC/SC/S1C_IW_SLC__1SDV_20260208T091836_20260208T091907_006262_00C946_FB5C.zip,SLC,DESCENDING,141,6262,660,2026-02-08T09:18:36Z,2026-02-08T09:19:07Z,0.0 MB,C:\Users\jales\Documents\GitHub\thesis_code\downloads\sentinel1_asf\Sentinel-1C\S1C_IW_SLC__1SDV_20260208T091836_20260208T091907_006262_00C946_FB5C.zip,missing_auth
feature_0_part_1_split_1,0,Sentinel-1C,,SENTINEL-1,Sentinel-1C,S1C_IW_SLC__1SDV_20260207T083847_20260207T083914_006247_00C8BB_084F-SLC,S1C_IW_SLC__1SDV_20260207T083847_20260207T083914_006247_00C8BB_084F,S1C_IW_SLC__1SDV_20260207T083847_20260207T083914_006247_00C8BB_084F.zip,primary,https://datapool.asf.alaska.edu/SLC/SC/S1C_IW_SLC__1SDV_20260207T083847_20260207T083914_006247_00C8BB_084F.zip,SLC,DESCENDING,126,6247,676,2026-02-07T08:38:47Z,2026-02-07T08:39:14Z,0.0 MB,C:\Users\jales\Documents\GitHub\thesis_code\downloads\sentinel1_asf\Sentinel-1C\S1C_IW_SLC__1SDV_20260207T083847_20260207T083914_006247_00C8BB_084F.zip,missing_auth
feature_0_part_1_split_1,0,Sentinel-1C,,SENTINEL-1,Sentinel-1C,S1C_IW_SLC__1SDV_20260207T083822_20260207T083849_006247_00C8BB_96AF-SLC,S1C_IW_SLC__1SDV_20260207T083822_20260207T083849_006247_00C8BB_96AF,S1C_IW_SLC__1SDV_20260207T083822_20260207T083849_006247_00C8BB_96AF.zip,primary,https://datapool.asf.alaska.edu/SLC/SC/S1C_IW_SLC__1SDV_20260207T083822_20260207T083849_006247_00C8BB_96AF.zip,SLC,DESCENDING,126,6247,671,2026-02-07T08:38:22Z,2026-02-07T08:38:49Z,0.0 MB,C:\Users\jales\Documents\GitHub\thesis_code\downloads\sentinel1_asf\Sentinel-1C\S1C_IW_SLC__1SDV_20260207T083822_20260207T083849_006247_00C8BB_96AF.zip,missing_auth
feature_0_part_1_split_1,0,Sentinel-1C,,SENTINEL-1,Sentinel-1C,S1C_IW_SLC__1SDV_20260207T083756_20260207T083824_006247_00C8BB_F311-SLC,S1C_IW_SLC__1SDV_20260207T083756_20260207T083824_006247_00C8BB_F311,S1C_IW_SLC__1SDV_20260207T083756_20260207T083824_006247_00C8BB_F311.zip,primary,https://datapool.asf.alaska.edu/SLC/SC/S1C_IW_SLC__1SDV_20260207T083756_20260207T083824_006247_00C8BB_F311.zip,SLC,DESCENDING,126,6247,666,2026-02-07T08:37:56Z,2026-02-07T08:38:24Z,0.0 MB,C:\Users\jales\Documents\GitHub\thesis_code\downloads\sentinel1_asf\Sentinel-1C\S1C_IW_SLC__1SDV_20260207T083756_20260207T083824_006247_00C8BB_F311.zip,missing_auth
feature_0_part_1_split_1,0,Sentinel-1C,,SENTINEL-1,Sentinel-1C,S1C_IW_SLC__1SDV_20260207T083731_20260207T083758_006247_00C8BB_2715-SLC,S1C_IW_SLC__1SDV_20260207T083731_20260207T083758_006247_00C8BB_2715,S1C_IW_SLC__1SDV_20260207T083731_20260207T083758_006247_00C8BB_2715.zip,primary,https://datapool.asf.alaska.edu/SLC/SC/S1C_IW_SLC__1SDV_20260207T083731_20260207T083758_006247_00C8BB_2715.zip,SLC,DESCENDING,126,6247,661,2026-02-07T08:37:31Z,2026-02-07T08:37:58Z,0.0 MB,C:\Users\jales\Documents\GitHub\thesis_code\downloads\sentinel1_asf\Sentinel-1C\S1C_IW_SLC__1SDV_20260207T083731_20260207T083758_006247_00C8BB_2715.zip,missing_auth
feature_0_part_1_split_1,0,Sentinel-1C,,SENTINEL-1,Sentinel-1C,S1C_IW_SLC__1SDV_20260207T083707_20260207T083734_006247_00C8BB_5F80-SLC,S1C_IW_SLC__1SDV_20260207T083707_20260207T083734_006247_00C8BB_5F80,S1C_IW_SLC__1SDV_20260207T083707_20260207T083734_006247_00C8BB_5F80.zip,primary,https://datapool.asf.alaska.edu/SLC/SC/S1C_IW_SLC__1SDV_20260207T083707_20260207T083734_006247_00C8BB_5F80.zip,SLC,DESCENDING,126,6247,656,2026-02-07T08:37:07Z,2026-02-07T08:37:34Z,0.0 MB,C:\Users\jales\Documents\GitHub\thesis_code\downloads\sentinel1_asf\Sentinel-1C\S1C_IW_SLC__1SDV_20260207T083707_20260207T083734_006247_00C8BB_5F80.zip,missing_auth
feature_0_part_1_split_1,0,Sentinel-1C,,SENTINEL-1,Sentinel-1C,S1C_IW_SLC__1SDV_20260207T083642_20260207T083709_006247_00C8BB_E485-SLC,S1C_IW_SLC__1SDV_20260207T083642_20260207T083709_006247_00C8BB_E485,S1C_IW_SLC__1SDV_20260207T083642_20260207T083709_006247_00C8BB_E485.zip,primary,https://datapool.asf.alaska.edu/SLC/SC/S1C_IW_SLC__1SDV_20260207T083642_20260207T083709_006247_00C8BB_E485.zip,SLC,DESCENDING,126,6247,651,2026-02-07T08:36:42Z,2026-02-07T08:37:09Z,0.0 MB,C:\Users\jales\Documents\GitHub\thesis_code\downloads\sentinel1_asf\Sentinel-1C\S1C_IW_SLC__1SDV_20260207T083642_20260207T083709_006247_00C8BB_E485.zip,missing_auth
feature_0_part_1_split_1,0,Sentinel-1C,,SENTINEL-1,Sentinel-1C,S1C_IW_SLC__1SDV_20260207T083617_20260207T083644_006247_00C8BB_64EE-SLC,S1C_IW_SLC__1SDV_20260207T083617_20260207T083644_006247_00C8BB_64EE,S1C_IW_SLC__1SDV_20260207T083617_20260207T083644_006247_00C8BB_64EE.zip,primary,https://datapool.asf.alaska.edu/SLC/SC/S1C_IW_SLC__1SDV_20260207T083617_20260207T083644_006247_00C8BB_64EE.zip,SLC,DESCENDING,126,6247,646,2026-02-07T08:36:17Z,2026-02-07T08:36:44Z,0.0 MB,C:\Users\jales\Documents\GitHub\thesis_code\downloads\sentinel1_asf\Sentinel-1C\S1C_IW_SLC__1SDV_20260207T083617_20260207T083644_006247_00C8BB_64EE.zip,missing_auth
feature_0_part_1_split_1,0,Sentinel-1C,,SENTINEL-1,Sentinel-1C,S1C_IW_SLC__1SDV_20260207T083548_20260207T083619_006247_00C8BB_0065-SLC,S1C_IW_SLC__1SDV_20260207T083548_20260207T083619_006247_00C8BB_0065,S1C_IW_SLC__1SDV_20260207T083548_20260207T083619_006247_00C8BB_0065.zip,primary,https://datapool.asf.alaska.edu/SLC/SC/S1C_IW_SLC__1SDV_20260207T083548_20260207T083619_006247_00C8BB_0065.zip,SLC,DESCENDING,126,6247,640,2026-02-07T08:35:48Z,2026-02-07T08:36:19Z,0.0 MB,C:\Users\jales\Documents\GitHub\thesis_code\downloads\sentinel1_asf\Sentinel-1C\S1C_IW_SLC__1SDV_20260207T083548_20260207T083619_006247_00C8BB_0065.zip,missing_auth
feature_0_part_1_split_1,0,Sentinel-1C,,SENTINEL-1,Sentinel-1C,S1C_IW_SLC__1SDV_20260206T093338_20260206T093409_006233_00C850_2EDD-SLC,S1C_IW_SLC__1SDV_20260206T093338_20260206T093409_006233_00C850_2EDD,S1C_IW_SLC__1SDV_20260206T093338_20260206T093409_006233_00C850_2EDD.zip,primary,https://datapool.asf.alaska.edu/SLC/SC/S1C_IW_SLC__1SDV_20260206T093338_20260206T093409_006233_00C850_2EDD.zip,SLC,DESCENDING,112,6233,643,2026-02-06T09:33:38Z,2026-02-06T09:34:09Z,0.0 MB,C:\Users\jales\Documents\GitHub\thesis_code\downloads\sentinel1_asf\Sentinel-1C\S1C_IW_SLC__1SDV_20260206T093338_20260206T093409_006233_00C850_2EDD.zip,missing_auth
feature_0_part_1_split_1,0,Sentinel-1C,,SENTINEL-1,Sentinel-1C,S1C_IW_SLC__1SDV_20260205T085417_20260205T085444_006218_00C7CE_5A92-SLC,S1C_IW_SLC__1SDV_20260205T085417_20260205T085444_006218_00C7CE_5A92,S1C_IW_SLC__1SDV_20260205T085417_20260205T085444_006218_00C7CE_5A92.zip,primary,https://datapool.asf.alaska.edu/SLC/SC/S1C_IW_SLC__1SDV_20260205T085417_20260205T085444_006218_00C7CE_5A92.zip,SLC,DESCENDING,97,6218,665,2026-02-05T08:54:17Z,2026-02-05T08:54:44Z,0.0 MB,C:\Users\jales\Documents\GitHub\thesis_code\downloads\sentinel1_asf\Sentinel-1C\S1C_IW_SLC__1SDV_20260205T085417_20260205T085444_006218_00C7CE_5A92.zip,missing_auth
feature_0_part_1_split_1,0,Sentinel-1C,,SENTINEL-1,Sentinel-1C,S1C_IW_SLC__1SDV_20260205T085349_20260205T085420_006218_00C7CE_BEEF-SLC,S1C_IW_SLC__1SDV_20260205T085349_20260205T085420_006218_00C7CE_BEEF,S1C_IW_SLC__1SDV_20260205T085349_20260205T085420_006218_00C7CE_BEEF.zip,primary,https://datapool.asf.alaska.edu/SLC/SC/S1C_IW_SLC__1SDV_20260205T085349_20260205T085420_006218_00C7CE_BEEF.zip,SLC,DESCENDING,97,6218,659,2026-02-05T08:53:49Z,2026-02-05T08:54:20Z,0.0 MB,C:\Users\jales\Documents\GitHub\thesis_code\downloads\sentinel1_asf\Sentinel-1C\S1C_IW_SLC__1SDV_20260205T085349_20260205T085420_006218_00C7CE_BEEF.zip,missing_auth
feature_0_part_1_split_1,0,Sentinel-1C,,SENTINEL-1,Sentinel-1C,S1C_IW_SLC__1SDV_20260203T091104_20260203T091131_006189_00C6CA_04F5-SLC,S1C_IW_SLC__1SDV_20260203T091104_20260203T091131_006189_00C6CA_04F5,S1C_IW_SLC__1SDV_20260203T091104_20260203T091131_006189_00C6CA_04F5.zip,primary,https://datapool.asf.alaska.edu/SLC/SC/S1C_IW_SLC__1SDV_20260203T091104_20260203T091131_006189_00C6CA_04F5.zip,SLC,DESCENDING,68,6189,668,2026-02-03T09:11:04Z,2026-02-03T09:11:31Z,0.0 MB,C:\Users\jales\Documents\GitHub\thesis_code\downloads\sentinel1_asf\Sentinel-1C\S1C_IW_SLC__1SDV_20260203T091104_20260203T091131_006189_00C6CA_04F5.zip,missing_auth
feature_0_part_1_split_1,0,Sentinel-1C,,SENTINEL-1,Sentinel-1C,S1C_IW_SLC__1SDV_20260203T091039_20260203T091106_006189_00C6CA_BBF6-SLC,S1C_IW_SLC__1SDV_20260203T091039_20260203T091106_006189_00C6CA_BBF6,S1C_IW_SLC__1SDV_20260203T091039_20260203T091106_006189_00C6CA_BBF6.zip,primary,https://datapool.asf.alaska.edu/SLC/SC/S1C_IW_SLC__1SDV_20260203T091039_20260203T091106_006189_00C6CA_BBF6.zip,SLC,DESCENDING,68,6189,663,2026-02-03T09:10:39Z,2026-02-03T09:11:06Z,0.0 MB,C:\Users\jales\Documents\GitHub\thesis_code\downloads\sentinel1_asf\Sentinel-1C\S1C_IW_SLC__1SDV_20260203T091039_20260203T091106_006189_00C6CA_BBF6.zip,missing_auth
feature_0_part_1_split_1,0,Sentinel-1C,,SENTINEL-1,Sentinel-1C,S1C_IW_SLC__1SDV_20260203T091014_20260203T091041_006189_00C6CA_890F-SLC,S1C_IW_SLC__1SDV_20260203T091014_20260203T091041_006189_00C6CA_890F,S1C_IW_SLC__1SDV_20260203T091014_20260203T091041_006189_00C6CA_890F.zip,primary,https://datapool.asf.alaska.edu/SLC/SC/S1C_IW_SLC__1SDV_20260203T091014_20260203T091041_006189_00C6CA_890F.zip,SLC,DESCENDING,68,6189,659,2026-02-03T09:10:14Z,2026-02-03T09:10:41Z,0.0 MB,C:\Users\jales\Documents\GitHub\thesis_code\downloads\sentinel1_asf\Sentinel-1C\S1C_IW_SLC__1SDV_20260203T091014_20260203T091041_006189_00C6CA_890F.zip,missing_auth
feature_0_part_1_split_1,0,Sentinel-1C,,SENTINEL-1,Sentinel-1C,S1C_IW_SLC__1SDV_20260203T090946_20260203T091016_006189_00C6CA_A746-SLC,S1C_IW_SLC__1SDV_20260203T090946_20260203T091016_006189_00C6CA_A746,S1C_IW_SLC__1SDV_20260203T090946_20260203T091016_006189_00C6CA_A746.zip,primary,https://datapool.asf.alaska.edu/SLC/SC/S1C_IW_SLC__1SDV_20260203T090946_20260203T091016_006189_00C6CA_A746.zip,SLC,DESCENDING,68,6189,653,2026-02-03T09:09:46Z,2026-02-03T09:10:16Z,0.0 MB,C:\Users\jales\Documents\GitHub\thesis_code\downloads\sentinel1_asf\Sentinel-1C\S1C_IW_SLC__1SDV_20260203T090946_20260203T091016_006189_00C6CA_A746.zip,missing_auth
feature_0_part_1_split_1,0,Sentinel-1C,,SENTINEL-1,Sentinel-1C,S1C_IW_SLC__1SDV_20260202T221545_20260202T221611_006182_00C698_5040-SLC,S1C_IW_SLC__1SDV_20260202T221545_20260202T221611_006182_00C698_5040,S1C_IW_SLC__1SDV_20260202T221545_20260202T221611_006182_00C698_5040.zip,primary,https://datapool.asf.alaska.edu/SLC/SC/S1C_IW_SLC__1SDV_20260202T221545_20260202T221611_006182_00C698_5040.zip,SLC,ASCENDING,61,6182,1099,2026-02-02T22:15:45Z,2026-02-02T22:16:11Z,0.0 MB,C:\Users\jales\Documents\GitHub\thesis_code\downloads\sentinel1_asf\Sentinel-1C\S1C_IW_SLC__1SDV_20260202T221545_20260202T221611_006182_00C698_5040.zip,missing_auth
feature_0_part_1_split_1,0,Sentinel-1C,,SENTINEL-1,Sentinel-1C,S1C_IW_SLC__1SDV_20260202T082947_20260202T083015_006174_00C649_65E7-SLC,S1C_IW_SLC__1SDV_20260202T082947_20260202T083015_006174_00C649_65E7,S1C_IW_SLC__1SDV_20260202T082947_20260202T083015_006174_00C649_65E7.zip,primary,https://datapool.asf.alaska.edu/SLC/SC/S1C_IW_SLC__1SDV_20260202T082947_20260202T083015_006174_00C649_65E7.zip,SLC,DESCENDING,53,6174,667,2026-02-02T08:29:47Z,2026-02-02T08:30:15Z,0.0 MB,C:\Users\jales\Documents\GitHub\thesis_code\downloads\sentinel1_asf\Sentinel-1C\S1C_IW_SLC__1SDV_20260202T082947_20260202T083015_006174_00C649_65E7.zip,missing_auth
feature_0_part_1_split_1,0,Sentinel-1C,,SENTINEL-1,Sentinel-1C,S1C_IW_SLC__1SDV_20260202T082922_20260202T082949_006174_00C649_2CC1-SLC,S1C_IW_SLC__1SDV_20260202T082922_20260202T082949_006174_00C649_2CC1,S1C_IW_SLC__1SDV_20260202T082922_20260202T082949_006174_00C649_2CC1.zip,primary,https://datapool.asf.alaska.edu/SLC/SC/S1C_IW_SLC__1SDV_20260202T082922_20260202T082949_006174_00C649_2CC1.zip,SLC,DESCENDING,53,6174,662,2026-02-02T08:29:22Z,2026-02-02T08:29:49Z,0.0 MB,C:\Users\jales\Documents\GitHub\thesis_code\downloads\sentinel1_asf\Sentinel-1C\S1C_IW_SLC__1SDV_20260202T082922_20260202T082949_006174_00C649_2CC1.zip,missing_auth
feature_0_part_1_split_1,0,Sentinel-1C,,SENTINEL-1,Sentinel-1C,S1C_IW_SLC__1SDV_20260202T082857_20260202T082924_006174_00C649_52AB-SLC,S1C_IW_SLC__1SDV_20260202T082857_20260202T082924_006174_00C649_52AB,S1C_IW_SLC__1SDV_20260202T082857_20260202T082924_006174_00C649_52AB.zip,primary,https://datapool.asf.alaska.edu/SLC/SC/S1C_IW_SLC__1SDV_20260202T082857_20260202T082924_006174_00C649_52AB.zip,SLC,DESCENDING,53,6174,657,2026-02-02T08:28:57Z,2026-02-02T08:29:24Z,0.0 MB,C:\Users\jales\Documents\GitHub\thesis_code\downloads\sentinel1_asf\Sentinel-1C\S1C_IW_SLC__1SDV_20260202T082857_20260202T082924_006174_00C649_52AB.zip,missing_auth
feature_0_part_1_split_1,0,Sentinel-1C,,SENTINEL-1,Sentinel-1C,S1C_IW_SLC__1SDV_20260202T082833_20260202T082900_006174_00C649_C16A-SLC,S1C_IW_SLC__1SDV_20260202T082833_20260202T082900_006174_00C649_C16A,S1C_IW_SLC__1SDV_20260202T082833_20260202T082900_006174_00C649_C16A.zip,primary,https://datapool.asf.alaska.edu/SLC/SC/S1C_IW_SLC__1SDV_20260202T082833_20260202T082900_006174_00C649_C16A.zip,SLC,DESCENDING,53,6174,652,2026-02-02T08:28:33Z,2026-02-02T08:29:00Z,0.0 MB,C:\Users\jales\Documents\GitHub\thesis_code\downloads\sentinel1_asf\Sentinel-1C\S1C_IW_SLC__1SDV_20260202T082833_20260202T082900_006174_00C649_C16A.zip,missing_auth
feature_0_part_1_split_1,0,Sentinel-1C,,SENTINEL-1,Sentinel-1C,S1C_IW_SLC__1SDV_20260202T082808_20260202T082835_006174_00C649_1A88-SLC,S1C_IW_SLC__1SDV_20260202T082808_20260202T082835_006174_00C649_1A88,S1C_IW_SLC__1SDV_20260202T082808_20260202T082835_006174_00C649_1A88.zip,primary,https://datapool.asf.alaska.edu/SLC/SC/S1C_IW_SLC__1SDV_20260202T082808_20260202T082835_006174_00C649_1A88.zip,SLC,DESCENDING,53,6174,647,2026-02-02T08:28:08Z,2026-02-02T08:28:35Z,0.0 MB,C:\Users\jales\Documents\GitHub\thesis_code\downloads\sentinel1_asf\Sentinel-1C\S1C_IW_SLC__1SDV_20260202T082808_20260202T082835_006174_00C649_1A88.zip,missing_auth
feature_0_part_1_split_1,0,Sentinel-1C,,SENTINEL-1,Sentinel-1C,S1C_IW_SLC__1SDV_20260202T082739_20260202T082810_006174_00C649_671B-SLC,S1C_IW_SLC__1SDV_20260202T082739_20260202T082810_006174_00C649_671B,S1C_IW_SLC__1SDV_20260202T082739_20260202T082810_006174_00C649_671B.zip,primary,https://datapool.asf.alaska.edu/SLC/SC/S1C_IW_SLC__1SDV_20260202T082739_20260202T082810_006174_00C649_671B.zip,SLC,DESCENDING,53,6174,641,2026-02-02T08:27:39Z,2026-02-02T08:28:10Z,0.0 MB,C:\Users\jales\Documents\GitHub\thesis_code\downloads\sentinel1_asf\Sentinel-1C\S1C_IW_SLC__1SDV_20260202T082739_20260202T082810_006174_00C649_671B.zip,missing_auth
feature_0_part_1_split_1,0,Sentinel-1A,,SENTINEL-1,Sentinel-1A,S1A_IW_SLC__1SDV_20260331T085434_20260331T085458_063869_08084D_0026-SLC,S1A_IW_SLC__1SDV_20260331T085434_20260331T085458_063869_08084D_0026,S1A_IW_SLC__1SDV_20260331T085434_20260331T085458_063869_08084D_0026.zip,primary,https://datapool.asf.alaska.edu/SLC/SA/S1A_IW_SLC__1SDV_20260331T085434_20260331T085458_063869_08084D_0026.zip,SLC,DESCENDING,97,63869,656,2026-03-31T08:54:34Z,2026-03-31T08:54:58Z,0.0 MB,C:\Users\jales\Documents\GitHub\thesis_code\downloads\sentinel1_asf\Sentinel-1A\S1A_IW_SLC__1SDV_20260331T085434_20260331T085458_063869_08084D_0026.zip,missing_auth
feature_0_part_1_split_1,0,Sentinel-1A,,SENTINEL-1,Sentinel-1A,S1A_IW_SLC__1SDV_20260331T085409_20260331T085436_063869_08084D_64BC-SLC,S1A_IW_SLC__1SDV_20260331T085409_20260331T085436_063869_08084D_64BC,S1A_IW_SLC__1SDV_20260331T085409_20260331T085436_063869_08084D_64BC.zip,primary,https://datapool.asf.alaska.edu/SLC/SA/S1A_IW_SLC__1SDV_20260331T085409_20260331T085436_063869_08084D_64BC.zip,SLC,DESCENDING,97,63869,651,2026-03-31T08:54:09Z,2026-03-31T08:54:36Z,0.0 MB,C:\Users\jales\Documents\GitHub\thesis_code\downloads\sentinel1_asf\Sentinel-1A\S1A_IW_SLC__1SDV_20260331T085409_20260331T085436_063869_08084D_64BC.zip,missing_auth
feature_0_part_1_split_1,0,Sentinel-1A,,SENTINEL-1,Sentinel-1A,S1A_IW_SLC__1SDV_20260331T085343_20260331T085411_063869_08084D_BBD1-SLC,S1A_IW_SLC__1SDV_20260331T085343_20260331T085411_063869_08084D_BBD1,S1A_IW_SLC__1SDV_20260331T085343_20260331T085411_063869_08084D_BBD1.zip,primary,https://datapool.asf.alaska.edu/SLC/SA/S1A_IW_SLC__1SDV_20260331T085343_20260331T085411_063869_08084D_BBD1.zip,SLC,DESCENDING,97,63869,646,2026-03-31T08:53:43Z,2026-03-31T08:54:11Z,0.0 MB,C:\Users\jales\Documents\GitHub\thesis_code\downloads\sentinel1_asf\Sentinel-1A\S1A_IW_SLC__1SDV_20260331T085343_20260331T085411_063869_08084D_BBD1.zip,missing_auth
feature_0_part_1_split_1,0,Sentinel-1A,,SENTINEL-1,Sentinel-1A,S1A_IW_SLC__1SDV_20260331T085319_20260331T085346_063869_08084D_EBA4-SLC,S1A_IW_SLC__1SDV_20260331T085319_20260331T085346_063869_08084D_EBA4,S1A_IW_SLC__1SDV_20260331T085319_20260331T085346_063869_08084D_EBA4.zip,primary,https://datapool.asf.alaska.edu/SLC/SA/S1A_IW_SLC__1SDV_20260331T085319_20260331T085346_063869_08084D_EBA4.zip,SLC,DESCENDING,97,63869,641,2026-03-31T08:53:19Z,2026-03-31T08:53:46Z,0.0 MB,C:\Users\jales\Documents\GitHub\thesis_code\downloads\sentinel1_asf\Sentinel-1A\S1A_IW_SLC__1SDV_20260331T085319_20260331T085346_063869_08084D_EBA4.zip,missing_auth
feature_0_part_1_split_1,0,Sentinel-1A,,SENTINEL-1,Sentinel-1A,S1A_IW_SLC__1SDV_20260331T085254_20260331T085321_063869_08084D_0D4C-SLC,S1A_IW_SLC__1SDV_20260331T085254_20260331T085321_063869_08084D_0D4C,S1A_IW_SLC__1SDV_20260331T085254_20260331T085321_063869_08084D_0D4C.zip,primary,https://datapool.asf.alaska.edu/SLC/SA/S1A_IW_SLC__1SDV_20260331T085254_20260331T085321_063869_08084D_0D4C.zip,SLC,DESCENDING,97,63869,636,2026-03-31T08:52:54Z,2026-03-31T08:53:21Z,0.0 MB,C:\Users\jales\Documents\GitHub\thesis_code\downloads\sentinel1_asf\Sentinel-1A\S1A_IW_SLC__1SDV_20260331T085254_20260331T085321_063869_08084D_0D4C.zip,missing_auth
feature_0_part_1_split_1,0,Sentinel-1A,,SENTINEL-1,Sentinel-1A,S1A_IW_SLC__1SDV_20260331T085229_20260331T085256_063869_08084D_E480-SLC,S1A_IW_SLC__1SDV_20260331T085229_20260331T085256_063869_08084D_E480,S1A_IW_SLC__1SDV_20260331T085229_20260331T085256_063869_08084D_E480.zip,primary,https://datapool.asf.alaska.edu/SLC/SA/S1A_IW_SLC__1SDV_20260331T085229_20260331T085256_063869_08084D_E480.zip,SLC,DESCENDING,97,63869,631,2026-03-31T08:52:29Z,2026-03-31T08:52:56Z,0.0 MB,C:\Users\jales\Documents\GitHub\thesis_code\downloads\sentinel1_asf\Sentinel-1A\S1A_IW_SLC__1SDV_20260331T085229_20260331T085256_063869_08084D_E480.zip,missing_auth
feature_0_part_1_split_1,0,Sentinel-1A,,SENTINEL-1,Sentinel-1A,S1A_IW_SLC__1SDV_20260331T085204_20260331T085231_063869_08084D_54F9-SLC,S1A_IW_SLC__1SDV_20260331T085204_20260331T085231_063869_08084D_54F9,S1A_IW_SLC__1SDV_20260331T085204_20260331T085231_063869_08084D_54F9.zip,primary,https://datapool.asf.alaska.edu/SLC/SA/S1A_IW_SLC__1SDV_20260331T085204_20260331T085231_063869_08084D_54F9.zip,SLC,DESCENDING,97,63869,626,2026-03-31T08:52:04Z,2026-03-31T08:52:31Z,0.0 MB,C:\Users\jales\Documents\GitHub\thesis_code\downloads\sentinel1_asf\Sentinel-1A\S1A_IW_SLC__1SDV_20260331T085204_20260331T085231_063869_08084D_54F9.zip,missing_auth
feature_0_part_1_split_1,0,Sentinel-1A,,SENTINEL-1,Sentinel-1A,S1A_IW_SLC__1SDV_20260331T085139_20260331T085206_063869_08084D_095C-SLC,S1A_IW_SLC__1SDV_20260331T085139_20260331T085206_063869_08084D_095C,S1A_IW_SLC__1SDV_20260331T085139_20260331T085206_063869_08084D_095C.zip,primary,https://datapool.asf.alaska.edu/SLC/SA/S1A_IW_SLC__1SDV_20260331T085139_20260331T085206_063869_08084D_095C.zip,SLC,DESCENDING,97,63869,621,2026-03-31T08:51:39Z,2026-03-31T08:52:06Z,0.0 MB,C:\Users\jales\Documents\GitHub\thesis_code\downloads\sentinel1_asf\Sentinel-1A\S1A_IW_SLC__1SDV_20260331T085139_20260331T085206_063869_08084D_095C.zip,missing_auth
feature_0_part_1_split_1,0,Sentinel-1A,,SENTINEL-1,Sentinel-1A,S1A_IW_SLC__1SDV_20260331T085114_20260331T085141_063869_08084D_EC81-SLC,S1A_IW_SLC__1SDV_20260331T085114_20260331T085141_063869_08084D_EC81,S1A_IW_SLC__1SDV_20260331T085114_20260331T085141_063869_08084D_EC81.zip,primary,https://datapool.asf.alaska.edu/SLC/SA/S1A_IW_SLC__1SDV_20260331T085114_20260331T085141_063869_08084D_EC81.zip,SLC,DESCENDING,97,63869,616,2026-03-31T08:51:14Z,2026-03-31T08:51:41Z,0.0 MB,C:\Users\jales\Documents\GitHub\thesis_code\downloads\sentinel1_asf\Sentinel-1A\S1A_IW_SLC__1SDV_20260331T085114_20260331T085141_063869_08084D_EC81.zip,missing_auth
feature_0_part_1_split_1,0,Sentinel-1A,,SENTINEL-1,Sentinel-1A,S1A_IW_SLC__1SDV_20260331T085049_20260331T085116_063869_08084D_7C3B-SLC,S1A_IW_SLC__1SDV_20260331T085049_20260331T085116_063869_08084D_7C3B,S1A_IW_SLC__1SDV_20260331T085049_20260331T085116_063869_08084D_7C3B.zip,primary,https://datapool.asf.alaska.edu/SLC/SA/S1A_IW_SLC__1SDV_20260331T085049_20260331T085116_063869_08084D_7C3B.zip,SLC,DESCENDING,97,63869,611,2026-03-31T08:50:49Z,2026-03-31T08:51:16Z,0.0 MB,C:\Users\jales\Documents\GitHub\thesis_code\downloads\sentinel1_asf\Sentinel-1A\S1A_IW_SLC__1SDV_20260331T085049_20260331T085116_063869_08084D_7C3B.zip,missing_auth
feature_0_part_1_split_1,0,Sentinel-1A,,SENTINEL-1,Sentinel-1A,S1A_IW_SLC__1SDV_20260331T085024_20260331T085051_063869_08084D_1626-SLC,S1A_IW_SLC__1SDV_20260331T085024_20260331T085051_063869_08084D_1626,S1A_IW_SLC__1SDV_20260331T085024_20260331T085051_063869_08084D_1626.zip,primary,https://datapool.asf.alaska.edu/SLC/SA/S1A_IW_SLC__1SDV_20260331T085024_20260331T085051_063869_08084D_1626.zip,SLC,DESCENDING,97,63869,606,2026-03-31T08:50:24Z,2026-03-31T08:50:51Z,0.0 MB,C:\Users\jales\Documents\GitHub\thesis_code\downloads\sentinel1_asf\Sentinel-1A\S1A_IW_SLC__1SDV_20260331T085024_20260331T085051_063869_08084D_1626.zip,missing_auth
feature_0_part_1_split_1,0,Sentinel-1A,,SENTINEL-1,Sentinel-1A,S1A_IW_SLC__1SDV_20260328T082837_20260328T082851_063825_0806C0_9DAE-SLC,S1A_IW_SLC__1SDV_20260328T082837_20260328T082851_063825_0806C0_9DAE,S1A_IW_SLC__1SDV_20260328T082837_20260328T082851_063825_0806C0_9DAE.zip,primary,https://datapool.asf.alaska.edu/SLC/SA/S1A_IW_SLC__1SDV_20260328T082837_20260328T082851_063825_0806C0_9DAE.zip,SLC,DESCENDING,53,63825,641,2026-03-28T08:28:37Z,2026-03-28T08:28:51Z,0.0 MB,C:\Users\jales\Documents\GitHub\thesis_code\downloads\sentinel1_asf\Sentinel-1A\S1A_IW_SLC__1SDV_20260328T082837_20260328T082851_063825_0806C0_9DAE.zip,missing_auth
feature_0_part_1_split_1,0,Sentinel-1A,,SENTINEL-1,Sentinel-1A,S1A_IW_SLC__1SDV_20260328T082812_20260328T082839_063825_0806C0_D736-SLC,S1A_IW_SLC__1SDV_20260328T082812_20260328T082839_063825_0806C0_D736,S1A_IW_SLC__1SDV_20260328T082812_20260328T082839_063825_0806C0_D736.zip,primary,https://datapool.asf.alaska.edu/SLC/SA/S1A_IW_SLC__1SDV_20260328T082812_20260328T082839_063825_0806C0_D736.zip,SLC,DESCENDING,53,63825,636,2026-03-28T08:28:12Z,2026-03-28T08:28:39Z,0.0 MB,C:\Users\jales\Documents\GitHub\thesis_code\downloads\sentinel1_asf\Sentinel-1A\S1A_IW_SLC__1SDV_20260328T082812_20260328T082839_063825_0806C0_D736.zip,missing_auth
feature_0_part_1_split_1,0,Sentinel-1A,,SENTINEL-1,Sentinel-1A,S1A_IW_SLC__1SDV_20260328T082747_20260328T082814_063825_0806C0_C68D-SLC,S1A_IW_SLC__1SDV_20260328T082747_20260328T082814_063825_0806C0_C68D,S1A_IW_SLC__1SDV_20260328T082747_20260328T082814_063825_0806C0_C68D.zip,primary,https://datapool.asf.alaska.edu/SLC/SA/S1A_IW_SLC__1SDV_20260328T082747_20260328T082814_063825_0806C0_C68D.zip,SLC,DESCENDING,53,63825,631,2026-03-28T08:27:47Z,2026-03-28T08:28:14Z,0.0 MB,C:\Users\jales\Documents\GitHub\thesis_code\downloads\sentinel1_asf\Sentinel-1A\S1A_IW_SLC__1SDV_20260328T082747_20260328T082814_063825_0806C0_C68D.zip,missing_auth
feature_0_part_1_split_1,0,Sentinel-1A,,SENTINEL-1,Sentinel-1A,S1A_IW_SLC__1SDV_20260328T082632_20260328T082659_063825_0806C0_5F67-SLC,S1A_IW_SLC__1SDV_20260328T082632_20260328T082659_063825_0806C0_5F67,S1A_IW_SLC__1SDV_20260328T082632_20260328T082659_063825_0806C0_5F67.zip,primary,https://datapool.asf.alaska.edu/SLC/SA/S1A_IW_SLC__1SDV_20260328T082632_20260328T082659_063825_0806C0_5F67.zip,SLC,DESCENDING,53,63825,616,2026-03-28T08:26:32Z,2026-03-28T08:26:59Z,0.0 MB,C:\Users\jales\Documents\GitHub\thesis_code\downloads\sentinel1_asf\Sentinel-1A\S1A_IW_SLC__1SDV_20260328T082632_20260328T082659_063825_0806C0_5F67.zip,missing_auth
feature_0_part_1_split_1,0,Sentinel-1A,,SENTINEL-1,Sentinel-1A,S1A_IW_SLC__1SDV_20260328T082607_20260328T082634_063825_0806C0_B099-SLC,S1A_IW_SLC__1SDV_20260328T082607_20260328T082634_063825_0806C0_B099,S1A_IW_SLC__1SDV_20260328T082607_20260328T082634_063825_0806C0_B099.zip,primary,https://datapool.asf.alaska.edu/SLC/SA/S1A_IW_SLC__1SDV_20260328T082607_20260328T082634_063825_0806C0_B099.zip,SLC,DESCENDING,53,63825,611,2026-03-28T08:26:07Z,2026-03-28T08:26:34Z,0.0 MB,C:\Users\jales\Documents\GitHub\thesis_code\downloads\sentinel1_asf\Sentinel-1A\S1A_IW_SLC__1SDV_20260328T082607_20260328T082634_063825_0806C0_B099.zip,missing_auth
feature_0_part_1_split_1,0,Sentinel-1A,,SENTINEL-1,Sentinel-1A,S1A_IW_SLC__1SDV_20260328T082541_20260328T082609_063825_0806C0_D62C-SLC,S1A_IW_SLC__1SDV_20260328T082541_20260328T082609_063825_0806C0_D62C,S1A_IW_SLC__1SDV_20260328T082541_20260328T082609_063825_0806C0_D62C.zip,primary,https://datapool.asf.alaska.edu/SLC/SA/S1A_IW_SLC__1SDV_20260328T082541_20260328T082609_063825_0806C0_D62C.zip,SLC,DESCENDING,53,63825,606,2026-03-28T08:25:41Z,2026-03-28T08:26:09Z,0.0 MB,C:\Users\jales\Documents\GitHub\thesis_code\downloads\sentinel1_asf\Sentinel-1A\S1A_IW_SLC__1SDV_20260328T082541_20260328T082609_063825_0806C0_D62C.zip,missing_auth
feature_0_part_1_split_1,0,Sentinel-1A,,SENTINEL-1,Sentinel-1A,S1A_IW_SLC__1SDV_20260328T082514_20260328T082544_063825_0806C0_470D-SLC,S1A_IW_SLC__1SDV_20260328T082514_20260328T082544_063825_0806C0_470D,S1A_IW_SLC__1SDV_20260328T082514_20260328T082544_063825_0806C0_470D.zip,primary,https://datapool.asf.alaska.edu/SLC/SA/S1A_IW_SLC__1SDV_20260328T082514_20260328T082544_063825_0806C0_470D.zip,SLC,DESCENDING,53,63825,600,2026-03-28T08:25:14Z,2026-03-28T08:25:44Z,0.0 MB,C:\Users\jales\Documents\GitHub\thesis_code\downloads\sentinel1_asf\Sentinel-1A\S1A_IW_SLC__1SDV_20260328T082514_20260328T082544_063825_0806C0_470D.zip,missing_auth
feature_0_part_1_split_1,0,Sentinel-1A,,SENTINEL-1,Sentinel-1A,S1A_IW_SLC__1SDV_20260327T092636_20260327T092709_063811_080638_0257-SLC,S1A_IW_SLC__1SDV_20260327T092636_20260327T092709_063811_080638_0257,S1A_IW_SLC__1SDV_20260327T092636_20260327T092709_063811_080638_0257.zip,primary,https://datapool.asf.alaska.edu/SLC/SA/S1A_IW_SLC__1SDV_20260327T092636_20260327T092709_063811_080638_0257.zip,SLC,DESCENDING,39,63811,646,2026-03-27T09:26:36Z,2026-03-27T09:27:09Z,0.0 MB,C:\Users\jales\Documents\GitHub\thesis_code\downloads\sentinel1_asf\Sentinel-1A\S1A_IW_SLC__1SDV_20260327T092636_20260327T092709_063811_080638_0257.zip,missing_auth
feature_0_part_1_split_1,0,Sentinel-1A,,SENTINEL-1,Sentinel-1A,S1A_IW_SLC__1SDV_20260327T092611_20260327T092638_063811_080638_ED5C-SLC,S1A_IW_SLC__1SDV_20260327T092611_20260327T092638_063811_080638_ED5C,S1A_IW_SLC__1SDV_20260327T092611_20260327T092638_063811_080638_ED5C.zip,primary,https://datapool.asf.alaska.edu/SLC/SA/S1A_IW_SLC__1SDV_20260327T092611_20260327T092638_063811_080638_ED5C.zip,SLC,DESCENDING,39,63811,641,2026-03-27T09:26:11Z,2026-03-27T09:26:38Z,0.0 MB,C:\Users\jales\Documents\GitHub\thesis_code\downloads\sentinel1_asf\Sentinel-1A\S1A_IW_SLC__1SDV_20260327T092611_20260327T092638_063811_080638_ED5C.zip,missing_auth
feature_0_part_1_split_1,0,Sentinel-1A,,SENTINEL-1,Sentinel-1A,S1A_IW_SLC__1SDV_20260327T092546_20260327T092613_063811_080638_9D8F-SLC,S1A_IW_SLC__1SDV_20260327T092546_20260327T092613_063811_080638_9D8F,S1A_IW_SLC__1SDV_20260327T092546_20260327T092613_063811_080638_9D8F.zip,primary,https://datapool.asf.alaska.edu/SLC/SA/S1A_IW_SLC__1SDV_20260327T092546_20260327T092613_063811_080638_9D8F.zip,SLC,DESCENDING,39,63811,636,2026-03-27T09:25:46Z,2026-03-27T09:26:13Z,0.0 MB,C:\Users\jales\Documents\GitHub\thesis_code\downloads\sentinel1_asf\Sentinel-1A\S1A_IW_SLC__1SDV_20260327T092546_20260327T092613_063811_080638_9D8F.zip,missing_auth
feature_0_part_1_split_1,0,Sentinel-1A,,SENTINEL-1,Sentinel-1A,S1A_IW_SLC__1SDV_20260327T092521_20260327T092549_063811_080638_5CEC-SLC,S1A_IW_SLC__1SDV_20260327T092521_20260327T092549_063811_080638_5CEC,S1A_IW_SLC__1SDV_20260327T092521_20260327T092549_063811_080638_5CEC.zip,primary,https://datapool.asf.alaska.edu/SLC/SA/S1A_IW_SLC__1SDV_20260327T092521_20260327T092549_063811_080638_5CEC.zip,SLC,DESCENDING,39,63811,631,2026-03-27T09:25:21Z,2026-03-27T09:25:49Z,0.0 MB,C:\Users\jales\Documents\GitHub\thesis_code\downloads\sentinel1_asf\Sentinel-1A\S1A_IW_SLC__1SDV_20260327T092521_20260327T092549_063811_080638_5CEC.zip,missing_auth
feature_0_part_1_split_1,0,Sentinel-1A,,SENTINEL-1,Sentinel-1A,S1A_IW_SLC__1SDV_20260326T084628_20260326T084652_063796_0805AE_DE51-SLC,S1A_IW_SLC__1SDV_20260326T084628_20260326T084652_063796_0805AE_DE51,S1A_IW_SLC__1SDV_20260326T084628_20260326T084652_063796_0805AE_DE51.zip,primary,https://datapool.asf.alaska.edu/SLC/SA/S1A_IW_SLC__1SDV_20260326T084628_20260326T084652_063796_0805AE_DE51.zip,SLC,DESCENDING,24,63796,658,2026-03-26T08:46:28Z,2026-03-26T08:46:52Z,0.0 MB,C:\Users\jales\Documents\GitHub\thesis_code\downloads\sentinel1_asf\Sentinel-1A\S1A_IW_SLC__1SDV_20260326T084628_20260326T084652_063796_0805AE_DE51.zip,missing_auth
feature_0_part_1_split_1,0,Sentinel-1A,,SENTINEL-1,Sentinel-1A,S1A_IW_SLC__1SDV_20260326T084603_20260326T084630_063796_0805AE_37EC-SLC,S1A_IW_SLC__1SDV_20260326T084603_20260326T084630_063796_0805AE_37EC,S1A_IW_SLC__1SDV_20260326T084603_20260326T084630_063796_0805AE_37EC.zip,primary,https://datapool.asf.alaska.edu/SLC/SA/S1A_IW_SLC__1SDV_20260326T084603_20260326T084630_063796_0805AE_37EC.zip,SLC,DESCENDING,24,63796,653,2026-03-26T08:46:03Z,2026-03-26T08:46:30Z,0.0 MB,C:\Users\jales\Documents\GitHub\thesis_code\downloads\sentinel1_asf\Sentinel-1A\S1A_IW_SLC__1SDV_20260326T084603_20260326T084630_063796_0805AE_37EC.zip,missing_auth
feature_0_part_1_split_1,0,Sentinel-1A,,SENTINEL-1,Sentinel-1A,S1A_IW_SLC__1SDV_20260326T084537_20260326T084605_063796_0805AE_DDBC-SLC,S1A_IW_SLC__1SDV_20260326T084537_20260326T084605_063796_0805AE_DDBC,S1A_IW_SLC__1SDV_20260326T084537_20260326T084605_063796_0805AE_DDBC.zip,primary,https://datapool.asf.alaska.edu/SLC/SA/S1A_IW_SLC__1SDV_20260326T084537_20260326T084605_063796_0805AE_DDBC.zip,SLC,DESCENDING,24,63796,648,2026-03-26T08:45:37Z,2026-03-26T08:46:05Z,0.0 MB,C:\Users\jales\Documents\GitHub\thesis_code\downloads\sentinel1_asf\Sentinel-1A\S1A_IW_SLC__1SDV_20260326T084537_20260326T084605_063796_0805AE_DDBC.zip,missing_auth
feature_0_part_1_split_1,0,Sentinel-1A,,SENTINEL-1,Sentinel-1A,S1A_IW_SLC__1SDV_20260326T084513_20260326T084540_063796_0805AE_A45C-SLC,S1A_IW_SLC__1SDV_20260326T084513_20260326T084540_063796_0805AE_A45C,S1A_IW_SLC__1SDV_20260326T084513_20260326T084540_063796_0805AE_A45C.zip,primary,https://datapool.asf.alaska.edu/SLC/SA/S1A_IW_SLC__1SDV_20260326T084513_20260326T084540_063796_0805AE_A45C.zip,SLC,DESCENDING,24,63796,643,2026-03-26T08:45:13Z,2026-03-26T08:45:40Z,0.0 MB,C:\Users\jales\Documents\GitHub\thesis_code\downloads\sentinel1_asf\Sentinel-1A\S1A_IW_SLC__1SDV_20260326T084513_20260326T084540_063796_0805AE_A45C.zip,missing_auth
feature_0_part_1_split_1,0,Sentinel-1A,,SENTINEL-1,Sentinel-1A,S1A_IW_SLC__1SDV_20260326T084448_20260326T084515_063796_0805AE_3D76-SLC,S1A_IW_SLC__1SDV_20260326T084448_20260326T084515_063796_0805AE_3D76,S1A_IW_SLC__1SDV_20260326T084448_20260326T084515_063796_0805AE_3D76.zip,primary,https://datapool.asf.alaska.edu/SLC/SA/S1A_IW_SLC__1SDV_20260326T084448_20260326T084515_063796_0805AE_3D76.zip,SLC,DESCENDING,24,63796,638,2026-03-26T08:44:48Z,2026-03-26T08:45:15Z,0.0 MB,C:\Users\jales\Documents\GitHub\thesis_code\downloads\sentinel1_asf\Sentinel-1A\S1A_IW_SLC__1SDV_20260326T084448_20260326T084515_063796_0805AE_3D76.zip,missing_auth
feature_0_part_1_split_1,0,Sentinel-1A,,SENTINEL-1,Sentinel-1A,S1A_IW_SLC__1SDV_20260326T084423_20260326T084450_063796_0805AE_0AB9-SLC,S1A_IW_SLC__1SDV_20260326T084423_20260326T084450_063796_0805AE_0AB9,S1A_IW_SLC__1SDV_20260326T084423_20260326T084450_063796_0805AE_0AB9.zip,primary,https://datapool.asf.alaska.edu/SLC/SA/S1A_IW_SLC__1SDV_20260326T084423_20260326T084450_063796_0805AE_0AB9.zip,SLC,DESCENDING,24,63796,633,2026-03-26T08:44:23Z,2026-03-26T08:44:50Z,0.0 MB,C:\Users\jales\Documents\GitHub\thesis_code\downloads\sentinel1_asf\Sentinel-1A\S1A_IW_SLC__1SDV_20260326T084423_20260326T084450_063796_0805AE_0AB9.zip,missing_auth
feature_0_part_1_split_1,0,Sentinel-1A,,SENTINEL-1,Sentinel-1A,S1A_IW_SLC__1SDV_20260326T084358_20260326T084425_063796_0805AE_993C-SLC,S1A_IW_SLC__1SDV_20260326T084358_20260326T084425_063796_0805AE_993C,S1A_IW_SLC__1SDV_20260326T084358_20260326T084425_063796_0805AE_993C.zip,primary,https://datapool.asf.alaska.edu/SLC/SA/S1A_IW_SLC__1SDV_20260326T084358_20260326T084425_063796_0805AE_993C.zip,SLC,DESCENDING,24,63796,628,2026-03-26T08:43:58Z,2026-03-26T08:44:25Z,0.0 MB,C:\Users\jales\Documents\GitHub\thesis_code\downloads\sentinel1_asf\Sentinel-1A\S1A_IW_SLC__1SDV_20260326T084358_20260326T084425_063796_0805AE_993C.zip,missing_auth
feature_0_part_1_split_1,0,Sentinel-1A,,SENTINEL-1,Sentinel-1A,S1A_IW_SLC__1SDV_20260326T084333_20260326T084400_063796_0805AE_CF02-SLC,S1A_IW_SLC__1SDV_20260326T084333_20260326T084400_063796_0805AE_CF02,S1A_IW_SLC__1SDV_20260326T084333_20260326T084400_063796_0805AE_CF02.zip,primary,https://datapool.asf.alaska.edu/SLC/SA/S1A_IW_SLC__1SDV_20260326T084333_20260326T084400_063796_0805AE_CF02.zip,SLC,DESCENDING,24,63796,623,2026-03-26T08:43:33Z,2026-03-26T08:44:00Z,0.0 MB,C:\Users\jales\Documents\GitHub\thesis_code\downloads\sentinel1_asf\Sentinel-1A\S1A_IW_SLC__1SDV_20260326T084333_20260326T084400_063796_0805AE_CF02.zip,missing_auth
feature_0_part_1_split_1,0,Sentinel-1A,,SENTINEL-1,Sentinel-1A,S1A_IW_SLC__1SDV_20260326T084308_20260326T084335_063796_0805AE_074C-SLC,S1A_IW_SLC__1SDV_20260326T084308_20260326T084335_063796_0805AE_074C,S1A_IW_SLC__1SDV_20260326T084308_20260326T084335_063796_0805AE_074C.zip,primary,https://datapool.asf.alaska.edu/SLC/SA/S1A_IW_SLC__1SDV_20260326T084308_20260326T084335_063796_0805AE_074C.zip,SLC,DESCENDING,24,63796,618,2026-03-26T08:43:08Z,2026-03-26T08:43:35Z,0.0 MB,C:\Users\jales\Documents\GitHub\thesis_code\downloads\sentinel1_asf\Sentinel-1A\S1A_IW_SLC__1SDV_20260326T084308_20260326T084335_063796_0805AE_074C.zip,missing_auth
feature_0_part_1_split_1,0,Sentinel-1A,,SENTINEL-1,Sentinel-1A,S1A_IW_SLC__1SDV_20260326T084243_20260326T084310_063796_0805AE_9B6E-SLC,S1A_IW_SLC__1SDV_20260326T084243_20260326T084310_063796_0805AE_9B6E,S1A_IW_SLC__1SDV_20260326T084243_20260326T084310_063796_0805AE_9B6E.zip,primary,https://datapool.asf.alaska.edu/SLC/SA/S1A_IW_SLC__1SDV_20260326T084243_20260326T084310_063796_0805AE_9B6E.zip,SLC,DESCENDING,24,63796,613,2026-03-26T08:42:43Z,2026-03-26T08:43:10Z,0.0 MB,C:\Users\jales\Documents\GitHub\thesis_code\downloads\sentinel1_asf\Sentinel-1A\S1A_IW_SLC__1SDV_20260326T084243_20260326T084310_063796_0805AE_9B6E.zip,missing_auth
feature_0_part_1_split_1,0,Sentinel-1A,,SENTINEL-1,Sentinel-1A,S1A_IW_SLC__1SDV_20260326T084218_20260326T084245_063796_0805AE_74BE-SLC,S1A_IW_SLC__1SDV_20260326T084218_20260326T084245_063796_0805AE_74BE,S1A_IW_SLC__1SDV_20260326T084218_20260326T084245_063796_0805AE_74BE.zip,primary,https://datapool.asf.alaska.edu/SLC/SA/S1A_IW_SLC__1SDV_20260326T084218_20260326T084245_063796_0805AE_74BE.zip,SLC,DESCENDING,24,63796,608,2026-03-26T08:42:18Z,2026-03-26T08:42:45Z,0.0 MB,C:\Users\jales\Documents\GitHub\thesis_code\downloads\sentinel1_asf\Sentinel-1A\S1A_IW_SLC__1SDV_20260326T084218_20260326T084245_063796_0805AE_74BE.zip,missing_auth
feature_0_part_1_split_1,0,Sentinel-1A,,SENTINEL-1,Sentinel-1A,S1A_IW_SLC__1SDV_20260326T084153_20260326T084220_063796_0805AE_1E39-SLC,S1A_IW_SLC__1SDV_20260326T084153_20260326T084220_063796_0805AE_1E39,S1A_IW_SLC__1SDV_20260326T084153_20260326T084220_063796_0805AE_1E39.zip,primary,https://datapool.asf.alaska.edu/SLC/SA/S1A_IW_SLC__1SDV_20260326T084153_20260326T084220_063796_0805AE_1E39.zip,SLC,DESCENDING,24,63796,603,2026-03-26T08:41:53Z,2026-03-26T08:42:20Z,0.0 MB,C:\Users\jales\Documents\GitHub\thesis_code\downloads\sentinel1_asf\Sentinel-1A\S1A_IW_SLC__1SDV_20260326T084153_20260326T084220_063796_0805AE_1E39.zip,missing_auth
feature_0_part_1_split_1,0,Sentinel-1A,,SENTINEL-1,Sentinel-1A,S1A_IW_SLC__1SDV_20260326T084128_20260326T084155_063796_0805AE_AAD7-SLC,S1A_IW_SLC__1SDV_20260326T084128_20260326T084155_063796_0805AE_AAD7,S1A_IW_SLC__1SDV_20260326T084128_20260326T084155_063796_0805AE_AAD7.zip,primary,https://datapool.asf.alaska.edu/SLC/SA/S1A_IW_SLC__1SDV_20260326T084128_20260326T084155_063796_0805AE_AAD7.zip,SLC,DESCENDING,24,63796,598,2026-03-26T08:41:28Z,2026-03-26T08:41:55Z,0.0 MB,C:\Users\jales\Documents\GitHub\thesis_code\downloads\sentinel1_asf\Sentinel-1A\S1A_IW_SLC__1SDV_20260326T084128_20260326T084155_063796_0805AE_AAD7.zip,missing_auth
feature_0_part_1_split_1,0,Sentinel-1A,,SENTINEL-1,Sentinel-1A,S1A_IW_SLC__1SDV_20260325T094151_20260325T094219_063782_080528_BD79-SLC,S1A_IW_SLC__1SDV_20260325T094151_20260325T094219_063782_080528_BD79,S1A_IW_SLC__1SDV_20260325T094151_20260325T094219_063782_080528_BD79.zip,primary,https://datapool.asf.alaska.edu/SLC/SA/S1A_IW_SLC__1SDV_20260325T094151_20260325T094219_063782_080528_BD79.zip,SLC,DESCENDING,10,63782,631,2026-03-25T09:41:51Z,2026-03-25T09:42:19Z,0.0 MB,C:\Users\jales\Documents\GitHub\thesis_code\downloads\sentinel1_asf\Sentinel-1A\S1A_IW_SLC__1SDV_20260325T094151_20260325T094219_063782_080528_BD79.zip,missing_auth
feature_0_part_1_split_1,0,Sentinel-1A,,SENTINEL-1,Sentinel-1A,S1A_IW_SLC__1SDV_20260324T211637_20260324T211707_063774_0804DE_CFF1-SLC,S1A_IW_SLC__1SDV_20260324T211637_20260324T211707_063774_0804DE_CFF1,S1A_IW_SLC__1SDV_20260324T211637_20260324T211707_063774_0804DE_CFF1.zip,primary,https://datapool.asf.alaska.edu/SLC/SA/S1A_IW_SLC__1SDV_20260324T211637_20260324T211707_063774_0804DE_CFF1.zip,SLC,ASCENDING,2,63774,1168,2026-03-24T21:16:37Z,2026-03-24T21:17:07Z,0.0 MB,C:\Users\jales\Documents\GitHub\thesis_code\downloads\sentinel1_asf\Sentinel-1A\S1A_IW_SLC__1SDV_20260324T211637_20260324T211707_063774_0804DE_CFF1.zip,missing_auth
feature_0_part_1_split_1,0,Sentinel-1A,,SENTINEL-1,Sentinel-1A,S1A_IW_SLC__1SDV_20260324T090240_20260324T090305_063767_08048E_8F09-SLC,S1A_IW_SLC__1SDV_20260324T090240_20260324T090305_063767_08048E_8F09,S1A_IW_SLC__1SDV_20260324T090240_20260324T090305_063767_08048E_8F09.zip,primary,https://datapool.asf.alaska.edu/SLC/SA/S1A_IW_SLC__1SDV_20260324T090240_20260324T090305_063767_08048E_8F09.zip,SLC,DESCENDING,170,63767,655,2026-03-24T09:02:40Z,2026-03-24T09:03:05Z,0.0 MB,C:\Users\jales\Documents\GitHub\thesis_code\downloads\sentinel1_asf\Sentinel-1A\S1A_IW_SLC__1SDV_20260324T090240_20260324T090305_063767_08048E_8F09.zip,missing_auth
feature_0_part_1_split_1,0,Sentinel-1A,,SENTINEL-1,Sentinel-1A,S1A_IW_SLC__1SDV_20260324T090215_20260324T090243_063767_08048E_428B-SLC,S1A_IW_SLC__1SDV_20260324T090215_20260324T090243_063767_08048E_428B,S1A_IW_SLC__1SDV_20260324T090215_20260324T090243_063767_08048E_428B.zip,primary,https://datapool.asf.alaska.edu/SLC/SA/S1A_IW_SLC__1SDV_20260324T090215_20260324T090243_063767_08048E_428B.zip,SLC,DESCENDING,170,63767,650,2026-03-24T09:02:15Z,2026-03-24T09:02:43Z,0.0 MB,C:\Users\jales\Documents\GitHub\thesis_code\downloads\sentinel1_asf\Sentinel-1A\S1A_IW_SLC__1SDV_20260324T090215_20260324T090243_063767_08048E_428B.zip,missing_auth
feature_0_part_1_split_1,0,Sentinel-1A,,SENTINEL-1,Sentinel-1A,S1A_IW_SLC__1SDV_20260324T090150_20260324T090218_063767_08048E_B516-SLC,S1A_IW_SLC__1SDV_20260324T090150_20260324T090218_063767_08048E_B516,S1A_IW_SLC__1SDV_20260324T090150_20260324T090218_063767_08048E_B516.zip,primary,https://datapool.asf.alaska.edu/SLC/SA/S1A_IW_SLC__1SDV_20260324T090150_20260324T090218_063767_08048E_B516.zip,SLC,DESCENDING,170,63767,645,2026-03-24T09:01:50Z,2026-03-24T09:02:18Z,0.0 MB,C:\Users\jales\Documents\GitHub\thesis_code\downloads\sentinel1_asf\Sentinel-1A\S1A_IW_SLC__1SDV_20260324T090150_20260324T090218_063767_08048E_B516.zip,missing_auth
feature_0_part_1_split_1,0,Sentinel-1A,,SENTINEL-1,Sentinel-1A,S1A_IW_SLC__1SDV_20260324T090125_20260324T090152_063767_08048E_B48A-SLC,S1A_IW_SLC__1SDV_20260324T090125_20260324T090152_063767_08048E_B48A,S1A_IW_SLC__1SDV_20260324T090125_20260324T090152_063767_08048E_B48A.zip,primary,https://datapool.asf.alaska.edu/SLC/SA/S1A_IW_SLC__1SDV_20260324T090125_20260324T090152_063767_08048E_B48A.zip,SLC,DESCENDING,170,63767,640,2026-03-24T09:01:25Z,2026-03-24T09:01:52Z,0.0 MB,C:\Users\jales\Documents\GitHub\thesis_code\downloads\sentinel1_asf\Sentinel-1A\S1A_IW_SLC__1SDV_20260324T090125_20260324T090152_063767_08048E_B48A.zip,missing_auth
feature_0_part_1_split_1,0,Sentinel-1A,,SENTINEL-1,Sentinel-1A,S1A_IW_SLC__1SDV_20260324T090100_20260324T090127_063767_08048E_AA9C-SLC,S1A_IW_SLC__1SDV_20260324T090100_20260324T090127_063767_08048E_AA9C,S1A_IW_SLC__1SDV_20260324T090100_20260324T090127_063767_08048E_AA9C.zip,primary,https://datapool.asf.alaska.edu/SLC/SA/S1A_IW_SLC__1SDV_20260324T090100_20260324T090127_063767_08048E_AA9C.zip,SLC,DESCENDING,170,63767,635,2026-03-24T09:01:00Z,2026-03-24T09:01:27Z,0.0 MB,C:\Users\jales\Documents\GitHub\thesis_code\downloads\sentinel1_asf\Sentinel-1A\S1A_IW_SLC__1SDV_20260324T090100_20260324T090127_063767_08048E_AA9C.zip,missing_auth
feature_0_part_1_split_1,0,Sentinel-1A,,SENTINEL-1,Sentinel-1A,S1A_IW_SLC__1SDV_20260324T090035_20260324T090102_063767_08048E_EF46-SLC,S1A_IW_SLC__1SDV_20260324T090035_20260324T090102_063767_08048E_EF46,S1A_IW_SLC__1SDV_20260324T090035_20260324T090102_063767_08048E_EF46.zip,primary,https://datapool.asf.alaska.edu/SLC/SA/S1A_IW_SLC__1SDV_20260324T090035_20260324T090102_063767_08048E_EF46.zip,SLC,DESCENDING,170,63767,630,2026-03-24T09:00:35Z,2026-03-24T09:01:02Z,0.0 MB,C:\Users\jales\Documents\GitHub\thesis_code\downloads\sentinel1_asf\Sentinel-1A\S1A_IW_SLC__1SDV_20260324T090035_20260324T090102_063767_08048E_EF46.zip,missing_auth
feature_0_part_1_split_1,0,Sentinel-1A,,SENTINEL-1,Sentinel-1A,S1A_IW_SLC__1SDV_20260324T090011_20260324T090037_063767_08048E_CA21-SLC,S1A_IW_SLC__1SDV_20260324T090011_20260324T090037_063767_08048E_CA21,S1A_IW_SLC__1SDV_20260324T090011_20260324T090037_063767_08048E_CA21.zip,primary,https://datapool.asf.alaska.edu/SLC/SA/S1A_IW_SLC__1SDV_20260324T090011_20260324T090037_063767_08048E_CA21.zip,SLC,DESCENDING,170,63767,625,2026-03-24T09:00:11Z,2026-03-24T09:00:37Z,0.0 MB,C:\Users\jales\Documents\GitHub\thesis_code\downloads\sentinel1_asf\Sentinel-1A\S1A_IW_SLC__1SDV_20260324T090011_20260324T090037_063767_08048E_CA21.zip,missing_auth
feature_0_part_1_split_1,0,Sentinel-1A,,SENTINEL-1,Sentinel-1A,S1A_IW_SLC__1SDV_20260324T085946_20260324T090013_063767_08048E_098C-SLC,S1A_IW_SLC__1SDV_20260324T085946_20260324T090013_063767_08048E_098C,S1A_IW_SLC__1SDV_20260324T085946_20260324T090013_063767_08048E_098C.zip,primary,https://datapool.asf.alaska.edu/SLC/SA/S1A_IW_SLC__1SDV_20260324T085946_20260324T090013_063767_08048E_098C.zip,SLC,DESCENDING,170,63767,620,2026-03-24T08:59:46Z,2026-03-24T09:00:13Z,0.0 MB,C:\Users\jales\Documents\GitHub\thesis_code\downloads\sentinel1_asf\Sentinel-1A\S1A_IW_SLC__1SDV_20260324T085946_20260324T090013_063767_08048E_098C.zip,missing_auth
feature_0_part_1_split_1,0,Sentinel-1A,,SENTINEL-1,Sentinel-1A,S1A_IW_SLC__1SDV_20260324T085920_20260324T085948_063767_08048E_1B24-SLC,S1A_IW_SLC__1SDV_20260324T085920_20260324T085948_063767_08048E_1B24,S1A_IW_SLC__1SDV_20260324T085920_20260324T085948_063767_08048E_1B24.zip,primary,https://datapool.asf.alaska.edu/SLC/SA/S1A_IW_SLC__1SDV_20260324T085920_20260324T085948_063767_08048E_1B24.zip,SLC,DESCENDING,170,63767,615,2026-03-24T08:59:20Z,2026-03-24T08:59:48Z,0.0 MB,C:\Users\jales\Documents\GitHub\thesis_code\downloads\sentinel1_asf\Sentinel-1A\S1A_IW_SLC__1SDV_20260324T085920_20260324T085948_063767_08048E_1B24.zip,missing_auth
feature_0_part_1_split_1,0,Sentinel-1A,,SENTINEL-1,Sentinel-1A,S1A_IW_SLC__1SDV_20260323T082100_20260323T082114_063752_080405_9CCB-SLC,S1A_IW_SLC__1SDV_20260323T082100_20260323T082114_063752_080405_9CCB,S1A_IW_SLC__1SDV_20260323T082100_20260323T082114_063752_080405_9CCB.zip,primary,https://datapool.asf.alaska.edu/SLC/SA/S1A_IW_SLC__1SDV_20260323T082100_20260323T082114_063752_080405_9CCB.zip,SLC,DESCENDING,155,63752,648,2026-03-23T08:21:00Z,2026-03-23T08:21:14Z,0.0 MB,C:\Users\jales\Documents\GitHub\thesis_code\downloads\sentinel1_asf\Sentinel-1A\S1A_IW_SLC__1SDV_20260323T082100_20260323T082114_063752_080405_9CCB.zip,missing_auth
feature_0_part_1_split_1,0,Sentinel-1A,,SENTINEL-1,Sentinel-1A,S1A_IW_SLC__1SDV_20260323T082036_20260323T082103_063752_080405_D480-SLC,S1A_IW_SLC__1SDV_20260323T082036_20260323T082103_063752_080405_D480,S1A_IW_SLC__1SDV_20260323T082036_20260323T082103_063752_080405_D480.zip,primary,https://datapool.asf.alaska.edu/SLC/SA/S1A_IW_SLC__1SDV_20260323T082036_20260323T082103_063752_080405_D480.zip,SLC,DESCENDING,155,63752,643,2026-03-23T08:20:36Z,2026-03-23T08:21:03Z,0.0 MB,C:\Users\jales\Documents\GitHub\thesis_code\downloads\sentinel1_asf\Sentinel-1A\S1A_IW_SLC__1SDV_20260323T082036_20260323T082103_063752_080405_D480.zip,missing_auth
feature_0_part_1_split_1,0,Sentinel-1A,,SENTINEL-1,Sentinel-1A,S1A_IW_SLC__1SDV_20260323T082011_20260323T082038_063752_080405_57D3-SLC,S1A_IW_SLC__1SDV_20260323T082011_20260323T082038_063752_080405_57D3,S1A_IW_SLC__1SDV_20260323T082011_20260323T082038_063752_080405_57D3.zip,primary,https://datapool.asf.alaska.edu/SLC/SA/S1A_IW_SLC__1SDV_20260323T082011_20260323T082038_063752_080405_57D3.zip,SLC,DESCENDING,155,63752,638,2026-03-23T08:20:11Z,2026-03-23T08:20:38Z,0.0 MB,C:\Users\jales\Documents\GitHub\thesis_code\downloads\sentinel1_asf\Sentinel-1A\S1A_IW_SLC__1SDV_20260323T082011_20260323T082038_063752_080405_57D3.zip,missing_auth
feature_0_part_1_split_1,0,Sentinel-1A,,SENTINEL-1,Sentinel-1A,S1A_IW_SLC__1SDV_20260322T091918_20260322T091940_063738_08037C_3B70-SLC,S1A_IW_SLC__1SDV_20260322T091918_20260322T091940_063738_08037C_3B70,S1A_IW_SLC__1SDV_20260322T091918_20260322T091940_063738_08037C_3B70.zip,primary,https://datapool.asf.alaska.edu/SLC/SA/S1A_IW_SLC__1SDV_20260322T091918_20260322T091940_063738_08037C_3B70.zip,SLC,DESCENDING,141,63738,657,2026-03-22T09:19:18Z,2026-03-22T09:19:40Z,0.0 MB,C:\Users\jales\Documents\GitHub\thesis_code\downloads\sentinel1_asf\Sentinel-1A\S1A_IW_SLC__1SDV_20260322T091918_20260322T091940_063738_08037C_3B70.zip,missing_auth
feature_0_part_1_split_1,0,Sentinel-1A,,SENTINEL-1,Sentinel-1A,S1A_IW_SLC__1SDV_20260322T091829_20260322T091856_063738_08037C_75C7-SLC,S1A_IW_SLC__1SDV_20260322T091829_20260322T091856_063738_08037C_75C7,S1A_IW_SLC__1SDV_20260322T091829_20260322T091856_063738_08037C_75C7.zip,primary,https://datapool.asf.alaska.edu/SLC/SA/S1A_IW_SLC__1SDV_20260322T091829_20260322T091856_063738_08037C_75C7.zip,SLC,DESCENDING,141,63738,647,2026-03-22T09:18:29Z,2026-03-22T09:18:56Z,0.0 MB,C:\Users\jales\Documents\GitHub\thesis_code\downloads\sentinel1_asf\Sentinel-1A\S1A_IW_SLC__1SDV_20260322T091829_20260322T091856_063738_08037C_75C7.zip,missing_auth
feature_0_part_1_split_1,0,Sentinel-1A,,SENTINEL-1,Sentinel-1A,S1A_IW_SLC__1SDV_20260322T091804_20260322T091831_063738_08037C_441D-SLC,S1A_IW_SLC__1SDV_20260322T091804_20260322T091831_063738_08037C_441D,S1A_IW_SLC__1SDV_20260322T091804_20260322T091831_063738_08037C_441D.zip,primary,https://datapool.asf.alaska.edu/SLC/SA/S1A_IW_SLC__1SDV_20260322T091804_20260322T091831_063738_08037C_441D.zip,SLC,DESCENDING,141,63738,642,2026-03-22T09:18:04Z,2026-03-22T09:18:31Z,0.0 MB,C:\Users\jales\Documents\GitHub\thesis_code\downloads\sentinel1_asf\Sentinel-1A\S1A_IW_SLC__1SDV_20260322T091804_20260322T091831_063738_08037C_441D.zip,missing_auth
feature_0_part_1_split_1,0,Sentinel-1A,,SENTINEL-1,Sentinel-1A,S1A_IW_SLC__1SDV_20260322T091739_20260322T091806_063738_08037C_8230-SLC,S1A_IW_SLC__1SDV_20260322T091739_20260322T091806_063738_08037C_8230,S1A_IW_SLC__1SDV_20260322T091739_20260322T091806_063738_08037C_8230.zip,primary,https://datapool.asf.alaska.edu/SLC/SA/S1A_IW_SLC__1SDV_20260322T091739_20260322T091806_063738_08037C_8230.zip,SLC,DESCENDING,141,63738,637,2026-03-22T09:17:39Z,2026-03-22T09:18:06Z,0.0 MB,C:\Users\jales\Documents\GitHub\thesis_code\downloads\sentinel1_asf\Sentinel-1A\S1A_IW_SLC__1SDV_20260322T091739_20260322T091806_063738_08037C_8230.zip,missing_auth
feature_0_part_1_split_1,0,Sentinel-1A,,SENTINEL-1,Sentinel-1A,S1A_IW_SLC__1SDV_20260322T091714_20260322T091741_063738_08037C_70A0-SLC,S1A_IW_SLC__1SDV_20260322T091714_20260322T091741_063738_08037C_70A0,S1A_IW_SLC__1SDV_20260322T091714_20260322T091741_063738_08037C_70A0.zip,primary,https://datapool.asf.alaska.edu/SLC/SA/S1A_IW_SLC__1SDV_20260322T091714_20260322T091741_063738_08037C_70A0.zip,SLC,DESCENDING,141,63738,632,2026-03-22T09:17:14Z,2026-03-22T09:17:41Z,0.0 MB,C:\Users\jales\Documents\GitHub\thesis_code\downloads\sentinel1_asf\Sentinel-1A\S1A_IW_SLC__1SDV_20260322T091714_20260322T091741_063738_08037C_70A0.zip,missing_auth
feature_0_part_1_split_1,0,Sentinel-1A,,SENTINEL-1,Sentinel-1A,S1A_IW_SLC__1SDV_20260321T083922_20260321T083949_063723_0802EC_7CC1-SLC,S1A_IW_SLC__1SDV_20260321T083922_20260321T083949_063723_0802EC_7CC1,S1A_IW_SLC__1SDV_20260321T083922_20260321T083949_063723_0802EC_7CC1.zip,primary,https://datapool.asf.alaska.edu/SLC/SA/S1A_IW_SLC__1SDV_20260321T083922_20260321T083949_063723_0802EC_7CC1.zip,SLC,DESCENDING,126,63723,671,2026-03-21T08:39:22Z,2026-03-21T08:39:49Z,0.0 MB,C:\Users\jales\Documents\GitHub\thesis_code\downloads\sentinel1_asf\Sentinel-1A\S1A_IW_SLC__1SDV_20260321T083922_20260321T083949_063723_0802EC_7CC1.zip,missing_auth
feature_0_part_1_split_1,0,Sentinel-1A,,SENTINEL-1,Sentinel-1A,S1A_IW_SLC__1SDV_20260321T083857_20260321T083924_063723_0802EC_43F3-SLC,S1A_IW_SLC__1SDV_20260321T083857_20260321T083924_063723_0802EC_43F3,S1A_IW_SLC__1SDV_20260321T083857_20260321T083924_063723_0802EC_43F3.zip,primary,https://datapool.asf.alaska.edu/SLC/SA/S1A_IW_SLC__1SDV_20260321T083857_20260321T083924_063723_0802EC_43F3.zip,SLC,DESCENDING,126,63723,666,2026-03-21T08:38:57Z,2026-03-21T08:39:24Z,0.0 MB,C:\Users\jales\Documents\GitHub\thesis_code\downloads\sentinel1_asf\Sentinel-1A\S1A_IW_SLC__1SDV_20260321T083857_20260321T083924_063723_0802EC_43F3.zip,missing_auth
feature_0_part_1_split_1,0,Sentinel-1A,,SENTINEL-1,Sentinel-1A,S1A_IW_SLC__1SDV_20260321T083829_20260321T083859_063723_0802EC_3B09-SLC,S1A_IW_SLC__1SDV_20260321T083829_20260321T083859_063723_0802EC_3B09,S1A_IW_SLC__1SDV_20260321T083829_20260321T083859_063723_0802EC_3B09.zip,primary,https://datapool.asf.alaska.edu/SLC/SA/S1A_IW_SLC__1SDV_20260321T083829_20260321T083859_063723_0802EC_3B09.zip,SLC,DESCENDING,126,63723,661,2026-03-21T08:38:29Z,2026-03-21T08:38:59Z,0.0 MB,C:\Users\jales\Documents\GitHub\thesis_code\downloads\sentinel1_asf\Sentinel-1A\S1A_IW_SLC__1SDV_20260321T083829_20260321T083859_063723_0802EC_3B09.zip,missing_auth
feature_0_part_1_split_1,0,Sentinel-1A,,SENTINEL-1,Sentinel-1A,S1A_IW_SLC__1SDV_20260321T083643_20260321T083657_063723_0802EB_27A9-SLC,S1A_IW_SLC__1SDV_20260321T083643_20260321T083657_063723_0802EB_27A9,S1A_IW_SLC__1SDV_20260321T083643_20260321T083657_063723_0802EB_27A9.zip,primary,https://datapool.asf.alaska.edu/SLC/SA/S1A_IW_SLC__1SDV_20260321T083643_20260321T083657_063723_0802EB_27A9.zip,SLC,DESCENDING,126,63723,639,2026-03-21T08:36:43Z,2026-03-21T08:36:57Z,0.0 MB,C:\Users\jales\Documents\GitHub\thesis_code\downloads\sentinel1_asf\Sentinel-1A\S1A_IW_SLC__1SDV_20260321T083643_20260321T083657_063723_0802EB_27A9.zip,missing_auth
feature_0_part_1_split_1,0,Sentinel-1A,,SENTINEL-1,Sentinel-1A,S1A_IW_SLC__1SDV_20260321T083618_20260321T083645_063723_0802EB_5867-SLC,S1A_IW_SLC__1SDV_20260321T083618_20260321T083645_063723_0802EB_5867,S1A_IW_SLC__1SDV_20260321T083618_20260321T083645_063723_0802EB_5867.zip,primary,https://datapool.asf.alaska.edu/SLC/SA/S1A_IW_SLC__1SDV_20260321T083618_20260321T083645_063723_0802EB_5867.zip,SLC,DESCENDING,126,63723,635,2026-03-21T08:36:18Z,2026-03-21T08:36:45Z,0.0 MB,C:\Users\jales\Documents\GitHub\thesis_code\downloads\sentinel1_asf\Sentinel-1A\S1A_IW_SLC__1SDV_20260321T083618_20260321T083645_063723_0802EB_5867.zip,missing_auth
feature_0_part_1_split_1,0,Sentinel-1A,,SENTINEL-1,Sentinel-1A,S1A_IW_SLC__1SDV_20260321T083553_20260321T083621_063723_0802EB_0291-SLC,S1A_IW_SLC__1SDV_20260321T083553_20260321T083621_063723_0802EB_0291,S1A_IW_SLC__1SDV_20260321T083553_20260321T083621_063723_0802EB_0291.zip,primary,https://datapool.asf.alaska.edu/SLC/SA/S1A_IW_SLC__1SDV_20260321T083553_20260321T083621_063723_0802EB_0291.zip,SLC,DESCENDING,126,63723,629,2026-03-21T08:35:53Z,2026-03-21T08:36:21Z,0.0 MB,C:\Users\jales\Documents\GitHub\thesis_code\downloads\sentinel1_asf\Sentinel-1A\S1A_IW_SLC__1SDV_20260321T083553_20260321T083621_063723_0802EB_0291.zip,missing_auth
feature_0_part_1_split_1,0,Sentinel-1A,,SENTINEL-1,Sentinel-1A,S1A_IW_SLC__1SDV_20260321T083528_20260321T083555_063723_0802EB_C1FF-SLC,S1A_IW_SLC__1SDV_20260321T083528_20260321T083555_063723_0802EB_C1FF,S1A_IW_SLC__1SDV_20260321T083528_20260321T083555_063723_0802EB_C1FF.zip,primary,https://datapool.asf.alaska.edu/SLC/SA/S1A_IW_SLC__1SDV_20260321T083528_20260321T083555_063723_0802EB_C1FF.zip,SLC,DESCENDING,126,63723,624,2026-03-21T08:35:28Z,2026-03-21T08:35:55Z,0.0 MB,C:\Users\jales\Documents\GitHub\thesis_code\downloads\sentinel1_asf\Sentinel-1A\S1A_IW_SLC__1SDV_20260321T083528_20260321T083555_063723_0802EB_C1FF.zip,missing_auth
feature_0_part_1_split_1,0,Sentinel-1A,,SENTINEL-1,Sentinel-1A,S1A_IW_SLC__1SDV_20260321T083503_20260321T083530_063723_0802EB_9ED8-SLC,S1A_IW_SLC__1SDV_20260321T083503_20260321T083530_063723_0802EB_9ED8,S1A_IW_SLC__1SDV_20260321T083503_20260321T083530_063723_0802EB_9ED8.zip,primary,https://datapool.asf.alaska.edu/SLC/SA/S1A_IW_SLC__1SDV_20260321T083503_20260321T083530_063723_0802EB_9ED8.zip,SLC,DESCENDING,126,63723,619,2026-03-21T08:35:03Z,2026-03-21T08:35:30Z,0.0 MB,C:\Users\jales\Documents\GitHub\thesis_code\downloads\sentinel1_asf\Sentinel-1A\S1A_IW_SLC__1SDV_20260321T083503_20260321T083530_063723_0802EB_9ED8.zip,missing_auth
feature_0_part_1_split_1,0,Sentinel-1A,,SENTINEL-1,Sentinel-1A,S1A_IW_SLC__1SDV_20260321T083438_20260321T083505_063723_0802EB_45B4-SLC,S1A_IW_SLC__1SDV_20260321T083438_20260321T083505_063723_0802EB_45B4,S1A_IW_SLC__1SDV_20260321T083438_20260321T083505_063723_0802EB_45B4.zip,primary,https://datapool.asf.alaska.edu/SLC/SA/S1A_IW_SLC__1SDV_20260321T083438_20260321T083505_063723_0802EB_45B4.zip,SLC,DESCENDING,126,63723,614,2026-03-21T08:34:38Z,2026-03-21T08:35:05Z,0.0 MB,C:\Users\jales\Documents\GitHub\thesis_code\downloads\sentinel1_asf\Sentinel-1A\S1A_IW_SLC__1SDV_20260321T083438_20260321T083505_063723_0802EB_45B4.zip,missing_auth
feature_0_part_1_split_1,0,Sentinel-1A,,SENTINEL-1,Sentinel-1A,S1A_IW_SLC__1SDV_20260321T083413_20260321T083440_063723_0802EB_7B00-SLC,S1A_IW_SLC__1SDV_20260321T083413_20260321T083440_063723_0802EB_7B00,S1A_IW_SLC__1SDV_20260321T083413_20260321T083440_063723_0802EB_7B00.zip,primary,https://datapool.asf.alaska.edu/SLC/SA/S1A_IW_SLC__1SDV_20260321T083413_20260321T083440_063723_0802EB_7B00.zip,SLC,DESCENDING,126,63723,610,2026-03-21T08:34:13Z,2026-03-21T08:34:40Z,0.0 MB,C:\Users\jales\Documents\GitHub\thesis_code\downloads\sentinel1_asf\Sentinel-1A\S1A_IW_SLC__1SDV_20260321T083413_20260321T083440_063723_0802EB_7B00.zip,missing_auth
feature_0_part_1_split_1,0,Sentinel-1A,,SENTINEL-1,Sentinel-1A,S1A_IW_SLC__1SDV_20260321T083348_20260321T083416_063723_0802EB_697E-SLC,S1A_IW_SLC__1SDV_20260321T083348_20260321T083416_063723_0802EB_697E,S1A_IW_SLC__1SDV_20260321T083348_20260321T083416_063723_0802EB_697E.zip,primary,https://datapool.asf.alaska.edu/SLC/SA/S1A_IW_SLC__1SDV_20260321T083348_20260321T083416_063723_0802EB_697E.zip,SLC,DESCENDING,126,63723,604,2026-03-21T08:33:48Z,2026-03-21T08:34:16Z,0.0 MB,C:\Users\jales\Documents\GitHub\thesis_code\downloads\sentinel1_asf\Sentinel-1A\S1A_IW_SLC__1SDV_20260321T083348_20260321T083416_063723_0802EB_697E.zip,missing_auth
feature_0_part_1_split_1,0,Sentinel-1A,,SENTINEL-1,Sentinel-1A,S1A_IW_SLC__1SDV_20260321T083320_20260321T083350_063723_0802EB_D8D3-SLC,S1A_IW_SLC__1SDV_20260321T083320_20260321T083350_063723_0802EB_D8D3,S1A_IW_SLC__1SDV_20260321T083320_20260321T083350_063723_0802EB_D8D3.zip,primary,https://datapool.asf.alaska.edu/SLC/SA/S1A_IW_SLC__1SDV_20260321T083320_20260321T083350_063723_0802EB_D8D3.zip,SLC,DESCENDING,126,63723,599,2026-03-21T08:33:20Z,2026-03-21T08:33:50Z,0.0 MB,C:\Users\jales\Documents\GitHub\thesis_code\downloads\sentinel1_asf\Sentinel-1A\S1A_IW_SLC__1SDV_20260321T083320_20260321T083350_063723_0802EB_D8D3.zip,missing_auth
feature_0_part_1_split_1,0,Sentinel-1A,,SENTINEL-1,Sentinel-1A,S1A_IW_SLC__1SDV_20260320T093423_20260320T093450_063709_080261_6DA1-SLC,S1A_IW_SLC__1SDV_20260320T093423_20260320T093450_063709_080261_6DA1,S1A_IW_SLC__1SDV_20260320T093423_20260320T093450_063709_080261_6DA1.zip,primary,https://datapool.asf.alaska.edu/SLC/SA/S1A_IW_SLC__1SDV_20260320T093423_20260320T093450_063709_080261_6DA1.zip,SLC,DESCENDING,112,63709,640,2026-03-20T09:34:23Z,2026-03-20T09:34:50Z,0.0 MB,C:\Users\jales\Documents\GitHub\thesis_code\downloads\sentinel1_asf\Sentinel-1A\S1A_IW_SLC__1SDV_20260320T093423_20260320T093450_063709_080261_6DA1.zip,missing_auth
feature_0_part_1_split_1,0,Sentinel-1A,,SENTINEL-1,Sentinel-1A,S1A_IW_SLC__1SDV_20260320T093358_20260320T093425_063709_080261_DBF6-SLC,S1A_IW_SLC__1SDV_20260320T093358_20260320T093425_063709_080261_DBF6,S1A_IW_SLC__1SDV_20260320T093358_20260320T093425_063709_080261_DBF6.zip,primary,https://datapool.asf.alaska.edu/SLC/SA/S1A_IW_SLC__1SDV_20260320T093358_20260320T093425_063709_080261_DBF6.zip,SLC,DESCENDING,112,63709,635,2026-03-20T09:33:58Z,2026-03-20T09:34:25Z,0.0 MB,C:\Users\jales\Documents\GitHub\thesis_code\downloads\sentinel1_asf\Sentinel-1A\S1A_IW_SLC__1SDV_20260320T093358_20260320T093425_063709_080261_DBF6.zip,missing_auth
feature_0_part_1_split_1,0,Sentinel-1A,,SENTINEL-1,Sentinel-1A,S1A_IW_SLC__1SDV_20260320T093332_20260320T093400_063709_080261_A9D5-SLC,S1A_IW_SLC__1SDV_20260320T093332_20260320T093400_063709_080261_A9D5,S1A_IW_SLC__1SDV_20260320T093332_20260320T093400_063709_080261_A9D5.zip,primary,https://datapool.asf.alaska.edu/SLC/SA/S1A_IW_SLC__1SDV_20260320T093332_20260320T093400_063709_080261_A9D5.zip,SLC,DESCENDING,112,63709,630,2026-03-20T09:33:32Z,2026-03-20T09:34:00Z,0.0 MB,C:\Users\jales\Documents\GitHub\thesis_code\downloads\sentinel1_asf\Sentinel-1A\S1A_IW_SLC__1SDV_20260320T093332_20260320T093400_063709_080261_A9D5.zip,missing_auth
feature_0_part_1_split_1,0,Sentinel-1A,,SENTINEL-1,Sentinel-1A,S1A_IW_SLC__1SDV_20260319T085434_20260319T085458_063694_0801C8_30BD-SLC,S1A_IW_SLC__1SDV_20260319T085434_20260319T085458_063694_0801C8_30BD,S1A_IW_SLC__1SDV_20260319T085434_20260319T085458_063694_0801C8_30BD.zip,primary,https://datapool.asf.alaska.edu/SLC/SA/S1A_IW_SLC__1SDV_20260319T085434_20260319T085458_063694_0801C8_30BD.zip,SLC,DESCENDING,97,63694,656,2026-03-19T08:54:34Z,2026-03-19T08:54:58Z,0.0 MB,C:\Users\jales\Documents\GitHub\thesis_code\downloads\sentinel1_asf\Sentinel-1A\S1A_IW_SLC__1SDV_20260319T085434_20260319T085458_063694_0801C8_30BD.zip,missing_auth
feature_0_part_1_split_1,0,Sentinel-1A,,SENTINEL-1,Sentinel-1A,S1A_IW_SLC__1SDV_20260319T085409_20260319T085436_063694_0801C8_A695-SLC,S1A_IW_SLC__1SDV_20260319T085409_20260319T085436_063694_0801C8_A695,S1A_IW_SLC__1SDV_20260319T085409_20260319T085436_063694_0801C8_A695.zip,primary,https://datapool.asf.alaska.edu/SLC/SA/S1A_IW_SLC__1SDV_20260319T085409_20260319T085436_063694_0801C8_A695.zip,SLC,DESCENDING,97,63694,651,2026-03-19T08:54:09Z,2026-03-19T08:54:36Z,0.0 MB,C:\Users\jales\Documents\GitHub\thesis_code\downloads\sentinel1_asf\Sentinel-1A\S1A_IW_SLC__1SDV_20260319T085409_20260319T085436_063694_0801C8_A695.zip,missing_auth
feature_0_part_1_split_1,0,Sentinel-1A,,SENTINEL-1,Sentinel-1A,S1A_IW_SLC__1SDV_20260319T085343_20260319T085411_063694_0801C8_5740-SLC,S1A_IW_SLC__1SDV_20260319T085343_20260319T085411_063694_0801C8_5740,S1A_IW_SLC__1SDV_20260319T085343_20260319T085411_063694_0801C8_5740.zip,primary,https://datapool.asf.alaska.edu/SLC/SA/S1A_IW_SLC__1SDV_20260319T085343_20260319T085411_063694_0801C8_5740.zip,SLC,DESCENDING,97,63694,646,2026-03-19T08:53:43Z,2026-03-19T08:54:11Z,0.0 MB,C:\Users\jales\Documents\GitHub\thesis_code\downloads\sentinel1_asf\Sentinel-1A\S1A_IW_SLC__1SDV_20260319T085343_20260319T085411_063694_0801C8_5740.zip,missing_auth
feature_0_part_1_split_1,0,Sentinel-1A,,SENTINEL-1,Sentinel-1A,S1A_IW_SLC__1SDV_20260319T085319_20260319T085346_063694_0801C8_D4EB-SLC,S1A_IW_SLC__1SDV_20260319T085319_20260319T085346_063694_0801C8_D4EB,S1A_IW_SLC__1SDV_20260319T085319_20260319T085346_063694_0801C8_D4EB.zip,primary,https://datapool.asf.alaska.edu/SLC/SA/S1A_IW_SLC__1SDV_20260319T085319_20260319T085346_063694_0801C8_D4EB.zip,SLC,DESCENDING,97,63694,641,2026-03-19T08:53:19Z,2026-03-19T08:53:46Z,0.0 MB,C:\Users\jales\Documents\GitHub\thesis_code\downloads\sentinel1_asf\Sentinel-1A\S1A_IW_SLC__1SDV_20260319T085319_20260319T085346_063694_0801C8_D4EB.zip,missing_auth
feature_0_part_1_split_1,0,Sentinel-1A,,SENTINEL-1,Sentinel-1A,S1A_IW_SLC__1SDV_20260319T085254_20260319T085321_063694_0801C8_9DEE-SLC,S1A_IW_SLC__1SDV_20260319T085254_20260319T085321_063694_0801C8_9DEE,S1A_IW_SLC__1SDV_20260319T085254_20260319T085321_063694_0801C8_9DEE.zip,primary,https://datapool.asf.alaska.edu/SLC/SA/S1A_IW_SLC__1SDV_20260319T085254_20260319T085321_063694_0801C8_9DEE.zip,SLC,DESCENDING,97,63694,636,2026-03-19T08:52:54Z,2026-03-19T08:53:21Z,0.0 MB,C:\Users\jales\Documents\GitHub\thesis_code\downloads\sentinel1_asf\Sentinel-1A\S1A_IW_SLC__1SDV_20260319T085254_20260319T085321_063694_0801C8_9DEE.zip,missing_auth
feature_0_part_1_split_1,0,Sentinel-1A,,SENTINEL-1,Sentinel-1A,S1A_IW_SLC__1SDV_20260319T085229_20260319T085256_063694_0801C8_120B-SLC,S1A_IW_SLC__1SDV_20260319T085229_20260319T085256_063694_0801C8_120B,S1A_IW_SLC__1SDV_20260319T085229_20260319T085256_063694_0801C8_120B.zip,primary,https://datapool.asf.alaska.edu/SLC/SA/S1A_IW_SLC__1SDV_20260319T085229_20260319T085256_063694_0801C8_120B.zip,SLC,DESCENDING,97,63694,631,2026-03-19T08:52:29Z,2026-03-19T08:52:56Z,0.0 MB,C:\Users\jales\Documents\GitHub\thesis_code\downloads\sentinel1_asf\Sentinel-1A\S1A_IW_SLC__1SDV_20260319T085229_20260319T085256_063694_0801C8_120B.zip,missing_auth
feature_0_part_1_split_1,0,Sentinel-1A,,SENTINEL-1,Sentinel-1A,S1A_IW_SLC__1SDV_20260319T085204_20260319T085231_063694_0801C8_18CE-SLC,S1A_IW_SLC__1SDV_20260319T085204_20260319T085231_063694_0801C8_18CE,S1A_IW_SLC__1SDV_20260319T085204_20260319T085231_063694_0801C8_18CE.zip,primary,https://datapool.asf.alaska.edu/SLC/SA/S1A_IW_SLC__1SDV_20260319T085204_20260319T085231_063694_0801C8_18CE.zip,SLC,DESCENDING,97,63694,626,2026-03-19T08:52:04Z,2026-03-19T08:52:31Z,0.0 MB,C:\Users\jales\Documents\GitHub\thesis_code\downloads\sentinel1_asf\Sentinel-1A\S1A_IW_SLC__1SDV_20260319T085204_20260319T085231_063694_0801C8_18CE.zip,missing_auth
feature_0_part_1_split_1,0,Sentinel-1A,,SENTINEL-1,Sentinel-1A,S1A_IW_SLC__1SDV_20260319T085139_20260319T085206_063694_0801C8_3D0C-SLC,S1A_IW_SLC__1SDV_20260319T085139_20260319T085206_063694_0801C8_3D0C,S1A_IW_SLC__1SDV_20260319T085139_20260319T085206_063694_0801C8_3D0C.zip,primary,https://datapool.asf.alaska.edu/SLC/SA/S1A_IW_SLC__1SDV_20260319T085139_20260319T085206_063694_0801C8_3D0C.zip,SLC,DESCENDING,97,63694,621,2026-03-19T08:51:39Z,2026-03-19T08:52:06Z,0.0 MB,C:\Users\jales\Documents\GitHub\thesis_code\downloads\sentinel1_asf\Sentinel-1A\S1A_IW_SLC__1SDV_20260319T085139_20260319T085206_063694_0801C8_3D0C.zip,missing_auth
feature_0_part_1_split_1,0,Sentinel-1A,,SENTINEL-1,Sentinel-1A,S1A_IW_SLC__1SDV_20260319T085114_20260319T085141_063694_0801C8_58F0-SLC,S1A_IW_SLC__1SDV_20260319T085114_20260319T085141_063694_0801C8_58F0,S1A_IW_SLC__1SDV_20260319T085114_20260319T085141_063694_0801C8_58F0.zip,primary,https://datapool.asf.alaska.edu/SLC/SA/S1A_IW_SLC__1SDV_20260319T085114_20260319T085141_063694_0801C8_58F0.zip,SLC,DESCENDING,97,63694,616,2026-03-19T08:51:14Z,2026-03-19T08:51:41Z,0.0 MB,C:\Users\jales\Documents\GitHub\thesis_code\downloads\sentinel1_asf\Sentinel-1A\S1A_IW_SLC__1SDV_20260319T085114_20260319T085141_063694_0801C8_58F0.zip,missing_auth
feature_0_part_1_split_1,0,Sentinel-1A,,SENTINEL-1,Sentinel-1A,S1A_IW_SLC__1SDV_20260319T085049_20260319T085116_063694_0801C8_E0FD-SLC,S1A_IW_SLC__1SDV_20260319T085049_20260319T085116_063694_0801C8_E0FD,S1A_IW_SLC__1SDV_20260319T085049_20260319T085116_063694_0801C8_E0FD.zip,primary,https://datapool.asf.alaska.edu/SLC/SA/S1A_IW_SLC__1SDV_20260319T085049_20260319T085116_063694_0801C8_E0FD.zip,SLC,DESCENDING,97,63694,611,2026-03-19T08:50:49Z,2026-03-19T08:51:16Z,0.0 MB,C:\Users\jales\Documents\GitHub\thesis_code\downloads\sentinel1_asf\Sentinel-1A\S1A_IW_SLC__1SDV_20260319T085049_20260319T085116_063694_0801C8_E0FD.zip,missing_auth
feature_0_part_1_split_1,0,Sentinel-1A,,SENTINEL-1,Sentinel-1A,S1A_IW_SLC__1SDV_20260319T085024_20260319T085051_063694_0801C8_B48C-SLC,S1A_IW_SLC__1SDV_20260319T085024_20260319T085051_063694_0801C8_B48C,S1A_IW_SLC__1SDV_20260319T085024_20260319T085051_063694_0801C8_B48C.zip,primary,https://datapool.asf.alaska.edu/SLC/SA/S1A_IW_SLC__1SDV_20260319T085024_20260319T085051_063694_0801C8_B48C.zip,SLC,DESCENDING,97,63694,606,2026-03-19T08:50:24Z,2026-03-19T08:50:51Z,0.0 MB,C:\Users\jales\Documents\GitHub\thesis_code\downloads\sentinel1_asf\Sentinel-1A\S1A_IW_SLC__1SDV_20260319T085024_20260319T085051_063694_0801C8_B48C.zip,missing_auth
feature_0_part_1_split_1,0,Sentinel-1A,,SENTINEL-1,Sentinel-1A,S1A_IW_SLC__1SDV_20260317T091031_20260317T091052_063665_0800C7_C7E0-SLC,S1A_IW_SLC__1SDV_20260317T091031_20260317T091052_063665_0800C7_C7E0,S1A_IW_SLC__1SDV_20260317T091031_20260317T091052_063665_0800C7_C7E0.zip,primary,https://datapool.asf.alaska.edu/SLC/SA/S1A_IW_SLC__1SDV_20260317T091031_20260317T091052_063665_0800C7_C7E0.zip,SLC,DESCENDING,68,63665,650,2026-03-17T09:10:31Z,2026-03-17T09:10:52Z,0.0 MB,C:\Users\jales\Documents\GitHub\thesis_code\downloads\sentinel1_asf\Sentinel-1A\S1A_IW_SLC__1SDV_20260317T091031_20260317T091052_063665_0800C7_C7E0.zip,missing_auth
feature_0_part_1_split_1,0,Sentinel-1A,,SENTINEL-1,Sentinel-1A,S1A_IW_SLC__1SDV_20260317T091006_20260317T091033_063665_0800C7_182F-SLC,S1A_IW_SLC__1SDV_20260317T091006_20260317T091033_063665_0800C7_182F,S1A_IW_SLC__1SDV_20260317T091006_20260317T091033_063665_0800C7_182F.zip,primary,https://datapool.asf.alaska.edu/SLC/SA/S1A_IW_SLC__1SDV_20260317T091006_20260317T091033_063665_0800C7_182F.zip,SLC,DESCENDING,68,63665,645,2026-03-17T09:10:06Z,2026-03-17T09:10:33Z,0.0 MB,C:\Users\jales\Documents\GitHub\thesis_code\downloads\sentinel1_asf\Sentinel-1A\S1A_IW_SLC__1SDV_20260317T091006_20260317T091033_063665_0800C7_182F.zip,missing_auth
feature_0_part_1_split_1,0,Sentinel-1A,,SENTINEL-1,Sentinel-1A,S1A_IW_SLC__1SDV_20260317T090941_20260317T091008_063665_0800C7_D78B-SLC,S1A_IW_SLC__1SDV_20260317T090941_20260317T091008_063665_0800C7_D78B,S1A_IW_SLC__1SDV_20260317T090941_20260317T091008_063665_0800C7_D78B.zip,primary,https://datapool.asf.alaska.edu/SLC/SA/S1A_IW_SLC__1SDV_20260317T090941_20260317T091008_063665_0800C7_D78B.zip,SLC,DESCENDING,68,63665,640,2026-03-17T09:09:41Z,2026-03-17T09:10:08Z,0.0 MB,C:\Users\jales\Documents\GitHub\thesis_code\downloads\sentinel1_asf\Sentinel-1A\S1A_IW_SLC__1SDV_20260317T090941_20260317T091008_063665_0800C7_D78B.zip,missing_auth
feature_0_part_1_split_1,0,Sentinel-1A,,SENTINEL-1,Sentinel-1A,S1A_IW_SLC__1SDV_20260317T090915_20260317T090943_063665_0800C7_16FF-SLC,S1A_IW_SLC__1SDV_20260317T090915_20260317T090943_063665_0800C7_16FF,S1A_IW_SLC__1SDV_20260317T090915_20260317T090943_063665_0800C7_16FF.zip,primary,https://datapool.asf.alaska.edu/SLC/SA/S1A_IW_SLC__1SDV_20260317T090915_20260317T090943_063665_0800C7_16FF.zip,SLC,DESCENDING,68,63665,635,2026-03-17T09:09:15Z,2026-03-17T09:09:43Z,0.0 MB,C:\Users\jales\Documents\GitHub\thesis_code\downloads\sentinel1_asf\Sentinel-1A\S1A_IW_SLC__1SDV_20260317T090915_20260317T090943_063665_0800C7_16FF.zip,missing_auth
feature_0_part_1_split_1,0,Sentinel-1A,,SENTINEL-1,Sentinel-1A,S1A_IW_SLC__1SDV_20260317T090826_20260317T090853_063665_0800C7_9076-SLC,S1A_IW_SLC__1SDV_20260317T090826_20260317T090853_063665_0800C7_9076,S1A_IW_SLC__1SDV_20260317T090826_20260317T090853_063665_0800C7_9076.zip,primary,https://datapool.asf.alaska.edu/SLC/SA/S1A_IW_SLC__1SDV_20260317T090826_20260317T090853_063665_0800C7_9076.zip,SLC,DESCENDING,68,63665,625,2026-03-17T09:08:26Z,2026-03-17T09:08:53Z,0.0 MB,C:\Users\jales\Documents\GitHub\thesis_code\downloads\sentinel1_asf\Sentinel-1A\S1A_IW_SLC__1SDV_20260317T090826_20260317T090853_063665_0800C7_9076.zip,missing_auth
feature_0_part_1_split_1,0,Sentinel-1A,,SENTINEL-1,Sentinel-1A,S1A_IW_SLC__1SDV_20260316T082837_20260316T082851_063650_080038_9689-SLC,S1A_IW_SLC__1SDV_20260316T082837_20260316T082851_063650_080038_9689,S1A_IW_SLC__1SDV_20260316T082837_20260316T082851_063650_080038_9689.zip,primary,https://datapool.asf.alaska.edu/SLC/SA/S1A_IW_SLC__1SDV_20260316T082837_20260316T082851_063650_080038_9689.zip,SLC,DESCENDING,53,63650,641,2026-03-16T08:28:37Z,2026-03-16T08:28:51Z,0.0 MB,C:\Users\jales\Documents\GitHub\thesis_code\downloads\sentinel1_asf\Sentinel-1A\S1A_IW_SLC__1SDV_20260316T082837_20260316T082851_063650_080038_9689.zip,missing_auth
feature_0_part_1_split_1,0,Sentinel-1A,,SENTINEL-1,Sentinel-1A,S1A_IW_SLC__1SDV_20260316T082812_20260316T082839_063650_080038_11CB-SLC,S1A_IW_SLC__1SDV_20260316T082812_20260316T082839_063650_080038_11CB,S1A_IW_SLC__1SDV_20260316T082812_20260316T082839_063650_080038_11CB.zip,primary,https://datapool.asf.alaska.edu/SLC/SA/S1A_IW_SLC__1SDV_20260316T082812_20260316T082839_063650_080038_11CB.zip,SLC,DESCENDING,53,63650,636,2026-03-16T08:28:12Z,2026-03-16T08:28:39Z,0.0 MB,C:\Users\jales\Documents\GitHub\thesis_code\downloads\sentinel1_asf\Sentinel-1A\S1A_IW_SLC__1SDV_20260316T082812_20260316T082839_063650_080038_11CB.zip,missing_auth
feature_0_part_1_split_1,0,Sentinel-1A,,SENTINEL-1,Sentinel-1A,S1A_IW_SLC__1SDV_20260316T082746_20260316T082814_063650_080038_2A53-SLC,S1A_IW_SLC__1SDV_20260316T082746_20260316T082814_063650_080038_2A53,S1A_IW_SLC__1SDV_20260316T082746_20260316T082814_063650_080038_2A53.zip,primary,https://datapool.asf.alaska.edu/SLC/SA/S1A_IW_SLC__1SDV_20260316T082746_20260316T082814_063650_080038_2A53.zip,SLC,DESCENDING,53,63650,631,2026-03-16T08:27:46Z,2026-03-16T08:28:14Z,0.0 MB,C:\Users\jales\Documents\GitHub\thesis_code\downloads\sentinel1_asf\Sentinel-1A\S1A_IW_SLC__1SDV_20260316T082746_20260316T082814_063650_080038_2A53.zip,missing_auth
feature_0_part_1_split_1,0,Sentinel-1A,,SENTINEL-1,Sentinel-1A,S1A_IW_SLC__1SDV_20260316T082632_20260316T082659_063650_080038_48A6-SLC,S1A_IW_SLC__1SDV_20260316T082632_20260316T082659_063650_080038_48A6,S1A_IW_SLC__1SDV_20260316T082632_20260316T082659_063650_080038_48A6.zip,primary,https://datapool.asf.alaska.edu/SLC/SA/S1A_IW_SLC__1SDV_20260316T082632_20260316T082659_063650_080038_48A6.zip,SLC,DESCENDING,53,63650,616,2026-03-16T08:26:32Z,2026-03-16T08:26:59Z,0.0 MB,C:\Users\jales\Documents\GitHub\thesis_code\downloads\sentinel1_asf\Sentinel-1A\S1A_IW_SLC__1SDV_20260316T082632_20260316T082659_063650_080038_48A6.zip,missing_auth
feature_0_part_1_split_1,0,Sentinel-1A,,SENTINEL-1,Sentinel-1A,S1A_IW_SLC__1SDV_20260316T082607_20260316T082634_063650_080038_0AD5-SLC,S1A_IW_SLC__1SDV_20260316T082607_20260316T082634_063650_080038_0AD5,S1A_IW_SLC__1SDV_20260316T082607_20260316T082634_063650_080038_0AD5.zip,primary,https://datapool.asf.alaska.edu/SLC/SA/S1A_IW_SLC__1SDV_20260316T082607_20260316T082634_063650_080038_0AD5.zip,SLC,DESCENDING,53,63650,611,2026-03-16T08:26:07Z,2026-03-16T08:26:34Z,0.0 MB,C:\Users\jales\Documents\GitHub\thesis_code\downloads\sentinel1_asf\Sentinel-1A\S1A_IW_SLC__1SDV_20260316T082607_20260316T082634_063650_080038_0AD5.zip,missing_auth
feature_0_part_1_split_1,0,Sentinel-1A,,SENTINEL-1,Sentinel-1A,S1A_IW_SLC__1SDV_20260316T082541_20260316T082609_063650_080038_2099-SLC,S1A_IW_SLC__1SDV_20260316T082541_20260316T082609_063650_080038_2099,S1A_IW_SLC__1SDV_20260316T082541_20260316T082609_063650_080038_2099.zip,primary,https://datapool.asf.alaska.edu/SLC/SA/S1A_IW_SLC__1SDV_20260316T082541_20260316T082609_063650_080038_2099.zip,SLC,DESCENDING,53,63650,606,2026-03-16T08:25:41Z,2026-03-16T08:26:09Z,0.0 MB,C:\Users\jales\Documents\GitHub\thesis_code\downloads\sentinel1_asf\Sentinel-1A\S1A_IW_SLC__1SDV_20260316T082541_20260316T082609_063650_080038_2099.zip,missing_auth
feature_0_part_1_split_1,0,Sentinel-1A,,SENTINEL-1,Sentinel-1A,S1A_IW_SLC__1SDV_20260316T082514_20260316T082544_063650_080038_21FB-SLC,S1A_IW_SLC__1SDV_20260316T082514_20260316T082544_063650_080038_21FB,S1A_IW_SLC__1SDV_20260316T082514_20260316T082544_063650_080038_21FB.zip,primary,https://datapool.asf.alaska.edu/SLC/SA/S1A_IW_SLC__1SDV_20260316T082514_20260316T082544_063650_080038_21FB.zip,SLC,DESCENDING,53,63650,600,2026-03-16T08:25:14Z,2026-03-16T08:25:44Z,0.0 MB,C:\Users\jales\Documents\GitHub\thesis_code\downloads\sentinel1_asf\Sentinel-1A\S1A_IW_SLC__1SDV_20260316T082514_20260316T082544_063650_080038_21FB.zip,missing_auth
feature_0_part_1_split_1,0,Sentinel-1A,,SENTINEL-1,Sentinel-1A,S1A_IW_SLC__1SDV_20260315T092636_20260315T092709_063636_07FFB2_73D1-SLC,S1A_IW_SLC__1SDV_20260315T092636_20260315T092709_063636_07FFB2_73D1,S1A_IW_SLC__1SDV_20260315T092636_20260315T092709_063636_07FFB2_73D1.zip,primary,https://datapool.asf.alaska.edu/SLC/SA/S1A_IW_SLC__1SDV_20260315T092636_20260315T092709_063636_07FFB2_73D1.zip,SLC,DESCENDING,39,63636,646,2026-03-15T09:26:36Z,2026-03-15T09:27:09Z,0.0 MB,C:\Users\jales\Documents\GitHub\thesis_code\downloads\sentinel1_asf\Sentinel-1A\S1A_IW_SLC__1SDV_20260315T092636_20260315T092709_063636_07FFB2_73D1.zip,missing_auth
feature_0_part_1_split_1,0,Sentinel-1A,,SENTINEL-1,Sentinel-1A,S1A_IW_SLC__1SDV_20260315T092611_20260315T092638_063636_07FFB2_FE09-SLC,S1A_IW_SLC__1SDV_20260315T092611_20260315T092638_063636_07FFB2_FE09,S1A_IW_SLC__1SDV_20260315T092611_20260315T092638_063636_07FFB2_FE09.zip,primary,https://datapool.asf.alaska.edu/SLC/SA/S1A_IW_SLC__1SDV_20260315T092611_20260315T092638_063636_07FFB2_FE09.zip,SLC,DESCENDING,39,63636,641,2026-03-15T09:26:11Z,2026-03-15T09:26:38Z,0.0 MB,C:\Users\jales\Documents\GitHub\thesis_code\downloads\sentinel1_asf\Sentinel-1A\S1A_IW_SLC__1SDV_20260315T092611_20260315T092638_063636_07FFB2_FE09.zip,missing_auth
feature_0_part_1_split_1,0,Sentinel-1A,,SENTINEL-1,Sentinel-1A,S1A_IW_SLC__1SDV_20260315T092546_20260315T092613_063636_07FFB2_10CE-SLC,S1A_IW_SLC__1SDV_20260315T092546_20260315T092613_063636_07FFB2_10CE,S1A_IW_SLC__1SDV_20260315T092546_20260315T092613_063636_07FFB2_10CE.zip,primary,https://datapool.asf.alaska.edu/SLC/SA/S1A_IW_SLC__1SDV_20260315T092546_20260315T092613_063636_07FFB2_10CE.zip,SLC,DESCENDING,39,63636,636,2026-03-15T09:25:46Z,2026-03-15T09:26:13Z,0.0 MB,C:\Users\jales\Documents\GitHub\thesis_code\downloads\sentinel1_asf\Sentinel-1A\S1A_IW_SLC__1SDV_20260315T092546_20260315T092613_063636_07FFB2_10CE.zip,missing_auth
feature_0_part_1_split_1,0,Sentinel-1A,,SENTINEL-1,Sentinel-1A,S1A_IW_SLC__1SDV_20260315T092521_20260315T092549_063636_07FFB2_1886-SLC,S1A_IW_SLC__1SDV_20260315T092521_20260315T092549_063636_07FFB2_1886,S1A_IW_SLC__1SDV_20260315T092521_20260315T092549_063636_07FFB2_1886.zip,primary,https://datapool.asf.alaska.edu/SLC/SA/S1A_IW_SLC__1SDV_20260315T092521_20260315T092549_063636_07FFB2_1886.zip,SLC,DESCENDING,39,63636,631,2026-03-15T09:25:21Z,2026-03-15T09:25:49Z,0.0 MB,C:\Users\jales\Documents\GitHub\thesis_code\downloads\sentinel1_asf\Sentinel-1A\S1A_IW_SLC__1SDV_20260315T092521_20260315T092549_063636_07FFB2_1886.zip,missing_auth
feature_0_part_1_split_1,0,Sentinel-1A,,SENTINEL-1,Sentinel-1A,S1A_IW_SLC__1SDV_20260314T084628_20260314T084652_063621_07FF27_F992-SLC,S1A_IW_SLC__1SDV_20260314T084628_20260314T084652_063621_07FF27_F992,S1A_IW_SLC__1SDV_20260314T084628_20260314T084652_063621_07FF27_F992.zip,primary,https://datapool.asf.alaska.edu/SLC/SA/S1A_IW_SLC__1SDV_20260314T084628_20260314T084652_063621_07FF27_F992.zip,SLC,DESCENDING,24,63621,658,2026-03-14T08:46:28Z,2026-03-14T08:46:52Z,0.0 MB,C:\Users\jales\Documents\GitHub\thesis_code\downloads\sentinel1_asf\Sentinel-1A\S1A_IW_SLC__1SDV_20260314T084628_20260314T084652_063621_07FF27_F992.zip,missing_auth
feature_0_part_1_split_1,0,Sentinel-1A,,SENTINEL-1,Sentinel-1A,S1A_IW_SLC__1SDV_20260314T084603_20260314T084630_063621_07FF27_9DED-SLC,S1A_IW_SLC__1SDV_20260314T084603_20260314T084630_063621_07FF27_9DED,S1A_IW_SLC__1SDV_20260314T084603_20260314T084630_063621_07FF27_9DED.zip,primary,https://datapool.asf.alaska.edu/SLC/SA/S1A_IW_SLC__1SDV_20260314T084603_20260314T084630_063621_07FF27_9DED.zip,SLC,DESCENDING,24,63621,653,2026-03-14T08:46:03Z,2026-03-14T08:46:30Z,0.0 MB,C:\Users\jales\Documents\GitHub\thesis_code\downloads\sentinel1_asf\Sentinel-1A\S1A_IW_SLC__1SDV_20260314T084603_20260314T084630_063621_07FF27_9DED.zip,missing_auth
feature_0_part_1_split_1,0,Sentinel-1A,,SENTINEL-1,Sentinel-1A,S1A_IW_SLC__1SDV_20260314T084537_20260314T084605_063621_07FF27_05FE-SLC,S1A_IW_SLC__1SDV_20260314T084537_20260314T084605_063621_07FF27_05FE,S1A_IW_SLC__1SDV_20260314T084537_20260314T084605_063621_07FF27_05FE.zip,primary,https://datapool.asf.alaska.edu/SLC/SA/S1A_IW_SLC__1SDV_20260314T084537_20260314T084605_063621_07FF27_05FE.zip,SLC,DESCENDING,24,63621,648,2026-03-14T08:45:37Z,2026-03-14T08:46:05Z,0.0 MB,C:\Users\jales\Documents\GitHub\thesis_code\downloads\sentinel1_asf\Sentinel-1A\S1A_IW_SLC__1SDV_20260314T084537_20260314T084605_063621_07FF27_05FE.zip,missing_auth
feature_0_part_1_split_1,0,Sentinel-1A,,SENTINEL-1,Sentinel-1A,S1A_IW_SLC__1SDV_20260314T084513_20260314T084540_063621_07FF27_29EA-SLC,S1A_IW_SLC__1SDV_20260314T084513_20260314T084540_063621_07FF27_29EA,S1A_IW_SLC__1SDV_20260314T084513_20260314T084540_063621_07FF27_29EA.zip,primary,https://datapool.asf.alaska.edu/SLC/SA/S1A_IW_SLC__1SDV_20260314T084513_20260314T084540_063621_07FF27_29EA.zip,SLC,DESCENDING,24,63621,643,2026-03-14T08:45:13Z,2026-03-14T08:45:40Z,0.0 MB,C:\Users\jales\Documents\GitHub\thesis_code\downloads\sentinel1_asf\Sentinel-1A\S1A_IW_SLC__1SDV_20260314T084513_20260314T084540_063621_07FF27_29EA.zip,missing_auth
feature_0_part_1_split_1,0,Sentinel-1A,,SENTINEL-1,Sentinel-1A,S1A_IW_SLC__1SDV_20260314T084448_20260314T084515_063621_07FF27_3658-SLC,S1A_IW_SLC__1SDV_20260314T084448_20260314T084515_063621_07FF27_3658,S1A_IW_SLC__1SDV_20260314T084448_20260314T084515_063621_07FF27_3658.zip,primary,https://datapool.asf.alaska.edu/SLC/SA/S1A_IW_SLC__1SDV_20260314T084448_20260314T084515_063621_07FF27_3658.zip,SLC,DESCENDING,24,63621,638,2026-03-14T08:44:48Z,2026-03-14T08:45:15Z,0.0 MB,C:\Users\jales\Documents\GitHub\thesis_code\downloads\sentinel1_asf\Sentinel-1A\S1A_IW_SLC__1SDV_20260314T084448_20260314T084515_063621_07FF27_3658.zip,missing_auth
feature_0_part_1_split_1,0,Sentinel-1A,,SENTINEL-1,Sentinel-1A,S1A_IW_SLC__1SDV_20260314T084423_20260314T084450_063621_07FF27_99E5-SLC,S1A_IW_SLC__1SDV_20260314T084423_20260314T084450_063621_07FF27_99E5,S1A_IW_SLC__1SDV_20260314T084423_20260314T084450_063621_07FF27_99E5.zip,primary,https://datapool.asf.alaska.edu/SLC/SA/S1A_IW_SLC__1SDV_20260314T084423_20260314T084450_063621_07FF27_99E5.zip,SLC,DESCENDING,24,63621,633,2026-03-14T08:44:23Z,2026-03-14T08:44:50Z,0.0 MB,C:\Users\jales\Documents\GitHub\thesis_code\downloads\sentinel1_asf\Sentinel-1A\S1A_IW_SLC__1SDV_20260314T084423_20260314T084450_063621_07FF27_99E5.zip,missing_auth
feature_0_part_1_split_1,0,Sentinel-1A,,SENTINEL-1,Sentinel-1A,S1A_IW_SLC__1SDV_20260314T084358_20260314T084425_063621_07FF27_A244-SLC,S1A_IW_SLC__1SDV_20260314T084358_20260314T084425_063621_07FF27_A244,S1A_IW_SLC__1SDV_20260314T084358_20260314T084425_063621_07FF27_A244.zip,primary,https://datapool.asf.alaska.edu/SLC/SA/S1A_IW_SLC__1SDV_20260314T084358_20260314T084425_063621_07FF27_A244.zip,SLC,DESCENDING,24,63621,628,2026-03-14T08:43:58Z,2026-03-14T08:44:25Z,0.0 MB,C:\Users\jales\Documents\GitHub\thesis_code\downloads\sentinel1_asf\Sentinel-1A\S1A_IW_SLC__1SDV_20260314T084358_20260314T084425_063621_07FF27_A244.zip,missing_auth
feature_0_part_1_split_1,0,Sentinel-1A,,SENTINEL-1,Sentinel-1A,S1A_IW_SLC__1SDV_20260314T084333_20260314T084400_063621_07FF27_22B0-SLC,S1A_IW_SLC__1SDV_20260314T084333_20260314T084400_063621_07FF27_22B0,S1A_IW_SLC__1SDV_20260314T084333_20260314T084400_063621_07FF27_22B0.zip,primary,https://datapool.asf.alaska.edu/SLC/SA/S1A_IW_SLC__1SDV_20260314T084333_20260314T084400_063621_07FF27_22B0.zip,SLC,DESCENDING,24,63621,623,2026-03-14T08:43:33Z,2026-03-14T08:44:00Z,0.0 MB,C:\Users\jales\Documents\GitHub\thesis_code\downloads\sentinel1_asf\Sentinel-1A\S1A_IW_SLC__1SDV_20260314T084333_20260314T084400_063621_07FF27_22B0.zip,missing_auth
feature_0_part_1_split_1,0,Sentinel-1A,,SENTINEL-1,Sentinel-1A,S1A_IW_SLC__1SDV_20260314T084307_20260314T084335_063621_07FF27_C818-SLC,S1A_IW_SLC__1SDV_20260314T084307_20260314T084335_063621_07FF27_C818,S1A_IW_SLC__1SDV_20260314T084307_20260314T084335_063621_07FF27_C818.zip,primary,https://datapool.asf.alaska.edu/SLC/SA/S1A_IW_SLC__1SDV_20260314T084307_20260314T084335_063621_07FF27_C818.zip,SLC,DESCENDING,24,63621,618,2026-03-14T08:43:07Z,2026-03-14T08:43:35Z,0.0 MB,C:\Users\jales\Documents\GitHub\thesis_code\downloads\sentinel1_asf\Sentinel-1A\S1A_IW_SLC__1SDV_20260314T084307_20260314T084335_063621_07FF27_C818.zip,missing_auth
feature_0_part_1_split_1,0,Sentinel-1A,,SENTINEL-1,Sentinel-1A,S1A_IW_SLC__1SDV_20260314T084243_20260314T084310_063621_07FF27_4466-SLC,S1A_IW_SLC__1SDV_20260314T084243_20260314T084310_063621_07FF27_4466,S1A_IW_SLC__1SDV_20260314T084243_20260314T084310_063621_07FF27_4466.zip,primary,https://datapool.asf.alaska.edu/SLC/SA/S1A_IW_SLC__1SDV_20260314T084243_20260314T084310_063621_07FF27_4466.zip,SLC,DESCENDING,24,63621,613,2026-03-14T08:42:43Z,2026-03-14T08:43:10Z,0.0 MB,C:\Users\jales\Documents\GitHub\thesis_code\downloads\sentinel1_asf\Sentinel-1A\S1A_IW_SLC__1SDV_20260314T084243_20260314T084310_063621_07FF27_4466.zip,missing_auth
feature_0_part_1_split_1,0,Sentinel-1A,,SENTINEL-1,Sentinel-1A,S1A_IW_SLC__1SDV_20260314T084218_20260314T084245_063621_07FF27_2041-SLC,S1A_IW_SLC__1SDV_20260314T084218_20260314T084245_063621_07FF27_2041,S1A_IW_SLC__1SDV_20260314T084218_20260314T084245_063621_07FF27_2041.zip,primary,https://datapool.asf.alaska.edu/SLC/SA/S1A_IW_SLC__1SDV_20260314T084218_20260314T084245_063621_07FF27_2041.zip,SLC,DESCENDING,24,63621,608,2026-03-14T08:42:18Z,2026-03-14T08:42:45Z,0.0 MB,C:\Users\jales\Documents\GitHub\thesis_code\downloads\sentinel1_asf\Sentinel-1A\S1A_IW_SLC__1SDV_20260314T084218_20260314T084245_063621_07FF27_2041.zip,missing_auth
feature_0_part_1_split_1,0,Sentinel-1A,,SENTINEL-1,Sentinel-1A,S1A_IW_SLC__1SDV_20260314T084153_20260314T084220_063621_07FF27_0D3D-SLC,S1A_IW_SLC__1SDV_20260314T084153_20260314T084220_063621_07FF27_0D3D,S1A_IW_SLC__1SDV_20260314T084153_20260314T084220_063621_07FF27_0D3D.zip,primary,https://datapool.asf.alaska.edu/SLC/SA/S1A_IW_SLC__1SDV_20260314T084153_20260314T084220_063621_07FF27_0D3D.zip,SLC,DESCENDING,24,63621,603,2026-03-14T08:41:53Z,2026-03-14T08:42:20Z,0.0 MB,C:\Users\jales\Documents\GitHub\thesis_code\downloads\sentinel1_asf\Sentinel-1A\S1A_IW_SLC__1SDV_20260314T084153_20260314T084220_063621_07FF27_0D3D.zip,missing_auth
feature_0_part_1_split_1,0,Sentinel-1A,,SENTINEL-1,Sentinel-1A,S1A_IW_SLC__1SDV_20260314T084128_20260314T084155_063621_07FF27_5618-SLC,S1A_IW_SLC__1SDV_20260314T084128_20260314T084155_063621_07FF27_5618,S1A_IW_SLC__1SDV_20260314T084128_20260314T084155_063621_07FF27_5618.zip,primary,https://datapool.asf.alaska.edu/SLC/SA/S1A_IW_SLC__1SDV_20260314T084128_20260314T084155_063621_07FF27_5618.zip,SLC,DESCENDING,24,63621,598,2026-03-14T08:41:28Z,2026-03-14T08:41:55Z,0.0 MB,C:\Users\jales\Documents\GitHub\thesis_code\downloads\sentinel1_asf\Sentinel-1A\S1A_IW_SLC__1SDV_20260314T084128_20260314T084155_063621_07FF27_5618.zip,missing_auth
feature_0_part_1_split_1,0,Sentinel-1A,,SENTINEL-1,Sentinel-1A,S1A_IW_SLC__1SDV_20260313T094151_20260313T094219_063607_07FEA1_EEDE-SLC,S1A_IW_SLC__1SDV_20260313T094151_20260313T094219_063607_07FEA1_EEDE,S1A_IW_SLC__1SDV_20260313T094151_20260313T094219_063607_07FEA1_EEDE.zip,primary,https://datapool.asf.alaska.edu/SLC/SA/S1A_IW_SLC__1SDV_20260313T094151_20260313T094219_063607_07FEA1_EEDE.zip,SLC,DESCENDING,10,63607,631,2026-03-13T09:41:51Z,2026-03-13T09:42:19Z,0.0 MB,C:\Users\jales\Documents\GitHub\thesis_code\downloads\sentinel1_asf\Sentinel-1A\S1A_IW_SLC__1SDV_20260313T094151_20260313T094219_063607_07FEA1_EEDE.zip,missing_auth
feature_0_part_1_split_1,0,Sentinel-1A,,SENTINEL-1,Sentinel-1A,S1A_IW_SLC__1SDV_20260312T211637_20260312T211707_063599_07FE5A_AE83-SLC,S1A_IW_SLC__1SDV_20260312T211637_20260312T211707_063599_07FE5A_AE83,S1A_IW_SLC__1SDV_20260312T211637_20260312T211707_063599_07FE5A_AE83.zip,primary,https://datapool.asf.alaska.edu/SLC/SA/S1A_IW_SLC__1SDV_20260312T211637_20260312T211707_063599_07FE5A_AE83.zip,SLC,ASCENDING,2,63599,1168,2026-03-12T21:16:37Z,2026-03-12T21:17:07Z,0.0 MB,C:\Users\jales\Documents\GitHub\thesis_code\downloads\sentinel1_asf\Sentinel-1A\S1A_IW_SLC__1SDV_20260312T211637_20260312T211707_063599_07FE5A_AE83.zip,missing_auth
feature_0_part_1_split_1,0,Sentinel-1A,,SENTINEL-1,Sentinel-1A,S1A_IW_SLC__1SDV_20260312T090240_20260312T090305_063592_07FE0C_F4D3-SLC,S1A_IW_SLC__1SDV_20260312T090240_20260312T090305_063592_07FE0C_F4D3,S1A_IW_SLC__1SDV_20260312T090240_20260312T090305_063592_07FE0C_F4D3.zip,primary,https://datapool.asf.alaska.edu/SLC/SA/S1A_IW_SLC__1SDV_20260312T090240_20260312T090305_063592_07FE0C_F4D3.zip,SLC,DESCENDING,170,63592,655,2026-03-12T09:02:40Z,2026-03-12T09:03:05Z,0.0 MB,C:\Users\jales\Documents\GitHub\thesis_code\downloads\sentinel1_asf\Sentinel-1A\S1A_IW_SLC__1SDV_20260312T090240_20260312T090305_063592_07FE0C_F4D3.zip,missing_auth
feature_0_part_1_split_1,0,Sentinel-1A,,SENTINEL-1,Sentinel-1A,S1A_IW_SLC__1SDV_20260312T090215_20260312T090243_063592_07FE0C_9000-SLC,S1A_IW_SLC__1SDV_20260312T090215_20260312T090243_063592_07FE0C_9000,S1A_IW_SLC__1SDV_20260312T090215_20260312T090243_063592_07FE0C_9000.zip,primary,https://datapool.asf.alaska.edu/SLC/SA/S1A_IW_SLC__1SDV_20260312T090215_20260312T090243_063592_07FE0C_9000.zip,SLC,DESCENDING,170,63592,650,2026-03-12T09:02:15Z,2026-03-12T09:02:43Z,0.0 MB,C:\Users\jales\Documents\GitHub\thesis_code\downloads\sentinel1_asf\Sentinel-1A\S1A_IW_SLC__1SDV_20260312T090215_20260312T090243_063592_07FE0C_9000.zip,missing_auth
feature_0_part_1_split_1,0,Sentinel-1A,,SENTINEL-1,Sentinel-1A,S1A_IW_SLC__1SDV_20260312T090150_20260312T090218_063592_07FE0C_B07A-SLC,S1A_IW_SLC__1SDV_20260312T090150_20260312T090218_063592_07FE0C_B07A,S1A_IW_SLC__1SDV_20260312T090150_20260312T090218_063592_07FE0C_B07A.zip,primary,https://datapool.asf.alaska.edu/SLC/SA/S1A_IW_SLC__1SDV_20260312T090150_20260312T090218_063592_07FE0C_B07A.zip,SLC,DESCENDING,170,63592,645,2026-03-12T09:01:50Z,2026-03-12T09:02:18Z,0.0 MB,C:\Users\jales\Documents\GitHub\thesis_code\downloads\sentinel1_asf\Sentinel-1A\S1A_IW_SLC__1SDV_20260312T090150_20260312T090218_063592_07FE0C_B07A.zip,missing_auth
feature_0_part_1_split_1,0,Sentinel-1A,,SENTINEL-1,Sentinel-1A,S1A_IW_SLC__1SDV_20260312T090125_20260312T090152_063592_07FE0C_21EF-SLC,S1A_IW_SLC__1SDV_20260312T090125_20260312T090152_063592_07FE0C_21EF,S1A_IW_SLC__1SDV_20260312T090125_20260312T090152_063592_07FE0C_21EF.zip,primary,https://datapool.asf.alaska.edu/SLC/SA/S1A_IW_SLC__1SDV_20260312T090125_20260312T090152_063592_07FE0C_21EF.zip,SLC,DESCENDING,170,63592,640,2026-03-12T09:01:25Z,2026-03-12T09:01:52Z,0.0 MB,C:\Users\jales\Documents\GitHub\thesis_code\downloads\sentinel1_asf\Sentinel-1A\S1A_IW_SLC__1SDV_20260312T090125_20260312T090152_063592_07FE0C_21EF.zip,missing_auth
feature_0_part_1_split_1,0,Sentinel-1A,,SENTINEL-1,Sentinel-1A,S1A_IW_SLC__1SDV_20260312T090100_20260312T090127_063592_07FE0C_349A-SLC,S1A_IW_SLC__1SDV_20260312T090100_20260312T090127_063592_07FE0C_349A,S1A_IW_SLC__1SDV_20260312T090100_20260312T090127_063592_07FE0C_349A.zip,primary,https://datapool.asf.alaska.edu/SLC/SA/S1A_IW_SLC__1SDV_20260312T090100_20260312T090127_063592_07FE0C_349A.zip,SLC,DESCENDING,170,63592,635,2026-03-12T09:01:00Z,2026-03-12T09:01:27Z,0.0 MB,C:\Users\jales\Documents\GitHub\thesis_code\downloads\sentinel1_asf\Sentinel-1A\S1A_IW_SLC__1SDV_20260312T090100_20260312T090127_063592_07FE0C_349A.zip,missing_auth
feature_0_part_1_split_1,0,Sentinel-1A,,SENTINEL-1,Sentinel-1A,S1A_IW_SLC__1SDV_20260312T090035_20260312T090102_063592_07FE0C_2008-SLC,S1A_IW_SLC__1SDV_20260312T090035_20260312T090102_063592_07FE0C_2008,S1A_IW_SLC__1SDV_20260312T090035_20260312T090102_063592_07FE0C_2008.zip,primary,https://datapool.asf.alaska.edu/SLC/SA/S1A_IW_SLC__1SDV_20260312T090035_20260312T090102_063592_07FE0C_2008.zip,SLC,DESCENDING,170,63592,630,2026-03-12T09:00:35Z,2026-03-12T09:01:02Z,0.0 MB,C:\Users\jales\Documents\GitHub\thesis_code\downloads\sentinel1_asf\Sentinel-1A\S1A_IW_SLC__1SDV_20260312T090035_20260312T090102_063592_07FE0C_2008.zip,missing_auth
feature_0_part_1_split_1,0,Sentinel-1A,,SENTINEL-1,Sentinel-1A,S1A_IW_SLC__1SDV_20260312T090010_20260312T090037_063592_07FE0C_4BEF-SLC,S1A_IW_SLC__1SDV_20260312T090010_20260312T090037_063592_07FE0C_4BEF,S1A_IW_SLC__1SDV_20260312T090010_20260312T090037_063592_07FE0C_4BEF.zip,primary,https://datapool.asf.alaska.edu/SLC/SA/S1A_IW_SLC__1SDV_20260312T090010_20260312T090037_063592_07FE0C_4BEF.zip,SLC,DESCENDING,170,63592,625,2026-03-12T09:00:10Z,2026-03-12T09:00:37Z,0.0 MB,C:\Users\jales\Documents\GitHub\thesis_code\downloads\sentinel1_asf\Sentinel-1A\S1A_IW_SLC__1SDV_20260312T090010_20260312T090037_063592_07FE0C_4BEF.zip,missing_auth
feature_0_part_1_split_1,0,Sentinel-1A,,SENTINEL-1,Sentinel-1A,S1A_IW_SLC__1SDV_20260312T085946_20260312T090013_063592_07FE0C_1276-SLC,S1A_IW_SLC__1SDV_20260312T085946_20260312T090013_063592_07FE0C_1276,S1A_IW_SLC__1SDV_20260312T085946_20260312T090013_063592_07FE0C_1276.zip,primary,https://datapool.asf.alaska.edu/SLC/SA/S1A_IW_SLC__1SDV_20260312T085946_20260312T090013_063592_07FE0C_1276.zip,SLC,DESCENDING,170,63592,620,2026-03-12T08:59:46Z,2026-03-12T09:00:13Z,0.0 MB,C:\Users\jales\Documents\GitHub\thesis_code\downloads\sentinel1_asf\Sentinel-1A\S1A_IW_SLC__1SDV_20260312T085946_20260312T090013_063592_07FE0C_1276.zip,missing_auth
feature_0_part_1_split_1,0,Sentinel-1A,,SENTINEL-1,Sentinel-1A,S1A_IW_SLC__1SDV_20260312T085920_20260312T085948_063592_07FE0C_ED8B-SLC,S1A_IW_SLC__1SDV_20260312T085920_20260312T085948_063592_07FE0C_ED8B,S1A_IW_SLC__1SDV_20260312T085920_20260312T085948_063592_07FE0C_ED8B.zip,primary,https://datapool.asf.alaska.edu/SLC/SA/S1A_IW_SLC__1SDV_20260312T085920_20260312T085948_063592_07FE0C_ED8B.zip,SLC,DESCENDING,170,63592,615,2026-03-12T08:59:20Z,2026-03-12T08:59:48Z,0.0 MB,C:\Users\jales\Documents\GitHub\thesis_code\downloads\sentinel1_asf\Sentinel-1A\S1A_IW_SLC__1SDV_20260312T085920_20260312T085948_063592_07FE0C_ED8B.zip,missing_auth
feature_0_part_1_split_1,0,Sentinel-1A,,SENTINEL-1,Sentinel-1A,S1A_IW_SLC__1SDV_20260311T082100_20260311T082114_063577_07FD7E_8204-SLC,S1A_IW_SLC__1SDV_20260311T082100_20260311T082114_063577_07FD7E_8204,S1A_IW_SLC__1SDV_20260311T082100_20260311T082114_063577_07FD7E_8204.zip,primary,https://datapool.asf.alaska.edu/SLC/SA/S1A_IW_SLC__1SDV_20260311T082100_20260311T082114_063577_07FD7E_8204.zip,SLC,DESCENDING,155,63577,648,2026-03-11T08:21:00Z,2026-03-11T08:21:14Z,0.0 MB,C:\Users\jales\Documents\GitHub\thesis_code\downloads\sentinel1_asf\Sentinel-1A\S1A_IW_SLC__1SDV_20260311T082100_20260311T082114_063577_07FD7E_8204.zip,missing_auth
feature_0_part_1_split_1,0,Sentinel-1A,,SENTINEL-1,Sentinel-1A,S1A_IW_SLC__1SDV_20260311T082036_20260311T082102_063577_07FD7E_628F-SLC,S1A_IW_SLC__1SDV_20260311T082036_20260311T082102_063577_07FD7E_628F,S1A_IW_SLC__1SDV_20260311T082036_20260311T082102_063577_07FD7E_628F.zip,primary,https://datapool.asf.alaska.edu/SLC/SA/S1A_IW_SLC__1SDV_20260311T082036_20260311T082102_063577_07FD7E_628F.zip,SLC,DESCENDING,155,63577,643,2026-03-11T08:20:36Z,2026-03-11T08:21:02Z,0.0 MB,C:\Users\jales\Documents\GitHub\thesis_code\downloads\sentinel1_asf\Sentinel-1A\S1A_IW_SLC__1SDV_20260311T082036_20260311T082102_063577_07FD7E_628F.zip,missing_auth
feature_0_part_1_split_1,0,Sentinel-1A,,SENTINEL-1,Sentinel-1A,S1A_IW_SLC__1SDV_20260311T082011_20260311T082038_063577_07FD7E_2C39-SLC,S1A_IW_SLC__1SDV_20260311T082011_20260311T082038_063577_07FD7E_2C39,S1A_IW_SLC__1SDV_20260311T082011_20260311T082038_063577_07FD7E_2C39.zip,primary,https://datapool.asf.alaska.edu/SLC/SA/S1A_IW_SLC__1SDV_20260311T082011_20260311T082038_063577_07FD7E_2C39.zip,SLC,DESCENDING,155,63577,638,2026-03-11T08:20:11Z,2026-03-11T08:20:38Z,0.0 MB,C:\Users\jales\Documents\GitHub\thesis_code\downloads\sentinel1_asf\Sentinel-1A\S1A_IW_SLC__1SDV_20260311T082011_20260311T082038_063577_07FD7E_2C39.zip,missing_auth
feature_0_part_1_split_1,0,Sentinel-1A,,SENTINEL-1,Sentinel-1A,S1A_IW_SLC__1SDV_20260310T091918_20260310T091940_063563_07FCF3_903D-SLC,S1A_IW_SLC__1SDV_20260310T091918_20260310T091940_063563_07FCF3_903D,S1A_IW_SLC__1SDV_20260310T091918_20260310T091940_063563_07FCF3_903D.zip,primary,https://datapool.asf.alaska.edu/SLC/SA/S1A_IW_SLC__1SDV_20260310T091918_20260310T091940_063563_07FCF3_903D.zip,SLC,DESCENDING,141,63563,657,2026-03-10T09:19:18Z,2026-03-10T09:19:40Z,0.0 MB,C:\Users\jales\Documents\GitHub\thesis_code\downloads\sentinel1_asf\Sentinel-1A\S1A_IW_SLC__1SDV_20260310T091918_20260310T091940_063563_07FCF3_903D.zip,missing_auth
feature_0_part_1_split_1,0,Sentinel-1A,,SENTINEL-1,Sentinel-1A,S1A_IW_SLC__1SDV_20260310T091829_20260310T091856_063563_07FCF3_7D02-SLC,S1A_IW_SLC__1SDV_20260310T091829_20260310T091856_063563_07FCF3_7D02,S1A_IW_SLC__1SDV_20260310T091829_20260310T091856_063563_07FCF3_7D02.zip,primary,https://datapool.asf.alaska.edu/SLC/SA/S1A_IW_SLC__1SDV_20260310T091829_20260310T091856_063563_07FCF3_7D02.zip,SLC,DESCENDING,141,63563,647,2026-03-10T09:18:29Z,2026-03-10T09:18:56Z,0.0 MB,C:\Users\jales\Documents\GitHub\thesis_code\downloads\sentinel1_asf\Sentinel-1A\S1A_IW_SLC__1SDV_20260310T091829_20260310T091856_063563_07FCF3_7D02.zip,missing_auth
feature_0_part_1_split_1,0,Sentinel-1A,,SENTINEL-1,Sentinel-1A,S1A_IW_SLC__1SDV_20260310T091804_20260310T091831_063563_07FCF3_2D9C-SLC,S1A_IW_SLC__1SDV_20260310T091804_20260310T091831_063563_07FCF3_2D9C,S1A_IW_SLC__1SDV_20260310T091804_20260310T091831_063563_07FCF3_2D9C.zip,primary,https://datapool.asf.alaska.edu/SLC/SA/S1A_IW_SLC__1SDV_20260310T091804_20260310T091831_063563_07FCF3_2D9C.zip,SLC,DESCENDING,141,63563,642,2026-03-10T09:18:04Z,2026-03-10T09:18:31Z,0.0 MB,C:\Users\jales\Documents\GitHub\thesis_code\downloads\sentinel1_asf\Sentinel-1A\S1A_IW_SLC__1SDV_20260310T091804_20260310T091831_063563_07FCF3_2D9C.zip,missing_auth
feature_0_part_1_split_1,0,Sentinel-1A,,SENTINEL-1,Sentinel-1A,S1A_IW_SLC__1SDV_20260310T091739_20260310T091806_063563_07FCF3_3AD3-SLC,S1A_IW_SLC__1SDV_20260310T091739_20260310T091806_063563_07FCF3_3AD3,S1A_IW_SLC__1SDV_20260310T091739_20260310T091806_063563_07FCF3_3AD3.zip,primary,https://datapool.asf.alaska.edu/SLC/SA/S1A_IW_SLC__1SDV_20260310T091739_20260310T091806_063563_07FCF3_3AD3.zip,SLC,DESCENDING,141,63563,637,2026-03-10T09:17:39Z,2026-03-10T09:18:06Z,0.0 MB,C:\Users\jales\Documents\GitHub\thesis_code\downloads\sentinel1_asf\Sentinel-1A\S1A_IW_SLC__1SDV_20260310T091739_20260310T091806_063563_07FCF3_3AD3.zip,missing_auth
feature_0_part_1_split_1,0,Sentinel-1A,,SENTINEL-1,Sentinel-1A,S1A_IW_SLC__1SDV_20260310T091714_20260310T091741_063563_07FCF3_A808-SLC,S1A_IW_SLC__1SDV_20260310T091714_20260310T091741_063563_07FCF3_A808,S1A_IW_SLC__1SDV_20260310T091714_20260310T091741_063563_07FCF3_A808.zip,primary,https://datapool.asf.alaska.edu/SLC/SA/S1A_IW_SLC__1SDV_20260310T091714_20260310T091741_063563_07FCF3_A808.zip,SLC,DESCENDING,141,63563,632,2026-03-10T09:17:14Z,2026-03-10T09:17:41Z,0.0 MB,C:\Users\jales\Documents\GitHub\thesis_code\downloads\sentinel1_asf\Sentinel-1A\S1A_IW_SLC__1SDV_20260310T091714_20260310T091741_063563_07FCF3_A808.zip,missing_auth
feature_0_part_1_split_1,0,Sentinel-1A,,SENTINEL-1,Sentinel-1A,S1A_IW_SLC__1SDV_20260309T083922_20260309T083949_063548_07FC66_34A7-SLC,S1A_IW_SLC__1SDV_20260309T083922_20260309T083949_063548_07FC66_34A7,S1A_IW_SLC__1SDV_20260309T083922_20260309T083949_063548_07FC66_34A7.zip,primary,https://datapool.asf.alaska.edu/SLC/SA/S1A_IW_SLC__1SDV_20260309T083922_20260309T083949_063548_07FC66_34A7.zip,SLC,DESCENDING,126,63548,671,2026-03-09T08:39:22Z,2026-03-09T08:39:49Z,0.0 MB,C:\Users\jales\Documents\GitHub\thesis_code\downloads\sentinel1_asf\Sentinel-1A\S1A_IW_SLC__1SDV_20260309T083922_20260309T083949_063548_07FC66_34A7.zip,missing_auth
feature_0_part_1_split_1,0,Sentinel-1A,,SENTINEL-1,Sentinel-1A,S1A_IW_SLC__1SDV_20260309T083857_20260309T083924_063548_07FC66_FAE0-SLC,S1A_IW_SLC__1SDV_20260309T083857_20260309T083924_063548_07FC66_FAE0,S1A_IW_SLC__1SDV_20260309T083857_20260309T083924_063548_07FC66_FAE0.zip,primary,https://datapool.asf.alaska.edu/SLC/SA/S1A_IW_SLC__1SDV_20260309T083857_20260309T083924_063548_07FC66_FAE0.zip,SLC,DESCENDING,126,63548,666,2026-03-09T08:38:57Z,2026-03-09T08:39:24Z,0.0 MB,C:\Users\jales\Documents\GitHub\thesis_code\downloads\sentinel1_asf\Sentinel-1A\S1A_IW_SLC__1SDV_20260309T083857_20260309T083924_063548_07FC66_FAE0.zip,missing_auth
feature_0_part_1_split_1,0,Sentinel-1A,,SENTINEL-1,Sentinel-1A,S1A_IW_SLC__1SDV_20260309T083829_20260309T083859_063548_07FC66_4AB9-SLC,S1A_IW_SLC__1SDV_20260309T083829_20260309T083859_063548_07FC66_4AB9,S1A_IW_SLC__1SDV_20260309T083829_20260309T083859_063548_07FC66_4AB9.zip,primary,https://datapool.asf.alaska.edu/SLC/SA/S1A_IW_SLC__1SDV_20260309T083829_20260309T083859_063548_07FC66_4AB9.zip,SLC,DESCENDING,126,63548,661,2026-03-09T08:38:29Z,2026-03-09T08:38:59Z,0.0 MB,C:\Users\jales\Documents\GitHub\thesis_code\downloads\sentinel1_asf\Sentinel-1A\S1A_IW_SLC__1SDV_20260309T083829_20260309T083859_063548_07FC66_4AB9.zip,missing_auth
feature_0_part_1_split_1,0,Sentinel-1A,,SENTINEL-1,Sentinel-1A,S1A_IW_SLC__1SDV_20260309T083643_20260309T083657_063548_07FC65_3091-SLC,S1A_IW_SLC__1SDV_20260309T083643_20260309T083657_063548_07FC65_3091,S1A_IW_SLC__1SDV_20260309T083643_20260309T083657_063548_07FC65_3091.zip,primary,https://datapool.asf.alaska.edu/SLC/SA/S1A_IW_SLC__1SDV_20260309T083643_20260309T083657_063548_07FC65_3091.zip,SLC,DESCENDING,126,63548,639,2026-03-09T08:36:43Z,2026-03-09T08:36:57Z,0.0 MB,C:\Users\jales\Documents\GitHub\thesis_code\downloads\sentinel1_asf\Sentinel-1A\S1A_IW_SLC__1SDV_20260309T083643_20260309T083657_063548_07FC65_3091.zip,missing_auth
feature_0_part_1_split_1,0,Sentinel-1A,,SENTINEL-1,Sentinel-1A,S1A_IW_SLC__1SDV_20260309T083619_20260309T083645_063548_07FC65_733D-SLC,S1A_IW_SLC__1SDV_20260309T083619_20260309T083645_063548_07FC65_733D,S1A_IW_SLC__1SDV_20260309T083619_20260309T083645_063548_07FC65_733D.zip,primary,https://datapool.asf.alaska.edu/SLC/SA/S1A_IW_SLC__1SDV_20260309T083619_20260309T083645_063548_07FC65_733D.zip,SLC,DESCENDING,126,63548,635,2026-03-09T08:36:19Z,2026-03-09T08:36:45Z,0.0 MB,C:\Users\jales\Documents\GitHub\thesis_code\downloads\sentinel1_asf\Sentinel-1A\S1A_IW_SLC__1SDV_20260309T083619_20260309T083645_063548_07FC65_733D.zip,missing_auth
feature_0_part_1_split_1,0,Sentinel-1A,,SENTINEL-1,Sentinel-1A,S1A_IW_SLC__1SDV_20260309T083553_20260309T083621_063548_07FC65_264A-SLC,S1A_IW_SLC__1SDV_20260309T083553_20260309T083621_063548_07FC65_264A,S1A_IW_SLC__1SDV_20260309T083553_20260309T083621_063548_07FC65_264A.zip,primary,https://datapool.asf.alaska.edu/SLC/SA/S1A_IW_SLC__1SDV_20260309T083553_20260309T083621_063548_07FC65_264A.zip,SLC,DESCENDING,126,63548,629,2026-03-09T08:35:53Z,2026-03-09T08:36:21Z,0.0 MB,C:\Users\jales\Documents\GitHub\thesis_code\downloads\sentinel1_asf\Sentinel-1A\S1A_IW_SLC__1SDV_20260309T083553_20260309T083621_063548_07FC65_264A.zip,missing_auth
feature_0_part_1_split_1,0,Sentinel-1A,,SENTINEL-1,Sentinel-1A,S1A_IW_SLC__1SDV_20260309T083528_20260309T083555_063548_07FC65_CDCA-SLC,S1A_IW_SLC__1SDV_20260309T083528_20260309T083555_063548_07FC65_CDCA,S1A_IW_SLC__1SDV_20260309T083528_20260309T083555_063548_07FC65_CDCA.zip,primary,https://datapool.asf.alaska.edu/SLC/SA/S1A_IW_SLC__1SDV_20260309T083528_20260309T083555_063548_07FC65_CDCA.zip,SLC,DESCENDING,126,63548,624,2026-03-09T08:35:28Z,2026-03-09T08:35:55Z,0.0 MB,C:\Users\jales\Documents\GitHub\thesis_code\downloads\sentinel1_asf\Sentinel-1A\S1A_IW_SLC__1SDV_20260309T083528_20260309T083555_063548_07FC65_CDCA.zip,missing_auth
feature_0_part_1_split_1,0,Sentinel-1A,,SENTINEL-1,Sentinel-1A,S1A_IW_SLC__1SDV_20260309T083503_20260309T083530_063548_07FC65_D84A-SLC,S1A_IW_SLC__1SDV_20260309T083503_20260309T083530_063548_07FC65_D84A,S1A_IW_SLC__1SDV_20260309T083503_20260309T083530_063548_07FC65_D84A.zip,primary,https://datapool.asf.alaska.edu/SLC/SA/S1A_IW_SLC__1SDV_20260309T083503_20260309T083530_063548_07FC65_D84A.zip,SLC,DESCENDING,126,63548,619,2026-03-09T08:35:03Z,2026-03-09T08:35:30Z,0.0 MB,C:\Users\jales\Documents\GitHub\thesis_code\downloads\sentinel1_asf\Sentinel-1A\S1A_IW_SLC__1SDV_20260309T083503_20260309T083530_063548_07FC65_D84A.zip,missing_auth
feature_0_part_1_split_1,0,Sentinel-1A,,SENTINEL-1,Sentinel-1A,S1A_IW_SLC__1SDV_20260309T083438_20260309T083505_063548_07FC65_676F-SLC,S1A_IW_SLC__1SDV_20260309T083438_20260309T083505_063548_07FC65_676F,S1A_IW_SLC__1SDV_20260309T083438_20260309T083505_063548_07FC65_676F.zip,primary,https://datapool.asf.alaska.edu/SLC/SA/S1A_IW_SLC__1SDV_20260309T083438_20260309T083505_063548_07FC65_676F.zip,SLC,DESCENDING,126,63548,614,2026-03-09T08:34:38Z,2026-03-09T08:35:05Z,0.0 MB,C:\Users\jales\Documents\GitHub\thesis_code\downloads\sentinel1_asf\Sentinel-1A\S1A_IW_SLC__1SDV_20260309T083438_20260309T083505_063548_07FC65_676F.zip,missing_auth
feature_0_part_1_split_1,0,Sentinel-1A,,SENTINEL-1,Sentinel-1A,S1A_IW_SLC__1SDV_20260309T083413_20260309T083440_063548_07FC65_93B6-SLC,S1A_IW_SLC__1SDV_20260309T083413_20260309T083440_063548_07FC65_93B6,S1A_IW_SLC__1SDV_20260309T083413_20260309T083440_063548_07FC65_93B6.zip,primary,https://datapool.asf.alaska.edu/SLC/SA/S1A_IW_SLC__1SDV_20260309T083413_20260309T083440_063548_07FC65_93B6.zip,SLC,DESCENDING,126,63548,610,2026-03-09T08:34:13Z,2026-03-09T08:34:40Z,0.0 MB,C:\Users\jales\Documents\GitHub\thesis_code\downloads\sentinel1_asf\Sentinel-1A\S1A_IW_SLC__1SDV_20260309T083413_20260309T083440_063548_07FC65_93B6.zip,missing_auth
feature_0_part_1_split_1,0,Sentinel-1A,,SENTINEL-1,Sentinel-1A,S1A_IW_SLC__1SDV_20260309T083348_20260309T083416_063548_07FC65_828C-SLC,S1A_IW_SLC__1SDV_20260309T083348_20260309T083416_063548_07FC65_828C,S1A_IW_SLC__1SDV_20260309T083348_20260309T083416_063548_07FC65_828C.zip,primary,https://datapool.asf.alaska.edu/SLC/SA/S1A_IW_SLC__1SDV_20260309T083348_20260309T083416_063548_07FC65_828C.zip,SLC,DESCENDING,126,63548,604,2026-03-09T08:33:48Z,2026-03-09T08:34:16Z,0.0 MB,C:\Users\jales\Documents\GitHub\thesis_code\downloads\sentinel1_asf\Sentinel-1A\S1A_IW_SLC__1SDV_20260309T083348_20260309T083416_063548_07FC65_828C.zip,missing_auth
feature_0_part_1_split_1,0,Sentinel-1A,,SENTINEL-1,Sentinel-1A,S1A_IW_SLC__1SDV_20260309T083320_20260309T083350_063548_07FC65_3A68-SLC,S1A_IW_SLC__1SDV_20260309T083320_20260309T083350_063548_07FC65_3A68,S1A_IW_SLC__1SDV_20260309T083320_20260309T083350_063548_07FC65_3A68.zip,primary,https://datapool.asf.alaska.edu/SLC/SA/S1A_IW_SLC__1SDV_20260309T083320_20260309T083350_063548_07FC65_3A68.zip,SLC,DESCENDING,126,63548,599,2026-03-09T08:33:20Z,2026-03-09T08:33:50Z,0.0 MB,C:\Users\jales\Documents\GitHub\thesis_code\downloads\sentinel1_asf\Sentinel-1A\S1A_IW_SLC__1SDV_20260309T083320_20260309T083350_063548_07FC65_3A68.zip,missing_auth
feature_0_part_1_split_1,0,Sentinel-1A,,SENTINEL-1,Sentinel-1A,S1A_IW_SLC__1SDV_20260308T093423_20260308T093450_063534_07FBD9_55E7-SLC,S1A_IW_SLC__1SDV_20260308T093423_20260308T093450_063534_07FBD9_55E7,S1A_IW_SLC__1SDV_20260308T093423_20260308T093450_063534_07FBD9_55E7.zip,primary,https://datapool.asf.alaska.edu/SLC/SA/S1A_IW_SLC__1SDV_20260308T093423_20260308T093450_063534_07FBD9_55E7.zip,SLC,DESCENDING,112,63534,640,2026-03-08T09:34:23Z,2026-03-08T09:34:50Z,0.0 MB,C:\Users\jales\Documents\GitHub\thesis_code\downloads\sentinel1_asf\Sentinel-1A\S1A_IW_SLC__1SDV_20260308T093423_20260308T093450_063534_07FBD9_55E7.zip,missing_auth
feature_0_part_1_split_1,0,Sentinel-1A,,SENTINEL-1,Sentinel-1A,S1A_IW_SLC__1SDV_20260308T093358_20260308T093425_063534_07FBD9_00B4-SLC,S1A_IW_SLC__1SDV_20260308T093358_20260308T093425_063534_07FBD9_00B4,S1A_IW_SLC__1SDV_20260308T093358_20260308T093425_063534_07FBD9_00B4.zip,primary,https://datapool.asf.alaska.edu/SLC/SA/S1A_IW_SLC__1SDV_20260308T093358_20260308T093425_063534_07FBD9_00B4.zip,SLC,DESCENDING,112,63534,635,2026-03-08T09:33:58Z,2026-03-08T09:34:25Z,0.0 MB,C:\Users\jales\Documents\GitHub\thesis_code\downloads\sentinel1_asf\Sentinel-1A\S1A_IW_SLC__1SDV_20260308T093358_20260308T093425_063534_07FBD9_00B4.zip,missing_auth
feature_0_part_1_split_1,0,Sentinel-1A,,SENTINEL-1,Sentinel-1A,S1A_IW_SLC__1SDV_20260308T093332_20260308T093400_063534_07FBD9_D390-SLC,S1A_IW_SLC__1SDV_20260308T093332_20260308T093400_063534_07FBD9_D390,S1A_IW_SLC__1SDV_20260308T093332_20260308T093400_063534_07FBD9_D390.zip,primary,https://datapool.asf.alaska.edu/SLC/SA/S1A_IW_SLC__1SDV_20260308T093332_20260308T093400_063534_07FBD9_D390.zip,SLC,DESCENDING,112,63534,630,2026-03-08T09:33:32Z,2026-03-08T09:34:00Z,0.0 MB,C:\Users\jales\Documents\GitHub\thesis_code\downloads\sentinel1_asf\Sentinel-1A\S1A_IW_SLC__1SDV_20260308T093332_20260308T093400_063534_07FBD9_D390.zip,missing_auth
feature_0_part_1_split_1,0,Sentinel-1A,,SENTINEL-1,Sentinel-1A,S1A_IW_SLC__1SDV_20260307T085434_20260307T085458_063519_07FB42_993F-SLC,S1A_IW_SLC__1SDV_20260307T085434_20260307T085458_063519_07FB42_993F,S1A_IW_SLC__1SDV_20260307T085434_20260307T085458_063519_07FB42_993F.zip,primary,https://datapool.asf.alaska.edu/SLC/SA/S1A_IW_SLC__1SDV_20260307T085434_20260307T085458_063519_07FB42_993F.zip,SLC,DESCENDING,97,63519,656,2026-03-07T08:54:34Z,2026-03-07T08:54:58Z,0.0 MB,C:\Users\jales\Documents\GitHub\thesis_code\downloads\sentinel1_asf\Sentinel-1A\S1A_IW_SLC__1SDV_20260307T085434_20260307T085458_063519_07FB42_993F.zip,missing_auth
feature_0_part_1_split_1,0,Sentinel-1A,,SENTINEL-1,Sentinel-1A,S1A_IW_SLC__1SDV_20260307T085409_20260307T085436_063519_07FB42_69DA-SLC,S1A_IW_SLC__1SDV_20260307T085409_20260307T085436_063519_07FB42_69DA,S1A_IW_SLC__1SDV_20260307T085409_20260307T085436_063519_07FB42_69DA.zip,primary,https://datapool.asf.alaska.edu/SLC/SA/S1A_IW_SLC__1SDV_20260307T085409_20260307T085436_063519_07FB42_69DA.zip,SLC,DESCENDING,97,63519,651,2026-03-07T08:54:09Z,2026-03-07T08:54:36Z,0.0 MB,C:\Users\jales\Documents\GitHub\thesis_code\downloads\sentinel1_asf\Sentinel-1A\S1A_IW_SLC__1SDV_20260307T085409_20260307T085436_063519_07FB42_69DA.zip,missing_auth
feature_0_part_1_split_1,0,Sentinel-1A,,SENTINEL-1,Sentinel-1A,S1A_IW_SLC__1SDV_20260307T085343_20260307T085411_063519_07FB42_C376-SLC,S1A_IW_SLC__1SDV_20260307T085343_20260307T085411_063519_07FB42_C376,S1A_IW_SLC__1SDV_20260307T085343_20260307T085411_063519_07FB42_C376.zip,primary,https://datapool.asf.alaska.edu/SLC/SA/S1A_IW_SLC__1SDV_20260307T085343_20260307T085411_063519_07FB42_C376.zip,SLC,DESCENDING,97,63519,646,2026-03-07T08:53:43Z,2026-03-07T08:54:11Z,0.0 MB,C:\Users\jales\Documents\GitHub\thesis_code\downloads\sentinel1_asf\Sentinel-1A\S1A_IW_SLC__1SDV_20260307T085343_20260307T085411_063519_07FB42_C376.zip,missing_auth
feature_0_part_1_split_1,0,Sentinel-1A,,SENTINEL-1,Sentinel-1A,S1A_IW_SLC__1SDV_20260307T085319_20260307T085346_063519_07FB42_07CC-SLC,S1A_IW_SLC__1SDV_20260307T085319_20260307T085346_063519_07FB42_07CC,S1A_IW_SLC__1SDV_20260307T085319_20260307T085346_063519_07FB42_07CC.zip,primary,https://datapool.asf.alaska.edu/SLC/SA/S1A_IW_SLC__1SDV_20260307T085319_20260307T085346_063519_07FB42_07CC.zip,SLC,DESCENDING,97,63519,641,2026-03-07T08:53:19Z,2026-03-07T08:53:46Z,0.0 MB,C:\Users\jales\Documents\GitHub\thesis_code\downloads\sentinel1_asf\Sentinel-1A\S1A_IW_SLC__1SDV_20260307T085319_20260307T085346_063519_07FB42_07CC.zip,missing_auth
feature_0_part_1_split_1,0,Sentinel-1A,,SENTINEL-1,Sentinel-1A,S1A_IW_SLC__1SDV_20260307T085254_20260307T085321_063519_07FB42_FFE5-SLC,S1A_IW_SLC__1SDV_20260307T085254_20260307T085321_063519_07FB42_FFE5,S1A_IW_SLC__1SDV_20260307T085254_20260307T085321_063519_07FB42_FFE5.zip,primary,https://datapool.asf.alaska.edu/SLC/SA/S1A_IW_SLC__1SDV_20260307T085254_20260307T085321_063519_07FB42_FFE5.zip,SLC,DESCENDING,97,63519,636,2026-03-07T08:52:54Z,2026-03-07T08:53:21Z,0.0 MB,C:\Users\jales\Documents\GitHub\thesis_code\downloads\sentinel1_asf\Sentinel-1A\S1A_IW_SLC__1SDV_20260307T085254_20260307T085321_063519_07FB42_FFE5.zip,missing_auth
feature_0_part_1_split_1,0,Sentinel-1A,,SENTINEL-1,Sentinel-1A,S1A_IW_SLC__1SDV_20260307T085229_20260307T085256_063519_07FB42_CCBF-SLC,S1A_IW_SLC__1SDV_20260307T085229_20260307T085256_063519_07FB42_CCBF,S1A_IW_SLC__1SDV_20260307T085229_20260307T085256_063519_07FB42_CCBF.zip,primary,https://datapool.asf.alaska.edu/SLC/SA/S1A_IW_SLC__1SDV_20260307T085229_20260307T085256_063519_07FB42_CCBF.zip,SLC,DESCENDING,97,63519,631,2026-03-07T08:52:29Z,2026-03-07T08:52:56Z,0.0 MB,C:\Users\jales\Documents\GitHub\thesis_code\downloads\sentinel1_asf\Sentinel-1A\S1A_IW_SLC__1SDV_20260307T085229_20260307T085256_063519_07FB42_CCBF.zip,missing_auth
feature_0_part_1_split_1,0,Sentinel-1A,,SENTINEL-1,Sentinel-1A,S1A_IW_SLC__1SDV_20260307T085204_20260307T085231_063519_07FB42_2205-SLC,S1A_IW_SLC__1SDV_20260307T085204_20260307T085231_063519_07FB42_2205,S1A_IW_SLC__1SDV_20260307T085204_20260307T085231_063519_07FB42_2205.zip,primary,https://datapool.asf.alaska.edu/SLC/SA/S1A_IW_SLC__1SDV_20260307T085204_20260307T085231_063519_07FB42_2205.zip,SLC,DESCENDING,97,63519,626,2026-03-07T08:52:04Z,2026-03-07T08:52:31Z,0.0 MB,C:\Users\jales\Documents\GitHub\thesis_code\downloads\sentinel1_asf\Sentinel-1A\S1A_IW_SLC__1SDV_20260307T085204_20260307T085231_063519_07FB42_2205.zip,missing_auth
feature_0_part_1_split_1,0,Sentinel-1A,,SENTINEL-1,Sentinel-1A,S1A_IW_SLC__1SDV_20260307T085139_20260307T085206_063519_07FB42_E03B-SLC,S1A_IW_SLC__1SDV_20260307T085139_20260307T085206_063519_07FB42_E03B,S1A_IW_SLC__1SDV_20260307T085139_20260307T085206_063519_07FB42_E03B.zip,primary,https://datapool.asf.alaska.edu/SLC/SA/S1A_IW_SLC__1SDV_20260307T085139_20260307T085206_063519_07FB42_E03B.zip,SLC,DESCENDING,97,63519,621,2026-03-07T08:51:39Z,2026-03-07T08:52:06Z,0.0 MB,C:\Users\jales\Documents\GitHub\thesis_code\downloads\sentinel1_asf\Sentinel-1A\S1A_IW_SLC__1SDV_20260307T085139_20260307T085206_063519_07FB42_E03B.zip,missing_auth
feature_0_part_1_split_1,0,Sentinel-1A,,SENTINEL-1,Sentinel-1A,S1A_IW_SLC__1SDV_20260307T085114_20260307T085141_063519_07FB42_C4EA-SLC,S1A_IW_SLC__1SDV_20260307T085114_20260307T085141_063519_07FB42_C4EA,S1A_IW_SLC__1SDV_20260307T085114_20260307T085141_063519_07FB42_C4EA.zip,primary,https://datapool.asf.alaska.edu/SLC/SA/S1A_IW_SLC__1SDV_20260307T085114_20260307T085141_063519_07FB42_C4EA.zip,SLC,DESCENDING,97,63519,616,2026-03-07T08:51:14Z,2026-03-07T08:51:41Z,0.0 MB,C:\Users\jales\Documents\GitHub\thesis_code\downloads\sentinel1_asf\Sentinel-1A\S1A_IW_SLC__1SDV_20260307T085114_20260307T085141_063519_07FB42_C4EA.zip,missing_auth
feature_0_part_1_split_1,0,Sentinel-1A,,SENTINEL-1,Sentinel-1A,S1A_IW_SLC__1SDV_20260307T085049_20260307T085116_063519_07FB42_7651-SLC,S1A_IW_SLC__1SDV_20260307T085049_20260307T085116_063519_07FB42_7651,S1A_IW_SLC__1SDV_20260307T085049_20260307T085116_063519_07FB42_7651.zip,primary,https://datapool.asf.alaska.edu/SLC/SA/S1A_IW_SLC__1SDV_20260307T085049_20260307T085116_063519_07FB42_7651.zip,SLC,DESCENDING,97,63519,611,2026-03-07T08:50:49Z,2026-03-07T08:51:16Z,0.0 MB,C:\Users\jales\Documents\GitHub\thesis_code\downloads\sentinel1_asf\Sentinel-1A\S1A_IW_SLC__1SDV_20260307T085049_20260307T085116_063519_07FB42_7651.zip,missing_auth
feature_0_part_1_split_1,0,Sentinel-1A,,SENTINEL-1,Sentinel-1A,S1A_IW_SLC__1SDV_20260307T085024_20260307T085051_063519_07FB42_ED09-SLC,S1A_IW_SLC__1SDV_20260307T085024_20260307T085051_063519_07FB42_ED09,S1A_IW_SLC__1SDV_20260307T085024_20260307T085051_063519_07FB42_ED09.zip,primary,https://datapool.asf.alaska.edu/SLC/SA/S1A_IW_SLC__1SDV_20260307T085024_20260307T085051_063519_07FB42_ED09.zip,SLC,DESCENDING,97,63519,606,2026-03-07T08:50:24Z,2026-03-07T08:50:51Z,0.0 MB,C:\Users\jales\Documents\GitHub\thesis_code\downloads\sentinel1_asf\Sentinel-1A\S1A_IW_SLC__1SDV_20260307T085024_20260307T085051_063519_07FB42_ED09.zip,missing_auth
feature_0_part_1_split_1,0,Sentinel-1A,,SENTINEL-1,Sentinel-1A,S1A_IW_SLC__1SDV_20260305T091031_20260305T091052_063490_07FA30_098E-SLC,S1A_IW_SLC__1SDV_20260305T091031_20260305T091052_063490_07FA30_098E,S1A_IW_SLC__1SDV_20260305T091031_20260305T091052_063490_07FA30_098E.zip,primary,https://datapool.asf.alaska.edu/SLC/SA/S1A_IW_SLC__1SDV_20260305T091031_20260305T091052_063490_07FA30_098E.zip,SLC,DESCENDING,68,63490,650,2026-03-05T09:10:31Z,2026-03-05T09:10:52Z,0.0 MB,C:\Users\jales\Documents\GitHub\thesis_code\downloads\sentinel1_asf\Sentinel-1A\S1A_IW_SLC__1SDV_20260305T091031_20260305T091052_063490_07FA30_098E.zip,missing_auth
feature_0_part_1_split_1,0,Sentinel-1A,,SENTINEL-1,Sentinel-1A,S1A_IW_SLC__1SDV_20260305T091006_20260305T091033_063490_07FA30_ACE8-SLC,S1A_IW_SLC__1SDV_20260305T091006_20260305T091033_063490_07FA30_ACE8,S1A_IW_SLC__1SDV_20260305T091006_20260305T091033_063490_07FA30_ACE8.zip,primary,https://datapool.asf.alaska.edu/SLC/SA/S1A_IW_SLC__1SDV_20260305T091006_20260305T091033_063490_07FA30_ACE8.zip,SLC,DESCENDING,68,63490,645,2026-03-05T09:10:06Z,2026-03-05T09:10:33Z,0.0 MB,C:\Users\jales\Documents\GitHub\thesis_code\downloads\sentinel1_asf\Sentinel-1A\S1A_IW_SLC__1SDV_20260305T091006_20260305T091033_063490_07FA30_ACE8.zip,missing_auth
feature_0_part_1_split_1,0,Sentinel-1A,,SENTINEL-1,Sentinel-1A,S1A_IW_SLC__1SDV_20260305T090941_20260305T091008_063490_07FA30_3476-SLC,S1A_IW_SLC__1SDV_20260305T090941_20260305T091008_063490_07FA30_3476,S1A_IW_SLC__1SDV_20260305T090941_20260305T091008_063490_07FA30_3476.zip,primary,https://datapool.asf.alaska.edu/SLC/SA/S1A_IW_SLC__1SDV_20260305T090941_20260305T091008_063490_07FA30_3476.zip,SLC,DESCENDING,68,63490,640,2026-03-05T09:09:41Z,2026-03-05T09:10:08Z,0.0 MB,C:\Users\jales\Documents\GitHub\thesis_code\downloads\sentinel1_asf\Sentinel-1A\S1A_IW_SLC__1SDV_20260305T090941_20260305T091008_063490_07FA30_3476.zip,missing_auth
feature_0_part_1_split_1,0,Sentinel-1A,,SENTINEL-1,Sentinel-1A,S1A_IW_SLC__1SDV_20260305T090915_20260305T090943_063490_07FA30_46E4-SLC,S1A_IW_SLC__1SDV_20260305T090915_20260305T090943_063490_07FA30_46E4,S1A_IW_SLC__1SDV_20260305T090915_20260305T090943_063490_07FA30_46E4.zip,primary,https://datapool.asf.alaska.edu/SLC/SA/S1A_IW_SLC__1SDV_20260305T090915_20260305T090943_063490_07FA30_46E4.zip,SLC,DESCENDING,68,63490,635,2026-03-05T09:09:15Z,2026-03-05T09:09:43Z,0.0 MB,C:\Users\jales\Documents\GitHub\thesis_code\downloads\sentinel1_asf\Sentinel-1A\S1A_IW_SLC__1SDV_20260305T090915_20260305T090943_063490_07FA30_46E4.zip,missing_auth
feature_0_part_1_split_1,0,Sentinel-1A,,SENTINEL-1,Sentinel-1A,S1A_IW_SLC__1SDV_20260305T090826_20260305T090853_063490_07FA30_A678-SLC,S1A_IW_SLC__1SDV_20260305T090826_20260305T090853_063490_07FA30_A678,S1A_IW_SLC__1SDV_20260305T090826_20260305T090853_063490_07FA30_A678.zip,primary,https://datapool.asf.alaska.edu/SLC/SA/S1A_IW_SLC__1SDV_20260305T090826_20260305T090853_063490_07FA30_A678.zip,SLC,DESCENDING,68,63490,625,2026-03-05T09:08:26Z,2026-03-05T09:08:53Z,0.0 MB,C:\Users\jales\Documents\GitHub\thesis_code\downloads\sentinel1_asf\Sentinel-1A\S1A_IW_SLC__1SDV_20260305T090826_20260305T090853_063490_07FA30_A678.zip,missing_auth
feature_0_part_1_split_1,0,Sentinel-1A,,SENTINEL-1,Sentinel-1A,S1A_IW_SLC__1SDV_20260304T082837_20260304T082851_063475_07F99D_CCDE-SLC,S1A_IW_SLC__1SDV_20260304T082837_20260304T082851_063475_07F99D_CCDE,S1A_IW_SLC__1SDV_20260304T082837_20260304T082851_063475_07F99D_CCDE.zip,primary,https://datapool.asf.alaska.edu/SLC/SA/S1A_IW_SLC__1SDV_20260304T082837_20260304T082851_063475_07F99D_CCDE.zip,SLC,DESCENDING,53,63475,641,2026-03-04T08:28:37Z,2026-03-04T08:28:51Z,0.0 MB,C:\Users\jales\Documents\GitHub\thesis_code\downloads\sentinel1_asf\Sentinel-1A\S1A_IW_SLC__1SDV_20260304T082837_20260304T082851_063475_07F99D_CCDE.zip,missing_auth
feature_0_part_1_split_1,0,Sentinel-1A,,SENTINEL-1,Sentinel-1A,S1A_IW_SLC__1SDV_20260304T082812_20260304T082839_063475_07F99D_F696-SLC,S1A_IW_SLC__1SDV_20260304T082812_20260304T082839_063475_07F99D_F696,S1A_IW_SLC__1SDV_20260304T082812_20260304T082839_063475_07F99D_F696.zip,primary,https://datapool.asf.alaska.edu/SLC/SA/S1A_IW_SLC__1SDV_20260304T082812_20260304T082839_063475_07F99D_F696.zip,SLC,DESCENDING,53,63475,636,2026-03-04T08:28:12Z,2026-03-04T08:28:39Z,0.0 MB,C:\Users\jales\Documents\GitHub\thesis_code\downloads\sentinel1_asf\Sentinel-1A\S1A_IW_SLC__1SDV_20260304T082812_20260304T082839_063475_07F99D_F696.zip,missing_auth
feature_0_part_1_split_1,0,Sentinel-1A,,SENTINEL-1,Sentinel-1A,S1A_IW_SLC__1SDV_20260304T082746_20260304T082814_063475_07F99D_109D-SLC,S1A_IW_SLC__1SDV_20260304T082746_20260304T082814_063475_07F99D_109D,S1A_IW_SLC__1SDV_20260304T082746_20260304T082814_063475_07F99D_109D.zip,primary,https://datapool.asf.alaska.edu/SLC/SA/S1A_IW_SLC__1SDV_20260304T082746_20260304T082814_063475_07F99D_109D.zip,SLC,DESCENDING,53,63475,631,2026-03-04T08:27:46Z,2026-03-04T08:28:14Z,0.0 MB,C:\Users\jales\Documents\GitHub\thesis_code\downloads\sentinel1_asf\Sentinel-1A\S1A_IW_SLC__1SDV_20260304T082746_20260304T082814_063475_07F99D_109D.zip,missing_auth
feature_0_part_1_split_1,0,Sentinel-1A,,SENTINEL-1,Sentinel-1A,S1A_IW_SLC__1SDV_20260304T082632_20260304T082659_063475_07F99D_D5D9-SLC,S1A_IW_SLC__1SDV_20260304T082632_20260304T082659_063475_07F99D_D5D9,S1A_IW_SLC__1SDV_20260304T082632_20260304T082659_063475_07F99D_D5D9.zip,primary,https://datapool.asf.alaska.edu/SLC/SA/S1A_IW_SLC__1SDV_20260304T082632_20260304T082659_063475_07F99D_D5D9.zip,SLC,DESCENDING,53,63475,616,2026-03-04T08:26:32Z,2026-03-04T08:26:59Z,0.0 MB,C:\Users\jales\Documents\GitHub\thesis_code\downloads\sentinel1_asf\Sentinel-1A\S1A_IW_SLC__1SDV_20260304T082632_20260304T082659_063475_07F99D_D5D9.zip,missing_auth
feature_0_part_1_split_1,0,Sentinel-1A,,SENTINEL-1,Sentinel-1A,S1A_IW_SLC__1SDV_20260304T082607_20260304T082634_063475_07F99D_FD5C-SLC,S1A_IW_SLC__1SDV_20260304T082607_20260304T082634_063475_07F99D_FD5C,S1A_IW_SLC__1SDV_20260304T082607_20260304T082634_063475_07F99D_FD5C.zip,primary,https://datapool.asf.alaska.edu/SLC/SA/S1A_IW_SLC__1SDV_20260304T082607_20260304T082634_063475_07F99D_FD5C.zip,SLC,DESCENDING,53,63475,611,2026-03-04T08:26:07Z,2026-03-04T08:26:34Z,0.0 MB,C:\Users\jales\Documents\GitHub\thesis_code\downloads\sentinel1_asf\Sentinel-1A\S1A_IW_SLC__1SDV_20260304T082607_20260304T082634_063475_07F99D_FD5C.zip,missing_auth
feature_0_part_1_split_1,0,Sentinel-1A,,SENTINEL-1,Sentinel-1A,S1A_IW_SLC__1SDV_20260304T082541_20260304T082609_063475_07F99D_715A-SLC,S1A_IW_SLC__1SDV_20260304T082541_20260304T082609_063475_07F99D_715A,S1A_IW_SLC__1SDV_20260304T082541_20260304T082609_063475_07F99D_715A.zip,primary,https://datapool.asf.alaska.edu/SLC/SA/S1A_IW_SLC__1SDV_20260304T082541_20260304T082609_063475_07F99D_715A.zip,SLC,DESCENDING,53,63475,606,2026-03-04T08:25:41Z,2026-03-04T08:26:09Z,0.0 MB,C:\Users\jales\Documents\GitHub\thesis_code\downloads\sentinel1_asf\Sentinel-1A\S1A_IW_SLC__1SDV_20260304T082541_20260304T082609_063475_07F99D_715A.zip,missing_auth
feature_0_part_1_split_1,0,Sentinel-1A,,SENTINEL-1,Sentinel-1A,S1A_IW_SLC__1SDV_20260304T082514_20260304T082543_063475_07F99D_60FF-SLC,S1A_IW_SLC__1SDV_20260304T082514_20260304T082543_063475_07F99D_60FF,S1A_IW_SLC__1SDV_20260304T082514_20260304T082543_063475_07F99D_60FF.zip,primary,https://datapool.asf.alaska.edu/SLC/SA/S1A_IW_SLC__1SDV_20260304T082514_20260304T082543_063475_07F99D_60FF.zip,SLC,DESCENDING,53,63475,600,2026-03-04T08:25:14Z,2026-03-04T08:25:43Z,0.0 MB,C:\Users\jales\Documents\GitHub\thesis_code\downloads\sentinel1_asf\Sentinel-1A\S1A_IW_SLC__1SDV_20260304T082514_20260304T082543_063475_07F99D_60FF.zip,missing_auth
feature_0_part_1_split_1,0,Sentinel-1A,,SENTINEL-1,Sentinel-1A,S1A_IW_SLC__1SDV_20260303T092636_20260303T092708_063461_07F90D_B2DF-SLC,S1A_IW_SLC__1SDV_20260303T092636_20260303T092708_063461_07F90D_B2DF,S1A_IW_SLC__1SDV_20260303T092636_20260303T092708_063461_07F90D_B2DF.zip,primary,https://datapool.asf.alaska.edu/SLC/SA/S1A_IW_SLC__1SDV_20260303T092636_20260303T092708_063461_07F90D_B2DF.zip,SLC,DESCENDING,39,63461,646,2026-03-03T09:26:36Z,2026-03-03T09:27:08Z,0.0 MB,C:\Users\jales\Documents\GitHub\thesis_code\downloads\sentinel1_asf\Sentinel-1A\S1A_IW_SLC__1SDV_20260303T092636_20260303T092708_063461_07F90D_B2DF.zip,missing_auth
feature_0_part_1_split_1,0,Sentinel-1A,,SENTINEL-1,Sentinel-1A,S1A_IW_SLC__1SDV_20260303T092611_20260303T092638_063461_07F90D_375E-SLC,S1A_IW_SLC__1SDV_20260303T092611_20260303T092638_063461_07F90D_375E,S1A_IW_SLC__1SDV_20260303T092611_20260303T092638_063461_07F90D_375E.zip,primary,https://datapool.asf.alaska.edu/SLC/SA/S1A_IW_SLC__1SDV_20260303T092611_20260303T092638_063461_07F90D_375E.zip,SLC,DESCENDING,39,63461,641,2026-03-03T09:26:11Z,2026-03-03T09:26:38Z,0.0 MB,C:\Users\jales\Documents\GitHub\thesis_code\downloads\sentinel1_asf\Sentinel-1A\S1A_IW_SLC__1SDV_20260303T092611_20260303T092638_063461_07F90D_375E.zip,missing_auth
feature_0_part_1_split_1,0,Sentinel-1A,,SENTINEL-1,Sentinel-1A,S1A_IW_SLC__1SDV_20260303T092546_20260303T092613_063461_07F90D_90E3-SLC,S1A_IW_SLC__1SDV_20260303T092546_20260303T092613_063461_07F90D_90E3,S1A_IW_SLC__1SDV_20260303T092546_20260303T092613_063461_07F90D_90E3.zip,primary,https://datapool.asf.alaska.edu/SLC/SA/S1A_IW_SLC__1SDV_20260303T092546_20260303T092613_063461_07F90D_90E3.zip,SLC,DESCENDING,39,63461,636,2026-03-03T09:25:46Z,2026-03-03T09:26:13Z,0.0 MB,C:\Users\jales\Documents\GitHub\thesis_code\downloads\sentinel1_asf\Sentinel-1A\S1A_IW_SLC__1SDV_20260303T092546_20260303T092613_063461_07F90D_90E3.zip,missing_auth
feature_0_part_1_split_1,0,Sentinel-1A,,SENTINEL-1,Sentinel-1A,S1A_IW_SLC__1SDV_20260303T092520_20260303T092548_063461_07F90D_4366-SLC,S1A_IW_SLC__1SDV_20260303T092520_20260303T092548_063461_07F90D_4366,S1A_IW_SLC__1SDV_20260303T092520_20260303T092548_063461_07F90D_4366.zip,primary,https://datapool.asf.alaska.edu/SLC/SA/S1A_IW_SLC__1SDV_20260303T092520_20260303T092548_063461_07F90D_4366.zip,SLC,DESCENDING,39,63461,631,2026-03-03T09:25:20Z,2026-03-03T09:25:48Z,0.0 MB,C:\Users\jales\Documents\GitHub\thesis_code\downloads\sentinel1_asf\Sentinel-1A\S1A_IW_SLC__1SDV_20260303T092520_20260303T092548_063461_07F90D_4366.zip,missing_auth
feature_0_part_1_split_1,0,Sentinel-1A,,SENTINEL-1,Sentinel-1A,S1A_IW_SLC__1SDV_20260302T084628_20260302T084652_063446_07F881_88DA-SLC,S1A_IW_SLC__1SDV_20260302T084628_20260302T084652_063446_07F881_88DA,S1A_IW_SLC__1SDV_20260302T084628_20260302T084652_063446_07F881_88DA.zip,primary,https://datapool.asf.alaska.edu/SLC/SA/S1A_IW_SLC__1SDV_20260302T084628_20260302T084652_063446_07F881_88DA.zip,SLC,DESCENDING,24,63446,658,2026-03-02T08:46:28Z,2026-03-02T08:46:52Z,0.0 MB,C:\Users\jales\Documents\GitHub\thesis_code\downloads\sentinel1_asf\Sentinel-1A\S1A_IW_SLC__1SDV_20260302T084628_20260302T084652_063446_07F881_88DA.zip,missing_auth
feature_0_part_1_split_1,0,Sentinel-1A,,SENTINEL-1,Sentinel-1A,S1A_IW_SLC__1SDV_20260302T084603_20260302T084630_063446_07F881_9F3C-SLC,S1A_IW_SLC__1SDV_20260302T084603_20260302T084630_063446_07F881_9F3C,S1A_IW_SLC__1SDV_20260302T084603_20260302T084630_063446_07F881_9F3C.zip,primary,https://datapool.asf.alaska.edu/SLC/SA/S1A_IW_SLC__1SDV_20260302T084603_20260302T084630_063446_07F881_9F3C.zip,SLC,DESCENDING,24,63446,653,2026-03-02T08:46:03Z,2026-03-02T08:46:30Z,0.0 MB,C:\Users\jales\Documents\GitHub\thesis_code\downloads\sentinel1_asf\Sentinel-1A\S1A_IW_SLC__1SDV_20260302T084603_20260302T084630_063446_07F881_9F3C.zip,missing_auth
feature_0_part_1_split_1,0,Sentinel-1A,,SENTINEL-1,Sentinel-1A,S1A_IW_SLC__1SDV_20260302T084537_20260302T084605_063446_07F881_94F1-SLC,S1A_IW_SLC__1SDV_20260302T084537_20260302T084605_063446_07F881_94F1,S1A_IW_SLC__1SDV_20260302T084537_20260302T084605_063446_07F881_94F1.zip,primary,https://datapool.asf.alaska.edu/SLC/SA/S1A_IW_SLC__1SDV_20260302T084537_20260302T084605_063446_07F881_94F1.zip,SLC,DESCENDING,24,63446,648,2026-03-02T08:45:37Z,2026-03-02T08:46:05Z,0.0 MB,C:\Users\jales\Documents\GitHub\thesis_code\downloads\sentinel1_asf\Sentinel-1A\S1A_IW_SLC__1SDV_20260302T084537_20260302T084605_063446_07F881_94F1.zip,missing_auth
feature_0_part_1_split_1,0,Sentinel-1A,,SENTINEL-1,Sentinel-1A,S1A_IW_SLC__1SDV_20260302T084512_20260302T084539_063446_07F881_A48F-SLC,S1A_IW_SLC__1SDV_20260302T084512_20260302T084539_063446_07F881_A48F,S1A_IW_SLC__1SDV_20260302T084512_20260302T084539_063446_07F881_A48F.zip,primary,https://datapool.asf.alaska.edu/SLC/SA/S1A_IW_SLC__1SDV_20260302T084512_20260302T084539_063446_07F881_A48F.zip,SLC,DESCENDING,24,63446,643,2026-03-02T08:45:12Z,2026-03-02T08:45:39Z,0.0 MB,C:\Users\jales\Documents\GitHub\thesis_code\downloads\sentinel1_asf\Sentinel-1A\S1A_IW_SLC__1SDV_20260302T084512_20260302T084539_063446_07F881_A48F.zip,missing_auth
feature_0_part_1_split_1,0,Sentinel-1A,,SENTINEL-1,Sentinel-1A,S1A_IW_SLC__1SDV_20260302T084448_20260302T084515_063446_07F881_6AB5-SLC,S1A_IW_SLC__1SDV_20260302T084448_20260302T084515_063446_07F881_6AB5,S1A_IW_SLC__1SDV_20260302T084448_20260302T084515_063446_07F881_6AB5.zip,primary,https://datapool.asf.alaska.edu/SLC/SA/S1A_IW_SLC__1SDV_20260302T084448_20260302T084515_063446_07F881_6AB5.zip,SLC,DESCENDING,24,63446,638,2026-03-02T08:44:48Z,2026-03-02T08:45:15Z,0.0 MB,C:\Users\jales\Documents\GitHub\thesis_code\downloads\sentinel1_asf\Sentinel-1A\S1A_IW_SLC__1SDV_20260302T084448_20260302T084515_063446_07F881_6AB5.zip,missing_auth
feature_0_part_1_split_1,0,Sentinel-1A,,SENTINEL-1,Sentinel-1A,S1A_IW_SLC__1SDV_20260302T084423_20260302T084450_063446_07F881_5A86-SLC,S1A_IW_SLC__1SDV_20260302T084423_20260302T084450_063446_07F881_5A86,S1A_IW_SLC__1SDV_20260302T084423_20260302T084450_063446_07F881_5A86.zip,primary,https://datapool.asf.alaska.edu/SLC/SA/S1A_IW_SLC__1SDV_20260302T084423_20260302T084450_063446_07F881_5A86.zip,SLC,DESCENDING,24,63446,633,2026-03-02T08:44:23Z,2026-03-02T08:44:50Z,0.0 MB,C:\Users\jales\Documents\GitHub\thesis_code\downloads\sentinel1_asf\Sentinel-1A\S1A_IW_SLC__1SDV_20260302T084423_20260302T084450_063446_07F881_5A86.zip,missing_auth
feature_0_part_1_split_1,0,Sentinel-1A,,SENTINEL-1,Sentinel-1A,S1A_IW_SLC__1SDV_20260302T084358_20260302T084425_063446_07F881_7279-SLC,S1A_IW_SLC__1SDV_20260302T084358_20260302T084425_063446_07F881_7279,S1A_IW_SLC__1SDV_20260302T084358_20260302T084425_063446_07F881_7279.zip,primary,https://datapool.asf.alaska.edu/SLC/SA/S1A_IW_SLC__1SDV_20260302T084358_20260302T084425_063446_07F881_7279.zip,SLC,DESCENDING,24,63446,628,2026-03-02T08:43:58Z,2026-03-02T08:44:25Z,0.0 MB,C:\Users\jales\Documents\GitHub\thesis_code\downloads\sentinel1_asf\Sentinel-1A\S1A_IW_SLC__1SDV_20260302T084358_20260302T084425_063446_07F881_7279.zip,missing_auth
feature_0_part_1_split_1,0,Sentinel-1A,,SENTINEL-1,Sentinel-1A,S1A_IW_SLC__1SDV_20260302T084333_20260302T084400_063446_07F881_4AED-SLC,S1A_IW_SLC__1SDV_20260302T084333_20260302T084400_063446_07F881_4AED,S1A_IW_SLC__1SDV_20260302T084333_20260302T084400_063446_07F881_4AED.zip,primary,https://datapool.asf.alaska.edu/SLC/SA/S1A_IW_SLC__1SDV_20260302T084333_20260302T084400_063446_07F881_4AED.zip,SLC,DESCENDING,24,63446,623,2026-03-02T08:43:33Z,2026-03-02T08:44:00Z,0.0 MB,C:\Users\jales\Documents\GitHub\thesis_code\downloads\sentinel1_asf\Sentinel-1A\S1A_IW_SLC__1SDV_20260302T084333_20260302T084400_063446_07F881_4AED.zip,missing_auth
feature_0_part_1_split_1,0,Sentinel-1A,,SENTINEL-1,Sentinel-1A,S1A_IW_SLC__1SDV_20260302T084307_20260302T084335_063446_07F881_7B5C-SLC,S1A_IW_SLC__1SDV_20260302T084307_20260302T084335_063446_07F881_7B5C,S1A_IW_SLC__1SDV_20260302T084307_20260302T084335_063446_07F881_7B5C.zip,primary,https://datapool.asf.alaska.edu/SLC/SA/S1A_IW_SLC__1SDV_20260302T084307_20260302T084335_063446_07F881_7B5C.zip,SLC,DESCENDING,24,63446,618,2026-03-02T08:43:07Z,2026-03-02T08:43:35Z,0.0 MB,C:\Users\jales\Documents\GitHub\thesis_code\downloads\sentinel1_asf\Sentinel-1A\S1A_IW_SLC__1SDV_20260302T084307_20260302T084335_063446_07F881_7B5C.zip,missing_auth
feature_0_part_1_split_1,0,Sentinel-1A,,SENTINEL-1,Sentinel-1A,S1A_IW_SLC__1SDV_20260302T084243_20260302T084309_063446_07F881_BCC9-SLC,S1A_IW_SLC__1SDV_20260302T084243_20260302T084309_063446_07F881_BCC9,S1A_IW_SLC__1SDV_20260302T084243_20260302T084309_063446_07F881_BCC9.zip,primary,https://datapool.asf.alaska.edu/SLC/SA/S1A_IW_SLC__1SDV_20260302T084243_20260302T084309_063446_07F881_BCC9.zip,SLC,DESCENDING,24,63446,613,2026-03-02T08:42:43Z,2026-03-02T08:43:09Z,0.0 MB,C:\Users\jales\Documents\GitHub\thesis_code\downloads\sentinel1_asf\Sentinel-1A\S1A_IW_SLC__1SDV_20260302T084243_20260302T084309_063446_07F881_BCC9.zip,missing_auth
feature_0_part_1_split_1,0,Sentinel-1A,,SENTINEL-1,Sentinel-1A,S1A_IW_SLC__1SDV_20260302T084218_20260302T084245_063446_07F881_62D9-SLC,S1A_IW_SLC__1SDV_20260302T084218_20260302T084245_063446_07F881_62D9,S1A_IW_SLC__1SDV_20260302T084218_20260302T084245_063446_07F881_62D9.zip,primary,https://datapool.asf.alaska.edu/SLC/SA/S1A_IW_SLC__1SDV_20260302T084218_20260302T084245_063446_07F881_62D9.zip,SLC,DESCENDING,24,63446,608,2026-03-02T08:42:18Z,2026-03-02T08:42:45Z,0.0 MB,C:\Users\jales\Documents\GitHub\thesis_code\downloads\sentinel1_asf\Sentinel-1A\S1A_IW_SLC__1SDV_20260302T084218_20260302T084245_063446_07F881_62D9.zip,missing_auth
feature_0_part_1_split_1,0,Sentinel-1A,,SENTINEL-1,Sentinel-1A,S1A_IW_SLC__1SDV_20260302T084153_20260302T084220_063446_07F881_4754-SLC,S1A_IW_SLC__1SDV_20260302T084153_20260302T084220_063446_07F881_4754,S1A_IW_SLC__1SDV_20260302T084153_20260302T084220_063446_07F881_4754.zip,primary,https://datapool.asf.alaska.edu/SLC/SA/S1A_IW_SLC__1SDV_20260302T084153_20260302T084220_063446_07F881_4754.zip,SLC,DESCENDING,24,63446,603,2026-03-02T08:41:53Z,2026-03-02T08:42:20Z,0.0 MB,C:\Users\jales\Documents\GitHub\thesis_code\downloads\sentinel1_asf\Sentinel-1A\S1A_IW_SLC__1SDV_20260302T084153_20260302T084220_063446_07F881_4754.zip,missing_auth
feature_0_part_1_split_1,0,Sentinel-1A,,SENTINEL-1,Sentinel-1A,S1A_IW_SLC__1SDV_20260302T084128_20260302T084155_063446_07F881_9B20-SLC,S1A_IW_SLC__1SDV_20260302T084128_20260302T084155_063446_07F881_9B20,S1A_IW_SLC__1SDV_20260302T084128_20260302T084155_063446_07F881_9B20.zip,primary,https://datapool.asf.alaska.edu/SLC/SA/S1A_IW_SLC__1SDV_20260302T084128_20260302T084155_063446_07F881_9B20.zip,SLC,DESCENDING,24,63446,598,2026-03-02T08:41:28Z,2026-03-02T08:41:55Z,0.0 MB,C:\Users\jales\Documents\GitHub\thesis_code\downloads\sentinel1_asf\Sentinel-1A\S1A_IW_SLC__1SDV_20260302T084128_20260302T084155_063446_07F881_9B20.zip,missing_auth
feature_0_part_1_split_1,0,Sentinel-1A,,SENTINEL-1,Sentinel-1A,S1A_IW_SLC__1SDV_20260301T094151_20260301T094218_063432_07F803_6FAF-SLC,S1A_IW_SLC__1SDV_20260301T094151_20260301T094218_063432_07F803_6FAF,S1A_IW_SLC__1SDV_20260301T094151_20260301T094218_063432_07F803_6FAF.zip,primary,https://datapool.asf.alaska.edu/SLC/SA/S1A_IW_SLC__1SDV_20260301T094151_20260301T094218_063432_07F803_6FAF.zip,SLC,DESCENDING,10,63432,631,2026-03-01T09:41:51Z,2026-03-01T09:42:18Z,0.0 MB,C:\Users\jales\Documents\GitHub\thesis_code\downloads\sentinel1_asf\Sentinel-1A\S1A_IW_SLC__1SDV_20260301T094151_20260301T094218_063432_07F803_6FAF.zip,missing_auth
feature_0_part_1_split_1,0,Sentinel-1C,,SENTINEL-1,Sentinel-1C,S1C_IW_SLC__1SDV_20260330T090314_20260330T090341_006991_00E27F_74CA-SLC,S1C_IW_SLC__1SDV_20260330T090314_20260330T090341_006991_00E27F_74CA,S1C_IW_SLC__1SDV_20260330T090314_20260330T090341_006991_00E27F_74CA.zip,primary,https://datapool.asf.alaska.edu/SLC/SC/S1C_IW_SLC__1SDV_20260330T090314_20260330T090341_006991_00E27F_74CA.zip,SLC,DESCENDING,170,6991,673,2026-03-30T09:03:14Z,2026-03-30T09:03:41Z,0.0 MB,C:\Users\jales\Documents\GitHub\thesis_code\downloads\sentinel1_asf\Sentinel-1C\S1C_IW_SLC__1SDV_20260330T090314_20260330T090341_006991_00E27F_74CA.zip,missing_auth
feature_0_part_1_split_1,0,Sentinel-1C,,SENTINEL-1,Sentinel-1C,S1C_IW_SLC__1SDV_20260330T090249_20260330T090316_006991_00E27F_39D4-SLC,S1C_IW_SLC__1SDV_20260330T090249_20260330T090316_006991_00E27F_39D4,S1C_IW_SLC__1SDV_20260330T090249_20260330T090316_006991_00E27F_39D4.zip,primary,https://datapool.asf.alaska.edu/SLC/SC/S1C_IW_SLC__1SDV_20260330T090249_20260330T090316_006991_00E27F_39D4.zip,SLC,DESCENDING,170,6991,668,2026-03-30T09:02:49Z,2026-03-30T09:03:16Z,0.0 MB,C:\Users\jales\Documents\GitHub\thesis_code\downloads\sentinel1_asf\Sentinel-1C\S1C_IW_SLC__1SDV_20260330T090249_20260330T090316_006991_00E27F_39D4.zip,missing_auth
feature_0_part_1_split_1,0,Sentinel-1C,,SENTINEL-1,Sentinel-1C,S1C_IW_SLC__1SDV_20260330T090224_20260330T090251_006991_00E27F_B5F2-SLC,S1C_IW_SLC__1SDV_20260330T090224_20260330T090251_006991_00E27F_B5F2,S1C_IW_SLC__1SDV_20260330T090224_20260330T090251_006991_00E27F_B5F2.zip,primary,https://datapool.asf.alaska.edu/SLC/SC/S1C_IW_SLC__1SDV_20260330T090224_20260330T090251_006991_00E27F_B5F2.zip,SLC,DESCENDING,170,6991,663,2026-03-30T09:02:24Z,2026-03-30T09:02:51Z,0.0 MB,C:\Users\jales\Documents\GitHub\thesis_code\downloads\sentinel1_asf\Sentinel-1C\S1C_IW_SLC__1SDV_20260330T090224_20260330T090251_006991_00E27F_B5F2.zip,missing_auth
feature_0_part_1_split_1,0,Sentinel-1C,,SENTINEL-1,Sentinel-1C,S1C_IW_SLC__1SDV_20260330T090156_20260330T090226_006991_00E27F_DD81-SLC,S1C_IW_SLC__1SDV_20260330T090156_20260330T090226_006991_00E27F_DD81,S1C_IW_SLC__1SDV_20260330T090156_20260330T090226_006991_00E27F_DD81.zip,primary,https://datapool.asf.alaska.edu/SLC/SC/S1C_IW_SLC__1SDV_20260330T090156_20260330T090226_006991_00E27F_DD81.zip,SLC,DESCENDING,170,6991,657,2026-03-30T09:01:56Z,2026-03-30T09:02:26Z,0.0 MB,C:\Users\jales\Documents\GitHub\thesis_code\downloads\sentinel1_asf\Sentinel-1C\S1C_IW_SLC__1SDV_20260330T090156_20260330T090226_006991_00E27F_DD81.zip,missing_auth
feature_0_part_1_split_1,0,Sentinel-1C,,SENTINEL-1,Sentinel-1C,S1C_IW_SLC__1SDV_20260329T220741_20260329T220801_006984_00E240_9E55-SLC,S1C_IW_SLC__1SDV_20260329T220741_20260329T220801_006984_00E240_9E55,S1C_IW_SLC__1SDV_20260329T220741_20260329T220801_006984_00E240_9E55.zip,primary,https://datapool.asf.alaska.edu/SLC/SC/S1C_IW_SLC__1SDV_20260329T220741_20260329T220801_006984_00E240_9E55.zip,SLC,ASCENDING,163,6984,1101,2026-03-29T22:07:41Z,2026-03-29T22:08:01Z,0.0 MB,C:\Users\jales\Documents\GitHub\thesis_code\downloads\sentinel1_asf\Sentinel-1C\S1C_IW_SLC__1SDV_20260329T220741_20260329T220801_006984_00E240_9E55.zip,missing_auth
feature_0_part_1_split_1,0,Sentinel-1C,,SENTINEL-1,Sentinel-1C,S1C_IW_SLC__1SDV_20260329T082042_20260329T082109_006976_00E1F3_D4D2-SLC,S1C_IW_SLC__1SDV_20260329T082042_20260329T082109_006976_00E1F3_D4D2,S1C_IW_SLC__1SDV_20260329T082042_20260329T082109_006976_00E1F3_D4D2.zip,primary,https://datapool.asf.alaska.edu/SLC/SC/S1C_IW_SLC__1SDV_20260329T082042_20260329T082109_006976_00E1F3_D4D2.zip,SLC,DESCENDING,155,6976,656,2026-03-29T08:20:42Z,2026-03-29T08:21:09Z,0.0 MB,C:\Users\jales\Documents\GitHub\thesis_code\downloads\sentinel1_asf\Sentinel-1C\S1C_IW_SLC__1SDV_20260329T082042_20260329T082109_006976_00E1F3_D4D2.zip,missing_auth
feature_0_part_1_split_1,0,Sentinel-1C,,SENTINEL-1,Sentinel-1C,S1C_IW_SLC__1SDV_20260329T082014_20260329T082044_006976_00E1F3_5D61-SLC,S1C_IW_SLC__1SDV_20260329T082014_20260329T082044_006976_00E1F3_5D61,S1C_IW_SLC__1SDV_20260329T082014_20260329T082044_006976_00E1F3_5D61.zip,primary,https://datapool.asf.alaska.edu/SLC/SC/S1C_IW_SLC__1SDV_20260329T082014_20260329T082044_006976_00E1F3_5D61.zip,SLC,DESCENDING,155,6976,651,2026-03-29T08:20:14Z,2026-03-29T08:20:44Z,0.0 MB,C:\Users\jales\Documents\GitHub\thesis_code\downloads\sentinel1_asf\Sentinel-1C\S1C_IW_SLC__1SDV_20260329T082014_20260329T082044_006976_00E1F3_5D61.zip,missing_auth
feature_0_part_1_split_1,0,Sentinel-1C,,SENTINEL-1,Sentinel-1C,S1C_IW_SLC__1SDV_20260328T091905_20260328T091932_006962_00E16C_4A07-SLC,S1C_IW_SLC__1SDV_20260328T091905_20260328T091932_006962_00E16C_4A07,S1C_IW_SLC__1SDV_20260328T091905_20260328T091932_006962_00E16C_4A07.zip,primary,https://datapool.asf.alaska.edu/SLC/SC/S1C_IW_SLC__1SDV_20260328T091905_20260328T091932_006962_00E16C_4A07.zip,SLC,DESCENDING,141,6962,666,2026-03-28T09:19:05Z,2026-03-28T09:19:32Z,0.0 MB,C:\Users\jales\Documents\GitHub\thesis_code\downloads\sentinel1_asf\Sentinel-1C\S1C_IW_SLC__1SDV_20260328T091905_20260328T091932_006962_00E16C_4A07.zip,missing_auth
feature_0_part_1_split_1,0,Sentinel-1C,,SENTINEL-1,Sentinel-1C,S1C_IW_SLC__1SDV_20260328T091836_20260328T091907_006962_00E16C_63A6-SLC,S1C_IW_SLC__1SDV_20260328T091836_20260328T091907_006962_00E16C_63A6,S1C_IW_SLC__1SDV_20260328T091836_20260328T091907_006962_00E16C_63A6.zip,primary,https://datapool.asf.alaska.edu/SLC/SC/S1C_IW_SLC__1SDV_20260328T091836_20260328T091907_006962_00E16C_63A6.zip,SLC,DESCENDING,141,6962,660,2026-03-28T09:18:36Z,2026-03-28T09:19:07Z,0.0 MB,C:\Users\jales\Documents\GitHub\thesis_code\downloads\sentinel1_asf\Sentinel-1C\S1C_IW_SLC__1SDV_20260328T091836_20260328T091907_006962_00E16C_63A6.zip,missing_auth
feature_0_part_1_split_1,0,Sentinel-1C,,SENTINEL-1,Sentinel-1C,S1C_IW_SLC__1SDV_20260327T083847_20260327T083914_006947_00E0E5_F9D6-SLC,S1C_IW_SLC__1SDV_20260327T083847_20260327T083914_006947_00E0E5_F9D6,S1C_IW_SLC__1SDV_20260327T083847_20260327T083914_006947_00E0E5_F9D6.zip,primary,https://datapool.asf.alaska.edu/SLC/SC/S1C_IW_SLC__1SDV_20260327T083847_20260327T083914_006947_00E0E5_F9D6.zip,SLC,DESCENDING,126,6947,676,2026-03-27T08:38:47Z,2026-03-27T08:39:14Z,0.0 MB,C:\Users\jales\Documents\GitHub\thesis_code\downloads\sentinel1_asf\Sentinel-1C\S1C_IW_SLC__1SDV_20260327T083847_20260327T083914_006947_00E0E5_F9D6.zip,missing_auth
feature_0_part_1_split_1,0,Sentinel-1C,,SENTINEL-1,Sentinel-1C,S1C_IW_SLC__1SDV_20260327T083822_20260327T083849_006947_00E0E5_2F4A-SLC,S1C_IW_SLC__1SDV_20260327T083822_20260327T083849_006947_00E0E5_2F4A,S1C_IW_SLC__1SDV_20260327T083822_20260327T083849_006947_00E0E5_2F4A.zip,primary,https://datapool.asf.alaska.edu/SLC/SC/S1C_IW_SLC__1SDV_20260327T083822_20260327T083849_006947_00E0E5_2F4A.zip,SLC,DESCENDING,126,6947,671,2026-03-27T08:38:22Z,2026-03-27T08:38:49Z,0.0 MB,C:\Users\jales\Documents\GitHub\thesis_code\downloads\sentinel1_asf\Sentinel-1C\S1C_IW_SLC__1SDV_20260327T083822_20260327T083849_006947_00E0E5_2F4A.zip,missing_auth
feature_0_part_1_split_1,0,Sentinel-1C,,SENTINEL-1,Sentinel-1C,S1C_IW_SLC__1SDV_20260327T083756_20260327T083824_006947_00E0E5_7F47-SLC,S1C_IW_SLC__1SDV_20260327T083756_20260327T083824_006947_00E0E5_7F47,S1C_IW_SLC__1SDV_20260327T083756_20260327T083824_006947_00E0E5_7F47.zip,primary,https://datapool.asf.alaska.edu/SLC/SC/S1C_IW_SLC__1SDV_20260327T083756_20260327T083824_006947_00E0E5_7F47.zip,SLC,DESCENDING,126,6947,666,2026-03-27T08:37:56Z,2026-03-27T08:38:24Z,0.0 MB,C:\Users\jales\Documents\GitHub\thesis_code\downloads\sentinel1_asf\Sentinel-1C\S1C_IW_SLC__1SDV_20260327T083756_20260327T083824_006947_00E0E5_7F47.zip,missing_auth
feature_0_part_1_split_1,0,Sentinel-1C,,SENTINEL-1,Sentinel-1C,S1C_IW_SLC__1SDV_20260327T083731_20260327T083758_006947_00E0E5_FCAC-SLC,S1C_IW_SLC__1SDV_20260327T083731_20260327T083758_006947_00E0E5_FCAC,S1C_IW_SLC__1SDV_20260327T083731_20260327T083758_006947_00E0E5_FCAC.zip,primary,https://datapool.asf.alaska.edu/SLC/SC/S1C_IW_SLC__1SDV_20260327T083731_20260327T083758_006947_00E0E5_FCAC.zip,SLC,DESCENDING,126,6947,661,2026-03-27T08:37:31Z,2026-03-27T08:37:58Z,0.0 MB,C:\Users\jales\Documents\GitHub\thesis_code\downloads\sentinel1_asf\Sentinel-1C\S1C_IW_SLC__1SDV_20260327T083731_20260327T083758_006947_00E0E5_FCAC.zip,missing_auth
feature_0_part_1_split_1,0,Sentinel-1C,,SENTINEL-1,Sentinel-1C,S1C_IW_SLC__1SDV_20260327T083707_20260327T083734_006947_00E0E5_2940-SLC,S1C_IW_SLC__1SDV_20260327T083707_20260327T083734_006947_00E0E5_2940,S1C_IW_SLC__1SDV_20260327T083707_20260327T083734_006947_00E0E5_2940.zip,primary,https://datapool.asf.alaska.edu/SLC/SC/S1C_IW_SLC__1SDV_20260327T083707_20260327T083734_006947_00E0E5_2940.zip,SLC,DESCENDING,126,6947,656,2026-03-27T08:37:07Z,2026-03-27T08:37:34Z,0.0 MB,C:\Users\jales\Documents\GitHub\thesis_code\downloads\sentinel1_asf\Sentinel-1C\S1C_IW_SLC__1SDV_20260327T083707_20260327T083734_006947_00E0E5_2940.zip,missing_auth
feature_0_part_1_split_1,0,Sentinel-1C,,SENTINEL-1,Sentinel-1C,S1C_IW_SLC__1SDV_20260327T083642_20260327T083709_006947_00E0E5_6D46-SLC,S1C_IW_SLC__1SDV_20260327T083642_20260327T083709_006947_00E0E5_6D46,S1C_IW_SLC__1SDV_20260327T083642_20260327T083709_006947_00E0E5_6D46.zip,primary,https://datapool.asf.alaska.edu/SLC/SC/S1C_IW_SLC__1SDV_20260327T083642_20260327T083709_006947_00E0E5_6D46.zip,SLC,DESCENDING,126,6947,651,2026-03-27T08:36:42Z,2026-03-27T08:37:09Z,0.0 MB,C:\Users\jales\Documents\GitHub\thesis_code\downloads\sentinel1_asf\Sentinel-1C\S1C_IW_SLC__1SDV_20260327T083642_20260327T083709_006947_00E0E5_6D46.zip,missing_auth
feature_0_part_1_split_1,0,Sentinel-1C,,SENTINEL-1,Sentinel-1C,S1C_IW_SLC__1SDV_20260327T083617_20260327T083644_006947_00E0E5_C11C-SLC,S1C_IW_SLC__1SDV_20260327T083617_20260327T083644_006947_00E0E5_C11C,S1C_IW_SLC__1SDV_20260327T083617_20260327T083644_006947_00E0E5_C11C.zip,primary,https://datapool.asf.alaska.edu/SLC/SC/S1C_IW_SLC__1SDV_20260327T083617_20260327T083644_006947_00E0E5_C11C.zip,SLC,DESCENDING,126,6947,646,2026-03-27T08:36:17Z,2026-03-27T08:36:44Z,0.0 MB,C:\Users\jales\Documents\GitHub\thesis_code\downloads\sentinel1_asf\Sentinel-1C\S1C_IW_SLC__1SDV_20260327T083617_20260327T083644_006947_00E0E5_C11C.zip,missing_auth
feature_0_part_1_split_1,0,Sentinel-1C,,SENTINEL-1,Sentinel-1C,S1C_IW_SLC__1SDV_20260327T083548_20260327T083619_006947_00E0E5_6B7B-SLC,S1C_IW_SLC__1SDV_20260327T083548_20260327T083619_006947_00E0E5_6B7B,S1C_IW_SLC__1SDV_20260327T083548_20260327T083619_006947_00E0E5_6B7B.zip,primary,https://datapool.asf.alaska.edu/SLC/SC/S1C_IW_SLC__1SDV_20260327T083548_20260327T083619_006947_00E0E5_6B7B.zip,SLC,DESCENDING,126,6947,640,2026-03-27T08:35:48Z,2026-03-27T08:36:19Z,0.0 MB,C:\Users\jales\Documents\GitHub\thesis_code\downloads\sentinel1_asf\Sentinel-1C\S1C_IW_SLC__1SDV_20260327T083548_20260327T083619_006947_00E0E5_6B7B.zip,missing_auth
feature_0_part_1_split_1,0,Sentinel-1C,,SENTINEL-1,Sentinel-1C,S1C_IW_SLC__1SDV_20260326T093338_20260326T093409_006933_00E07B_0895-SLC,S1C_IW_SLC__1SDV_20260326T093338_20260326T093409_006933_00E07B_0895,S1C_IW_SLC__1SDV_20260326T093338_20260326T093409_006933_00E07B_0895.zip,primary,https://datapool.asf.alaska.edu/SLC/SC/S1C_IW_SLC__1SDV_20260326T093338_20260326T093409_006933_00E07B_0895.zip,SLC,DESCENDING,112,6933,643,2026-03-26T09:33:38Z,2026-03-26T09:34:09Z,0.0 MB,C:\Users\jales\Documents\GitHub\thesis_code\downloads\sentinel1_asf\Sentinel-1C\S1C_IW_SLC__1SDV_20260326T093338_20260326T093409_006933_00E07B_0895.zip,missing_auth
feature_0_part_1_split_1,0,Sentinel-1C,,SENTINEL-1,Sentinel-1C,S1C_IW_SLC__1SDV_20260325T085418_20260325T085445_006918_00DFF2_FEC8-SLC,S1C_IW_SLC__1SDV_20260325T085418_20260325T085445_006918_00DFF2_FEC8,S1C_IW_SLC__1SDV_20260325T085418_20260325T085445_006918_00DFF2_FEC8.zip,primary,https://datapool.asf.alaska.edu/SLC/SC/S1C_IW_SLC__1SDV_20260325T085418_20260325T085445_006918_00DFF2_FEC8.zip,SLC,DESCENDING,97,6918,665,2026-03-25T08:54:18Z,2026-03-25T08:54:45Z,0.0 MB,C:\Users\jales\Documents\GitHub\thesis_code\downloads\sentinel1_asf\Sentinel-1C\S1C_IW_SLC__1SDV_20260325T085418_20260325T085445_006918_00DFF2_FEC8.zip,missing_auth
feature_0_part_1_split_1,0,Sentinel-1C,,SENTINEL-1,Sentinel-1C,S1C_IW_SLC__1SDV_20260325T085349_20260325T085420_006918_00DFF2_3B10-SLC,S1C_IW_SLC__1SDV_20260325T085349_20260325T085420_006918_00DFF2_3B10,S1C_IW_SLC__1SDV_20260325T085349_20260325T085420_006918_00DFF2_3B10.zip,primary,https://datapool.asf.alaska.edu/SLC/SC/S1C_IW_SLC__1SDV_20260325T085349_20260325T085420_006918_00DFF2_3B10.zip,SLC,DESCENDING,97,6918,659,2026-03-25T08:53:49Z,2026-03-25T08:54:20Z,0.0 MB,C:\Users\jales\Documents\GitHub\thesis_code\downloads\sentinel1_asf\Sentinel-1C\S1C_IW_SLC__1SDV_20260325T085349_20260325T085420_006918_00DFF2_3B10.zip,missing_auth
feature_0_part_1_split_1,0,Sentinel-1C,,SENTINEL-1,Sentinel-1C,S1C_IW_SLC__1SDV_20260323T091104_20260323T091131_006889_00DEEC_CCF7-SLC,S1C_IW_SLC__1SDV_20260323T091104_20260323T091131_006889_00DEEC_CCF7,S1C_IW_SLC__1SDV_20260323T091104_20260323T091131_006889_00DEEC_CCF7.zip,primary,https://datapool.asf.alaska.edu/SLC/SC/S1C_IW_SLC__1SDV_20260323T091104_20260323T091131_006889_00DEEC_CCF7.zip,SLC,DESCENDING,68,6889,668,2026-03-23T09:11:04Z,2026-03-23T09:11:31Z,0.0 MB,C:\Users\jales\Documents\GitHub\thesis_code\downloads\sentinel1_asf\Sentinel-1C\S1C_IW_SLC__1SDV_20260323T091104_20260323T091131_006889_00DEEC_CCF7.zip,missing_auth
feature_0_part_1_split_1,0,Sentinel-1C,,SENTINEL-1,Sentinel-1C,S1C_IW_SLC__1SDV_20260323T091039_20260323T091106_006889_00DEEC_2127-SLC,S1C_IW_SLC__1SDV_20260323T091039_20260323T091106_006889_00DEEC_2127,S1C_IW_SLC__1SDV_20260323T091039_20260323T091106_006889_00DEEC_2127.zip,primary,https://datapool.asf.alaska.edu/SLC/SC/S1C_IW_SLC__1SDV_20260323T091039_20260323T091106_006889_00DEEC_2127.zip,SLC,DESCENDING,68,6889,663,2026-03-23T09:10:39Z,2026-03-23T09:11:06Z,0.0 MB,C:\Users\jales\Documents\GitHub\thesis_code\downloads\sentinel1_asf\Sentinel-1C\S1C_IW_SLC__1SDV_20260323T091039_20260323T091106_006889_00DEEC_2127.zip,missing_auth
feature_0_part_1_split_1,0,Sentinel-1C,,SENTINEL-1,Sentinel-1C,S1C_IW_SLC__1SDV_20260323T091015_20260323T091042_006889_00DEEC_ACD0-SLC,S1C_IW_SLC__1SDV_20260323T091015_20260323T091042_006889_00DEEC_ACD0,S1C_IW_SLC__1SDV_20260323T091015_20260323T091042_006889_00DEEC_ACD0.zip,primary,https://datapool.asf.alaska.edu/SLC/SC/S1C_IW_SLC__1SDV_20260323T091015_20260323T091042_006889_00DEEC_ACD0.zip,SLC,DESCENDING,68,6889,659,2026-03-23T09:10:15Z,2026-03-23T09:10:42Z,0.0 MB,C:\Users\jales\Documents\GitHub\thesis_code\downloads\sentinel1_asf\Sentinel-1C\S1C_IW_SLC__1SDV_20260323T091015_20260323T091042_006889_00DEEC_ACD0.zip,missing_auth
feature_0_part_1_split_1,0,Sentinel-1C,,SENTINEL-1,Sentinel-1C,S1C_IW_SLC__1SDV_20260323T090946_20260323T091017_006889_00DEEC_479F-SLC,S1C_IW_SLC__1SDV_20260323T090946_20260323T091017_006889_00DEEC_479F,S1C_IW_SLC__1SDV_20260323T090946_20260323T091017_006889_00DEEC_479F.zip,primary,https://datapool.asf.alaska.edu/SLC/SC/S1C_IW_SLC__1SDV_20260323T090946_20260323T091017_006889_00DEEC_479F.zip,SLC,DESCENDING,68,6889,653,2026-03-23T09:09:46Z,2026-03-23T09:10:17Z,0.0 MB,C:\Users\jales\Documents\GitHub\thesis_code\downloads\sentinel1_asf\Sentinel-1C\S1C_IW_SLC__1SDV_20260323T090946_20260323T091017_006889_00DEEC_479F.zip,missing_auth
feature_0_part_1_split_1,0,Sentinel-1C,,SENTINEL-1,Sentinel-1C,S1C_IW_SLC__1SDV_20260322T221545_20260322T221611_006882_00DEB2_88D9-SLC,S1C_IW_SLC__1SDV_20260322T221545_20260322T221611_006882_00DEB2_88D9,S1C_IW_SLC__1SDV_20260322T221545_20260322T221611_006882_00DEB2_88D9.zip,primary,https://datapool.asf.alaska.edu/SLC/SC/S1C_IW_SLC__1SDV_20260322T221545_20260322T221611_006882_00DEB2_88D9.zip,SLC,ASCENDING,61,6882,1099,2026-03-22T22:15:45Z,2026-03-22T22:16:11Z,0.0 MB,C:\Users\jales\Documents\GitHub\thesis_code\downloads\sentinel1_asf\Sentinel-1C\S1C_IW_SLC__1SDV_20260322T221545_20260322T221611_006882_00DEB2_88D9.zip,missing_auth
feature_0_part_1_split_1,0,Sentinel-1C,,SENTINEL-1,Sentinel-1C,S1C_IW_SLC__1SDV_20260322T082947_20260322T083015_006874_00DE65_6577-SLC,S1C_IW_SLC__1SDV_20260322T082947_20260322T083015_006874_00DE65_6577,S1C_IW_SLC__1SDV_20260322T082947_20260322T083015_006874_00DE65_6577.zip,primary,https://datapool.asf.alaska.edu/SLC/SC/S1C_IW_SLC__1SDV_20260322T082947_20260322T083015_006874_00DE65_6577.zip,SLC,DESCENDING,53,6874,667,2026-03-22T08:29:47Z,2026-03-22T08:30:15Z,0.0 MB,C:\Users\jales\Documents\GitHub\thesis_code\downloads\sentinel1_asf\Sentinel-1C\S1C_IW_SLC__1SDV_20260322T082947_20260322T083015_006874_00DE65_6577.zip,missing_auth
feature_0_part_1_split_1,0,Sentinel-1C,,SENTINEL-1,Sentinel-1C,S1C_IW_SLC__1SDV_20260322T082922_20260322T082949_006874_00DE65_CA83-SLC,S1C_IW_SLC__1SDV_20260322T082922_20260322T082949_006874_00DE65_CA83,S1C_IW_SLC__1SDV_20260322T082922_20260322T082949_006874_00DE65_CA83.zip,primary,https://datapool.asf.alaska.edu/SLC/SC/S1C_IW_SLC__1SDV_20260322T082922_20260322T082949_006874_00DE65_CA83.zip,SLC,DESCENDING,53,6874,662,2026-03-22T08:29:22Z,2026-03-22T08:29:49Z,0.0 MB,C:\Users\jales\Documents\GitHub\thesis_code\downloads\sentinel1_asf\Sentinel-1C\S1C_IW_SLC__1SDV_20260322T082922_20260322T082949_006874_00DE65_CA83.zip,missing_auth
feature_0_part_1_split_1,0,Sentinel-1C,,SENTINEL-1,Sentinel-1C,S1C_IW_SLC__1SDV_20260322T082858_20260322T082924_006874_00DE65_460C-SLC,S1C_IW_SLC__1SDV_20260322T082858_20260322T082924_006874_00DE65_460C,S1C_IW_SLC__1SDV_20260322T082858_20260322T082924_006874_00DE65_460C.zip,primary,https://datapool.asf.alaska.edu/SLC/SC/S1C_IW_SLC__1SDV_20260322T082858_20260322T082924_006874_00DE65_460C.zip,SLC,DESCENDING,53,6874,657,2026-03-22T08:28:58Z,2026-03-22T08:29:24Z,0.0 MB,C:\Users\jales\Documents\GitHub\thesis_code\downloads\sentinel1_asf\Sentinel-1C\S1C_IW_SLC__1SDV_20260322T082858_20260322T082924_006874_00DE65_460C.zip,missing_auth
feature_0_part_1_split_1,0,Sentinel-1C,,SENTINEL-1,Sentinel-1C,S1C_IW_SLC__1SDV_20260322T082833_20260322T082900_006874_00DE65_F283-SLC,S1C_IW_SLC__1SDV_20260322T082833_20260322T082900_006874_00DE65_F283,S1C_IW_SLC__1SDV_20260322T082833_20260322T082900_006874_00DE65_F283.zip,primary,https://datapool.asf.alaska.edu/SLC/SC/S1C_IW_SLC__1SDV_20260322T082833_20260322T082900_006874_00DE65_F283.zip,SLC,DESCENDING,53,6874,652,2026-03-22T08:28:33Z,2026-03-22T08:29:00Z,0.0 MB,C:\Users\jales\Documents\GitHub\thesis_code\downloads\sentinel1_asf\Sentinel-1C\S1C_IW_SLC__1SDV_20260322T082833_20260322T082900_006874_00DE65_F283.zip,missing_auth
feature_0_part_1_split_1,0,Sentinel-1C,,SENTINEL-1,Sentinel-1C,S1C_IW_SLC__1SDV_20260322T082808_20260322T082835_006874_00DE65_6906-SLC,S1C_IW_SLC__1SDV_20260322T082808_20260322T082835_006874_00DE65_6906,S1C_IW_SLC__1SDV_20260322T082808_20260322T082835_006874_00DE65_6906.zip,primary,https://datapool.asf.alaska.edu/SLC/SC/S1C_IW_SLC__1SDV_20260322T082808_20260322T082835_006874_00DE65_6906.zip,SLC,DESCENDING,53,6874,647,2026-03-22T08:28:08Z,2026-03-22T08:28:35Z,0.0 MB,C:\Users\jales\Documents\GitHub\thesis_code\downloads\sentinel1_asf\Sentinel-1C\S1C_IW_SLC__1SDV_20260322T082808_20260322T082835_006874_00DE65_6906.zip,missing_auth
feature_0_part_1_split_1,0,Sentinel-1C,,SENTINEL-1,Sentinel-1C,S1C_IW_SLC__1SDV_20260322T082739_20260322T082810_006874_00DE65_1F0F-SLC,S1C_IW_SLC__1SDV_20260322T082739_20260322T082810_006874_00DE65_1F0F,S1C_IW_SLC__1SDV_20260322T082739_20260322T082810_006874_00DE65_1F0F.zip,primary,https://datapool.asf.alaska.edu/SLC/SC/S1C_IW_SLC__1SDV_20260322T082739_20260322T082810_006874_00DE65_1F0F.zip,SLC,DESCENDING,53,6874,641,2026-03-22T08:27:39Z,2026-03-22T08:28:10Z,0.0 MB,C:\Users\jales\Documents\GitHub\thesis_code\downloads\sentinel1_asf\Sentinel-1C\S1C_IW_SLC__1SDV_20260322T082739_20260322T082810_006874_00DE65_1F0F.zip,missing_auth
feature_0_part_1_split_1,0,Sentinel-1C,,SENTINEL-1,Sentinel-1C,S1C_IW_SLC__1SDV_20260320T084639_20260320T084706_006845_00DD6E_8674-SLC,S1C_IW_SLC__1SDV_20260320T084639_20260320T084706_006845_00DD6E_8674,S1C_IW_SLC__1SDV_20260320T084639_20260320T084706_006845_00DD6E_8674.zip,primary,https://datapool.asf.alaska.edu/SLC/SC/S1C_IW_SLC__1SDV_20260320T084639_20260320T084706_006845_00DD6E_8674.zip,SLC,DESCENDING,24,6845,672,2026-03-20T08:46:39Z,2026-03-20T08:47:06Z,0.0 MB,C:\Users\jales\Documents\GitHub\thesis_code\downloads\sentinel1_asf\Sentinel-1C\S1C_IW_SLC__1SDV_20260320T084639_20260320T084706_006845_00DD6E_8674.zip,missing_auth
feature_0_part_1_split_1,0,Sentinel-1C,,SENTINEL-1,Sentinel-1C,S1C_IW_SLC__1SDV_20260320T084614_20260320T084641_006845_00DD6E_17DD-SLC,S1C_IW_SLC__1SDV_20260320T084614_20260320T084641_006845_00DD6E_17DD,S1C_IW_SLC__1SDV_20260320T084614_20260320T084641_006845_00DD6E_17DD.zip,primary,https://datapool.asf.alaska.edu/SLC/SC/S1C_IW_SLC__1SDV_20260320T084614_20260320T084641_006845_00DD6E_17DD.zip,SLC,DESCENDING,24,6845,667,2026-03-20T08:46:14Z,2026-03-20T08:46:41Z,0.0 MB,C:\Users\jales\Documents\GitHub\thesis_code\downloads\sentinel1_asf\Sentinel-1C\S1C_IW_SLC__1SDV_20260320T084614_20260320T084641_006845_00DD6E_17DD.zip,missing_auth
feature_0_part_1_split_1,0,Sentinel-1C,,SENTINEL-1,Sentinel-1C,S1C_IW_SLC__1SDV_20260320T084546_20260320T084616_006845_00DD6E_CA47-SLC,S1C_IW_SLC__1SDV_20260320T084546_20260320T084616_006845_00DD6E_CA47,S1C_IW_SLC__1SDV_20260320T084546_20260320T084616_006845_00DD6E_CA47.zip,primary,https://datapool.asf.alaska.edu/SLC/SC/S1C_IW_SLC__1SDV_20260320T084546_20260320T084616_006845_00DD6E_CA47.zip,SLC,DESCENDING,24,6845,661,2026-03-20T08:45:46Z,2026-03-20T08:46:16Z,0.0 MB,C:\Users\jales\Documents\GitHub\thesis_code\downloads\sentinel1_asf\Sentinel-1C\S1C_IW_SLC__1SDV_20260320T084546_20260320T084616_006845_00DD6E_CA47.zip,missing_auth
feature_0_part_1_split_1,0,Sentinel-1C,,SENTINEL-1,Sentinel-1C,S1C_IW_SLC__1SDV_20260318T090313_20260318T090340_006816_00DC7D_7203-SLC,S1C_IW_SLC__1SDV_20260318T090313_20260318T090340_006816_00DC7D_7203,S1C_IW_SLC__1SDV_20260318T090313_20260318T090340_006816_00DC7D_7203.zip,primary,https://datapool.asf.alaska.edu/SLC/SC/S1C_IW_SLC__1SDV_20260318T090313_20260318T090340_006816_00DC7D_7203.zip,SLC,DESCENDING,170,6816,673,2026-03-18T09:03:13Z,2026-03-18T09:03:40Z,0.0 MB,C:\Users\jales\Documents\GitHub\thesis_code\downloads\sentinel1_asf\Sentinel-1C\S1C_IW_SLC__1SDV_20260318T090313_20260318T090340_006816_00DC7D_7203.zip,missing_auth
feature_0_part_1_split_1,0,Sentinel-1C,,SENTINEL-1,Sentinel-1C,S1C_IW_SLC__1SDV_20260318T090248_20260318T090315_006816_00DC7D_B308-SLC,S1C_IW_SLC__1SDV_20260318T090248_20260318T090315_006816_00DC7D_B308,S1C_IW_SLC__1SDV_20260318T090248_20260318T090315_006816_00DC7D_B308.zip,primary,https://datapool.asf.alaska.edu/SLC/SC/S1C_IW_SLC__1SDV_20260318T090248_20260318T090315_006816_00DC7D_B308.zip,SLC,DESCENDING,170,6816,668,2026-03-18T09:02:48Z,2026-03-18T09:03:15Z,0.0 MB,C:\Users\jales\Documents\GitHub\thesis_code\downloads\sentinel1_asf\Sentinel-1C\S1C_IW_SLC__1SDV_20260318T090248_20260318T090315_006816_00DC7D_B308.zip,missing_auth
feature_0_part_1_split_1,0,Sentinel-1C,,SENTINEL-1,Sentinel-1C,S1C_IW_SLC__1SDV_20260318T090224_20260318T090251_006816_00DC7D_6B0C-SLC,S1C_IW_SLC__1SDV_20260318T090224_20260318T090251_006816_00DC7D_6B0C,S1C_IW_SLC__1SDV_20260318T090224_20260318T090251_006816_00DC7D_6B0C.zip,primary,https://datapool.asf.alaska.edu/SLC/SC/S1C_IW_SLC__1SDV_20260318T090224_20260318T090251_006816_00DC7D_6B0C.zip,SLC,DESCENDING,170,6816,663,2026-03-18T09:02:24Z,2026-03-18T09:02:51Z,0.0 MB,C:\Users\jales\Documents\GitHub\thesis_code\downloads\sentinel1_asf\Sentinel-1C\S1C_IW_SLC__1SDV_20260318T090224_20260318T090251_006816_00DC7D_6B0C.zip,missing_auth
feature_0_part_1_split_1,0,Sentinel-1C,,SENTINEL-1,Sentinel-1C,S1C_IW_SLC__1SDV_20260318T090155_20260318T090226_006816_00DC7D_5F80-SLC,S1C_IW_SLC__1SDV_20260318T090155_20260318T090226_006816_00DC7D_5F80,S1C_IW_SLC__1SDV_20260318T090155_20260318T090226_006816_00DC7D_5F80.zip,primary,https://datapool.asf.alaska.edu/SLC/SC/S1C_IW_SLC__1SDV_20260318T090155_20260318T090226_006816_00DC7D_5F80.zip,SLC,DESCENDING,170,6816,657,2026-03-18T09:01:55Z,2026-03-18T09:02:26Z,0.0 MB,C:\Users\jales\Documents\GitHub\thesis_code\downloads\sentinel1_asf\Sentinel-1C\S1C_IW_SLC__1SDV_20260318T090155_20260318T090226_006816_00DC7D_5F80.zip,missing_auth
feature_0_part_1_split_1,0,Sentinel-1C,,SENTINEL-1,Sentinel-1C,S1C_IW_SLC__1SDV_20260317T220740_20260317T220801_006809_00DC3F_2312-SLC,S1C_IW_SLC__1SDV_20260317T220740_20260317T220801_006809_00DC3F_2312,S1C_IW_SLC__1SDV_20260317T220740_20260317T220801_006809_00DC3F_2312.zip,primary,https://datapool.asf.alaska.edu/SLC/SC/S1C_IW_SLC__1SDV_20260317T220740_20260317T220801_006809_00DC3F_2312.zip,SLC,ASCENDING,163,6809,1101,2026-03-17T22:07:40Z,2026-03-17T22:08:01Z,0.0 MB,C:\Users\jales\Documents\GitHub\thesis_code\downloads\sentinel1_asf\Sentinel-1C\S1C_IW_SLC__1SDV_20260317T220740_20260317T220801_006809_00DC3F_2312.zip,missing_auth
feature_0_part_1_split_1,0,Sentinel-1C,,SENTINEL-1,Sentinel-1C,S1C_IW_SLC__1SDV_20260317T082042_20260317T082109_006801_00DBF4_978E-SLC,S1C_IW_SLC__1SDV_20260317T082042_20260317T082109_006801_00DBF4_978E,S1C_IW_SLC__1SDV_20260317T082042_20260317T082109_006801_00DBF4_978E.zip,primary,https://datapool.asf.alaska.edu/SLC/SC/S1C_IW_SLC__1SDV_20260317T082042_20260317T082109_006801_00DBF4_978E.zip,SLC,DESCENDING,155,6801,656,2026-03-17T08:20:42Z,2026-03-17T08:21:09Z,0.0 MB,C:\Users\jales\Documents\GitHub\thesis_code\downloads\sentinel1_asf\Sentinel-1C\S1C_IW_SLC__1SDV_20260317T082042_20260317T082109_006801_00DBF4_978E.zip,missing_auth
feature_0_part_1_split_1,0,Sentinel-1C,,SENTINEL-1,Sentinel-1C,S1C_IW_SLC__1SDV_20260317T082013_20260317T082044_006801_00DBF4_FE22-SLC,S1C_IW_SLC__1SDV_20260317T082013_20260317T082044_006801_00DBF4_FE22,S1C_IW_SLC__1SDV_20260317T082013_20260317T082044_006801_00DBF4_FE22.zip,primary,https://datapool.asf.alaska.edu/SLC/SC/S1C_IW_SLC__1SDV_20260317T082013_20260317T082044_006801_00DBF4_FE22.zip,SLC,DESCENDING,155,6801,651,2026-03-17T08:20:13Z,2026-03-17T08:20:44Z,0.0 MB,C:\Users\jales\Documents\GitHub\thesis_code\downloads\sentinel1_asf\Sentinel-1C\S1C_IW_SLC__1SDV_20260317T082013_20260317T082044_006801_00DBF4_FE22.zip,missing_auth
feature_0_part_1_split_1,0,Sentinel-1C,,SENTINEL-1,Sentinel-1C,S1C_IW_SLC__1SDV_20260316T091905_20260316T091932_006787_00DB74_DAE9-SLC,S1C_IW_SLC__1SDV_20260316T091905_20260316T091932_006787_00DB74_DAE9,S1C_IW_SLC__1SDV_20260316T091905_20260316T091932_006787_00DB74_DAE9.zip,primary,https://datapool.asf.alaska.edu/SLC/SC/S1C_IW_SLC__1SDV_20260316T091905_20260316T091932_006787_00DB74_DAE9.zip,SLC,DESCENDING,141,6787,666,2026-03-16T09:19:05Z,2026-03-16T09:19:32Z,0.0 MB,C:\Users\jales\Documents\GitHub\thesis_code\downloads\sentinel1_asf\Sentinel-1C\S1C_IW_SLC__1SDV_20260316T091905_20260316T091932_006787_00DB74_DAE9.zip,missing_auth
feature_0_part_1_split_1,0,Sentinel-1C,,SENTINEL-1,Sentinel-1C,S1C_IW_SLC__1SDV_20260316T091836_20260316T091907_006787_00DB74_8F60-SLC,S1C_IW_SLC__1SDV_20260316T091836_20260316T091907_006787_00DB74_8F60,S1C_IW_SLC__1SDV_20260316T091836_20260316T091907_006787_00DB74_8F60.zip,primary,https://datapool.asf.alaska.edu/SLC/SC/S1C_IW_SLC__1SDV_20260316T091836_20260316T091907_006787_00DB74_8F60.zip,SLC,DESCENDING,141,6787,660,2026-03-16T09:18:36Z,2026-03-16T09:19:07Z,0.0 MB,C:\Users\jales\Documents\GitHub\thesis_code\downloads\sentinel1_asf\Sentinel-1C\S1C_IW_SLC__1SDV_20260316T091836_20260316T091907_006787_00DB74_8F60.zip,missing_auth
feature_0_part_1_split_1,0,Sentinel-1C,,SENTINEL-1,Sentinel-1C,S1C_IW_SLC__1SDV_20260315T083847_20260315T083914_006772_00DAEF_0828-SLC,S1C_IW_SLC__1SDV_20260315T083847_20260315T083914_006772_00DAEF_0828,S1C_IW_SLC__1SDV_20260315T083847_20260315T083914_006772_00DAEF_0828.zip,primary,https://datapool.asf.alaska.edu/SLC/SC/S1C_IW_SLC__1SDV_20260315T083847_20260315T083914_006772_00DAEF_0828.zip,SLC,DESCENDING,126,6772,676,2026-03-15T08:38:47Z,2026-03-15T08:39:14Z,0.0 MB,C:\Users\jales\Documents\GitHub\thesis_code\downloads\sentinel1_asf\Sentinel-1C\S1C_IW_SLC__1SDV_20260315T083847_20260315T083914_006772_00DAEF_0828.zip,missing_auth
feature_0_part_1_split_1,0,Sentinel-1C,,SENTINEL-1,Sentinel-1C,S1C_IW_SLC__1SDV_20260315T083822_20260315T083849_006772_00DAEF_D4B9-SLC,S1C_IW_SLC__1SDV_20260315T083822_20260315T083849_006772_00DAEF_D4B9,S1C_IW_SLC__1SDV_20260315T083822_20260315T083849_006772_00DAEF_D4B9.zip,primary,https://datapool.asf.alaska.edu/SLC/SC/S1C_IW_SLC__1SDV_20260315T083822_20260315T083849_006772_00DAEF_D4B9.zip,SLC,DESCENDING,126,6772,671,2026-03-15T08:38:22Z,2026-03-15T08:38:49Z,0.0 MB,C:\Users\jales\Documents\GitHub\thesis_code\downloads\sentinel1_asf\Sentinel-1C\S1C_IW_SLC__1SDV_20260315T083822_20260315T083849_006772_00DAEF_D4B9.zip,missing_auth
feature_0_part_1_split_1,0,Sentinel-1C,,SENTINEL-1,Sentinel-1C,S1C_IW_SLC__1SDV_20260315T083756_20260315T083824_006772_00DAEF_0A3E-SLC,S1C_IW_SLC__1SDV_20260315T083756_20260315T083824_006772_00DAEF_0A3E,S1C_IW_SLC__1SDV_20260315T083756_20260315T083824_006772_00DAEF_0A3E.zip,primary,https://datapool.asf.alaska.edu/SLC/SC/S1C_IW_SLC__1SDV_20260315T083756_20260315T083824_006772_00DAEF_0A3E.zip,SLC,DESCENDING,126,6772,666,2026-03-15T08:37:56Z,2026-03-15T08:38:24Z,0.0 MB,C:\Users\jales\Documents\GitHub\thesis_code\downloads\sentinel1_asf\Sentinel-1C\S1C_IW_SLC__1SDV_20260315T083756_20260315T083824_006772_00DAEF_0A3E.zip,missing_auth
feature_0_part_1_split_1,0,Sentinel-1C,,SENTINEL-1,Sentinel-1C,S1C_IW_SLC__1SDV_20260315T083731_20260315T083758_006772_00DAEF_17E0-SLC,S1C_IW_SLC__1SDV_20260315T083731_20260315T083758_006772_00DAEF_17E0,S1C_IW_SLC__1SDV_20260315T083731_20260315T083758_006772_00DAEF_17E0.zip,primary,https://datapool.asf.alaska.edu/SLC/SC/S1C_IW_SLC__1SDV_20260315T083731_20260315T083758_006772_00DAEF_17E0.zip,SLC,DESCENDING,126,6772,661,2026-03-15T08:37:31Z,2026-03-15T08:37:58Z,0.0 MB,C:\Users\jales\Documents\GitHub\thesis_code\downloads\sentinel1_asf\Sentinel-1C\S1C_IW_SLC__1SDV_20260315T083731_20260315T083758_006772_00DAEF_17E0.zip,missing_auth
feature_0_part_1_split_1,0,Sentinel-1C,,SENTINEL-1,Sentinel-1C,S1C_IW_SLC__1SDV_20260315T083706_20260315T083733_006772_00DAEF_8168-SLC,S1C_IW_SLC__1SDV_20260315T083706_20260315T083733_006772_00DAEF_8168,S1C_IW_SLC__1SDV_20260315T083706_20260315T083733_006772_00DAEF_8168.zip,primary,https://datapool.asf.alaska.edu/SLC/SC/S1C_IW_SLC__1SDV_20260315T083706_20260315T083733_006772_00DAEF_8168.zip,SLC,DESCENDING,126,6772,656,2026-03-15T08:37:06Z,2026-03-15T08:37:33Z,0.0 MB,C:\Users\jales\Documents\GitHub\thesis_code\downloads\sentinel1_asf\Sentinel-1C\S1C_IW_SLC__1SDV_20260315T083706_20260315T083733_006772_00DAEF_8168.zip,missing_auth
feature_0_part_1_split_1,0,Sentinel-1C,,SENTINEL-1,Sentinel-1C,S1C_IW_SLC__1SDV_20260315T083641_20260315T083708_006772_00DAEF_380A-SLC,S1C_IW_SLC__1SDV_20260315T083641_20260315T083708_006772_00DAEF_380A,S1C_IW_SLC__1SDV_20260315T083641_20260315T083708_006772_00DAEF_380A.zip,primary,https://datapool.asf.alaska.edu/SLC/SC/S1C_IW_SLC__1SDV_20260315T083641_20260315T083708_006772_00DAEF_380A.zip,SLC,DESCENDING,126,6772,651,2026-03-15T08:36:41Z,2026-03-15T08:37:08Z,0.0 MB,C:\Users\jales\Documents\GitHub\thesis_code\downloads\sentinel1_asf\Sentinel-1C\S1C_IW_SLC__1SDV_20260315T083641_20260315T083708_006772_00DAEF_380A.zip,missing_auth
feature_0_part_1_split_1,0,Sentinel-1C,,SENTINEL-1,Sentinel-1C,S1C_IW_SLC__1SDV_20260315T083617_20260315T083644_006772_00DAEF_6E66-SLC,S1C_IW_SLC__1SDV_20260315T083617_20260315T083644_006772_00DAEF_6E66,S1C_IW_SLC__1SDV_20260315T083617_20260315T083644_006772_00DAEF_6E66.zip,primary,https://datapool.asf.alaska.edu/SLC/SC/S1C_IW_SLC__1SDV_20260315T083617_20260315T083644_006772_00DAEF_6E66.zip,SLC,DESCENDING,126,6772,646,2026-03-15T08:36:17Z,2026-03-15T08:36:44Z,0.0 MB,C:\Users\jales\Documents\GitHub\thesis_code\downloads\sentinel1_asf\Sentinel-1C\S1C_IW_SLC__1SDV_20260315T083617_20260315T083644_006772_00DAEF_6E66.zip,missing_auth
feature_0_part_1_split_1,0,Sentinel-1C,,SENTINEL-1,Sentinel-1C,S1C_IW_SLC__1SDV_20260315T083548_20260315T083619_006772_00DAEF_15A2-SLC,S1C_IW_SLC__1SDV_20260315T083548_20260315T083619_006772_00DAEF_15A2,S1C_IW_SLC__1SDV_20260315T083548_20260315T083619_006772_00DAEF_15A2.zip,primary,https://datapool.asf.alaska.edu/SLC/SC/S1C_IW_SLC__1SDV_20260315T083548_20260315T083619_006772_00DAEF_15A2.zip,SLC,DESCENDING,126,6772,640,2026-03-15T08:35:48Z,2026-03-15T08:36:19Z,0.0 MB,C:\Users\jales\Documents\GitHub\thesis_code\downloads\sentinel1_asf\Sentinel-1C\S1C_IW_SLC__1SDV_20260315T083548_20260315T083619_006772_00DAEF_15A2.zip,missing_auth
feature_0_part_1_split_1,0,Sentinel-1C,,SENTINEL-1,Sentinel-1C,S1C_IW_SLC__1SDV_20260314T093338_20260314T093409_006758_00DA7D_E03E-SLC,S1C_IW_SLC__1SDV_20260314T093338_20260314T093409_006758_00DA7D_E03E,S1C_IW_SLC__1SDV_20260314T093338_20260314T093409_006758_00DA7D_E03E.zip,primary,https://datapool.asf.alaska.edu/SLC/SC/S1C_IW_SLC__1SDV_20260314T093338_20260314T093409_006758_00DA7D_E03E.zip,SLC,DESCENDING,112,6758,643,2026-03-14T09:33:38Z,2026-03-14T09:34:09Z,0.0 MB,C:\Users\jales\Documents\GitHub\thesis_code\downloads\sentinel1_asf\Sentinel-1C\S1C_IW_SLC__1SDV_20260314T093338_20260314T093409_006758_00DA7D_E03E.zip,missing_auth
feature_0_part_1_split_1,0,Sentinel-1C,,SENTINEL-1,Sentinel-1C,S1C_IW_SLC__1SDV_20260313T085418_20260313T085445_006743_00D9F3_5996-SLC,S1C_IW_SLC__1SDV_20260313T085418_20260313T085445_006743_00D9F3_5996,S1C_IW_SLC__1SDV_20260313T085418_20260313T085445_006743_00D9F3_5996.zip,primary,https://datapool.asf.alaska.edu/SLC/SC/S1C_IW_SLC__1SDV_20260313T085418_20260313T085445_006743_00D9F3_5996.zip,SLC,DESCENDING,97,6743,665,2026-03-13T08:54:18Z,2026-03-13T08:54:45Z,0.0 MB,C:\Users\jales\Documents\GitHub\thesis_code\downloads\sentinel1_asf\Sentinel-1C\S1C_IW_SLC__1SDV_20260313T085418_20260313T085445_006743_00D9F3_5996.zip,missing_auth
feature_0_part_1_split_1,0,Sentinel-1C,,SENTINEL-1,Sentinel-1C,S1C_IW_SLC__1SDV_20260313T085349_20260313T085420_006743_00D9F3_0ADA-SLC,S1C_IW_SLC__1SDV_20260313T085349_20260313T085420_006743_00D9F3_0ADA,S1C_IW_SLC__1SDV_20260313T085349_20260313T085420_006743_00D9F3_0ADA.zip,primary,https://datapool.asf.alaska.edu/SLC/SC/S1C_IW_SLC__1SDV_20260313T085349_20260313T085420_006743_00D9F3_0ADA.zip,SLC,DESCENDING,97,6743,659,2026-03-13T08:53:49Z,2026-03-13T08:54:20Z,0.0 MB,C:\Users\jales\Documents\GitHub\thesis_code\downloads\sentinel1_asf\Sentinel-1C\S1C_IW_SLC__1SDV_20260313T085349_20260313T085420_006743_00D9F3_0ADA.zip,missing_auth
feature_0_part_1_split_1,0,Sentinel-1C,,SENTINEL-1,Sentinel-1C,S1C_IW_SLC__1SDV_20260311T091104_20260311T091131_006714_00D8EE_C1F1-SLC,S1C_IW_SLC__1SDV_20260311T091104_20260311T091131_006714_00D8EE_C1F1,S1C_IW_SLC__1SDV_20260311T091104_20260311T091131_006714_00D8EE_C1F1.zip,primary,https://datapool.asf.alaska.edu/SLC/SC/S1C_IW_SLC__1SDV_20260311T091104_20260311T091131_006714_00D8EE_C1F1.zip,SLC,DESCENDING,68,6714,668,2026-03-11T09:11:04Z,2026-03-11T09:11:31Z,0.0 MB,C:\Users\jales\Documents\GitHub\thesis_code\downloads\sentinel1_asf\Sentinel-1C\S1C_IW_SLC__1SDV_20260311T091104_20260311T091131_006714_00D8EE_C1F1.zip,missing_auth
feature_0_part_1_split_1,0,Sentinel-1C,,SENTINEL-1,Sentinel-1C,S1C_IW_SLC__1SDV_20260311T091039_20260311T091106_006714_00D8EE_F483-SLC,S1C_IW_SLC__1SDV_20260311T091039_20260311T091106_006714_00D8EE_F483,S1C_IW_SLC__1SDV_20260311T091039_20260311T091106_006714_00D8EE_F483.zip,primary,https://datapool.asf.alaska.edu/SLC/SC/S1C_IW_SLC__1SDV_20260311T091039_20260311T091106_006714_00D8EE_F483.zip,SLC,DESCENDING,68,6714,663,2026-03-11T09:10:39Z,2026-03-11T09:11:06Z,0.0 MB,C:\Users\jales\Documents\GitHub\thesis_code\downloads\sentinel1_asf\Sentinel-1C\S1C_IW_SLC__1SDV_20260311T091039_20260311T091106_006714_00D8EE_F483.zip,missing_auth
feature_0_part_1_split_1,0,Sentinel-1C,,SENTINEL-1,Sentinel-1C,S1C_IW_SLC__1SDV_20260311T091014_20260311T091041_006714_00D8EE_5D78-SLC,S1C_IW_SLC__1SDV_20260311T091014_20260311T091041_006714_00D8EE_5D78,S1C_IW_SLC__1SDV_20260311T091014_20260311T091041_006714_00D8EE_5D78.zip,primary,https://datapool.asf.alaska.edu/SLC/SC/S1C_IW_SLC__1SDV_20260311T091014_20260311T091041_006714_00D8EE_5D78.zip,SLC,DESCENDING,68,6714,659,2026-03-11T09:10:14Z,2026-03-11T09:10:41Z,0.0 MB,C:\Users\jales\Documents\GitHub\thesis_code\downloads\sentinel1_asf\Sentinel-1C\S1C_IW_SLC__1SDV_20260311T091014_20260311T091041_006714_00D8EE_5D78.zip,missing_auth
feature_0_part_1_split_1,0,Sentinel-1C,,SENTINEL-1,Sentinel-1C,S1C_IW_SLC__1SDV_20260311T090946_20260311T091017_006714_00D8EE_9E45-SLC,S1C_IW_SLC__1SDV_20260311T090946_20260311T091017_006714_00D8EE_9E45,S1C_IW_SLC__1SDV_20260311T090946_20260311T091017_006714_00D8EE_9E45.zip,primary,https://datapool.asf.alaska.edu/SLC/SC/S1C_IW_SLC__1SDV_20260311T090946_20260311T091017_006714_00D8EE_9E45.zip,SLC,DESCENDING,68,6714,653,2026-03-11T09:09:46Z,2026-03-11T09:10:17Z,0.0 MB,C:\Users\jales\Documents\GitHub\thesis_code\downloads\sentinel1_asf\Sentinel-1C\S1C_IW_SLC__1SDV_20260311T090946_20260311T091017_006714_00D8EE_9E45.zip,missing_auth
feature_0_part_1_split_1,0,Sentinel-1C,,SENTINEL-1,Sentinel-1C,S1C_IW_SLC__1SDV_20260310T221545_20260310T221611_006707_00D8B6_C4B9-SLC,S1C_IW_SLC__1SDV_20260310T221545_20260310T221611_006707_00D8B6_C4B9,S1C_IW_SLC__1SDV_20260310T221545_20260310T221611_006707_00D8B6_C4B9.zip,primary,https://datapool.asf.alaska.edu/SLC/SC/S1C_IW_SLC__1SDV_20260310T221545_20260310T221611_006707_00D8B6_C4B9.zip,SLC,ASCENDING,61,6707,1099,2026-03-10T22:15:45Z,2026-03-10T22:16:11Z,0.0 MB,C:\Users\jales\Documents\GitHub\thesis_code\downloads\sentinel1_asf\Sentinel-1C\S1C_IW_SLC__1SDV_20260310T221545_20260310T221611_006707_00D8B6_C4B9.zip,missing_auth
feature_0_part_1_split_1,0,Sentinel-1C,,SENTINEL-1,Sentinel-1C,S1C_IW_SLC__1SDV_20260310T082947_20260310T083015_006699_00D861_CBD5-SLC,S1C_IW_SLC__1SDV_20260310T082947_20260310T083015_006699_00D861_CBD5,S1C_IW_SLC__1SDV_20260310T082947_20260310T083015_006699_00D861_CBD5.zip,primary,https://datapool.asf.alaska.edu/SLC/SC/S1C_IW_SLC__1SDV_20260310T082947_20260310T083015_006699_00D861_CBD5.zip,SLC,DESCENDING,53,6699,667,2026-03-10T08:29:47Z,2026-03-10T08:30:15Z,0.0 MB,C:\Users\jales\Documents\GitHub\thesis_code\downloads\sentinel1_asf\Sentinel-1C\S1C_IW_SLC__1SDV_20260310T082947_20260310T083015_006699_00D861_CBD5.zip,missing_auth
feature_0_part_1_split_1,0,Sentinel-1C,,SENTINEL-1,Sentinel-1C,S1C_IW_SLC__1SDV_20260310T082922_20260310T082949_006699_00D861_78D1-SLC,S1C_IW_SLC__1SDV_20260310T082922_20260310T082949_006699_00D861_78D1,S1C_IW_SLC__1SDV_20260310T082922_20260310T082949_006699_00D861_78D1.zip,primary,https://datapool.asf.alaska.edu/SLC/SC/S1C_IW_SLC__1SDV_20260310T082922_20260310T082949_006699_00D861_78D1.zip,SLC,DESCENDING,53,6699,662,2026-03-10T08:29:22Z,2026-03-10T08:29:49Z,0.0 MB,C:\Users\jales\Documents\GitHub\thesis_code\downloads\sentinel1_asf\Sentinel-1C\S1C_IW_SLC__1SDV_20260310T082922_20260310T082949_006699_00D861_78D1.zip,missing_auth
feature_0_part_1_split_1,0,Sentinel-1C,,SENTINEL-1,Sentinel-1C,S1C_IW_SLC__1SDV_20260310T082857_20260310T082924_006699_00D861_74C9-SLC,S1C_IW_SLC__1SDV_20260310T082857_20260310T082924_006699_00D861_74C9,S1C_IW_SLC__1SDV_20260310T082857_20260310T082924_006699_00D861_74C9.zip,primary,https://datapool.asf.alaska.edu/SLC/SC/S1C_IW_SLC__1SDV_20260310T082857_20260310T082924_006699_00D861_74C9.zip,SLC,DESCENDING,53,6699,657,2026-03-10T08:28:57Z,2026-03-10T08:29:24Z,0.0 MB,C:\Users\jales\Documents\GitHub\thesis_code\downloads\sentinel1_asf\Sentinel-1C\S1C_IW_SLC__1SDV_20260310T082857_20260310T082924_006699_00D861_74C9.zip,missing_auth
feature_0_part_1_split_1,0,Sentinel-1C,,SENTINEL-1,Sentinel-1C,S1C_IW_SLC__1SDV_20260310T082833_20260310T082900_006699_00D861_5B43-SLC,S1C_IW_SLC__1SDV_20260310T082833_20260310T082900_006699_00D861_5B43,S1C_IW_SLC__1SDV_20260310T082833_20260310T082900_006699_00D861_5B43.zip,primary,https://datapool.asf.alaska.edu/SLC/SC/S1C_IW_SLC__1SDV_20260310T082833_20260310T082900_006699_00D861_5B43.zip,SLC,DESCENDING,53,6699,652,2026-03-10T08:28:33Z,2026-03-10T08:29:00Z,0.0 MB,C:\Users\jales\Documents\GitHub\thesis_code\downloads\sentinel1_asf\Sentinel-1C\S1C_IW_SLC__1SDV_20260310T082833_20260310T082900_006699_00D861_5B43.zip,missing_auth
feature_0_part_1_split_1,0,Sentinel-1C,,SENTINEL-1,Sentinel-1C,S1C_IW_SLC__1SDV_20260310T082808_20260310T082835_006699_00D861_33C4-SLC,S1C_IW_SLC__1SDV_20260310T082808_20260310T082835_006699_00D861_33C4,S1C_IW_SLC__1SDV_20260310T082808_20260310T082835_006699_00D861_33C4.zip,primary,https://datapool.asf.alaska.edu/SLC/SC/S1C_IW_SLC__1SDV_20260310T082808_20260310T082835_006699_00D861_33C4.zip,SLC,DESCENDING,53,6699,647,2026-03-10T08:28:08Z,2026-03-10T08:28:35Z,0.0 MB,C:\Users\jales\Documents\GitHub\thesis_code\downloads\sentinel1_asf\Sentinel-1C\S1C_IW_SLC__1SDV_20260310T082808_20260310T082835_006699_00D861_33C4.zip,missing_auth
feature_0_part_1_split_1,0,Sentinel-1C,,SENTINEL-1,Sentinel-1C,S1C_IW_SLC__1SDV_20260310T082739_20260310T082810_006699_00D861_BEF1-SLC,S1C_IW_SLC__1SDV_20260310T082739_20260310T082810_006699_00D861_BEF1,S1C_IW_SLC__1SDV_20260310T082739_20260310T082810_006699_00D861_BEF1.zip,primary,https://datapool.asf.alaska.edu/SLC/SC/S1C_IW_SLC__1SDV_20260310T082739_20260310T082810_006699_00D861_BEF1.zip,SLC,DESCENDING,53,6699,641,2026-03-10T08:27:39Z,2026-03-10T08:28:10Z,0.0 MB,C:\Users\jales\Documents\GitHub\thesis_code\downloads\sentinel1_asf\Sentinel-1C\S1C_IW_SLC__1SDV_20260310T082739_20260310T082810_006699_00D861_BEF1.zip,missing_auth
feature_0_part_1_split_1,0,Sentinel-1C,,SENTINEL-1,Sentinel-1C,S1C_IW_SLC__1SDV_20260308T084639_20260308T084706_006670_00D768_2791-SLC,S1C_IW_SLC__1SDV_20260308T084639_20260308T084706_006670_00D768_2791,S1C_IW_SLC__1SDV_20260308T084639_20260308T084706_006670_00D768_2791.zip,primary,https://datapool.asf.alaska.edu/SLC/SC/S1C_IW_SLC__1SDV_20260308T084639_20260308T084706_006670_00D768_2791.zip,SLC,DESCENDING,24,6670,672,2026-03-08T08:46:39Z,2026-03-08T08:47:06Z,0.0 MB,C:\Users\jales\Documents\GitHub\thesis_code\downloads\sentinel1_asf\Sentinel-1C\S1C_IW_SLC__1SDV_20260308T084639_20260308T084706_006670_00D768_2791.zip,missing_auth
feature_0_part_1_split_1,0,Sentinel-1C,,SENTINEL-1,Sentinel-1C,S1C_IW_SLC__1SDV_20260308T084614_20260308T084641_006670_00D768_530F-SLC,S1C_IW_SLC__1SDV_20260308T084614_20260308T084641_006670_00D768_530F,S1C_IW_SLC__1SDV_20260308T084614_20260308T084641_006670_00D768_530F.zip,primary,https://datapool.asf.alaska.edu/SLC/SC/S1C_IW_SLC__1SDV_20260308T084614_20260308T084641_006670_00D768_530F.zip,SLC,DESCENDING,24,6670,667,2026-03-08T08:46:14Z,2026-03-08T08:46:41Z,0.0 MB,C:\Users\jales\Documents\GitHub\thesis_code\downloads\sentinel1_asf\Sentinel-1C\S1C_IW_SLC__1SDV_20260308T084614_20260308T084641_006670_00D768_530F.zip,missing_auth
feature_0_part_1_split_1,0,Sentinel-1C,,SENTINEL-1,Sentinel-1C,S1C_IW_SLC__1SDV_20260308T084546_20260308T084616_006670_00D768_B644-SLC,S1C_IW_SLC__1SDV_20260308T084546_20260308T084616_006670_00D768_B644,S1C_IW_SLC__1SDV_20260308T084546_20260308T084616_006670_00D768_B644.zip,primary,https://datapool.asf.alaska.edu/SLC/SC/S1C_IW_SLC__1SDV_20260308T084546_20260308T084616_006670_00D768_B644.zip,SLC,DESCENDING,24,6670,661,2026-03-08T08:45:46Z,2026-03-08T08:46:16Z,0.0 MB,C:\Users\jales\Documents\GitHub\thesis_code\downloads\sentinel1_asf\Sentinel-1C\S1C_IW_SLC__1SDV_20260308T084546_20260308T084616_006670_00D768_B644.zip,missing_auth
feature_0_part_1_split_1,0,Sentinel-1C,,SENTINEL-1,Sentinel-1C,S1C_IW_SLC__1SDV_20260306T090313_20260306T090340_006641_00D682_2ACE-SLC,S1C_IW_SLC__1SDV_20260306T090313_20260306T090340_006641_00D682_2ACE,S1C_IW_SLC__1SDV_20260306T090313_20260306T090340_006641_00D682_2ACE.zip,primary,https://datapool.asf.alaska.edu/SLC/SC/S1C_IW_SLC__1SDV_20260306T090313_20260306T090340_006641_00D682_2ACE.zip,SLC,DESCENDING,170,6641,673,2026-03-06T09:03:13Z,2026-03-06T09:03:40Z,0.0 MB,C:\Users\jales\Documents\GitHub\thesis_code\downloads\sentinel1_asf\Sentinel-1C\S1C_IW_SLC__1SDV_20260306T090313_20260306T090340_006641_00D682_2ACE.zip,missing_auth
feature_0_part_1_split_1,0,Sentinel-1C,,SENTINEL-1,Sentinel-1C,S1C_IW_SLC__1SDV_20260306T090248_20260306T090315_006641_00D682_ABD2-SLC,S1C_IW_SLC__1SDV_20260306T090248_20260306T090315_006641_00D682_ABD2,S1C_IW_SLC__1SDV_20260306T090248_20260306T090315_006641_00D682_ABD2.zip,primary,https://datapool.asf.alaska.edu/SLC/SC/S1C_IW_SLC__1SDV_20260306T090248_20260306T090315_006641_00D682_ABD2.zip,SLC,DESCENDING,170,6641,668,2026-03-06T09:02:48Z,2026-03-06T09:03:15Z,0.0 MB,C:\Users\jales\Documents\GitHub\thesis_code\downloads\sentinel1_asf\Sentinel-1C\S1C_IW_SLC__1SDV_20260306T090248_20260306T090315_006641_00D682_ABD2.zip,missing_auth
feature_0_part_1_split_1,0,Sentinel-1C,,SENTINEL-1,Sentinel-1C,S1C_IW_SLC__1SDV_20260306T090223_20260306T090250_006641_00D682_62FE-SLC,S1C_IW_SLC__1SDV_20260306T090223_20260306T090250_006641_00D682_62FE,S1C_IW_SLC__1SDV_20260306T090223_20260306T090250_006641_00D682_62FE.zip,primary,https://datapool.asf.alaska.edu/SLC/SC/S1C_IW_SLC__1SDV_20260306T090223_20260306T090250_006641_00D682_62FE.zip,SLC,DESCENDING,170,6641,663,2026-03-06T09:02:23Z,2026-03-06T09:02:50Z,0.0 MB,C:\Users\jales\Documents\GitHub\thesis_code\downloads\sentinel1_asf\Sentinel-1C\S1C_IW_SLC__1SDV_20260306T090223_20260306T090250_006641_00D682_62FE.zip,missing_auth
feature_0_part_1_split_1,0,Sentinel-1C,,SENTINEL-1,Sentinel-1C,S1C_IW_SLC__1SDV_20260306T090155_20260306T090226_006641_00D682_AB52-SLC,S1C_IW_SLC__1SDV_20260306T090155_20260306T090226_006641_00D682_AB52,S1C_IW_SLC__1SDV_20260306T090155_20260306T090226_006641_00D682_AB52.zip,primary,https://datapool.asf.alaska.edu/SLC/SC/S1C_IW_SLC__1SDV_20260306T090155_20260306T090226_006641_00D682_AB52.zip,SLC,DESCENDING,170,6641,657,2026-03-06T09:01:55Z,2026-03-06T09:02:26Z,0.0 MB,C:\Users\jales\Documents\GitHub\thesis_code\downloads\sentinel1_asf\Sentinel-1C\S1C_IW_SLC__1SDV_20260306T090155_20260306T090226_006641_00D682_AB52.zip,missing_auth
feature_0_part_1_split_1,0,Sentinel-1C,,SENTINEL-1,Sentinel-1C,S1C_IW_SLC__1SDV_20260305T220740_20260305T220801_006634_00D645_B0FB-SLC,S1C_IW_SLC__1SDV_20260305T220740_20260305T220801_006634_00D645_B0FB,S1C_IW_SLC__1SDV_20260305T220740_20260305T220801_006634_00D645_B0FB.zip,primary,https://datapool.asf.alaska.edu/SLC/SC/S1C_IW_SLC__1SDV_20260305T220740_20260305T220801_006634_00D645_B0FB.zip,SLC,ASCENDING,163,6634,1101,2026-03-05T22:07:40Z,2026-03-05T22:08:01Z,0.0 MB,C:\Users\jales\Documents\GitHub\thesis_code\downloads\sentinel1_asf\Sentinel-1C\S1C_IW_SLC__1SDV_20260305T220740_20260305T220801_006634_00D645_B0FB.zip,missing_auth
feature_0_part_1_split_1,0,Sentinel-1C,,SENTINEL-1,Sentinel-1C,S1C_IW_SLC__1SDV_20260305T082042_20260305T082109_006626_00D5FB_24F5-SLC,S1C_IW_SLC__1SDV_20260305T082042_20260305T082109_006626_00D5FB_24F5,S1C_IW_SLC__1SDV_20260305T082042_20260305T082109_006626_00D5FB_24F5.zip,primary,https://datapool.asf.alaska.edu/SLC/SC/S1C_IW_SLC__1SDV_20260305T082042_20260305T082109_006626_00D5FB_24F5.zip,SLC,DESCENDING,155,6626,656,2026-03-05T08:20:42Z,2026-03-05T08:21:09Z,0.0 MB,C:\Users\jales\Documents\GitHub\thesis_code\downloads\sentinel1_asf\Sentinel-1C\S1C_IW_SLC__1SDV_20260305T082042_20260305T082109_006626_00D5FB_24F5.zip,missing_auth
feature_0_part_1_split_1,0,Sentinel-1C,,SENTINEL-1,Sentinel-1C,S1C_IW_SLC__1SDV_20260305T082013_20260305T082044_006626_00D5FB_47DC-SLC,S1C_IW_SLC__1SDV_20260305T082013_20260305T082044_006626_00D5FB_47DC,S1C_IW_SLC__1SDV_20260305T082013_20260305T082044_006626_00D5FB_47DC.zip,primary,https://datapool.asf.alaska.edu/SLC/SC/S1C_IW_SLC__1SDV_20260305T082013_20260305T082044_006626_00D5FB_47DC.zip,SLC,DESCENDING,155,6626,651,2026-03-05T08:20:13Z,2026-03-05T08:20:44Z,0.0 MB,C:\Users\jales\Documents\GitHub\thesis_code\downloads\sentinel1_asf\Sentinel-1C\S1C_IW_SLC__1SDV_20260305T082013_20260305T082044_006626_00D5FB_47DC.zip,missing_auth
feature_0_part_1_split_1,0,Sentinel-1C,,SENTINEL-1,Sentinel-1C,S1C_IW_SLC__1SDV_20260304T091904_20260304T091931_006612_00D578_D1EF-SLC,S1C_IW_SLC__1SDV_20260304T091904_20260304T091931_006612_00D578_D1EF,S1C_IW_SLC__1SDV_20260304T091904_20260304T091931_006612_00D578_D1EF.zip,primary,https://datapool.asf.alaska.edu/SLC/SC/S1C_IW_SLC__1SDV_20260304T091904_20260304T091931_006612_00D578_D1EF.zip,SLC,DESCENDING,141,6612,666,2026-03-04T09:19:04Z,2026-03-04T09:19:31Z,0.0 MB,C:\Users\jales\Documents\GitHub\thesis_code\downloads\sentinel1_asf\Sentinel-1C\S1C_IW_SLC__1SDV_20260304T091904_20260304T091931_006612_00D578_D1EF.zip,missing_auth
feature_0_part_1_split_1,0,Sentinel-1C,,SENTINEL-1,Sentinel-1C,S1C_IW_SLC__1SDV_20260304T091836_20260304T091906_006612_00D578_637C-SLC,S1C_IW_SLC__1SDV_20260304T091836_20260304T091906_006612_00D578_637C,S1C_IW_SLC__1SDV_20260304T091836_20260304T091906_006612_00D578_637C.zip,primary,https://datapool.asf.alaska.edu/SLC/SC/S1C_IW_SLC__1SDV_20260304T091836_20260304T091906_006612_00D578_637C.zip,SLC,DESCENDING,141,6612,660,2026-03-04T09:18:36Z,2026-03-04T09:19:06Z,0.0 MB,C:\Users\jales\Documents\GitHub\thesis_code\downloads\sentinel1_asf\Sentinel-1C\S1C_IW_SLC__1SDV_20260304T091836_20260304T091906_006612_00D578_637C.zip,missing_auth
feature_0_part_1_split_1,0,Sentinel-1C,,SENTINEL-1,Sentinel-1C,S1C_IW_SLC__1SDV_20260303T083846_20260303T083913_006597_00D4ED_3CAD-SLC,S1C_IW_SLC__1SDV_20260303T083846_20260303T083913_006597_00D4ED_3CAD,S1C_IW_SLC__1SDV_20260303T083846_20260303T083913_006597_00D4ED_3CAD.zip,primary,https://datapool.asf.alaska.edu/SLC/SC/S1C_IW_SLC__1SDV_20260303T083846_20260303T083913_006597_00D4ED_3CAD.zip,SLC,DESCENDING,126,6597,676,2026-03-03T08:38:46Z,2026-03-03T08:39:13Z,0.0 MB,C:\Users\jales\Documents\GitHub\thesis_code\downloads\sentinel1_asf\Sentinel-1C\S1C_IW_SLC__1SDV_20260303T083846_20260303T083913_006597_00D4ED_3CAD.zip,missing_auth
feature_0_part_1_split_1,0,Sentinel-1C,,SENTINEL-1,Sentinel-1C,S1C_IW_SLC__1SDV_20260303T083821_20260303T083848_006597_00D4ED_B2F4-SLC,S1C_IW_SLC__1SDV_20260303T083821_20260303T083848_006597_00D4ED_B2F4,S1C_IW_SLC__1SDV_20260303T083821_20260303T083848_006597_00D4ED_B2F4.zip,primary,https://datapool.asf.alaska.edu/SLC/SC/S1C_IW_SLC__1SDV_20260303T083821_20260303T083848_006597_00D4ED_B2F4.zip,SLC,DESCENDING,126,6597,671,2026-03-03T08:38:21Z,2026-03-03T08:38:48Z,0.0 MB,C:\Users\jales\Documents\GitHub\thesis_code\downloads\sentinel1_asf\Sentinel-1C\S1C_IW_SLC__1SDV_20260303T083821_20260303T083848_006597_00D4ED_B2F4.zip,missing_auth
feature_0_part_1_split_1,0,Sentinel-1C,,SENTINEL-1,Sentinel-1C,S1C_IW_SLC__1SDV_20260303T083756_20260303T083824_006597_00D4ED_922F-SLC,S1C_IW_SLC__1SDV_20260303T083756_20260303T083824_006597_00D4ED_922F,S1C_IW_SLC__1SDV_20260303T083756_20260303T083824_006597_00D4ED_922F.zip,primary,https://datapool.asf.alaska.edu/SLC/SC/S1C_IW_SLC__1SDV_20260303T083756_20260303T083824_006597_00D4ED_922F.zip,SLC,DESCENDING,126,6597,666,2026-03-03T08:37:56Z,2026-03-03T08:38:24Z,0.0 MB,C:\Users\jales\Documents\GitHub\thesis_code\downloads\sentinel1_asf\Sentinel-1C\S1C_IW_SLC__1SDV_20260303T083756_20260303T083824_006597_00D4ED_922F.zip,missing_auth
feature_0_part_1_split_1,0,Sentinel-1C,,SENTINEL-1,Sentinel-1C,S1C_IW_SLC__1SDV_20260303T083731_20260303T083758_006597_00D4ED_73E6-SLC,S1C_IW_SLC__1SDV_20260303T083731_20260303T083758_006597_00D4ED_73E6,S1C_IW_SLC__1SDV_20260303T083731_20260303T083758_006597_00D4ED_73E6.zip,primary,https://datapool.asf.alaska.edu/SLC/SC/S1C_IW_SLC__1SDV_20260303T083731_20260303T083758_006597_00D4ED_73E6.zip,SLC,DESCENDING,126,6597,661,2026-03-03T08:37:31Z,2026-03-03T08:37:58Z,0.0 MB,C:\Users\jales\Documents\GitHub\thesis_code\downloads\sentinel1_asf\Sentinel-1C\S1C_IW_SLC__1SDV_20260303T083731_20260303T083758_006597_00D4ED_73E6.zip,missing_auth
feature_0_part_1_split_1,0,Sentinel-1C,,SENTINEL-1,Sentinel-1C,S1C_IW_SLC__1SDV_20260303T083706_20260303T083733_006597_00D4ED_8935-SLC,S1C_IW_SLC__1SDV_20260303T083706_20260303T083733_006597_00D4ED_8935,S1C_IW_SLC__1SDV_20260303T083706_20260303T083733_006597_00D4ED_8935.zip,primary,https://datapool.asf.alaska.edu/SLC/SC/S1C_IW_SLC__1SDV_20260303T083706_20260303T083733_006597_00D4ED_8935.zip,SLC,DESCENDING,126,6597,656,2026-03-03T08:37:06Z,2026-03-03T08:37:33Z,0.0 MB,C:\Users\jales\Documents\GitHub\thesis_code\downloads\sentinel1_asf\Sentinel-1C\S1C_IW_SLC__1SDV_20260303T083706_20260303T083733_006597_00D4ED_8935.zip,missing_auth
feature_0_part_1_split_1,0,Sentinel-1C,,SENTINEL-1,Sentinel-1C,S1C_IW_SLC__1SDV_20260303T083641_20260303T083708_006597_00D4ED_7003-SLC,S1C_IW_SLC__1SDV_20260303T083641_20260303T083708_006597_00D4ED_7003,S1C_IW_SLC__1SDV_20260303T083641_20260303T083708_006597_00D4ED_7003.zip,primary,https://datapool.asf.alaska.edu/SLC/SC/S1C_IW_SLC__1SDV_20260303T083641_20260303T083708_006597_00D4ED_7003.zip,SLC,DESCENDING,126,6597,651,2026-03-03T08:36:41Z,2026-03-03T08:37:08Z,0.0 MB,C:\Users\jales\Documents\GitHub\thesis_code\downloads\sentinel1_asf\Sentinel-1C\S1C_IW_SLC__1SDV_20260303T083641_20260303T083708_006597_00D4ED_7003.zip,missing_auth
feature_0_part_1_split_1,0,Sentinel-1C,,SENTINEL-1,Sentinel-1C,S1C_IW_SLC__1SDV_20260303T083616_20260303T083643_006597_00D4ED_8CE8-SLC,S1C_IW_SLC__1SDV_20260303T083616_20260303T083643_006597_00D4ED_8CE8,S1C_IW_SLC__1SDV_20260303T083616_20260303T083643_006597_00D4ED_8CE8.zip,primary,https://datapool.asf.alaska.edu/SLC/SC/S1C_IW_SLC__1SDV_20260303T083616_20260303T083643_006597_00D4ED_8CE8.zip,SLC,DESCENDING,126,6597,646,2026-03-03T08:36:16Z,2026-03-03T08:36:43Z,0.0 MB,C:\Users\jales\Documents\GitHub\thesis_code\downloads\sentinel1_asf\Sentinel-1C\S1C_IW_SLC__1SDV_20260303T083616_20260303T083643_006597_00D4ED_8CE8.zip,missing_auth
feature_0_part_1_split_1,0,Sentinel-1C,,SENTINEL-1,Sentinel-1C,S1C_IW_SLC__1SDV_20260303T083548_20260303T083618_006597_00D4ED_5954-SLC,S1C_IW_SLC__1SDV_20260303T083548_20260303T083618_006597_00D4ED_5954,S1C_IW_SLC__1SDV_20260303T083548_20260303T083618_006597_00D4ED_5954.zip,primary,https://datapool.asf.alaska.edu/SLC/SC/S1C_IW_SLC__1SDV_20260303T083548_20260303T083618_006597_00D4ED_5954.zip,SLC,DESCENDING,126,6597,640,2026-03-03T08:35:48Z,2026-03-03T08:36:18Z,0.0 MB,C:\Users\jales\Documents\GitHub\thesis_code\downloads\sentinel1_asf\Sentinel-1C\S1C_IW_SLC__1SDV_20260303T083548_20260303T083618_006597_00D4ED_5954.zip,missing_auth
feature_0_part_1_split_1,0,Sentinel-1C,,SENTINEL-1,Sentinel-1C,S1C_IW_SLC__1SDV_20260302T093338_20260302T093408_006583_00D47C_816C-SLC,S1C_IW_SLC__1SDV_20260302T093338_20260302T093408_006583_00D47C_816C,S1C_IW_SLC__1SDV_20260302T093338_20260302T093408_006583_00D47C_816C.zip,primary,https://datapool.asf.alaska.edu/SLC/SC/S1C_IW_SLC__1SDV_20260302T093338_20260302T093408_006583_00D47C_816C.zip,SLC,DESCENDING,112,6583,643,2026-03-02T09:33:38Z,2026-03-02T09:34:08Z,0.0 MB,C:\Users\jales\Documents\GitHub\thesis_code\downloads\sentinel1_asf\Sentinel-1C\S1C_IW_SLC__1SDV_20260302T093338_20260302T093408_006583_00D47C_816C.zip,missing_auth
feature_0_part_1_split_1,0,Sentinel-1C,,SENTINEL-1,Sentinel-1C,S1C_IW_SLC__1SDV_20260301T085417_20260301T085444_006568_00D3F5_1763-SLC,S1C_IW_SLC__1SDV_20260301T085417_20260301T085444_006568_00D3F5_1763,S1C_IW_SLC__1SDV_20260301T085417_20260301T085444_006568_00D3F5_1763.zip,primary,https://datapool.asf.alaska.edu/SLC/SC/S1C_IW_SLC__1SDV_20260301T085417_20260301T085444_006568_00D3F5_1763.zip,SLC,DESCENDING,97,6568,665,2026-03-01T08:54:17Z,2026-03-01T08:54:44Z,0.0 MB,C:\Users\jales\Documents\GitHub\thesis_code\downloads\sentinel1_asf\Sentinel-1C\S1C_IW_SLC__1SDV_20260301T085417_20260301T085444_006568_00D3F5_1763.zip,missing_auth
feature_0_part_1_split_1,0,Sentinel-1C,,SENTINEL-1,Sentinel-1C,S1C_IW_SLC__1SDV_20260301T085349_20260301T085419_006568_00D3F5_2585-SLC,S1C_IW_SLC__1SDV_20260301T085349_20260301T085419_006568_00D3F5_2585,S1C_IW_SLC__1SDV_20260301T085349_20260301T085419_006568_00D3F5_2585.zip,primary,https://datapool.asf.alaska.edu/SLC/SC/S1C_IW_SLC__1SDV_20260301T085349_20260301T085419_006568_00D3F5_2585.zip,SLC,DESCENDING,97,6568,659,2026-03-01T08:53:49Z,2026-03-01T08:54:19Z,0.0 MB,C:\Users\jales\Documents\GitHub\thesis_code\downloads\sentinel1_asf\Sentinel-1C\S1C_IW_SLC__1SDV_20260301T085349_20260301T085419_006568_00D3F5_2585.zip,missing_auth
feature_0_part_1_split_1,0,Sentinel-1A,,SENTINEL-1,Sentinel-1A,S1A_IW_SLC__1SDV_20260427T091919_20260427T091940_064263_081716_0322-SLC,S1A_IW_SLC__1SDV_20260427T091919_20260427T091940_064263_081716_0322,S1A_IW_SLC__1SDV_20260427T091919_20260427T091940_064263_081716_0322.zip,primary,https://datapool.asf.alaska.edu/SLC/SA/S1A_IW_SLC__1SDV_20260427T091919_20260427T091940_064263_081716_0322.zip,SLC,DESCENDING,141,64263,657,2026-04-27T09:19:19Z,2026-04-27T09:19:40Z,0.0 MB,C:\Users\jales\Documents\GitHub\thesis_code\downloads\sentinel1_asf\Sentinel-1A\S1A_IW_SLC__1SDV_20260427T091919_20260427T091940_064263_081716_0322.zip,missing_auth
feature_0_part_1_split_1,0,Sentinel-1A,,SENTINEL-1,Sentinel-1A,S1A_IW_SLC__1SDV_20260427T091829_20260427T091856_064263_081716_F792-SLC,S1A_IW_SLC__1SDV_20260427T091829_20260427T091856_064263_081716_F792,S1A_IW_SLC__1SDV_20260427T091829_20260427T091856_064263_081716_F792.zip,primary,https://datapool.asf.alaska.edu/SLC/SA/S1A_IW_SLC__1SDV_20260427T091829_20260427T091856_064263_081716_F792.zip,SLC,DESCENDING,141,64263,647,2026-04-27T09:18:29Z,2026-04-27T09:18:56Z,0.0 MB,C:\Users\jales\Documents\GitHub\thesis_code\downloads\sentinel1_asf\Sentinel-1A\S1A_IW_SLC__1SDV_20260427T091829_20260427T091856_064263_081716_F792.zip,missing_auth
feature_0_part_1_split_1,0,Sentinel-1A,,SENTINEL-1,Sentinel-1A,S1A_IW_SLC__1SDV_20260427T091804_20260427T091831_064263_081716_B5D9-SLC,S1A_IW_SLC__1SDV_20260427T091804_20260427T091831_064263_081716_B5D9,S1A_IW_SLC__1SDV_20260427T091804_20260427T091831_064263_081716_B5D9.zip,primary,https://datapool.asf.alaska.edu/SLC/SA/S1A_IW_SLC__1SDV_20260427T091804_20260427T091831_064263_081716_B5D9.zip,SLC,DESCENDING,141,64263,642,2026-04-27T09:18:04Z,2026-04-27T09:18:31Z,0.0 MB,C:\Users\jales\Documents\GitHub\thesis_code\downloads\sentinel1_asf\Sentinel-1A\S1A_IW_SLC__1SDV_20260427T091804_20260427T091831_064263_081716_B5D9.zip,missing_auth
feature_0_part_1_split_1,0,Sentinel-1A,,SENTINEL-1,Sentinel-1A,S1A_IW_SLC__1SDV_20260427T091739_20260427T091806_064263_081716_130F-SLC,S1A_IW_SLC__1SDV_20260427T091739_20260427T091806_064263_081716_130F,S1A_IW_SLC__1SDV_20260427T091739_20260427T091806_064263_081716_130F.zip,primary,https://datapool.asf.alaska.edu/SLC/SA/S1A_IW_SLC__1SDV_20260427T091739_20260427T091806_064263_081716_130F.zip,SLC,DESCENDING,141,64263,637,2026-04-27T09:17:39Z,2026-04-27T09:18:06Z,0.0 MB,C:\Users\jales\Documents\GitHub\thesis_code\downloads\sentinel1_asf\Sentinel-1A\S1A_IW_SLC__1SDV_20260427T091739_20260427T091806_064263_081716_130F.zip,missing_auth
feature_0_part_1_split_1,0,Sentinel-1A,,SENTINEL-1,Sentinel-1A,S1A_IW_SLC__1SDV_20260427T091714_20260427T091741_064263_081716_E667-SLC,S1A_IW_SLC__1SDV_20260427T091714_20260427T091741_064263_081716_E667,S1A_IW_SLC__1SDV_20260427T091714_20260427T091741_064263_081716_E667.zip,primary,https://datapool.asf.alaska.edu/SLC/SA/S1A_IW_SLC__1SDV_20260427T091714_20260427T091741_064263_081716_E667.zip,SLC,DESCENDING,141,64263,632,2026-04-27T09:17:14Z,2026-04-27T09:17:41Z,0.0 MB,C:\Users\jales\Documents\GitHub\thesis_code\downloads\sentinel1_asf\Sentinel-1A\S1A_IW_SLC__1SDV_20260427T091714_20260427T091741_064263_081716_E667.zip,missing_auth
feature_0_part_1_split_1,0,Sentinel-1A,,SENTINEL-1,Sentinel-1A,S1A_IW_SLC__1SDV_20260426T083923_20260426T083949_064248_08168D_86E2-SLC,S1A_IW_SLC__1SDV_20260426T083923_20260426T083949_064248_08168D_86E2,S1A_IW_SLC__1SDV_20260426T083923_20260426T083949_064248_08168D_86E2.zip,primary,https://datapool.asf.alaska.edu/SLC/SA/S1A_IW_SLC__1SDV_20260426T083923_20260426T083949_064248_08168D_86E2.zip,SLC,DESCENDING,126,64248,671,2026-04-26T08:39:23Z,2026-04-26T08:39:49Z,0.0 MB,C:\Users\jales\Documents\GitHub\thesis_code\downloads\sentinel1_asf\Sentinel-1A\S1A_IW_SLC__1SDV_20260426T083923_20260426T083949_064248_08168D_86E2.zip,missing_auth
feature_0_part_1_split_1,0,Sentinel-1A,,SENTINEL-1,Sentinel-1A,S1A_IW_SLC__1SDV_20260426T083857_20260426T083925_064248_08168D_EBCB-SLC,S1A_IW_SLC__1SDV_20260426T083857_20260426T083925_064248_08168D_EBCB,S1A_IW_SLC__1SDV_20260426T083857_20260426T083925_064248_08168D_EBCB.zip,primary,https://datapool.asf.alaska.edu/SLC/SA/S1A_IW_SLC__1SDV_20260426T083857_20260426T083925_064248_08168D_EBCB.zip,SLC,DESCENDING,126,64248,666,2026-04-26T08:38:57Z,2026-04-26T08:39:25Z,0.0 MB,C:\Users\jales\Documents\GitHub\thesis_code\downloads\sentinel1_asf\Sentinel-1A\S1A_IW_SLC__1SDV_20260426T083857_20260426T083925_064248_08168D_EBCB.zip,missing_auth
feature_0_part_1_split_1,0,Sentinel-1A,,SENTINEL-1,Sentinel-1A,S1A_IW_SLC__1SDV_20260426T083829_20260426T083859_064248_08168D_E13A-SLC,S1A_IW_SLC__1SDV_20260426T083829_20260426T083859_064248_08168D_E13A,S1A_IW_SLC__1SDV_20260426T083829_20260426T083859_064248_08168D_E13A.zip,primary,https://datapool.asf.alaska.edu/SLC/SA/S1A_IW_SLC__1SDV_20260426T083829_20260426T083859_064248_08168D_E13A.zip,SLC,DESCENDING,126,64248,661,2026-04-26T08:38:29Z,2026-04-26T08:38:59Z,0.0 MB,C:\Users\jales\Documents\GitHub\thesis_code\downloads\sentinel1_asf\Sentinel-1A\S1A_IW_SLC__1SDV_20260426T083829_20260426T083859_064248_08168D_E13A.zip,missing_auth
feature_0_part_1_split_1,0,Sentinel-1A,,SENTINEL-1,Sentinel-1A,S1A_IW_SLC__1SDV_20260426T083644_20260426T083658_064248_08168C_908C-SLC,S1A_IW_SLC__1SDV_20260426T083644_20260426T083658_064248_08168C_908C,S1A_IW_SLC__1SDV_20260426T083644_20260426T083658_064248_08168C_908C.zip,primary,https://datapool.asf.alaska.edu/SLC/SA/S1A_IW_SLC__1SDV_20260426T083644_20260426T083658_064248_08168C_908C.zip,SLC,DESCENDING,126,64248,639,2026-04-26T08:36:44Z,2026-04-26T08:36:58Z,0.0 MB,C:\Users\jales\Documents\GitHub\thesis_code\downloads\sentinel1_asf\Sentinel-1A\S1A_IW_SLC__1SDV_20260426T083644_20260426T083658_064248_08168C_908C.zip,missing_auth
feature_0_part_1_split_1,0,Sentinel-1A,,SENTINEL-1,Sentinel-1A,S1A_IW_SLC__1SDV_20260426T083619_20260426T083646_064248_08168C_7BEA-SLC,S1A_IW_SLC__1SDV_20260426T083619_20260426T083646_064248_08168C_7BEA,S1A_IW_SLC__1SDV_20260426T083619_20260426T083646_064248_08168C_7BEA.zip,primary,https://datapool.asf.alaska.edu/SLC/SA/S1A_IW_SLC__1SDV_20260426T083619_20260426T083646_064248_08168C_7BEA.zip,SLC,DESCENDING,126,64248,635,2026-04-26T08:36:19Z,2026-04-26T08:36:46Z,0.0 MB,C:\Users\jales\Documents\GitHub\thesis_code\downloads\sentinel1_asf\Sentinel-1A\S1A_IW_SLC__1SDV_20260426T083619_20260426T083646_064248_08168C_7BEA.zip,missing_auth
feature_0_part_1_split_1,0,Sentinel-1A,,SENTINEL-1,Sentinel-1A,S1A_IW_SLC__1SDV_20260426T083553_20260426T083621_064248_08168C_5A1F-SLC,S1A_IW_SLC__1SDV_20260426T083553_20260426T083621_064248_08168C_5A1F,S1A_IW_SLC__1SDV_20260426T083553_20260426T083621_064248_08168C_5A1F.zip,primary,https://datapool.asf.alaska.edu/SLC/SA/S1A_IW_SLC__1SDV_20260426T083553_20260426T083621_064248_08168C_5A1F.zip,SLC,DESCENDING,126,64248,629,2026-04-26T08:35:53Z,2026-04-26T08:36:21Z,0.0 MB,C:\Users\jales\Documents\GitHub\thesis_code\downloads\sentinel1_asf\Sentinel-1A\S1A_IW_SLC__1SDV_20260426T083553_20260426T083621_064248_08168C_5A1F.zip,missing_auth
feature_0_part_1_split_1,0,Sentinel-1A,,SENTINEL-1,Sentinel-1A,S1A_IW_SLC__1SDV_20260426T083528_20260426T083555_064248_08168C_2059-SLC,S1A_IW_SLC__1SDV_20260426T083528_20260426T083555_064248_08168C_2059,S1A_IW_SLC__1SDV_20260426T083528_20260426T083555_064248_08168C_2059.zip,primary,https://datapool.asf.alaska.edu/SLC/SA/S1A_IW_SLC__1SDV_20260426T083528_20260426T083555_064248_08168C_2059.zip,SLC,DESCENDING,126,64248,624,2026-04-26T08:35:28Z,2026-04-26T08:35:55Z,0.0 MB,C:\Users\jales\Documents\GitHub\thesis_code\downloads\sentinel1_asf\Sentinel-1A\S1A_IW_SLC__1SDV_20260426T083528_20260426T083555_064248_08168C_2059.zip,missing_auth
feature_0_part_1_split_1,0,Sentinel-1A,,SENTINEL-1,Sentinel-1A,S1A_IW_SLC__1SDV_20260426T083503_20260426T083530_064248_08168C_1595-SLC,S1A_IW_SLC__1SDV_20260426T083503_20260426T083530_064248_08168C_1595,S1A_IW_SLC__1SDV_20260426T083503_20260426T083530_064248_08168C_1595.zip,primary,https://datapool.asf.alaska.edu/SLC/SA/S1A_IW_SLC__1SDV_20260426T083503_20260426T083530_064248_08168C_1595.zip,SLC,DESCENDING,126,64248,619,2026-04-26T08:35:03Z,2026-04-26T08:35:30Z,0.0 MB,C:\Users\jales\Documents\GitHub\thesis_code\downloads\sentinel1_asf\Sentinel-1A\S1A_IW_SLC__1SDV_20260426T083503_20260426T083530_064248_08168C_1595.zip,missing_auth
feature_0_part_1_split_1,0,Sentinel-1A,,SENTINEL-1,Sentinel-1A,S1A_IW_SLC__1SDV_20260426T083438_20260426T083505_064248_08168C_5D73-SLC,S1A_IW_SLC__1SDV_20260426T083438_20260426T083505_064248_08168C_5D73,S1A_IW_SLC__1SDV_20260426T083438_20260426T083505_064248_08168C_5D73.zip,primary,https://datapool.asf.alaska.edu/SLC/SA/S1A_IW_SLC__1SDV_20260426T083438_20260426T083505_064248_08168C_5D73.zip,SLC,DESCENDING,126,64248,614,2026-04-26T08:34:38Z,2026-04-26T08:35:05Z,0.0 MB,C:\Users\jales\Documents\GitHub\thesis_code\downloads\sentinel1_asf\Sentinel-1A\S1A_IW_SLC__1SDV_20260426T083438_20260426T083505_064248_08168C_5D73.zip,missing_auth
feature_0_part_1_split_1,0,Sentinel-1A,,SENTINEL-1,Sentinel-1A,S1A_IW_SLC__1SDV_20260426T083414_20260426T083441_064248_08168C_5D90-SLC,S1A_IW_SLC__1SDV_20260426T083414_20260426T083441_064248_08168C_5D90,S1A_IW_SLC__1SDV_20260426T083414_20260426T083441_064248_08168C_5D90.zip,primary,https://datapool.asf.alaska.edu/SLC/SA/S1A_IW_SLC__1SDV_20260426T083414_20260426T083441_064248_08168C_5D90.zip,SLC,DESCENDING,126,64248,610,2026-04-26T08:34:14Z,2026-04-26T08:34:41Z,0.0 MB,C:\Users\jales\Documents\GitHub\thesis_code\downloads\sentinel1_asf\Sentinel-1A\S1A_IW_SLC__1SDV_20260426T083414_20260426T083441_064248_08168C_5D90.zip,missing_auth
feature_0_part_1_split_1,0,Sentinel-1A,,SENTINEL-1,Sentinel-1A,S1A_IW_SLC__1SDV_20260426T083348_20260426T083416_064248_08168C_7BA2-SLC,S1A_IW_SLC__1SDV_20260426T083348_20260426T083416_064248_08168C_7BA2,S1A_IW_SLC__1SDV_20260426T083348_20260426T083416_064248_08168C_7BA2.zip,primary,https://datapool.asf.alaska.edu/SLC/SA/S1A_IW_SLC__1SDV_20260426T083348_20260426T083416_064248_08168C_7BA2.zip,SLC,DESCENDING,126,64248,604,2026-04-26T08:33:48Z,2026-04-26T08:34:16Z,0.0 MB,C:\Users\jales\Documents\GitHub\thesis_code\downloads\sentinel1_asf\Sentinel-1A\S1A_IW_SLC__1SDV_20260426T083348_20260426T083416_064248_08168C_7BA2.zip,missing_auth
feature_0_part_1_split_1,0,Sentinel-1A,,SENTINEL-1,Sentinel-1A,S1A_IW_SLC__1SDV_20260426T083320_20260426T083350_064248_08168C_59DC-SLC,S1A_IW_SLC__1SDV_20260426T083320_20260426T083350_064248_08168C_59DC,S1A_IW_SLC__1SDV_20260426T083320_20260426T083350_064248_08168C_59DC.zip,primary,https://datapool.asf.alaska.edu/SLC/SA/S1A_IW_SLC__1SDV_20260426T083320_20260426T083350_064248_08168C_59DC.zip,SLC,DESCENDING,126,64248,599,2026-04-26T08:33:20Z,2026-04-26T08:33:50Z,0.0 MB,C:\Users\jales\Documents\GitHub\thesis_code\downloads\sentinel1_asf\Sentinel-1A\S1A_IW_SLC__1SDV_20260426T083320_20260426T083350_064248_08168C_59DC.zip,missing_auth
feature_0_part_1_split_1,0,Sentinel-1A,,SENTINEL-1,Sentinel-1A,S1A_IW_SLC__1SDV_20260425T093423_20260425T093450_064234_081602_8F51-SLC,S1A_IW_SLC__1SDV_20260425T093423_20260425T093450_064234_081602_8F51,S1A_IW_SLC__1SDV_20260425T093423_20260425T093450_064234_081602_8F51.zip,primary,https://datapool.asf.alaska.edu/SLC/SA/S1A_IW_SLC__1SDV_20260425T093423_20260425T093450_064234_081602_8F51.zip,SLC,DESCENDING,112,64234,640,2026-04-25T09:34:23Z,2026-04-25T09:34:50Z,0.0 MB,C:\Users\jales\Documents\GitHub\thesis_code\downloads\sentinel1_asf\Sentinel-1A\S1A_IW_SLC__1SDV_20260425T093423_20260425T093450_064234_081602_8F51.zip,missing_auth
feature_0_part_1_split_1,0,Sentinel-1A,,SENTINEL-1,Sentinel-1A,S1A_IW_SLC__1SDV_20260425T093358_20260425T093425_064234_081602_EC11-SLC,S1A_IW_SLC__1SDV_20260425T093358_20260425T093425_064234_081602_EC11,S1A_IW_SLC__1SDV_20260425T093358_20260425T093425_064234_081602_EC11.zip,primary,https://datapool.asf.alaska.edu/SLC/SA/S1A_IW_SLC__1SDV_20260425T093358_20260425T093425_064234_081602_EC11.zip,SLC,DESCENDING,112,64234,635,2026-04-25T09:33:58Z,2026-04-25T09:34:25Z,0.0 MB,C:\Users\jales\Documents\GitHub\thesis_code\downloads\sentinel1_asf\Sentinel-1A\S1A_IW_SLC__1SDV_20260425T093358_20260425T093425_064234_081602_EC11.zip,missing_auth
feature_0_part_1_split_1,0,Sentinel-1A,,SENTINEL-1,Sentinel-1A,S1A_IW_SLC__1SDV_20260425T093333_20260425T093401_064234_081602_F735-SLC,S1A_IW_SLC__1SDV_20260425T093333_20260425T093401_064234_081602_F735,S1A_IW_SLC__1SDV_20260425T093333_20260425T093401_064234_081602_F735.zip,primary,https://datapool.asf.alaska.edu/SLC/SA/S1A_IW_SLC__1SDV_20260425T093333_20260425T093401_064234_081602_F735.zip,SLC,DESCENDING,112,64234,630,2026-04-25T09:33:33Z,2026-04-25T09:34:01Z,0.0 MB,C:\Users\jales\Documents\GitHub\thesis_code\downloads\sentinel1_asf\Sentinel-1A\S1A_IW_SLC__1SDV_20260425T093333_20260425T093401_064234_081602_F735.zip,missing_auth
feature_0_part_1_split_1,0,Sentinel-1A,,SENTINEL-1,Sentinel-1A,S1A_IW_SLC__1SDV_20260424T085434_20260424T085459_064219_081568_D063-SLC,S1A_IW_SLC__1SDV_20260424T085434_20260424T085459_064219_081568_D063,S1A_IW_SLC__1SDV_20260424T085434_20260424T085459_064219_081568_D063.zip,primary,https://datapool.asf.alaska.edu/SLC/SA/S1A_IW_SLC__1SDV_20260424T085434_20260424T085459_064219_081568_D063.zip,SLC,DESCENDING,97,64219,656,2026-04-24T08:54:34Z,2026-04-24T08:54:59Z,0.0 MB,C:\Users\jales\Documents\GitHub\thesis_code\downloads\sentinel1_asf\Sentinel-1A\S1A_IW_SLC__1SDV_20260424T085434_20260424T085459_064219_081568_D063.zip,missing_auth
feature_0_part_1_split_1,0,Sentinel-1A,,SENTINEL-1,Sentinel-1A,S1A_IW_SLC__1SDV_20260424T085410_20260424T085437_064219_081568_12AF-SLC,S1A_IW_SLC__1SDV_20260424T085410_20260424T085437_064219_081568_12AF,S1A_IW_SLC__1SDV_20260424T085410_20260424T085437_064219_081568_12AF.zip,primary,https://datapool.asf.alaska.edu/SLC/SA/S1A_IW_SLC__1SDV_20260424T085410_20260424T085437_064219_081568_12AF.zip,SLC,DESCENDING,97,64219,651,2026-04-24T08:54:10Z,2026-04-24T08:54:37Z,0.0 MB,C:\Users\jales\Documents\GitHub\thesis_code\downloads\sentinel1_asf\Sentinel-1A\S1A_IW_SLC__1SDV_20260424T085410_20260424T085437_064219_081568_12AF.zip,missing_auth
feature_0_part_1_split_1,0,Sentinel-1A,,SENTINEL-1,Sentinel-1A,S1A_IW_SLC__1SDV_20260424T085344_20260424T085412_064219_081568_B1B5-SLC,S1A_IW_SLC__1SDV_20260424T085344_20260424T085412_064219_081568_B1B5,S1A_IW_SLC__1SDV_20260424T085344_20260424T085412_064219_081568_B1B5.zip,primary,https://datapool.asf.alaska.edu/SLC/SA/S1A_IW_SLC__1SDV_20260424T085344_20260424T085412_064219_081568_B1B5.zip,SLC,DESCENDING,97,64219,646,2026-04-24T08:53:44Z,2026-04-24T08:54:12Z,0.0 MB,C:\Users\jales\Documents\GitHub\thesis_code\downloads\sentinel1_asf\Sentinel-1A\S1A_IW_SLC__1SDV_20260424T085344_20260424T085412_064219_081568_B1B5.zip,missing_auth
feature_0_part_1_split_1,0,Sentinel-1A,,SENTINEL-1,Sentinel-1A,S1A_IW_SLC__1SDV_20260424T085319_20260424T085346_064219_081568_5AD6-SLC,S1A_IW_SLC__1SDV_20260424T085319_20260424T085346_064219_081568_5AD6,S1A_IW_SLC__1SDV_20260424T085319_20260424T085346_064219_081568_5AD6.zip,primary,https://datapool.asf.alaska.edu/SLC/SA/S1A_IW_SLC__1SDV_20260424T085319_20260424T085346_064219_081568_5AD6.zip,SLC,DESCENDING,97,64219,641,2026-04-24T08:53:19Z,2026-04-24T08:53:46Z,0.0 MB,C:\Users\jales\Documents\GitHub\thesis_code\downloads\sentinel1_asf\Sentinel-1A\S1A_IW_SLC__1SDV_20260424T085319_20260424T085346_064219_081568_5AD6.zip,missing_auth
feature_0_part_1_split_1,0,Sentinel-1A,,SENTINEL-1,Sentinel-1A,S1A_IW_SLC__1SDV_20260424T085254_20260424T085321_064219_081568_F077-SLC,S1A_IW_SLC__1SDV_20260424T085254_20260424T085321_064219_081568_F077,S1A_IW_SLC__1SDV_20260424T085254_20260424T085321_064219_081568_F077.zip,primary,https://datapool.asf.alaska.edu/SLC/SA/S1A_IW_SLC__1SDV_20260424T085254_20260424T085321_064219_081568_F077.zip,SLC,DESCENDING,97,64219,636,2026-04-24T08:52:54Z,2026-04-24T08:53:21Z,0.0 MB,C:\Users\jales\Documents\GitHub\thesis_code\downloads\sentinel1_asf\Sentinel-1A\S1A_IW_SLC__1SDV_20260424T085254_20260424T085321_064219_081568_F077.zip,missing_auth
feature_0_part_1_split_1,0,Sentinel-1A,,SENTINEL-1,Sentinel-1A,S1A_IW_SLC__1SDV_20260424T085229_20260424T085256_064219_081568_E14F-SLC,S1A_IW_SLC__1SDV_20260424T085229_20260424T085256_064219_081568_E14F,S1A_IW_SLC__1SDV_20260424T085229_20260424T085256_064219_081568_E14F.zip,primary,https://datapool.asf.alaska.edu/SLC/SA/S1A_IW_SLC__1SDV_20260424T085229_20260424T085256_064219_081568_E14F.zip,SLC,DESCENDING,97,64219,631,2026-04-24T08:52:29Z,2026-04-24T08:52:56Z,0.0 MB,C:\Users\jales\Documents\GitHub\thesis_code\downloads\sentinel1_asf\Sentinel-1A\S1A_IW_SLC__1SDV_20260424T085229_20260424T085256_064219_081568_E14F.zip,missing_auth
feature_0_part_1_split_1,0,Sentinel-1A,,SENTINEL-1,Sentinel-1A,S1A_IW_SLC__1SDV_20260424T085205_20260424T085232_064219_081568_0772-SLC,S1A_IW_SLC__1SDV_20260424T085205_20260424T085232_064219_081568_0772,S1A_IW_SLC__1SDV_20260424T085205_20260424T085232_064219_081568_0772.zip,primary,https://datapool.asf.alaska.edu/SLC/SA/S1A_IW_SLC__1SDV_20260424T085205_20260424T085232_064219_081568_0772.zip,SLC,DESCENDING,97,64219,626,2026-04-24T08:52:05Z,2026-04-24T08:52:32Z,0.0 MB,C:\Users\jales\Documents\GitHub\thesis_code\downloads\sentinel1_asf\Sentinel-1A\S1A_IW_SLC__1SDV_20260424T085205_20260424T085232_064219_081568_0772.zip,missing_auth
feature_0_part_1_split_1,0,Sentinel-1A,,SENTINEL-1,Sentinel-1A,S1A_IW_SLC__1SDV_20260424T085140_20260424T085207_064219_081568_4932-SLC,S1A_IW_SLC__1SDV_20260424T085140_20260424T085207_064219_081568_4932,S1A_IW_SLC__1SDV_20260424T085140_20260424T085207_064219_081568_4932.zip,primary,https://datapool.asf.alaska.edu/SLC/SA/S1A_IW_SLC__1SDV_20260424T085140_20260424T085207_064219_081568_4932.zip,SLC,DESCENDING,97,64219,621,2026-04-24T08:51:40Z,2026-04-24T08:52:07Z,0.0 MB,C:\Users\jales\Documents\GitHub\thesis_code\downloads\sentinel1_asf\Sentinel-1A\S1A_IW_SLC__1SDV_20260424T085140_20260424T085207_064219_081568_4932.zip,missing_auth
feature_0_part_1_split_1,0,Sentinel-1A,,SENTINEL-1,Sentinel-1A,S1A_IW_SLC__1SDV_20260424T085114_20260424T085142_064219_081568_7B7F-SLC,S1A_IW_SLC__1SDV_20260424T085114_20260424T085142_064219_081568_7B7F,S1A_IW_SLC__1SDV_20260424T085114_20260424T085142_064219_081568_7B7F.zip,primary,https://datapool.asf.alaska.edu/SLC/SA/S1A_IW_SLC__1SDV_20260424T085114_20260424T085142_064219_081568_7B7F.zip,SLC,DESCENDING,97,64219,616,2026-04-24T08:51:14Z,2026-04-24T08:51:42Z,0.0 MB,C:\Users\jales\Documents\GitHub\thesis_code\downloads\sentinel1_asf\Sentinel-1A\S1A_IW_SLC__1SDV_20260424T085114_20260424T085142_064219_081568_7B7F.zip,missing_auth
feature_0_part_1_split_1,0,Sentinel-1A,,SENTINEL-1,Sentinel-1A,S1A_IW_SLC__1SDV_20260424T085049_20260424T085116_064219_081568_7AEA-SLC,S1A_IW_SLC__1SDV_20260424T085049_20260424T085116_064219_081568_7AEA,S1A_IW_SLC__1SDV_20260424T085049_20260424T085116_064219_081568_7AEA.zip,primary,https://datapool.asf.alaska.edu/SLC/SA/S1A_IW_SLC__1SDV_20260424T085049_20260424T085116_064219_081568_7AEA.zip,SLC,DESCENDING,97,64219,611,2026-04-24T08:50:49Z,2026-04-24T08:51:16Z,0.0 MB,C:\Users\jales\Documents\GitHub\thesis_code\downloads\sentinel1_asf\Sentinel-1A\S1A_IW_SLC__1SDV_20260424T085049_20260424T085116_064219_081568_7AEA.zip,missing_auth
feature_0_part_1_split_1,0,Sentinel-1A,,SENTINEL-1,Sentinel-1A,S1A_IW_SLC__1SDV_20260424T085024_20260424T085051_064219_081568_2288-SLC,S1A_IW_SLC__1SDV_20260424T085024_20260424T085051_064219_081568_2288,S1A_IW_SLC__1SDV_20260424T085024_20260424T085051_064219_081568_2288.zip,primary,https://datapool.asf.alaska.edu/SLC/SA/S1A_IW_SLC__1SDV_20260424T085024_20260424T085051_064219_081568_2288.zip,SLC,DESCENDING,97,64219,606,2026-04-24T08:50:24Z,2026-04-24T08:50:51Z,0.0 MB,C:\Users\jales\Documents\GitHub\thesis_code\downloads\sentinel1_asf\Sentinel-1A\S1A_IW_SLC__1SDV_20260424T085024_20260424T085051_064219_081568_2288.zip,missing_auth
feature_0_part_1_split_1,0,Sentinel-1A,,SENTINEL-1,Sentinel-1A,S1A_IW_SLC__1SDV_20260422T091031_20260422T091053_064190_081463_0180-SLC,S1A_IW_SLC__1SDV_20260422T091031_20260422T091053_064190_081463_0180,S1A_IW_SLC__1SDV_20260422T091031_20260422T091053_064190_081463_0180.zip,primary,https://datapool.asf.alaska.edu/SLC/SA/S1A_IW_SLC__1SDV_20260422T091031_20260422T091053_064190_081463_0180.zip,SLC,DESCENDING,68,64190,650,2026-04-22T09:10:31Z,2026-04-22T09:10:53Z,0.0 MB,C:\Users\jales\Documents\GitHub\thesis_code\downloads\sentinel1_asf\Sentinel-1A\S1A_IW_SLC__1SDV_20260422T091031_20260422T091053_064190_081463_0180.zip,missing_auth
feature_0_part_1_split_1,0,Sentinel-1A,,SENTINEL-1,Sentinel-1A,S1A_IW_SLC__1SDV_20260422T091006_20260422T091033_064190_081463_EF71-SLC,S1A_IW_SLC__1SDV_20260422T091006_20260422T091033_064190_081463_EF71,S1A_IW_SLC__1SDV_20260422T091006_20260422T091033_064190_081463_EF71.zip,primary,https://datapool.asf.alaska.edu/SLC/SA/S1A_IW_SLC__1SDV_20260422T091006_20260422T091033_064190_081463_EF71.zip,SLC,DESCENDING,68,64190,645,2026-04-22T09:10:06Z,2026-04-22T09:10:33Z,0.0 MB,C:\Users\jales\Documents\GitHub\thesis_code\downloads\sentinel1_asf\Sentinel-1A\S1A_IW_SLC__1SDV_20260422T091006_20260422T091033_064190_081463_EF71.zip,missing_auth
feature_0_part_1_split_1,0,Sentinel-1A,,SENTINEL-1,Sentinel-1A,S1A_IW_SLC__1SDV_20260422T090942_20260422T091009_064190_081463_2471-SLC,S1A_IW_SLC__1SDV_20260422T090942_20260422T091009_064190_081463_2471,S1A_IW_SLC__1SDV_20260422T090942_20260422T091009_064190_081463_2471.zip,primary,https://datapool.asf.alaska.edu/SLC/SA/S1A_IW_SLC__1SDV_20260422T090942_20260422T091009_064190_081463_2471.zip,SLC,DESCENDING,68,64190,640,2026-04-22T09:09:42Z,2026-04-22T09:10:09Z,0.0 MB,C:\Users\jales\Documents\GitHub\thesis_code\downloads\sentinel1_asf\Sentinel-1A\S1A_IW_SLC__1SDV_20260422T090942_20260422T091009_064190_081463_2471.zip,missing_auth
feature_0_part_1_split_1,0,Sentinel-1A,,SENTINEL-1,Sentinel-1A,S1A_IW_SLC__1SDV_20260422T090916_20260422T090944_064190_081463_243D-SLC,S1A_IW_SLC__1SDV_20260422T090916_20260422T090944_064190_081463_243D,S1A_IW_SLC__1SDV_20260422T090916_20260422T090944_064190_081463_243D.zip,primary,https://datapool.asf.alaska.edu/SLC/SA/S1A_IW_SLC__1SDV_20260422T090916_20260422T090944_064190_081463_243D.zip,SLC,DESCENDING,68,64190,635,2026-04-22T09:09:16Z,2026-04-22T09:09:44Z,0.0 MB,C:\Users\jales\Documents\GitHub\thesis_code\downloads\sentinel1_asf\Sentinel-1A\S1A_IW_SLC__1SDV_20260422T090916_20260422T090944_064190_081463_243D.zip,missing_auth
feature_0_part_1_split_1,0,Sentinel-1A,,SENTINEL-1,Sentinel-1A,S1A_IW_SLC__1SDV_20260422T090826_20260422T090853_064190_081463_858E-SLC,S1A_IW_SLC__1SDV_20260422T090826_20260422T090853_064190_081463_858E,S1A_IW_SLC__1SDV_20260422T090826_20260422T090853_064190_081463_858E.zip,primary,https://datapool.asf.alaska.edu/SLC/SA/S1A_IW_SLC__1SDV_20260422T090826_20260422T090853_064190_081463_858E.zip,SLC,DESCENDING,68,64190,625,2026-04-22T09:08:26Z,2026-04-22T09:08:53Z,0.0 MB,C:\Users\jales\Documents\GitHub\thesis_code\downloads\sentinel1_asf\Sentinel-1A\S1A_IW_SLC__1SDV_20260422T090826_20260422T090853_064190_081463_858E.zip,missing_auth
feature_0_part_1_split_1,0,Sentinel-1A,,SENTINEL-1,Sentinel-1A,S1A_IW_SLC__1SDV_20260421T082837_20260421T082852_064175_0813D6_7120-SLC,S1A_IW_SLC__1SDV_20260421T082837_20260421T082852_064175_0813D6_7120,S1A_IW_SLC__1SDV_20260421T082837_20260421T082852_064175_0813D6_7120.zip,primary,https://datapool.asf.alaska.edu/SLC/SA/S1A_IW_SLC__1SDV_20260421T082837_20260421T082852_064175_0813D6_7120.zip,SLC,DESCENDING,53,64175,641,2026-04-21T08:28:37Z,2026-04-21T08:28:52Z,0.0 MB,C:\Users\jales\Documents\GitHub\thesis_code\downloads\sentinel1_asf\Sentinel-1A\S1A_IW_SLC__1SDV_20260421T082837_20260421T082852_064175_0813D6_7120.zip,missing_auth
feature_0_part_1_split_1,0,Sentinel-1A,,SENTINEL-1,Sentinel-1A,S1A_IW_SLC__1SDV_20260421T082813_20260421T082840_064175_0813D6_7BFD-SLC,S1A_IW_SLC__1SDV_20260421T082813_20260421T082840_064175_0813D6_7BFD,S1A_IW_SLC__1SDV_20260421T082813_20260421T082840_064175_0813D6_7BFD.zip,primary,https://datapool.asf.alaska.edu/SLC/SA/S1A_IW_SLC__1SDV_20260421T082813_20260421T082840_064175_0813D6_7BFD.zip,SLC,DESCENDING,53,64175,636,2026-04-21T08:28:13Z,2026-04-21T08:28:40Z,0.0 MB,C:\Users\jales\Documents\GitHub\thesis_code\downloads\sentinel1_asf\Sentinel-1A\S1A_IW_SLC__1SDV_20260421T082813_20260421T082840_064175_0813D6_7BFD.zip,missing_auth
feature_0_part_1_split_1,0,Sentinel-1A,,SENTINEL-1,Sentinel-1A,S1A_IW_SLC__1SDV_20260421T082747_20260421T082815_064175_0813D6_1C41-SLC,S1A_IW_SLC__1SDV_20260421T082747_20260421T082815_064175_0813D6_1C41,S1A_IW_SLC__1SDV_20260421T082747_20260421T082815_064175_0813D6_1C41.zip,primary,https://datapool.asf.alaska.edu/SLC/SA/S1A_IW_SLC__1SDV_20260421T082747_20260421T082815_064175_0813D6_1C41.zip,SLC,DESCENDING,53,64175,631,2026-04-21T08:27:47Z,2026-04-21T08:28:15Z,0.0 MB,C:\Users\jales\Documents\GitHub\thesis_code\downloads\sentinel1_asf\Sentinel-1A\S1A_IW_SLC__1SDV_20260421T082747_20260421T082815_064175_0813D6_1C41.zip,missing_auth
feature_0_part_1_split_1,0,Sentinel-1A,,SENTINEL-1,Sentinel-1A,S1A_IW_SLC__1SDV_20260421T082632_20260421T082659_064175_0813D6_F677-SLC,S1A_IW_SLC__1SDV_20260421T082632_20260421T082659_064175_0813D6_F677,S1A_IW_SLC__1SDV_20260421T082632_20260421T082659_064175_0813D6_F677.zip,primary,https://datapool.asf.alaska.edu/SLC/SA/S1A_IW_SLC__1SDV_20260421T082632_20260421T082659_064175_0813D6_F677.zip,SLC,DESCENDING,53,64175,616,2026-04-21T08:26:32Z,2026-04-21T08:26:59Z,0.0 MB,C:\Users\jales\Documents\GitHub\thesis_code\downloads\sentinel1_asf\Sentinel-1A\S1A_IW_SLC__1SDV_20260421T082632_20260421T082659_064175_0813D6_F677.zip,missing_auth
feature_0_part_1_split_1,0,Sentinel-1A,,SENTINEL-1,Sentinel-1A,S1A_IW_SLC__1SDV_20260421T082608_20260421T082634_064175_0813D6_6B47-SLC,S1A_IW_SLC__1SDV_20260421T082608_20260421T082634_064175_0813D6_6B47,S1A_IW_SLC__1SDV_20260421T082608_20260421T082634_064175_0813D6_6B47.zip,primary,https://datapool.asf.alaska.edu/SLC/SA/S1A_IW_SLC__1SDV_20260421T082608_20260421T082634_064175_0813D6_6B47.zip,SLC,DESCENDING,53,64175,611,2026-04-21T08:26:08Z,2026-04-21T08:26:34Z,0.0 MB,C:\Users\jales\Documents\GitHub\thesis_code\downloads\sentinel1_asf\Sentinel-1A\S1A_IW_SLC__1SDV_20260421T082608_20260421T082634_064175_0813D6_6B47.zip,missing_auth
feature_0_part_1_split_1,0,Sentinel-1A,,SENTINEL-1,Sentinel-1A,S1A_IW_SLC__1SDV_20260421T082542_20260421T082610_064175_0813D6_A5B2-SLC,S1A_IW_SLC__1SDV_20260421T082542_20260421T082610_064175_0813D6_A5B2,S1A_IW_SLC__1SDV_20260421T082542_20260421T082610_064175_0813D6_A5B2.zip,primary,https://datapool.asf.alaska.edu/SLC/SA/S1A_IW_SLC__1SDV_20260421T082542_20260421T082610_064175_0813D6_A5B2.zip,SLC,DESCENDING,53,64175,606,2026-04-21T08:25:42Z,2026-04-21T08:26:10Z,0.0 MB,C:\Users\jales\Documents\GitHub\thesis_code\downloads\sentinel1_asf\Sentinel-1A\S1A_IW_SLC__1SDV_20260421T082542_20260421T082610_064175_0813D6_A5B2.zip,missing_auth
feature_0_part_1_split_1,0,Sentinel-1A,,SENTINEL-1,Sentinel-1A,S1A_IW_SLC__1SDV_20260421T082514_20260421T082544_064175_0813D6_AA2B-SLC,S1A_IW_SLC__1SDV_20260421T082514_20260421T082544_064175_0813D6_AA2B,S1A_IW_SLC__1SDV_20260421T082514_20260421T082544_064175_0813D6_AA2B.zip,primary,https://datapool.asf.alaska.edu/SLC/SA/S1A_IW_SLC__1SDV_20260421T082514_20260421T082544_064175_0813D6_AA2B.zip,SLC,DESCENDING,53,64175,600,2026-04-21T08:25:14Z,2026-04-21T08:25:44Z,0.0 MB,C:\Users\jales\Documents\GitHub\thesis_code\downloads\sentinel1_asf\Sentinel-1A\S1A_IW_SLC__1SDV_20260421T082514_20260421T082544_064175_0813D6_AA2B.zip,missing_auth
feature_0_part_1_split_1,0,Sentinel-1A,,SENTINEL-1,Sentinel-1A,S1A_IW_SLC__1SDV_20260420T092636_20260420T092703_064161_08134C_0413-SLC,S1A_IW_SLC__1SDV_20260420T092636_20260420T092703_064161_08134C_0413,S1A_IW_SLC__1SDV_20260420T092636_20260420T092703_064161_08134C_0413.zip,primary,https://datapool.asf.alaska.edu/SLC/SA/S1A_IW_SLC__1SDV_20260420T092636_20260420T092703_064161_08134C_0413.zip,SLC,DESCENDING,39,64161,646,2026-04-20T09:26:36Z,2026-04-20T09:27:03Z,0.0 MB,C:\Users\jales\Documents\GitHub\thesis_code\downloads\sentinel1_asf\Sentinel-1A\S1A_IW_SLC__1SDV_20260420T092636_20260420T092703_064161_08134C_0413.zip,missing_auth
feature_0_part_1_split_1,0,Sentinel-1A,,SENTINEL-1,Sentinel-1A,S1A_IW_SLC__1SDV_20260420T092611_20260420T092639_064161_08134C_7CB5-SLC,S1A_IW_SLC__1SDV_20260420T092611_20260420T092639_064161_08134C_7CB5,S1A_IW_SLC__1SDV_20260420T092611_20260420T092639_064161_08134C_7CB5.zip,primary,https://datapool.asf.alaska.edu/SLC/SA/S1A_IW_SLC__1SDV_20260420T092611_20260420T092639_064161_08134C_7CB5.zip,SLC,DESCENDING,39,64161,641,2026-04-20T09:26:11Z,2026-04-20T09:26:39Z,0.0 MB,C:\Users\jales\Documents\GitHub\thesis_code\downloads\sentinel1_asf\Sentinel-1A\S1A_IW_SLC__1SDV_20260420T092611_20260420T092639_064161_08134C_7CB5.zip,missing_auth
feature_0_part_1_split_1,0,Sentinel-1A,,SENTINEL-1,Sentinel-1A,S1A_IW_SLC__1SDV_20260420T092547_20260420T092614_064161_08134C_1267-SLC,S1A_IW_SLC__1SDV_20260420T092547_20260420T092614_064161_08134C_1267,S1A_IW_SLC__1SDV_20260420T092547_20260420T092614_064161_08134C_1267.zip,primary,https://datapool.asf.alaska.edu/SLC/SA/S1A_IW_SLC__1SDV_20260420T092547_20260420T092614_064161_08134C_1267.zip,SLC,DESCENDING,39,64161,636,2026-04-20T09:25:47Z,2026-04-20T09:26:14Z,0.0 MB,C:\Users\jales\Documents\GitHub\thesis_code\downloads\sentinel1_asf\Sentinel-1A\S1A_IW_SLC__1SDV_20260420T092547_20260420T092614_064161_08134C_1267.zip,missing_auth
feature_0_part_1_split_1,0,Sentinel-1A,,SENTINEL-1,Sentinel-1A,S1A_IW_SLC__1SDV_20260420T092521_20260420T092549_064161_08134C_37CF-SLC,S1A_IW_SLC__1SDV_20260420T092521_20260420T092549_064161_08134C_37CF,S1A_IW_SLC__1SDV_20260420T092521_20260420T092549_064161_08134C_37CF.zip,primary,https://datapool.asf.alaska.edu/SLC/SA/S1A_IW_SLC__1SDV_20260420T092521_20260420T092549_064161_08134C_37CF.zip,SLC,DESCENDING,39,64161,631,2026-04-20T09:25:21Z,2026-04-20T09:25:49Z,0.0 MB,C:\Users\jales\Documents\GitHub\thesis_code\downloads\sentinel1_asf\Sentinel-1A\S1A_IW_SLC__1SDV_20260420T092521_20260420T092549_064161_08134C_37CF.zip,missing_auth
feature_0_part_1_split_1,0,Sentinel-1A,,SENTINEL-1,Sentinel-1A,S1A_IW_SLC__1SDV_20260419T084628_20260419T084652_064146_0812C0_3E2C-SLC,S1A_IW_SLC__1SDV_20260419T084628_20260419T084652_064146_0812C0_3E2C,S1A_IW_SLC__1SDV_20260419T084628_20260419T084652_064146_0812C0_3E2C.zip,primary,https://datapool.asf.alaska.edu/SLC/SA/S1A_IW_SLC__1SDV_20260419T084628_20260419T084652_064146_0812C0_3E2C.zip,SLC,DESCENDING,24,64146,658,2026-04-19T08:46:28Z,2026-04-19T08:46:52Z,0.0 MB,C:\Users\jales\Documents\GitHub\thesis_code\downloads\sentinel1_asf\Sentinel-1A\S1A_IW_SLC__1SDV_20260419T084628_20260419T084652_064146_0812C0_3E2C.zip,missing_auth
feature_0_part_1_split_1,0,Sentinel-1A,,SENTINEL-1,Sentinel-1A,S1A_IW_SLC__1SDV_20260419T084603_20260419T084630_064146_0812C0_C050-SLC,S1A_IW_SLC__1SDV_20260419T084603_20260419T084630_064146_0812C0_C050,S1A_IW_SLC__1SDV_20260419T084603_20260419T084630_064146_0812C0_C050.zip,primary,https://datapool.asf.alaska.edu/SLC/SA/S1A_IW_SLC__1SDV_20260419T084603_20260419T084630_064146_0812C0_C050.zip,SLC,DESCENDING,24,64146,653,2026-04-19T08:46:03Z,2026-04-19T08:46:30Z,0.0 MB,C:\Users\jales\Documents\GitHub\thesis_code\downloads\sentinel1_asf\Sentinel-1A\S1A_IW_SLC__1SDV_20260419T084603_20260419T084630_064146_0812C0_C050.zip,missing_auth
feature_0_part_1_split_1,0,Sentinel-1A,,SENTINEL-1,Sentinel-1A,S1A_IW_SLC__1SDV_20260419T084538_20260419T084606_064146_0812C0_7ADE-SLC,S1A_IW_SLC__1SDV_20260419T084538_20260419T084606_064146_0812C0_7ADE,S1A_IW_SLC__1SDV_20260419T084538_20260419T084606_064146_0812C0_7ADE.zip,primary,https://datapool.asf.alaska.edu/SLC/SA/S1A_IW_SLC__1SDV_20260419T084538_20260419T084606_064146_0812C0_7ADE.zip,SLC,DESCENDING,24,64146,648,2026-04-19T08:45:38Z,2026-04-19T08:46:06Z,0.0 MB,C:\Users\jales\Documents\GitHub\thesis_code\downloads\sentinel1_asf\Sentinel-1A\S1A_IW_SLC__1SDV_20260419T084538_20260419T084606_064146_0812C0_7ADE.zip,missing_auth
feature_0_part_1_split_1,0,Sentinel-1A,,SENTINEL-1,Sentinel-1A,S1A_IW_SLC__1SDV_20260419T084513_20260419T084540_064146_0812C0_4063-SLC,S1A_IW_SLC__1SDV_20260419T084513_20260419T084540_064146_0812C0_4063,S1A_IW_SLC__1SDV_20260419T084513_20260419T084540_064146_0812C0_4063.zip,primary,https://datapool.asf.alaska.edu/SLC/SA/S1A_IW_SLC__1SDV_20260419T084513_20260419T084540_064146_0812C0_4063.zip,SLC,DESCENDING,24,64146,643,2026-04-19T08:45:13Z,2026-04-19T08:45:40Z,0.0 MB,C:\Users\jales\Documents\GitHub\thesis_code\downloads\sentinel1_asf\Sentinel-1A\S1A_IW_SLC__1SDV_20260419T084513_20260419T084540_064146_0812C0_4063.zip,missing_auth
feature_0_part_1_split_1,0,Sentinel-1A,,SENTINEL-1,Sentinel-1A,S1A_IW_SLC__1SDV_20260419T084448_20260419T084515_064146_0812C0_363A-SLC,S1A_IW_SLC__1SDV_20260419T084448_20260419T084515_064146_0812C0_363A,S1A_IW_SLC__1SDV_20260419T084448_20260419T084515_064146_0812C0_363A.zip,primary,https://datapool.asf.alaska.edu/SLC/SA/S1A_IW_SLC__1SDV_20260419T084448_20260419T084515_064146_0812C0_363A.zip,SLC,DESCENDING,24,64146,638,2026-04-19T08:44:48Z,2026-04-19T08:45:15Z,0.0 MB,C:\Users\jales\Documents\GitHub\thesis_code\downloads\sentinel1_asf\Sentinel-1A\S1A_IW_SLC__1SDV_20260419T084448_20260419T084515_064146_0812C0_363A.zip,missing_auth
feature_0_part_1_split_1,0,Sentinel-1A,,SENTINEL-1,Sentinel-1A,S1A_IW_SLC__1SDV_20260419T084423_20260419T084450_064146_0812C0_07EC-SLC,S1A_IW_SLC__1SDV_20260419T084423_20260419T084450_064146_0812C0_07EC,S1A_IW_SLC__1SDV_20260419T084423_20260419T084450_064146_0812C0_07EC.zip,primary,https://datapool.asf.alaska.edu/SLC/SA/S1A_IW_SLC__1SDV_20260419T084423_20260419T084450_064146_0812C0_07EC.zip,SLC,DESCENDING,24,64146,633,2026-04-19T08:44:23Z,2026-04-19T08:44:50Z,0.0 MB,C:\Users\jales\Documents\GitHub\thesis_code\downloads\sentinel1_asf\Sentinel-1A\S1A_IW_SLC__1SDV_20260419T084423_20260419T084450_064146_0812C0_07EC.zip,missing_auth
feature_0_part_1_split_1,0,Sentinel-1A,,SENTINEL-1,Sentinel-1A,S1A_IW_SLC__1SDV_20260419T084358_20260419T084425_064146_0812C0_6552-SLC,S1A_IW_SLC__1SDV_20260419T084358_20260419T084425_064146_0812C0_6552,S1A_IW_SLC__1SDV_20260419T084358_20260419T084425_064146_0812C0_6552.zip,primary,https://datapool.asf.alaska.edu/SLC/SA/S1A_IW_SLC__1SDV_20260419T084358_20260419T084425_064146_0812C0_6552.zip,SLC,DESCENDING,24,64146,628,2026-04-19T08:43:58Z,2026-04-19T08:44:25Z,0.0 MB,C:\Users\jales\Documents\GitHub\thesis_code\downloads\sentinel1_asf\Sentinel-1A\S1A_IW_SLC__1SDV_20260419T084358_20260419T084425_064146_0812C0_6552.zip,missing_auth
feature_0_part_1_split_1,0,Sentinel-1A,,SENTINEL-1,Sentinel-1A,S1A_IW_SLC__1SDV_20260419T084333_20260419T084400_064146_0812C0_B622-SLC,S1A_IW_SLC__1SDV_20260419T084333_20260419T084400_064146_0812C0_B622,S1A_IW_SLC__1SDV_20260419T084333_20260419T084400_064146_0812C0_B622.zip,primary,https://datapool.asf.alaska.edu/SLC/SA/S1A_IW_SLC__1SDV_20260419T084333_20260419T084400_064146_0812C0_B622.zip,SLC,DESCENDING,24,64146,623,2026-04-19T08:43:33Z,2026-04-19T08:44:00Z,0.0 MB,C:\Users\jales\Documents\GitHub\thesis_code\downloads\sentinel1_asf\Sentinel-1A\S1A_IW_SLC__1SDV_20260419T084333_20260419T084400_064146_0812C0_B622.zip,missing_auth
feature_0_part_1_split_1,0,Sentinel-1A,,SENTINEL-1,Sentinel-1A,S1A_IW_SLC__1SDV_20260419T084308_20260419T084336_064146_0812C0_73AE-SLC,S1A_IW_SLC__1SDV_20260419T084308_20260419T084336_064146_0812C0_73AE,S1A_IW_SLC__1SDV_20260419T084308_20260419T084336_064146_0812C0_73AE.zip,primary,https://datapool.asf.alaska.edu/SLC/SA/S1A_IW_SLC__1SDV_20260419T084308_20260419T084336_064146_0812C0_73AE.zip,SLC,DESCENDING,24,64146,618,2026-04-19T08:43:08Z,2026-04-19T08:43:36Z,0.0 MB,C:\Users\jales\Documents\GitHub\thesis_code\downloads\sentinel1_asf\Sentinel-1A\S1A_IW_SLC__1SDV_20260419T084308_20260419T084336_064146_0812C0_73AE.zip,missing_auth
feature_0_part_1_split_1,0,Sentinel-1A,,SENTINEL-1,Sentinel-1A,S1A_IW_SLC__1SDV_20260419T084243_20260419T084310_064146_0812C0_7A17-SLC,S1A_IW_SLC__1SDV_20260419T084243_20260419T084310_064146_0812C0_7A17,S1A_IW_SLC__1SDV_20260419T084243_20260419T084310_064146_0812C0_7A17.zip,primary,https://datapool.asf.alaska.edu/SLC/SA/S1A_IW_SLC__1SDV_20260419T084243_20260419T084310_064146_0812C0_7A17.zip,SLC,DESCENDING,24,64146,613,2026-04-19T08:42:43Z,2026-04-19T08:43:10Z,0.0 MB,C:\Users\jales\Documents\GitHub\thesis_code\downloads\sentinel1_asf\Sentinel-1A\S1A_IW_SLC__1SDV_20260419T084243_20260419T084310_064146_0812C0_7A17.zip,missing_auth
feature_0_part_1_split_1,0,Sentinel-1A,,SENTINEL-1,Sentinel-1A,S1A_IW_SLC__1SDV_20260419T084218_20260419T084245_064146_0812C0_A5C4-SLC,S1A_IW_SLC__1SDV_20260419T084218_20260419T084245_064146_0812C0_A5C4,S1A_IW_SLC__1SDV_20260419T084218_20260419T084245_064146_0812C0_A5C4.zip,primary,https://datapool.asf.alaska.edu/SLC/SA/S1A_IW_SLC__1SDV_20260419T084218_20260419T084245_064146_0812C0_A5C4.zip,SLC,DESCENDING,24,64146,608,2026-04-19T08:42:18Z,2026-04-19T08:42:45Z,0.0 MB,C:\Users\jales\Documents\GitHub\thesis_code\downloads\sentinel1_asf\Sentinel-1A\S1A_IW_SLC__1SDV_20260419T084218_20260419T084245_064146_0812C0_A5C4.zip,missing_auth
feature_0_part_1_split_1,0,Sentinel-1A,,SENTINEL-1,Sentinel-1A,S1A_IW_SLC__1SDV_20260419T084153_20260419T084220_064146_0812C0_1DAA-SLC,S1A_IW_SLC__1SDV_20260419T084153_20260419T084220_064146_0812C0_1DAA,S1A_IW_SLC__1SDV_20260419T084153_20260419T084220_064146_0812C0_1DAA.zip,primary,https://datapool.asf.alaska.edu/SLC/SA/S1A_IW_SLC__1SDV_20260419T084153_20260419T084220_064146_0812C0_1DAA.zip,SLC,DESCENDING,24,64146,603,2026-04-19T08:41:53Z,2026-04-19T08:42:20Z,0.0 MB,C:\Users\jales\Documents\GitHub\thesis_code\downloads\sentinel1_asf\Sentinel-1A\S1A_IW_SLC__1SDV_20260419T084153_20260419T084220_064146_0812C0_1DAA.zip,missing_auth
feature_0_part_1_split_1,0,Sentinel-1A,,SENTINEL-1,Sentinel-1A,S1A_IW_SLC__1SDV_20260419T084128_20260419T084155_064146_0812C0_7BA5-SLC,S1A_IW_SLC__1SDV_20260419T084128_20260419T084155_064146_0812C0_7BA5,S1A_IW_SLC__1SDV_20260419T084128_20260419T084155_064146_0812C0_7BA5.zip,primary,https://datapool.asf.alaska.edu/SLC/SA/S1A_IW_SLC__1SDV_20260419T084128_20260419T084155_064146_0812C0_7BA5.zip,SLC,DESCENDING,24,64146,598,2026-04-19T08:41:28Z,2026-04-19T08:41:55Z,0.0 MB,C:\Users\jales\Documents\GitHub\thesis_code\downloads\sentinel1_asf\Sentinel-1A\S1A_IW_SLC__1SDV_20260419T084128_20260419T084155_064146_0812C0_7BA5.zip,missing_auth
feature_0_part_1_split_1,0,Sentinel-1A,,SENTINEL-1,Sentinel-1A,S1A_IW_SLC__1SDV_20260418T094154_20260418T094221_064132_08123C_663C-SLC,S1A_IW_SLC__1SDV_20260418T094154_20260418T094221_064132_08123C_663C,S1A_IW_SLC__1SDV_20260418T094154_20260418T094221_064132_08123C_663C.zip,primary,https://datapool.asf.alaska.edu/SLC/SA/S1A_IW_SLC__1SDV_20260418T094154_20260418T094221_064132_08123C_663C.zip,SLC,DESCENDING,10,64132,632,2026-04-18T09:41:54Z,2026-04-18T09:42:21Z,0.0 MB,C:\Users\jales\Documents\GitHub\thesis_code\downloads\sentinel1_asf\Sentinel-1A\S1A_IW_SLC__1SDV_20260418T094154_20260418T094221_064132_08123C_663C.zip,missing_auth
feature_0_part_1_split_1,0,Sentinel-1A,,SENTINEL-1,Sentinel-1A,S1A_IW_SLC__1SDV_20260417T211637_20260417T211707_064124_0811F2_2149-SLC,S1A_IW_SLC__1SDV_20260417T211637_20260417T211707_064124_0811F2_2149,S1A_IW_SLC__1SDV_20260417T211637_20260417T211707_064124_0811F2_2149.zip,primary,https://datapool.asf.alaska.edu/SLC/SA/S1A_IW_SLC__1SDV_20260417T211637_20260417T211707_064124_0811F2_2149.zip,SLC,ASCENDING,2,64124,1168,2026-04-17T21:16:37Z,2026-04-17T21:17:07Z,0.0 MB,C:\Users\jales\Documents\GitHub\thesis_code\downloads\sentinel1_asf\Sentinel-1A\S1A_IW_SLC__1SDV_20260417T211637_20260417T211707_064124_0811F2_2149.zip,missing_auth
feature_0_part_1_split_1,0,Sentinel-1A,,SENTINEL-1,Sentinel-1A,S1A_IW_SLC__1SDV_20260417T090240_20260417T090305_064117_0811A2_2DF8-SLC,S1A_IW_SLC__1SDV_20260417T090240_20260417T090305_064117_0811A2_2DF8,S1A_IW_SLC__1SDV_20260417T090240_20260417T090305_064117_0811A2_2DF8.zip,primary,https://datapool.asf.alaska.edu/SLC/SA/S1A_IW_SLC__1SDV_20260417T090240_20260417T090305_064117_0811A2_2DF8.zip,SLC,DESCENDING,170,64117,655,2026-04-17T09:02:40Z,2026-04-17T09:03:05Z,0.0 MB,C:\Users\jales\Documents\GitHub\thesis_code\downloads\sentinel1_asf\Sentinel-1A\S1A_IW_SLC__1SDV_20260417T090240_20260417T090305_064117_0811A2_2DF8.zip,missing_auth
feature_0_part_1_split_1,0,Sentinel-1A,,SENTINEL-1,Sentinel-1A,S1A_IW_SLC__1SDV_20260417T090216_20260417T090243_064117_0811A2_0079-SLC,S1A_IW_SLC__1SDV_20260417T090216_20260417T090243_064117_0811A2_0079,S1A_IW_SLC__1SDV_20260417T090216_20260417T090243_064117_0811A2_0079.zip,primary,https://datapool.asf.alaska.edu/SLC/SA/S1A_IW_SLC__1SDV_20260417T090216_20260417T090243_064117_0811A2_0079.zip,SLC,DESCENDING,170,64117,650,2026-04-17T09:02:16Z,2026-04-17T09:02:43Z,0.0 MB,C:\Users\jales\Documents\GitHub\thesis_code\downloads\sentinel1_asf\Sentinel-1A\S1A_IW_SLC__1SDV_20260417T090216_20260417T090243_064117_0811A2_0079.zip,missing_auth
feature_0_part_1_split_1,0,Sentinel-1A,,SENTINEL-1,Sentinel-1A,S1A_IW_SLC__1SDV_20260417T090150_20260417T090218_064117_0811A2_E1F2-SLC,S1A_IW_SLC__1SDV_20260417T090150_20260417T090218_064117_0811A2_E1F2,S1A_IW_SLC__1SDV_20260417T090150_20260417T090218_064117_0811A2_E1F2.zip,primary,https://datapool.asf.alaska.edu/SLC/SA/S1A_IW_SLC__1SDV_20260417T090150_20260417T090218_064117_0811A2_E1F2.zip,SLC,DESCENDING,170,64117,645,2026-04-17T09:01:50Z,2026-04-17T09:02:18Z,0.0 MB,C:\Users\jales\Documents\GitHub\thesis_code\downloads\sentinel1_asf\Sentinel-1A\S1A_IW_SLC__1SDV_20260417T090150_20260417T090218_064117_0811A2_E1F2.zip,missing_auth
feature_0_part_1_split_1,0,Sentinel-1A,,SENTINEL-1,Sentinel-1A,S1A_IW_SLC__1SDV_20260417T090125_20260417T090152_064117_0811A2_1633-SLC,S1A_IW_SLC__1SDV_20260417T090125_20260417T090152_064117_0811A2_1633,S1A_IW_SLC__1SDV_20260417T090125_20260417T090152_064117_0811A2_1633.zip,primary,https://datapool.asf.alaska.edu/SLC/SA/S1A_IW_SLC__1SDV_20260417T090125_20260417T090152_064117_0811A2_1633.zip,SLC,DESCENDING,170,64117,640,2026-04-17T09:01:25Z,2026-04-17T09:01:52Z,0.0 MB,C:\Users\jales\Documents\GitHub\thesis_code\downloads\sentinel1_asf\Sentinel-1A\S1A_IW_SLC__1SDV_20260417T090125_20260417T090152_064117_0811A2_1633.zip,missing_auth
feature_0_part_1_split_1,0,Sentinel-1A,,SENTINEL-1,Sentinel-1A,S1A_IW_SLC__1SDV_20260417T090100_20260417T090127_064117_0811A2_50AD-SLC,S1A_IW_SLC__1SDV_20260417T090100_20260417T090127_064117_0811A2_50AD,S1A_IW_SLC__1SDV_20260417T090100_20260417T090127_064117_0811A2_50AD.zip,primary,https://datapool.asf.alaska.edu/SLC/SA/S1A_IW_SLC__1SDV_20260417T090100_20260417T090127_064117_0811A2_50AD.zip,SLC,DESCENDING,170,64117,635,2026-04-17T09:01:00Z,2026-04-17T09:01:27Z,0.0 MB,C:\Users\jales\Documents\GitHub\thesis_code\downloads\sentinel1_asf\Sentinel-1A\S1A_IW_SLC__1SDV_20260417T090100_20260417T090127_064117_0811A2_50AD.zip,missing_auth
feature_0_part_1_split_1,0,Sentinel-1A,,SENTINEL-1,Sentinel-1A,S1A_IW_SLC__1SDV_20260417T090035_20260417T090102_064117_0811A2_685C-SLC,S1A_IW_SLC__1SDV_20260417T090035_20260417T090102_064117_0811A2_685C,S1A_IW_SLC__1SDV_20260417T090035_20260417T090102_064117_0811A2_685C.zip,primary,https://datapool.asf.alaska.edu/SLC/SA/S1A_IW_SLC__1SDV_20260417T090035_20260417T090102_064117_0811A2_685C.zip,SLC,DESCENDING,170,64117,630,2026-04-17T09:00:35Z,2026-04-17T09:01:02Z,0.0 MB,C:\Users\jales\Documents\GitHub\thesis_code\downloads\sentinel1_asf\Sentinel-1A\S1A_IW_SLC__1SDV_20260417T090035_20260417T090102_064117_0811A2_685C.zip,missing_auth
feature_0_part_1_split_1,0,Sentinel-1A,,SENTINEL-1,Sentinel-1A,S1A_IW_SLC__1SDV_20260417T090011_20260417T090038_064117_0811A2_4BA1-SLC,S1A_IW_SLC__1SDV_20260417T090011_20260417T090038_064117_0811A2_4BA1,S1A_IW_SLC__1SDV_20260417T090011_20260417T090038_064117_0811A2_4BA1.zip,primary,https://datapool.asf.alaska.edu/SLC/SA/S1A_IW_SLC__1SDV_20260417T090011_20260417T090038_064117_0811A2_4BA1.zip,SLC,DESCENDING,170,64117,625,2026-04-17T09:00:11Z,2026-04-17T09:00:38Z,0.0 MB,C:\Users\jales\Documents\GitHub\thesis_code\downloads\sentinel1_asf\Sentinel-1A\S1A_IW_SLC__1SDV_20260417T090011_20260417T090038_064117_0811A2_4BA1.zip,missing_auth
feature_0_part_1_split_1,0,Sentinel-1A,,SENTINEL-1,Sentinel-1A,S1A_IW_SLC__1SDV_20260417T085946_20260417T090013_064117_0811A2_CDA6-SLC,S1A_IW_SLC__1SDV_20260417T085946_20260417T090013_064117_0811A2_CDA6,S1A_IW_SLC__1SDV_20260417T085946_20260417T090013_064117_0811A2_CDA6.zip,primary,https://datapool.asf.alaska.edu/SLC/SA/S1A_IW_SLC__1SDV_20260417T085946_20260417T090013_064117_0811A2_CDA6.zip,SLC,DESCENDING,170,64117,620,2026-04-17T08:59:46Z,2026-04-17T09:00:13Z,0.0 MB,C:\Users\jales\Documents\GitHub\thesis_code\downloads\sentinel1_asf\Sentinel-1A\S1A_IW_SLC__1SDV_20260417T085946_20260417T090013_064117_0811A2_CDA6.zip,missing_auth
feature_0_part_1_split_1,0,Sentinel-1A,,SENTINEL-1,Sentinel-1A,S1A_IW_SLC__1SDV_20260417T085920_20260417T085948_064117_0811A2_6D40-SLC,S1A_IW_SLC__1SDV_20260417T085920_20260417T085948_064117_0811A2_6D40,S1A_IW_SLC__1SDV_20260417T085920_20260417T085948_064117_0811A2_6D40.zip,primary,https://datapool.asf.alaska.edu/SLC/SA/S1A_IW_SLC__1SDV_20260417T085920_20260417T085948_064117_0811A2_6D40.zip,SLC,DESCENDING,170,64117,615,2026-04-17T08:59:20Z,2026-04-17T08:59:48Z,0.0 MB,C:\Users\jales\Documents\GitHub\thesis_code\downloads\sentinel1_asf\Sentinel-1A\S1A_IW_SLC__1SDV_20260417T085920_20260417T085948_064117_0811A2_6D40.zip,missing_auth
feature_0_part_1_split_1,0,Sentinel-1A,,SENTINEL-1,Sentinel-1A,S1A_IW_SLC__1SDV_20260416T082100_20260416T082115_064102_08111B_8008-SLC,S1A_IW_SLC__1SDV_20260416T082100_20260416T082115_064102_08111B_8008,S1A_IW_SLC__1SDV_20260416T082100_20260416T082115_064102_08111B_8008.zip,primary,https://datapool.asf.alaska.edu/SLC/SA/S1A_IW_SLC__1SDV_20260416T082100_20260416T082115_064102_08111B_8008.zip,SLC,DESCENDING,155,64102,648,2026-04-16T08:21:00Z,2026-04-16T08:21:15Z,0.0 MB,C:\Users\jales\Documents\GitHub\thesis_code\downloads\sentinel1_asf\Sentinel-1A\S1A_IW_SLC__1SDV_20260416T082100_20260416T082115_064102_08111B_8008.zip,missing_auth
feature_0_part_1_split_1,0,Sentinel-1A,,SENTINEL-1,Sentinel-1A,S1A_IW_SLC__1SDV_20260416T082036_20260416T082103_064102_08111B_B7EA-SLC,S1A_IW_SLC__1SDV_20260416T082036_20260416T082103_064102_08111B_B7EA,S1A_IW_SLC__1SDV_20260416T082036_20260416T082103_064102_08111B_B7EA.zip,primary,https://datapool.asf.alaska.edu/SLC/SA/S1A_IW_SLC__1SDV_20260416T082036_20260416T082103_064102_08111B_B7EA.zip,SLC,DESCENDING,155,64102,643,2026-04-16T08:20:36Z,2026-04-16T08:21:03Z,0.0 MB,C:\Users\jales\Documents\GitHub\thesis_code\downloads\sentinel1_asf\Sentinel-1A\S1A_IW_SLC__1SDV_20260416T082036_20260416T082103_064102_08111B_B7EA.zip,missing_auth
feature_0_part_1_split_1,0,Sentinel-1A,,SENTINEL-1,Sentinel-1A,S1A_IW_SLC__1SDV_20260416T082011_20260416T082038_064102_08111B_5822-SLC,S1A_IW_SLC__1SDV_20260416T082011_20260416T082038_064102_08111B_5822,S1A_IW_SLC__1SDV_20260416T082011_20260416T082038_064102_08111B_5822.zip,primary,https://datapool.asf.alaska.edu/SLC/SA/S1A_IW_SLC__1SDV_20260416T082011_20260416T082038_064102_08111B_5822.zip,SLC,DESCENDING,155,64102,638,2026-04-16T08:20:11Z,2026-04-16T08:20:38Z,0.0 MB,C:\Users\jales\Documents\GitHub\thesis_code\downloads\sentinel1_asf\Sentinel-1A\S1A_IW_SLC__1SDV_20260416T082011_20260416T082038_064102_08111B_5822.zip,missing_auth
feature_0_part_1_split_1,0,Sentinel-1A,,SENTINEL-1,Sentinel-1A,S1A_IW_SLC__1SDV_20260415T091919_20260415T091940_064088_081095_5A99-SLC,S1A_IW_SLC__1SDV_20260415T091919_20260415T091940_064088_081095_5A99,S1A_IW_SLC__1SDV_20260415T091919_20260415T091940_064088_081095_5A99.zip,primary,https://datapool.asf.alaska.edu/SLC/SA/S1A_IW_SLC__1SDV_20260415T091919_20260415T091940_064088_081095_5A99.zip,SLC,DESCENDING,141,64088,657,2026-04-15T09:19:19Z,2026-04-15T09:19:40Z,0.0 MB,C:\Users\jales\Documents\GitHub\thesis_code\downloads\sentinel1_asf\Sentinel-1A\S1A_IW_SLC__1SDV_20260415T091919_20260415T091940_064088_081095_5A99.zip,missing_auth
feature_0_part_1_split_1,0,Sentinel-1A,,SENTINEL-1,Sentinel-1A,S1A_IW_SLC__1SDV_20260415T091829_20260415T091856_064088_081095_8855-SLC,S1A_IW_SLC__1SDV_20260415T091829_20260415T091856_064088_081095_8855,S1A_IW_SLC__1SDV_20260415T091829_20260415T091856_064088_081095_8855.zip,primary,https://datapool.asf.alaska.edu/SLC/SA/S1A_IW_SLC__1SDV_20260415T091829_20260415T091856_064088_081095_8855.zip,SLC,DESCENDING,141,64088,647,2026-04-15T09:18:29Z,2026-04-15T09:18:56Z,0.0 MB,C:\Users\jales\Documents\GitHub\thesis_code\downloads\sentinel1_asf\Sentinel-1A\S1A_IW_SLC__1SDV_20260415T091829_20260415T091856_064088_081095_8855.zip,missing_auth
feature_0_part_1_split_1,0,Sentinel-1A,,SENTINEL-1,Sentinel-1A,S1A_IW_SLC__1SDV_20260415T091804_20260415T091831_064088_081095_1ABE-SLC,S1A_IW_SLC__1SDV_20260415T091804_20260415T091831_064088_081095_1ABE,S1A_IW_SLC__1SDV_20260415T091804_20260415T091831_064088_081095_1ABE.zip,primary,https://datapool.asf.alaska.edu/SLC/SA/S1A_IW_SLC__1SDV_20260415T091804_20260415T091831_064088_081095_1ABE.zip,SLC,DESCENDING,141,64088,642,2026-04-15T09:18:04Z,2026-04-15T09:18:31Z,0.0 MB,C:\Users\jales\Documents\GitHub\thesis_code\downloads\sentinel1_asf\Sentinel-1A\S1A_IW_SLC__1SDV_20260415T091804_20260415T091831_064088_081095_1ABE.zip,missing_auth
feature_0_part_1_split_1,0,Sentinel-1A,,SENTINEL-1,Sentinel-1A,S1A_IW_SLC__1SDV_20260415T091739_20260415T091806_064088_081095_58FD-SLC,S1A_IW_SLC__1SDV_20260415T091739_20260415T091806_064088_081095_58FD,S1A_IW_SLC__1SDV_20260415T091739_20260415T091806_064088_081095_58FD.zip,primary,https://datapool.asf.alaska.edu/SLC/SA/S1A_IW_SLC__1SDV_20260415T091739_20260415T091806_064088_081095_58FD.zip,SLC,DESCENDING,141,64088,637,2026-04-15T09:17:39Z,2026-04-15T09:18:06Z,0.0 MB,C:\Users\jales\Documents\GitHub\thesis_code\downloads\sentinel1_asf\Sentinel-1A\S1A_IW_SLC__1SDV_20260415T091739_20260415T091806_064088_081095_58FD.zip,missing_auth
feature_0_part_1_split_1,0,Sentinel-1A,,SENTINEL-1,Sentinel-1A,S1A_IW_SLC__1SDV_20260415T091714_20260415T091742_064088_081095_4B4B-SLC,S1A_IW_SLC__1SDV_20260415T091714_20260415T091742_064088_081095_4B4B,S1A_IW_SLC__1SDV_20260415T091714_20260415T091742_064088_081095_4B4B.zip,primary,https://datapool.asf.alaska.edu/SLC/SA/S1A_IW_SLC__1SDV_20260415T091714_20260415T091742_064088_081095_4B4B.zip,SLC,DESCENDING,141,64088,632,2026-04-15T09:17:14Z,2026-04-15T09:17:42Z,0.0 MB,C:\Users\jales\Documents\GitHub\thesis_code\downloads\sentinel1_asf\Sentinel-1A\S1A_IW_SLC__1SDV_20260415T091714_20260415T091742_064088_081095_4B4B.zip,missing_auth
feature_0_part_1_split_1,0,Sentinel-1A,,SENTINEL-1,Sentinel-1A,S1A_IW_SLC__1SDV_20260414T083922_20260414T083949_064073_081006_27D4-SLC,S1A_IW_SLC__1SDV_20260414T083922_20260414T083949_064073_081006_27D4,S1A_IW_SLC__1SDV_20260414T083922_20260414T083949_064073_081006_27D4.zip,primary,https://datapool.asf.alaska.edu/SLC/SA/S1A_IW_SLC__1SDV_20260414T083922_20260414T083949_064073_081006_27D4.zip,SLC,DESCENDING,126,64073,671,2026-04-14T08:39:22Z,2026-04-14T08:39:49Z,0.0 MB,C:\Users\jales\Documents\GitHub\thesis_code\downloads\sentinel1_asf\Sentinel-1A\S1A_IW_SLC__1SDV_20260414T083922_20260414T083949_064073_081006_27D4.zip,missing_auth
feature_0_part_1_split_1,0,Sentinel-1A,,SENTINEL-1,Sentinel-1A,S1A_IW_SLC__1SDV_20260414T083857_20260414T083925_064073_081006_E2EA-SLC,S1A_IW_SLC__1SDV_20260414T083857_20260414T083925_064073_081006_E2EA,S1A_IW_SLC__1SDV_20260414T083857_20260414T083925_064073_081006_E2EA.zip,primary,https://datapool.asf.alaska.edu/SLC/SA/S1A_IW_SLC__1SDV_20260414T083857_20260414T083925_064073_081006_E2EA.zip,SLC,DESCENDING,126,64073,666,2026-04-14T08:38:57Z,2026-04-14T08:39:25Z,0.0 MB,C:\Users\jales\Documents\GitHub\thesis_code\downloads\sentinel1_asf\Sentinel-1A\S1A_IW_SLC__1SDV_20260414T083857_20260414T083925_064073_081006_E2EA.zip,missing_auth
feature_0_part_1_split_1,0,Sentinel-1A,,SENTINEL-1,Sentinel-1A,S1A_IW_SLC__1SDV_20260414T083829_20260414T083859_064073_081006_5A49-SLC,S1A_IW_SLC__1SDV_20260414T083829_20260414T083859_064073_081006_5A49,S1A_IW_SLC__1SDV_20260414T083829_20260414T083859_064073_081006_5A49.zip,primary,https://datapool.asf.alaska.edu/SLC/SA/S1A_IW_SLC__1SDV_20260414T083829_20260414T083859_064073_081006_5A49.zip,SLC,DESCENDING,126,64073,661,2026-04-14T08:38:29Z,2026-04-14T08:38:59Z,0.0 MB,C:\Users\jales\Documents\GitHub\thesis_code\downloads\sentinel1_asf\Sentinel-1A\S1A_IW_SLC__1SDV_20260414T083829_20260414T083859_064073_081006_5A49.zip,missing_auth
feature_0_part_1_split_1,0,Sentinel-1A,,SENTINEL-1,Sentinel-1A,S1A_IW_SLC__1SDV_20260414T083643_20260414T083658_064073_081005_3E2A-SLC,S1A_IW_SLC__1SDV_20260414T083643_20260414T083658_064073_081005_3E2A,S1A_IW_SLC__1SDV_20260414T083643_20260414T083658_064073_081005_3E2A.zip,primary,https://datapool.asf.alaska.edu/SLC/SA/S1A_IW_SLC__1SDV_20260414T083643_20260414T083658_064073_081005_3E2A.zip,SLC,DESCENDING,126,64073,639,2026-04-14T08:36:43Z,2026-04-14T08:36:58Z,0.0 MB,C:\Users\jales\Documents\GitHub\thesis_code\downloads\sentinel1_asf\Sentinel-1A\S1A_IW_SLC__1SDV_20260414T083643_20260414T083658_064073_081005_3E2A.zip,missing_auth
feature_0_part_1_split_1,0,Sentinel-1A,,SENTINEL-1,Sentinel-1A,S1A_IW_SLC__1SDV_20260414T083619_20260414T083646_064073_081005_CB3F-SLC,S1A_IW_SLC__1SDV_20260414T083619_20260414T083646_064073_081005_CB3F,S1A_IW_SLC__1SDV_20260414T083619_20260414T083646_064073_081005_CB3F.zip,primary,https://datapool.asf.alaska.edu/SLC/SA/S1A_IW_SLC__1SDV_20260414T083619_20260414T083646_064073_081005_CB3F.zip,SLC,DESCENDING,126,64073,635,2026-04-14T08:36:19Z,2026-04-14T08:36:46Z,0.0 MB,C:\Users\jales\Documents\GitHub\thesis_code\downloads\sentinel1_asf\Sentinel-1A\S1A_IW_SLC__1SDV_20260414T083619_20260414T083646_064073_081005_CB3F.zip,missing_auth
feature_0_part_1_split_1,0,Sentinel-1A,,SENTINEL-1,Sentinel-1A,S1A_IW_SLC__1SDV_20260414T083553_20260414T083621_064073_081005_23C1-SLC,S1A_IW_SLC__1SDV_20260414T083553_20260414T083621_064073_081005_23C1,S1A_IW_SLC__1SDV_20260414T083553_20260414T083621_064073_081005_23C1.zip,primary,https://datapool.asf.alaska.edu/SLC/SA/S1A_IW_SLC__1SDV_20260414T083553_20260414T083621_064073_081005_23C1.zip,SLC,DESCENDING,126,64073,629,2026-04-14T08:35:53Z,2026-04-14T08:36:21Z,0.0 MB,C:\Users\jales\Documents\GitHub\thesis_code\downloads\sentinel1_asf\Sentinel-1A\S1A_IW_SLC__1SDV_20260414T083553_20260414T083621_064073_081005_23C1.zip,missing_auth
feature_0_part_1_split_1,0,Sentinel-1A,,SENTINEL-1,Sentinel-1A,S1A_IW_SLC__1SDV_20260414T083528_20260414T083555_064073_081005_0CD0-SLC,S1A_IW_SLC__1SDV_20260414T083528_20260414T083555_064073_081005_0CD0,S1A_IW_SLC__1SDV_20260414T083528_20260414T083555_064073_081005_0CD0.zip,primary,https://datapool.asf.alaska.edu/SLC/SA/S1A_IW_SLC__1SDV_20260414T083528_20260414T083555_064073_081005_0CD0.zip,SLC,DESCENDING,126,64073,624,2026-04-14T08:35:28Z,2026-04-14T08:35:55Z,0.0 MB,C:\Users\jales\Documents\GitHub\thesis_code\downloads\sentinel1_asf\Sentinel-1A\S1A_IW_SLC__1SDV_20260414T083528_20260414T083555_064073_081005_0CD0.zip,missing_auth
feature_0_part_1_split_1,0,Sentinel-1A,,SENTINEL-1,Sentinel-1A,S1A_IW_SLC__1SDV_20260414T083503_20260414T083530_064073_081005_FFEB-SLC,S1A_IW_SLC__1SDV_20260414T083503_20260414T083530_064073_081005_FFEB,S1A_IW_SLC__1SDV_20260414T083503_20260414T083530_064073_081005_FFEB.zip,primary,https://datapool.asf.alaska.edu/SLC/SA/S1A_IW_SLC__1SDV_20260414T083503_20260414T083530_064073_081005_FFEB.zip,SLC,DESCENDING,126,64073,619,2026-04-14T08:35:03Z,2026-04-14T08:35:30Z,0.0 MB,C:\Users\jales\Documents\GitHub\thesis_code\downloads\sentinel1_asf\Sentinel-1A\S1A_IW_SLC__1SDV_20260414T083503_20260414T083530_064073_081005_FFEB.zip,missing_auth
feature_0_part_1_split_1,0,Sentinel-1A,,SENTINEL-1,Sentinel-1A,S1A_IW_SLC__1SDV_20260414T083438_20260414T083505_064073_081005_7663-SLC,S1A_IW_SLC__1SDV_20260414T083438_20260414T083505_064073_081005_7663,S1A_IW_SLC__1SDV_20260414T083438_20260414T083505_064073_081005_7663.zip,primary,https://datapool.asf.alaska.edu/SLC/SA/S1A_IW_SLC__1SDV_20260414T083438_20260414T083505_064073_081005_7663.zip,SLC,DESCENDING,126,64073,614,2026-04-14T08:34:38Z,2026-04-14T08:35:05Z,0.0 MB,C:\Users\jales\Documents\GitHub\thesis_code\downloads\sentinel1_asf\Sentinel-1A\S1A_IW_SLC__1SDV_20260414T083438_20260414T083505_064073_081005_7663.zip,missing_auth
feature_0_part_1_split_1,0,Sentinel-1A,,SENTINEL-1,Sentinel-1A,S1A_IW_SLC__1SDV_20260414T083414_20260414T083440_064073_081005_CC8C-SLC,S1A_IW_SLC__1SDV_20260414T083414_20260414T083440_064073_081005_CC8C,S1A_IW_SLC__1SDV_20260414T083414_20260414T083440_064073_081005_CC8C.zip,primary,https://datapool.asf.alaska.edu/SLC/SA/S1A_IW_SLC__1SDV_20260414T083414_20260414T083440_064073_081005_CC8C.zip,SLC,DESCENDING,126,64073,610,2026-04-14T08:34:14Z,2026-04-14T08:34:40Z,0.0 MB,C:\Users\jales\Documents\GitHub\thesis_code\downloads\sentinel1_asf\Sentinel-1A\S1A_IW_SLC__1SDV_20260414T083414_20260414T083440_064073_081005_CC8C.zip,missing_auth
feature_0_part_1_split_1,0,Sentinel-1A,,SENTINEL-1,Sentinel-1A,S1A_IW_SLC__1SDV_20260414T083348_20260414T083416_064073_081005_5928-SLC,S1A_IW_SLC__1SDV_20260414T083348_20260414T083416_064073_081005_5928,S1A_IW_SLC__1SDV_20260414T083348_20260414T083416_064073_081005_5928.zip,primary,https://datapool.asf.alaska.edu/SLC/SA/S1A_IW_SLC__1SDV_20260414T083348_20260414T083416_064073_081005_5928.zip,SLC,DESCENDING,126,64073,604,2026-04-14T08:33:48Z,2026-04-14T08:34:16Z,0.0 MB,C:\Users\jales\Documents\GitHub\thesis_code\downloads\sentinel1_asf\Sentinel-1A\S1A_IW_SLC__1SDV_20260414T083348_20260414T083416_064073_081005_5928.zip,missing_auth
feature_0_part_1_split_1,0,Sentinel-1A,,SENTINEL-1,Sentinel-1A,S1A_IW_SLC__1SDV_20260414T083320_20260414T083350_064073_081005_A95B-SLC,S1A_IW_SLC__1SDV_20260414T083320_20260414T083350_064073_081005_A95B,S1A_IW_SLC__1SDV_20260414T083320_20260414T083350_064073_081005_A95B.zip,primary,https://datapool.asf.alaska.edu/SLC/SA/S1A_IW_SLC__1SDV_20260414T083320_20260414T083350_064073_081005_A95B.zip,SLC,DESCENDING,126,64073,599,2026-04-14T08:33:20Z,2026-04-14T08:33:50Z,0.0 MB,C:\Users\jales\Documents\GitHub\thesis_code\downloads\sentinel1_asf\Sentinel-1A\S1A_IW_SLC__1SDV_20260414T083320_20260414T083350_064073_081005_A95B.zip,missing_auth
feature_0_part_1_split_1,0,Sentinel-1A,,SENTINEL-1,Sentinel-1A,S1A_IW_SLC__1SDV_20260413T093423_20260413T093450_064059_080F77_DDFD-SLC,S1A_IW_SLC__1SDV_20260413T093423_20260413T093450_064059_080F77_DDFD,S1A_IW_SLC__1SDV_20260413T093423_20260413T093450_064059_080F77_DDFD.zip,primary,https://datapool.asf.alaska.edu/SLC/SA/S1A_IW_SLC__1SDV_20260413T093423_20260413T093450_064059_080F77_DDFD.zip,SLC,DESCENDING,112,64059,640,2026-04-13T09:34:23Z,2026-04-13T09:34:50Z,0.0 MB,C:\Users\jales\Documents\GitHub\thesis_code\downloads\sentinel1_asf\Sentinel-1A\S1A_IW_SLC__1SDV_20260413T093423_20260413T093450_064059_080F77_DDFD.zip,missing_auth
feature_0_part_1_split_1,0,Sentinel-1A,,SENTINEL-1,Sentinel-1A,S1A_IW_SLC__1SDV_20260413T093358_20260413T093425_064059_080F77_CC28-SLC,S1A_IW_SLC__1SDV_20260413T093358_20260413T093425_064059_080F77_CC28,S1A_IW_SLC__1SDV_20260413T093358_20260413T093425_064059_080F77_CC28.zip,primary,https://datapool.asf.alaska.edu/SLC/SA/S1A_IW_SLC__1SDV_20260413T093358_20260413T093425_064059_080F77_CC28.zip,SLC,DESCENDING,112,64059,635,2026-04-13T09:33:58Z,2026-04-13T09:34:25Z,0.0 MB,C:\Users\jales\Documents\GitHub\thesis_code\downloads\sentinel1_asf\Sentinel-1A\S1A_IW_SLC__1SDV_20260413T093358_20260413T093425_064059_080F77_CC28.zip,missing_auth
feature_0_part_1_split_1,0,Sentinel-1A,,SENTINEL-1,Sentinel-1A,S1A_IW_SLC__1SDV_20260413T093333_20260413T093400_064059_080F77_C2FE-SLC,S1A_IW_SLC__1SDV_20260413T093333_20260413T093400_064059_080F77_C2FE,S1A_IW_SLC__1SDV_20260413T093333_20260413T093400_064059_080F77_C2FE.zip,primary,https://datapool.asf.alaska.edu/SLC/SA/S1A_IW_SLC__1SDV_20260413T093333_20260413T093400_064059_080F77_C2FE.zip,SLC,DESCENDING,112,64059,630,2026-04-13T09:33:33Z,2026-04-13T09:34:00Z,0.0 MB,C:\Users\jales\Documents\GitHub\thesis_code\downloads\sentinel1_asf\Sentinel-1A\S1A_IW_SLC__1SDV_20260413T093333_20260413T093400_064059_080F77_C2FE.zip,missing_auth
feature_0_part_1_split_1,0,Sentinel-1A,,SENTINEL-1,Sentinel-1A,S1A_IW_SLC__1SDV_20260412T085434_20260412T085459_064044_080EDC_C854-SLC,S1A_IW_SLC__1SDV_20260412T085434_20260412T085459_064044_080EDC_C854,S1A_IW_SLC__1SDV_20260412T085434_20260412T085459_064044_080EDC_C854.zip,primary,https://datapool.asf.alaska.edu/SLC/SA/S1A_IW_SLC__1SDV_20260412T085434_20260412T085459_064044_080EDC_C854.zip,SLC,DESCENDING,97,64044,656,2026-04-12T08:54:34Z,2026-04-12T08:54:59Z,0.0 MB,C:\Users\jales\Documents\GitHub\thesis_code\downloads\sentinel1_asf\Sentinel-1A\S1A_IW_SLC__1SDV_20260412T085434_20260412T085459_064044_080EDC_C854.zip,missing_auth
feature_0_part_1_split_1,0,Sentinel-1A,,SENTINEL-1,Sentinel-1A,S1A_IW_SLC__1SDV_20260412T085409_20260412T085436_064044_080EDC_676A-SLC,S1A_IW_SLC__1SDV_20260412T085409_20260412T085436_064044_080EDC_676A,S1A_IW_SLC__1SDV_20260412T085409_20260412T085436_064044_080EDC_676A.zip,primary,https://datapool.asf.alaska.edu/SLC/SA/S1A_IW_SLC__1SDV_20260412T085409_20260412T085436_064044_080EDC_676A.zip,SLC,DESCENDING,97,64044,651,2026-04-12T08:54:09Z,2026-04-12T08:54:36Z,0.0 MB,C:\Users\jales\Documents\GitHub\thesis_code\downloads\sentinel1_asf\Sentinel-1A\S1A_IW_SLC__1SDV_20260412T085409_20260412T085436_064044_080EDC_676A.zip,missing_auth
feature_0_part_1_split_1,0,Sentinel-1A,,SENTINEL-1,Sentinel-1A,S1A_IW_SLC__1SDV_20260412T085344_20260412T085412_064044_080EDC_D17A-SLC,S1A_IW_SLC__1SDV_20260412T085344_20260412T085412_064044_080EDC_D17A,S1A_IW_SLC__1SDV_20260412T085344_20260412T085412_064044_080EDC_D17A.zip,primary,https://datapool.asf.alaska.edu/SLC/SA/S1A_IW_SLC__1SDV_20260412T085344_20260412T085412_064044_080EDC_D17A.zip,SLC,DESCENDING,97,64044,646,2026-04-12T08:53:44Z,2026-04-12T08:54:12Z,0.0 MB,C:\Users\jales\Documents\GitHub\thesis_code\downloads\sentinel1_asf\Sentinel-1A\S1A_IW_SLC__1SDV_20260412T085344_20260412T085412_064044_080EDC_D17A.zip,missing_auth
feature_0_part_1_split_1,0,Sentinel-1A,,SENTINEL-1,Sentinel-1A,S1A_IW_SLC__1SDV_20260412T085319_20260412T085346_064044_080EDC_490F-SLC,S1A_IW_SLC__1SDV_20260412T085319_20260412T085346_064044_080EDC_490F,S1A_IW_SLC__1SDV_20260412T085319_20260412T085346_064044_080EDC_490F.zip,primary,https://datapool.asf.alaska.edu/SLC/SA/S1A_IW_SLC__1SDV_20260412T085319_20260412T085346_064044_080EDC_490F.zip,SLC,DESCENDING,97,64044,641,2026-04-12T08:53:19Z,2026-04-12T08:53:46Z,0.0 MB,C:\Users\jales\Documents\GitHub\thesis_code\downloads\sentinel1_asf\Sentinel-1A\S1A_IW_SLC__1SDV_20260412T085319_20260412T085346_064044_080EDC_490F.zip,missing_auth
feature_0_part_1_split_1,0,Sentinel-1A,,SENTINEL-1,Sentinel-1A,S1A_IW_SLC__1SDV_20260412T085254_20260412T085321_064044_080EDC_4D6A-SLC,S1A_IW_SLC__1SDV_20260412T085254_20260412T085321_064044_080EDC_4D6A,S1A_IW_SLC__1SDV_20260412T085254_20260412T085321_064044_080EDC_4D6A.zip,primary,https://datapool.asf.alaska.edu/SLC/SA/S1A_IW_SLC__1SDV_20260412T085254_20260412T085321_064044_080EDC_4D6A.zip,SLC,DESCENDING,97,64044,636,2026-04-12T08:52:54Z,2026-04-12T08:53:21Z,0.0 MB,C:\Users\jales\Documents\GitHub\thesis_code\downloads\sentinel1_asf\Sentinel-1A\S1A_IW_SLC__1SDV_20260412T085254_20260412T085321_064044_080EDC_4D6A.zip,missing_auth
feature_0_part_1_split_1,0,Sentinel-1A,,SENTINEL-1,Sentinel-1A,S1A_IW_SLC__1SDV_20260412T085229_20260412T085256_064044_080EDC_F877-SLC,S1A_IW_SLC__1SDV_20260412T085229_20260412T085256_064044_080EDC_F877,S1A_IW_SLC__1SDV_20260412T085229_20260412T085256_064044_080EDC_F877.zip,primary,https://datapool.asf.alaska.edu/SLC/SA/S1A_IW_SLC__1SDV_20260412T085229_20260412T085256_064044_080EDC_F877.zip,SLC,DESCENDING,97,64044,631,2026-04-12T08:52:29Z,2026-04-12T08:52:56Z,0.0 MB,C:\Users\jales\Documents\GitHub\thesis_code\downloads\sentinel1_asf\Sentinel-1A\S1A_IW_SLC__1SDV_20260412T085229_20260412T085256_064044_080EDC_F877.zip,missing_auth
feature_0_part_1_split_1,0,Sentinel-1A,,SENTINEL-1,Sentinel-1A,S1A_IW_SLC__1SDV_20260412T085204_20260412T085231_064044_080EDC_450E-SLC,S1A_IW_SLC__1SDV_20260412T085204_20260412T085231_064044_080EDC_450E,S1A_IW_SLC__1SDV_20260412T085204_20260412T085231_064044_080EDC_450E.zip,primary,https://datapool.asf.alaska.edu/SLC/SA/S1A_IW_SLC__1SDV_20260412T085204_20260412T085231_064044_080EDC_450E.zip,SLC,DESCENDING,97,64044,626,2026-04-12T08:52:04Z,2026-04-12T08:52:31Z,0.0 MB,C:\Users\jales\Documents\GitHub\thesis_code\downloads\sentinel1_asf\Sentinel-1A\S1A_IW_SLC__1SDV_20260412T085204_20260412T085231_064044_080EDC_450E.zip,missing_auth
feature_0_part_1_split_1,0,Sentinel-1A,,SENTINEL-1,Sentinel-1A,S1A_IW_SLC__1SDV_20260412T085140_20260412T085207_064044_080EDC_BC60-SLC,S1A_IW_SLC__1SDV_20260412T085140_20260412T085207_064044_080EDC_BC60,S1A_IW_SLC__1SDV_20260412T085140_20260412T085207_064044_080EDC_BC60.zip,primary,https://datapool.asf.alaska.edu/SLC/SA/S1A_IW_SLC__1SDV_20260412T085140_20260412T085207_064044_080EDC_BC60.zip,SLC,DESCENDING,97,64044,621,2026-04-12T08:51:40Z,2026-04-12T08:52:07Z,0.0 MB,C:\Users\jales\Documents\GitHub\thesis_code\downloads\sentinel1_asf\Sentinel-1A\S1A_IW_SLC__1SDV_20260412T085140_20260412T085207_064044_080EDC_BC60.zip,missing_auth
feature_0_part_1_split_1,0,Sentinel-1A,,SENTINEL-1,Sentinel-1A,S1A_IW_SLC__1SDV_20260412T085114_20260412T085142_064044_080EDC_72C7-SLC,S1A_IW_SLC__1SDV_20260412T085114_20260412T085142_064044_080EDC_72C7,S1A_IW_SLC__1SDV_20260412T085114_20260412T085142_064044_080EDC_72C7.zip,primary,https://datapool.asf.alaska.edu/SLC/SA/S1A_IW_SLC__1SDV_20260412T085114_20260412T085142_064044_080EDC_72C7.zip,SLC,DESCENDING,97,64044,616,2026-04-12T08:51:14Z,2026-04-12T08:51:42Z,0.0 MB,C:\Users\jales\Documents\GitHub\thesis_code\downloads\sentinel1_asf\Sentinel-1A\S1A_IW_SLC__1SDV_20260412T085114_20260412T085142_064044_080EDC_72C7.zip,missing_auth
feature_0_part_1_split_1,0,Sentinel-1A,,SENTINEL-1,Sentinel-1A,S1A_IW_SLC__1SDV_20260412T085049_20260412T085116_064044_080EDC_2600-SLC,S1A_IW_SLC__1SDV_20260412T085049_20260412T085116_064044_080EDC_2600,S1A_IW_SLC__1SDV_20260412T085049_20260412T085116_064044_080EDC_2600.zip,primary,https://datapool.asf.alaska.edu/SLC/SA/S1A_IW_SLC__1SDV_20260412T085049_20260412T085116_064044_080EDC_2600.zip,SLC,DESCENDING,97,64044,611,2026-04-12T08:50:49Z,2026-04-12T08:51:16Z,0.0 MB,C:\Users\jales\Documents\GitHub\thesis_code\downloads\sentinel1_asf\Sentinel-1A\S1A_IW_SLC__1SDV_20260412T085049_20260412T085116_064044_080EDC_2600.zip,missing_auth
feature_0_part_1_split_1,0,Sentinel-1A,,SENTINEL-1,Sentinel-1A,S1A_IW_SLC__1SDV_20260412T085024_20260412T085051_064044_080EDC_3B4A-SLC,S1A_IW_SLC__1SDV_20260412T085024_20260412T085051_064044_080EDC_3B4A,S1A_IW_SLC__1SDV_20260412T085024_20260412T085051_064044_080EDC_3B4A.zip,primary,https://datapool.asf.alaska.edu/SLC/SA/S1A_IW_SLC__1SDV_20260412T085024_20260412T085051_064044_080EDC_3B4A.zip,SLC,DESCENDING,97,64044,606,2026-04-12T08:50:24Z,2026-04-12T08:50:51Z,0.0 MB,C:\Users\jales\Documents\GitHub\thesis_code\downloads\sentinel1_asf\Sentinel-1A\S1A_IW_SLC__1SDV_20260412T085024_20260412T085051_064044_080EDC_3B4A.zip,missing_auth
feature_0_part_1_split_1,0,Sentinel-1A,,SENTINEL-1,Sentinel-1A,S1A_IW_SLC__1SDV_20260409T082837_20260409T082851_064000_080D4A_BD6F-SLC,S1A_IW_SLC__1SDV_20260409T082837_20260409T082851_064000_080D4A_BD6F,S1A_IW_SLC__1SDV_20260409T082837_20260409T082851_064000_080D4A_BD6F.zip,primary,https://datapool.asf.alaska.edu/SLC/SA/S1A_IW_SLC__1SDV_20260409T082837_20260409T082851_064000_080D4A_BD6F.zip,SLC,DESCENDING,53,64000,641,2026-04-09T08:28:37Z,2026-04-09T08:28:51Z,0.0 MB,C:\Users\jales\Documents\GitHub\thesis_code\downloads\sentinel1_asf\Sentinel-1A\S1A_IW_SLC__1SDV_20260409T082837_20260409T082851_064000_080D4A_BD6F.zip,missing_auth
feature_0_part_1_split_1,0,Sentinel-1A,,SENTINEL-1,Sentinel-1A,S1A_IW_SLC__1SDV_20260409T082812_20260409T082839_064000_080D4A_38D9-SLC,S1A_IW_SLC__1SDV_20260409T082812_20260409T082839_064000_080D4A_38D9,S1A_IW_SLC__1SDV_20260409T082812_20260409T082839_064000_080D4A_38D9.zip,primary,https://datapool.asf.alaska.edu/SLC/SA/S1A_IW_SLC__1SDV_20260409T082812_20260409T082839_064000_080D4A_38D9.zip,SLC,DESCENDING,53,64000,636,2026-04-09T08:28:12Z,2026-04-09T08:28:39Z,0.0 MB,C:\Users\jales\Documents\GitHub\thesis_code\downloads\sentinel1_asf\Sentinel-1A\S1A_IW_SLC__1SDV_20260409T082812_20260409T082839_064000_080D4A_38D9.zip,missing_auth
feature_0_part_1_split_1,0,Sentinel-1A,,SENTINEL-1,Sentinel-1A,S1A_IW_SLC__1SDV_20260409T082747_20260409T082815_064000_080D4A_5E0E-SLC,S1A_IW_SLC__1SDV_20260409T082747_20260409T082815_064000_080D4A_5E0E,S1A_IW_SLC__1SDV_20260409T082747_20260409T082815_064000_080D4A_5E0E.zip,primary,https://datapool.asf.alaska.edu/SLC/SA/S1A_IW_SLC__1SDV_20260409T082747_20260409T082815_064000_080D4A_5E0E.zip,SLC,DESCENDING,53,64000,631,2026-04-09T08:27:47Z,2026-04-09T08:28:15Z,0.0 MB,C:\Users\jales\Documents\GitHub\thesis_code\downloads\sentinel1_asf\Sentinel-1A\S1A_IW_SLC__1SDV_20260409T082747_20260409T082815_064000_080D4A_5E0E.zip,missing_auth
feature_0_part_1_split_1,0,Sentinel-1A,,SENTINEL-1,Sentinel-1A,S1A_IW_SLC__1SDV_20260409T082632_20260409T082659_064000_080D4A_99E1-SLC,S1A_IW_SLC__1SDV_20260409T082632_20260409T082659_064000_080D4A_99E1,S1A_IW_SLC__1SDV_20260409T082632_20260409T082659_064000_080D4A_99E1.zip,primary,https://datapool.asf.alaska.edu/SLC/SA/S1A_IW_SLC__1SDV_20260409T082632_20260409T082659_064000_080D4A_99E1.zip,SLC,DESCENDING,53,64000,616,2026-04-09T08:26:32Z,2026-04-09T08:26:59Z,0.0 MB,C:\Users\jales\Documents\GitHub\thesis_code\downloads\sentinel1_asf\Sentinel-1A\S1A_IW_SLC__1SDV_20260409T082632_20260409T082659_064000_080D4A_99E1.zip,missing_auth
feature_0_part_1_split_1,0,Sentinel-1A,,SENTINEL-1,Sentinel-1A,S1A_IW_SLC__1SDV_20260409T082607_20260409T082634_064000_080D4A_83BE-SLC,S1A_IW_SLC__1SDV_20260409T082607_20260409T082634_064000_080D4A_83BE,S1A_IW_SLC__1SDV_20260409T082607_20260409T082634_064000_080D4A_83BE.zip,primary,https://datapool.asf.alaska.edu/SLC/SA/S1A_IW_SLC__1SDV_20260409T082607_20260409T082634_064000_080D4A_83BE.zip,SLC,DESCENDING,53,64000,611,2026-04-09T08:26:07Z,2026-04-09T08:26:34Z,0.0 MB,C:\Users\jales\Documents\GitHub\thesis_code\downloads\sentinel1_asf\Sentinel-1A\S1A_IW_SLC__1SDV_20260409T082607_20260409T082634_064000_080D4A_83BE.zip,missing_auth
feature_0_part_1_split_1,0,Sentinel-1A,,SENTINEL-1,Sentinel-1A,S1A_IW_SLC__1SDV_20260409T082542_20260409T082610_064000_080D4A_7E3E-SLC,S1A_IW_SLC__1SDV_20260409T082542_20260409T082610_064000_080D4A_7E3E,S1A_IW_SLC__1SDV_20260409T082542_20260409T082610_064000_080D4A_7E3E.zip,primary,https://datapool.asf.alaska.edu/SLC/SA/S1A_IW_SLC__1SDV_20260409T082542_20260409T082610_064000_080D4A_7E3E.zip,SLC,DESCENDING,53,64000,606,2026-04-09T08:25:42Z,2026-04-09T08:26:10Z,0.0 MB,C:\Users\jales\Documents\GitHub\thesis_code\downloads\sentinel1_asf\Sentinel-1A\S1A_IW_SLC__1SDV_20260409T082542_20260409T082610_064000_080D4A_7E3E.zip,missing_auth
feature_0_part_1_split_1,0,Sentinel-1A,,SENTINEL-1,Sentinel-1A,S1A_IW_SLC__1SDV_20260409T082514_20260409T082544_064000_080D4A_623C-SLC,S1A_IW_SLC__1SDV_20260409T082514_20260409T082544_064000_080D4A_623C,S1A_IW_SLC__1SDV_20260409T082514_20260409T082544_064000_080D4A_623C.zip,primary,https://datapool.asf.alaska.edu/SLC/SA/S1A_IW_SLC__1SDV_20260409T082514_20260409T082544_064000_080D4A_623C.zip,SLC,DESCENDING,53,64000,600,2026-04-09T08:25:14Z,2026-04-09T08:25:44Z,0.0 MB,C:\Users\jales\Documents\GitHub\thesis_code\downloads\sentinel1_asf\Sentinel-1A\S1A_IW_SLC__1SDV_20260409T082514_20260409T082544_064000_080D4A_623C.zip,missing_auth
feature_0_part_1_split_1,0,Sentinel-1A,,SENTINEL-1,Sentinel-1A,S1A_IW_SLC__1SDV_20260408T092636_20260408T092709_063986_080CC2_716F-SLC,S1A_IW_SLC__1SDV_20260408T092636_20260408T092709_063986_080CC2_716F,S1A_IW_SLC__1SDV_20260408T092636_20260408T092709_063986_080CC2_716F.zip,primary,https://datapool.asf.alaska.edu/SLC/SA/S1A_IW_SLC__1SDV_20260408T092636_20260408T092709_063986_080CC2_716F.zip,SLC,DESCENDING,39,63986,646,2026-04-08T09:26:36Z,2026-04-08T09:27:09Z,0.0 MB,C:\Users\jales\Documents\GitHub\thesis_code\downloads\sentinel1_asf\Sentinel-1A\S1A_IW_SLC__1SDV_20260408T092636_20260408T092709_063986_080CC2_716F.zip,missing_auth
feature_0_part_1_split_1,0,Sentinel-1A,,SENTINEL-1,Sentinel-1A,S1A_IW_SLC__1SDV_20260408T092611_20260408T092638_063986_080CC2_E602-SLC,S1A_IW_SLC__1SDV_20260408T092611_20260408T092638_063986_080CC2_E602,S1A_IW_SLC__1SDV_20260408T092611_20260408T092638_063986_080CC2_E602.zip,primary,https://datapool.asf.alaska.edu/SLC/SA/S1A_IW_SLC__1SDV_20260408T092611_20260408T092638_063986_080CC2_E602.zip,SLC,DESCENDING,39,63986,641,2026-04-08T09:26:11Z,2026-04-08T09:26:38Z,0.0 MB,C:\Users\jales\Documents\GitHub\thesis_code\downloads\sentinel1_asf\Sentinel-1A\S1A_IW_SLC__1SDV_20260408T092611_20260408T092638_063986_080CC2_E602.zip,missing_auth
feature_0_part_1_split_1,0,Sentinel-1A,,SENTINEL-1,Sentinel-1A,S1A_IW_SLC__1SDV_20260408T092547_20260408T092614_063986_080CC2_EC7B-SLC,S1A_IW_SLC__1SDV_20260408T092547_20260408T092614_063986_080CC2_EC7B,S1A_IW_SLC__1SDV_20260408T092547_20260408T092614_063986_080CC2_EC7B.zip,primary,https://datapool.asf.alaska.edu/SLC/SA/S1A_IW_SLC__1SDV_20260408T092547_20260408T092614_063986_080CC2_EC7B.zip,SLC,DESCENDING,39,63986,636,2026-04-08T09:25:47Z,2026-04-08T09:26:14Z,0.0 MB,C:\Users\jales\Documents\GitHub\thesis_code\downloads\sentinel1_asf\Sentinel-1A\S1A_IW_SLC__1SDV_20260408T092547_20260408T092614_063986_080CC2_EC7B.zip,missing_auth
feature_0_part_1_split_1,0,Sentinel-1A,,SENTINEL-1,Sentinel-1A,S1A_IW_SLC__1SDV_20260408T092521_20260408T092549_063986_080CC2_DB42-SLC,S1A_IW_SLC__1SDV_20260408T092521_20260408T092549_063986_080CC2_DB42,S1A_IW_SLC__1SDV_20260408T092521_20260408T092549_063986_080CC2_DB42.zip,primary,https://datapool.asf.alaska.edu/SLC/SA/S1A_IW_SLC__1SDV_20260408T092521_20260408T092549_063986_080CC2_DB42.zip,SLC,DESCENDING,39,63986,631,2026-04-08T09:25:21Z,2026-04-08T09:25:49Z,0.0 MB,C:\Users\jales\Documents\GitHub\thesis_code\downloads\sentinel1_asf\Sentinel-1A\S1A_IW_SLC__1SDV_20260408T092521_20260408T092549_063986_080CC2_DB42.zip,missing_auth
feature_0_part_1_split_1,0,Sentinel-1A,,SENTINEL-1,Sentinel-1A,S1A_IW_SLC__1SDV_20260407T084628_20260407T084652_063971_080C30_E322-SLC,S1A_IW_SLC__1SDV_20260407T084628_20260407T084652_063971_080C30_E322,S1A_IW_SLC__1SDV_20260407T084628_20260407T084652_063971_080C30_E322.zip,primary,https://datapool.asf.alaska.edu/SLC/SA/S1A_IW_SLC__1SDV_20260407T084628_20260407T084652_063971_080C30_E322.zip,SLC,DESCENDING,24,63971,658,2026-04-07T08:46:28Z,2026-04-07T08:46:52Z,0.0 MB,C:\Users\jales\Documents\GitHub\thesis_code\downloads\sentinel1_asf\Sentinel-1A\S1A_IW_SLC__1SDV_20260407T084628_20260407T084652_063971_080C30_E322.zip,missing_auth
feature_0_part_1_split_1,0,Sentinel-1A,,SENTINEL-1,Sentinel-1A,S1A_IW_SLC__1SDV_20260407T084603_20260407T084630_063971_080C30_FD9F-SLC,S1A_IW_SLC__1SDV_20260407T084603_20260407T084630_063971_080C30_FD9F,S1A_IW_SLC__1SDV_20260407T084603_20260407T084630_063971_080C30_FD9F.zip,primary,https://datapool.asf.alaska.edu/SLC/SA/S1A_IW_SLC__1SDV_20260407T084603_20260407T084630_063971_080C30_FD9F.zip,SLC,DESCENDING,24,63971,653,2026-04-07T08:46:03Z,2026-04-07T08:46:30Z,0.0 MB,C:\Users\jales\Documents\GitHub\thesis_code\downloads\sentinel1_asf\Sentinel-1A\S1A_IW_SLC__1SDV_20260407T084603_20260407T084630_063971_080C30_FD9F.zip,missing_auth
feature_0_part_1_split_1,0,Sentinel-1A,,SENTINEL-1,Sentinel-1A,S1A_IW_SLC__1SDV_20260407T084538_20260407T084605_063971_080C30_B5A9-SLC,S1A_IW_SLC__1SDV_20260407T084538_20260407T084605_063971_080C30_B5A9,S1A_IW_SLC__1SDV_20260407T084538_20260407T084605_063971_080C30_B5A9.zip,primary,https://datapool.asf.alaska.edu/SLC/SA/S1A_IW_SLC__1SDV_20260407T084538_20260407T084605_063971_080C30_B5A9.zip,SLC,DESCENDING,24,63971,648,2026-04-07T08:45:38Z,2026-04-07T08:46:05Z,0.0 MB,C:\Users\jales\Documents\GitHub\thesis_code\downloads\sentinel1_asf\Sentinel-1A\S1A_IW_SLC__1SDV_20260407T084538_20260407T084605_063971_080C30_B5A9.zip,missing_auth
feature_0_part_1_split_1,0,Sentinel-1A,,SENTINEL-1,Sentinel-1A,S1A_IW_SLC__1SDV_20260407T084513_20260407T084540_063971_080C30_E215-SLC,S1A_IW_SLC__1SDV_20260407T084513_20260407T084540_063971_080C30_E215,S1A_IW_SLC__1SDV_20260407T084513_20260407T084540_063971_080C30_E215.zip,primary,https://datapool.asf.alaska.edu/SLC/SA/S1A_IW_SLC__1SDV_20260407T084513_20260407T084540_063971_080C30_E215.zip,SLC,DESCENDING,24,63971,643,2026-04-07T08:45:13Z,2026-04-07T08:45:40Z,0.0 MB,C:\Users\jales\Documents\GitHub\thesis_code\downloads\sentinel1_asf\Sentinel-1A\S1A_IW_SLC__1SDV_20260407T084513_20260407T084540_063971_080C30_E215.zip,missing_auth
feature_0_part_1_split_1,0,Sentinel-1A,,SENTINEL-1,Sentinel-1A,S1A_IW_SLC__1SDV_20260407T084448_20260407T084515_063971_080C30_B1D2-SLC,S1A_IW_SLC__1SDV_20260407T084448_20260407T084515_063971_080C30_B1D2,S1A_IW_SLC__1SDV_20260407T084448_20260407T084515_063971_080C30_B1D2.zip,primary,https://datapool.asf.alaska.edu/SLC/SA/S1A_IW_SLC__1SDV_20260407T084448_20260407T084515_063971_080C30_B1D2.zip,SLC,DESCENDING,24,63971,638,2026-04-07T08:44:48Z,2026-04-07T08:45:15Z,0.0 MB,C:\Users\jales\Documents\GitHub\thesis_code\downloads\sentinel1_asf\Sentinel-1A\S1A_IW_SLC__1SDV_20260407T084448_20260407T084515_063971_080C30_B1D2.zip,missing_auth
feature_0_part_1_split_1,0,Sentinel-1A,,SENTINEL-1,Sentinel-1A,S1A_IW_SLC__1SDV_20260407T084423_20260407T084450_063971_080C30_D41C-SLC,S1A_IW_SLC__1SDV_20260407T084423_20260407T084450_063971_080C30_D41C,S1A_IW_SLC__1SDV_20260407T084423_20260407T084450_063971_080C30_D41C.zip,primary,https://datapool.asf.alaska.edu/SLC/SA/S1A_IW_SLC__1SDV_20260407T084423_20260407T084450_063971_080C30_D41C.zip,SLC,DESCENDING,24,63971,633,2026-04-07T08:44:23Z,2026-04-07T08:44:50Z,0.0 MB,C:\Users\jales\Documents\GitHub\thesis_code\downloads\sentinel1_asf\Sentinel-1A\S1A_IW_SLC__1SDV_20260407T084423_20260407T084450_063971_080C30_D41C.zip,missing_auth
feature_0_part_1_split_1,0,Sentinel-1A,,SENTINEL-1,Sentinel-1A,S1A_IW_SLC__1SDV_20260407T084358_20260407T084425_063971_080C30_F22F-SLC,S1A_IW_SLC__1SDV_20260407T084358_20260407T084425_063971_080C30_F22F,S1A_IW_SLC__1SDV_20260407T084358_20260407T084425_063971_080C30_F22F.zip,primary,https://datapool.asf.alaska.edu/SLC/SA/S1A_IW_SLC__1SDV_20260407T084358_20260407T084425_063971_080C30_F22F.zip,SLC,DESCENDING,24,63971,628,2026-04-07T08:43:58Z,2026-04-07T08:44:25Z,0.0 MB,C:\Users\jales\Documents\GitHub\thesis_code\downloads\sentinel1_asf\Sentinel-1A\S1A_IW_SLC__1SDV_20260407T084358_20260407T084425_063971_080C30_F22F.zip,missing_auth
feature_0_part_1_split_1,0,Sentinel-1A,,SENTINEL-1,Sentinel-1A,S1A_IW_SLC__1SDV_20260407T084333_20260407T084400_063971_080C30_8BF4-SLC,S1A_IW_SLC__1SDV_20260407T084333_20260407T084400_063971_080C30_8BF4,S1A_IW_SLC__1SDV_20260407T084333_20260407T084400_063971_080C30_8BF4.zip,primary,https://datapool.asf.alaska.edu/SLC/SA/S1A_IW_SLC__1SDV_20260407T084333_20260407T084400_063971_080C30_8BF4.zip,SLC,DESCENDING,24,63971,623,2026-04-07T08:43:33Z,2026-04-07T08:44:00Z,0.0 MB,C:\Users\jales\Documents\GitHub\thesis_code\downloads\sentinel1_asf\Sentinel-1A\S1A_IW_SLC__1SDV_20260407T084333_20260407T084400_063971_080C30_8BF4.zip,missing_auth
feature_0_part_1_split_1,0,Sentinel-1A,,SENTINEL-1,Sentinel-1A,S1A_IW_SLC__1SDV_20260407T084308_20260407T084336_063971_080C30_00F0-SLC,S1A_IW_SLC__1SDV_20260407T084308_20260407T084336_063971_080C30_00F0,S1A_IW_SLC__1SDV_20260407T084308_20260407T084336_063971_080C30_00F0.zip,primary,https://datapool.asf.alaska.edu/SLC/SA/S1A_IW_SLC__1SDV_20260407T084308_20260407T084336_063971_080C30_00F0.zip,SLC,DESCENDING,24,63971,618,2026-04-07T08:43:08Z,2026-04-07T08:43:36Z,0.0 MB,C:\Users\jales\Documents\GitHub\thesis_code\downloads\sentinel1_asf\Sentinel-1A\S1A_IW_SLC__1SDV_20260407T084308_20260407T084336_063971_080C30_00F0.zip,missing_auth
feature_0_part_1_split_1,0,Sentinel-1A,,SENTINEL-1,Sentinel-1A,S1A_IW_SLC__1SDV_20260407T084243_20260407T084310_063971_080C30_9FAD-SLC,S1A_IW_SLC__1SDV_20260407T084243_20260407T084310_063971_080C30_9FAD,S1A_IW_SLC__1SDV_20260407T084243_20260407T084310_063971_080C30_9FAD.zip,primary,https://datapool.asf.alaska.edu/SLC/SA/S1A_IW_SLC__1SDV_20260407T084243_20260407T084310_063971_080C30_9FAD.zip,SLC,DESCENDING,24,63971,613,2026-04-07T08:42:43Z,2026-04-07T08:43:10Z,0.0 MB,C:\Users\jales\Documents\GitHub\thesis_code\downloads\sentinel1_asf\Sentinel-1A\S1A_IW_SLC__1SDV_20260407T084243_20260407T084310_063971_080C30_9FAD.zip,missing_auth
feature_0_part_1_split_1,0,Sentinel-1A,,SENTINEL-1,Sentinel-1A,S1A_IW_SLC__1SDV_20260407T084218_20260407T084245_063971_080C30_E4B8-SLC,S1A_IW_SLC__1SDV_20260407T084218_20260407T084245_063971_080C30_E4B8,S1A_IW_SLC__1SDV_20260407T084218_20260407T084245_063971_080C30_E4B8.zip,primary,https://datapool.asf.alaska.edu/SLC/SA/S1A_IW_SLC__1SDV_20260407T084218_20260407T084245_063971_080C30_E4B8.zip,SLC,DESCENDING,24,63971,608,2026-04-07T08:42:18Z,2026-04-07T08:42:45Z,0.0 MB,C:\Users\jales\Documents\GitHub\thesis_code\downloads\sentinel1_asf\Sentinel-1A\S1A_IW_SLC__1SDV_20260407T084218_20260407T084245_063971_080C30_E4B8.zip,missing_auth
feature_0_part_1_split_1,0,Sentinel-1A,,SENTINEL-1,Sentinel-1A,S1A_IW_SLC__1SDV_20260407T084153_20260407T084220_063971_080C30_EE17-SLC,S1A_IW_SLC__1SDV_20260407T084153_20260407T084220_063971_080C30_EE17,S1A_IW_SLC__1SDV_20260407T084153_20260407T084220_063971_080C30_EE17.zip,primary,https://datapool.asf.alaska.edu/SLC/SA/S1A_IW_SLC__1SDV_20260407T084153_20260407T084220_063971_080C30_EE17.zip,SLC,DESCENDING,24,63971,603,2026-04-07T08:41:53Z,2026-04-07T08:42:20Z,0.0 MB,C:\Users\jales\Documents\GitHub\thesis_code\downloads\sentinel1_asf\Sentinel-1A\S1A_IW_SLC__1SDV_20260407T084153_20260407T084220_063971_080C30_EE17.zip,missing_auth
feature_0_part_1_split_1,0,Sentinel-1A,,SENTINEL-1,Sentinel-1A,S1A_IW_SLC__1SDV_20260407T084128_20260407T084155_063971_080C30_0C6F-SLC,S1A_IW_SLC__1SDV_20260407T084128_20260407T084155_063971_080C30_0C6F,S1A_IW_SLC__1SDV_20260407T084128_20260407T084155_063971_080C30_0C6F.zip,primary,https://datapool.asf.alaska.edu/SLC/SA/S1A_IW_SLC__1SDV_20260407T084128_20260407T084155_063971_080C30_0C6F.zip,SLC,DESCENDING,24,63971,598,2026-04-07T08:41:28Z,2026-04-07T08:41:55Z,0.0 MB,C:\Users\jales\Documents\GitHub\thesis_code\downloads\sentinel1_asf\Sentinel-1A\S1A_IW_SLC__1SDV_20260407T084128_20260407T084155_063971_080C30_0C6F.zip,missing_auth
feature_0_part_1_split_1,0,Sentinel-1A,,SENTINEL-1,Sentinel-1A,S1A_IW_SLC__1SDV_20260406T094151_20260406T094219_063957_080BAC_352A-SLC,S1A_IW_SLC__1SDV_20260406T094151_20260406T094219_063957_080BAC_352A,S1A_IW_SLC__1SDV_20260406T094151_20260406T094219_063957_080BAC_352A.zip,primary,https://datapool.asf.alaska.edu/SLC/SA/S1A_IW_SLC__1SDV_20260406T094151_20260406T094219_063957_080BAC_352A.zip,SLC,DESCENDING,10,63957,631,2026-04-06T09:41:51Z,2026-04-06T09:42:19Z,0.0 MB,C:\Users\jales\Documents\GitHub\thesis_code\downloads\sentinel1_asf\Sentinel-1A\S1A_IW_SLC__1SDV_20260406T094151_20260406T094219_063957_080BAC_352A.zip,missing_auth
feature_0_part_1_split_1,0,Sentinel-1A,,SENTINEL-1,Sentinel-1A,S1A_IW_SLC__1SDV_20260405T211637_20260405T211707_063949_080B60_5062-SLC,S1A_IW_SLC__1SDV_20260405T211637_20260405T211707_063949_080B60_5062,S1A_IW_SLC__1SDV_20260405T211637_20260405T211707_063949_080B60_5062.zip,primary,https://datapool.asf.alaska.edu/SLC/SA/S1A_IW_SLC__1SDV_20260405T211637_20260405T211707_063949_080B60_5062.zip,SLC,ASCENDING,2,63949,1168,2026-04-05T21:16:37Z,2026-04-05T21:17:07Z,0.0 MB,C:\Users\jales\Documents\GitHub\thesis_code\downloads\sentinel1_asf\Sentinel-1A\S1A_IW_SLC__1SDV_20260405T211637_20260405T211707_063949_080B60_5062.zip,missing_auth
feature_0_part_1_split_1,0,Sentinel-1A,,SENTINEL-1,Sentinel-1A,S1A_IW_SLC__1SDV_20260404T082100_20260404T082114_063927_080A8D_DB66-SLC,S1A_IW_SLC__1SDV_20260404T082100_20260404T082114_063927_080A8D_DB66,S1A_IW_SLC__1SDV_20260404T082100_20260404T082114_063927_080A8D_DB66.zip,primary,https://datapool.asf.alaska.edu/SLC/SA/S1A_IW_SLC__1SDV_20260404T082100_20260404T082114_063927_080A8D_DB66.zip,SLC,DESCENDING,155,63927,648,2026-04-04T08:21:00Z,2026-04-04T08:21:14Z,0.0 MB,C:\Users\jales\Documents\GitHub\thesis_code\downloads\sentinel1_asf\Sentinel-1A\S1A_IW_SLC__1SDV_20260404T082100_20260404T082114_063927_080A8D_DB66.zip,missing_auth
feature_0_part_1_split_1,0,Sentinel-1A,,SENTINEL-1,Sentinel-1A,S1A_IW_SLC__1SDV_20260404T082035_20260404T082102_063927_080A8D_D388-SLC,S1A_IW_SLC__1SDV_20260404T082035_20260404T082102_063927_080A8D_D388,S1A_IW_SLC__1SDV_20260404T082035_20260404T082102_063927_080A8D_D388.zip,primary,https://datapool.asf.alaska.edu/SLC/SA/S1A_IW_SLC__1SDV_20260404T082035_20260404T082102_063927_080A8D_D388.zip,SLC,DESCENDING,155,63927,643,2026-04-04T08:20:35Z,2026-04-04T08:21:02Z,0.0 MB,C:\Users\jales\Documents\GitHub\thesis_code\downloads\sentinel1_asf\Sentinel-1A\S1A_IW_SLC__1SDV_20260404T082035_20260404T082102_063927_080A8D_D388.zip,missing_auth
feature_0_part_1_split_1,0,Sentinel-1A,,SENTINEL-1,Sentinel-1A,S1A_IW_SLC__1SDV_20260404T082011_20260404T082038_063927_080A8D_C74E-SLC,S1A_IW_SLC__1SDV_20260404T082011_20260404T082038_063927_080A8D_C74E,S1A_IW_SLC__1SDV_20260404T082011_20260404T082038_063927_080A8D_C74E.zip,primary,https://datapool.asf.alaska.edu/SLC/SA/S1A_IW_SLC__1SDV_20260404T082011_20260404T082038_063927_080A8D_C74E.zip,SLC,DESCENDING,155,63927,638,2026-04-04T08:20:11Z,2026-04-04T08:20:38Z,0.0 MB,C:\Users\jales\Documents\GitHub\thesis_code\downloads\sentinel1_asf\Sentinel-1A\S1A_IW_SLC__1SDV_20260404T082011_20260404T082038_063927_080A8D_C74E.zip,missing_auth
feature_0_part_1_split_1,0,Sentinel-1A,,SENTINEL-1,Sentinel-1A,S1A_IW_SLC__1SDV_20260403T091918_20260403T091940_063913_0809FD_F844-SLC,S1A_IW_SLC__1SDV_20260403T091918_20260403T091940_063913_0809FD_F844,S1A_IW_SLC__1SDV_20260403T091918_20260403T091940_063913_0809FD_F844.zip,primary,https://datapool.asf.alaska.edu/SLC/SA/S1A_IW_SLC__1SDV_20260403T091918_20260403T091940_063913_0809FD_F844.zip,SLC,DESCENDING,141,63913,657,2026-04-03T09:19:18Z,2026-04-03T09:19:40Z,0.0 MB,C:\Users\jales\Documents\GitHub\thesis_code\downloads\sentinel1_asf\Sentinel-1A\S1A_IW_SLC__1SDV_20260403T091918_20260403T091940_063913_0809FD_F844.zip,missing_auth
feature_0_part_1_split_1,0,Sentinel-1A,,SENTINEL-1,Sentinel-1A,S1A_IW_SLC__1SDV_20260403T091829_20260403T091856_063913_0809FD_6255-SLC,S1A_IW_SLC__1SDV_20260403T091829_20260403T091856_063913_0809FD_6255,S1A_IW_SLC__1SDV_20260403T091829_20260403T091856_063913_0809FD_6255.zip,primary,https://datapool.asf.alaska.edu/SLC/SA/S1A_IW_SLC__1SDV_20260403T091829_20260403T091856_063913_0809FD_6255.zip,SLC,DESCENDING,141,63913,647,2026-04-03T09:18:29Z,2026-04-03T09:18:56Z,0.0 MB,C:\Users\jales\Documents\GitHub\thesis_code\downloads\sentinel1_asf\Sentinel-1A\S1A_IW_SLC__1SDV_20260403T091829_20260403T091856_063913_0809FD_6255.zip,missing_auth
feature_0_part_1_split_1,0,Sentinel-1A,,SENTINEL-1,Sentinel-1A,S1A_IW_SLC__1SDV_20260403T091804_20260403T091831_063913_0809FD_A371-SLC,S1A_IW_SLC__1SDV_20260403T091804_20260403T091831_063913_0809FD_A371,S1A_IW_SLC__1SDV_20260403T091804_20260403T091831_063913_0809FD_A371.zip,primary,https://datapool.asf.alaska.edu/SLC/SA/S1A_IW_SLC__1SDV_20260403T091804_20260403T091831_063913_0809FD_A371.zip,SLC,DESCENDING,141,63913,642,2026-04-03T09:18:04Z,2026-04-03T09:18:31Z,0.0 MB,C:\Users\jales\Documents\GitHub\thesis_code\downloads\sentinel1_asf\Sentinel-1A\S1A_IW_SLC__1SDV_20260403T091804_20260403T091831_063913_0809FD_A371.zip,missing_auth
feature_0_part_1_split_1,0,Sentinel-1A,,SENTINEL-1,Sentinel-1A,S1A_IW_SLC__1SDV_20260403T091739_20260403T091806_063913_0809FD_9176-SLC,S1A_IW_SLC__1SDV_20260403T091739_20260403T091806_063913_0809FD_9176,S1A_IW_SLC__1SDV_20260403T091739_20260403T091806_063913_0809FD_9176.zip,primary,https://datapool.asf.alaska.edu/SLC/SA/S1A_IW_SLC__1SDV_20260403T091739_20260403T091806_063913_0809FD_9176.zip,SLC,DESCENDING,141,63913,637,2026-04-03T09:17:39Z,2026-04-03T09:18:06Z,0.0 MB,C:\Users\jales\Documents\GitHub\thesis_code\downloads\sentinel1_asf\Sentinel-1A\S1A_IW_SLC__1SDV_20260403T091739_20260403T091806_063913_0809FD_9176.zip,missing_auth
feature_0_part_1_split_1,0,Sentinel-1A,,SENTINEL-1,Sentinel-1A,S1A_IW_SLC__1SDV_20260403T091713_20260403T091741_063913_0809FD_017D-SLC,S1A_IW_SLC__1SDV_20260403T091713_20260403T091741_063913_0809FD_017D,S1A_IW_SLC__1SDV_20260403T091713_20260403T091741_063913_0809FD_017D.zip,primary,https://datapool.asf.alaska.edu/SLC/SA/S1A_IW_SLC__1SDV_20260403T091713_20260403T091741_063913_0809FD_017D.zip,SLC,DESCENDING,141,63913,632,2026-04-03T09:17:13Z,2026-04-03T09:17:41Z,0.0 MB,C:\Users\jales\Documents\GitHub\thesis_code\downloads\sentinel1_asf\Sentinel-1A\S1A_IW_SLC__1SDV_20260403T091713_20260403T091741_063913_0809FD_017D.zip,missing_auth
feature_0_part_1_split_1,0,Sentinel-1A,,SENTINEL-1,Sentinel-1A,S1A_IW_SLC__1SDV_20260402T083922_20260402T083949_063898_080974_7272-SLC,S1A_IW_SLC__1SDV_20260402T083922_20260402T083949_063898_080974_7272,S1A_IW_SLC__1SDV_20260402T083922_20260402T083949_063898_080974_7272.zip,primary,https://datapool.asf.alaska.edu/SLC/SA/S1A_IW_SLC__1SDV_20260402T083922_20260402T083949_063898_080974_7272.zip,SLC,DESCENDING,126,63898,671,2026-04-02T08:39:22Z,2026-04-02T08:39:49Z,0.0 MB,C:\Users\jales\Documents\GitHub\thesis_code\downloads\sentinel1_asf\Sentinel-1A\S1A_IW_SLC__1SDV_20260402T083922_20260402T083949_063898_080974_7272.zip,missing_auth
feature_0_part_1_split_1,0,Sentinel-1A,,SENTINEL-1,Sentinel-1A,S1A_IW_SLC__1SDV_20260402T083856_20260402T083924_063898_080974_7629-SLC,S1A_IW_SLC__1SDV_20260402T083856_20260402T083924_063898_080974_7629,S1A_IW_SLC__1SDV_20260402T083856_20260402T083924_063898_080974_7629.zip,primary,https://datapool.asf.alaska.edu/SLC/SA/S1A_IW_SLC__1SDV_20260402T083856_20260402T083924_063898_080974_7629.zip,SLC,DESCENDING,126,63898,666,2026-04-02T08:38:56Z,2026-04-02T08:39:24Z,0.0 MB,C:\Users\jales\Documents\GitHub\thesis_code\downloads\sentinel1_asf\Sentinel-1A\S1A_IW_SLC__1SDV_20260402T083856_20260402T083924_063898_080974_7629.zip,missing_auth
feature_0_part_1_split_1,0,Sentinel-1A,,SENTINEL-1,Sentinel-1A,S1A_IW_SLC__1SDV_20260402T083829_20260402T083859_063898_080974_B697-SLC,S1A_IW_SLC__1SDV_20260402T083829_20260402T083859_063898_080974_B697,S1A_IW_SLC__1SDV_20260402T083829_20260402T083859_063898_080974_B697.zip,primary,https://datapool.asf.alaska.edu/SLC/SA/S1A_IW_SLC__1SDV_20260402T083829_20260402T083859_063898_080974_B697.zip,SLC,DESCENDING,126,63898,661,2026-04-02T08:38:29Z,2026-04-02T08:38:59Z,0.0 MB,C:\Users\jales\Documents\GitHub\thesis_code\downloads\sentinel1_asf\Sentinel-1A\S1A_IW_SLC__1SDV_20260402T083829_20260402T083859_063898_080974_B697.zip,missing_auth
feature_0_part_1_split_1,0,Sentinel-1A,,SENTINEL-1,Sentinel-1A,S1A_IW_SLC__1SDV_20260402T083643_20260402T083657_063898_080973_1643-SLC,S1A_IW_SLC__1SDV_20260402T083643_20260402T083657_063898_080973_1643,S1A_IW_SLC__1SDV_20260402T083643_20260402T083657_063898_080973_1643.zip,primary,https://datapool.asf.alaska.edu/SLC/SA/S1A_IW_SLC__1SDV_20260402T083643_20260402T083657_063898_080973_1643.zip,SLC,DESCENDING,126,63898,639,2026-04-02T08:36:43Z,2026-04-02T08:36:57Z,0.0 MB,C:\Users\jales\Documents\GitHub\thesis_code\downloads\sentinel1_asf\Sentinel-1A\S1A_IW_SLC__1SDV_20260402T083643_20260402T083657_063898_080973_1643.zip,missing_auth
feature_0_part_1_split_1,0,Sentinel-1A,,SENTINEL-1,Sentinel-1A,S1A_IW_SLC__1SDV_20260402T083618_20260402T083645_063898_080973_71E1-SLC,S1A_IW_SLC__1SDV_20260402T083618_20260402T083645_063898_080973_71E1,S1A_IW_SLC__1SDV_20260402T083618_20260402T083645_063898_080973_71E1.zip,primary,https://datapool.asf.alaska.edu/SLC/SA/S1A_IW_SLC__1SDV_20260402T083618_20260402T083645_063898_080973_71E1.zip,SLC,DESCENDING,126,63898,635,2026-04-02T08:36:18Z,2026-04-02T08:36:45Z,0.0 MB,C:\Users\jales\Documents\GitHub\thesis_code\downloads\sentinel1_asf\Sentinel-1A\S1A_IW_SLC__1SDV_20260402T083618_20260402T083645_063898_080973_71E1.zip,missing_auth
feature_0_part_1_split_1,0,Sentinel-1A,,SENTINEL-1,Sentinel-1A,S1A_IW_SLC__1SDV_20260402T083553_20260402T083621_063898_080973_0A84-SLC,S1A_IW_SLC__1SDV_20260402T083553_20260402T083621_063898_080973_0A84,S1A_IW_SLC__1SDV_20260402T083553_20260402T083621_063898_080973_0A84.zip,primary,https://datapool.asf.alaska.edu/SLC/SA/S1A_IW_SLC__1SDV_20260402T083553_20260402T083621_063898_080973_0A84.zip,SLC,DESCENDING,126,63898,629,2026-04-02T08:35:53Z,2026-04-02T08:36:21Z,0.0 MB,C:\Users\jales\Documents\GitHub\thesis_code\downloads\sentinel1_asf\Sentinel-1A\S1A_IW_SLC__1SDV_20260402T083553_20260402T083621_063898_080973_0A84.zip,missing_auth
feature_0_part_1_split_1,0,Sentinel-1A,,SENTINEL-1,Sentinel-1A,S1A_IW_SLC__1SDV_20260402T083528_20260402T083555_063898_080973_4775-SLC,S1A_IW_SLC__1SDV_20260402T083528_20260402T083555_063898_080973_4775,S1A_IW_SLC__1SDV_20260402T083528_20260402T083555_063898_080973_4775.zip,primary,https://datapool.asf.alaska.edu/SLC/SA/S1A_IW_SLC__1SDV_20260402T083528_20260402T083555_063898_080973_4775.zip,SLC,DESCENDING,126,63898,624,2026-04-02T08:35:28Z,2026-04-02T08:35:55Z,0.0 MB,C:\Users\jales\Documents\GitHub\thesis_code\downloads\sentinel1_asf\Sentinel-1A\S1A_IW_SLC__1SDV_20260402T083528_20260402T083555_063898_080973_4775.zip,missing_auth
feature_0_part_1_split_1,0,Sentinel-1A,,SENTINEL-1,Sentinel-1A,S1A_IW_SLC__1SDV_20260402T083503_20260402T083530_063898_080973_E290-SLC,S1A_IW_SLC__1SDV_20260402T083503_20260402T083530_063898_080973_E290,S1A_IW_SLC__1SDV_20260402T083503_20260402T083530_063898_080973_E290.zip,primary,https://datapool.asf.alaska.edu/SLC/SA/S1A_IW_SLC__1SDV_20260402T083503_20260402T083530_063898_080973_E290.zip,SLC,DESCENDING,126,63898,619,2026-04-02T08:35:03Z,2026-04-02T08:35:30Z,0.0 MB,C:\Users\jales\Documents\GitHub\thesis_code\downloads\sentinel1_asf\Sentinel-1A\S1A_IW_SLC__1SDV_20260402T083503_20260402T083530_063898_080973_E290.zip,missing_auth
feature_0_part_1_split_1,0,Sentinel-1A,,SENTINEL-1,Sentinel-1A,S1A_IW_SLC__1SDV_20260402T083438_20260402T083505_063898_080973_AB95-SLC,S1A_IW_SLC__1SDV_20260402T083438_20260402T083505_063898_080973_AB95,S1A_IW_SLC__1SDV_20260402T083438_20260402T083505_063898_080973_AB95.zip,primary,https://datapool.asf.alaska.edu/SLC/SA/S1A_IW_SLC__1SDV_20260402T083438_20260402T083505_063898_080973_AB95.zip,SLC,DESCENDING,126,63898,614,2026-04-02T08:34:38Z,2026-04-02T08:35:05Z,0.0 MB,C:\Users\jales\Documents\GitHub\thesis_code\downloads\sentinel1_asf\Sentinel-1A\S1A_IW_SLC__1SDV_20260402T083438_20260402T083505_063898_080973_AB95.zip,missing_auth
feature_0_part_1_split_1,0,Sentinel-1A,,SENTINEL-1,Sentinel-1A,S1A_IW_SLC__1SDV_20260402T083413_20260402T083440_063898_080973_729A-SLC,S1A_IW_SLC__1SDV_20260402T083413_20260402T083440_063898_080973_729A,S1A_IW_SLC__1SDV_20260402T083413_20260402T083440_063898_080973_729A.zip,primary,https://datapool.asf.alaska.edu/SLC/SA/S1A_IW_SLC__1SDV_20260402T083413_20260402T083440_063898_080973_729A.zip,SLC,DESCENDING,126,63898,610,2026-04-02T08:34:13Z,2026-04-02T08:34:40Z,0.0 MB,C:\Users\jales\Documents\GitHub\thesis_code\downloads\sentinel1_asf\Sentinel-1A\S1A_IW_SLC__1SDV_20260402T083413_20260402T083440_063898_080973_729A.zip,missing_auth
feature_0_part_1_split_1,0,Sentinel-1A,,SENTINEL-1,Sentinel-1A,S1A_IW_SLC__1SDV_20260402T083348_20260402T083415_063898_080973_D410-SLC,S1A_IW_SLC__1SDV_20260402T083348_20260402T083415_063898_080973_D410,S1A_IW_SLC__1SDV_20260402T083348_20260402T083415_063898_080973_D410.zip,primary,https://datapool.asf.alaska.edu/SLC/SA/S1A_IW_SLC__1SDV_20260402T083348_20260402T083415_063898_080973_D410.zip,SLC,DESCENDING,126,63898,604,2026-04-02T08:33:48Z,2026-04-02T08:34:15Z,0.0 MB,C:\Users\jales\Documents\GitHub\thesis_code\downloads\sentinel1_asf\Sentinel-1A\S1A_IW_SLC__1SDV_20260402T083348_20260402T083415_063898_080973_D410.zip,missing_auth
feature_0_part_1_split_1,0,Sentinel-1A,,SENTINEL-1,Sentinel-1A,S1A_IW_SLC__1SDV_20260402T083320_20260402T083350_063898_080973_DA5E-SLC,S1A_IW_SLC__1SDV_20260402T083320_20260402T083350_063898_080973_DA5E,S1A_IW_SLC__1SDV_20260402T083320_20260402T083350_063898_080973_DA5E.zip,primary,https://datapool.asf.alaska.edu/SLC/SA/S1A_IW_SLC__1SDV_20260402T083320_20260402T083350_063898_080973_DA5E.zip,SLC,DESCENDING,126,63898,599,2026-04-02T08:33:20Z,2026-04-02T08:33:50Z,0.0 MB,C:\Users\jales\Documents\GitHub\thesis_code\downloads\sentinel1_asf\Sentinel-1A\S1A_IW_SLC__1SDV_20260402T083320_20260402T083350_063898_080973_DA5E.zip,missing_auth
feature_0_part_1_split_1,0,Sentinel-1A,,SENTINEL-1,Sentinel-1A,S1A_IW_SLC__1SDV_20260401T093423_20260401T093450_063884_0808E4_8F1B-SLC,S1A_IW_SLC__1SDV_20260401T093423_20260401T093450_063884_0808E4_8F1B,S1A_IW_SLC__1SDV_20260401T093423_20260401T093450_063884_0808E4_8F1B.zip,primary,https://datapool.asf.alaska.edu/SLC/SA/S1A_IW_SLC__1SDV_20260401T093423_20260401T093450_063884_0808E4_8F1B.zip,SLC,DESCENDING,112,63884,640,2026-04-01T09:34:23Z,2026-04-01T09:34:50Z,0.0 MB,C:\Users\jales\Documents\GitHub\thesis_code\downloads\sentinel1_asf\Sentinel-1A\S1A_IW_SLC__1SDV_20260401T093423_20260401T093450_063884_0808E4_8F1B.zip,missing_auth
feature_0_part_1_split_1,0,Sentinel-1A,,SENTINEL-1,Sentinel-1A,S1A_IW_SLC__1SDV_20260401T093358_20260401T093425_063884_0808E4_B6DD-SLC,S1A_IW_SLC__1SDV_20260401T093358_20260401T093425_063884_0808E4_B6DD,S1A_IW_SLC__1SDV_20260401T093358_20260401T093425_063884_0808E4_B6DD.zip,primary,https://datapool.asf.alaska.edu/SLC/SA/S1A_IW_SLC__1SDV_20260401T093358_20260401T093425_063884_0808E4_B6DD.zip,SLC,DESCENDING,112,63884,635,2026-04-01T09:33:58Z,2026-04-01T09:34:25Z,0.0 MB,C:\Users\jales\Documents\GitHub\thesis_code\downloads\sentinel1_asf\Sentinel-1A\S1A_IW_SLC__1SDV_20260401T093358_20260401T093425_063884_0808E4_B6DD.zip,missing_auth
feature_0_part_1_split_1,0,Sentinel-1A,,SENTINEL-1,Sentinel-1A,S1A_IW_SLC__1SDV_20260401T093332_20260401T093400_063884_0808E4_068A-SLC,S1A_IW_SLC__1SDV_20260401T093332_20260401T093400_063884_0808E4_068A,S1A_IW_SLC__1SDV_20260401T093332_20260401T093400_063884_0808E4_068A.zip,primary,https://datapool.asf.alaska.edu/SLC/SA/S1A_IW_SLC__1SDV_20260401T093332_20260401T093400_063884_0808E4_068A.zip,SLC,DESCENDING,112,63884,630,2026-04-01T09:33:32Z,2026-04-01T09:34:00Z,0.0 MB,C:\Users\jales\Documents\GitHub\thesis_code\downloads\sentinel1_asf\Sentinel-1A\S1A_IW_SLC__1SDV_20260401T093332_20260401T093400_063884_0808E4_068A.zip,missing_auth
feature_0_part_1_split_1,0,Sentinel-1C,,SENTINEL-1,Sentinel-1C,S1C_IW_SLC__1SDV_20260427T221547_20260427T221613_007407_00F07B_E670-SLC,S1C_IW_SLC__1SDV_20260427T221547_20260427T221613_007407_00F07B_E670,S1C_IW_SLC__1SDV_20260427T221547_20260427T221613_007407_00F07B_E670.zip,primary,https://datapool.asf.alaska.edu/SLC/SC/S1C_IW_SLC__1SDV_20260427T221547_20260427T221613_007407_00F07B_E670.zip,SLC,ASCENDING,61,7407,1099,2026-04-27T22:15:47Z,2026-04-27T22:16:13Z,0.0 MB,C:\Users\jales\Documents\GitHub\thesis_code\downloads\sentinel1_asf\Sentinel-1C\S1C_IW_SLC__1SDV_20260427T221547_20260427T221613_007407_00F07B_E670.zip,missing_auth
feature_0_part_1_split_1,0,Sentinel-1C,,SENTINEL-1,Sentinel-1C,S1C_IW_SLC__1SDV_20260427T082954_20260427T083022_007399_00F029_4EEF-SLC,S1C_IW_SLC__1SDV_20260427T082954_20260427T083022_007399_00F029_4EEF,S1C_IW_SLC__1SDV_20260427T082954_20260427T083022_007399_00F029_4EEF.zip,primary,https://datapool.asf.alaska.edu/SLC/SC/S1C_IW_SLC__1SDV_20260427T082954_20260427T083022_007399_00F029_4EEF.zip,SLC,DESCENDING,53,7399,668,2026-04-27T08:29:54Z,2026-04-27T08:30:22Z,0.0 MB,C:\Users\jales\Documents\GitHub\thesis_code\downloads\sentinel1_asf\Sentinel-1C\S1C_IW_SLC__1SDV_20260427T082954_20260427T083022_007399_00F029_4EEF.zip,missing_auth
feature_0_part_1_split_1,0,Sentinel-1C,,SENTINEL-1,Sentinel-1C,S1C_IW_SLC__1SDV_20260427T082929_20260427T082956_007399_00F029_A430-SLC,S1C_IW_SLC__1SDV_20260427T082929_20260427T082956_007399_00F029_A430,S1C_IW_SLC__1SDV_20260427T082929_20260427T082956_007399_00F029_A430.zip,primary,https://datapool.asf.alaska.edu/SLC/SC/S1C_IW_SLC__1SDV_20260427T082929_20260427T082956_007399_00F029_A430.zip,SLC,DESCENDING,53,7399,663,2026-04-27T08:29:29Z,2026-04-27T08:29:56Z,0.0 MB,C:\Users\jales\Documents\GitHub\thesis_code\downloads\sentinel1_asf\Sentinel-1C\S1C_IW_SLC__1SDV_20260427T082929_20260427T082956_007399_00F029_A430.zip,missing_auth
feature_0_part_1_split_1,0,Sentinel-1C,,SENTINEL-1,Sentinel-1C,S1C_IW_SLC__1SDV_20260427T082905_20260427T082931_007399_00F029_1B3B-SLC,S1C_IW_SLC__1SDV_20260427T082905_20260427T082931_007399_00F029_1B3B,S1C_IW_SLC__1SDV_20260427T082905_20260427T082931_007399_00F029_1B3B.zip,primary,https://datapool.asf.alaska.edu/SLC/SC/S1C_IW_SLC__1SDV_20260427T082905_20260427T082931_007399_00F029_1B3B.zip,SLC,DESCENDING,53,7399,658,2026-04-27T08:29:05Z,2026-04-27T08:29:31Z,0.0 MB,C:\Users\jales\Documents\GitHub\thesis_code\downloads\sentinel1_asf\Sentinel-1C\S1C_IW_SLC__1SDV_20260427T082905_20260427T082931_007399_00F029_1B3B.zip,missing_auth
feature_0_part_1_split_1,0,Sentinel-1C,,SENTINEL-1,Sentinel-1C,S1C_IW_SLC__1SDV_20260427T082840_20260427T082907_007399_00F029_C0BB-SLC,S1C_IW_SLC__1SDV_20260427T082840_20260427T082907_007399_00F029_C0BB,S1C_IW_SLC__1SDV_20260427T082840_20260427T082907_007399_00F029_C0BB.zip,primary,https://datapool.asf.alaska.edu/SLC/SC/S1C_IW_SLC__1SDV_20260427T082840_20260427T082907_007399_00F029_C0BB.zip,SLC,DESCENDING,53,7399,653,2026-04-27T08:28:40Z,2026-04-27T08:29:07Z,0.0 MB,C:\Users\jales\Documents\GitHub\thesis_code\downloads\sentinel1_asf\Sentinel-1C\S1C_IW_SLC__1SDV_20260427T082840_20260427T082907_007399_00F029_C0BB.zip,missing_auth
feature_0_part_1_split_1,0,Sentinel-1C,,SENTINEL-1,Sentinel-1C,S1C_IW_SLC__1SDV_20260427T082815_20260427T082842_007399_00F029_309D-SLC,S1C_IW_SLC__1SDV_20260427T082815_20260427T082842_007399_00F029_309D,S1C_IW_SLC__1SDV_20260427T082815_20260427T082842_007399_00F029_309D.zip,primary,https://datapool.asf.alaska.edu/SLC/SC/S1C_IW_SLC__1SDV_20260427T082815_20260427T082842_007399_00F029_309D.zip,SLC,DESCENDING,53,7399,648,2026-04-27T08:28:15Z,2026-04-27T08:28:42Z,0.0 MB,C:\Users\jales\Documents\GitHub\thesis_code\downloads\sentinel1_asf\Sentinel-1C\S1C_IW_SLC__1SDV_20260427T082815_20260427T082842_007399_00F029_309D.zip,missing_auth
feature_0_part_1_split_1,0,Sentinel-1C,,SENTINEL-1,Sentinel-1C,S1C_IW_SLC__1SDV_20260427T082746_20260427T082817_007399_00F029_5D83-SLC,S1C_IW_SLC__1SDV_20260427T082746_20260427T082817_007399_00F029_5D83,S1C_IW_SLC__1SDV_20260427T082746_20260427T082817_007399_00F029_5D83.zip,primary,https://datapool.asf.alaska.edu/SLC/SC/S1C_IW_SLC__1SDV_20260427T082746_20260427T082817_007399_00F029_5D83.zip,SLC,DESCENDING,53,7399,642,2026-04-27T08:27:46Z,2026-04-27T08:28:17Z,0.0 MB,C:\Users\jales\Documents\GitHub\thesis_code\downloads\sentinel1_asf\Sentinel-1C\S1C_IW_SLC__1SDV_20260427T082746_20260427T082817_007399_00F029_5D83.zip,missing_auth
feature_0_part_1_split_1,0,Sentinel-1C,,SENTINEL-1,Sentinel-1C,S1C_IW_SLC__1SDV_20260425T084641_20260425T084708_007370_00EF35_017B-SLC,S1C_IW_SLC__1SDV_20260425T084641_20260425T084708_007370_00EF35_017B,S1C_IW_SLC__1SDV_20260425T084641_20260425T084708_007370_00EF35_017B.zip,primary,https://datapool.asf.alaska.edu/SLC/SC/S1C_IW_SLC__1SDV_20260425T084641_20260425T084708_007370_00EF35_017B.zip,SLC,DESCENDING,24,7370,672,2026-04-25T08:46:41Z,2026-04-25T08:47:08Z,0.0 MB,C:\Users\jales\Documents\GitHub\thesis_code\downloads\sentinel1_asf\Sentinel-1C\S1C_IW_SLC__1SDV_20260425T084641_20260425T084708_007370_00EF35_017B.zip,missing_auth
feature_0_part_1_split_1,0,Sentinel-1C,,SENTINEL-1,Sentinel-1C,S1C_IW_SLC__1SDV_20260425T084616_20260425T084643_007370_00EF35_CD2B-SLC,S1C_IW_SLC__1SDV_20260425T084616_20260425T084643_007370_00EF35_CD2B,S1C_IW_SLC__1SDV_20260425T084616_20260425T084643_007370_00EF35_CD2B.zip,primary,https://datapool.asf.alaska.edu/SLC/SC/S1C_IW_SLC__1SDV_20260425T084616_20260425T084643_007370_00EF35_CD2B.zip,SLC,DESCENDING,24,7370,667,2026-04-25T08:46:16Z,2026-04-25T08:46:43Z,0.0 MB,C:\Users\jales\Documents\GitHub\thesis_code\downloads\sentinel1_asf\Sentinel-1C\S1C_IW_SLC__1SDV_20260425T084616_20260425T084643_007370_00EF35_CD2B.zip,missing_auth
feature_0_part_1_split_1,0,Sentinel-1C,,SENTINEL-1,Sentinel-1C,S1C_IW_SLC__1SDV_20260425T084547_20260425T084618_007370_00EF35_6C48-SLC,S1C_IW_SLC__1SDV_20260425T084547_20260425T084618_007370_00EF35_6C48,S1C_IW_SLC__1SDV_20260425T084547_20260425T084618_007370_00EF35_6C48.zip,primary,https://datapool.asf.alaska.edu/SLC/SC/S1C_IW_SLC__1SDV_20260425T084547_20260425T084618_007370_00EF35_6C48.zip,SLC,DESCENDING,24,7370,661,2026-04-25T08:45:47Z,2026-04-25T08:46:18Z,0.0 MB,C:\Users\jales\Documents\GitHub\thesis_code\downloads\sentinel1_asf\Sentinel-1C\S1C_IW_SLC__1SDV_20260425T084547_20260425T084618_007370_00EF35_6C48.zip,missing_auth
feature_0_part_1_split_1,0,Sentinel-1C,,SENTINEL-1,Sentinel-1C,S1C_IW_SLC__1SDV_20260423T090315_20260423T090342_007341_00EE43_BB78-SLC,S1C_IW_SLC__1SDV_20260423T090315_20260423T090342_007341_00EE43_BB78,S1C_IW_SLC__1SDV_20260423T090315_20260423T090342_007341_00EE43_BB78.zip,primary,https://datapool.asf.alaska.edu/SLC/SC/S1C_IW_SLC__1SDV_20260423T090315_20260423T090342_007341_00EE43_BB78.zip,SLC,DESCENDING,170,7341,673,2026-04-23T09:03:15Z,2026-04-23T09:03:42Z,0.0 MB,C:\Users\jales\Documents\GitHub\thesis_code\downloads\sentinel1_asf\Sentinel-1C\S1C_IW_SLC__1SDV_20260423T090315_20260423T090342_007341_00EE43_BB78.zip,missing_auth
feature_0_part_1_split_1,0,Sentinel-1C,,SENTINEL-1,Sentinel-1C,S1C_IW_SLC__1SDV_20260423T090250_20260423T090317_007341_00EE43_4D7A-SLC,S1C_IW_SLC__1SDV_20260423T090250_20260423T090317_007341_00EE43_4D7A,S1C_IW_SLC__1SDV_20260423T090250_20260423T090317_007341_00EE43_4D7A.zip,primary,https://datapool.asf.alaska.edu/SLC/SC/S1C_IW_SLC__1SDV_20260423T090250_20260423T090317_007341_00EE43_4D7A.zip,SLC,DESCENDING,170,7341,668,2026-04-23T09:02:50Z,2026-04-23T09:03:17Z,0.0 MB,C:\Users\jales\Documents\GitHub\thesis_code\downloads\sentinel1_asf\Sentinel-1C\S1C_IW_SLC__1SDV_20260423T090250_20260423T090317_007341_00EE43_4D7A.zip,missing_auth
feature_0_part_1_split_1,0,Sentinel-1C,,SENTINEL-1,Sentinel-1C,S1C_IW_SLC__1SDV_20260423T090225_20260423T090252_007341_00EE43_C037-SLC,S1C_IW_SLC__1SDV_20260423T090225_20260423T090252_007341_00EE43_C037,S1C_IW_SLC__1SDV_20260423T090225_20260423T090252_007341_00EE43_C037.zip,primary,https://datapool.asf.alaska.edu/SLC/SC/S1C_IW_SLC__1SDV_20260423T090225_20260423T090252_007341_00EE43_C037.zip,SLC,DESCENDING,170,7341,663,2026-04-23T09:02:25Z,2026-04-23T09:02:52Z,0.0 MB,C:\Users\jales\Documents\GitHub\thesis_code\downloads\sentinel1_asf\Sentinel-1C\S1C_IW_SLC__1SDV_20260423T090225_20260423T090252_007341_00EE43_C037.zip,missing_auth
feature_0_part_1_split_1,0,Sentinel-1C,,SENTINEL-1,Sentinel-1C,S1C_IW_SLC__1SDV_20260423T090157_20260423T090227_007341_00EE43_33D4-SLC,S1C_IW_SLC__1SDV_20260423T090157_20260423T090227_007341_00EE43_33D4,S1C_IW_SLC__1SDV_20260423T090157_20260423T090227_007341_00EE43_33D4.zip,primary,https://datapool.asf.alaska.edu/SLC/SC/S1C_IW_SLC__1SDV_20260423T090157_20260423T090227_007341_00EE43_33D4.zip,SLC,DESCENDING,170,7341,657,2026-04-23T09:01:57Z,2026-04-23T09:02:27Z,0.0 MB,C:\Users\jales\Documents\GitHub\thesis_code\downloads\sentinel1_asf\Sentinel-1C\S1C_IW_SLC__1SDV_20260423T090157_20260423T090227_007341_00EE43_33D4.zip,missing_auth
feature_0_part_1_split_1,0,Sentinel-1C,,SENTINEL-1,Sentinel-1C,S1C_IW_SLC__1SDV_20260422T220742_20260422T220803_007334_00EE09_75ED-SLC,S1C_IW_SLC__1SDV_20260422T220742_20260422T220803_007334_00EE09_75ED,S1C_IW_SLC__1SDV_20260422T220742_20260422T220803_007334_00EE09_75ED.zip,primary,https://datapool.asf.alaska.edu/SLC/SC/S1C_IW_SLC__1SDV_20260422T220742_20260422T220803_007334_00EE09_75ED.zip,SLC,ASCENDING,163,7334,1101,2026-04-22T22:07:42Z,2026-04-22T22:08:03Z,0.0 MB,C:\Users\jales\Documents\GitHub\thesis_code\downloads\sentinel1_asf\Sentinel-1C\S1C_IW_SLC__1SDV_20260422T220742_20260422T220803_007334_00EE09_75ED.zip,missing_auth
feature_0_part_1_split_1,0,Sentinel-1C,,SENTINEL-1,Sentinel-1C,S1C_IW_SLC__1SDV_20260422T082043_20260422T082110_007326_00EDBE_57F4-SLC,S1C_IW_SLC__1SDV_20260422T082043_20260422T082110_007326_00EDBE_57F4,S1C_IW_SLC__1SDV_20260422T082043_20260422T082110_007326_00EDBE_57F4.zip,primary,https://datapool.asf.alaska.edu/SLC/SC/S1C_IW_SLC__1SDV_20260422T082043_20260422T082110_007326_00EDBE_57F4.zip,SLC,DESCENDING,155,7326,656,2026-04-22T08:20:43Z,2026-04-22T08:21:10Z,0.0 MB,C:\Users\jales\Documents\GitHub\thesis_code\downloads\sentinel1_asf\Sentinel-1C\S1C_IW_SLC__1SDV_20260422T082043_20260422T082110_007326_00EDBE_57F4.zip,missing_auth
feature_0_part_1_split_1,0,Sentinel-1C,,SENTINEL-1,Sentinel-1C,S1C_IW_SLC__1SDV_20260422T082015_20260422T082046_007326_00EDBE_B0C1-SLC,S1C_IW_SLC__1SDV_20260422T082015_20260422T082046_007326_00EDBE_B0C1,S1C_IW_SLC__1SDV_20260422T082015_20260422T082046_007326_00EDBE_B0C1.zip,primary,https://datapool.asf.alaska.edu/SLC/SC/S1C_IW_SLC__1SDV_20260422T082015_20260422T082046_007326_00EDBE_B0C1.zip,SLC,DESCENDING,155,7326,651,2026-04-22T08:20:15Z,2026-04-22T08:20:46Z,0.0 MB,C:\Users\jales\Documents\GitHub\thesis_code\downloads\sentinel1_asf\Sentinel-1C\S1C_IW_SLC__1SDV_20260422T082015_20260422T082046_007326_00EDBE_B0C1.zip,missing_auth
feature_0_part_1_split_1,0,Sentinel-1C,,SENTINEL-1,Sentinel-1C,S1C_IW_SLC__1SDV_20260421T091906_20260421T091933_007312_00ED3A_3F91-SLC,S1C_IW_SLC__1SDV_20260421T091906_20260421T091933_007312_00ED3A_3F91,S1C_IW_SLC__1SDV_20260421T091906_20260421T091933_007312_00ED3A_3F91.zip,primary,https://datapool.asf.alaska.edu/SLC/SC/S1C_IW_SLC__1SDV_20260421T091906_20260421T091933_007312_00ED3A_3F91.zip,SLC,DESCENDING,141,7312,666,2026-04-21T09:19:06Z,2026-04-21T09:19:33Z,0.0 MB,C:\Users\jales\Documents\GitHub\thesis_code\downloads\sentinel1_asf\Sentinel-1C\S1C_IW_SLC__1SDV_20260421T091906_20260421T091933_007312_00ED3A_3F91.zip,missing_auth
feature_0_part_1_split_1,0,Sentinel-1C,,SENTINEL-1,Sentinel-1C,S1C_IW_SLC__1SDV_20260421T091838_20260421T091908_007312_00ED3A_F1DB-SLC,S1C_IW_SLC__1SDV_20260421T091838_20260421T091908_007312_00ED3A_F1DB,S1C_IW_SLC__1SDV_20260421T091838_20260421T091908_007312_00ED3A_F1DB.zip,primary,https://datapool.asf.alaska.edu/SLC/SC/S1C_IW_SLC__1SDV_20260421T091838_20260421T091908_007312_00ED3A_F1DB.zip,SLC,DESCENDING,141,7312,660,2026-04-21T09:18:38Z,2026-04-21T09:19:08Z,0.0 MB,C:\Users\jales\Documents\GitHub\thesis_code\downloads\sentinel1_asf\Sentinel-1C\S1C_IW_SLC__1SDV_20260421T091838_20260421T091908_007312_00ED3A_F1DB.zip,missing_auth
feature_0_part_1_split_1,0,Sentinel-1C,,SENTINEL-1,Sentinel-1C,S1C_IW_SLC__1SDV_20260420T083840_20260420T083907_007297_00ECAD_1EE2-SLC,S1C_IW_SLC__1SDV_20260420T083840_20260420T083907_007297_00ECAD_1EE2,S1C_IW_SLC__1SDV_20260420T083840_20260420T083907_007297_00ECAD_1EE2.zip,primary,https://datapool.asf.alaska.edu/SLC/SC/S1C_IW_SLC__1SDV_20260420T083840_20260420T083907_007297_00ECAD_1EE2.zip,SLC,DESCENDING,126,7297,674,2026-04-20T08:38:40Z,2026-04-20T08:39:07Z,0.0 MB,C:\Users\jales\Documents\GitHub\thesis_code\downloads\sentinel1_asf\Sentinel-1C\S1C_IW_SLC__1SDV_20260420T083840_20260420T083907_007297_00ECAD_1EE2.zip,missing_auth
feature_0_part_1_split_1,0,Sentinel-1C,,SENTINEL-1,Sentinel-1C,S1C_IW_SLC__1SDV_20260420T083814_20260420T083842_007297_00ECAD_B0B5-SLC,S1C_IW_SLC__1SDV_20260420T083814_20260420T083842_007297_00ECAD_B0B5,S1C_IW_SLC__1SDV_20260420T083814_20260420T083842_007297_00ECAD_B0B5.zip,primary,https://datapool.asf.alaska.edu/SLC/SC/S1C_IW_SLC__1SDV_20260420T083814_20260420T083842_007297_00ECAD_B0B5.zip,SLC,DESCENDING,126,7297,669,2026-04-20T08:38:14Z,2026-04-20T08:38:42Z,0.0 MB,C:\Users\jales\Documents\GitHub\thesis_code\downloads\sentinel1_asf\Sentinel-1C\S1C_IW_SLC__1SDV_20260420T083814_20260420T083842_007297_00ECAD_B0B5.zip,missing_auth
feature_0_part_1_split_1,0,Sentinel-1C,,SENTINEL-1,Sentinel-1C,S1C_IW_SLC__1SDV_20260420T083749_20260420T083816_007297_00ECAD_6888-SLC,S1C_IW_SLC__1SDV_20260420T083749_20260420T083816_007297_00ECAD_6888,S1C_IW_SLC__1SDV_20260420T083749_20260420T083816_007297_00ECAD_6888.zip,primary,https://datapool.asf.alaska.edu/SLC/SC/S1C_IW_SLC__1SDV_20260420T083749_20260420T083816_007297_00ECAD_6888.zip,SLC,DESCENDING,126,7297,664,2026-04-20T08:37:49Z,2026-04-20T08:38:16Z,0.0 MB,C:\Users\jales\Documents\GitHub\thesis_code\downloads\sentinel1_asf\Sentinel-1C\S1C_IW_SLC__1SDV_20260420T083749_20260420T083816_007297_00ECAD_6888.zip,missing_auth
feature_0_part_1_split_1,0,Sentinel-1C,,SENTINEL-1,Sentinel-1C,S1C_IW_SLC__1SDV_20260420T083724_20260420T083751_007297_00ECAD_EB18-SLC,S1C_IW_SLC__1SDV_20260420T083724_20260420T083751_007297_00ECAD_EB18,S1C_IW_SLC__1SDV_20260420T083724_20260420T083751_007297_00ECAD_EB18.zip,primary,https://datapool.asf.alaska.edu/SLC/SC/S1C_IW_SLC__1SDV_20260420T083724_20260420T083751_007297_00ECAD_EB18.zip,SLC,DESCENDING,126,7297,659,2026-04-20T08:37:24Z,2026-04-20T08:37:51Z,0.0 MB,C:\Users\jales\Documents\GitHub\thesis_code\downloads\sentinel1_asf\Sentinel-1C\S1C_IW_SLC__1SDV_20260420T083724_20260420T083751_007297_00ECAD_EB18.zip,missing_auth
feature_0_part_1_split_1,0,Sentinel-1C,,SENTINEL-1,Sentinel-1C,S1C_IW_SLC__1SDV_20260420T083659_20260420T083726_007297_00ECAD_BB70-SLC,S1C_IW_SLC__1SDV_20260420T083659_20260420T083726_007297_00ECAD_BB70,S1C_IW_SLC__1SDV_20260420T083659_20260420T083726_007297_00ECAD_BB70.zip,primary,https://datapool.asf.alaska.edu/SLC/SC/S1C_IW_SLC__1SDV_20260420T083659_20260420T083726_007297_00ECAD_BB70.zip,SLC,DESCENDING,126,7297,654,2026-04-20T08:36:59Z,2026-04-20T08:37:26Z,0.0 MB,C:\Users\jales\Documents\GitHub\thesis_code\downloads\sentinel1_asf\Sentinel-1C\S1C_IW_SLC__1SDV_20260420T083659_20260420T083726_007297_00ECAD_BB70.zip,missing_auth
feature_0_part_1_split_1,0,Sentinel-1C,,SENTINEL-1,Sentinel-1C,S1C_IW_SLC__1SDV_20260420T083635_20260420T083702_007297_00ECAD_05FF-SLC,S1C_IW_SLC__1SDV_20260420T083635_20260420T083702_007297_00ECAD_05FF,S1C_IW_SLC__1SDV_20260420T083635_20260420T083702_007297_00ECAD_05FF.zip,primary,https://datapool.asf.alaska.edu/SLC/SC/S1C_IW_SLC__1SDV_20260420T083635_20260420T083702_007297_00ECAD_05FF.zip,SLC,DESCENDING,126,7297,649,2026-04-20T08:36:35Z,2026-04-20T08:37:02Z,0.0 MB,C:\Users\jales\Documents\GitHub\thesis_code\downloads\sentinel1_asf\Sentinel-1C\S1C_IW_SLC__1SDV_20260420T083635_20260420T083702_007297_00ECAD_05FF.zip,missing_auth
feature_0_part_1_split_1,0,Sentinel-1C,,SENTINEL-1,Sentinel-1C,S1C_IW_SLC__1SDV_20260420T083606_20260420T083637_007297_00ECAD_6910-SLC,S1C_IW_SLC__1SDV_20260420T083606_20260420T083637_007297_00ECAD_6910,S1C_IW_SLC__1SDV_20260420T083606_20260420T083637_007297_00ECAD_6910.zip,primary,https://datapool.asf.alaska.edu/SLC/SC/S1C_IW_SLC__1SDV_20260420T083606_20260420T083637_007297_00ECAD_6910.zip,SLC,DESCENDING,126,7297,644,2026-04-20T08:36:06Z,2026-04-20T08:36:37Z,0.0 MB,C:\Users\jales\Documents\GitHub\thesis_code\downloads\sentinel1_asf\Sentinel-1C\S1C_IW_SLC__1SDV_20260420T083606_20260420T083637_007297_00ECAD_6910.zip,missing_auth
feature_0_part_1_split_1,0,Sentinel-1C,,SENTINEL-1,Sentinel-1C,S1C_IW_SLC__1SDV_20260418T085419_20260418T085446_007268_00EBB6_98DB-SLC,S1C_IW_SLC__1SDV_20260418T085419_20260418T085446_007268_00EBB6_98DB,S1C_IW_SLC__1SDV_20260418T085419_20260418T085446_007268_00EBB6_98DB.zip,primary,https://datapool.asf.alaska.edu/SLC/SC/S1C_IW_SLC__1SDV_20260418T085419_20260418T085446_007268_00EBB6_98DB.zip,SLC,DESCENDING,97,7268,665,2026-04-18T08:54:19Z,2026-04-18T08:54:46Z,0.0 MB,C:\Users\jales\Documents\GitHub\thesis_code\downloads\sentinel1_asf\Sentinel-1C\S1C_IW_SLC__1SDV_20260418T085419_20260418T085446_007268_00EBB6_98DB.zip,missing_auth
feature_0_part_1_split_1,0,Sentinel-1C,,SENTINEL-1,Sentinel-1C,S1C_IW_SLC__1SDV_20260418T085350_20260418T085421_007268_00EBB6_964D-SLC,S1C_IW_SLC__1SDV_20260418T085350_20260418T085421_007268_00EBB6_964D,S1C_IW_SLC__1SDV_20260418T085350_20260418T085421_007268_00EBB6_964D.zip,primary,https://datapool.asf.alaska.edu/SLC/SC/S1C_IW_SLC__1SDV_20260418T085350_20260418T085421_007268_00EBB6_964D.zip,SLC,DESCENDING,97,7268,659,2026-04-18T08:53:50Z,2026-04-18T08:54:21Z,0.0 MB,C:\Users\jales\Documents\GitHub\thesis_code\downloads\sentinel1_asf\Sentinel-1C\S1C_IW_SLC__1SDV_20260418T085350_20260418T085421_007268_00EBB6_964D.zip,missing_auth
feature_0_part_1_split_1,0,Sentinel-1C,,SENTINEL-1,Sentinel-1C,S1C_IW_SLC__1SDV_20260416T091105_20260416T091132_007239_00EABF_C51A-SLC,S1C_IW_SLC__1SDV_20260416T091105_20260416T091132_007239_00EABF_C51A,S1C_IW_SLC__1SDV_20260416T091105_20260416T091132_007239_00EABF_C51A.zip,primary,https://datapool.asf.alaska.edu/SLC/SC/S1C_IW_SLC__1SDV_20260416T091105_20260416T091132_007239_00EABF_C51A.zip,SLC,DESCENDING,68,7239,668,2026-04-16T09:11:05Z,2026-04-16T09:11:32Z,0.0 MB,C:\Users\jales\Documents\GitHub\thesis_code\downloads\sentinel1_asf\Sentinel-1C\S1C_IW_SLC__1SDV_20260416T091105_20260416T091132_007239_00EABF_C51A.zip,missing_auth
feature_0_part_1_split_1,0,Sentinel-1C,,SENTINEL-1,Sentinel-1C,S1C_IW_SLC__1SDV_20260416T091040_20260416T091107_007239_00EABF_64BC-SLC,S1C_IW_SLC__1SDV_20260416T091040_20260416T091107_007239_00EABF_64BC,S1C_IW_SLC__1SDV_20260416T091040_20260416T091107_007239_00EABF_64BC.zip,primary,https://datapool.asf.alaska.edu/SLC/SC/S1C_IW_SLC__1SDV_20260416T091040_20260416T091107_007239_00EABF_64BC.zip,SLC,DESCENDING,68,7239,663,2026-04-16T09:10:40Z,2026-04-16T09:11:07Z,0.0 MB,C:\Users\jales\Documents\GitHub\thesis_code\downloads\sentinel1_asf\Sentinel-1C\S1C_IW_SLC__1SDV_20260416T091040_20260416T091107_007239_00EABF_64BC.zip,missing_auth
feature_0_part_1_split_1,0,Sentinel-1C,,SENTINEL-1,Sentinel-1C,S1C_IW_SLC__1SDV_20260416T091015_20260416T091042_007239_00EABF_923E-SLC,S1C_IW_SLC__1SDV_20260416T091015_20260416T091042_007239_00EABF_923E,S1C_IW_SLC__1SDV_20260416T091015_20260416T091042_007239_00EABF_923E.zip,primary,https://datapool.asf.alaska.edu/SLC/SC/S1C_IW_SLC__1SDV_20260416T091015_20260416T091042_007239_00EABF_923E.zip,SLC,DESCENDING,68,7239,659,2026-04-16T09:10:15Z,2026-04-16T09:10:42Z,0.0 MB,C:\Users\jales\Documents\GitHub\thesis_code\downloads\sentinel1_asf\Sentinel-1C\S1C_IW_SLC__1SDV_20260416T091015_20260416T091042_007239_00EABF_923E.zip,missing_auth
feature_0_part_1_split_1,0,Sentinel-1C,,SENTINEL-1,Sentinel-1C,S1C_IW_SLC__1SDV_20260416T090947_20260416T091018_007239_00EABF_3F36-SLC,S1C_IW_SLC__1SDV_20260416T090947_20260416T091018_007239_00EABF_3F36,S1C_IW_SLC__1SDV_20260416T090947_20260416T091018_007239_00EABF_3F36.zip,primary,https://datapool.asf.alaska.edu/SLC/SC/S1C_IW_SLC__1SDV_20260416T090947_20260416T091018_007239_00EABF_3F36.zip,SLC,DESCENDING,68,7239,653,2026-04-16T09:09:47Z,2026-04-16T09:10:18Z,0.0 MB,C:\Users\jales\Documents\GitHub\thesis_code\downloads\sentinel1_asf\Sentinel-1C\S1C_IW_SLC__1SDV_20260416T090947_20260416T091018_007239_00EABF_3F36.zip,missing_auth
feature_0_part_1_split_1,0,Sentinel-1C,,SENTINEL-1,Sentinel-1C,S1C_IW_SLC__1SDV_20260415T221546_20260415T221612_007232_00EA8D_A765-SLC,S1C_IW_SLC__1SDV_20260415T221546_20260415T221612_007232_00EA8D_A765,S1C_IW_SLC__1SDV_20260415T221546_20260415T221612_007232_00EA8D_A765.zip,primary,https://datapool.asf.alaska.edu/SLC/SC/S1C_IW_SLC__1SDV_20260415T221546_20260415T221612_007232_00EA8D_A765.zip,SLC,ASCENDING,61,7232,1099,2026-04-15T22:15:46Z,2026-04-15T22:16:12Z,0.0 MB,C:\Users\jales\Documents\GitHub\thesis_code\downloads\sentinel1_asf\Sentinel-1C\S1C_IW_SLC__1SDV_20260415T221546_20260415T221612_007232_00EA8D_A765.zip,missing_auth
feature_0_part_1_split_1,0,Sentinel-1C,,SENTINEL-1,Sentinel-1C,S1C_IW_SLC__1SDV_20260415T082948_20260415T083016_007224_00EA3D_2D26-SLC,S1C_IW_SLC__1SDV_20260415T082948_20260415T083016_007224_00EA3D_2D26,S1C_IW_SLC__1SDV_20260415T082948_20260415T083016_007224_00EA3D_2D26.zip,primary,https://datapool.asf.alaska.edu/SLC/SC/S1C_IW_SLC__1SDV_20260415T082948_20260415T083016_007224_00EA3D_2D26.zip,SLC,DESCENDING,53,7224,667,2026-04-15T08:29:48Z,2026-04-15T08:30:16Z,0.0 MB,C:\Users\jales\Documents\GitHub\thesis_code\downloads\sentinel1_asf\Sentinel-1C\S1C_IW_SLC__1SDV_20260415T082948_20260415T083016_007224_00EA3D_2D26.zip,missing_auth
feature_0_part_1_split_1,0,Sentinel-1C,,SENTINEL-1,Sentinel-1C,S1C_IW_SLC__1SDV_20260415T082923_20260415T082950_007224_00EA3D_3C81-SLC,S1C_IW_SLC__1SDV_20260415T082923_20260415T082950_007224_00EA3D_3C81,S1C_IW_SLC__1SDV_20260415T082923_20260415T082950_007224_00EA3D_3C81.zip,primary,https://datapool.asf.alaska.edu/SLC/SC/S1C_IW_SLC__1SDV_20260415T082923_20260415T082950_007224_00EA3D_3C81.zip,SLC,DESCENDING,53,7224,662,2026-04-15T08:29:23Z,2026-04-15T08:29:50Z,0.0 MB,C:\Users\jales\Documents\GitHub\thesis_code\downloads\sentinel1_asf\Sentinel-1C\S1C_IW_SLC__1SDV_20260415T082923_20260415T082950_007224_00EA3D_3C81.zip,missing_auth
feature_0_part_1_split_1,0,Sentinel-1C,,SENTINEL-1,Sentinel-1C,S1C_IW_SLC__1SDV_20260415T082858_20260415T082925_007224_00EA3D_0E3D-SLC,S1C_IW_SLC__1SDV_20260415T082858_20260415T082925_007224_00EA3D_0E3D,S1C_IW_SLC__1SDV_20260415T082858_20260415T082925_007224_00EA3D_0E3D.zip,primary,https://datapool.asf.alaska.edu/SLC/SC/S1C_IW_SLC__1SDV_20260415T082858_20260415T082925_007224_00EA3D_0E3D.zip,SLC,DESCENDING,53,7224,657,2026-04-15T08:28:58Z,2026-04-15T08:29:25Z,0.0 MB,C:\Users\jales\Documents\GitHub\thesis_code\downloads\sentinel1_asf\Sentinel-1C\S1C_IW_SLC__1SDV_20260415T082858_20260415T082925_007224_00EA3D_0E3D.zip,missing_auth
feature_0_part_1_split_1,0,Sentinel-1C,,SENTINEL-1,Sentinel-1C,S1C_IW_SLC__1SDV_20260415T082834_20260415T082900_007224_00EA3D_9420-SLC,S1C_IW_SLC__1SDV_20260415T082834_20260415T082900_007224_00EA3D_9420,S1C_IW_SLC__1SDV_20260415T082834_20260415T082900_007224_00EA3D_9420.zip,primary,https://datapool.asf.alaska.edu/SLC/SC/S1C_IW_SLC__1SDV_20260415T082834_20260415T082900_007224_00EA3D_9420.zip,SLC,DESCENDING,53,7224,652,2026-04-15T08:28:34Z,2026-04-15T08:29:00Z,0.0 MB,C:\Users\jales\Documents\GitHub\thesis_code\downloads\sentinel1_asf\Sentinel-1C\S1C_IW_SLC__1SDV_20260415T082834_20260415T082900_007224_00EA3D_9420.zip,missing_auth
feature_0_part_1_split_1,0,Sentinel-1C,,SENTINEL-1,Sentinel-1C,S1C_IW_SLC__1SDV_20260415T082809_20260415T082836_007224_00EA3D_6D46-SLC,S1C_IW_SLC__1SDV_20260415T082809_20260415T082836_007224_00EA3D_6D46,S1C_IW_SLC__1SDV_20260415T082809_20260415T082836_007224_00EA3D_6D46.zip,primary,https://datapool.asf.alaska.edu/SLC/SC/S1C_IW_SLC__1SDV_20260415T082809_20260415T082836_007224_00EA3D_6D46.zip,SLC,DESCENDING,53,7224,647,2026-04-15T08:28:09Z,2026-04-15T08:28:36Z,0.0 MB,C:\Users\jales\Documents\GitHub\thesis_code\downloads\sentinel1_asf\Sentinel-1C\S1C_IW_SLC__1SDV_20260415T082809_20260415T082836_007224_00EA3D_6D46.zip,missing_auth
feature_0_part_1_split_1,0,Sentinel-1C,,SENTINEL-1,Sentinel-1C,S1C_IW_SLC__1SDV_20260415T082740_20260415T082811_007224_00EA3D_82F3-SLC,S1C_IW_SLC__1SDV_20260415T082740_20260415T082811_007224_00EA3D_82F3,S1C_IW_SLC__1SDV_20260415T082740_20260415T082811_007224_00EA3D_82F3.zip,primary,https://datapool.asf.alaska.edu/SLC/SC/S1C_IW_SLC__1SDV_20260415T082740_20260415T082811_007224_00EA3D_82F3.zip,SLC,DESCENDING,53,7224,641,2026-04-15T08:27:40Z,2026-04-15T08:28:11Z,0.0 MB,C:\Users\jales\Documents\GitHub\thesis_code\downloads\sentinel1_asf\Sentinel-1C\S1C_IW_SLC__1SDV_20260415T082740_20260415T082811_007224_00EA3D_82F3.zip,missing_auth
feature_0_part_1_split_1,0,Sentinel-1C,,SENTINEL-1,Sentinel-1C,S1C_IW_SLC__1SDV_20260413T084640_20260413T084707_007195_00E947_995B-SLC,S1C_IW_SLC__1SDV_20260413T084640_20260413T084707_007195_00E947_995B,S1C_IW_SLC__1SDV_20260413T084640_20260413T084707_007195_00E947_995B.zip,primary,https://datapool.asf.alaska.edu/SLC/SC/S1C_IW_SLC__1SDV_20260413T084640_20260413T084707_007195_00E947_995B.zip,SLC,DESCENDING,24,7195,672,2026-04-13T08:46:40Z,2026-04-13T08:47:07Z,0.0 MB,C:\Users\jales\Documents\GitHub\thesis_code\downloads\sentinel1_asf\Sentinel-1C\S1C_IW_SLC__1SDV_20260413T084640_20260413T084707_007195_00E947_995B.zip,missing_auth
feature_0_part_1_split_1,0,Sentinel-1C,,SENTINEL-1,Sentinel-1C,S1C_IW_SLC__1SDV_20260413T084615_20260413T084642_007195_00E947_6A59-SLC,S1C_IW_SLC__1SDV_20260413T084615_20260413T084642_007195_00E947_6A59,S1C_IW_SLC__1SDV_20260413T084615_20260413T084642_007195_00E947_6A59.zip,primary,https://datapool.asf.alaska.edu/SLC/SC/S1C_IW_SLC__1SDV_20260413T084615_20260413T084642_007195_00E947_6A59.zip,SLC,DESCENDING,24,7195,667,2026-04-13T08:46:15Z,2026-04-13T08:46:42Z,0.0 MB,C:\Users\jales\Documents\GitHub\thesis_code\downloads\sentinel1_asf\Sentinel-1C\S1C_IW_SLC__1SDV_20260413T084615_20260413T084642_007195_00E947_6A59.zip,missing_auth
feature_0_part_1_split_1,0,Sentinel-1C,,SENTINEL-1,Sentinel-1C,S1C_IW_SLC__1SDV_20260413T084547_20260413T084617_007195_00E947_D94D-SLC,S1C_IW_SLC__1SDV_20260413T084547_20260413T084617_007195_00E947_D94D,S1C_IW_SLC__1SDV_20260413T084547_20260413T084617_007195_00E947_D94D.zip,primary,https://datapool.asf.alaska.edu/SLC/SC/S1C_IW_SLC__1SDV_20260413T084547_20260413T084617_007195_00E947_D94D.zip,SLC,DESCENDING,24,7195,661,2026-04-13T08:45:47Z,2026-04-13T08:46:17Z,0.0 MB,C:\Users\jales\Documents\GitHub\thesis_code\downloads\sentinel1_asf\Sentinel-1C\S1C_IW_SLC__1SDV_20260413T084547_20260413T084617_007195_00E947_D94D.zip,missing_auth
feature_0_part_1_split_1,0,Sentinel-1C,,SENTINEL-1,Sentinel-1C,S1C_IW_SLC__1SDV_20260411T090314_20260411T090341_007166_00E856_6909-SLC,S1C_IW_SLC__1SDV_20260411T090314_20260411T090341_007166_00E856_6909,S1C_IW_SLC__1SDV_20260411T090314_20260411T090341_007166_00E856_6909.zip,primary,https://datapool.asf.alaska.edu/SLC/SC/S1C_IW_SLC__1SDV_20260411T090314_20260411T090341_007166_00E856_6909.zip,SLC,DESCENDING,170,7166,673,2026-04-11T09:03:14Z,2026-04-11T09:03:41Z,0.0 MB,C:\Users\jales\Documents\GitHub\thesis_code\downloads\sentinel1_asf\Sentinel-1C\S1C_IW_SLC__1SDV_20260411T090314_20260411T090341_007166_00E856_6909.zip,missing_auth
feature_0_part_1_split_1,0,Sentinel-1C,,SENTINEL-1,Sentinel-1C,S1C_IW_SLC__1SDV_20260411T090249_20260411T090316_007166_00E856_4076-SLC,S1C_IW_SLC__1SDV_20260411T090249_20260411T090316_007166_00E856_4076,S1C_IW_SLC__1SDV_20260411T090249_20260411T090316_007166_00E856_4076.zip,primary,https://datapool.asf.alaska.edu/SLC/SC/S1C_IW_SLC__1SDV_20260411T090249_20260411T090316_007166_00E856_4076.zip,SLC,DESCENDING,170,7166,668,2026-04-11T09:02:49Z,2026-04-11T09:03:16Z,0.0 MB,C:\Users\jales\Documents\GitHub\thesis_code\downloads\sentinel1_asf\Sentinel-1C\S1C_IW_SLC__1SDV_20260411T090249_20260411T090316_007166_00E856_4076.zip,missing_auth
feature_0_part_1_split_1,0,Sentinel-1C,,SENTINEL-1,Sentinel-1C,S1C_IW_SLC__1SDV_20260411T090225_20260411T090252_007166_00E856_BD3C-SLC,S1C_IW_SLC__1SDV_20260411T090225_20260411T090252_007166_00E856_BD3C,S1C_IW_SLC__1SDV_20260411T090225_20260411T090252_007166_00E856_BD3C.zip,primary,https://datapool.asf.alaska.edu/SLC/SC/S1C_IW_SLC__1SDV_20260411T090225_20260411T090252_007166_00E856_BD3C.zip,SLC,DESCENDING,170,7166,663,2026-04-11T09:02:25Z,2026-04-11T09:02:52Z,0.0 MB,C:\Users\jales\Documents\GitHub\thesis_code\downloads\sentinel1_asf\Sentinel-1C\S1C_IW_SLC__1SDV_20260411T090225_20260411T090252_007166_00E856_BD3C.zip,missing_auth
feature_0_part_1_split_1,0,Sentinel-1C,,SENTINEL-1,Sentinel-1C,S1C_IW_SLC__1SDV_20260411T090156_20260411T090227_007166_00E856_009E-SLC,S1C_IW_SLC__1SDV_20260411T090156_20260411T090227_007166_00E856_009E,S1C_IW_SLC__1SDV_20260411T090156_20260411T090227_007166_00E856_009E.zip,primary,https://datapool.asf.alaska.edu/SLC/SC/S1C_IW_SLC__1SDV_20260411T090156_20260411T090227_007166_00E856_009E.zip,SLC,DESCENDING,170,7166,657,2026-04-11T09:01:56Z,2026-04-11T09:02:27Z,0.0 MB,C:\Users\jales\Documents\GitHub\thesis_code\downloads\sentinel1_asf\Sentinel-1C\S1C_IW_SLC__1SDV_20260411T090156_20260411T090227_007166_00E856_009E.zip,missing_auth
feature_0_part_1_split_1,0,Sentinel-1C,,SENTINEL-1,Sentinel-1C,S1C_IW_SLC__1SDV_20260410T220741_20260410T220802_007159_00E81A_BCFC-SLC,S1C_IW_SLC__1SDV_20260410T220741_20260410T220802_007159_00E81A_BCFC,S1C_IW_SLC__1SDV_20260410T220741_20260410T220802_007159_00E81A_BCFC.zip,primary,https://datapool.asf.alaska.edu/SLC/SC/S1C_IW_SLC__1SDV_20260410T220741_20260410T220802_007159_00E81A_BCFC.zip,SLC,ASCENDING,163,7159,1101,2026-04-10T22:07:41Z,2026-04-10T22:08:02Z,0.0 MB,C:\Users\jales\Documents\GitHub\thesis_code\downloads\sentinel1_asf\Sentinel-1C\S1C_IW_SLC__1SDV_20260410T220741_20260410T220802_007159_00E81A_BCFC.zip,missing_auth
feature_0_part_1_split_1,0,Sentinel-1C,,SENTINEL-1,Sentinel-1C,S1C_IW_SLC__1SDV_20260410T082043_20260410T082110_007151_00E7D2_AED7-SLC,S1C_IW_SLC__1SDV_20260410T082043_20260410T082110_007151_00E7D2_AED7,S1C_IW_SLC__1SDV_20260410T082043_20260410T082110_007151_00E7D2_AED7.zip,primary,https://datapool.asf.alaska.edu/SLC/SC/S1C_IW_SLC__1SDV_20260410T082043_20260410T082110_007151_00E7D2_AED7.zip,SLC,DESCENDING,155,7151,656,2026-04-10T08:20:43Z,2026-04-10T08:21:10Z,0.0 MB,C:\Users\jales\Documents\GitHub\thesis_code\downloads\sentinel1_asf\Sentinel-1C\S1C_IW_SLC__1SDV_20260410T082043_20260410T082110_007151_00E7D2_AED7.zip,missing_auth
feature_0_part_1_split_1,0,Sentinel-1C,,SENTINEL-1,Sentinel-1C,S1C_IW_SLC__1SDV_20260410T082014_20260410T082045_007151_00E7D2_FF16-SLC,S1C_IW_SLC__1SDV_20260410T082014_20260410T082045_007151_00E7D2_FF16,S1C_IW_SLC__1SDV_20260410T082014_20260410T082045_007151_00E7D2_FF16.zip,primary,https://datapool.asf.alaska.edu/SLC/SC/S1C_IW_SLC__1SDV_20260410T082014_20260410T082045_007151_00E7D2_FF16.zip,SLC,DESCENDING,155,7151,651,2026-04-10T08:20:14Z,2026-04-10T08:20:45Z,0.0 MB,C:\Users\jales\Documents\GitHub\thesis_code\downloads\sentinel1_asf\Sentinel-1C\S1C_IW_SLC__1SDV_20260410T082014_20260410T082045_007151_00E7D2_FF16.zip,missing_auth
feature_0_part_1_split_1,0,Sentinel-1C,,SENTINEL-1,Sentinel-1C,S1C_IW_SLC__1SDV_20260409T091906_20260409T091932_007137_00E74C_1856-SLC,S1C_IW_SLC__1SDV_20260409T091906_20260409T091932_007137_00E74C_1856,S1C_IW_SLC__1SDV_20260409T091906_20260409T091932_007137_00E74C_1856.zip,primary,https://datapool.asf.alaska.edu/SLC/SC/S1C_IW_SLC__1SDV_20260409T091906_20260409T091932_007137_00E74C_1856.zip,SLC,DESCENDING,141,7137,666,2026-04-09T09:19:06Z,2026-04-09T09:19:32Z,0.0 MB,C:\Users\jales\Documents\GitHub\thesis_code\downloads\sentinel1_asf\Sentinel-1C\S1C_IW_SLC__1SDV_20260409T091906_20260409T091932_007137_00E74C_1856.zip,missing_auth
feature_0_part_1_split_1,0,Sentinel-1C,,SENTINEL-1,Sentinel-1C,S1C_IW_SLC__1SDV_20260409T091837_20260409T091908_007137_00E74C_D6BE-SLC,S1C_IW_SLC__1SDV_20260409T091837_20260409T091908_007137_00E74C_D6BE,S1C_IW_SLC__1SDV_20260409T091837_20260409T091908_007137_00E74C_D6BE.zip,primary,https://datapool.asf.alaska.edu/SLC/SC/S1C_IW_SLC__1SDV_20260409T091837_20260409T091908_007137_00E74C_D6BE.zip,SLC,DESCENDING,141,7137,660,2026-04-09T09:18:37Z,2026-04-09T09:19:08Z,0.0 MB,C:\Users\jales\Documents\GitHub\thesis_code\downloads\sentinel1_asf\Sentinel-1C\S1C_IW_SLC__1SDV_20260409T091837_20260409T091908_007137_00E74C_D6BE.zip,missing_auth
feature_0_part_1_split_1,0,Sentinel-1C,,SENTINEL-1,Sentinel-1C,S1C_IW_SLC__1SDV_20260408T083847_20260408T083914_007122_00E6C5_7AFE-SLC,S1C_IW_SLC__1SDV_20260408T083847_20260408T083914_007122_00E6C5_7AFE,S1C_IW_SLC__1SDV_20260408T083847_20260408T083914_007122_00E6C5_7AFE.zip,primary,https://datapool.asf.alaska.edu/SLC/SC/S1C_IW_SLC__1SDV_20260408T083847_20260408T083914_007122_00E6C5_7AFE.zip,SLC,DESCENDING,126,7122,676,2026-04-08T08:38:47Z,2026-04-08T08:39:14Z,0.0 MB,C:\Users\jales\Documents\GitHub\thesis_code\downloads\sentinel1_asf\Sentinel-1C\S1C_IW_SLC__1SDV_20260408T083847_20260408T083914_007122_00E6C5_7AFE.zip,missing_auth
feature_0_part_1_split_1,0,Sentinel-1C,,SENTINEL-1,Sentinel-1C,S1C_IW_SLC__1SDV_20260408T083823_20260408T083849_007122_00E6C5_A330-SLC,S1C_IW_SLC__1SDV_20260408T083823_20260408T083849_007122_00E6C5_A330,S1C_IW_SLC__1SDV_20260408T083823_20260408T083849_007122_00E6C5_A330.zip,primary,https://datapool.asf.alaska.edu/SLC/SC/S1C_IW_SLC__1SDV_20260408T083823_20260408T083849_007122_00E6C5_A330.zip,SLC,DESCENDING,126,7122,671,2026-04-08T08:38:23Z,2026-04-08T08:38:49Z,0.0 MB,C:\Users\jales\Documents\GitHub\thesis_code\downloads\sentinel1_asf\Sentinel-1C\S1C_IW_SLC__1SDV_20260408T083823_20260408T083849_007122_00E6C5_A330.zip,missing_auth
feature_0_part_1_split_1,0,Sentinel-1C,,SENTINEL-1,Sentinel-1C,S1C_IW_SLC__1SDV_20260408T083757_20260408T083825_007122_00E6C5_5170-SLC,S1C_IW_SLC__1SDV_20260408T083757_20260408T083825_007122_00E6C5_5170,S1C_IW_SLC__1SDV_20260408T083757_20260408T083825_007122_00E6C5_5170.zip,primary,https://datapool.asf.alaska.edu/SLC/SC/S1C_IW_SLC__1SDV_20260408T083757_20260408T083825_007122_00E6C5_5170.zip,SLC,DESCENDING,126,7122,666,2026-04-08T08:37:57Z,2026-04-08T08:38:25Z,0.0 MB,C:\Users\jales\Documents\GitHub\thesis_code\downloads\sentinel1_asf\Sentinel-1C\S1C_IW_SLC__1SDV_20260408T083757_20260408T083825_007122_00E6C5_5170.zip,missing_auth
feature_0_part_1_split_1,0,Sentinel-1C,,SENTINEL-1,Sentinel-1C,S1C_IW_SLC__1SDV_20260408T083732_20260408T083759_007122_00E6C5_1FB1-SLC,S1C_IW_SLC__1SDV_20260408T083732_20260408T083759_007122_00E6C5_1FB1,S1C_IW_SLC__1SDV_20260408T083732_20260408T083759_007122_00E6C5_1FB1.zip,primary,https://datapool.asf.alaska.edu/SLC/SC/S1C_IW_SLC__1SDV_20260408T083732_20260408T083759_007122_00E6C5_1FB1.zip,SLC,DESCENDING,126,7122,661,2026-04-08T08:37:32Z,2026-04-08T08:37:59Z,0.0 MB,C:\Users\jales\Documents\GitHub\thesis_code\downloads\sentinel1_asf\Sentinel-1C\S1C_IW_SLC__1SDV_20260408T083732_20260408T083759_007122_00E6C5_1FB1.zip,missing_auth
feature_0_part_1_split_1,0,Sentinel-1C,,SENTINEL-1,Sentinel-1C,S1C_IW_SLC__1SDV_20260408T083707_20260408T083734_007122_00E6C5_0115-SLC,S1C_IW_SLC__1SDV_20260408T083707_20260408T083734_007122_00E6C5_0115,S1C_IW_SLC__1SDV_20260408T083707_20260408T083734_007122_00E6C5_0115.zip,primary,https://datapool.asf.alaska.edu/SLC/SC/S1C_IW_SLC__1SDV_20260408T083707_20260408T083734_007122_00E6C5_0115.zip,SLC,DESCENDING,126,7122,656,2026-04-08T08:37:07Z,2026-04-08T08:37:34Z,0.0 MB,C:\Users\jales\Documents\GitHub\thesis_code\downloads\sentinel1_asf\Sentinel-1C\S1C_IW_SLC__1SDV_20260408T083707_20260408T083734_007122_00E6C5_0115.zip,missing_auth
feature_0_part_1_split_1,0,Sentinel-1C,,SENTINEL-1,Sentinel-1C,S1C_IW_SLC__1SDV_20260408T083642_20260408T083709_007122_00E6C5_2C47-SLC,S1C_IW_SLC__1SDV_20260408T083642_20260408T083709_007122_00E6C5_2C47,S1C_IW_SLC__1SDV_20260408T083642_20260408T083709_007122_00E6C5_2C47.zip,primary,https://datapool.asf.alaska.edu/SLC/SC/S1C_IW_SLC__1SDV_20260408T083642_20260408T083709_007122_00E6C5_2C47.zip,SLC,DESCENDING,126,7122,651,2026-04-08T08:36:42Z,2026-04-08T08:37:09Z,0.0 MB,C:\Users\jales\Documents\GitHub\thesis_code\downloads\sentinel1_asf\Sentinel-1C\S1C_IW_SLC__1SDV_20260408T083642_20260408T083709_007122_00E6C5_2C47.zip,missing_auth
feature_0_part_1_split_1,0,Sentinel-1C,,SENTINEL-1,Sentinel-1C,S1C_IW_SLC__1SDV_20260408T083617_20260408T083644_007122_00E6C5_4EDB-SLC,S1C_IW_SLC__1SDV_20260408T083617_20260408T083644_007122_00E6C5_4EDB,S1C_IW_SLC__1SDV_20260408T083617_20260408T083644_007122_00E6C5_4EDB.zip,primary,https://datapool.asf.alaska.edu/SLC/SC/S1C_IW_SLC__1SDV_20260408T083617_20260408T083644_007122_00E6C5_4EDB.zip,SLC,DESCENDING,126,7122,646,2026-04-08T08:36:17Z,2026-04-08T08:36:44Z,0.0 MB,C:\Users\jales\Documents\GitHub\thesis_code\downloads\sentinel1_asf\Sentinel-1C\S1C_IW_SLC__1SDV_20260408T083617_20260408T083644_007122_00E6C5_4EDB.zip,missing_auth
feature_0_part_1_split_1,0,Sentinel-1C,,SENTINEL-1,Sentinel-1C,S1C_IW_SLC__1SDV_20260408T083549_20260408T083620_007122_00E6C5_3AC2-SLC,S1C_IW_SLC__1SDV_20260408T083549_20260408T083620_007122_00E6C5_3AC2,S1C_IW_SLC__1SDV_20260408T083549_20260408T083620_007122_00E6C5_3AC2.zip,primary,https://datapool.asf.alaska.edu/SLC/SC/S1C_IW_SLC__1SDV_20260408T083549_20260408T083620_007122_00E6C5_3AC2.zip,SLC,DESCENDING,126,7122,640,2026-04-08T08:35:49Z,2026-04-08T08:36:20Z,0.0 MB,C:\Users\jales\Documents\GitHub\thesis_code\downloads\sentinel1_asf\Sentinel-1C\S1C_IW_SLC__1SDV_20260408T083549_20260408T083620_007122_00E6C5_3AC2.zip,missing_auth
feature_0_part_1_split_1,0,Sentinel-1C,,SENTINEL-1,Sentinel-1C,S1C_IW_SLC__1SDV_20260407T093339_20260407T093409_007108_00E65B_8611-SLC,S1C_IW_SLC__1SDV_20260407T093339_20260407T093409_007108_00E65B_8611,S1C_IW_SLC__1SDV_20260407T093339_20260407T093409_007108_00E65B_8611.zip,primary,https://datapool.asf.alaska.edu/SLC/SC/S1C_IW_SLC__1SDV_20260407T093339_20260407T093409_007108_00E65B_8611.zip,SLC,DESCENDING,112,7108,643,2026-04-07T09:33:39Z,2026-04-07T09:34:09Z,0.0 MB,C:\Users\jales\Documents\GitHub\thesis_code\downloads\sentinel1_asf\Sentinel-1C\S1C_IW_SLC__1SDV_20260407T093339_20260407T093409_007108_00E65B_8611.zip,missing_auth
feature_0_part_1_split_1,0,Sentinel-1C,,SENTINEL-1,Sentinel-1C,S1C_IW_SLC__1SDV_20260406T085418_20260406T085445_007093_00E5D9_C952-SLC,S1C_IW_SLC__1SDV_20260406T085418_20260406T085445_007093_00E5D9_C952,S1C_IW_SLC__1SDV_20260406T085418_20260406T085445_007093_00E5D9_C952.zip,primary,https://datapool.asf.alaska.edu/SLC/SC/S1C_IW_SLC__1SDV_20260406T085418_20260406T085445_007093_00E5D9_C952.zip,SLC,DESCENDING,97,7093,665,2026-04-06T08:54:18Z,2026-04-06T08:54:45Z,0.0 MB,C:\Users\jales\Documents\GitHub\thesis_code\downloads\sentinel1_asf\Sentinel-1C\S1C_IW_SLC__1SDV_20260406T085418_20260406T085445_007093_00E5D9_C952.zip,missing_auth
feature_0_part_1_split_1,0,Sentinel-1C,,SENTINEL-1,Sentinel-1C,S1C_IW_SLC__1SDV_20260406T085350_20260406T085420_007093_00E5D9_FF4E-SLC,S1C_IW_SLC__1SDV_20260406T085350_20260406T085420_007093_00E5D9_FF4E,S1C_IW_SLC__1SDV_20260406T085350_20260406T085420_007093_00E5D9_FF4E.zip,primary,https://datapool.asf.alaska.edu/SLC/SC/S1C_IW_SLC__1SDV_20260406T085350_20260406T085420_007093_00E5D9_FF4E.zip,SLC,DESCENDING,97,7093,659,2026-04-06T08:53:50Z,2026-04-06T08:54:20Z,0.0 MB,C:\Users\jales\Documents\GitHub\thesis_code\downloads\sentinel1_asf\Sentinel-1C\S1C_IW_SLC__1SDV_20260406T085350_20260406T085420_007093_00E5D9_FF4E.zip,missing_auth
feature_0_part_1_split_1,0,Sentinel-1C,,SENTINEL-1,Sentinel-1C,S1C_IW_SLC__1SDV_20260404T091104_20260404T091131_007064_00E4D9_11D7-SLC,S1C_IW_SLC__1SDV_20260404T091104_20260404T091131_007064_00E4D9_11D7,S1C_IW_SLC__1SDV_20260404T091104_20260404T091131_007064_00E4D9_11D7.zip,primary,https://datapool.asf.alaska.edu/SLC/SC/S1C_IW_SLC__1SDV_20260404T091104_20260404T091131_007064_00E4D9_11D7.zip,SLC,DESCENDING,68,7064,668,2026-04-04T09:11:04Z,2026-04-04T09:11:31Z,0.0 MB,C:\Users\jales\Documents\GitHub\thesis_code\downloads\sentinel1_asf\Sentinel-1C\S1C_IW_SLC__1SDV_20260404T091104_20260404T091131_007064_00E4D9_11D7.zip,missing_auth
feature_0_part_1_split_1,0,Sentinel-1C,,SENTINEL-1,Sentinel-1C,S1C_IW_SLC__1SDV_20260404T091040_20260404T091107_007064_00E4D9_FEA3-SLC,S1C_IW_SLC__1SDV_20260404T091040_20260404T091107_007064_00E4D9_FEA3,S1C_IW_SLC__1SDV_20260404T091040_20260404T091107_007064_00E4D9_FEA3.zip,primary,https://datapool.asf.alaska.edu/SLC/SC/S1C_IW_SLC__1SDV_20260404T091040_20260404T091107_007064_00E4D9_FEA3.zip,SLC,DESCENDING,68,7064,663,2026-04-04T09:10:40Z,2026-04-04T09:11:07Z,0.0 MB,C:\Users\jales\Documents\GitHub\thesis_code\downloads\sentinel1_asf\Sentinel-1C\S1C_IW_SLC__1SDV_20260404T091040_20260404T091107_007064_00E4D9_FEA3.zip,missing_auth
feature_0_part_1_split_1,0,Sentinel-1C,,SENTINEL-1,Sentinel-1C,S1C_IW_SLC__1SDV_20260404T091015_20260404T091042_007064_00E4D9_7C13-SLC,S1C_IW_SLC__1SDV_20260404T091015_20260404T091042_007064_00E4D9_7C13,S1C_IW_SLC__1SDV_20260404T091015_20260404T091042_007064_00E4D9_7C13.zip,primary,https://datapool.asf.alaska.edu/SLC/SC/S1C_IW_SLC__1SDV_20260404T091015_20260404T091042_007064_00E4D9_7C13.zip,SLC,DESCENDING,68,7064,659,2026-04-04T09:10:15Z,2026-04-04T09:10:42Z,0.0 MB,C:\Users\jales\Documents\GitHub\thesis_code\downloads\sentinel1_asf\Sentinel-1C\S1C_IW_SLC__1SDV_20260404T091015_20260404T091042_007064_00E4D9_7C13.zip,missing_auth
feature_0_part_1_split_1,0,Sentinel-1C,,SENTINEL-1,Sentinel-1C,S1C_IW_SLC__1SDV_20260404T090946_20260404T091017_007064_00E4D9_A843-SLC,S1C_IW_SLC__1SDV_20260404T090946_20260404T091017_007064_00E4D9_A843,S1C_IW_SLC__1SDV_20260404T090946_20260404T091017_007064_00E4D9_A843.zip,primary,https://datapool.asf.alaska.edu/SLC/SC/S1C_IW_SLC__1SDV_20260404T090946_20260404T091017_007064_00E4D9_A843.zip,SLC,DESCENDING,68,7064,653,2026-04-04T09:09:46Z,2026-04-04T09:10:17Z,0.0 MB,C:\Users\jales\Documents\GitHub\thesis_code\downloads\sentinel1_asf\Sentinel-1C\S1C_IW_SLC__1SDV_20260404T090946_20260404T091017_007064_00E4D9_A843.zip,missing_auth
feature_0_part_1_split_1,0,Sentinel-1C,,SENTINEL-1,Sentinel-1C,S1C_IW_SLC__1SDV_20260403T221545_20260403T221611_007057_00E4A6_E2DC-SLC,S1C_IW_SLC__1SDV_20260403T221545_20260403T221611_007057_00E4A6_E2DC,S1C_IW_SLC__1SDV_20260403T221545_20260403T221611_007057_00E4A6_E2DC.zip,primary,https://datapool.asf.alaska.edu/SLC/SC/S1C_IW_SLC__1SDV_20260403T221545_20260403T221611_007057_00E4A6_E2DC.zip,SLC,ASCENDING,61,7057,1099,2026-04-03T22:15:45Z,2026-04-03T22:16:11Z,0.0 MB,C:\Users\jales\Documents\GitHub\thesis_code\downloads\sentinel1_asf\Sentinel-1C\S1C_IW_SLC__1SDV_20260403T221545_20260403T221611_007057_00E4A6_E2DC.zip,missing_auth
feature_0_part_1_split_1,0,Sentinel-1C,,SENTINEL-1,Sentinel-1C,S1C_IW_SLC__1SDV_20260403T082947_20260403T083015_007049_00E456_FC60-SLC,S1C_IW_SLC__1SDV_20260403T082947_20260403T083015_007049_00E456_FC60,S1C_IW_SLC__1SDV_20260403T082947_20260403T083015_007049_00E456_FC60.zip,primary,https://datapool.asf.alaska.edu/SLC/SC/S1C_IW_SLC__1SDV_20260403T082947_20260403T083015_007049_00E456_FC60.zip,SLC,DESCENDING,53,7049,667,2026-04-03T08:29:47Z,2026-04-03T08:30:15Z,0.0 MB,C:\Users\jales\Documents\GitHub\thesis_code\downloads\sentinel1_asf\Sentinel-1C\S1C_IW_SLC__1SDV_20260403T082947_20260403T083015_007049_00E456_FC60.zip,missing_auth
feature_0_part_1_split_1,0,Sentinel-1C,,SENTINEL-1,Sentinel-1C,S1C_IW_SLC__1SDV_20260403T082923_20260403T082950_007049_00E456_BD95-SLC,S1C_IW_SLC__1SDV_20260403T082923_20260403T082950_007049_00E456_BD95,S1C_IW_SLC__1SDV_20260403T082923_20260403T082950_007049_00E456_BD95.zip,primary,https://datapool.asf.alaska.edu/SLC/SC/S1C_IW_SLC__1SDV_20260403T082923_20260403T082950_007049_00E456_BD95.zip,SLC,DESCENDING,53,7049,662,2026-04-03T08:29:23Z,2026-04-03T08:29:50Z,0.0 MB,C:\Users\jales\Documents\GitHub\thesis_code\downloads\sentinel1_asf\Sentinel-1C\S1C_IW_SLC__1SDV_20260403T082923_20260403T082950_007049_00E456_BD95.zip,missing_auth
feature_0_part_1_split_1,0,Sentinel-1C,,SENTINEL-1,Sentinel-1C,S1C_IW_SLC__1SDV_20260403T082858_20260403T082925_007049_00E456_2406-SLC,S1C_IW_SLC__1SDV_20260403T082858_20260403T082925_007049_00E456_2406,S1C_IW_SLC__1SDV_20260403T082858_20260403T082925_007049_00E456_2406.zip,primary,https://datapool.asf.alaska.edu/SLC/SC/S1C_IW_SLC__1SDV_20260403T082858_20260403T082925_007049_00E456_2406.zip,SLC,DESCENDING,53,7049,657,2026-04-03T08:28:58Z,2026-04-03T08:29:25Z,0.0 MB,C:\Users\jales\Documents\GitHub\thesis_code\downloads\sentinel1_asf\Sentinel-1C\S1C_IW_SLC__1SDV_20260403T082858_20260403T082925_007049_00E456_2406.zip,missing_auth
feature_0_part_1_split_1,0,Sentinel-1C,,SENTINEL-1,Sentinel-1C,S1C_IW_SLC__1SDV_20260403T082833_20260403T082900_007049_00E456_3DB1-SLC,S1C_IW_SLC__1SDV_20260403T082833_20260403T082900_007049_00E456_3DB1,S1C_IW_SLC__1SDV_20260403T082833_20260403T082900_007049_00E456_3DB1.zip,primary,https://datapool.asf.alaska.edu/SLC/SC/S1C_IW_SLC__1SDV_20260403T082833_20260403T082900_007049_00E456_3DB1.zip,SLC,DESCENDING,53,7049,652,2026-04-03T08:28:33Z,2026-04-03T08:29:00Z,0.0 MB,C:\Users\jales\Documents\GitHub\thesis_code\downloads\sentinel1_asf\Sentinel-1C\S1C_IW_SLC__1SDV_20260403T082833_20260403T082900_007049_00E456_3DB1.zip,missing_auth
feature_0_part_1_split_1,0,Sentinel-1C,,SENTINEL-1,Sentinel-1C,S1C_IW_SLC__1SDV_20260403T082808_20260403T082835_007049_00E456_15AB-SLC,S1C_IW_SLC__1SDV_20260403T082808_20260403T082835_007049_00E456_15AB,S1C_IW_SLC__1SDV_20260403T082808_20260403T082835_007049_00E456_15AB.zip,primary,https://datapool.asf.alaska.edu/SLC/SC/S1C_IW_SLC__1SDV_20260403T082808_20260403T082835_007049_00E456_15AB.zip,SLC,DESCENDING,53,7049,647,2026-04-03T08:28:08Z,2026-04-03T08:28:35Z,0.0 MB,C:\Users\jales\Documents\GitHub\thesis_code\downloads\sentinel1_asf\Sentinel-1C\S1C_IW_SLC__1SDV_20260403T082808_20260403T082835_007049_00E456_15AB.zip,missing_auth
feature_0_part_1_split_1,0,Sentinel-1C,,SENTINEL-1,Sentinel-1C,S1C_IW_SLC__1SDV_20260403T082740_20260403T082810_007049_00E456_2E52-SLC,S1C_IW_SLC__1SDV_20260403T082740_20260403T082810_007049_00E456_2E52,S1C_IW_SLC__1SDV_20260403T082740_20260403T082810_007049_00E456_2E52.zip,primary,https://datapool.asf.alaska.edu/SLC/SC/S1C_IW_SLC__1SDV_20260403T082740_20260403T082810_007049_00E456_2E52.zip,SLC,DESCENDING,53,7049,641,2026-04-03T08:27:40Z,2026-04-03T08:28:10Z,0.0 MB,C:\Users\jales\Documents\GitHub\thesis_code\downloads\sentinel1_asf\Sentinel-1C\S1C_IW_SLC__1SDV_20260403T082740_20260403T082810_007049_00E456_2E52.zip,missing_auth
feature_0_part_1_split_1,0,Sentinel-1C,,SENTINEL-1,Sentinel-1C,S1C_IW_SLC__1SDV_20260401T084639_20260401T084706_007020_00E36E_60C8-SLC,S1C_IW_SLC__1SDV_20260401T084639_20260401T084706_007020_00E36E_60C8,S1C_IW_SLC__1SDV_20260401T084639_20260401T084706_007020_00E36E_60C8.zip,primary,https://datapool.asf.alaska.edu/SLC/SC/S1C_IW_SLC__1SDV_20260401T084639_20260401T084706_007020_00E36E_60C8.zip,SLC,DESCENDING,24,7020,672,2026-04-01T08:46:39Z,2026-04-01T08:47:06Z,0.0 MB,C:\Users\jales\Documents\GitHub\thesis_code\downloads\sentinel1_asf\Sentinel-1C\S1C_IW_SLC__1SDV_20260401T084639_20260401T084706_007020_00E36E_60C8.zip,missing_auth
feature_0_part_1_split_1,0,Sentinel-1C,,SENTINEL-1,Sentinel-1C,S1C_IW_SLC__1SDV_20260401T084615_20260401T084641_007020_00E36E_CD81-SLC,S1C_IW_SLC__1SDV_20260401T084615_20260401T084641_007020_00E36E_CD81,S1C_IW_SLC__1SDV_20260401T084615_20260401T084641_007020_00E36E_CD81.zip,primary,https://datapool.asf.alaska.edu/SLC/SC/S1C_IW_SLC__1SDV_20260401T084615_20260401T084641_007020_00E36E_CD81.zip,SLC,DESCENDING,24,7020,667,2026-04-01T08:46:15Z,2026-04-01T08:46:41Z,0.0 MB,C:\Users\jales\Documents\GitHub\thesis_code\downloads\sentinel1_asf\Sentinel-1C\S1C_IW_SLC__1SDV_20260401T084615_20260401T084641_007020_00E36E_CD81.zip,missing_auth
feature_0_part_1_split_1,0,Sentinel-1C,,SENTINEL-1,Sentinel-1C,S1C_IW_SLC__1SDV_20260401T084546_20260401T084617_007020_00E36E_7879-SLC,S1C_IW_SLC__1SDV_20260401T084546_20260401T084617_007020_00E36E_7879,S1C_IW_SLC__1SDV_20260401T084546_20260401T084617_007020_00E36E_7879.zip,primary,https://datapool.asf.alaska.edu/SLC/SC/S1C_IW_SLC__1SDV_20260401T084546_20260401T084617_007020_00E36E_7879.zip,SLC,DESCENDING,24,7020,661,2026-04-01T08:45:46Z,2026-04-01T08:46:17Z,0.0 MB,C:\Users\jales\Documents\GitHub\thesis_code\downloads\sentinel1_asf\Sentinel-1C\S1C_IW_SLC__1SDV_20260401T084546_20260401T084617_007020_00E36E_7879.zip,missing_auth
