{
"type": "FeatureCollection",
"name": "nisar_scene_geometries",
"crs": { "type": "name", "properties": { "name": "urn:ogc:def:crs:OGC:1.3:CRS84" } },
"features": [
{ "type": "Feature", "properties": { "query_name": "feature_0_part_1_split_1", "feature_index": 0, "dataset": "NISAR", "platform": "NISAR", "product_id": "NISAR_L1_PR_RSLC_004_045_A_174_2005_DHDH_A_20251101T085515_20251101T085551_X05009_N_F_J_001", "processing_level": "RSLC", "flight_direction": "ASCENDING", "relative_orbit": 45, "absolute_orbit": 1355, "frame_number": 174, "start_time": "2025-11-01T08:55:15Z", "stop_time": "2025-11-01T08:55:51Z", "scene_name": "NISAR_L1_PR_RSLC_004_045_A_174_2005_DHDH_A_20251101T085515_20251101T085551_X05009_N_F_J_001" }, "geometry": { "type": "Polygon", "coordinates": [ [ [ -46.25329, -8.02658 ], [ -46.72392, -5.81922 ], [ -48.92844, -6.282 ], [ -48.47161, -8.48301 ], [ -46.25329, -8.02658 ] ] ] } },
{ "type": "Feature", "properties": { "query_name": "feature_0_part_1_split_1", "feature_index": 0, "dataset": "NISAR", "platform": "NISAR", "product_id": "NISAR_L1_PR_RSLC_004_045_A_173_2005_DHDH_A_20251101T085515_20251101T085518_X05010_N_P_J_001", "processing_level": "RSLC", "flight_direction": "ASCENDING", "relative_orbit": 45, "absolute_orbit": 1355, "frame_number": 173, "start_time": "2025-11-01T08:55:15Z", "stop_time": "2025-11-01T08:55:18Z", "scene_name": "NISAR_L1_PR_RSLC_004_045_A_173_2005_DHDH_A_20251101T085515_20251101T085518_X05010_N_P_J_001" }, "geometry": { "type": "Polygon", "coordinates": [ [ [ -46.25329, -8.02658 ], [ -46.30627, -7.78846 ], [ -48.5211, -8.24518 ], [ -48.47161, -8.48301 ], [ -46.25329, -8.02658 ] ] ] } },
{ "type": "Feature", "properties": { "query_name": "feature_0_part_1_split_1", "feature_index": 0, "dataset": "NISAR", "platform": "NISAR", "product_id": "NISAR_L1_PR_RSLC_004_045_A_175_2005_DHDH_A_20251101T085550_20251101T085625_X05009_N_F_J_001", "processing_level": "RSLC", "flight_direction": "ASCENDING", "relative_orbit": 45, "absolute_orbit": 1355, "frame_number": 175, "start_time": "2025-11-01T08:55:50Z", "stop_time": "2025-11-01T08:56:25Z", "scene_name": "NISAR_L1_PR_RSLC_004_045_A_175_2005_DHDH_A_20251101T085550_20251101T085625_X05009_N_F_J_001" }, "geometry": { "type": "Polygon", "coordinates": [ [ [ -46.69908, -5.93865 ], [ -47.15842, -3.79043 ], [ -49.35421, -4.25946 ], [ -48.90371, -6.40096 ], [ -46.69908, -5.93865 ] ] ] } },
{ "type": "Feature", "properties": { "query_name": "feature_0_part_1_split_1", "feature_index": 0, "dataset": "NISAR", "platform": "NISAR", "product_id": "NISAR_L1_PR_RSLC_004_060_A_170_2005_DHDH_A_20251102T095119_20251102T095153_X05009_N_F_J_001", "processing_level": "RSLC", "flight_direction": "ASCENDING", "relative_orbit": 60, "absolute_orbit": 1370, "frame_number": 170, "start_time": "2025-11-02T09:51:19Z", "stop_time": "2025-11-02T09:51:53Z", "scene_name": "NISAR_L1_PR_RSLC_004_060_A_170_2005_DHDH_A_20251102T095119_20251102T095153_X05009_N_F_J_001" }, "geometry": { "type": "Polygon", "coordinates": [ [ [ -59.11253, -15.88139 ], [ -59.55955, -13.79624 ], [ -61.99199, -14.26775 ], [ -61.57814, -16.34825 ], [ -59.11253, -15.88139 ] ] ] } },
{ "type": "Feature", "properties": { "query_name": "feature_0_part_1_split_1", "feature_index": 0, "dataset": "NISAR", "platform": "NISAR", "product_id": "NISAR_L1_PR_RSLC_004_060_A_171_2005_DHDH_A_20251102T095152_20251102T095227_X05009_N_F_J_001", "processing_level": "RSLC", "flight_direction": "ASCENDING", "relative_orbit": 60, "absolute_orbit": 1370, "frame_number": 171, "start_time": "2025-11-02T09:51:52Z", "stop_time": "2025-11-02T09:52:27Z", "scene_name": "NISAR_L1_PR_RSLC_004_060_A_171_2005_DHDH_A_20251102T095152_20251102T095227_X05009_N_F_J_001" }, "geometry": { "type": "Polygon", "coordinates": [ [ [ -59.53413, -13.91539 ], [ -59.98797, -11.76887 ], [ -62.39903, -12.24649 ], [ -61.96806, -14.38658 ], [ -59.53413, -13.91539 ] ] ] } },
{ "type": "Feature", "properties": { "query_name": "feature_0_part_1_split_1", "feature_index": 0, "dataset": "NISAR", "platform": "NISAR", "product_id": "NISAR_L1_PR_RSLC_004_060_A_172_2005_DHDH_A_20251102T095226_20251102T095300_X05009_N_F_J_001", "processing_level": "RSLC", "flight_direction": "ASCENDING", "relative_orbit": 60, "absolute_orbit": 1370, "frame_number": 172, "start_time": "2025-11-02T09:52:26Z", "stop_time": "2025-11-02T09:53:00Z", "scene_name": "NISAR_L1_PR_RSLC_004_060_A_172_2005_DHDH_A_20251102T095226_20251102T095300_X05009_N_F_J_001" }, "geometry": { "type": "Polygon", "coordinates": [ [ [ -59.96209, -11.88797 ], [ -60.4031, -9.80036 ], [ -62.79786, -10.28435 ], [ -62.37496, -12.36535 ], [ -59.96209, -11.88797 ] ] ] } },
{ "type": "Feature", "properties": { "query_name": "feature_0_part_1_split_1", "feature_index": 0, "dataset": "NISAR", "platform": "NISAR", "product_id": "NISAR_L1_PR_RSLC_004_117_A_170_2005_DHDH_A_20251106T084443_20251106T084518_X05009_N_F_J_001", "processing_level": "RSLC", "flight_direction": "ASCENDING", "relative_orbit": 117, "absolute_orbit": 1427, "frame_number": 170, "start_time": "2025-11-06T08:44:43Z", "stop_time": "2025-11-06T08:45:18Z", "scene_name": "NISAR_L1_PR_RSLC_004_117_A_170_2005_DHDH_A_20251106T084443_20251106T084518_X05009_N_F_J_001" }, "geometry": { "type": "Polygon", "coordinates": [ [ [ -42.48867, -15.93255 ], [ -42.93997, -13.78627 ], [ -45.25503, -14.23547 ], [ -44.82512, -16.37514 ], [ -42.48867, -15.93255 ] ] ] } },
{ "type": "Feature", "properties": { "query_name": "feature_0_part_1_split_1", "feature_index": 0, "dataset": "NISAR", "platform": "NISAR", "product_id": "NISAR_L1_PR_RSLC_004_117_A_171_2005_DHDH_A_20251106T084517_20251106T084551_X05009_N_F_J_001", "processing_level": "RSLC", "flight_direction": "ASCENDING", "relative_orbit": 117, "absolute_orbit": 1427, "frame_number": 171, "start_time": "2025-11-06T08:45:17Z", "stop_time": "2025-11-06T08:45:51Z", "scene_name": "NISAR_L1_PR_RSLC_004_117_A_171_2005_DHDH_A_20251106T084517_20251106T084551_X05009_N_F_J_001" }, "geometry": { "type": "Polygon", "coordinates": [ [ [ -42.91438, -13.90539 ], [ -43.35646, -11.81874 ], [ -45.65071, -12.27333 ], [ -45.23122, -14.35435 ], [ -42.91438, -13.90539 ] ] ] } },
{ "type": "Feature", "properties": { "query_name": "feature_0_part_1_split_1", "feature_index": 0, "dataset": "NISAR", "platform": "NISAR", "product_id": "NISAR_L1_PR_RSLC_004_117_A_172_2005_DHDH_A_20251106T084550_20251106T084625_X05009_N_F_J_001", "processing_level": "RSLC", "flight_direction": "ASCENDING", "relative_orbit": 117, "absolute_orbit": 1427, "frame_number": 172, "start_time": "2025-11-06T08:45:50Z", "stop_time": "2025-11-06T08:46:25Z", "scene_name": "NISAR_L1_PR_RSLC_004_117_A_172_2005_DHDH_A_20251106T084550_20251106T084625_X05009_N_F_J_001" }, "geometry": { "type": "Polygon", "coordinates": [ [ [ -43.33112, -11.93794 ], [ -43.78803, -9.79145 ], [ -46.06307, -10.25157 ], [ -45.62681, -12.39225 ], [ -43.33112, -11.93794 ] ] ] } },
{ "type": "Feature", "properties": { "query_name": "feature_0_part_1_split_1", "feature_index": 0, "dataset": "NISAR", "platform": "NISAR", "product_id": "NISAR_L1_PR_RSLC_004_117_A_173_2005_DHDH_A_20251106T084624_20251106T084658_X05009_N_F_J_001", "processing_level": "RSLC", "flight_direction": "ASCENDING", "relative_orbit": 117, "absolute_orbit": 1427, "frame_number": 173, "start_time": "2025-11-06T08:46:24Z", "stop_time": "2025-11-06T08:46:58Z", "scene_name": "NISAR_L1_PR_RSLC_004_117_A_173_2005_DHDH_A_20251106T084624_20251106T084658_X05009_N_F_J_001" }, "geometry": { "type": "Polygon", "coordinates": [ [ [ -43.76289, -9.91073 ], [ -44.2082, -7.82341 ], [ -46.46379, -8.2883 ], [ -46.03866, -10.37045 ], [ -43.76289, -9.91073 ] ] ] } },
{ "type": "Feature", "properties": { "query_name": "feature_0_part_1_split_1", "feature_index": 0, "dataset": "NISAR", "platform": "NISAR", "product_id": "NISAR_L1_PR_RSLC_004_117_A_174_2005_DHDH_A_20251106T084657_20251106T084732_X05009_N_F_J_001", "processing_level": "RSLC", "flight_direction": "ASCENDING", "relative_orbit": 117, "absolute_orbit": 1427, "frame_number": 174, "start_time": "2025-11-06T08:46:57Z", "stop_time": "2025-11-06T08:47:32Z", "scene_name": "NISAR_L1_PR_RSLC_004_117_A_174_2005_DHDH_A_20251106T084657_20251106T084732_X05009_N_F_J_001" }, "geometry": { "type": "Polygon", "coordinates": [ [ [ -44.18264, -7.94264 ], [ -44.63797, -5.79436 ], [ -46.88271, -6.26563 ], [ -46.44, -8.40738 ], [ -44.18264, -7.94264 ] ] ] } },
{ "type": "Feature", "properties": { "query_name": "feature_0_part_1_split_1", "feature_index": 0, "dataset": "NISAR", "platform": "NISAR", "product_id": "NISAR_L1_PR_RSLC_004_117_A_175_2005_DHDH_A_20251106T084731_20251106T084805_X05009_N_F_J_001", "processing_level": "RSLC", "flight_direction": "ASCENDING", "relative_orbit": 117, "absolute_orbit": 1427, "frame_number": 175, "start_time": "2025-11-06T08:47:31Z", "stop_time": "2025-11-06T08:48:05Z", "scene_name": "NISAR_L1_PR_RSLC_004_117_A_175_2005_DHDH_A_20251106T084731_20251106T084805_X05009_N_F_J_001" }, "geometry": { "type": "Polygon", "coordinates": [ [ [ -44.61304, -5.91377 ], [ -45.05868, -3.82501 ], [ -47.29543, -4.30261 ], [ -46.85788, -6.38457 ], [ -44.61304, -5.91377 ] ] ] } },
{ "type": "Feature", "properties": { "query_name": "feature_0_part_1_split_1", "feature_index": 0, "dataset": "NISAR", "platform": "NISAR", "product_id": "NISAR_L1_PR_RSLC_005_045_A_174_2005_DHDH_A_20251113T085515_20251113T085551_X05009_N_F_J_001", "processing_level": "RSLC", "flight_direction": "ASCENDING", "relative_orbit": 45, "absolute_orbit": 1528, "frame_number": 174, "start_time": "2025-11-13T08:55:15Z", "stop_time": "2025-11-13T08:55:51Z", "scene_name": "NISAR_L1_PR_RSLC_005_045_A_174_2005_DHDH_A_20251113T085515_20251113T085551_X05009_N_F_J_001" }, "geometry": { "type": "Polygon", "coordinates": [ [ [ -46.2474, -8.05248 ], [ -46.71809, -5.84514 ], [ -48.92263, -6.30784 ], [ -48.46565, -8.5088 ], [ -46.2474, -8.05248 ] ] ] } },
{ "type": "Feature", "properties": { "query_name": "feature_0_part_1_split_1", "feature_index": 0, "dataset": "NISAR", "platform": "NISAR", "product_id": "NISAR_L1_PR_RSLC_005_045_A_173_2005_DHDH_A_20251113T085515_20251113T085518_X05010_N_P_J_001", "processing_level": "RSLC", "flight_direction": "ASCENDING", "relative_orbit": 45, "absolute_orbit": 1528, "frame_number": 173, "start_time": "2025-11-13T08:55:15Z", "stop_time": "2025-11-13T08:55:18Z", "scene_name": "NISAR_L1_PR_RSLC_005_045_A_173_2005_DHDH_A_20251113T085515_20251113T085518_X05010_N_P_J_001" }, "geometry": { "type": "Polygon", "coordinates": [ [ [ -46.2474, -8.05248 ], [ -46.30079, -7.81444 ], [ -48.51517, -8.27098 ], [ -48.46565, -8.5088 ], [ -46.2474, -8.05248 ] ] ] } },
{ "type": "Feature", "properties": { "query_name": "feature_0_part_1_split_1", "feature_index": 0, "dataset": "NISAR", "platform": "NISAR", "product_id": "NISAR_L1_PR_RSLC_005_045_A_175_2005_DHDH_A_20251113T085550_20251113T085625_X05009_N_F_J_001", "processing_level": "RSLC", "flight_direction": "ASCENDING", "relative_orbit": 45, "absolute_orbit": 1528, "frame_number": 175, "start_time": "2025-11-13T08:55:50Z", "stop_time": "2025-11-13T08:56:25Z", "scene_name": "NISAR_L1_PR_RSLC_005_045_A_175_2005_DHDH_A_20251113T085550_20251113T085625_X05009_N_F_J_001" }, "geometry": { "type": "Polygon", "coordinates": [ [ [ -46.69413, -5.96475 ], [ -47.15263, -3.81637 ], [ -49.34828, -4.28528 ], [ -48.89796, -6.42681 ], [ -46.69413, -5.96475 ] ] ] } },
{ "type": "Feature", "properties": { "query_name": "feature_0_part_1_split_1", "feature_index": 0, "dataset": "NISAR", "platform": "NISAR", "product_id": "NISAR_L1_PR_RSLC_005_082_D_094_2005_DHDH_A_20251115T214527_20251115T214601_X05009_N_F_J_001", "processing_level": "RSLC", "flight_direction": "DESCENDING", "relative_orbit": 82, "absolute_orbit": 1565, "frame_number": 94, "start_time": "2025-11-15T21:45:27Z", "stop_time": "2025-11-15T21:46:01Z", "scene_name": "NISAR_L1_PR_RSLC_005_082_D_094_2005_DHDH_A_20251115T214527_20251115T214601_X05009_N_F_J_001" }, "geometry": { "type": "Polygon", "coordinates": [ [ [ -53.39652, -9.7519 ], [ -53.8414, -11.83879 ], [ -51.52919, -12.29679 ], [ -51.10618, -10.21524 ], [ -53.39652, -9.7519 ] ] ] } },
{ "type": "Feature", "properties": { "query_name": "feature_0_part_1_split_1", "feature_index": 0, "dataset": "NISAR", "platform": "NISAR", "product_id": "NISAR_L1_PR_RSLC_005_082_D_095_2005_DHDH_A_20251115T214600_20251115T214635_X05009_N_F_J_001", "processing_level": "RSLC", "flight_direction": "DESCENDING", "relative_orbit": 82, "absolute_orbit": 1565, "frame_number": 95, "start_time": "2025-11-15T21:46:00Z", "stop_time": "2025-11-15T21:46:35Z", "scene_name": "NISAR_L1_PR_RSLC_005_082_D_095_2005_DHDH_A_20251115T214600_20251115T214635_X05009_N_F_J_001" }, "geometry": { "type": "Polygon", "coordinates": [ [ [ -53.81649, -11.7195 ], [ -54.27054, -13.86606 ], [ -51.93719, -14.31837 ], [ -51.50526, -12.17787 ], [ -53.81649, -11.7195 ] ] ] } },
{ "type": "Feature", "properties": { "query_name": "feature_0_part_1_split_1", "feature_index": 0, "dataset": "NISAR", "platform": "NISAR", "product_id": "NISAR_L1_PR_RSLC_005_082_D_096_2005_DHDH_A_20251115T214634_20251115T214708_X05009_N_F_J_001", "processing_level": "RSLC", "flight_direction": "DESCENDING", "relative_orbit": 82, "absolute_orbit": 1565, "frame_number": 96, "start_time": "2025-11-15T21:46:34Z", "stop_time": "2025-11-15T21:47:08Z", "scene_name": "NISAR_L1_PR_RSLC_005_082_D_096_2005_DHDH_A_20251115T214634_20251115T214708_X05009_N_F_J_001" }, "geometry": { "type": "Polygon", "coordinates": [ [ [ -54.24475, -13.74697 ], [ -54.69003, -15.83253 ], [ -52.32635, -16.28073 ], [ -51.91349, -14.19946 ], [ -54.24475, -13.74697 ] ] ] } },
{ "type": "Feature", "properties": { "query_name": "feature_0_part_1_split_1", "feature_index": 0, "dataset": "NISAR", "platform": "NISAR", "product_id": "NISAR_L1_PR_RSLC_005_082_D_097_2005_DHDH_A_20251115T214707_20251115T214742_X05009_N_F_J_001", "processing_level": "RSLC", "flight_direction": "DESCENDING", "relative_orbit": 82, "absolute_orbit": 1565, "frame_number": 97, "start_time": "2025-11-15T21:47:07Z", "stop_time": "2025-11-15T21:47:42Z", "scene_name": "NISAR_L1_PR_RSLC_005_082_D_097_2005_DHDH_A_20251115T214707_20251115T214742_X05009_N_F_J_001" }, "geometry": { "type": "Polygon", "coordinates": [ [ [ -54.6616, -15.71399 ], [ -55.12573, -17.85738 ], [ -52.7278, -18.30142 ], [ -52.30587, -16.1613 ], [ -54.6616, -15.71399 ] ] ] } },
{ "type": "Feature", "properties": { "query_name": "feature_0_part_1_split_1", "feature_index": 0, "dataset": "NISAR", "platform": "NISAR", "product_id": "NISAR_L1_PR_RSLC_005_140_D_094_2005_SHSH_A_20251119T221845_20251119T221919_X05009_N_F_J_001", "processing_level": "RSLC", "flight_direction": "DESCENDING", "relative_orbit": 140, "absolute_orbit": 1623, "frame_number": 94, "start_time": "2025-11-19T22:18:45Z", "stop_time": "2025-11-19T22:19:19Z", "scene_name": "NISAR_L1_PR_RSLC_005_140_D_094_2005_SHSH_A_20251119T221845_20251119T221919_X05009_N_F_J_001" }, "geometry": { "type": "Polygon", "coordinates": [ [ [ -61.70367, -9.74806 ], [ -62.14459, -11.8357 ], [ -59.84447, -12.29119 ], [ -59.42253, -10.20946 ], [ -61.70367, -9.74806 ] ] ] } },
{ "type": "Feature", "properties": { "query_name": "feature_0_part_1_split_1", "feature_index": 0, "dataset": "NISAR", "platform": "NISAR", "product_id": "NISAR_L1_PR_RSLC_005_140_D_095_2005_SHSH_A_20251119T221918_20251119T221953_X05009_N_F_J_001", "processing_level": "RSLC", "flight_direction": "DESCENDING", "relative_orbit": 140, "absolute_orbit": 1623, "frame_number": 95, "start_time": "2025-11-19T22:19:18Z", "stop_time": "2025-11-19T22:19:53Z", "scene_name": "NISAR_L1_PR_RSLC_005_140_D_095_2005_SHSH_A_20251119T221918_20251119T221953_X05009_N_F_J_001" }, "geometry": { "type": "Polygon", "coordinates": [ [ [ -62.12044, -11.71626 ], [ -62.57754, -13.86215 ], [ -60.25447, -14.31237 ], [ -59.82064, -12.17225 ], [ -62.12044, -11.71626 ] ] ] } },
{ "type": "Feature", "properties": { "query_name": "feature_0_part_1_split_1", "feature_index": 0, "dataset": "NISAR", "platform": "NISAR", "product_id": "NISAR_L1_PR_RSLC_005_146_A_172_2005_DHDH_A_20251120T090229_20251120T090304_X05009_N_F_J_001", "processing_level": "RSLC", "flight_direction": "ASCENDING", "relative_orbit": 146, "absolute_orbit": 1629, "frame_number": 172, "start_time": "2025-11-20T09:02:29Z", "stop_time": "2025-11-20T09:03:04Z", "scene_name": "NISAR_L1_PR_RSLC_005_146_A_172_2005_DHDH_A_20251120T090229_20251120T090304_X05009_N_F_J_001" }, "geometry": { "type": "Polygon", "coordinates": [ [ [ -47.47125, -11.96989 ], [ -47.92735, -9.82321 ], [ -50.201, -10.28301 ], [ -49.76611, -12.42401 ], [ -47.47125, -11.96989 ] ] ] } },
{ "type": "Feature", "properties": { "query_name": "feature_0_part_1_split_1", "feature_index": 0, "dataset": "NISAR", "platform": "NISAR", "product_id": "NISAR_L1_PR_RSLC_005_146_A_173_2005_DHDH_A_20251120T090303_20251120T090337_X05009_N_F_J_001", "processing_level": "RSLC", "flight_direction": "ASCENDING", "relative_orbit": 146, "absolute_orbit": 1629, "frame_number": 173, "start_time": "2025-11-20T09:03:03Z", "stop_time": "2025-11-20T09:03:37Z", "scene_name": "NISAR_L1_PR_RSLC_005_146_A_173_2005_DHDH_A_20251120T090303_20251120T090337_X05009_N_F_J_001" }, "geometry": { "type": "Polygon", "coordinates": [ [ [ -47.90247, -9.94255 ], [ -48.34662, -7.85496 ], [ -50.60555, -8.32047 ], [ -50.17666, -10.40191 ], [ -47.90247, -9.94255 ] ] ] } },
{ "type": "Feature", "properties": { "query_name": "feature_0_part_1_split_1", "feature_index": 0, "dataset": "NISAR", "platform": "NISAR", "product_id": "NISAR_L1_PR_RSLC_005_146_A_174_2005_DHDH_A_20251120T090336_20251120T090411_X05009_N_F_J_001", "processing_level": "RSLC", "flight_direction": "ASCENDING", "relative_orbit": 146, "absolute_orbit": 1629, "frame_number": 174, "start_time": "2025-11-20T09:03:36Z", "stop_time": "2025-11-20T09:04:11Z", "scene_name": "NISAR_L1_PR_RSLC_005_146_A_174_2005_DHDH_A_20251120T090336_20251120T090411_X05009_N_F_J_001" }, "geometry": { "type": "Polygon", "coordinates": [ [ [ -48.32077, -7.97413 ], [ -48.779, -5.82644 ], [ -51.02587, -6.29806 ], [ -50.58069, -8.43933 ], [ -48.32077, -7.97413 ] ] ] } },
{ "type": "Feature", "properties": { "query_name": "feature_0_part_1_split_1", "feature_index": 0, "dataset": "NISAR", "platform": "NISAR", "product_id": "NISAR_L1_PR_RSLC_006_045_A_174_2005_DHDH_A_20251125T085516_20251125T085552_X05009_N_F_J_001", "processing_level": "RSLC", "flight_direction": "ASCENDING", "relative_orbit": 45, "absolute_orbit": 1701, "frame_number": 174, "start_time": "2025-11-25T08:55:16Z", "stop_time": "2025-11-25T08:55:52Z", "scene_name": "NISAR_L1_PR_RSLC_006_045_A_174_2005_DHDH_A_20251125T085516_20251125T085552_X05009_N_F_J_001" }, "geometry": { "type": "Polygon", "coordinates": [ [ [ -46.25457, -8.01448 ], [ -46.72576, -5.80724 ], [ -48.92998, -6.27003 ], [ -48.47297, -8.471 ], [ -46.25457, -8.01448 ] ] ] } },
{ "type": "Feature", "properties": { "query_name": "feature_0_part_1_split_1", "feature_index": 0, "dataset": "NISAR", "platform": "NISAR", "product_id": "NISAR_L1_PR_RSLC_006_045_A_175_2005_DHDH_A_20251125T085551_20251125T085625_X05009_N_F_J_001", "processing_level": "RSLC", "flight_direction": "ASCENDING", "relative_orbit": 45, "absolute_orbit": 1701, "frame_number": 175, "start_time": "2025-11-25T08:55:51Z", "stop_time": "2025-11-25T08:56:25Z", "scene_name": "NISAR_L1_PR_RSLC_006_045_A_175_2005_DHDH_A_20251125T085551_20251125T085625_X05009_N_F_J_001" }, "geometry": { "type": "Polygon", "coordinates": [ [ [ -46.70048, -5.92657 ], [ -47.14715, -3.83806 ], [ -49.34327, -4.30699 ], [ -48.90524, -6.38899 ], [ -46.70048, -5.92657 ] ] ] } },
{ "type": "Feature", "properties": { "query_name": "feature_0_part_1_split_1", "feature_index": 0, "dataset": "NISAR", "platform": "NISAR", "product_id": "NISAR_L1_PR_RSLC_006_117_A_170_2005_DHDH_A_20251130T084444_20251130T084518_X05010_F_F_J_001", "processing_level": "RSLC", "flight_direction": "ASCENDING", "relative_orbit": 117, "absolute_orbit": 1773, "frame_number": 170, "start_time": "2025-11-30T08:44:44Z", "stop_time": "2025-11-30T08:45:18Z", "scene_name": "NISAR_L1_PR_RSLC_006_117_A_170_2005_DHDH_A_20251130T084444_20251130T084518_X05010_F_F_J_001" }, "geometry": { "type": "Polygon", "coordinates": [ [ [ -42.48832, -15.93333 ], [ -42.92672, -13.84661 ], [ -45.24291, -14.29578 ], [ -44.82474, -16.37596 ], [ -42.48832, -15.93333 ] ] ] } },
{ "type": "Feature", "properties": { "query_name": "feature_0_part_1_split_1", "feature_index": 0, "dataset": "NISAR", "platform": "NISAR", "product_id": "NISAR_L1_PR_RSLC_006_117_A_171_2005_DHDH_A_20251130T084517_20251130T084552_X05010_F_F_J_001", "processing_level": "RSLC", "flight_direction": "ASCENDING", "relative_orbit": 117, "absolute_orbit": 1773, "frame_number": 171, "start_time": "2025-11-30T08:45:17Z", "stop_time": "2025-11-30T08:45:52Z", "scene_name": "NISAR_L1_PR_RSLC_006_117_A_171_2005_DHDH_A_20251130T084517_20251130T084552_X05010_F_F_J_001" }, "geometry": { "type": "Polygon", "coordinates": [ [ [ -42.90121, -13.96574 ], [ -43.35618, -11.81954 ], [ -45.65039, -12.27417 ], [ -45.21851, -14.41455 ], [ -42.90121, -13.96574 ] ] ] } },
{ "type": "Feature", "properties": { "query_name": "feature_0_part_1_split_1", "feature_index": 0, "dataset": "NISAR", "platform": "NISAR", "product_id": "NISAR_L1_PR_RSLC_006_117_A_172_2005_DHDH_A_20251130T084551_20251130T084625_X05010_F_F_J_001", "processing_level": "RSLC", "flight_direction": "ASCENDING", "relative_orbit": 117, "absolute_orbit": 1773, "frame_number": 172, "start_time": "2025-11-30T08:45:51Z", "stop_time": "2025-11-30T08:46:25Z", "scene_name": "NISAR_L1_PR_RSLC_006_117_A_172_2005_DHDH_A_20251130T084551_20251130T084625_X05010_F_F_J_001" }, "geometry": { "type": "Polygon", "coordinates": [ [ [ -43.33083, -11.93873 ], [ -43.77522, -9.85192 ], [ -46.05061, -10.31188 ], [ -45.6265, -12.39309 ], [ -43.33083, -11.93873 ] ] ] } },
{ "type": "Feature", "properties": { "query_name": "feature_0_part_1_split_1", "feature_index": 0, "dataset": "NISAR", "platform": "NISAR", "product_id": "NISAR_L1_PR_RSLC_006_117_A_173_2005_DHDH_A_20251130T084624_20251130T084659_X05010_F_F_J_001", "processing_level": "RSLC", "flight_direction": "ASCENDING", "relative_orbit": 117, "absolute_orbit": 1773, "frame_number": 173, "start_time": "2025-11-30T08:46:24Z", "stop_time": "2025-11-30T08:46:59Z", "scene_name": "NISAR_L1_PR_RSLC_006_117_A_173_2005_DHDH_A_20251130T084624_20251130T084659_X05010_F_F_J_001" }, "geometry": { "type": "Polygon", "coordinates": [ [ [ -43.75025, -9.97123 ], [ -44.20802, -7.82422 ], [ -46.46357, -8.28916 ], [ -46.02606, -10.43074 ], [ -43.75025, -9.97123 ] ] ] } },
{ "type": "Feature", "properties": { "query_name": "feature_0_part_1_split_1", "feature_index": 0, "dataset": "NISAR", "platform": "NISAR", "product_id": "NISAR_L1_PR_RSLC_006_117_A_174_2005_DHDH_A_20251130T084658_20251130T084732_X05010_F_F_J_001", "processing_level": "RSLC", "flight_direction": "ASCENDING", "relative_orbit": 117, "absolute_orbit": 1773, "frame_number": 174, "start_time": "2025-11-30T08:46:58Z", "stop_time": "2025-11-30T08:47:32Z", "scene_name": "NISAR_L1_PR_RSLC_006_117_A_174_2005_DHDH_A_20251130T084658_20251130T084732_X05010_F_F_J_001" }, "geometry": { "type": "Polygon", "coordinates": [ [ [ -44.18247, -7.94346 ], [ -44.62568, -5.85498 ], [ -46.87024, -6.32601 ], [ -46.43976, -8.40823 ], [ -44.18247, -7.94346 ] ] ] } },
{ "type": "Feature", "properties": { "query_name": "feature_0_part_1_split_1", "feature_index": 0, "dataset": "NISAR", "platform": "NISAR", "product_id": "NISAR_L1_PR_RSLC_006_117_A_175_2005_DHDH_A_20251130T084731_20251130T084806_X05010_F_F_J_001", "processing_level": "RSLC", "flight_direction": "ASCENDING", "relative_orbit": 117, "absolute_orbit": 1773, "frame_number": 175, "start_time": "2025-11-30T08:47:31Z", "stop_time": "2025-11-30T08:48:06Z", "scene_name": "NISAR_L1_PR_RSLC_006_117_A_175_2005_DHDH_A_20251130T084731_20251130T084806_X05010_F_F_J_001" }, "geometry": { "type": "Polygon", "coordinates": [ [ [ -44.59991, -5.97421 ], [ -45.05862, -3.82586 ], [ -47.29533, -4.30349 ], [ -46.84573, -6.44501 ], [ -44.59991, -5.97421 ] ] ] } },
{ "type": "Feature", "properties": { "query_name": "feature_0_part_1_split_1", "feature_index": 0, "dataset": "NISAR", "platform": "NISAR", "product_id": "NISAR_L1_PR_RSLC_006_140_D_094_2005_DHDH_A_20251201T221845_20251201T221920_X05009_N_F_J_001", "processing_level": "RSLC", "flight_direction": "DESCENDING", "relative_orbit": 140, "absolute_orbit": 1796, "frame_number": 94, "start_time": "2025-12-01T22:18:45Z", "stop_time": "2025-12-01T22:19:20Z", "scene_name": "NISAR_L1_PR_RSLC_006_140_D_094_2005_DHDH_A_20251201T221845_20251201T221920_X05009_N_F_J_001" }, "geometry": { "type": "Polygon", "coordinates": [ [ [ -61.69777, -9.72102 ], [ -62.15004, -11.86855 ], [ -59.83136, -12.3275 ], [ -59.39742, -10.18638 ], [ -61.69777, -9.72102 ] ] ] } },
{ "type": "Feature", "properties": { "query_name": "feature_0_part_1_split_1", "feature_index": 0, "dataset": "NISAR", "platform": "NISAR", "product_id": "NISAR_L1_PR_RSLC_006_140_D_095_2005_DHDH_A_20251201T221919_20251201T221953_X05009_N_F_J_001", "processing_level": "RSLC", "flight_direction": "DESCENDING", "relative_orbit": 140, "absolute_orbit": 1796, "frame_number": 95, "start_time": "2025-12-01T22:19:19Z", "stop_time": "2025-12-01T22:19:53Z", "scene_name": "NISAR_L1_PR_RSLC_006_140_D_095_2005_DHDH_A_20251201T221919_20251201T221953_X05009_N_F_J_001" }, "geometry": { "type": "Polygon", "coordinates": [ [ [ -62.12717, -11.74885 ], [ -62.5714, -13.83517 ], [ -60.22964, -14.28906 ], [ -59.80785, -12.2085 ], [ -62.12717, -11.74885 ] ] ] } },
{ "type": "Feature", "properties": { "query_name": "feature_0_part_1_split_1", "feature_index": 0, "dataset": "NISAR", "platform": "NISAR", "product_id": "NISAR_L1_PR_RSLC_007_016_A_175_4005_DHDH_A_20251205T083942_20251205T083947_X05009_N_P_J_001", "processing_level": "RSLC", "flight_direction": "ASCENDING", "relative_orbit": 16, "absolute_orbit": 1845, "frame_number": 175, "start_time": "2025-12-05T08:39:42Z", "stop_time": "2025-12-05T08:39:47Z", "scene_name": "NISAR_L1_PR_RSLC_007_016_A_175_4005_DHDH_A_20251205T083942_20251205T083947_X05009_N_P_J_001" }, "geometry": { "type": "Polygon", "coordinates": [ [ [ -42.87708, -4.17329 ], [ -42.95482, -3.81546 ], [ -45.17954, -4.2906 ], [ -45.10545, -4.64779 ], [ -42.87708, -4.17329 ] ] ] } },
{ "type": "Feature", "properties": { "query_name": "feature_0_part_1_split_1", "feature_index": 0, "dataset": "NISAR", "platform": "NISAR", "product_id": "NISAR_L1_PR_RSLC_007_016_A_176_4005_DHDH_A_20251205T083946_20251205T084020_X05009_N_F_J_001", "processing_level": "RSLC", "flight_direction": "ASCENDING", "relative_orbit": 16, "absolute_orbit": 1845, "frame_number": 176, "start_time": "2025-12-05T08:39:46Z", "stop_time": "2025-12-05T08:40:20Z", "scene_name": "NISAR_L1_PR_RSLC_007_016_A_176_4005_DHDH_A_20251205T083946_20251205T084020_X05009_N_F_J_001" }, "geometry": { "type": "Polygon", "coordinates": [ [ [ -42.9292, -3.93478 ], [ -43.37977, -1.8462 ], [ -45.59874, -2.32767 ], [ -45.15445, -4.40956 ], [ -42.9292, -3.93478 ] ] ] } },
{ "type": "Feature", "properties": { "query_name": "feature_0_part_1_split_1", "feature_index": 0, "dataset": "NISAR", "platform": "NISAR", "product_id": "NISAR_L1_PR_RSLC_007_045_A_174_2005_DHDH_A_20251207T085516_20251207T085552_X05009_N_F_J_001", "processing_level": "RSLC", "flight_direction": "ASCENDING", "relative_orbit": 45, "absolute_orbit": 1874, "frame_number": 174, "start_time": "2025-12-07T08:55:16Z", "stop_time": "2025-12-07T08:55:52Z", "scene_name": "NISAR_L1_PR_RSLC_007_045_A_174_2005_DHDH_A_20251207T085516_20251207T085552_X05009_N_F_J_001" }, "geometry": { "type": "Polygon", "coordinates": [ [ [ -46.24602, -8.05265 ], [ -46.71671, -5.84534 ], [ -48.92143, -6.30807 ], [ -48.46449, -8.509 ], [ -46.24602, -8.05265 ] ] ] } },
{ "type": "Feature", "properties": { "query_name": "feature_0_part_1_split_1", "feature_index": 0, "dataset": "NISAR", "platform": "NISAR", "product_id": "NISAR_L1_PR_RSLC_007_045_A_173_2005_DHDH_A_20251207T085516_20251207T085519_X05010_N_P_J_001", "processing_level": "RSLC", "flight_direction": "ASCENDING", "relative_orbit": 45, "absolute_orbit": 1874, "frame_number": 173, "start_time": "2025-12-07T08:55:16Z", "stop_time": "2025-12-07T08:55:19Z", "scene_name": "NISAR_L1_PR_RSLC_007_045_A_173_2005_DHDH_A_20251207T085516_20251207T085519_X05010_N_P_J_001" }, "geometry": { "type": "Polygon", "coordinates": [ [ [ -46.24602, -8.05265 ], [ -46.29943, -7.81462 ], [ -48.51385, -8.27116 ], [ -48.46449, -8.509 ], [ -46.24602, -8.05265 ] ] ] } },
{ "type": "Feature", "properties": { "query_name": "feature_0_part_1_split_1", "feature_index": 0, "dataset": "NISAR", "platform": "NISAR", "product_id": "NISAR_L1_PR_RSLC_007_045_A_175_2005_DHDH_A_20251207T085551_20251207T085626_X05009_N_F_J_001", "processing_level": "RSLC", "flight_direction": "ASCENDING", "relative_orbit": 45, "absolute_orbit": 1874, "frame_number": 175, "start_time": "2025-12-07T08:55:51Z", "stop_time": "2025-12-07T08:56:26Z", "scene_name": "NISAR_L1_PR_RSLC_007_045_A_175_2005_DHDH_A_20251207T085551_20251207T085626_X05009_N_F_J_001" }, "geometry": { "type": "Polygon", "coordinates": [ [ [ -46.69246, -5.96489 ], [ -47.15129, -3.81661 ], [ -49.34708, -4.28554 ], [ -48.89666, -6.42702 ], [ -46.69246, -5.96489 ] ] ] } },
{ "type": "Feature", "properties": { "query_name": "feature_0_part_1_split_1", "feature_index": 0, "dataset": "NISAR", "platform": "NISAR", "product_id": "NISAR_L1_PR_RSLC_007_140_D_094_2005_SHSH_A_20251213T221846_20251213T221920_X05009_N_F_J_001", "processing_level": "RSLC", "flight_direction": "DESCENDING", "relative_orbit": 140, "absolute_orbit": 1969, "frame_number": 94, "start_time": "2025-12-13T22:18:46Z", "stop_time": "2025-12-13T22:19:20Z", "scene_name": "NISAR_L1_PR_RSLC_007_140_D_094_2005_SHSH_A_20251213T221846_20251213T221920_X05009_N_F_J_001" }, "geometry": { "type": "Polygon", "coordinates": [ [ [ -61.7044, -9.7602 ], [ -62.14447, -11.84801 ], [ -59.84519, -12.30329 ], [ -59.42341, -10.22153 ], [ -61.7044, -9.7602 ] ] ] } },
{ "type": "Feature", "properties": { "query_name": "feature_0_part_1_split_1", "feature_index": 0, "dataset": "NISAR", "platform": "NISAR", "product_id": "NISAR_L1_PR_RSLC_007_140_D_095_2005_SHSH_A_20251213T221919_20251213T221954_X05009_N_F_J_001", "processing_level": "RSLC", "flight_direction": "DESCENDING", "relative_orbit": 140, "absolute_orbit": 1969, "frame_number": 95, "start_time": "2025-12-13T22:19:19Z", "stop_time": "2025-12-13T22:19:54Z", "scene_name": "NISAR_L1_PR_RSLC_007_140_D_095_2005_SHSH_A_20251213T221919_20251213T221954_X05009_N_F_J_001" }, "geometry": { "type": "Polygon", "coordinates": [ [ [ -62.1214, -11.72835 ], [ -62.5786, -13.87423 ], [ -60.25541, -14.32442 ], [ -59.82163, -12.1843 ], [ -62.1214, -11.72835 ] ] ] } },
{ "type": "Feature", "properties": { "query_name": "feature_0_part_1_split_1", "feature_index": 0, "dataset": "NISAR", "platform": "NISAR", "product_id": "NISAR_L1_PR_RSLC_007_146_A_172_2005_DHDH_A_20251214T090230_20251214T090305_X05009_N_F_J_001", "processing_level": "RSLC", "flight_direction": "ASCENDING", "relative_orbit": 146, "absolute_orbit": 1975, "frame_number": 172, "start_time": "2025-12-14T09:02:30Z", "stop_time": "2025-12-14T09:03:05Z", "scene_name": "NISAR_L1_PR_RSLC_007_146_A_172_2005_DHDH_A_20251214T090230_20251214T090305_X05009_N_F_J_001" }, "geometry": { "type": "Polygon", "coordinates": [ [ [ -47.4713, -11.96125 ], [ -47.92719, -9.81453 ], [ -50.20118, -10.27446 ], [ -49.76626, -12.41545 ], [ -47.4713, -11.96125 ] ] ] } },
{ "type": "Feature", "properties": { "query_name": "feature_0_part_1_split_1", "feature_index": 0, "dataset": "NISAR", "platform": "NISAR", "product_id": "NISAR_L1_PR_RSLC_007_146_A_173_2005_DHDH_A_20251214T090304_20251214T090338_X05009_N_F_J_001", "processing_level": "RSLC", "flight_direction": "ASCENDING", "relative_orbit": 146, "absolute_orbit": 1975, "frame_number": 173, "start_time": "2025-12-14T09:03:04Z", "stop_time": "2025-12-14T09:03:38Z", "scene_name": "NISAR_L1_PR_RSLC_007_146_A_173_2005_DHDH_A_20251214T090304_20251214T090338_X05009_N_F_J_001" }, "geometry": { "type": "Polygon", "coordinates": [ [ [ -47.90243, -9.93389 ], [ -48.34667, -7.84633 ], [ -50.60557, -8.31189 ], [ -50.17682, -10.39336 ], [ -47.90243, -9.93389 ] ] ] } },
{ "type": "Feature", "properties": { "query_name": "feature_0_part_1_split_1", "feature_index": 0, "dataset": "NISAR", "platform": "NISAR", "product_id": "NISAR_L1_PR_RSLC_007_146_A_174_2005_DHDH_A_20251214T090337_20251214T090412_X05009_N_F_J_001", "processing_level": "RSLC", "flight_direction": "ASCENDING", "relative_orbit": 146, "absolute_orbit": 1975, "frame_number": 174, "start_time": "2025-12-14T09:03:37Z", "stop_time": "2025-12-14T09:04:12Z", "scene_name": "NISAR_L1_PR_RSLC_007_146_A_174_2005_DHDH_A_20251214T090337_20251214T090412_X05009_N_F_J_001" }, "geometry": { "type": "Polygon", "coordinates": [ [ [ -48.32113, -7.96557 ], [ -48.77947, -5.81791 ], [ -51.02623, -6.28956 ], [ -50.58096, -8.43081 ], [ -48.32113, -7.96557 ] ] ] } },
{ "type": "Feature", "properties": { "query_name": "feature_0_part_1_split_1", "feature_index": 0, "dataset": "NISAR", "platform": "NISAR", "product_id": "NISAR_L1_PR_RSLC_008_016_A_175_4005_DHDH_A_20251217T083943_20251217T083948_X05009_N_P_J_001", "processing_level": "RSLC", "flight_direction": "ASCENDING", "relative_orbit": 16, "absolute_orbit": 2018, "frame_number": 175, "start_time": "2025-12-17T08:39:43Z", "stop_time": "2025-12-17T08:39:48Z", "scene_name": "NISAR_L1_PR_RSLC_008_016_A_175_4005_DHDH_A_20251217T083943_20251217T083948_X05009_N_P_J_001" }, "geometry": { "type": "Polygon", "coordinates": [ [ [ -42.88105, -4.15626 ], [ -42.95924, -3.79853 ], [ -45.1839, -4.27374 ], [ -45.10933, -4.63082 ], [ -42.88105, -4.15626 ] ] ] } },
{ "type": "Feature", "properties": { "query_name": "feature_0_part_1_split_1", "feature_index": 0, "dataset": "NISAR", "platform": "NISAR", "product_id": "NISAR_L1_PR_RSLC_008_016_A_176_4005_DHDH_A_20251217T083947_20251217T084021_X05009_N_F_J_001", "processing_level": "RSLC", "flight_direction": "ASCENDING", "relative_orbit": 16, "absolute_orbit": 2018, "frame_number": 176, "start_time": "2025-12-17T08:39:47Z", "stop_time": "2025-12-17T08:40:21Z", "scene_name": "NISAR_L1_PR_RSLC_008_016_A_176_4005_DHDH_A_20251217T083947_20251217T084021_X05009_N_F_J_001" }, "geometry": { "type": "Polygon", "coordinates": [ [ [ -42.93355, -3.91783 ], [ -43.38416, -1.82926 ], [ -45.60324, -2.31082 ], [ -45.15892, -4.39272 ], [ -42.93355, -3.91783 ] ] ] } },
{ "type": "Feature", "properties": { "query_name": "feature_0_part_1_split_1", "feature_index": 0, "dataset": "NISAR", "platform": "NISAR", "product_id": "NISAR_L1_PR_RSLC_008_045_A_174_2005_SHSH_A_20251219T085517_20251219T085553_X05009_N_F_J_001", "processing_level": "RSLC", "flight_direction": "ASCENDING", "relative_orbit": 45, "absolute_orbit": 2047, "frame_number": 174, "start_time": "2025-12-19T08:55:17Z", "stop_time": "2025-12-19T08:55:53Z", "scene_name": "NISAR_L1_PR_RSLC_008_045_A_174_2005_SHSH_A_20251219T085517_20251219T085553_X05009_N_F_J_001" }, "geometry": { "type": "Polygon", "coordinates": [ [ [ -46.25123, -8.03208 ], [ -46.72201, -5.82478 ], [ -48.9268, -6.28759 ], [ -48.47007, -8.48858 ], [ -46.25123, -8.03208 ] ] ] } },
{ "type": "Feature", "properties": { "query_name": "feature_0_part_1_split_1", "feature_index": 0, "dataset": "NISAR", "platform": "NISAR", "product_id": "NISAR_L1_PR_RSLC_008_045_A_173_2005_SHSH_A_20251219T085517_20251219T085520_X05010_N_P_J_001", "processing_level": "RSLC", "flight_direction": "ASCENDING", "relative_orbit": 45, "absolute_orbit": 2047, "frame_number": 173, "start_time": "2025-12-19T08:55:17Z", "stop_time": "2025-12-19T08:55:20Z", "scene_name": "NISAR_L1_PR_RSLC_008_045_A_173_2005_SHSH_A_20251219T085517_20251219T085520_X05010_N_P_J_001" }, "geometry": { "type": "Polygon", "coordinates": [ [ [ -46.25123, -8.03208 ], [ -46.30278, -7.79367 ], [ -48.51954, -8.25076 ], [ -48.47007, -8.48858 ], [ -46.25123, -8.03208 ] ] ] } },
{ "type": "Feature", "properties": { "query_name": "feature_0_part_1_split_1", "feature_index": 0, "dataset": "NISAR", "platform": "NISAR", "product_id": "NISAR_L1_PR_RSLC_008_045_A_175_2005_SHSH_A_20251219T085552_20251219T085626_X05009_N_F_J_001", "processing_level": "RSLC", "flight_direction": "ASCENDING", "relative_orbit": 45, "absolute_orbit": 2047, "frame_number": 175, "start_time": "2025-12-19T08:55:52Z", "stop_time": "2025-12-19T08:56:26Z", "scene_name": "NISAR_L1_PR_RSLC_008_045_A_175_2005_SHSH_A_20251219T085552_20251219T085626_X05009_N_F_J_001" }, "geometry": { "type": "Polygon", "coordinates": [ [ [ -46.69738, -5.94425 ], [ -47.14369, -3.85569 ], [ -49.34004, -4.32457 ], [ -48.90219, -6.40657 ], [ -46.69738, -5.94425 ] ] ] } },
{ "type": "Feature", "properties": { "query_name": "feature_0_part_1_split_1", "feature_index": 0, "dataset": "NISAR", "platform": "NISAR", "product_id": "NISAR_L1_PR_RSLC_008_117_A_170_2005_DHDH_A_20251224T084445_20251224T084520_X05009_N_F_J_001", "processing_level": "RSLC", "flight_direction": "ASCENDING", "relative_orbit": 117, "absolute_orbit": 2119, "frame_number": 170, "start_time": "2025-12-24T08:44:45Z", "stop_time": "2025-12-24T08:45:20Z", "scene_name": "NISAR_L1_PR_RSLC_008_117_A_170_2005_DHDH_A_20251224T084445_20251224T084520_X05009_N_F_J_001" }, "geometry": { "type": "Polygon", "coordinates": [ [ [ -42.48678, -15.9406 ], [ -42.93788, -13.79428 ], [ -45.25302, -14.24348 ], [ -44.82286, -16.3831 ], [ -42.48678, -15.9406 ] ] ] } },
{ "type": "Feature", "properties": { "query_name": "feature_0_part_1_split_1", "feature_index": 0, "dataset": "NISAR", "platform": "NISAR", "product_id": "NISAR_L1_PR_RSLC_008_117_A_171_2005_DHDH_A_20251224T084519_20251224T084553_X05009_N_F_J_001", "processing_level": "RSLC", "flight_direction": "ASCENDING", "relative_orbit": 117, "absolute_orbit": 2119, "frame_number": 171, "start_time": "2025-12-24T08:45:19Z", "stop_time": "2025-12-24T08:45:53Z", "scene_name": "NISAR_L1_PR_RSLC_008_117_A_171_2005_DHDH_A_20251224T084519_20251224T084553_X05009_N_F_J_001" }, "geometry": { "type": "Polygon", "coordinates": [ [ [ -42.91219, -13.91338 ], [ -43.35423, -11.82673 ], [ -45.64843, -12.28129 ], [ -45.22865, -14.36225 ], [ -42.91219, -13.91338 ] ] ] } },
{ "type": "Feature", "properties": { "query_name": "feature_0_part_1_split_1", "feature_index": 0, "dataset": "NISAR", "platform": "NISAR", "product_id": "NISAR_L1_PR_RSLC_008_117_A_172_2005_DHDH_A_20251224T084552_20251224T084627_X05009_N_F_J_001", "processing_level": "RSLC", "flight_direction": "ASCENDING", "relative_orbit": 117, "absolute_orbit": 2119, "frame_number": 172, "start_time": "2025-12-24T08:45:52Z", "stop_time": "2025-12-24T08:46:27Z", "scene_name": "NISAR_L1_PR_RSLC_008_117_A_172_2005_DHDH_A_20251224T084552_20251224T084627_X05009_N_F_J_001" }, "geometry": { "type": "Polygon", "coordinates": [ [ [ -43.32895, -11.94594 ], [ -43.786, -9.79948 ], [ -46.06091, -10.25956 ], [ -45.62464, -12.40023 ], [ -43.32895, -11.94594 ] ] ] } },
{ "type": "Feature", "properties": { "query_name": "feature_0_part_1_split_1", "feature_index": 0, "dataset": "NISAR", "platform": "NISAR", "product_id": "NISAR_L1_PR_RSLC_008_117_A_173_2005_DHDH_A_20251224T084626_20251224T084700_X05009_N_F_J_001", "processing_level": "RSLC", "flight_direction": "ASCENDING", "relative_orbit": 117, "absolute_orbit": 2119, "frame_number": 173, "start_time": "2025-12-24T08:46:26Z", "stop_time": "2025-12-24T08:47:00Z", "scene_name": "NISAR_L1_PR_RSLC_008_117_A_173_2005_DHDH_A_20251224T084626_20251224T084700_X05009_N_F_J_001" }, "geometry": { "type": "Polygon", "coordinates": [ [ [ -43.76079, -9.91875 ], [ -44.20595, -7.83139 ], [ -46.46167, -8.2963 ], [ -46.03649, -10.37844 ], [ -43.76079, -9.91875 ] ] ] } },
{ "type": "Feature", "properties": { "query_name": "feature_0_part_1_split_1", "feature_index": 0, "dataset": "NISAR", "platform": "NISAR", "product_id": "NISAR_L1_PR_RSLC_008_117_A_174_2005_DHDH_A_20251224T084659_20251224T084734_X05009_N_F_J_001", "processing_level": "RSLC", "flight_direction": "ASCENDING", "relative_orbit": 117, "absolute_orbit": 2119, "frame_number": 174, "start_time": "2025-12-24T08:46:59Z", "stop_time": "2025-12-24T08:47:34Z", "scene_name": "NISAR_L1_PR_RSLC_008_117_A_174_2005_DHDH_A_20251224T084659_20251224T084734_X05009_N_F_J_001" }, "geometry": { "type": "Polygon", "coordinates": [ [ [ -44.18059, -7.95067 ], [ -44.63621, -5.80246 ], [ -46.88068, -6.27366 ], [ -46.4377, -8.41534 ], [ -44.18059, -7.95067 ] ] ] } },
{ "type": "Feature", "properties": { "query_name": "feature_0_part_1_split_1", "feature_index": 0, "dataset": "NISAR", "platform": "NISAR", "product_id": "NISAR_L1_PR_RSLC_008_117_A_175_2005_DHDH_A_20251224T084733_20251224T084807_X05009_N_F_J_001", "processing_level": "RSLC", "flight_direction": "ASCENDING", "relative_orbit": 117, "absolute_orbit": 2119, "frame_number": 175, "start_time": "2025-12-24T08:47:33Z", "stop_time": "2025-12-24T08:48:07Z", "scene_name": "NISAR_L1_PR_RSLC_008_117_A_175_2005_DHDH_A_20251224T084733_20251224T084807_X05009_N_F_J_001" }, "geometry": { "type": "Polygon", "coordinates": [ [ [ -44.61075, -5.92175 ], [ -45.05666, -3.83305 ], [ -47.29347, -4.31065 ], [ -46.85575, -6.39257 ], [ -44.61075, -5.92175 ] ] ] } },
{ "type": "Feature", "properties": { "query_name": "feature_0_part_1_split_1", "feature_index": 0, "dataset": "NISAR", "platform": "NISAR", "product_id": "NISAR_L1_PR_RSLC_009_016_A_175_4005_DHDH_A_20251229T083943_20251229T083948_X05009_N_P_J_001", "processing_level": "RSLC", "flight_direction": "ASCENDING", "relative_orbit": 16, "absolute_orbit": 2191, "frame_number": 175, "start_time": "2025-12-29T08:39:43Z", "stop_time": "2025-12-29T08:39:48Z", "scene_name": "NISAR_L1_PR_RSLC_009_016_A_175_4005_DHDH_A_20251229T083943_20251229T083948_X05009_N_P_J_001" }, "geometry": { "type": "Polygon", "coordinates": [ [ [ -42.8757, -4.17883 ], [ -42.95343, -3.82101 ], [ -45.17817, -4.29618 ], [ -45.10415, -4.65337 ], [ -42.8757, -4.17883 ] ] ] } },
{ "type": "Feature", "properties": { "query_name": "feature_0_part_1_split_1", "feature_index": 0, "dataset": "NISAR", "platform": "NISAR", "product_id": "NISAR_L1_PR_RSLC_009_016_A_176_4005_DHDH_A_20251229T083947_20251229T084021_X05009_N_F_J_001", "processing_level": "RSLC", "flight_direction": "ASCENDING", "relative_orbit": 16, "absolute_orbit": 2191, "frame_number": 176, "start_time": "2025-12-29T08:39:47Z", "stop_time": "2025-12-29T08:40:21Z", "scene_name": "NISAR_L1_PR_RSLC_009_016_A_176_4005_DHDH_A_20251229T083947_20251229T084021_X05009_N_F_J_001" }, "geometry": { "type": "Polygon", "coordinates": [ [ [ -42.92769, -3.94029 ], [ -43.37832, -1.85173 ], [ -45.59735, -2.33324 ], [ -45.15306, -4.41513 ], [ -42.92769, -3.94029 ] ] ] } },
{ "type": "Feature", "properties": { "query_name": "feature_0_part_1_split_1", "feature_index": 0, "dataset": "NISAR", "platform": "NISAR", "product_id": "NISAR_L1_PR_RSLC_009_117_A_170_2005_DHDH_A_20260105T084446_20260105T084520_X05009_N_F_J_001", "processing_level": "RSLC", "flight_direction": "ASCENDING", "relative_orbit": 117, "absolute_orbit": 2292, "frame_number": 170, "start_time": "2026-01-05T08:44:46Z", "stop_time": "2026-01-05T08:45:20Z", "scene_name": "NISAR_L1_PR_RSLC_009_117_A_170_2005_DHDH_A_20260105T084446_20260105T084520_X05009_N_F_J_001" }, "geometry": { "type": "Polygon", "coordinates": [ [ [ -42.48952, -15.92293 ], [ -42.9284, -13.83632 ], [ -45.24449, -14.28547 ], [ -44.82631, -16.36564 ], [ -42.48952, -15.92293 ] ] ] } },
{ "type": "Feature", "properties": { "query_name": "feature_0_part_1_split_1", "feature_index": 0, "dataset": "NISAR", "platform": "NISAR", "product_id": "NISAR_L1_PR_RSLC_009_117_A_171_2005_DHDH_A_20260105T084519_20260105T084554_X05009_N_F_J_001", "processing_level": "RSLC", "flight_direction": "ASCENDING", "relative_orbit": 117, "absolute_orbit": 2292, "frame_number": 171, "start_time": "2026-01-05T08:45:19Z", "stop_time": "2026-01-05T08:45:54Z", "scene_name": "NISAR_L1_PR_RSLC_009_117_A_171_2005_DHDH_A_20260105T084519_20260105T084554_X05009_N_F_J_001" }, "geometry": { "type": "Polygon", "coordinates": [ [ [ -42.90271, -13.95541 ], [ -43.3577, -11.80923 ], [ -45.65209, -12.26388 ], [ -45.22011, -14.40424 ], [ -42.90271, -13.95541 ] ] ] } },
{ "type": "Feature", "properties": { "query_name": "feature_0_part_1_split_1", "feature_index": 0, "dataset": "NISAR", "platform": "NISAR", "product_id": "NISAR_L1_PR_RSLC_009_117_A_172_2005_DHDH_A_20260105T084553_20260105T084627_X05009_N_F_J_001", "processing_level": "RSLC", "flight_direction": "ASCENDING", "relative_orbit": 117, "absolute_orbit": 2292, "frame_number": 172, "start_time": "2026-01-05T08:45:53Z", "stop_time": "2026-01-05T08:46:27Z", "scene_name": "NISAR_L1_PR_RSLC_009_117_A_172_2005_DHDH_A_20260105T084553_20260105T084627_X05009_N_F_J_001" }, "geometry": { "type": "Polygon", "coordinates": [ [ [ -43.33239, -11.92844 ], [ -43.77676, -9.84162 ], [ -46.05204, -10.30156 ], [ -45.62803, -12.38277 ], [ -43.33239, -11.92844 ] ] ] } },
{ "type": "Feature", "properties": { "query_name": "feature_0_part_1_split_1", "feature_index": 0, "dataset": "NISAR", "platform": "NISAR", "product_id": "NISAR_L1_PR_RSLC_009_117_A_173_2005_DHDH_A_20260105T084626_20260105T084701_X05009_N_F_J_001", "processing_level": "RSLC", "flight_direction": "ASCENDING", "relative_orbit": 117, "absolute_orbit": 2292, "frame_number": 173, "start_time": "2026-01-05T08:46:26Z", "stop_time": "2026-01-05T08:47:01Z", "scene_name": "NISAR_L1_PR_RSLC_009_117_A_173_2005_DHDH_A_20260105T084626_20260105T084701_X05009_N_F_J_001" }, "geometry": { "type": "Polygon", "coordinates": [ [ [ -43.75152, -9.96088 ], [ -44.2095, -7.81393 ], [ -46.46503, -8.27885 ], [ -46.02762, -10.42044 ], [ -43.75152, -9.96088 ] ] ] } },
{ "type": "Feature", "properties": { "query_name": "feature_0_part_1_split_1", "feature_index": 0, "dataset": "NISAR", "platform": "NISAR", "product_id": "NISAR_L1_PR_RSLC_009_117_A_174_2005_DHDH_A_20260105T084700_20260105T084734_X05009_N_F_J_001", "processing_level": "RSLC", "flight_direction": "ASCENDING", "relative_orbit": 117, "absolute_orbit": 2292, "frame_number": 174, "start_time": "2026-01-05T08:47:00Z", "stop_time": "2026-01-05T08:47:34Z", "scene_name": "NISAR_L1_PR_RSLC_009_117_A_174_2005_DHDH_A_20260105T084700_20260105T084734_X05009_N_F_J_001" }, "geometry": { "type": "Polygon", "coordinates": [ [ [ -44.18378, -7.93313 ], [ -44.62699, -5.84466 ], [ -46.87155, -6.31568 ], [ -46.44131, -8.39794 ], [ -44.18378, -7.93313 ] ] ] } },
{ "type": "Feature", "properties": { "query_name": "feature_0_part_1_split_1", "feature_index": 0, "dataset": "NISAR", "platform": "NISAR", "product_id": "NISAR_L1_PR_RSLC_009_117_A_175_2005_DHDH_A_20260105T084733_20260105T084807_X05009_N_F_J_001", "processing_level": "RSLC", "flight_direction": "ASCENDING", "relative_orbit": 117, "absolute_orbit": 2292, "frame_number": 175, "start_time": "2026-01-05T08:47:33Z", "stop_time": "2026-01-05T08:48:07Z", "scene_name": "NISAR_L1_PR_RSLC_009_117_A_175_2005_DHDH_A_20260105T084733_20260105T084807_X05009_N_F_J_001" }, "geometry": { "type": "Polygon", "coordinates": [ [ [ -44.60146, -5.96394 ], [ -45.04709, -3.87521 ], [ -47.28458, -4.35276 ], [ -46.84709, -6.43469 ], [ -44.60146, -5.96394 ] ] ] } },
{ "type": "Feature", "properties": { "query_name": "feature_0_part_1_split_1", "feature_index": 0, "dataset": "NISAR", "platform": "NISAR", "product_id": "NISAR_L1_PR_RSLC_010_016_A_175_4005_DHDH_A_20260110T083944_20260110T083949_X05009_N_P_J_001", "processing_level": "RSLC", "flight_direction": "ASCENDING", "relative_orbit": 16, "absolute_orbit": 2364, "frame_number": 175, "start_time": "2026-01-10T08:39:44Z", "stop_time": "2026-01-10T08:39:49Z", "scene_name": "NISAR_L1_PR_RSLC_010_016_A_175_4005_DHDH_A_20260110T083944_20260110T083949_X05009_N_P_J_001" }, "geometry": { "type": "Polygon", "coordinates": [ [ [ -42.87917, -4.16211 ], [ -42.95712, -3.80433 ], [ -45.18192, -4.27958 ], [ -45.10717, -4.63663 ], [ -42.87917, -4.16211 ] ] ] } },
{ "type": "Feature", "properties": { "query_name": "feature_0_part_1_split_1", "feature_index": 0, "dataset": "NISAR", "platform": "NISAR", "product_id": "NISAR_L1_PR_RSLC_010_016_A_176_4005_DHDH_A_20260110T083948_20260110T084022_X05009_N_F_J_001", "processing_level": "RSLC", "flight_direction": "ASCENDING", "relative_orbit": 16, "absolute_orbit": 2364, "frame_number": 176, "start_time": "2026-01-10T08:39:48Z", "stop_time": "2026-01-10T08:40:22Z", "scene_name": "NISAR_L1_PR_RSLC_010_016_A_176_4005_DHDH_A_20260110T083948_20260110T084022_X05009_N_F_J_001" }, "geometry": { "type": "Polygon", "coordinates": [ [ [ -42.93139, -3.92362 ], [ -43.38214, -1.83507 ], [ -45.60122, -2.31666 ], [ -45.15688, -4.39855 ], [ -42.93139, -3.92362 ] ] ] } },
{ "type": "Feature", "properties": { "query_name": "feature_0_part_1_split_1", "feature_index": 0, "dataset": "NISAR", "platform": "NISAR", "product_id": "NISAR_L1_PR_RSLC_010_045_A_174_2005_DHDH_A_20260112T085518_20260112T085554_X05010_N_F_J_001", "processing_level": "RSLC", "flight_direction": "ASCENDING", "relative_orbit": 45, "absolute_orbit": 2393, "frame_number": 174, "start_time": "2026-01-12T08:55:18Z", "stop_time": "2026-01-12T08:55:54Z", "scene_name": "NISAR_L1_PR_RSLC_010_045_A_174_2005_DHDH_A_20260112T085518_20260112T085554_X05010_N_F_J_001" }, "geometry": { "type": "Polygon", "coordinates": [ [ [ -46.24874, -8.04309 ], [ -46.71942, -5.83577 ], [ -48.9242, -6.29859 ], [ -48.46722, -8.49952 ], [ -46.24874, -8.04309 ] ] ] } },
{ "type": "Feature", "properties": { "query_name": "feature_0_part_1_split_1", "feature_index": 0, "dataset": "NISAR", "platform": "NISAR", "product_id": "NISAR_L1_PR_RSLC_010_045_A_173_2005_DHDH_A_20260112T085518_20260112T085521_X05010_N_P_J_001", "processing_level": "RSLC", "flight_direction": "ASCENDING", "relative_orbit": 45, "absolute_orbit": 2393, "frame_number": 173, "start_time": "2026-01-12T08:55:18Z", "stop_time": "2026-01-12T08:55:21Z", "scene_name": "NISAR_L1_PR_RSLC_010_045_A_173_2005_DHDH_A_20260112T085518_20260112T085521_X05010_N_P_J_001" }, "geometry": { "type": "Polygon", "coordinates": [ [ [ -46.24874, -8.04309 ], [ -46.3019, -7.80501 ], [ -48.51684, -8.26173 ], [ -48.46722, -8.49952 ], [ -46.24874, -8.04309 ] ] ] } },
{ "type": "Feature", "properties": { "query_name": "feature_0_part_1_split_1", "feature_index": 0, "dataset": "NISAR", "platform": "NISAR", "product_id": "NISAR_L1_PR_RSLC_010_045_A_175_2005_DHDH_A_20260112T085553_20260112T085628_X05010_N_F_J_001", "processing_level": "RSLC", "flight_direction": "ASCENDING", "relative_orbit": 45, "absolute_orbit": 2393, "frame_number": 175, "start_time": "2026-01-12T08:55:53Z", "stop_time": "2026-01-12T08:56:28Z", "scene_name": "NISAR_L1_PR_RSLC_010_045_A_175_2005_DHDH_A_20260112T085553_20260112T085628_X05010_N_F_J_001" }, "geometry": { "type": "Polygon", "coordinates": [ [ [ -46.69668, -5.95564 ], [ -47.1539, -3.80701 ], [ -49.34989, -4.27606 ], [ -48.89955, -6.41756 ], [ -46.69668, -5.95564 ] ] ] } },
{ "type": "Feature", "properties": { "query_name": "feature_0_part_1_split_1", "feature_index": 0, "dataset": "NISAR", "platform": "NISAR", "product_id": "NISAR_L1_PR_RSLC_010_117_A_170_2005_DHDH_A_20260117T084446_20260117T084521_X05010_N_F_J_001", "processing_level": "RSLC", "flight_direction": "ASCENDING", "relative_orbit": 117, "absolute_orbit": 2465, "frame_number": 170, "start_time": "2026-01-17T08:44:46Z", "stop_time": "2026-01-17T08:45:21Z", "scene_name": "NISAR_L1_PR_RSLC_010_117_A_170_2005_DHDH_A_20260117T084446_20260117T084521_X05010_N_F_J_001" }, "geometry": { "type": "Polygon", "coordinates": [ [ [ -42.48175, -15.96732 ], [ -42.93269, -13.82099 ], [ -45.24838, -14.27016 ], [ -44.81858, -16.40983 ], [ -42.48175, -15.96732 ] ] ] } },
{ "type": "Feature", "properties": { "query_name": "feature_0_part_1_split_1", "feature_index": 0, "dataset": "NISAR", "platform": "NISAR", "product_id": "NISAR_L1_PR_RSLC_010_117_A_171_2005_DHDH_A_20260117T084520_20260117T084554_X05010_N_F_J_001", "processing_level": "RSLC", "flight_direction": "ASCENDING", "relative_orbit": 117, "absolute_orbit": 2465, "frame_number": 171, "start_time": "2026-01-17T08:45:20Z", "stop_time": "2026-01-17T08:45:54Z", "scene_name": "NISAR_L1_PR_RSLC_010_117_A_171_2005_DHDH_A_20260117T084520_20260117T084554_X05010_N_F_J_001" }, "geometry": { "type": "Polygon", "coordinates": [ [ [ -42.90713, -13.94011 ], [ -43.34923, -11.85349 ], [ -45.64377, -12.30799 ], [ -45.22372, -14.38888 ], [ -42.90713, -13.94011 ] ] ] } },
{ "type": "Feature", "properties": { "query_name": "feature_0_part_1_split_1", "feature_index": 0, "dataset": "NISAR", "platform": "NISAR", "product_id": "NISAR_L1_PR_RSLC_010_117_A_172_2005_DHDH_A_20260117T084553_20260117T084628_X05010_N_F_J_001", "processing_level": "RSLC", "flight_direction": "ASCENDING", "relative_orbit": 117, "absolute_orbit": 2465, "frame_number": 172, "start_time": "2026-01-17T08:45:53Z", "stop_time": "2026-01-17T08:46:28Z", "scene_name": "NISAR_L1_PR_RSLC_010_117_A_172_2005_DHDH_A_20260117T084553_20260117T084628_X05010_N_F_J_001" }, "geometry": { "type": "Polygon", "coordinates": [ [ [ -43.32399, -11.97271 ], [ -43.78104, -9.82627 ], [ -46.05612, -10.28625 ], [ -45.61972, -12.42688 ], [ -43.32399, -11.97271 ] ] ] } },
{ "type": "Feature", "properties": { "query_name": "feature_0_part_1_split_1", "feature_index": 0, "dataset": "NISAR", "platform": "NISAR", "product_id": "NISAR_L1_PR_RSLC_010_117_A_173_2005_DHDH_A_20260117T084627_20260117T084701_X05010_N_F_J_001", "processing_level": "RSLC", "flight_direction": "ASCENDING", "relative_orbit": 117, "absolute_orbit": 2465, "frame_number": 173, "start_time": "2026-01-17T08:46:27Z", "stop_time": "2026-01-17T08:47:01Z", "scene_name": "NISAR_L1_PR_RSLC_010_117_A_173_2005_DHDH_A_20260117T084627_20260117T084701_X05010_N_F_J_001" }, "geometry": { "type": "Polygon", "coordinates": [ [ [ -43.75638, -9.94565 ], [ -44.1992, -7.85783 ], [ -46.457, -8.32304 ], [ -46.03175, -10.40514 ], [ -43.75638, -9.94565 ] ] ] } },
{ "type": "Feature", "properties": { "query_name": "feature_0_part_1_split_1", "feature_index": 0, "dataset": "NISAR", "platform": "NISAR", "product_id": "NISAR_L1_PR_RSLC_010_117_A_174_2005_DHDH_A_20260117T084700_20260117T084735_X05010_N_F_J_001", "processing_level": "RSLC", "flight_direction": "ASCENDING", "relative_orbit": 117, "absolute_orbit": 2465, "frame_number": 174, "start_time": "2026-01-17T08:47:00Z", "stop_time": "2026-01-17T08:47:35Z", "scene_name": "NISAR_L1_PR_RSLC_010_117_A_174_2005_DHDH_A_20260117T084700_20260117T084735_X05010_N_F_J_001" }, "geometry": { "type": "Polygon", "coordinates": [ [ [ -44.17577, -7.9775 ], [ -44.63101, -5.82922 ], [ -46.87579, -6.30037 ], [ -46.43248, -8.44197 ], [ -44.17577, -7.9775 ] ] ] } },
{ "type": "Feature", "properties": { "query_name": "feature_0_part_1_split_1", "feature_index": 0, "dataset": "NISAR", "platform": "NISAR", "product_id": "NISAR_L1_PR_RSLC_010_117_A_175_2005_DHDH_A_20260117T084734_20260117T084808_X05010_N_F_J_001", "processing_level": "RSLC", "flight_direction": "ASCENDING", "relative_orbit": 117, "absolute_orbit": 2465, "frame_number": 175, "start_time": "2026-01-17T08:47:34Z", "stop_time": "2026-01-17T08:48:08Z", "scene_name": "NISAR_L1_PR_RSLC_010_117_A_175_2005_DHDH_A_20260117T084734_20260117T084808_X05010_N_F_J_001" }, "geometry": { "type": "Polygon", "coordinates": [ [ [ -44.60534, -5.94847 ], [ -45.05157, -3.85986 ], [ -47.28876, -4.33743 ], [ -46.85107, -6.41933 ], [ -44.60534, -5.94847 ] ] ] } },
{ "type": "Feature", "properties": { "query_name": "feature_0_part_1_split_1", "feature_index": 0, "dataset": "NISAR", "platform": "NISAR", "product_id": "NISAR_L1_PR_RSLC_010_146_A_172_2005_DHDH_A_20260119T090232_20260119T090307_X05010_N_F_J_001", "processing_level": "RSLC", "flight_direction": "ASCENDING", "relative_orbit": 146, "absolute_orbit": 2494, "frame_number": 172, "start_time": "2026-01-19T09:02:32Z", "stop_time": "2026-01-19T09:03:07Z", "scene_name": "NISAR_L1_PR_RSLC_010_146_A_172_2005_DHDH_A_20260119T090232_20260119T090307_X05010_N_F_J_001" }, "geometry": { "type": "Polygon", "coordinates": [ [ [ -47.47109, -11.9632 ], [ -47.92725, -9.81653 ], [ -50.2014, -10.27648 ], [ -49.76648, -12.41746 ], [ -47.47109, -11.9632 ] ] ] } },
{ "type": "Feature", "properties": { "query_name": "feature_0_part_1_split_1", "feature_index": 0, "dataset": "NISAR", "platform": "NISAR", "product_id": "NISAR_L1_PR_RSLC_010_146_A_173_2005_DHDH_A_20260119T090306_20260119T090340_X05010_N_F_J_001", "processing_level": "RSLC", "flight_direction": "ASCENDING", "relative_orbit": 146, "absolute_orbit": 2494, "frame_number": 173, "start_time": "2026-01-19T09:03:06Z", "stop_time": "2026-01-19T09:03:40Z", "scene_name": "NISAR_L1_PR_RSLC_010_146_A_173_2005_DHDH_A_20260119T090306_20260119T090340_X05010_N_F_J_001" }, "geometry": { "type": "Polygon", "coordinates": [ [ [ -47.90234, -9.93586 ], [ -48.34656, -7.84829 ], [ -50.60588, -8.31392 ], [ -50.17707, -10.39538 ], [ -47.90234, -9.93586 ] ] ] } },
{ "type": "Feature", "properties": { "query_name": "feature_0_part_1_split_1", "feature_index": 0, "dataset": "NISAR", "platform": "NISAR", "product_id": "NISAR_L1_PR_RSLC_010_146_A_174_2005_DHDH_A_20260119T090339_20260119T090414_X05010_N_F_J_001", "processing_level": "RSLC", "flight_direction": "ASCENDING", "relative_orbit": 146, "absolute_orbit": 2494, "frame_number": 174, "start_time": "2026-01-19T09:03:39Z", "stop_time": "2026-01-19T09:04:14Z", "scene_name": "NISAR_L1_PR_RSLC_010_146_A_174_2005_DHDH_A_20260119T090339_20260119T090414_X05010_N_F_J_001" }, "geometry": { "type": "Polygon", "coordinates": [ [ [ -48.32095, -7.96751 ], [ -48.77921, -5.81983 ], [ -51.02642, -6.29157 ], [ -50.58116, -8.43281 ], [ -48.32095, -7.96751 ] ] ] } },
{ "type": "Feature", "properties": { "query_name": "feature_0_part_1_split_1", "feature_index": 0, "dataset": "NISAR", "platform": "NISAR", "product_id": "NISAR_L1_PR_RSLC_023_045_A_167_2005_DHDH_M_20260617T085124_20260617T085159_P05023_F_F_J_002", "processing_level": "RSLC", "flight_direction": "ASCENDING", "relative_orbit": 45, "absolute_orbit": 4642, "frame_number": 167, "start_time": "2026-06-17T08:51:24Z", "stop_time": "2026-06-17T08:51:59Z", "scene_name": "NISAR_L1_PR_RSLC_023_045_A_167_2005_DHDH_M_20260617T085124_20260617T085159_P05023_F_F_J_002" }, "geometry": { "type": "Polygon", "coordinates": [ [ [ -43.3311, -21.92657 ], [ -43.79623, -19.78476 ], [ -46.19275, -20.21758 ], [ -45.77193, -22.3554 ], [ -43.3311, -21.92657 ] ] ] } },
{ "type": "Feature", "properties": { "query_name": "feature_0_part_1_split_1", "feature_index": 0, "dataset": "NISAR", "platform": "NISAR", "product_id": "NISAR_L1_PR_RSLC_023_045_A_167_2005_DHDH_M_20260617T085124_20260617T085159_P05023_F_F_J_001", "processing_level": "RSLC", "flight_direction": "ASCENDING", "relative_orbit": 45, "absolute_orbit": 4642, "frame_number": 167, "start_time": "2026-06-17T08:51:24Z", "stop_time": "2026-06-17T08:51:59Z", "scene_name": "NISAR_L1_PR_RSLC_023_045_A_167_2005_DHDH_M_20260617T085124_20260617T085159_P05023_F_F_J_001" }, "geometry": { "type": "Polygon", "coordinates": [ [ [ -43.3311, -21.92657 ], [ -43.79623, -19.78476 ], [ -46.19275, -20.21758 ], [ -45.77193, -22.3554 ], [ -43.3311, -21.92657 ] ] ] } },
{ "type": "Feature", "properties": { "query_name": "feature_0_part_1_split_1", "feature_index": 0, "dataset": "NISAR", "platform": "NISAR", "product_id": "NISAR_L1_PR_RSLC_023_045_A_167_4005_DHDH_A_20260617T085124_20260617T085149_P05023_F_P_J_002", "processing_level": "RSLC", "flight_direction": "ASCENDING", "relative_orbit": 45, "absolute_orbit": 4642, "frame_number": 167, "start_time": "2026-06-17T08:51:24Z", "stop_time": "2026-06-17T08:51:49Z", "scene_name": "NISAR_L1_PR_RSLC_023_045_A_167_4005_DHDH_A_20260617T085124_20260617T085149_P05023_F_P_J_002" }, "geometry": { "type": "Polygon", "coordinates": [ [ [ -43.3311, -21.92657 ], [ -43.67215, -20.38071 ], [ -46.0764, -20.81164 ], [ -45.77198, -22.3554 ], [ -43.3311, -21.92657 ] ] ] } },
{ "type": "Feature", "properties": { "query_name": "feature_0_part_1_split_1", "feature_index": 0, "dataset": "NISAR", "platform": "NISAR", "product_id": "NISAR_L1_PR_RSLC_023_045_A_167_4005_DHDH_A_20260617T085124_20260617T085149_P05023_F_P_J_001", "processing_level": "RSLC", "flight_direction": "ASCENDING", "relative_orbit": 45, "absolute_orbit": 4642, "frame_number": 167, "start_time": "2026-06-17T08:51:24Z", "stop_time": "2026-06-17T08:51:49Z", "scene_name": "NISAR_L1_PR_RSLC_023_045_A_167_4005_DHDH_A_20260617T085124_20260617T085149_P05023_F_P_J_001" }, "geometry": { "type": "Polygon", "coordinates": [ [ [ -43.3311, -21.92657 ], [ -43.67215, -20.38071 ], [ -46.0764, -20.81164 ], [ -45.77198, -22.3554 ], [ -43.3311, -21.92657 ] ] ] } },
{ "type": "Feature", "properties": { "query_name": "feature_0_part_1_split_1", "feature_index": 0, "dataset": "NISAR", "platform": "NISAR", "product_id": "NISAR_L1_PR_RSLC_023_045_A_168_2005_DHDH_A_20260617T085155_20260617T085235_P05023_F_F_J_002", "processing_level": "RSLC", "flight_direction": "ASCENDING", "relative_orbit": 45, "absolute_orbit": 4642, "frame_number": 168, "start_time": "2026-06-17T08:51:55Z", "stop_time": "2026-06-17T08:52:35Z", "scene_name": "NISAR_L1_PR_RSLC_023_045_A_168_2005_DHDH_A_20260617T085155_20260617T085235_P05023_F_F_J_002" }, "geometry": { "type": "Polygon", "coordinates": [ [ [ -43.75517, -20.08662 ], [ -44.27793, -17.64558 ], [ -46.58117, -18.07277 ], [ -46.09911, -20.50845 ], [ -43.75517, -20.08662 ] ] ] } },
{ "type": "Feature", "properties": { "query_name": "feature_0_part_1_split_1", "feature_index": 0, "dataset": "NISAR", "platform": "NISAR", "product_id": "NISAR_L1_PR_RSLC_023_045_A_168_2005_DHDH_A_20260617T085155_20260617T085235_P05023_F_F_J_001", "processing_level": "RSLC", "flight_direction": "ASCENDING", "relative_orbit": 45, "absolute_orbit": 4642, "frame_number": 168, "start_time": "2026-06-17T08:51:55Z", "stop_time": "2026-06-17T08:52:35Z", "scene_name": "NISAR_L1_PR_RSLC_023_045_A_168_2005_DHDH_A_20260617T085155_20260617T085235_P05023_F_F_J_001" }, "geometry": { "type": "Polygon", "coordinates": [ [ [ -43.75517, -20.08662 ], [ -44.27793, -17.64558 ], [ -46.58117, -18.07277 ], [ -46.09911, -20.50845 ], [ -43.75517, -20.08662 ] ] ] } },
{ "type": "Feature", "properties": { "query_name": "feature_0_part_1_split_1", "feature_index": 0, "dataset": "NISAR", "platform": "NISAR", "product_id": "NISAR_L1_PR_RSLC_023_045_A_169_2005_SHSH_M_20260617T085232_20260617T085306_P05023_F_F_J_002", "processing_level": "RSLC", "flight_direction": "ASCENDING", "relative_orbit": 45, "absolute_orbit": 4642, "frame_number": 169, "start_time": "2026-06-17T08:52:32Z", "stop_time": "2026-06-17T08:53:06Z", "scene_name": "NISAR_L1_PR_RSLC_023_045_A_169_2005_SHSH_M_20260617T085232_20260617T085306_P05023_F_F_J_002" }, "geometry": { "type": "Polygon", "coordinates": [ [ [ -44.18094, -17.87494 ], [ -44.62417, -15.78983 ], [ -46.94703, -16.23038 ], [ -46.5364, -18.31083 ], [ -44.18094, -17.87494 ] ] ] } },
{ "type": "Feature", "properties": { "query_name": "feature_0_part_1_split_1", "feature_index": 0, "dataset": "NISAR", "platform": "NISAR", "product_id": "NISAR_L1_PR_RSLC_023_045_A_169_2005_SHSH_M_20260617T085232_20260617T085306_P05023_F_F_J_001", "processing_level": "RSLC", "flight_direction": "ASCENDING", "relative_orbit": 45, "absolute_orbit": 4642, "frame_number": 169, "start_time": "2026-06-17T08:52:32Z", "stop_time": "2026-06-17T08:53:06Z", "scene_name": "NISAR_L1_PR_RSLC_023_045_A_169_2005_SHSH_M_20260617T085232_20260617T085306_P05023_F_F_J_001" }, "geometry": { "type": "Polygon", "coordinates": [ [ [ -44.18094, -17.87494 ], [ -44.62417, -15.78983 ], [ -46.94703, -16.23038 ], [ -46.5364, -18.31083 ], [ -44.18094, -17.87494 ] ] ] } },
{ "type": "Feature", "properties": { "query_name": "feature_0_part_1_split_1", "feature_index": 0, "dataset": "NISAR", "platform": "NISAR", "product_id": "NISAR_L1_PR_RSLC_023_045_A_170_2005_SHSH_A_20260617T085305_20260617T085340_P05023_F_F_J_002", "processing_level": "RSLC", "flight_direction": "ASCENDING", "relative_orbit": 45, "absolute_orbit": 4642, "frame_number": 170, "start_time": "2026-06-17T08:53:05Z", "stop_time": "2026-06-17T08:53:40Z", "scene_name": "NISAR_L1_PR_RSLC_023_045_A_170_2005_SHSH_A_20260617T085305_20260617T085340_P05023_F_F_J_002" }, "geometry": { "type": "Polygon", "coordinates": [ [ [ -44.6011, -15.90939 ], [ -45.05852, -13.76441 ], [ -47.34663, -14.20834 ], [ -46.9126, -16.34724 ], [ -44.6011, -15.90939 ] ] ] } },
{ "type": "Feature", "properties": { "query_name": "feature_0_part_1_split_1", "feature_index": 0, "dataset": "NISAR", "platform": "NISAR", "product_id": "NISAR_L1_PR_RSLC_023_045_A_170_2005_SHSH_A_20260617T085305_20260617T085340_P05023_F_F_J_001", "processing_level": "RSLC", "flight_direction": "ASCENDING", "relative_orbit": 45, "absolute_orbit": 4642, "frame_number": 170, "start_time": "2026-06-17T08:53:05Z", "stop_time": "2026-06-17T08:53:40Z", "scene_name": "NISAR_L1_PR_RSLC_023_045_A_170_2005_SHSH_A_20260617T085305_20260617T085340_P05023_F_F_J_001" }, "geometry": { "type": "Polygon", "coordinates": [ [ [ -44.6011, -15.90939 ], [ -45.05852, -13.76441 ], [ -47.34663, -14.20834 ], [ -46.9126, -16.34724 ], [ -44.6011, -15.90939 ] ] ] } },
{ "type": "Feature", "properties": { "query_name": "feature_0_part_1_split_1", "feature_index": 0, "dataset": "NISAR", "platform": "NISAR", "product_id": "NISAR_L1_PR_RSLC_023_045_A_171_2005_SHSH_A_20260617T085339_20260617T085413_P05023_F_F_J_002", "processing_level": "RSLC", "flight_direction": "ASCENDING", "relative_orbit": 45, "absolute_orbit": 4642, "frame_number": 171, "start_time": "2026-06-17T08:53:39Z", "stop_time": "2026-06-17T08:54:13Z", "scene_name": "NISAR_L1_PR_RSLC_023_045_A_171_2005_SHSH_A_20260617T085339_20260617T085413_P05023_F_F_J_002" }, "geometry": { "type": "Polygon", "coordinates": [ [ [ -45.03263, -13.88347 ], [ -45.4761, -11.79721 ], [ -47.73612, -12.24503 ], [ -47.32198, -14.32706 ], [ -45.03263, -13.88347 ] ] ] } },
{ "type": "Feature", "properties": { "query_name": "feature_0_part_1_split_1", "feature_index": 0, "dataset": "NISAR", "platform": "NISAR", "product_id": "NISAR_L1_PR_RSLC_023_045_A_171_2005_SHSH_A_20260617T085339_20260617T085413_P05023_F_F_J_001", "processing_level": "RSLC", "flight_direction": "ASCENDING", "relative_orbit": 45, "absolute_orbit": 4642, "frame_number": 171, "start_time": "2026-06-17T08:53:39Z", "stop_time": "2026-06-17T08:54:13Z", "scene_name": "NISAR_L1_PR_RSLC_023_045_A_171_2005_SHSH_A_20260617T085339_20260617T085413_P05023_F_F_J_001" }, "geometry": { "type": "Polygon", "coordinates": [ [ [ -45.03263, -13.88347 ], [ -45.4761, -11.79721 ], [ -47.73612, -12.24503 ], [ -47.32198, -14.32706 ], [ -45.03263, -13.88347 ] ] ] } },
{ "type": "Feature", "properties": { "query_name": "feature_0_part_1_split_1", "feature_index": 0, "dataset": "NISAR", "platform": "NISAR", "product_id": "NISAR_L1_PR_RSLC_023_045_A_172_2005_SHSH_A_20260617T085412_20260617T085447_P05023_F_F_J_002", "processing_level": "RSLC", "flight_direction": "ASCENDING", "relative_orbit": 45, "absolute_orbit": 4642, "frame_number": 172, "start_time": "2026-06-17T08:54:12Z", "stop_time": "2026-06-17T08:54:47Z", "scene_name": "NISAR_L1_PR_RSLC_023_045_A_172_2005_SHSH_A_20260617T085412_20260617T085447_P05023_F_F_J_002" }, "geometry": { "type": "Polygon", "coordinates": [ [ [ -45.45072, -11.9164 ], [ -45.90258, -9.76898 ], [ -48.15002, -10.22355 ], [ -47.7117, -12.36385 ], [ -45.45072, -11.9164 ] ] ] } },
{ "type": "Feature", "properties": { "query_name": "feature_0_part_1_split_1", "feature_index": 0, "dataset": "NISAR", "platform": "NISAR", "product_id": "NISAR_L1_PR_RSLC_023_045_A_172_2005_SHSH_A_20260617T085412_20260617T085447_P05023_F_F_J_001", "processing_level": "RSLC", "flight_direction": "ASCENDING", "relative_orbit": 45, "absolute_orbit": 4642, "frame_number": 172, "start_time": "2026-06-17T08:54:12Z", "stop_time": "2026-06-17T08:54:47Z", "scene_name": "NISAR_L1_PR_RSLC_023_045_A_172_2005_SHSH_A_20260617T085412_20260617T085447_P05023_F_F_J_001" }, "geometry": { "type": "Polygon", "coordinates": [ [ [ -45.45072, -11.9164 ], [ -45.90258, -9.76898 ], [ -48.15002, -10.22355 ], [ -47.7117, -12.36385 ], [ -45.45072, -11.9164 ] ] ] } },
{ "type": "Feature", "properties": { "query_name": "feature_0_part_1_split_1", "feature_index": 0, "dataset": "NISAR", "platform": "NISAR", "product_id": "NISAR_L1_PR_RSLC_023_045_A_173_2005_SHSH_M_20260617T085446_20260617T085520_P05023_F_F_J_002", "processing_level": "RSLC", "flight_direction": "ASCENDING", "relative_orbit": 45, "absolute_orbit": 4642, "frame_number": 173, "start_time": "2026-06-17T08:54:46Z", "stop_time": "2026-06-17T08:55:20Z", "scene_name": "NISAR_L1_PR_RSLC_023_045_A_173_2005_SHSH_M_20260617T085446_20260617T085520_P05023_F_F_J_002" }, "geometry": { "type": "Polygon", "coordinates": [ [ [ -45.85789, -9.88424 ], [ -46.30228, -7.79674 ], [ -48.5516, -8.26044 ], [ -48.12447, -10.34221 ], [ -45.85789, -9.88424 ] ] ] } },
{ "type": "Feature", "properties": { "query_name": "feature_0_part_1_split_1", "feature_index": 0, "dataset": "NISAR", "platform": "NISAR", "product_id": "NISAR_L1_PR_RSLC_023_045_A_173_2005_SHSH_M_20260617T085446_20260617T085520_P05023_F_F_J_001", "processing_level": "RSLC", "flight_direction": "ASCENDING", "relative_orbit": 45, "absolute_orbit": 4642, "frame_number": 173, "start_time": "2026-06-17T08:54:46Z", "stop_time": "2026-06-17T08:55:20Z", "scene_name": "NISAR_L1_PR_RSLC_023_045_A_173_2005_SHSH_M_20260617T085446_20260617T085520_P05023_F_F_J_001" }, "geometry": { "type": "Polygon", "coordinates": [ [ [ -45.85789, -9.88424 ], [ -46.30228, -7.79674 ], [ -48.5516, -8.26044 ], [ -48.12447, -10.34221 ], [ -45.85789, -9.88424 ] ] ] } },
{ "type": "Feature", "properties": { "query_name": "feature_0_part_1_split_1", "feature_index": 0, "dataset": "NISAR", "platform": "NISAR", "product_id": "NISAR_L1_PR_RSLC_023_045_A_173_2005_DHDH_A_20260617T085459_20260617T085514_P05023_F_P_J_002", "processing_level": "RSLC", "flight_direction": "ASCENDING", "relative_orbit": 45, "absolute_orbit": 4642, "frame_number": 173, "start_time": "2026-06-17T08:54:59Z", "stop_time": "2026-06-17T08:55:14Z", "scene_name": "NISAR_L1_PR_RSLC_023_045_A_173_2005_DHDH_A_20260617T085459_20260617T085514_P05023_F_P_J_002" }, "geometry": { "type": "Polygon", "coordinates": [ [ [ -46.03873, -9.11222 ], [ -46.24177, -8.15793 ], [ -48.44871, -8.61141 ], [ -48.25342, -9.56316 ], [ -46.03873, -9.11222 ] ] ] } },
{ "type": "Feature", "properties": { "query_name": "feature_0_part_1_split_1", "feature_index": 0, "dataset": "NISAR", "platform": "NISAR", "product_id": "NISAR_L1_PR_RSLC_023_045_A_173_2005_DHDH_A_20260617T085459_20260617T085514_P05023_F_P_J_001", "processing_level": "RSLC", "flight_direction": "ASCENDING", "relative_orbit": 45, "absolute_orbit": 4642, "frame_number": 173, "start_time": "2026-06-17T08:54:59Z", "stop_time": "2026-06-17T08:55:14Z", "scene_name": "NISAR_L1_PR_RSLC_023_045_A_173_2005_DHDH_A_20260617T085459_20260617T085514_P05023_F_P_J_001" }, "geometry": { "type": "Polygon", "coordinates": [ [ [ -46.03873, -9.11222 ], [ -46.24177, -8.15793 ], [ -48.44871, -8.61141 ], [ -48.25342, -9.56316 ], [ -46.03873, -9.11222 ] ] ] } },
{ "type": "Feature", "properties": { "query_name": "feature_0_part_1_split_1", "feature_index": 0, "dataset": "NISAR", "platform": "NISAR", "product_id": "NISAR_L1_PR_RSLC_023_045_A_174_2005_SHSH_A_20260617T085517_20260617T085554_P05023_F_F_J_002", "processing_level": "RSLC", "flight_direction": "ASCENDING", "relative_orbit": 45, "absolute_orbit": 4642, "frame_number": 174, "start_time": "2026-06-17T08:55:17Z", "stop_time": "2026-06-17T08:55:54Z", "scene_name": "NISAR_L1_PR_RSLC_023_045_A_174_2005_SHSH_A_20260617T085517_20260617T085554_P05023_F_F_J_002" }, "geometry": { "type": "Polygon", "coordinates": [ [ [ -46.25037, -8.03508 ], [ -46.73374, -5.76807 ], [ -48.93874, -6.23117 ], [ -48.46949, -8.49164 ], [ -46.25037, -8.03508 ] ] ] } },
{ "type": "Feature", "properties": { "query_name": "feature_0_part_1_split_1", "feature_index": 0, "dataset": "NISAR", "platform": "NISAR", "product_id": "NISAR_L1_PR_RSLC_023_045_A_174_2005_SHSH_A_20260617T085517_20260617T085554_P05023_F_F_J_001", "processing_level": "RSLC", "flight_direction": "ASCENDING", "relative_orbit": 45, "absolute_orbit": 4642, "frame_number": 174, "start_time": "2026-06-17T08:55:17Z", "stop_time": "2026-06-17T08:55:54Z", "scene_name": "NISAR_L1_PR_RSLC_023_045_A_174_2005_SHSH_A_20260617T085517_20260617T085554_P05023_F_F_J_001" }, "geometry": { "type": "Polygon", "coordinates": [ [ [ -46.25037, -8.03508 ], [ -46.73374, -5.76807 ], [ -48.93874, -6.23117 ], [ -48.46949, -8.49164 ], [ -46.25037, -8.03508 ] ] ] } },
{ "type": "Feature", "properties": { "query_name": "feature_0_part_1_split_1", "feature_index": 0, "dataset": "NISAR", "platform": "NISAR", "product_id": "NISAR_L1_PR_RSLC_023_045_A_175_2005_SHSH_A_20260617T085553_20260617T085627_P05023_F_F_J_002", "processing_level": "RSLC", "flight_direction": "ASCENDING", "relative_orbit": 45, "absolute_orbit": 4642, "frame_number": 175, "start_time": "2026-06-17T08:55:53Z", "stop_time": "2026-06-17T08:56:27Z", "scene_name": "NISAR_L1_PR_RSLC_023_045_A_175_2005_SHSH_A_20260617T085553_20260617T085627_P05023_F_F_J_002" }, "geometry": { "type": "Polygon", "coordinates": [ [ [ -46.70836, -5.88738 ], [ -47.15566, -3.799 ], [ -49.35209, -4.26813 ], [ -48.9141, -6.35015 ], [ -46.70836, -5.88738 ] ] ] } },
{ "type": "Feature", "properties": { "query_name": "feature_0_part_1_split_1", "feature_index": 0, "dataset": "NISAR", "platform": "NISAR", "product_id": "NISAR_L1_PR_RSLC_023_045_A_175_2005_SHSH_A_20260617T085553_20260617T085627_P05023_F_F_J_001", "processing_level": "RSLC", "flight_direction": "ASCENDING", "relative_orbit": 45, "absolute_orbit": 4642, "frame_number": 175, "start_time": "2026-06-17T08:55:53Z", "stop_time": "2026-06-17T08:56:27Z", "scene_name": "NISAR_L1_PR_RSLC_023_045_A_175_2005_SHSH_A_20260617T085553_20260617T085627_P05023_F_F_J_001" }, "geometry": { "type": "Polygon", "coordinates": [ [ [ -46.70836, -5.88738 ], [ -47.15566, -3.799 ], [ -49.35209, -4.26813 ], [ -48.9141, -6.35015 ], [ -46.70836, -5.88738 ] ] ] } },
{ "type": "Feature", "properties": { "query_name": "feature_0_part_1_split_1", "feature_index": 0, "dataset": "NISAR", "platform": "NISAR", "product_id": "NISAR_L1_PR_RSLC_023_053_D_091_2005_DHDH_A_20260617T212710_20260617T212744_P05023_N_F_J_001", "processing_level": "RSLC", "flight_direction": "DESCENDING", "relative_orbit": 53, "absolute_orbit": 4650, "frame_number": 91, "start_time": "2026-06-17T21:27:10Z", "stop_time": "2026-06-17T21:27:44Z", "scene_name": "NISAR_L1_PR_RSLC_023_053_D_091_2005_DHDH_A_20260617T212710_20260617T212744_P05023_N_F_J_001" }, "geometry": { "type": "Polygon", "coordinates": [ [ [ -47.95587, -3.79479 ], [ -48.40477, -5.88299 ], [ -46.19143, -6.34734 ], [ -45.75481, -4.2649 ], [ -47.95587, -3.79479 ] ] ] } },
{ "type": "Feature", "properties": { "query_name": "feature_0_part_1_split_1", "feature_index": 0, "dataset": "NISAR", "platform": "NISAR", "product_id": "NISAR_L1_PR_RSLC_023_053_D_092_2005_DHDH_A_20260617T212743_20260617T212821_P05023_N_F_J_001", "processing_level": "RSLC", "flight_direction": "DESCENDING", "relative_orbit": 53, "absolute_orbit": 4650, "frame_number": 92, "start_time": "2026-06-17T21:27:43Z", "stop_time": "2026-06-17T21:28:21Z", "scene_name": "NISAR_L1_PR_RSLC_023_053_D_092_2005_DHDH_A_20260617T212743_20260617T212821_P05023_N_F_J_001" }, "geometry": { "type": "Polygon", "coordinates": [ [ [ -48.37945, -5.76365 ], [ -48.87613, -8.09036 ], [ -46.64789, -8.54854 ], [ -46.16645, -6.22842 ], [ -48.37945, -5.76365 ] ] ] } },
{ "type": "Feature", "properties": { "query_name": "feature_0_part_1_split_1", "feature_index": 0, "dataset": "NISAR", "platform": "NISAR", "product_id": "NISAR_L1_PR_RSLC_023_053_D_093_2005_DHDH_A_20260617T212817_20260617T212851_P05023_N_F_J_001", "processing_level": "RSLC", "flight_direction": "DESCENDING", "relative_orbit": 53, "absolute_orbit": 4650, "frame_number": 93, "start_time": "2026-06-17T21:28:17Z", "stop_time": "2026-06-17T21:28:51Z", "scene_name": "NISAR_L1_PR_RSLC_023_053_D_093_2005_DHDH_A_20260617T212817_20260617T212851_P05023_N_F_J_001" }, "geometry": { "type": "Polygon", "coordinates": [ [ [ -48.81258, -7.79213 ], [ -49.25702, -9.87977 ], [ -46.99097, -10.3377 ], [ -46.56263, -8.25599 ], [ -48.81258, -7.79213 ] ] ] } },
{ "type": "Feature", "properties": { "query_name": "feature_0_part_1_split_1", "feature_index": 0, "dataset": "NISAR", "platform": "NISAR", "product_id": "NISAR_L1_PR_RSLC_023_053_D_094_2005_DHDH_A_20260617T212850_20260617T212925_P05023_N_F_J_001", "processing_level": "RSLC", "flight_direction": "DESCENDING", "relative_orbit": 53, "absolute_orbit": 4650, "frame_number": 94, "start_time": "2026-06-17T21:28:50Z", "stop_time": "2026-06-17T21:29:25Z", "scene_name": "NISAR_L1_PR_RSLC_023_053_D_094_2005_DHDH_A_20260617T212850_20260617T212925_P05023_N_F_J_001" }, "geometry": { "type": "Polygon", "coordinates": [ [ [ -49.20511, -9.76599 ], [ -49.66219, -11.9125 ], [ -47.40307, -12.35964 ], [ -46.96739, -10.21864 ], [ -49.20511, -9.76599 ] ] ] } },
{ "type": "Feature", "properties": { "query_name": "feature_0_part_1_split_1", "feature_index": 0, "dataset": "NISAR", "platform": "NISAR", "product_id": "NISAR_L1_PR_RSLC_023_053_D_095_2005_DHDH_A_20260617T212924_20260617T212958_P05023_N_F_J_001", "processing_level": "RSLC", "flight_direction": "DESCENDING", "relative_orbit": 53, "absolute_orbit": 4650, "frame_number": 95, "start_time": "2026-06-17T21:29:24Z", "stop_time": "2026-06-17T21:29:58Z", "scene_name": "NISAR_L1_PR_RSLC_023_053_D_095_2005_DHDH_A_20260617T212924_20260617T212958_P05023_N_F_J_001" }, "geometry": { "type": "Polygon", "coordinates": [ [ [ -49.63689, -11.79329 ], [ -50.07844, -13.88008 ], [ -47.79484, -14.32264 ], [ -47.37787, -12.24096 ], [ -49.63689, -11.79329 ] ] ] } },
{ "type": "Feature", "properties": { "query_name": "feature_0_part_1_split_1", "feature_index": 0, "dataset": "NISAR", "platform": "NISAR", "product_id": "NISAR_L1_PR_RSLC_023_053_D_096_2005_DHDH_M_20260617T212957_20260617T213032_P05023_N_F_J_001", "processing_level": "RSLC", "flight_direction": "DESCENDING", "relative_orbit": 53, "absolute_orbit": 4650, "frame_number": 96, "start_time": "2026-06-17T21:29:57Z", "stop_time": "2026-06-17T21:30:32Z", "scene_name": "NISAR_L1_PR_RSLC_023_053_D_096_2005_DHDH_M_20260617T212957_20260617T213032_P05023_N_F_J_001" }, "geometry": { "type": "Polygon", "coordinates": [ [ [ -50.05797, -13.75994 ], [ -50.51242, -15.90568 ], [ -48.19722, -16.34429 ], [ -47.76679, -14.20455 ], [ -50.05797, -13.75994 ] ] ] } },
{ "type": "Feature", "properties": { "query_name": "feature_0_part_1_split_1", "feature_index": 0, "dataset": "NISAR", "platform": "NISAR", "product_id": "NISAR_L1_PR_RSLC_023_053_D_097_4005_DHDH_A_20260617T213029_20260617T213108_P05023_N_F_J_001", "processing_level": "RSLC", "flight_direction": "DESCENDING", "relative_orbit": 53, "absolute_orbit": 4650, "frame_number": 97, "start_time": "2026-06-17T21:30:29Z", "stop_time": "2026-06-17T21:31:08Z", "scene_name": "NISAR_L1_PR_RSLC_023_053_D_097_4005_DHDH_A_20260617T213029_20260617T213108_P05023_N_F_J_001" }, "geometry": { "type": "Polygon", "coordinates": [ [ [ -50.46189, -15.66734 ], [ -50.964, -18.05134 ], [ -48.62029, -18.48426 ], [ -48.1433, -16.10776 ], [ -50.46189, -15.66734 ] ] ] } },
{ "type": "Feature", "properties": { "query_name": "feature_0_part_1_split_1", "feature_index": 0, "dataset": "NISAR", "platform": "NISAR", "product_id": "NISAR_L1_PR_RSLC_023_053_D_098_2005_DHDH_M_20260617T213104_20260617T213139_P05023_N_F_J_001", "processing_level": "RSLC", "flight_direction": "DESCENDING", "relative_orbit": 53, "absolute_orbit": 4650, "frame_number": 98, "start_time": "2026-06-17T21:31:04Z", "stop_time": "2026-06-17T21:31:39Z", "scene_name": "NISAR_L1_PR_RSLC_023_053_D_098_2005_DHDH_M_20260617T213104_20260617T213139_P05023_N_F_J_001" }, "geometry": { "type": "Polygon", "coordinates": [ [ [ -50.89324, -17.75495 ], [ -51.35574, -19.89796 ], [ -48.9625, -20.3299 ], [ -48.53739, -18.19147 ], [ -50.89324, -17.75495 ] ] ] } },
{ "type": "Feature", "properties": { "query_name": "feature_0_part_1_split_1", "feature_index": 0, "dataset": "NISAR", "platform": "NISAR", "product_id": "NISAR_L1_PR_RSLC_023_053_D_099_2005_DHDH_A_20260617T213138_20260617T213212_P05023_N_F_J_001", "processing_level": "RSLC", "flight_direction": "DESCENDING", "relative_orbit": 53, "absolute_orbit": 4650, "frame_number": 99, "start_time": "2026-06-17T21:31:38Z", "stop_time": "2026-06-17T21:32:12Z", "scene_name": "NISAR_L1_PR_RSLC_023_053_D_099_2005_DHDH_A_20260617T213138_20260617T213212_P05023_N_F_J_001" }, "geometry": { "type": "Polygon", "coordinates": [ [ [ -51.29307, -19.7859 ], [ -51.74163, -21.86895 ], [ -49.32584, -22.29362 ], [ -48.91502, -20.2153 ], [ -51.29307, -19.7859 ] ] ] } },
{ "type": "Feature", "properties": { "query_name": "feature_0_part_1_split_1", "feature_index": 0, "dataset": "NISAR", "platform": "NISAR", "product_id": "NISAR_L1_PR_RSLC_023_053_D_100_2005_DHDH_A_20260617T213211_20260617T213246_P05023_N_F_J_001", "processing_level": "RSLC", "flight_direction": "DESCENDING", "relative_orbit": 53, "absolute_orbit": 4650, "frame_number": 100, "start_time": "2026-06-17T21:32:11Z", "stop_time": "2026-06-17T21:32:46Z", "scene_name": "NISAR_L1_PR_RSLC_023_053_D_100_2005_DHDH_A_20260617T213211_20260617T213246_P05023_N_F_J_001" }, "geometry": { "type": "Polygon", "coordinates": [ [ [ -51.71745, -21.74971 ], [ -52.18005, -23.8916 ], [ -49.71786, -24.31273 ], [ -49.30204, -22.17498 ], [ -51.71745, -21.74971 ] ] ] } },
{ "type": "Feature", "properties": { "query_name": "feature_0_part_1_split_1", "feature_index": 0, "dataset": "NISAR", "platform": "NISAR", "product_id": "NISAR_L1_PR_RSLC_023_053_D_101_2005_DHDH_A_20260617T213245_20260617T213320_P05023_N_F_J_001", "processing_level": "RSLC", "flight_direction": "DESCENDING", "relative_orbit": 53, "absolute_orbit": 4650, "frame_number": 101, "start_time": "2026-06-17T21:32:45Z", "stop_time": "2026-06-17T21:33:20Z", "scene_name": "NISAR_L1_PR_RSLC_023_053_D_101_2005_DHDH_A_20260617T213245_20260617T213320_P05023_N_F_J_001" }, "geometry": { "type": "Polygon", "coordinates": [ [ [ -52.15523, -23.7725 ], [ -52.62036, -25.91352 ], [ -50.11792, -26.3296 ], [ -49.69641, -24.19378 ], [ -52.15523, -23.7725 ] ] ] } },
{ "type": "Feature", "properties": { "query_name": "feature_0_part_1_split_1", "feature_index": 0, "dataset": "NISAR", "platform": "NISAR", "product_id": "NISAR_L1_PR_RSLC_023_060_A_170_2005_DHDH_A_20260618T095121_20260618T095156_P05023_N_F_J_001", "processing_level": "RSLC", "flight_direction": "ASCENDING", "relative_orbit": 60, "absolute_orbit": 4657, "frame_number": 170, "start_time": "2026-06-18T09:51:21Z", "stop_time": "2026-06-18T09:51:56Z", "scene_name": "NISAR_L1_PR_RSLC_023_060_A_170_2005_DHDH_A_20260618T095121_20260618T095156_P05023_N_F_J_001" }, "geometry": { "type": "Polygon", "coordinates": [ [ [ -59.11101, -15.88971 ], [ -59.57049, -13.74492 ], [ -62.00131, -14.21642 ], [ -61.57518, -16.35629 ], [ -59.11101, -15.88971 ] ] ] } },
{ "type": "Feature", "properties": { "query_name": "feature_0_part_1_split_1", "feature_index": 0, "dataset": "NISAR", "platform": "NISAR", "product_id": "NISAR_L1_PR_RSLC_023_060_A_171_2005_DHDH_A_20260618T095155_20260618T095229_P05023_N_F_J_001", "processing_level": "RSLC", "flight_direction": "ASCENDING", "relative_orbit": 60, "absolute_orbit": 4657, "frame_number": 171, "start_time": "2026-06-18T09:51:55Z", "stop_time": "2026-06-18T09:52:29Z", "scene_name": "NISAR_L1_PR_RSLC_023_060_A_171_2005_DHDH_A_20260618T095155_20260618T095229_P05023_N_F_J_001" }, "geometry": { "type": "Polygon", "coordinates": [ [ [ -59.54501, -13.86406 ], [ -59.98616, -11.77714 ], [ -62.39609, -12.25453 ], [ -61.97715, -14.3352 ], [ -59.54501, -13.86406 ] ] ] } },
{ "type": "Feature", "properties": { "query_name": "feature_0_part_1_split_1", "feature_index": 0, "dataset": "NISAR", "platform": "NISAR", "product_id": "NISAR_L1_PR_RSLC_023_060_A_172_2005_DHDH_A_20260618T095228_20260618T095302_P05023_N_F_J_001", "processing_level": "RSLC", "flight_direction": "ASCENDING", "relative_orbit": 60, "absolute_orbit": 4657, "frame_number": 172, "start_time": "2026-06-18T09:52:28Z", "stop_time": "2026-06-18T09:53:02Z", "scene_name": "NISAR_L1_PR_RSLC_023_060_A_172_2005_DHDH_A_20260618T095228_20260618T095302_P05023_N_F_J_001" }, "geometry": { "type": "Polygon", "coordinates": [ [ [ -59.96034, -11.89625 ], [ -60.40138, -9.80865 ], [ -62.79542, -10.29249 ], [ -62.3722, -12.37343 ], [ -59.96034, -11.89625 ] ] ] } },
{ "type": "Feature", "properties": { "query_name": "feature_0_part_1_split_1", "feature_index": 0, "dataset": "NISAR", "platform": "NISAR", "product_id": "NISAR_L1_PR_RSLC_023_074_A_165_4005_DHDH_A_20260619T090656_20260619T090731_P05023_N_F_J_001", "processing_level": "RSLC", "flight_direction": "ASCENDING", "relative_orbit": 74, "absolute_orbit": 4671, "frame_number": 165, "start_time": "2026-06-19T09:06:56Z", "stop_time": "2026-06-19T09:07:31Z", "scene_name": "NISAR_L1_PR_RSLC_023_074_A_165_4005_DHDH_A_20260619T090656_20260619T090731_P05023_N_F_J_001" }, "geometry": { "type": "Polygon", "coordinates": [ [ [ -46.65933, -25.89906 ], [ -47.14185, -23.76131 ], [ -49.59882, -24.18195 ], [ -49.17766, -26.31755 ], [ -46.65933, -25.89906 ] ] ] } },
{ "type": "Feature", "properties": { "query_name": "feature_0_part_1_split_1", "feature_index": 0, "dataset": "NISAR", "platform": "NISAR", "product_id": "NISAR_L1_PR_RSLC_023_074_A_169_4005_DHDH_A_20260619T090909_20260619T090945_P05023_N_F_J_001", "processing_level": "RSLC", "flight_direction": "ASCENDING", "relative_orbit": 74, "absolute_orbit": 4671, "frame_number": 169, "start_time": "2026-06-19T09:09:09Z", "stop_time": "2026-06-19T09:09:45Z", "scene_name": "NISAR_L1_PR_RSLC_023_074_A_169_4005_DHDH_A_20260619T090909_20260619T090945_P05023_N_F_J_001" }, "geometry": { "type": "Polygon", "coordinates": [ [ [ -48.3203, -17.97641 ], [ -48.79522, -15.7734 ], [ -51.10305, -16.21125 ], [ -50.66625, -18.41012 ], [ -48.3203, -17.97641 ] ] ] } },
{ "type": "Feature", "properties": { "query_name": "feature_0_part_1_split_1", "feature_index": 0, "dataset": "NISAR", "platform": "NISAR", "product_id": "NISAR_L1_PR_RSLC_023_074_A_170_2005_DHDH_M_20260619T090945_20260619T091018_P05023_N_F_J_001", "processing_level": "RSLC", "flight_direction": "ASCENDING", "relative_orbit": 74, "absolute_orbit": 4671, "frame_number": 170, "start_time": "2026-06-19T09:09:45Z", "stop_time": "2026-06-19T09:10:18Z", "scene_name": "NISAR_L1_PR_RSLC_023_074_A_170_2005_DHDH_M_20260619T090945_20260619T091018_P05023_N_F_J_001" }, "geometry": { "type": "Polygon", "coordinates": [ [ [ -48.7398, -15.82458 ], [ -49.16032, -13.79637 ], [ -51.48489, -14.24753 ], [ -51.08187, -16.26893 ], [ -48.7398, -15.82458 ] ] ] } },
{ "type": "Feature", "properties": { "query_name": "feature_0_part_1_split_1", "feature_index": 0, "dataset": "NISAR", "platform": "NISAR", "product_id": "NISAR_L1_PR_RSLC_023_074_A_170_4005_DHDH_A_20260619T090945_20260619T090959_P05023_N_P_J_001", "processing_level": "RSLC", "flight_direction": "ASCENDING", "relative_orbit": 74, "absolute_orbit": 4671, "frame_number": 170, "start_time": "2026-06-19T09:09:45Z", "stop_time": "2026-06-19T09:09:59Z", "scene_name": "NISAR_L1_PR_RSLC_023_074_A_170_4005_DHDH_A_20260619T090945_20260619T090959_P05023_N_P_J_001" }, "geometry": { "type": "Polygon", "coordinates": [ [ [ -48.78191, -15.83282 ], [ -48.96736, -14.93817 ], [ -51.25849, -15.37707 ], [ -51.08191, -16.26894 ], [ -48.78191, -15.83282 ] ] ] } },
{ "type": "Feature", "properties": { "query_name": "feature_0_part_1_split_1", "feature_index": 0, "dataset": "NISAR", "platform": "NISAR", "product_id": "NISAR_L1_PR_RSLC_023_074_A_171_2005_DHDH_A_20260619T091017_20260619T091052_P05023_N_F_J_001", "processing_level": "RSLC", "flight_direction": "ASCENDING", "relative_orbit": 74, "absolute_orbit": 4671, "frame_number": 171, "start_time": "2026-06-19T09:10:17Z", "stop_time": "2026-06-19T09:10:52Z", "scene_name": "NISAR_L1_PR_RSLC_023_074_A_171_2005_DHDH_A_20260619T091017_20260619T091052_P05023_N_F_J_001" }, "geometry": { "type": "Polygon", "coordinates": [ [ [ -49.13575, -13.91569 ], [ -49.58906, -11.76909 ], [ -51.89275, -12.22592 ], [ -51.46016, -14.36624 ], [ -49.13575, -13.91569 ] ] ] } },
{ "type": "Feature", "properties": { "query_name": "feature_0_part_1_split_1", "feature_index": 0, "dataset": "NISAR", "platform": "NISAR", "product_id": "NISAR_L1_PR_RSLC_023_074_A_172_2005_DHDH_A_20260619T091051_20260619T091125_P05023_N_F_J_001", "processing_level": "RSLC", "flight_direction": "ASCENDING", "relative_orbit": 74, "absolute_orbit": 4671, "frame_number": 172, "start_time": "2026-06-19T09:10:51Z", "stop_time": "2026-06-19T09:11:25Z", "scene_name": "NISAR_L1_PR_RSLC_023_074_A_172_2005_DHDH_A_20260619T091051_20260619T091125_P05023_N_F_J_001" }, "geometry": { "type": "Polygon", "coordinates": [ [ [ -49.56455, -11.88846 ], [ -50.00749, -9.80128 ], [ -52.29226, -10.26344 ], [ -51.86896, -12.34487 ], [ -49.56455, -11.88846 ] ] ] } },
{ "type": "Feature", "properties": { "query_name": "feature_0_part_1_split_1", "feature_index": 0, "dataset": "NISAR", "platform": "NISAR", "product_id": "NISAR_L1_PR_RSLC_023_074_A_173_2005_DHDH_A_20260619T091124_20260619T091159_P05023_N_F_J_001", "processing_level": "RSLC", "flight_direction": "ASCENDING", "relative_orbit": 74, "absolute_orbit": 4671, "frame_number": 173, "start_time": "2026-06-19T09:11:24Z", "stop_time": "2026-06-19T09:11:59Z", "scene_name": "NISAR_L1_PR_RSLC_023_074_A_173_2005_DHDH_A_20260619T091124_20260619T091159_P05023_N_F_J_001" }, "geometry": { "type": "Polygon", "coordinates": [ [ [ -49.98234, -9.92056 ], [ -50.44319, -7.77412 ], [ -52.70808, -8.24123 ], [ -52.26808, -10.38237 ], [ -49.98234, -9.92056 ] ] ] } },
{ "type": "Feature", "properties": { "query_name": "feature_0_part_1_split_1", "feature_index": 0, "dataset": "NISAR", "platform": "NISAR", "product_id": "NISAR_L1_PR_RSLC_023_082_D_094_2005_DHDH_A_20260619T214529_20260619T214604_P05023_N_F_J_001", "processing_level": "RSLC", "flight_direction": "DESCENDING", "relative_orbit": 82, "absolute_orbit": 4679, "frame_number": 94, "start_time": "2026-06-19T21:45:29Z", "stop_time": "2026-06-19T21:46:04Z", "scene_name": "NISAR_L1_PR_RSLC_023_082_D_094_2005_DHDH_A_20260619T214529_20260619T214604_P05023_N_F_J_001" }, "geometry": { "type": "Polygon", "coordinates": [ [ [ -53.40315, -9.77579 ], [ -53.85933, -11.9226 ], [ -51.5472, -12.38023 ], [ -51.11209, -10.23922 ], [ -53.40315, -9.77579 ] ] ] } },
{ "type": "Feature", "properties": { "query_name": "feature_0_part_1_split_1", "feature_index": 0, "dataset": "NISAR", "platform": "NISAR", "product_id": "NISAR_L1_PR_RSLC_023_082_D_095_2005_DHDH_A_20260619T214603_20260619T214637_P05023_N_F_J_001", "processing_level": "RSLC", "flight_direction": "DESCENDING", "relative_orbit": 82, "absolute_orbit": 4679, "frame_number": 95, "start_time": "2026-06-19T21:46:03Z", "stop_time": "2026-06-19T21:46:37Z", "scene_name": "NISAR_L1_PR_RSLC_023_082_D_095_2005_DHDH_A_20260619T214603_20260619T214637_P05023_N_F_J_001" }, "geometry": { "type": "Polygon", "coordinates": [ [ [ -53.83429, -11.80333 ], [ -54.27521, -13.89037 ], [ -51.94325, -14.34234 ], [ -51.52314, -12.26134 ], [ -53.83429, -11.80333 ] ] ] } },
{ "type": "Feature", "properties": { "query_name": "feature_0_part_1_split_1", "feature_index": 0, "dataset": "NISAR", "platform": "NISAR", "product_id": "NISAR_L1_PR_RSLC_023_082_D_096_2005_DHDH_A_20260619T214636_20260619T214711_P05023_N_F_J_001", "processing_level": "RSLC", "flight_direction": "DESCENDING", "relative_orbit": 82, "absolute_orbit": 4679, "frame_number": 96, "start_time": "2026-06-19T21:46:36Z", "stop_time": "2026-06-19T21:47:11Z", "scene_name": "NISAR_L1_PR_RSLC_023_082_D_096_2005_DHDH_A_20260619T214636_20260619T214711_P05023_N_F_J_001" }, "geometry": { "type": "Polygon", "coordinates": [ [ [ -54.24975, -13.77122 ], [ -54.70847, -15.91623 ], [ -52.34339, -16.36431 ], [ -51.9196, -14.22342 ], [ -54.24975, -13.77122 ] ] ] } },
{ "type": "Feature", "properties": { "query_name": "feature_0_part_1_split_1", "feature_index": 0, "dataset": "NISAR", "platform": "NISAR", "product_id": "NISAR_L1_PR_RSLC_023_082_D_097_2005_DHDH_A_20260619T214710_20260619T214744_P05023_N_F_J_001", "processing_level": "RSLC", "flight_direction": "DESCENDING", "relative_orbit": 82, "absolute_orbit": 4679, "frame_number": 97, "start_time": "2026-06-19T21:47:10Z", "stop_time": "2026-06-19T21:47:44Z", "scene_name": "NISAR_L1_PR_RSLC_023_082_D_097_2005_DHDH_A_20260619T214710_20260619T214744_P05023_N_F_J_001" }, "geometry": { "type": "Polygon", "coordinates": [ [ [ -54.68213, -15.79729 ], [ -55.13101, -17.8816 ], [ -52.73395, -18.32539 ], [ -52.32234, -16.24499 ], [ -54.68213, -15.79729 ] ] ] } },
{ "type": "Feature", "properties": { "query_name": "feature_0_part_1_split_1", "feature_index": 0, "dataset": "NISAR", "platform": "NISAR", "product_id": "NISAR_L1_PR_RSLC_023_082_D_098_2005_DHDH_M_20260619T214743_20260619T214818_P05023_N_F_J_001", "processing_level": "RSLC", "flight_direction": "DESCENDING", "relative_orbit": 82, "absolute_orbit": 4679, "frame_number": 98, "start_time": "2026-06-19T21:47:43Z", "stop_time": "2026-06-19T21:48:18Z", "scene_name": "NISAR_L1_PR_RSLC_023_082_D_098_2005_DHDH_M_20260619T214743_20260619T214818_P05023_N_F_J_001" }, "geometry": { "type": "Polygon", "coordinates": [ [ [ -55.10563, -17.7625 ], [ -55.5656, -19.90617 ], [ -53.12233, -20.34735 ], [ -52.69506, -18.20933 ], [ -55.10563, -17.7625 ] ] ] } },
{ "type": "Feature", "properties": { "query_name": "feature_0_part_1_split_1", "feature_index": 0, "dataset": "NISAR", "platform": "NISAR", "product_id": "NISAR_L1_PR_RSLC_023_082_D_098_4005_DHDH_A_20260619T214811_20260619T214818_P05023_N_P_J_001", "processing_level": "RSLC", "flight_direction": "DESCENDING", "relative_orbit": 82, "absolute_orbit": 4679, "frame_number": 98, "start_time": "2026-06-19T21:48:11Z", "stop_time": "2026-06-19T21:48:18Z", "scene_name": "NISAR_L1_PR_RSLC_023_082_D_098_4005_DHDH_A_20260619T214811_20260619T214818_P05023_N_P_J_001" }, "geometry": { "type": "Polygon", "coordinates": [ [ [ -55.40129, -19.44159 ], [ -55.50312, -19.9179 ], [ -53.12225, -20.34737 ], [ -53.02763, -19.87232 ], [ -55.40129, -19.44159 ] ] ] } },
{ "type": "Feature", "properties": { "query_name": "feature_0_part_1_split_1", "feature_index": 0, "dataset": "NISAR", "platform": "NISAR", "product_id": "NISAR_L1_PR_RSLC_023_082_D_099_4005_DHDH_A_20260619T214817_20260619T214851_P05023_N_F_J_001", "processing_level": "RSLC", "flight_direction": "DESCENDING", "relative_orbit": 82, "absolute_orbit": 4679, "frame_number": 99, "start_time": "2026-06-19T21:48:17Z", "stop_time": "2026-06-19T21:48:51Z", "scene_name": "NISAR_L1_PR_RSLC_023_082_D_099_4005_DHDH_A_20260619T214817_20260619T214851_P05023_N_F_J_001" }, "geometry": { "type": "Polygon", "coordinates": [ [ [ -55.47797, -19.7988 ], [ -55.92152, -21.88285 ], [ -53.51055, -22.30687 ], [ -53.09948, -20.22849 ], [ -55.47797, -19.7988 ] ] ] } },
{ "type": "Feature", "properties": { "query_name": "feature_0_part_1_split_1", "feature_index": 0, "dataset": "NISAR", "platform": "NISAR", "product_id": "NISAR_L1_PR_RSLC_023_082_D_100_2005_DHDH_M_20260619T214850_20260619T214925_P05023_N_F_J_001", "processing_level": "RSLC", "flight_direction": "DESCENDING", "relative_orbit": 82, "absolute_orbit": 4679, "frame_number": 100, "start_time": "2026-06-19T21:48:50Z", "stop_time": "2026-06-19T21:49:25Z", "scene_name": "NISAR_L1_PR_RSLC_023_082_D_100_2005_DHDH_M_20260619T214850_20260619T214925_P05023_N_F_J_001" }, "geometry": { "type": "Polygon", "coordinates": [ [ [ -55.89744, -21.76358 ], [ -56.36625, -23.90444 ], [ -53.86375, -24.33242 ], [ -53.44313, -22.19556 ], [ -55.89744, -21.76358 ] ] ] } },
{ "type": "Feature", "properties": { "query_name": "feature_0_part_1_split_1", "feature_index": 0, "dataset": "NISAR", "platform": "NISAR", "product_id": "NISAR_L1_PR_RSLC_023_082_D_100_4005_DHDH_A_20260619T214850_20260619T214856_P05023_N_P_J_001", "processing_level": "RSLC", "flight_direction": "DESCENDING", "relative_orbit": 82, "absolute_orbit": 4679, "frame_number": 100, "start_time": "2026-06-19T21:48:50Z", "stop_time": "2026-06-19T21:48:56Z", "scene_name": "NISAR_L1_PR_RSLC_023_082_D_100_4005_DHDH_A_20260619T214850_20260619T214856_P05023_N_P_J_001" }, "geometry": { "type": "Polygon", "coordinates": [ [ [ -55.89744, -21.76358 ], [ -55.98558, -22.1804 ], [ -53.56932, -22.60369 ], [ -53.48638, -22.18828 ], [ -55.89744, -21.76358 ] ] ] } },
{ "type": "Feature", "properties": { "query_name": "feature_0_part_1_split_1", "feature_index": 0, "dataset": "NISAR", "platform": "NISAR", "product_id": "NISAR_L1_PR_RSLC_023_082_D_101_2005_DHDH_A_20260619T214924_20260619T214958_P05023_N_F_J_001", "processing_level": "RSLC", "flight_direction": "DESCENDING", "relative_orbit": 82, "absolute_orbit": 4679, "frame_number": 101, "start_time": "2026-06-19T21:49:24Z", "stop_time": "2026-06-19T21:49:58Z", "scene_name": "NISAR_L1_PR_RSLC_023_082_D_101_2005_DHDH_A_20260619T214924_20260619T214958_P05023_N_F_J_001" }, "geometry": { "type": "Polygon", "coordinates": [ [ [ -56.28674, -23.79516 ], [ -56.74325, -25.87583 ], [ -54.22412, -26.29425 ], [ -53.81701, -24.21757 ], [ -56.28674, -23.79516 ] ] ] } },
{ "type": "Feature", "properties": { "query_name": "feature_0_part_1_split_1", "feature_index": 0, "dataset": "NISAR", "platform": "NISAR", "product_id": "NISAR_L1_PR_RSLC_023_088_A_174_2005_DHDH_A_20260620T083021_20260620T083055_P05023_N_F_J_001", "processing_level": "RSLC", "flight_direction": "ASCENDING", "relative_orbit": 88, "absolute_orbit": 4685, "frame_number": 174, "start_time": "2026-06-20T08:30:21Z", "stop_time": "2026-06-20T08:30:55Z", "scene_name": "NISAR_L1_PR_RSLC_023_088_A_174_2005_DHDH_A_20260620T083021_20260620T083055_P05023_N_F_J_001" }, "geometry": { "type": "Polygon", "coordinates": [ [ [ -40.03496, -7.88777 ], [ -40.48063, -5.79978 ], [ -42.73794, -6.27368 ], [ -42.30615, -8.3556 ], [ -40.03496, -7.88777 ] ] ] } },
{ "type": "Feature", "properties": { "query_name": "feature_0_part_1_split_1", "feature_index": 0, "dataset": "NISAR", "platform": "NISAR", "product_id": "NISAR_L1_PR_RSLC_023_088_A_175_2005_DHDH_A_20260620T083054_20260620T083129_P05023_N_F_J_001", "processing_level": "RSLC", "flight_direction": "ASCENDING", "relative_orbit": 88, "absolute_orbit": 4685, "frame_number": 175, "start_time": "2026-06-20T08:30:54Z", "stop_time": "2026-06-20T08:31:29Z", "scene_name": "NISAR_L1_PR_RSLC_023_088_A_175_2005_DHDH_A_20260620T083054_20260620T083129_P05023_N_F_J_001" }, "geometry": { "type": "Polygon", "coordinates": [ [ [ -40.45574, -5.91919 ], [ -40.92357, -3.77277 ], [ -43.16333, -4.25125 ], [ -42.71277, -6.39254 ], [ -40.45574, -5.91919 ] ] ] } },
{ "type": "Feature", "properties": { "query_name": "feature_0_part_1_split_1", "feature_index": 0, "dataset": "NISAR", "platform": "NISAR", "product_id": "NISAR_L1_PR_RSLC_023_088_A_176_2005_DHDH_A_20260620T083128_20260620T083204_P05023_N_F_J_001", "processing_level": "RSLC", "flight_direction": "ASCENDING", "relative_orbit": 88, "absolute_orbit": 4685, "frame_number": 176, "start_time": "2026-06-20T08:31:28Z", "stop_time": "2026-06-20T08:32:04Z", "scene_name": "NISAR_L1_PR_RSLC_023_088_A_176_2005_DHDH_A_20260620T083128_20260620T083204_P05023_N_F_J_001" }, "geometry": { "type": "Polygon", "coordinates": [ [ [ -40.89781, -3.89205 ], [ -41.36401, -1.68198 ], [ -43.60768, -2.16945 ], [ -43.13853, -4.37026 ], [ -40.89781, -3.89205 ] ] ] } },
{ "type": "Feature", "properties": { "query_name": "feature_0_part_1_split_1", "feature_index": 0, "dataset": "NISAR", "platform": "NISAR", "product_id": "NISAR_L1_PR_RSLC_023_096_D_090_2005_DHDH_A_20260620T210147_20260620T210213_P05023_N_P_J_001", "processing_level": "RSLC", "flight_direction": "DESCENDING", "relative_orbit": 96, "absolute_orbit": 4693, "frame_number": 90, "start_time": "2026-06-20T21:01:47Z", "stop_time": "2026-06-20T21:02:13Z", "scene_name": "NISAR_L1_PR_RSLC_023_096_D_090_2005_DHDH_A_20260620T210147_20260620T210213_P05023_N_P_J_001" }, "geometry": { "type": "Polygon", "coordinates": [ [ [ -41.39413, -2.33024 ], [ -41.74144, -3.94141 ], [ -39.51009, -4.41741 ], [ -39.16991, -2.81099 ], [ -41.39413, -2.33024 ] ] ] } },
{ "type": "Feature", "properties": { "query_name": "feature_0_part_1_split_1", "feature_index": 0, "dataset": "NISAR", "platform": "NISAR", "product_id": "NISAR_L1_PR_RSLC_023_096_D_091_2005_DHDH_A_20260620T210212_20260620T210246_P05023_N_F_J_001", "processing_level": "RSLC", "flight_direction": "DESCENDING", "relative_orbit": 96, "absolute_orbit": 4693, "frame_number": 91, "start_time": "2026-06-20T21:02:12Z", "stop_time": "2026-06-20T21:02:46Z", "scene_name": "NISAR_L1_PR_RSLC_023_096_D_091_2005_DHDH_A_20260620T210212_20260620T210246_P05023_N_F_J_001" }, "geometry": { "type": "Polygon", "coordinates": [ [ [ -41.71511, -3.82225 ], [ -42.16278, -5.91068 ], [ -39.9221, -6.38063 ], [ -39.48499, -4.29846 ], [ -41.71511, -3.82225 ] ] ] } },
{ "type": "Feature", "properties": { "query_name": "feature_0_part_1_split_1", "feature_index": 0, "dataset": "NISAR", "platform": "NISAR", "product_id": "NISAR_L1_PR_RSLC_023_096_D_092_2005_DHDH_A_20260620T210245_20260620T210319_P05023_N_F_J_001", "processing_level": "RSLC", "flight_direction": "DESCENDING", "relative_orbit": 96, "absolute_orbit": 4693, "frame_number": 92, "start_time": "2026-06-20T21:02:45Z", "stop_time": "2026-06-20T21:03:19Z", "scene_name": "NISAR_L1_PR_RSLC_023_096_D_092_2005_DHDH_A_20260620T210245_20260620T210319_P05023_N_F_J_001" }, "geometry": { "type": "Polygon", "coordinates": [ [ [ -42.13843, -5.79114 ], [ -42.58277, -7.87952 ], [ -40.32967, -8.34367 ], [ -39.89666, -6.26181 ], [ -42.13843, -5.79114 ] ] ] } },
{ "type": "Feature", "properties": { "query_name": "feature_0_part_1_split_1", "feature_index": 0, "dataset": "NISAR", "platform": "NISAR", "product_id": "NISAR_L1_PR_RSLC_023_096_D_095_2005_DHDH_A_20260620T210425_20260620T210500_P05023_N_F_J_001", "processing_level": "RSLC", "flight_direction": "DESCENDING", "relative_orbit": 96, "absolute_orbit": 4693, "frame_number": 95, "start_time": "2026-06-20T21:04:25Z", "stop_time": "2026-06-20T21:05:00Z", "scene_name": "NISAR_L1_PR_RSLC_023_096_D_095_2005_DHDH_A_20260620T210425_20260620T210500_P05023_N_F_J_001" }, "geometry": { "type": "Polygon", "coordinates": [ [ [ -43.40578, -11.7565 ], [ -43.86161, -13.90266 ], [ -41.55279, -14.35012 ], [ -41.11999, -12.20973 ], [ -43.40578, -11.7565 ] ] ] } },
{ "type": "Feature", "properties": { "query_name": "feature_0_part_1_split_1", "feature_index": 0, "dataset": "NISAR", "platform": "NISAR", "product_id": "NISAR_L1_PR_RSLC_023_096_D_096_2005_DHDH_A_20260620T210459_20260620T210533_P05023_N_F_J_001", "processing_level": "RSLC", "flight_direction": "DESCENDING", "relative_orbit": 96, "absolute_orbit": 4693, "frame_number": 96, "start_time": "2026-06-20T21:04:59Z", "stop_time": "2026-06-20T21:05:33Z", "scene_name": "NISAR_L1_PR_RSLC_023_096_D_096_2005_DHDH_A_20260620T210459_20260620T210533_P05023_N_F_J_001" }, "geometry": { "type": "Polygon", "coordinates": [ [ [ -43.83606, -13.78353 ], [ -44.27571, -15.87013 ], [ -41.94528, -16.31193 ], [ -41.52953, -14.23114 ], [ -43.83606, -13.78353 ] ] ] } },
{ "type": "Feature", "properties": { "query_name": "feature_0_part_1_split_1", "feature_index": 0, "dataset": "NISAR", "platform": "NISAR", "product_id": "NISAR_L1_PR_RSLC_023_096_D_097_2005_DHDH_M_20260620T210532_20260620T210607_P05023_N_F_J_001", "processing_level": "RSLC", "flight_direction": "DESCENDING", "relative_orbit": 96, "absolute_orbit": 4693, "frame_number": 97, "start_time": "2026-06-20T21:05:32Z", "stop_time": "2026-06-20T21:06:07Z", "scene_name": "NISAR_L1_PR_RSLC_023_096_D_097_2005_DHDH_M_20260620T210532_20260620T210607_P05023_N_F_J_001" }, "geometry": { "type": "Polygon", "coordinates": [ [ [ -44.2504, -15.75099 ], [ -44.70737, -17.89568 ], [ -42.3373, -18.33439 ], [ -41.90676, -16.19581 ], [ -44.2504, -15.75099 ] ] ] } },
{ "type": "Feature", "properties": { "query_name": "feature_0_part_1_split_1", "feature_index": 0, "dataset": "NISAR", "platform": "NISAR", "product_id": "NISAR_L1_PR_RSLC_023_096_D_099_4005_DHDH_A_20260620T210642_20260620T210714_P05023_N_F_J_001", "processing_level": "RSLC", "flight_direction": "DESCENDING", "relative_orbit": 96, "absolute_orbit": 4693, "frame_number": 99, "start_time": "2026-06-20T21:06:42Z", "stop_time": "2026-06-20T21:07:14Z", "scene_name": "NISAR_L1_PR_RSLC_023_096_D_099_4005_DHDH_A_20260620T210642_20260620T210714_P05023_N_F_J_001" }, "geometry": { "type": "Polygon", "coordinates": [ [ [ -45.09545, -19.92893 ], [ -45.51658, -21.89331 ], [ -43.09138, -22.31965 ], [ -42.7093, -20.35923 ], [ -45.09545, -19.92893 ] ] ] } },
{ "type": "Feature", "properties": { "query_name": "feature_0_part_1_split_1", "feature_index": 0, "dataset": "NISAR", "platform": "NISAR", "product_id": "NISAR_L1_PR_RSLC_023_103_A_166_2005_DHDH_A_20260621T092408_20260621T092443_P05023_N_F_J_001", "processing_level": "RSLC", "flight_direction": "ASCENDING", "relative_orbit": 103, "absolute_orbit": 4700, "frame_number": 166, "start_time": "2026-06-21T09:24:08Z", "stop_time": "2026-06-21T09:24:43Z", "scene_name": "NISAR_L1_PR_RSLC_023_103_A_166_2005_DHDH_A_20260621T092408_20260621T092443_P05023_N_F_J_001" }, "geometry": { "type": "Polygon", "coordinates": [ [ [ -51.15593, -23.90464 ], [ -51.61099, -21.76117 ], [ -54.12722, -22.20477 ], [ -53.70618, -24.34149 ], [ -51.15593, -23.90464 ] ] ] } },
{ "type": "Feature", "properties": { "query_name": "feature_0_part_1_split_1", "feature_index": 0, "dataset": "NISAR", "platform": "NISAR", "product_id": "NISAR_L1_PR_RSLC_023_103_A_167_2005_DHDH_A_20260621T092442_20260621T092517_P05023_N_F_J_001", "processing_level": "RSLC", "flight_direction": "ASCENDING", "relative_orbit": 103, "absolute_orbit": 4700, "frame_number": 167, "start_time": "2026-06-21T09:24:42Z", "stop_time": "2026-06-21T09:25:17Z", "scene_name": "NISAR_L1_PR_RSLC_023_103_A_167_2005_DHDH_A_20260621T092442_20260621T092517_P05023_N_F_J_001" }, "geometry": { "type": "Polygon", "coordinates": [ [ [ -51.58663, -21.88039 ], [ -52.04966, -19.73789 ], [ -54.52803, -20.18624 ], [ -54.10423, -22.32353 ], [ -51.58663, -21.88039 ] ] ] } },
{ "type": "Feature", "properties": { "query_name": "feature_0_part_1_split_1", "feature_index": 0, "dataset": "NISAR", "platform": "NISAR", "product_id": "NISAR_L1_PR_RSLC_023_103_A_168_2005_DHDH_A_20260621T092516_20260621T092550_P05023_N_F_J_001", "processing_level": "RSLC", "flight_direction": "ASCENDING", "relative_orbit": 103, "absolute_orbit": 4700, "frame_number": 168, "start_time": "2026-06-21T09:25:16Z", "stop_time": "2026-06-21T09:25:50Z", "scene_name": "NISAR_L1_PR_RSLC_023_103_A_168_2005_DHDH_A_20260621T092516_20260621T092550_P05023_N_F_J_001" }, "geometry": { "type": "Polygon", "coordinates": [ [ [ -52.02368, -19.85685 ], [ -52.47402, -17.77343 ], [ -54.91254, -18.22535 ], [ -54.50464, -20.305 ], [ -52.02368, -19.85685 ] ] ] } },
{ "type": "Feature", "properties": { "query_name": "feature_0_part_1_split_1", "feature_index": 0, "dataset": "NISAR", "platform": "NISAR", "product_id": "NISAR_L1_PR_RSLC_023_103_A_169_2005_DHDH_A_20260621T092549_20260621T092624_P05023_N_F_J_001", "processing_level": "RSLC", "flight_direction": "ASCENDING", "relative_orbit": 103, "absolute_orbit": 4700, "frame_number": 169, "start_time": "2026-06-21T09:25:49Z", "stop_time": "2026-06-21T09:26:24Z", "scene_name": "NISAR_L1_PR_RSLC_023_103_A_169_2005_DHDH_A_20260621T092549_20260621T092624_P05023_N_F_J_001" }, "geometry": { "type": "Polygon", "coordinates": [ [ [ -52.44978, -17.89274 ], [ -52.90416, -15.74758 ], [ -55.31867, -16.20577 ], [ -54.89065, -18.34442 ], [ -52.44978, -17.89274 ] ] ] } },
{ "type": "Feature", "properties": { "query_name": "feature_0_part_1_split_1", "feature_index": 0, "dataset": "NISAR", "platform": "NISAR", "product_id": "NISAR_L1_PR_RSLC_023_103_A_170_2005_DHDH_A_20260621T092623_20260621T092657_P05023_N_F_J_001", "processing_level": "RSLC", "flight_direction": "ASCENDING", "relative_orbit": 103, "absolute_orbit": 4700, "frame_number": 170, "start_time": "2026-06-21T09:26:23Z", "stop_time": "2026-06-21T09:26:57Z", "scene_name": "NISAR_L1_PR_RSLC_023_103_A_170_2005_DHDH_A_20260621T092623_20260621T092657_P05023_N_F_J_001" }, "geometry": { "type": "Polygon", "coordinates": [ [ [ -52.87815, -15.86659 ], [ -53.32219, -13.78088 ], [ -55.70965, -14.24403 ], [ -55.29419, -16.32445 ], [ -52.87815, -15.86659 ] ] ] } },
{ "type": "Feature", "properties": { "query_name": "feature_0_part_1_split_1", "feature_index": 0, "dataset": "NISAR", "platform": "NISAR", "product_id": "NISAR_L1_PR_RSLC_023_103_A_171_2005_DHDH_A_20260621T092656_20260621T092731_P05023_N_F_J_001", "processing_level": "RSLC", "flight_direction": "ASCENDING", "relative_orbit": 103, "absolute_orbit": 4700, "frame_number": 171, "start_time": "2026-06-21T09:26:56Z", "stop_time": "2026-06-21T09:27:31Z", "scene_name": "NISAR_L1_PR_RSLC_023_103_A_171_2005_DHDH_A_20260621T092656_20260621T092731_P05023_N_F_J_001" }, "geometry": { "type": "Polygon", "coordinates": [ [ [ -53.29617, -13.89991 ], [ -53.75241, -11.75389 ], [ -56.11668, -12.22256 ], [ -55.68446, -14.36264 ], [ -53.29617, -13.89991 ] ] ] } },
{ "type": "Feature", "properties": { "query_name": "feature_0_part_1_split_1", "feature_index": 0, "dataset": "NISAR", "platform": "NISAR", "product_id": "NISAR_L1_PR_RSLC_023_103_A_172_2005_DHDH_A_20260621T092730_20260621T092804_P05023_N_F_J_001", "processing_level": "RSLC", "flight_direction": "ASCENDING", "relative_orbit": 103, "absolute_orbit": 4700, "frame_number": 172, "start_time": "2026-06-21T09:27:30Z", "stop_time": "2026-06-21T09:28:04Z", "scene_name": "NISAR_L1_PR_RSLC_023_103_A_172_2005_DHDH_A_20260621T092730_20260621T092804_P05023_N_F_J_001" }, "geometry": { "type": "Polygon", "coordinates": [ [ [ -53.72646, -11.87297 ], [ -54.17097, -9.7861 ], [ -56.51511, -10.26014 ], [ -56.09239, -12.34139 ], [ -53.72646, -11.87297 ] ] ] } },
{ "type": "Feature", "properties": { "query_name": "feature_0_part_1_split_1", "feature_index": 0, "dataset": "NISAR", "platform": "NISAR", "product_id": "NISAR_L1_PR_RSLC_023_111_D_094_2005_DHDH_A_20260621T220208_20260621T220242_P05023_N_F_J_001", "processing_level": "RSLC", "flight_direction": "DESCENDING", "relative_orbit": 111, "absolute_orbit": 4708, "frame_number": 94, "start_time": "2026-06-21T22:02:08Z", "stop_time": "2026-06-21T22:02:42Z", "scene_name": "NISAR_L1_PR_RSLC_023_111_D_094_2005_DHDH_A_20260621T220208_20260621T220242_P05023_N_F_J_001" }, "geometry": { "type": "Polygon", "coordinates": [ [ [ -57.57515, -9.78677 ], [ -58.01861, -11.87398 ], [ -55.6223, -12.34818 ], [ -55.20017, -10.26684 ], [ -57.57515, -9.78677 ] ] ] } },
{ "type": "Feature", "properties": { "query_name": "feature_0_part_1_split_1", "feature_index": 0, "dataset": "NISAR", "platform": "NISAR", "product_id": "NISAR_L1_PR_RSLC_023_111_D_095_2005_DHDH_A_20260621T220241_20260621T220316_P05023_N_F_J_001", "processing_level": "RSLC", "flight_direction": "DESCENDING", "relative_orbit": 111, "absolute_orbit": 4708, "frame_number": 95, "start_time": "2026-06-21T22:02:41Z", "stop_time": "2026-06-21T22:03:16Z", "scene_name": "NISAR_L1_PR_RSLC_023_111_D_095_2005_DHDH_A_20260621T220241_20260621T220316_P05023_N_F_J_001" }, "geometry": { "type": "Polygon", "coordinates": [ [ [ -57.99349, -11.75472 ], [ -58.44553, -13.90172 ], [ -56.02884, -14.36965 ], [ -55.59846, -12.22926 ], [ -57.99349, -11.75472 ] ] ] } },
{ "type": "Feature", "properties": { "query_name": "feature_0_part_1_split_1", "feature_index": 0, "dataset": "NISAR", "platform": "NISAR", "product_id": "NISAR_L1_PR_RSLC_023_111_D_096_2005_DHDH_A_20260621T220315_20260621T220349_P05023_N_F_J_001", "processing_level": "RSLC", "flight_direction": "DESCENDING", "relative_orbit": 111, "absolute_orbit": 4708, "frame_number": 96, "start_time": "2026-06-21T22:03:15Z", "stop_time": "2026-06-21T22:03:49Z", "scene_name": "NISAR_L1_PR_RSLC_023_111_D_096_2005_DHDH_A_20260621T220315_20260621T220349_P05023_N_F_J_001" }, "geometry": { "type": "Polygon", "coordinates": [ [ [ -58.42059, -13.78246 ], [ -58.86862, -15.86752 ], [ -56.4236, -16.33061 ], [ -56.00568, -14.25067 ], [ -58.42059, -13.78246 ] ] ] } },
{ "type": "Feature", "properties": { "query_name": "feature_0_part_1_split_1", "feature_index": 0, "dataset": "NISAR", "platform": "NISAR", "product_id": "NISAR_L1_PR_RSLC_023_111_D_097_2005_DHDH_A_20260621T220348_20260621T220423_P05023_N_F_J_001", "processing_level": "RSLC", "flight_direction": "DESCENDING", "relative_orbit": 111, "absolute_orbit": 4708, "frame_number": 97, "start_time": "2026-06-21T22:03:48Z", "stop_time": "2026-06-21T22:04:23Z", "scene_name": "NISAR_L1_PR_RSLC_023_111_D_097_2005_DHDH_A_20260621T220348_20260621T220423_P05023_N_F_J_001" }, "geometry": { "type": "Polygon", "coordinates": [ [ [ -58.84379, -15.74828 ], [ -59.29499, -17.89418 ], [ -56.82521, -18.3509 ], [ -56.39986, -16.2118 ], [ -58.84379, -15.74828 ] ] ] } },
{ "type": "Feature", "properties": { "query_name": "feature_0_part_1_split_1", "feature_index": 0, "dataset": "NISAR", "platform": "NISAR", "product_id": "NISAR_L1_PR_RSLC_023_111_D_098_2005_DHDH_A_20260621T220422_20260621T220456_P05023_N_F_J_001", "processing_level": "RSLC", "flight_direction": "DESCENDING", "relative_orbit": 111, "absolute_orbit": 4708, "frame_number": 98, "start_time": "2026-06-21T22:04:22Z", "stop_time": "2026-06-21T22:04:56Z", "scene_name": "NISAR_L1_PR_RSLC_023_111_D_098_2005_DHDH_A_20260621T220422_20260621T220456_P05023_N_F_J_001" }, "geometry": { "type": "Polygon", "coordinates": [ [ [ -59.27378, -17.77428 ], [ -59.72462, -19.85775 ], [ -57.21274, -20.31118 ], [ -56.80165, -18.23212 ], [ -59.27378, -17.77428 ] ] ] } },
{ "type": "Feature", "properties": { "query_name": "feature_0_part_1_split_1", "feature_index": 0, "dataset": "NISAR", "platform": "NISAR", "product_id": "NISAR_L1_PR_RSLC_023_111_D_099_2005_DHDH_A_20260621T220455_20260621T220530_P05023_N_F_J_001", "processing_level": "RSLC", "flight_direction": "DESCENDING", "relative_orbit": 111, "absolute_orbit": 4708, "frame_number": 99, "start_time": "2026-06-21T22:04:55Z", "stop_time": "2026-06-21T22:05:30Z", "scene_name": "NISAR_L1_PR_RSLC_023_111_D_099_2005_DHDH_A_20260621T220455_20260621T220530_P05023_N_F_J_001" }, "geometry": { "type": "Polygon", "coordinates": [ [ [ -59.69909, -19.7387 ], [ -60.16144, -21.88147 ], [ -57.61048, -22.33012 ], [ -57.1894, -20.19242 ], [ -59.69909, -19.7387 ] ] ] } },
{ "type": "Feature", "properties": { "query_name": "feature_0_part_1_split_1", "feature_index": 0, "dataset": "NISAR", "platform": "NISAR", "product_id": "NISAR_L1_PR_RSLC_023_117_A_168_4005_DHDH_A_20260622T084342_20260622T084413_P05023_N_F_J_001", "processing_level": "RSLC", "flight_direction": "ASCENDING", "relative_orbit": 117, "absolute_orbit": 4714, "frame_number": 168, "start_time": "2026-06-22T08:43:42Z", "stop_time": "2026-06-22T08:44:13Z", "scene_name": "NISAR_L1_PR_RSLC_023_117_A_168_4005_DHDH_A_20260622T084342_20260622T084413_P05023_N_F_J_001" }, "geometry": { "type": "Polygon", "coordinates": [ [ [ -41.72183, -19.684 ], [ -42.13456, -17.77953 ], [ -44.47058, -18.21234 ], [ -44.09724, -20.11392 ], [ -41.72183, -19.684 ] ] ] } },
{ "type": "Feature", "properties": { "query_name": "feature_0_part_1_split_1", "feature_index": 0, "dataset": "NISAR", "platform": "NISAR", "product_id": "NISAR_L1_PR_RSLC_023_117_A_169_2005_DHDH_M_20260622T084412_20260622T084447_P05023_N_F_J_001", "processing_level": "RSLC", "flight_direction": "ASCENDING", "relative_orbit": 117, "absolute_orbit": 4714, "frame_number": 169, "start_time": "2026-06-22T08:44:12Z", "stop_time": "2026-06-22T08:44:47Z", "scene_name": "NISAR_L1_PR_RSLC_023_117_A_169_2005_DHDH_M_20260622T084412_20260622T084447_P05023_N_F_J_001" }, "geometry": { "type": "Polygon", "coordinates": [ [ [ -42.0673, -17.8906 ], [ -42.52677, -15.74649 ], [ -44.87353, -16.19197 ], [ -44.44784, -18.33128 ], [ -42.0673, -17.8906 ] ] ] } },
{ "type": "Feature", "properties": { "query_name": "feature_0_part_1_split_1", "feature_index": 0, "dataset": "NISAR", "platform": "NISAR", "product_id": "NISAR_L1_PR_RSLC_023_117_A_169_4005_DHDH_A_20260622T084412_20260622T084419_P05023_N_P_J_001", "processing_level": "RSLC", "flight_direction": "ASCENDING", "relative_orbit": 117, "absolute_orbit": 4714, "frame_number": 169, "start_time": "2026-06-22T08:44:12Z", "stop_time": "2026-06-22T08:44:19Z", "scene_name": "NISAR_L1_PR_RSLC_023_117_A_169_4005_DHDH_A_20260622T084412_20260622T084419_P05023_N_P_J_001" }, "geometry": { "type": "Polygon", "coordinates": [ [ [ -42.10607, -17.89802 ], [ -42.20757, -17.42156 ], [ -44.54129, -17.85581 ], [ -44.44788, -18.33129 ], [ -42.10607, -17.89802 ] ] ] } },
{ "type": "Feature", "properties": { "query_name": "feature_0_part_1_split_1", "feature_index": 0, "dataset": "NISAR", "platform": "NISAR", "product_id": "NISAR_L1_PR_RSLC_023_117_A_170_2005_DHDH_A_20260622T084446_20260622T084520_P05023_N_F_J_001", "processing_level": "RSLC", "flight_direction": "ASCENDING", "relative_orbit": 117, "absolute_orbit": 4714, "frame_number": 170, "start_time": "2026-06-22T08:44:46Z", "stop_time": "2026-06-22T08:45:20Z", "scene_name": "NISAR_L1_PR_RSLC_023_117_A_170_2005_DHDH_A_20260622T084446_20260622T084520_P05023_N_F_J_001" }, "geometry": { "type": "Polygon", "coordinates": [ [ [ -42.50097, -15.86553 ], [ -42.94118, -13.77914 ], [ -45.25509, -14.22821 ], [ -44.83688, -16.30842 ], [ -42.50097, -15.86553 ] ] ] } },
{ "type": "Feature", "properties": { "query_name": "feature_0_part_1_split_1", "feature_index": 0, "dataset": "NISAR", "platform": "NISAR", "product_id": "NISAR_L1_PR_RSLC_023_117_A_171_2005_DHDH_A_20260622T084519_20260622T084554_P05023_N_F_J_001", "processing_level": "RSLC", "flight_direction": "ASCENDING", "relative_orbit": 117, "absolute_orbit": 4714, "frame_number": 171, "start_time": "2026-06-22T08:45:19Z", "stop_time": "2026-06-22T08:45:54Z", "scene_name": "NISAR_L1_PR_RSLC_023_117_A_171_2005_DHDH_A_20260622T084519_20260622T084554_P05023_N_F_J_001" }, "geometry": { "type": "Polygon", "coordinates": [ [ [ -42.91557, -13.89825 ], [ -43.37059, -11.75203 ], [ -45.66336, -12.2067 ], [ -45.2315, -14.34713 ], [ -42.91557, -13.89825 ] ] ] } },
{ "type": "Feature", "properties": { "query_name": "feature_0_part_1_split_1", "feature_index": 0, "dataset": "NISAR", "platform": "NISAR", "product_id": "NISAR_L1_PR_RSLC_023_117_A_172_2005_DHDH_A_20260622T084553_20260622T084627_P05023_N_F_J_001", "processing_level": "RSLC", "flight_direction": "ASCENDING", "relative_orbit": 117, "absolute_orbit": 4714, "frame_number": 172, "start_time": "2026-06-22T08:45:53Z", "stop_time": "2026-06-22T08:46:27Z", "scene_name": "NISAR_L1_PR_RSLC_023_117_A_172_2005_DHDH_A_20260622T084553_20260622T084627_P05023_N_F_J_001" }, "geometry": { "type": "Polygon", "coordinates": [ [ [ -43.34505, -11.8712 ], [ -43.78943, -9.78435 ], [ -46.06343, -10.24434 ], [ -45.63903, -12.32554 ], [ -43.34505, -11.8712 ] ] ] } },
{ "type": "Feature", "properties": { "query_name": "feature_0_part_1_split_1", "feature_index": 0, "dataset": "NISAR", "platform": "NISAR", "product_id": "NISAR_L1_PR_RSLC_023_117_A_173_2005_DHDH_A_20260622T084626_20260622T084701_P05023_N_F_J_001", "processing_level": "RSLC", "flight_direction": "ASCENDING", "relative_orbit": 117, "absolute_orbit": 4714, "frame_number": 173, "start_time": "2026-06-22T08:46:26Z", "stop_time": "2026-06-22T08:47:01Z", "scene_name": "NISAR_L1_PR_RSLC_023_117_A_173_2005_DHDH_A_20260622T084626_20260622T084701_P05023_N_F_J_001" }, "geometry": { "type": "Polygon", "coordinates": [ [ [ -43.76421, -9.90361 ], [ -44.22232, -7.75665 ], [ -46.47604, -8.22151 ], [ -46.03897, -10.36322 ], [ -43.76421, -9.90361 ] ] ] } },
{ "type": "Feature", "properties": { "query_name": "feature_0_part_1_split_1", "feature_index": 0, "dataset": "NISAR", "platform": "NISAR", "product_id": "NISAR_L1_PR_RSLC_023_117_A_174_2005_DHDH_A_20260622T084700_20260622T084734_P05023_N_F_J_001", "processing_level": "RSLC", "flight_direction": "ASCENDING", "relative_orbit": 117, "absolute_orbit": 4714, "frame_number": 174, "start_time": "2026-06-22T08:47:00Z", "stop_time": "2026-06-22T08:47:34Z", "scene_name": "NISAR_L1_PR_RSLC_023_117_A_174_2005_DHDH_A_20260622T084700_20260622T084734_P05023_N_F_J_001" }, "geometry": { "type": "Polygon", "coordinates": [ [ [ -44.19479, -7.87547 ], [ -44.63938, -5.78725 ], [ -46.88324, -6.25843 ], [ -46.45261, -8.34066 ], [ -44.19479, -7.87547 ] ] ] } },
{ "type": "Feature", "properties": { "query_name": "feature_0_part_1_split_1", "feature_index": 0, "dataset": "NISAR", "platform": "NISAR", "product_id": "NISAR_L1_PR_RSLC_023_117_A_175_2005_DHDH_A_20260622T084733_20260622T084808_P05023_N_F_J_001", "processing_level": "RSLC", "flight_direction": "ASCENDING", "relative_orbit": 117, "absolute_orbit": 4714, "frame_number": 175, "start_time": "2026-06-22T08:47:33Z", "stop_time": "2026-06-22T08:48:08Z", "scene_name": "NISAR_L1_PR_RSLC_023_117_A_175_2005_DHDH_A_20260622T084733_20260622T084808_P05023_N_F_J_001" }, "geometry": { "type": "Polygon", "coordinates": [ [ [ -44.61443, -5.90666 ], [ -45.07301, -3.75824 ], [ -47.3085, -4.23589 ], [ -46.85836, -6.37735 ], [ -44.61443, -5.90666 ] ] ] } },
{ "type": "Feature", "properties": { "query_name": "feature_0_part_1_split_1", "feature_index": 0, "dataset": "NISAR", "platform": "NISAR", "product_id": "NISAR_L1_PR_RSLC_023_125_D_089_2005_SHSH_M_20260622T211758_20260622T211818_P05023_N_P_J_001", "processing_level": "RSLC", "flight_direction": "DESCENDING", "relative_orbit": 125, "absolute_orbit": 4722, "frame_number": 89, "start_time": "2026-06-22T21:17:58Z", "stop_time": "2026-06-22T21:18:18Z", "scene_name": "NISAR_L1_PR_RSLC_023_125_D_089_2005_SHSH_M_20260622T211758_20260622T211818_P05023_N_P_J_001" }, "geometry": { "type": "Polygon", "coordinates": [ [ [ -45.22501, -0.66384 ], [ -45.49739, -1.91699 ], [ -43.28077, -2.39769 ], [ -43.01086, -1.14863 ], [ -45.22501, -0.66384 ] ] ] } },
{ "type": "Feature", "properties": { "query_name": "feature_0_part_1_split_1", "feature_index": 0, "dataset": "NISAR", "platform": "NISAR", "product_id": "NISAR_L1_PR_RSLC_023_125_D_089_4005_DHDH_A_20260622T211810_20260622T211818_P05023_N_P_J_001", "processing_level": "RSLC", "flight_direction": "DESCENDING", "relative_orbit": 125, "absolute_orbit": 4722, "frame_number": 89, "start_time": "2026-06-22T21:18:10Z", "stop_time": "2026-06-22T21:18:18Z", "scene_name": "NISAR_L1_PR_RSLC_023_125_D_089_4005_DHDH_A_20260622T211810_20260622T211818_P05023_N_P_J_001" }, "geometry": { "type": "Polygon", "coordinates": [ [ [ -45.38121, -1.37987 ], [ -45.49739, -1.91699 ], [ -43.28069, -2.39771 ], [ -43.16532, -1.86241 ], [ -45.38121, -1.37987 ] ] ] } },
{ "type": "Feature", "properties": { "query_name": "feature_0_part_1_split_1", "feature_index": 0, "dataset": "NISAR", "platform": "NISAR", "product_id": "NISAR_L1_PR_RSLC_023_125_D_090_4005_DHDH_A_20260622T211817_20260622T211855_P05023_N_F_J_001", "processing_level": "RSLC", "flight_direction": "DESCENDING", "relative_orbit": 125, "absolute_orbit": 4722, "frame_number": 90, "start_time": "2026-06-22T21:18:17Z", "stop_time": "2026-06-22T21:18:55Z", "scene_name": "NISAR_L1_PR_RSLC_023_125_D_090_4005_DHDH_A_20260622T211817_20260622T211855_P05023_N_F_J_001" }, "geometry": { "type": "Polygon", "coordinates": [ [ [ -45.47182, -1.79762 ], [ -45.97506, -4.12473 ], [ -43.74933, -4.59887 ], [ -43.25511, -2.27878 ], [ -45.47182, -1.79762 ] ] ] } },
{ "type": "Feature", "properties": { "query_name": "feature_0_part_1_split_1", "feature_index": 0, "dataset": "NISAR", "platform": "NISAR", "product_id": "NISAR_L1_PR_RSLC_023_125_D_091_2005_SHSH_M_20260622T211850_20260622T211925_P05023_N_F_J_001", "processing_level": "RSLC", "flight_direction": "DESCENDING", "relative_orbit": 125, "absolute_orbit": 4722, "frame_number": 91, "start_time": "2026-06-22T21:18:50Z", "stop_time": "2026-06-22T21:19:25Z", "scene_name": "NISAR_L1_PR_RSLC_023_125_D_091_2005_SHSH_M_20260622T211850_20260622T211925_P05023_N_F_J_001" }, "geometry": { "type": "Polygon", "coordinates": [ [ [ -45.89803, -3.76674 ], [ -46.35673, -5.91532 ], [ -44.09718, -6.38926 ], [ -43.64901, -4.24723 ], [ -45.89803, -3.76674 ] ] ] } },
{ "type": "Feature", "properties": { "query_name": "feature_0_part_1_split_1", "feature_index": 0, "dataset": "NISAR", "platform": "NISAR", "product_id": "NISAR_L1_PR_RSLC_023_125_D_092_2005_SHSH_A_20260622T211924_20260622T211958_P05023_N_F_J_001", "processing_level": "RSLC", "flight_direction": "DESCENDING", "relative_orbit": 125, "absolute_orbit": 4722, "frame_number": 92, "start_time": "2026-06-22T21:19:24Z", "stop_time": "2026-06-22T21:19:58Z", "scene_name": "NISAR_L1_PR_RSLC_023_125_D_092_2005_SHSH_A_20260622T211924_20260622T211958_P05023_N_F_J_001" }, "geometry": { "type": "Polygon", "coordinates": [ [ [ -46.29371, -5.80398 ], [ -46.73949, -7.89203 ], [ -44.48238, -8.3569 ], [ -44.05072, -6.27481 ], [ -46.29371, -5.80398 ] ] ] } },
{ "type": "Feature", "properties": { "query_name": "feature_0_part_1_split_1", "feature_index": 0, "dataset": "NISAR", "platform": "NISAR", "product_id": "NISAR_L1_PR_RSLC_023_125_D_093_2005_SHSH_A_20260622T211957_20260622T212032_P05023_N_F_J_001", "processing_level": "RSLC", "flight_direction": "DESCENDING", "relative_orbit": 125, "absolute_orbit": 4722, "frame_number": 93, "start_time": "2026-06-22T21:19:57Z", "stop_time": "2026-06-22T21:20:32Z", "scene_name": "NISAR_L1_PR_RSLC_023_125_D_093_2005_SHSH_A_20260622T211957_20260622T212032_P05023_N_F_J_001" }, "geometry": { "type": "Polygon", "coordinates": [ [ [ -46.71437, -7.7727 ], [ -47.17129, -9.91999 ], [ -44.8993, -10.37888 ], [ -44.45816, -8.2379 ], [ -46.71437, -7.7727 ] ] ] } },
{ "type": "Feature", "properties": { "query_name": "feature_0_part_1_split_1", "feature_index": 0, "dataset": "NISAR", "platform": "NISAR", "product_id": "NISAR_L1_PR_RSLC_023_125_D_094_2005_SHSH_A_20260622T212031_20260622T212105_P05023_N_F_J_001", "processing_level": "RSLC", "flight_direction": "DESCENDING", "relative_orbit": 125, "absolute_orbit": 4722, "frame_number": 94, "start_time": "2026-06-22T21:20:31Z", "stop_time": "2026-06-22T21:21:05Z", "scene_name": "NISAR_L1_PR_RSLC_023_125_D_094_2005_SHSH_A_20260622T212031_20260622T212105_P05023_N_F_J_001" }, "geometry": { "type": "Polygon", "coordinates": [ [ [ -47.14579, -9.80078 ], [ -47.58962, -11.88782 ], [ -45.29608, -12.34188 ], [ -44.87448, -10.26007 ], [ -47.14579, -9.80078 ] ] ] } },
{ "type": "Feature", "properties": { "query_name": "feature_0_part_1_split_1", "feature_index": 0, "dataset": "NISAR", "platform": "NISAR", "product_id": "NISAR_L1_PR_RSLC_023_125_D_095_2005_SHSH_A_20260622T212104_20260622T212139_P05023_N_F_J_001", "processing_level": "RSLC", "flight_direction": "DESCENDING", "relative_orbit": 125, "absolute_orbit": 4722, "frame_number": 95, "start_time": "2026-06-22T21:21:04Z", "stop_time": "2026-06-22T21:21:39Z", "scene_name": "NISAR_L1_PR_RSLC_023_125_D_095_2005_SHSH_A_20260622T212104_20260622T212139_P05023_N_F_J_001" }, "geometry": { "type": "Polygon", "coordinates": [ [ [ -47.56302, -11.76887 ], [ -48.01735, -13.9153 ], [ -45.7028, -14.36369 ], [ -45.27311, -12.22278 ], [ -47.56302, -11.76887 ] ] ] } },
{ "type": "Feature", "properties": { "query_name": "feature_0_part_1_split_1", "feature_index": 0, "dataset": "NISAR", "platform": "NISAR", "product_id": "NISAR_L1_PR_RSLC_023_125_D_096_2005_SHSH_A_20260622T212138_20260622T212212_P05023_N_F_J_001", "processing_level": "RSLC", "flight_direction": "DESCENDING", "relative_orbit": 125, "absolute_orbit": 4722, "frame_number": 96, "start_time": "2026-06-22T21:21:38Z", "stop_time": "2026-06-22T21:22:12Z", "scene_name": "NISAR_L1_PR_RSLC_023_125_D_096_2005_SHSH_A_20260622T212138_20260622T212212_P05023_N_F_J_001" }, "geometry": { "type": "Polygon", "coordinates": [ [ [ -47.99045, -13.79643 ], [ -48.42976, -15.88307 ], [ -46.09557, -16.32538 ], [ -45.67932, -14.24474 ], [ -47.99045, -13.79643 ] ] ] } },
{ "type": "Feature", "properties": { "query_name": "feature_0_part_1_split_1", "feature_index": 0, "dataset": "NISAR", "platform": "NISAR", "product_id": "NISAR_L1_PR_RSLC_023_125_D_097_2005_SHSH_A_20260622T212211_20260622T212246_P05023_N_F_J_001", "processing_level": "RSLC", "flight_direction": "DESCENDING", "relative_orbit": 125, "absolute_orbit": 4722, "frame_number": 97, "start_time": "2026-06-22T21:22:11Z", "stop_time": "2026-06-22T21:22:46Z", "scene_name": "NISAR_L1_PR_RSLC_023_125_D_097_2005_SHSH_A_20260622T212211_20260622T212246_P05023_N_F_J_001" }, "geometry": { "type": "Polygon", "coordinates": [ [ [ -48.4029, -15.76423 ], [ -48.86693, -17.90754 ], [ -46.49738, -18.34601 ], [ -46.07478, -16.20601 ], [ -48.4029, -15.76423 ] ] ] } },
{ "type": "Feature", "properties": { "query_name": "feature_0_part_1_split_1", "feature_index": 0, "dataset": "NISAR", "platform": "NISAR", "product_id": "NISAR_L1_PR_RSLC_023_125_D_098_2005_SHSH_M_20260622T212245_20260622T212319_P05023_N_F_J_001", "processing_level": "RSLC", "flight_direction": "DESCENDING", "relative_orbit": 125, "absolute_orbit": 4722, "frame_number": 98, "start_time": "2026-06-22T21:22:45Z", "stop_time": "2026-06-22T21:23:19Z", "scene_name": "NISAR_L1_PR_RSLC_023_125_D_098_2005_SHSH_M_20260622T212245_20260622T212319_P05023_N_F_J_001" }, "geometry": { "type": "Polygon", "coordinates": [ [ [ -48.84138, -17.78848 ], [ -49.28922, -19.87237 ], [ -46.87428, -20.30851 ], [ -46.45962, -18.22974 ], [ -48.84138, -17.78848 ] ] ] } },
{ "type": "Feature", "properties": { "query_name": "feature_0_part_1_split_1", "feature_index": 0, "dataset": "NISAR", "platform": "NISAR", "product_id": "NISAR_L1_PR_RSLC_023_125_D_098_4005_DHDH_A_20260622T212314_20260622T212319_P05023_N_P_J_001", "processing_level": "RSLC", "flight_direction": "DESCENDING", "relative_orbit": 125, "absolute_orbit": 4722, "frame_number": 98, "start_time": "2026-06-22T21:23:14Z", "stop_time": "2026-06-22T21:23:19Z", "scene_name": "NISAR_L1_PR_RSLC_023_125_D_098_4005_DHDH_A_20260622T212314_20260622T212319_P05023_N_P_J_001" }, "geometry": { "type": "Polygon", "coordinates": [ [ [ -49.17567, -19.52213 ], [ -49.25373, -19.87904 ], [ -46.87423, -20.30852 ], [ -46.80025, -19.95276 ], [ -49.17567, -19.52213 ] ] ] } },
{ "type": "Feature", "properties": { "query_name": "feature_0_part_1_split_1", "feature_index": 0, "dataset": "NISAR", "platform": "NISAR", "product_id": "NISAR_L1_PR_RSLC_023_125_D_099_4005_DHDH_A_20260622T212318_20260622T212357_P05023_N_F_J_001", "processing_level": "RSLC", "flight_direction": "DESCENDING", "relative_orbit": 125, "absolute_orbit": 4722, "frame_number": 99, "start_time": "2026-06-22T21:23:18Z", "stop_time": "2026-06-22T21:23:57Z", "scene_name": "NISAR_L1_PR_RSLC_023_125_D_099_4005_DHDH_A_20260622T212318_20260622T212357_P05023_N_F_J_001" }, "geometry": { "type": "Polygon", "coordinates": [ [ [ -49.22724, -19.76019 ], [ -49.74031, -22.14081 ], [ -47.32063, -22.56499 ], [ -46.84562, -20.19064 ], [ -49.22724, -19.76019 ] ] ] } },
{ "type": "Feature", "properties": { "query_name": "feature_0_part_1_split_1", "feature_index": 0, "dataset": "NISAR", "platform": "NISAR", "product_id": "NISAR_L1_PR_RSLC_023_125_D_100_4005_DHDH_A_20260622T212352_20260622T212427_P05023_N_F_J_001", "processing_level": "RSLC", "flight_direction": "DESCENDING", "relative_orbit": 125, "absolute_orbit": 4722, "frame_number": 100, "start_time": "2026-06-22T21:23:52Z", "stop_time": "2026-06-22T21:24:27Z", "scene_name": "NISAR_L1_PR_RSLC_023_125_D_100_4005_DHDH_A_20260622T212352_20260622T212427_P05023_N_F_J_001" }, "geometry": { "type": "Polygon", "coordinates": [ [ [ -49.66429, -21.78362 ], [ -50.12564, -23.92581 ], [ -47.63772, -24.35131 ], [ -47.21261, -22.21514 ], [ -49.66429, -21.78362 ] ] ] } },
{ "type": "Feature", "properties": { "query_name": "feature_0_part_1_split_1", "feature_index": 0, "dataset": "NISAR", "platform": "NISAR", "product_id": "NISAR_L1_PR_RSLC_023_125_D_101_4005_DHDH_A_20260622T212426_20260622T212500_P05023_N_F_J_001", "processing_level": "RSLC", "flight_direction": "DESCENDING", "relative_orbit": 125, "absolute_orbit": 4722, "frame_number": 101, "start_time": "2026-06-22T21:24:26Z", "stop_time": "2026-06-22T21:25:00Z", "scene_name": "NISAR_L1_PR_RSLC_023_125_D_101_4005_DHDH_A_20260622T212426_20260622T212500_P05023_N_F_J_001" }, "geometry": { "type": "Polygon", "coordinates": [ [ [ -50.07378, -23.81157 ], [ -50.52679, -25.89294 ], [ -48.02431, -26.30909 ], [ -47.61514, -24.23254 ], [ -50.07378, -23.81157 ] ] ] } },
{ "type": "Feature", "properties": { "query_name": "feature_0_part_1_split_1", "feature_index": 0, "dataset": "NISAR", "platform": "NISAR", "product_id": "NISAR_L1_PR_RSLC_023_140_D_094_2005_SHSH_A_20260623T221847_20260623T221921_P05023_N_F_J_001", "processing_level": "RSLC", "flight_direction": "DESCENDING", "relative_orbit": 140, "absolute_orbit": 4737, "frame_number": 94, "start_time": "2026-06-23T22:18:47Z", "stop_time": "2026-06-23T22:19:21Z", "scene_name": "NISAR_L1_PR_RSLC_023_140_D_094_2005_SHSH_A_20260623T221847_20260623T221921_P05023_N_F_J_001" }, "geometry": { "type": "Polygon", "coordinates": [ [ [ -61.71478, -9.80616 ], [ -62.15613, -11.89371 ], [ -59.85963, -12.34827 ], [ -59.43793, -10.26649 ], [ -61.71478, -9.80616 ] ] ] } },
{ "type": "Feature", "properties": { "query_name": "feature_0_part_1_split_1", "feature_index": 0, "dataset": "NISAR", "platform": "NISAR", "product_id": "NISAR_L1_PR_RSLC_023_140_D_095_2005_SHSH_A_20260623T221920_20260623T221955_P05023_N_F_J_001", "processing_level": "RSLC", "flight_direction": "DESCENDING", "relative_orbit": 140, "absolute_orbit": 4737, "frame_number": 95, "start_time": "2026-06-23T22:19:20Z", "stop_time": "2026-06-23T22:19:55Z", "scene_name": "NISAR_L1_PR_RSLC_023_140_D_095_2005_SHSH_A_20260623T221920_20260623T221955_P05023_N_F_J_001" }, "geometry": { "type": "Polygon", "coordinates": [ [ [ -62.13164, -11.77433 ], [ -62.5888, -13.92021 ], [ -60.26975, -14.36942 ], [ -59.83628, -12.22924 ], [ -62.13164, -11.77433 ] ] ] } },
{ "type": "Feature", "properties": { "query_name": "feature_0_part_1_split_1", "feature_index": 0, "dataset": "NISAR", "platform": "NISAR", "product_id": "NISAR_L1_PR_RSLC_023_146_A_166_4005_DHDH_A_20260624T085910_20260624T085945_P05023_N_F_J_001", "processing_level": "RSLC", "flight_direction": "ASCENDING", "relative_orbit": 146, "absolute_orbit": 4743, "frame_number": 166, "start_time": "2026-06-24T08:59:10Z", "stop_time": "2026-06-24T08:59:45Z", "scene_name": "NISAR_L1_PR_RSLC_023_146_A_166_4005_DHDH_A_20260624T085910_20260624T085945_P05023_N_F_J_001" }, "geometry": { "type": "Polygon", "coordinates": [ [ [ -44.97903, -23.89414 ], [ -45.45689, -21.75506 ], [ -47.88496, -22.1826 ], [ -47.45954, -24.31867 ], [ -44.97903, -23.89414 ] ] ] } },
{ "type": "Feature", "properties": { "query_name": "feature_0_part_1_split_1", "feature_index": 0, "dataset": "NISAR", "platform": "NISAR", "product_id": "NISAR_L1_PR_RSLC_023_146_A_167_4005_DHDH_A_20260624T085944_20260624T090018_P05023_N_F_J_001", "processing_level": "RSLC", "flight_direction": "ASCENDING", "relative_orbit": 146, "absolute_orbit": 4743, "frame_number": 167, "start_time": "2026-06-24T08:59:44Z", "stop_time": "2026-06-24T09:00:18Z", "scene_name": "NISAR_L1_PR_RSLC_023_146_A_167_4005_DHDH_A_20260624T085944_20260624T090018_P05023_N_F_J_001" }, "geometry": { "type": "Polygon", "coordinates": [ [ [ -45.43194, -21.87416 ], [ -45.87673, -19.7905 ], [ -48.26954, -20.22267 ], [ -47.86156, -22.3013 ], [ -45.43194, -21.87416 ] ] ] } },
{ "type": "Feature", "properties": { "query_name": "feature_0_part_1_split_1", "feature_index": 0, "dataset": "NISAR", "platform": "NISAR", "product_id": "NISAR_L1_PR_RSLC_023_146_A_168_2005_DHDH_M_20260624T090017_20260624T090052_P05023_N_F_J_001", "processing_level": "RSLC", "flight_direction": "ASCENDING", "relative_orbit": 146, "absolute_orbit": 4743, "frame_number": 168, "start_time": "2026-06-24T09:00:17Z", "stop_time": "2026-06-24T09:00:52Z", "scene_name": "NISAR_L1_PR_RSLC_023_146_A_168_2005_DHDH_M_20260624T090017_20260624T090052_P05023_N_F_J_001" }, "geometry": { "type": "Polygon", "coordinates": [ [ [ -45.85119, -19.90952 ], [ -46.30803, -17.76567 ], [ -48.67011, -18.20308 ], [ -48.24658, -20.3415 ], [ -45.85119, -19.90952 ] ] ] } },
{ "type": "Feature", "properties": { "query_name": "feature_0_part_1_split_1", "feature_index": 0, "dataset": "NISAR", "platform": "NISAR", "product_id": "NISAR_L1_PR_RSLC_023_146_A_168_4005_DHDH_A_20260624T090017_20260624T090023_P05023_N_P_J_001", "processing_level": "RSLC", "flight_direction": "ASCENDING", "relative_orbit": 146, "absolute_orbit": 4743, "frame_number": 168, "start_time": "2026-06-24T09:00:17Z", "stop_time": "2026-06-24T09:00:23Z", "scene_name": "NISAR_L1_PR_RSLC_023_146_A_168_4005_DHDH_A_20260624T090017_20260624T090023_P05023_N_P_J_001" }, "geometry": { "type": "Polygon", "coordinates": [ [ [ -45.85119, -19.90952 ], [ -45.94292, -19.49328 ], [ -48.32881, -19.92579 ], [ -48.24662, -20.3415 ], [ -45.85119, -19.90952 ] ] ] } },
{ "type": "Feature", "properties": { "query_name": "feature_0_part_1_split_1", "feature_index": 0, "dataset": "NISAR", "platform": "NISAR", "product_id": "NISAR_L1_PR_RSLC_023_146_A_169_2005_DHDH_M_20260624T090051_20260624T090125_P05023_N_F_J_001", "processing_level": "RSLC", "flight_direction": "ASCENDING", "relative_orbit": 146, "absolute_orbit": 4743, "frame_number": 169, "start_time": "2026-06-24T09:00:51Z", "stop_time": "2026-06-24T09:01:25Z", "scene_name": "NISAR_L1_PR_RSLC_023_146_A_169_2005_DHDH_M_20260624T090051_20260624T090125_P05023_N_F_J_001" }, "geometry": { "type": "Polygon", "coordinates": [ [ [ -46.24243, -17.87705 ], [ -46.69121, -15.79295 ], [ -49.01487, -16.23379 ], [ -48.59553, -18.31276 ], [ -46.24243, -17.87705 ] ] ] } },
{ "type": "Feature", "properties": { "query_name": "feature_0_part_1_split_1", "feature_index": 0, "dataset": "NISAR", "platform": "NISAR", "product_id": "NISAR_L1_PR_RSLC_023_146_A_169_4005_DHDH_A_20260624T090118_20260624T090121_P05023_N_P_J_001", "processing_level": "RSLC", "flight_direction": "ASCENDING", "relative_orbit": 146, "absolute_orbit": 4743, "frame_number": 169, "start_time": "2026-06-24T09:01:18Z", "stop_time": "2026-06-24T09:01:21Z", "scene_name": "NISAR_L1_PR_RSLC_023_146_A_169_4005_DHDH_A_20260624T090118_20260624T090121_P05023_N_P_J_001" }, "geometry": { "type": "Polygon", "coordinates": [ [ [ -46.6072, -16.27294 ], [ -46.65741, -16.03458 ], [ -48.96639, -16.47135 ], [ -48.91754, -16.70878 ], [ -46.6072, -16.27294 ] ] ] } },
{ "type": "Feature", "properties": { "query_name": "feature_0_part_1_split_1", "feature_index": 0, "dataset": "NISAR", "platform": "NISAR", "product_id": "NISAR_L1_PR_RSLC_023_146_A_170_4005_DHDH_A_20260624T090126_20260624T090159_P05023_N_F_J_001", "processing_level": "RSLC", "flight_direction": "ASCENDING", "relative_orbit": 146, "absolute_orbit": 4743, "frame_number": 170, "start_time": "2026-06-24T09:01:26Z", "stop_time": "2026-06-24T09:01:59Z", "scene_name": "NISAR_L1_PR_RSLC_023_146_A_170_4005_DHDH_A_20260624T090126_20260624T090159_P05023_N_F_J_001" }, "geometry": { "type": "Polygon", "coordinates": [ [ [ -46.69121, -15.79291 ], [ -47.12015, -13.76643 ], [ -49.41149, -14.21117 ], [ -49.01274, -16.23336 ], [ -46.69121, -15.79291 ] ] ] } },
{ "type": "Feature", "properties": { "query_name": "feature_0_part_1_split_1", "feature_index": 0, "dataset": "NISAR", "platform": "NISAR", "product_id": "NISAR_L1_PR_RSLC_023_146_A_171_2005_DHDH_M_20260624T090158_20260624T090232_P05023_N_F_J_001", "processing_level": "RSLC", "flight_direction": "ASCENDING", "relative_orbit": 146, "absolute_orbit": 4743, "frame_number": 171, "start_time": "2026-06-24T09:01:58Z", "stop_time": "2026-06-24T09:02:32Z", "scene_name": "NISAR_L1_PR_RSLC_023_146_A_171_2005_DHDH_M_20260624T090158_20260624T090232_P05023_N_F_J_001" }, "geometry": { "type": "Polygon", "coordinates": [ [ [ -47.073, -13.88125 ], [ -47.50797, -11.79316 ], [ -49.80674, -12.2489 ], [ -49.38748, -14.33001 ], [ -47.073, -13.88125 ] ] ] } },
{ "type": "Feature", "properties": { "query_name": "feature_0_part_1_split_1", "feature_index": 0, "dataset": "NISAR", "platform": "NISAR", "product_id": "NISAR_L1_PR_RSLC_023_146_A_171_4005_DHDH_A_20260624T090158_20260624T090207_P05023_N_P_J_001", "processing_level": "RSLC", "flight_direction": "ASCENDING", "relative_orbit": 146, "absolute_orbit": 4743, "frame_number": 171, "start_time": "2026-06-24T09:01:58Z", "stop_time": "2026-06-24T09:02:07Z", "scene_name": "NISAR_L1_PR_RSLC_023_146_A_171_4005_DHDH_A_20260624T090158_20260624T090207_P05023_N_P_J_001" }, "geometry": { "type": "Polygon", "coordinates": [ [ [ -47.0974, -13.88611 ], [ -47.22355, -13.29001 ], [ -49.50709, -13.73552 ], [ -49.38752, -14.33002 ], [ -47.0974, -13.88611 ] ] ] } },
{ "type": "Feature", "properties": { "query_name": "feature_0_part_1_split_1", "feature_index": 0, "dataset": "NISAR", "platform": "NISAR", "product_id": "NISAR_L1_PR_RSLC_023_146_A_172_2005_DHDH_A_20260624T090231_20260624T090306_P05023_N_F_J_001", "processing_level": "RSLC", "flight_direction": "ASCENDING", "relative_orbit": 146, "absolute_orbit": 4743, "frame_number": 172, "start_time": "2026-06-24T09:02:31Z", "stop_time": "2026-06-24T09:03:06Z", "scene_name": "NISAR_L1_PR_RSLC_023_146_A_172_2005_DHDH_A_20260624T090231_20260624T090306_P05023_N_F_J_001" }, "geometry": { "type": "Polygon", "coordinates": [ [ [ -47.4824, -11.91232 ], [ -47.93813, -9.76554 ], [ -50.21061, -10.2254 ], [ -49.77528, -12.36636 ], [ -47.4824, -11.91232 ] ] ] } },
{ "type": "Feature", "properties": { "query_name": "feature_0_part_1_split_1", "feature_index": 0, "dataset": "NISAR", "platform": "NISAR", "product_id": "NISAR_L1_PR_RSLC_023_146_A_173_2005_DHDH_A_20260624T090305_20260624T090339_P05023_N_F_J_001", "processing_level": "RSLC", "flight_direction": "ASCENDING", "relative_orbit": 146, "absolute_orbit": 4743, "frame_number": 173, "start_time": "2026-06-24T09:03:05Z", "stop_time": "2026-06-24T09:03:39Z", "scene_name": "NISAR_L1_PR_RSLC_023_146_A_173_2005_DHDH_A_20260624T090305_20260624T090339_P05023_N_F_J_001" }, "geometry": { "type": "Polygon", "coordinates": [ [ [ -47.91292, -9.8848 ], [ -48.35712, -7.7972 ], [ -50.61559, -8.26291 ], [ -50.1863, -10.34431 ], [ -47.91292, -9.8848 ] ] ] } },
{ "type": "Feature", "properties": { "query_name": "feature_0_part_1_split_1", "feature_index": 0, "dataset": "NISAR", "platform": "NISAR", "product_id": "NISAR_L1_PR_RSLC_023_146_A_174_2005_DHDH_A_20260624T090338_20260624T090413_P05023_N_F_J_001", "processing_level": "RSLC", "flight_direction": "ASCENDING", "relative_orbit": 146, "absolute_orbit": 4743, "frame_number": 174, "start_time": "2026-06-24T09:03:38Z", "stop_time": "2026-06-24T09:04:13Z", "scene_name": "NISAR_L1_PR_RSLC_023_146_A_174_2005_DHDH_A_20260624T090338_20260624T090413_P05023_N_F_J_001" }, "geometry": { "type": "Polygon", "coordinates": [ [ [ -48.33214, -7.91656 ], [ -48.79024, -5.76881 ], [ -51.03655, -6.24059 ], [ -50.5904, -8.38171 ], [ -48.33214, -7.91656 ] ] ] } },
{ "type": "Feature", "properties": { "query_name": "feature_0_part_1_split_1", "feature_index": 0, "dataset": "NISAR", "platform": "NISAR", "product_id": "NISAR_L1_PR_RSLC_023_154_D_091_2005_SHSH_A_20260624T213529_20260624T213604_P05023_N_F_J_001", "processing_level": "RSLC", "flight_direction": "DESCENDING", "relative_orbit": 154, "absolute_orbit": 4751, "frame_number": 91, "start_time": "2026-06-24T21:35:29Z", "stop_time": "2026-06-24T21:36:04Z", "scene_name": "NISAR_L1_PR_RSLC_023_154_D_091_2005_SHSH_A_20260624T213529_20260624T213604_P05023_N_F_J_001" }, "geometry": { "type": "Polygon", "coordinates": [ [ [ -50.03073, -3.78457 ], [ -50.48824, -5.9333 ], [ -48.23529, -6.40565 ], [ -47.78416, -4.26437 ], [ -50.03073, -3.78457 ] ] ] } },
{ "type": "Feature", "properties": { "query_name": "feature_0_part_1_split_1", "feature_index": 0, "dataset": "NISAR", "platform": "NISAR", "product_id": "NISAR_L1_PR_RSLC_023_154_D_092_2005_SHSH_A_20260624T213603_20260624T213637_P05023_N_F_J_001", "processing_level": "RSLC", "flight_direction": "DESCENDING", "relative_orbit": 154, "absolute_orbit": 4751, "frame_number": 92, "start_time": "2026-06-24T21:36:03Z", "stop_time": "2026-06-24T21:36:37Z", "scene_name": "NISAR_L1_PR_RSLC_023_154_D_092_2005_SHSH_A_20260624T213603_20260624T213637_P05023_N_F_J_001" }, "geometry": { "type": "Polygon", "coordinates": [ [ [ -50.46213, -5.81413 ], [ -50.91089, -7.90157 ], [ -48.64168, -8.36887 ], [ -48.21038, -6.28674 ], [ -50.46213, -5.81413 ] ] ] } },
{ "type": "Feature", "properties": { "query_name": "feature_0_part_1_split_1", "feature_index": 0, "dataset": "NISAR", "platform": "NISAR", "product_id": "NISAR_L1_PR_RSLC_023_154_D_093_2005_SHSH_A_20260624T213636_20260624T213711_P05023_N_F_J_001", "processing_level": "RSLC", "flight_direction": "DESCENDING", "relative_orbit": 154, "absolute_orbit": 4751, "frame_number": 93, "start_time": "2026-06-24T21:36:36Z", "stop_time": "2026-06-24T21:37:11Z", "scene_name": "NISAR_L1_PR_RSLC_023_154_D_093_2005_SHSH_A_20260624T213636_20260624T213711_P05023_N_F_J_001" }, "geometry": { "type": "Polygon", "coordinates": [ [ [ -50.88269, -7.78288 ], [ -51.34097, -9.92991 ], [ -49.05724, -10.39109 ], [ -48.61617, -8.25013 ], [ -50.88269, -7.78288 ] ] ] } },
{ "type": "Feature", "properties": { "query_name": "feature_0_part_1_split_1", "feature_index": 0, "dataset": "NISAR", "platform": "NISAR", "product_id": "NISAR_L1_PR_RSLC_023_154_D_094_2005_SHSH_A_20260624T213710_20260624T213744_P05023_N_F_J_001", "processing_level": "RSLC", "flight_direction": "DESCENDING", "relative_orbit": 154, "absolute_orbit": 4751, "frame_number": 94, "start_time": "2026-06-24T21:37:10Z", "stop_time": "2026-06-24T21:37:44Z", "scene_name": "NISAR_L1_PR_RSLC_023_154_D_094_2005_SHSH_A_20260624T213710_20260624T213744_P05023_N_F_J_001" }, "geometry": { "type": "Polygon", "coordinates": [ [ [ -51.3157, -9.81065 ], [ -51.75984, -11.89764 ], [ -49.45746, -12.3534 ], [ -49.03335, -10.2721 ], [ -51.3157, -9.81065 ] ] ] } },
{ "type": "Feature", "properties": { "query_name": "feature_0_part_1_split_1", "feature_index": 0, "dataset": "NISAR", "platform": "NISAR", "product_id": "NISAR_L1_PR_RSLC_023_154_D_095_2005_SHSH_A_20260624T213743_20260624T213818_P05023_N_F_J_001", "processing_level": "RSLC", "flight_direction": "DESCENDING", "relative_orbit": 154, "absolute_orbit": 4751, "frame_number": 95, "start_time": "2026-06-24T21:37:43Z", "stop_time": "2026-06-24T21:38:18Z", "scene_name": "NISAR_L1_PR_RSLC_023_154_D_095_2005_SHSH_A_20260624T213743_20260624T213818_P05023_N_F_J_001" }, "geometry": { "type": "Polygon", "coordinates": [ [ [ -51.73437, -11.77846 ], [ -52.19011, -13.92463 ], [ -49.86422, -14.37517 ], [ -49.43325, -12.23453 ], [ -51.73437, -11.77846 ] ] ] } },
{ "type": "Feature", "properties": { "query_name": "feature_0_part_1_split_1", "feature_index": 0, "dataset": "NISAR", "platform": "NISAR", "product_id": "NISAR_L1_PR_RSLC_023_154_D_096_2005_SHSH_A_20260624T213817_20260624T213851_P05023_N_F_J_001", "processing_level": "RSLC", "flight_direction": "DESCENDING", "relative_orbit": 154, "absolute_orbit": 4751, "frame_number": 96, "start_time": "2026-06-24T21:38:17Z", "stop_time": "2026-06-24T21:38:51Z", "scene_name": "NISAR_L1_PR_RSLC_023_154_D_096_2005_SHSH_A_20260624T213817_20260624T213851_P05023_N_F_J_001" }, "geometry": { "type": "Polygon", "coordinates": [ [ [ -52.16507, -13.8054 ], [ -52.60903, -15.89117 ], [ -50.254, -16.33739 ], [ -49.84082, -14.25622 ], [ -52.16507, -13.8054 ] ] ] } },
{ "type": "Feature", "properties": { "query_name": "feature_0_part_1_split_1", "feature_index": 0, "dataset": "NISAR", "platform": "NISAR", "product_id": "NISAR_L1_PR_RSLC_023_154_D_097_2005_SHSH_A_20260624T213850_20260624T213925_P05023_N_F_J_001", "processing_level": "RSLC", "flight_direction": "DESCENDING", "relative_orbit": 154, "absolute_orbit": 4751, "frame_number": 97, "start_time": "2026-06-24T21:38:50Z", "stop_time": "2026-06-24T21:39:25Z", "scene_name": "NISAR_L1_PR_RSLC_023_154_D_097_2005_SHSH_A_20260624T213850_20260624T213925_P05023_N_F_J_001" }, "geometry": { "type": "Polygon", "coordinates": [ [ [ -52.58368, -15.77203 ], [ -53.03413, -17.91798 ], [ -50.65755, -18.35767 ], [ -50.23001, -16.2186 ], [ -52.58368, -15.77203 ] ] ] } },
{ "type": "Feature", "properties": { "query_name": "feature_0_part_1_split_1", "feature_index": 0, "dataset": "NISAR", "platform": "NISAR", "product_id": "NISAR_L1_PR_RSLC_023_154_D_098_2005_SHSH_M_20260624T213924_20260624T213958_P05023_N_F_J_001", "processing_level": "RSLC", "flight_direction": "DESCENDING", "relative_orbit": 154, "absolute_orbit": 4751, "frame_number": 98, "start_time": "2026-06-24T21:39:24Z", "stop_time": "2026-06-24T21:39:58Z", "scene_name": "NISAR_L1_PR_RSLC_023_154_D_098_2005_SHSH_M_20260624T213924_20260624T213958_P05023_N_F_J_001" }, "geometry": { "type": "Polygon", "coordinates": [ [ [ -53.00929, -17.79878 ], [ -53.46159, -19.88186 ], [ -51.03217, -20.32055 ], [ -50.61637, -18.24201 ], [ -53.00929, -17.79878 ] ] ] } },
{ "type": "Feature", "properties": { "query_name": "feature_0_part_1_split_1", "feature_index": 0, "dataset": "NISAR", "platform": "NISAR", "product_id": "NISAR_L1_PR_RSLC_023_154_D_099_2005_DHDH_A_20260624T213958_20260624T214032_P05023_N_F_J_001", "processing_level": "RSLC", "flight_direction": "DESCENDING", "relative_orbit": 154, "absolute_orbit": 4751, "frame_number": 99, "start_time": "2026-06-24T21:39:58Z", "stop_time": "2026-06-24T21:40:32Z", "scene_name": "NISAR_L1_PR_RSLC_023_154_D_099_2005_DHDH_A_20260624T213958_20260624T214032_P05023_N_F_J_001" }, "geometry": { "type": "Polygon", "coordinates": [ [ [ -53.36604, -19.8379 ], [ -53.81684, -21.92047 ], [ -51.43069, -22.33965 ], [ -51.02064, -20.26115 ], [ -53.36604, -19.8379 ] ] ] } },
{ "type": "Feature", "properties": { "query_name": "feature_0_part_1_split_1", "feature_index": 0, "dataset": "NISAR", "platform": "NISAR", "product_id": "NISAR_L1_PR_RSLC_023_154_D_100_2005_DHDH_M_20260624T214031_20260624T214105_P05023_N_F_J_001", "processing_level": "RSLC", "flight_direction": "DESCENDING", "relative_orbit": 154, "absolute_orbit": 4751, "frame_number": 100, "start_time": "2026-06-24T21:40:31Z", "stop_time": "2026-06-24T21:41:05Z", "scene_name": "NISAR_L1_PR_RSLC_023_154_D_100_2005_DHDH_M_20260624T214031_20260624T214105_P05023_N_F_J_001" }, "geometry": { "type": "Polygon", "coordinates": [ [ [ -53.79529, -21.80074 ], [ -54.24803, -23.88254 ], [ -51.80154, -24.30103 ], [ -51.3941, -22.22316 ], [ -53.79529, -21.80074 ] ] ] } },
{ "type": "Feature", "properties": { "query_name": "feature_0_part_1_split_1", "feature_index": 0, "dataset": "NISAR", "platform": "NISAR", "product_id": "NISAR_L1_PR_RSLC_023_168_D_096_2005_SHSH_A_20260625T205640_20260625T205714_P05023_N_F_J_001", "processing_level": "RSLC", "flight_direction": "DESCENDING", "relative_orbit": 168, "absolute_orbit": 4765, "frame_number": 96, "start_time": "2026-06-25T20:56:40Z", "stop_time": "2026-06-25T20:57:14Z", "scene_name": "NISAR_L1_PR_RSLC_023_168_D_096_2005_SHSH_A_20260625T205640_20260625T205714_P05023_N_F_J_001" }, "geometry": { "type": "Polygon", "coordinates": [ [ [ -41.75531, -13.81639 ], [ -42.19735, -15.9025 ], [ -39.85507, -16.34625 ], [ -39.4389, -14.26563 ], [ -41.75531, -13.81639 ] ] ] } },
{ "type": "Feature", "properties": { "query_name": "feature_0_part_1_split_1", "feature_index": 0, "dataset": "NISAR", "platform": "NISAR", "product_id": "NISAR_L1_PR_RSLC_023_168_D_097_2005_SHSH_A_20260625T205713_20260625T205748_P05023_N_F_J_001", "processing_level": "RSLC", "flight_direction": "DESCENDING", "relative_orbit": 168, "absolute_orbit": 4765, "frame_number": 97, "start_time": "2026-06-25T20:57:13Z", "stop_time": "2026-06-25T20:57:48Z", "scene_name": "NISAR_L1_PR_RSLC_023_168_D_097_2005_SHSH_A_20260625T205713_20260625T205748_P05023_N_F_J_001" }, "geometry": { "type": "Polygon", "coordinates": [ [ [ -42.16877, -15.78399 ], [ -42.62606, -17.92859 ], [ -40.25799, -18.36666 ], [ -39.83063, -16.22755 ], [ -42.16877, -15.78399 ] ] ] } },
{ "type": "Feature", "properties": { "query_name": "feature_0_part_1_split_1", "feature_index": 0, "dataset": "NISAR", "platform": "NISAR", "product_id": "NISAR_L1_PR_RSLC_024_002_A_165_4005_DHDH_A_20260626T091515_20260626T091549_P05023_N_F_J_001", "processing_level": "RSLC", "flight_direction": "ASCENDING", "relative_orbit": 2, "absolute_orbit": 4772, "frame_number": 165, "start_time": "2026-06-26T09:15:15Z", "stop_time": "2026-06-26T09:15:49Z", "scene_name": "NISAR_L1_PR_RSLC_024_002_A_165_4005_DHDH_A_20260626T091515_20260626T091549_P05023_N_F_J_001" }, "geometry": { "type": "Polygon", "coordinates": [ [ [ -48.73106, -25.90707 ], [ -49.19648, -23.82803 ], [ -51.65838, -24.24926 ], [ -51.25194, -26.32602 ], [ -48.73106, -25.90707 ] ] ] } },
{ "type": "Feature", "properties": { "query_name": "feature_0_part_1_split_1", "feature_index": 0, "dataset": "NISAR", "platform": "NISAR", "product_id": "NISAR_L1_PR_RSLC_024_002_A_166_2005_DHDH_M_20260626T091548_20260626T091623_P05023_N_F_J_001", "processing_level": "RSLC", "flight_direction": "ASCENDING", "relative_orbit": 2, "absolute_orbit": 4772, "frame_number": 166, "start_time": "2026-06-26T09:15:48Z", "stop_time": "2026-06-26T09:16:23Z", "scene_name": "NISAR_L1_PR_RSLC_024_002_A_166_2005_DHDH_M_20260626T091548_20260626T091623_P05023_N_F_J_001" }, "geometry": { "type": "Polygon", "coordinates": [ [ [ -49.06733, -23.92837 ], [ -49.52992, -21.78625 ], [ -52.05294, -22.23075 ], [ -51.63526, -24.36793 ], [ -49.06733, -23.92837 ] ] ] } },
{ "type": "Feature", "properties": { "query_name": "feature_0_part_1_split_1", "feature_index": 0, "dataset": "NISAR", "platform": "NISAR", "product_id": "NISAR_L1_PR_RSLC_024_002_A_166_4005_DHDH_A_20260626T091548_20260626T091555_P05023_N_P_J_001", "processing_level": "RSLC", "flight_direction": "ASCENDING", "relative_orbit": 2, "absolute_orbit": 4772, "frame_number": 166, "start_time": "2026-06-26T09:15:48Z", "stop_time": "2026-06-26T09:15:55Z", "scene_name": "NISAR_L1_PR_RSLC_024_002_A_166_4005_DHDH_A_20260626T091548_20260626T091555_P05023_N_P_J_001" }, "geometry": { "type": "Polygon", "coordinates": [ [ [ -49.17175, -23.94713 ], [ -49.27321, -23.47104 ], [ -51.7259, -23.89278 ], [ -51.63531, -24.36794 ], [ -49.17175, -23.94713 ] ] ] } },
{ "type": "Feature", "properties": { "query_name": "feature_0_part_1_split_1", "feature_index": 0, "dataset": "NISAR", "platform": "NISAR", "product_id": "NISAR_L1_PR_RSLC_024_002_A_167_2005_DHDH_A_20260626T091622_20260626T091657_P05023_N_F_J_001", "processing_level": "RSLC", "flight_direction": "ASCENDING", "relative_orbit": 2, "absolute_orbit": 4772, "frame_number": 167, "start_time": "2026-06-26T09:16:22Z", "stop_time": "2026-06-26T09:16:57Z", "scene_name": "NISAR_L1_PR_RSLC_024_002_A_167_2005_DHDH_A_20260626T091622_20260626T091657_P05023_N_F_J_001" }, "geometry": { "type": "Polygon", "coordinates": [ [ [ -49.50485, -21.90535 ], [ -49.96704, -19.76271 ], [ -52.41752, -20.20601 ], [ -51.99528, -22.34369 ], [ -49.50485, -21.90535 ] ] ] } },
{ "type": "Feature", "properties": { "query_name": "feature_0_part_1_split_1", "feature_index": 0, "dataset": "NISAR", "platform": "NISAR", "product_id": "NISAR_L1_PR_RSLC_024_002_A_168_2005_DHDH_A_20260626T091656_20260626T091730_P05023_N_F_J_001", "processing_level": "RSLC", "flight_direction": "ASCENDING", "relative_orbit": 2, "absolute_orbit": 4772, "frame_number": 168, "start_time": "2026-06-26T09:16:56Z", "stop_time": "2026-06-26T09:17:30Z", "scene_name": "NISAR_L1_PR_RSLC_024_002_A_168_2005_DHDH_A_20260626T091656_20260626T091730_P05023_N_F_J_001" }, "geometry": { "type": "Polygon", "coordinates": [ [ [ -49.94116, -19.88168 ], [ -50.38939, -17.79788 ], [ -52.80984, -18.24637 ], [ -52.39432, -20.32481 ], [ -49.94116, -19.88168 ] ] ] } },
{ "type": "Feature", "properties": { "query_name": "feature_0_part_1_split_1", "feature_index": 0, "dataset": "NISAR", "platform": "NISAR", "product_id": "NISAR_L1_PR_RSLC_024_002_A_169_2005_DHDH_A_20260626T091729_20260626T091804_P05023_N_F_J_001", "processing_level": "RSLC", "flight_direction": "ASCENDING", "relative_orbit": 2, "absolute_orbit": 4772, "frame_number": 169, "start_time": "2026-06-26T09:17:29Z", "stop_time": "2026-06-26T09:18:04Z", "scene_name": "NISAR_L1_PR_RSLC_024_002_A_169_2005_DHDH_A_20260626T091729_20260626T091804_P05023_N_F_J_001" }, "geometry": { "type": "Polygon", "coordinates": [ [ [ -50.36278, -17.91674 ], [ -50.81927, -15.77199 ], [ -53.21072, -16.22577 ], [ -52.78606, -18.36512 ], [ -50.36278, -17.91674 ] ] ] } },
{ "type": "Feature", "properties": { "query_name": "feature_0_part_1_split_1", "feature_index": 0, "dataset": "NISAR", "platform": "NISAR", "product_id": "NISAR_L1_PR_RSLC_024_002_A_170_2005_DHDH_A_20260626T091803_20260626T091837_P05023_N_F_J_001", "processing_level": "RSLC", "flight_direction": "ASCENDING", "relative_orbit": 2, "absolute_orbit": 4772, "frame_number": 170, "start_time": "2026-06-26T09:18:03Z", "stop_time": "2026-06-26T09:18:37Z", "scene_name": "NISAR_L1_PR_RSLC_024_002_A_170_2005_DHDH_A_20260626T091803_20260626T091837_P05023_N_F_J_001" }, "geometry": { "type": "Polygon", "coordinates": [ [ [ -50.79414, -15.89117 ], [ -51.23643, -13.80513 ], [ -53.60164, -14.26391 ], [ -53.18623, -16.34445 ], [ -50.79414, -15.89117 ] ] ] } },
{ "type": "Feature", "properties": { "query_name": "feature_0_part_1_split_1", "feature_index": 0, "dataset": "NISAR", "platform": "NISAR", "product_id": "NISAR_L1_PR_RSLC_024_002_A_171_2005_DHDH_A_20260626T091836_20260626T091911_P05023_N_F_J_001", "processing_level": "RSLC", "flight_direction": "ASCENDING", "relative_orbit": 2, "absolute_orbit": 4772, "frame_number": 171, "start_time": "2026-06-26T09:18:36Z", "stop_time": "2026-06-26T09:19:11Z", "scene_name": "NISAR_L1_PR_RSLC_024_002_A_171_2005_DHDH_A_20260626T091836_20260626T091911_P05023_N_F_J_001" }, "geometry": { "type": "Polygon", "coordinates": [ [ [ -51.21113, -13.9243 ], [ -51.66845, -11.7785 ], [ -54.0083, -12.24227 ], [ -53.57772, -14.38276 ], [ -51.21113, -13.9243 ] ] ] } },
{ "type": "Feature", "properties": { "query_name": "feature_0_part_1_split_1", "feature_index": 0, "dataset": "NISAR", "platform": "NISAR", "product_id": "NISAR_L1_PR_RSLC_024_002_A_172_2005_DHDH_A_20260626T091910_20260626T091944_P05023_N_F_J_001", "processing_level": "RSLC", "flight_direction": "ASCENDING", "relative_orbit": 2, "absolute_orbit": 4772, "frame_number": 172, "start_time": "2026-06-26T09:19:10Z", "stop_time": "2026-06-26T09:19:44Z", "scene_name": "NISAR_L1_PR_RSLC_024_002_A_172_2005_DHDH_A_20260626T091910_20260626T091944_P05023_N_F_J_001" }, "geometry": { "type": "Polygon", "coordinates": [ [ [ -51.64318, -11.89772 ], [ -52.08667, -9.81065 ], [ -54.4078, -10.27997 ], [ -53.98474, -12.36125 ], [ -51.64318, -11.89772 ] ] ] } },
{ "type": "Feature", "properties": { "query_name": "feature_0_part_1_split_1", "feature_index": 0, "dataset": "NISAR", "platform": "NISAR", "product_id": "NISAR_L1_PR_RSLC_024_010_D_095_2005_SHSH_M_20260626T215421_20260626T215456_P05023_N_F_J_001", "processing_level": "RSLC", "flight_direction": "DESCENDING", "relative_orbit": 10, "absolute_orbit": 4780, "frame_number": 95, "start_time": "2026-06-26T21:54:21Z", "stop_time": "2026-06-26T21:54:56Z", "scene_name": "NISAR_L1_PR_RSLC_024_010_D_095_2005_SHSH_M_20260626T215421_20260626T215456_P05023_N_F_J_001" }, "geometry": { "type": "Polygon", "coordinates": [ [ [ -55.90491, -11.73491 ], [ -56.3615, -13.881 ], [ -54.03265, -14.33244 ], [ -53.60338, -12.19137 ], [ -55.90491, -11.73491 ] ] ] } },
{ "type": "Feature", "properties": { "query_name": "feature_0_part_1_split_1", "feature_index": 0, "dataset": "NISAR", "platform": "NISAR", "product_id": "NISAR_L1_PR_RSLC_024_010_D_095_4005_DHDH_A_20260626T215450_20260626T215456_P05023_N_P_J_001", "processing_level": "RSLC", "flight_direction": "DESCENDING", "relative_orbit": 10, "absolute_orbit": 4780, "frame_number": 95, "start_time": "2026-06-26T21:54:50Z", "stop_time": "2026-06-26T21:54:56Z", "scene_name": "NISAR_L1_PR_RSLC_024_010_D_095_4005_DHDH_A_20260626T215450_20260626T215456_P05023_N_P_J_001" }, "geometry": { "type": "Polygon", "coordinates": [ [ [ -56.24201, -13.46992 ], [ -56.33129, -13.88701 ], [ -54.03261, -14.33245 ], [ -53.95037, -13.91603 ], [ -56.24201, -13.46992 ] ] ] } },
{ "type": "Feature", "properties": { "query_name": "feature_0_part_1_split_1", "feature_index": 0, "dataset": "NISAR", "platform": "NISAR", "product_id": "NISAR_L1_PR_RSLC_024_010_D_096_4005_DHDH_A_20260626T215455_20260626T215529_P05023_N_F_J_001", "processing_level": "RSLC", "flight_direction": "DESCENDING", "relative_orbit": 10, "absolute_orbit": 4780, "frame_number": 96, "start_time": "2026-06-26T21:54:55Z", "stop_time": "2026-06-26T21:55:29Z", "scene_name": "NISAR_L1_PR_RSLC_024_010_D_096_4005_DHDH_A_20260626T215455_20260626T215529_P05023_N_F_J_001" }, "geometry": { "type": "Polygon", "coordinates": [ [ [ -56.30621, -13.76779 ], [ -56.7507, -15.85343 ], [ -54.42878, -16.29361 ], [ -54.00942, -14.21345 ], [ -56.30621, -13.76779 ] ] ] } },
{ "type": "Feature", "properties": { "query_name": "feature_0_part_1_split_1", "feature_index": 0, "dataset": "NISAR", "platform": "NISAR", "product_id": "NISAR_L1_PR_RSLC_024_010_D_097_2005_SHSH_M_20260626T215528_20260626T215603_P05023_N_F_J_001", "processing_level": "RSLC", "flight_direction": "DESCENDING", "relative_orbit": 10, "absolute_orbit": 4780, "frame_number": 97, "start_time": "2026-06-26T21:55:28Z", "stop_time": "2026-06-26T21:56:03Z", "scene_name": "NISAR_L1_PR_RSLC_024_010_D_097_2005_SHSH_M_20260626T215528_20260626T215603_P05023_N_F_J_001" }, "geometry": { "type": "Polygon", "coordinates": [ [ [ -56.72337, -15.73468 ], [ -57.18517, -17.87843 ], [ -54.83041, -18.31437 ], [ -54.40418, -16.17492 ], [ -56.72337, -15.73468 ] ] ] } },
{ "type": "Feature", "properties": { "query_name": "feature_0_part_1_split_1", "feature_index": 0, "dataset": "NISAR", "platform": "NISAR", "product_id": "NISAR_L1_PR_RSLC_024_010_D_097_4005_DHDH_A_20260626T215528_20260626T215535_P05023_N_P_J_001", "processing_level": "RSLC", "flight_direction": "DESCENDING", "relative_orbit": 10, "absolute_orbit": 4780, "frame_number": 97, "start_time": "2026-06-26T21:55:28Z", "stop_time": "2026-06-26T21:55:35Z", "scene_name": "NISAR_L1_PR_RSLC_024_010_D_097_4005_DHDH_A_20260626T215528_20260626T215535_P05023_N_P_J_001" }, "geometry": { "type": "Polygon", "coordinates": [ [ [ -56.72337, -15.73468 ], [ -56.82902, -16.2105 ], [ -54.49947, -16.65032 ], [ -54.40413, -16.17493 ], [ -56.72337, -15.73468 ] ] ] } },
{ "type": "Feature", "properties": { "query_name": "feature_0_part_1_split_1", "feature_index": 0, "dataset": "NISAR", "platform": "NISAR", "product_id": "NISAR_L1_PR_RSLC_024_010_D_098_2005_SHSH_M_20260626T215602_20260626T215636_P05023_N_F_J_001", "processing_level": "RSLC", "flight_direction": "DESCENDING", "relative_orbit": 10, "absolute_orbit": 4780, "frame_number": 98, "start_time": "2026-06-26T21:56:02Z", "stop_time": "2026-06-26T21:56:36Z", "scene_name": "NISAR_L1_PR_RSLC_024_010_D_098_2005_SHSH_M_20260626T215602_20260626T215636_P05023_N_F_J_001" }, "geometry": { "type": "Polygon", "coordinates": [ [ [ -57.1126, -17.76839 ], [ -57.55864, -19.85245 ], [ -55.1202, -20.29205 ], [ -54.70855, -18.21312 ], [ -57.1126, -17.76839 ] ] ] } },
{ "type": "Feature", "properties": { "query_name": "feature_0_part_1_split_1", "feature_index": 0, "dataset": "NISAR", "platform": "NISAR", "product_id": "NISAR_L1_PR_RSLC_024_010_D_099_2005_DHDH_A_20260626T215638_20260626T215710_P05023_N_F_J_001", "processing_level": "RSLC", "flight_direction": "DESCENDING", "relative_orbit": 10, "absolute_orbit": 4780, "frame_number": 99, "start_time": "2026-06-26T21:56:38Z", "stop_time": "2026-06-26T21:57:10Z", "scene_name": "NISAR_L1_PR_RSLC_024_010_D_099_2005_DHDH_A_20260626T215638_20260626T215710_P05023_N_F_J_001" }, "geometry": { "type": "Polygon", "coordinates": [ [ [ -57.54823, -19.91637 ], [ -57.97079, -21.88039 ], [ -55.51627, -22.31124 ], [ -55.13236, -20.35141 ], [ -57.54823, -19.91637 ] ] ] } },
{ "type": "Feature", "properties": { "query_name": "feature_0_part_1_split_1", "feature_index": 0, "dataset": "NISAR", "platform": "NISAR", "product_id": "NISAR_L1_PR_RSLC_024_010_D_100_2005_DHDH_A_20260626T215709_20260626T215743_P05023_N_F_J_001", "processing_level": "RSLC", "flight_direction": "DESCENDING", "relative_orbit": 10, "absolute_orbit": 4780, "frame_number": 100, "start_time": "2026-06-26T21:57:09Z", "stop_time": "2026-06-26T21:57:43Z", "scene_name": "NISAR_L1_PR_RSLC_024_010_D_100_2005_DHDH_A_20260626T215709_20260626T215743_P05023_N_F_J_001" }, "geometry": { "type": "Polygon", "coordinates": [ [ [ -57.94516, -21.76141 ], [ -58.39634, -23.84349 ], [ -55.90358, -24.26962 ], [ -55.49317, -22.1925 ], [ -57.94516, -21.76141 ] ] ] } },
{ "type": "Feature", "properties": { "query_name": "feature_0_part_1_split_1", "feature_index": 0, "dataset": "NISAR", "platform": "NISAR", "product_id": "NISAR_L1_PR_RSLC_024_016_A_169_2005_DHDH_A_20260627T083552_20260627T083627_P05023_N_F_J_001", "processing_level": "RSLC", "flight_direction": "ASCENDING", "relative_orbit": 16, "absolute_orbit": 4786, "frame_number": 169, "start_time": "2026-06-27T08:35:52Z", "stop_time": "2026-06-27T08:36:27Z", "scene_name": "NISAR_L1_PR_RSLC_024_016_A_169_2005_DHDH_A_20260627T083552_20260627T083627_P05023_N_F_J_001" }, "geometry": { "type": "Polygon", "coordinates": [ [ [ -39.98327, -17.90823 ], [ -40.45096, -15.76571 ], [ -42.7943, -16.21033 ], [ -42.36425, -18.34885 ], [ -39.98327, -17.90823 ] ] ] } },
{ "type": "Feature", "properties": { "query_name": "feature_0_part_1_split_1", "feature_index": 0, "dataset": "NISAR", "platform": "NISAR", "product_id": "NISAR_L1_PR_RSLC_024_016_A_170_2005_DHDH_A_20260627T083626_20260627T083700_P05023_N_F_J_001", "processing_level": "RSLC", "flight_direction": "ASCENDING", "relative_orbit": 16, "absolute_orbit": 4786, "frame_number": 170, "start_time": "2026-06-27T08:36:26Z", "stop_time": "2026-06-27T08:37:00Z", "scene_name": "NISAR_L1_PR_RSLC_024_016_A_170_2005_DHDH_A_20260627T083626_20260627T083700_P05023_N_F_J_001" }, "geometry": { "type": "Polygon", "coordinates": [ [ [ -40.42017, -15.88379 ], [ -40.86394, -13.79811 ], [ -43.18477, -14.24829 ], [ -42.77092, -16.32922 ], [ -40.42017, -15.88379 ] ] ] } },
{ "type": "Feature", "properties": { "query_name": "feature_0_part_1_split_1", "feature_index": 0, "dataset": "NISAR", "platform": "NISAR", "product_id": "NISAR_L1_PR_RSLC_024_016_A_171_2005_DHDH_A_20260627T083659_20260627T083734_P05023_N_F_J_001", "processing_level": "RSLC", "flight_direction": "ASCENDING", "relative_orbit": 16, "absolute_orbit": 4786, "frame_number": 171, "start_time": "2026-06-27T08:36:59Z", "stop_time": "2026-06-27T08:37:34Z", "scene_name": "NISAR_L1_PR_RSLC_024_016_A_171_2005_DHDH_A_20260627T083659_20260627T083734_P05023_N_F_J_001" }, "geometry": { "type": "Polygon", "coordinates": [ [ [ -40.83701, -13.91696 ], [ -41.30147, -11.77266 ], [ -43.59254, -12.22675 ], [ -43.1612, -14.36721 ], [ -40.83701, -13.91696 ] ] ] } },
{ "type": "Feature", "properties": { "query_name": "feature_0_part_1_split_1", "feature_index": 0, "dataset": "NISAR", "platform": "NISAR", "product_id": "NISAR_L1_PR_RSLC_024_016_A_173_2005_DHDH_A_20260627T083806_20260627T083840_P05023_N_F_J_001", "processing_level": "RSLC", "flight_direction": "ASCENDING", "relative_orbit": 16, "absolute_orbit": 4786, "frame_number": 173, "start_time": "2026-06-27T08:38:06Z", "stop_time": "2026-06-27T08:38:40Z", "scene_name": "NISAR_L1_PR_RSLC_024_016_A_173_2005_DHDH_A_20260627T083806_20260627T083840_P05023_N_F_J_001" }, "geometry": { "type": "Polygon", "coordinates": [ [ [ -41.69249, -9.92375 ], [ -42.12898, -7.83463 ], [ -44.39629, -8.30185 ], [ -43.96904, -10.38351 ], [ -41.69249, -9.92375 ] ] ] } },
{ "type": "Feature", "properties": { "query_name": "feature_0_part_1_split_1", "feature_index": 0, "dataset": "NISAR", "platform": "NISAR", "product_id": "NISAR_L1_PR_RSLC_024_016_A_174_2005_DHDH_A_20260627T083839_20260627T083914_P05023_N_F_J_001", "processing_level": "RSLC", "flight_direction": "ASCENDING", "relative_orbit": 16, "absolute_orbit": 4786, "frame_number": 174, "start_time": "2026-06-27T08:38:39Z", "stop_time": "2026-06-27T08:39:14Z", "scene_name": "NISAR_L1_PR_RSLC_024_016_A_174_2005_DHDH_A_20260627T083839_20260627T083914_P05023_N_F_J_001" }, "geometry": { "type": "Polygon", "coordinates": [ [ [ -42.10408, -7.95401 ], [ -42.56563, -5.80704 ], [ -44.81476, -6.27915 ], [ -44.37205, -8.42083 ], [ -42.10408, -7.95401 ] ] ] } },
{ "type": "Feature", "properties": { "query_name": "feature_0_part_1_split_1", "feature_index": 0, "dataset": "NISAR", "platform": "NISAR", "product_id": "NISAR_L1_PR_RSLC_024_016_A_175_2005_DHDH_M_20260627T083913_20260627T083947_P05023_N_F_J_001", "processing_level": "RSLC", "flight_direction": "ASCENDING", "relative_orbit": 16, "absolute_orbit": 4786, "frame_number": 175, "start_time": "2026-06-27T08:39:13Z", "stop_time": "2026-06-27T08:39:47Z", "scene_name": "NISAR_L1_PR_RSLC_024_016_A_175_2005_DHDH_M_20260627T083913_20260627T083947_P05023_N_F_J_001" }, "geometry": { "type": "Polygon", "coordinates": [ [ [ -42.50318, -5.91851 ], [ -42.95144, -3.83022 ], [ -45.20457, -4.31133 ], [ -44.76909, -6.39376 ], [ -42.50318, -5.91851 ] ] ] } },
{ "type": "Feature", "properties": { "query_name": "feature_0_part_1_split_1", "feature_index": 0, "dataset": "NISAR", "platform": "NISAR", "product_id": "NISAR_L1_PR_RSLC_024_016_A_175_4005_DHDH_A_20260627T083942_20260627T083947_P05023_N_P_J_001", "processing_level": "RSLC", "flight_direction": "ASCENDING", "relative_orbit": 16, "absolute_orbit": 4786, "frame_number": 175, "start_time": "2026-06-27T08:39:42Z", "stop_time": "2026-06-27T08:39:47Z", "scene_name": "NISAR_L1_PR_RSLC_024_016_A_175_4005_DHDH_A_20260627T083942_20260627T083947_P05023_N_P_J_001" }, "geometry": { "type": "Polygon", "coordinates": [ [ [ -42.87413, -4.18813 ], [ -42.95144, -3.83022 ], [ -45.17434, -4.30492 ], [ -45.10032, -4.66212 ], [ -42.87413, -4.18813 ] ] ] } },
{ "type": "Feature", "properties": { "query_name": "feature_0_part_1_split_1", "feature_index": 0, "dataset": "NISAR", "platform": "NISAR", "product_id": "NISAR_L1_PR_RSLC_024_016_A_176_4005_DHDH_A_20260627T083946_20260627T084021_P05023_N_F_J_001", "processing_level": "RSLC", "flight_direction": "ASCENDING", "relative_orbit": 16, "absolute_orbit": 4786, "frame_number": 176, "start_time": "2026-06-27T08:39:46Z", "stop_time": "2026-06-27T08:40:21Z", "scene_name": "NISAR_L1_PR_RSLC_024_016_A_176_4005_DHDH_A_20260627T083946_20260627T084021_P05023_N_F_J_001" }, "geometry": { "type": "Polygon", "coordinates": [ [ [ -42.92512, -3.94938 ], [ -43.3893, -1.80127 ], [ -45.60637, -2.28251 ], [ -45.14943, -4.42392 ], [ -42.92512, -3.94938 ] ] ] } },
{ "type": "Feature", "properties": { "query_name": "feature_0_part_1_split_1", "feature_index": 0, "dataset": "NISAR", "platform": "NISAR", "product_id": "NISAR_L1_PR_RSLC_024_024_D_090_2005_SHSH_A_20260627T210957_20260627T211031_P05023_N_F_J_001", "processing_level": "RSLC", "flight_direction": "DESCENDING", "relative_orbit": 24, "absolute_orbit": 4794, "frame_number": 90, "start_time": "2026-06-27T21:09:57Z", "stop_time": "2026-06-27T21:10:31Z", "scene_name": "NISAR_L1_PR_RSLC_024_024_D_090_2005_SHSH_A_20260627T210957_20260627T211031_P05023_N_F_J_001" }, "geometry": { "type": "Polygon", "coordinates": [ [ [ -43.35882, -1.78795 ], [ -43.80982, -3.87648 ], [ -41.56541, -4.35544 ], [ -41.12398, -2.27301 ], [ -43.35882, -1.78795 ] ] ] } },
{ "type": "Feature", "properties": { "query_name": "feature_0_part_1_split_1", "feature_index": 0, "dataset": "NISAR", "platform": "NISAR", "product_id": "NISAR_L1_PR_RSLC_024_024_D_091_2005_SHSH_A_20260627T211030_20260627T211105_P05023_N_F_J_001", "processing_level": "RSLC", "flight_direction": "DESCENDING", "relative_orbit": 24, "absolute_orbit": 4794, "frame_number": 91, "start_time": "2026-06-27T21:10:30Z", "stop_time": "2026-06-27T21:11:05Z", "scene_name": "NISAR_L1_PR_RSLC_024_024_D_091_2005_SHSH_A_20260627T211030_20260627T211105_P05023_N_F_J_001" }, "geometry": { "type": "Polygon", "coordinates": [ [ [ -43.78511, -3.75697 ], [ -44.2444, -5.90533 ], [ -41.99205, -6.37767 ], [ -41.54212, -4.23611 ], [ -43.78511, -3.75697 ] ] ] } },
{ "type": "Feature", "properties": { "query_name": "feature_0_part_1_split_1", "feature_index": 0, "dataset": "NISAR", "platform": "NISAR", "product_id": "NISAR_L1_PR_RSLC_024_024_D_092_2005_SHSH_A_20260627T211104_20260627T211138_P05023_N_F_J_001", "processing_level": "RSLC", "flight_direction": "DESCENDING", "relative_orbit": 24, "absolute_orbit": 4794, "frame_number": 92, "start_time": "2026-06-27T21:11:04Z", "stop_time": "2026-06-27T21:11:38Z", "scene_name": "NISAR_L1_PR_RSLC_024_024_D_092_2005_SHSH_A_20260627T211104_20260627T211138_P05023_N_F_J_001" }, "geometry": { "type": "Polygon", "coordinates": [ [ [ -44.21841, -5.78613 ], [ -44.66199, -7.87467 ], [ -42.39963, -8.34067 ], [ -41.96765, -6.25865 ], [ -44.21841, -5.78613 ] ] ] } },
{ "type": "Feature", "properties": { "query_name": "feature_0_part_1_split_1", "feature_index": 0, "dataset": "NISAR", "platform": "NISAR", "product_id": "NISAR_L1_PR_RSLC_024_024_D_093_2005_SHSH_A_20260627T211137_20260627T211212_P05023_N_F_J_001", "processing_level": "RSLC", "flight_direction": "DESCENDING", "relative_orbit": 24, "absolute_orbit": 4794, "frame_number": 93, "start_time": "2026-06-27T21:11:37Z", "stop_time": "2026-06-27T21:12:12Z", "scene_name": "NISAR_L1_PR_RSLC_024_024_D_093_2005_SHSH_A_20260627T211137_20260627T211212_P05023_N_F_J_001" }, "geometry": { "type": "Polygon", "coordinates": [ [ [ -44.63691, -7.75532 ], [ -45.09459, -9.90248 ], [ -42.81408, -10.36315 ], [ -42.37604, -8.22155 ], [ -44.63691, -7.75532 ] ] ] } },
{ "type": "Feature", "properties": { "query_name": "feature_0_part_1_split_1", "feature_index": 0, "dataset": "NISAR", "platform": "NISAR", "product_id": "NISAR_L1_PR_RSLC_024_024_D_094_2005_SHSH_A_20260627T211211_20260627T211245_P05023_N_F_J_001", "processing_level": "RSLC", "flight_direction": "DESCENDING", "relative_orbit": 24, "absolute_orbit": 4794, "frame_number": 94, "start_time": "2026-06-27T21:12:11Z", "stop_time": "2026-06-27T21:12:45Z", "scene_name": "NISAR_L1_PR_RSLC_024_024_D_094_2005_SHSH_A_20260627T211211_20260627T211245_P05023_N_F_J_001" }, "geometry": { "type": "Polygon", "coordinates": [ [ [ -45.06934, -9.78322 ], [ -45.50869, -11.87118 ], [ -43.21379, -12.32558 ], [ -42.78994, -10.2442 ], [ -45.06934, -9.78322 ] ] ] } },
{ "type": "Feature", "properties": { "query_name": "feature_0_part_1_split_1", "feature_index": 0, "dataset": "NISAR", "platform": "NISAR", "product_id": "NISAR_L1_PR_RSLC_024_024_D_095_2005_SHSH_A_20260627T211244_20260627T211319_P05023_N_F_J_001", "processing_level": "RSLC", "flight_direction": "DESCENDING", "relative_orbit": 24, "absolute_orbit": 4794, "frame_number": 95, "start_time": "2026-06-27T21:12:44Z", "stop_time": "2026-06-27T21:13:19Z", "scene_name": "NISAR_L1_PR_RSLC_024_024_D_095_2005_SHSH_A_20260627T211244_20260627T211319_P05023_N_F_J_001" }, "geometry": { "type": "Polygon", "coordinates": [ [ [ -45.48307, -11.75203 ], [ -45.9381, -13.89833 ], [ -43.62121, -14.34726 ], [ -43.18968, -12.20669 ], [ -45.48307, -11.75203 ] ] ] } },
{ "type": "Feature", "properties": { "query_name": "feature_0_part_1_split_1", "feature_index": 0, "dataset": "NISAR", "platform": "NISAR", "product_id": "NISAR_L1_PR_RSLC_024_024_D_096_2005_SHSH_A_20260627T211318_20260627T211352_P05023_N_F_J_001", "processing_level": "RSLC", "flight_direction": "DESCENDING", "relative_orbit": 24, "absolute_orbit": 4794, "frame_number": 96, "start_time": "2026-06-27T21:13:18Z", "stop_time": "2026-06-27T21:13:52Z", "scene_name": "NISAR_L1_PR_RSLC_024_024_D_096_2005_SHSH_A_20260627T211318_20260627T211352_P05023_N_F_J_001" }, "geometry": { "type": "Polygon", "coordinates": [ [ [ -45.91202, -13.7793 ], [ -46.35608, -15.86504 ], [ -44.01194, -16.30933 ], [ -43.59749, -14.22836 ], [ -45.91202, -13.7793 ] ] ] } },
{ "type": "Feature", "properties": { "query_name": "feature_0_part_1_split_1", "feature_index": 0, "dataset": "NISAR", "platform": "NISAR", "product_id": "NISAR_L1_PR_RSLC_024_024_D_097_2005_SHSH_A_20260627T211351_20260627T211426_P05023_N_F_J_001", "processing_level": "RSLC", "flight_direction": "DESCENDING", "relative_orbit": 24, "absolute_orbit": 4794, "frame_number": 97, "start_time": "2026-06-27T21:13:51Z", "stop_time": "2026-06-27T21:14:26Z", "scene_name": "NISAR_L1_PR_RSLC_024_024_D_097_2005_SHSH_A_20260627T211351_20260627T211426_P05023_N_F_J_001" }, "geometry": { "type": "Polygon", "coordinates": [ [ [ -46.33434, -15.7452 ], [ -46.79158, -17.88985 ], [ -44.41553, -18.32965 ], [ -43.98768, -16.19059 ], [ -46.33434, -15.7452 ] ] ] } },
{ "type": "Feature", "properties": { "query_name": "feature_0_part_1_split_1", "feature_index": 0, "dataset": "NISAR", "platform": "NISAR", "product_id": "NISAR_L1_PR_RSLC_024_024_D_098_2005_SHSH_M_20260627T211425_20260627T211459_P05023_N_F_J_001", "processing_level": "RSLC", "flight_direction": "DESCENDING", "relative_orbit": 24, "absolute_orbit": 4794, "frame_number": 98, "start_time": "2026-06-27T21:14:25Z", "stop_time": "2026-06-27T21:14:59Z", "scene_name": "NISAR_L1_PR_RSLC_024_024_D_098_2005_SHSH_M_20260627T211425_20260627T211459_P05023_N_F_J_001" }, "geometry": { "type": "Polygon", "coordinates": [ [ [ -46.76563, -17.77087 ], [ -47.20781, -19.85584 ], [ -44.7952, -20.29167 ], [ -44.3856, -18.21199 ], [ -46.76563, -17.77087 ] ] ] } },
{ "type": "Feature", "properties": { "query_name": "feature_0_part_1_split_1", "feature_index": 0, "dataset": "NISAR", "platform": "NISAR", "product_id": "NISAR_L1_PR_RSLC_024_024_D_099_2005_DHDH_M_20260627T211458_20260627T211533_P05023_N_F_J_001", "processing_level": "RSLC", "flight_direction": "DESCENDING", "relative_orbit": 24, "absolute_orbit": 4794, "frame_number": 99, "start_time": "2026-06-27T21:14:58Z", "stop_time": "2026-06-27T21:15:33Z", "scene_name": "NISAR_L1_PR_RSLC_024_024_D_099_2005_DHDH_M_20260627T211458_20260627T211533_P05023_N_F_J_001" }, "geometry": { "type": "Polygon", "coordinates": [ [ [ -47.12979, -19.74667 ], [ -47.59756, -21.8881 ], [ -45.16384, -22.31584 ], [ -44.74992, -20.1767 ], [ -47.12979, -19.74667 ] ] ] } },
{ "type": "Feature", "properties": { "query_name": "feature_0_part_1_split_1", "feature_index": 0, "dataset": "NISAR", "platform": "NISAR", "product_id": "NISAR_L1_PR_RSLC_024_024_D_099_4005_DHDH_A_20260627T211526_20260627T211533_P05023_N_P_J_001", "processing_level": "RSLC", "flight_direction": "DESCENDING", "relative_orbit": 24, "absolute_orbit": 4794, "frame_number": 99, "start_time": "2026-06-27T21:15:26Z", "stop_time": "2026-06-27T21:15:33Z", "scene_name": "NISAR_L1_PR_RSLC_024_024_D_099_4005_DHDH_A_20260627T211526_20260627T211533_P05023_N_P_J_001" }, "geometry": { "type": "Polygon", "coordinates": [ [ [ -47.49492, -21.41206 ], [ -47.59756, -21.8881 ], [ -45.16384, -22.31584 ], [ -45.07772, -21.83964 ], [ -47.49492, -21.41206 ] ] ] } },
{ "type": "Feature", "properties": { "query_name": "feature_0_part_1_split_1", "feature_index": 0, "dataset": "NISAR", "platform": "NISAR", "product_id": "NISAR_L1_PR_RSLC_024_024_D_100_4005_DHDH_A_20260627T211532_20260627T211606_P05023_N_F_J_001", "processing_level": "RSLC", "flight_direction": "DESCENDING", "relative_orbit": 24, "absolute_orbit": 4794, "frame_number": 100, "start_time": "2026-06-27T21:15:32Z", "stop_time": "2026-06-27T21:16:06Z", "scene_name": "NISAR_L1_PR_RSLC_024_024_D_100_4005_DHDH_A_20260627T211532_20260627T211606_P05023_N_F_J_001" }, "geometry": { "type": "Polygon", "coordinates": [ [ [ -47.57314, -21.7689 ], [ -48.0229, -23.85134 ], [ -45.56518, -24.27222 ], [ -45.14576, -22.19626 ], [ -47.57314, -21.7689 ] ] ] } },
{ "type": "Feature", "properties": { "query_name": "feature_0_part_1_split_1", "feature_index": 0, "dataset": "NISAR", "platform": "NISAR", "product_id": "NISAR_L1_PR_RSLC_024_024_D_101_2005_DHDH_M_20260627T211605_20260627T211635_P05023_N_F_J_001", "processing_level": "RSLC", "flight_direction": "DESCENDING", "relative_orbit": 24, "absolute_orbit": 4794, "frame_number": 101, "start_time": "2026-06-27T21:16:05Z", "stop_time": "2026-06-27T21:16:35Z", "scene_name": "NISAR_L1_PR_RSLC_024_024_D_101_2005_DHDH_M_20260627T211605_20260627T211635_P05023_N_F_J_001" }, "geometry": { "type": "Polygon", "coordinates": [ [ [ -47.99716, -23.7324 ], [ -48.41062, -25.57387 ], [ -45.90437, -25.99295 ], [ -45.5418, -24.15357 ], [ -47.99716, -23.7324 ] ] ] } },
{ "type": "Feature", "properties": { "query_name": "feature_0_part_1_split_1", "feature_index": 0, "dataset": "NISAR", "platform": "NISAR", "product_id": "NISAR_L1_PR_RSLC_024_024_D_101_4005_DHDH_A_20260627T211605_20260627T211611_P05023_N_P_J_001", "processing_level": "RSLC", "flight_direction": "DESCENDING", "relative_orbit": 24, "absolute_orbit": 4794, "frame_number": 101, "start_time": "2026-06-27T21:16:05Z", "stop_time": "2026-06-27T21:16:11Z", "scene_name": "NISAR_L1_PR_RSLC_024_024_D_101_4005_DHDH_A_20260627T211605_20260627T211611_P05023_N_P_J_001" }, "geometry": { "type": "Polygon", "coordinates": [ [ [ -47.99716, -23.7324 ], [ -48.08568, -24.14906 ], [ -45.62366, -24.56895 ], [ -45.5418, -24.15357 ], [ -47.99716, -23.7324 ] ] ] } },
{ "type": "Feature", "properties": { "query_name": "feature_0_part_1_split_1", "feature_index": 0, "dataset": "NISAR", "platform": "NISAR", "product_id": "NISAR_L1_PR_RSLC_024_031_A_165_4005_DHDH_A_20260628T093154_20260628T093231_P05023_N_F_J_001", "processing_level": "RSLC", "flight_direction": "ASCENDING", "relative_orbit": 31, "absolute_orbit": 4801, "frame_number": 165, "start_time": "2026-06-28T09:31:54Z", "stop_time": "2026-06-28T09:32:31Z", "scene_name": "NISAR_L1_PR_RSLC_024_031_A_165_4005_DHDH_A_20260628T093154_20260628T093231_P05023_N_F_J_001" }, "geometry": { "type": "Polygon", "coordinates": [ [ [ -52.91178, -25.88933 ], [ -53.4038, -23.62976 ], [ -55.84349, -24.04842 ], [ -55.40117, -26.30319 ], [ -52.91178, -25.88933 ] ] ] } },
{ "type": "Feature", "properties": { "query_name": "feature_0_part_1_split_1", "feature_index": 0, "dataset": "NISAR", "platform": "NISAR", "product_id": "NISAR_L1_PR_RSLC_024_031_A_166_2005_DHDH_M_20260628T093227_20260628T093302_P05023_N_F_J_001", "processing_level": "RSLC", "flight_direction": "ASCENDING", "relative_orbit": 31, "absolute_orbit": 4801, "frame_number": 166, "start_time": "2026-06-28T09:32:27Z", "stop_time": "2026-06-28T09:33:02Z", "scene_name": "NISAR_L1_PR_RSLC_024_031_A_166_2005_DHDH_M_20260628T093227_20260628T093302_P05023_N_F_J_001" }, "geometry": { "type": "Polygon", "coordinates": [ [ [ -53.30956, -23.92177 ], [ -53.77423, -21.78035 ], [ -56.20723, -22.20855 ], [ -55.78619, -24.34528 ], [ -53.30956, -23.92177 ] ] ] } },
{ "type": "Feature", "properties": { "query_name": "feature_0_part_1_split_1", "feature_index": 0, "dataset": "NISAR", "platform": "NISAR", "product_id": "NISAR_L1_PR_RSLC_024_031_A_167_4005_DHDH_A_20260628T093258_20260628T093339_P05023_N_F_J_001", "processing_level": "RSLC", "flight_direction": "ASCENDING", "relative_orbit": 31, "absolute_orbit": 4801, "frame_number": 167, "start_time": "2026-06-28T09:32:58Z", "stop_time": "2026-06-28T09:33:39Z", "scene_name": "NISAR_L1_PR_RSLC_024_031_A_167_4005_DHDH_A_20260628T093258_20260628T093339_P05023_N_F_J_001" }, "geometry": { "type": "Polygon", "coordinates": [ [ [ -53.70877, -22.0776 ], [ -54.25079, -19.57873 ], [ -56.61647, -20.0072 ], [ -56.12543, -22.50145 ], [ -53.70877, -22.0776 ] ] ] } },
{ "type": "Feature", "properties": { "query_name": "feature_0_part_1_split_1", "feature_index": 0, "dataset": "NISAR", "platform": "NISAR", "product_id": "NISAR_L1_PR_RSLC_024_031_A_168_2005_DHDH_M_20260628T093334_20260628T093409_P05023_N_F_J_001", "processing_level": "RSLC", "flight_direction": "ASCENDING", "relative_orbit": 31, "absolute_orbit": 4801, "frame_number": 168, "start_time": "2026-06-28T09:33:34Z", "stop_time": "2026-06-28T09:34:09Z", "scene_name": "NISAR_L1_PR_RSLC_024_031_A_168_2005_DHDH_M_20260628T093334_20260628T093409_P05023_N_F_J_001" }, "geometry": { "type": "Polygon", "coordinates": [ [ [ -54.17423, -19.93588 ], [ -54.62852, -17.79158 ], [ -56.96966, -18.22504 ], [ -56.54615, -20.36355 ], [ -54.17423, -19.93588 ] ] ] } },
{ "type": "Feature", "properties": { "query_name": "feature_0_part_1_split_1", "feature_index": 0, "dataset": "NISAR", "platform": "NISAR", "product_id": "NISAR_L1_PR_RSLC_024_031_A_169_2005_DHDH_M_20260628T093408_20260628T093442_P05023_N_F_J_001", "processing_level": "RSLC", "flight_direction": "ASCENDING", "relative_orbit": 31, "absolute_orbit": 4801, "frame_number": 169, "start_time": "2026-06-28T09:34:08Z", "stop_time": "2026-06-28T09:34:42Z", "scene_name": "NISAR_L1_PR_RSLC_024_031_A_169_2005_DHDH_M_20260628T093408_20260628T093442_P05023_N_F_J_001" }, "geometry": { "type": "Polygon", "coordinates": [ [ [ -54.5667, -17.90368 ], [ -55.01327, -15.81919 ], [ -57.33634, -16.25971 ], [ -56.9217, -18.33947 ], [ -54.5667, -17.90368 ] ] ] } },
{ "type": "Feature", "properties": { "query_name": "feature_0_part_1_split_1", "feature_index": 0, "dataset": "NISAR", "platform": "NISAR", "product_id": "NISAR_L1_PR_RSLC_024_031_A_170_4005_DHDH_A_20260628T093438_20260628T093519_P05023_N_F_J_001", "processing_level": "RSLC", "flight_direction": "ASCENDING", "relative_orbit": 31, "absolute_orbit": 4801, "frame_number": 170, "start_time": "2026-06-28T09:34:38Z", "stop_time": "2026-06-28T09:35:19Z", "scene_name": "NISAR_L1_PR_RSLC_024_031_A_170_4005_DHDH_A_20260628T093438_20260628T093519_P05023_N_F_J_001" }, "geometry": { "type": "Polygon", "coordinates": [ [ [ -54.94707, -16.11651 ], [ -55.48285, -13.61441 ], [ -57.78087, -14.06102 ], [ -57.27669, -16.55678 ], [ -54.94707, -16.11651 ] ] ] } },
{ "type": "Feature", "properties": { "query_name": "feature_0_part_1_split_1", "feature_index": 0, "dataset": "NISAR", "platform": "NISAR", "product_id": "NISAR_L1_PR_RSLC_024_031_A_169_4005_DHDH_A_20260628T093438_20260628T093442_P05023_N_P_J_001", "processing_level": "RSLC", "flight_direction": "ASCENDING", "relative_orbit": 31, "absolute_orbit": 4801, "frame_number": 169, "start_time": "2026-06-28T09:34:38Z", "stop_time": "2026-06-28T09:34:42Z", "scene_name": "NISAR_L1_PR_RSLC_024_031_A_169_4005_DHDH_A_20260628T093438_20260628T093442_P05023_N_P_J_001" }, "geometry": { "type": "Polygon", "coordinates": [ [ [ -54.94707, -16.11651 ], [ -55.01327, -15.81919 ], [ -57.33634, -16.25971 ], [ -57.27669, -16.55678 ], [ -54.94707, -16.11651 ] ] ] } },
{ "type": "Feature", "properties": { "query_name": "feature_0_part_1_split_1", "feature_index": 0, "dataset": "NISAR", "platform": "NISAR", "product_id": "NISAR_L1_PR_RSLC_024_031_A_171_2005_DHDH_M_20260628T093515_20260628T093549_P05023_N_F_J_001", "processing_level": "RSLC", "flight_direction": "ASCENDING", "relative_orbit": 31, "absolute_orbit": 4801, "frame_number": 171, "start_time": "2026-06-28T09:35:15Z", "stop_time": "2026-06-28T09:35:49Z", "scene_name": "NISAR_L1_PR_RSLC_024_031_A_171_2005_DHDH_M_20260628T093515_20260628T093549_P05023_N_F_J_001" }, "geometry": { "type": "Polygon", "coordinates": [ [ [ -55.37176, -13.90288 ], [ -55.81302, -11.81599 ], [ -58.13872, -12.27689 ], [ -57.72096, -14.3582 ], [ -55.37176, -13.90288 ] ] ] } },
{ "type": "Feature", "properties": { "query_name": "feature_0_part_1_split_1", "feature_index": 0, "dataset": "NISAR", "platform": "NISAR", "product_id": "NISAR_L1_PR_RSLC_024_031_A_172_2005_DHDH_A_20260628T093548_20260628T093623_P05023_N_F_J_001", "processing_level": "RSLC", "flight_direction": "ASCENDING", "relative_orbit": 31, "absolute_orbit": 4801, "frame_number": 172, "start_time": "2026-06-28T09:35:48Z", "stop_time": "2026-06-28T09:36:23Z", "scene_name": "NISAR_L1_PR_RSLC_024_031_A_172_2005_DHDH_A_20260628T093548_20260628T093623_P05023_N_F_J_001" }, "geometry": { "type": "Polygon", "coordinates": [ [ [ -55.78815, -11.93529 ], [ -56.24397, -9.78849 ], [ -58.53255, -10.25149 ], [ -58.09714, -12.39239 ], [ -55.78815, -11.93529 ] ] ] } },
{ "type": "Feature", "properties": { "query_name": "feature_0_part_1_split_1", "feature_index": 0, "dataset": "NISAR", "platform": "NISAR", "product_id": "NISAR_L1_PR_RSLC_024_039_D_094_2005_SHSH_A_20260628T221027_20260628T221101_P05023_N_F_J_001", "processing_level": "RSLC", "flight_direction": "DESCENDING", "relative_orbit": 39, "absolute_orbit": 4809, "frame_number": 94, "start_time": "2026-06-28T22:10:27Z", "stop_time": "2026-06-28T22:11:01Z", "scene_name": "NISAR_L1_PR_RSLC_024_039_D_094_2005_SHSH_A_20260628T221027_20260628T221101_P05023_N_F_J_001" }, "geometry": { "type": "Polygon", "coordinates": [ [ [ -59.64924, -9.78527 ], [ -60.09015, -11.87297 ], [ -57.77469, -12.33141 ], [ -57.35034, -10.25015 ], [ -59.64924, -9.78527 ] ] ] } },
{ "type": "Feature", "properties": { "query_name": "feature_0_part_1_split_1", "feature_index": 0, "dataset": "NISAR", "platform": "NISAR", "product_id": "NISAR_L1_PR_RSLC_024_039_D_095_2005_SHSH_A_20260628T221100_20260628T221135_P05023_N_F_J_001", "processing_level": "RSLC", "flight_direction": "DESCENDING", "relative_orbit": 39, "absolute_orbit": 4809, "frame_number": 95, "start_time": "2026-06-28T22:11:00Z", "stop_time": "2026-06-28T22:11:35Z", "scene_name": "NISAR_L1_PR_RSLC_024_039_D_095_2005_SHSH_A_20260628T221100_20260628T221135_P05023_N_F_J_001" }, "geometry": { "type": "Polygon", "coordinates": [ [ [ -60.06504, -11.75372 ], [ -60.52323, -13.89945 ], [ -58.17994, -14.35346 ], [ -57.75109, -12.21242 ], [ -60.06504, -11.75372 ] ] ] } },
{ "type": "Feature", "properties": { "query_name": "feature_0_part_1_split_1", "feature_index": 0, "dataset": "NISAR", "platform": "NISAR", "product_id": "NISAR_L1_PR_RSLC_024_039_D_096_2005_SHSH_A_20260628T221134_20260628T221208_P05023_N_F_J_001", "processing_level": "RSLC", "flight_direction": "DESCENDING", "relative_orbit": 39, "absolute_orbit": 4809, "frame_number": 96, "start_time": "2026-06-28T22:11:34Z", "stop_time": "2026-06-28T22:12:08Z", "scene_name": "NISAR_L1_PR_RSLC_024_039_D_096_2005_SHSH_A_20260628T221134_20260628T221208_P05023_N_F_J_001" }, "geometry": { "type": "Polygon", "coordinates": [ [ [ -60.4983, -13.7802 ], [ -60.93977, -15.8665 ], [ -58.57689, -16.31437 ], [ -58.15655, -14.2345 ], [ -60.4983, -13.7802 ] ] ] } },
{ "type": "Feature", "properties": { "query_name": "feature_0_part_1_split_1", "feature_index": 0, "dataset": "NISAR", "platform": "NISAR", "product_id": "NISAR_L1_PR_RSLC_024_045_A_167_2005_DHDH_M_20260629T085124_20260629T085158_P05023_N_F_J_001", "processing_level": "RSLC", "flight_direction": "ASCENDING", "relative_orbit": 45, "absolute_orbit": 4815, "frame_number": 167, "start_time": "2026-06-29T08:51:24Z", "stop_time": "2026-06-29T08:51:58Z", "scene_name": "NISAR_L1_PR_RSLC_024_045_A_167_2005_DHDH_M_20260629T085124_20260629T085158_P05023_N_F_J_001" }, "geometry": { "type": "Polygon", "coordinates": [ [ [ -43.33866, -21.88928 ], [ -43.79291, -19.80734 ], [ -46.18845, -20.23984 ], [ -45.77973, -22.31835 ], [ -43.33866, -21.88928 ] ] ] } },
{ "type": "Feature", "properties": { "query_name": "feature_0_part_1_split_1", "feature_index": 0, "dataset": "NISAR", "platform": "NISAR", "product_id": "NISAR_L1_PR_RSLC_024_045_A_167_4005_DHDH_A_20260629T085124_20260629T085153_P05023_N_F_J_001", "processing_level": "RSLC", "flight_direction": "ASCENDING", "relative_orbit": 45, "absolute_orbit": 4815, "frame_number": 167, "start_time": "2026-06-29T08:51:24Z", "stop_time": "2026-06-29T08:51:53Z", "scene_name": "NISAR_L1_PR_RSLC_024_045_A_167_4005_DHDH_A_20260629T085124_20260629T085153_P05023_N_F_J_001" }, "geometry": { "type": "Polygon", "coordinates": [ [ [ -43.33866, -21.88928 ], [ -43.73243, -20.10561 ], [ -46.13026, -20.53688 ], [ -45.77977, -22.31835 ], [ -43.33866, -21.88928 ] ] ] } },
{ "type": "Feature", "properties": { "query_name": "feature_0_part_1_split_1", "feature_index": 0, "dataset": "NISAR", "platform": "NISAR", "product_id": "NISAR_L1_PR_RSLC_024_045_A_169_2005_DHDH_A_20260629T085233_20260629T085305_P05023_N_F_J_001", "processing_level": "RSLC", "flight_direction": "ASCENDING", "relative_orbit": 45, "absolute_orbit": 4815, "frame_number": 169, "start_time": "2026-06-29T08:52:33Z", "stop_time": "2026-06-29T08:53:05Z", "scene_name": "NISAR_L1_PR_RSLC_024_045_A_169_2005_DHDH_A_20260629T085233_20260629T085305_P05023_N_F_J_001" }, "geometry": { "type": "Polygon", "coordinates": [ [ [ -44.20483, -17.77875 ], [ -44.61872, -15.81201 ], [ -46.93411, -16.25108 ], [ -46.54589, -18.21252 ], [ -44.20483, -17.77875 ] ] ] } },
{ "type": "Feature", "properties": { "query_name": "feature_0_part_1_split_1", "feature_index": 0, "dataset": "NISAR", "platform": "NISAR", "product_id": "NISAR_L1_PR_RSLC_024_045_A_170_2005_DHDH_A_20260629T085304_20260629T085339_P05023_N_F_J_001", "processing_level": "RSLC", "flight_direction": "ASCENDING", "relative_orbit": 45, "absolute_orbit": 4815, "frame_number": 170, "start_time": "2026-06-29T08:53:04Z", "stop_time": "2026-06-29T08:53:39Z", "scene_name": "NISAR_L1_PR_RSLC_024_045_A_170_2005_DHDH_A_20260629T085304_20260629T085339_P05023_N_F_J_001" }, "geometry": { "type": "Polygon", "coordinates": [ [ [ -44.59462, -15.93138 ], [ -45.05233, -13.78645 ], [ -47.34191, -14.23055 ], [ -46.90806, -16.36948 ], [ -44.59462, -15.93138 ] ] ] } },
{ "type": "Feature", "properties": { "query_name": "feature_0_part_1_split_1", "feature_index": 0, "dataset": "NISAR", "platform": "NISAR", "product_id": "NISAR_L1_PR_RSLC_024_045_A_171_2005_DHDH_A_20260629T085338_20260629T085412_P05023_N_F_J_001", "processing_level": "RSLC", "flight_direction": "ASCENDING", "relative_orbit": 45, "absolute_orbit": 4815, "frame_number": 171, "start_time": "2026-06-29T08:53:38Z", "stop_time": "2026-06-29T08:54:12Z", "scene_name": "NISAR_L1_PR_RSLC_024_045_A_171_2005_DHDH_A_20260629T085338_20260629T085412_P05023_N_F_J_001" }, "geometry": { "type": "Polygon", "coordinates": [ [ [ -45.0263, -13.90548 ], [ -45.4698, -11.81923 ], [ -47.7314, -12.26725 ], [ -47.31719, -14.34925 ], [ -45.0263, -13.90548 ] ] ] } },
{ "type": "Feature", "properties": { "query_name": "feature_0_part_1_split_1", "feature_index": 0, "dataset": "NISAR", "platform": "NISAR", "product_id": "NISAR_L1_PR_RSLC_024_045_A_172_2005_DHDH_A_20260629T085411_20260629T085446_P05023_N_F_J_001", "processing_level": "RSLC", "flight_direction": "ASCENDING", "relative_orbit": 45, "absolute_orbit": 4815, "frame_number": 172, "start_time": "2026-06-29T08:54:11Z", "stop_time": "2026-06-29T08:54:46Z", "scene_name": "NISAR_L1_PR_RSLC_024_045_A_172_2005_DHDH_A_20260629T085411_20260629T085446_P05023_N_F_J_001" }, "geometry": { "type": "Polygon", "coordinates": [ [ [ -45.44401, -11.93833 ], [ -45.8962, -9.79098 ], [ -48.14431, -10.24558 ], [ -47.70677, -12.38603 ], [ -45.44401, -11.93833 ] ] ] } },
{ "type": "Feature", "properties": { "query_name": "feature_0_part_1_split_1", "feature_index": 0, "dataset": "NISAR", "platform": "NISAR", "product_id": "NISAR_L1_PR_RSLC_024_045_A_173_2005_DHDH_A_20260629T085445_20260629T085519_P05023_N_F_J_001", "processing_level": "RSLC", "flight_direction": "ASCENDING", "relative_orbit": 45, "absolute_orbit": 4815, "frame_number": 173, "start_time": "2026-06-29T08:54:45Z", "stop_time": "2026-06-29T08:55:19Z", "scene_name": "NISAR_L1_PR_RSLC_024_045_A_173_2005_DHDH_A_20260629T085445_20260629T085519_P05023_N_F_J_001" }, "geometry": { "type": "Polygon", "coordinates": [ [ [ -45.85389, -9.90673 ], [ -46.29952, -7.8195 ], [ -48.54645, -8.2826 ], [ -48.12083, -10.36465 ], [ -45.85389, -9.90673 ] ] ] } },
{ "type": "Feature", "properties": { "query_name": "feature_0_part_1_split_1", "feature_index": 0, "dataset": "NISAR", "platform": "NISAR", "product_id": "NISAR_L1_PR_RSLC_024_045_A_174_2005_DHDH_A_20260629T085516_20260629T085553_P05023_N_F_J_001", "processing_level": "RSLC", "flight_direction": "ASCENDING", "relative_orbit": 45, "absolute_orbit": 4815, "frame_number": 174, "start_time": "2026-06-29T08:55:16Z", "stop_time": "2026-06-29T08:55:53Z", "scene_name": "NISAR_L1_PR_RSLC_024_045_A_174_2005_DHDH_A_20260629T085516_20260629T085553_P05023_N_F_J_001" }, "geometry": { "type": "Polygon", "coordinates": [ [ [ -46.24605, -8.05751 ], [ -46.72952, -5.79053 ], [ -48.9329, -6.25318 ], [ -48.46368, -8.51366 ], [ -46.24605, -8.05751 ] ] ] } },
{ "type": "Feature", "properties": { "query_name": "feature_0_part_1_split_1", "feature_index": 0, "dataset": "NISAR", "platform": "NISAR", "product_id": "NISAR_L1_PR_RSLC_024_045_A_175_2005_DHDH_A_20260629T085552_20260629T085626_P05023_N_F_J_001", "processing_level": "RSLC", "flight_direction": "ASCENDING", "relative_orbit": 45, "absolute_orbit": 4815, "frame_number": 175, "start_time": "2026-06-29T08:55:52Z", "stop_time": "2026-06-29T08:56:26Z", "scene_name": "NISAR_L1_PR_RSLC_024_045_A_175_2005_DHDH_A_20260629T085552_20260629T085626_P05023_N_F_J_001" }, "geometry": { "type": "Polygon", "coordinates": [ [ [ -46.70482, -5.90999 ], [ -47.15109, -3.82139 ], [ -49.34616, -4.29013 ], [ -48.90813, -6.37214 ], [ -46.70482, -5.90999 ] ] ] } },
{ "type": "Feature", "properties": { "query_name": "feature_0_part_1_split_1", "feature_index": 0, "dataset": "NISAR", "platform": "NISAR", "product_id": "NISAR_L1_PR_RSLC_024_053_D_091_2005_SHSH_A_20260629T212709_20260629T212744_P05023_N_F_J_001", "processing_level": "RSLC", "flight_direction": "DESCENDING", "relative_orbit": 53, "absolute_orbit": 4823, "frame_number": 91, "start_time": "2026-06-29T21:27:09Z", "stop_time": "2026-06-29T21:27:44Z", "scene_name": "NISAR_L1_PR_RSLC_024_053_D_091_2005_SHSH_A_20260629T212709_20260629T212744_P05023_N_F_J_001" }, "geometry": { "type": "Polygon", "coordinates": [ [ [ -47.952, -3.77185 ], [ -48.41282, -5.9199 ], [ -46.17502, -6.38916 ], [ -45.72598, -4.24733 ], [ -47.952, -3.77185 ] ] ] } },
{ "type": "Feature", "properties": { "query_name": "feature_0_part_1_split_1", "feature_index": 0, "dataset": "NISAR", "platform": "NISAR", "product_id": "NISAR_L1_PR_RSLC_024_053_D_092_2005_SHSH_A_20260629T212743_20260629T212817_P05023_N_F_J_001", "processing_level": "RSLC", "flight_direction": "DESCENDING", "relative_orbit": 53, "absolute_orbit": 4823, "frame_number": 92, "start_time": "2026-06-29T21:27:43Z", "stop_time": "2026-06-29T21:28:17Z", "scene_name": "NISAR_L1_PR_RSLC_024_053_D_092_2005_SHSH_A_20260629T212743_20260629T212817_P05023_N_F_J_001" }, "geometry": { "type": "Polygon", "coordinates": [ [ [ -48.38715, -5.80064 ], [ -48.83378, -7.88855 ], [ -46.58204, -8.35234 ], [ -46.15016, -6.27022 ], [ -48.38715, -5.80064 ] ] ] } },
{ "type": "Feature", "properties": { "query_name": "feature_0_part_1_split_1", "feature_index": 0, "dataset": "NISAR", "platform": "NISAR", "product_id": "NISAR_L1_PR_RSLC_024_053_D_093_2005_SHSH_A_20260629T212816_20260629T212850_P05023_N_F_J_001", "processing_level": "RSLC", "flight_direction": "DESCENDING", "relative_orbit": 53, "absolute_orbit": 4823, "frame_number": 93, "start_time": "2026-06-29T21:28:16Z", "stop_time": "2026-06-29T21:28:50Z", "scene_name": "NISAR_L1_PR_RSLC_024_053_D_093_2005_SHSH_A_20260629T212816_20260629T212850_P05023_N_F_J_001" }, "geometry": { "type": "Polygon", "coordinates": [ [ [ -48.80844, -7.76926 ], [ -49.25253, -9.85698 ], [ -46.98573, -10.31514 ], [ -46.55776, -8.23335 ], [ -48.80844, -7.76926 ] ] ] } },
{ "type": "Feature", "properties": { "query_name": "feature_0_part_1_split_1", "feature_index": 0, "dataset": "NISAR", "platform": "NISAR", "product_id": "NISAR_L1_PR_RSLC_024_053_D_094_2005_SHSH_A_20260629T212849_20260629T212924_P05023_N_F_J_001", "processing_level": "RSLC", "flight_direction": "DESCENDING", "relative_orbit": 53, "absolute_orbit": 4823, "frame_number": 94, "start_time": "2026-06-29T21:28:49Z", "stop_time": "2026-06-29T21:29:24Z", "scene_name": "NISAR_L1_PR_RSLC_024_053_D_094_2005_SHSH_A_20260629T212849_20260629T212924_P05023_N_F_J_001" }, "geometry": { "type": "Polygon", "coordinates": [ [ [ -49.22707, -9.73776 ], [ -49.68408, -11.88438 ], [ -47.39788, -12.33709 ], [ -46.96266, -10.19598 ], [ -49.22707, -9.73776 ] ] ] } },
{ "type": "Feature", "properties": { "query_name": "feature_0_part_1_split_1", "feature_index": 0, "dataset": "NISAR", "platform": "NISAR", "product_id": "NISAR_L1_PR_RSLC_024_053_D_095_2005_SHSH_A_20260629T212923_20260629T212957_P05023_N_F_J_001", "processing_level": "RSLC", "flight_direction": "DESCENDING", "relative_orbit": 53, "absolute_orbit": 4823, "frame_number": 95, "start_time": "2026-06-29T21:29:23Z", "stop_time": "2026-06-29T21:29:57Z", "scene_name": "NISAR_L1_PR_RSLC_024_053_D_095_2005_SHSH_A_20260629T212923_20260629T212957_P05023_N_F_J_001" }, "geometry": { "type": "Polygon", "coordinates": [ [ [ -49.65879, -11.76516 ], [ -50.10102, -13.85192 ], [ -47.79083, -14.29987 ], [ -47.3733, -12.21828 ], [ -49.65879, -11.76516 ] ] ] } },
{ "type": "Feature", "properties": { "query_name": "feature_0_part_1_split_1", "feature_index": 0, "dataset": "NISAR", "platform": "NISAR", "product_id": "NISAR_L1_PR_RSLC_024_053_D_096_2005_SHSH_M_20260629T212956_20260629T213031_P05023_N_F_J_001", "processing_level": "RSLC", "flight_direction": "DESCENDING", "relative_orbit": 53, "absolute_orbit": 4823, "frame_number": 96, "start_time": "2026-06-29T21:29:56Z", "stop_time": "2026-06-29T21:30:31Z", "scene_name": "NISAR_L1_PR_RSLC_024_053_D_096_2005_SHSH_M_20260629T212956_20260629T213031_P05023_N_F_J_001" }, "geometry": { "type": "Polygon", "coordinates": [ [ [ -50.07581, -13.73272 ], [ -50.53034, -15.87853 ], [ -48.19399, -16.32139 ], [ -47.76257, -14.18182 ], [ -50.07581, -13.73272 ] ] ] } },
{ "type": "Feature", "properties": { "query_name": "feature_0_part_1_split_1", "feature_index": 0, "dataset": "NISAR", "platform": "NISAR", "product_id": "NISAR_L1_PR_RSLC_024_053_D_096_4005_DHDH_A_20260629T213026_20260629T213031_P05023_N_P_J_001", "processing_level": "RSLC", "flight_direction": "DESCENDING", "relative_orbit": 53, "absolute_orbit": 4823, "frame_number": 96, "start_time": "2026-06-29T21:30:26Z", "stop_time": "2026-06-29T21:30:31Z", "scene_name": "NISAR_L1_PR_RSLC_024_053_D_096_4005_DHDH_A_20260629T213026_20260629T213031_P05023_N_P_J_001" }, "geometry": { "type": "Polygon", "coordinates": [ [ [ -50.43094, -15.52561 ], [ -50.50812, -15.88287 ], [ -48.19392, -16.32141 ], [ -48.1218, -15.96496 ], [ -50.43094, -15.52561 ] ] ] } },
{ "type": "Feature", "properties": { "query_name": "feature_0_part_1_split_1", "feature_index": 0, "dataset": "NISAR", "platform": "NISAR", "product_id": "NISAR_L1_PR_RSLC_024_053_D_097_4005_DHDH_A_20260629T213030_20260629T213107_P05023_N_F_J_001", "processing_level": "RSLC", "flight_direction": "DESCENDING", "relative_orbit": 53, "absolute_orbit": 4823, "frame_number": 97, "start_time": "2026-06-29T21:30:30Z", "stop_time": "2026-06-29T21:31:07Z", "scene_name": "NISAR_L1_PR_RSLC_024_053_D_097_4005_DHDH_A_20260629T213030_20260629T213107_P05023_N_F_J_001" }, "geometry": { "type": "Polygon", "coordinates": [ [ [ -50.48373, -15.76355 ], [ -50.96134, -18.02823 ], [ -48.61708, -18.46137 ], [ -48.16435, -16.20364 ], [ -50.48373, -15.76355 ] ] ] } },
{ "type": "Feature", "properties": { "query_name": "feature_0_part_1_split_1", "feature_index": 0, "dataset": "NISAR", "platform": "NISAR", "product_id": "NISAR_L1_PR_RSLC_024_053_D_098_2005_SHSH_M_20260629T213104_20260629T213138_P05023_N_F_J_001", "processing_level": "RSLC", "flight_direction": "DESCENDING", "relative_orbit": 53, "absolute_orbit": 4823, "frame_number": 98, "start_time": "2026-06-29T21:31:04Z", "stop_time": "2026-06-29T21:31:38Z", "scene_name": "NISAR_L1_PR_RSLC_024_053_D_098_2005_SHSH_M_20260629T213104_20260629T213138_P05023_N_F_J_001" }, "geometry": { "type": "Polygon", "coordinates": [ [ [ -50.90179, -17.79169 ], [ -51.35265, -19.87494 ], [ -48.95858, -20.30715 ], [ -48.54557, -18.22808 ], [ -50.90179, -17.79169 ] ] ] } },
{ "type": "Feature", "properties": { "query_name": "feature_0_part_1_split_1", "feature_index": 0, "dataset": "NISAR", "platform": "NISAR", "product_id": "NISAR_L1_PR_RSLC_024_053_D_099_2005_DHDH_A_20260629T213138_20260629T213212_P05023_N_F_J_001", "processing_level": "RSLC", "flight_direction": "DESCENDING", "relative_orbit": 53, "absolute_orbit": 4823, "frame_number": 99, "start_time": "2026-06-29T21:31:38Z", "stop_time": "2026-06-29T21:32:12Z", "scene_name": "NISAR_L1_PR_RSLC_024_053_D_099_2005_DHDH_A_20260629T213138_20260629T213212_P05023_N_F_J_001" }, "geometry": { "type": "Polygon", "coordinates": [ [ [ -51.2827, -19.82617 ], [ -51.73072, -21.90924 ], [ -49.33311, -22.33034 ], [ -48.92318, -20.25189 ], [ -51.2827, -19.82617 ] ] ] } },
{ "type": "Feature", "properties": { "query_name": "feature_0_part_1_split_1", "feature_index": 0, "dataset": "NISAR", "platform": "NISAR", "product_id": "NISAR_L1_PR_RSLC_024_053_D_100_2005_DHDH_A_20260629T213211_20260629T213245_P05023_N_F_J_001", "processing_level": "RSLC", "flight_direction": "DESCENDING", "relative_orbit": 53, "absolute_orbit": 4823, "frame_number": 100, "start_time": "2026-06-29T21:32:11Z", "stop_time": "2026-06-29T21:32:45Z", "scene_name": "NISAR_L1_PR_RSLC_024_053_D_100_2005_DHDH_A_20260629T213211_20260629T213245_P05023_N_F_J_001" }, "geometry": { "type": "Polygon", "coordinates": [ [ [ -51.70568, -21.79016 ], [ -52.15667, -23.87225 ], [ -49.71467, -24.2899 ], [ -49.31006, -22.21158 ], [ -51.70568, -21.79016 ] ] ] } },
{ "type": "Feature", "properties": { "query_name": "feature_0_part_1_split_1", "feature_index": 0, "dataset": "NISAR", "platform": "NISAR", "product_id": "NISAR_L1_PR_RSLC_024_053_D_101_2005_DHDH_A_20260629T213244_20260629T213319_P05023_N_F_J_001", "processing_level": "RSLC", "flight_direction": "DESCENDING", "relative_orbit": 53, "absolute_orbit": 4823, "frame_number": 101, "start_time": "2026-06-29T21:32:44Z", "stop_time": "2026-06-29T21:33:19Z", "scene_name": "NISAR_L1_PR_RSLC_024_053_D_101_2005_DHDH_A_20260629T213244_20260629T213319_P05023_N_F_J_001" }, "geometry": { "type": "Polygon", "coordinates": [ [ [ -52.13204, -23.75312 ], [ -52.59285, -25.89481 ], [ -50.1141, -26.30688 ], [ -49.69297, -24.17098 ], [ -52.13204, -23.75312 ] ] ] } },
{ "type": "Feature", "properties": { "query_name": "feature_0_part_1_split_1", "feature_index": 0, "dataset": "NISAR", "platform": "NISAR", "product_id": "NISAR_L1_PR_RSLC_024_060_A_170_2005_DHDH_A_20260630T095120_20260630T095155_P05023_N_F_J_001", "processing_level": "RSLC", "flight_direction": "ASCENDING", "relative_orbit": 60, "absolute_orbit": 4830, "frame_number": 170, "start_time": "2026-06-30T09:51:20Z", "stop_time": "2026-06-30T09:51:55Z", "scene_name": "NISAR_L1_PR_RSLC_024_060_A_170_2005_DHDH_A_20260630T095120_20260630T095155_P05023_N_F_J_001" }, "geometry": { "type": "Polygon", "coordinates": [ [ [ -59.10565, -15.91092 ], [ -59.56564, -13.76623 ], [ -61.99718, -14.23773 ], [ -61.57102, -16.37759 ], [ -59.10565, -15.91092 ] ] ] } },
{ "type": "Feature", "properties": { "query_name": "feature_0_part_1_split_1", "feature_index": 0, "dataset": "NISAR", "platform": "NISAR", "product_id": "NISAR_L1_PR_RSLC_024_060_A_171_2005_DHDH_A_20260630T095154_20260630T095228_P05023_N_F_J_001", "processing_level": "RSLC", "flight_direction": "ASCENDING", "relative_orbit": 60, "absolute_orbit": 4830, "frame_number": 171, "start_time": "2026-06-30T09:51:54Z", "stop_time": "2026-06-30T09:52:28Z", "scene_name": "NISAR_L1_PR_RSLC_024_060_A_171_2005_DHDH_A_20260630T095154_20260630T095228_P05023_N_F_J_001" }, "geometry": { "type": "Polygon", "coordinates": [ [ [ -59.54068, -13.88547 ], [ -59.98153, -11.7985 ], [ -62.39199, -12.27586 ], [ -61.97309, -14.35653 ], [ -59.54068, -13.88547 ] ] ] } },
{ "type": "Feature", "properties": { "query_name": "feature_0_part_1_split_1", "feature_index": 0, "dataset": "NISAR", "platform": "NISAR", "product_id": "NISAR_L1_PR_RSLC_024_060_A_172_2005_DHDH_A_20260630T095227_20260630T095302_P05023_N_F_J_001", "processing_level": "RSLC", "flight_direction": "ASCENDING", "relative_orbit": 60, "absolute_orbit": 4830, "frame_number": 172, "start_time": "2026-06-30T09:52:27Z", "stop_time": "2026-06-30T09:53:02Z", "scene_name": "NISAR_L1_PR_RSLC_024_060_A_172_2005_DHDH_A_20260630T095227_20260630T095302_P05023_N_F_J_001" }, "geometry": { "type": "Polygon", "coordinates": [ [ [ -59.95624, -11.91771 ], [ -60.40952, -9.77039 ], [ -62.80275, -10.25422 ], [ -62.36794, -12.39473 ], [ -59.95624, -11.91771 ] ] ] } },
{ "type": "Feature", "properties": { "query_name": "feature_0_part_1_split_1", "feature_index": 0, "dataset": "NISAR", "platform": "NISAR", "product_id": "NISAR_L1_PR_RSLC_024_074_A_165_4005_DHDH_A_20260701T090655_20260701T090730_P05023_N_F_J_001", "processing_level": "RSLC", "flight_direction": "ASCENDING", "relative_orbit": 74, "absolute_orbit": 4844, "frame_number": 165, "start_time": "2026-07-01T09:06:55Z", "stop_time": "2026-07-01T09:07:30Z", "scene_name": "NISAR_L1_PR_RSLC_024_074_A_165_4005_DHDH_A_20260701T090655_20260701T090730_P05023_N_F_J_001" }, "geometry": { "type": "Polygon", "coordinates": [ [ [ -46.65574, -25.91759 ], [ -47.13745, -23.77969 ], [ -49.59595, -24.20044 ], [ -49.17624, -26.33626 ], [ -46.65574, -25.91759 ] ] ] } },
{ "type": "Feature", "properties": { "query_name": "feature_0_part_1_split_1", "feature_index": 0, "dataset": "NISAR", "platform": "NISAR", "product_id": "NISAR_L1_PR_RSLC_024_074_A_167_4005_DHDH_A_20260701T090803_20260701T090837_P05023_N_F_J_001", "processing_level": "RSLC", "flight_direction": "ASCENDING", "relative_orbit": 74, "absolute_orbit": 4844, "frame_number": 167, "start_time": "2026-07-01T09:08:03Z", "stop_time": "2026-07-01T09:08:37Z", "scene_name": "NISAR_L1_PR_RSLC_024_074_A_167_4005_DHDH_A_20260701T090803_20260701T090837_P05023_N_F_J_001" }, "geometry": { "type": "Polygon", "coordinates": [ [ [ -47.51275, -21.86935 ], [ -47.96383, -19.78685 ], [ -50.33126, -20.21453 ], [ -49.92086, -22.29288 ], [ -47.51275, -21.86935 ] ] ] } },
{ "type": "Feature", "properties": { "query_name": "feature_0_part_1_split_1", "feature_index": 0, "dataset": "NISAR", "platform": "NISAR", "product_id": "NISAR_L1_PR_RSLC_024_074_A_168_2005_DHDH_M_20260701T090836_20260701T090911_P05023_N_F_J_001", "processing_level": "RSLC", "flight_direction": "ASCENDING", "relative_orbit": 74, "absolute_orbit": 4844, "frame_number": 168, "start_time": "2026-07-01T09:08:36Z", "stop_time": "2026-07-01T09:09:11Z", "scene_name": "NISAR_L1_PR_RSLC_024_074_A_168_2005_DHDH_M_20260701T090836_20260701T090911_P05023_N_F_J_001" }, "geometry": { "type": "Polygon", "coordinates": [ [ [ -47.90889, -19.90036 ], [ -48.36938, -17.75711 ], [ -50.73319, -18.19507 ], [ -50.30741, -20.33322 ], [ -47.90889, -19.90036 ] ] ] } },
{ "type": "Feature", "properties": { "query_name": "feature_0_part_1_split_1", "feature_index": 0, "dataset": "NISAR", "platform": "NISAR", "product_id": "NISAR_L1_PR_RSLC_024_074_A_168_4005_DHDH_A_20260701T090836_20260701T090845_P05023_N_P_J_001", "processing_level": "RSLC", "flight_direction": "ASCENDING", "relative_orbit": 74, "absolute_orbit": 4844, "frame_number": 168, "start_time": "2026-07-01T09:08:36Z", "stop_time": "2026-07-01T09:08:45Z", "scene_name": "NISAR_L1_PR_RSLC_024_074_A_168_4005_DHDH_A_20260701T090836_20260701T090845_P05023_N_P_J_001" }, "geometry": { "type": "Polygon", "coordinates": [ [ [ -47.93711, -19.90565 ], [ -48.06796, -19.31097 ], [ -50.42469, -19.73926 ], [ -50.30745, -20.33322 ], [ -47.93711, -19.90565 ] ] ] } },
{ "type": "Feature", "properties": { "query_name": "feature_0_part_1_split_1", "feature_index": 0, "dataset": "NISAR", "platform": "NISAR", "product_id": "NISAR_L1_PR_RSLC_024_074_A_169_4005_DHDH_A_20260701T090908_20260701T090944_P05023_N_F_J_001", "processing_level": "RSLC", "flight_direction": "ASCENDING", "relative_orbit": 74, "absolute_orbit": 4844, "frame_number": 169, "start_time": "2026-07-01T09:09:08Z", "stop_time": "2026-07-01T09:09:44Z", "scene_name": "NISAR_L1_PR_RSLC_024_074_A_169_4005_DHDH_A_20260701T090908_20260701T090944_P05023_N_F_J_001" }, "geometry": { "type": "Polygon", "coordinates": [ [ [ -48.3166, -17.99493 ], [ -48.7912, -15.79186 ], [ -51.10131, -16.23 ], [ -50.66274, -18.42854 ], [ -48.3166, -17.99493 ] ] ] } },
{ "type": "Feature", "properties": { "query_name": "feature_0_part_1_split_1", "feature_index": 0, "dataset": "NISAR", "platform": "NISAR", "product_id": "NISAR_L1_PR_RSLC_024_074_A_170_2005_DHDH_M_20260701T090944_20260701T091018_P05023_N_F_J_001", "processing_level": "RSLC", "flight_direction": "ASCENDING", "relative_orbit": 74, "absolute_orbit": 4844, "frame_number": 170, "start_time": "2026-07-01T09:09:44Z", "stop_time": "2026-07-01T09:10:18Z", "scene_name": "NISAR_L1_PR_RSLC_024_074_A_170_2005_DHDH_M_20260701T090944_20260701T091018_P05023_N_F_J_001" }, "geometry": { "type": "Polygon", "coordinates": [ [ [ -48.73692, -15.84327 ], [ -49.16927, -13.75529 ], [ -51.49343, -14.20653 ], [ -51.07876, -16.28743 ], [ -48.73692, -15.84327 ] ] ] } },
{ "type": "Feature", "properties": { "query_name": "feature_0_part_1_split_1", "feature_index": 0, "dataset": "NISAR", "platform": "NISAR", "product_id": "NISAR_L1_PR_RSLC_024_074_A_170_4005_DHDH_A_20260701T090944_20260701T090958_P05023_N_P_J_001", "processing_level": "RSLC", "flight_direction": "ASCENDING", "relative_orbit": 74, "absolute_orbit": 4844, "frame_number": 170, "start_time": "2026-07-01T09:09:44Z", "stop_time": "2026-07-01T09:09:58Z", "scene_name": "NISAR_L1_PR_RSLC_024_074_A_170_4005_DHDH_A_20260701T090944_20260701T090958_P05023_N_P_J_001" }, "geometry": { "type": "Polygon", "coordinates": [ [ [ -48.77743, -15.85119 ], [ -48.96513, -14.95698 ], [ -51.25508, -15.39552 ], [ -51.07876, -16.28743 ], [ -48.77743, -15.85119 ] ] ] } },
{ "type": "Feature", "properties": { "query_name": "feature_0_part_1_split_1", "feature_index": 0, "dataset": "NISAR", "platform": "NISAR", "product_id": "NISAR_L1_PR_RSLC_024_074_A_171_2005_DHDH_A_20260701T091017_20260701T091051_P05023_N_F_J_001", "processing_level": "RSLC", "flight_direction": "ASCENDING", "relative_orbit": 74, "absolute_orbit": 4844, "frame_number": 171, "start_time": "2026-07-01T09:10:17Z", "stop_time": "2026-07-01T09:10:51Z", "scene_name": "NISAR_L1_PR_RSLC_024_074_A_171_2005_DHDH_A_20260701T091017_20260701T091051_P05023_N_F_J_001" }, "geometry": { "type": "Polygon", "coordinates": [ [ [ -49.14419, -13.87451 ], [ -49.58541, -11.78763 ], [ -51.88927, -12.24437 ], [ -51.46875, -14.32525 ], [ -49.14419, -13.87451 ] ] ] } },
{ "type": "Feature", "properties": { "query_name": "feature_0_part_1_split_1", "feature_index": 0, "dataset": "NISAR", "platform": "NISAR", "product_id": "NISAR_L1_PR_RSLC_024_074_A_172_2005_DHDH_A_20260701T091050_20260701T091125_P05023_N_F_J_001", "processing_level": "RSLC", "flight_direction": "ASCENDING", "relative_orbit": 74, "absolute_orbit": 4844, "frame_number": 172, "start_time": "2026-07-01T09:10:50Z", "stop_time": "2026-07-01T09:11:25Z", "scene_name": "NISAR_L1_PR_RSLC_024_074_A_172_2005_DHDH_A_20260701T091050_20260701T091125_P05023_N_F_J_001" }, "geometry": { "type": "Polygon", "coordinates": [ [ [ -49.56052, -11.90693 ], [ -50.0163, -9.76014 ], [ -52.30115, -10.22246 ], [ -51.86521, -12.36326 ], [ -49.56052, -11.90693 ] ] ] } },
{ "type": "Feature", "properties": { "query_name": "feature_0_part_1_split_1", "feature_index": 0, "dataset": "NISAR", "platform": "NISAR", "product_id": "NISAR_L1_PR_RSLC_024_074_A_173_2005_DHDH_A_20260701T091124_20260701T091158_P05023_N_F_J_001", "processing_level": "RSLC", "flight_direction": "ASCENDING", "relative_orbit": 74, "absolute_orbit": 4844, "frame_number": 173, "start_time": "2026-07-01T09:11:24Z", "stop_time": "2026-07-01T09:11:58Z", "scene_name": "NISAR_L1_PR_RSLC_024_074_A_173_2005_DHDH_A_20260701T091124_20260701T091158_P05023_N_F_J_001" }, "geometry": { "type": "Polygon", "coordinates": [ [ [ -49.9911, -9.87941 ], [ -50.43868, -7.7925 ], [ -52.70453, -8.25969 ], [ -52.27667, -10.34134 ], [ -49.9911, -9.87941 ] ] ] } },
{ "type": "Feature", "properties": { "query_name": "feature_0_part_1_split_1", "feature_index": 0, "dataset": "NISAR", "platform": "NISAR", "product_id": "NISAR_L1_PR_RSLC_024_082_D_094_2005_SHSH_A_20260701T214528_20260701T214603_P05023_N_F_J_001", "processing_level": "RSLC", "flight_direction": "DESCENDING", "relative_orbit": 82, "absolute_orbit": 4852, "frame_number": 94, "start_time": "2026-07-01T21:45:28Z", "stop_time": "2026-07-01T21:46:03Z", "scene_name": "NISAR_L1_PR_RSLC_024_082_D_094_2005_SHSH_A_20260701T214528_20260701T214603_P05023_N_F_J_001" }, "geometry": { "type": "Polygon", "coordinates": [ [ [ -53.39883, -9.75662 ], [ -53.85664, -11.9031 ], [ -51.54115, -12.36144 ], [ -51.10661, -10.22032 ], [ -53.39883, -9.75662 ] ] ] } },
{ "type": "Feature", "properties": { "query_name": "feature_0_part_1_split_1", "feature_index": 0, "dataset": "NISAR", "platform": "NISAR", "product_id": "NISAR_L1_PR_RSLC_024_082_D_095_2005_SHSH_A_20260701T214602_20260701T214636_P05023_N_F_J_001", "processing_level": "RSLC", "flight_direction": "DESCENDING", "relative_orbit": 82, "absolute_orbit": 4852, "frame_number": 95, "start_time": "2026-07-01T21:46:02Z", "stop_time": "2026-07-01T21:46:36Z", "scene_name": "NISAR_L1_PR_RSLC_024_082_D_095_2005_SHSH_A_20260701T214602_20260701T214636_P05023_N_F_J_001" }, "geometry": { "type": "Polygon", "coordinates": [ [ [ -53.83076, -11.784 ], [ -54.27265, -13.87084 ], [ -51.93763, -14.32345 ], [ -51.51754, -12.24246 ], [ -53.83076, -11.784 ] ] ] } },
{ "type": "Feature", "properties": { "query_name": "feature_0_part_1_split_1", "feature_index": 0, "dataset": "NISAR", "platform": "NISAR", "product_id": "NISAR_L1_PR_RSLC_024_082_D_096_2005_SHSH_A_20260701T214635_20260701T214710_P05023_N_F_J_001", "processing_level": "RSLC", "flight_direction": "DESCENDING", "relative_orbit": 82, "absolute_orbit": 4852, "frame_number": 96, "start_time": "2026-07-01T21:46:35Z", "stop_time": "2026-07-01T21:47:10Z", "scene_name": "NISAR_L1_PR_RSLC_024_082_D_096_2005_SHSH_A_20260701T214635_20260701T214710_P05023_N_F_J_001" }, "geometry": { "type": "Polygon", "coordinates": [ [ [ -54.24763, -13.7516 ], [ -54.70547, -15.89679 ], [ -52.33783, -16.3454 ], [ -51.91399, -14.20454 ], [ -54.24763, -13.7516 ] ] ] } },
{ "type": "Feature", "properties": { "query_name": "feature_0_part_1_split_1", "feature_index": 0, "dataset": "NISAR", "platform": "NISAR", "product_id": "NISAR_L1_PR_RSLC_024_082_D_097_2005_SHSH_A_20260701T214709_20260701T214743_P05023_N_F_J_001", "processing_level": "RSLC", "flight_direction": "DESCENDING", "relative_orbit": 82, "absolute_orbit": 4852, "frame_number": 97, "start_time": "2026-07-01T21:47:09Z", "stop_time": "2026-07-01T21:47:43Z", "scene_name": "NISAR_L1_PR_RSLC_024_082_D_097_2005_SHSH_A_20260701T214709_20260701T214743_P05023_N_F_J_001" }, "geometry": { "type": "Polygon", "coordinates": [ [ [ -54.67835, -15.77799 ], [ -55.12784, -17.86218 ], [ -52.72823, -18.3065 ], [ -52.31798, -16.22586 ], [ -54.67835, -15.77799 ] ] ] } },
{ "type": "Feature", "properties": { "query_name": "feature_0_part_1_split_1", "feature_index": 0, "dataset": "NISAR", "platform": "NISAR", "product_id": "NISAR_L1_PR_RSLC_024_082_D_098_2005_SHSH_M_20260701T214742_20260701T214817_P05023_N_F_J_001", "processing_level": "RSLC", "flight_direction": "DESCENDING", "relative_orbit": 82, "absolute_orbit": 4852, "frame_number": 98, "start_time": "2026-07-01T21:47:42Z", "stop_time": "2026-07-01T21:48:17Z", "scene_name": "NISAR_L1_PR_RSLC_024_082_D_098_2005_SHSH_M_20260701T214742_20260701T214817_P05023_N_F_J_001" }, "geometry": { "type": "Polygon", "coordinates": [ [ [ -55.10239, -17.74309 ], [ -55.56226, -19.88678 ], [ -53.11853, -20.32812 ], [ -52.69136, -18.19008 ], [ -55.10239, -17.74309 ] ] ] } },
{ "type": "Feature", "properties": { "query_name": "feature_0_part_1_split_1", "feature_index": 0, "dataset": "NISAR", "platform": "NISAR", "product_id": "NISAR_L1_PR_RSLC_024_082_D_098_4005_DHDH_A_20260701T214810_20260701T214817_P05023_N_P_J_001", "processing_level": "RSLC", "flight_direction": "DESCENDING", "relative_orbit": 82, "absolute_orbit": 4852, "frame_number": 98, "start_time": "2026-07-01T21:48:10Z", "stop_time": "2026-07-01T21:48:17Z", "scene_name": "NISAR_L1_PR_RSLC_024_082_D_098_4005_DHDH_A_20260701T214810_20260701T214817_P05023_N_P_J_001" }, "geometry": { "type": "Polygon", "coordinates": [ [ [ -55.39723, -19.42234 ], [ -55.499, -19.89866 ], [ -53.11853, -20.32812 ], [ -53.02386, -19.85308 ], [ -55.39723, -19.42234 ] ] ] } },
{ "type": "Feature", "properties": { "query_name": "feature_0_part_1_split_1", "feature_index": 0, "dataset": "NISAR", "platform": "NISAR", "product_id": "NISAR_L1_PR_RSLC_024_082_D_099_4005_DHDH_A_20260701T214816_20260701T214850_P05023_N_F_J_001", "processing_level": "RSLC", "flight_direction": "DESCENDING", "relative_orbit": 82, "absolute_orbit": 4852, "frame_number": 99, "start_time": "2026-07-01T21:48:16Z", "stop_time": "2026-07-01T21:48:50Z", "scene_name": "NISAR_L1_PR_RSLC_024_082_D_099_4005_DHDH_A_20260701T214816_20260701T214850_P05023_N_F_J_001" }, "geometry": { "type": "Polygon", "coordinates": [ [ [ -55.47388, -19.77955 ], [ -55.91733, -21.86361 ], [ -53.50656, -22.28767 ], [ -53.09566, -20.20926 ], [ -55.47388, -19.77955 ] ] ] } },
{ "type": "Feature", "properties": { "query_name": "feature_0_part_1_split_1", "feature_index": 0, "dataset": "NISAR", "platform": "NISAR", "product_id": "NISAR_L1_PR_RSLC_024_082_D_100_2005_DHDH_M_20260701T214849_20260701T214924_P05023_N_F_J_001", "processing_level": "RSLC", "flight_direction": "DESCENDING", "relative_orbit": 82, "absolute_orbit": 4852, "frame_number": 100, "start_time": "2026-07-01T21:48:49Z", "stop_time": "2026-07-01T21:49:24Z", "scene_name": "NISAR_L1_PR_RSLC_024_082_D_100_2005_DHDH_M_20260701T214849_20260701T214924_P05023_N_F_J_001" }, "geometry": { "type": "Polygon", "coordinates": [ [ [ -55.89313, -21.74437 ], [ -56.36182, -23.88524 ], [ -53.86001, -24.31318 ], [ -53.4392, -22.17635 ], [ -55.89313, -21.74437 ] ] ] } },
{ "type": "Feature", "properties": { "query_name": "feature_0_part_1_split_1", "feature_index": 0, "dataset": "NISAR", "platform": "NISAR", "product_id": "NISAR_L1_PR_RSLC_024_082_D_100_4005_DHDH_A_20260701T214849_20260701T214855_P05023_N_P_J_001", "processing_level": "RSLC", "flight_direction": "DESCENDING", "relative_orbit": 82, "absolute_orbit": 4852, "frame_number": 100, "start_time": "2026-07-01T21:48:49Z", "stop_time": "2026-07-01T21:48:55Z", "scene_name": "NISAR_L1_PR_RSLC_024_082_D_100_4005_DHDH_A_20260701T214849_20260701T214855_P05023_N_P_J_001" }, "geometry": { "type": "Polygon", "coordinates": [ [ [ -55.89313, -21.74437 ], [ -55.98025, -22.16138 ], [ -53.56548, -22.58447 ], [ -53.48243, -22.16908 ], [ -55.89313, -21.74437 ] ] ] } },
{ "type": "Feature", "properties": { "query_name": "feature_0_part_1_split_1", "feature_index": 0, "dataset": "NISAR", "platform": "NISAR", "product_id": "NISAR_L1_PR_RSLC_024_082_D_101_2005_DHDH_A_20260701T214923_20260701T214958_P05023_N_F_J_001", "processing_level": "RSLC", "flight_direction": "DESCENDING", "relative_orbit": 82, "absolute_orbit": 4852, "frame_number": 101, "start_time": "2026-07-01T21:49:23Z", "stop_time": "2026-07-01T21:49:58Z", "scene_name": "NISAR_L1_PR_RSLC_024_082_D_101_2005_DHDH_A_20260701T214923_20260701T214958_P05023_N_F_J_001" }, "geometry": { "type": "Polygon", "coordinates": [ [ [ -56.28221, -23.77598 ], [ -56.7512, -25.91618 ], [ -54.23185, -26.33436 ], [ -53.81293, -24.19838 ], [ -56.28221, -23.77598 ] ] ] } },
{ "type": "Feature", "properties": { "query_name": "feature_0_part_1_split_1", "feature_index": 0, "dataset": "NISAR", "platform": "NISAR", "product_id": "NISAR_L1_PR_RSLC_024_088_A_174_2005_DHDH_A_20260702T083020_20260702T083055_P05023_N_F_J_001", "processing_level": "RSLC", "flight_direction": "ASCENDING", "relative_orbit": 88, "absolute_orbit": 4858, "frame_number": 174, "start_time": "2026-07-02T08:30:20Z", "stop_time": "2026-07-02T08:30:55Z", "scene_name": "NISAR_L1_PR_RSLC_024_088_A_174_2005_DHDH_A_20260702T083020_20260702T083055_P05023_N_F_J_001" }, "geometry": { "type": "Polygon", "coordinates": [ [ [ -40.03096, -7.90879 ], [ -40.48938, -5.76113 ], [ -42.74638, -6.23509 ], [ -42.30182, -8.37642 ], [ -40.03096, -7.90879 ] ] ] } },
{ "type": "Feature", "properties": { "query_name": "feature_0_part_1_split_1", "feature_index": 0, "dataset": "NISAR", "platform": "NISAR", "product_id": "NISAR_L1_PR_RSLC_024_088_A_175_2005_DHDH_A_20260702T083054_20260702T083128_P05023_N_F_J_001", "processing_level": "RSLC", "flight_direction": "ASCENDING", "relative_orbit": 88, "absolute_orbit": 4858, "frame_number": 175, "start_time": "2026-07-02T08:30:54Z", "stop_time": "2026-07-02T08:31:28Z", "scene_name": "NISAR_L1_PR_RSLC_024_088_A_175_2005_DHDH_A_20260702T083054_20260702T083128_P05023_N_F_J_001" }, "geometry": { "type": "Polygon", "coordinates": [ [ [ -40.46492, -5.88064 ], [ -40.9195, -3.79378 ], [ -43.15951, -4.27219 ], [ -42.7215, -6.35401 ], [ -40.46492, -5.88064 ] ] ] } },
{ "type": "Feature", "properties": { "query_name": "feature_0_part_1_split_1", "feature_index": 0, "dataset": "NISAR", "platform": "NISAR", "product_id": "NISAR_L1_PR_RSLC_024_088_A_176_2005_DHDH_A_20260702T083127_20260702T083203_P05023_N_F_J_001", "processing_level": "RSLC", "flight_direction": "ASCENDING", "relative_orbit": 88, "absolute_orbit": 4858, "frame_number": 176, "start_time": "2026-07-02T08:31:27Z", "stop_time": "2026-07-02T08:32:03Z", "scene_name": "NISAR_L1_PR_RSLC_024_088_A_176_2005_DHDH_A_20260702T083127_20260702T083203_P05023_N_F_J_001" }, "geometry": { "type": "Polygon", "coordinates": [ [ [ -40.89321, -3.91294 ], [ -41.35991, -1.70299 ], [ -43.60367, -2.19036 ], [ -43.13465, -4.39118 ], [ -40.89321, -3.91294 ] ] ] } },
{ "type": "Feature", "properties": { "query_name": "feature_0_part_1_split_1", "feature_index": 0, "dataset": "NISAR", "platform": "NISAR", "product_id": "NISAR_L1_PR_RSLC_024_096_D_090_2005_SHSH_A_20260702T210142_20260702T210212_P05023_N_F_J_001", "processing_level": "RSLC", "flight_direction": "DESCENDING", "relative_orbit": 96, "absolute_orbit": 4866, "frame_number": 90, "start_time": "2026-07-02T21:01:42Z", "stop_time": "2026-07-02T21:02:12Z", "scene_name": "NISAR_L1_PR_RSLC_024_096_D_090_2005_SHSH_A_20260702T210142_20260702T210212_P05023_N_F_J_001" }, "geometry": { "type": "Polygon", "coordinates": [ [ [ -41.33905, -2.07057 ], [ -41.73842, -3.92036 ], [ -39.50593, -4.39665 ], [ -39.11463, -2.55233 ], [ -41.33905, -2.07057 ] ] ] } },
{ "type": "Feature", "properties": { "query_name": "feature_0_part_1_split_1", "feature_index": 0, "dataset": "NISAR", "platform": "NISAR", "product_id": "NISAR_L1_PR_RSLC_024_096_D_091_2005_SHSH_A_20260702T210211_20260702T210245_P05023_N_F_J_001", "processing_level": "RSLC", "flight_direction": "DESCENDING", "relative_orbit": 96, "absolute_orbit": 4866, "frame_number": 91, "start_time": "2026-07-02T21:02:11Z", "stop_time": "2026-07-02T21:02:45Z", "scene_name": "NISAR_L1_PR_RSLC_024_096_D_091_2005_SHSH_A_20260702T210211_20260702T210245_P05023_N_F_J_001" }, "geometry": { "type": "Polygon", "coordinates": [ [ [ -41.71186, -3.80125 ], [ -42.16028, -5.88953 ], [ -39.91643, -6.36018 ], [ -39.48067, -4.27773 ], [ -41.71186, -3.80125 ] ] ] } },
{ "type": "Feature", "properties": { "query_name": "feature_0_part_1_split_1", "feature_index": 0, "dataset": "NISAR", "platform": "NISAR", "product_id": "NISAR_L1_PR_RSLC_024_096_D_092_2005_SHSH_A_20260702T210244_20260702T210319_P05023_N_F_J_001", "processing_level": "RSLC", "flight_direction": "DESCENDING", "relative_orbit": 96, "absolute_orbit": 4866, "frame_number": 92, "start_time": "2026-07-02T21:02:44Z", "stop_time": "2026-07-02T21:03:19Z", "scene_name": "NISAR_L1_PR_RSLC_024_096_D_092_2005_SHSH_A_20260702T210244_20260702T210319_P05023_N_F_J_001" }, "geometry": { "type": "Polygon", "coordinates": [ [ [ -42.13496, -5.77019 ], [ -42.59225, -7.91818 ], [ -40.33768, -8.38243 ], [ -39.8923, -6.2411 ], [ -42.13496, -5.77019 ] ] ] } },
{ "type": "Feature", "properties": { "query_name": "feature_0_part_1_split_1", "feature_index": 0, "dataset": "NISAR", "platform": "NISAR", "product_id": "NISAR_L1_PR_RSLC_024_096_D_095_2005_SHSH_A_20260702T210425_20260702T210459_P05023_N_F_J_001", "processing_level": "RSLC", "flight_direction": "DESCENDING", "relative_orbit": 96, "absolute_orbit": 4866, "frame_number": 95, "start_time": "2026-07-02T21:04:25Z", "stop_time": "2026-07-02T21:04:59Z", "scene_name": "NISAR_L1_PR_RSLC_024_096_D_095_2005_SHSH_A_20260702T210425_20260702T210459_P05023_N_F_J_001" }, "geometry": { "type": "Polygon", "coordinates": [ [ [ -43.41551, -11.79509 ], [ -43.85831, -13.88169 ], [ -41.54889, -14.32934 ], [ -41.12802, -12.24844 ], [ -43.41551, -11.79509 ] ] ] } },
{ "type": "Feature", "properties": { "query_name": "feature_0_part_1_split_1", "feature_index": 0, "dataset": "NISAR", "platform": "NISAR", "product_id": "NISAR_L1_PR_RSLC_024_096_D_096_2005_SHSH_A_20260702T210458_20260702T210533_P05023_N_F_J_001", "processing_level": "RSLC", "flight_direction": "DESCENDING", "relative_orbit": 96, "absolute_orbit": 4866, "frame_number": 96, "start_time": "2026-07-02T21:04:58Z", "stop_time": "2026-07-02T21:05:33Z", "scene_name": "NISAR_L1_PR_RSLC_024_096_D_096_2005_SHSH_A_20260702T210458_20260702T210533_P05023_N_F_J_001" }, "geometry": { "type": "Polygon", "coordinates": [ [ [ -43.83273, -13.76257 ], [ -44.2846, -15.90885 ], [ -41.95303, -16.35064 ], [ -41.52531, -14.21041 ], [ -43.83273, -13.76257 ] ] ] } },
{ "type": "Feature", "properties": { "query_name": "feature_0_part_1_split_1", "feature_index": 0, "dataset": "NISAR", "platform": "NISAR", "product_id": "NISAR_L1_PR_RSLC_024_096_D_097_2005_SHSH_M_20260702T210532_20260702T210606_P05023_N_F_J_001", "processing_level": "RSLC", "flight_direction": "DESCENDING", "relative_orbit": 96, "absolute_orbit": 4866, "frame_number": 97, "start_time": "2026-07-02T21:05:32Z", "stop_time": "2026-07-02T21:06:06Z", "scene_name": "NISAR_L1_PR_RSLC_024_096_D_097_2005_SHSH_M_20260702T210532_20260702T210606_P05023_N_F_J_001" }, "geometry": { "type": "Polygon", "coordinates": [ [ [ -44.26024, -15.78953 ], [ -44.70665, -17.87424 ], [ -42.33292, -18.31371 ], [ -41.91626, -16.23419 ], [ -44.26024, -15.78953 ] ] ] } },
{ "type": "Feature", "properties": { "query_name": "feature_0_part_1_split_1", "feature_index": 0, "dataset": "NISAR", "platform": "NISAR", "product_id": "NISAR_L1_PR_RSLC_024_096_D_099_4005_DHDH_A_20260702T210641_20260702T210713_P05023_N_F_J_001", "processing_level": "RSLC", "flight_direction": "DESCENDING", "relative_orbit": 96, "absolute_orbit": 4866, "frame_number": 99, "start_time": "2026-07-02T21:06:41Z", "stop_time": "2026-07-02T21:07:13Z", "scene_name": "NISAR_L1_PR_RSLC_024_096_D_099_4005_DHDH_A_20260702T210641_20260702T210713_P05023_N_F_J_001" }, "geometry": { "type": "Polygon", "coordinates": [ [ [ -45.09192, -19.90802 ], [ -45.51286, -21.87244 ], [ -43.08706, -22.29896 ], [ -42.70526, -20.33849 ], [ -45.09192, -19.90802 ] ] ] } },
{ "type": "Feature", "properties": { "query_name": "feature_0_part_1_split_1", "feature_index": 0, "dataset": "NISAR", "platform": "NISAR", "product_id": "NISAR_L1_PR_RSLC_024_103_A_166_2005_DHDH_A_20260703T092408_20260703T092442_P05023_N_F_J_001", "processing_level": "RSLC", "flight_direction": "ASCENDING", "relative_orbit": 103, "absolute_orbit": 4873, "frame_number": 166, "start_time": "2026-07-03T09:24:08Z", "stop_time": "2026-07-03T09:24:42Z", "scene_name": "NISAR_L1_PR_RSLC_024_103_A_166_2005_DHDH_A_20260703T092408_20260703T092442_P05023_N_F_J_001" }, "geometry": { "type": "Polygon", "coordinates": [ [ [ -51.18735, -23.86804 ], [ -51.63112, -21.78444 ], [ -54.12455, -22.22368 ], [ -53.71487, -24.301 ], [ -51.18735, -23.86804 ] ] ] } },
{ "type": "Feature", "properties": { "query_name": "feature_0_part_1_split_1", "feature_index": 0, "dataset": "NISAR", "platform": "NISAR", "product_id": "NISAR_L1_PR_RSLC_024_103_A_167_2005_DHDH_A_20260703T092441_20260703T092516_P05023_N_F_J_001", "processing_level": "RSLC", "flight_direction": "ASCENDING", "relative_orbit": 103, "absolute_orbit": 4873, "frame_number": 167, "start_time": "2026-07-03T09:24:41Z", "stop_time": "2026-07-03T09:25:16Z", "scene_name": "NISAR_L1_PR_RSLC_024_103_A_167_2005_DHDH_A_20260703T092441_20260703T092516_P05023_N_F_J_001" }, "geometry": { "type": "Polygon", "coordinates": [ [ [ -51.60589, -21.9035 ], [ -52.06894, -19.76109 ], [ -54.52552, -20.20519 ], [ -54.10118, -22.34238 ], [ -51.60589, -21.9035 ] ] ] } },
{ "type": "Feature", "properties": { "query_name": "feature_0_part_1_split_1", "feature_index": 0, "dataset": "NISAR", "platform": "NISAR", "product_id": "NISAR_L1_PR_RSLC_024_103_A_168_2005_DHDH_A_20260703T092515_20260703T092549_P05023_N_F_J_001", "processing_level": "RSLC", "flight_direction": "ASCENDING", "relative_orbit": 103, "absolute_orbit": 4873, "frame_number": 168, "start_time": "2026-07-03T09:25:15Z", "stop_time": "2026-07-03T09:25:49Z", "scene_name": "NISAR_L1_PR_RSLC_024_103_A_168_2005_DHDH_A_20260703T092515_20260703T092549_P05023_N_F_J_001" }, "geometry": { "type": "Polygon", "coordinates": [ [ [ -52.04285, -19.88002 ], [ -52.49352, -17.79676 ], [ -54.90969, -18.24424 ], [ -54.50143, -20.32383 ], [ -52.04285, -19.88002 ] ] ] } },
{ "type": "Feature", "properties": { "query_name": "feature_0_part_1_split_1", "feature_index": 0, "dataset": "NISAR", "platform": "NISAR", "product_id": "NISAR_L1_PR_RSLC_024_103_A_169_2005_DHDH_A_20260703T092548_20260703T092623_P05023_N_F_J_001", "processing_level": "RSLC", "flight_direction": "ASCENDING", "relative_orbit": 103, "absolute_orbit": 4873, "frame_number": 169, "start_time": "2026-07-03T09:25:48Z", "stop_time": "2026-07-03T09:26:23Z", "scene_name": "NISAR_L1_PR_RSLC_024_103_A_169_2005_DHDH_A_20260703T092548_20260703T092623_P05023_N_F_J_001" }, "geometry": { "type": "Polygon", "coordinates": [ [ [ -52.46702, -17.91564 ], [ -52.92216, -15.77071 ], [ -55.31569, -16.22465 ], [ -54.88793, -18.36334 ], [ -52.46702, -17.91564 ] ] ] } },
{ "type": "Feature", "properties": { "query_name": "feature_0_part_1_split_1", "feature_index": 0, "dataset": "NISAR", "platform": "NISAR", "product_id": "NISAR_L1_PR_RSLC_024_103_A_170_2005_DHDH_A_20260703T092622_20260703T092657_P05023_N_F_J_001", "processing_level": "RSLC", "flight_direction": "ASCENDING", "relative_orbit": 103, "absolute_orbit": 4873, "frame_number": 170, "start_time": "2026-07-03T09:26:22Z", "stop_time": "2026-07-03T09:26:57Z", "scene_name": "NISAR_L1_PR_RSLC_024_103_A_170_2005_DHDH_A_20260703T092622_20260703T092657_P05023_N_F_J_001" }, "geometry": { "type": "Polygon", "coordinates": [ [ [ -52.897, -15.88987 ], [ -53.35303, -13.74451 ], [ -55.71859, -14.20347 ], [ -55.29116, -16.34332 ], [ -52.897, -15.88987 ] ] ] } },
{ "type": "Feature", "properties": { "query_name": "feature_0_part_1_split_1", "feature_index": 0, "dataset": "NISAR", "platform": "NISAR", "product_id": "NISAR_L1_PR_RSLC_024_103_A_171_2005_DHDH_A_20260703T092656_20260703T092730_P05023_N_F_J_001", "processing_level": "RSLC", "flight_direction": "ASCENDING", "relative_orbit": 103, "absolute_orbit": 4873, "frame_number": 171, "start_time": "2026-07-03T09:26:56Z", "stop_time": "2026-07-03T09:27:30Z", "scene_name": "NISAR_L1_PR_RSLC_024_103_A_171_2005_DHDH_A_20260703T092656_20260703T092730_P05023_N_F_J_001" }, "geometry": { "type": "Polygon", "coordinates": [ [ [ -53.32722, -13.86359 ], [ -53.77031, -11.77715 ], [ -56.11356, -12.24143 ], [ -55.69478, -14.32233 ], [ -53.32722, -13.86359 ] ] ] } },
{ "type": "Feature", "properties": { "query_name": "feature_0_part_1_split_1", "feature_index": 0, "dataset": "NISAR", "platform": "NISAR", "product_id": "NISAR_L1_PR_RSLC_024_103_A_172_2005_DHDH_A_20260703T092729_20260703T092804_P05023_N_F_J_001", "processing_level": "RSLC", "flight_direction": "ASCENDING", "relative_orbit": 103, "absolute_orbit": 4873, "frame_number": 172, "start_time": "2026-07-03T09:27:29Z", "stop_time": "2026-07-03T09:28:04Z", "scene_name": "NISAR_L1_PR_RSLC_024_103_A_172_2005_DHDH_A_20260703T092729_20260703T092804_P05023_N_F_J_001" }, "geometry": { "type": "Polygon", "coordinates": [ [ [ -53.74478, -11.89631 ], [ -54.2023, -9.74995 ], [ -56.524, -10.21952 ], [ -56.08938, -12.36028 ], [ -53.74478, -11.89631 ] ] ] } },
{ "type": "Feature", "properties": { "query_name": "feature_0_part_1_split_1", "feature_index": 0, "dataset": "NISAR", "platform": "NISAR", "product_id": "NISAR_L1_PR_RSLC_024_111_D_094_2005_SHSH_A_20260703T220207_20260703T220242_P05023_N_F_J_001", "processing_level": "RSLC", "flight_direction": "DESCENDING", "relative_orbit": 111, "absolute_orbit": 4881, "frame_number": 94, "start_time": "2026-07-03T22:02:07Z", "stop_time": "2026-07-03T22:02:42Z", "scene_name": "NISAR_L1_PR_RSLC_024_111_D_094_2005_SHSH_A_20260703T220207_20260703T220242_P05023_N_F_J_001" }, "geometry": { "type": "Polygon", "coordinates": [ [ [ -57.57068, -9.76999 ], [ -58.02729, -11.91673 ], [ -55.69922, -12.3775 ], [ -55.26441, -10.23647 ], [ -57.57068, -9.76999 ] ] ] } },
{ "type": "Feature", "properties": { "query_name": "feature_0_part_1_split_1", "feature_index": 0, "dataset": "NISAR", "platform": "NISAR", "product_id": "NISAR_L1_PR_RSLC_024_111_D_095_2005_SHSH_A_20260703T220241_20260703T220315_P05023_N_F_J_001", "processing_level": "RSLC", "flight_direction": "DESCENDING", "relative_orbit": 111, "absolute_orbit": 4881, "frame_number": 95, "start_time": "2026-07-03T22:02:41Z", "stop_time": "2026-07-03T22:03:15Z", "scene_name": "NISAR_L1_PR_RSLC_024_111_D_095_2005_SHSH_A_20260703T220241_20260703T220315_P05023_N_F_J_001" }, "geometry": { "type": "Polygon", "coordinates": [ [ [ -58.00227, -11.79746 ], [ -58.44154, -13.88484 ], [ -56.09455, -14.33969 ], [ -55.67527, -12.25858 ], [ -58.00227, -11.79746 ] ] ] } },
{ "type": "Feature", "properties": { "query_name": "feature_0_part_1_split_1", "feature_index": 0, "dataset": "NISAR", "platform": "NISAR", "product_id": "NISAR_L1_PR_RSLC_024_111_D_096_2005_SHSH_A_20260703T220314_20260703T220349_P05023_N_F_J_001", "processing_level": "RSLC", "flight_direction": "DESCENDING", "relative_orbit": 111, "absolute_orbit": 4881, "frame_number": 96, "start_time": "2026-07-03T22:03:14Z", "stop_time": "2026-07-03T22:03:49Z", "scene_name": "NISAR_L1_PR_RSLC_024_111_D_096_2005_SHSH_A_20260703T220314_20260703T220349_P05023_N_F_J_001" }, "geometry": { "type": "Polygon", "coordinates": [ [ [ -58.41623, -13.76566 ], [ -58.87641, -15.9104 ], [ -56.50172, -16.36033 ], [ -56.07055, -14.22085 ], [ -58.41623, -13.76566 ] ] ] } },
{ "type": "Feature", "properties": { "query_name": "feature_0_part_1_split_1", "feature_index": 0, "dataset": "NISAR", "platform": "NISAR", "product_id": "NISAR_L1_PR_RSLC_024_111_D_097_2005_SHSH_A_20260703T220348_20260703T220422_P05023_N_F_J_001", "processing_level": "RSLC", "flight_direction": "DESCENDING", "relative_orbit": 111, "absolute_orbit": 4881, "frame_number": 97, "start_time": "2026-07-03T22:03:48Z", "stop_time": "2026-07-03T22:04:22Z", "scene_name": "NISAR_L1_PR_RSLC_024_111_D_097_2005_SHSH_A_20260703T220348_20260703T220422_P05023_N_F_J_001" }, "geometry": { "type": "Polygon", "coordinates": [ [ [ -58.85156, -15.79117 ], [ -59.29071, -17.87735 ], [ -56.89232, -18.3214 ], [ -56.47797, -16.2415 ], [ -58.85156, -15.79117 ] ] ] } },
{ "type": "Feature", "properties": { "query_name": "feature_0_part_1_split_1", "feature_index": 0, "dataset": "NISAR", "platform": "NISAR", "product_id": "NISAR_L1_PR_RSLC_024_111_D_098_2005_SHSH_M_20260703T220421_20260703T220456_P05023_N_F_J_001", "processing_level": "RSLC", "flight_direction": "DESCENDING", "relative_orbit": 111, "absolute_orbit": 4881, "frame_number": 98, "start_time": "2026-07-03T22:04:21Z", "stop_time": "2026-07-03T22:04:56Z", "scene_name": "NISAR_L1_PR_RSLC_024_111_D_098_2005_SHSH_M_20260703T220421_20260703T220456_P05023_N_F_J_001" }, "geometry": { "type": "Polygon", "coordinates": [ [ [ -59.26956, -17.75745 ], [ -59.73311, -19.90046 ], [ -57.22285, -20.35333 ], [ -56.79986, -18.2149 ], [ -59.26956, -17.75745 ] ] ] } },
{ "type": "Feature", "properties": { "query_name": "feature_0_part_1_split_1", "feature_index": 0, "dataset": "NISAR", "platform": "NISAR", "product_id": "NISAR_L1_PR_RSLC_024_111_D_099_2005_DHDH_A_20260703T220458_20260703T220529_P05023_N_F_J_001", "processing_level": "RSLC", "flight_direction": "DESCENDING", "relative_orbit": 111, "absolute_orbit": 4881, "frame_number": 99, "start_time": "2026-07-03T22:04:58Z", "stop_time": "2026-07-03T22:05:29Z", "scene_name": "NISAR_L1_PR_RSLC_024_111_D_099_2005_DHDH_A_20260703T220458_20260703T220529_P05023_N_F_J_001" }, "geometry": { "type": "Polygon", "coordinates": [ [ [ -59.63544, -19.98075 ], [ -60.0449, -21.88527 ], [ -57.60897, -22.31288 ], [ -57.23444, -20.41279 ], [ -59.63544, -19.98075 ] ] ] } },
{ "type": "Feature", "properties": { "query_name": "feature_0_part_1_split_1", "feature_index": 0, "dataset": "NISAR", "platform": "NISAR", "product_id": "NISAR_L1_PR_RSLC_024_117_A_168_4005_DHDH_A_20260704T084340_20260704T084412_P05023_N_F_J_001", "processing_level": "RSLC", "flight_direction": "ASCENDING", "relative_orbit": 117, "absolute_orbit": 4887, "frame_number": 168, "start_time": "2026-07-04T08:43:40Z", "stop_time": "2026-07-04T08:44:12Z", "scene_name": "NISAR_L1_PR_RSLC_024_117_A_168_4005_DHDH_A_20260704T084340_20260704T084412_P05023_N_F_J_001" }, "geometry": { "type": "Polygon", "coordinates": [ [ [ -41.70505, -19.75843 ], [ -42.12946, -17.79423 ], [ -44.46886, -18.22757 ], [ -44.08225, -20.18827 ], [ -41.70505, -19.75843 ] ] ] } },
{ "type": "Feature", "properties": { "query_name": "feature_0_part_1_split_1", "feature_index": 0, "dataset": "NISAR", "platform": "NISAR", "product_id": "NISAR_L1_PR_RSLC_024_117_A_169_2005_DHDH_M_20260704T084411_20260704T084446_P05023_N_F_J_001", "processing_level": "RSLC", "flight_direction": "ASCENDING", "relative_orbit": 117, "absolute_orbit": 4887, "frame_number": 169, "start_time": "2026-07-04T08:44:11Z", "stop_time": "2026-07-04T08:44:46Z", "scene_name": "NISAR_L1_PR_RSLC_024_117_A_169_2005_DHDH_M_20260704T084411_20260704T084446_P05023_N_F_J_001" }, "geometry": { "type": "Polygon", "coordinates": [ [ [ -42.06354, -17.90555 ], [ -42.52399, -15.76162 ], [ -44.87099, -16.20705 ], [ -44.44545, -18.34639 ], [ -42.06354, -17.90555 ] ] ] } },
{ "type": "Feature", "properties": { "query_name": "feature_0_part_1_split_1", "feature_index": 0, "dataset": "NISAR", "platform": "NISAR", "product_id": "NISAR_L1_PR_RSLC_024_117_A_169_4005_DHDH_A_20260704T084411_20260704T084418_P05023_N_P_J_001", "processing_level": "RSLC", "flight_direction": "ASCENDING", "relative_orbit": 117, "absolute_orbit": 4887, "frame_number": 169, "start_time": "2026-07-04T08:44:11Z", "stop_time": "2026-07-04T08:44:18Z", "scene_name": "NISAR_L1_PR_RSLC_024_117_A_169_4005_DHDH_A_20260704T084411_20260704T084418_P05023_N_P_J_001" }, "geometry": { "type": "Polygon", "coordinates": [ [ [ -42.10033, -17.9126 ], [ -42.20359, -17.43646 ], [ -44.53868, -17.87088 ], [ -44.44549, -18.3464 ], [ -42.10033, -17.9126 ] ] ] } },
{ "type": "Feature", "properties": { "query_name": "feature_0_part_1_split_1", "feature_index": 0, "dataset": "NISAR", "platform": "NISAR", "product_id": "NISAR_L1_PR_RSLC_024_117_A_170_2005_DHDH_A_20260704T084445_20260704T084519_P05023_N_F_J_001", "processing_level": "RSLC", "flight_direction": "ASCENDING", "relative_orbit": 117, "absolute_orbit": 4887, "frame_number": 170, "start_time": "2026-07-04T08:44:45Z", "stop_time": "2026-07-04T08:45:19Z", "scene_name": "NISAR_L1_PR_RSLC_024_117_A_170_2005_DHDH_A_20260704T084445_20260704T084519_P05023_N_F_J_001" }, "geometry": { "type": "Polygon", "coordinates": [ [ [ -42.49983, -15.88098 ], [ -42.93864, -13.79432 ], [ -45.25273, -14.24333 ], [ -44.83421, -16.32348 ], [ -42.49983, -15.88098 ] ] ] } },
{ "type": "Feature", "properties": { "query_name": "feature_0_part_1_split_1", "feature_index": 0, "dataset": "NISAR", "platform": "NISAR", "product_id": "NISAR_L1_PR_RSLC_024_117_A_171_2005_DHDH_A_20260704T084518_20260704T084553_P05023_N_F_J_001", "processing_level": "RSLC", "flight_direction": "ASCENDING", "relative_orbit": 117, "absolute_orbit": 4887, "frame_number": 171, "start_time": "2026-07-04T08:45:18Z", "stop_time": "2026-07-04T08:45:53Z", "scene_name": "NISAR_L1_PR_RSLC_024_117_A_171_2005_DHDH_A_20260704T084518_20260704T084553_P05023_N_F_J_001" }, "geometry": { "type": "Polygon", "coordinates": [ [ [ -42.913, -13.91343 ], [ -43.36783, -11.76717 ], [ -45.66059, -12.22174 ], [ -45.22834, -14.3621 ], [ -42.913, -13.91343 ] ] ] } },
{ "type": "Feature", "properties": { "query_name": "feature_0_part_1_split_1", "feature_index": 0, "dataset": "NISAR", "platform": "NISAR", "product_id": "NISAR_L1_PR_RSLC_024_117_A_172_2005_DHDH_A_20260704T084552_20260704T084626_P05023_N_F_J_001", "processing_level": "RSLC", "flight_direction": "ASCENDING", "relative_orbit": 117, "absolute_orbit": 4887, "frame_number": 172, "start_time": "2026-07-04T08:45:52Z", "stop_time": "2026-07-04T08:46:26Z", "scene_name": "NISAR_L1_PR_RSLC_024_117_A_172_2005_DHDH_A_20260704T084552_20260704T084626_P05023_N_F_J_001" }, "geometry": { "type": "Polygon", "coordinates": [ [ [ -43.34238, -11.88635 ], [ -43.78673, -9.7995 ], [ -46.06065, -10.25939 ], [ -45.6364, -12.34061 ], [ -43.34238, -11.88635 ] ] ] } },
{ "type": "Feature", "properties": { "query_name": "feature_0_part_1_split_1", "feature_index": 0, "dataset": "NISAR", "platform": "NISAR", "product_id": "NISAR_L1_PR_RSLC_024_117_A_173_2005_DHDH_A_20260704T084625_20260704T084700_P05023_N_F_J_001", "processing_level": "RSLC", "flight_direction": "ASCENDING", "relative_orbit": 117, "absolute_orbit": 4887, "frame_number": 173, "start_time": "2026-07-04T08:46:25Z", "stop_time": "2026-07-04T08:47:00Z", "scene_name": "NISAR_L1_PR_RSLC_024_117_A_173_2005_DHDH_A_20260704T084625_20260704T084700_P05023_N_F_J_001" }, "geometry": { "type": "Polygon", "coordinates": [ [ [ -43.76157, -9.91878 ], [ -44.21944, -7.77177 ], [ -46.47314, -8.23653 ], [ -46.03623, -10.37828 ], [ -43.76157, -9.91878 ] ] ] } },
{ "type": "Feature", "properties": { "query_name": "feature_0_part_1_split_1", "feature_index": 0, "dataset": "NISAR", "platform": "NISAR", "product_id": "NISAR_L1_PR_RSLC_024_117_A_174_2005_DHDH_A_20260704T084659_20260704T084733_P05023_N_F_J_001", "processing_level": "RSLC", "flight_direction": "ASCENDING", "relative_orbit": 117, "absolute_orbit": 4887, "frame_number": 174, "start_time": "2026-07-04T08:46:59Z", "stop_time": "2026-07-04T08:47:33Z", "scene_name": "NISAR_L1_PR_RSLC_024_117_A_174_2005_DHDH_A_20260704T084659_20260704T084733_P05023_N_F_J_001" }, "geometry": { "type": "Polygon", "coordinates": [ [ [ -44.19204, -7.89062 ], [ -44.63704, -5.80248 ], [ -46.88046, -6.27348 ], [ -46.44982, -8.35571 ], [ -44.19204, -7.89062 ] ] ] } },
{ "type": "Feature", "properties": { "query_name": "feature_0_part_1_split_1", "feature_index": 0, "dataset": "NISAR", "platform": "NISAR", "product_id": "NISAR_L1_PR_RSLC_024_117_A_175_2005_DHDH_A_20260704T084732_20260704T084807_P05023_N_F_J_001", "processing_level": "RSLC", "flight_direction": "ASCENDING", "relative_orbit": 117, "absolute_orbit": 4887, "frame_number": 175, "start_time": "2026-07-04T08:47:32Z", "stop_time": "2026-07-04T08:48:07Z", "scene_name": "NISAR_L1_PR_RSLC_024_117_A_175_2005_DHDH_A_20260704T084732_20260704T084807_P05023_N_F_J_001" }, "geometry": { "type": "Polygon", "coordinates": [ [ [ -44.61159, -5.92178 ], [ -45.07026, -3.77339 ], [ -47.3057, -4.25094 ], [ -46.85552, -6.39239 ], [ -44.61159, -5.92178 ] ] ] } },
{ "type": "Feature", "properties": { "query_name": "feature_0_part_1_split_1", "feature_index": 0, "dataset": "NISAR", "platform": "NISAR", "product_id": "NISAR_L1_PR_RSLC_024_125_D_089_2005_DHDH_M_20260704T211802_20260704T211817_P05023_N_P_J_001", "processing_level": "RSLC", "flight_direction": "DESCENDING", "relative_orbit": 125, "absolute_orbit": 4895, "frame_number": 89, "start_time": "2026-07-04T21:18:02Z", "stop_time": "2026-07-04T21:18:17Z", "scene_name": "NISAR_L1_PR_RSLC_024_125_D_089_2005_DHDH_M_20260704T211802_20260704T211817_P05023_N_P_J_001" }, "geometry": { "type": "Polygon", "coordinates": [ [ [ -45.28737, -0.94641 ], [ -45.4948, -1.90117 ], [ -43.2778, -2.382 ], [ -43.07242, -1.43033 ], [ -45.28737, -0.94641 ] ] ] } },
{ "type": "Feature", "properties": { "query_name": "feature_0_part_1_split_1", "feature_index": 0, "dataset": "NISAR", "platform": "NISAR", "product_id": "NISAR_L1_PR_RSLC_024_125_D_089_4005_DHDH_A_20260704T211810_20260704T211817_P05023_N_P_J_001", "processing_level": "RSLC", "flight_direction": "DESCENDING", "relative_orbit": 125, "absolute_orbit": 4895, "frame_number": 89, "start_time": "2026-07-04T21:18:10Z", "stop_time": "2026-07-04T21:18:17Z", "scene_name": "NISAR_L1_PR_RSLC_024_125_D_089_4005_DHDH_A_20260704T211810_20260704T211817_P05023_N_P_J_001" }, "geometry": { "type": "Polygon", "coordinates": [ [ [ -45.39143, -1.42376 ], [ -45.4948, -1.90117 ], [ -43.2778, -2.382 ], [ -43.17532, -1.90617 ], [ -45.39143, -1.42376 ] ] ] } },
{ "type": "Feature", "properties": { "query_name": "feature_0_part_1_split_1", "feature_index": 0, "dataset": "NISAR", "platform": "NISAR", "product_id": "NISAR_L1_PR_RSLC_024_125_D_090_4005_DHDH_A_20260704T211816_20260704T211855_P05023_N_F_J_001", "processing_level": "RSLC", "flight_direction": "DESCENDING", "relative_orbit": 125, "absolute_orbit": 4895, "frame_number": 90, "start_time": "2026-07-04T21:18:16Z", "stop_time": "2026-07-04T21:18:55Z", "scene_name": "NISAR_L1_PR_RSLC_024_125_D_090_4005_DHDH_A_20260704T211816_20260704T211855_P05023_N_F_J_001" }, "geometry": { "type": "Polygon", "coordinates": [ [ [ -45.46889, -1.78187 ], [ -45.98411, -4.16883 ], [ -43.75906, -4.64264 ], [ -43.25227, -2.26306 ], [ -45.46889, -1.78187 ] ] ] } },
{ "type": "Feature", "properties": { "query_name": "feature_0_part_1_split_1", "feature_index": 0, "dataset": "NISAR", "platform": "NISAR", "product_id": "NISAR_L1_PR_RSLC_024_125_D_091_2005_DHDH_M_20260704T211850_20260704T211924_P05023_N_F_J_001", "processing_level": "RSLC", "flight_direction": "DESCENDING", "relative_orbit": 125, "absolute_orbit": 4895, "frame_number": 91, "start_time": "2026-07-04T21:18:50Z", "stop_time": "2026-07-04T21:19:24Z", "scene_name": "NISAR_L1_PR_RSLC_024_125_D_091_2005_DHDH_M_20260704T211850_20260704T211924_P05023_N_F_J_001" }, "geometry": { "type": "Polygon", "coordinates": [ [ [ -45.90819, -3.8106 ], [ -46.35387, -5.89954 ], [ -44.11938, -6.36834 ], [ -43.68353, -4.28574 ], [ -45.90819, -3.8106 ] ] ] } },
{ "type": "Feature", "properties": { "query_name": "feature_0_part_1_split_1", "feature_index": 0, "dataset": "NISAR", "platform": "NISAR", "product_id": "NISAR_L1_PR_RSLC_024_125_D_091_4005_DHDH_A_20260704T211850_20260704T211855_P05023_N_P_J_001", "processing_level": "RSLC", "flight_direction": "DESCENDING", "relative_orbit": 125, "absolute_orbit": 4895, "frame_number": 91, "start_time": "2026-07-04T21:18:50Z", "stop_time": "2026-07-04T21:18:55Z", "scene_name": "NISAR_L1_PR_RSLC_024_125_D_091_4005_DHDH_A_20260704T211850_20260704T211855_P05023_N_P_J_001" }, "geometry": { "type": "Polygon", "coordinates": [ [ [ -45.90819, -3.8106 ], [ -45.98411, -4.16883 ], [ -43.75906, -4.64264 ], [ -43.68353, -4.28574 ], [ -45.90819, -3.8106 ] ] ] } },
{ "type": "Feature", "properties": { "query_name": "feature_0_part_1_split_1", "feature_index": 0, "dataset": "NISAR", "platform": "NISAR", "product_id": "NISAR_L1_PR_RSLC_024_125_D_092_2005_DHDH_A_20260704T211923_20260704T211958_P05023_N_F_J_001", "processing_level": "RSLC", "flight_direction": "DESCENDING", "relative_orbit": 125, "absolute_orbit": 4895, "frame_number": 92, "start_time": "2026-07-04T21:19:23Z", "stop_time": "2026-07-04T21:19:58Z", "scene_name": "NISAR_L1_PR_RSLC_024_125_D_092_2005_DHDH_A_20260704T211923_20260704T211958_P05023_N_F_J_001" }, "geometry": { "type": "Polygon", "coordinates": [ [ [ -46.29082, -5.78821 ], [ -46.74958, -7.93585 ], [ -44.5192, -8.39509 ], [ -44.07561, -6.25332 ], [ -46.29082, -5.78821 ] ] ] } },
{ "type": "Feature", "properties": { "query_name": "feature_0_part_1_split_1", "feature_index": 0, "dataset": "NISAR", "platform": "NISAR", "product_id": "NISAR_L1_PR_RSLC_024_125_D_093_2005_DHDH_A_20260704T211957_20260704T212031_P05023_N_F_J_001", "processing_level": "RSLC", "flight_direction": "DESCENDING", "relative_orbit": 125, "absolute_orbit": 4895, "frame_number": 93, "start_time": "2026-07-04T21:19:57Z", "stop_time": "2026-07-04T21:20:31Z", "scene_name": "NISAR_L1_PR_RSLC_024_125_D_093_2005_DHDH_A_20260704T211957_20260704T212031_P05023_N_F_J_001" }, "geometry": { "type": "Polygon", "coordinates": [ [ [ -46.72393, -7.81663 ], [ -47.16832, -9.90423 ], [ -44.92379, -10.35772 ], [ -44.49494, -8.2761 ], [ -46.72393, -7.81663 ] ] ] } },
{ "type": "Feature", "properties": { "query_name": "feature_0_part_1_split_1", "feature_index": 0, "dataset": "NISAR", "platform": "NISAR", "product_id": "NISAR_L1_PR_RSLC_024_125_D_094_2005_DHDH_A_20260704T212030_20260704T212105_P05023_N_F_J_001", "processing_level": "RSLC", "flight_direction": "DESCENDING", "relative_orbit": 125, "absolute_orbit": 4895, "frame_number": 94, "start_time": "2026-07-04T21:20:30Z", "stop_time": "2026-07-04T21:21:05Z", "scene_name": "NISAR_L1_PR_RSLC_024_125_D_094_2005_DHDH_A_20260704T212030_20260704T212105_P05023_N_F_J_001" }, "geometry": { "type": "Polygon", "coordinates": [ [ [ -47.14284, -9.78501 ], [ -47.59942, -11.93165 ], [ -45.33313, -12.38022 ], [ -44.89955, -10.23879 ], [ -47.14284, -9.78501 ] ] ] } },
{ "type": "Feature", "properties": { "query_name": "feature_0_part_1_split_1", "feature_index": 0, "dataset": "NISAR", "platform": "NISAR", "product_id": "NISAR_L1_PR_RSLC_024_125_D_095_2005_DHDH_A_20260704T212104_20260704T212138_P05023_N_F_J_001", "processing_level": "RSLC", "flight_direction": "DESCENDING", "relative_orbit": 125, "absolute_orbit": 4895, "frame_number": 95, "start_time": "2026-07-04T21:21:04Z", "stop_time": "2026-07-04T21:21:38Z", "scene_name": "NISAR_L1_PR_RSLC_024_125_D_095_2005_DHDH_A_20260704T212104_20260704T212138_P05023_N_F_J_001" }, "geometry": { "type": "Polygon", "coordinates": [ [ [ -47.5734, -11.81258 ], [ -48.01471, -13.89945 ], [ -45.715, -14.3451 ], [ -45.29708, -12.26364 ], [ -47.5734, -11.81258 ] ] ] } },
{ "type": "Feature", "properties": { "query_name": "feature_0_part_1_split_1", "feature_index": 0, "dataset": "NISAR", "platform": "NISAR", "product_id": "NISAR_L1_PR_RSLC_024_125_D_096_2005_DHDH_A_20260704T212134_20260704T212212_P05023_N_F_J_001", "processing_level": "RSLC", "flight_direction": "DESCENDING", "relative_orbit": 125, "absolute_orbit": 4895, "frame_number": 96, "start_time": "2026-07-04T21:21:34Z", "stop_time": "2026-07-04T21:22:12Z", "scene_name": "NISAR_L1_PR_RSLC_024_125_D_096_2005_DHDH_A_20260704T212134_20260704T212212_P05023_N_F_J_001" }, "geometry": { "type": "Polygon", "coordinates": [ [ [ -47.92237, -13.60724 ], [ -48.41108, -15.9324 ], [ -46.10687, -16.36865 ], [ -45.64243, -14.05029 ], [ -47.92237, -13.60724 ] ] ] } },
{ "type": "Feature", "properties": { "query_name": "feature_0_part_1_split_1", "feature_index": 0, "dataset": "NISAR", "platform": "NISAR", "product_id": "NISAR_L1_PR_RSLC_024_125_D_097_2005_DHDH_A_20260704T212211_20260704T212245_P05023_N_F_J_001", "processing_level": "RSLC", "flight_direction": "DESCENDING", "relative_orbit": 125, "absolute_orbit": 4895, "frame_number": 97, "start_time": "2026-07-04T21:22:11Z", "stop_time": "2026-07-04T21:22:45Z", "scene_name": "NISAR_L1_PR_RSLC_024_125_D_097_2005_DHDH_A_20260704T212211_20260704T212245_P05023_N_F_J_001" }, "geometry": { "type": "Polygon", "coordinates": [ [ [ -48.38483, -15.81345 ], [ -48.83495, -17.89729 ], [ -46.49646, -18.32991 ], [ -46.08497, -16.24948 ], [ -48.38483, -15.81345 ] ] ] } },
{ "type": "Feature", "properties": { "query_name": "feature_0_part_1_split_1", "feature_index": 0, "dataset": "NISAR", "platform": "NISAR", "product_id": "NISAR_L1_PR_RSLC_024_125_D_098_2005_DHDH_M_20260704T212244_20260704T212319_P05023_N_F_J_001", "processing_level": "RSLC", "flight_direction": "DESCENDING", "relative_orbit": 125, "absolute_orbit": 4895, "frame_number": 98, "start_time": "2026-07-04T21:22:44Z", "stop_time": "2026-07-04T21:23:19Z", "scene_name": "NISAR_L1_PR_RSLC_024_125_D_098_2005_DHDH_M_20260704T212244_20260704T212319_P05023_N_F_J_001" }, "geometry": { "type": "Polygon", "coordinates": [ [ [ -48.80195, -17.77966 ], [ -49.26355, -19.92276 ], [ -46.88239, -20.35228 ], [ -46.45628, -18.21407 ], [ -48.80195, -17.77966 ] ] ] } },
{ "type": "Feature", "properties": { "query_name": "feature_0_part_1_split_1", "feature_index": 0, "dataset": "NISAR", "platform": "NISAR", "product_id": "NISAR_L1_PR_RSLC_024_125_D_099_4005_DHDH_A_20260704T212316_20260704T212352_P05023_N_F_J_001", "processing_level": "RSLC", "flight_direction": "DESCENDING", "relative_orbit": 125, "absolute_orbit": 4895, "frame_number": 99, "start_time": "2026-07-04T21:23:16Z", "stop_time": "2026-07-04T21:23:52Z", "scene_name": "NISAR_L1_PR_RSLC_024_125_D_099_4005_DHDH_A_20260704T212316_20260704T212352_P05023_N_F_J_001" }, "geometry": { "type": "Polygon", "coordinates": [ [ [ -49.20915, -19.68528 ], [ -49.6867, -21.88683 ], [ -47.27033, -22.31183 ], [ -46.83088, -20.1155 ], [ -49.20915, -19.68528 ] ] ] } },
{ "type": "Feature", "properties": { "query_name": "feature_0_part_1_split_1", "feature_index": 0, "dataset": "NISAR", "platform": "NISAR", "product_id": "NISAR_L1_PR_RSLC_024_125_D_100_4005_DHDH_A_20260704T212351_20260704T212426_P05023_N_F_J_001", "processing_level": "RSLC", "flight_direction": "DESCENDING", "relative_orbit": 125, "absolute_orbit": 4895, "frame_number": 100, "start_time": "2026-07-04T21:23:51Z", "stop_time": "2026-07-04T21:24:26Z", "scene_name": "NISAR_L1_PR_RSLC_024_125_D_100_4005_DHDH_A_20260704T212351_20260704T212426_P05023_N_F_J_001" }, "geometry": { "type": "Polygon", "coordinates": [ [ [ -49.66108, -21.76784 ], [ -50.12057, -23.91035 ], [ -47.63573, -24.33541 ], [ -47.20971, -22.19938 ], [ -49.66108, -21.76784 ] ] ] } },
{ "type": "Feature", "properties": { "query_name": "feature_0_part_1_split_1", "feature_index": 0, "dataset": "NISAR", "platform": "NISAR", "product_id": "NISAR_L1_PR_RSLC_024_125_D_101_4005_DHDH_A_20260704T212425_20260704T212459_P05023_N_F_J_001", "processing_level": "RSLC", "flight_direction": "DESCENDING", "relative_orbit": 125, "absolute_orbit": 4895, "frame_number": 101, "start_time": "2026-07-04T21:24:25Z", "stop_time": "2026-07-04T21:24:59Z", "scene_name": "NISAR_L1_PR_RSLC_024_125_D_101_4005_DHDH_A_20260704T212425_20260704T212459_P05023_N_F_J_001" }, "geometry": { "type": "Polygon", "coordinates": [ [ [ -50.07037, -23.79582 ], [ -50.52367, -25.87713 ], [ -48.02153, -26.2933 ], [ -47.61185, -24.21684 ], [ -50.07037, -23.79582 ] ] ] } },
{ "type": "Feature", "properties": { "query_name": "feature_0_part_1_split_1", "feature_index": 0, "dataset": "NISAR", "platform": "NISAR", "product_id": "NISAR_L1_PR_RSLC_024_132_A_165_2005_DHDH_A_20260705T094013_20260705T094048_P05023_N_F_J_001", "processing_level": "RSLC", "flight_direction": "ASCENDING", "relative_orbit": 132, "absolute_orbit": 4902, "frame_number": 165, "start_time": "2026-07-05T09:40:13Z", "stop_time": "2026-07-05T09:40:48Z", "scene_name": "NISAR_L1_PR_RSLC_024_132_A_165_2005_DHDH_A_20260705T094013_20260705T094048_P05023_N_F_J_001" }, "geometry": { "type": "Polygon", "coordinates": [ [ [ -54.92519, -25.87917 ], [ -55.39572, -23.73902 ], [ -57.95955, -24.17835 ], [ -57.53978, -26.31397 ], [ -54.92519, -25.87917 ] ] ] } },
{ "type": "Feature", "properties": { "query_name": "feature_0_part_1_split_1", "feature_index": 0, "dataset": "NISAR", "platform": "NISAR", "product_id": "NISAR_L1_PR_RSLC_024_132_A_166_2005_DHDH_A_20260705T094047_20260705T094121_P05023_N_F_J_001", "processing_level": "RSLC", "flight_direction": "ASCENDING", "relative_orbit": 132, "absolute_orbit": 4902, "frame_number": 166, "start_time": "2026-07-05T09:40:47Z", "stop_time": "2026-07-05T09:41:21Z", "scene_name": "NISAR_L1_PR_RSLC_024_132_A_166_2005_DHDH_A_20260705T094047_20260705T094121_P05023_N_F_J_001" }, "geometry": { "type": "Polygon", "coordinates": [ [ [ -55.37058, -23.85807 ], [ -55.82466, -21.77641 ], [ -58.34472, -22.21977 ], [ -57.93631, -24.297 ], [ -55.37058, -23.85807 ] ] ] } },
{ "type": "Feature", "properties": { "query_name": "feature_0_part_1_split_1", "feature_index": 0, "dataset": "NISAR", "platform": "NISAR", "product_id": "NISAR_L1_PR_RSLC_024_132_A_167_2005_DHDH_A_20260705T094120_20260705T094155_P05023_N_F_J_001", "processing_level": "RSLC", "flight_direction": "ASCENDING", "relative_orbit": 132, "absolute_orbit": 4902, "frame_number": 167, "start_time": "2026-07-05T09:41:20Z", "stop_time": "2026-07-05T09:41:55Z", "scene_name": "NISAR_L1_PR_RSLC_024_132_A_167_2005_DHDH_A_20260705T094120_20260705T094155_P05023_N_F_J_001" }, "geometry": { "type": "Polygon", "coordinates": [ [ [ -55.80124, -21.8958 ], [ -56.25523, -19.75182 ], [ -58.74242, -20.201 ], [ -58.32136, -22.33845 ], [ -55.80124, -21.8958 ] ] ] } },
{ "type": "Feature", "properties": { "query_name": "feature_0_part_1_split_1", "feature_index": 0, "dataset": "NISAR", "platform": "NISAR", "product_id": "NISAR_L1_PR_RSLC_024_132_A_168_2005_DHDH_A_20260705T094154_20260705T094228_P05023_N_F_J_001", "processing_level": "RSLC", "flight_direction": "ASCENDING", "relative_orbit": 132, "absolute_orbit": 4902, "frame_number": 168, "start_time": "2026-07-05T09:41:54Z", "stop_time": "2026-07-05T09:42:28Z", "scene_name": "NISAR_L1_PR_RSLC_024_132_A_168_2005_DHDH_A_20260705T094154_20260705T094228_P05023_N_F_J_001" }, "geometry": { "type": "Polygon", "coordinates": [ [ [ -56.22967, -19.87085 ], [ -56.67614, -17.78686 ], [ -59.13106, -18.24109 ], [ -58.71904, -20.31974 ], [ -56.22967, -19.87085 ] ] ] } },
{ "type": "Feature", "properties": { "query_name": "feature_0_part_1_split_1", "feature_index": 0, "dataset": "NISAR", "platform": "NISAR", "product_id": "NISAR_L1_PR_RSLC_024_132_A_169_2005_DHDH_A_20260705T094227_20260705T094302_P05023_N_F_J_001", "processing_level": "RSLC", "flight_direction": "ASCENDING", "relative_orbit": 132, "absolute_orbit": 4902, "frame_number": 169, "start_time": "2026-07-05T09:42:27Z", "stop_time": "2026-07-05T09:43:02Z", "scene_name": "NISAR_L1_PR_RSLC_024_132_A_169_2005_DHDH_A_20260705T094227_20260705T094302_P05023_N_F_J_001" }, "geometry": { "type": "Polygon", "coordinates": [ [ [ -56.65069, -17.90593 ], [ -57.11325, -15.7625 ], [ -59.53298, -16.22104 ], [ -59.10721, -18.35981 ], [ -56.65069, -17.90593 ] ] ] } },
{ "type": "Feature", "properties": { "query_name": "feature_0_part_1_split_1", "feature_index": 0, "dataset": "NISAR", "platform": "NISAR", "product_id": "NISAR_L1_PR_RSLC_024_132_A_170_2005_DHDH_A_20260705T094301_20260705T094335_P05023_N_F_J_001", "processing_level": "RSLC", "flight_direction": "ASCENDING", "relative_orbit": 132, "absolute_orbit": 4902, "frame_number": 170, "start_time": "2026-07-05T09:43:01Z", "stop_time": "2026-07-05T09:43:35Z", "scene_name": "NISAR_L1_PR_RSLC_024_132_A_170_2005_DHDH_A_20260705T094301_20260705T094335_P05023_N_F_J_001" }, "geometry": { "type": "Polygon", "coordinates": [ [ [ -57.08334, -15.88074 ], [ -57.53193, -13.79608 ], [ -59.92456, -14.25966 ], [ -59.50848, -16.3397 ], [ -57.08334, -15.88074 ] ] ] } },
{ "type": "Feature", "properties": { "query_name": "feature_0_part_1_split_1", "feature_index": 0, "dataset": "NISAR", "platform": "NISAR", "product_id": "NISAR_L1_PR_RSLC_024_132_A_171_2005_DHDH_A_20260705T094334_20260705T094409_P05023_N_F_J_001", "processing_level": "RSLC", "flight_direction": "ASCENDING", "relative_orbit": 132, "absolute_orbit": 4902, "frame_number": 171, "start_time": "2026-07-05T09:43:34Z", "stop_time": "2026-07-05T09:44:09Z", "scene_name": "NISAR_L1_PR_RSLC_024_132_A_171_2005_DHDH_A_20260705T094334_20260705T094409_P05023_N_F_J_001" }, "geometry": { "type": "Polygon", "coordinates": [ [ [ -57.50742, -13.9154 ], [ -57.95925, -11.76866 ], [ -60.33308, -12.23873 ], [ -59.9006, -14.37848 ], [ -57.50742, -13.9154 ] ] ] } },
{ "type": "Feature", "properties": { "query_name": "feature_0_part_1_split_1", "feature_index": 0, "dataset": "NISAR", "platform": "NISAR", "product_id": "NISAR_L1_PR_RSLC_024_132_A_172_2005_DHDH_A_20260705T094408_20260705T094442_P05023_N_F_J_001", "processing_level": "RSLC", "flight_direction": "ASCENDING", "relative_orbit": 132, "absolute_orbit": 4902, "frame_number": 172, "start_time": "2026-07-05T09:44:08Z", "stop_time": "2026-07-05T09:44:42Z", "scene_name": "NISAR_L1_PR_RSLC_024_132_A_172_2005_DHDH_A_20260705T094408_20260705T094442_P05023_N_F_J_001" }, "geometry": { "type": "Polygon", "coordinates": [ [ [ -57.93343, -11.88776 ], [ -58.37704, -9.80085 ], [ -60.72992, -10.27625 ], [ -60.30937, -12.35766 ], [ -57.93343, -11.88776 ] ] ] } },
{ "type": "Feature", "properties": { "query_name": "feature_0_part_1_split_1", "feature_index": 0, "dataset": "NISAR", "platform": "NISAR", "product_id": "NISAR_L1_PR_RSLC_024_140_D_094_2005_DHDH_A_20260705T221846_20260705T221920_P05023_N_F_J_001", "processing_level": "RSLC", "flight_direction": "DESCENDING", "relative_orbit": 140, "absolute_orbit": 4910, "frame_number": 94, "start_time": "2026-07-05T22:18:46Z", "stop_time": "2026-07-05T22:19:20Z", "scene_name": "NISAR_L1_PR_RSLC_024_140_D_094_2005_DHDH_A_20260705T221846_20260705T221920_P05023_N_F_J_001" }, "geometry": { "type": "Polygon", "coordinates": [ [ [ -61.71134, -9.78523 ], [ -62.15149, -11.87301 ], [ -59.83345, -12.33183 ], [ -59.4119, -10.25014 ], [ -61.71134, -9.78523 ] ] ] } },
{ "type": "Feature", "properties": { "query_name": "feature_0_part_1_split_1", "feature_index": 0, "dataset": "NISAR", "platform": "NISAR", "product_id": "NISAR_L1_PR_RSLC_024_140_D_095_2005_DHDH_A_20260705T221919_20260705T221954_P05023_N_F_J_001", "processing_level": "RSLC", "flight_direction": "DESCENDING", "relative_orbit": 140, "absolute_orbit": 4910, "frame_number": 95, "start_time": "2026-07-05T22:19:19Z", "stop_time": "2026-07-05T22:19:54Z", "scene_name": "NISAR_L1_PR_RSLC_024_140_D_095_2005_DHDH_A_20260705T221919_20260705T221954_P05023_N_F_J_001" }, "geometry": { "type": "Polygon", "coordinates": [ [ [ -62.1284, -11.75335 ], [ -62.5854, -13.89925 ], [ -60.24332, -14.35292 ], [ -59.80977, -12.21287 ], [ -62.1284, -11.75335 ] ] ] } },
{ "type": "Feature", "properties": { "query_name": "feature_0_part_1_split_1", "feature_index": 0, "dataset": "NISAR", "platform": "NISAR", "product_id": "NISAR_L1_PR_RSLC_024_146_A_166_4005_DHDH_A_20260706T085909_20260706T085944_P05023_N_F_J_001", "processing_level": "RSLC", "flight_direction": "ASCENDING", "relative_orbit": 146, "absolute_orbit": 4916, "frame_number": 166, "start_time": "2026-07-06T08:59:09Z", "stop_time": "2026-07-06T08:59:44Z", "scene_name": "NISAR_L1_PR_RSLC_024_146_A_166_4005_DHDH_A_20260706T085909_20260706T085944_P05023_N_F_J_001" }, "geometry": { "type": "Polygon", "coordinates": [ [ [ -44.97495, -23.91656 ], [ -45.45239, -21.7774 ], [ -47.88104, -22.20494 ], [ -47.45526, -24.34095 ], [ -44.97495, -23.91656 ] ] ] } },
{ "type": "Feature", "properties": { "query_name": "feature_0_part_1_split_1", "feature_index": 0, "dataset": "NISAR", "platform": "NISAR", "product_id": "NISAR_L1_PR_RSLC_024_146_A_167_4005_DHDH_A_20260706T085943_20260706T090022_P05023_N_F_J_001", "processing_level": "RSLC", "flight_direction": "ASCENDING", "relative_orbit": 146, "absolute_orbit": 4916, "frame_number": 167, "start_time": "2026-07-06T08:59:43Z", "stop_time": "2026-07-06T09:00:22Z", "scene_name": "NISAR_L1_PR_RSLC_024_146_A_167_4005_DHDH_A_20260706T085943_20260706T090022_P05023_N_F_J_001" }, "geometry": { "type": "Polygon", "coordinates": [ [ [ -45.42755, -21.89652 ], [ -45.93985, -19.51588 ], [ -48.32534, -19.94821 ], [ -47.85797, -22.32369 ], [ -45.42755, -21.89652 ] ] ] } },
{ "type": "Feature", "properties": { "query_name": "feature_0_part_1_split_1", "feature_index": 0, "dataset": "NISAR", "platform": "NISAR", "product_id": "NISAR_L1_PR_RSLC_024_146_A_168_2005_DHDH_M_20260706T090017_20260706T090051_P05023_N_F_J_001", "processing_level": "RSLC", "flight_direction": "ASCENDING", "relative_orbit": 146, "absolute_orbit": 4916, "frame_number": 168, "start_time": "2026-07-06T09:00:17Z", "stop_time": "2026-07-06T09:00:51Z", "scene_name": "NISAR_L1_PR_RSLC_024_146_A_168_2005_DHDH_M_20260706T090017_20260706T090051_P05023_N_F_J_001" }, "geometry": { "type": "Polygon", "coordinates": [ [ [ -45.86067, -19.87255 ], [ -46.30417, -17.78813 ], [ -48.66896, -18.2259 ], [ -48.25474, -20.3045 ], [ -45.86067, -19.87255 ] ] ] } },
{ "type": "Feature", "properties": { "query_name": "feature_0_part_1_split_1", "feature_index": 0, "dataset": "NISAR", "platform": "NISAR", "product_id": "NISAR_L1_PR_RSLC_024_146_A_168_4005_DHDH_A_20260706T090017_20260706T090022_P05023_N_P_J_001", "processing_level": "RSLC", "flight_direction": "ASCENDING", "relative_orbit": 146, "absolute_orbit": 4916, "frame_number": 168, "start_time": "2026-07-06T09:00:17Z", "stop_time": "2026-07-06T09:00:22Z", "scene_name": "NISAR_L1_PR_RSLC_024_146_A_168_4005_DHDH_A_20260706T090017_20260706T090022_P05023_N_P_J_001" }, "geometry": { "type": "Polygon", "coordinates": [ [ [ -45.86067, -19.87255 ], [ -45.93985, -19.51588 ], [ -48.32534, -19.94821 ], [ -48.25478, -20.30451 ], [ -45.86067, -19.87255 ] ] ] } },
{ "type": "Feature", "properties": { "query_name": "feature_0_part_1_split_1", "feature_index": 0, "dataset": "NISAR", "platform": "NISAR", "product_id": "NISAR_L1_PR_RSLC_024_146_A_169_2005_DHDH_M_20260706T090050_20260706T090125_P05023_N_F_J_001", "processing_level": "RSLC", "flight_direction": "ASCENDING", "relative_orbit": 146, "absolute_orbit": 4916, "frame_number": 169, "start_time": "2026-07-06T09:00:50Z", "stop_time": "2026-07-06T09:01:25Z", "scene_name": "NISAR_L1_PR_RSLC_024_146_A_169_2005_DHDH_M_20260706T090050_20260706T090125_P05023_N_F_J_001" }, "geometry": { "type": "Polygon", "coordinates": [ [ [ -46.23882, -17.89955 ], [ -46.6999, -15.75579 ], [ -49.02287, -16.1967 ], [ -48.5914, -18.33506 ], [ -46.23882, -17.89955 ] ] ] } },
{ "type": "Feature", "properties": { "query_name": "feature_0_part_1_split_1", "feature_index": 0, "dataset": "NISAR", "platform": "NISAR", "product_id": "NISAR_L1_PR_RSLC_024_146_A_169_4005_DHDH_A_20260706T090117_20260706T090120_P05023_N_P_J_001", "processing_level": "RSLC", "flight_direction": "ASCENDING", "relative_orbit": 146, "absolute_orbit": 4916, "frame_number": 169, "start_time": "2026-07-06T09:01:17Z", "stop_time": "2026-07-06T09:01:20Z", "scene_name": "NISAR_L1_PR_RSLC_024_146_A_169_4005_DHDH_A_20260706T090117_20260706T090120_P05023_N_P_J_001" }, "geometry": { "type": "Polygon", "coordinates": [ [ [ -46.60165, -16.29507 ], [ -46.65392, -16.0571 ], [ -48.96308, -16.49379 ], [ -48.91319, -16.73104 ], [ -46.60165, -16.29507 ] ] ] } },
{ "type": "Feature", "properties": { "query_name": "feature_0_part_1_split_1", "feature_index": 0, "dataset": "NISAR", "platform": "NISAR", "product_id": "NISAR_L1_PR_RSLC_024_146_A_170_4005_DHDH_A_20260706T090125_20260706T090158_P05023_N_F_J_001", "processing_level": "RSLC", "flight_direction": "ASCENDING", "relative_orbit": 146, "absolute_orbit": 4916, "frame_number": 170, "start_time": "2026-07-06T09:01:25Z", "stop_time": "2026-07-06T09:01:58Z", "scene_name": "NISAR_L1_PR_RSLC_024_146_A_170_4005_DHDH_A_20260706T090125_20260706T090158_P05023_N_F_J_001" }, "geometry": { "type": "Polygon", "coordinates": [ [ [ -46.68817, -15.81552 ], [ -47.11832, -13.78929 ], [ -49.40779, -14.23355 ], [ -49.00924, -16.25578 ], [ -46.68817, -15.81552 ] ] ] } },
{ "type": "Feature", "properties": { "query_name": "feature_0_part_1_split_1", "feature_index": 0, "dataset": "NISAR", "platform": "NISAR", "product_id": "NISAR_L1_PR_RSLC_024_146_A_171_2005_DHDH_M_20260706T090157_20260706T090232_P05023_N_F_J_001", "processing_level": "RSLC", "flight_direction": "ASCENDING", "relative_orbit": 146, "absolute_orbit": 4916, "frame_number": 171, "start_time": "2026-07-06T09:01:57Z", "stop_time": "2026-07-06T09:02:32Z", "scene_name": "NISAR_L1_PR_RSLC_024_146_A_171_2005_DHDH_M_20260706T090157_20260706T090232_P05023_N_F_J_001" }, "geometry": { "type": "Polygon", "coordinates": [ [ [ -47.0707, -13.90401 ], [ -47.5183, -11.75629 ], [ -49.815, -12.21181 ], [ -49.38413, -14.35246 ], [ -47.0707, -13.90401 ] ] ] } },
{ "type": "Feature", "properties": { "query_name": "feature_0_part_1_split_1", "feature_index": 0, "dataset": "NISAR", "platform": "NISAR", "product_id": "NISAR_L1_PR_RSLC_024_146_A_171_4005_DHDH_A_20260706T090157_20260706T090206_P05023_N_P_J_001", "processing_level": "RSLC", "flight_direction": "ASCENDING", "relative_orbit": 146, "absolute_orbit": 4916, "frame_number": 171, "start_time": "2026-07-06T09:01:57Z", "stop_time": "2026-07-06T09:02:06Z", "scene_name": "NISAR_L1_PR_RSLC_024_146_A_171_4005_DHDH_A_20260706T090157_20260706T090206_P05023_N_P_J_001" }, "geometry": { "type": "Polygon", "coordinates": [ [ [ -47.09581, -13.909 ], [ -47.2194, -13.3124 ], [ -49.50354, -13.75793 ], [ -49.38417, -14.35247 ], [ -47.09581, -13.909 ] ] ] } },
{ "type": "Feature", "properties": { "query_name": "feature_0_part_1_split_1", "feature_index": 0, "dataset": "NISAR", "platform": "NISAR", "product_id": "NISAR_L1_PR_RSLC_024_146_A_172_2005_DHDH_A_20260706T090231_20260706T090305_P05023_N_F_J_001", "processing_level": "RSLC", "flight_direction": "ASCENDING", "relative_orbit": 146, "absolute_orbit": 4916, "frame_number": 172, "start_time": "2026-07-06T09:02:31Z", "stop_time": "2026-07-06T09:03:05Z", "scene_name": "NISAR_L1_PR_RSLC_024_146_A_172_2005_DHDH_A_20260706T090231_20260706T090305_P05023_N_F_J_001" }, "geometry": { "type": "Polygon", "coordinates": [ [ [ -47.49143, -11.87519 ], [ -47.93481, -9.78809 ], [ -50.20696, -10.2478 ], [ -49.78365, -12.32929 ], [ -47.49143, -11.87519 ] ] ] } },
{ "type": "Feature", "properties": { "query_name": "feature_0_part_1_split_1", "feature_index": 0, "dataset": "NISAR", "platform": "NISAR", "product_id": "NISAR_L1_PR_RSLC_024_146_A_173_2005_DHDH_A_20260706T090304_20260706T090339_P05023_N_F_J_001", "processing_level": "RSLC", "flight_direction": "ASCENDING", "relative_orbit": 146, "absolute_orbit": 4916, "frame_number": 173, "start_time": "2026-07-06T09:03:04Z", "stop_time": "2026-07-06T09:03:39Z", "scene_name": "NISAR_L1_PR_RSLC_024_146_A_173_2005_DHDH_A_20260706T090304_20260706T090339_P05023_N_F_J_001" }, "geometry": { "type": "Polygon", "coordinates": [ [ [ -47.90893, -9.90723 ], [ -48.36618, -7.76004 ], [ -50.62437, -8.22586 ], [ -50.1826, -10.36671 ], [ -47.90893, -9.90723 ] ] ] } },
{ "type": "Feature", "properties": { "query_name": "feature_0_part_1_split_1", "feature_index": 0, "dataset": "NISAR", "platform": "NISAR", "product_id": "NISAR_L1_PR_RSLC_024_146_A_174_2005_DHDH_A_20260706T090338_20260706T090412_P05023_N_F_J_001", "processing_level": "RSLC", "flight_direction": "ASCENDING", "relative_orbit": 146, "absolute_orbit": 4916, "frame_number": 174, "start_time": "2026-07-06T09:03:38Z", "stop_time": "2026-07-06T09:04:12Z", "scene_name": "NISAR_L1_PR_RSLC_024_146_A_174_2005_DHDH_A_20260706T090338_20260706T090412_P05023_N_F_J_001" }, "geometry": { "type": "Polygon", "coordinates": [ [ [ -48.34117, -7.87939 ], [ -48.78663, -5.79131 ], [ -51.03236, -6.26289 ], [ -50.59927, -8.34468 ], [ -48.34117, -7.87939 ] ] ] } },
{ "type": "Feature", "properties": { "query_name": "feature_0_part_1_split_1", "feature_index": 0, "dataset": "NISAR", "platform": "NISAR", "product_id": "NISAR_L1_PR_RSLC_024_154_D_091_2005_DHDH_A_20260706T213529_20260706T213603_P05023_N_F_J_001", "processing_level": "RSLC", "flight_direction": "DESCENDING", "relative_orbit": 154, "absolute_orbit": 4924, "frame_number": 91, "start_time": "2026-07-06T21:35:29Z", "stop_time": "2026-07-06T21:36:03Z", "scene_name": "NISAR_L1_PR_RSLC_024_154_D_091_2005_DHDH_A_20260706T213529_20260706T213603_P05023_N_F_J_001" }, "geometry": { "type": "Polygon", "coordinates": [ [ [ -50.03647, -3.82491 ], [ -50.48299, -5.91357 ], [ -48.25525, -6.3808 ], [ -47.81586, -4.29906 ], [ -50.03647, -3.82491 ] ] ] } },
{ "type": "Feature", "properties": { "query_name": "feature_0_part_1_split_1", "feature_index": 0, "dataset": "NISAR", "platform": "NISAR", "product_id": "NISAR_L1_PR_RSLC_024_154_D_092_2005_DHDH_A_20260706T213602_20260706T213636_P05023_N_F_J_001", "processing_level": "RSLC", "flight_direction": "DESCENDING", "relative_orbit": 154, "absolute_orbit": 4924, "frame_number": 92, "start_time": "2026-07-06T21:36:02Z", "stop_time": "2026-07-06T21:36:36Z", "scene_name": "NISAR_L1_PR_RSLC_024_154_D_092_2005_DHDH_A_20260706T213602_20260706T213636_P05023_N_F_J_001" }, "geometry": { "type": "Polygon", "coordinates": [ [ [ -50.45561, -5.79467 ], [ -50.90415, -7.88215 ], [ -48.66174, -8.3441 ], [ -48.23037, -6.26186 ], [ -50.45561, -5.79467 ] ] ] } },
{ "type": "Feature", "properties": { "query_name": "feature_0_part_1_split_1", "feature_index": 0, "dataset": "NISAR", "platform": "NISAR", "product_id": "NISAR_L1_PR_RSLC_024_154_D_093_2005_DHDH_A_20260706T213635_20260706T213710_P05023_N_F_J_001", "processing_level": "RSLC", "flight_direction": "DESCENDING", "relative_orbit": 154, "absolute_orbit": 4924, "frame_number": 93, "start_time": "2026-07-06T21:36:35Z", "stop_time": "2026-07-06T21:37:10Z", "scene_name": "NISAR_L1_PR_RSLC_024_154_D_093_2005_DHDH_A_20260706T213635_20260706T213710_P05023_N_F_J_001" }, "geometry": { "type": "Polygon", "coordinates": [ [ [ -50.87734, -7.76317 ], [ -51.33436, -9.91046 ], [ -49.07757, -10.36639 ], [ -48.63541, -8.22552 ], [ -50.87734, -7.76317 ] ] ] } },
{ "type": "Feature", "properties": { "query_name": "feature_0_part_1_split_1", "feature_index": 0, "dataset": "NISAR", "platform": "NISAR", "product_id": "NISAR_L1_PR_RSLC_024_154_D_094_2005_DHDH_A_20260706T213709_20260706T213743_P05023_N_F_J_001", "processing_level": "RSLC", "flight_direction": "DESCENDING", "relative_orbit": 154, "absolute_orbit": 4924, "frame_number": 94, "start_time": "2026-07-06T21:37:09Z", "stop_time": "2026-07-06T21:37:43Z", "scene_name": "NISAR_L1_PR_RSLC_024_154_D_094_2005_DHDH_A_20260706T213709_20260706T213743_P05023_N_F_J_001" }, "geometry": { "type": "Polygon", "coordinates": [ [ [ -51.30642, -9.79174 ], [ -51.75289, -11.87825 ], [ -49.47782, -12.32881 ], [ -49.05361, -10.2474 ], [ -51.30642, -9.79174 ] ] ] } },
{ "type": "Feature", "properties": { "query_name": "feature_0_part_1_split_1", "feature_index": 0, "dataset": "NISAR", "platform": "NISAR", "product_id": "NISAR_L1_PR_RSLC_024_154_D_095_2005_DHDH_A_20260706T213742_20260706T213817_P05023_N_F_J_001", "processing_level": "RSLC", "flight_direction": "DESCENDING", "relative_orbit": 154, "absolute_orbit": 4924, "frame_number": 95, "start_time": "2026-07-06T21:37:42Z", "stop_time": "2026-07-06T21:38:17Z", "scene_name": "NISAR_L1_PR_RSLC_024_154_D_095_2005_DHDH_A_20260706T213742_20260706T213817_P05023_N_F_J_001" }, "geometry": { "type": "Polygon", "coordinates": [ [ [ -51.72752, -11.75905 ], [ -52.18349, -13.90517 ], [ -49.88508, -14.35062 ], [ -49.45378, -12.20991 ], [ -51.72752, -11.75905 ] ] ] } },
{ "type": "Feature", "properties": { "query_name": "feature_0_part_1_split_1", "feature_index": 0, "dataset": "NISAR", "platform": "NISAR", "product_id": "NISAR_L1_PR_RSLC_024_154_D_096_2005_DHDH_A_20260706T213816_20260706T213854_P05023_N_F_J_001", "processing_level": "RSLC", "flight_direction": "DESCENDING", "relative_orbit": 154, "absolute_orbit": 4924, "frame_number": 96, "start_time": "2026-07-06T21:38:16Z", "stop_time": "2026-07-06T21:38:54Z", "scene_name": "NISAR_L1_PR_RSLC_024_154_D_096_2005_DHDH_A_20260706T213816_20260706T213854_P05023_N_F_J_001" }, "geometry": { "type": "Polygon", "coordinates": [ [ [ -52.15829, -13.78597 ], [ -52.65343, -16.10999 ], [ -50.31995, -16.55115 ], [ -49.8578, -14.23239 ], [ -52.15829, -13.78597 ] ] ] } },
{ "type": "Feature", "properties": { "query_name": "feature_0_part_1_split_1", "feature_index": 0, "dataset": "NISAR", "platform": "NISAR", "product_id": "NISAR_L1_PR_RSLC_024_154_D_097_2005_DHDH_A_20260706T213849_20260706T213924_P05023_N_F_J_001", "processing_level": "RSLC", "flight_direction": "DESCENDING", "relative_orbit": 154, "absolute_orbit": 4924, "frame_number": 97, "start_time": "2026-07-06T21:38:49Z", "stop_time": "2026-07-06T21:39:24Z", "scene_name": "NISAR_L1_PR_RSLC_024_154_D_097_2005_DHDH_A_20260706T213849_20260706T213924_P05023_N_F_J_001" }, "geometry": { "type": "Polygon", "coordinates": [ [ [ -52.52866, -15.76203 ], [ -52.97905, -17.90779 ], [ -50.63786, -18.34062 ], [ -50.21078, -16.20155 ], [ -52.52866, -15.76203 ] ] ] } },
{ "type": "Feature", "properties": { "query_name": "feature_0_part_1_split_1", "feature_index": 0, "dataset": "NISAR", "platform": "NISAR", "product_id": "NISAR_L1_PR_RSLC_024_154_D_098_2005_DHDH_A_20260706T213923_20260706T213957_P05023_N_F_J_001", "processing_level": "RSLC", "flight_direction": "DESCENDING", "relative_orbit": 154, "absolute_orbit": 4924, "frame_number": 98, "start_time": "2026-07-06T21:39:23Z", "stop_time": "2026-07-06T21:39:57Z", "scene_name": "NISAR_L1_PR_RSLC_024_154_D_098_2005_DHDH_A_20260706T213923_20260706T213957_P05023_N_F_J_001" }, "geometry": { "type": "Polygon", "coordinates": [ [ [ -52.94999, -17.78941 ], [ -53.4006, -19.87259 ], [ -51.02869, -20.30061 ], [ -50.61345, -18.22197 ], [ -52.94999, -17.78941 ] ] ] } },
{ "type": "Feature", "properties": { "query_name": "feature_0_part_1_split_1", "feature_index": 0, "dataset": "NISAR", "platform": "NISAR", "product_id": "NISAR_L1_PR_RSLC_024_154_D_099_2005_DHDH_A_20260706T213956_20260706T214031_P05023_N_F_J_001", "processing_level": "RSLC", "flight_direction": "DESCENDING", "relative_orbit": 154, "absolute_orbit": 4924, "frame_number": 99, "start_time": "2026-07-06T21:39:56Z", "stop_time": "2026-07-06T21:40:31Z", "scene_name": "NISAR_L1_PR_RSLC_024_154_D_099_2005_DHDH_A_20260706T213956_20260706T214031_P05023_N_F_J_001" }, "geometry": { "type": "Polygon", "coordinates": [ [ [ -53.37513, -19.75355 ], [ -53.83944, -21.89561 ], [ -51.4268, -22.3198 ], [ -51.0052, -20.18186 ], [ -53.37513, -19.75355 ] ] ] } },
{ "type": "Feature", "properties": { "query_name": "feature_0_part_1_split_1", "feature_index": 0, "dataset": "NISAR", "platform": "NISAR", "product_id": "NISAR_L1_PR_RSLC_024_154_D_100_2005_DHDH_M_20260706T214030_20260706T214105_P05023_N_F_J_001", "processing_level": "RSLC", "flight_direction": "DESCENDING", "relative_orbit": 154, "absolute_orbit": 4924, "frame_number": 100, "start_time": "2026-07-06T21:40:30Z", "stop_time": "2026-07-06T21:41:05Z", "scene_name": "NISAR_L1_PR_RSLC_024_154_D_100_2005_DHDH_M_20260706T214030_20260706T214105_P05023_N_F_J_001" }, "geometry": { "type": "Polygon", "coordinates": [ [ [ -53.81238, -21.77689 ], [ -54.27794, -23.91828 ], [ -51.80991, -24.34043 ], [ -51.39151, -22.20309 ], [ -53.81238, -21.77689 ] ] ] } },
{ "type": "Feature", "properties": { "query_name": "feature_0_part_1_split_1", "feature_index": 0, "dataset": "NISAR", "platform": "NISAR", "product_id": "NISAR_L1_PR_RSLC_024_168_D_096_2005_DHDH_A_20260707T205639_20260707T205713_P05023_N_F_J_001", "processing_level": "RSLC", "flight_direction": "DESCENDING", "relative_orbit": 168, "absolute_orbit": 4938, "frame_number": 96, "start_time": "2026-07-07T20:56:39Z", "stop_time": "2026-07-07T20:57:13Z", "scene_name": "NISAR_L1_PR_RSLC_024_168_D_096_2005_DHDH_A_20260707T205639_20260707T205713_P05023_N_F_J_001" }, "geometry": { "type": "Polygon", "coordinates": [ [ [ -41.75116, -13.79381 ], [ -42.19255, -15.88005 ], [ -39.84309, -16.32526 ], [ -39.42751, -14.24456 ], [ -41.75116, -13.79381 ] ] ] } },
{ "type": "Feature", "properties": { "query_name": "feature_0_part_1_split_1", "feature_index": 0, "dataset": "NISAR", "platform": "NISAR", "product_id": "NISAR_L1_PR_RSLC_024_168_D_097_2005_DHDH_A_20260707T205712_20260707T205747_P05023_N_F_J_001", "processing_level": "RSLC", "flight_direction": "DESCENDING", "relative_orbit": 168, "absolute_orbit": 4938, "frame_number": 97, "start_time": "2026-07-07T20:57:12Z", "stop_time": "2026-07-07T20:57:47Z", "scene_name": "NISAR_L1_PR_RSLC_024_168_D_097_2005_DHDH_A_20260707T205712_20260707T205747_P05023_N_F_J_001" }, "geometry": { "type": "Polygon", "coordinates": [ [ [ -42.16475, -15.76139 ], [ -42.61942, -17.90649 ], [ -40.24669, -18.34552 ], [ -39.81913, -16.20647 ], [ -42.16475, -15.76139 ] ] ] } },
{ "type": "Feature", "properties": { "query_name": "feature_0_part_1_split_1", "feature_index": 0, "dataset": "NISAR", "platform": "NISAR", "product_id": "NISAR_L1_PR_RSLC_024_168_D_098_2005_DHDH_A_20260707T205746_20260707T205820_P05023_N_F_J_001", "processing_level": "RSLC", "flight_direction": "DESCENDING", "relative_orbit": 168, "absolute_orbit": 4938, "frame_number": 98, "start_time": "2026-07-07T20:57:46Z", "stop_time": "2026-07-07T20:58:20Z", "scene_name": "NISAR_L1_PR_RSLC_024_168_D_098_2005_DHDH_A_20260707T205746_20260707T205820_P05023_N_F_J_001" }, "geometry": { "type": "Polygon", "coordinates": [ [ [ -42.59627, -17.78697 ], [ -43.04459, -19.87076 ], [ -40.62959, -20.30691 ], [ -40.22315, -18.22672 ], [ -42.59627, -17.78697 ] ] ] } },
{ "type": "Feature", "properties": { "query_name": "feature_0_part_1_split_1", "feature_index": 0, "dataset": "NISAR", "platform": "NISAR", "product_id": "NISAR_L1_PR_RSLC_025_002_A_165_4005_DHDH_A_20260708T091514_20260708T091549_P05023_N_F_J_001", "processing_level": "RSLC", "flight_direction": "ASCENDING", "relative_orbit": 2, "absolute_orbit": 4945, "frame_number": 165, "start_time": "2026-07-08T09:15:14Z", "stop_time": "2026-07-08T09:15:49Z", "scene_name": "NISAR_L1_PR_RSLC_025_002_A_165_4005_DHDH_A_20260708T091514_20260708T091549_P05023_N_F_J_001" }, "geometry": { "type": "Polygon", "coordinates": [ [ [ -48.72556, -25.93175 ], [ -49.20528, -23.79348 ], [ -51.66491, -24.21456 ], [ -51.24692, -26.35068 ], [ -48.72556, -25.93175 ] ] ] } },
{ "type": "Feature", "properties": { "query_name": "feature_0_part_1_split_1", "feature_index": 0, "dataset": "NISAR", "platform": "NISAR", "product_id": "NISAR_L1_PR_RSLC_025_002_A_166_2005_DHDH_M_20260708T091548_20260708T091622_P05023_N_F_J_001", "processing_level": "RSLC", "flight_direction": "ASCENDING", "relative_orbit": 2, "absolute_orbit": 4945, "frame_number": 166, "start_time": "2026-07-08T09:15:48Z", "stop_time": "2026-07-08T09:16:22Z", "scene_name": "NISAR_L1_PR_RSLC_025_002_A_166_2005_DHDH_M_20260708T091548_20260708T091622_P05023_N_F_J_001" }, "geometry": { "type": "Polygon", "coordinates": [ [ [ -49.07427, -23.89347 ], [ -49.52508, -21.81106 ], [ -52.04858, -22.25553 ], [ -51.64255, -24.33336 ], [ -49.07427, -23.89347 ] ] ] } },
{ "type": "Feature", "properties": { "query_name": "feature_0_part_1_split_1", "feature_index": 0, "dataset": "NISAR", "platform": "NISAR", "product_id": "NISAR_L1_PR_RSLC_025_002_A_166_4005_DHDH_A_20260708T091548_20260708T091554_P05023_N_P_J_001", "processing_level": "RSLC", "flight_direction": "ASCENDING", "relative_orbit": 2, "absolute_orbit": 4945, "frame_number": 166, "start_time": "2026-07-08T09:15:48Z", "stop_time": "2026-07-08T09:15:54Z", "scene_name": "NISAR_L1_PR_RSLC_025_002_A_166_4005_DHDH_A_20260708T091548_20260708T091554_P05023_N_P_J_001" }, "geometry": { "type": "Polygon", "coordinates": [ [ [ -49.17867, -23.91225 ], [ -49.26822, -23.49581 ], [ -51.72089, -23.91746 ], [ -51.64259, -24.33337 ], [ -49.17867, -23.91225 ] ] ] } },
{ "type": "Feature", "properties": { "query_name": "feature_0_part_1_split_1", "feature_index": 0, "dataset": "NISAR", "platform": "NISAR", "product_id": "NISAR_L1_PR_RSLC_025_002_A_167_2005_DHDH_A_20260708T091621_20260708T091656_P05023_N_F_J_001", "processing_level": "RSLC", "flight_direction": "ASCENDING", "relative_orbit": 2, "absolute_orbit": 4945, "frame_number": 167, "start_time": "2026-07-08T09:16:21Z", "stop_time": "2026-07-08T09:16:56Z", "scene_name": "NISAR_L1_PR_RSLC_025_002_A_167_2005_DHDH_A_20260708T091621_20260708T091656_P05023_N_F_J_001" }, "geometry": { "type": "Polygon", "coordinates": [ [ [ -49.49944, -21.93005 ], [ -49.96166, -19.78741 ], [ -52.41262, -20.23072 ], [ -51.99061, -22.36843 ], [ -49.49944, -21.93005 ] ] ] } },
{ "type": "Feature", "properties": { "query_name": "feature_0_part_1_split_1", "feature_index": 0, "dataset": "NISAR", "platform": "NISAR", "product_id": "NISAR_L1_PR_RSLC_025_002_A_168_2005_DHDH_A_20260708T091655_20260708T091729_P05023_N_F_J_001", "processing_level": "RSLC", "flight_direction": "ASCENDING", "relative_orbit": 2, "absolute_orbit": 4945, "frame_number": 168, "start_time": "2026-07-08T09:16:55Z", "stop_time": "2026-07-08T09:17:29Z", "scene_name": "NISAR_L1_PR_RSLC_025_002_A_168_2005_DHDH_A_20260708T091655_20260708T091729_P05023_N_F_J_001" }, "geometry": { "type": "Polygon", "coordinates": [ [ [ -49.93552, -19.90634 ], [ -50.38403, -17.82259 ], [ -52.80474, -18.27105 ], [ -52.38929, -20.34949 ], [ -49.93552, -19.90634 ] ] ] } },
{ "type": "Feature", "properties": { "query_name": "feature_0_part_1_split_1", "feature_index": 0, "dataset": "NISAR", "platform": "NISAR", "product_id": "NISAR_L1_PR_RSLC_025_002_A_169_2005_DHDH_A_20260708T091728_20260708T091803_P05023_N_F_J_001", "processing_level": "RSLC", "flight_direction": "ASCENDING", "relative_orbit": 2, "absolute_orbit": 4945, "frame_number": 169, "start_time": "2026-07-08T09:17:28Z", "stop_time": "2026-07-08T09:18:03Z", "scene_name": "NISAR_L1_PR_RSLC_025_002_A_169_2005_DHDH_A_20260708T091728_20260708T091803_P05023_N_F_J_001" }, "geometry": { "type": "Polygon", "coordinates": [ [ [ -50.35807, -17.94157 ], [ -50.81381, -15.79669 ], [ -53.20589, -16.2505 ], [ -52.78168, -18.38992 ], [ -50.35807, -17.94157 ] ] ] } },
{ "type": "Feature", "properties": { "query_name": "feature_0_part_1_split_1", "feature_index": 0, "dataset": "NISAR", "platform": "NISAR", "product_id": "NISAR_L1_PR_RSLC_025_002_A_170_2005_DHDH_A_20260708T091802_20260708T091837_P05023_N_F_J_001", "processing_level": "RSLC", "flight_direction": "ASCENDING", "relative_orbit": 2, "absolute_orbit": 4945, "frame_number": 170, "start_time": "2026-07-08T09:18:02Z", "stop_time": "2026-07-08T09:18:37Z", "scene_name": "NISAR_L1_PR_RSLC_025_002_A_170_2005_DHDH_A_20260708T091802_20260708T091837_P05023_N_F_J_001" }, "geometry": { "type": "Polygon", "coordinates": [ [ [ -50.78916, -15.91595 ], [ -51.24406, -13.7703 ], [ -53.60904, -14.22926 ], [ -53.18307, -16.36949 ], [ -50.78916, -15.91595 ] ] ] } },
{ "type": "Feature", "properties": { "query_name": "feature_0_part_1_split_1", "feature_index": 0, "dataset": "NISAR", "platform": "NISAR", "product_id": "NISAR_L1_PR_RSLC_025_002_A_171_2005_DHDH_A_20260708T091836_20260708T091910_P05023_N_F_J_001", "processing_level": "RSLC", "flight_direction": "ASCENDING", "relative_orbit": 2, "absolute_orbit": 4945, "frame_number": 171, "start_time": "2026-07-08T09:18:36Z", "stop_time": "2026-07-08T09:19:10Z", "scene_name": "NISAR_L1_PR_RSLC_025_002_A_171_2005_DHDH_A_20260708T091836_20260708T091910_P05023_N_F_J_001" }, "geometry": { "type": "Polygon", "coordinates": [ [ [ -51.21875, -13.88947 ], [ -51.66338, -11.80327 ], [ -54.00401, -12.26713 ], [ -53.58481, -14.34805 ], [ -51.21875, -13.88947 ] ] ] } },
{ "type": "Feature", "properties": { "query_name": "feature_0_part_1_split_1", "feature_index": 0, "dataset": "NISAR", "platform": "NISAR", "product_id": "NISAR_L1_PR_RSLC_025_002_A_172_2005_DHDH_A_20260708T091909_20260708T091943_P05023_N_F_J_001", "processing_level": "RSLC", "flight_direction": "ASCENDING", "relative_orbit": 2, "absolute_orbit": 4945, "frame_number": 172, "start_time": "2026-07-08T09:19:09Z", "stop_time": "2026-07-08T09:19:43Z", "scene_name": "NISAR_L1_PR_RSLC_025_002_A_172_2005_DHDH_A_20260708T091909_20260708T091943_P05023_N_F_J_001" }, "geometry": { "type": "Polygon", "coordinates": [ [ [ -51.63798, -11.92247 ], [ -52.08202, -9.83552 ], [ -54.40338, -10.30481 ], [ -53.97995, -12.38601 ], [ -51.63798, -11.92247 ] ] ] } },
{ "type": "Feature", "properties": { "query_name": "feature_0_part_1_split_1", "feature_index": 0, "dataset": "NISAR", "platform": "NISAR", "product_id": "NISAR_L1_PR_RSLC_025_010_D_095_2005_DHDH_M_20260708T215421_20260708T215455_P05023_N_F_J_001", "processing_level": "RSLC", "flight_direction": "DESCENDING", "relative_orbit": 10, "absolute_orbit": 4953, "frame_number": 95, "start_time": "2026-07-08T21:54:21Z", "stop_time": "2026-07-08T21:54:55Z", "scene_name": "NISAR_L1_PR_RSLC_025_010_D_095_2005_DHDH_M_20260708T215421_20260708T215455_P05023_N_F_J_001" }, "geometry": { "type": "Polygon", "coordinates": [ [ [ -55.91286, -11.7669 ], [ -56.35619, -13.85349 ], [ -54.02811, -14.30497 ], [ -53.61076, -12.22337 ], [ -55.91286, -11.7669 ] ] ] } },
{ "type": "Feature", "properties": { "query_name": "feature_0_part_1_split_1", "feature_index": 0, "dataset": "NISAR", "platform": "NISAR", "product_id": "NISAR_L1_PR_RSLC_025_010_D_095_4005_DHDH_A_20260708T215449_20260708T215455_P05023_N_P_J_001", "processing_level": "RSLC", "flight_direction": "DESCENDING", "relative_orbit": 10, "absolute_orbit": 4953, "frame_number": 95, "start_time": "2026-07-08T21:54:49Z", "stop_time": "2026-07-08T21:54:55Z", "scene_name": "NISAR_L1_PR_RSLC_025_010_D_095_4005_DHDH_A_20260708T215449_20260708T215455_P05023_N_P_J_001" }, "geometry": { "type": "Polygon", "coordinates": [ [ [ -56.23677, -13.4424 ], [ -56.32637, -13.85943 ], [ -54.02803, -14.30499 ], [ -53.9462, -13.88849 ], [ -56.23677, -13.4424 ] ] ] } },
{ "type": "Feature", "properties": { "query_name": "feature_0_part_1_split_1", "feature_index": 0, "dataset": "NISAR", "platform": "NISAR", "product_id": "NISAR_L1_PR_RSLC_025_010_D_096_4005_DHDH_A_20260708T215454_20260708T215529_P05023_N_F_J_001", "processing_level": "RSLC", "flight_direction": "DESCENDING", "relative_orbit": 10, "absolute_orbit": 4953, "frame_number": 96, "start_time": "2026-07-08T21:54:54Z", "stop_time": "2026-07-08T21:55:29Z", "scene_name": "NISAR_L1_PR_RSLC_025_010_D_096_4005_DHDH_A_20260708T215454_20260708T215529_P05023_N_F_J_001" }, "geometry": { "type": "Polygon", "coordinates": [ [ [ -56.30092, -13.74028 ], [ -56.75919, -15.8853 ], [ -54.4359, -16.32563 ], [ -54.00433, -14.18608 ], [ -56.30092, -13.74028 ] ] ] } },
{ "type": "Feature", "properties": { "query_name": "feature_0_part_1_split_1", "feature_index": 0, "dataset": "NISAR", "platform": "NISAR", "product_id": "NISAR_L1_PR_RSLC_025_010_D_097_2005_DHDH_M_20260708T215528_20260708T215602_P05023_N_F_J_001", "processing_level": "RSLC", "flight_direction": "DESCENDING", "relative_orbit": 10, "absolute_orbit": 4953, "frame_number": 97, "start_time": "2026-07-08T21:55:28Z", "stop_time": "2026-07-08T21:56:02Z", "scene_name": "NISAR_L1_PR_RSLC_025_010_D_097_2005_DHDH_M_20260708T215528_20260708T215602_P05023_N_F_J_001" }, "geometry": { "type": "Polygon", "coordinates": [ [ [ -56.73093, -15.76673 ], [ -57.18046, -17.85083 ], [ -54.75017, -18.30044 ], [ -54.33758, -16.2205 ], [ -56.73093, -15.76673 ] ] ] } },
{ "type": "Feature", "properties": { "query_name": "feature_0_part_1_split_1", "feature_index": 0, "dataset": "NISAR", "platform": "NISAR", "product_id": "NISAR_L1_PR_RSLC_025_010_D_097_4005_DHDH_A_20260708T215528_20260708T215534_P05023_N_P_J_001", "processing_level": "RSLC", "flight_direction": "DESCENDING", "relative_orbit": 10, "absolute_orbit": 4953, "frame_number": 97, "start_time": "2026-07-08T21:55:28Z", "stop_time": "2026-07-08T21:55:34Z", "scene_name": "NISAR_L1_PR_RSLC_025_010_D_097_4005_DHDH_A_20260708T215528_20260708T215534_P05023_N_P_J_001" }, "geometry": { "type": "Polygon", "coordinates": [ [ [ -56.73093, -15.76673 ], [ -56.8239, -16.18297 ], [ -54.49525, -16.62281 ], [ -54.41196, -16.20683 ], [ -56.73093, -15.76673 ] ] ] } },
{ "type": "Feature", "properties": { "query_name": "feature_0_part_1_split_1", "feature_index": 0, "dataset": "NISAR", "platform": "NISAR", "product_id": "NISAR_L1_PR_RSLC_025_010_D_098_2005_DHDH_A_20260708T215601_20260708T215636_P05023_N_F_J_001", "processing_level": "RSLC", "flight_direction": "DESCENDING", "relative_orbit": 10, "absolute_orbit": 4953, "frame_number": 98, "start_time": "2026-07-08T21:56:01Z", "stop_time": "2026-07-08T21:56:36Z", "scene_name": "NISAR_L1_PR_RSLC_025_010_D_098_2005_DHDH_A_20260708T215601_20260708T215636_P05023_N_F_J_001" }, "geometry": { "type": "Polygon", "coordinates": [ [ [ -57.10774, -17.74081 ], [ -57.56657, -19.88441 ], [ -55.12808, -20.32391 ], [ -54.70409, -18.18567 ], [ -57.10774, -17.74081 ] ] ] } },
{ "type": "Feature", "properties": { "query_name": "feature_0_part_1_split_1", "feature_index": 0, "dataset": "NISAR", "platform": "NISAR", "product_id": "NISAR_L1_PR_RSLC_025_010_D_099_2005_DHDH_A_20260708T215635_20260708T215709_P05023_N_F_J_001", "processing_level": "RSLC", "flight_direction": "DESCENDING", "relative_orbit": 10, "absolute_orbit": 4953, "frame_number": 99, "start_time": "2026-07-08T21:56:35Z", "stop_time": "2026-07-08T21:57:09Z", "scene_name": "NISAR_L1_PR_RSLC_025_010_D_099_2005_DHDH_A_20260708T215635_20260708T215709_P05023_N_F_J_001" }, "geometry": { "type": "Polygon", "coordinates": [ [ [ -57.54098, -19.7654 ], [ -57.98952, -21.8485 ], [ -55.51189, -22.28381 ], [ -55.1041, -20.20525 ], [ -57.54098, -19.7654 ] ] ] } },
{ "type": "Feature", "properties": { "query_name": "feature_0_part_1_split_1", "feature_index": 0, "dataset": "NISAR", "platform": "NISAR", "product_id": "NISAR_L1_PR_RSLC_025_010_D_100_2005_DHDH_A_20260708T215708_20260708T215743_P05023_N_F_J_001", "processing_level": "RSLC", "flight_direction": "DESCENDING", "relative_orbit": 10, "absolute_orbit": 4953, "frame_number": 100, "start_time": "2026-07-08T21:57:08Z", "stop_time": "2026-07-08T21:57:43Z", "scene_name": "NISAR_L1_PR_RSLC_025_010_D_100_2005_DHDH_A_20260708T215708_20260708T215743_P05023_N_F_J_001" }, "geometry": { "type": "Polygon", "coordinates": [ [ [ -57.96392, -21.72951 ], [ -58.42852, -23.87109 ], [ -55.91145, -24.30146 ], [ -55.48915, -22.16501 ], [ -57.96392, -21.72951 ] ] ] } },
{ "type": "Feature", "properties": { "query_name": "feature_0_part_1_split_1", "feature_index": 0, "dataset": "NISAR", "platform": "NISAR", "product_id": "NISAR_L1_PR_RSLC_025_016_A_169_2005_DHDH_A_20260709T083551_20260709T083626_P05023_N_F_J_001", "processing_level": "RSLC", "flight_direction": "ASCENDING", "relative_orbit": 16, "absolute_orbit": 4959, "frame_number": 169, "start_time": "2026-07-09T08:35:51Z", "stop_time": "2026-07-09T08:36:26Z", "scene_name": "NISAR_L1_PR_RSLC_025_016_A_169_2005_DHDH_A_20260709T083551_20260709T083626_P05023_N_F_J_001" }, "geometry": { "type": "Polygon", "coordinates": [ [ [ -39.97693, -17.93789 ], [ -40.44097, -15.79467 ], [ -42.78961, -16.2402 ], [ -42.35885, -18.37857 ], [ -39.97693, -17.93789 ] ] ] } },
{ "type": "Feature", "properties": { "query_name": "feature_0_part_1_split_1", "feature_index": 0, "dataset": "NISAR", "platform": "NISAR", "product_id": "NISAR_L1_PR_RSLC_025_016_A_170_2005_DHDH_A_20260709T083625_20260709T083659_P05023_N_F_J_001", "processing_level": "RSLC", "flight_direction": "ASCENDING", "relative_orbit": 16, "absolute_orbit": 4959, "frame_number": 170, "start_time": "2026-07-09T08:36:25Z", "stop_time": "2026-07-09T08:36:59Z", "scene_name": "NISAR_L1_PR_RSLC_025_016_A_170_2005_DHDH_A_20260709T083625_20260709T083659_P05023_N_F_J_001" }, "geometry": { "type": "Polygon", "coordinates": [ [ [ -40.41239, -15.91317 ], [ -40.85641, -13.82754 ], [ -43.17926, -14.27802 ], [ -42.7644, -16.35875 ], [ -40.41239, -15.91317 ] ] ] } },
{ "type": "Feature", "properties": { "query_name": "feature_0_part_1_split_1", "feature_index": 0, "dataset": "NISAR", "platform": "NISAR", "product_id": "NISAR_L1_PR_RSLC_025_016_A_171_2005_DHDH_A_20260709T083658_20260709T083733_P05023_N_F_J_001", "processing_level": "RSLC", "flight_direction": "ASCENDING", "relative_orbit": 16, "absolute_orbit": 4959, "frame_number": 171, "start_time": "2026-07-09T08:36:58Z", "stop_time": "2026-07-09T08:37:33Z", "scene_name": "NISAR_L1_PR_RSLC_025_016_A_171_2005_DHDH_A_20260709T083658_20260709T083733_P05023_N_F_J_001" }, "geometry": { "type": "Polygon", "coordinates": [ [ [ -40.83103, -13.9467 ], [ -41.29543, -11.80239 ], [ -43.58697, -12.25649 ], [ -43.15565, -14.39693 ], [ -40.83103, -13.9467 ] ] ] } },
{ "type": "Feature", "properties": { "query_name": "feature_0_part_1_split_1", "feature_index": 0, "dataset": "NISAR", "platform": "NISAR", "product_id": "NISAR_L1_PR_RSLC_025_016_A_173_2005_DHDH_A_20260709T083805_20260709T083840_P05023_N_F_J_001", "processing_level": "RSLC", "flight_direction": "ASCENDING", "relative_orbit": 16, "absolute_orbit": 4959, "frame_number": 173, "start_time": "2026-07-09T08:38:05Z", "stop_time": "2026-07-09T08:38:40Z", "scene_name": "NISAR_L1_PR_RSLC_025_016_A_173_2005_DHDH_A_20260709T083805_20260709T083840_P05023_N_F_J_001" }, "geometry": { "type": "Polygon", "coordinates": [ [ [ -41.68637, -9.95347 ], [ -42.1366, -7.80492 ], [ -44.40264, -8.27205 ], [ -43.96365, -10.41329 ], [ -41.68637, -9.95347 ] ] ] } },
{ "type": "Feature", "properties": { "query_name": "feature_0_part_1_split_1", "feature_index": 0, "dataset": "NISAR", "platform": "NISAR", "product_id": "NISAR_L1_PR_RSLC_025_016_A_174_2005_DHDH_A_20260709T083839_20260709T083913_P05023_N_F_J_001", "processing_level": "RSLC", "flight_direction": "ASCENDING", "relative_orbit": 16, "absolute_orbit": 4959, "frame_number": 174, "start_time": "2026-07-09T08:38:39Z", "stop_time": "2026-07-09T08:39:13Z", "scene_name": "NISAR_L1_PR_RSLC_025_016_A_174_2005_DHDH_A_20260709T083839_20260709T083913_P05023_N_F_J_001" }, "geometry": { "type": "Polygon", "coordinates": [ [ [ -42.11049, -7.92404 ], [ -42.55737, -5.83633 ], [ -44.80899, -6.30888 ], [ -44.37857, -8.39107 ], [ -42.11049, -7.92404 ] ] ] } },
{ "type": "Feature", "properties": { "query_name": "feature_0_part_1_split_1", "feature_index": 0, "dataset": "NISAR", "platform": "NISAR", "product_id": "NISAR_L1_PR_RSLC_025_016_A_175_2005_DHDH_M_20260709T083912_20260709T083947_P05023_N_F_J_001", "processing_level": "RSLC", "flight_direction": "ASCENDING", "relative_orbit": 16, "absolute_orbit": 4959, "frame_number": 175, "start_time": "2026-07-09T08:39:12Z", "stop_time": "2026-07-09T08:39:47Z", "scene_name": "NISAR_L1_PR_RSLC_025_016_A_175_2005_DHDH_M_20260709T083912_20260709T083947_P05023_N_F_J_001" }, "geometry": { "type": "Polygon", "coordinates": [ [ [ -42.49701, -5.94823 ], [ -42.95842, -3.80034 ], [ -45.21129, -4.28157 ], [ -44.7637, -6.42357 ], [ -42.49701, -5.94823 ] ] ] } },
{ "type": "Feature", "properties": { "query_name": "feature_0_part_1_split_1", "feature_index": 0, "dataset": "NISAR", "platform": "NISAR", "product_id": "NISAR_L1_PR_RSLC_025_016_A_175_4005_DHDH_A_20260709T083941_20260709T083947_P05023_N_P_J_001", "processing_level": "RSLC", "flight_direction": "ASCENDING", "relative_orbit": 16, "absolute_orbit": 4959, "frame_number": 175, "start_time": "2026-07-09T08:39:41Z", "stop_time": "2026-07-09T08:39:47Z", "scene_name": "NISAR_L1_PR_RSLC_025_016_A_175_4005_DHDH_A_20260709T083941_20260709T083947_P05023_N_P_J_001" }, "geometry": { "type": "Polygon", "coordinates": [ [ [ -42.86803, -4.21788 ], [ -42.95842, -3.80034 ], [ -45.18127, -4.2752 ], [ -45.09368, -4.69169 ], [ -42.86803, -4.21788 ] ] ] } },
{ "type": "Feature", "properties": { "query_name": "feature_0_part_1_split_1", "feature_index": 0, "dataset": "NISAR", "platform": "NISAR", "product_id": "NISAR_L1_PR_RSLC_025_016_A_176_4005_DHDH_A_20260709T083946_20260709T084020_P05023_N_F_J_001", "processing_level": "RSLC", "flight_direction": "ASCENDING", "relative_orbit": 16, "absolute_orbit": 4959, "frame_number": 176, "start_time": "2026-07-09T08:39:46Z", "stop_time": "2026-07-09T08:40:20Z", "scene_name": "NISAR_L1_PR_RSLC_025_016_A_176_4005_DHDH_A_20260709T083946_20260709T084020_P05023_N_F_J_001" }, "geometry": { "type": "Polygon", "coordinates": [ [ [ -42.93274, -3.91965 ], [ -43.38337, -1.83107 ], [ -45.6006, -2.31227 ], [ -45.15613, -4.39415 ], [ -42.93274, -3.91965 ] ] ] } },
{ "type": "Feature", "properties": { "query_name": "feature_0_part_1_split_1", "feature_index": 0, "dataset": "NISAR", "platform": "NISAR", "product_id": "NISAR_L1_PR_RSLC_025_024_D_090_2005_DHDH_A_20260709T211001_20260709T211031_P05023_N_F_J_001", "processing_level": "RSLC", "flight_direction": "DESCENDING", "relative_orbit": 24, "absolute_orbit": 4967, "frame_number": 90, "start_time": "2026-07-09T21:10:01Z", "stop_time": "2026-07-09T21:10:31Z", "scene_name": "NISAR_L1_PR_RSLC_025_024_D_090_2005_DHDH_A_20260709T211001_20260709T211031_P05023_N_F_J_001" }, "geometry": { "type": "Polygon", "coordinates": [ [ [ -43.41553, -2.05666 ], [ -43.81465, -3.90652 ], [ -41.56699, -4.3861 ], [ -41.17709, -2.54153 ], [ -43.41553, -2.05666 ] ] ] } },
{ "type": "Feature", "properties": { "query_name": "feature_0_part_1_split_1", "feature_index": 0, "dataset": "NISAR", "platform": "NISAR", "product_id": "NISAR_L1_PR_RSLC_025_024_D_091_2005_DHDH_A_20260709T211030_20260709T211104_P05023_N_F_J_001", "processing_level": "RSLC", "flight_direction": "DESCENDING", "relative_orbit": 24, "absolute_orbit": 4967, "frame_number": 91, "start_time": "2026-07-09T21:10:30Z", "stop_time": "2026-07-09T21:11:04Z", "scene_name": "NISAR_L1_PR_RSLC_025_024_D_091_2005_DHDH_A_20260709T211030_20260709T211104_P05023_N_F_J_001" }, "geometry": { "type": "Polygon", "coordinates": [ [ [ -43.7889, -3.78723 ], [ -44.23594, -5.87581 ], [ -41.98135, -6.34879 ], [ -41.54412, -4.26668 ], [ -43.7889, -3.78723 ] ] ] } },
{ "type": "Feature", "properties": { "query_name": "feature_0_part_1_split_1", "feature_index": 0, "dataset": "NISAR", "platform": "NISAR", "product_id": "NISAR_L1_PR_RSLC_025_024_D_092_2005_DHDH_A_20260709T211103_20260709T211138_P05023_N_F_J_001", "processing_level": "RSLC", "flight_direction": "DESCENDING", "relative_orbit": 24, "absolute_orbit": 4967, "frame_number": 92, "start_time": "2026-07-09T21:11:03Z", "stop_time": "2026-07-09T21:11:38Z", "scene_name": "NISAR_L1_PR_RSLC_025_024_D_092_2005_DHDH_A_20260709T211103_20260709T211138_P05023_N_F_J_001" }, "geometry": { "type": "Polygon", "coordinates": [ [ [ -44.20973, -5.75666 ], [ -44.66613, -7.90484 ], [ -42.40128, -8.37126 ], [ -41.95726, -6.22969 ], [ -44.20973, -5.75666 ] ] ] } },
{ "type": "Feature", "properties": { "query_name": "feature_0_part_1_split_1", "feature_index": 0, "dataset": "NISAR", "platform": "NISAR", "product_id": "NISAR_L1_PR_RSLC_025_024_D_093_2005_DHDH_A_20260709T211137_20260709T211211_P05023_N_F_J_001", "processing_level": "RSLC", "flight_direction": "DESCENDING", "relative_orbit": 24, "absolute_orbit": 4967, "frame_number": 93, "start_time": "2026-07-09T21:11:37Z", "stop_time": "2026-07-09T21:12:11Z", "scene_name": "NISAR_L1_PR_RSLC_025_024_D_093_2005_DHDH_A_20260709T211137_20260709T211211_P05023_N_F_J_001" }, "geometry": { "type": "Polygon", "coordinates": [ [ [ -44.64132, -7.78544 ], [ -45.08632, -9.87295 ], [ -42.80367, -10.3342 ], [ -42.37736, -8.2522 ], [ -44.64132, -7.78544 ] ] ] } },
{ "type": "Feature", "properties": { "query_name": "feature_0_part_1_split_1", "feature_index": 0, "dataset": "NISAR", "platform": "NISAR", "product_id": "NISAR_L1_PR_RSLC_025_024_D_094_2005_DHDH_A_20260709T211210_20260709T211245_P05023_N_F_J_001", "processing_level": "RSLC", "flight_direction": "DESCENDING", "relative_orbit": 24, "absolute_orbit": 4967, "frame_number": 94, "start_time": "2026-07-09T21:12:10Z", "stop_time": "2026-07-09T21:12:45Z", "scene_name": "NISAR_L1_PR_RSLC_025_024_D_094_2005_DHDH_A_20260709T211210_20260709T211245_P05023_N_F_J_001" }, "geometry": { "type": "Polygon", "coordinates": [ [ [ -45.06103, -9.7537 ], [ -45.51283, -11.90133 ], [ -43.21552, -12.35609 ], [ -42.77954, -10.21526 ], [ -45.06103, -9.7537 ] ] ] } },
{ "type": "Feature", "properties": { "query_name": "feature_0_part_1_split_1", "feature_index": 0, "dataset": "NISAR", "platform": "NISAR", "product_id": "NISAR_L1_PR_RSLC_025_024_D_095_2005_DHDH_A_20260709T211244_20260709T211318_P05023_N_F_J_001", "processing_level": "RSLC", "flight_direction": "DESCENDING", "relative_orbit": 24, "absolute_orbit": 4967, "frame_number": 95, "start_time": "2026-07-09T21:12:44Z", "stop_time": "2026-07-09T21:13:18Z", "scene_name": "NISAR_L1_PR_RSLC_025_024_D_095_2005_DHDH_A_20260709T211244_20260709T211318_P05023_N_F_J_001" }, "geometry": { "type": "Polygon", "coordinates": [ [ [ -45.48753, -11.78212 ], [ -45.92994, -13.86879 ], [ -43.61093, -14.3183 ], [ -43.19105, -12.23727 ], [ -45.48753, -11.78212 ] ] ] } },
{ "type": "Feature", "properties": { "query_name": "feature_0_part_1_split_1", "feature_index": 0, "dataset": "NISAR", "platform": "NISAR", "product_id": "NISAR_L1_PR_RSLC_025_024_D_096_2005_DHDH_A_20260709T211317_20260709T211352_P05023_N_F_J_001", "processing_level": "RSLC", "flight_direction": "DESCENDING", "relative_orbit": 24, "absolute_orbit": 4967, "frame_number": 96, "start_time": "2026-07-09T21:13:17Z", "stop_time": "2026-07-09T21:13:52Z", "scene_name": "NISAR_L1_PR_RSLC_025_024_D_096_2005_DHDH_A_20260709T211317_20260709T211352_P05023_N_F_J_001" }, "geometry": { "type": "Polygon", "coordinates": [ [ [ -45.90385, -13.74977 ], [ -46.36193, -15.89484 ], [ -44.01265, -16.33996 ], [ -43.58715, -14.19941 ], [ -45.90385, -13.74977 ] ] ] } },
{ "type": "Feature", "properties": { "query_name": "feature_0_part_1_split_1", "feature_index": 0, "dataset": "NISAR", "platform": "NISAR", "product_id": "NISAR_L1_PR_RSLC_025_024_D_097_2005_DHDH_A_20260709T211351_20260709T211425_P05023_N_F_J_001", "processing_level": "RSLC", "flight_direction": "DESCENDING", "relative_orbit": 24, "absolute_orbit": 4967, "frame_number": 97, "start_time": "2026-07-09T21:13:51Z", "stop_time": "2026-07-09T21:14:25Z", "scene_name": "NISAR_L1_PR_RSLC_025_024_D_097_2005_DHDH_A_20260709T211351_20260709T211425_P05023_N_F_J_001" }, "geometry": { "type": "Polygon", "coordinates": [ [ [ -46.3386, -15.77531 ], [ -46.78132, -17.86074 ], [ -44.40484, -18.30076 ], [ -43.98921, -16.22108 ], [ -46.3386, -15.77531 ] ] ] } },
{ "type": "Feature", "properties": { "query_name": "feature_0_part_1_split_1", "feature_index": 0, "dataset": "NISAR", "platform": "NISAR", "product_id": "NISAR_L1_PR_RSLC_025_024_D_098_2005_DHDH_A_20260709T211424_20260709T211459_P05023_N_F_J_001", "processing_level": "RSLC", "flight_direction": "DESCENDING", "relative_orbit": 24, "absolute_orbit": 4967, "frame_number": 98, "start_time": "2026-07-09T21:14:24Z", "stop_time": "2026-07-09T21:14:59Z", "scene_name": "NISAR_L1_PR_RSLC_025_024_D_098_2005_DHDH_A_20260709T211424_20260709T211459_P05023_N_F_J_001" }, "geometry": { "type": "Polygon", "coordinates": [ [ [ -46.75758, -17.74133 ], [ -47.21185, -19.88598 ], [ -44.8039, -20.32085 ], [ -44.3823, -18.18177 ], [ -46.75758, -17.74133 ] ] ] } },
{ "type": "Feature", "properties": { "query_name": "feature_0_part_1_split_1", "feature_index": 0, "dataset": "NISAR", "platform": "NISAR", "product_id": "NISAR_L1_PR_RSLC_025_024_D_099_2005_DHDH_M_20260709T211458_20260709T211532_P05023_N_F_J_001", "processing_level": "RSLC", "flight_direction": "DESCENDING", "relative_orbit": 24, "absolute_orbit": 4967, "frame_number": 99, "start_time": "2026-07-09T21:14:58Z", "stop_time": "2026-07-09T21:15:32Z", "scene_name": "NISAR_L1_PR_RSLC_025_024_D_099_2005_DHDH_M_20260709T211458_20260709T211532_P05023_N_F_J_001" }, "geometry": { "type": "Polygon", "coordinates": [ [ [ -47.18606, -19.76699 ], [ -47.64069, -21.84917 ], [ -45.16222, -22.28542 ], [ -44.75648, -20.20624 ], [ -47.18606, -19.76699 ] ] ] } },
{ "type": "Feature", "properties": { "query_name": "feature_0_part_1_split_1", "feature_index": 0, "dataset": "NISAR", "platform": "NISAR", "product_id": "NISAR_L1_PR_RSLC_025_024_D_099_4005_DHDH_A_20260709T211525_20260709T211532_P05023_N_P_J_001", "processing_level": "RSLC", "flight_direction": "DESCENDING", "relative_orbit": 24, "absolute_orbit": 4967, "frame_number": 99, "start_time": "2026-07-09T21:15:25Z", "stop_time": "2026-07-09T21:15:32Z", "scene_name": "NISAR_L1_PR_RSLC_025_024_D_099_4005_DHDH_A_20260709T211525_20260709T211532_P05023_N_P_J_001" }, "geometry": { "type": "Polygon", "coordinates": [ [ [ -47.48899, -21.38214 ], [ -47.59181, -21.85816 ], [ -45.16218, -22.28543 ], [ -45.07118, -21.81003 ], [ -47.48899, -21.38214 ] ] ] } },
{ "type": "Feature", "properties": { "query_name": "feature_0_part_1_split_1", "feature_index": 0, "dataset": "NISAR", "platform": "NISAR", "product_id": "NISAR_L1_PR_RSLC_025_024_D_100_4005_DHDH_A_20260709T211531_20260709T211610_P05023_N_F_J_001", "processing_level": "RSLC", "flight_direction": "DESCENDING", "relative_orbit": 24, "absolute_orbit": 4967, "frame_number": 100, "start_time": "2026-07-09T21:15:31Z", "stop_time": "2026-07-09T21:16:10Z", "scene_name": "NISAR_L1_PR_RSLC_025_024_D_100_4005_DHDH_A_20260709T211531_20260709T211610_P05023_N_F_J_001" }, "geometry": { "type": "Polygon", "coordinates": [ [ [ -47.56644, -21.73912 ], [ -48.08026, -24.11907 ], [ -45.61873, -24.53911 ], [ -45.14122, -22.16632 ], [ -47.56644, -21.73912 ] ] ] } },
{ "type": "Feature", "properties": { "query_name": "feature_0_part_1_split_1", "feature_index": 0, "dataset": "NISAR", "platform": "NISAR", "product_id": "NISAR_L1_PR_RSLC_025_031_A_165_4005_DHDH_A_20260710T093153_20260710T093230_P05023_N_F_J_001", "processing_level": "RSLC", "flight_direction": "ASCENDING", "relative_orbit": 31, "absolute_orbit": 4974, "frame_number": 165, "start_time": "2026-07-10T09:31:53Z", "stop_time": "2026-07-10T09:32:30Z", "scene_name": "NISAR_L1_PR_RSLC_025_031_A_165_4005_DHDH_A_20260710T093153_20260710T093230_P05023_N_F_J_001" }, "geometry": { "type": "Polygon", "coordinates": [ [ [ -52.90655, -25.91779 ], [ -53.39872, -23.65826 ], [ -55.83732, -24.07661 ], [ -55.39528, -26.33141 ], [ -52.90655, -25.91779 ] ] ] } },
{ "type": "Feature", "properties": { "query_name": "feature_0_part_1_split_1", "feature_index": 0, "dataset": "NISAR", "platform": "NISAR", "product_id": "NISAR_L1_PR_RSLC_025_031_A_166_2005_DHDH_M_20260710T093227_20260710T093301_P05023_N_F_J_001", "processing_level": "RSLC", "flight_direction": "ASCENDING", "relative_orbit": 31, "absolute_orbit": 4974, "frame_number": 166, "start_time": "2026-07-10T09:32:27Z", "stop_time": "2026-07-10T09:33:01Z", "scene_name": "NISAR_L1_PR_RSLC_025_031_A_166_2005_DHDH_M_20260710T093227_20260710T093301_P05023_N_F_J_001" }, "geometry": { "type": "Polygon", "coordinates": [ [ [ -53.31608, -23.89055 ], [ -53.76693, -21.80845 ], [ -56.20144, -22.23681 ], [ -55.79167, -24.31412 ], [ -53.31608, -23.89055 ] ] ] } },
{ "type": "Feature", "properties": { "query_name": "feature_0_part_1_split_1", "feature_index": 0, "dataset": "NISAR", "platform": "NISAR", "product_id": "NISAR_L1_PR_RSLC_025_031_A_167_4005_DHDH_A_20260710T093257_20260710T093338_P05023_N_F_J_001", "processing_level": "RSLC", "flight_direction": "ASCENDING", "relative_orbit": 31, "absolute_orbit": 4974, "frame_number": 167, "start_time": "2026-07-10T09:32:57Z", "stop_time": "2026-07-10T09:33:38Z", "scene_name": "NISAR_L1_PR_RSLC_025_031_A_167_4005_DHDH_A_20260710T093257_20260710T093338_P05023_N_F_J_001" }, "geometry": { "type": "Polygon", "coordinates": [ [ [ -53.70195, -22.10578 ], [ -54.2453, -19.60716 ], [ -56.61084, -20.0355 ], [ -56.1212, -22.52996 ], [ -53.70195, -22.10578 ] ] ] } },
{ "type": "Feature", "properties": { "query_name": "feature_0_part_1_split_1", "feature_index": 0, "dataset": "NISAR", "platform": "NISAR", "product_id": "NISAR_L1_PR_RSLC_025_031_A_166_4005_DHDH_A_20260710T093257_20260710T093301_P05023_N_P_J_001", "processing_level": "RSLC", "flight_direction": "ASCENDING", "relative_orbit": 31, "absolute_orbit": 4974, "frame_number": 166, "start_time": "2026-07-10T09:32:57Z", "stop_time": "2026-07-10T09:33:01Z", "scene_name": "NISAR_L1_PR_RSLC_025_031_A_166_4005_DHDH_A_20260710T093257_20260710T093301_P05023_N_P_J_001" }, "geometry": { "type": "Polygon", "coordinates": [ [ [ -53.70195, -22.10578 ], [ -53.76693, -21.80845 ], [ -56.17881, -22.23301 ], [ -56.1212, -22.52996 ], [ -53.70195, -22.10578 ] ] ] } },
{ "type": "Feature", "properties": { "query_name": "feature_0_part_1_split_1", "feature_index": 0, "dataset": "NISAR", "platform": "NISAR", "product_id": "NISAR_L1_PR_RSLC_025_031_A_168_2005_DHDH_M_20260710T093334_20260710T093408_P05023_N_F_J_001", "processing_level": "RSLC", "flight_direction": "ASCENDING", "relative_orbit": 31, "absolute_orbit": 4974, "frame_number": 168, "start_time": "2026-07-10T09:33:34Z", "stop_time": "2026-07-10T09:34:08Z", "scene_name": "NISAR_L1_PR_RSLC_025_031_A_168_2005_DHDH_M_20260710T093334_20260710T093408_P05023_N_F_J_001" }, "geometry": { "type": "Polygon", "coordinates": [ [ [ -54.18055, -19.9046 ], [ -54.62214, -17.81985 ], [ -56.96404, -18.25335 ], [ -56.55245, -20.33249 ], [ -54.18055, -19.9046 ] ] ] } },
{ "type": "Feature", "properties": { "query_name": "feature_0_part_1_split_1", "feature_index": 0, "dataset": "NISAR", "platform": "NISAR", "product_id": "NISAR_L1_PR_RSLC_025_031_A_169_2005_DHDH_M_20260710T093407_20260710T093442_P05023_N_F_J_001", "processing_level": "RSLC", "flight_direction": "ASCENDING", "relative_orbit": 31, "absolute_orbit": 4974, "frame_number": 169, "start_time": "2026-07-10T09:34:07Z", "stop_time": "2026-07-10T09:34:42Z", "scene_name": "NISAR_L1_PR_RSLC_025_031_A_169_2005_DHDH_M_20260710T093407_20260710T093442_P05023_N_F_J_001" }, "geometry": { "type": "Polygon", "coordinates": [ [ [ -54.55985, -17.93187 ], [ -55.01916, -15.78781 ], [ -57.34256, -16.22861 ], [ -56.916, -18.36778 ], [ -54.55985, -17.93187 ] ] ] } },
{ "type": "Feature", "properties": { "query_name": "feature_0_part_1_split_1", "feature_index": 0, "dataset": "NISAR", "platform": "NISAR", "product_id": "NISAR_L1_PR_RSLC_025_031_A_169_4005_DHDH_A_20260710T093437_20260710T093442_P05023_N_P_J_001", "processing_level": "RSLC", "flight_direction": "ASCENDING", "relative_orbit": 31, "absolute_orbit": 4974, "frame_number": 169, "start_time": "2026-07-10T09:34:37Z", "stop_time": "2026-07-10T09:34:42Z", "scene_name": "NISAR_L1_PR_RSLC_025_031_A_169_4005_DHDH_A_20260710T093437_20260710T093442_P05023_N_P_J_001" }, "geometry": { "type": "Polygon", "coordinates": [ [ [ -54.94158, -16.14496 ], [ -55.01916, -15.78781 ], [ -57.3426, -16.22861 ], [ -57.27103, -16.5851 ], [ -54.94158, -16.14496 ] ] ] } },
{ "type": "Feature", "properties": { "query_name": "feature_0_part_1_split_1", "feature_index": 0, "dataset": "NISAR", "platform": "NISAR", "product_id": "NISAR_L1_PR_RSLC_025_031_A_170_4005_DHDH_A_20260710T093441_20260710T093518_P05023_N_F_J_001", "processing_level": "RSLC", "flight_direction": "ASCENDING", "relative_orbit": 31, "absolute_orbit": 4974, "frame_number": 170, "start_time": "2026-07-10T09:34:41Z", "stop_time": "2026-07-10T09:35:18Z", "scene_name": "NISAR_L1_PR_RSLC_025_031_A_170_4005_DHDH_A_20260710T093441_20260710T093518_P05023_N_F_J_001" }, "geometry": { "type": "Polygon", "coordinates": [ [ [ -54.99435, -15.90704 ], [ -55.47638, -13.64268 ], [ -57.77544, -14.0894 ], [ -57.31876, -16.34742 ], [ -54.99435, -15.90704 ] ] ] } },
{ "type": "Feature", "properties": { "query_name": "feature_0_part_1_split_1", "feature_index": 0, "dataset": "NISAR", "platform": "NISAR", "product_id": "NISAR_L1_PR_RSLC_025_031_A_171_2005_DHDH_M_20260710T093514_20260710T093549_P05023_N_F_J_001", "processing_level": "RSLC", "flight_direction": "ASCENDING", "relative_orbit": 31, "absolute_orbit": 4974, "frame_number": 171, "start_time": "2026-07-10T09:35:14Z", "stop_time": "2026-07-10T09:35:49Z", "scene_name": "NISAR_L1_PR_RSLC_025_031_A_171_2005_DHDH_M_20260710T093514_20260710T093549_P05023_N_F_J_001" }, "geometry": { "type": "Polygon", "coordinates": [ [ [ -55.36585, -13.93126 ], [ -55.82001, -11.7848 ], [ -58.14495, -12.24575 ], [ -57.71475, -14.38643 ], [ -55.36585, -13.93126 ] ] ] } },
{ "type": "Feature", "properties": { "query_name": "feature_0_part_1_split_1", "feature_index": 0, "dataset": "NISAR", "platform": "NISAR", "product_id": "NISAR_L1_PR_RSLC_025_031_A_172_2005_DHDH_A_20260710T093548_20260710T093622_P05023_N_F_J_001", "processing_level": "RSLC", "flight_direction": "ASCENDING", "relative_orbit": 31, "absolute_orbit": 4974, "frame_number": 172, "start_time": "2026-07-10T09:35:48Z", "stop_time": "2026-07-10T09:36:22Z", "scene_name": "NISAR_L1_PR_RSLC_025_031_A_172_2005_DHDH_A_20260710T093548_20260710T093622_P05023_N_F_J_001" }, "geometry": { "type": "Polygon", "coordinates": [ [ [ -55.79491, -11.90406 ], [ -56.23791, -9.81686 ], [ -58.5266, -10.2798 ], [ -58.1036, -12.36129 ], [ -55.79491, -11.90406 ] ] ] } },
{ "type": "Feature", "properties": { "query_name": "feature_0_part_1_split_1", "feature_index": 0, "dataset": "NISAR", "platform": "NISAR", "product_id": "NISAR_L1_PR_RSLC_025_039_D_094_2005_DHDH_A_20260710T221026_20260710T221100_P05023_N_F_J_001", "processing_level": "RSLC", "flight_direction": "DESCENDING", "relative_orbit": 39, "absolute_orbit": 4982, "frame_number": 94, "start_time": "2026-07-10T22:10:26Z", "stop_time": "2026-07-10T22:11:00Z", "scene_name": "NISAR_L1_PR_RSLC_025_039_D_094_2005_DHDH_A_20260710T221026_20260710T221100_P05023_N_F_J_001" }, "geometry": { "type": "Polygon", "coordinates": [ [ [ -59.65167, -9.75651 ], [ -60.0926, -11.84425 ], [ -57.77326, -12.30367 ], [ -57.34925, -10.22231 ], [ -59.65167, -9.75651 ] ] ] } },
{ "type": "Feature", "properties": { "query_name": "feature_0_part_1_split_1", "feature_index": 0, "dataset": "NISAR", "platform": "NISAR", "product_id": "NISAR_L1_PR_RSLC_025_039_D_095_2005_DHDH_A_20260710T221059_20260710T221134_P05023_N_F_J_001", "processing_level": "RSLC", "flight_direction": "DESCENDING", "relative_orbit": 39, "absolute_orbit": 4982, "frame_number": 95, "start_time": "2026-07-10T22:10:59Z", "stop_time": "2026-07-10T22:11:34Z", "scene_name": "NISAR_L1_PR_RSLC_025_039_D_095_2005_DHDH_A_20260710T221059_20260710T221134_P05023_N_F_J_001" }, "geometry": { "type": "Polygon", "coordinates": [ [ [ -60.06694, -11.7251 ], [ -60.52596, -13.87072 ], [ -58.17877, -14.32572 ], [ -57.74973, -12.18467 ], [ -60.06694, -11.7251 ] ] ] } },
{ "type": "Feature", "properties": { "query_name": "feature_0_part_1_split_1", "feature_index": 0, "dataset": "NISAR", "platform": "NISAR", "product_id": "NISAR_L1_PR_RSLC_025_039_D_096_2005_DHDH_A_20260710T221133_20260710T221207_P05023_N_F_J_001", "processing_level": "RSLC", "flight_direction": "DESCENDING", "relative_orbit": 39, "absolute_orbit": 4982, "frame_number": 96, "start_time": "2026-07-10T22:11:33Z", "stop_time": "2026-07-10T22:12:07Z", "scene_name": "NISAR_L1_PR_RSLC_025_039_D_096_2005_DHDH_A_20260710T221133_20260710T221207_P05023_N_F_J_001" }, "geometry": { "type": "Polygon", "coordinates": [ [ [ -60.50053, -13.75156 ], [ -60.94276, -15.83777 ], [ -58.57519, -16.28677 ], [ -58.15508, -14.20682 ], [ -60.50053, -13.75156 ] ] ] } },
{ "type": "Feature", "properties": { "query_name": "feature_0_part_1_split_1", "feature_index": 0, "dataset": "NISAR", "platform": "NISAR", "product_id": "NISAR_L1_PR_RSLC_025_045_A_167_2005_DHDH_M_20260711T085123_20260711T085158_P05023_N_F_J_001", "processing_level": "RSLC", "flight_direction": "ASCENDING", "relative_orbit": 45, "absolute_orbit": 4988, "frame_number": 167, "start_time": "2026-07-11T08:51:23Z", "stop_time": "2026-07-11T08:51:58Z", "scene_name": "NISAR_L1_PR_RSLC_025_045_A_167_2005_DHDH_M_20260711T085123_20260711T085158_P05023_N_F_J_001" }, "geometry": { "type": "Polygon", "coordinates": [ [ [ -43.33298, -21.91514 ], [ -43.79758, -19.77323 ], [ -46.1956, -20.2064 ], [ -45.77426, -22.34413 ], [ -43.33298, -21.91514 ] ] ] } },
{ "type": "Feature", "properties": { "query_name": "feature_0_part_1_split_1", "feature_index": 0, "dataset": "NISAR", "platform": "NISAR", "product_id": "NISAR_L1_PR_RSLC_025_045_A_167_4005_DHDH_A_20260711T085123_20260711T085152_P05023_N_F_J_001", "processing_level": "RSLC", "flight_direction": "ASCENDING", "relative_orbit": 45, "absolute_orbit": 4988, "frame_number": 167, "start_time": "2026-07-11T08:51:23Z", "stop_time": "2026-07-11T08:51:52Z", "scene_name": "NISAR_L1_PR_RSLC_025_045_A_167_4005_DHDH_A_20260711T085123_20260711T085152_P05023_N_F_J_001" }, "geometry": { "type": "Polygon", "coordinates": [ [ [ -43.33298, -21.91514 ], [ -43.72663, -20.13145 ], [ -46.12594, -20.56287 ], [ -45.7743, -22.34414 ], [ -43.33298, -21.91514 ] ] ] } },
{ "type": "Feature", "properties": { "query_name": "feature_0_part_1_split_1", "feature_index": 0, "dataset": "NISAR", "platform": "NISAR", "product_id": "NISAR_L1_PR_RSLC_025_045_A_168_2005_DHDH_A_20260711T085157_20260711T085231_P05023_N_F_J_001", "processing_level": "RSLC", "flight_direction": "ASCENDING", "relative_orbit": 45, "absolute_orbit": 4988, "frame_number": 168, "start_time": "2026-07-11T08:51:57Z", "stop_time": "2026-07-11T08:52:31Z", "scene_name": "NISAR_L1_PR_RSLC_025_045_A_168_2005_DHDH_A_20260711T085157_20260711T085231_P05023_N_F_J_001" }, "geometry": { "type": "Polygon", "coordinates": [ [ [ -43.75144, -19.88838 ], [ -44.19868, -17.80458 ], [ -46.54888, -18.23988 ], [ -46.1346, -20.31865 ], [ -43.75144, -19.88838 ] ] ] } },
{ "type": "Feature", "properties": { "query_name": "feature_0_part_1_split_1", "feature_index": 0, "dataset": "NISAR", "platform": "NISAR", "product_id": "NISAR_L1_PR_RSLC_025_045_A_169_2005_DHDH_A_20260711T085233_20260711T085305_P05023_N_F_J_001", "processing_level": "RSLC", "flight_direction": "ASCENDING", "relative_orbit": 45, "absolute_orbit": 4988, "frame_number": 169, "start_time": "2026-07-11T08:52:33Z", "stop_time": "2026-07-11T08:53:05Z", "scene_name": "NISAR_L1_PR_RSLC_025_045_A_169_2005_DHDH_A_20260711T085233_20260711T085305_P05023_N_F_J_001" }, "geometry": { "type": "Polygon", "coordinates": [ [ [ -44.21433, -17.74554 ], [ -44.62462, -15.7781 ], [ -46.94133, -16.21762 ], [ -46.55195, -18.17887 ], [ -44.21433, -17.74554 ] ] ] } },
{ "type": "Feature", "properties": { "query_name": "feature_0_part_1_split_1", "feature_index": 0, "dataset": "NISAR", "platform": "NISAR", "product_id": "NISAR_L1_PR_RSLC_025_045_A_170_2005_DHDH_A_20260711T085304_20260711T085338_P05023_N_F_J_001", "processing_level": "RSLC", "flight_direction": "ASCENDING", "relative_orbit": 45, "absolute_orbit": 4988, "frame_number": 170, "start_time": "2026-07-11T08:53:04Z", "stop_time": "2026-07-11T08:53:38Z", "scene_name": "NISAR_L1_PR_RSLC_025_045_A_170_2005_DHDH_A_20260711T085304_20260711T085338_P05023_N_F_J_001" }, "geometry": { "type": "Polygon", "coordinates": [ [ [ -44.60145, -15.89765 ], [ -45.04652, -13.81232 ], [ -47.33638, -14.25638 ], [ -46.91445, -16.33588 ], [ -44.60145, -15.89765 ] ] ] } },
{ "type": "Feature", "properties": { "query_name": "feature_0_part_1_split_1", "feature_index": 0, "dataset": "NISAR", "platform": "NISAR", "product_id": "NISAR_L1_PR_RSLC_025_045_A_171_2005_DHDH_A_20260711T085337_20260711T085412_P05023_N_F_J_001", "processing_level": "RSLC", "flight_direction": "ASCENDING", "relative_orbit": 45, "absolute_orbit": 4988, "frame_number": 171, "start_time": "2026-07-11T08:53:37Z", "stop_time": "2026-07-11T08:54:12Z", "scene_name": "NISAR_L1_PR_RSLC_025_045_A_171_2005_DHDH_A_20260711T085337_20260711T085412_P05023_N_F_J_001" }, "geometry": { "type": "Polygon", "coordinates": [ [ [ -45.02039, -13.93132 ], [ -45.47666, -11.78549 ], [ -47.7378, -12.23361 ], [ -47.30855, -14.37451 ], [ -45.02039, -13.93132 ] ] ] } },
{ "type": "Feature", "properties": { "query_name": "feature_0_part_1_split_1", "feature_index": 0, "dataset": "NISAR", "platform": "NISAR", "product_id": "NISAR_L1_PR_RSLC_025_045_A_172_2005_DHDH_A_20260711T085411_20260711T085445_P05023_N_F_J_001", "processing_level": "RSLC", "flight_direction": "ASCENDING", "relative_orbit": 45, "absolute_orbit": 4988, "frame_number": 172, "start_time": "2026-07-11T08:54:11Z", "stop_time": "2026-07-11T08:54:45Z", "scene_name": "NISAR_L1_PR_RSLC_025_045_A_172_2005_DHDH_A_20260711T085411_20260711T085445_P05023_N_F_J_001" }, "geometry": { "type": "Polygon", "coordinates": [ [ [ -45.45126, -11.90467 ], [ -45.89024, -9.81684 ], [ -48.1399, -10.27166 ], [ -47.71358, -12.35247 ], [ -45.45126, -11.90467 ] ] ] } },
{ "type": "Feature", "properties": { "query_name": "feature_0_part_1_split_1", "feature_index": 0, "dataset": "NISAR", "platform": "NISAR", "product_id": "NISAR_L1_PR_RSLC_025_045_A_173_2005_DHDH_A_20260711T085444_20260711T085519_P05023_N_F_J_001", "processing_level": "RSLC", "flight_direction": "ASCENDING", "relative_orbit": 45, "absolute_orbit": 4988, "frame_number": 173, "start_time": "2026-07-11T08:54:44Z", "stop_time": "2026-07-11T08:55:19Z", "scene_name": "NISAR_L1_PR_RSLC_025_045_A_173_2005_DHDH_A_20260711T085444_20260711T085519_P05023_N_F_J_001" }, "geometry": { "type": "Polygon", "coordinates": [ [ [ -45.84712, -9.93242 ], [ -46.30488, -7.78543 ], [ -48.55336, -8.24902 ], [ -48.11537, -10.39053 ], [ -45.84712, -9.93242 ] ] ] } },
{ "type": "Feature", "properties": { "query_name": "feature_0_part_1_split_1", "feature_index": 0, "dataset": "NISAR", "platform": "NISAR", "product_id": "NISAR_L1_PR_RSLC_025_045_A_174_2005_DHDH_A_20260711T085516_20260711T085552_P05023_N_F_J_001", "processing_level": "RSLC", "flight_direction": "ASCENDING", "relative_orbit": 45, "absolute_orbit": 4988, "frame_number": 174, "start_time": "2026-07-11T08:55:16Z", "stop_time": "2026-07-11T08:55:52Z", "scene_name": "NISAR_L1_PR_RSLC_025_045_A_174_2005_DHDH_A_20260711T085516_20260711T085552_P05023_N_F_J_001" }, "geometry": { "type": "Polygon", "coordinates": [ [ [ -46.25296, -8.02376 ], [ -46.72385, -5.81647 ], [ -48.92738, -6.27908 ], [ -48.47039, -8.48005 ], [ -46.25296, -8.02376 ] ] ] } },
{ "type": "Feature", "properties": { "query_name": "feature_0_part_1_split_1", "feature_index": 0, "dataset": "NISAR", "platform": "NISAR", "product_id": "NISAR_L1_PR_RSLC_025_045_A_175_2005_DHDH_A_20260711T085551_20260711T085626_P05023_N_F_J_001", "processing_level": "RSLC", "flight_direction": "ASCENDING", "relative_orbit": 45, "absolute_orbit": 4988, "frame_number": 175, "start_time": "2026-07-11T08:55:51Z", "stop_time": "2026-07-11T08:56:26Z", "scene_name": "NISAR_L1_PR_RSLC_025_045_A_175_2005_DHDH_A_20260711T085551_20260711T085626_P05023_N_F_J_001" }, "geometry": { "type": "Polygon", "coordinates": [ [ [ -46.69899, -5.93589 ], [ -47.15842, -3.78771 ], [ -49.35313, -4.25654 ], [ -48.90254, -6.39802 ], [ -46.69899, -5.93589 ] ] ] } },
{ "type": "Feature", "properties": { "query_name": "feature_0_part_1_split_1", "feature_index": 0, "dataset": "NISAR", "platform": "NISAR", "product_id": "NISAR_L1_PR_RSLC_025_053_D_091_2005_DHDH_A_20260711T212708_20260711T212743_P05023_N_F_J_001", "processing_level": "RSLC", "flight_direction": "DESCENDING", "relative_orbit": 53, "absolute_orbit": 4996, "frame_number": 91, "start_time": "2026-07-11T21:27:08Z", "stop_time": "2026-07-11T21:27:43Z", "scene_name": "NISAR_L1_PR_RSLC_025_053_D_091_2005_DHDH_A_20260711T212708_20260711T212743_P05023_N_F_J_001" }, "geometry": { "type": "Polygon", "coordinates": [ [ [ -47.94603, -3.74615 ], [ -48.40694, -5.89419 ], [ -46.19215, -6.35881 ], [ -45.74274, -4.21693 ], [ -47.94603, -3.74615 ] ] ] } },
{ "type": "Feature", "properties": { "query_name": "feature_0_part_1_split_1", "feature_index": 0, "dataset": "NISAR", "platform": "NISAR", "product_id": "NISAR_L1_PR_RSLC_025_053_D_092_2005_DHDH_A_20260711T212742_20260711T212816_P05023_N_F_J_001", "processing_level": "RSLC", "flight_direction": "DESCENDING", "relative_orbit": 53, "absolute_orbit": 4996, "frame_number": 92, "start_time": "2026-07-11T21:27:42Z", "stop_time": "2026-07-11T21:28:16Z", "scene_name": "NISAR_L1_PR_RSLC_025_053_D_092_2005_DHDH_A_20260711T212742_20260711T212816_P05023_N_F_J_001" }, "geometry": { "type": "Polygon", "coordinates": [ [ [ -48.38102, -5.77498 ], [ -48.8276, -7.86292 ], [ -46.59953, -8.32204 ], [ -46.1667, -6.23999 ], [ -48.38102, -5.77498 ] ] ] } },
{ "type": "Feature", "properties": { "query_name": "feature_0_part_1_split_1", "feature_index": 0, "dataset": "NISAR", "platform": "NISAR", "product_id": "NISAR_L1_PR_RSLC_025_053_D_093_2005_DHDH_A_20260711T212815_20260711T212850_P05023_N_F_J_001", "processing_level": "RSLC", "flight_direction": "DESCENDING", "relative_orbit": 53, "absolute_orbit": 4996, "frame_number": 93, "start_time": "2026-07-11T21:28:15Z", "stop_time": "2026-07-11T21:28:50Z", "scene_name": "NISAR_L1_PR_RSLC_025_053_D_093_2005_DHDH_A_20260711T212815_20260711T212850_P05023_N_F_J_001" }, "geometry": { "type": "Polygon", "coordinates": [ [ [ -48.80242, -7.7436 ], [ -49.25965, -9.89088 ], [ -46.9933, -10.34883 ], [ -46.55288, -8.2076 ], [ -48.80242, -7.7436 ] ] ] } },
{ "type": "Feature", "properties": { "query_name": "feature_0_part_1_split_1", "feature_index": 0, "dataset": "NISAR", "platform": "NISAR", "product_id": "NISAR_L1_PR_RSLC_025_053_D_094_2005_DHDH_A_20260711T212849_20260711T212923_P05023_N_F_J_001", "processing_level": "RSLC", "flight_direction": "DESCENDING", "relative_orbit": 53, "absolute_orbit": 4996, "frame_number": 94, "start_time": "2026-07-11T21:28:49Z", "stop_time": "2026-07-11T21:29:23Z", "scene_name": "NISAR_L1_PR_RSLC_025_053_D_094_2005_DHDH_A_20260711T212849_20260711T212923_P05023_N_F_J_001" }, "geometry": { "type": "Polygon", "coordinates": [ [ [ -49.20737, -9.77718 ], [ -49.65175, -11.86407 ], [ -47.39336, -12.3113 ], [ -46.96935, -10.22984 ], [ -49.20737, -9.77718 ] ] ] } },
{ "type": "Feature", "properties": { "query_name": "feature_0_part_1_split_1", "feature_index": 0, "dataset": "NISAR", "platform": "NISAR", "product_id": "NISAR_L1_PR_RSLC_025_053_D_095_2005_DHDH_A_20260711T212922_20260711T212957_P05023_N_F_J_001", "processing_level": "RSLC", "flight_direction": "DESCENDING", "relative_orbit": 53, "absolute_orbit": 4996, "frame_number": 95, "start_time": "2026-07-11T21:29:22Z", "stop_time": "2026-07-11T21:29:57Z", "scene_name": "NISAR_L1_PR_RSLC_025_053_D_095_2005_DHDH_A_20260711T212922_20260711T212957_P05023_N_F_J_001" }, "geometry": { "type": "Polygon", "coordinates": [ [ [ -49.62647, -11.74485 ], [ -50.08079, -13.89125 ], [ -47.79746, -14.33371 ], [ -47.36872, -12.19251 ], [ -49.62647, -11.74485 ] ] ] } },
{ "type": "Feature", "properties": { "query_name": "feature_0_part_1_split_1", "feature_index": 0, "dataset": "NISAR", "platform": "NISAR", "product_id": "NISAR_L1_PR_RSLC_025_053_D_096_2005_DHDH_M_20260711T212956_20260711T213030_P05023_N_F_J_001", "processing_level": "RSLC", "flight_direction": "DESCENDING", "relative_orbit": 53, "absolute_orbit": 4996, "frame_number": 96, "start_time": "2026-07-11T21:29:56Z", "stop_time": "2026-07-11T21:30:30Z", "scene_name": "NISAR_L1_PR_RSLC_025_053_D_096_2005_DHDH_M_20260711T212956_20260711T213030_P05023_N_F_J_001" }, "geometry": { "type": "Polygon", "coordinates": [ [ [ -50.06018, -13.77114 ], [ -50.50188, -15.8573 ], [ -48.18763, -16.29599 ], [ -47.76849, -14.21579 ], [ -50.06018, -13.77114 ] ] ] } },
{ "type": "Feature", "properties": { "query_name": "feature_0_part_1_split_1", "feature_index": 0, "dataset": "NISAR", "platform": "NISAR", "product_id": "NISAR_L1_PR_RSLC_025_053_D_097_4005_DHDH_A_20260711T213028_20260711T213106_P05023_N_F_J_001", "processing_level": "RSLC", "flight_direction": "DESCENDING", "relative_orbit": 53, "absolute_orbit": 4996, "frame_number": 97, "start_time": "2026-07-11T21:30:28Z", "stop_time": "2026-07-11T21:31:06Z", "scene_name": "NISAR_L1_PR_RSLC_025_053_D_097_4005_DHDH_A_20260711T213028_20260711T213106_P05023_N_F_J_001" }, "geometry": { "type": "Polygon", "coordinates": [ [ [ -50.4642, -15.67852 ], [ -50.95456, -18.00277 ], [ -48.61178, -18.43579 ], [ -48.14725, -16.11859 ], [ -50.4642, -15.67852 ] ] ] } },
{ "type": "Feature", "properties": { "query_name": "feature_0_part_1_split_1", "feature_index": 0, "dataset": "NISAR", "platform": "NISAR", "product_id": "NISAR_L1_PR_RSLC_025_053_D_098_2005_DHDH_M_20260711T213103_20260711T213137_P05023_N_F_J_001", "processing_level": "RSLC", "flight_direction": "DESCENDING", "relative_orbit": 53, "absolute_orbit": 4996, "frame_number": 98, "start_time": "2026-07-11T21:31:03Z", "stop_time": "2026-07-11T21:31:37Z", "scene_name": "NISAR_L1_PR_RSLC_025_053_D_098_2005_DHDH_M_20260711T213103_20260711T213137_P05023_N_F_J_001" }, "geometry": { "type": "Polygon", "coordinates": [ [ [ -50.89692, -17.76587 ], [ -51.34753, -19.84918 ], [ -48.95305, -20.28163 ], [ -48.53954, -18.20263 ], [ -50.89692, -17.76587 ] ] ] } },
{ "type": "Feature", "properties": { "query_name": "feature_0_part_1_split_1", "feature_index": 0, "dataset": "NISAR", "platform": "NISAR", "product_id": "NISAR_L1_PR_RSLC_025_053_D_099_2005_DHDH_A_20260711T213136_20260711T213211_P05023_N_F_J_001", "processing_level": "RSLC", "flight_direction": "DESCENDING", "relative_orbit": 53, "absolute_orbit": 4996, "frame_number": 99, "start_time": "2026-07-11T21:31:36Z", "stop_time": "2026-07-11T21:32:11Z", "scene_name": "NISAR_L1_PR_RSLC_025_053_D_099_2005_DHDH_A_20260711T213136_20260711T213211_P05023_N_F_J_001" }, "geometry": { "type": "Polygon", "coordinates": [ [ [ -51.28351, -19.73738 ], [ -51.74442, -21.88004 ], [ -49.32777, -22.30481 ], [ -48.90591, -20.16698 ], [ -51.28351, -19.73738 ] ] ] } },
{ "type": "Feature", "properties": { "query_name": "feature_0_part_1_split_1", "feature_index": 0, "dataset": "NISAR", "platform": "NISAR", "product_id": "NISAR_L1_PR_RSLC_025_053_D_100_2005_DHDH_A_20260711T213210_20260711T213245_P05023_N_F_J_001", "processing_level": "RSLC", "flight_direction": "DESCENDING", "relative_orbit": 53, "absolute_orbit": 4996, "frame_number": 100, "start_time": "2026-07-11T21:32:10Z", "stop_time": "2026-07-11T21:32:45Z", "scene_name": "NISAR_L1_PR_RSLC_025_053_D_100_2005_DHDH_A_20260711T213210_20260711T213245_P05023_N_F_J_001" }, "geometry": { "type": "Polygon", "coordinates": [ [ [ -51.72013, -21.76082 ], [ -52.18278, -23.9027 ], [ -49.7205, -24.32381 ], [ -49.30439, -22.1861 ], [ -51.72013, -21.76082 ] ] ] } },
{ "type": "Feature", "properties": { "query_name": "feature_0_part_1_split_1", "feature_index": 0, "dataset": "NISAR", "platform": "NISAR", "product_id": "NISAR_L1_PR_RSLC_025_053_D_101_2005_DHDH_A_20260711T213244_20260711T213318_P05023_N_F_J_001", "processing_level": "RSLC", "flight_direction": "DESCENDING", "relative_orbit": 53, "absolute_orbit": 4996, "frame_number": 101, "start_time": "2026-07-11T21:32:44Z", "stop_time": "2026-07-11T21:33:18Z", "scene_name": "NISAR_L1_PR_RSLC_025_053_D_101_2005_DHDH_A_20260711T213244_20260711T213318_P05023_N_F_J_001" }, "geometry": { "type": "Polygon", "coordinates": [ [ [ -52.15851, -23.78351 ], [ -52.60718, -25.86568 ], [ -50.10863, -26.2814 ], [ -49.6987, -24.2049 ], [ -52.15851, -23.78351 ] ] ] } },
{ "type": "Feature", "properties": { "query_name": "feature_0_part_1_split_1", "feature_index": 0, "dataset": "NISAR", "platform": "NISAR", "product_id": "NISAR_L1_PR_RSLC_025_060_A_170_2005_DHDH_A_20260712T095120_20260712T095154_P05023_N_F_J_001", "processing_level": "RSLC", "flight_direction": "ASCENDING", "relative_orbit": 60, "absolute_orbit": 5003, "frame_number": 170, "start_time": "2026-07-12T09:51:20Z", "stop_time": "2026-07-12T09:51:54Z", "scene_name": "NISAR_L1_PR_RSLC_025_060_A_170_2005_DHDH_A_20260712T095120_20260712T095154_P05023_N_F_J_001" }, "geometry": { "type": "Polygon", "coordinates": [ [ [ -59.11299, -15.87749 ], [ -59.56011, -13.79236 ], [ -61.99159, -14.26373 ], [ -61.57775, -16.34424 ], [ -59.11299, -15.87749 ] ] ] } },
{ "type": "Feature", "properties": { "query_name": "feature_0_part_1_split_1", "feature_index": 0, "dataset": "NISAR", "platform": "NISAR", "product_id": "NISAR_L1_PR_RSLC_025_060_A_171_2005_DHDH_A_20260712T095153_20260712T095228_P05023_N_F_J_001", "processing_level": "RSLC", "flight_direction": "ASCENDING", "relative_orbit": 60, "absolute_orbit": 5003, "frame_number": 171, "start_time": "2026-07-12T09:51:53Z", "stop_time": "2026-07-12T09:52:28Z", "scene_name": "NISAR_L1_PR_RSLC_025_060_A_171_2005_DHDH_A_20260712T095153_20260712T095228_P05023_N_F_J_001" }, "geometry": { "type": "Polygon", "coordinates": [ [ [ -59.53463, -13.9115 ], [ -59.98833, -11.76495 ], [ -62.39872, -12.24248 ], [ -61.96787, -14.3826 ], [ -59.53463, -13.9115 ] ] ] } },
{ "type": "Feature", "properties": { "query_name": "feature_0_part_1_split_1", "feature_index": 0, "dataset": "NISAR", "platform": "NISAR", "product_id": "NISAR_L1_PR_RSLC_025_060_A_172_2005_DHDH_A_20260712T095227_20260712T095301_P05023_N_F_J_001", "processing_level": "RSLC", "flight_direction": "ASCENDING", "relative_orbit": 60, "absolute_orbit": 5003, "frame_number": 172, "start_time": "2026-07-12T09:52:27Z", "stop_time": "2026-07-12T09:53:01Z", "scene_name": "NISAR_L1_PR_RSLC_025_060_A_172_2005_DHDH_A_20260712T095227_20260712T095301_P05023_N_F_J_001" }, "geometry": { "type": "Polygon", "coordinates": [ [ [ -59.96271, -11.8841 ], [ -60.40361, -9.79647 ], [ -62.79756, -10.28034 ], [ -62.37467, -12.36135 ], [ -59.96271, -11.8841 ] ] ] } },
{ "type": "Feature", "properties": { "query_name": "feature_0_part_1_split_1", "feature_index": 0, "dataset": "NISAR", "platform": "NISAR", "product_id": "NISAR_L1_PR_RSLC_025_074_A_165_4005_DHDH_A_20260713T090655_20260713T090729_P05023_N_F_J_001", "processing_level": "RSLC", "flight_direction": "ASCENDING", "relative_orbit": 74, "absolute_orbit": 5017, "frame_number": 165, "start_time": "2026-07-13T09:06:55Z", "stop_time": "2026-07-13T09:07:29Z", "scene_name": "NISAR_L1_PR_RSLC_025_074_A_165_4005_DHDH_A_20260713T090655_20260713T090729_P05023_N_F_J_001" }, "geometry": { "type": "Polygon", "coordinates": [ [ [ -46.66318, -25.88545 ], [ -47.13296, -23.8072 ], [ -49.591, -24.22771 ], [ -49.18127, -26.30393 ], [ -46.66318, -25.88545 ] ] ] } },
{ "type": "Feature", "properties": { "query_name": "feature_0_part_1_split_1", "feature_index": 0, "dataset": "NISAR", "platform": "NISAR", "product_id": "NISAR_L1_PR_RSLC_025_074_A_166_4005_DHDH_A_20260713T090728_20260713T090803_P05023_N_F_J_001", "processing_level": "RSLC", "flight_direction": "ASCENDING", "relative_orbit": 74, "absolute_orbit": 5017, "frame_number": 166, "start_time": "2026-07-13T09:07:28Z", "stop_time": "2026-07-13T09:08:03Z", "scene_name": "NISAR_L1_PR_RSLC_025_074_A_166_4005_DHDH_A_20260713T090728_20260713T090803_P05023_N_F_J_001" }, "geometry": { "type": "Polygon", "coordinates": [ [ [ -47.06956, -23.91937 ], [ -47.53276, -21.7777 ], [ -49.98413, -22.20901 ], [ -49.5686, -24.3465 ], [ -47.06956, -23.91937 ] ] ] } },
{ "type": "Feature", "properties": { "query_name": "feature_0_part_1_split_1", "feature_index": 0, "dataset": "NISAR", "platform": "NISAR", "product_id": "NISAR_L1_PR_RSLC_025_074_A_167_4005_DHDH_A_20260713T090802_20260713T090836_P05023_N_F_J_001", "processing_level": "RSLC", "flight_direction": "ASCENDING", "relative_orbit": 74, "absolute_orbit": 5017, "frame_number": 167, "start_time": "2026-07-13T09:08:02Z", "stop_time": "2026-07-13T09:08:36Z", "scene_name": "NISAR_L1_PR_RSLC_025_074_A_167_4005_DHDH_A_20260713T090802_20260713T090836_P05023_N_F_J_001" }, "geometry": { "type": "Polygon", "coordinates": [ [ [ -47.50706, -21.89666 ], [ -47.95726, -19.81401 ], [ -50.32557, -20.24172 ], [ -49.91547, -22.3201 ], [ -47.50706, -21.89666 ] ] ] } },
{ "type": "Feature", "properties": { "query_name": "feature_0_part_1_split_1", "feature_index": 0, "dataset": "NISAR", "platform": "NISAR", "product_id": "NISAR_L1_PR_RSLC_025_074_A_168_2005_DHDH_M_20260713T090835_20260713T090910_P05023_N_F_J_001", "processing_level": "RSLC", "flight_direction": "ASCENDING", "relative_orbit": 74, "absolute_orbit": 5017, "frame_number": 168, "start_time": "2026-07-13T09:08:35Z", "stop_time": "2026-07-13T09:09:10Z", "scene_name": "NISAR_L1_PR_RSLC_025_074_A_168_2005_DHDH_M_20260713T090835_20260713T090910_P05023_N_F_J_001" }, "geometry": { "type": "Polygon", "coordinates": [ [ [ -47.90253, -19.92756 ], [ -48.36296, -17.78431 ], [ -50.72919, -18.22257 ], [ -50.30164, -20.36039 ], [ -47.90253, -19.92756 ] ] ] } },
{ "type": "Feature", "properties": { "query_name": "feature_0_part_1_split_1", "feature_index": 0, "dataset": "NISAR", "platform": "NISAR", "product_id": "NISAR_L1_PR_RSLC_025_074_A_168_4005_DHDH_A_20260713T090835_20260713T090844_P05023_N_P_J_001", "processing_level": "RSLC", "flight_direction": "ASCENDING", "relative_orbit": 74, "absolute_orbit": 5017, "frame_number": 168, "start_time": "2026-07-13T09:08:35Z", "stop_time": "2026-07-13T09:08:44Z", "scene_name": "NISAR_L1_PR_RSLC_025_074_A_168_4005_DHDH_A_20260713T090835_20260713T090844_P05023_N_P_J_001" }, "geometry": { "type": "Polygon", "coordinates": [ [ [ -47.93068, -19.93284 ], [ -48.06108, -19.33807 ], [ -50.41881, -19.76641 ], [ -50.30168, -20.3604 ], [ -47.93068, -19.93284 ] ] ] } },
{ "type": "Feature", "properties": { "query_name": "feature_0_part_1_split_1", "feature_index": 0, "dataset": "NISAR", "platform": "NISAR", "product_id": "NISAR_L1_PR_RSLC_025_074_A_169_4005_DHDH_A_20260713T090907_20260713T090944_P05023_N_F_J_001", "processing_level": "RSLC", "flight_direction": "ASCENDING", "relative_orbit": 74, "absolute_orbit": 5017, "frame_number": 169, "start_time": "2026-07-13T09:09:07Z", "stop_time": "2026-07-13T09:09:44Z", "scene_name": "NISAR_L1_PR_RSLC_025_074_A_169_4005_DHDH_A_20260713T090907_20260713T090944_P05023_N_F_J_001" }, "geometry": { "type": "Polygon", "coordinates": [ [ [ -48.3111, -18.0223 ], [ -48.79887, -15.75976 ], [ -51.10707, -16.19771 ], [ -50.65742, -18.45581 ], [ -48.3111, -18.0223 ] ] ] } },
{ "type": "Feature", "properties": { "query_name": "feature_0_part_1_split_1", "feature_index": 0, "dataset": "NISAR", "platform": "NISAR", "product_id": "NISAR_L1_PR_RSLC_025_074_A_170_2005_DHDH_M_20260713T090943_20260713T091017_P05023_N_F_J_001", "processing_level": "RSLC", "flight_direction": "ASCENDING", "relative_orbit": 74, "absolute_orbit": 5017, "frame_number": 170, "start_time": "2026-07-13T09:09:43Z", "stop_time": "2026-07-13T09:10:17Z", "scene_name": "NISAR_L1_PR_RSLC_025_074_A_170_2005_DHDH_M_20260713T090943_20260713T091017_P05023_N_F_J_001" }, "geometry": { "type": "Polygon", "coordinates": [ [ [ -48.72971, -15.87033 ], [ -49.16341, -13.78262 ], [ -51.48801, -14.23382 ], [ -51.0758, -16.31515 ], [ -48.72971, -15.87033 ] ] ] } },
{ "type": "Feature", "properties": { "query_name": "feature_0_part_1_split_1", "feature_index": 0, "dataset": "NISAR", "platform": "NISAR", "product_id": "NISAR_L1_PR_RSLC_025_074_A_170_4005_DHDH_A_20260713T090943_20260713T090957_P05023_N_P_J_001", "processing_level": "RSLC", "flight_direction": "ASCENDING", "relative_orbit": 74, "absolute_orbit": 5017, "frame_number": 170, "start_time": "2026-07-13T09:09:43Z", "stop_time": "2026-07-13T09:09:57Z", "scene_name": "NISAR_L1_PR_RSLC_025_074_A_170_4005_DHDH_A_20260713T090943_20260713T090957_P05023_N_P_J_001" }, "geometry": { "type": "Polygon", "coordinates": [ [ [ -48.77187, -15.87856 ], [ -48.9565, -14.98377 ], [ -51.24966, -15.4228 ], [ -51.0758, -16.31515 ], [ -48.77187, -15.87856 ] ] ] } },
{ "type": "Feature", "properties": { "query_name": "feature_0_part_1_split_1", "feature_index": 0, "dataset": "NISAR", "platform": "NISAR", "product_id": "NISAR_L1_PR_RSLC_025_074_A_171_2005_DHDH_A_20260713T091016_20260713T091051_P05023_N_F_J_001", "processing_level": "RSLC", "flight_direction": "ASCENDING", "relative_orbit": 74, "absolute_orbit": 5017, "frame_number": 171, "start_time": "2026-07-13T09:10:16Z", "stop_time": "2026-07-13T09:10:51Z", "scene_name": "NISAR_L1_PR_RSLC_025_074_A_171_2005_DHDH_A_20260713T091016_20260713T091051_P05023_N_F_J_001" }, "geometry": { "type": "Polygon", "coordinates": [ [ [ -49.13878, -13.90193 ], [ -49.59212, -11.75534 ], [ -51.89618, -12.21227 ], [ -51.46326, -14.35253 ], [ -49.13878, -13.90193 ] ] ] } },
{ "type": "Feature", "properties": { "query_name": "feature_0_part_1_split_1", "feature_index": 0, "dataset": "NISAR", "platform": "NISAR", "product_id": "NISAR_L1_PR_RSLC_025_074_A_172_2005_DHDH_A_20260713T091050_20260713T091124_P05023_N_F_J_001", "processing_level": "RSLC", "flight_direction": "ASCENDING", "relative_orbit": 74, "absolute_orbit": 5017, "frame_number": 172, "start_time": "2026-07-13T09:10:50Z", "stop_time": "2026-07-13T09:11:24Z", "scene_name": "NISAR_L1_PR_RSLC_025_074_A_172_2005_DHDH_A_20260713T091050_20260713T091124_P05023_N_F_J_001" }, "geometry": { "type": "Polygon", "coordinates": [ [ [ -49.56773, -11.87473 ], [ -50.01035, -9.78749 ], [ -52.29532, -10.24972 ], [ -51.87217, -12.33118 ], [ -49.56773, -11.87473 ] ] ] } },
{ "type": "Feature", "properties": { "query_name": "feature_0_part_1_split_1", "feature_index": 0, "dataset": "NISAR", "platform": "NISAR", "product_id": "NISAR_L1_PR_RSLC_025_074_A_173_2005_DHDH_A_20260713T091123_20260713T091158_P05023_N_F_J_001", "processing_level": "RSLC", "flight_direction": "ASCENDING", "relative_orbit": 74, "absolute_orbit": 5017, "frame_number": 173, "start_time": "2026-07-13T09:11:23Z", "stop_time": "2026-07-13T09:11:58Z", "scene_name": "NISAR_L1_PR_RSLC_025_074_A_173_2005_DHDH_A_20260713T091123_20260713T091158_P05023_N_F_J_001" }, "geometry": { "type": "Polygon", "coordinates": [ [ [ -49.98527, -9.90678 ], [ -50.44569, -7.76025 ], [ -52.71109, -8.2275 ], [ -52.27108, -10.36864 ], [ -49.98527, -9.90678 ] ] ] } },
{ "type": "Feature", "properties": { "query_name": "feature_0_part_1_split_1", "feature_index": 0, "dataset": "NISAR", "platform": "NISAR", "product_id": "NISAR_L1_PR_RSLC_025_082_D_094_2005_DHDH_A_20260713T214528_20260713T214602_P05023_N_F_J_001", "processing_level": "RSLC", "flight_direction": "DESCENDING", "relative_orbit": 82, "absolute_orbit": 5025, "frame_number": 94, "start_time": "2026-07-13T21:45:28Z", "stop_time": "2026-07-13T21:46:02Z", "scene_name": "NISAR_L1_PR_RSLC_025_082_D_094_2005_DHDH_A_20260713T214528_20260713T214602_P05023_N_F_J_001" }, "geometry": { "type": "Polygon", "coordinates": [ [ [ -53.40622, -9.7902 ], [ -53.84984, -11.87736 ], [ -51.53817, -12.33506 ], [ -51.1154, -10.25346 ], [ -53.40622, -9.7902 ] ] ] } },
{ "type": "Feature", "properties": { "query_name": "feature_0_part_1_split_1", "feature_index": 0, "dataset": "NISAR", "platform": "NISAR", "product_id": "NISAR_L1_PR_RSLC_025_082_D_095_2005_DHDH_A_20260713T214601_20260713T214636_P05023_N_F_J_001", "processing_level": "RSLC", "flight_direction": "DESCENDING", "relative_orbit": 82, "absolute_orbit": 5025, "frame_number": 95, "start_time": "2026-07-13T21:46:01Z", "stop_time": "2026-07-13T21:46:36Z", "scene_name": "NISAR_L1_PR_RSLC_025_082_D_095_2005_DHDH_A_20260713T214601_20260713T214636_P05023_N_F_J_001" }, "geometry": { "type": "Polygon", "coordinates": [ [ [ -53.82424, -11.7582 ], [ -54.27808, -13.90481 ], [ -51.94611, -14.35666 ], [ -51.51429, -12.21613 ], [ -53.82424, -11.7582 ] ] ] } },
{ "type": "Feature", "properties": { "query_name": "feature_0_part_1_split_1", "feature_index": 0, "dataset": "NISAR", "platform": "NISAR", "product_id": "NISAR_L1_PR_RSLC_025_082_D_096_2005_DHDH_A_20260713T214635_20260713T214709_P05023_N_F_J_001", "processing_level": "RSLC", "flight_direction": "DESCENDING", "relative_orbit": 82, "absolute_orbit": 5025, "frame_number": 96, "start_time": "2026-07-13T21:46:35Z", "stop_time": "2026-07-13T21:47:09Z", "scene_name": "NISAR_L1_PR_RSLC_025_082_D_096_2005_DHDH_A_20260713T214635_20260713T214709_P05023_N_F_J_001" }, "geometry": { "type": "Polygon", "coordinates": [ [ [ -54.25305, -13.78557 ], [ -54.69796, -15.87121 ], [ -52.33329, -16.31938 ], [ -51.92252, -14.23774 ], [ -54.25305, -13.78557 ] ] ] } },
{ "type": "Feature", "properties": { "query_name": "feature_0_part_1_split_1", "feature_index": 0, "dataset": "NISAR", "platform": "NISAR", "product_id": "NISAR_L1_PR_RSLC_025_082_D_097_2005_DHDH_A_20260713T214708_20260713T214743_P05023_N_F_J_001", "processing_level": "RSLC", "flight_direction": "DESCENDING", "relative_orbit": 82, "absolute_orbit": 5025, "frame_number": 97, "start_time": "2026-07-13T21:47:08Z", "stop_time": "2026-07-13T21:47:43Z", "scene_name": "NISAR_L1_PR_RSLC_025_082_D_097_2005_DHDH_A_20260713T214708_20260713T214743_P05023_N_F_J_001" }, "geometry": { "type": "Polygon", "coordinates": [ [ [ -54.66984, -15.75261 ], [ -55.13377, -17.89605 ], [ -52.73669, -18.33973 ], [ -52.3145, -16.19965 ], [ -54.66984, -15.75261 ] ] ] } },
{ "type": "Feature", "properties": { "query_name": "feature_0_part_1_split_1", "feature_index": 0, "dataset": "NISAR", "platform": "NISAR", "product_id": "NISAR_L1_PR_RSLC_025_082_D_098_2005_DHDH_M_20260713T214742_20260713T214816_P05023_N_F_J_001", "processing_level": "RSLC", "flight_direction": "DESCENDING", "relative_orbit": 82, "absolute_orbit": 5025, "frame_number": 98, "start_time": "2026-07-13T21:47:42Z", "stop_time": "2026-07-13T21:48:16Z", "scene_name": "NISAR_L1_PR_RSLC_025_082_D_098_2005_DHDH_M_20260713T214742_20260713T214816_P05023_N_F_J_001" }, "geometry": { "type": "Polygon", "coordinates": [ [ [ -55.10841, -17.77694 ], [ -55.55559, -19.86108 ], [ -53.11349, -20.30225 ], [ -52.69777, -18.22367 ], [ -55.10841, -17.77694 ] ] ] } },
{ "type": "Feature", "properties": { "query_name": "feature_0_part_1_split_1", "feature_index": 0, "dataset": "NISAR", "platform": "NISAR", "product_id": "NISAR_L1_PR_RSLC_025_082_D_098_4005_DHDH_A_20260713T214809_20260713T214816_P05023_N_P_J_001", "processing_level": "RSLC", "flight_direction": "DESCENDING", "relative_orbit": 82, "absolute_orbit": 5025, "frame_number": 98, "start_time": "2026-07-13T21:48:09Z", "stop_time": "2026-07-13T21:48:16Z", "scene_name": "NISAR_L1_PR_RSLC_025_082_D_098_4005_DHDH_A_20260713T214809_20260713T214816_P05023_N_P_J_001" }, "geometry": { "type": "Polygon", "coordinates": [ [ [ -55.39134, -19.39649 ], [ -55.49317, -19.8728 ], [ -53.11345, -20.30226 ], [ -53.01857, -19.82725 ], [ -55.39134, -19.39649 ] ] ] } },
{ "type": "Feature", "properties": { "query_name": "feature_0_part_1_split_1", "feature_index": 0, "dataset": "NISAR", "platform": "NISAR", "product_id": "NISAR_L1_PR_RSLC_025_082_D_099_4005_DHDH_A_20260713T214815_20260713T214854_P05023_N_F_J_001", "processing_level": "RSLC", "flight_direction": "DESCENDING", "relative_orbit": 82, "absolute_orbit": 5025, "frame_number": 99, "start_time": "2026-07-13T21:48:15Z", "stop_time": "2026-07-13T21:48:54Z", "scene_name": "NISAR_L1_PR_RSLC_025_082_D_099_4005_DHDH_A_20260713T214815_20260713T214854_P05023_N_F_J_001" }, "geometry": { "type": "Polygon", "coordinates": [ [ [ -55.46808, -19.75369 ], [ -55.97406, -22.1356 ], [ -53.56036, -22.55864 ], [ -53.09022, -20.18346 ], [ -55.46808, -19.75369 ] ] ] } },
{ "type": "Feature", "properties": { "query_name": "feature_0_part_1_split_1", "feature_index": 0, "dataset": "NISAR", "platform": "NISAR", "product_id": "NISAR_L1_PR_RSLC_025_082_D_100_2005_DHDH_M_20260713T214849_20260713T214923_P05023_N_F_J_001", "processing_level": "RSLC", "flight_direction": "DESCENDING", "relative_orbit": 82, "absolute_orbit": 5025, "frame_number": 100, "start_time": "2026-07-13T21:48:49Z", "stop_time": "2026-07-13T21:49:23Z", "scene_name": "NISAR_L1_PR_RSLC_025_082_D_100_2005_DHDH_M_20260713T214849_20260713T214923_P05023_N_F_J_001" }, "geometry": { "type": "Polygon", "coordinates": [ [ [ -55.89935, -21.77818 ], [ -56.35587, -23.85944 ], [ -53.8549, -24.28738 ], [ -53.44573, -22.2099 ], [ -55.89935, -21.77818 ] ] ] } },
{ "type": "Feature", "properties": { "query_name": "feature_0_part_1_split_1", "feature_index": 0, "dataset": "NISAR", "platform": "NISAR", "product_id": "NISAR_L1_PR_RSLC_025_082_D_100_4005_DHDH_A_20260713T214849_20260713T214854_P05023_N_P_J_001", "processing_level": "RSLC", "flight_direction": "DESCENDING", "relative_orbit": 82, "absolute_orbit": 5025, "frame_number": 100, "start_time": "2026-07-13T21:48:49Z", "stop_time": "2026-07-13T21:48:54Z", "scene_name": "NISAR_L1_PR_RSLC_025_082_D_100_4005_DHDH_A_20260713T214849_20260713T214854_P05023_N_P_J_001" }, "geometry": { "type": "Polygon", "coordinates": [ [ [ -55.89935, -21.77818 ], [ -55.97406, -22.1356 ], [ -53.56036, -22.55864 ], [ -53.48913, -22.2026 ], [ -55.89935, -21.77818 ] ] ] } },
{ "type": "Feature", "properties": { "query_name": "feature_0_part_1_split_1", "feature_index": 0, "dataset": "NISAR", "platform": "NISAR", "product_id": "NISAR_L1_PR_RSLC_025_082_D_101_2005_DHDH_A_20260713T214922_20260713T214957_P05023_N_F_J_001", "processing_level": "RSLC", "flight_direction": "DESCENDING", "relative_orbit": 82, "absolute_orbit": 5025, "frame_number": 101, "start_time": "2026-07-13T21:49:22Z", "stop_time": "2026-07-13T21:49:57Z", "scene_name": "NISAR_L1_PR_RSLC_025_082_D_101_2005_DHDH_A_20260713T214922_20260713T214957_P05023_N_F_J_001" }, "geometry": { "type": "Polygon", "coordinates": [ [ [ -56.2763, -23.75017 ], [ -56.74593, -25.89028 ], [ -54.22607, -26.30868 ], [ -53.80788, -24.17257 ], [ -56.2763, -23.75017 ] ] ] } },
{ "type": "Feature", "properties": { "query_name": "feature_0_part_1_split_1", "feature_index": 0, "dataset": "NISAR", "platform": "NISAR", "product_id": "NISAR_L1_PR_RSLC_025_088_A_174_2005_DHDH_A_20260714T083019_20260714T083054_P05023_F_F_J_001", "processing_level": "RSLC", "flight_direction": "ASCENDING", "relative_orbit": 88, "absolute_orbit": 5031, "frame_number": 174, "start_time": "2026-07-14T08:30:19Z", "stop_time": "2026-07-14T08:30:54Z", "scene_name": "NISAR_L1_PR_RSLC_025_088_A_174_2005_DHDH_A_20260714T083019_20260714T083054_P05023_F_F_J_001" }, "geometry": { "type": "Polygon", "coordinates": [ [ [ -40.0256, -7.93219 ], [ -40.48406, -5.78457 ], [ -42.74185, -6.25859 ], [ -42.2976, -8.39995 ], [ -40.0256, -7.93219 ] ] ] } },
{ "type": "Feature", "properties": { "query_name": "feature_0_part_1_split_1", "feature_index": 0, "dataset": "NISAR", "platform": "NISAR", "product_id": "NISAR_L1_PR_RSLC_025_088_A_175_2005_DHDH_A_20260714T083053_20260714T083127_P05023_F_F_J_001", "processing_level": "RSLC", "flight_direction": "ASCENDING", "relative_orbit": 88, "absolute_orbit": 5031, "frame_number": 175, "start_time": "2026-07-14T08:30:53Z", "stop_time": "2026-07-14T08:31:27Z", "scene_name": "NISAR_L1_PR_RSLC_025_088_A_175_2005_DHDH_A_20260714T083053_20260714T083127_P05023_F_F_J_001" }, "geometry": { "type": "Polygon", "coordinates": [ [ [ -40.45926, -5.904 ], [ -40.91401, -3.81719 ], [ -43.15436, -4.29558 ], [ -42.71617, -6.37734 ], [ -40.45926, -5.904 ] ] ] } },
{ "type": "Feature", "properties": { "query_name": "feature_0_part_1_split_1", "feature_index": 0, "dataset": "NISAR", "platform": "NISAR", "product_id": "NISAR_L1_PR_RSLC_025_088_A_176_2005_DHDH_A_20260714T083126_20260714T083202_P05023_F_F_J_001", "processing_level": "RSLC", "flight_direction": "ASCENDING", "relative_orbit": 88, "absolute_orbit": 5031, "frame_number": 176, "start_time": "2026-07-14T08:31:26Z", "stop_time": "2026-07-14T08:32:02Z", "scene_name": "NISAR_L1_PR_RSLC_025_088_A_176_2005_DHDH_A_20260714T083126_20260714T083202_P05023_F_F_J_001" }, "geometry": { "type": "Polygon", "coordinates": [ [ [ -40.88883, -3.93659 ], [ -41.35454, -1.72645 ], [ -43.59836, -2.21374 ], [ -43.12941, -4.41455 ], [ -40.88883, -3.93659 ] ] ] } },
{ "type": "Feature", "properties": { "query_name": "feature_0_part_1_split_1", "feature_index": 0, "dataset": "NISAR", "platform": "NISAR", "product_id": "NISAR_L1_PR_RSLC_025_096_D_090_2005_DHDH_A_20260714T210145_20260714T210211_P05023_F_F_J_001", "processing_level": "RSLC", "flight_direction": "DESCENDING", "relative_orbit": 96, "absolute_orbit": 5039, "frame_number": 90, "start_time": "2026-07-14T21:01:45Z", "stop_time": "2026-07-14T21:02:11Z", "scene_name": "NISAR_L1_PR_RSLC_025_096_D_090_2005_DHDH_A_20260714T210145_20260714T210211_P05023_F_F_J_001" }, "geometry": { "type": "Polygon", "coordinates": [ [ [ -41.38539, -2.2885 ], [ -41.73248, -3.89974 ], [ -39.50051, -4.37598 ], [ -39.16123, -2.76935 ], [ -41.38539, -2.2885 ] ] ] } },
{ "type": "Feature", "properties": { "query_name": "feature_0_part_1_split_1", "feature_index": 0, "dataset": "NISAR", "platform": "NISAR", "product_id": "NISAR_L1_PR_RSLC_025_096_D_091_2005_DHDH_A_20260714T210210_20260714T210245_P05023_F_F_J_001", "processing_level": "RSLC", "flight_direction": "DESCENDING", "relative_orbit": 96, "absolute_orbit": 5039, "frame_number": 91, "start_time": "2026-07-14T21:02:10Z", "stop_time": "2026-07-14T21:02:45Z", "scene_name": "NISAR_L1_PR_RSLC_025_096_D_091_2005_DHDH_A_20260714T210210_20260714T210245_P05023_F_F_J_001" }, "geometry": { "type": "Polygon", "coordinates": [ [ [ -41.70635, -3.78054 ], [ -42.16708, -5.92859 ], [ -39.92584, -6.39853 ], [ -39.47666, -4.25677 ], [ -41.70635, -3.78054 ] ] ] } },
{ "type": "Feature", "properties": { "query_name": "feature_0_part_1_split_1", "feature_index": 0, "dataset": "NISAR", "platform": "NISAR", "product_id": "NISAR_L1_PR_RSLC_025_096_D_092_2005_DHDH_A_20260714T210244_20260714T210318_P05023_F_F_J_001", "processing_level": "RSLC", "flight_direction": "DESCENDING", "relative_orbit": 96, "absolute_orbit": 5039, "frame_number": 92, "start_time": "2026-07-14T21:02:44Z", "stop_time": "2026-07-14T21:03:18Z", "scene_name": "NISAR_L1_PR_RSLC_025_096_D_092_2005_DHDH_A_20260714T210244_20260714T210318_P05023_F_F_J_001" }, "geometry": { "type": "Polygon", "coordinates": [ [ [ -42.14232, -5.80914 ], [ -42.58702, -7.89744 ], [ -40.33369, -8.36152 ], [ -39.89987, -6.27983 ], [ -42.14232, -5.80914 ] ] ] } },
{ "type": "Feature", "properties": { "query_name": "feature_0_part_1_split_1", "feature_index": 0, "dataset": "NISAR", "platform": "NISAR", "product_id": "NISAR_L1_PR_RSLC_025_096_D_095_2005_DHDH_A_20260714T210424_20260714T210459_P05023_F_F_J_001", "processing_level": "RSLC", "flight_direction": "DESCENDING", "relative_orbit": 96, "absolute_orbit": 5039, "frame_number": 95, "start_time": "2026-07-14T21:04:24Z", "stop_time": "2026-07-14T21:04:59Z", "scene_name": "NISAR_L1_PR_RSLC_025_096_D_095_2005_DHDH_A_20260714T210424_20260714T210459_P05023_F_F_J_001" }, "geometry": { "type": "Polygon", "coordinates": [ [ [ -43.40986, -11.77447 ], [ -43.86552, -13.92066 ], [ -41.55625, -14.36807 ], [ -41.12367, -12.22764 ], [ -43.40986, -11.77447 ] ] ] } },
{ "type": "Feature", "properties": { "query_name": "feature_0_part_1_split_1", "feature_index": 0, "dataset": "NISAR", "platform": "NISAR", "product_id": "NISAR_L1_PR_RSLC_025_096_D_096_2005_DHDH_A_20260714T210458_20260714T210532_P05023_F_F_J_001", "processing_level": "RSLC", "flight_direction": "DESCENDING", "relative_orbit": 96, "absolute_orbit": 5039, "frame_number": 96, "start_time": "2026-07-14T21:04:58Z", "stop_time": "2026-07-14T21:05:32Z", "scene_name": "NISAR_L1_PR_RSLC_025_096_D_096_2005_DHDH_A_20260714T210458_20260714T210532_P05023_F_F_J_001" }, "geometry": { "type": "Polygon", "coordinates": [ [ [ -43.83999, -13.80153 ], [ -44.2783, -15.8884 ], [ -41.94787, -16.33004 ], [ -41.53303, -14.24908 ], [ -43.83999, -13.80153 ] ] ] } },
{ "type": "Feature", "properties": { "query_name": "feature_0_part_1_split_1", "feature_index": 0, "dataset": "NISAR", "platform": "NISAR", "product_id": "NISAR_L1_PR_RSLC_025_096_D_097_2005_DHDH_M_20260714T210531_20260714T210606_P05023_F_F_J_001", "processing_level": "RSLC", "flight_direction": "DESCENDING", "relative_orbit": 96, "absolute_orbit": 5039, "frame_number": 97, "start_time": "2026-07-14T21:05:31Z", "stop_time": "2026-07-14T21:06:06Z", "scene_name": "NISAR_L1_PR_RSLC_025_096_D_097_2005_DHDH_M_20260714T210531_20260714T210606_P05023_F_F_J_001" }, "geometry": { "type": "Polygon", "coordinates": [ [ [ -44.25754, -15.76837 ], [ -44.71191, -17.91358 ], [ -42.34091, -18.35231 ], [ -41.91236, -16.21337 ], [ -44.25754, -15.76837 ] ] ] } },
{ "type": "Feature", "properties": { "query_name": "feature_0_part_1_split_1", "feature_index": 0, "dataset": "NISAR", "platform": "NISAR", "product_id": "NISAR_L1_PR_RSLC_025_096_D_098_4005_DHDH_A_20260714T210605_20260714T210639_P05023_F_F_J_001", "processing_level": "RSLC", "flight_direction": "DESCENDING", "relative_orbit": 96, "absolute_orbit": 5039, "frame_number": 98, "start_time": "2026-07-14T21:06:05Z", "stop_time": "2026-07-14T21:06:39Z", "scene_name": "NISAR_L1_PR_RSLC_025_096_D_098_4005_DHDH_A_20260714T210605_20260714T210639_P05023_F_F_J_001" }, "geometry": { "type": "Polygon", "coordinates": [ [ [ -44.65713, -17.80012 ], [ -45.10108, -19.88465 ], [ -42.70076, -20.31778 ], [ -42.28633, -18.23904 ], [ -44.65713, -17.80012 ] ] ] } },
{ "type": "Feature", "properties": { "query_name": "feature_0_part_1_split_1", "feature_index": 0, "dataset": "NISAR", "platform": "NISAR", "product_id": "NISAR_L1_PR_RSLC_025_096_D_099_4005_DHDH_A_20260714T210640_20260714T210713_P05023_F_F_J_001", "processing_level": "RSLC", "flight_direction": "DESCENDING", "relative_orbit": 96, "absolute_orbit": 5039, "frame_number": 99, "start_time": "2026-07-14T21:06:40Z", "stop_time": "2026-07-14T21:07:13Z", "scene_name": "NISAR_L1_PR_RSLC_025_096_D_099_4005_DHDH_A_20260714T210640_20260714T210713_P05023_F_F_J_001" }, "geometry": { "type": "Polygon", "coordinates": [ [ [ -45.0876, -19.88722 ], [ -45.52026, -21.91137 ], [ -43.09371, -22.33778 ], [ -42.70077, -20.31782 ], [ -45.0876, -19.88722 ] ] ] } },
{ "type": "Feature", "properties": { "query_name": "feature_0_part_1_split_1", "feature_index": 0, "dataset": "NISAR", "platform": "NISAR", "product_id": "NISAR_L1_PR_RSLC_025_103_A_166_2005_DHDH_A_20260715T092407_20260715T092442_P05023_N_F_J_001", "processing_level": "RSLC", "flight_direction": "ASCENDING", "relative_orbit": 103, "absolute_orbit": 5046, "frame_number": 166, "start_time": "2026-07-15T09:24:07Z", "stop_time": "2026-07-15T09:24:42Z", "scene_name": "NISAR_L1_PR_RSLC_025_103_A_166_2005_DHDH_A_20260715T092407_20260715T092442_P05023_N_F_J_001" }, "geometry": { "type": "Polygon", "coordinates": [ [ [ -51.16023, -23.88205 ], [ -51.61679, -21.73884 ], [ -54.13193, -22.18233 ], [ -53.71126, -24.31912 ], [ -51.16023, -23.88205 ] ] ] } },
{ "type": "Feature", "properties": { "query_name": "feature_0_part_1_split_1", "feature_index": 0, "dataset": "NISAR", "platform": "NISAR", "product_id": "NISAR_L1_PR_RSLC_025_103_A_167_2005_DHDH_A_20260715T092441_20260715T092515_P05023_N_F_J_001", "processing_level": "RSLC", "flight_direction": "ASCENDING", "relative_orbit": 103, "absolute_orbit": 5046, "frame_number": 167, "start_time": "2026-07-15T09:24:41Z", "stop_time": "2026-07-15T09:25:15Z", "scene_name": "NISAR_L1_PR_RSLC_025_103_A_167_2005_DHDH_A_20260715T092441_20260715T092515_P05023_N_F_J_001" }, "geometry": { "type": "Polygon", "coordinates": [ [ [ -51.59187, -21.85797 ], [ -52.04155, -19.7749 ], [ -54.52143, -20.22326 ], [ -54.1093, -22.30115 ], [ -51.59187, -21.85797 ] ] ] } },
{ "type": "Feature", "properties": { "query_name": "feature_0_part_1_split_1", "feature_index": 0, "dataset": "NISAR", "platform": "NISAR", "product_id": "NISAR_L1_PR_RSLC_025_103_A_168_2005_DHDH_A_20260715T092514_20260715T092549_P05023_N_F_J_001", "processing_level": "RSLC", "flight_direction": "ASCENDING", "relative_orbit": 103, "absolute_orbit": 5046, "frame_number": 168, "start_time": "2026-07-15T09:25:14Z", "stop_time": "2026-07-15T09:25:49Z", "scene_name": "NISAR_L1_PR_RSLC_025_103_A_168_2005_DHDH_A_20260715T092514_20260715T092549_P05023_N_F_J_001" }, "geometry": { "type": "Polygon", "coordinates": [ [ [ -52.01682, -19.89409 ], [ -52.47976, -17.7511 ], [ -54.91758, -18.20296 ], [ -54.49758, -20.34194 ], [ -52.01682, -19.89409 ] ] ] } },
{ "type": "Feature", "properties": { "query_name": "feature_0_part_1_split_1", "feature_index": 0, "dataset": "NISAR", "platform": "NISAR", "product_id": "NISAR_L1_PR_RSLC_025_103_A_169_2005_DHDH_A_20260715T092548_20260715T092622_P05023_N_F_J_001", "processing_level": "RSLC", "flight_direction": "ASCENDING", "relative_orbit": 103, "absolute_orbit": 5046, "frame_number": 169, "start_time": "2026-07-15T09:25:48Z", "stop_time": "2026-07-15T09:26:22Z", "scene_name": "NISAR_L1_PR_RSLC_025_103_A_169_2005_DHDH_A_20260715T092548_20260715T092622_P05023_N_F_J_001" }, "geometry": { "type": "Polygon", "coordinates": [ [ [ -52.4537, -17.87007 ], [ -52.8959, -15.78459 ], [ -55.31209, -16.24285 ], [ -54.89466, -18.32186 ], [ -52.4537, -17.87007 ] ] ] } },
{ "type": "Feature", "properties": { "query_name": "feature_0_part_1_split_1", "feature_index": 0, "dataset": "NISAR", "platform": "NISAR", "product_id": "NISAR_L1_PR_RSLC_025_103_A_170_2005_DHDH_A_20260715T092621_20260715T092656_P05023_N_F_J_001", "processing_level": "RSLC", "flight_direction": "ASCENDING", "relative_orbit": 103, "absolute_orbit": 5046, "frame_number": 170, "start_time": "2026-07-15T09:26:21Z", "stop_time": "2026-07-15T09:26:56Z", "scene_name": "NISAR_L1_PR_RSLC_025_103_A_170_2005_DHDH_A_20260715T092621_20260715T092656_P05023_N_F_J_001" }, "geometry": { "type": "Polygon", "coordinates": [ [ [ -52.87073, -15.90376 ], [ -53.32699, -13.75838 ], [ -55.715, -14.22169 ], [ -55.28702, -16.36143 ], [ -52.87073, -15.90376 ] ] ] } },
{ "type": "Feature", "properties": { "query_name": "feature_0_part_1_split_1", "feature_index": 0, "dataset": "NISAR", "platform": "NISAR", "product_id": "NISAR_L1_PR_RSLC_025_103_A_171_2005_DHDH_A_20260715T092655_20260715T092729_P05023_N_F_J_001", "processing_level": "RSLC", "flight_direction": "ASCENDING", "relative_orbit": 103, "absolute_orbit": 5046, "frame_number": 171, "start_time": "2026-07-15T09:26:55Z", "stop_time": "2026-07-15T09:27:29Z", "scene_name": "NISAR_L1_PR_RSLC_025_103_A_171_2005_DHDH_A_20260715T092655_20260715T092729_P05023_N_F_J_001" }, "geometry": { "type": "Polygon", "coordinates": [ [ [ -53.30125, -13.87747 ], [ -53.74472, -11.79104 ], [ -56.10948, -12.25958 ], [ -55.69066, -14.34046 ], [ -53.30125, -13.87747 ] ] ] } },
{ "type": "Feature", "properties": { "query_name": "feature_0_part_1_split_1", "feature_index": 0, "dataset": "NISAR", "platform": "NISAR", "product_id": "NISAR_L1_PR_RSLC_025_103_A_172_2005_DHDH_A_20260715T092728_20260715T092803_P05023_N_F_J_001", "processing_level": "RSLC", "flight_direction": "ASCENDING", "relative_orbit": 103, "absolute_orbit": 5046, "frame_number": 172, "start_time": "2026-07-15T09:27:28Z", "stop_time": "2026-07-15T09:28:03Z", "scene_name": "NISAR_L1_PR_RSLC_025_103_A_172_2005_DHDH_A_20260715T092728_20260715T092803_P05023_N_F_J_001" }, "geometry": { "type": "Polygon", "coordinates": [ [ [ -53.71883, -11.91014 ], [ -54.1763, -9.7637 ], [ -56.52001, -10.23771 ], [ -56.08521, -12.37842 ], [ -53.71883, -11.91014 ] ] ] } },
{ "type": "Feature", "properties": { "query_name": "feature_0_part_1_split_1", "feature_index": 0, "dataset": "NISAR", "platform": "NISAR", "product_id": "NISAR_L1_PR_RSLC_025_111_D_094_2005_DHDH_A_20260715T220207_20260715T220241_P05023_N_F_J_001", "processing_level": "RSLC", "flight_direction": "DESCENDING", "relative_orbit": 111, "absolute_orbit": 5054, "frame_number": 94, "start_time": "2026-07-15T22:02:07Z", "stop_time": "2026-07-15T22:02:41Z", "scene_name": "NISAR_L1_PR_RSLC_025_111_D_094_2005_DHDH_A_20260715T220207_20260715T220241_P05023_N_F_J_001" }, "geometry": { "type": "Polygon", "coordinates": [ [ [ -57.58001, -9.81007 ], [ -58.02345, -11.89729 ], [ -55.6269, -12.37137 ], [ -55.20466, -10.29007 ], [ -57.58001, -9.81007 ] ] ] } },
{ "type": "Feature", "properties": { "query_name": "feature_0_part_1_split_1", "feature_index": 0, "dataset": "NISAR", "platform": "NISAR", "product_id": "NISAR_L1_PR_RSLC_025_111_D_095_2005_DHDH_A_20260715T220240_20260715T220315_P05023_N_F_J_001", "processing_level": "RSLC", "flight_direction": "DESCENDING", "relative_orbit": 111, "absolute_orbit": 5054, "frame_number": 95, "start_time": "2026-07-15T22:02:40Z", "stop_time": "2026-07-15T22:03:15Z", "scene_name": "NISAR_L1_PR_RSLC_025_111_D_095_2005_DHDH_A_20260715T220240_20260715T220315_P05023_N_F_J_001" }, "geometry": { "type": "Polygon", "coordinates": [ [ [ -57.99873, -11.77795 ], [ -58.45072, -13.92494 ], [ -56.03367, -14.39278 ], [ -55.60325, -12.25241 ], [ -57.99873, -11.77795 ] ] ] } },
{ "type": "Feature", "properties": { "query_name": "feature_0_part_1_split_1", "feature_index": 0, "dataset": "NISAR", "platform": "NISAR", "product_id": "NISAR_L1_PR_RSLC_025_111_D_096_2005_DHDH_A_20260715T220314_20260715T220348_P05023_N_F_J_001", "processing_level": "RSLC", "flight_direction": "DESCENDING", "relative_orbit": 111, "absolute_orbit": 5054, "frame_number": 96, "start_time": "2026-07-15T22:03:14Z", "stop_time": "2026-07-15T22:03:48Z", "scene_name": "NISAR_L1_PR_RSLC_025_111_D_096_2005_DHDH_A_20260715T220314_20260715T220348_P05023_N_F_J_001" }, "geometry": { "type": "Polygon", "coordinates": [ [ [ -58.42578, -13.80569 ], [ -58.87324, -15.89085 ], [ -56.42816, -16.35378 ], [ -56.00999, -14.2739 ], [ -58.42578, -13.80569 ] ] ] } },
{ "type": "Feature", "properties": { "query_name": "feature_0_part_1_split_1", "feature_index": 0, "dataset": "NISAR", "platform": "NISAR", "product_id": "NISAR_L1_PR_RSLC_025_111_D_097_2005_DHDH_A_20260715T220347_20260715T220422_P05023_N_F_J_001", "processing_level": "RSLC", "flight_direction": "DESCENDING", "relative_orbit": 111, "absolute_orbit": 5054, "frame_number": 97, "start_time": "2026-07-15T22:03:47Z", "stop_time": "2026-07-15T22:04:22Z", "scene_name": "NISAR_L1_PR_RSLC_025_111_D_097_2005_DHDH_A_20260715T220347_20260715T220422_P05023_N_F_J_001" }, "geometry": { "type": "Polygon", "coordinates": [ [ [ -58.84813, -15.77166 ], [ -59.30171, -17.9171 ], [ -56.82969, -18.37407 ], [ -56.4043, -16.23499 ], [ -58.84813, -15.77166 ] ] ] } },
{ "type": "Feature", "properties": { "query_name": "feature_0_part_1_split_1", "feature_index": 0, "dataset": "NISAR", "platform": "NISAR", "product_id": "NISAR_L1_PR_RSLC_025_111_D_098_2005_DHDH_A_20260715T220421_20260715T220455_P05023_N_F_J_001", "processing_level": "RSLC", "flight_direction": "DESCENDING", "relative_orbit": 111, "absolute_orbit": 5054, "frame_number": 98, "start_time": "2026-07-15T22:04:21Z", "stop_time": "2026-07-15T22:04:55Z", "scene_name": "NISAR_L1_PR_RSLC_025_111_D_098_2005_DHDH_A_20260715T220421_20260715T220455_P05023_N_F_J_001" }, "geometry": { "type": "Polygon", "coordinates": [ [ [ -59.27899, -17.7975 ], [ -59.72945, -19.88102 ], [ -57.2168, -20.33441 ], [ -56.80613, -18.25529 ], [ -59.27899, -17.7975 ] ] ] } },
{ "type": "Feature", "properties": { "query_name": "feature_0_part_1_split_1", "feature_index": 0, "dataset": "NISAR", "platform": "NISAR", "product_id": "NISAR_L1_PR_RSLC_025_111_D_099_2005_DHDH_A_20260715T220454_20260715T220529_P05023_N_F_J_001", "processing_level": "RSLC", "flight_direction": "DESCENDING", "relative_orbit": 111, "absolute_orbit": 5054, "frame_number": 99, "start_time": "2026-07-15T22:04:54Z", "stop_time": "2026-07-15T22:05:29Z", "scene_name": "NISAR_L1_PR_RSLC_025_111_D_099_2005_DHDH_A_20260715T220454_20260715T220529_P05023_N_F_J_001" }, "geometry": { "type": "Polygon", "coordinates": [ [ [ -59.70379, -19.762 ], [ -60.16623, -21.90475 ], [ -57.61499, -22.35327 ], [ -57.19387, -20.21558 ], [ -59.70379, -19.762 ] ] ] } },
{ "type": "Feature", "properties": { "query_name": "feature_0_part_1_split_1", "feature_index": 0, "dataset": "NISAR", "platform": "NISAR", "product_id": "NISAR_L1_PR_RSLC_025_117_A_168_4005_DHDH_A_20260716T084339_20260716T084412_P05023_N_F_J_001", "processing_level": "RSLC", "flight_direction": "ASCENDING", "relative_orbit": 117, "absolute_orbit": 5060, "frame_number": 168, "start_time": "2026-07-16T08:43:39Z", "stop_time": "2026-07-16T08:44:12Z", "scene_name": "NISAR_L1_PR_RSLC_025_117_A_168_4005_DHDH_A_20260716T084339_20260716T084412_P05023_N_F_J_001" }, "geometry": { "type": "Polygon", "coordinates": [ [ [ -41.69939, -19.77914 ], [ -42.14106, -17.75624 ], [ -44.4766, -18.18901 ], [ -44.07925, -20.2093 ], [ -41.69939, -19.77914 ] ] ] } },
{ "type": "Feature", "properties": { "query_name": "feature_0_part_1_split_1", "feature_index": 0, "dataset": "NISAR", "platform": "NISAR", "product_id": "NISAR_L1_PR_RSLC_025_117_A_169_2005_DHDH_M_20260716T084411_20260716T084445_P05023_N_F_J_001", "processing_level": "RSLC", "flight_direction": "ASCENDING", "relative_orbit": 117, "absolute_orbit": 5060, "frame_number": 169, "start_time": "2026-07-16T08:44:11Z", "stop_time": "2026-07-16T08:44:45Z", "scene_name": "NISAR_L1_PR_RSLC_025_117_A_169_2005_DHDH_M_20260716T084411_20260716T084445_P05023_N_F_J_001" }, "geometry": { "type": "Polygon", "coordinates": [ [ [ -42.07314, -17.86718 ], [ -42.52115, -15.78288 ], [ -44.86734, -16.22801 ], [ -44.45351, -18.30789 ], [ -42.07314, -17.86718 ] ] ] } },
{ "type": "Feature", "properties": { "query_name": "feature_0_part_1_split_1", "feature_index": 0, "dataset": "NISAR", "platform": "NISAR", "product_id": "NISAR_L1_PR_RSLC_025_117_A_169_4005_DHDH_A_20260716T084411_20260716T084417_P05023_N_P_J_001", "processing_level": "RSLC", "flight_direction": "ASCENDING", "relative_orbit": 117, "absolute_orbit": 5060, "frame_number": 169, "start_time": "2026-07-16T08:44:11Z", "stop_time": "2026-07-16T08:44:17Z", "scene_name": "NISAR_L1_PR_RSLC_025_117_A_169_4005_DHDH_A_20260716T084411_20260716T084417_P05023_N_P_J_001" }, "geometry": { "type": "Polygon", "coordinates": [ [ [ -42.10908, -17.87407 ], [ -42.20035, -17.45763 ], [ -44.53474, -17.89176 ], [ -44.45354, -18.3079 ], [ -42.10908, -17.87407 ] ] ] } },
{ "type": "Feature", "properties": { "query_name": "feature_0_part_1_split_1", "feature_index": 0, "dataset": "NISAR", "platform": "NISAR", "product_id": "NISAR_L1_PR_RSLC_025_117_A_170_2005_DHDH_A_20260716T084444_20260716T084519_P05023_N_F_J_001", "processing_level": "RSLC", "flight_direction": "ASCENDING", "relative_orbit": 117, "absolute_orbit": 5060, "frame_number": 170, "start_time": "2026-07-16T08:44:44Z", "stop_time": "2026-07-16T08:45:19Z", "scene_name": "NISAR_L1_PR_RSLC_025_117_A_170_2005_DHDH_A_20260716T084444_20260716T084519_P05023_N_F_J_001" }, "geometry": { "type": "Polygon", "coordinates": [ [ [ -42.49512, -15.90188 ], [ -42.94927, -13.75615 ], [ -45.26017, -14.20469 ], [ -44.83053, -16.34443 ], [ -42.49512, -15.90188 ] ] ] } },
{ "type": "Feature", "properties": { "query_name": "feature_0_part_1_split_1", "feature_index": 0, "dataset": "NISAR", "platform": "NISAR", "product_id": "NISAR_L1_PR_RSLC_025_117_A_171_2005_DHDH_A_20260716T084518_20260716T084552_P05023_N_F_J_001", "processing_level": "RSLC", "flight_direction": "ASCENDING", "relative_orbit": 117, "absolute_orbit": 5060, "frame_number": 171, "start_time": "2026-07-16T08:45:18Z", "stop_time": "2026-07-16T08:45:52Z", "scene_name": "NISAR_L1_PR_RSLC_025_117_A_171_2005_DHDH_A_20260716T084518_20260716T084552_P05023_N_F_J_001" }, "geometry": { "type": "Polygon", "coordinates": [ [ [ -42.92118, -13.87478 ], [ -43.36334, -11.78814 ], [ -45.65651, -12.24266 ], [ -45.23685, -14.32366 ], [ -42.92118, -13.87478 ] ] ] } },
{ "type": "Feature", "properties": { "query_name": "feature_0_part_1_split_1", "feature_index": 0, "dataset": "NISAR", "platform": "NISAR", "product_id": "NISAR_L1_PR_RSLC_025_117_A_172_2005_DHDH_A_20260716T084551_20260716T084626_P05023_N_F_J_001", "processing_level": "RSLC", "flight_direction": "ASCENDING", "relative_orbit": 117, "absolute_orbit": 5060, "frame_number": 172, "start_time": "2026-07-16T08:45:51Z", "stop_time": "2026-07-16T08:46:26Z", "scene_name": "NISAR_L1_PR_RSLC_025_117_A_172_2005_DHDH_A_20260716T084551_20260716T084626_P05023_N_F_J_001" }, "geometry": { "type": "Polygon", "coordinates": [ [ [ -43.33801, -11.90735 ], [ -43.79533, -9.76093 ], [ -46.06871, -10.22084 ], [ -45.63236, -12.36153 ], [ -43.33801, -11.90735 ] ] ] } },
{ "type": "Feature", "properties": { "query_name": "feature_0_part_1_split_1", "feature_index": 0, "dataset": "NISAR", "platform": "NISAR", "product_id": "NISAR_L1_PR_RSLC_025_117_A_173_2005_DHDH_A_20260716T084625_20260716T084659_P05023_N_F_J_001", "processing_level": "RSLC", "flight_direction": "ASCENDING", "relative_orbit": 117, "absolute_orbit": 5060, "frame_number": 173, "start_time": "2026-07-16T08:46:25Z", "stop_time": "2026-07-16T08:46:59Z", "scene_name": "NISAR_L1_PR_RSLC_025_117_A_173_2005_DHDH_A_20260716T084625_20260716T084659_P05023_N_F_J_001" }, "geometry": { "type": "Polygon", "coordinates": [ [ [ -43.76959, -9.88009 ], [ -44.21495, -7.79276 ], [ -46.46932, -8.25754 ], [ -46.04427, -10.33972 ], [ -43.76959, -9.88009 ] ] ] } },
{ "type": "Feature", "properties": { "query_name": "feature_0_part_1_split_1", "feature_index": 0, "dataset": "NISAR", "platform": "NISAR", "product_id": "NISAR_L1_PR_RSLC_025_117_A_174_2005_DHDH_A_20260716T084658_20260716T084733_P05023_N_F_J_001", "processing_level": "RSLC", "flight_direction": "ASCENDING", "relative_orbit": 117, "absolute_orbit": 5060, "frame_number": 174, "start_time": "2026-07-16T08:46:58Z", "stop_time": "2026-07-16T08:47:33Z", "scene_name": "NISAR_L1_PR_RSLC_025_117_A_174_2005_DHDH_A_20260716T084658_20260716T084733_P05023_N_F_J_001" }, "geometry": { "type": "Polygon", "coordinates": [ [ [ -44.18898, -7.91191 ], [ -44.64518, -5.7638 ], [ -46.88819, -6.23484 ], [ -46.44574, -8.37665 ], [ -44.18898, -7.91191 ] ] ] } },
{ "type": "Feature", "properties": { "query_name": "feature_0_part_1_split_1", "feature_index": 0, "dataset": "NISAR", "platform": "NISAR", "product_id": "NISAR_L1_PR_RSLC_025_117_A_175_2005_DHDH_A_20260716T084732_20260716T084806_P05023_N_F_J_001", "processing_level": "RSLC", "flight_direction": "ASCENDING", "relative_orbit": 117, "absolute_orbit": 5060, "frame_number": 175, "start_time": "2026-07-16T08:47:32Z", "stop_time": "2026-07-16T08:48:06Z", "scene_name": "NISAR_L1_PR_RSLC_025_117_A_175_2005_DHDH_A_20260716T084732_20260716T084806_P05023_N_F_J_001" }, "geometry": { "type": "Polygon", "coordinates": [ [ [ -44.61973, -5.8831 ], [ -45.06571, -3.7944 ], [ -47.30147, -4.27191 ], [ -46.86354, -6.35381 ], [ -44.61973, -5.8831 ] ] ] } },
{ "type": "Feature", "properties": { "query_name": "feature_0_part_1_split_1", "feature_index": 0, "dataset": "NISAR", "platform": "NISAR", "product_id": "NISAR_L1_PR_RSLC_025_125_D_089_2005_SHSH_M_20260716T211757_20260716T211817_P05023_N_P_J_001", "processing_level": "RSLC", "flight_direction": "DESCENDING", "relative_orbit": 125, "absolute_orbit": 5068, "frame_number": 89, "start_time": "2026-07-16T21:17:57Z", "stop_time": "2026-07-16T21:18:17Z", "scene_name": "NISAR_L1_PR_RSLC_025_125_D_089_2005_SHSH_M_20260716T211757_20260716T211817_P05023_N_P_J_001" }, "geometry": { "type": "Polygon", "coordinates": [ [ [ -45.23062, -0.68805 ], [ -45.50313, -1.94117 ], [ -43.28622, -2.42179 ], [ -43.01641, -1.17271 ], [ -45.23062, -0.68805 ] ] ] } },
{ "type": "Feature", "properties": { "query_name": "feature_0_part_1_split_1", "feature_index": 0, "dataset": "NISAR", "platform": "NISAR", "product_id": "NISAR_L1_PR_RSLC_025_125_D_089_4005_DHDH_A_20260716T211809_20260716T211817_P05023_N_P_J_001", "processing_level": "RSLC", "flight_direction": "DESCENDING", "relative_orbit": 125, "absolute_orbit": 5068, "frame_number": 89, "start_time": "2026-07-16T21:18:09Z", "stop_time": "2026-07-16T21:18:17Z", "scene_name": "NISAR_L1_PR_RSLC_025_125_D_089_4005_DHDH_A_20260716T211809_20260716T211817_P05023_N_P_J_001" }, "geometry": { "type": "Polygon", "coordinates": [ [ [ -45.38678, -1.40408 ], [ -45.50313, -1.94117 ], [ -43.28618, -2.4218 ], [ -43.17087, -1.88649 ], [ -45.38678, -1.40408 ] ] ] } },
{ "type": "Feature", "properties": { "query_name": "feature_0_part_1_split_1", "feature_index": 0, "dataset": "NISAR", "platform": "NISAR", "product_id": "NISAR_L1_PR_RSLC_025_125_D_090_4005_DHDH_A_20260716T211816_20260716T211854_P05023_N_F_J_001", "processing_level": "RSLC", "flight_direction": "DESCENDING", "relative_orbit": 125, "absolute_orbit": 5068, "frame_number": 90, "start_time": "2026-07-16T21:18:16Z", "stop_time": "2026-07-16T21:18:54Z", "scene_name": "NISAR_L1_PR_RSLC_025_125_D_090_4005_DHDH_A_20260716T211816_20260716T211854_P05023_N_F_J_001" }, "geometry": { "type": "Polygon", "coordinates": [ [ [ -45.47729, -1.82185 ], [ -45.97982, -4.14911 ], [ -43.75491, -4.62292 ], [ -43.26063, -2.30286 ], [ -45.47729, -1.82185 ] ] ] } },
{ "type": "Feature", "properties": { "query_name": "feature_0_part_1_split_1", "feature_index": 0, "dataset": "NISAR", "platform": "NISAR", "product_id": "NISAR_L1_PR_RSLC_025_125_D_091_2005_SHSH_M_20260716T211849_20260716T211924_P05023_N_F_J_001", "processing_level": "RSLC", "flight_direction": "DESCENDING", "relative_orbit": 125, "absolute_orbit": 5068, "frame_number": 91, "start_time": "2026-07-16T21:18:49Z", "stop_time": "2026-07-16T21:19:24Z", "scene_name": "NISAR_L1_PR_RSLC_025_125_D_091_2005_SHSH_M_20260716T211849_20260716T211924_P05023_N_F_J_001" }, "geometry": { "type": "Polygon", "coordinates": [ [ [ -45.90354, -3.79095 ], [ -46.3621, -5.93955 ], [ -44.10229, -6.41339 ], [ -43.65407, -4.27139 ], [ -45.90354, -3.79095 ] ] ] } },
{ "type": "Feature", "properties": { "query_name": "feature_0_part_1_split_1", "feature_index": 0, "dataset": "NISAR", "platform": "NISAR", "product_id": "NISAR_L1_PR_RSLC_025_125_D_091_4005_DHDH_A_20260716T211849_20260716T211854_P05023_N_P_J_001", "processing_level": "RSLC", "flight_direction": "DESCENDING", "relative_orbit": 125, "absolute_orbit": 5068, "frame_number": 91, "start_time": "2026-07-16T21:18:49Z", "stop_time": "2026-07-16T21:18:54Z", "scene_name": "NISAR_L1_PR_RSLC_025_125_D_091_4005_DHDH_A_20260716T211849_20260716T211854_P05023_N_P_J_001" }, "geometry": { "type": "Polygon", "coordinates": [ [ [ -45.90354, -3.79095 ], [ -45.97982, -4.14911 ], [ -43.75491, -4.62292 ], [ -43.67921, -4.26605 ], [ -45.90354, -3.79095 ] ] ] } },
{ "type": "Feature", "properties": { "query_name": "feature_0_part_1_split_1", "feature_index": 0, "dataset": "NISAR", "platform": "NISAR", "product_id": "NISAR_L1_PR_RSLC_025_125_D_092_2005_SHSH_A_20260716T211923_20260716T211957_P05023_N_F_J_001", "processing_level": "RSLC", "flight_direction": "DESCENDING", "relative_orbit": 125, "absolute_orbit": 5068, "frame_number": 92, "start_time": "2026-07-16T21:19:23Z", "stop_time": "2026-07-16T21:19:57Z", "scene_name": "NISAR_L1_PR_RSLC_025_125_D_092_2005_SHSH_A_20260716T211923_20260716T211957_P05023_N_F_J_001" }, "geometry": { "type": "Polygon", "coordinates": [ [ [ -46.29923, -5.82817 ], [ -46.7448, -7.91626 ], [ -44.48745, -8.38102 ], [ -44.05705, -6.29869 ], [ -46.29923, -5.82817 ] ] ] } },
{ "type": "Feature", "properties": { "query_name": "feature_0_part_1_split_1", "feature_index": 0, "dataset": "NISAR", "platform": "NISAR", "product_id": "NISAR_L1_PR_RSLC_025_125_D_093_2005_SHSH_A_20260716T211956_20260716T212030_P05023_N_F_J_001", "processing_level": "RSLC", "flight_direction": "DESCENDING", "relative_orbit": 125, "absolute_orbit": 5068, "frame_number": 93, "start_time": "2026-07-16T21:19:56Z", "stop_time": "2026-07-16T21:20:30Z", "scene_name": "NISAR_L1_PR_RSLC_025_125_D_093_2005_SHSH_A_20260716T211956_20260716T212030_P05023_N_F_J_001" }, "geometry": { "type": "Polygon", "coordinates": [ [ [ -46.71962, -7.79694 ], [ -47.16394, -9.88457 ], [ -44.89213, -10.34353 ], [ -44.46321, -8.26203 ], [ -46.71962, -7.79694 ] ] ] } },
{ "type": "Feature", "properties": { "query_name": "feature_0_part_1_split_1", "feature_index": 0, "dataset": "NISAR", "platform": "NISAR", "product_id": "NISAR_L1_PR_RSLC_025_125_D_094_2005_SHSH_A_20260716T212029_20260716T212104_P05023_N_F_J_001", "processing_level": "RSLC", "flight_direction": "DESCENDING", "relative_orbit": 125, "absolute_orbit": 5068, "frame_number": 94, "start_time": "2026-07-16T21:20:29Z", "stop_time": "2026-07-16T21:21:04Z", "scene_name": "NISAR_L1_PR_RSLC_025_125_D_094_2005_SHSH_A_20260716T212029_20260716T212104_P05023_N_F_J_001" }, "geometry": { "type": "Polygon", "coordinates": [ [ [ -47.13791, -9.76546 ], [ -47.59483, -11.91205 ], [ -45.30099, -12.366 ], [ -44.8677, -10.22464 ], [ -47.13791, -9.76546 ] ] ] } },
{ "type": "Feature", "properties": { "query_name": "feature_0_part_1_split_1", "feature_index": 0, "dataset": "NISAR", "platform": "NISAR", "product_id": "NISAR_L1_PR_RSLC_025_125_D_095_2005_SHSH_A_20260716T212103_20260716T212137_P05023_N_F_J_001", "processing_level": "RSLC", "flight_direction": "DESCENDING", "relative_orbit": 125, "absolute_orbit": 5068, "frame_number": 95, "start_time": "2026-07-16T21:21:03Z", "stop_time": "2026-07-16T21:21:37Z", "scene_name": "NISAR_L1_PR_RSLC_025_125_D_095_2005_SHSH_A_20260716T212103_20260716T212137_P05023_N_F_J_001" }, "geometry": { "type": "Polygon", "coordinates": [ [ [ -47.56686, -11.79337 ], [ -48.01034, -13.87982 ], [ -45.69573, -14.32835 ], [ -45.27779, -12.24694 ], [ -47.56686, -11.79337 ] ] ] } },
{ "type": "Feature", "properties": { "query_name": "feature_0_part_1_split_1", "feature_index": 0, "dataset": "NISAR", "platform": "NISAR", "product_id": "NISAR_L1_PR_RSLC_025_125_D_096_2005_SHSH_A_20260716T212136_20260716T212211_P05023_N_F_J_001", "processing_level": "RSLC", "flight_direction": "DESCENDING", "relative_orbit": 125, "absolute_orbit": 5068, "frame_number": 96, "start_time": "2026-07-16T21:21:36Z", "stop_time": "2026-07-16T21:22:11Z", "scene_name": "NISAR_L1_PR_RSLC_025_125_D_096_2005_SHSH_A_20260716T212136_20260716T212211_P05023_N_F_J_001" }, "geometry": { "type": "Polygon", "coordinates": [ [ [ -47.9838, -13.76089 ], [ -48.43527, -15.90722 ], [ -46.10091, -16.34939 ], [ -45.67193, -14.20946 ], [ -47.9838, -13.76089 ] ] ] } },
{ "type": "Feature", "properties": { "query_name": "feature_0_part_1_split_1", "feature_index": 0, "dataset": "NISAR", "platform": "NISAR", "product_id": "NISAR_L1_PR_RSLC_025_125_D_097_2005_SHSH_A_20260716T212210_20260716T212244_P05023_N_F_J_001", "processing_level": "RSLC", "flight_direction": "DESCENDING", "relative_orbit": 125, "absolute_orbit": 5068, "frame_number": 97, "start_time": "2026-07-16T21:22:10Z", "stop_time": "2026-07-16T21:22:44Z", "scene_name": "NISAR_L1_PR_RSLC_025_125_D_097_2005_SHSH_A_20260716T212210_20260716T212244_P05023_N_F_J_001" }, "geometry": { "type": "Polygon", "coordinates": [ [ [ -48.40915, -15.78824 ], [ -48.85906, -17.87225 ], [ -46.49095, -18.31059 ], [ -46.07926, -16.23018 ], [ -48.40915, -15.78824 ] ] ] } },
{ "type": "Feature", "properties": { "query_name": "feature_0_part_1_split_1", "feature_index": 0, "dataset": "NISAR", "platform": "NISAR", "product_id": "NISAR_L1_PR_RSLC_025_125_D_098_2005_SHSH_M_20260716T212243_20260716T212318_P05023_N_F_J_001", "processing_level": "RSLC", "flight_direction": "DESCENDING", "relative_orbit": 125, "absolute_orbit": 5068, "frame_number": 98, "start_time": "2026-07-16T21:22:43Z", "stop_time": "2026-07-16T21:23:18Z", "scene_name": "NISAR_L1_PR_RSLC_025_125_D_098_2005_SHSH_M_20260716T212243_20260716T212318_P05023_N_F_J_001" }, "geometry": { "type": "Polygon", "coordinates": [ [ [ -48.83341, -17.7532 ], [ -49.29497, -19.89647 ], [ -46.87887, -20.33263 ], [ -46.45257, -18.19443 ], [ -48.83341, -17.7532 ] ] ] } },
{ "type": "Feature", "properties": { "query_name": "feature_0_part_1_split_1", "feature_index": 0, "dataset": "NISAR", "platform": "NISAR", "product_id": "NISAR_L1_PR_RSLC_025_125_D_098_4005_DHDH_A_20260716T212313_20260716T212318_P05023_N_P_J_001", "processing_level": "RSLC", "flight_direction": "DESCENDING", "relative_orbit": 125, "absolute_orbit": 5068, "frame_number": 98, "start_time": "2026-07-16T21:23:13Z", "stop_time": "2026-07-16T21:23:18Z", "scene_name": "NISAR_L1_PR_RSLC_025_125_D_098_4005_DHDH_A_20260716T212313_20260716T212318_P05023_N_P_J_001" }, "geometry": { "type": "Polygon", "coordinates": [ [ [ -49.181, -19.5463 ], [ -49.25892, -19.90324 ], [ -46.8788, -20.33264 ], [ -46.80436, -19.97696 ], [ -49.181, -19.5463 ] ] ] } },
{ "type": "Feature", "properties": { "query_name": "feature_0_part_1_split_1", "feature_index": 0, "dataset": "NISAR", "platform": "NISAR", "product_id": "NISAR_L1_PR_RSLC_025_125_D_099_4005_DHDH_A_20260716T212317_20260716T212356_P05023_N_F_J_001", "processing_level": "RSLC", "flight_direction": "DESCENDING", "relative_orbit": 125, "absolute_orbit": 5068, "frame_number": 99, "start_time": "2026-07-16T21:23:17Z", "stop_time": "2026-07-16T21:23:56Z", "scene_name": "NISAR_L1_PR_RSLC_025_125_D_099_4005_DHDH_A_20260716T212317_20260716T212356_P05023_N_F_J_001" }, "geometry": { "type": "Polygon", "coordinates": [ [ [ -49.23178, -19.7845 ], [ -49.74452, -22.16518 ], [ -47.32571, -22.58901 ], [ -46.85141, -20.21455 ], [ -49.23178, -19.7845 ] ] ] } },
{ "type": "Feature", "properties": { "query_name": "feature_0_part_1_split_1", "feature_index": 0, "dataset": "NISAR", "platform": "NISAR", "product_id": "NISAR_L1_PR_RSLC_025_125_D_100_4005_DHDH_A_20260716T212351_20260716T212425_P05023_N_F_J_001", "processing_level": "RSLC", "flight_direction": "DESCENDING", "relative_orbit": 125, "absolute_orbit": 5068, "frame_number": 100, "start_time": "2026-07-16T21:23:51Z", "stop_time": "2026-07-16T21:24:25Z", "scene_name": "NISAR_L1_PR_RSLC_025_125_D_100_4005_DHDH_A_20260716T212351_20260716T212425_P05023_N_F_J_001" }, "geometry": { "type": "Polygon", "coordinates": [ [ [ -49.66869, -21.80795 ], [ -50.11901, -23.89032 ], [ -47.63143, -24.31593 ], [ -47.21738, -22.23921 ], [ -49.66869, -21.80795 ] ] ] } },
{ "type": "Feature", "properties": { "query_name": "feature_0_part_1_split_1", "feature_index": 0, "dataset": "NISAR", "platform": "NISAR", "product_id": "NISAR_L1_PR_RSLC_025_125_D_101_4005_DHDH_A_20260716T212424_20260716T212459_P05023_N_F_J_001", "processing_level": "RSLC", "flight_direction": "DESCENDING", "relative_orbit": 125, "absolute_orbit": 5068, "frame_number": 101, "start_time": "2026-07-16T21:24:24Z", "stop_time": "2026-07-16T21:24:59Z", "scene_name": "NISAR_L1_PR_RSLC_025_125_D_101_4005_DHDH_A_20260716T212424_20260716T212459_P05023_N_F_J_001" }, "geometry": { "type": "Polygon", "coordinates": [ [ [ -50.0656, -23.77635 ], [ -50.5318, -25.91715 ], [ -48.02881, -26.33318 ], [ -47.60791, -24.1973 ], [ -50.0656, -23.77635 ] ] ] } },
{ "type": "Feature", "properties": { "query_name": "feature_0_part_1_split_1", "feature_index": 0, "dataset": "NISAR", "platform": "NISAR", "product_id": "NISAR_L1_PR_RSLC_025_132_A_165_2005_DHDH_A_20260717T094012_20260717T094047_P05023_N_F_J_001", "processing_level": "RSLC", "flight_direction": "ASCENDING", "relative_orbit": 132, "absolute_orbit": 5075, "frame_number": 165, "start_time": "2026-07-17T09:40:12Z", "stop_time": "2026-07-17T09:40:47Z", "scene_name": "NISAR_L1_PR_RSLC_025_132_A_165_2005_DHDH_A_20260717T094012_20260717T094047_P05023_N_F_J_001" }, "geometry": { "type": "Polygon", "coordinates": [ [ [ -54.92174, -25.89526 ], [ -55.39294, -23.75524 ], [ -57.95662, -24.1944 ], [ -57.53686, -26.33001 ], [ -54.92174, -25.89526 ] ] ] } },
{ "type": "Feature", "properties": { "query_name": "feature_0_part_1_split_1", "feature_index": 0, "dataset": "NISAR", "platform": "NISAR", "product_id": "NISAR_L1_PR_RSLC_025_132_A_166_2005_DHDH_A_20260717T094046_20260717T094121_P05023_N_F_J_001", "processing_level": "RSLC", "flight_direction": "ASCENDING", "relative_orbit": 132, "absolute_orbit": 5075, "frame_number": 166, "start_time": "2026-07-17T09:40:46Z", "stop_time": "2026-07-17T09:41:21Z", "scene_name": "NISAR_L1_PR_RSLC_025_132_A_166_2005_DHDH_A_20260717T094046_20260717T094121_P05023_N_F_J_001" }, "geometry": { "type": "Polygon", "coordinates": [ [ [ -55.36639, -23.87404 ], [ -55.8341, -21.73303 ], [ -58.35338, -22.17646 ], [ -57.93331, -24.31304 ], [ -55.36639, -23.87404 ] ] ] } },
{ "type": "Feature", "properties": { "query_name": "feature_0_part_1_split_1", "feature_index": 0, "dataset": "NISAR", "platform": "NISAR", "product_id": "NISAR_L1_PR_RSLC_025_132_A_167_2005_DHDH_A_20260717T094120_20260717T094154_P05023_N_F_J_001", "processing_level": "RSLC", "flight_direction": "ASCENDING", "relative_orbit": 132, "absolute_orbit": 5075, "frame_number": 167, "start_time": "2026-07-17T09:41:20Z", "stop_time": "2026-07-17T09:41:54Z", "scene_name": "NISAR_L1_PR_RSLC_025_132_A_167_2005_DHDH_A_20260717T094120_20260717T094154_P05023_N_F_J_001" }, "geometry": { "type": "Polygon", "coordinates": [ [ [ -55.80975, -21.85224 ], [ -56.25169, -19.76793 ], [ -58.73934, -20.21706 ], [ -58.33, -22.29514 ], [ -55.80975, -21.85224 ] ] ] } },
{ "type": "Feature", "properties": { "query_name": "feature_0_part_1_split_1", "feature_index": 0, "dataset": "NISAR", "platform": "NISAR", "product_id": "NISAR_L1_PR_RSLC_025_132_A_168_2005_DHDH_A_20260717T094153_20260717T094228_P05023_N_F_J_001", "processing_level": "RSLC", "flight_direction": "ASCENDING", "relative_orbit": 132, "absolute_orbit": 5075, "frame_number": 168, "start_time": "2026-07-17T09:41:53Z", "stop_time": "2026-07-17T09:42:28Z", "scene_name": "NISAR_L1_PR_RSLC_025_132_A_168_2005_DHDH_A_20260717T094153_20260717T094228_P05023_N_F_J_001" }, "geometry": { "type": "Polygon", "coordinates": [ [ [ -56.22619, -19.88696 ], [ -56.68542, -17.74344 ], [ -59.13986, -18.19778 ], [ -58.71597, -20.3358 ], [ -56.22619, -19.88696 ] ] ] } },
{ "type": "Feature", "properties": { "query_name": "feature_0_part_1_split_1", "feature_index": 0, "dataset": "NISAR", "platform": "NISAR", "product_id": "NISAR_L1_PR_RSLC_025_132_A_169_2005_DHDH_A_20260717T094227_20260717T094301_P05023_N_F_J_001", "processing_level": "RSLC", "flight_direction": "ASCENDING", "relative_orbit": 132, "absolute_orbit": 5075, "frame_number": 169, "start_time": "2026-07-17T09:42:27Z", "stop_time": "2026-07-17T09:43:01Z", "scene_name": "NISAR_L1_PR_RSLC_025_132_A_169_2005_DHDH_A_20260717T094227_20260717T094301_P05023_N_F_J_001" }, "geometry": { "type": "Polygon", "coordinates": [ [ [ -56.6599, -17.8625 ], [ -57.10985, -15.77866 ], [ -59.52955, -16.23707 ], [ -59.11599, -18.31649 ], [ -56.6599, -17.8625 ] ] ] } },
{ "type": "Feature", "properties": { "query_name": "feature_0_part_1_split_1", "feature_index": 0, "dataset": "NISAR", "platform": "NISAR", "product_id": "NISAR_L1_PR_RSLC_025_132_A_170_2005_DHDH_A_20260717T094300_20260717T094335_P05023_N_F_J_001", "processing_level": "RSLC", "flight_direction": "ASCENDING", "relative_orbit": 132, "absolute_orbit": 5075, "frame_number": 170, "start_time": "2026-07-17T09:43:00Z", "stop_time": "2026-07-17T09:43:35Z", "scene_name": "NISAR_L1_PR_RSLC_025_132_A_170_2005_DHDH_A_20260717T094300_20260717T094335_P05023_N_F_J_001" }, "geometry": { "type": "Polygon", "coordinates": [ [ [ -57.07976, -15.89687 ], [ -57.54147, -13.75271 ], [ -59.93328, -14.21631 ], [ -59.50545, -16.35581 ], [ -57.07976, -15.89687 ] ] ] } },
{ "type": "Feature", "properties": { "query_name": "feature_0_part_1_split_1", "feature_index": 0, "dataset": "NISAR", "platform": "NISAR", "product_id": "NISAR_L1_PR_RSLC_025_132_A_171_2005_DHDH_A_20260717T094334_20260717T094408_P05023_N_F_J_001", "processing_level": "RSLC", "flight_direction": "ASCENDING", "relative_orbit": 132, "absolute_orbit": 5075, "frame_number": 171, "start_time": "2026-07-17T09:43:34Z", "stop_time": "2026-07-17T09:44:08Z", "scene_name": "NISAR_L1_PR_RSLC_025_132_A_171_2005_DHDH_A_20260717T094334_20260717T094408_P05023_N_F_J_001" }, "geometry": { "type": "Polygon", "coordinates": [ [ [ -57.51623, -13.87189 ], [ -57.95571, -11.78482 ], [ -60.32978, -12.25482 ], [ -59.90943, -14.33515 ], [ -57.51623, -13.87189 ] ] ] } },
{ "type": "Feature", "properties": { "query_name": "feature_0_part_1_split_1", "feature_index": 0, "dataset": "NISAR", "platform": "NISAR", "product_id": "NISAR_L1_PR_RSLC_025_132_A_172_2005_DHDH_A_20260717T094407_20260717T094442_P05023_N_F_J_001", "processing_level": "RSLC", "flight_direction": "ASCENDING", "relative_orbit": 132, "absolute_orbit": 5075, "frame_number": 172, "start_time": "2026-07-17T09:44:07Z", "stop_time": "2026-07-17T09:44:42Z", "scene_name": "NISAR_L1_PR_RSLC_025_132_A_172_2005_DHDH_A_20260717T094407_20260717T094442_P05023_N_F_J_001" }, "geometry": { "type": "Polygon", "coordinates": [ [ [ -57.92974, -11.90389 ], [ -58.38652, -9.75746 ], [ -60.73907, -10.23296 ], [ -60.30664, -12.37386 ], [ -57.92974, -11.90389 ] ] ] } },
{ "type": "Feature", "properties": { "query_name": "feature_0_part_1_split_1", "feature_index": 0, "dataset": "NISAR", "platform": "NISAR", "product_id": "NISAR_L1_PR_RSLC_025_140_D_094_2005_SHSH_A_20260717T221845_20260717T221920_P05023_N_F_J_001", "processing_level": "RSLC", "flight_direction": "DESCENDING", "relative_orbit": 140, "absolute_orbit": 5083, "frame_number": 94, "start_time": "2026-07-17T22:18:45Z", "stop_time": "2026-07-17T22:19:20Z", "scene_name": "NISAR_L1_PR_RSLC_025_140_D_094_2005_SHSH_A_20260717T221845_20260717T221920_P05023_N_F_J_001" }, "geometry": { "type": "Polygon", "coordinates": [ [ [ -61.70777, -9.77195 ], [ -62.163, -11.91889 ], [ -59.86476, -12.37365 ], [ -59.43094, -10.23241 ], [ -61.70777, -9.77195 ] ] ] } },
{ "type": "Feature", "properties": { "query_name": "feature_0_part_1_split_1", "feature_index": 0, "dataset": "NISAR", "platform": "NISAR", "product_id": "NISAR_L1_PR_RSLC_025_140_D_095_2005_SHSH_A_20260717T221919_20260717T221953_P05023_N_F_J_001", "processing_level": "RSLC", "flight_direction": "DESCENDING", "relative_orbit": 140, "absolute_orbit": 5083, "frame_number": 95, "start_time": "2026-07-17T22:19:19Z", "stop_time": "2026-07-17T22:19:53Z", "scene_name": "NISAR_L1_PR_RSLC_025_140_D_095_2005_SHSH_A_20260717T221919_20260717T221953_P05023_N_F_J_001" }, "geometry": { "type": "Polygon", "coordinates": [ [ [ -62.13654, -11.79991 ], [ -62.58171, -13.88603 ], [ -60.26306, -14.33531 ], [ -59.841, -12.2547 ], [ -62.13654, -11.79991 ] ] ] } },
{ "type": "Feature", "properties": { "query_name": "feature_0_part_1_split_1", "feature_index": 0, "dataset": "NISAR", "platform": "NISAR", "product_id": "NISAR_L1_PR_RSLC_025_146_A_166_4005_DHDH_A_20260718T085909_20260718T085943_P05023_N_F_J_001", "processing_level": "RSLC", "flight_direction": "ASCENDING", "relative_orbit": 146, "absolute_orbit": 5089, "frame_number": 166, "start_time": "2026-07-18T08:59:09Z", "stop_time": "2026-07-18T08:59:43Z", "scene_name": "NISAR_L1_PR_RSLC_025_146_A_166_4005_DHDH_A_20260718T085909_20260718T085943_P05023_N_F_J_001" }, "geometry": { "type": "Polygon", "coordinates": [ [ [ -44.98516, -23.86842 ], [ -45.44953, -21.78872 ], [ -47.87847, -22.21622 ], [ -47.46335, -24.29271 ], [ -44.98516, -23.86842 ] ] ] } },
{ "type": "Feature", "properties": { "query_name": "feature_0_part_1_split_1", "feature_index": 0, "dataset": "NISAR", "platform": "NISAR", "product_id": "NISAR_L1_PR_RSLC_025_146_A_167_4005_DHDH_A_20260718T085942_20260718T090017_P05023_N_F_J_001", "processing_level": "RSLC", "flight_direction": "ASCENDING", "relative_orbit": 146, "absolute_orbit": 5089, "frame_number": 167, "start_time": "2026-07-18T08:59:42Z", "stop_time": "2026-07-18T09:00:17Z", "scene_name": "NISAR_L1_PR_RSLC_025_146_A_167_4005_DHDH_A_20260718T085942_20260718T090017_P05023_N_F_J_001" }, "geometry": { "type": "Polygon", "coordinates": [ [ [ -45.42706, -21.90827 ], [ -45.88272, -19.76475 ], [ -48.2753, -20.19699 ], [ -47.85542, -22.33498 ], [ -45.42706, -21.90827 ] ] ] } },
{ "type": "Feature", "properties": { "query_name": "feature_0_part_1_split_1", "feature_index": 0, "dataset": "NISAR", "platform": "NISAR", "product_id": "NISAR_L1_PR_RSLC_025_146_A_168_2005_DHDH_M_20260718T090016_20260718T090051_P05023_N_F_J_001", "processing_level": "RSLC", "flight_direction": "ASCENDING", "relative_orbit": 146, "absolute_orbit": 5089, "frame_number": 168, "start_time": "2026-07-18T09:00:16Z", "stop_time": "2026-07-18T09:00:51Z", "scene_name": "NISAR_L1_PR_RSLC_025_146_A_168_2005_DHDH_M_20260718T090016_20260718T090051_P05023_N_F_J_001" }, "geometry": { "type": "Polygon", "coordinates": [ [ [ -45.85704, -19.88374 ], [ -46.3139, -17.73989 ], [ -48.67576, -18.17737 ], [ -48.25218, -20.3158 ], [ -45.85704, -19.88374 ] ] ] } },
{ "type": "Feature", "properties": { "query_name": "feature_0_part_1_split_1", "feature_index": 0, "dataset": "NISAR", "platform": "NISAR", "product_id": "NISAR_L1_PR_RSLC_025_146_A_169_2005_DHDH_M_20260718T090050_20260718T090124_P05023_N_F_J_001", "processing_level": "RSLC", "flight_direction": "ASCENDING", "relative_orbit": 146, "absolute_orbit": 5089, "frame_number": 169, "start_time": "2026-07-18T09:00:50Z", "stop_time": "2026-07-18T09:01:24Z", "scene_name": "NISAR_L1_PR_RSLC_025_146_A_169_2005_DHDH_M_20260718T090050_20260718T090124_P05023_N_F_J_001" }, "geometry": { "type": "Polygon", "coordinates": [ [ [ -46.25053, -17.85169 ], [ -46.69663, -15.76707 ], [ -49.0196, -16.20791 ], [ -48.60142, -18.28709 ], [ -46.25053, -17.85169 ] ] ] } },
{ "type": "Feature", "properties": { "query_name": "feature_0_part_1_split_1", "feature_index": 0, "dataset": "NISAR", "platform": "NISAR", "product_id": "NISAR_L1_PR_RSLC_025_146_A_169_4005_DHDH_A_20260718T090117_20260718T090120_P05023_N_P_J_001", "processing_level": "RSLC", "flight_direction": "ASCENDING", "relative_orbit": 146, "absolute_orbit": 5089, "frame_number": 169, "start_time": "2026-07-18T09:01:17Z", "stop_time": "2026-07-18T09:01:20Z", "scene_name": "NISAR_L1_PR_RSLC_025_146_A_169_4005_DHDH_A_20260718T090117_20260718T090120_P05023_N_P_J_001" }, "geometry": { "type": "Polygon", "coordinates": [ [ [ -46.61353, -16.24725 ], [ -46.66384, -16.0089 ], [ -48.97244, -16.4457 ], [ -48.92349, -16.68312 ], [ -46.61353, -16.24725 ] ] ] } },
{ "type": "Feature", "properties": { "query_name": "feature_0_part_1_split_1", "feature_index": 0, "dataset": "NISAR", "platform": "NISAR", "product_id": "NISAR_L1_PR_RSLC_025_146_A_170_4005_DHDH_A_20260718T090125_20260718T090158_P05023_N_F_J_001", "processing_level": "RSLC", "flight_direction": "ASCENDING", "relative_orbit": 146, "absolute_orbit": 5089, "frame_number": 170, "start_time": "2026-07-18T09:01:25Z", "stop_time": "2026-07-18T09:01:58Z", "scene_name": "NISAR_L1_PR_RSLC_025_146_A_170_4005_DHDH_A_20260718T090125_20260718T090158_P05023_N_F_J_001" }, "geometry": { "type": "Polygon", "coordinates": [ [ [ -46.69664, -15.76704 ], [ -47.12656, -13.74074 ], [ -49.41682, -14.18538 ], [ -49.01771, -16.20752 ], [ -46.69664, -15.76704 ] ] ] } },
{ "type": "Feature", "properties": { "query_name": "feature_0_part_1_split_1", "feature_index": 0, "dataset": "NISAR", "platform": "NISAR", "product_id": "NISAR_L1_PR_RSLC_025_146_A_171_2005_DHDH_M_20260718T090157_20260718T090231_P05023_N_F_J_001", "processing_level": "RSLC", "flight_direction": "ASCENDING", "relative_orbit": 146, "absolute_orbit": 5089, "frame_number": 171, "start_time": "2026-07-18T09:01:57Z", "stop_time": "2026-07-18T09:02:31Z", "scene_name": "NISAR_L1_PR_RSLC_025_146_A_171_2005_DHDH_M_20260718T090157_20260718T090231_P05023_N_F_J_001" }, "geometry": { "type": "Polygon", "coordinates": [ [ [ -47.07695, -13.85508 ], [ -47.5178, -11.76815 ], [ -49.81218, -12.22311 ], [ -49.3931, -14.30427 ], [ -47.07695, -13.85508 ] ] ] } },
{ "type": "Feature", "properties": { "query_name": "feature_0_part_1_split_1", "feature_index": 0, "dataset": "NISAR", "platform": "NISAR", "product_id": "NISAR_L1_PR_RSLC_025_146_A_171_4005_DHDH_A_20260718T090157_20260718T090205_P05023_N_P_J_001", "processing_level": "RSLC", "flight_direction": "ASCENDING", "relative_orbit": 146, "absolute_orbit": 5089, "frame_number": 171, "start_time": "2026-07-18T09:01:57Z", "stop_time": "2026-07-18T09:02:05Z", "scene_name": "NISAR_L1_PR_RSLC_025_146_A_171_4005_DHDH_A_20260718T090157_20260718T090205_P05023_N_P_J_001" }, "geometry": { "type": "Polygon", "coordinates": [ [ [ -47.10278, -13.86021 ], [ -47.2166, -13.32379 ], [ -49.50118, -13.76932 ], [ -49.39314, -14.30428 ], [ -47.10278, -13.86021 ] ] ] } },
{ "type": "Feature", "properties": { "query_name": "feature_0_part_1_split_1", "feature_index": 0, "dataset": "NISAR", "platform": "NISAR", "product_id": "NISAR_L1_PR_RSLC_025_146_A_172_2005_DHDH_A_20260718T090230_20260718T090305_P05023_N_F_J_001", "processing_level": "RSLC", "flight_direction": "ASCENDING", "relative_orbit": 146, "absolute_orbit": 5089, "frame_number": 172, "start_time": "2026-07-18T09:02:30Z", "stop_time": "2026-07-18T09:03:05Z", "scene_name": "NISAR_L1_PR_RSLC_025_146_A_172_2005_DHDH_A_20260718T090230_20260718T090305_P05023_N_F_J_001" }, "geometry": { "type": "Polygon", "coordinates": [ [ [ -47.4884, -11.88654 ], [ -47.94436, -9.7398 ], [ -50.21626, -10.19964 ], [ -49.78097, -12.34062 ], [ -47.4884, -11.88654 ] ] ] } },
{ "type": "Feature", "properties": { "query_name": "feature_0_part_1_split_1", "feature_index": 0, "dataset": "NISAR", "platform": "NISAR", "product_id": "NISAR_L1_PR_RSLC_025_146_A_173_2005_DHDH_A_20260718T090304_20260718T090338_P05023_N_F_J_001", "processing_level": "RSLC", "flight_direction": "ASCENDING", "relative_orbit": 146, "absolute_orbit": 5089, "frame_number": 173, "start_time": "2026-07-18T09:03:04Z", "stop_time": "2026-07-18T09:03:38Z", "scene_name": "NISAR_L1_PR_RSLC_025_146_A_173_2005_DHDH_A_20260718T090304_20260718T090338_P05023_N_F_J_001" }, "geometry": { "type": "Polygon", "coordinates": [ [ [ -47.91927, -9.85909 ], [ -48.36331, -7.77144 ], [ -50.62162, -8.23721 ], [ -50.19195, -10.31856 ], [ -47.91927, -9.85909 ] ] ] } },
{ "type": "Feature", "properties": { "query_name": "feature_0_part_1_split_1", "feature_index": 0, "dataset": "NISAR", "platform": "NISAR", "product_id": "NISAR_L1_PR_RSLC_025_146_A_174_2005_DHDH_A_20260718T090337_20260718T090412_P05023_N_F_J_001", "processing_level": "RSLC", "flight_direction": "ASCENDING", "relative_orbit": 146, "absolute_orbit": 5089, "frame_number": 174, "start_time": "2026-07-18T09:03:37Z", "stop_time": "2026-07-18T09:04:12Z", "scene_name": "NISAR_L1_PR_RSLC_025_146_A_174_2005_DHDH_A_20260718T090337_20260718T090412_P05023_N_F_J_001" }, "geometry": { "type": "Polygon", "coordinates": [ [ [ -48.33802, -7.89074 ], [ -48.79618, -5.74299 ], [ -51.04289, -6.21495 ], [ -50.59623, -8.35597 ], [ -48.33802, -7.89074 ] ] ] } },
{ "type": "Feature", "properties": { "query_name": "feature_0_part_1_split_1", "feature_index": 0, "dataset": "NISAR", "platform": "NISAR", "product_id": "NISAR_L1_PR_RSLC_025_154_D_091_2005_SHSH_A_20260718T213528_20260718T213602_P05023_N_F_J_001", "processing_level": "RSLC", "flight_direction": "DESCENDING", "relative_orbit": 154, "absolute_orbit": 5097, "frame_number": 91, "start_time": "2026-07-18T21:35:28Z", "stop_time": "2026-07-18T21:36:02Z", "scene_name": "NISAR_L1_PR_RSLC_025_154_D_091_2005_SHSH_A_20260718T213528_20260718T213602_P05023_N_F_J_001" }, "geometry": { "type": "Polygon", "coordinates": [ [ [ -50.03654, -3.80985 ], [ -50.48376, -5.89838 ], [ -48.22827, -6.37142 ], [ -47.78986, -4.28958 ], [ -50.03654, -3.80985 ] ] ] } },
{ "type": "Feature", "properties": { "query_name": "feature_0_part_1_split_1", "feature_index": 0, "dataset": "NISAR", "platform": "NISAR", "product_id": "NISAR_L1_PR_RSLC_025_154_D_092_2005_SHSH_A_20260718T213601_20260718T213636_P05023_N_F_J_001", "processing_level": "RSLC", "flight_direction": "DESCENDING", "relative_orbit": 154, "absolute_orbit": 5097, "frame_number": 92, "start_time": "2026-07-18T21:36:01Z", "stop_time": "2026-07-18T21:36:36Z", "scene_name": "NISAR_L1_PR_RSLC_025_154_D_092_2005_SHSH_A_20260718T213601_20260718T213636_P05023_N_F_J_001" }, "geometry": { "type": "Polygon", "coordinates": [ [ [ -50.45417, -5.77995 ], [ -50.91662, -7.92685 ], [ -48.6466, -8.3942 ], [ -48.20373, -6.25242 ], [ -50.45417, -5.77995 ] ] ] } },
{ "type": "Feature", "properties": { "query_name": "feature_0_part_1_split_1", "feature_index": 0, "dataset": "NISAR", "platform": "NISAR", "product_id": "NISAR_L1_PR_RSLC_025_154_D_093_2005_SHSH_A_20260718T213635_20260718T213709_P05023_N_F_J_001", "processing_level": "RSLC", "flight_direction": "DESCENDING", "relative_orbit": 154, "absolute_orbit": 5097, "frame_number": 93, "start_time": "2026-07-18T21:36:35Z", "stop_time": "2026-07-18T21:37:09Z", "scene_name": "NISAR_L1_PR_RSLC_025_154_D_093_2005_SHSH_A_20260718T213635_20260718T213709_P05023_N_F_J_001" }, "geometry": { "type": "Polygon", "coordinates": [ [ [ -50.89028, -7.80777 ], [ -51.33401, -9.89554 ], [ -49.05097, -10.35674 ], [ -48.62144, -8.27539 ], [ -50.89028, -7.80777 ] ] ] } },
{ "type": "Feature", "properties": { "query_name": "feature_0_part_1_split_1", "feature_index": 0, "dataset": "NISAR", "platform": "NISAR", "product_id": "NISAR_L1_PR_RSLC_025_154_D_094_2005_SHSH_A_20260718T213708_20260718T213743_P05023_N_F_J_001", "processing_level": "RSLC", "flight_direction": "DESCENDING", "relative_orbit": 154, "absolute_orbit": 5097, "frame_number": 94, "start_time": "2026-07-18T21:37:08Z", "stop_time": "2026-07-18T21:37:43Z", "scene_name": "NISAR_L1_PR_RSLC_025_154_D_094_2005_SHSH_A_20260718T213708_20260718T213743_P05023_N_F_J_001" }, "geometry": { "type": "Polygon", "coordinates": [ [ [ -51.30572, -9.7769 ], [ -51.76566, -11.92288 ], [ -49.46262, -12.37865 ], [ -49.02683, -10.23779 ], [ -51.30572, -9.7769 ] ] ] } },
{ "type": "Feature", "properties": { "query_name": "feature_0_part_1_split_1", "feature_index": 0, "dataset": "NISAR", "platform": "NISAR", "product_id": "NISAR_L1_PR_RSLC_025_154_D_095_2005_SHSH_A_20260718T213742_20260718T213816_P05023_N_F_J_001", "processing_level": "RSLC", "flight_direction": "DESCENDING", "relative_orbit": 154, "absolute_orbit": 5097, "frame_number": 95, "start_time": "2026-07-18T21:37:42Z", "stop_time": "2026-07-18T21:38:16Z", "scene_name": "NISAR_L1_PR_RSLC_025_154_D_095_2005_SHSH_A_20260718T213742_20260718T213816_P05023_N_F_J_001" }, "geometry": { "type": "Polygon", "coordinates": [ [ [ -51.74021, -11.8037 ], [ -52.18371, -13.89017 ], [ -49.85791, -14.34087 ], [ -49.4386, -12.25975 ], [ -51.74021, -11.8037 ] ] ] } },
{ "type": "Feature", "properties": { "query_name": "feature_0_part_1_split_1", "feature_index": 0, "dataset": "NISAR", "platform": "NISAR", "product_id": "NISAR_L1_PR_RSLC_025_154_D_096_2005_SHSH_A_20260718T213815_20260718T213850_P05023_N_F_J_001", "processing_level": "RSLC", "flight_direction": "DESCENDING", "relative_orbit": 154, "absolute_orbit": 5097, "frame_number": 96, "start_time": "2026-07-18T21:38:15Z", "stop_time": "2026-07-18T21:38:50Z", "scene_name": "NISAR_L1_PR_RSLC_025_154_D_096_2005_SHSH_A_20260718T213815_20260718T213850_P05023_N_F_J_001" }, "geometry": { "type": "Polygon", "coordinates": [ [ [ -52.15847, -13.77098 ], [ -52.61393, -15.91658 ], [ -50.26007, -16.36245 ], [ -49.83411, -14.22199 ], [ -52.15847, -13.77098 ] ] ] } },
{ "type": "Feature", "properties": { "query_name": "feature_0_part_1_split_1", "feature_index": 0, "dataset": "NISAR", "platform": "NISAR", "product_id": "NISAR_L1_PR_RSLC_025_154_D_097_2005_SHSH_A_20260718T213849_20260718T213923_P05023_N_F_J_001", "processing_level": "RSLC", "flight_direction": "DESCENDING", "relative_orbit": 154, "absolute_orbit": 5097, "frame_number": 97, "start_time": "2026-07-18T21:38:49Z", "stop_time": "2026-07-18T21:39:23Z", "scene_name": "NISAR_L1_PR_RSLC_025_154_D_097_2005_SHSH_A_20260718T213849_20260718T213923_P05023_N_F_J_001" }, "geometry": { "type": "Polygon", "coordinates": [ [ [ -52.58946, -15.79727 ], [ -53.02704, -17.88368 ], [ -50.65074, -18.3235 ], [ -50.23546, -16.24377 ], [ -52.58946, -15.79727 ] ] ] } },
{ "type": "Feature", "properties": { "query_name": "feature_0_part_1_split_1", "feature_index": 0, "dataset": "NISAR", "platform": "NISAR", "product_id": "NISAR_L1_PR_RSLC_025_154_D_098_2005_SHSH_M_20260718T213922_20260718T213957_P05023_N_F_J_001", "processing_level": "RSLC", "flight_direction": "DESCENDING", "relative_orbit": 154, "absolute_orbit": 5097, "frame_number": 98, "start_time": "2026-07-18T21:39:22Z", "stop_time": "2026-07-18T21:39:57Z", "scene_name": "NISAR_L1_PR_RSLC_025_154_D_098_2005_SHSH_M_20260718T213922_20260718T213957_P05023_N_F_J_001" }, "geometry": { "type": "Polygon", "coordinates": [ [ [ -53.00291, -17.76434 ], [ -53.46702, -19.90715 ], [ -51.03714, -20.34578 ], [ -50.61111, -18.20756 ], [ -53.00291, -17.76434 ] ] ] } },
{ "type": "Feature", "properties": { "query_name": "feature_0_part_1_split_1", "feature_index": 0, "dataset": "NISAR", "platform": "NISAR", "product_id": "NISAR_L1_PR_RSLC_025_154_D_099_2005_DHDH_A_20260718T213957_20260718T214030_P05023_N_F_J_001", "processing_level": "RSLC", "flight_direction": "DESCENDING", "relative_orbit": 154, "absolute_orbit": 5097, "frame_number": 99, "start_time": "2026-07-18T21:39:57Z", "stop_time": "2026-07-18T21:40:30Z", "scene_name": "NISAR_L1_PR_RSLC_025_154_D_099_2005_DHDH_A_20260718T213957_20260718T214030_P05023_N_F_J_001" }, "geometry": { "type": "Polygon", "coordinates": [ [ [ -53.37264, -19.86297 ], [ -53.80932, -21.88626 ], [ -51.42365, -22.30555 ], [ -51.02576, -20.28636 ], [ -53.37264, -19.86297 ] ] ] } },
{ "type": "Feature", "properties": { "query_name": "feature_0_part_1_split_1", "feature_index": 0, "dataset": "NISAR", "platform": "NISAR", "product_id": "NISAR_L1_PR_RSLC_025_154_D_100_2005_DHDH_M_20260718T214029_20260718T214104_P05023_N_F_J_001", "processing_level": "RSLC", "flight_direction": "DESCENDING", "relative_orbit": 154, "absolute_orbit": 5097, "frame_number": 100, "start_time": "2026-07-18T21:40:29Z", "stop_time": "2026-07-18T21:41:04Z", "scene_name": "NISAR_L1_PR_RSLC_025_154_D_100_2005_DHDH_M_20260718T214029_20260718T214104_P05023_N_F_J_001" }, "geometry": { "type": "Polygon", "coordinates": [ [ [ -53.78821, -21.76645 ], [ -54.25452, -23.90763 ], [ -51.80651, -24.32623 ], [ -51.38785, -22.18892 ], [ -53.78821, -21.76645 ] ] ] } },
{ "type": "Feature", "properties": { "query_name": "feature_0_part_1_split_1", "feature_index": 0, "dataset": "NISAR", "platform": "NISAR", "product_id": "NISAR_L1_PR_RSLC_025_168_D_096_2005_SHSH_A_20260719T205638_20260719T205713_P05023_N_F_J_001", "processing_level": "RSLC", "flight_direction": "DESCENDING", "relative_orbit": 168, "absolute_orbit": 5111, "frame_number": 96, "start_time": "2026-07-19T20:56:38Z", "stop_time": "2026-07-19T20:57:13Z", "scene_name": "NISAR_L1_PR_RSLC_025_168_D_096_2005_SHSH_A_20260719T205638_20260719T205713_P05023_N_F_J_001" }, "geometry": { "type": "Polygon", "coordinates": [ [ [ -41.74758, -13.77895 ], [ -42.20262, -15.92459 ], [ -39.86043, -16.36824 ], [ -39.43188, -14.22825 ], [ -41.74758, -13.77895 ] ] ] } },
{ "type": "Feature", "properties": { "query_name": "feature_0_part_1_split_1", "feature_index": 0, "dataset": "NISAR", "platform": "NISAR", "product_id": "NISAR_L1_PR_RSLC_025_168_D_097_2005_SHSH_A_20260719T205712_20260719T205746_P05023_N_F_J_001", "processing_level": "RSLC", "flight_direction": "DESCENDING", "relative_orbit": 168, "absolute_orbit": 5111, "frame_number": 97, "start_time": "2026-07-19T20:57:12Z", "stop_time": "2026-07-19T20:57:46Z", "scene_name": "NISAR_L1_PR_RSLC_025_168_D_097_2005_SHSH_A_20260719T205712_20260719T205746_P05023_N_F_J_001" }, "geometry": { "type": "Polygon", "coordinates": [ [ [ -42.17395, -15.8061 ], [ -42.6172, -17.89138 ], [ -40.25113, -18.3293 ], [ -39.83542, -16.24964 ], [ -42.17395, -15.8061 ] ] ] } },
{ "type": "Feature", "properties": { "query_name": "feature_0_part_1_split_1", "feature_index": 0, "dataset": "NISAR", "platform": "NISAR", "product_id": "NISAR_L1_PR_RSLC_025_168_D_098_2005_SHSH_M_20260719T205745_20260719T205820_P05023_N_F_J_001", "processing_level": "RSLC", "flight_direction": "DESCENDING", "relative_orbit": 168, "absolute_orbit": 5111, "frame_number": 98, "start_time": "2026-07-19T20:57:45Z", "stop_time": "2026-07-19T20:58:20Z", "scene_name": "NISAR_L1_PR_RSLC_025_168_D_098_2005_SHSH_M_20260719T205745_20260719T205820_P05023_N_F_J_001" }, "geometry": { "type": "Polygon", "coordinates": [ [ [ -42.59164, -17.77232 ], [ -43.05255, -19.91568 ], [ -40.64168, -20.35085 ], [ -40.22197, -18.21149 ], [ -42.59164, -17.77232 ] ] ] } },
{ "type": "Feature", "properties": { "query_name": "feature_0_part_1_split_1", "feature_index": 0, "dataset": "NISAR", "platform": "NISAR", "product_id": "NISAR_L1_PR_RSLC_026_002_A_165_4005_DHDH_A_20260720T091513_20260720T091548_P05023_N_F_J_001", "processing_level": "RSLC", "flight_direction": "ASCENDING", "relative_orbit": 2, "absolute_orbit": 5118, "frame_number": 165, "start_time": "2026-07-20T09:15:13Z", "stop_time": "2026-07-20T09:15:48Z", "scene_name": "NISAR_L1_PR_RSLC_026_002_A_165_4005_DHDH_A_20260720T091513_20260720T091548_P05023_N_F_J_001" }, "geometry": { "type": "Polygon", "coordinates": [ [ [ -48.72222, -25.9466 ], [ -49.20034, -23.80805 ], [ -51.66189, -24.22937 ], [ -51.24491, -26.36563 ], [ -48.72222, -25.9466 ] ] ] } },
{ "type": "Feature", "properties": { "query_name": "feature_0_part_1_split_1", "feature_index": 0, "dataset": "NISAR", "platform": "NISAR", "product_id": "NISAR_L1_PR_RSLC_026_002_A_166_2005_DHDH_M_20260720T091547_20260720T091622_P05023_N_F_J_001", "processing_level": "RSLC", "flight_direction": "ASCENDING", "relative_orbit": 2, "absolute_orbit": 5118, "frame_number": 166, "start_time": "2026-07-20T09:15:47Z", "stop_time": "2026-07-20T09:16:22Z", "scene_name": "NISAR_L1_PR_RSLC_026_002_A_166_2005_DHDH_M_20260720T091547_20260720T091622_P05023_N_F_J_001" }, "geometry": { "type": "Polygon", "coordinates": [ [ [ -49.07112, -23.90836 ], [ -49.53335, -21.76618 ], [ -52.05731, -22.21099 ], [ -51.63958, -24.34818 ], [ -49.07112, -23.90836 ] ] ] } },
{ "type": "Feature", "properties": { "query_name": "feature_0_part_1_split_1", "feature_index": 0, "dataset": "NISAR", "platform": "NISAR", "product_id": "NISAR_L1_PR_RSLC_026_002_A_166_4005_DHDH_A_20260720T091547_20260720T091554_P05023_N_P_J_001", "processing_level": "RSLC", "flight_direction": "ASCENDING", "relative_orbit": 2, "absolute_orbit": 5118, "frame_number": 166, "start_time": "2026-07-20T09:15:47Z", "stop_time": "2026-07-20T09:15:54Z", "scene_name": "NISAR_L1_PR_RSLC_026_002_A_166_4005_DHDH_A_20260720T091547_20260720T091554_P05023_N_P_J_001" }, "geometry": { "type": "Polygon", "coordinates": [ [ [ -49.17529, -23.92709 ], [ -49.27759, -23.45115 ], [ -51.73021, -23.87302 ], [ -51.63958, -24.34818 ], [ -49.17529, -23.92709 ] ] ] } },
{ "type": "Feature", "properties": { "query_name": "feature_0_part_1_split_1", "feature_index": 0, "dataset": "NISAR", "platform": "NISAR", "product_id": "NISAR_L1_PR_RSLC_026_002_A_167_2005_DHDH_A_20260720T091621_20260720T091655_P05023_N_F_J_001", "processing_level": "RSLC", "flight_direction": "ASCENDING", "relative_orbit": 2, "absolute_orbit": 5118, "frame_number": 167, "start_time": "2026-07-20T09:16:21Z", "stop_time": "2026-07-20T09:16:55Z", "scene_name": "NISAR_L1_PR_RSLC_026_002_A_167_2005_DHDH_A_20260720T091621_20260720T091655_P05023_N_F_J_001" }, "geometry": { "type": "Polygon", "coordinates": [ [ [ -49.50778, -21.88518 ], [ -49.95745, -19.80212 ], [ -52.40984, -20.24559 ], [ -51.9995, -22.32391 ], [ -49.50778, -21.88518 ] ] ] } },
{ "type": "Feature", "properties": { "query_name": "feature_0_part_1_split_1", "feature_index": 0, "dataset": "NISAR", "platform": "NISAR", "product_id": "NISAR_L1_PR_RSLC_026_002_A_168_2005_DHDH_A_20260720T091654_20260720T091729_P05023_N_F_J_001", "processing_level": "RSLC", "flight_direction": "ASCENDING", "relative_orbit": 2, "absolute_orbit": 5118, "frame_number": 168, "start_time": "2026-07-20T09:16:54Z", "stop_time": "2026-07-20T09:17:29Z", "scene_name": "NISAR_L1_PR_RSLC_026_002_A_168_2005_DHDH_A_20260720T091654_20260720T091729_P05023_N_F_J_001" }, "geometry": { "type": "Polygon", "coordinates": [ [ [ -49.93144, -19.92107 ], [ -50.39318, -17.77786 ], [ -52.81401, -18.22656 ], [ -52.38654, -20.36436 ], [ -49.93144, -19.92107 ] ] ] } },
{ "type": "Feature", "properties": { "query_name": "feature_0_part_1_split_1", "feature_index": 0, "dataset": "NISAR", "platform": "NISAR", "product_id": "NISAR_L1_PR_RSLC_026_002_A_169_2005_DHDH_A_20260720T091728_20260720T091802_P05023_N_F_J_001", "processing_level": "RSLC", "flight_direction": "ASCENDING", "relative_orbit": 2, "absolute_orbit": 5118, "frame_number": 169, "start_time": "2026-07-20T09:17:28Z", "stop_time": "2026-07-20T09:18:02Z", "scene_name": "NISAR_L1_PR_RSLC_026_002_A_169_2005_DHDH_A_20260720T091728_20260720T091802_P05023_N_F_J_001" }, "geometry": { "type": "Polygon", "coordinates": [ [ [ -50.36702, -17.8968 ], [ -50.81052, -15.81158 ], [ -53.20185, -16.26517 ], [ -52.79039, -18.34534 ], [ -50.36702, -17.8968 ] ] ] } },
{ "type": "Feature", "properties": { "query_name": "feature_0_part_1_split_1", "feature_index": 0, "dataset": "NISAR", "platform": "NISAR", "product_id": "NISAR_L1_PR_RSLC_026_002_A_170_2005_DHDH_A_20260720T091801_20260720T091836_P05023_N_F_J_001", "processing_level": "RSLC", "flight_direction": "ASCENDING", "relative_orbit": 2, "absolute_orbit": 5118, "frame_number": 170, "start_time": "2026-07-20T09:18:01Z", "stop_time": "2026-07-20T09:18:36Z", "scene_name": "NISAR_L1_PR_RSLC_026_002_A_170_2005_DHDH_A_20260720T091801_20260720T091836_P05023_N_F_J_001" }, "geometry": { "type": "Polygon", "coordinates": [ [ [ -50.78535, -15.93074 ], [ -51.24039, -13.78512 ], [ -53.60595, -14.24411 ], [ -53.17982, -16.38429 ], [ -50.78535, -15.93074 ] ] ] } },
{ "type": "Feature", "properties": { "query_name": "feature_0_part_1_split_1", "feature_index": 0, "dataset": "NISAR", "platform": "NISAR", "product_id": "NISAR_L1_PR_RSLC_026_002_A_171_2005_DHDH_A_20260720T091835_20260720T091909_P05023_N_F_J_001", "processing_level": "RSLC", "flight_direction": "ASCENDING", "relative_orbit": 2, "absolute_orbit": 5118, "frame_number": 171, "start_time": "2026-07-20T09:18:35Z", "stop_time": "2026-07-20T09:19:09Z", "scene_name": "NISAR_L1_PR_RSLC_026_002_A_171_2005_DHDH_A_20260720T091835_20260720T091909_P05023_N_F_J_001" }, "geometry": { "type": "Polygon", "coordinates": [ [ [ -51.21508, -13.90429 ], [ -51.65974, -11.81811 ], [ -54.00086, -12.28197 ], [ -53.58171, -14.3629 ], [ -51.21508, -13.90429 ] ] ] } },
{ "type": "Feature", "properties": { "query_name": "feature_0_part_1_split_1", "feature_index": 0, "dataset": "NISAR", "platform": "NISAR", "product_id": "NISAR_L1_PR_RSLC_026_002_A_172_2005_DHDH_A_20260720T091908_20260720T091943_P05023_N_F_J_001", "processing_level": "RSLC", "flight_direction": "ASCENDING", "relative_orbit": 2, "absolute_orbit": 5118, "frame_number": 172, "start_time": "2026-07-20T09:19:08Z", "stop_time": "2026-07-20T09:19:43Z", "scene_name": "NISAR_L1_PR_RSLC_026_002_A_172_2005_DHDH_A_20260720T091908_20260720T091943_P05023_N_F_J_001" }, "geometry": { "type": "Polygon", "coordinates": [ [ [ -51.63461, -11.93735 ], [ -52.09078, -9.79066 ], [ -54.41241, -10.2602 ], [ -53.97653, -12.4008 ], [ -51.63461, -11.93735 ] ] ] } },
{ "type": "Feature", "properties": { "query_name": "feature_0_part_1_split_1", "feature_index": 0, "dataset": "NISAR", "platform": "NISAR", "product_id": "NISAR_L1_PR_RSLC_026_010_D_095_2005_SHSH_M_20260720T215420_20260720T215454_P05023_N_F_J_001", "processing_level": "RSLC", "flight_direction": "DESCENDING", "relative_orbit": 10, "absolute_orbit": 5126, "frame_number": 95, "start_time": "2026-07-20T21:54:20Z", "stop_time": "2026-07-20T21:54:54Z", "scene_name": "NISAR_L1_PR_RSLC_026_010_D_095_2005_SHSH_M_20260720T215420_20260720T215454_P05023_N_F_J_001" }, "geometry": { "type": "Polygon", "coordinates": [ [ [ -55.90925, -11.7521 ], [ -56.35241, -13.83873 ], [ -54.02479, -14.29018 ], [ -53.60732, -12.2086 ], [ -55.90925, -11.7521 ] ] ] } },
{ "type": "Feature", "properties": { "query_name": "feature_0_part_1_split_1", "feature_index": 0, "dataset": "NISAR", "platform": "NISAR", "product_id": "NISAR_L1_PR_RSLC_026_010_D_095_4005_DHDH_A_20260720T215449_20260720T215454_P05023_N_P_J_001", "processing_level": "RSLC", "flight_direction": "DESCENDING", "relative_orbit": 10, "absolute_orbit": 5126, "frame_number": 95, "start_time": "2026-07-20T21:54:49Z", "stop_time": "2026-07-20T21:54:54Z", "scene_name": "NISAR_L1_PR_RSLC_026_010_D_095_4005_DHDH_A_20260720T215449_20260720T215454_P05023_N_P_J_001" }, "geometry": { "type": "Polygon", "coordinates": [ [ [ -56.2462, -13.48714 ], [ -56.32262, -13.84466 ], [ -54.02475, -14.29019 ], [ -53.95431, -13.93325 ], [ -56.2462, -13.48714 ] ] ] } },
{ "type": "Feature", "properties": { "query_name": "feature_0_part_1_split_1", "feature_index": 0, "dataset": "NISAR", "platform": "NISAR", "product_id": "NISAR_L1_PR_RSLC_026_010_D_096_4005_DHDH_A_20260720T215453_20260720T215528_P05023_N_F_J_001", "processing_level": "RSLC", "flight_direction": "DESCENDING", "relative_orbit": 10, "absolute_orbit": 5126, "frame_number": 96, "start_time": "2026-07-20T21:54:53Z", "stop_time": "2026-07-20T21:55:28Z", "scene_name": "NISAR_L1_PR_RSLC_026_010_D_096_4005_DHDH_A_20260720T215453_20260720T215528_P05023_N_F_J_001" }, "geometry": { "type": "Polygon", "coordinates": [ [ [ -56.29772, -13.7254 ], [ -56.75488, -15.87064 ], [ -54.43278, -16.31081 ], [ -54.00112, -14.17127 ], [ -56.29772, -13.7254 ] ] ] } },
{ "type": "Feature", "properties": { "query_name": "feature_0_part_1_split_1", "feature_index": 0, "dataset": "NISAR", "platform": "NISAR", "product_id": "NISAR_L1_PR_RSLC_026_010_D_097_2005_SHSH_M_20260720T215527_20260720T215601_P05023_N_F_J_001", "processing_level": "RSLC", "flight_direction": "DESCENDING", "relative_orbit": 10, "absolute_orbit": 5126, "frame_number": 97, "start_time": "2026-07-20T21:55:27Z", "stop_time": "2026-07-20T21:56:01Z", "scene_name": "NISAR_L1_PR_RSLC_026_010_D_097_2005_SHSH_M_20260720T215527_20260720T215601_P05023_N_F_J_001" }, "geometry": { "type": "Polygon", "coordinates": [ [ [ -56.7277, -15.75186 ], [ -57.17694, -17.83603 ], [ -54.82243, -18.27217 ], [ -54.40844, -16.19208 ], [ -56.7277, -15.75186 ] ] ] } },
{ "type": "Feature", "properties": { "query_name": "feature_0_part_1_split_1", "feature_index": 0, "dataset": "NISAR", "platform": "NISAR", "product_id": "NISAR_L1_PR_RSLC_026_010_D_097_4005_DHDH_A_20260720T215527_20260720T215534_P05023_N_P_J_001", "processing_level": "RSLC", "flight_direction": "DESCENDING", "relative_orbit": 10, "absolute_orbit": 5126, "frame_number": 97, "start_time": "2026-07-20T21:55:27Z", "stop_time": "2026-07-20T21:55:34Z", "scene_name": "NISAR_L1_PR_RSLC_026_010_D_097_4005_DHDH_A_20260720T215527_20260720T215534_P05023_N_P_J_001" }, "geometry": { "type": "Polygon", "coordinates": [ [ [ -56.7277, -15.75186 ], [ -56.83337, -16.22768 ], [ -54.50349, -16.66752 ], [ -54.4084, -16.19209 ], [ -56.7277, -15.75186 ] ] ] } },
{ "type": "Feature", "properties": { "query_name": "feature_0_part_1_split_1", "feature_index": 0, "dataset": "NISAR", "platform": "NISAR", "product_id": "NISAR_L1_PR_RSLC_026_010_D_098_2005_SHSH_M_20260720T215600_20260720T215635_P05023_N_F_J_001", "processing_level": "RSLC", "flight_direction": "DESCENDING", "relative_orbit": 10, "absolute_orbit": 5126, "frame_number": 98, "start_time": "2026-07-20T21:56:00Z", "stop_time": "2026-07-20T21:56:35Z", "scene_name": "NISAR_L1_PR_RSLC_026_010_D_098_2005_SHSH_M_20260720T215600_20260720T215635_P05023_N_F_J_001" }, "geometry": { "type": "Polygon", "coordinates": [ [ [ -57.10432, -17.72599 ], [ -57.56313, -19.8696 ], [ -55.12459, -20.30917 ], [ -54.70047, -18.17095 ], [ -57.10432, -17.72599 ] ] ] } },
{ "type": "Feature", "properties": { "query_name": "feature_0_part_1_split_1", "feature_index": 0, "dataset": "NISAR", "platform": "NISAR", "product_id": "NISAR_L1_PR_RSLC_026_010_D_099_2005_DHDH_A_20260720T215637_20260720T215709_P05023_N_F_J_001", "processing_level": "RSLC", "flight_direction": "DESCENDING", "relative_orbit": 10, "absolute_orbit": 5126, "frame_number": 99, "start_time": "2026-07-20T21:56:37Z", "stop_time": "2026-07-20T21:57:09Z", "scene_name": "NISAR_L1_PR_RSLC_026_010_D_099_2005_DHDH_A_20260720T215637_20260720T215709_P05023_N_F_J_001" }, "geometry": { "type": "Polygon", "coordinates": [ [ [ -57.55312, -19.93344 ], [ -57.97578, -21.89744 ], [ -55.52, -22.32846 ], [ -55.13601, -20.36865 ], [ -57.55312, -19.93344 ] ] ] } },
{ "type": "Feature", "properties": { "query_name": "feature_0_part_1_split_1", "feature_index": 0, "dataset": "NISAR", "platform": "NISAR", "product_id": "NISAR_L1_PR_RSLC_026_010_D_100_2005_DHDH_A_20260720T215708_20260720T215742_P05023_N_F_J_001", "processing_level": "RSLC", "flight_direction": "DESCENDING", "relative_orbit": 10, "absolute_orbit": 5126, "frame_number": 100, "start_time": "2026-07-20T21:57:08Z", "stop_time": "2026-07-20T21:57:42Z", "scene_name": "NISAR_L1_PR_RSLC_026_010_D_100_2005_DHDH_A_20260720T215708_20260720T215742_P05023_N_F_J_001" }, "geometry": { "type": "Polygon", "coordinates": [ [ [ -57.95013, -21.77847 ], [ -58.40139, -23.86054 ], [ -55.90808, -24.28671 ], [ -55.49735, -22.20965 ], [ -57.95013, -21.77847 ] ] ] } },
{ "type": "Feature", "properties": { "query_name": "feature_0_part_1_split_1", "feature_index": 0, "dataset": "NISAR", "platform": "NISAR", "product_id": "NISAR_L1_PR_RSLC_026_016_A_169_2005_DHDH_A_20260721T083551_20260721T083625_P05023_N_F_J_001", "processing_level": "RSLC", "flight_direction": "ASCENDING", "relative_orbit": 16, "absolute_orbit": 5132, "frame_number": 169, "start_time": "2026-07-21T08:35:51Z", "stop_time": "2026-07-21T08:36:25Z", "scene_name": "NISAR_L1_PR_RSLC_026_016_A_169_2005_DHDH_A_20260721T083551_20260721T083625_P05023_N_F_J_001" }, "geometry": { "type": "Polygon", "coordinates": [ [ [ -39.98602, -17.89325 ], [ -40.43787, -15.8097 ], [ -42.78643, -16.25513 ], [ -42.36818, -18.33421 ], [ -39.98602, -17.89325 ] ] ] } },
{ "type": "Feature", "properties": { "query_name": "feature_0_part_1_split_1", "feature_index": 0, "dataset": "NISAR", "platform": "NISAR", "product_id": "NISAR_L1_PR_RSLC_026_016_A_170_2005_DHDH_A_20260721T083624_20260721T083659_P05023_N_F_J_001", "processing_level": "RSLC", "flight_direction": "ASCENDING", "relative_orbit": 16, "absolute_orbit": 5132, "frame_number": 170, "start_time": "2026-07-21T08:36:24Z", "stop_time": "2026-07-21T08:36:59Z", "scene_name": "NISAR_L1_PR_RSLC_026_016_A_170_2005_DHDH_A_20260721T083624_20260721T083659_P05023_N_F_J_001" }, "geometry": { "type": "Polygon", "coordinates": [ [ [ -40.41147, -15.92862 ], [ -40.86731, -13.78324 ], [ -43.18764, -14.23344 ], [ -42.76129, -16.3737 ], [ -40.41147, -15.92862 ] ] ] } },
{ "type": "Feature", "properties": { "query_name": "feature_0_part_1_split_1", "feature_index": 0, "dataset": "NISAR", "platform": "NISAR", "product_id": "NISAR_L1_PR_RSLC_026_016_A_171_2005_DHDH_A_20260721T083658_20260721T083732_P05023_N_F_J_001", "processing_level": "RSLC", "flight_direction": "ASCENDING", "relative_orbit": 16, "absolute_orbit": 5132, "frame_number": 171, "start_time": "2026-07-21T08:36:58Z", "stop_time": "2026-07-21T08:37:32Z", "scene_name": "NISAR_L1_PR_RSLC_026_016_A_171_2005_DHDH_A_20260721T083658_20260721T083732_P05023_N_F_J_001" }, "geometry": { "type": "Polygon", "coordinates": [ [ [ -40.84002, -13.90202 ], [ -41.29211, -11.81739 ], [ -43.58359, -12.2714 ], [ -43.16412, -14.35237 ], [ -40.84002, -13.90202 ] ] ] } },
{ "type": "Feature", "properties": { "query_name": "feature_0_part_1_split_1", "feature_index": 0, "dataset": "NISAR", "platform": "NISAR", "product_id": "NISAR_L1_PR_RSLC_026_016_A_173_2005_DHDH_A_20260721T083805_20260721T083839_P05023_N_F_J_001", "processing_level": "RSLC", "flight_direction": "ASCENDING", "relative_orbit": 16, "absolute_orbit": 5132, "frame_number": 173, "start_time": "2026-07-21T08:38:05Z", "stop_time": "2026-07-21T08:38:39Z", "scene_name": "NISAR_L1_PR_RSLC_026_016_A_173_2005_DHDH_A_20260721T083805_20260721T083839_P05023_N_F_J_001" }, "geometry": { "type": "Polygon", "coordinates": [ [ [ -41.69167, -9.90802 ], [ -42.13274, -7.81983 ], [ -44.39933, -8.287 ], [ -43.97189, -10.36864 ], [ -41.69167, -9.90802 ] ] ] } },
{ "type": "Feature", "properties": { "query_name": "feature_0_part_1_split_1", "feature_index": 0, "dataset": "NISAR", "platform": "NISAR", "product_id": "NISAR_L1_PR_RSLC_026_016_A_174_2005_DHDH_A_20260721T083838_20260721T083913_P05023_N_F_J_001", "processing_level": "RSLC", "flight_direction": "ASCENDING", "relative_orbit": 16, "absolute_orbit": 5132, "frame_number": 174, "start_time": "2026-07-21T08:38:38Z", "stop_time": "2026-07-21T08:39:13Z", "scene_name": "NISAR_L1_PR_RSLC_026_016_A_174_2005_DHDH_A_20260721T083838_20260721T083913_P05023_N_F_J_001" }, "geometry": { "type": "Polygon", "coordinates": [ [ [ -42.10717, -7.93906 ], [ -42.56784, -5.79191 ], [ -44.81781, -6.2643 ], [ -44.37518, -8.406 ], [ -42.10717, -7.93906 ] ] ] } },
{ "type": "Feature", "properties": { "query_name": "feature_0_part_1_split_1", "feature_index": 0, "dataset": "NISAR", "platform": "NISAR", "product_id": "NISAR_L1_PR_RSLC_026_016_A_175_2005_DHDH_M_20260721T083912_20260721T083946_P05023_N_F_J_001", "processing_level": "RSLC", "flight_direction": "ASCENDING", "relative_orbit": 16, "absolute_orbit": 5132, "frame_number": 175, "start_time": "2026-07-21T08:39:12Z", "stop_time": "2026-07-21T08:39:46Z", "scene_name": "NISAR_L1_PR_RSLC_026_016_A_175_2005_DHDH_M_20260721T083912_20260721T083946_P05023_N_F_J_001" }, "geometry": { "type": "Polygon", "coordinates": [ [ [ -42.5074, -5.90379 ], [ -42.95491, -3.81534 ], [ -45.20782, -4.29651 ], [ -44.77241, -6.37896 ], [ -42.5074, -5.90379 ] ] ] } },
{ "type": "Feature", "properties": { "query_name": "feature_0_part_1_split_1", "feature_index": 0, "dataset": "NISAR", "platform": "NISAR", "product_id": "NISAR_L1_PR_RSLC_026_016_A_175_4005_DHDH_A_20260721T083941_20260721T083946_P05023_N_P_J_001", "processing_level": "RSLC", "flight_direction": "ASCENDING", "relative_orbit": 16, "absolute_orbit": 5132, "frame_number": 175, "start_time": "2026-07-21T08:39:41Z", "stop_time": "2026-07-21T08:39:46Z", "scene_name": "NISAR_L1_PR_RSLC_026_016_A_175_4005_DHDH_A_20260721T083941_20260721T083946_P05023_N_P_J_001" }, "geometry": { "type": "Polygon", "coordinates": [ [ [ -42.87716, -4.17316 ], [ -42.95491, -3.81534 ], [ -45.17779, -4.29014 ], [ -45.10368, -4.64732 ], [ -42.87716, -4.17316 ] ] ] } },
{ "type": "Feature", "properties": { "query_name": "feature_0_part_1_split_1", "feature_index": 0, "dataset": "NISAR", "platform": "NISAR", "product_id": "NISAR_L1_PR_RSLC_026_016_A_176_4005_DHDH_A_20260721T083945_20260721T084020_P05023_N_F_J_001", "processing_level": "RSLC", "flight_direction": "ASCENDING", "relative_orbit": 16, "absolute_orbit": 5132, "frame_number": 176, "start_time": "2026-07-21T08:39:45Z", "stop_time": "2026-07-21T08:40:20Z", "scene_name": "NISAR_L1_PR_RSLC_026_016_A_176_4005_DHDH_A_20260721T083945_20260721T084020_P05023_N_F_J_001" }, "geometry": { "type": "Polygon", "coordinates": [ [ [ -42.92925, -3.93464 ], [ -43.39288, -1.78641 ], [ -45.60989, -2.26774 ], [ -45.15282, -4.40912 ], [ -42.92925, -3.93464 ] ] ] } },
{ "type": "Feature", "properties": { "query_name": "feature_0_part_1_split_1", "feature_index": 0, "dataset": "NISAR", "platform": "NISAR", "product_id": "NISAR_L1_PR_RSLC_026_024_D_090_2005_SHSH_A_20260721T210955_20260721T211030_P05023_N_F_J_001", "processing_level": "RSLC", "flight_direction": "DESCENDING", "relative_orbit": 24, "absolute_orbit": 5140, "frame_number": 90, "start_time": "2026-07-21T21:09:55Z", "stop_time": "2026-07-21T21:10:30Z", "scene_name": "NISAR_L1_PR_RSLC_026_024_D_090_2005_SHSH_A_20260721T210955_20260721T211030_P05023_N_F_J_001" }, "geometry": { "type": "Polygon", "coordinates": [ [ [ -43.3492, -1.7431 ], [ -43.81354, -3.89122 ], [ -41.56854, -4.3703 ], [ -41.11441, -2.22837 ], [ -43.3492, -1.7431 ] ] ] } },
{ "type": "Feature", "properties": { "query_name": "feature_0_part_1_split_1", "feature_index": 0, "dataset": "NISAR", "platform": "NISAR", "product_id": "NISAR_L1_PR_RSLC_026_024_D_091_2005_SHSH_A_20260721T211029_20260721T211103_P05023_N_F_J_001", "processing_level": "RSLC", "flight_direction": "DESCENDING", "relative_orbit": 24, "absolute_orbit": 5140, "frame_number": 91, "start_time": "2026-07-21T21:10:29Z", "stop_time": "2026-07-21T21:11:03Z", "scene_name": "NISAR_L1_PR_RSLC_026_024_D_091_2005_SHSH_A_20260721T211029_20260721T211103_P05023_N_F_J_001" }, "geometry": { "type": "Polygon", "coordinates": [ [ [ -43.78763, -3.77197 ], [ -44.23322, -5.86086 ], [ -41.98289, -6.33302 ], [ -41.54528, -4.25097 ], [ -43.78763, -3.77197 ] ] ] } },
{ "type": "Feature", "properties": { "query_name": "feature_0_part_1_split_1", "feature_index": 0, "dataset": "NISAR", "platform": "NISAR", "product_id": "NISAR_L1_PR_RSLC_026_024_D_092_2005_SHSH_A_20260721T211102_20260721T211137_P05023_N_F_J_001", "processing_level": "RSLC", "flight_direction": "DESCENDING", "relative_orbit": 24, "absolute_orbit": 5140, "frame_number": 92, "start_time": "2026-07-21T21:11:02Z", "stop_time": "2026-07-21T21:11:37Z", "scene_name": "NISAR_L1_PR_RSLC_026_024_D_092_2005_SHSH_A_20260721T211102_20260721T211137_P05023_N_F_J_001" }, "geometry": { "type": "Polygon", "coordinates": [ [ [ -44.20849, -5.74141 ], [ -44.66486, -7.8896 ], [ -42.40278, -8.35553 ], [ -41.95878, -6.21393 ], [ -44.20849, -5.74141 ] ] ] } },
{ "type": "Feature", "properties": { "query_name": "feature_0_part_1_split_1", "feature_index": 0, "dataset": "NISAR", "platform": "NISAR", "product_id": "NISAR_L1_PR_RSLC_026_024_D_093_2005_SHSH_A_20260721T211136_20260721T211210_P05023_N_F_J_001", "processing_level": "RSLC", "flight_direction": "DESCENDING", "relative_orbit": 24, "absolute_orbit": 5140, "frame_number": 93, "start_time": "2026-07-21T21:11:36Z", "stop_time": "2026-07-21T21:12:10Z", "scene_name": "NISAR_L1_PR_RSLC_026_024_D_093_2005_SHSH_A_20260721T211136_20260721T211210_P05023_N_F_J_001" }, "geometry": { "type": "Polygon", "coordinates": [ [ [ -44.63992, -7.77023 ], [ -45.08529, -9.85768 ], [ -42.80523, -10.3185 ], [ -42.37898, -8.23645 ], [ -44.63992, -7.77023 ] ] ] } },
{ "type": "Feature", "properties": { "query_name": "feature_0_part_1_split_1", "feature_index": 0, "dataset": "NISAR", "platform": "NISAR", "product_id": "NISAR_L1_PR_RSLC_026_024_D_094_2005_SHSH_A_20260721T211209_20260721T211244_P05023_N_F_J_001", "processing_level": "RSLC", "flight_direction": "DESCENDING", "relative_orbit": 24, "absolute_orbit": 5140, "frame_number": 94, "start_time": "2026-07-21T21:12:09Z", "stop_time": "2026-07-21T21:12:44Z", "scene_name": "NISAR_L1_PR_RSLC_026_024_D_094_2005_SHSH_A_20260721T211209_20260721T211244_P05023_N_F_J_001" }, "geometry": { "type": "Polygon", "coordinates": [ [ [ -45.05962, -9.7385 ], [ -45.5115, -11.88613 ], [ -43.21709, -12.34041 ], [ -42.7811, -10.19955 ], [ -45.05962, -9.7385 ] ] ] } },
{ "type": "Feature", "properties": { "query_name": "feature_0_part_1_split_1", "feature_index": 0, "dataset": "NISAR", "platform": "NISAR", "product_id": "NISAR_L1_PR_RSLC_026_024_D_095_2005_SHSH_A_20260721T211243_20260721T211317_P05023_N_F_J_001", "processing_level": "RSLC", "flight_direction": "DESCENDING", "relative_orbit": 24, "absolute_orbit": 5140, "frame_number": 95, "start_time": "2026-07-21T21:12:43Z", "stop_time": "2026-07-21T21:13:17Z", "scene_name": "NISAR_L1_PR_RSLC_026_024_D_095_2005_SHSH_A_20260721T211243_20260721T211317_P05023_N_F_J_001" }, "geometry": { "type": "Polygon", "coordinates": [ [ [ -45.48825, -11.76651 ], [ -45.92825, -13.85368 ], [ -43.61267, -14.30262 ], [ -43.19284, -12.22155 ], [ -45.48825, -11.76651 ] ] ] } },
{ "type": "Feature", "properties": { "query_name": "feature_0_part_1_split_1", "feature_index": 0, "dataset": "NISAR", "platform": "NISAR", "product_id": "NISAR_L1_PR_RSLC_026_024_D_096_2005_SHSH_A_20260721T211316_20260721T211351_P05023_N_F_J_001", "processing_level": "RSLC", "flight_direction": "DESCENDING", "relative_orbit": 24, "absolute_orbit": 5140, "frame_number": 96, "start_time": "2026-07-21T21:13:16Z", "stop_time": "2026-07-21T21:13:51Z", "scene_name": "NISAR_L1_PR_RSLC_026_024_D_096_2005_SHSH_A_20260721T211316_20260721T211351_P05023_N_F_J_001" }, "geometry": { "type": "Polygon", "coordinates": [ [ [ -45.90254, -13.73458 ], [ -46.36124, -15.87954 ], [ -44.01493, -16.32423 ], [ -43.58883, -14.18375 ], [ -45.90254, -13.73458 ] ] ] } },
{ "type": "Feature", "properties": { "query_name": "feature_0_part_1_split_1", "feature_index": 0, "dataset": "NISAR", "platform": "NISAR", "product_id": "NISAR_L1_PR_RSLC_026_024_D_097_2005_SHSH_A_20260721T211350_20260721T211424_P05023_N_F_J_001", "processing_level": "RSLC", "flight_direction": "DESCENDING", "relative_orbit": 24, "absolute_orbit": 5140, "frame_number": 97, "start_time": "2026-07-21T21:13:50Z", "stop_time": "2026-07-21T21:14:24Z", "scene_name": "NISAR_L1_PR_RSLC_026_024_D_097_2005_SHSH_A_20260721T211350_20260721T211424_P05023_N_F_J_001" }, "geometry": { "type": "Polygon", "coordinates": [ [ [ -46.33716, -15.76016 ], [ -46.78027, -17.84552 ], [ -44.40719, -18.28504 ], [ -43.99118, -16.20539 ], [ -46.33716, -15.76016 ] ] ] } },
{ "type": "Feature", "properties": { "query_name": "feature_0_part_1_split_1", "feature_index": 0, "dataset": "NISAR", "platform": "NISAR", "product_id": "NISAR_L1_PR_RSLC_026_024_D_098_2005_SHSH_M_20260721T211423_20260721T211458_P05023_N_F_J_001", "processing_level": "RSLC", "flight_direction": "DESCENDING", "relative_orbit": 24, "absolute_orbit": 5140, "frame_number": 98, "start_time": "2026-07-21T21:14:23Z", "stop_time": "2026-07-21T21:14:58Z", "scene_name": "NISAR_L1_PR_RSLC_026_024_D_098_2005_SHSH_M_20260721T211423_20260721T211458_P05023_N_F_J_001" }, "geometry": { "type": "Polygon", "coordinates": [ [ [ -46.75667, -17.72609 ], [ -47.21141, -19.87066 ], [ -44.79913, -20.30641 ], [ -44.37667, -18.16748 ], [ -46.75667, -17.72609 ] ] ] } },
{ "type": "Feature", "properties": { "query_name": "feature_0_part_1_split_1", "feature_index": 0, "dataset": "NISAR", "platform": "NISAR", "product_id": "NISAR_L1_PR_RSLC_026_024_D_099_2005_DHDH_M_20260721T211457_20260721T211531_P05023_N_F_J_001", "processing_level": "RSLC", "flight_direction": "DESCENDING", "relative_orbit": 24, "absolute_orbit": 5140, "frame_number": 99, "start_time": "2026-07-21T21:14:57Z", "stop_time": "2026-07-21T21:15:31Z", "scene_name": "NISAR_L1_PR_RSLC_026_024_D_099_2005_DHDH_M_20260721T211457_20260721T211531_P05023_N_F_J_001" }, "geometry": { "type": "Polygon", "coordinates": [ [ [ -47.13392, -19.76139 ], [ -47.58721, -21.84362 ], [ -45.15852, -22.2708 ], [ -44.75322, -20.19154 ], [ -47.13392, -19.76139 ] ] ] } },
{ "type": "Feature", "properties": { "query_name": "feature_0_part_1_split_1", "feature_index": 0, "dataset": "NISAR", "platform": "NISAR", "product_id": "NISAR_L1_PR_RSLC_026_024_D_099_4005_DHDH_A_20260721T211525_20260721T211531_P05023_N_P_J_001", "processing_level": "RSLC", "flight_direction": "DESCENDING", "relative_orbit": 24, "absolute_orbit": 5140, "frame_number": 99, "start_time": "2026-07-21T21:15:25Z", "stop_time": "2026-07-21T21:15:31Z", "scene_name": "NISAR_L1_PR_RSLC_026_024_D_099_4005_DHDH_A_20260721T211525_20260721T211531_P05023_N_P_J_001" }, "geometry": { "type": "Polygon", "coordinates": [ [ [ -47.49895, -21.4268 ], [ -47.58721, -21.84362 ], [ -45.15849, -22.27081 ], [ -45.08102, -21.85448 ], [ -47.49895, -21.4268 ] ] ] } },
{ "type": "Feature", "properties": { "query_name": "feature_0_part_1_split_1", "feature_index": 0, "dataset": "NISAR", "platform": "NISAR", "product_id": "NISAR_L1_PR_RSLC_026_024_D_100_4005_DHDH_A_20260721T211530_20260721T211605_P05023_N_F_J_001", "processing_level": "RSLC", "flight_direction": "DESCENDING", "relative_orbit": 24, "absolute_orbit": 5140, "frame_number": 100, "start_time": "2026-07-21T21:15:30Z", "stop_time": "2026-07-21T21:16:05Z", "scene_name": "NISAR_L1_PR_RSLC_026_024_D_100_4005_DHDH_A_20260721T211530_20260721T211605_P05023_N_F_J_001" }, "geometry": { "type": "Polygon", "coordinates": [ [ [ -47.56308, -21.72436 ], [ -48.02722, -23.86604 ], [ -45.56866, -24.28704 ], [ -45.1382, -22.15158 ], [ -47.56308, -21.72436 ] ] ] } },
{ "type": "Feature", "properties": { "query_name": "feature_0_part_1_split_1", "feature_index": 0, "dataset": "NISAR", "platform": "NISAR", "product_id": "NISAR_L1_PR_RSLC_026_031_A_165_4005_SHSH_A_20260722T093149_20260722T093230_P05023_N_F_J_001", "processing_level": "RSLC", "flight_direction": "ASCENDING", "relative_orbit": 31, "absolute_orbit": 5147, "frame_number": 165, "start_time": "2026-07-22T09:31:49Z", "stop_time": "2026-07-22T09:32:30Z", "scene_name": "NISAR_L1_PR_RSLC_026_031_A_165_4005_SHSH_A_20260722T093149_20260722T093230_P05023_N_F_J_001" }, "geometry": { "type": "Polygon", "coordinates": [ [ [ -52.86439, -26.11133 ], [ -53.40717, -23.61375 ], [ -55.846, -24.03241 ], [ -55.35623, -26.52433 ], [ -52.86439, -26.11133 ] ] ] } },
{ "type": "Feature", "properties": { "query_name": "feature_0_part_1_split_1", "feature_index": 0, "dataset": "NISAR", "platform": "NISAR", "product_id": "NISAR_L1_PR_RSLC_026_031_A_166_2005_SHSH_M_20260722T093226_20260722T093300_P05023_N_F_J_001", "processing_level": "RSLC", "flight_direction": "ASCENDING", "relative_orbit": 31, "absolute_orbit": 5147, "frame_number": 166, "start_time": "2026-07-22T09:32:26Z", "stop_time": "2026-07-22T09:33:00Z", "scene_name": "NISAR_L1_PR_RSLC_026_031_A_166_2005_SHSH_M_20260722T093226_20260722T093300_P05023_N_F_J_001" }, "geometry": { "type": "Polygon", "coordinates": [ [ [ -53.31226, -23.90564 ], [ -53.76306, -21.82353 ], [ -56.19814, -22.25192 ], [ -55.78832, -24.32921 ], [ -53.31226, -23.90564 ] ] ] } },
{ "type": "Feature", "properties": { "query_name": "feature_0_part_1_split_1", "feature_index": 0, "dataset": "NISAR", "platform": "NISAR", "product_id": "NISAR_L1_PR_RSLC_026_031_A_167_4005_SHSH_A_20260722T093257_20260722T093338_P05023_N_F_J_001", "processing_level": "RSLC", "flight_direction": "ASCENDING", "relative_orbit": 31, "absolute_orbit": 5147, "frame_number": 167, "start_time": "2026-07-22T09:32:57Z", "stop_time": "2026-07-22T09:33:38Z", "scene_name": "NISAR_L1_PR_RSLC_026_031_A_167_4005_SHSH_A_20260722T093257_20260722T093338_P05023_N_F_J_001" }, "geometry": { "type": "Polygon", "coordinates": [ [ [ -53.71127, -22.06143 ], [ -54.25334, -19.56256 ], [ -56.619, -19.99117 ], [ -56.12868, -22.48555 ], [ -53.71127, -22.06143 ] ] ] } },
{ "type": "Feature", "properties": { "query_name": "feature_0_part_1_split_1", "feature_index": 0, "dataset": "NISAR", "platform": "NISAR", "product_id": "NISAR_L1_PR_RSLC_026_031_A_168_2005_SHSH_M_20260722T093333_20260722T093408_P05023_N_F_J_001", "processing_level": "RSLC", "flight_direction": "ASCENDING", "relative_orbit": 31, "absolute_orbit": 5147, "frame_number": 168, "start_time": "2026-07-22T09:33:33Z", "stop_time": "2026-07-22T09:34:08Z", "scene_name": "NISAR_L1_PR_RSLC_026_031_A_168_2005_SHSH_M_20260722T093333_20260722T093408_P05023_N_F_J_001" }, "geometry": { "type": "Polygon", "coordinates": [ [ [ -54.1776, -19.91986 ], [ -54.63201, -17.77559 ], [ -56.97226, -18.20902 ], [ -56.54896, -20.34757 ], [ -54.1776, -19.91986 ] ] ] } },
{ "type": "Feature", "properties": { "query_name": "feature_0_part_1_split_1", "feature_index": 0, "dataset": "NISAR", "platform": "NISAR", "product_id": "NISAR_L1_PR_RSLC_026_031_A_168_4005_SHSH_A_20260722T093333_20260722T093338_P05023_N_P_J_001", "processing_level": "RSLC", "flight_direction": "ASCENDING", "relative_orbit": 31, "absolute_orbit": 5147, "frame_number": 168, "start_time": "2026-07-22T09:33:33Z", "stop_time": "2026-07-22T09:33:38Z", "scene_name": "NISAR_L1_PR_RSLC_026_031_A_168_4005_SHSH_A_20260722T093333_20260722T093338_P05023_N_P_J_001" }, "geometry": { "type": "Polygon", "coordinates": [ [ [ -54.1776, -19.91986 ], [ -54.25334, -19.56256 ], [ -56.619, -19.99117 ], [ -56.549, -20.34758 ], [ -54.1776, -19.91986 ] ] ] } },
{ "type": "Feature", "properties": { "query_name": "feature_0_part_1_split_1", "feature_index": 0, "dataset": "NISAR", "platform": "NISAR", "product_id": "NISAR_L1_PR_RSLC_026_031_A_169_2005_SHSH_M_20260722T093407_20260722T093441_P05023_N_F_J_001", "processing_level": "RSLC", "flight_direction": "ASCENDING", "relative_orbit": 31, "absolute_orbit": 5147, "frame_number": 169, "start_time": "2026-07-22T09:34:07Z", "stop_time": "2026-07-22T09:34:41Z", "scene_name": "NISAR_L1_PR_RSLC_026_031_A_169_2005_SHSH_M_20260722T093407_20260722T093441_P05023_N_F_J_001" }, "geometry": { "type": "Polygon", "coordinates": [ [ [ -54.56927, -17.88751 ], [ -55.01533, -15.80291 ], [ -57.33911, -16.24371 ], [ -56.9243, -18.32345 ], [ -54.56927, -17.88751 ] ] ] } },
{ "type": "Feature", "properties": { "query_name": "feature_0_part_1_split_1", "feature_index": 0, "dataset": "NISAR", "platform": "NISAR", "product_id": "NISAR_L1_PR_RSLC_026_031_A_170_4005_SHSH_A_20260722T093437_20260722T093518_P05023_N_F_J_001", "processing_level": "RSLC", "flight_direction": "ASCENDING", "relative_orbit": 31, "absolute_orbit": 5147, "frame_number": 170, "start_time": "2026-07-22T09:34:37Z", "stop_time": "2026-07-22T09:35:18Z", "scene_name": "NISAR_L1_PR_RSLC_026_031_A_170_4005_SHSH_A_20260722T093437_20260722T093518_P05023_N_F_J_001" }, "geometry": { "type": "Polygon", "coordinates": [ [ [ -54.95046, -16.10049 ], [ -55.48568, -13.59828 ], [ -57.78365, -14.04501 ], [ -57.27947, -16.54078 ], [ -54.95046, -16.10049 ] ] ] } },
{ "type": "Feature", "properties": { "query_name": "feature_0_part_1_split_1", "feature_index": 0, "dataset": "NISAR", "platform": "NISAR", "product_id": "NISAR_L1_PR_RSLC_026_031_A_169_4005_SHSH_A_20260722T093437_20260722T093441_P05023_N_P_J_001", "processing_level": "RSLC", "flight_direction": "ASCENDING", "relative_orbit": 31, "absolute_orbit": 5147, "frame_number": 169, "start_time": "2026-07-22T09:34:37Z", "stop_time": "2026-07-22T09:34:41Z", "scene_name": "NISAR_L1_PR_RSLC_026_031_A_169_4005_SHSH_A_20260722T093437_20260722T093441_P05023_N_P_J_001" }, "geometry": { "type": "Polygon", "coordinates": [ [ [ -54.95046, -16.10049 ], [ -55.01533, -15.80291 ], [ -57.33922, -16.24374 ], [ -57.27947, -16.54078 ], [ -54.95046, -16.10049 ] ] ] } },
{ "type": "Feature", "properties": { "query_name": "feature_0_part_1_split_1", "feature_index": 0, "dataset": "NISAR", "platform": "NISAR", "product_id": "NISAR_L1_PR_RSLC_026_039_D_094_2005_SHSH_A_20260722T221025_20260722T221100_P05023_N_F_J_001", "processing_level": "RSLC", "flight_direction": "DESCENDING", "relative_orbit": 39, "absolute_orbit": 5155, "frame_number": 94, "start_time": "2026-07-22T22:10:25Z", "stop_time": "2026-07-22T22:11:00Z", "scene_name": "NISAR_L1_PR_RSLC_026_039_D_094_2005_SHSH_A_20260722T221025_20260722T221100_P05023_N_F_J_001" }, "geometry": { "type": "Polygon", "coordinates": [ [ [ -59.64699, -9.73893 ], [ -60.10044, -11.88632 ], [ -57.77852, -12.34605 ], [ -57.34266, -10.2052 ], [ -59.64699, -9.73893 ] ] ] } },
{ "type": "Feature", "properties": { "query_name": "feature_0_part_1_split_1", "feature_index": 0, "dataset": "NISAR", "platform": "NISAR", "product_id": "NISAR_L1_PR_RSLC_026_039_D_095_2005_SHSH_A_20260722T221059_20260722T221133_P05023_N_F_J_001", "processing_level": "RSLC", "flight_direction": "DESCENDING", "relative_orbit": 39, "absolute_orbit": 5155, "frame_number": 95, "start_time": "2026-07-22T22:10:59Z", "stop_time": "2026-07-22T22:11:33Z", "scene_name": "NISAR_L1_PR_RSLC_026_039_D_095_2005_SHSH_A_20260722T221059_20260722T221133_P05023_N_F_J_001" }, "geometry": { "type": "Polygon", "coordinates": [ [ [ -60.07522, -11.76709 ], [ -60.52157, -13.85308 ], [ -58.1718, -14.30866 ], [ -57.75443, -12.22716 ], [ -60.07522, -11.76709 ] ] ] } },
{ "type": "Feature", "properties": { "query_name": "feature_0_part_1_split_1", "feature_index": 0, "dataset": "NISAR", "platform": "NISAR", "product_id": "NISAR_L1_PR_RSLC_026_039_D_096_2005_SHSH_A_20260722T221132_20260722T221207_P05023_N_F_J_001", "processing_level": "RSLC", "flight_direction": "DESCENDING", "relative_orbit": 39, "absolute_orbit": 5155, "frame_number": 96, "start_time": "2026-07-22T22:11:32Z", "stop_time": "2026-07-22T22:12:07Z", "scene_name": "NISAR_L1_PR_RSLC_026_039_D_096_2005_SHSH_A_20260722T221132_20260722T221207_P05023_N_F_J_001" }, "geometry": { "type": "Polygon", "coordinates": [ [ [ -60.49631, -13.73389 ], [ -60.95098, -15.87973 ], [ -58.58067, -16.32903 ], [ -58.14819, -14.18975 ], [ -60.49631, -13.73389 ] ] ] } },
{ "type": "Feature", "properties": { "query_name": "feature_0_part_1_split_1", "feature_index": 0, "dataset": "NISAR", "platform": "NISAR", "product_id": "NISAR_L1_PR_RSLC_026_045_A_167_2005_DHDH_M_20260723T085122_20260723T085157_P05023_N_F_J_001", "processing_level": "RSLC", "flight_direction": "ASCENDING", "relative_orbit": 45, "absolute_orbit": 5161, "frame_number": 167, "start_time": "2026-07-23T08:51:22Z", "stop_time": "2026-07-23T08:51:57Z", "scene_name": "NISAR_L1_PR_RSLC_026_045_A_167_2005_DHDH_M_20260723T085122_20260723T085157_P05023_N_F_J_001" }, "geometry": { "type": "Polygon", "coordinates": [ [ [ -43.32934, -21.93549 ], [ -43.7942, -19.79363 ], [ -46.19094, -20.22648 ], [ -45.76965, -22.36421 ], [ -43.32934, -21.93549 ] ] ] } },
{ "type": "Feature", "properties": { "query_name": "feature_0_part_1_split_1", "feature_index": 0, "dataset": "NISAR", "platform": "NISAR", "product_id": "NISAR_L1_PR_RSLC_026_045_A_167_4005_DHDH_A_20260723T085122_20260723T085152_P05023_N_F_J_001", "processing_level": "RSLC", "flight_direction": "ASCENDING", "relative_orbit": 45, "absolute_orbit": 5161, "frame_number": 167, "start_time": "2026-07-23T08:51:22Z", "stop_time": "2026-07-23T08:51:52Z", "scene_name": "NISAR_L1_PR_RSLC_026_045_A_167_4005_DHDH_A_20260723T085122_20260723T085152_P05023_N_F_J_001" }, "geometry": { "type": "Polygon", "coordinates": [ [ [ -43.32934, -21.93549 ], [ -43.73434, -20.09202 ], [ -46.13237, -20.52345 ], [ -45.76962, -22.36421 ], [ -43.32934, -21.93549 ] ] ] } },
{ "type": "Feature", "properties": { "query_name": "feature_0_part_1_split_1", "feature_index": 0, "dataset": "NISAR", "platform": "NISAR", "product_id": "NISAR_L1_PR_RSLC_026_045_A_168_2005_DHDH_A_20260723T085157_20260723T085230_P05023_N_F_J_001", "processing_level": "RSLC", "flight_direction": "ASCENDING", "relative_orbit": 45, "absolute_orbit": 5161, "frame_number": 168, "start_time": "2026-07-23T08:51:57Z", "stop_time": "2026-07-23T08:52:30Z", "scene_name": "NISAR_L1_PR_RSLC_026_045_A_168_2005_DHDH_A_20260723T085157_20260723T085230_P05023_N_F_J_001" }, "geometry": { "type": "Polygon", "coordinates": [ [ [ -43.76148, -19.84937 ], [ -44.19502, -17.82494 ], [ -46.54467, -18.26005 ], [ -46.14189, -20.27937 ], [ -43.76148, -19.84937 ] ] ] } },
{ "type": "Feature", "properties": { "query_name": "feature_0_part_1_split_1", "feature_index": 0, "dataset": "NISAR", "platform": "NISAR", "product_id": "NISAR_L1_PR_RSLC_026_045_A_169_2005_DHDH_A_20260723T085232_20260723T085304_P05023_N_F_J_001", "processing_level": "RSLC", "flight_direction": "ASCENDING", "relative_orbit": 45, "absolute_orbit": 5161, "frame_number": 169, "start_time": "2026-07-23T08:52:32Z", "stop_time": "2026-07-23T08:53:04Z", "scene_name": "NISAR_L1_PR_RSLC_026_045_A_169_2005_DHDH_A_20260723T085232_20260723T085304_P05023_N_F_J_001" }, "geometry": { "type": "Polygon", "coordinates": [ [ [ -44.20946, -17.76567 ], [ -44.6203, -15.79835 ], [ -46.93645, -16.23768 ], [ -46.54764, -18.19902 ], [ -44.20946, -17.76567 ] ] ] } },
{ "type": "Feature", "properties": { "query_name": "feature_0_part_1_split_1", "feature_index": 0, "dataset": "NISAR", "platform": "NISAR", "product_id": "NISAR_L1_PR_RSLC_026_045_A_170_2005_DHDH_A_20260723T085303_20260723T085338_P05023_N_F_J_001", "processing_level": "RSLC", "flight_direction": "ASCENDING", "relative_orbit": 45, "absolute_orbit": 5161, "frame_number": 170, "start_time": "2026-07-23T08:53:03Z", "stop_time": "2026-07-23T08:53:38Z", "scene_name": "NISAR_L1_PR_RSLC_026_045_A_170_2005_DHDH_A_20260723T085303_20260723T085338_P05023_N_F_J_001" }, "geometry": { "type": "Polygon", "coordinates": [ [ [ -44.59659, -15.91779 ], [ -45.05473, -13.77294 ], [ -47.34404, -14.2171 ], [ -46.91012, -16.35603 ], [ -44.59659, -15.91779 ] ] ] } },
{ "type": "Feature", "properties": { "query_name": "feature_0_part_1_split_1", "feature_index": 0, "dataset": "NISAR", "platform": "NISAR", "product_id": "NISAR_L1_PR_RSLC_026_045_A_171_2005_DHDH_A_20260723T085337_20260723T085411_P05023_N_F_J_001", "processing_level": "RSLC", "flight_direction": "ASCENDING", "relative_orbit": 45, "absolute_orbit": 5161, "frame_number": 171, "start_time": "2026-07-23T08:53:37Z", "stop_time": "2026-07-23T08:54:11Z", "scene_name": "NISAR_L1_PR_RSLC_026_045_A_171_2005_DHDH_A_20260723T085337_20260723T085411_P05023_N_F_J_001" }, "geometry": { "type": "Polygon", "coordinates": [ [ [ -45.02834, -13.8919 ], [ -45.47223, -11.80572 ], [ -47.73374, -12.25383 ], [ -47.31948, -14.33584 ], [ -45.02834, -13.8919 ] ] ] } },
{ "type": "Feature", "properties": { "query_name": "feature_0_part_1_split_1", "feature_index": 0, "dataset": "NISAR", "platform": "NISAR", "product_id": "NISAR_L1_PR_RSLC_026_045_A_172_2005_DHDH_A_20260723T085410_20260723T085444_P05023_N_F_J_001", "processing_level": "RSLC", "flight_direction": "ASCENDING", "relative_orbit": 45, "absolute_orbit": 5161, "frame_number": 172, "start_time": "2026-07-23T08:54:10Z", "stop_time": "2026-07-23T08:54:44Z", "scene_name": "NISAR_L1_PR_RSLC_026_045_A_172_2005_DHDH_A_20260723T085410_20260723T085444_P05023_N_F_J_001" }, "geometry": { "type": "Polygon", "coordinates": [ [ [ -45.44683, -11.9249 ], [ -45.88608, -9.83713 ], [ -48.13549, -10.29183 ], [ -47.70915, -12.37263 ], [ -45.44683, -11.9249 ] ] ] } },
{ "type": "Feature", "properties": { "query_name": "feature_0_part_1_split_1", "feature_index": 0, "dataset": "NISAR", "platform": "NISAR", "product_id": "NISAR_L1_PR_RSLC_026_045_A_173_2005_DHDH_A_20260723T085443_20260723T085518_P05023_N_F_J_001", "processing_level": "RSLC", "flight_direction": "ASCENDING", "relative_orbit": 45, "absolute_orbit": 5161, "frame_number": 173, "start_time": "2026-07-23T08:54:43Z", "stop_time": "2026-07-23T08:55:18Z", "scene_name": "NISAR_L1_PR_RSLC_026_045_A_173_2005_DHDH_A_20260723T085443_20260723T085518_P05023_N_F_J_001" }, "geometry": { "type": "Polygon", "coordinates": [ [ [ -45.84293, -9.95271 ], [ -46.30184, -7.80596 ], [ -48.54887, -8.26919 ], [ -48.11088, -10.41068 ], [ -45.84293, -9.95271 ] ] ] } },
{ "type": "Feature", "properties": { "query_name": "feature_0_part_1_split_1", "feature_index": 0, "dataset": "NISAR", "platform": "NISAR", "product_id": "NISAR_L1_PR_RSLC_026_045_A_174_2005_DHDH_A_20260723T085515_20260723T085551_P05023_N_F_J_001", "processing_level": "RSLC", "flight_direction": "ASCENDING", "relative_orbit": 45, "absolute_orbit": 5161, "frame_number": 174, "start_time": "2026-07-23T08:55:15Z", "stop_time": "2026-07-23T08:55:51Z", "scene_name": "NISAR_L1_PR_RSLC_026_045_A_174_2005_DHDH_A_20260723T085515_20260723T085551_P05023_N_F_J_001" }, "geometry": { "type": "Polygon", "coordinates": [ [ [ -46.24866, -8.04403 ], [ -46.71918, -5.83667 ], [ -48.92301, -6.29928 ], [ -48.46603, -8.50024 ], [ -46.24866, -8.04403 ] ] ] } },
{ "type": "Feature", "properties": { "query_name": "feature_0_part_1_split_1", "feature_index": 0, "dataset": "NISAR", "platform": "NISAR", "product_id": "NISAR_L1_PR_RSLC_026_045_A_175_2005_DHDH_A_20260723T085550_20260723T085625_P05023_N_F_J_001", "processing_level": "RSLC", "flight_direction": "ASCENDING", "relative_orbit": 45, "absolute_orbit": 5161, "frame_number": 175, "start_time": "2026-07-23T08:55:50Z", "stop_time": "2026-07-23T08:56:25Z", "scene_name": "NISAR_L1_PR_RSLC_026_045_A_175_2005_DHDH_A_20260723T085550_20260723T085625_P05023_N_F_J_001" }, "geometry": { "type": "Polygon", "coordinates": [ [ [ -46.69714, -5.95668 ], [ -47.15397, -3.80796 ], [ -49.34866, -4.27672 ], [ -48.89832, -6.41825 ], [ -46.69714, -5.95668 ] ] ] } },
{ "type": "Feature", "properties": { "query_name": "feature_0_part_1_split_1", "feature_index": 0, "dataset": "NISAR", "platform": "NISAR", "product_id": "NISAR_L1_PR_RSLC_026_053_D_091_2005_SHSH_A_20260723T212708_20260723T212742_P05023_N_F_J_001", "processing_level": "RSLC", "flight_direction": "DESCENDING", "relative_orbit": 53, "absolute_orbit": 5169, "frame_number": 91, "start_time": "2026-07-23T21:27:08Z", "stop_time": "2026-07-23T21:27:42Z", "scene_name": "NISAR_L1_PR_RSLC_026_053_D_091_2005_SHSH_A_20260723T212708_20260723T212742_P05023_N_F_J_001" }, "geometry": { "type": "Polygon", "coordinates": [ [ [ -47.95398, -3.78436 ], [ -48.40326, -5.87248 ], [ -46.16528, -6.34202 ], [ -45.72864, -4.25969 ], [ -47.95398, -3.78436 ] ] ] } },
{ "type": "Feature", "properties": { "query_name": "feature_0_part_1_split_1", "feature_index": 0, "dataset": "NISAR", "platform": "NISAR", "product_id": "NISAR_L1_PR_RSLC_026_053_D_092_2005_SHSH_A_20260723T212741_20260723T212816_P05023_N_F_J_001", "processing_level": "RSLC", "flight_direction": "DESCENDING", "relative_orbit": 53, "absolute_orbit": 5169, "frame_number": 92, "start_time": "2026-07-23T21:27:41Z", "stop_time": "2026-07-23T21:28:16Z", "scene_name": "NISAR_L1_PR_RSLC_026_053_D_092_2005_SHSH_A_20260723T212741_20260723T212816_P05023_N_F_J_001" }, "geometry": { "type": "Polygon", "coordinates": [ [ [ -48.37757, -5.75322 ], [ -48.83667, -7.90086 ], [ -46.58448, -8.36474 ], [ -46.14027, -6.22311 ], [ -48.37757, -5.75322 ] ] ] } },
{ "type": "Feature", "properties": { "query_name": "feature_0_part_1_split_1", "feature_index": 0, "dataset": "NISAR", "platform": "NISAR", "product_id": "NISAR_L1_PR_RSLC_026_053_D_093_2005_SHSH_A_20260723T212815_20260723T212849_P05023_N_F_J_001", "processing_level": "RSLC", "flight_direction": "DESCENDING", "relative_orbit": 53, "absolute_orbit": 5169, "frame_number": 93, "start_time": "2026-07-23T21:28:15Z", "stop_time": "2026-07-23T21:28:49Z", "scene_name": "NISAR_L1_PR_RSLC_026_053_D_093_2005_SHSH_A_20260723T212815_20260723T212849_P05023_N_F_J_001" }, "geometry": { "type": "Polygon", "coordinates": [ [ [ -48.81095, -7.78165 ], [ -49.25539, -9.86931 ], [ -46.98826, -10.32752 ], [ -46.56038, -8.24572 ], [ -48.81095, -7.78165 ] ] ] } },
{ "type": "Feature", "properties": { "query_name": "feature_0_part_1_split_1", "feature_index": 0, "dataset": "NISAR", "platform": "NISAR", "product_id": "NISAR_L1_PR_RSLC_026_053_D_094_2005_SHSH_A_20260723T212848_20260723T212923_P05023_N_F_J_001", "processing_level": "RSLC", "flight_direction": "DESCENDING", "relative_orbit": 53, "absolute_orbit": 5169, "frame_number": 94, "start_time": "2026-07-23T21:28:48Z", "stop_time": "2026-07-23T21:29:23Z", "scene_name": "NISAR_L1_PR_RSLC_026_053_D_094_2005_SHSH_A_20260723T212848_20260723T212923_P05023_N_F_J_001" }, "geometry": { "type": "Polygon", "coordinates": [ [ [ -49.22965, -9.75014 ], [ -49.68676, -11.89674 ], [ -47.40049, -12.34945 ], [ -46.96508, -10.20839 ], [ -49.22965, -9.75014 ] ] ] } },
{ "type": "Feature", "properties": { "query_name": "feature_0_part_1_split_1", "feature_index": 0, "dataset": "NISAR", "platform": "NISAR", "product_id": "NISAR_L1_PR_RSLC_026_053_D_095_2005_SHSH_A_20260723T212922_20260723T212956_P05023_N_F_J_001", "processing_level": "RSLC", "flight_direction": "DESCENDING", "relative_orbit": 53, "absolute_orbit": 5169, "frame_number": 95, "start_time": "2026-07-23T21:29:22Z", "stop_time": "2026-07-23T21:29:56Z", "scene_name": "NISAR_L1_PR_RSLC_026_053_D_095_2005_SHSH_A_20260723T212922_20260723T212956_P05023_N_F_J_001" }, "geometry": { "type": "Polygon", "coordinates": [ [ [ -49.66148, -11.77752 ], [ -50.10347, -13.86433 ], [ -47.79236, -14.31244 ], [ -47.3754, -12.23075 ], [ -49.66148, -11.77752 ] ] ] } },
{ "type": "Feature", "properties": { "query_name": "feature_0_part_1_split_1", "feature_index": 0, "dataset": "NISAR", "platform": "NISAR", "product_id": "NISAR_L1_PR_RSLC_026_053_D_096_2005_SHSH_M_20260723T212955_20260723T213030_P05023_N_F_J_001", "processing_level": "RSLC", "flight_direction": "DESCENDING", "relative_orbit": 53, "absolute_orbit": 5169, "frame_number": 96, "start_time": "2026-07-23T21:29:55Z", "stop_time": "2026-07-23T21:30:30Z", "scene_name": "NISAR_L1_PR_RSLC_026_053_D_096_2005_SHSH_M_20260723T212955_20260723T213030_P05023_N_F_J_001" }, "geometry": { "type": "Polygon", "coordinates": [ [ [ -50.07844, -13.74509 ], [ -50.53335, -15.89083 ], [ -48.19652, -16.33377 ], [ -47.76493, -14.19423 ], [ -50.07844, -13.74509 ] ] ] } },
{ "type": "Feature", "properties": { "query_name": "feature_0_part_1_split_1", "feature_index": 0, "dataset": "NISAR", "platform": "NISAR", "product_id": "NISAR_L1_PR_RSLC_026_053_D_096_4005_DHDH_A_20260723T213025_20260723T213030_P05023_N_P_J_001", "processing_level": "RSLC", "flight_direction": "DESCENDING", "relative_orbit": 53, "absolute_orbit": 5169, "frame_number": 96, "start_time": "2026-07-23T21:30:25Z", "stop_time": "2026-07-23T21:30:30Z", "scene_name": "NISAR_L1_PR_RSLC_026_053_D_096_4005_DHDH_A_20260723T213025_20260723T213030_P05023_N_P_J_001" }, "geometry": { "type": "Polygon", "coordinates": [ [ [ -50.43309, -15.53807 ], [ -50.51085, -15.89522 ], [ -48.1965, -16.33377 ], [ -48.12434, -15.97734 ], [ -50.43309, -15.53807 ] ] ] } },
{ "type": "Feature", "properties": { "query_name": "feature_0_part_1_split_1", "feature_index": 0, "dataset": "NISAR", "platform": "NISAR", "product_id": "NISAR_L1_PR_RSLC_026_053_D_097_4005_DHDH_A_20260723T213029_20260723T213106_P05023_N_F_J_001", "processing_level": "RSLC", "flight_direction": "DESCENDING", "relative_orbit": 53, "absolute_orbit": 5169, "frame_number": 97, "start_time": "2026-07-23T21:30:29Z", "stop_time": "2026-07-23T21:31:06Z", "scene_name": "NISAR_L1_PR_RSLC_026_053_D_097_4005_DHDH_A_20260723T213029_20260723T213106_P05023_N_F_J_001" }, "geometry": { "type": "Polygon", "coordinates": [ [ [ -50.48627, -15.77594 ], [ -50.96409, -18.04058 ], [ -48.6192, -18.47382 ], [ -48.16638, -16.21611 ], [ -50.48627, -15.77594 ] ] ] } },
{ "type": "Feature", "properties": { "query_name": "feature_0_part_1_split_1", "feature_index": 0, "dataset": "NISAR", "platform": "NISAR", "product_id": "NISAR_L1_PR_RSLC_026_053_D_098_2005_SHSH_M_20260723T213102_20260723T213137_P05023_N_F_J_001", "processing_level": "RSLC", "flight_direction": "DESCENDING", "relative_orbit": 53, "absolute_orbit": 5169, "frame_number": 98, "start_time": "2026-07-23T21:31:02Z", "stop_time": "2026-07-23T21:31:37Z", "scene_name": "NISAR_L1_PR_RSLC_026_053_D_098_2005_SHSH_M_20260723T213102_20260723T213137_P05023_N_F_J_001" }, "geometry": { "type": "Polygon", "coordinates": [ [ [ -50.89216, -17.74441 ], [ -51.35506, -19.88735 ], [ -48.96128, -20.31949 ], [ -48.53571, -18.18113 ], [ -50.89216, -17.74441 ] ] ] } },
{ "type": "Feature", "properties": { "query_name": "feature_0_part_1_split_1", "feature_index": 0, "dataset": "NISAR", "platform": "NISAR", "product_id": "NISAR_L1_PR_RSLC_026_053_D_099_2005_DHDH_A_20260723T213137_20260723T213210_P05023_N_F_J_001", "processing_level": "RSLC", "flight_direction": "DESCENDING", "relative_orbit": 53, "absolute_orbit": 5169, "frame_number": 99, "start_time": "2026-07-23T21:31:37Z", "stop_time": "2026-07-23T21:32:10Z", "scene_name": "NISAR_L1_PR_RSLC_026_053_D_099_2005_DHDH_A_20260723T213137_20260723T213210_P05023_N_F_J_001" }, "geometry": { "type": "Polygon", "coordinates": [ [ [ -51.28499, -19.83861 ], [ -51.72064, -21.86209 ], [ -49.32482, -22.28319 ], [ -48.92577, -20.26425 ], [ -51.28499, -19.83861 ] ] ] } },
{ "type": "Feature", "properties": { "query_name": "feature_0_part_1_split_1", "feature_index": 0, "dataset": "NISAR", "platform": "NISAR", "product_id": "NISAR_L1_PR_RSLC_026_053_D_100_2005_DHDH_A_20260723T213209_20260723T213244_P05023_N_F_J_001", "processing_level": "RSLC", "flight_direction": "DESCENDING", "relative_orbit": 53, "absolute_orbit": 5169, "frame_number": 100, "start_time": "2026-07-23T21:32:09Z", "stop_time": "2026-07-23T21:32:44Z", "scene_name": "NISAR_L1_PR_RSLC_026_053_D_100_2005_DHDH_A_20260723T213209_20260723T213244_P05023_N_F_J_001" }, "geometry": { "type": "Polygon", "coordinates": [ [ [ -51.6959, -21.74295 ], [ -52.15877, -23.88472 ], [ -49.71715, -24.30227 ], [ -49.30102, -22.16455 ], [ -51.6959, -21.74295 ] ] ] } },
{ "type": "Feature", "properties": { "query_name": "feature_0_part_1_split_1", "feature_index": 0, "dataset": "NISAR", "platform": "NISAR", "product_id": "NISAR_L1_PR_RSLC_026_053_D_101_2005_DHDH_A_20260723T213243_20260723T213317_P05023_N_F_J_001", "processing_level": "RSLC", "flight_direction": "DESCENDING", "relative_orbit": 53, "absolute_orbit": 5169, "frame_number": 101, "start_time": "2026-07-23T21:32:43Z", "stop_time": "2026-07-23T21:33:17Z", "scene_name": "NISAR_L1_PR_RSLC_026_053_D_101_2005_DHDH_A_20260723T213243_20260723T213317_P05023_N_F_J_001" }, "geometry": { "type": "Polygon", "coordinates": [ [ [ -52.13391, -23.76563 ], [ -52.58302, -25.84764 ], [ -50.10529, -26.25987 ], [ -49.6954, -24.18336 ], [ -52.13391, -23.76563 ] ] ] } },
{ "type": "Feature", "properties": { "query_name": "feature_0_part_1_split_1", "feature_index": 0, "dataset": "NISAR", "platform": "NISAR", "product_id": "NISAR_L1_PR_RSLC_026_060_A_170_2005_DHDH_A_20260724T095119_20260724T095153_P05023_N_F_J_001", "processing_level": "RSLC", "flight_direction": "ASCENDING", "relative_orbit": 60, "absolute_orbit": 5176, "frame_number": 170, "start_time": "2026-07-24T09:51:19Z", "stop_time": "2026-07-24T09:51:53Z", "scene_name": "NISAR_L1_PR_RSLC_026_060_A_170_2005_DHDH_A_20260724T095119_20260724T095153_P05023_N_F_J_001" }, "geometry": { "type": "Polygon", "coordinates": [ [ [ -59.10793, -15.89979 ], [ -59.55535, -13.81472 ], [ -61.98671, -14.28598 ], [ -61.57275, -16.36645 ], [ -59.10793, -15.89979 ] ] ] } },
{ "type": "Feature", "properties": { "query_name": "feature_0_part_1_split_1", "feature_index": 0, "dataset": "NISAR", "platform": "NISAR", "product_id": "NISAR_L1_PR_RSLC_026_060_A_171_2005_DHDH_A_20260724T095152_20260724T095227_P05023_N_F_J_001", "processing_level": "RSLC", "flight_direction": "ASCENDING", "relative_orbit": 60, "absolute_orbit": 5176, "frame_number": 171, "start_time": "2026-07-24T09:51:52Z", "stop_time": "2026-07-24T09:52:27Z", "scene_name": "NISAR_L1_PR_RSLC_026_060_A_171_2005_DHDH_A_20260724T095152_20260724T095227_P05023_N_F_J_001" }, "geometry": { "type": "Polygon", "coordinates": [ [ [ -59.52952, -13.93379 ], [ -59.98377, -11.78735 ], [ -62.3938, -12.26473 ], [ -61.96297, -14.40484 ], [ -59.52952, -13.93379 ] ] ] } },
{ "type": "Feature", "properties": { "query_name": "feature_0_part_1_split_1", "feature_index": 0, "dataset": "NISAR", "platform": "NISAR", "product_id": "NISAR_L1_PR_RSLC_026_060_A_172_2005_DHDH_A_20260724T095226_20260724T095300_P05023_N_F_J_001", "processing_level": "RSLC", "flight_direction": "ASCENDING", "relative_orbit": 60, "absolute_orbit": 5176, "frame_number": 172, "start_time": "2026-07-24T09:52:26Z", "stop_time": "2026-07-24T09:53:00Z", "scene_name": "NISAR_L1_PR_RSLC_026_060_A_172_2005_DHDH_A_20260724T095226_20260724T095300_P05023_N_F_J_001" }, "geometry": { "type": "Polygon", "coordinates": [ [ [ -59.95821, -11.90652 ], [ -60.39886, -9.81884 ], [ -62.79266, -10.3026 ], [ -62.36982, -12.38361 ], [ -59.95821, -11.90652 ] ] ] } },
{ "type": "Feature", "properties": { "query_name": "feature_0_part_1_split_1", "feature_index": 0, "dataset": "NISAR", "platform": "NISAR", "product_id": "NISAR_L1_PR_RSLC_026_074_A_165_4005_DHDH_A_20260725T090654_20260725T090729_P05023_N_F_J_001", "processing_level": "RSLC", "flight_direction": "ASCENDING", "relative_orbit": 74, "absolute_orbit": 5190, "frame_number": 165, "start_time": "2026-07-25T09:06:54Z", "stop_time": "2026-07-25T09:07:29Z", "scene_name": "NISAR_L1_PR_RSLC_026_074_A_165_4005_DHDH_A_20260725T090654_20260725T090729_P05023_N_F_J_001" }, "geometry": { "type": "Polygon", "coordinates": [ [ [ -46.65761, -25.90859 ], [ -47.13909, -23.77066 ], [ -49.59652, -24.19132 ], [ -49.17676, -26.32713 ], [ -46.65761, -25.90859 ] ] ] } },
{ "type": "Feature", "properties": { "query_name": "feature_0_part_1_split_1", "feature_index": 0, "dataset": "NISAR", "platform": "NISAR", "product_id": "NISAR_L1_PR_RSLC_026_074_A_166_4005_DHDH_A_20260725T090728_20260725T090802_P05023_N_F_J_001", "processing_level": "RSLC", "flight_direction": "ASCENDING", "relative_orbit": 74, "absolute_orbit": 5190, "frame_number": 166, "start_time": "2026-07-25T09:07:28Z", "stop_time": "2026-07-25T09:08:02Z", "scene_name": "NISAR_L1_PR_RSLC_026_074_A_166_4005_DHDH_A_20260725T090728_20260725T090802_P05023_N_F_J_001" }, "geometry": { "type": "Polygon", "coordinates": [ [ [ -47.07718, -23.88309 ], [ -47.52616, -21.80066 ], [ -49.97987, -22.23227 ], [ -49.57534, -24.3103 ], [ -47.07718, -23.88309 ] ] ] } },
{ "type": "Feature", "properties": { "query_name": "feature_0_part_1_split_1", "feature_index": 0, "dataset": "NISAR", "platform": "NISAR", "product_id": "NISAR_L1_PR_RSLC_026_074_A_167_4005_DHDH_A_20260725T090801_20260725T090836_P05023_N_F_J_001", "processing_level": "RSLC", "flight_direction": "ASCENDING", "relative_orbit": 74, "absolute_orbit": 5190, "frame_number": 167, "start_time": "2026-07-25T09:08:01Z", "stop_time": "2026-07-25T09:08:36Z", "scene_name": "NISAR_L1_PR_RSLC_026_074_A_167_4005_DHDH_A_20260725T090801_20260725T090836_P05023_N_F_J_001" }, "geometry": { "type": "Polygon", "coordinates": [ [ [ -47.50088, -21.91969 ], [ -47.96484, -19.7777 ], [ -50.3325, -20.2055 ], [ -49.90973, -22.34312 ], [ -47.50088, -21.91969 ] ] ] } },
{ "type": "Feature", "properties": { "query_name": "feature_0_part_1_split_1", "feature_index": 0, "dataset": "NISAR", "platform": "NISAR", "product_id": "NISAR_L1_PR_RSLC_026_074_A_168_2005_DHDH_M_20260725T090835_20260725T090909_P05023_N_F_J_001", "processing_level": "RSLC", "flight_direction": "ASCENDING", "relative_orbit": 74, "absolute_orbit": 5190, "frame_number": 168, "start_time": "2026-07-25T09:08:35Z", "stop_time": "2026-07-25T09:09:09Z", "scene_name": "NISAR_L1_PR_RSLC_026_074_A_168_2005_DHDH_M_20260725T090835_20260725T090909_P05023_N_F_J_001" }, "geometry": { "type": "Polygon", "coordinates": [ [ [ -47.90974, -19.89118 ], [ -48.35699, -17.80738 ], [ -50.72373, -18.24565 ], [ -50.30878, -20.32421 ], [ -47.90974, -19.89118 ] ] ] } },
{ "type": "Feature", "properties": { "query_name": "feature_0_part_1_split_1", "feature_index": 0, "dataset": "NISAR", "platform": "NISAR", "product_id": "NISAR_L1_PR_RSLC_026_074_A_168_4005_DHDH_A_20260725T090835_20260725T090844_P05023_N_P_J_001", "processing_level": "RSLC", "flight_direction": "ASCENDING", "relative_orbit": 74, "absolute_orbit": 5190, "frame_number": 168, "start_time": "2026-07-25T09:08:35Z", "stop_time": "2026-07-25T09:08:44Z", "scene_name": "NISAR_L1_PR_RSLC_026_074_A_168_4005_DHDH_A_20260725T090835_20260725T090844_P05023_N_P_J_001" }, "geometry": { "type": "Polygon", "coordinates": [ [ [ -47.93799, -19.89648 ], [ -48.06924, -19.30187 ], [ -50.42597, -19.73023 ], [ -50.30882, -20.32422 ], [ -47.93799, -19.89648 ] ] ] } },
{ "type": "Feature", "properties": { "query_name": "feature_0_part_1_split_1", "feature_index": 0, "dataset": "NISAR", "platform": "NISAR", "product_id": "NISAR_L1_PR_RSLC_026_074_A_169_4005_DHDH_A_20260725T090907_20260725T090943_P05023_N_F_J_001", "processing_level": "RSLC", "flight_direction": "ASCENDING", "relative_orbit": 74, "absolute_orbit": 5190, "frame_number": 169, "start_time": "2026-07-25T09:09:07Z", "stop_time": "2026-07-25T09:09:43Z", "scene_name": "NISAR_L1_PR_RSLC_026_074_A_169_4005_DHDH_A_20260725T090907_20260725T090943_P05023_N_F_J_001" }, "geometry": { "type": "Polygon", "coordinates": [ [ [ -48.31821, -17.98589 ], [ -48.79344, -15.78294 ], [ -51.10222, -16.2209 ], [ -50.66425, -18.41956 ], [ -48.31821, -17.98589 ] ] ] } },
{ "type": "Feature", "properties": { "query_name": "feature_0_part_1_split_1", "feature_index": 0, "dataset": "NISAR", "platform": "NISAR", "product_id": "NISAR_L1_PR_RSLC_026_074_A_170_2005_DHDH_M_20260725T090943_20260725T091016_P05023_N_F_J_001", "processing_level": "RSLC", "flight_direction": "ASCENDING", "relative_orbit": 74, "absolute_orbit": 5190, "frame_number": 170, "start_time": "2026-07-25T09:09:43Z", "stop_time": "2026-07-25T09:10:16Z", "scene_name": "NISAR_L1_PR_RSLC_026_074_A_170_2005_DHDH_M_20260725T090943_20260725T091016_P05023_N_F_J_001" }, "geometry": { "type": "Polygon", "coordinates": [ [ [ -48.73699, -15.83393 ], [ -49.15822, -13.80585 ], [ -51.48294, -14.25698 ], [ -51.07994, -16.27838 ], [ -48.73699, -15.83393 ] ] ] } },
{ "type": "Feature", "properties": { "query_name": "feature_0_part_1_split_1", "feature_index": 0, "dataset": "NISAR", "platform": "NISAR", "product_id": "NISAR_L1_PR_RSLC_026_074_A_170_4005_DHDH_A_20260725T090943_20260725T090957_P05023_N_P_J_001", "processing_level": "RSLC", "flight_direction": "ASCENDING", "relative_orbit": 74, "absolute_orbit": 5190, "frame_number": 170, "start_time": "2026-07-25T09:09:43Z", "stop_time": "2026-07-25T09:09:57Z", "scene_name": "NISAR_L1_PR_RSLC_026_074_A_170_4005_DHDH_A_20260725T090943_20260725T090957_P05023_N_P_J_001" }, "geometry": { "type": "Polygon", "coordinates": [ [ [ -48.78013, -15.84236 ], [ -48.96677, -14.94795 ], [ -51.25655, -15.38653 ], [ -51.07998, -16.27839 ], [ -48.78013, -15.84236 ] ] ] } },
{ "type": "Feature", "properties": { "query_name": "feature_0_part_1_split_1", "feature_index": 0, "dataset": "NISAR", "platform": "NISAR", "product_id": "NISAR_L1_PR_RSLC_026_074_A_171_2005_DHDH_A_20260725T091015_20260725T091050_P05023_N_F_J_001", "processing_level": "RSLC", "flight_direction": "ASCENDING", "relative_orbit": 74, "absolute_orbit": 5190, "frame_number": 171, "start_time": "2026-07-25T09:10:15Z", "stop_time": "2026-07-25T09:10:50Z", "scene_name": "NISAR_L1_PR_RSLC_026_074_A_171_2005_DHDH_A_20260725T091015_20260725T091050_P05023_N_F_J_001" }, "geometry": { "type": "Polygon", "coordinates": [ [ [ -49.13345, -13.92513 ], [ -49.58692, -11.77857 ], [ -51.89064, -12.23535 ], [ -51.45813, -14.37567 ], [ -49.13345, -13.92513 ] ] ] } },
{ "type": "Feature", "properties": { "query_name": "feature_0_part_1_split_1", "feature_index": 0, "dataset": "NISAR", "platform": "NISAR", "product_id": "NISAR_L1_PR_RSLC_026_074_A_172_2005_DHDH_A_20260725T091049_20260725T091123_P05023_N_F_J_001", "processing_level": "RSLC", "flight_direction": "ASCENDING", "relative_orbit": 74, "absolute_orbit": 5190, "frame_number": 172, "start_time": "2026-07-25T09:10:49Z", "stop_time": "2026-07-25T09:11:23Z", "scene_name": "NISAR_L1_PR_RSLC_026_074_A_172_2005_DHDH_A_20260725T091049_20260725T091123_P05023_N_F_J_001" }, "geometry": { "type": "Polygon", "coordinates": [ [ [ -49.56227, -11.89791 ], [ -50.00525, -9.81074 ], [ -52.29038, -10.27292 ], [ -51.86677, -12.35428 ], [ -49.56227, -11.89791 ] ] ] } },
{ "type": "Feature", "properties": { "query_name": "feature_0_part_1_split_1", "feature_index": 0, "dataset": "NISAR", "platform": "NISAR", "product_id": "NISAR_L1_PR_RSLC_026_074_A_173_2005_DHDH_A_20260725T091122_20260725T091157_P05023_N_F_J_001", "processing_level": "RSLC", "flight_direction": "ASCENDING", "relative_orbit": 74, "absolute_orbit": 5190, "frame_number": 173, "start_time": "2026-07-25T09:11:22Z", "stop_time": "2026-07-25T09:11:57Z", "scene_name": "NISAR_L1_PR_RSLC_026_074_A_173_2005_DHDH_A_20260725T091122_20260725T091157_P05023_N_F_J_001" }, "geometry": { "type": "Polygon", "coordinates": [ [ [ -49.98017, -9.93004 ], [ -50.44171, -7.78375 ], [ -52.70592, -8.25066 ], [ -52.26594, -10.3918 ], [ -49.98017, -9.93004 ] ] ] } },
{ "type": "Feature", "properties": { "query_name": "feature_0_part_1_split_1", "feature_index": 0, "dataset": "NISAR", "platform": "NISAR", "product_id": "NISAR_L1_PR_RSLC_026_082_D_094_2005_SHSH_A_20260725T214527_20260725T214601_P05023_N_F_J_001", "processing_level": "RSLC", "flight_direction": "DESCENDING", "relative_orbit": 82, "absolute_orbit": 5198, "frame_number": 94, "start_time": "2026-07-25T21:45:27Z", "stop_time": "2026-07-25T21:46:01Z", "scene_name": "NISAR_L1_PR_RSLC_026_082_D_094_2005_SHSH_A_20260725T214527_20260725T214601_P05023_N_F_J_001" }, "geometry": { "type": "Polygon", "coordinates": [ [ [ -53.40092, -9.76483 ], [ -53.84504, -11.85189 ], [ -51.53109, -12.31019 ], [ -51.10791, -10.22867 ], [ -53.40092, -9.76483 ] ] ] } },
{ "type": "Feature", "properties": { "query_name": "feature_0_part_1_split_1", "feature_index": 0, "dataset": "NISAR", "platform": "NISAR", "product_id": "NISAR_L1_PR_RSLC_026_082_D_095_2005_SHSH_A_20260725T214600_20260725T214635_P05023_N_F_J_001", "processing_level": "RSLC", "flight_direction": "DESCENDING", "relative_orbit": 82, "absolute_orbit": 5198, "frame_number": 95, "start_time": "2026-07-25T21:46:00Z", "stop_time": "2026-07-25T21:46:35Z", "scene_name": "NISAR_L1_PR_RSLC_026_082_D_095_2005_SHSH_A_20260725T214600_20260725T214635_P05023_N_F_J_001" }, "geometry": { "type": "Polygon", "coordinates": [ [ [ -53.82029, -11.73256 ], [ -54.27417, -13.87917 ], [ -51.93888, -14.33181 ], [ -51.50723, -12.19125 ], [ -53.82029, -11.73256 ] ] ] } },
{ "type": "Feature", "properties": { "query_name": "feature_0_part_1_split_1", "feature_index": 0, "dataset": "NISAR", "platform": "NISAR", "product_id": "NISAR_L1_PR_RSLC_026_082_D_096_2005_SHSH_A_20260725T214634_20260725T214708_P05023_N_F_J_001", "processing_level": "RSLC", "flight_direction": "DESCENDING", "relative_orbit": 82, "absolute_orbit": 5198, "frame_number": 96, "start_time": "2026-07-25T21:46:34Z", "stop_time": "2026-07-25T21:47:08Z", "scene_name": "NISAR_L1_PR_RSLC_026_082_D_096_2005_SHSH_A_20260725T214634_20260725T214708_P05023_N_F_J_001" }, "geometry": { "type": "Polygon", "coordinates": [ [ [ -54.24931, -13.7599 ], [ -54.69389, -15.84562 ], [ -52.32756, -16.29426 ], [ -51.91542, -14.21286 ], [ -54.24931, -13.7599 ] ] ] } },
{ "type": "Feature", "properties": { "query_name": "feature_0_part_1_split_1", "feature_index": 0, "dataset": "NISAR", "platform": "NISAR", "product_id": "NISAR_L1_PR_RSLC_026_082_D_097_2005_SHSH_A_20260725T214707_20260725T214742_P05023_N_F_J_001", "processing_level": "RSLC", "flight_direction": "DESCENDING", "relative_orbit": 82, "absolute_orbit": 5198, "frame_number": 97, "start_time": "2026-07-25T21:47:07Z", "stop_time": "2026-07-25T21:47:42Z", "scene_name": "NISAR_L1_PR_RSLC_026_082_D_097_2005_SHSH_A_20260725T214707_20260725T214742_P05023_N_F_J_001" }, "geometry": { "type": "Polygon", "coordinates": [ [ [ -54.66497, -15.72717 ], [ -55.12946, -17.8705 ], [ -52.72969, -18.31483 ], [ -52.30756, -16.17475 ], [ -54.66497, -15.72717 ] ] ] } },
{ "type": "Feature", "properties": { "query_name": "feature_0_part_1_split_1", "feature_index": 0, "dataset": "NISAR", "platform": "NISAR", "product_id": "NISAR_L1_PR_RSLC_026_082_D_098_2005_SHSH_M_20260725T214741_20260725T214816_P05023_N_F_J_001", "processing_level": "RSLC", "flight_direction": "DESCENDING", "relative_orbit": 82, "absolute_orbit": 5198, "frame_number": 98, "start_time": "2026-07-25T21:47:41Z", "stop_time": "2026-07-25T21:48:16Z", "scene_name": "NISAR_L1_PR_RSLC_026_082_D_098_2005_SHSH_M_20260725T214741_20260725T214816_P05023_N_F_J_001" }, "geometry": { "type": "Polygon", "coordinates": [ [ [ -55.10403, -17.75141 ], [ -55.56406, -19.89507 ], [ -53.12008, -20.33643 ], [ -52.69265, -18.19843 ], [ -55.10403, -17.75141 ] ] ] } },
{ "type": "Feature", "properties": { "query_name": "feature_0_part_1_split_1", "feature_index": 0, "dataset": "NISAR", "platform": "NISAR", "product_id": "NISAR_L1_PR_RSLC_026_082_D_098_4005_DHDH_A_20260725T214809_20260725T214816_P05023_N_P_J_001", "processing_level": "RSLC", "flight_direction": "DESCENDING", "relative_orbit": 82, "absolute_orbit": 5198, "frame_number": 98, "start_time": "2026-07-25T21:48:09Z", "stop_time": "2026-07-25T21:48:16Z", "scene_name": "NISAR_L1_PR_RSLC_026_082_D_098_4005_DHDH_A_20260725T214809_20260725T214816_P05023_N_P_J_001" }, "geometry": { "type": "Polygon", "coordinates": [ [ [ -55.39889, -19.43066 ], [ -55.50078, -19.90695 ], [ -53.12008, -20.33643 ], [ -53.02516, -19.86143 ], [ -55.39889, -19.43066 ] ] ] } },
{ "type": "Feature", "properties": { "query_name": "feature_0_part_1_split_1", "feature_index": 0, "dataset": "NISAR", "platform": "NISAR", "product_id": "NISAR_L1_PR_RSLC_026_082_D_099_4005_DHDH_A_20260725T214815_20260725T214849_P05023_N_F_J_001", "processing_level": "RSLC", "flight_direction": "DESCENDING", "relative_orbit": 82, "absolute_orbit": 5198, "frame_number": 99, "start_time": "2026-07-25T21:48:15Z", "stop_time": "2026-07-25T21:48:49Z", "scene_name": "NISAR_L1_PR_RSLC_026_082_D_099_4005_DHDH_A_20260725T214815_20260725T214849_P05023_N_F_J_001" }, "geometry": { "type": "Polygon", "coordinates": [ [ [ -55.47552, -19.78787 ], [ -55.91919, -21.8719 ], [ -53.50811, -22.29598 ], [ -53.09707, -20.21759 ], [ -55.47552, -19.78787 ] ] ] } },
{ "type": "Feature", "properties": { "query_name": "feature_0_part_1_split_1", "feature_index": 0, "dataset": "NISAR", "platform": "NISAR", "product_id": "NISAR_L1_PR_RSLC_026_082_D_100_2005_DHDH_M_20260725T214848_20260725T214923_P05023_N_F_J_001", "processing_level": "RSLC", "flight_direction": "DESCENDING", "relative_orbit": 82, "absolute_orbit": 5198, "frame_number": 100, "start_time": "2026-07-25T21:48:48Z", "stop_time": "2026-07-25T21:49:23Z", "scene_name": "NISAR_L1_PR_RSLC_026_082_D_100_2005_DHDH_M_20260725T214848_20260725T214923_P05023_N_F_J_001" }, "geometry": { "type": "Polygon", "coordinates": [ [ [ -55.89488, -21.75267 ], [ -56.36342, -23.89357 ], [ -53.86144, -24.3215 ], [ -53.44082, -22.18465 ], [ -55.89488, -21.75267 ] ] ] } },
{ "type": "Feature", "properties": { "query_name": "feature_0_part_1_split_1", "feature_index": 0, "dataset": "NISAR", "platform": "NISAR", "product_id": "NISAR_L1_PR_RSLC_026_082_D_100_4005_DHDH_A_20260725T214848_20260725T214854_P05023_N_P_J_001", "processing_level": "RSLC", "flight_direction": "DESCENDING", "relative_orbit": 82, "absolute_orbit": 5198, "frame_number": 100, "start_time": "2026-07-25T21:48:48Z", "stop_time": "2026-07-25T21:48:54Z", "scene_name": "NISAR_L1_PR_RSLC_026_082_D_100_4005_DHDH_A_20260725T214848_20260725T214854_P05023_N_P_J_001" }, "geometry": { "type": "Polygon", "coordinates": [ [ [ -55.89488, -21.75267 ], [ -55.9818, -22.16972 ], [ -53.567, -22.59278 ], [ -53.48404, -22.17737 ], [ -55.89488, -21.75267 ] ] ] } },
{ "type": "Feature", "properties": { "query_name": "feature_0_part_1_split_1", "feature_index": 0, "dataset": "NISAR", "platform": "NISAR", "product_id": "NISAR_L1_PR_RSLC_026_082_D_101_2005_DHDH_A_20260725T214922_20260725T214956_P05023_N_F_J_001", "processing_level": "RSLC", "flight_direction": "DESCENDING", "relative_orbit": 82, "absolute_orbit": 5198, "frame_number": 101, "start_time": "2026-07-25T21:49:22Z", "stop_time": "2026-07-25T21:49:56Z", "scene_name": "NISAR_L1_PR_RSLC_026_082_D_101_2005_DHDH_A_20260725T214922_20260725T214956_P05023_N_F_J_001" }, "geometry": { "type": "Polygon", "coordinates": [ [ [ -56.2841, -23.78426 ], [ -56.74067, -25.86492 ], [ -54.22316, -26.28313 ], [ -53.81436, -24.20671 ], [ -56.2841, -23.78426 ] ] ] } },
{ "type": "Feature", "properties": { "query_name": "feature_0_part_1_split_1", "feature_index": 0, "dataset": "NISAR", "platform": "NISAR", "product_id": "NISAR_L1_PR_RSLC_026_088_A_174_2005_DHDH_A_20260726T083019_20260726T083053_P05023_N_F_J_001", "processing_level": "RSLC", "flight_direction": "ASCENDING", "relative_orbit": 88, "absolute_orbit": 5204, "frame_number": 174, "start_time": "2026-07-26T08:30:19Z", "stop_time": "2026-07-26T08:30:53Z", "scene_name": "NISAR_L1_PR_RSLC_026_088_A_174_2005_DHDH_A_20260726T083019_20260726T083053_P05023_N_F_J_001" }, "geometry": { "type": "Polygon", "coordinates": [ [ [ -40.03259, -7.89983 ], [ -40.47887, -5.81197 ], [ -42.73561, -6.28567 ], [ -42.30401, -8.36762 ], [ -40.03259, -7.89983 ] ] ] } },
{ "type": "Feature", "properties": { "query_name": "feature_0_part_1_split_1", "feature_index": 0, "dataset": "NISAR", "platform": "NISAR", "product_id": "NISAR_L1_PR_RSLC_026_088_A_175_2005_DHDH_A_20260726T083052_20260726T083127_P05023_N_F_J_001", "processing_level": "RSLC", "flight_direction": "ASCENDING", "relative_orbit": 88, "absolute_orbit": 5204, "frame_number": 175, "start_time": "2026-07-26T08:30:52Z", "stop_time": "2026-07-26T08:31:27Z", "scene_name": "NISAR_L1_PR_RSLC_026_088_A_175_2005_DHDH_A_20260726T083052_20260726T083127_P05023_N_F_J_001" }, "geometry": { "type": "Polygon", "coordinates": [ [ [ -40.45358, -5.9313 ], [ -40.92064, -3.78472 ], [ -43.16118, -4.26328 ], [ -42.71061, -6.40457 ], [ -40.45358, -5.9313 ] ] ] } },
{ "type": "Feature", "properties": { "query_name": "feature_0_part_1_split_1", "feature_index": 0, "dataset": "NISAR", "platform": "NISAR", "product_id": "NISAR_L1_PR_RSLC_026_088_A_176_2005_DHDH_A_20260726T083126_20260726T083202_P05023_N_F_J_001", "processing_level": "RSLC", "flight_direction": "ASCENDING", "relative_orbit": 88, "absolute_orbit": 5204, "frame_number": 176, "start_time": "2026-07-26T08:31:26Z", "stop_time": "2026-07-26T08:32:02Z", "scene_name": "NISAR_L1_PR_RSLC_026_088_A_176_2005_DHDH_A_20260726T083126_20260726T083202_P05023_N_F_J_001" }, "geometry": { "type": "Polygon", "coordinates": [ [ [ -40.89509, -3.90404 ], [ -41.36158, -1.69404 ], [ -43.60528, -2.18144 ], [ -43.13617, -4.38225 ], [ -40.89509, -3.90404 ] ] ] } },
{ "type": "Feature", "properties": { "query_name": "feature_0_part_1_split_1", "feature_index": 0, "dataset": "NISAR", "platform": "NISAR", "product_id": "NISAR_L1_PR_RSLC_026_096_D_090_2005_SHSH_A_20260726T210141_20260726T210210_P05023_N_F_J_001", "processing_level": "RSLC", "flight_direction": "DESCENDING", "relative_orbit": 96, "absolute_orbit": 5212, "frame_number": 90, "start_time": "2026-07-26T21:01:41Z", "stop_time": "2026-07-26T21:02:10Z", "scene_name": "NISAR_L1_PR_RSLC_026_096_D_090_2005_SHSH_A_20260726T210141_20260726T210210_P05023_N_F_J_001" }, "geometry": { "type": "Polygon", "coordinates": [ [ [ -41.34084, -2.08041 ], [ -41.7268, -3.87065 ], [ -39.49415, -4.34716 ], [ -39.11635, -2.56213 ], [ -41.34084, -2.08041 ] ] ] } },
{ "type": "Feature", "properties": { "query_name": "feature_0_part_1_split_1", "feature_index": 0, "dataset": "NISAR", "platform": "NISAR", "product_id": "NISAR_L1_PR_RSLC_026_096_D_091_2005_SHSH_A_20260726T210209_20260726T210244_P05023_N_F_J_001", "processing_level": "RSLC", "flight_direction": "DESCENDING", "relative_orbit": 96, "absolute_orbit": 5212, "frame_number": 91, "start_time": "2026-07-26T21:02:09Z", "stop_time": "2026-07-26T21:02:44Z", "scene_name": "NISAR_L1_PR_RSLC_026_096_D_091_2005_SHSH_A_20260726T210209_20260726T210244_P05023_N_F_J_001" }, "geometry": { "type": "Polygon", "coordinates": [ [ [ -41.70106, -3.75136 ], [ -42.16176, -5.89943 ], [ -39.91853, -6.36991 ], [ -39.47047, -4.22791 ], [ -41.70106, -3.75136 ] ] ] } },
{ "type": "Feature", "properties": { "query_name": "feature_0_part_1_split_1", "feature_index": 0, "dataset": "NISAR", "platform": "NISAR", "product_id": "NISAR_L1_PR_RSLC_026_096_D_092_2005_SHSH_A_20260726T210243_20260726T210317_P05023_N_F_J_001", "processing_level": "RSLC", "flight_direction": "DESCENDING", "relative_orbit": 96, "absolute_orbit": 5212, "frame_number": 92, "start_time": "2026-07-26T21:02:43Z", "stop_time": "2026-07-26T21:03:17Z", "scene_name": "NISAR_L1_PR_RSLC_026_096_D_092_2005_SHSH_A_20260726T210243_20260726T210317_P05023_N_F_J_001" }, "geometry": { "type": "Polygon", "coordinates": [ [ [ -42.13607, -5.78017 ], [ -42.58168, -7.86829 ], [ -40.32706, -8.33277 ], [ -39.89401, -6.25091 ], [ -42.13607, -5.78017 ] ] ] } },
{ "type": "Feature", "properties": { "query_name": "feature_0_part_1_split_1", "feature_index": 0, "dataset": "NISAR", "platform": "NISAR", "product_id": "NISAR_L1_PR_RSLC_026_096_D_095_2005_SHSH_A_20260726T210423_20260726T210458_P05023_N_F_J_001", "processing_level": "RSLC", "flight_direction": "DESCENDING", "relative_orbit": 96, "absolute_orbit": 5212, "frame_number": 95, "start_time": "2026-07-26T21:04:23Z", "stop_time": "2026-07-26T21:04:58Z", "scene_name": "NISAR_L1_PR_RSLC_026_096_D_095_2005_SHSH_A_20260726T210423_20260726T210458_P05023_N_F_J_001" }, "geometry": { "type": "Polygon", "coordinates": [ [ [ -43.40426, -11.74538 ], [ -43.86004, -13.89155 ], [ -41.55024, -14.33921 ], [ -41.11739, -12.19883 ], [ -43.40426, -11.74538 ] ] ] } },
{ "type": "Feature", "properties": { "query_name": "feature_0_part_1_split_1", "feature_index": 0, "dataset": "NISAR", "platform": "NISAR", "product_id": "NISAR_L1_PR_RSLC_026_096_D_096_2005_SHSH_A_20260726T210457_20260726T210531_P05023_N_F_J_001", "processing_level": "RSLC", "flight_direction": "DESCENDING", "relative_orbit": 96, "absolute_orbit": 5212, "frame_number": 96, "start_time": "2026-07-26T21:04:57Z", "stop_time": "2026-07-26T21:05:31Z", "scene_name": "NISAR_L1_PR_RSLC_026_096_D_096_2005_SHSH_A_20260726T210457_20260726T210531_P05023_N_F_J_001" }, "geometry": { "type": "Polygon", "coordinates": [ [ [ -43.83448, -13.77242 ], [ -44.27448, -15.85896 ], [ -41.94198, -16.30117 ], [ -41.52686, -14.22025 ], [ -43.83448, -13.77242 ] ] ] } },
{ "type": "Feature", "properties": { "query_name": "feature_0_part_1_split_1", "feature_index": 0, "dataset": "NISAR", "platform": "NISAR", "product_id": "NISAR_L1_PR_RSLC_026_096_D_097_2005_SHSH_M_20260726T210530_20260726T210605_P05023_N_F_J_001", "processing_level": "RSLC", "flight_direction": "DESCENDING", "relative_orbit": 96, "absolute_orbit": 5212, "frame_number": 97, "start_time": "2026-07-26T21:05:30Z", "stop_time": "2026-07-26T21:06:05Z", "scene_name": "NISAR_L1_PR_RSLC_026_096_D_097_2005_SHSH_M_20260726T210530_20260726T210605_P05023_N_F_J_001" }, "geometry": { "type": "Polygon", "coordinates": [ [ [ -44.24977, -15.7397 ], [ -44.70722, -17.88432 ], [ -42.33492, -18.32346 ], [ -41.90547, -16.18468 ], [ -44.24977, -15.7397 ] ] ] } },
{ "type": "Feature", "properties": { "query_name": "feature_0_part_1_split_1", "feature_index": 0, "dataset": "NISAR", "platform": "NISAR", "product_id": "NISAR_L1_PR_RSLC_026_096_D_098_4005_DHDH_A_20260726T210605_20260726T210638_P05023_N_F_J_001", "processing_level": "RSLC", "flight_direction": "DESCENDING", "relative_orbit": 96, "absolute_orbit": 5212, "frame_number": 98, "start_time": "2026-07-26T21:06:05Z", "stop_time": "2026-07-26T21:06:38Z", "scene_name": "NISAR_L1_PR_RSLC_026_096_D_098_4005_DHDH_A_20260726T210605_20260726T210638_P05023_N_F_J_001" }, "geometry": { "type": "Polygon", "coordinates": [ [ [ -44.66163, -17.83109 ], [ -45.0955, -19.85556 ], [ -42.69588, -20.28874 ], [ -42.29415, -18.26925 ], [ -44.66163, -17.83109 ] ] ] } },
{ "type": "Feature", "properties": { "query_name": "feature_0_part_1_split_1", "feature_index": 0, "dataset": "NISAR", "platform": "NISAR", "product_id": "NISAR_L1_PR_RSLC_026_096_D_099_4005_DHDH_A_20260726T210640_20260726T210712_P05023_N_F_J_001", "processing_level": "RSLC", "flight_direction": "DESCENDING", "relative_orbit": 96, "absolute_orbit": 5212, "frame_number": 99, "start_time": "2026-07-26T21:06:40Z", "stop_time": "2026-07-26T21:07:12Z", "scene_name": "NISAR_L1_PR_RSLC_026_096_D_099_4005_DHDH_A_20260726T210640_20260726T210712_P05023_N_F_J_001" }, "geometry": { "type": "Polygon", "coordinates": [ [ [ -45.09249, -19.91809 ], [ -45.51436, -21.88234 ], [ -43.08971, -22.30861 ], [ -42.70662, -20.34835 ], [ -45.09249, -19.91809 ] ] ] } },
{ "type": "Feature", "properties": { "query_name": "feature_0_part_1_split_1", "feature_index": 0, "dataset": "NISAR", "platform": "NISAR", "product_id": "NISAR_L1_PR_RSLC_026_103_A_166_2005_DHDH_A_20260727T092406_20260727T092441_P05023_N_F_J_001", "processing_level": "RSLC", "flight_direction": "ASCENDING", "relative_orbit": 103, "absolute_orbit": 5219, "frame_number": 166, "start_time": "2026-07-27T09:24:06Z", "stop_time": "2026-07-27T09:24:41Z", "scene_name": "NISAR_L1_PR_RSLC_026_103_A_166_2005_DHDH_A_20260727T092406_20260727T092441_P05023_N_F_J_001" }, "geometry": { "type": "Polygon", "coordinates": [ [ [ -51.15624, -23.91309 ], [ -51.61046, -21.76948 ], [ -54.12664, -22.21296 ], [ -53.70538, -24.34964 ], [ -51.15624, -23.91309 ] ] ] } },
{ "type": "Feature", "properties": { "query_name": "feature_0_part_1_split_1", "feature_index": 0, "dataset": "NISAR", "platform": "NISAR", "product_id": "NISAR_L1_PR_RSLC_026_103_A_167_2005_DHDH_A_20260727T092440_20260727T092515_P05023_N_F_J_001", "processing_level": "RSLC", "flight_direction": "ASCENDING", "relative_orbit": 103, "absolute_orbit": 5219, "frame_number": 167, "start_time": "2026-07-27T09:24:40Z", "stop_time": "2026-07-27T09:25:15Z", "scene_name": "NISAR_L1_PR_RSLC_026_103_A_167_2005_DHDH_A_20260727T092440_20260727T092515_P05023_N_F_J_001" }, "geometry": { "type": "Polygon", "coordinates": [ [ [ -51.58579, -21.88865 ], [ -52.04861, -19.74611 ], [ -54.527, -20.19437 ], [ -54.10337, -22.33168 ], [ -51.58579, -21.88865 ] ] ] } },
{ "type": "Feature", "properties": { "query_name": "feature_0_part_1_split_1", "feature_index": 0, "dataset": "NISAR", "platform": "NISAR", "product_id": "NISAR_L1_PR_RSLC_026_103_A_168_2005_DHDH_A_20260727T092514_20260727T092548_P05023_N_F_J_001", "processing_level": "RSLC", "flight_direction": "ASCENDING", "relative_orbit": 103, "absolute_orbit": 5219, "frame_number": 168, "start_time": "2026-07-27T09:25:14Z", "stop_time": "2026-07-27T09:25:48Z", "scene_name": "NISAR_L1_PR_RSLC_026_103_A_168_2005_DHDH_A_20260727T092514_20260727T092548_P05023_N_F_J_001" }, "geometry": { "type": "Polygon", "coordinates": [ [ [ -52.02299, -19.86513 ], [ -52.47313, -17.78168 ], [ -54.9117, -18.23351 ], [ -54.50373, -20.31314 ], [ -52.02299, -19.86513 ] ] ] } },
{ "type": "Feature", "properties": { "query_name": "feature_0_part_1_split_1", "feature_index": 0, "dataset": "NISAR", "platform": "NISAR", "product_id": "NISAR_L1_PR_RSLC_026_103_A_169_2005_DHDH_A_20260727T092547_20260727T092622_P05023_N_F_J_001", "processing_level": "RSLC", "flight_direction": "ASCENDING", "relative_orbit": 103, "absolute_orbit": 5219, "frame_number": 169, "start_time": "2026-07-27T09:25:47Z", "stop_time": "2026-07-27T09:26:22Z", "scene_name": "NISAR_L1_PR_RSLC_026_103_A_169_2005_DHDH_A_20260727T092547_20260727T092622_P05023_N_F_J_001" }, "geometry": { "type": "Polygon", "coordinates": [ [ [ -52.44872, -17.90096 ], [ -52.90246, -15.75569 ], [ -55.31784, -16.21394 ], [ -54.88979, -18.35258 ], [ -52.44872, -17.90096 ] ] ] } },
{ "type": "Feature", "properties": { "query_name": "feature_0_part_1_split_1", "feature_index": 0, "dataset": "NISAR", "platform": "NISAR", "product_id": "NISAR_L1_PR_RSLC_026_103_A_170_2005_DHDH_A_20260727T092621_20260727T092655_P05023_N_F_J_001", "processing_level": "RSLC", "flight_direction": "ASCENDING", "relative_orbit": 103, "absolute_orbit": 5219, "frame_number": 170, "start_time": "2026-07-27T09:26:21Z", "stop_time": "2026-07-27T09:26:55Z", "scene_name": "NISAR_L1_PR_RSLC_026_103_A_170_2005_DHDH_A_20260727T092621_20260727T092655_P05023_N_F_J_001" }, "geometry": { "type": "Polygon", "coordinates": [ [ [ -52.87745, -15.87489 ], [ -53.32061, -13.78901 ], [ -55.70855, -14.25216 ], [ -55.29329, -16.33261 ], [ -52.87745, -15.87489 ] ] ] } },
{ "type": "Feature", "properties": { "query_name": "feature_0_part_1_split_1", "feature_index": 0, "dataset": "NISAR", "platform": "NISAR", "product_id": "NISAR_L1_PR_RSLC_026_103_A_171_2005_DHDH_A_20260727T092654_20260727T092729_P05023_N_F_J_001", "processing_level": "RSLC", "flight_direction": "ASCENDING", "relative_orbit": 103, "absolute_orbit": 5219, "frame_number": 171, "start_time": "2026-07-27T09:26:54Z", "stop_time": "2026-07-27T09:27:29Z", "scene_name": "NISAR_L1_PR_RSLC_026_103_A_171_2005_DHDH_A_20260727T092654_20260727T092729_P05023_N_F_J_001" }, "geometry": { "type": "Polygon", "coordinates": [ [ [ -53.29494, -13.90811 ], [ -53.75104, -11.76206 ], [ -56.11563, -12.2307 ], [ -55.68369, -14.37082 ], [ -53.29494, -13.90811 ] ] ] } },
{ "type": "Feature", "properties": { "query_name": "feature_0_part_1_split_1", "feature_index": 0, "dataset": "NISAR", "platform": "NISAR", "product_id": "NISAR_L1_PR_RSLC_026_103_A_172_2005_DHDH_A_20260727T092728_20260727T092802_P05023_N_F_J_001", "processing_level": "RSLC", "flight_direction": "ASCENDING", "relative_orbit": 103, "absolute_orbit": 5219, "frame_number": 172, "start_time": "2026-07-27T09:27:28Z", "stop_time": "2026-07-27T09:28:02Z", "scene_name": "NISAR_L1_PR_RSLC_026_103_A_172_2005_DHDH_A_20260727T092728_20260727T092802_P05023_N_F_J_001" }, "geometry": { "type": "Polygon", "coordinates": [ [ [ -53.72525, -11.88117 ], [ -54.1698, -9.79432 ], [ -56.51392, -10.26827 ], [ -56.09145, -12.34956 ], [ -53.72525, -11.88117 ] ] ] } }
]
}
