query_name,feature_index,dataset,platform,product_id,processing_level,flight_direction,relative_orbit,absolute_orbit,frame_number,start_time,stop_time,scene_name
feature_0_part_1_split_1,0,NISAR,NISAR,NISAR_L2_PR_GSLC_004_045_A_174_2005_DHDH_A_20251101T085515_20251101T085551_X05009_N_F_J_001,GSLC,ASCENDING,45,1355,174,2025-11-01T08:55:15Z,2025-11-01T08:55:51Z,NISAR_L2_PR_GSLC_004_045_A_174_2005_DHDH_A_20251101T085515_20251101T085551_X05009_N_F_J_001
feature_0_part_1_split_1,0,NISAR,NISAR,NISAR_L2_PR_GSLC_004_045_A_173_2005_DHDH_A_20251101T085515_20251101T085518_X05010_N_P_J_001,GSLC,ASCENDING,45,1355,173,2025-11-01T08:55:15Z,2025-11-01T08:55:18Z,NISAR_L2_PR_GSLC_004_045_A_173_2005_DHDH_A_20251101T085515_20251101T085518_X05010_N_P_J_001
feature_0_part_1_split_1,0,NISAR,NISAR,NISAR_L2_PR_GSLC_004_045_A_175_2005_DHDH_A_20251101T085550_20251101T085625_X05009_N_F_J_001,GSLC,ASCENDING,45,1355,175,2025-11-01T08:55:50Z,2025-11-01T08:56:25Z,NISAR_L2_PR_GSLC_004_045_A_175_2005_DHDH_A_20251101T085550_20251101T085625_X05009_N_F_J_001
feature_0_part_1_split_1,0,NISAR,NISAR,NISAR_L2_PR_GSLC_004_060_A_170_2005_DHDH_A_20251102T095119_20251102T095153_X05009_N_F_J_001,GSLC,ASCENDING,60,1370,170,2025-11-02T09:51:19Z,2025-11-02T09:51:53Z,NISAR_L2_PR_GSLC_004_060_A_170_2005_DHDH_A_20251102T095119_20251102T095153_X05009_N_F_J_001
feature_0_part_1_split_1,0,NISAR,NISAR,NISAR_L2_PR_GSLC_004_060_A_171_2005_DHDH_A_20251102T095152_20251102T095227_X05009_N_F_J_001,GSLC,ASCENDING,60,1370,171,2025-11-02T09:51:52Z,2025-11-02T09:52:27Z,NISAR_L2_PR_GSLC_004_060_A_171_2005_DHDH_A_20251102T095152_20251102T095227_X05009_N_F_J_001
feature_0_part_1_split_1,0,NISAR,NISAR,NISAR_L2_PR_GSLC_004_060_A_172_2005_DHDH_A_20251102T095226_20251102T095300_X05009_N_F_J_001,GSLC,ASCENDING,60,1370,172,2025-11-02T09:52:26Z,2025-11-02T09:53:00Z,NISAR_L2_PR_GSLC_004_060_A_172_2005_DHDH_A_20251102T095226_20251102T095300_X05009_N_F_J_001
feature_0_part_1_split_1,0,NISAR,NISAR,NISAR_L2_PR_GSLC_004_117_A_170_2005_DHDH_A_20251106T084443_20251106T084518_X05009_N_F_J_001,GSLC,ASCENDING,117,1427,170,2025-11-06T08:44:43Z,2025-11-06T08:45:18Z,NISAR_L2_PR_GSLC_004_117_A_170_2005_DHDH_A_20251106T084443_20251106T084518_X05009_N_F_J_001
feature_0_part_1_split_1,0,NISAR,NISAR,NISAR_L2_PR_GSLC_004_117_A_171_2005_DHDH_A_20251106T084517_20251106T084551_X05009_N_F_J_001,GSLC,ASCENDING,117,1427,171,2025-11-06T08:45:17Z,2025-11-06T08:45:51Z,NISAR_L2_PR_GSLC_004_117_A_171_2005_DHDH_A_20251106T084517_20251106T084551_X05009_N_F_J_001
feature_0_part_1_split_1,0,NISAR,NISAR,NISAR_L2_PR_GSLC_004_117_A_172_2005_DHDH_A_20251106T084550_20251106T084625_X05009_N_F_J_001,GSLC,ASCENDING,117,1427,172,2025-11-06T08:45:50Z,2025-11-06T08:46:25Z,NISAR_L2_PR_GSLC_004_117_A_172_2005_DHDH_A_20251106T084550_20251106T084625_X05009_N_F_J_001
feature_0_part_1_split_1,0,NISAR,NISAR,NISAR_L2_PR_GSLC_004_117_A_173_2005_DHDH_A_20251106T084624_20251106T084658_X05009_N_F_J_001,GSLC,ASCENDING,117,1427,173,2025-11-06T08:46:24Z,2025-11-06T08:46:58Z,NISAR_L2_PR_GSLC_004_117_A_173_2005_DHDH_A_20251106T084624_20251106T084658_X05009_N_F_J_001
feature_0_part_1_split_1,0,NISAR,NISAR,NISAR_L2_PR_GSLC_004_117_A_174_2005_DHDH_A_20251106T084657_20251106T084732_X05009_N_F_J_001,GSLC,ASCENDING,117,1427,174,2025-11-06T08:46:57Z,2025-11-06T08:47:32Z,NISAR_L2_PR_GSLC_004_117_A_174_2005_DHDH_A_20251106T084657_20251106T084732_X05009_N_F_J_001
feature_0_part_1_split_1,0,NISAR,NISAR,NISAR_L2_PR_GSLC_004_117_A_175_2005_DHDH_A_20251106T084731_20251106T084805_X05009_N_F_J_001,GSLC,ASCENDING,117,1427,175,2025-11-06T08:47:31Z,2025-11-06T08:48:05Z,NISAR_L2_PR_GSLC_004_117_A_175_2005_DHDH_A_20251106T084731_20251106T084805_X05009_N_F_J_001
feature_0_part_1_split_1,0,NISAR,NISAR,NISAR_L2_PR_GSLC_005_045_A_174_2005_DHDH_A_20251113T085515_20251113T085551_X05009_N_F_J_001,GSLC,ASCENDING,45,1528,174,2025-11-13T08:55:15Z,2025-11-13T08:55:51Z,NISAR_L2_PR_GSLC_005_045_A_174_2005_DHDH_A_20251113T085515_20251113T085551_X05009_N_F_J_001
feature_0_part_1_split_1,0,NISAR,NISAR,NISAR_L2_PR_GSLC_005_045_A_173_2005_DHDH_A_20251113T085515_20251113T085518_X05010_N_P_J_001,GSLC,ASCENDING,45,1528,173,2025-11-13T08:55:15Z,2025-11-13T08:55:18Z,NISAR_L2_PR_GSLC_005_045_A_173_2005_DHDH_A_20251113T085515_20251113T085518_X05010_N_P_J_001
feature_0_part_1_split_1,0,NISAR,NISAR,NISAR_L2_PR_GSLC_005_045_A_175_2005_DHDH_A_20251113T085550_20251113T085625_X05009_N_F_J_001,GSLC,ASCENDING,45,1528,175,2025-11-13T08:55:50Z,2025-11-13T08:56:25Z,NISAR_L2_PR_GSLC_005_045_A_175_2005_DHDH_A_20251113T085550_20251113T085625_X05009_N_F_J_001
feature_0_part_1_split_1,0,NISAR,NISAR,NISAR_L2_PR_GSLC_005_082_D_094_2005_DHDH_A_20251115T214527_20251115T214601_X05009_N_F_J_001,GSLC,DESCENDING,82,1565,94,2025-11-15T21:45:27Z,2025-11-15T21:46:01Z,NISAR_L2_PR_GSLC_005_082_D_094_2005_DHDH_A_20251115T214527_20251115T214601_X05009_N_F_J_001
feature_0_part_1_split_1,0,NISAR,NISAR,NISAR_L2_PR_GSLC_005_082_D_095_2005_DHDH_A_20251115T214600_20251115T214635_X05009_N_F_J_001,GSLC,DESCENDING,82,1565,95,2025-11-15T21:46:00Z,2025-11-15T21:46:35Z,NISAR_L2_PR_GSLC_005_082_D_095_2005_DHDH_A_20251115T214600_20251115T214635_X05009_N_F_J_001
feature_0_part_1_split_1,0,NISAR,NISAR,NISAR_L2_PR_GSLC_005_082_D_096_2005_DHDH_A_20251115T214634_20251115T214708_X05009_N_F_J_001,GSLC,DESCENDING,82,1565,96,2025-11-15T21:46:34Z,2025-11-15T21:47:08Z,NISAR_L2_PR_GSLC_005_082_D_096_2005_DHDH_A_20251115T214634_20251115T214708_X05009_N_F_J_001
feature_0_part_1_split_1,0,NISAR,NISAR,NISAR_L2_PR_GSLC_005_082_D_097_2005_DHDH_A_20251115T214707_20251115T214742_X05009_N_F_J_001,GSLC,DESCENDING,82,1565,97,2025-11-15T21:47:07Z,2025-11-15T21:47:42Z,NISAR_L2_PR_GSLC_005_082_D_097_2005_DHDH_A_20251115T214707_20251115T214742_X05009_N_F_J_001
feature_0_part_1_split_1,0,NISAR,NISAR,NISAR_L2_PR_GSLC_005_088_A_174_2005_DHDH_A_20251116T083019_20251116T083053_P05023_N_F_J_001,GSLC,ASCENDING,88,1571,174,2025-11-16T08:30:19Z,2025-11-16T08:30:53Z,NISAR_L2_PR_GSLC_005_088_A_174_2005_DHDH_A_20251116T083019_20251116T083053_P05023_N_F_J_001
feature_0_part_1_split_1,0,NISAR,NISAR,NISAR_L2_PR_GSLC_005_140_D_094_2005_SHSH_A_20251119T221845_20251119T221919_X05009_N_F_J_001,GSLC,DESCENDING,140,1623,94,2025-11-19T22:18:45Z,2025-11-19T22:19:19Z,NISAR_L2_PR_GSLC_005_140_D_094_2005_SHSH_A_20251119T221845_20251119T221919_X05009_N_F_J_001
feature_0_part_1_split_1,0,NISAR,NISAR,NISAR_L2_PR_GSLC_005_140_D_095_2005_SHSH_A_20251119T221918_20251119T221953_X05009_N_F_J_001,GSLC,DESCENDING,140,1623,95,2025-11-19T22:19:18Z,2025-11-19T22:19:53Z,NISAR_L2_PR_GSLC_005_140_D_095_2005_SHSH_A_20251119T221918_20251119T221953_X05009_N_F_J_001
feature_0_part_1_split_1,0,NISAR,NISAR,NISAR_L2_PR_GSLC_005_146_A_172_2005_DHDH_A_20251120T090229_20251120T090304_X05009_N_F_J_001,GSLC,ASCENDING,146,1629,172,2025-11-20T09:02:29Z,2025-11-20T09:03:04Z,NISAR_L2_PR_GSLC_005_146_A_172_2005_DHDH_A_20251120T090229_20251120T090304_X05009_N_F_J_001
feature_0_part_1_split_1,0,NISAR,NISAR,NISAR_L2_PR_GSLC_005_146_A_173_2005_DHDH_A_20251120T090303_20251120T090337_X05009_N_F_J_001,GSLC,ASCENDING,146,1629,173,2025-11-20T09:03:03Z,2025-11-20T09:03:37Z,NISAR_L2_PR_GSLC_005_146_A_173_2005_DHDH_A_20251120T090303_20251120T090337_X05009_N_F_J_001
feature_0_part_1_split_1,0,NISAR,NISAR,NISAR_L2_PR_GSLC_005_146_A_174_2005_DHDH_A_20251120T090336_20251120T090411_X05009_N_F_J_001,GSLC,ASCENDING,146,1629,174,2025-11-20T09:03:36Z,2025-11-20T09:04:11Z,NISAR_L2_PR_GSLC_005_146_A_174_2005_DHDH_A_20251120T090336_20251120T090411_X05009_N_F_J_001
feature_0_part_1_split_1,0,NISAR,NISAR,NISAR_L2_PR_GSLC_006_045_A_174_2005_DHDH_A_20251125T085516_20251125T085552_X05009_N_F_J_001,GSLC,ASCENDING,45,1701,174,2025-11-25T08:55:16Z,2025-11-25T08:55:52Z,NISAR_L2_PR_GSLC_006_045_A_174_2005_DHDH_A_20251125T085516_20251125T085552_X05009_N_F_J_001
feature_0_part_1_split_1,0,NISAR,NISAR,NISAR_L2_PR_GSLC_006_045_A_175_2005_DHDH_A_20251125T085551_20251125T085625_X05009_N_F_J_001,GSLC,ASCENDING,45,1701,175,2025-11-25T08:55:51Z,2025-11-25T08:56:25Z,NISAR_L2_PR_GSLC_006_045_A_175_2005_DHDH_A_20251125T085551_20251125T085625_X05009_N_F_J_001
feature_0_part_1_split_1,0,NISAR,NISAR,NISAR_L2_PR_GSLC_006_088_A_174_2005_DHDH_A_20251128T083019_20251128T083054_P05023_N_F_J_001,GSLC,ASCENDING,88,1744,174,2025-11-28T08:30:19Z,2025-11-28T08:30:54Z,NISAR_L2_PR_GSLC_006_088_A_174_2005_DHDH_A_20251128T083019_20251128T083054_P05023_N_F_J_001
feature_0_part_1_split_1,0,NISAR,NISAR,NISAR_L2_PR_GSLC_006_117_A_170_2005_DHDH_A_20251130T084444_20251130T084518_X05010_F_F_J_001,GSLC,ASCENDING,117,1773,170,2025-11-30T08:44:44Z,2025-11-30T08:45:18Z,NISAR_L2_PR_GSLC_006_117_A_170_2005_DHDH_A_20251130T084444_20251130T084518_X05010_F_F_J_001
feature_0_part_1_split_1,0,NISAR,NISAR,NISAR_L2_PR_GSLC_006_117_A_171_2005_DHDH_A_20251130T084517_20251130T084552_X05010_F_F_J_001,GSLC,ASCENDING,117,1773,171,2025-11-30T08:45:17Z,2025-11-30T08:45:52Z,NISAR_L2_PR_GSLC_006_117_A_171_2005_DHDH_A_20251130T084517_20251130T084552_X05010_F_F_J_001
feature_0_part_1_split_1,0,NISAR,NISAR,NISAR_L2_PR_GSLC_006_117_A_172_2005_DHDH_A_20251130T084551_20251130T084625_X05010_F_F_J_001,GSLC,ASCENDING,117,1773,172,2025-11-30T08:45:51Z,2025-11-30T08:46:25Z,NISAR_L2_PR_GSLC_006_117_A_172_2005_DHDH_A_20251130T084551_20251130T084625_X05010_F_F_J_001
feature_0_part_1_split_1,0,NISAR,NISAR,NISAR_L2_PR_GSLC_006_117_A_173_2005_DHDH_A_20251130T084624_20251130T084659_X05010_F_F_J_001,GSLC,ASCENDING,117,1773,173,2025-11-30T08:46:24Z,2025-11-30T08:46:59Z,NISAR_L2_PR_GSLC_006_117_A_173_2005_DHDH_A_20251130T084624_20251130T084659_X05010_F_F_J_001
feature_0_part_1_split_1,0,NISAR,NISAR,NISAR_L2_PR_GSLC_006_117_A_174_2005_DHDH_A_20251130T084658_20251130T084732_X05010_F_F_J_001,GSLC,ASCENDING,117,1773,174,2025-11-30T08:46:58Z,2025-11-30T08:47:32Z,NISAR_L2_PR_GSLC_006_117_A_174_2005_DHDH_A_20251130T084658_20251130T084732_X05010_F_F_J_001
feature_0_part_1_split_1,0,NISAR,NISAR,NISAR_L2_PR_GSLC_006_117_A_175_2005_DHDH_A_20251130T084731_20251130T084806_X05010_F_F_J_001,GSLC,ASCENDING,117,1773,175,2025-11-30T08:47:31Z,2025-11-30T08:48:06Z,NISAR_L2_PR_GSLC_006_117_A_175_2005_DHDH_A_20251130T084731_20251130T084806_X05010_F_F_J_001
feature_0_part_1_split_1,0,NISAR,NISAR,NISAR_L2_PR_GSLC_006_140_D_094_2005_DHDH_A_20251201T221845_20251201T221920_X05009_N_F_J_001,GSLC,DESCENDING,140,1796,94,2025-12-01T22:18:45Z,2025-12-01T22:19:20Z,NISAR_L2_PR_GSLC_006_140_D_094_2005_DHDH_A_20251201T221845_20251201T221920_X05009_N_F_J_001
feature_0_part_1_split_1,0,NISAR,NISAR,NISAR_L2_PR_GSLC_006_140_D_095_2005_DHDH_A_20251201T221919_20251201T221953_X05009_N_F_J_001,GSLC,DESCENDING,140,1796,95,2025-12-01T22:19:19Z,2025-12-01T22:19:53Z,NISAR_L2_PR_GSLC_006_140_D_095_2005_DHDH_A_20251201T221919_20251201T221953_X05009_N_F_J_001
feature_0_part_1_split_1,0,NISAR,NISAR,NISAR_L2_PR_GSLC_007_016_A_175_4005_DHDH_A_20251205T083942_20251205T083947_X05009_N_P_J_001,GSLC,ASCENDING,16,1845,175,2025-12-05T08:39:42Z,2025-12-05T08:39:47Z,NISAR_L2_PR_GSLC_007_016_A_175_4005_DHDH_A_20251205T083942_20251205T083947_X05009_N_P_J_001
feature_0_part_1_split_1,0,NISAR,NISAR,NISAR_L2_PR_GSLC_007_016_A_176_4005_DHDH_A_20251205T083946_20251205T084020_X05009_N_F_J_001,GSLC,ASCENDING,16,1845,176,2025-12-05T08:39:46Z,2025-12-05T08:40:20Z,NISAR_L2_PR_GSLC_007_016_A_176_4005_DHDH_A_20251205T083946_20251205T084020_X05009_N_F_J_001
feature_0_part_1_split_1,0,NISAR,NISAR,NISAR_L2_PR_GSLC_007_045_A_174_2005_DHDH_A_20251207T085516_20251207T085552_X05009_N_F_J_001,GSLC,ASCENDING,45,1874,174,2025-12-07T08:55:16Z,2025-12-07T08:55:52Z,NISAR_L2_PR_GSLC_007_045_A_174_2005_DHDH_A_20251207T085516_20251207T085552_X05009_N_F_J_001
feature_0_part_1_split_1,0,NISAR,NISAR,NISAR_L2_PR_GSLC_007_045_A_173_2005_DHDH_A_20251207T085516_20251207T085519_X05010_N_P_J_001,GSLC,ASCENDING,45,1874,173,2025-12-07T08:55:16Z,2025-12-07T08:55:19Z,NISAR_L2_PR_GSLC_007_045_A_173_2005_DHDH_A_20251207T085516_20251207T085519_X05010_N_P_J_001
feature_0_part_1_split_1,0,NISAR,NISAR,NISAR_L2_PR_GSLC_007_045_A_175_2005_DHDH_A_20251207T085551_20251207T085626_X05009_N_F_J_001,GSLC,ASCENDING,45,1874,175,2025-12-07T08:55:51Z,2025-12-07T08:56:26Z,NISAR_L2_PR_GSLC_007_045_A_175_2005_DHDH_A_20251207T085551_20251207T085626_X05009_N_F_J_001
feature_0_part_1_split_1,0,NISAR,NISAR,NISAR_L2_PR_GSLC_007_140_D_094_2005_SHSH_A_20251213T221846_20251213T221920_X05009_N_F_J_001,GSLC,DESCENDING,140,1969,94,2025-12-13T22:18:46Z,2025-12-13T22:19:20Z,NISAR_L2_PR_GSLC_007_140_D_094_2005_SHSH_A_20251213T221846_20251213T221920_X05009_N_F_J_001
feature_0_part_1_split_1,0,NISAR,NISAR,NISAR_L2_PR_GSLC_007_140_D_095_2005_SHSH_A_20251213T221919_20251213T221954_X05009_N_F_J_001,GSLC,DESCENDING,140,1969,95,2025-12-13T22:19:19Z,2025-12-13T22:19:54Z,NISAR_L2_PR_GSLC_007_140_D_095_2005_SHSH_A_20251213T221919_20251213T221954_X05009_N_F_J_001
feature_0_part_1_split_1,0,NISAR,NISAR,NISAR_L2_PR_GSLC_007_146_A_172_2005_DHDH_A_20251214T090230_20251214T090305_X05009_N_F_J_001,GSLC,ASCENDING,146,1975,172,2025-12-14T09:02:30Z,2025-12-14T09:03:05Z,NISAR_L2_PR_GSLC_007_146_A_172_2005_DHDH_A_20251214T090230_20251214T090305_X05009_N_F_J_001
feature_0_part_1_split_1,0,NISAR,NISAR,NISAR_L2_PR_GSLC_007_146_A_173_2005_DHDH_A_20251214T090304_20251214T090338_X05009_N_F_J_001,GSLC,ASCENDING,146,1975,173,2025-12-14T09:03:04Z,2025-12-14T09:03:38Z,NISAR_L2_PR_GSLC_007_146_A_173_2005_DHDH_A_20251214T090304_20251214T090338_X05009_N_F_J_001
feature_0_part_1_split_1,0,NISAR,NISAR,NISAR_L2_PR_GSLC_007_146_A_174_2005_DHDH_A_20251214T090337_20251214T090412_X05009_N_F_J_001,GSLC,ASCENDING,146,1975,174,2025-12-14T09:03:37Z,2025-12-14T09:04:12Z,NISAR_L2_PR_GSLC_007_146_A_174_2005_DHDH_A_20251214T090337_20251214T090412_X05009_N_F_J_001
feature_0_part_1_split_1,0,NISAR,NISAR,NISAR_L2_PR_GSLC_008_016_A_175_4005_DHDH_A_20251217T083943_20251217T083948_X05009_N_P_J_001,GSLC,ASCENDING,16,2018,175,2025-12-17T08:39:43Z,2025-12-17T08:39:48Z,NISAR_L2_PR_GSLC_008_016_A_175_4005_DHDH_A_20251217T083943_20251217T083948_X05009_N_P_J_001
feature_0_part_1_split_1,0,NISAR,NISAR,NISAR_L2_PR_GSLC_008_016_A_176_4005_DHDH_A_20251217T083947_20251217T084021_X05009_N_F_J_001,GSLC,ASCENDING,16,2018,176,2025-12-17T08:39:47Z,2025-12-17T08:40:21Z,NISAR_L2_PR_GSLC_008_016_A_176_4005_DHDH_A_20251217T083947_20251217T084021_X05009_N_F_J_001
feature_0_part_1_split_1,0,NISAR,NISAR,NISAR_L2_PR_GSLC_008_045_A_174_2005_SHSH_A_20251219T085517_20251219T085553_X05009_N_F_J_001,GSLC,ASCENDING,45,2047,174,2025-12-19T08:55:17Z,2025-12-19T08:55:53Z,NISAR_L2_PR_GSLC_008_045_A_174_2005_SHSH_A_20251219T085517_20251219T085553_X05009_N_F_J_001
feature_0_part_1_split_1,0,NISAR,NISAR,NISAR_L2_PR_GSLC_008_045_A_173_2005_SHSH_A_20251219T085517_20251219T085520_X05010_N_P_J_001,GSLC,ASCENDING,45,2047,173,2025-12-19T08:55:17Z,2025-12-19T08:55:20Z,NISAR_L2_PR_GSLC_008_045_A_173_2005_SHSH_A_20251219T085517_20251219T085520_X05010_N_P_J_001
feature_0_part_1_split_1,0,NISAR,NISAR,NISAR_L2_PR_GSLC_008_045_A_175_2005_SHSH_A_20251219T085552_20251219T085626_X05009_N_F_J_001,GSLC,ASCENDING,45,2047,175,2025-12-19T08:55:52Z,2025-12-19T08:56:26Z,NISAR_L2_PR_GSLC_008_045_A_175_2005_SHSH_A_20251219T085552_20251219T085626_X05009_N_F_J_001
feature_0_part_1_split_1,0,NISAR,NISAR,NISAR_L2_PR_GSLC_008_117_A_170_2005_DHDH_A_20251224T084445_20251224T084520_X05009_N_F_J_001,GSLC,ASCENDING,117,2119,170,2025-12-24T08:44:45Z,2025-12-24T08:45:20Z,NISAR_L2_PR_GSLC_008_117_A_170_2005_DHDH_A_20251224T084445_20251224T084520_X05009_N_F_J_001
feature_0_part_1_split_1,0,NISAR,NISAR,NISAR_L2_PR_GSLC_008_117_A_171_2005_DHDH_A_20251224T084519_20251224T084553_X05009_N_F_J_001,GSLC,ASCENDING,117,2119,171,2025-12-24T08:45:19Z,2025-12-24T08:45:53Z,NISAR_L2_PR_GSLC_008_117_A_171_2005_DHDH_A_20251224T084519_20251224T084553_X05009_N_F_J_001
feature_0_part_1_split_1,0,NISAR,NISAR,NISAR_L2_PR_GSLC_008_117_A_172_2005_DHDH_A_20251224T084552_20251224T084627_X05009_N_F_J_001,GSLC,ASCENDING,117,2119,172,2025-12-24T08:45:52Z,2025-12-24T08:46:27Z,NISAR_L2_PR_GSLC_008_117_A_172_2005_DHDH_A_20251224T084552_20251224T084627_X05009_N_F_J_001
feature_0_part_1_split_1,0,NISAR,NISAR,NISAR_L2_PR_GSLC_008_117_A_173_2005_DHDH_A_20251224T084626_20251224T084700_X05009_N_F_J_001,GSLC,ASCENDING,117,2119,173,2025-12-24T08:46:26Z,2025-12-24T08:47:00Z,NISAR_L2_PR_GSLC_008_117_A_173_2005_DHDH_A_20251224T084626_20251224T084700_X05009_N_F_J_001
feature_0_part_1_split_1,0,NISAR,NISAR,NISAR_L2_PR_GSLC_008_117_A_174_2005_DHDH_A_20251224T084659_20251224T084734_X05009_N_F_J_001,GSLC,ASCENDING,117,2119,174,2025-12-24T08:46:59Z,2025-12-24T08:47:34Z,NISAR_L2_PR_GSLC_008_117_A_174_2005_DHDH_A_20251224T084659_20251224T084734_X05009_N_F_J_001
feature_0_part_1_split_1,0,NISAR,NISAR,NISAR_L2_PR_GSLC_008_117_A_175_2005_DHDH_A_20251224T084733_20251224T084807_X05009_N_F_J_001,GSLC,ASCENDING,117,2119,175,2025-12-24T08:47:33Z,2025-12-24T08:48:07Z,NISAR_L2_PR_GSLC_008_117_A_175_2005_DHDH_A_20251224T084733_20251224T084807_X05009_N_F_J_001
feature_0_part_1_split_1,0,NISAR,NISAR,NISAR_L2_PR_GSLC_009_016_A_175_4005_DHDH_A_20251229T083943_20251229T083948_X05009_N_P_J_001,GSLC,ASCENDING,16,2191,175,2025-12-29T08:39:43Z,2025-12-29T08:39:48Z,NISAR_L2_PR_GSLC_009_016_A_175_4005_DHDH_A_20251229T083943_20251229T083948_X05009_N_P_J_001
feature_0_part_1_split_1,0,NISAR,NISAR,NISAR_L2_PR_GSLC_009_016_A_176_4005_DHDH_A_20251229T083947_20251229T084021_X05009_N_F_J_001,GSLC,ASCENDING,16,2191,176,2025-12-29T08:39:47Z,2025-12-29T08:40:21Z,NISAR_L2_PR_GSLC_009_016_A_176_4005_DHDH_A_20251229T083947_20251229T084021_X05009_N_F_J_001
feature_0_part_1_split_1,0,NISAR,NISAR,NISAR_L2_PR_GSLC_009_117_A_170_2005_DHDH_A_20260105T084446_20260105T084520_X05009_N_F_J_001,GSLC,ASCENDING,117,2292,170,2026-01-05T08:44:46Z,2026-01-05T08:45:20Z,NISAR_L2_PR_GSLC_009_117_A_170_2005_DHDH_A_20260105T084446_20260105T084520_X05009_N_F_J_001
feature_0_part_1_split_1,0,NISAR,NISAR,NISAR_L2_PR_GSLC_009_117_A_171_2005_DHDH_A_20260105T084519_20260105T084554_X05009_N_F_J_001,GSLC,ASCENDING,117,2292,171,2026-01-05T08:45:19Z,2026-01-05T08:45:54Z,NISAR_L2_PR_GSLC_009_117_A_171_2005_DHDH_A_20260105T084519_20260105T084554_X05009_N_F_J_001
feature_0_part_1_split_1,0,NISAR,NISAR,NISAR_L2_PR_GSLC_009_117_A_172_2005_DHDH_A_20260105T084553_20260105T084627_X05009_N_F_J_001,GSLC,ASCENDING,117,2292,172,2026-01-05T08:45:53Z,2026-01-05T08:46:27Z,NISAR_L2_PR_GSLC_009_117_A_172_2005_DHDH_A_20260105T084553_20260105T084627_X05009_N_F_J_001
feature_0_part_1_split_1,0,NISAR,NISAR,NISAR_L2_PR_GSLC_009_117_A_173_2005_DHDH_A_20260105T084626_20260105T084701_X05009_N_F_J_001,GSLC,ASCENDING,117,2292,173,2026-01-05T08:46:26Z,2026-01-05T08:47:01Z,NISAR_L2_PR_GSLC_009_117_A_173_2005_DHDH_A_20260105T084626_20260105T084701_X05009_N_F_J_001
feature_0_part_1_split_1,0,NISAR,NISAR,NISAR_L2_PR_GSLC_009_117_A_174_2005_DHDH_A_20260105T084700_20260105T084734_X05009_N_F_J_001,GSLC,ASCENDING,117,2292,174,2026-01-05T08:47:00Z,2026-01-05T08:47:34Z,NISAR_L2_PR_GSLC_009_117_A_174_2005_DHDH_A_20260105T084700_20260105T084734_X05009_N_F_J_001
feature_0_part_1_split_1,0,NISAR,NISAR,NISAR_L2_PR_GSLC_009_117_A_175_2005_DHDH_A_20260105T084733_20260105T084807_X05009_N_F_J_001,GSLC,ASCENDING,117,2292,175,2026-01-05T08:47:33Z,2026-01-05T08:48:07Z,NISAR_L2_PR_GSLC_009_117_A_175_2005_DHDH_A_20260105T084733_20260105T084807_X05009_N_F_J_001
feature_0_part_1_split_1,0,NISAR,NISAR,NISAR_L2_PR_GSLC_010_016_A_175_4005_DHDH_A_20260110T083944_20260110T083949_X05009_N_P_J_001,GSLC,ASCENDING,16,2364,175,2026-01-10T08:39:44Z,2026-01-10T08:39:49Z,NISAR_L2_PR_GSLC_010_016_A_175_4005_DHDH_A_20260110T083944_20260110T083949_X05009_N_P_J_001
feature_0_part_1_split_1,0,NISAR,NISAR,NISAR_L2_PR_GSLC_010_016_A_176_4005_DHDH_A_20260110T083948_20260110T084022_X05010_N_F_J_001,GSLC,ASCENDING,16,2364,176,2026-01-10T08:39:48Z,2026-01-10T08:40:22Z,NISAR_L2_PR_GSLC_010_016_A_176_4005_DHDH_A_20260110T083948_20260110T084022_X05010_N_F_J_001
feature_0_part_1_split_1,0,NISAR,NISAR,NISAR_L2_PR_GSLC_010_045_A_174_2005_DHDH_A_20260112T085518_20260112T085554_X05010_N_F_J_001,GSLC,ASCENDING,45,2393,174,2026-01-12T08:55:18Z,2026-01-12T08:55:54Z,NISAR_L2_PR_GSLC_010_045_A_174_2005_DHDH_A_20260112T085518_20260112T085554_X05010_N_F_J_001
feature_0_part_1_split_1,0,NISAR,NISAR,NISAR_L2_PR_GSLC_010_045_A_173_2005_DHDH_A_20260112T085518_20260112T085521_X05010_N_P_J_001,GSLC,ASCENDING,45,2393,173,2026-01-12T08:55:18Z,2026-01-12T08:55:21Z,NISAR_L2_PR_GSLC_010_045_A_173_2005_DHDH_A_20260112T085518_20260112T085521_X05010_N_P_J_001
feature_0_part_1_split_1,0,NISAR,NISAR,NISAR_L2_PR_GSLC_010_045_A_175_2005_DHDH_A_20260112T085553_20260112T085628_X05010_N_F_J_001,GSLC,ASCENDING,45,2393,175,2026-01-12T08:55:53Z,2026-01-12T08:56:28Z,NISAR_L2_PR_GSLC_010_045_A_175_2005_DHDH_A_20260112T085553_20260112T085628_X05010_N_F_J_001
feature_0_part_1_split_1,0,NISAR,NISAR,NISAR_L2_PR_GSLC_010_117_A_170_2005_DHDH_A_20260117T084446_20260117T084521_X05010_N_F_J_001,GSLC,ASCENDING,117,2465,170,2026-01-17T08:44:46Z,2026-01-17T08:45:21Z,NISAR_L2_PR_GSLC_010_117_A_170_2005_DHDH_A_20260117T084446_20260117T084521_X05010_N_F_J_001
feature_0_part_1_split_1,0,NISAR,NISAR,NISAR_L2_PR_GSLC_010_117_A_171_2005_DHDH_A_20260117T084520_20260117T084554_X05010_N_F_J_001,GSLC,ASCENDING,117,2465,171,2026-01-17T08:45:20Z,2026-01-17T08:45:54Z,NISAR_L2_PR_GSLC_010_117_A_171_2005_DHDH_A_20260117T084520_20260117T084554_X05010_N_F_J_001
feature_0_part_1_split_1,0,NISAR,NISAR,NISAR_L2_PR_GSLC_010_117_A_172_2005_DHDH_A_20260117T084553_20260117T084628_X05010_N_F_J_001,GSLC,ASCENDING,117,2465,172,2026-01-17T08:45:53Z,2026-01-17T08:46:28Z,NISAR_L2_PR_GSLC_010_117_A_172_2005_DHDH_A_20260117T084553_20260117T084628_X05010_N_F_J_001
feature_0_part_1_split_1,0,NISAR,NISAR,NISAR_L2_PR_GSLC_010_117_A_173_2005_DHDH_A_20260117T084627_20260117T084701_X05010_N_F_J_001,GSLC,ASCENDING,117,2465,173,2026-01-17T08:46:27Z,2026-01-17T08:47:01Z,NISAR_L2_PR_GSLC_010_117_A_173_2005_DHDH_A_20260117T084627_20260117T084701_X05010_N_F_J_001
feature_0_part_1_split_1,0,NISAR,NISAR,NISAR_L2_PR_GSLC_010_117_A_174_2005_DHDH_A_20260117T084700_20260117T084735_X05010_N_F_J_001,GSLC,ASCENDING,117,2465,174,2026-01-17T08:47:00Z,2026-01-17T08:47:35Z,NISAR_L2_PR_GSLC_010_117_A_174_2005_DHDH_A_20260117T084700_20260117T084735_X05010_N_F_J_001
feature_0_part_1_split_1,0,NISAR,NISAR,NISAR_L2_PR_GSLC_010_117_A_175_2005_DHDH_A_20260117T084734_20260117T084808_X05010_N_F_J_001,GSLC,ASCENDING,117,2465,175,2026-01-17T08:47:34Z,2026-01-17T08:48:08Z,NISAR_L2_PR_GSLC_010_117_A_175_2005_DHDH_A_20260117T084734_20260117T084808_X05010_N_F_J_001
feature_0_part_1_split_1,0,NISAR,NISAR,NISAR_L2_PR_GSLC_010_146_A_172_2005_DHDH_A_20260119T090232_20260119T090307_X05010_N_F_J_001,GSLC,ASCENDING,146,2494,172,2026-01-19T09:02:32Z,2026-01-19T09:03:07Z,NISAR_L2_PR_GSLC_010_146_A_172_2005_DHDH_A_20260119T090232_20260119T090307_X05010_N_F_J_001
feature_0_part_1_split_1,0,NISAR,NISAR,NISAR_L2_PR_GSLC_010_146_A_173_2005_DHDH_A_20260119T090306_20260119T090340_X05010_N_F_J_001,GSLC,ASCENDING,146,2494,173,2026-01-19T09:03:06Z,2026-01-19T09:03:40Z,NISAR_L2_PR_GSLC_010_146_A_173_2005_DHDH_A_20260119T090306_20260119T090340_X05010_N_F_J_001
feature_0_part_1_split_1,0,NISAR,NISAR,NISAR_L2_PR_GSLC_010_146_A_174_2005_DHDH_A_20260119T090339_20260119T090414_X05010_N_F_J_001,GSLC,ASCENDING,146,2494,174,2026-01-19T09:03:39Z,2026-01-19T09:04:14Z,NISAR_L2_PR_GSLC_010_146_A_174_2005_DHDH_A_20260119T090339_20260119T090414_X05010_N_F_J_001
feature_0_part_1_split_1,0,NISAR,NISAR,NISAR_L2_PR_GSLC_023_045_A_167_2005_DHDH_M_20260617T085124_20260617T085159_P05023_F_F_J_001,GSLC,ASCENDING,45,4642,167,2026-06-17T08:51:24Z,2026-06-17T08:51:59Z,NISAR_L2_PR_GSLC_023_045_A_167_2005_DHDH_M_20260617T085124_20260617T085159_P05023_F_F_J_001
feature_0_part_1_split_1,0,NISAR,NISAR,NISAR_L2_PR_GSLC_023_045_A_167_4005_DHDH_A_20260617T085124_20260617T085149_P05023_F_P_J_001,GSLC,ASCENDING,45,4642,167,2026-06-17T08:51:24Z,2026-06-17T08:51:49Z,NISAR_L2_PR_GSLC_023_045_A_167_4005_DHDH_A_20260617T085124_20260617T085149_P05023_F_P_J_001
feature_0_part_1_split_1,0,NISAR,NISAR,NISAR_L2_PR_GSLC_023_045_A_168_2005_DHDH_A_20260617T085155_20260617T085235_P05023_F_F_J_001,GSLC,ASCENDING,45,4642,168,2026-06-17T08:51:55Z,2026-06-17T08:52:35Z,NISAR_L2_PR_GSLC_023_045_A_168_2005_DHDH_A_20260617T085155_20260617T085235_P05023_F_F_J_001
feature_0_part_1_split_1,0,NISAR,NISAR,NISAR_L2_PR_GSLC_023_045_A_169_2005_SHSH_M_20260617T085232_20260617T085306_P05023_F_F_J_001,GSLC,ASCENDING,45,4642,169,2026-06-17T08:52:32Z,2026-06-17T08:53:06Z,NISAR_L2_PR_GSLC_023_045_A_169_2005_SHSH_M_20260617T085232_20260617T085306_P05023_F_F_J_001
feature_0_part_1_split_1,0,NISAR,NISAR,NISAR_L2_PR_GSLC_023_045_A_170_2005_SHSH_A_20260617T085305_20260617T085340_P05023_F_F_J_001,GSLC,ASCENDING,45,4642,170,2026-06-17T08:53:05Z,2026-06-17T08:53:40Z,NISAR_L2_PR_GSLC_023_045_A_170_2005_SHSH_A_20260617T085305_20260617T085340_P05023_F_F_J_001
feature_0_part_1_split_1,0,NISAR,NISAR,NISAR_L2_PR_GSLC_023_045_A_171_2005_SHSH_A_20260617T085339_20260617T085413_P05023_F_F_J_001,GSLC,ASCENDING,45,4642,171,2026-06-17T08:53:39Z,2026-06-17T08:54:13Z,NISAR_L2_PR_GSLC_023_045_A_171_2005_SHSH_A_20260617T085339_20260617T085413_P05023_F_F_J_001
feature_0_part_1_split_1,0,NISAR,NISAR,NISAR_L2_PR_GSLC_023_045_A_172_2005_SHSH_A_20260617T085412_20260617T085447_P05023_F_F_J_001,GSLC,ASCENDING,45,4642,172,2026-06-17T08:54:12Z,2026-06-17T08:54:47Z,NISAR_L2_PR_GSLC_023_045_A_172_2005_SHSH_A_20260617T085412_20260617T085447_P05023_F_F_J_001
feature_0_part_1_split_1,0,NISAR,NISAR,NISAR_L2_PR_GSLC_023_045_A_173_2005_SHSH_M_20260617T085446_20260617T085520_P05023_F_F_J_001,GSLC,ASCENDING,45,4642,173,2026-06-17T08:54:46Z,2026-06-17T08:55:20Z,NISAR_L2_PR_GSLC_023_045_A_173_2005_SHSH_M_20260617T085446_20260617T085520_P05023_F_F_J_001
feature_0_part_1_split_1,0,NISAR,NISAR,NISAR_L2_PR_GSLC_023_045_A_173_2005_DHDH_A_20260617T085459_20260617T085514_P05023_F_P_J_001,GSLC,ASCENDING,45,4642,173,2026-06-17T08:54:59Z,2026-06-17T08:55:14Z,NISAR_L2_PR_GSLC_023_045_A_173_2005_DHDH_A_20260617T085459_20260617T085514_P05023_F_P_J_001
feature_0_part_1_split_1,0,NISAR,NISAR,NISAR_L2_PR_GSLC_023_045_A_174_2005_SHSH_A_20260617T085517_20260617T085554_P05023_F_F_J_001,GSLC,ASCENDING,45,4642,174,2026-06-17T08:55:17Z,2026-06-17T08:55:54Z,NISAR_L2_PR_GSLC_023_045_A_174_2005_SHSH_A_20260617T085517_20260617T085554_P05023_F_F_J_001
feature_0_part_1_split_1,0,NISAR,NISAR,NISAR_L2_PR_GSLC_023_045_A_175_2005_SHSH_A_20260617T085553_20260617T085627_P05023_F_F_J_001,GSLC,ASCENDING,45,4642,175,2026-06-17T08:55:53Z,2026-06-17T08:56:27Z,NISAR_L2_PR_GSLC_023_045_A_175_2005_SHSH_A_20260617T085553_20260617T085627_P05023_F_F_J_001
feature_0_part_1_split_1,0,NISAR,NISAR,NISAR_L2_PR_GSLC_023_053_D_091_2005_DHDH_A_20260617T212710_20260617T212744_P05023_N_F_J_001,GSLC,DESCENDING,53,4650,91,2026-06-17T21:27:10Z,2026-06-17T21:27:44Z,NISAR_L2_PR_GSLC_023_053_D_091_2005_DHDH_A_20260617T212710_20260617T212744_P05023_N_F_J_001
feature_0_part_1_split_1,0,NISAR,NISAR,NISAR_L2_PR_GSLC_023_053_D_092_2005_DHDH_A_20260617T212743_20260617T212821_P05023_N_F_J_001,GSLC,DESCENDING,53,4650,92,2026-06-17T21:27:43Z,2026-06-17T21:28:21Z,NISAR_L2_PR_GSLC_023_053_D_092_2005_DHDH_A_20260617T212743_20260617T212821_P05023_N_F_J_001
feature_0_part_1_split_1,0,NISAR,NISAR,NISAR_L2_PR_GSLC_023_053_D_093_2005_DHDH_A_20260617T212817_20260617T212851_P05023_N_F_J_001,GSLC,DESCENDING,53,4650,93,2026-06-17T21:28:17Z,2026-06-17T21:28:51Z,NISAR_L2_PR_GSLC_023_053_D_093_2005_DHDH_A_20260617T212817_20260617T212851_P05023_N_F_J_001
feature_0_part_1_split_1,0,NISAR,NISAR,NISAR_L2_PR_GSLC_023_053_D_094_2005_DHDH_A_20260617T212850_20260617T212925_P05023_N_F_J_001,GSLC,DESCENDING,53,4650,94,2026-06-17T21:28:50Z,2026-06-17T21:29:25Z,NISAR_L2_PR_GSLC_023_053_D_094_2005_DHDH_A_20260617T212850_20260617T212925_P05023_N_F_J_001
feature_0_part_1_split_1,0,NISAR,NISAR,NISAR_L2_PR_GSLC_023_053_D_095_2005_DHDH_A_20260617T212924_20260617T212958_P05023_N_F_J_001,GSLC,DESCENDING,53,4650,95,2026-06-17T21:29:24Z,2026-06-17T21:29:58Z,NISAR_L2_PR_GSLC_023_053_D_095_2005_DHDH_A_20260617T212924_20260617T212958_P05023_N_F_J_001
feature_0_part_1_split_1,0,NISAR,NISAR,NISAR_L2_PR_GSLC_023_053_D_096_2005_DHDH_M_20260617T212957_20260617T213032_P05023_N_F_J_001,GSLC,DESCENDING,53,4650,96,2026-06-17T21:29:57Z,2026-06-17T21:30:32Z,NISAR_L2_PR_GSLC_023_053_D_096_2005_DHDH_M_20260617T212957_20260617T213032_P05023_N_F_J_001
feature_0_part_1_split_1,0,NISAR,NISAR,NISAR_L2_PR_GSLC_023_053_D_097_4005_DHDH_A_20260617T213029_20260617T213108_P05023_N_F_J_001,GSLC,DESCENDING,53,4650,97,2026-06-17T21:30:29Z,2026-06-17T21:31:08Z,NISAR_L2_PR_GSLC_023_053_D_097_4005_DHDH_A_20260617T213029_20260617T213108_P05023_N_F_J_001
feature_0_part_1_split_1,0,NISAR,NISAR,NISAR_L2_PR_GSLC_023_053_D_098_2005_DHDH_M_20260617T213104_20260617T213139_P05023_N_F_J_001,GSLC,DESCENDING,53,4650,98,2026-06-17T21:31:04Z,2026-06-17T21:31:39Z,NISAR_L2_PR_GSLC_023_053_D_098_2005_DHDH_M_20260617T213104_20260617T213139_P05023_N_F_J_001
feature_0_part_1_split_1,0,NISAR,NISAR,NISAR_L2_PR_GSLC_023_053_D_099_2005_DHDH_A_20260617T213138_20260617T213212_P05023_N_F_J_001,GSLC,DESCENDING,53,4650,99,2026-06-17T21:31:38Z,2026-06-17T21:32:12Z,NISAR_L2_PR_GSLC_023_053_D_099_2005_DHDH_A_20260617T213138_20260617T213212_P05023_N_F_J_001
feature_0_part_1_split_1,0,NISAR,NISAR,NISAR_L2_PR_GSLC_023_053_D_100_2005_DHDH_A_20260617T213211_20260617T213246_P05023_N_F_J_001,GSLC,DESCENDING,53,4650,100,2026-06-17T21:32:11Z,2026-06-17T21:32:46Z,NISAR_L2_PR_GSLC_023_053_D_100_2005_DHDH_A_20260617T213211_20260617T213246_P05023_N_F_J_001
feature_0_part_1_split_1,0,NISAR,NISAR,NISAR_L2_PR_GSLC_023_053_D_101_2005_DHDH_A_20260617T213245_20260617T213320_P05023_N_F_J_001,GSLC,DESCENDING,53,4650,101,2026-06-17T21:32:45Z,2026-06-17T21:33:20Z,NISAR_L2_PR_GSLC_023_053_D_101_2005_DHDH_A_20260617T213245_20260617T213320_P05023_N_F_J_001
feature_0_part_1_split_1,0,NISAR,NISAR,NISAR_L2_PR_GSLC_023_060_A_170_2005_DHDH_A_20260618T095121_20260618T095156_P05023_N_F_J_001,GSLC,ASCENDING,60,4657,170,2026-06-18T09:51:21Z,2026-06-18T09:51:56Z,NISAR_L2_PR_GSLC_023_060_A_170_2005_DHDH_A_20260618T095121_20260618T095156_P05023_N_F_J_001
feature_0_part_1_split_1,0,NISAR,NISAR,NISAR_L2_PR_GSLC_023_060_A_171_2005_DHDH_A_20260618T095155_20260618T095229_P05023_N_F_J_001,GSLC,ASCENDING,60,4657,171,2026-06-18T09:51:55Z,2026-06-18T09:52:29Z,NISAR_L2_PR_GSLC_023_060_A_171_2005_DHDH_A_20260618T095155_20260618T095229_P05023_N_F_J_001
feature_0_part_1_split_1,0,NISAR,NISAR,NISAR_L2_PR_GSLC_023_060_A_172_2005_DHDH_A_20260618T095228_20260618T095302_P05023_N_F_J_001,GSLC,ASCENDING,60,4657,172,2026-06-18T09:52:28Z,2026-06-18T09:53:02Z,NISAR_L2_PR_GSLC_023_060_A_172_2005_DHDH_A_20260618T095228_20260618T095302_P05023_N_F_J_001
feature_0_part_1_split_1,0,NISAR,NISAR,NISAR_L2_PR_GSLC_023_074_A_165_4005_DHDH_A_20260619T090656_20260619T090731_P05023_N_F_J_001,GSLC,ASCENDING,74,4671,165,2026-06-19T09:06:56Z,2026-06-19T09:07:31Z,NISAR_L2_PR_GSLC_023_074_A_165_4005_DHDH_A_20260619T090656_20260619T090731_P05023_N_F_J_001
feature_0_part_1_split_1,0,NISAR,NISAR,NISAR_L2_PR_GSLC_023_074_A_169_4005_DHDH_A_20260619T090909_20260619T090945_P05023_N_F_J_001,GSLC,ASCENDING,74,4671,169,2026-06-19T09:09:09Z,2026-06-19T09:09:45Z,NISAR_L2_PR_GSLC_023_074_A_169_4005_DHDH_A_20260619T090909_20260619T090945_P05023_N_F_J_001
feature_0_part_1_split_1,0,NISAR,NISAR,NISAR_L2_PR_GSLC_023_074_A_170_2005_DHDH_M_20260619T090945_20260619T091018_P05023_N_F_J_001,GSLC,ASCENDING,74,4671,170,2026-06-19T09:09:45Z,2026-06-19T09:10:18Z,NISAR_L2_PR_GSLC_023_074_A_170_2005_DHDH_M_20260619T090945_20260619T091018_P05023_N_F_J_001
feature_0_part_1_split_1,0,NISAR,NISAR,NISAR_L2_PR_GSLC_023_074_A_170_4005_DHDH_A_20260619T090945_20260619T090959_P05023_N_P_J_001,GSLC,ASCENDING,74,4671,170,2026-06-19T09:09:45Z,2026-06-19T09:09:59Z,NISAR_L2_PR_GSLC_023_074_A_170_4005_DHDH_A_20260619T090945_20260619T090959_P05023_N_P_J_001
feature_0_part_1_split_1,0,NISAR,NISAR,NISAR_L2_PR_GSLC_023_074_A_171_2005_DHDH_A_20260619T091017_20260619T091052_P05023_N_F_J_001,GSLC,ASCENDING,74,4671,171,2026-06-19T09:10:17Z,2026-06-19T09:10:52Z,NISAR_L2_PR_GSLC_023_074_A_171_2005_DHDH_A_20260619T091017_20260619T091052_P05023_N_F_J_001
feature_0_part_1_split_1,0,NISAR,NISAR,NISAR_L2_PR_GSLC_023_074_A_172_2005_DHDH_A_20260619T091051_20260619T091125_P05023_N_F_J_001,GSLC,ASCENDING,74,4671,172,2026-06-19T09:10:51Z,2026-06-19T09:11:25Z,NISAR_L2_PR_GSLC_023_074_A_172_2005_DHDH_A_20260619T091051_20260619T091125_P05023_N_F_J_001
feature_0_part_1_split_1,0,NISAR,NISAR,NISAR_L2_PR_GSLC_023_074_A_173_2005_DHDH_A_20260619T091124_20260619T091159_P05023_N_F_J_001,GSLC,ASCENDING,74,4671,173,2026-06-19T09:11:24Z,2026-06-19T09:11:59Z,NISAR_L2_PR_GSLC_023_074_A_173_2005_DHDH_A_20260619T091124_20260619T091159_P05023_N_F_J_001
feature_0_part_1_split_1,0,NISAR,NISAR,NISAR_L2_PR_GSLC_023_082_D_094_2005_DHDH_A_20260619T214529_20260619T214604_P05023_N_F_J_001,GSLC,DESCENDING,82,4679,94,2026-06-19T21:45:29Z,2026-06-19T21:46:04Z,NISAR_L2_PR_GSLC_023_082_D_094_2005_DHDH_A_20260619T214529_20260619T214604_P05023_N_F_J_001
feature_0_part_1_split_1,0,NISAR,NISAR,NISAR_L2_PR_GSLC_023_082_D_095_2005_DHDH_A_20260619T214603_20260619T214637_P05023_N_F_J_001,GSLC,DESCENDING,82,4679,95,2026-06-19T21:46:03Z,2026-06-19T21:46:37Z,NISAR_L2_PR_GSLC_023_082_D_095_2005_DHDH_A_20260619T214603_20260619T214637_P05023_N_F_J_001
feature_0_part_1_split_1,0,NISAR,NISAR,NISAR_L2_PR_GSLC_023_082_D_096_2005_DHDH_A_20260619T214636_20260619T214711_P05023_N_F_J_001,GSLC,DESCENDING,82,4679,96,2026-06-19T21:46:36Z,2026-06-19T21:47:11Z,NISAR_L2_PR_GSLC_023_082_D_096_2005_DHDH_A_20260619T214636_20260619T214711_P05023_N_F_J_001
feature_0_part_1_split_1,0,NISAR,NISAR,NISAR_L2_PR_GSLC_023_082_D_097_2005_DHDH_A_20260619T214710_20260619T214744_P05023_N_F_J_001,GSLC,DESCENDING,82,4679,97,2026-06-19T21:47:10Z,2026-06-19T21:47:44Z,NISAR_L2_PR_GSLC_023_082_D_097_2005_DHDH_A_20260619T214710_20260619T214744_P05023_N_F_J_001
feature_0_part_1_split_1,0,NISAR,NISAR,NISAR_L2_PR_GSLC_023_082_D_098_2005_DHDH_M_20260619T214743_20260619T214818_P05023_N_F_J_001,GSLC,DESCENDING,82,4679,98,2026-06-19T21:47:43Z,2026-06-19T21:48:18Z,NISAR_L2_PR_GSLC_023_082_D_098_2005_DHDH_M_20260619T214743_20260619T214818_P05023_N_F_J_001
feature_0_part_1_split_1,0,NISAR,NISAR,NISAR_L2_PR_GSLC_023_082_D_098_4005_DHDH_A_20260619T214811_20260619T214818_P05023_N_P_J_001,GSLC,DESCENDING,82,4679,98,2026-06-19T21:48:11Z,2026-06-19T21:48:18Z,NISAR_L2_PR_GSLC_023_082_D_098_4005_DHDH_A_20260619T214811_20260619T214818_P05023_N_P_J_001
feature_0_part_1_split_1,0,NISAR,NISAR,NISAR_L2_PR_GSLC_023_082_D_099_4005_DHDH_A_20260619T214817_20260619T214851_P05023_N_F_J_001,GSLC,DESCENDING,82,4679,99,2026-06-19T21:48:17Z,2026-06-19T21:48:51Z,NISAR_L2_PR_GSLC_023_082_D_099_4005_DHDH_A_20260619T214817_20260619T214851_P05023_N_F_J_001
feature_0_part_1_split_1,0,NISAR,NISAR,NISAR_L2_PR_GSLC_023_082_D_100_2005_DHDH_M_20260619T214850_20260619T214925_P05023_N_F_J_001,GSLC,DESCENDING,82,4679,100,2026-06-19T21:48:50Z,2026-06-19T21:49:25Z,NISAR_L2_PR_GSLC_023_082_D_100_2005_DHDH_M_20260619T214850_20260619T214925_P05023_N_F_J_001
feature_0_part_1_split_1,0,NISAR,NISAR,NISAR_L2_PR_GSLC_023_082_D_100_4005_DHDH_A_20260619T214850_20260619T214856_P05023_N_P_J_001,GSLC,DESCENDING,82,4679,100,2026-06-19T21:48:50Z,2026-06-19T21:48:56Z,NISAR_L2_PR_GSLC_023_082_D_100_4005_DHDH_A_20260619T214850_20260619T214856_P05023_N_P_J_001
feature_0_part_1_split_1,0,NISAR,NISAR,NISAR_L2_PR_GSLC_023_082_D_101_2005_DHDH_A_20260619T214924_20260619T214958_P05023_N_F_J_001,GSLC,DESCENDING,82,4679,101,2026-06-19T21:49:24Z,2026-06-19T21:49:58Z,NISAR_L2_PR_GSLC_023_082_D_101_2005_DHDH_A_20260619T214924_20260619T214958_P05023_N_F_J_001
feature_0_part_1_split_1,0,NISAR,NISAR,NISAR_L2_PR_GSLC_023_088_A_174_2005_DHDH_A_20260620T083021_20260620T083055_P05023_N_F_J_001,GSLC,ASCENDING,88,4685,174,2026-06-20T08:30:21Z,2026-06-20T08:30:55Z,NISAR_L2_PR_GSLC_023_088_A_174_2005_DHDH_A_20260620T083021_20260620T083055_P05023_N_F_J_001
feature_0_part_1_split_1,0,NISAR,NISAR,NISAR_L2_PR_GSLC_023_088_A_175_2005_DHDH_A_20260620T083054_20260620T083129_P05023_N_F_J_001,GSLC,ASCENDING,88,4685,175,2026-06-20T08:30:54Z,2026-06-20T08:31:29Z,NISAR_L2_PR_GSLC_023_088_A_175_2005_DHDH_A_20260620T083054_20260620T083129_P05023_N_F_J_001
feature_0_part_1_split_1,0,NISAR,NISAR,NISAR_L2_PR_GSLC_023_088_A_176_2005_DHDH_A_20260620T083128_20260620T083204_P05023_N_F_J_001,GSLC,ASCENDING,88,4685,176,2026-06-20T08:31:28Z,2026-06-20T08:32:04Z,NISAR_L2_PR_GSLC_023_088_A_176_2005_DHDH_A_20260620T083128_20260620T083204_P05023_N_F_J_001
feature_0_part_1_split_1,0,NISAR,NISAR,NISAR_L2_PR_GSLC_023_096_D_090_2005_DHDH_A_20260620T210147_20260620T210213_P05023_N_P_J_001,GSLC,DESCENDING,96,4693,90,2026-06-20T21:01:47Z,2026-06-20T21:02:13Z,NISAR_L2_PR_GSLC_023_096_D_090_2005_DHDH_A_20260620T210147_20260620T210213_P05023_N_P_J_001
feature_0_part_1_split_1,0,NISAR,NISAR,NISAR_L2_PR_GSLC_023_096_D_091_2005_DHDH_A_20260620T210212_20260620T210246_P05023_N_F_J_001,GSLC,DESCENDING,96,4693,91,2026-06-20T21:02:12Z,2026-06-20T21:02:46Z,NISAR_L2_PR_GSLC_023_096_D_091_2005_DHDH_A_20260620T210212_20260620T210246_P05023_N_F_J_001
feature_0_part_1_split_1,0,NISAR,NISAR,NISAR_L2_PR_GSLC_023_096_D_092_2005_DHDH_A_20260620T210245_20260620T210319_P05023_N_F_J_001,GSLC,DESCENDING,96,4693,92,2026-06-20T21:02:45Z,2026-06-20T21:03:19Z,NISAR_L2_PR_GSLC_023_096_D_092_2005_DHDH_A_20260620T210245_20260620T210319_P05023_N_F_J_001
feature_0_part_1_split_1,0,NISAR,NISAR,NISAR_L2_PR_GSLC_023_096_D_095_2005_DHDH_A_20260620T210425_20260620T210500_P05023_N_F_J_001,GSLC,DESCENDING,96,4693,95,2026-06-20T21:04:25Z,2026-06-20T21:05:00Z,NISAR_L2_PR_GSLC_023_096_D_095_2005_DHDH_A_20260620T210425_20260620T210500_P05023_N_F_J_001
feature_0_part_1_split_1,0,NISAR,NISAR,NISAR_L2_PR_GSLC_023_096_D_096_2005_DHDH_A_20260620T210459_20260620T210533_P05023_N_F_J_001,GSLC,DESCENDING,96,4693,96,2026-06-20T21:04:59Z,2026-06-20T21:05:33Z,NISAR_L2_PR_GSLC_023_096_D_096_2005_DHDH_A_20260620T210459_20260620T210533_P05023_N_F_J_001
feature_0_part_1_split_1,0,NISAR,NISAR,NISAR_L2_PR_GSLC_023_096_D_097_2005_DHDH_M_20260620T210532_20260620T210607_P05023_N_F_J_001,GSLC,DESCENDING,96,4693,97,2026-06-20T21:05:32Z,2026-06-20T21:06:07Z,NISAR_L2_PR_GSLC_023_096_D_097_2005_DHDH_M_20260620T210532_20260620T210607_P05023_N_F_J_001
feature_0_part_1_split_1,0,NISAR,NISAR,NISAR_L2_PR_GSLC_023_096_D_099_4005_DHDH_A_20260620T210642_20260620T210714_P05023_N_F_J_001,GSLC,DESCENDING,96,4693,99,2026-06-20T21:06:42Z,2026-06-20T21:07:14Z,NISAR_L2_PR_GSLC_023_096_D_099_4005_DHDH_A_20260620T210642_20260620T210714_P05023_N_F_J_001
feature_0_part_1_split_1,0,NISAR,NISAR,NISAR_L2_PR_GSLC_023_103_A_166_2005_DHDH_A_20260621T092408_20260621T092443_P05023_N_F_J_001,GSLC,ASCENDING,103,4700,166,2026-06-21T09:24:08Z,2026-06-21T09:24:43Z,NISAR_L2_PR_GSLC_023_103_A_166_2005_DHDH_A_20260621T092408_20260621T092443_P05023_N_F_J_001
feature_0_part_1_split_1,0,NISAR,NISAR,NISAR_L2_PR_GSLC_023_103_A_167_2005_DHDH_A_20260621T092442_20260621T092517_P05023_N_F_J_001,GSLC,ASCENDING,103,4700,167,2026-06-21T09:24:42Z,2026-06-21T09:25:17Z,NISAR_L2_PR_GSLC_023_103_A_167_2005_DHDH_A_20260621T092442_20260621T092517_P05023_N_F_J_001
feature_0_part_1_split_1,0,NISAR,NISAR,NISAR_L2_PR_GSLC_023_103_A_168_2005_DHDH_A_20260621T092516_20260621T092550_P05023_N_F_J_001,GSLC,ASCENDING,103,4700,168,2026-06-21T09:25:16Z,2026-06-21T09:25:50Z,NISAR_L2_PR_GSLC_023_103_A_168_2005_DHDH_A_20260621T092516_20260621T092550_P05023_N_F_J_001
feature_0_part_1_split_1,0,NISAR,NISAR,NISAR_L2_PR_GSLC_023_103_A_169_2005_DHDH_A_20260621T092549_20260621T092624_P05023_N_F_J_001,GSLC,ASCENDING,103,4700,169,2026-06-21T09:25:49Z,2026-06-21T09:26:24Z,NISAR_L2_PR_GSLC_023_103_A_169_2005_DHDH_A_20260621T092549_20260621T092624_P05023_N_F_J_001
feature_0_part_1_split_1,0,NISAR,NISAR,NISAR_L2_PR_GSLC_023_103_A_170_2005_DHDH_A_20260621T092623_20260621T092657_P05023_N_F_J_001,GSLC,ASCENDING,103,4700,170,2026-06-21T09:26:23Z,2026-06-21T09:26:57Z,NISAR_L2_PR_GSLC_023_103_A_170_2005_DHDH_A_20260621T092623_20260621T092657_P05023_N_F_J_001
feature_0_part_1_split_1,0,NISAR,NISAR,NISAR_L2_PR_GSLC_023_103_A_171_2005_DHDH_A_20260621T092656_20260621T092731_P05023_N_F_J_001,GSLC,ASCENDING,103,4700,171,2026-06-21T09:26:56Z,2026-06-21T09:27:31Z,NISAR_L2_PR_GSLC_023_103_A_171_2005_DHDH_A_20260621T092656_20260621T092731_P05023_N_F_J_001
feature_0_part_1_split_1,0,NISAR,NISAR,NISAR_L2_PR_GSLC_023_103_A_172_2005_DHDH_A_20260621T092730_20260621T092804_P05023_N_F_J_001,GSLC,ASCENDING,103,4700,172,2026-06-21T09:27:30Z,2026-06-21T09:28:04Z,NISAR_L2_PR_GSLC_023_103_A_172_2005_DHDH_A_20260621T092730_20260621T092804_P05023_N_F_J_001
feature_0_part_1_split_1,0,NISAR,NISAR,NISAR_L2_PR_GSLC_023_111_D_094_2005_DHDH_A_20260621T220208_20260621T220242_P05023_N_F_J_001,GSLC,DESCENDING,111,4708,94,2026-06-21T22:02:08Z,2026-06-21T22:02:42Z,NISAR_L2_PR_GSLC_023_111_D_094_2005_DHDH_A_20260621T220208_20260621T220242_P05023_N_F_J_001
feature_0_part_1_split_1,0,NISAR,NISAR,NISAR_L2_PR_GSLC_023_111_D_095_2005_DHDH_A_20260621T220241_20260621T220316_P05023_N_F_J_001,GSLC,DESCENDING,111,4708,95,2026-06-21T22:02:41Z,2026-06-21T22:03:16Z,NISAR_L2_PR_GSLC_023_111_D_095_2005_DHDH_A_20260621T220241_20260621T220316_P05023_N_F_J_001
feature_0_part_1_split_1,0,NISAR,NISAR,NISAR_L2_PR_GSLC_023_111_D_096_2005_DHDH_A_20260621T220315_20260621T220349_P05023_N_F_J_001,GSLC,DESCENDING,111,4708,96,2026-06-21T22:03:15Z,2026-06-21T22:03:49Z,NISAR_L2_PR_GSLC_023_111_D_096_2005_DHDH_A_20260621T220315_20260621T220349_P05023_N_F_J_001
feature_0_part_1_split_1,0,NISAR,NISAR,NISAR_L2_PR_GSLC_023_111_D_097_2005_DHDH_A_20260621T220348_20260621T220423_P05023_N_F_J_001,GSLC,DESCENDING,111,4708,97,2026-06-21T22:03:48Z,2026-06-21T22:04:23Z,NISAR_L2_PR_GSLC_023_111_D_097_2005_DHDH_A_20260621T220348_20260621T220423_P05023_N_F_J_001
feature_0_part_1_split_1,0,NISAR,NISAR,NISAR_L2_PR_GSLC_023_111_D_098_2005_DHDH_A_20260621T220422_20260621T220456_P05023_N_F_J_001,GSLC,DESCENDING,111,4708,98,2026-06-21T22:04:22Z,2026-06-21T22:04:56Z,NISAR_L2_PR_GSLC_023_111_D_098_2005_DHDH_A_20260621T220422_20260621T220456_P05023_N_F_J_001
feature_0_part_1_split_1,0,NISAR,NISAR,NISAR_L2_PR_GSLC_023_111_D_099_2005_DHDH_A_20260621T220455_20260621T220530_P05023_N_F_J_001,GSLC,DESCENDING,111,4708,99,2026-06-21T22:04:55Z,2026-06-21T22:05:30Z,NISAR_L2_PR_GSLC_023_111_D_099_2005_DHDH_A_20260621T220455_20260621T220530_P05023_N_F_J_001
feature_0_part_1_split_1,0,NISAR,NISAR,NISAR_L2_PR_GSLC_023_117_A_168_4005_DHDH_A_20260622T084342_20260622T084413_P05023_N_F_J_001,GSLC,ASCENDING,117,4714,168,2026-06-22T08:43:42Z,2026-06-22T08:44:13Z,NISAR_L2_PR_GSLC_023_117_A_168_4005_DHDH_A_20260622T084342_20260622T084413_P05023_N_F_J_001
feature_0_part_1_split_1,0,NISAR,NISAR,NISAR_L2_PR_GSLC_023_117_A_169_2005_DHDH_M_20260622T084412_20260622T084447_P05023_N_F_J_001,GSLC,ASCENDING,117,4714,169,2026-06-22T08:44:12Z,2026-06-22T08:44:47Z,NISAR_L2_PR_GSLC_023_117_A_169_2005_DHDH_M_20260622T084412_20260622T084447_P05023_N_F_J_001
feature_0_part_1_split_1,0,NISAR,NISAR,NISAR_L2_PR_GSLC_023_117_A_169_4005_DHDH_A_20260622T084412_20260622T084419_P05023_N_P_J_001,GSLC,ASCENDING,117,4714,169,2026-06-22T08:44:12Z,2026-06-22T08:44:19Z,NISAR_L2_PR_GSLC_023_117_A_169_4005_DHDH_A_20260622T084412_20260622T084419_P05023_N_P_J_001
feature_0_part_1_split_1,0,NISAR,NISAR,NISAR_L2_PR_GSLC_023_117_A_170_2005_DHDH_A_20260622T084446_20260622T084520_P05023_N_F_J_001,GSLC,ASCENDING,117,4714,170,2026-06-22T08:44:46Z,2026-06-22T08:45:20Z,NISAR_L2_PR_GSLC_023_117_A_170_2005_DHDH_A_20260622T084446_20260622T084520_P05023_N_F_J_001
feature_0_part_1_split_1,0,NISAR,NISAR,NISAR_L2_PR_GSLC_023_117_A_171_2005_DHDH_A_20260622T084519_20260622T084554_P05023_N_F_J_001,GSLC,ASCENDING,117,4714,171,2026-06-22T08:45:19Z,2026-06-22T08:45:54Z,NISAR_L2_PR_GSLC_023_117_A_171_2005_DHDH_A_20260622T084519_20260622T084554_P05023_N_F_J_001
feature_0_part_1_split_1,0,NISAR,NISAR,NISAR_L2_PR_GSLC_023_117_A_172_2005_DHDH_A_20260622T084553_20260622T084627_P05023_N_F_J_001,GSLC,ASCENDING,117,4714,172,2026-06-22T08:45:53Z,2026-06-22T08:46:27Z,NISAR_L2_PR_GSLC_023_117_A_172_2005_DHDH_A_20260622T084553_20260622T084627_P05023_N_F_J_001
feature_0_part_1_split_1,0,NISAR,NISAR,NISAR_L2_PR_GSLC_023_117_A_173_2005_DHDH_A_20260622T084626_20260622T084701_P05023_N_F_J_001,GSLC,ASCENDING,117,4714,173,2026-06-22T08:46:26Z,2026-06-22T08:47:01Z,NISAR_L2_PR_GSLC_023_117_A_173_2005_DHDH_A_20260622T084626_20260622T084701_P05023_N_F_J_001
feature_0_part_1_split_1,0,NISAR,NISAR,NISAR_L2_PR_GSLC_023_117_A_174_2005_DHDH_A_20260622T084700_20260622T084734_P05023_N_F_J_001,GSLC,ASCENDING,117,4714,174,2026-06-22T08:47:00Z,2026-06-22T08:47:34Z,NISAR_L2_PR_GSLC_023_117_A_174_2005_DHDH_A_20260622T084700_20260622T084734_P05023_N_F_J_001
feature_0_part_1_split_1,0,NISAR,NISAR,NISAR_L2_PR_GSLC_023_117_A_175_2005_DHDH_A_20260622T084733_20260622T084808_P05023_N_F_J_001,GSLC,ASCENDING,117,4714,175,2026-06-22T08:47:33Z,2026-06-22T08:48:08Z,NISAR_L2_PR_GSLC_023_117_A_175_2005_DHDH_A_20260622T084733_20260622T084808_P05023_N_F_J_001
feature_0_part_1_split_1,0,NISAR,NISAR,NISAR_L2_PR_GSLC_023_125_D_089_2005_SHSH_M_20260622T211758_20260622T211818_P05023_N_P_J_001,GSLC,DESCENDING,125,4722,89,2026-06-22T21:17:58Z,2026-06-22T21:18:18Z,NISAR_L2_PR_GSLC_023_125_D_089_2005_SHSH_M_20260622T211758_20260622T211818_P05023_N_P_J_001
feature_0_part_1_split_1,0,NISAR,NISAR,NISAR_L2_PR_GSLC_023_125_D_089_4005_DHDH_A_20260622T211810_20260622T211818_P05023_N_P_J_001,GSLC,DESCENDING,125,4722,89,2026-06-22T21:18:10Z,2026-06-22T21:18:18Z,NISAR_L2_PR_GSLC_023_125_D_089_4005_DHDH_A_20260622T211810_20260622T211818_P05023_N_P_J_001
feature_0_part_1_split_1,0,NISAR,NISAR,NISAR_L2_PR_GSLC_023_125_D_090_4005_DHDH_A_20260622T211817_20260622T211855_P05023_N_F_J_001,GSLC,DESCENDING,125,4722,90,2026-06-22T21:18:17Z,2026-06-22T21:18:55Z,NISAR_L2_PR_GSLC_023_125_D_090_4005_DHDH_A_20260622T211817_20260622T211855_P05023_N_F_J_001
feature_0_part_1_split_1,0,NISAR,NISAR,NISAR_L2_PR_GSLC_023_125_D_091_2005_SHSH_M_20260622T211850_20260622T211925_P05023_N_F_J_001,GSLC,DESCENDING,125,4722,91,2026-06-22T21:18:50Z,2026-06-22T21:19:25Z,NISAR_L2_PR_GSLC_023_125_D_091_2005_SHSH_M_20260622T211850_20260622T211925_P05023_N_F_J_001
feature_0_part_1_split_1,0,NISAR,NISAR,NISAR_L2_PR_GSLC_023_125_D_092_2005_SHSH_A_20260622T211924_20260622T211958_P05023_N_F_J_001,GSLC,DESCENDING,125,4722,92,2026-06-22T21:19:24Z,2026-06-22T21:19:58Z,NISAR_L2_PR_GSLC_023_125_D_092_2005_SHSH_A_20260622T211924_20260622T211958_P05023_N_F_J_001
feature_0_part_1_split_1,0,NISAR,NISAR,NISAR_L2_PR_GSLC_023_125_D_093_2005_SHSH_A_20260622T211957_20260622T212032_P05023_N_F_J_001,GSLC,DESCENDING,125,4722,93,2026-06-22T21:19:57Z,2026-06-22T21:20:32Z,NISAR_L2_PR_GSLC_023_125_D_093_2005_SHSH_A_20260622T211957_20260622T212032_P05023_N_F_J_001
feature_0_part_1_split_1,0,NISAR,NISAR,NISAR_L2_PR_GSLC_023_125_D_094_2005_SHSH_A_20260622T212031_20260622T212105_P05023_N_F_J_001,GSLC,DESCENDING,125,4722,94,2026-06-22T21:20:31Z,2026-06-22T21:21:05Z,NISAR_L2_PR_GSLC_023_125_D_094_2005_SHSH_A_20260622T212031_20260622T212105_P05023_N_F_J_001
feature_0_part_1_split_1,0,NISAR,NISAR,NISAR_L2_PR_GSLC_023_125_D_095_2005_SHSH_A_20260622T212104_20260622T212139_P05023_N_F_J_001,GSLC,DESCENDING,125,4722,95,2026-06-22T21:21:04Z,2026-06-22T21:21:39Z,NISAR_L2_PR_GSLC_023_125_D_095_2005_SHSH_A_20260622T212104_20260622T212139_P05023_N_F_J_001
feature_0_part_1_split_1,0,NISAR,NISAR,NISAR_L2_PR_GSLC_023_125_D_096_2005_SHSH_A_20260622T212138_20260622T212212_P05023_N_F_J_001,GSLC,DESCENDING,125,4722,96,2026-06-22T21:21:38Z,2026-06-22T21:22:12Z,NISAR_L2_PR_GSLC_023_125_D_096_2005_SHSH_A_20260622T212138_20260622T212212_P05023_N_F_J_001
feature_0_part_1_split_1,0,NISAR,NISAR,NISAR_L2_PR_GSLC_023_125_D_097_2005_SHSH_A_20260622T212211_20260622T212246_P05023_N_F_J_001,GSLC,DESCENDING,125,4722,97,2026-06-22T21:22:11Z,2026-06-22T21:22:46Z,NISAR_L2_PR_GSLC_023_125_D_097_2005_SHSH_A_20260622T212211_20260622T212246_P05023_N_F_J_001
feature_0_part_1_split_1,0,NISAR,NISAR,NISAR_L2_PR_GSLC_023_125_D_098_2005_SHSH_M_20260622T212245_20260622T212319_P05023_N_F_J_001,GSLC,DESCENDING,125,4722,98,2026-06-22T21:22:45Z,2026-06-22T21:23:19Z,NISAR_L2_PR_GSLC_023_125_D_098_2005_SHSH_M_20260622T212245_20260622T212319_P05023_N_F_J_001
feature_0_part_1_split_1,0,NISAR,NISAR,NISAR_L2_PR_GSLC_023_125_D_098_4005_DHDH_A_20260622T212314_20260622T212319_P05023_N_P_J_001,GSLC,DESCENDING,125,4722,98,2026-06-22T21:23:14Z,2026-06-22T21:23:19Z,NISAR_L2_PR_GSLC_023_125_D_098_4005_DHDH_A_20260622T212314_20260622T212319_P05023_N_P_J_001
feature_0_part_1_split_1,0,NISAR,NISAR,NISAR_L2_PR_GSLC_023_125_D_099_4005_DHDH_A_20260622T212318_20260622T212357_P05023_N_F_J_001,GSLC,DESCENDING,125,4722,99,2026-06-22T21:23:18Z,2026-06-22T21:23:57Z,NISAR_L2_PR_GSLC_023_125_D_099_4005_DHDH_A_20260622T212318_20260622T212357_P05023_N_F_J_001
feature_0_part_1_split_1,0,NISAR,NISAR,NISAR_L2_PR_GSLC_023_125_D_100_4005_DHDH_A_20260622T212352_20260622T212427_P05023_N_F_J_001,GSLC,DESCENDING,125,4722,100,2026-06-22T21:23:52Z,2026-06-22T21:24:27Z,NISAR_L2_PR_GSLC_023_125_D_100_4005_DHDH_A_20260622T212352_20260622T212427_P05023_N_F_J_001
feature_0_part_1_split_1,0,NISAR,NISAR,NISAR_L2_PR_GSLC_023_125_D_101_4005_DHDH_A_20260622T212426_20260622T212500_P05023_N_F_J_001,GSLC,DESCENDING,125,4722,101,2026-06-22T21:24:26Z,2026-06-22T21:25:00Z,NISAR_L2_PR_GSLC_023_125_D_101_4005_DHDH_A_20260622T212426_20260622T212500_P05023_N_F_J_001
feature_0_part_1_split_1,0,NISAR,NISAR,NISAR_L2_PR_GSLC_023_140_D_094_2005_SHSH_A_20260623T221847_20260623T221921_P05023_N_F_J_001,GSLC,DESCENDING,140,4737,94,2026-06-23T22:18:47Z,2026-06-23T22:19:21Z,NISAR_L2_PR_GSLC_023_140_D_094_2005_SHSH_A_20260623T221847_20260623T221921_P05023_N_F_J_001
feature_0_part_1_split_1,0,NISAR,NISAR,NISAR_L2_PR_GSLC_023_140_D_095_2005_SHSH_A_20260623T221920_20260623T221955_P05023_N_F_J_001,GSLC,DESCENDING,140,4737,95,2026-06-23T22:19:20Z,2026-06-23T22:19:55Z,NISAR_L2_PR_GSLC_023_140_D_095_2005_SHSH_A_20260623T221920_20260623T221955_P05023_N_F_J_001
feature_0_part_1_split_1,0,NISAR,NISAR,NISAR_L2_PR_GSLC_023_146_A_166_4005_DHDH_A_20260624T085910_20260624T085945_P05023_N_F_J_001,GSLC,ASCENDING,146,4743,166,2026-06-24T08:59:10Z,2026-06-24T08:59:45Z,NISAR_L2_PR_GSLC_023_146_A_166_4005_DHDH_A_20260624T085910_20260624T085945_P05023_N_F_J_001
feature_0_part_1_split_1,0,NISAR,NISAR,NISAR_L2_PR_GSLC_023_146_A_167_4005_DHDH_A_20260624T085944_20260624T090018_P05023_N_F_J_001,GSLC,ASCENDING,146,4743,167,2026-06-24T08:59:44Z,2026-06-24T09:00:18Z,NISAR_L2_PR_GSLC_023_146_A_167_4005_DHDH_A_20260624T085944_20260624T090018_P05023_N_F_J_001
feature_0_part_1_split_1,0,NISAR,NISAR,NISAR_L2_PR_GSLC_023_146_A_168_2005_DHDH_M_20260624T090017_20260624T090052_P05023_N_F_J_001,GSLC,ASCENDING,146,4743,168,2026-06-24T09:00:17Z,2026-06-24T09:00:52Z,NISAR_L2_PR_GSLC_023_146_A_168_2005_DHDH_M_20260624T090017_20260624T090052_P05023_N_F_J_001
feature_0_part_1_split_1,0,NISAR,NISAR,NISAR_L2_PR_GSLC_023_146_A_168_4005_DHDH_A_20260624T090017_20260624T090023_P05023_N_P_J_001,GSLC,ASCENDING,146,4743,168,2026-06-24T09:00:17Z,2026-06-24T09:00:23Z,NISAR_L2_PR_GSLC_023_146_A_168_4005_DHDH_A_20260624T090017_20260624T090023_P05023_N_P_J_001
feature_0_part_1_split_1,0,NISAR,NISAR,NISAR_L2_PR_GSLC_023_146_A_169_2005_DHDH_M_20260624T090051_20260624T090125_P05023_N_F_J_001,GSLC,ASCENDING,146,4743,169,2026-06-24T09:00:51Z,2026-06-24T09:01:25Z,NISAR_L2_PR_GSLC_023_146_A_169_2005_DHDH_M_20260624T090051_20260624T090125_P05023_N_F_J_001
feature_0_part_1_split_1,0,NISAR,NISAR,NISAR_L2_PR_GSLC_023_146_A_169_4005_DHDH_A_20260624T090118_20260624T090121_P05023_N_P_J_001,GSLC,ASCENDING,146,4743,169,2026-06-24T09:01:18Z,2026-06-24T09:01:21Z,NISAR_L2_PR_GSLC_023_146_A_169_4005_DHDH_A_20260624T090118_20260624T090121_P05023_N_P_J_001
feature_0_part_1_split_1,0,NISAR,NISAR,NISAR_L2_PR_GSLC_023_146_A_170_4005_DHDH_A_20260624T090126_20260624T090159_P05023_N_F_J_001,GSLC,ASCENDING,146,4743,170,2026-06-24T09:01:26Z,2026-06-24T09:01:59Z,NISAR_L2_PR_GSLC_023_146_A_170_4005_DHDH_A_20260624T090126_20260624T090159_P05023_N_F_J_001
feature_0_part_1_split_1,0,NISAR,NISAR,NISAR_L2_PR_GSLC_023_146_A_171_2005_DHDH_M_20260624T090158_20260624T090232_P05023_N_F_J_001,GSLC,ASCENDING,146,4743,171,2026-06-24T09:01:58Z,2026-06-24T09:02:32Z,NISAR_L2_PR_GSLC_023_146_A_171_2005_DHDH_M_20260624T090158_20260624T090232_P05023_N_F_J_001
feature_0_part_1_split_1,0,NISAR,NISAR,NISAR_L2_PR_GSLC_023_146_A_171_4005_DHDH_A_20260624T090158_20260624T090207_P05023_N_P_J_001,GSLC,ASCENDING,146,4743,171,2026-06-24T09:01:58Z,2026-06-24T09:02:07Z,NISAR_L2_PR_GSLC_023_146_A_171_4005_DHDH_A_20260624T090158_20260624T090207_P05023_N_P_J_001
feature_0_part_1_split_1,0,NISAR,NISAR,NISAR_L2_PR_GSLC_023_146_A_172_2005_DHDH_A_20260624T090231_20260624T090306_P05023_N_F_J_001,GSLC,ASCENDING,146,4743,172,2026-06-24T09:02:31Z,2026-06-24T09:03:06Z,NISAR_L2_PR_GSLC_023_146_A_172_2005_DHDH_A_20260624T090231_20260624T090306_P05023_N_F_J_001
feature_0_part_1_split_1,0,NISAR,NISAR,NISAR_L2_PR_GSLC_023_146_A_173_2005_DHDH_A_20260624T090305_20260624T090339_P05023_N_F_J_001,GSLC,ASCENDING,146,4743,173,2026-06-24T09:03:05Z,2026-06-24T09:03:39Z,NISAR_L2_PR_GSLC_023_146_A_173_2005_DHDH_A_20260624T090305_20260624T090339_P05023_N_F_J_001
feature_0_part_1_split_1,0,NISAR,NISAR,NISAR_L2_PR_GSLC_023_146_A_174_2005_DHDH_A_20260624T090338_20260624T090413_P05023_N_F_J_001,GSLC,ASCENDING,146,4743,174,2026-06-24T09:03:38Z,2026-06-24T09:04:13Z,NISAR_L2_PR_GSLC_023_146_A_174_2005_DHDH_A_20260624T090338_20260624T090413_P05023_N_F_J_001
feature_0_part_1_split_1,0,NISAR,NISAR,NISAR_L2_PR_GSLC_023_154_D_091_2005_SHSH_A_20260624T213529_20260624T213604_P05023_N_F_J_001,GSLC,DESCENDING,154,4751,91,2026-06-24T21:35:29Z,2026-06-24T21:36:04Z,NISAR_L2_PR_GSLC_023_154_D_091_2005_SHSH_A_20260624T213529_20260624T213604_P05023_N_F_J_001
feature_0_part_1_split_1,0,NISAR,NISAR,NISAR_L2_PR_GSLC_023_154_D_092_2005_SHSH_A_20260624T213603_20260624T213637_P05023_N_F_J_001,GSLC,DESCENDING,154,4751,92,2026-06-24T21:36:03Z,2026-06-24T21:36:37Z,NISAR_L2_PR_GSLC_023_154_D_092_2005_SHSH_A_20260624T213603_20260624T213637_P05023_N_F_J_001
feature_0_part_1_split_1,0,NISAR,NISAR,NISAR_L2_PR_GSLC_023_154_D_093_2005_SHSH_A_20260624T213636_20260624T213711_P05023_N_F_J_001,GSLC,DESCENDING,154,4751,93,2026-06-24T21:36:36Z,2026-06-24T21:37:11Z,NISAR_L2_PR_GSLC_023_154_D_093_2005_SHSH_A_20260624T213636_20260624T213711_P05023_N_F_J_001
feature_0_part_1_split_1,0,NISAR,NISAR,NISAR_L2_PR_GSLC_023_154_D_094_2005_SHSH_A_20260624T213710_20260624T213744_P05023_N_F_J_001,GSLC,DESCENDING,154,4751,94,2026-06-24T21:37:10Z,2026-06-24T21:37:44Z,NISAR_L2_PR_GSLC_023_154_D_094_2005_SHSH_A_20260624T213710_20260624T213744_P05023_N_F_J_001
feature_0_part_1_split_1,0,NISAR,NISAR,NISAR_L2_PR_GSLC_023_154_D_095_2005_SHSH_A_20260624T213743_20260624T213818_P05023_N_F_J_001,GSLC,DESCENDING,154,4751,95,2026-06-24T21:37:43Z,2026-06-24T21:38:18Z,NISAR_L2_PR_GSLC_023_154_D_095_2005_SHSH_A_20260624T213743_20260624T213818_P05023_N_F_J_001
feature_0_part_1_split_1,0,NISAR,NISAR,NISAR_L2_PR_GSLC_023_154_D_096_2005_SHSH_A_20260624T213817_20260624T213851_P05023_N_F_J_001,GSLC,DESCENDING,154,4751,96,2026-06-24T21:38:17Z,2026-06-24T21:38:51Z,NISAR_L2_PR_GSLC_023_154_D_096_2005_SHSH_A_20260624T213817_20260624T213851_P05023_N_F_J_001
feature_0_part_1_split_1,0,NISAR,NISAR,NISAR_L2_PR_GSLC_023_154_D_097_2005_SHSH_A_20260624T213850_20260624T213925_P05023_N_F_J_001,GSLC,DESCENDING,154,4751,97,2026-06-24T21:38:50Z,2026-06-24T21:39:25Z,NISAR_L2_PR_GSLC_023_154_D_097_2005_SHSH_A_20260624T213850_20260624T213925_P05023_N_F_J_001
feature_0_part_1_split_1,0,NISAR,NISAR,NISAR_L2_PR_GSLC_023_154_D_098_2005_SHSH_M_20260624T213924_20260624T213958_P05023_N_F_J_001,GSLC,DESCENDING,154,4751,98,2026-06-24T21:39:24Z,2026-06-24T21:39:58Z,NISAR_L2_PR_GSLC_023_154_D_098_2005_SHSH_M_20260624T213924_20260624T213958_P05023_N_F_J_001
feature_0_part_1_split_1,0,NISAR,NISAR,NISAR_L2_PR_GSLC_023_154_D_099_2005_DHDH_A_20260624T213958_20260624T214032_P05023_N_F_J_001,GSLC,DESCENDING,154,4751,99,2026-06-24T21:39:58Z,2026-06-24T21:40:32Z,NISAR_L2_PR_GSLC_023_154_D_099_2005_DHDH_A_20260624T213958_20260624T214032_P05023_N_F_J_001
feature_0_part_1_split_1,0,NISAR,NISAR,NISAR_L2_PR_GSLC_023_154_D_100_2005_DHDH_M_20260624T214031_20260624T214105_P05023_N_F_J_001,GSLC,DESCENDING,154,4751,100,2026-06-24T21:40:31Z,2026-06-24T21:41:05Z,NISAR_L2_PR_GSLC_023_154_D_100_2005_DHDH_M_20260624T214031_20260624T214105_P05023_N_F_J_001
feature_0_part_1_split_1,0,NISAR,NISAR,NISAR_L2_PR_GSLC_023_168_D_096_2005_SHSH_A_20260625T205640_20260625T205714_P05023_N_F_J_001,GSLC,DESCENDING,168,4765,96,2026-06-25T20:56:40Z,2026-06-25T20:57:14Z,NISAR_L2_PR_GSLC_023_168_D_096_2005_SHSH_A_20260625T205640_20260625T205714_P05023_N_F_J_001
feature_0_part_1_split_1,0,NISAR,NISAR,NISAR_L2_PR_GSLC_023_168_D_097_2005_SHSH_A_20260625T205713_20260625T205748_P05023_N_F_J_001,GSLC,DESCENDING,168,4765,97,2026-06-25T20:57:13Z,2026-06-25T20:57:48Z,NISAR_L2_PR_GSLC_023_168_D_097_2005_SHSH_A_20260625T205713_20260625T205748_P05023_N_F_J_001
feature_0_part_1_split_1,0,NISAR,NISAR,NISAR_L2_PR_GSLC_024_002_A_165_4005_DHDH_A_20260626T091515_20260626T091549_P05023_N_F_J_001,GSLC,ASCENDING,2,4772,165,2026-06-26T09:15:15Z,2026-06-26T09:15:49Z,NISAR_L2_PR_GSLC_024_002_A_165_4005_DHDH_A_20260626T091515_20260626T091549_P05023_N_F_J_001
feature_0_part_1_split_1,0,NISAR,NISAR,NISAR_L2_PR_GSLC_024_002_A_166_2005_DHDH_M_20260626T091548_20260626T091623_P05023_N_F_J_001,GSLC,ASCENDING,2,4772,166,2026-06-26T09:15:48Z,2026-06-26T09:16:23Z,NISAR_L2_PR_GSLC_024_002_A_166_2005_DHDH_M_20260626T091548_20260626T091623_P05023_N_F_J_001
feature_0_part_1_split_1,0,NISAR,NISAR,NISAR_L2_PR_GSLC_024_002_A_166_4005_DHDH_A_20260626T091548_20260626T091555_P05023_N_P_J_001,GSLC,ASCENDING,2,4772,166,2026-06-26T09:15:48Z,2026-06-26T09:15:55Z,NISAR_L2_PR_GSLC_024_002_A_166_4005_DHDH_A_20260626T091548_20260626T091555_P05023_N_P_J_001
feature_0_part_1_split_1,0,NISAR,NISAR,NISAR_L2_PR_GSLC_024_002_A_167_2005_DHDH_A_20260626T091622_20260626T091657_P05023_N_F_J_001,GSLC,ASCENDING,2,4772,167,2026-06-26T09:16:22Z,2026-06-26T09:16:57Z,NISAR_L2_PR_GSLC_024_002_A_167_2005_DHDH_A_20260626T091622_20260626T091657_P05023_N_F_J_001
feature_0_part_1_split_1,0,NISAR,NISAR,NISAR_L2_PR_GSLC_024_002_A_168_2005_DHDH_A_20260626T091656_20260626T091730_P05023_N_F_J_001,GSLC,ASCENDING,2,4772,168,2026-06-26T09:16:56Z,2026-06-26T09:17:30Z,NISAR_L2_PR_GSLC_024_002_A_168_2005_DHDH_A_20260626T091656_20260626T091730_P05023_N_F_J_001
feature_0_part_1_split_1,0,NISAR,NISAR,NISAR_L2_PR_GSLC_024_002_A_169_2005_DHDH_A_20260626T091729_20260626T091804_P05023_N_F_J_001,GSLC,ASCENDING,2,4772,169,2026-06-26T09:17:29Z,2026-06-26T09:18:04Z,NISAR_L2_PR_GSLC_024_002_A_169_2005_DHDH_A_20260626T091729_20260626T091804_P05023_N_F_J_001
feature_0_part_1_split_1,0,NISAR,NISAR,NISAR_L2_PR_GSLC_024_002_A_170_2005_DHDH_A_20260626T091803_20260626T091837_P05023_N_F_J_001,GSLC,ASCENDING,2,4772,170,2026-06-26T09:18:03Z,2026-06-26T09:18:37Z,NISAR_L2_PR_GSLC_024_002_A_170_2005_DHDH_A_20260626T091803_20260626T091837_P05023_N_F_J_001
feature_0_part_1_split_1,0,NISAR,NISAR,NISAR_L2_PR_GSLC_024_002_A_171_2005_DHDH_A_20260626T091836_20260626T091911_P05023_N_F_J_001,GSLC,ASCENDING,2,4772,171,2026-06-26T09:18:36Z,2026-06-26T09:19:11Z,NISAR_L2_PR_GSLC_024_002_A_171_2005_DHDH_A_20260626T091836_20260626T091911_P05023_N_F_J_001
feature_0_part_1_split_1,0,NISAR,NISAR,NISAR_L2_PR_GSLC_024_002_A_172_2005_DHDH_A_20260626T091910_20260626T091944_P05023_N_F_J_001,GSLC,ASCENDING,2,4772,172,2026-06-26T09:19:10Z,2026-06-26T09:19:44Z,NISAR_L2_PR_GSLC_024_002_A_172_2005_DHDH_A_20260626T091910_20260626T091944_P05023_N_F_J_001
feature_0_part_1_split_1,0,NISAR,NISAR,NISAR_L2_PR_GSLC_024_010_D_095_2005_SHSH_M_20260626T215421_20260626T215456_P05023_N_F_J_001,GSLC,DESCENDING,10,4780,95,2026-06-26T21:54:21Z,2026-06-26T21:54:56Z,NISAR_L2_PR_GSLC_024_010_D_095_2005_SHSH_M_20260626T215421_20260626T215456_P05023_N_F_J_001
feature_0_part_1_split_1,0,NISAR,NISAR,NISAR_L2_PR_GSLC_024_010_D_095_4005_DHDH_A_20260626T215450_20260626T215456_P05023_N_P_J_001,GSLC,DESCENDING,10,4780,95,2026-06-26T21:54:50Z,2026-06-26T21:54:56Z,NISAR_L2_PR_GSLC_024_010_D_095_4005_DHDH_A_20260626T215450_20260626T215456_P05023_N_P_J_001
feature_0_part_1_split_1,0,NISAR,NISAR,NISAR_L2_PR_GSLC_024_010_D_096_4005_DHDH_A_20260626T215455_20260626T215529_P05023_N_F_J_001,GSLC,DESCENDING,10,4780,96,2026-06-26T21:54:55Z,2026-06-26T21:55:29Z,NISAR_L2_PR_GSLC_024_010_D_096_4005_DHDH_A_20260626T215455_20260626T215529_P05023_N_F_J_001
feature_0_part_1_split_1,0,NISAR,NISAR,NISAR_L2_PR_GSLC_024_010_D_097_2005_SHSH_M_20260626T215528_20260626T215603_P05023_N_F_J_001,GSLC,DESCENDING,10,4780,97,2026-06-26T21:55:28Z,2026-06-26T21:56:03Z,NISAR_L2_PR_GSLC_024_010_D_097_2005_SHSH_M_20260626T215528_20260626T215603_P05023_N_F_J_001
feature_0_part_1_split_1,0,NISAR,NISAR,NISAR_L2_PR_GSLC_024_010_D_097_4005_DHDH_A_20260626T215528_20260626T215535_P05023_N_P_J_001,GSLC,DESCENDING,10,4780,97,2026-06-26T21:55:28Z,2026-06-26T21:55:35Z,NISAR_L2_PR_GSLC_024_010_D_097_4005_DHDH_A_20260626T215528_20260626T215535_P05023_N_P_J_001
feature_0_part_1_split_1,0,NISAR,NISAR,NISAR_L2_PR_GSLC_024_010_D_098_2005_SHSH_M_20260626T215602_20260626T215636_P05023_N_F_J_001,GSLC,DESCENDING,10,4780,98,2026-06-26T21:56:02Z,2026-06-26T21:56:36Z,NISAR_L2_PR_GSLC_024_010_D_098_2005_SHSH_M_20260626T215602_20260626T215636_P05023_N_F_J_001
feature_0_part_1_split_1,0,NISAR,NISAR,NISAR_L2_PR_GSLC_024_010_D_099_2005_DHDH_A_20260626T215638_20260626T215710_P05023_N_F_J_001,GSLC,DESCENDING,10,4780,99,2026-06-26T21:56:38Z,2026-06-26T21:57:10Z,NISAR_L2_PR_GSLC_024_010_D_099_2005_DHDH_A_20260626T215638_20260626T215710_P05023_N_F_J_001
feature_0_part_1_split_1,0,NISAR,NISAR,NISAR_L2_PR_GSLC_024_010_D_100_2005_DHDH_A_20260626T215709_20260626T215743_P05023_N_F_J_001,GSLC,DESCENDING,10,4780,100,2026-06-26T21:57:09Z,2026-06-26T21:57:43Z,NISAR_L2_PR_GSLC_024_010_D_100_2005_DHDH_A_20260626T215709_20260626T215743_P05023_N_F_J_001
feature_0_part_1_split_1,0,NISAR,NISAR,NISAR_L2_PR_GSLC_024_016_A_169_2005_DHDH_A_20260627T083552_20260627T083627_P05023_N_F_J_001,GSLC,ASCENDING,16,4786,169,2026-06-27T08:35:52Z,2026-06-27T08:36:27Z,NISAR_L2_PR_GSLC_024_016_A_169_2005_DHDH_A_20260627T083552_20260627T083627_P05023_N_F_J_001
feature_0_part_1_split_1,0,NISAR,NISAR,NISAR_L2_PR_GSLC_024_016_A_170_2005_DHDH_A_20260627T083626_20260627T083700_P05023_N_F_J_001,GSLC,ASCENDING,16,4786,170,2026-06-27T08:36:26Z,2026-06-27T08:37:00Z,NISAR_L2_PR_GSLC_024_016_A_170_2005_DHDH_A_20260627T083626_20260627T083700_P05023_N_F_J_001
feature_0_part_1_split_1,0,NISAR,NISAR,NISAR_L2_PR_GSLC_024_016_A_171_2005_DHDH_A_20260627T083659_20260627T083734_P05023_N_F_J_001,GSLC,ASCENDING,16,4786,171,2026-06-27T08:36:59Z,2026-06-27T08:37:34Z,NISAR_L2_PR_GSLC_024_016_A_171_2005_DHDH_A_20260627T083659_20260627T083734_P05023_N_F_J_001
feature_0_part_1_split_1,0,NISAR,NISAR,NISAR_L2_PR_GSLC_024_016_A_173_2005_DHDH_A_20260627T083806_20260627T083840_P05023_N_F_J_001,GSLC,ASCENDING,16,4786,173,2026-06-27T08:38:06Z,2026-06-27T08:38:40Z,NISAR_L2_PR_GSLC_024_016_A_173_2005_DHDH_A_20260627T083806_20260627T083840_P05023_N_F_J_001
feature_0_part_1_split_1,0,NISAR,NISAR,NISAR_L2_PR_GSLC_024_016_A_174_2005_DHDH_A_20260627T083839_20260627T083914_P05023_N_F_J_001,GSLC,ASCENDING,16,4786,174,2026-06-27T08:38:39Z,2026-06-27T08:39:14Z,NISAR_L2_PR_GSLC_024_016_A_174_2005_DHDH_A_20260627T083839_20260627T083914_P05023_N_F_J_001
feature_0_part_1_split_1,0,NISAR,NISAR,NISAR_L2_PR_GSLC_024_016_A_175_2005_DHDH_M_20260627T083913_20260627T083947_P05023_N_F_J_001,GSLC,ASCENDING,16,4786,175,2026-06-27T08:39:13Z,2026-06-27T08:39:47Z,NISAR_L2_PR_GSLC_024_016_A_175_2005_DHDH_M_20260627T083913_20260627T083947_P05023_N_F_J_001
feature_0_part_1_split_1,0,NISAR,NISAR,NISAR_L2_PR_GSLC_024_016_A_175_4005_DHDH_A_20260627T083942_20260627T083947_P05023_N_P_J_001,GSLC,ASCENDING,16,4786,175,2026-06-27T08:39:42Z,2026-06-27T08:39:47Z,NISAR_L2_PR_GSLC_024_016_A_175_4005_DHDH_A_20260627T083942_20260627T083947_P05023_N_P_J_001
feature_0_part_1_split_1,0,NISAR,NISAR,NISAR_L2_PR_GSLC_024_016_A_176_4005_DHDH_A_20260627T083946_20260627T084021_P05023_N_F_J_001,GSLC,ASCENDING,16,4786,176,2026-06-27T08:39:46Z,2026-06-27T08:40:21Z,NISAR_L2_PR_GSLC_024_016_A_176_4005_DHDH_A_20260627T083946_20260627T084021_P05023_N_F_J_001
feature_0_part_1_split_1,0,NISAR,NISAR,NISAR_L2_PR_GSLC_024_024_D_090_2005_SHSH_A_20260627T210957_20260627T211031_P05023_N_F_J_001,GSLC,DESCENDING,24,4794,90,2026-06-27T21:09:57Z,2026-06-27T21:10:31Z,NISAR_L2_PR_GSLC_024_024_D_090_2005_SHSH_A_20260627T210957_20260627T211031_P05023_N_F_J_001
feature_0_part_1_split_1,0,NISAR,NISAR,NISAR_L2_PR_GSLC_024_024_D_091_2005_SHSH_A_20260627T211030_20260627T211105_P05023_N_F_J_001,GSLC,DESCENDING,24,4794,91,2026-06-27T21:10:30Z,2026-06-27T21:11:05Z,NISAR_L2_PR_GSLC_024_024_D_091_2005_SHSH_A_20260627T211030_20260627T211105_P05023_N_F_J_001
feature_0_part_1_split_1,0,NISAR,NISAR,NISAR_L2_PR_GSLC_024_024_D_092_2005_SHSH_A_20260627T211104_20260627T211138_P05023_N_F_J_001,GSLC,DESCENDING,24,4794,92,2026-06-27T21:11:04Z,2026-06-27T21:11:38Z,NISAR_L2_PR_GSLC_024_024_D_092_2005_SHSH_A_20260627T211104_20260627T211138_P05023_N_F_J_001
feature_0_part_1_split_1,0,NISAR,NISAR,NISAR_L2_PR_GSLC_024_024_D_093_2005_SHSH_A_20260627T211137_20260627T211212_P05023_N_F_J_001,GSLC,DESCENDING,24,4794,93,2026-06-27T21:11:37Z,2026-06-27T21:12:12Z,NISAR_L2_PR_GSLC_024_024_D_093_2005_SHSH_A_20260627T211137_20260627T211212_P05023_N_F_J_001
feature_0_part_1_split_1,0,NISAR,NISAR,NISAR_L2_PR_GSLC_024_024_D_094_2005_SHSH_A_20260627T211211_20260627T211245_P05023_N_F_J_001,GSLC,DESCENDING,24,4794,94,2026-06-27T21:12:11Z,2026-06-27T21:12:45Z,NISAR_L2_PR_GSLC_024_024_D_094_2005_SHSH_A_20260627T211211_20260627T211245_P05023_N_F_J_001
feature_0_part_1_split_1,0,NISAR,NISAR,NISAR_L2_PR_GSLC_024_024_D_095_2005_SHSH_A_20260627T211244_20260627T211319_P05023_N_F_J_001,GSLC,DESCENDING,24,4794,95,2026-06-27T21:12:44Z,2026-06-27T21:13:19Z,NISAR_L2_PR_GSLC_024_024_D_095_2005_SHSH_A_20260627T211244_20260627T211319_P05023_N_F_J_001
feature_0_part_1_split_1,0,NISAR,NISAR,NISAR_L2_PR_GSLC_024_024_D_096_2005_SHSH_A_20260627T211318_20260627T211352_P05023_N_F_J_001,GSLC,DESCENDING,24,4794,96,2026-06-27T21:13:18Z,2026-06-27T21:13:52Z,NISAR_L2_PR_GSLC_024_024_D_096_2005_SHSH_A_20260627T211318_20260627T211352_P05023_N_F_J_001
feature_0_part_1_split_1,0,NISAR,NISAR,NISAR_L2_PR_GSLC_024_024_D_097_2005_SHSH_A_20260627T211351_20260627T211426_P05023_N_F_J_001,GSLC,DESCENDING,24,4794,97,2026-06-27T21:13:51Z,2026-06-27T21:14:26Z,NISAR_L2_PR_GSLC_024_024_D_097_2005_SHSH_A_20260627T211351_20260627T211426_P05023_N_F_J_001
feature_0_part_1_split_1,0,NISAR,NISAR,NISAR_L2_PR_GSLC_024_024_D_098_2005_SHSH_M_20260627T211425_20260627T211459_P05023_N_F_J_001,GSLC,DESCENDING,24,4794,98,2026-06-27T21:14:25Z,2026-06-27T21:14:59Z,NISAR_L2_PR_GSLC_024_024_D_098_2005_SHSH_M_20260627T211425_20260627T211459_P05023_N_F_J_001
feature_0_part_1_split_1,0,NISAR,NISAR,NISAR_L2_PR_GSLC_024_024_D_099_2005_DHDH_M_20260627T211458_20260627T211533_P05023_N_F_J_001,GSLC,DESCENDING,24,4794,99,2026-06-27T21:14:58Z,2026-06-27T21:15:33Z,NISAR_L2_PR_GSLC_024_024_D_099_2005_DHDH_M_20260627T211458_20260627T211533_P05023_N_F_J_001
feature_0_part_1_split_1,0,NISAR,NISAR,NISAR_L2_PR_GSLC_024_024_D_099_4005_DHDH_A_20260627T211526_20260627T211533_P05023_N_P_J_001,GSLC,DESCENDING,24,4794,99,2026-06-27T21:15:26Z,2026-06-27T21:15:33Z,NISAR_L2_PR_GSLC_024_024_D_099_4005_DHDH_A_20260627T211526_20260627T211533_P05023_N_P_J_001
feature_0_part_1_split_1,0,NISAR,NISAR,NISAR_L2_PR_GSLC_024_024_D_100_4005_DHDH_A_20260627T211532_20260627T211606_P05023_N_F_J_001,GSLC,DESCENDING,24,4794,100,2026-06-27T21:15:32Z,2026-06-27T21:16:06Z,NISAR_L2_PR_GSLC_024_024_D_100_4005_DHDH_A_20260627T211532_20260627T211606_P05023_N_F_J_001
feature_0_part_1_split_1,0,NISAR,NISAR,NISAR_L2_PR_GSLC_024_024_D_101_2005_DHDH_M_20260627T211605_20260627T211635_P05023_N_F_J_001,GSLC,DESCENDING,24,4794,101,2026-06-27T21:16:05Z,2026-06-27T21:16:35Z,NISAR_L2_PR_GSLC_024_024_D_101_2005_DHDH_M_20260627T211605_20260627T211635_P05023_N_F_J_001
feature_0_part_1_split_1,0,NISAR,NISAR,NISAR_L2_PR_GSLC_024_024_D_101_4005_DHDH_A_20260627T211605_20260627T211611_P05023_N_P_J_001,GSLC,DESCENDING,24,4794,101,2026-06-27T21:16:05Z,2026-06-27T21:16:11Z,NISAR_L2_PR_GSLC_024_024_D_101_4005_DHDH_A_20260627T211605_20260627T211611_P05023_N_P_J_001
feature_0_part_1_split_1,0,NISAR,NISAR,NISAR_L2_PR_GSLC_024_031_A_165_4005_DHDH_A_20260628T093154_20260628T093231_P05023_N_F_J_001,GSLC,ASCENDING,31,4801,165,2026-06-28T09:31:54Z,2026-06-28T09:32:31Z,NISAR_L2_PR_GSLC_024_031_A_165_4005_DHDH_A_20260628T093154_20260628T093231_P05023_N_F_J_001
feature_0_part_1_split_1,0,NISAR,NISAR,NISAR_L2_PR_GSLC_024_031_A_166_2005_DHDH_M_20260628T093227_20260628T093302_P05023_N_F_J_001,GSLC,ASCENDING,31,4801,166,2026-06-28T09:32:27Z,2026-06-28T09:33:02Z,NISAR_L2_PR_GSLC_024_031_A_166_2005_DHDH_M_20260628T093227_20260628T093302_P05023_N_F_J_001
feature_0_part_1_split_1,0,NISAR,NISAR,NISAR_L2_PR_GSLC_024_031_A_167_4005_DHDH_A_20260628T093258_20260628T093339_P05023_N_F_J_001,GSLC,ASCENDING,31,4801,167,2026-06-28T09:32:58Z,2026-06-28T09:33:39Z,NISAR_L2_PR_GSLC_024_031_A_167_4005_DHDH_A_20260628T093258_20260628T093339_P05023_N_F_J_001
feature_0_part_1_split_1,0,NISAR,NISAR,NISAR_L2_PR_GSLC_024_031_A_168_2005_DHDH_M_20260628T093334_20260628T093409_P05023_N_F_J_001,GSLC,ASCENDING,31,4801,168,2026-06-28T09:33:34Z,2026-06-28T09:34:09Z,NISAR_L2_PR_GSLC_024_031_A_168_2005_DHDH_M_20260628T093334_20260628T093409_P05023_N_F_J_001
feature_0_part_1_split_1,0,NISAR,NISAR,NISAR_L2_PR_GSLC_024_031_A_169_2005_DHDH_M_20260628T093408_20260628T093442_P05023_N_F_J_001,GSLC,ASCENDING,31,4801,169,2026-06-28T09:34:08Z,2026-06-28T09:34:42Z,NISAR_L2_PR_GSLC_024_031_A_169_2005_DHDH_M_20260628T093408_20260628T093442_P05023_N_F_J_001
feature_0_part_1_split_1,0,NISAR,NISAR,NISAR_L2_PR_GSLC_024_031_A_170_4005_DHDH_A_20260628T093438_20260628T093519_P05023_N_F_J_001,GSLC,ASCENDING,31,4801,170,2026-06-28T09:34:38Z,2026-06-28T09:35:19Z,NISAR_L2_PR_GSLC_024_031_A_170_4005_DHDH_A_20260628T093438_20260628T093519_P05023_N_F_J_001
feature_0_part_1_split_1,0,NISAR,NISAR,NISAR_L2_PR_GSLC_024_031_A_169_4005_DHDH_A_20260628T093438_20260628T093442_P05023_N_P_J_001,GSLC,ASCENDING,31,4801,169,2026-06-28T09:34:38Z,2026-06-28T09:34:42Z,NISAR_L2_PR_GSLC_024_031_A_169_4005_DHDH_A_20260628T093438_20260628T093442_P05023_N_P_J_001
feature_0_part_1_split_1,0,NISAR,NISAR,NISAR_L2_PR_GSLC_024_031_A_171_2005_DHDH_M_20260628T093515_20260628T093549_P05023_N_F_J_001,GSLC,ASCENDING,31,4801,171,2026-06-28T09:35:15Z,2026-06-28T09:35:49Z,NISAR_L2_PR_GSLC_024_031_A_171_2005_DHDH_M_20260628T093515_20260628T093549_P05023_N_F_J_001
feature_0_part_1_split_1,0,NISAR,NISAR,NISAR_L2_PR_GSLC_024_031_A_172_2005_DHDH_A_20260628T093548_20260628T093623_P05023_N_F_J_001,GSLC,ASCENDING,31,4801,172,2026-06-28T09:35:48Z,2026-06-28T09:36:23Z,NISAR_L2_PR_GSLC_024_031_A_172_2005_DHDH_A_20260628T093548_20260628T093623_P05023_N_F_J_001
feature_0_part_1_split_1,0,NISAR,NISAR,NISAR_L2_PR_GSLC_024_039_D_094_2005_SHSH_A_20260628T221027_20260628T221101_P05023_N_F_J_001,GSLC,DESCENDING,39,4809,94,2026-06-28T22:10:27Z,2026-06-28T22:11:01Z,NISAR_L2_PR_GSLC_024_039_D_094_2005_SHSH_A_20260628T221027_20260628T221101_P05023_N_F_J_001
feature_0_part_1_split_1,0,NISAR,NISAR,NISAR_L2_PR_GSLC_024_039_D_095_2005_SHSH_A_20260628T221100_20260628T221135_P05023_N_F_J_001,GSLC,DESCENDING,39,4809,95,2026-06-28T22:11:00Z,2026-06-28T22:11:35Z,NISAR_L2_PR_GSLC_024_039_D_095_2005_SHSH_A_20260628T221100_20260628T221135_P05023_N_F_J_001
feature_0_part_1_split_1,0,NISAR,NISAR,NISAR_L2_PR_GSLC_024_039_D_096_2005_SHSH_A_20260628T221134_20260628T221208_P05023_N_F_J_001,GSLC,DESCENDING,39,4809,96,2026-06-28T22:11:34Z,2026-06-28T22:12:08Z,NISAR_L2_PR_GSLC_024_039_D_096_2005_SHSH_A_20260628T221134_20260628T221208_P05023_N_F_J_001
feature_0_part_1_split_1,0,NISAR,NISAR,NISAR_L2_PR_GSLC_024_045_A_167_2005_DHDH_M_20260629T085124_20260629T085158_P05023_N_F_J_001,GSLC,ASCENDING,45,4815,167,2026-06-29T08:51:24Z,2026-06-29T08:51:58Z,NISAR_L2_PR_GSLC_024_045_A_167_2005_DHDH_M_20260629T085124_20260629T085158_P05023_N_F_J_001
feature_0_part_1_split_1,0,NISAR,NISAR,NISAR_L2_PR_GSLC_024_045_A_167_4005_DHDH_A_20260629T085124_20260629T085153_P05023_N_F_J_001,GSLC,ASCENDING,45,4815,167,2026-06-29T08:51:24Z,2026-06-29T08:51:53Z,NISAR_L2_PR_GSLC_024_045_A_167_4005_DHDH_A_20260629T085124_20260629T085153_P05023_N_F_J_001
feature_0_part_1_split_1,0,NISAR,NISAR,NISAR_L2_PR_GSLC_024_045_A_169_2005_DHDH_A_20260629T085233_20260629T085305_P05023_N_F_J_001,GSLC,ASCENDING,45,4815,169,2026-06-29T08:52:33Z,2026-06-29T08:53:05Z,NISAR_L2_PR_GSLC_024_045_A_169_2005_DHDH_A_20260629T085233_20260629T085305_P05023_N_F_J_001
feature_0_part_1_split_1,0,NISAR,NISAR,NISAR_L2_PR_GSLC_024_045_A_170_2005_DHDH_A_20260629T085304_20260629T085339_P05023_N_F_J_001,GSLC,ASCENDING,45,4815,170,2026-06-29T08:53:04Z,2026-06-29T08:53:39Z,NISAR_L2_PR_GSLC_024_045_A_170_2005_DHDH_A_20260629T085304_20260629T085339_P05023_N_F_J_001
feature_0_part_1_split_1,0,NISAR,NISAR,NISAR_L2_PR_GSLC_024_045_A_171_2005_DHDH_A_20260629T085338_20260629T085412_P05023_N_F_J_001,GSLC,ASCENDING,45,4815,171,2026-06-29T08:53:38Z,2026-06-29T08:54:12Z,NISAR_L2_PR_GSLC_024_045_A_171_2005_DHDH_A_20260629T085338_20260629T085412_P05023_N_F_J_001
feature_0_part_1_split_1,0,NISAR,NISAR,NISAR_L2_PR_GSLC_024_045_A_172_2005_DHDH_A_20260629T085411_20260629T085446_P05023_N_F_J_001,GSLC,ASCENDING,45,4815,172,2026-06-29T08:54:11Z,2026-06-29T08:54:46Z,NISAR_L2_PR_GSLC_024_045_A_172_2005_DHDH_A_20260629T085411_20260629T085446_P05023_N_F_J_001
feature_0_part_1_split_1,0,NISAR,NISAR,NISAR_L2_PR_GSLC_024_045_A_173_2005_DHDH_A_20260629T085445_20260629T085519_P05023_N_F_J_001,GSLC,ASCENDING,45,4815,173,2026-06-29T08:54:45Z,2026-06-29T08:55:19Z,NISAR_L2_PR_GSLC_024_045_A_173_2005_DHDH_A_20260629T085445_20260629T085519_P05023_N_F_J_001
feature_0_part_1_split_1,0,NISAR,NISAR,NISAR_L2_PR_GSLC_024_045_A_174_2005_DHDH_A_20260629T085516_20260629T085553_P05023_N_F_J_001,GSLC,ASCENDING,45,4815,174,2026-06-29T08:55:16Z,2026-06-29T08:55:53Z,NISAR_L2_PR_GSLC_024_045_A_174_2005_DHDH_A_20260629T085516_20260629T085553_P05023_N_F_J_001
feature_0_part_1_split_1,0,NISAR,NISAR,NISAR_L2_PR_GSLC_024_045_A_175_2005_DHDH_A_20260629T085552_20260629T085626_P05023_N_F_J_001,GSLC,ASCENDING,45,4815,175,2026-06-29T08:55:52Z,2026-06-29T08:56:26Z,NISAR_L2_PR_GSLC_024_045_A_175_2005_DHDH_A_20260629T085552_20260629T085626_P05023_N_F_J_001
feature_0_part_1_split_1,0,NISAR,NISAR,NISAR_L2_PR_GSLC_024_053_D_091_2005_SHSH_A_20260629T212709_20260629T212744_P05023_N_F_J_001,GSLC,DESCENDING,53,4823,91,2026-06-29T21:27:09Z,2026-06-29T21:27:44Z,NISAR_L2_PR_GSLC_024_053_D_091_2005_SHSH_A_20260629T212709_20260629T212744_P05023_N_F_J_001
feature_0_part_1_split_1,0,NISAR,NISAR,NISAR_L2_PR_GSLC_024_053_D_092_2005_SHSH_A_20260629T212743_20260629T212817_P05023_N_F_J_001,GSLC,DESCENDING,53,4823,92,2026-06-29T21:27:43Z,2026-06-29T21:28:17Z,NISAR_L2_PR_GSLC_024_053_D_092_2005_SHSH_A_20260629T212743_20260629T212817_P05023_N_F_J_001
feature_0_part_1_split_1,0,NISAR,NISAR,NISAR_L2_PR_GSLC_024_053_D_093_2005_SHSH_A_20260629T212816_20260629T212850_P05023_N_F_J_001,GSLC,DESCENDING,53,4823,93,2026-06-29T21:28:16Z,2026-06-29T21:28:50Z,NISAR_L2_PR_GSLC_024_053_D_093_2005_SHSH_A_20260629T212816_20260629T212850_P05023_N_F_J_001
feature_0_part_1_split_1,0,NISAR,NISAR,NISAR_L2_PR_GSLC_024_053_D_094_2005_SHSH_A_20260629T212849_20260629T212924_P05023_N_F_J_001,GSLC,DESCENDING,53,4823,94,2026-06-29T21:28:49Z,2026-06-29T21:29:24Z,NISAR_L2_PR_GSLC_024_053_D_094_2005_SHSH_A_20260629T212849_20260629T212924_P05023_N_F_J_001
feature_0_part_1_split_1,0,NISAR,NISAR,NISAR_L2_PR_GSLC_024_053_D_095_2005_SHSH_A_20260629T212923_20260629T212957_P05023_N_F_J_001,GSLC,DESCENDING,53,4823,95,2026-06-29T21:29:23Z,2026-06-29T21:29:57Z,NISAR_L2_PR_GSLC_024_053_D_095_2005_SHSH_A_20260629T212923_20260629T212957_P05023_N_F_J_001
feature_0_part_1_split_1,0,NISAR,NISAR,NISAR_L2_PR_GSLC_024_053_D_096_2005_SHSH_M_20260629T212956_20260629T213031_P05023_N_F_J_001,GSLC,DESCENDING,53,4823,96,2026-06-29T21:29:56Z,2026-06-29T21:30:31Z,NISAR_L2_PR_GSLC_024_053_D_096_2005_SHSH_M_20260629T212956_20260629T213031_P05023_N_F_J_001
feature_0_part_1_split_1,0,NISAR,NISAR,NISAR_L2_PR_GSLC_024_053_D_096_4005_DHDH_A_20260629T213026_20260629T213031_P05023_N_P_J_001,GSLC,DESCENDING,53,4823,96,2026-06-29T21:30:26Z,2026-06-29T21:30:31Z,NISAR_L2_PR_GSLC_024_053_D_096_4005_DHDH_A_20260629T213026_20260629T213031_P05023_N_P_J_001
feature_0_part_1_split_1,0,NISAR,NISAR,NISAR_L2_PR_GSLC_024_053_D_097_4005_DHDH_A_20260629T213030_20260629T213107_P05023_N_F_J_001,GSLC,DESCENDING,53,4823,97,2026-06-29T21:30:30Z,2026-06-29T21:31:07Z,NISAR_L2_PR_GSLC_024_053_D_097_4005_DHDH_A_20260629T213030_20260629T213107_P05023_N_F_J_001
feature_0_part_1_split_1,0,NISAR,NISAR,NISAR_L2_PR_GSLC_024_053_D_098_2005_SHSH_M_20260629T213104_20260629T213138_P05023_N_F_J_001,GSLC,DESCENDING,53,4823,98,2026-06-29T21:31:04Z,2026-06-29T21:31:38Z,NISAR_L2_PR_GSLC_024_053_D_098_2005_SHSH_M_20260629T213104_20260629T213138_P05023_N_F_J_001
feature_0_part_1_split_1,0,NISAR,NISAR,NISAR_L2_PR_GSLC_024_053_D_099_2005_DHDH_A_20260629T213138_20260629T213212_P05023_N_F_J_001,GSLC,DESCENDING,53,4823,99,2026-06-29T21:31:38Z,2026-06-29T21:32:12Z,NISAR_L2_PR_GSLC_024_053_D_099_2005_DHDH_A_20260629T213138_20260629T213212_P05023_N_F_J_001
feature_0_part_1_split_1,0,NISAR,NISAR,NISAR_L2_PR_GSLC_024_053_D_100_2005_DHDH_A_20260629T213211_20260629T213245_P05023_N_F_J_001,GSLC,DESCENDING,53,4823,100,2026-06-29T21:32:11Z,2026-06-29T21:32:45Z,NISAR_L2_PR_GSLC_024_053_D_100_2005_DHDH_A_20260629T213211_20260629T213245_P05023_N_F_J_001
feature_0_part_1_split_1,0,NISAR,NISAR,NISAR_L2_PR_GSLC_024_053_D_101_2005_DHDH_A_20260629T213244_20260629T213319_P05023_N_F_J_001,GSLC,DESCENDING,53,4823,101,2026-06-29T21:32:44Z,2026-06-29T21:33:19Z,NISAR_L2_PR_GSLC_024_053_D_101_2005_DHDH_A_20260629T213244_20260629T213319_P05023_N_F_J_001
feature_0_part_1_split_1,0,NISAR,NISAR,NISAR_L2_PR_GSLC_024_060_A_170_2005_DHDH_A_20260630T095120_20260630T095155_P05023_N_F_J_001,GSLC,ASCENDING,60,4830,170,2026-06-30T09:51:20Z,2026-06-30T09:51:55Z,NISAR_L2_PR_GSLC_024_060_A_170_2005_DHDH_A_20260630T095120_20260630T095155_P05023_N_F_J_001
feature_0_part_1_split_1,0,NISAR,NISAR,NISAR_L2_PR_GSLC_024_060_A_171_2005_DHDH_A_20260630T095154_20260630T095228_P05023_N_F_J_001,GSLC,ASCENDING,60,4830,171,2026-06-30T09:51:54Z,2026-06-30T09:52:28Z,NISAR_L2_PR_GSLC_024_060_A_171_2005_DHDH_A_20260630T095154_20260630T095228_P05023_N_F_J_001
feature_0_part_1_split_1,0,NISAR,NISAR,NISAR_L2_PR_GSLC_024_060_A_172_2005_DHDH_A_20260630T095227_20260630T095302_P05023_N_F_J_001,GSLC,ASCENDING,60,4830,172,2026-06-30T09:52:27Z,2026-06-30T09:53:02Z,NISAR_L2_PR_GSLC_024_060_A_172_2005_DHDH_A_20260630T095227_20260630T095302_P05023_N_F_J_001
feature_0_part_1_split_1,0,NISAR,NISAR,NISAR_L2_PR_GSLC_024_074_A_165_4005_DHDH_A_20260701T090655_20260701T090730_P05023_N_F_J_001,GSLC,ASCENDING,74,4844,165,2026-07-01T09:06:55Z,2026-07-01T09:07:30Z,NISAR_L2_PR_GSLC_024_074_A_165_4005_DHDH_A_20260701T090655_20260701T090730_P05023_N_F_J_001
feature_0_part_1_split_1,0,NISAR,NISAR,NISAR_L2_PR_GSLC_024_074_A_167_4005_DHDH_A_20260701T090803_20260701T090837_P05023_N_F_J_001,GSLC,ASCENDING,74,4844,167,2026-07-01T09:08:03Z,2026-07-01T09:08:37Z,NISAR_L2_PR_GSLC_024_074_A_167_4005_DHDH_A_20260701T090803_20260701T090837_P05023_N_F_J_001
feature_0_part_1_split_1,0,NISAR,NISAR,NISAR_L2_PR_GSLC_024_074_A_168_2005_DHDH_M_20260701T090836_20260701T090911_P05023_N_F_J_001,GSLC,ASCENDING,74,4844,168,2026-07-01T09:08:36Z,2026-07-01T09:09:11Z,NISAR_L2_PR_GSLC_024_074_A_168_2005_DHDH_M_20260701T090836_20260701T090911_P05023_N_F_J_001
feature_0_part_1_split_1,0,NISAR,NISAR,NISAR_L2_PR_GSLC_024_074_A_168_4005_DHDH_A_20260701T090836_20260701T090845_P05023_N_P_J_001,GSLC,ASCENDING,74,4844,168,2026-07-01T09:08:36Z,2026-07-01T09:08:45Z,NISAR_L2_PR_GSLC_024_074_A_168_4005_DHDH_A_20260701T090836_20260701T090845_P05023_N_P_J_001
feature_0_part_1_split_1,0,NISAR,NISAR,NISAR_L2_PR_GSLC_024_074_A_169_4005_DHDH_A_20260701T090908_20260701T090944_P05023_N_F_J_001,GSLC,ASCENDING,74,4844,169,2026-07-01T09:09:08Z,2026-07-01T09:09:44Z,NISAR_L2_PR_GSLC_024_074_A_169_4005_DHDH_A_20260701T090908_20260701T090944_P05023_N_F_J_001
feature_0_part_1_split_1,0,NISAR,NISAR,NISAR_L2_PR_GSLC_024_074_A_170_2005_DHDH_M_20260701T090944_20260701T091018_P05023_N_F_J_001,GSLC,ASCENDING,74,4844,170,2026-07-01T09:09:44Z,2026-07-01T09:10:18Z,NISAR_L2_PR_GSLC_024_074_A_170_2005_DHDH_M_20260701T090944_20260701T091018_P05023_N_F_J_001
feature_0_part_1_split_1,0,NISAR,NISAR,NISAR_L2_PR_GSLC_024_074_A_170_4005_DHDH_A_20260701T090944_20260701T090958_P05023_N_P_J_001,GSLC,ASCENDING,74,4844,170,2026-07-01T09:09:44Z,2026-07-01T09:09:58Z,NISAR_L2_PR_GSLC_024_074_A_170_4005_DHDH_A_20260701T090944_20260701T090958_P05023_N_P_J_001
feature_0_part_1_split_1,0,NISAR,NISAR,NISAR_L2_PR_GSLC_024_074_A_171_2005_DHDH_A_20260701T091017_20260701T091051_P05023_N_F_J_001,GSLC,ASCENDING,74,4844,171,2026-07-01T09:10:17Z,2026-07-01T09:10:51Z,NISAR_L2_PR_GSLC_024_074_A_171_2005_DHDH_A_20260701T091017_20260701T091051_P05023_N_F_J_001
feature_0_part_1_split_1,0,NISAR,NISAR,NISAR_L2_PR_GSLC_024_074_A_172_2005_DHDH_A_20260701T091050_20260701T091125_P05023_N_F_J_001,GSLC,ASCENDING,74,4844,172,2026-07-01T09:10:50Z,2026-07-01T09:11:25Z,NISAR_L2_PR_GSLC_024_074_A_172_2005_DHDH_A_20260701T091050_20260701T091125_P05023_N_F_J_001
feature_0_part_1_split_1,0,NISAR,NISAR,NISAR_L2_PR_GSLC_024_074_A_173_2005_DHDH_A_20260701T091124_20260701T091158_P05023_N_F_J_001,GSLC,ASCENDING,74,4844,173,2026-07-01T09:11:24Z,2026-07-01T09:11:58Z,NISAR_L2_PR_GSLC_024_074_A_173_2005_DHDH_A_20260701T091124_20260701T091158_P05023_N_F_J_001
feature_0_part_1_split_1,0,NISAR,NISAR,NISAR_L2_PR_GSLC_024_082_D_094_2005_SHSH_A_20260701T214528_20260701T214603_P05023_N_F_J_001,GSLC,DESCENDING,82,4852,94,2026-07-01T21:45:28Z,2026-07-01T21:46:03Z,NISAR_L2_PR_GSLC_024_082_D_094_2005_SHSH_A_20260701T214528_20260701T214603_P05023_N_F_J_001
feature_0_part_1_split_1,0,NISAR,NISAR,NISAR_L2_PR_GSLC_024_082_D_095_2005_SHSH_A_20260701T214602_20260701T214636_P05023_N_F_J_001,GSLC,DESCENDING,82,4852,95,2026-07-01T21:46:02Z,2026-07-01T21:46:36Z,NISAR_L2_PR_GSLC_024_082_D_095_2005_SHSH_A_20260701T214602_20260701T214636_P05023_N_F_J_001
feature_0_part_1_split_1,0,NISAR,NISAR,NISAR_L2_PR_GSLC_024_082_D_096_2005_SHSH_A_20260701T214635_20260701T214710_P05023_N_F_J_001,GSLC,DESCENDING,82,4852,96,2026-07-01T21:46:35Z,2026-07-01T21:47:10Z,NISAR_L2_PR_GSLC_024_082_D_096_2005_SHSH_A_20260701T214635_20260701T214710_P05023_N_F_J_001
feature_0_part_1_split_1,0,NISAR,NISAR,NISAR_L2_PR_GSLC_024_082_D_097_2005_SHSH_A_20260701T214709_20260701T214743_P05023_N_F_J_001,GSLC,DESCENDING,82,4852,97,2026-07-01T21:47:09Z,2026-07-01T21:47:43Z,NISAR_L2_PR_GSLC_024_082_D_097_2005_SHSH_A_20260701T214709_20260701T214743_P05023_N_F_J_001
feature_0_part_1_split_1,0,NISAR,NISAR,NISAR_L2_PR_GSLC_024_082_D_098_2005_SHSH_M_20260701T214742_20260701T214817_P05023_N_F_J_001,GSLC,DESCENDING,82,4852,98,2026-07-01T21:47:42Z,2026-07-01T21:48:17Z,NISAR_L2_PR_GSLC_024_082_D_098_2005_SHSH_M_20260701T214742_20260701T214817_P05023_N_F_J_001
feature_0_part_1_split_1,0,NISAR,NISAR,NISAR_L2_PR_GSLC_024_082_D_098_4005_DHDH_A_20260701T214810_20260701T214817_P05023_N_P_J_001,GSLC,DESCENDING,82,4852,98,2026-07-01T21:48:10Z,2026-07-01T21:48:17Z,NISAR_L2_PR_GSLC_024_082_D_098_4005_DHDH_A_20260701T214810_20260701T214817_P05023_N_P_J_001
feature_0_part_1_split_1,0,NISAR,NISAR,NISAR_L2_PR_GSLC_024_082_D_099_4005_DHDH_A_20260701T214816_20260701T214850_P05023_N_F_J_001,GSLC,DESCENDING,82,4852,99,2026-07-01T21:48:16Z,2026-07-01T21:48:50Z,NISAR_L2_PR_GSLC_024_082_D_099_4005_DHDH_A_20260701T214816_20260701T214850_P05023_N_F_J_001
feature_0_part_1_split_1,0,NISAR,NISAR,NISAR_L2_PR_GSLC_024_082_D_100_2005_DHDH_M_20260701T214849_20260701T214924_P05023_N_F_J_001,GSLC,DESCENDING,82,4852,100,2026-07-01T21:48:49Z,2026-07-01T21:49:24Z,NISAR_L2_PR_GSLC_024_082_D_100_2005_DHDH_M_20260701T214849_20260701T214924_P05023_N_F_J_001
feature_0_part_1_split_1,0,NISAR,NISAR,NISAR_L2_PR_GSLC_024_082_D_100_4005_DHDH_A_20260701T214849_20260701T214855_P05023_N_P_J_001,GSLC,DESCENDING,82,4852,100,2026-07-01T21:48:49Z,2026-07-01T21:48:55Z,NISAR_L2_PR_GSLC_024_082_D_100_4005_DHDH_A_20260701T214849_20260701T214855_P05023_N_P_J_001
feature_0_part_1_split_1,0,NISAR,NISAR,NISAR_L2_PR_GSLC_024_082_D_101_2005_DHDH_A_20260701T214923_20260701T214958_P05023_N_F_J_001,GSLC,DESCENDING,82,4852,101,2026-07-01T21:49:23Z,2026-07-01T21:49:58Z,NISAR_L2_PR_GSLC_024_082_D_101_2005_DHDH_A_20260701T214923_20260701T214958_P05023_N_F_J_001
feature_0_part_1_split_1,0,NISAR,NISAR,NISAR_L2_PR_GSLC_024_088_A_174_2005_DHDH_A_20260702T083020_20260702T083055_P05023_N_F_J_001,GSLC,ASCENDING,88,4858,174,2026-07-02T08:30:20Z,2026-07-02T08:30:55Z,NISAR_L2_PR_GSLC_024_088_A_174_2005_DHDH_A_20260702T083020_20260702T083055_P05023_N_F_J_001
feature_0_part_1_split_1,0,NISAR,NISAR,NISAR_L2_PR_GSLC_024_088_A_175_2005_DHDH_A_20260702T083054_20260702T083128_P05023_N_F_J_001,GSLC,ASCENDING,88,4858,175,2026-07-02T08:30:54Z,2026-07-02T08:31:28Z,NISAR_L2_PR_GSLC_024_088_A_175_2005_DHDH_A_20260702T083054_20260702T083128_P05023_N_F_J_001
feature_0_part_1_split_1,0,NISAR,NISAR,NISAR_L2_PR_GSLC_024_088_A_176_2005_DHDH_A_20260702T083127_20260702T083203_P05023_N_F_J_001,GSLC,ASCENDING,88,4858,176,2026-07-02T08:31:27Z,2026-07-02T08:32:03Z,NISAR_L2_PR_GSLC_024_088_A_176_2005_DHDH_A_20260702T083127_20260702T083203_P05023_N_F_J_001
feature_0_part_1_split_1,0,NISAR,NISAR,NISAR_L2_PR_GSLC_024_096_D_090_2005_SHSH_A_20260702T210142_20260702T210212_P05023_N_F_J_001,GSLC,DESCENDING,96,4866,90,2026-07-02T21:01:42Z,2026-07-02T21:02:12Z,NISAR_L2_PR_GSLC_024_096_D_090_2005_SHSH_A_20260702T210142_20260702T210212_P05023_N_F_J_001
feature_0_part_1_split_1,0,NISAR,NISAR,NISAR_L2_PR_GSLC_024_096_D_091_2005_SHSH_A_20260702T210211_20260702T210245_P05023_N_F_J_001,GSLC,DESCENDING,96,4866,91,2026-07-02T21:02:11Z,2026-07-02T21:02:45Z,NISAR_L2_PR_GSLC_024_096_D_091_2005_SHSH_A_20260702T210211_20260702T210245_P05023_N_F_J_001
feature_0_part_1_split_1,0,NISAR,NISAR,NISAR_L2_PR_GSLC_024_096_D_092_2005_SHSH_A_20260702T210244_20260702T210319_P05023_N_F_J_001,GSLC,DESCENDING,96,4866,92,2026-07-02T21:02:44Z,2026-07-02T21:03:19Z,NISAR_L2_PR_GSLC_024_096_D_092_2005_SHSH_A_20260702T210244_20260702T210319_P05023_N_F_J_001
feature_0_part_1_split_1,0,NISAR,NISAR,NISAR_L2_PR_GSLC_024_096_D_095_2005_SHSH_A_20260702T210425_20260702T210459_P05023_N_F_J_001,GSLC,DESCENDING,96,4866,95,2026-07-02T21:04:25Z,2026-07-02T21:04:59Z,NISAR_L2_PR_GSLC_024_096_D_095_2005_SHSH_A_20260702T210425_20260702T210459_P05023_N_F_J_001
feature_0_part_1_split_1,0,NISAR,NISAR,NISAR_L2_PR_GSLC_024_096_D_096_2005_SHSH_A_20260702T210458_20260702T210533_P05023_N_F_J_001,GSLC,DESCENDING,96,4866,96,2026-07-02T21:04:58Z,2026-07-02T21:05:33Z,NISAR_L2_PR_GSLC_024_096_D_096_2005_SHSH_A_20260702T210458_20260702T210533_P05023_N_F_J_001
feature_0_part_1_split_1,0,NISAR,NISAR,NISAR_L2_PR_GSLC_024_096_D_097_2005_SHSH_M_20260702T210532_20260702T210606_P05023_N_F_J_001,GSLC,DESCENDING,96,4866,97,2026-07-02T21:05:32Z,2026-07-02T21:06:06Z,NISAR_L2_PR_GSLC_024_096_D_097_2005_SHSH_M_20260702T210532_20260702T210606_P05023_N_F_J_001
feature_0_part_1_split_1,0,NISAR,NISAR,NISAR_L2_PR_GSLC_024_096_D_099_4005_DHDH_A_20260702T210641_20260702T210713_P05023_N_F_J_001,GSLC,DESCENDING,96,4866,99,2026-07-02T21:06:41Z,2026-07-02T21:07:13Z,NISAR_L2_PR_GSLC_024_096_D_099_4005_DHDH_A_20260702T210641_20260702T210713_P05023_N_F_J_001
feature_0_part_1_split_1,0,NISAR,NISAR,NISAR_L2_PR_GSLC_024_103_A_166_2005_DHDH_A_20260703T092408_20260703T092442_P05023_N_F_J_001,GSLC,ASCENDING,103,4873,166,2026-07-03T09:24:08Z,2026-07-03T09:24:42Z,NISAR_L2_PR_GSLC_024_103_A_166_2005_DHDH_A_20260703T092408_20260703T092442_P05023_N_F_J_001
feature_0_part_1_split_1,0,NISAR,NISAR,NISAR_L2_PR_GSLC_024_103_A_167_2005_DHDH_A_20260703T092441_20260703T092516_P05023_N_F_J_001,GSLC,ASCENDING,103,4873,167,2026-07-03T09:24:41Z,2026-07-03T09:25:16Z,NISAR_L2_PR_GSLC_024_103_A_167_2005_DHDH_A_20260703T092441_20260703T092516_P05023_N_F_J_001
feature_0_part_1_split_1,0,NISAR,NISAR,NISAR_L2_PR_GSLC_024_103_A_168_2005_DHDH_A_20260703T092515_20260703T092549_P05023_N_F_J_001,GSLC,ASCENDING,103,4873,168,2026-07-03T09:25:15Z,2026-07-03T09:25:49Z,NISAR_L2_PR_GSLC_024_103_A_168_2005_DHDH_A_20260703T092515_20260703T092549_P05023_N_F_J_001
feature_0_part_1_split_1,0,NISAR,NISAR,NISAR_L2_PR_GSLC_024_103_A_169_2005_DHDH_A_20260703T092548_20260703T092623_P05023_N_F_J_001,GSLC,ASCENDING,103,4873,169,2026-07-03T09:25:48Z,2026-07-03T09:26:23Z,NISAR_L2_PR_GSLC_024_103_A_169_2005_DHDH_A_20260703T092548_20260703T092623_P05023_N_F_J_001
feature_0_part_1_split_1,0,NISAR,NISAR,NISAR_L2_PR_GSLC_024_103_A_170_2005_DHDH_A_20260703T092622_20260703T092657_P05023_N_F_J_001,GSLC,ASCENDING,103,4873,170,2026-07-03T09:26:22Z,2026-07-03T09:26:57Z,NISAR_L2_PR_GSLC_024_103_A_170_2005_DHDH_A_20260703T092622_20260703T092657_P05023_N_F_J_001
feature_0_part_1_split_1,0,NISAR,NISAR,NISAR_L2_PR_GSLC_024_103_A_171_2005_DHDH_A_20260703T092656_20260703T092730_P05023_N_F_J_001,GSLC,ASCENDING,103,4873,171,2026-07-03T09:26:56Z,2026-07-03T09:27:30Z,NISAR_L2_PR_GSLC_024_103_A_171_2005_DHDH_A_20260703T092656_20260703T092730_P05023_N_F_J_001
feature_0_part_1_split_1,0,NISAR,NISAR,NISAR_L2_PR_GSLC_024_103_A_172_2005_DHDH_A_20260703T092729_20260703T092804_P05023_N_F_J_001,GSLC,ASCENDING,103,4873,172,2026-07-03T09:27:29Z,2026-07-03T09:28:04Z,NISAR_L2_PR_GSLC_024_103_A_172_2005_DHDH_A_20260703T092729_20260703T092804_P05023_N_F_J_001
feature_0_part_1_split_1,0,NISAR,NISAR,NISAR_L2_PR_GSLC_024_111_D_094_2005_SHSH_A_20260703T220207_20260703T220242_P05023_N_F_J_001,GSLC,DESCENDING,111,4881,94,2026-07-03T22:02:07Z,2026-07-03T22:02:42Z,NISAR_L2_PR_GSLC_024_111_D_094_2005_SHSH_A_20260703T220207_20260703T220242_P05023_N_F_J_001
feature_0_part_1_split_1,0,NISAR,NISAR,NISAR_L2_PR_GSLC_024_111_D_095_2005_SHSH_A_20260703T220241_20260703T220315_P05023_N_F_J_001,GSLC,DESCENDING,111,4881,95,2026-07-03T22:02:41Z,2026-07-03T22:03:15Z,NISAR_L2_PR_GSLC_024_111_D_095_2005_SHSH_A_20260703T220241_20260703T220315_P05023_N_F_J_001
feature_0_part_1_split_1,0,NISAR,NISAR,NISAR_L2_PR_GSLC_024_111_D_096_2005_SHSH_A_20260703T220314_20260703T220349_P05023_N_F_J_001,GSLC,DESCENDING,111,4881,96,2026-07-03T22:03:14Z,2026-07-03T22:03:49Z,NISAR_L2_PR_GSLC_024_111_D_096_2005_SHSH_A_20260703T220314_20260703T220349_P05023_N_F_J_001
feature_0_part_1_split_1,0,NISAR,NISAR,NISAR_L2_PR_GSLC_024_111_D_097_2005_SHSH_A_20260703T220348_20260703T220422_P05023_N_F_J_001,GSLC,DESCENDING,111,4881,97,2026-07-03T22:03:48Z,2026-07-03T22:04:22Z,NISAR_L2_PR_GSLC_024_111_D_097_2005_SHSH_A_20260703T220348_20260703T220422_P05023_N_F_J_001
feature_0_part_1_split_1,0,NISAR,NISAR,NISAR_L2_PR_GSLC_024_111_D_098_2005_SHSH_M_20260703T220421_20260703T220456_P05023_N_F_J_001,GSLC,DESCENDING,111,4881,98,2026-07-03T22:04:21Z,2026-07-03T22:04:56Z,NISAR_L2_PR_GSLC_024_111_D_098_2005_SHSH_M_20260703T220421_20260703T220456_P05023_N_F_J_001
feature_0_part_1_split_1,0,NISAR,NISAR,NISAR_L2_PR_GSLC_024_111_D_099_2005_DHDH_A_20260703T220458_20260703T220529_P05023_N_F_J_001,GSLC,DESCENDING,111,4881,99,2026-07-03T22:04:58Z,2026-07-03T22:05:29Z,NISAR_L2_PR_GSLC_024_111_D_099_2005_DHDH_A_20260703T220458_20260703T220529_P05023_N_F_J_001
feature_0_part_1_split_1,0,NISAR,NISAR,NISAR_L2_PR_GSLC_024_117_A_168_4005_DHDH_A_20260704T084340_20260704T084412_P05023_N_F_J_001,GSLC,ASCENDING,117,4887,168,2026-07-04T08:43:40Z,2026-07-04T08:44:12Z,NISAR_L2_PR_GSLC_024_117_A_168_4005_DHDH_A_20260704T084340_20260704T084412_P05023_N_F_J_001
feature_0_part_1_split_1,0,NISAR,NISAR,NISAR_L2_PR_GSLC_024_117_A_169_2005_DHDH_M_20260704T084411_20260704T084446_P05023_N_F_J_001,GSLC,ASCENDING,117,4887,169,2026-07-04T08:44:11Z,2026-07-04T08:44:46Z,NISAR_L2_PR_GSLC_024_117_A_169_2005_DHDH_M_20260704T084411_20260704T084446_P05023_N_F_J_001
feature_0_part_1_split_1,0,NISAR,NISAR,NISAR_L2_PR_GSLC_024_117_A_169_4005_DHDH_A_20260704T084411_20260704T084418_P05023_N_P_J_001,GSLC,ASCENDING,117,4887,169,2026-07-04T08:44:11Z,2026-07-04T08:44:18Z,NISAR_L2_PR_GSLC_024_117_A_169_4005_DHDH_A_20260704T084411_20260704T084418_P05023_N_P_J_001
feature_0_part_1_split_1,0,NISAR,NISAR,NISAR_L2_PR_GSLC_024_117_A_170_2005_DHDH_A_20260704T084445_20260704T084519_P05023_N_F_J_001,GSLC,ASCENDING,117,4887,170,2026-07-04T08:44:45Z,2026-07-04T08:45:19Z,NISAR_L2_PR_GSLC_024_117_A_170_2005_DHDH_A_20260704T084445_20260704T084519_P05023_N_F_J_001
feature_0_part_1_split_1,0,NISAR,NISAR,NISAR_L2_PR_GSLC_024_117_A_171_2005_DHDH_A_20260704T084518_20260704T084553_P05023_N_F_J_001,GSLC,ASCENDING,117,4887,171,2026-07-04T08:45:18Z,2026-07-04T08:45:53Z,NISAR_L2_PR_GSLC_024_117_A_171_2005_DHDH_A_20260704T084518_20260704T084553_P05023_N_F_J_001
feature_0_part_1_split_1,0,NISAR,NISAR,NISAR_L2_PR_GSLC_024_117_A_172_2005_DHDH_A_20260704T084552_20260704T084626_P05023_N_F_J_001,GSLC,ASCENDING,117,4887,172,2026-07-04T08:45:52Z,2026-07-04T08:46:26Z,NISAR_L2_PR_GSLC_024_117_A_172_2005_DHDH_A_20260704T084552_20260704T084626_P05023_N_F_J_001
feature_0_part_1_split_1,0,NISAR,NISAR,NISAR_L2_PR_GSLC_024_117_A_173_2005_DHDH_A_20260704T084625_20260704T084700_P05023_N_F_J_001,GSLC,ASCENDING,117,4887,173,2026-07-04T08:46:25Z,2026-07-04T08:47:00Z,NISAR_L2_PR_GSLC_024_117_A_173_2005_DHDH_A_20260704T084625_20260704T084700_P05023_N_F_J_001
feature_0_part_1_split_1,0,NISAR,NISAR,NISAR_L2_PR_GSLC_024_117_A_174_2005_DHDH_A_20260704T084659_20260704T084733_P05023_N_F_J_001,GSLC,ASCENDING,117,4887,174,2026-07-04T08:46:59Z,2026-07-04T08:47:33Z,NISAR_L2_PR_GSLC_024_117_A_174_2005_DHDH_A_20260704T084659_20260704T084733_P05023_N_F_J_001
feature_0_part_1_split_1,0,NISAR,NISAR,NISAR_L2_PR_GSLC_024_117_A_175_2005_DHDH_A_20260704T084732_20260704T084807_P05023_N_F_J_001,GSLC,ASCENDING,117,4887,175,2026-07-04T08:47:32Z,2026-07-04T08:48:07Z,NISAR_L2_PR_GSLC_024_117_A_175_2005_DHDH_A_20260704T084732_20260704T084807_P05023_N_F_J_001
feature_0_part_1_split_1,0,NISAR,NISAR,NISAR_L2_PR_GSLC_024_125_D_089_2005_DHDH_M_20260704T211802_20260704T211817_P05023_N_P_J_001,GSLC,DESCENDING,125,4895,89,2026-07-04T21:18:02Z,2026-07-04T21:18:17Z,NISAR_L2_PR_GSLC_024_125_D_089_2005_DHDH_M_20260704T211802_20260704T211817_P05023_N_P_J_001
feature_0_part_1_split_1,0,NISAR,NISAR,NISAR_L2_PR_GSLC_024_125_D_089_4005_DHDH_A_20260704T211810_20260704T211817_P05023_N_P_J_001,GSLC,DESCENDING,125,4895,89,2026-07-04T21:18:10Z,2026-07-04T21:18:17Z,NISAR_L2_PR_GSLC_024_125_D_089_4005_DHDH_A_20260704T211810_20260704T211817_P05023_N_P_J_001
feature_0_part_1_split_1,0,NISAR,NISAR,NISAR_L2_PR_GSLC_024_125_D_090_4005_DHDH_A_20260704T211816_20260704T211855_P05023_N_F_J_001,GSLC,DESCENDING,125,4895,90,2026-07-04T21:18:16Z,2026-07-04T21:18:55Z,NISAR_L2_PR_GSLC_024_125_D_090_4005_DHDH_A_20260704T211816_20260704T211855_P05023_N_F_J_001
feature_0_part_1_split_1,0,NISAR,NISAR,NISAR_L2_PR_GSLC_024_125_D_091_2005_DHDH_M_20260704T211850_20260704T211924_P05023_N_F_J_001,GSLC,DESCENDING,125,4895,91,2026-07-04T21:18:50Z,2026-07-04T21:19:24Z,NISAR_L2_PR_GSLC_024_125_D_091_2005_DHDH_M_20260704T211850_20260704T211924_P05023_N_F_J_001
feature_0_part_1_split_1,0,NISAR,NISAR,NISAR_L2_PR_GSLC_024_125_D_091_4005_DHDH_A_20260704T211850_20260704T211855_P05023_N_P_J_001,GSLC,DESCENDING,125,4895,91,2026-07-04T21:18:50Z,2026-07-04T21:18:55Z,NISAR_L2_PR_GSLC_024_125_D_091_4005_DHDH_A_20260704T211850_20260704T211855_P05023_N_P_J_001
feature_0_part_1_split_1,0,NISAR,NISAR,NISAR_L2_PR_GSLC_024_125_D_092_2005_DHDH_A_20260704T211923_20260704T211958_P05023_N_F_J_001,GSLC,DESCENDING,125,4895,92,2026-07-04T21:19:23Z,2026-07-04T21:19:58Z,NISAR_L2_PR_GSLC_024_125_D_092_2005_DHDH_A_20260704T211923_20260704T211958_P05023_N_F_J_001
feature_0_part_1_split_1,0,NISAR,NISAR,NISAR_L2_PR_GSLC_024_125_D_093_2005_DHDH_A_20260704T211957_20260704T212031_P05023_N_F_J_001,GSLC,DESCENDING,125,4895,93,2026-07-04T21:19:57Z,2026-07-04T21:20:31Z,NISAR_L2_PR_GSLC_024_125_D_093_2005_DHDH_A_20260704T211957_20260704T212031_P05023_N_F_J_001
feature_0_part_1_split_1,0,NISAR,NISAR,NISAR_L2_PR_GSLC_024_125_D_094_2005_DHDH_A_20260704T212030_20260704T212105_P05023_N_F_J_001,GSLC,DESCENDING,125,4895,94,2026-07-04T21:20:30Z,2026-07-04T21:21:05Z,NISAR_L2_PR_GSLC_024_125_D_094_2005_DHDH_A_20260704T212030_20260704T212105_P05023_N_F_J_001
feature_0_part_1_split_1,0,NISAR,NISAR,NISAR_L2_PR_GSLC_024_125_D_095_2005_DHDH_A_20260704T212104_20260704T212138_P05023_N_F_J_001,GSLC,DESCENDING,125,4895,95,2026-07-04T21:21:04Z,2026-07-04T21:21:38Z,NISAR_L2_PR_GSLC_024_125_D_095_2005_DHDH_A_20260704T212104_20260704T212138_P05023_N_F_J_001
feature_0_part_1_split_1,0,NISAR,NISAR,NISAR_L2_PR_GSLC_024_125_D_096_2005_DHDH_A_20260704T212134_20260704T212212_P05023_N_F_J_001,GSLC,DESCENDING,125,4895,96,2026-07-04T21:21:34Z,2026-07-04T21:22:12Z,NISAR_L2_PR_GSLC_024_125_D_096_2005_DHDH_A_20260704T212134_20260704T212212_P05023_N_F_J_001
feature_0_part_1_split_1,0,NISAR,NISAR,NISAR_L2_PR_GSLC_024_125_D_097_2005_DHDH_A_20260704T212211_20260704T212245_P05023_N_F_J_001,GSLC,DESCENDING,125,4895,97,2026-07-04T21:22:11Z,2026-07-04T21:22:45Z,NISAR_L2_PR_GSLC_024_125_D_097_2005_DHDH_A_20260704T212211_20260704T212245_P05023_N_F_J_001
feature_0_part_1_split_1,0,NISAR,NISAR,NISAR_L2_PR_GSLC_024_125_D_098_2005_DHDH_M_20260704T212244_20260704T212319_P05023_N_F_J_001,GSLC,DESCENDING,125,4895,98,2026-07-04T21:22:44Z,2026-07-04T21:23:19Z,NISAR_L2_PR_GSLC_024_125_D_098_2005_DHDH_M_20260704T212244_20260704T212319_P05023_N_F_J_001
feature_0_part_1_split_1,0,NISAR,NISAR,NISAR_L2_PR_GSLC_024_125_D_099_4005_DHDH_A_20260704T212316_20260704T212352_P05023_N_F_J_001,GSLC,DESCENDING,125,4895,99,2026-07-04T21:23:16Z,2026-07-04T21:23:52Z,NISAR_L2_PR_GSLC_024_125_D_099_4005_DHDH_A_20260704T212316_20260704T212352_P05023_N_F_J_001
feature_0_part_1_split_1,0,NISAR,NISAR,NISAR_L2_PR_GSLC_024_125_D_100_4005_DHDH_A_20260704T212351_20260704T212426_P05023_N_F_J_001,GSLC,DESCENDING,125,4895,100,2026-07-04T21:23:51Z,2026-07-04T21:24:26Z,NISAR_L2_PR_GSLC_024_125_D_100_4005_DHDH_A_20260704T212351_20260704T212426_P05023_N_F_J_001
feature_0_part_1_split_1,0,NISAR,NISAR,NISAR_L2_PR_GSLC_024_125_D_101_4005_DHDH_A_20260704T212425_20260704T212459_P05023_N_F_J_001,GSLC,DESCENDING,125,4895,101,2026-07-04T21:24:25Z,2026-07-04T21:24:59Z,NISAR_L2_PR_GSLC_024_125_D_101_4005_DHDH_A_20260704T212425_20260704T212459_P05023_N_F_J_001
feature_0_part_1_split_1,0,NISAR,NISAR,NISAR_L2_PR_GSLC_024_132_A_165_2005_DHDH_A_20260705T094013_20260705T094048_P05023_N_F_J_001,GSLC,ASCENDING,132,4902,165,2026-07-05T09:40:13Z,2026-07-05T09:40:48Z,NISAR_L2_PR_GSLC_024_132_A_165_2005_DHDH_A_20260705T094013_20260705T094048_P05023_N_F_J_001
feature_0_part_1_split_1,0,NISAR,NISAR,NISAR_L2_PR_GSLC_024_132_A_166_2005_DHDH_A_20260705T094047_20260705T094121_P05023_N_F_J_001,GSLC,ASCENDING,132,4902,166,2026-07-05T09:40:47Z,2026-07-05T09:41:21Z,NISAR_L2_PR_GSLC_024_132_A_166_2005_DHDH_A_20260705T094047_20260705T094121_P05023_N_F_J_001
feature_0_part_1_split_1,0,NISAR,NISAR,NISAR_L2_PR_GSLC_024_132_A_167_2005_DHDH_A_20260705T094120_20260705T094155_P05023_N_F_J_001,GSLC,ASCENDING,132,4902,167,2026-07-05T09:41:20Z,2026-07-05T09:41:55Z,NISAR_L2_PR_GSLC_024_132_A_167_2005_DHDH_A_20260705T094120_20260705T094155_P05023_N_F_J_001
feature_0_part_1_split_1,0,NISAR,NISAR,NISAR_L2_PR_GSLC_024_132_A_168_2005_DHDH_A_20260705T094154_20260705T094228_P05023_N_F_J_001,GSLC,ASCENDING,132,4902,168,2026-07-05T09:41:54Z,2026-07-05T09:42:28Z,NISAR_L2_PR_GSLC_024_132_A_168_2005_DHDH_A_20260705T094154_20260705T094228_P05023_N_F_J_001
feature_0_part_1_split_1,0,NISAR,NISAR,NISAR_L2_PR_GSLC_024_132_A_169_2005_DHDH_A_20260705T094227_20260705T094302_P05023_N_F_J_001,GSLC,ASCENDING,132,4902,169,2026-07-05T09:42:27Z,2026-07-05T09:43:02Z,NISAR_L2_PR_GSLC_024_132_A_169_2005_DHDH_A_20260705T094227_20260705T094302_P05023_N_F_J_001
feature_0_part_1_split_1,0,NISAR,NISAR,NISAR_L2_PR_GSLC_024_132_A_170_2005_DHDH_A_20260705T094301_20260705T094335_P05023_N_F_J_001,GSLC,ASCENDING,132,4902,170,2026-07-05T09:43:01Z,2026-07-05T09:43:35Z,NISAR_L2_PR_GSLC_024_132_A_170_2005_DHDH_A_20260705T094301_20260705T094335_P05023_N_F_J_001
feature_0_part_1_split_1,0,NISAR,NISAR,NISAR_L2_PR_GSLC_024_132_A_171_2005_DHDH_A_20260705T094334_20260705T094409_P05023_N_F_J_001,GSLC,ASCENDING,132,4902,171,2026-07-05T09:43:34Z,2026-07-05T09:44:09Z,NISAR_L2_PR_GSLC_024_132_A_171_2005_DHDH_A_20260705T094334_20260705T094409_P05023_N_F_J_001
feature_0_part_1_split_1,0,NISAR,NISAR,NISAR_L2_PR_GSLC_024_132_A_172_2005_DHDH_A_20260705T094408_20260705T094442_P05023_N_F_J_001,GSLC,ASCENDING,132,4902,172,2026-07-05T09:44:08Z,2026-07-05T09:44:42Z,NISAR_L2_PR_GSLC_024_132_A_172_2005_DHDH_A_20260705T094408_20260705T094442_P05023_N_F_J_001
feature_0_part_1_split_1,0,NISAR,NISAR,NISAR_L2_PR_GSLC_024_140_D_094_2005_DHDH_A_20260705T221846_20260705T221920_P05023_N_F_J_001,GSLC,DESCENDING,140,4910,94,2026-07-05T22:18:46Z,2026-07-05T22:19:20Z,NISAR_L2_PR_GSLC_024_140_D_094_2005_DHDH_A_20260705T221846_20260705T221920_P05023_N_F_J_001
feature_0_part_1_split_1,0,NISAR,NISAR,NISAR_L2_PR_GSLC_024_140_D_095_2005_DHDH_A_20260705T221919_20260705T221954_P05023_N_F_J_001,GSLC,DESCENDING,140,4910,95,2026-07-05T22:19:19Z,2026-07-05T22:19:54Z,NISAR_L2_PR_GSLC_024_140_D_095_2005_DHDH_A_20260705T221919_20260705T221954_P05023_N_F_J_001
feature_0_part_1_split_1,0,NISAR,NISAR,NISAR_L2_PR_GSLC_024_146_A_166_4005_DHDH_A_20260706T085909_20260706T085944_P05023_N_F_J_001,GSLC,ASCENDING,146,4916,166,2026-07-06T08:59:09Z,2026-07-06T08:59:44Z,NISAR_L2_PR_GSLC_024_146_A_166_4005_DHDH_A_20260706T085909_20260706T085944_P05023_N_F_J_001
feature_0_part_1_split_1,0,NISAR,NISAR,NISAR_L2_PR_GSLC_024_146_A_167_4005_DHDH_A_20260706T085943_20260706T090022_P05023_N_F_J_001,GSLC,ASCENDING,146,4916,167,2026-07-06T08:59:43Z,2026-07-06T09:00:22Z,NISAR_L2_PR_GSLC_024_146_A_167_4005_DHDH_A_20260706T085943_20260706T090022_P05023_N_F_J_001
feature_0_part_1_split_1,0,NISAR,NISAR,NISAR_L2_PR_GSLC_024_146_A_168_2005_DHDH_M_20260706T090017_20260706T090051_P05023_N_F_J_001,GSLC,ASCENDING,146,4916,168,2026-07-06T09:00:17Z,2026-07-06T09:00:51Z,NISAR_L2_PR_GSLC_024_146_A_168_2005_DHDH_M_20260706T090017_20260706T090051_P05023_N_F_J_001
feature_0_part_1_split_1,0,NISAR,NISAR,NISAR_L2_PR_GSLC_024_146_A_168_4005_DHDH_A_20260706T090017_20260706T090022_P05023_N_P_J_001,GSLC,ASCENDING,146,4916,168,2026-07-06T09:00:17Z,2026-07-06T09:00:22Z,NISAR_L2_PR_GSLC_024_146_A_168_4005_DHDH_A_20260706T090017_20260706T090022_P05023_N_P_J_001
feature_0_part_1_split_1,0,NISAR,NISAR,NISAR_L2_PR_GSLC_024_146_A_169_2005_DHDH_M_20260706T090050_20260706T090125_P05023_N_F_J_001,GSLC,ASCENDING,146,4916,169,2026-07-06T09:00:50Z,2026-07-06T09:01:25Z,NISAR_L2_PR_GSLC_024_146_A_169_2005_DHDH_M_20260706T090050_20260706T090125_P05023_N_F_J_001
feature_0_part_1_split_1,0,NISAR,NISAR,NISAR_L2_PR_GSLC_024_146_A_169_4005_DHDH_A_20260706T090117_20260706T090120_P05023_N_P_J_001,GSLC,ASCENDING,146,4916,169,2026-07-06T09:01:17Z,2026-07-06T09:01:20Z,NISAR_L2_PR_GSLC_024_146_A_169_4005_DHDH_A_20260706T090117_20260706T090120_P05023_N_P_J_001
feature_0_part_1_split_1,0,NISAR,NISAR,NISAR_L2_PR_GSLC_024_146_A_170_4005_DHDH_A_20260706T090125_20260706T090158_P05023_N_F_J_001,GSLC,ASCENDING,146,4916,170,2026-07-06T09:01:25Z,2026-07-06T09:01:58Z,NISAR_L2_PR_GSLC_024_146_A_170_4005_DHDH_A_20260706T090125_20260706T090158_P05023_N_F_J_001
feature_0_part_1_split_1,0,NISAR,NISAR,NISAR_L2_PR_GSLC_024_146_A_171_2005_DHDH_M_20260706T090157_20260706T090232_P05023_N_F_J_001,GSLC,ASCENDING,146,4916,171,2026-07-06T09:01:57Z,2026-07-06T09:02:32Z,NISAR_L2_PR_GSLC_024_146_A_171_2005_DHDH_M_20260706T090157_20260706T090232_P05023_N_F_J_001
feature_0_part_1_split_1,0,NISAR,NISAR,NISAR_L2_PR_GSLC_024_146_A_171_4005_DHDH_A_20260706T090157_20260706T090206_P05023_N_P_J_001,GSLC,ASCENDING,146,4916,171,2026-07-06T09:01:57Z,2026-07-06T09:02:06Z,NISAR_L2_PR_GSLC_024_146_A_171_4005_DHDH_A_20260706T090157_20260706T090206_P05023_N_P_J_001
feature_0_part_1_split_1,0,NISAR,NISAR,NISAR_L2_PR_GSLC_024_146_A_172_2005_DHDH_A_20260706T090231_20260706T090305_P05023_N_F_J_001,GSLC,ASCENDING,146,4916,172,2026-07-06T09:02:31Z,2026-07-06T09:03:05Z,NISAR_L2_PR_GSLC_024_146_A_172_2005_DHDH_A_20260706T090231_20260706T090305_P05023_N_F_J_001
feature_0_part_1_split_1,0,NISAR,NISAR,NISAR_L2_PR_GSLC_024_146_A_173_2005_DHDH_A_20260706T090304_20260706T090339_P05023_N_F_J_001,GSLC,ASCENDING,146,4916,173,2026-07-06T09:03:04Z,2026-07-06T09:03:39Z,NISAR_L2_PR_GSLC_024_146_A_173_2005_DHDH_A_20260706T090304_20260706T090339_P05023_N_F_J_001
feature_0_part_1_split_1,0,NISAR,NISAR,NISAR_L2_PR_GSLC_024_146_A_174_2005_DHDH_A_20260706T090338_20260706T090412_P05023_N_F_J_001,GSLC,ASCENDING,146,4916,174,2026-07-06T09:03:38Z,2026-07-06T09:04:12Z,NISAR_L2_PR_GSLC_024_146_A_174_2005_DHDH_A_20260706T090338_20260706T090412_P05023_N_F_J_001
feature_0_part_1_split_1,0,NISAR,NISAR,NISAR_L2_PR_GSLC_024_154_D_091_2005_DHDH_A_20260706T213529_20260706T213603_P05023_N_F_J_001,GSLC,DESCENDING,154,4924,91,2026-07-06T21:35:29Z,2026-07-06T21:36:03Z,NISAR_L2_PR_GSLC_024_154_D_091_2005_DHDH_A_20260706T213529_20260706T213603_P05023_N_F_J_001
feature_0_part_1_split_1,0,NISAR,NISAR,NISAR_L2_PR_GSLC_024_154_D_092_2005_DHDH_A_20260706T213602_20260706T213636_P05023_N_F_J_001,GSLC,DESCENDING,154,4924,92,2026-07-06T21:36:02Z,2026-07-06T21:36:36Z,NISAR_L2_PR_GSLC_024_154_D_092_2005_DHDH_A_20260706T213602_20260706T213636_P05023_N_F_J_001
feature_0_part_1_split_1,0,NISAR,NISAR,NISAR_L2_PR_GSLC_024_154_D_093_2005_DHDH_A_20260706T213635_20260706T213710_P05023_N_F_J_001,GSLC,DESCENDING,154,4924,93,2026-07-06T21:36:35Z,2026-07-06T21:37:10Z,NISAR_L2_PR_GSLC_024_154_D_093_2005_DHDH_A_20260706T213635_20260706T213710_P05023_N_F_J_001
feature_0_part_1_split_1,0,NISAR,NISAR,NISAR_L2_PR_GSLC_024_154_D_094_2005_DHDH_A_20260706T213709_20260706T213743_P05023_N_F_J_001,GSLC,DESCENDING,154,4924,94,2026-07-06T21:37:09Z,2026-07-06T21:37:43Z,NISAR_L2_PR_GSLC_024_154_D_094_2005_DHDH_A_20260706T213709_20260706T213743_P05023_N_F_J_001
feature_0_part_1_split_1,0,NISAR,NISAR,NISAR_L2_PR_GSLC_024_154_D_095_2005_DHDH_A_20260706T213742_20260706T213817_P05023_N_F_J_001,GSLC,DESCENDING,154,4924,95,2026-07-06T21:37:42Z,2026-07-06T21:38:17Z,NISAR_L2_PR_GSLC_024_154_D_095_2005_DHDH_A_20260706T213742_20260706T213817_P05023_N_F_J_001
feature_0_part_1_split_1,0,NISAR,NISAR,NISAR_L2_PR_GSLC_024_154_D_096_2005_DHDH_A_20260706T213816_20260706T213854_P05023_N_F_J_001,GSLC,DESCENDING,154,4924,96,2026-07-06T21:38:16Z,2026-07-06T21:38:54Z,NISAR_L2_PR_GSLC_024_154_D_096_2005_DHDH_A_20260706T213816_20260706T213854_P05023_N_F_J_001
feature_0_part_1_split_1,0,NISAR,NISAR,NISAR_L2_PR_GSLC_024_154_D_097_2005_DHDH_A_20260706T213849_20260706T213924_P05023_N_F_J_001,GSLC,DESCENDING,154,4924,97,2026-07-06T21:38:49Z,2026-07-06T21:39:24Z,NISAR_L2_PR_GSLC_024_154_D_097_2005_DHDH_A_20260706T213849_20260706T213924_P05023_N_F_J_001
feature_0_part_1_split_1,0,NISAR,NISAR,NISAR_L2_PR_GSLC_024_154_D_098_2005_DHDH_A_20260706T213923_20260706T213957_P05023_N_F_J_001,GSLC,DESCENDING,154,4924,98,2026-07-06T21:39:23Z,2026-07-06T21:39:57Z,NISAR_L2_PR_GSLC_024_154_D_098_2005_DHDH_A_20260706T213923_20260706T213957_P05023_N_F_J_001
feature_0_part_1_split_1,0,NISAR,NISAR,NISAR_L2_PR_GSLC_024_154_D_099_2005_DHDH_A_20260706T213956_20260706T214031_P05023_N_F_J_001,GSLC,DESCENDING,154,4924,99,2026-07-06T21:39:56Z,2026-07-06T21:40:31Z,NISAR_L2_PR_GSLC_024_154_D_099_2005_DHDH_A_20260706T213956_20260706T214031_P05023_N_F_J_001
feature_0_part_1_split_1,0,NISAR,NISAR,NISAR_L2_PR_GSLC_024_154_D_100_2005_DHDH_M_20260706T214030_20260706T214105_P05023_N_F_J_001,GSLC,DESCENDING,154,4924,100,2026-07-06T21:40:30Z,2026-07-06T21:41:05Z,NISAR_L2_PR_GSLC_024_154_D_100_2005_DHDH_M_20260706T214030_20260706T214105_P05023_N_F_J_001
feature_0_part_1_split_1,0,NISAR,NISAR,NISAR_L2_PR_GSLC_024_168_D_096_2005_DHDH_A_20260707T205639_20260707T205713_P05023_N_F_J_001,GSLC,DESCENDING,168,4938,96,2026-07-07T20:56:39Z,2026-07-07T20:57:13Z,NISAR_L2_PR_GSLC_024_168_D_096_2005_DHDH_A_20260707T205639_20260707T205713_P05023_N_F_J_001
feature_0_part_1_split_1,0,NISAR,NISAR,NISAR_L2_PR_GSLC_024_168_D_097_2005_DHDH_A_20260707T205712_20260707T205747_P05023_N_F_J_001,GSLC,DESCENDING,168,4938,97,2026-07-07T20:57:12Z,2026-07-07T20:57:47Z,NISAR_L2_PR_GSLC_024_168_D_097_2005_DHDH_A_20260707T205712_20260707T205747_P05023_N_F_J_001
feature_0_part_1_split_1,0,NISAR,NISAR,NISAR_L2_PR_GSLC_024_168_D_098_2005_DHDH_A_20260707T205746_20260707T205820_P05023_N_F_J_001,GSLC,DESCENDING,168,4938,98,2026-07-07T20:57:46Z,2026-07-07T20:58:20Z,NISAR_L2_PR_GSLC_024_168_D_098_2005_DHDH_A_20260707T205746_20260707T205820_P05023_N_F_J_001
feature_0_part_1_split_1,0,NISAR,NISAR,NISAR_L2_PR_GSLC_025_002_A_165_4005_DHDH_A_20260708T091514_20260708T091549_P05023_N_F_J_001,GSLC,ASCENDING,2,4945,165,2026-07-08T09:15:14Z,2026-07-08T09:15:49Z,NISAR_L2_PR_GSLC_025_002_A_165_4005_DHDH_A_20260708T091514_20260708T091549_P05023_N_F_J_001
feature_0_part_1_split_1,0,NISAR,NISAR,NISAR_L2_PR_GSLC_025_002_A_166_2005_DHDH_M_20260708T091548_20260708T091622_P05023_N_F_J_001,GSLC,ASCENDING,2,4945,166,2026-07-08T09:15:48Z,2026-07-08T09:16:22Z,NISAR_L2_PR_GSLC_025_002_A_166_2005_DHDH_M_20260708T091548_20260708T091622_P05023_N_F_J_001
feature_0_part_1_split_1,0,NISAR,NISAR,NISAR_L2_PR_GSLC_025_002_A_166_4005_DHDH_A_20260708T091548_20260708T091554_P05023_N_P_J_001,GSLC,ASCENDING,2,4945,166,2026-07-08T09:15:48Z,2026-07-08T09:15:54Z,NISAR_L2_PR_GSLC_025_002_A_166_4005_DHDH_A_20260708T091548_20260708T091554_P05023_N_P_J_001
feature_0_part_1_split_1,0,NISAR,NISAR,NISAR_L2_PR_GSLC_025_002_A_167_2005_DHDH_A_20260708T091621_20260708T091656_P05023_N_F_J_001,GSLC,ASCENDING,2,4945,167,2026-07-08T09:16:21Z,2026-07-08T09:16:56Z,NISAR_L2_PR_GSLC_025_002_A_167_2005_DHDH_A_20260708T091621_20260708T091656_P05023_N_F_J_001
feature_0_part_1_split_1,0,NISAR,NISAR,NISAR_L2_PR_GSLC_025_002_A_168_2005_DHDH_A_20260708T091655_20260708T091729_P05023_N_F_J_001,GSLC,ASCENDING,2,4945,168,2026-07-08T09:16:55Z,2026-07-08T09:17:29Z,NISAR_L2_PR_GSLC_025_002_A_168_2005_DHDH_A_20260708T091655_20260708T091729_P05023_N_F_J_001
feature_0_part_1_split_1,0,NISAR,NISAR,NISAR_L2_PR_GSLC_025_002_A_169_2005_DHDH_A_20260708T091728_20260708T091803_P05023_N_F_J_001,GSLC,ASCENDING,2,4945,169,2026-07-08T09:17:28Z,2026-07-08T09:18:03Z,NISAR_L2_PR_GSLC_025_002_A_169_2005_DHDH_A_20260708T091728_20260708T091803_P05023_N_F_J_001
feature_0_part_1_split_1,0,NISAR,NISAR,NISAR_L2_PR_GSLC_025_002_A_170_2005_DHDH_A_20260708T091802_20260708T091837_P05023_N_F_J_001,GSLC,ASCENDING,2,4945,170,2026-07-08T09:18:02Z,2026-07-08T09:18:37Z,NISAR_L2_PR_GSLC_025_002_A_170_2005_DHDH_A_20260708T091802_20260708T091837_P05023_N_F_J_001
feature_0_part_1_split_1,0,NISAR,NISAR,NISAR_L2_PR_GSLC_025_002_A_171_2005_DHDH_A_20260708T091836_20260708T091910_P05023_N_F_J_001,GSLC,ASCENDING,2,4945,171,2026-07-08T09:18:36Z,2026-07-08T09:19:10Z,NISAR_L2_PR_GSLC_025_002_A_171_2005_DHDH_A_20260708T091836_20260708T091910_P05023_N_F_J_001
feature_0_part_1_split_1,0,NISAR,NISAR,NISAR_L2_PR_GSLC_025_002_A_172_2005_DHDH_A_20260708T091909_20260708T091943_P05023_N_F_J_001,GSLC,ASCENDING,2,4945,172,2026-07-08T09:19:09Z,2026-07-08T09:19:43Z,NISAR_L2_PR_GSLC_025_002_A_172_2005_DHDH_A_20260708T091909_20260708T091943_P05023_N_F_J_001
feature_0_part_1_split_1,0,NISAR,NISAR,NISAR_L2_PR_GSLC_025_010_D_095_2005_DHDH_M_20260708T215421_20260708T215455_P05023_N_F_J_001,GSLC,DESCENDING,10,4953,95,2026-07-08T21:54:21Z,2026-07-08T21:54:55Z,NISAR_L2_PR_GSLC_025_010_D_095_2005_DHDH_M_20260708T215421_20260708T215455_P05023_N_F_J_001
feature_0_part_1_split_1,0,NISAR,NISAR,NISAR_L2_PR_GSLC_025_010_D_095_4005_DHDH_A_20260708T215449_20260708T215455_P05023_N_P_J_001,GSLC,DESCENDING,10,4953,95,2026-07-08T21:54:49Z,2026-07-08T21:54:55Z,NISAR_L2_PR_GSLC_025_010_D_095_4005_DHDH_A_20260708T215449_20260708T215455_P05023_N_P_J_001
feature_0_part_1_split_1,0,NISAR,NISAR,NISAR_L2_PR_GSLC_025_010_D_096_4005_DHDH_A_20260708T215454_20260708T215529_P05023_N_F_J_001,GSLC,DESCENDING,10,4953,96,2026-07-08T21:54:54Z,2026-07-08T21:55:29Z,NISAR_L2_PR_GSLC_025_010_D_096_4005_DHDH_A_20260708T215454_20260708T215529_P05023_N_F_J_001
feature_0_part_1_split_1,0,NISAR,NISAR,NISAR_L2_PR_GSLC_025_010_D_097_2005_DHDH_M_20260708T215528_20260708T215602_P05023_N_F_J_001,GSLC,DESCENDING,10,4953,97,2026-07-08T21:55:28Z,2026-07-08T21:56:02Z,NISAR_L2_PR_GSLC_025_010_D_097_2005_DHDH_M_20260708T215528_20260708T215602_P05023_N_F_J_001
feature_0_part_1_split_1,0,NISAR,NISAR,NISAR_L2_PR_GSLC_025_010_D_097_4005_DHDH_A_20260708T215528_20260708T215534_P05023_N_P_J_001,GSLC,DESCENDING,10,4953,97,2026-07-08T21:55:28Z,2026-07-08T21:55:34Z,NISAR_L2_PR_GSLC_025_010_D_097_4005_DHDH_A_20260708T215528_20260708T215534_P05023_N_P_J_001
feature_0_part_1_split_1,0,NISAR,NISAR,NISAR_L2_PR_GSLC_025_010_D_098_2005_DHDH_A_20260708T215601_20260708T215636_P05023_N_F_J_001,GSLC,DESCENDING,10,4953,98,2026-07-08T21:56:01Z,2026-07-08T21:56:36Z,NISAR_L2_PR_GSLC_025_010_D_098_2005_DHDH_A_20260708T215601_20260708T215636_P05023_N_F_J_001
feature_0_part_1_split_1,0,NISAR,NISAR,NISAR_L2_PR_GSLC_025_010_D_099_2005_DHDH_A_20260708T215635_20260708T215709_P05023_N_F_J_001,GSLC,DESCENDING,10,4953,99,2026-07-08T21:56:35Z,2026-07-08T21:57:09Z,NISAR_L2_PR_GSLC_025_010_D_099_2005_DHDH_A_20260708T215635_20260708T215709_P05023_N_F_J_001
feature_0_part_1_split_1,0,NISAR,NISAR,NISAR_L2_PR_GSLC_025_010_D_100_2005_DHDH_A_20260708T215708_20260708T215743_P05023_N_F_J_001,GSLC,DESCENDING,10,4953,100,2026-07-08T21:57:08Z,2026-07-08T21:57:43Z,NISAR_L2_PR_GSLC_025_010_D_100_2005_DHDH_A_20260708T215708_20260708T215743_P05023_N_F_J_001
feature_0_part_1_split_1,0,NISAR,NISAR,NISAR_L2_PR_GSLC_025_016_A_169_2005_DHDH_A_20260709T083551_20260709T083626_P05023_N_F_J_001,GSLC,ASCENDING,16,4959,169,2026-07-09T08:35:51Z,2026-07-09T08:36:26Z,NISAR_L2_PR_GSLC_025_016_A_169_2005_DHDH_A_20260709T083551_20260709T083626_P05023_N_F_J_001
feature_0_part_1_split_1,0,NISAR,NISAR,NISAR_L2_PR_GSLC_025_016_A_170_2005_DHDH_A_20260709T083625_20260709T083659_P05023_N_F_J_001,GSLC,ASCENDING,16,4959,170,2026-07-09T08:36:25Z,2026-07-09T08:36:59Z,NISAR_L2_PR_GSLC_025_016_A_170_2005_DHDH_A_20260709T083625_20260709T083659_P05023_N_F_J_001
feature_0_part_1_split_1,0,NISAR,NISAR,NISAR_L2_PR_GSLC_025_016_A_171_2005_DHDH_A_20260709T083658_20260709T083733_P05023_N_F_J_001,GSLC,ASCENDING,16,4959,171,2026-07-09T08:36:58Z,2026-07-09T08:37:33Z,NISAR_L2_PR_GSLC_025_016_A_171_2005_DHDH_A_20260709T083658_20260709T083733_P05023_N_F_J_001
feature_0_part_1_split_1,0,NISAR,NISAR,NISAR_L2_PR_GSLC_025_016_A_173_2005_DHDH_A_20260709T083805_20260709T083840_P05023_N_F_J_001,GSLC,ASCENDING,16,4959,173,2026-07-09T08:38:05Z,2026-07-09T08:38:40Z,NISAR_L2_PR_GSLC_025_016_A_173_2005_DHDH_A_20260709T083805_20260709T083840_P05023_N_F_J_001
feature_0_part_1_split_1,0,NISAR,NISAR,NISAR_L2_PR_GSLC_025_016_A_174_2005_DHDH_A_20260709T083839_20260709T083913_P05023_N_F_J_001,GSLC,ASCENDING,16,4959,174,2026-07-09T08:38:39Z,2026-07-09T08:39:13Z,NISAR_L2_PR_GSLC_025_016_A_174_2005_DHDH_A_20260709T083839_20260709T083913_P05023_N_F_J_001
feature_0_part_1_split_1,0,NISAR,NISAR,NISAR_L2_PR_GSLC_025_016_A_175_2005_DHDH_M_20260709T083912_20260709T083947_P05023_N_F_J_001,GSLC,ASCENDING,16,4959,175,2026-07-09T08:39:12Z,2026-07-09T08:39:47Z,NISAR_L2_PR_GSLC_025_016_A_175_2005_DHDH_M_20260709T083912_20260709T083947_P05023_N_F_J_001
feature_0_part_1_split_1,0,NISAR,NISAR,NISAR_L2_PR_GSLC_025_016_A_175_4005_DHDH_A_20260709T083941_20260709T083947_P05023_N_P_J_001,GSLC,ASCENDING,16,4959,175,2026-07-09T08:39:41Z,2026-07-09T08:39:47Z,NISAR_L2_PR_GSLC_025_016_A_175_4005_DHDH_A_20260709T083941_20260709T083947_P05023_N_P_J_001
feature_0_part_1_split_1,0,NISAR,NISAR,NISAR_L2_PR_GSLC_025_016_A_176_4005_DHDH_A_20260709T083946_20260709T084020_P05023_N_F_J_001,GSLC,ASCENDING,16,4959,176,2026-07-09T08:39:46Z,2026-07-09T08:40:20Z,NISAR_L2_PR_GSLC_025_016_A_176_4005_DHDH_A_20260709T083946_20260709T084020_P05023_N_F_J_001
feature_0_part_1_split_1,0,NISAR,NISAR,NISAR_L2_PR_GSLC_025_024_D_090_2005_DHDH_A_20260709T211001_20260709T211031_P05023_N_F_J_001,GSLC,DESCENDING,24,4967,90,2026-07-09T21:10:01Z,2026-07-09T21:10:31Z,NISAR_L2_PR_GSLC_025_024_D_090_2005_DHDH_A_20260709T211001_20260709T211031_P05023_N_F_J_001
feature_0_part_1_split_1,0,NISAR,NISAR,NISAR_L2_PR_GSLC_025_024_D_091_2005_DHDH_A_20260709T211030_20260709T211104_P05023_N_F_J_001,GSLC,DESCENDING,24,4967,91,2026-07-09T21:10:30Z,2026-07-09T21:11:04Z,NISAR_L2_PR_GSLC_025_024_D_091_2005_DHDH_A_20260709T211030_20260709T211104_P05023_N_F_J_001
feature_0_part_1_split_1,0,NISAR,NISAR,NISAR_L2_PR_GSLC_025_024_D_092_2005_DHDH_A_20260709T211103_20260709T211138_P05023_N_F_J_001,GSLC,DESCENDING,24,4967,92,2026-07-09T21:11:03Z,2026-07-09T21:11:38Z,NISAR_L2_PR_GSLC_025_024_D_092_2005_DHDH_A_20260709T211103_20260709T211138_P05023_N_F_J_001
feature_0_part_1_split_1,0,NISAR,NISAR,NISAR_L2_PR_GSLC_025_024_D_093_2005_DHDH_A_20260709T211137_20260709T211211_P05023_N_F_J_001,GSLC,DESCENDING,24,4967,93,2026-07-09T21:11:37Z,2026-07-09T21:12:11Z,NISAR_L2_PR_GSLC_025_024_D_093_2005_DHDH_A_20260709T211137_20260709T211211_P05023_N_F_J_001
feature_0_part_1_split_1,0,NISAR,NISAR,NISAR_L2_PR_GSLC_025_024_D_094_2005_DHDH_A_20260709T211210_20260709T211245_P05023_N_F_J_001,GSLC,DESCENDING,24,4967,94,2026-07-09T21:12:10Z,2026-07-09T21:12:45Z,NISAR_L2_PR_GSLC_025_024_D_094_2005_DHDH_A_20260709T211210_20260709T211245_P05023_N_F_J_001
feature_0_part_1_split_1,0,NISAR,NISAR,NISAR_L2_PR_GSLC_025_024_D_095_2005_DHDH_A_20260709T211244_20260709T211318_P05023_N_F_J_001,GSLC,DESCENDING,24,4967,95,2026-07-09T21:12:44Z,2026-07-09T21:13:18Z,NISAR_L2_PR_GSLC_025_024_D_095_2005_DHDH_A_20260709T211244_20260709T211318_P05023_N_F_J_001
feature_0_part_1_split_1,0,NISAR,NISAR,NISAR_L2_PR_GSLC_025_024_D_096_2005_DHDH_A_20260709T211317_20260709T211352_P05023_N_F_J_001,GSLC,DESCENDING,24,4967,96,2026-07-09T21:13:17Z,2026-07-09T21:13:52Z,NISAR_L2_PR_GSLC_025_024_D_096_2005_DHDH_A_20260709T211317_20260709T211352_P05023_N_F_J_001
feature_0_part_1_split_1,0,NISAR,NISAR,NISAR_L2_PR_GSLC_025_024_D_097_2005_DHDH_A_20260709T211351_20260709T211425_P05023_N_F_J_001,GSLC,DESCENDING,24,4967,97,2026-07-09T21:13:51Z,2026-07-09T21:14:25Z,NISAR_L2_PR_GSLC_025_024_D_097_2005_DHDH_A_20260709T211351_20260709T211425_P05023_N_F_J_001
feature_0_part_1_split_1,0,NISAR,NISAR,NISAR_L2_PR_GSLC_025_024_D_098_2005_DHDH_A_20260709T211424_20260709T211459_P05023_N_F_J_001,GSLC,DESCENDING,24,4967,98,2026-07-09T21:14:24Z,2026-07-09T21:14:59Z,NISAR_L2_PR_GSLC_025_024_D_098_2005_DHDH_A_20260709T211424_20260709T211459_P05023_N_F_J_001
feature_0_part_1_split_1,0,NISAR,NISAR,NISAR_L2_PR_GSLC_025_024_D_099_2005_DHDH_M_20260709T211458_20260709T211532_P05023_N_F_J_001,GSLC,DESCENDING,24,4967,99,2026-07-09T21:14:58Z,2026-07-09T21:15:32Z,NISAR_L2_PR_GSLC_025_024_D_099_2005_DHDH_M_20260709T211458_20260709T211532_P05023_N_F_J_001
feature_0_part_1_split_1,0,NISAR,NISAR,NISAR_L2_PR_GSLC_025_024_D_099_4005_DHDH_A_20260709T211525_20260709T211532_P05023_N_P_J_001,GSLC,DESCENDING,24,4967,99,2026-07-09T21:15:25Z,2026-07-09T21:15:32Z,NISAR_L2_PR_GSLC_025_024_D_099_4005_DHDH_A_20260709T211525_20260709T211532_P05023_N_P_J_001
feature_0_part_1_split_1,0,NISAR,NISAR,NISAR_L2_PR_GSLC_025_024_D_100_4005_DHDH_A_20260709T211531_20260709T211610_P05023_N_F_J_001,GSLC,DESCENDING,24,4967,100,2026-07-09T21:15:31Z,2026-07-09T21:16:10Z,NISAR_L2_PR_GSLC_025_024_D_100_4005_DHDH_A_20260709T211531_20260709T211610_P05023_N_F_J_001
feature_0_part_1_split_1,0,NISAR,NISAR,NISAR_L2_PR_GSLC_025_031_A_165_4005_DHDH_A_20260710T093153_20260710T093230_P05023_N_F_J_001,GSLC,ASCENDING,31,4974,165,2026-07-10T09:31:53Z,2026-07-10T09:32:30Z,NISAR_L2_PR_GSLC_025_031_A_165_4005_DHDH_A_20260710T093153_20260710T093230_P05023_N_F_J_001
feature_0_part_1_split_1,0,NISAR,NISAR,NISAR_L2_PR_GSLC_025_031_A_166_2005_DHDH_M_20260710T093227_20260710T093301_P05023_N_F_J_001,GSLC,ASCENDING,31,4974,166,2026-07-10T09:32:27Z,2026-07-10T09:33:01Z,NISAR_L2_PR_GSLC_025_031_A_166_2005_DHDH_M_20260710T093227_20260710T093301_P05023_N_F_J_001
feature_0_part_1_split_1,0,NISAR,NISAR,NISAR_L2_PR_GSLC_025_031_A_167_4005_DHDH_A_20260710T093257_20260710T093338_P05023_N_F_J_001,GSLC,ASCENDING,31,4974,167,2026-07-10T09:32:57Z,2026-07-10T09:33:38Z,NISAR_L2_PR_GSLC_025_031_A_167_4005_DHDH_A_20260710T093257_20260710T093338_P05023_N_F_J_001
feature_0_part_1_split_1,0,NISAR,NISAR,NISAR_L2_PR_GSLC_025_031_A_166_4005_DHDH_A_20260710T093257_20260710T093301_P05023_N_P_J_001,GSLC,ASCENDING,31,4974,166,2026-07-10T09:32:57Z,2026-07-10T09:33:01Z,NISAR_L2_PR_GSLC_025_031_A_166_4005_DHDH_A_20260710T093257_20260710T093301_P05023_N_P_J_001
feature_0_part_1_split_1,0,NISAR,NISAR,NISAR_L2_PR_GSLC_025_031_A_168_2005_DHDH_M_20260710T093334_20260710T093408_P05023_N_F_J_001,GSLC,ASCENDING,31,4974,168,2026-07-10T09:33:34Z,2026-07-10T09:34:08Z,NISAR_L2_PR_GSLC_025_031_A_168_2005_DHDH_M_20260710T093334_20260710T093408_P05023_N_F_J_001
feature_0_part_1_split_1,0,NISAR,NISAR,NISAR_L2_PR_GSLC_025_031_A_169_2005_DHDH_M_20260710T093407_20260710T093442_P05023_N_F_J_001,GSLC,ASCENDING,31,4974,169,2026-07-10T09:34:07Z,2026-07-10T09:34:42Z,NISAR_L2_PR_GSLC_025_031_A_169_2005_DHDH_M_20260710T093407_20260710T093442_P05023_N_F_J_001
feature_0_part_1_split_1,0,NISAR,NISAR,NISAR_L2_PR_GSLC_025_031_A_169_4005_DHDH_A_20260710T093437_20260710T093442_P05023_N_P_J_001,GSLC,ASCENDING,31,4974,169,2026-07-10T09:34:37Z,2026-07-10T09:34:42Z,NISAR_L2_PR_GSLC_025_031_A_169_4005_DHDH_A_20260710T093437_20260710T093442_P05023_N_P_J_001
feature_0_part_1_split_1,0,NISAR,NISAR,NISAR_L2_PR_GSLC_025_031_A_170_4005_DHDH_A_20260710T093441_20260710T093518_P05023_N_F_J_001,GSLC,ASCENDING,31,4974,170,2026-07-10T09:34:41Z,2026-07-10T09:35:18Z,NISAR_L2_PR_GSLC_025_031_A_170_4005_DHDH_A_20260710T093441_20260710T093518_P05023_N_F_J_001
feature_0_part_1_split_1,0,NISAR,NISAR,NISAR_L2_PR_GSLC_025_031_A_171_2005_DHDH_M_20260710T093514_20260710T093549_P05023_N_F_J_001,GSLC,ASCENDING,31,4974,171,2026-07-10T09:35:14Z,2026-07-10T09:35:49Z,NISAR_L2_PR_GSLC_025_031_A_171_2005_DHDH_M_20260710T093514_20260710T093549_P05023_N_F_J_001
feature_0_part_1_split_1,0,NISAR,NISAR,NISAR_L2_PR_GSLC_025_031_A_172_2005_DHDH_A_20260710T093548_20260710T093622_P05023_N_F_J_001,GSLC,ASCENDING,31,4974,172,2026-07-10T09:35:48Z,2026-07-10T09:36:22Z,NISAR_L2_PR_GSLC_025_031_A_172_2005_DHDH_A_20260710T093548_20260710T093622_P05023_N_F_J_001
feature_0_part_1_split_1,0,NISAR,NISAR,NISAR_L2_PR_GSLC_025_039_D_094_2005_DHDH_A_20260710T221026_20260710T221100_P05023_N_F_J_001,GSLC,DESCENDING,39,4982,94,2026-07-10T22:10:26Z,2026-07-10T22:11:00Z,NISAR_L2_PR_GSLC_025_039_D_094_2005_DHDH_A_20260710T221026_20260710T221100_P05023_N_F_J_001
feature_0_part_1_split_1,0,NISAR,NISAR,NISAR_L2_PR_GSLC_025_039_D_095_2005_DHDH_A_20260710T221059_20260710T221134_P05023_N_F_J_001,GSLC,DESCENDING,39,4982,95,2026-07-10T22:10:59Z,2026-07-10T22:11:34Z,NISAR_L2_PR_GSLC_025_039_D_095_2005_DHDH_A_20260710T221059_20260710T221134_P05023_N_F_J_001
feature_0_part_1_split_1,0,NISAR,NISAR,NISAR_L2_PR_GSLC_025_039_D_096_2005_DHDH_A_20260710T221133_20260710T221207_P05023_N_F_J_001,GSLC,DESCENDING,39,4982,96,2026-07-10T22:11:33Z,2026-07-10T22:12:07Z,NISAR_L2_PR_GSLC_025_039_D_096_2005_DHDH_A_20260710T221133_20260710T221207_P05023_N_F_J_001
feature_0_part_1_split_1,0,NISAR,NISAR,NISAR_L2_PR_GSLC_025_045_A_167_2005_DHDH_M_20260711T085123_20260711T085158_P05023_N_F_J_001,GSLC,ASCENDING,45,4988,167,2026-07-11T08:51:23Z,2026-07-11T08:51:58Z,NISAR_L2_PR_GSLC_025_045_A_167_2005_DHDH_M_20260711T085123_20260711T085158_P05023_N_F_J_001
feature_0_part_1_split_1,0,NISAR,NISAR,NISAR_L2_PR_GSLC_025_045_A_167_4005_DHDH_A_20260711T085123_20260711T085152_P05023_N_F_J_001,GSLC,ASCENDING,45,4988,167,2026-07-11T08:51:23Z,2026-07-11T08:51:52Z,NISAR_L2_PR_GSLC_025_045_A_167_4005_DHDH_A_20260711T085123_20260711T085152_P05023_N_F_J_001
feature_0_part_1_split_1,0,NISAR,NISAR,NISAR_L2_PR_GSLC_025_045_A_168_2005_DHDH_A_20260711T085157_20260711T085231_P05023_N_F_J_001,GSLC,ASCENDING,45,4988,168,2026-07-11T08:51:57Z,2026-07-11T08:52:31Z,NISAR_L2_PR_GSLC_025_045_A_168_2005_DHDH_A_20260711T085157_20260711T085231_P05023_N_F_J_001
feature_0_part_1_split_1,0,NISAR,NISAR,NISAR_L2_PR_GSLC_025_045_A_169_2005_DHDH_A_20260711T085233_20260711T085305_P05023_N_F_J_001,GSLC,ASCENDING,45,4988,169,2026-07-11T08:52:33Z,2026-07-11T08:53:05Z,NISAR_L2_PR_GSLC_025_045_A_169_2005_DHDH_A_20260711T085233_20260711T085305_P05023_N_F_J_001
feature_0_part_1_split_1,0,NISAR,NISAR,NISAR_L2_PR_GSLC_025_045_A_170_2005_DHDH_A_20260711T085304_20260711T085338_P05023_N_F_J_001,GSLC,ASCENDING,45,4988,170,2026-07-11T08:53:04Z,2026-07-11T08:53:38Z,NISAR_L2_PR_GSLC_025_045_A_170_2005_DHDH_A_20260711T085304_20260711T085338_P05023_N_F_J_001
feature_0_part_1_split_1,0,NISAR,NISAR,NISAR_L2_PR_GSLC_025_045_A_171_2005_DHDH_A_20260711T085337_20260711T085412_P05023_N_F_J_001,GSLC,ASCENDING,45,4988,171,2026-07-11T08:53:37Z,2026-07-11T08:54:12Z,NISAR_L2_PR_GSLC_025_045_A_171_2005_DHDH_A_20260711T085337_20260711T085412_P05023_N_F_J_001
feature_0_part_1_split_1,0,NISAR,NISAR,NISAR_L2_PR_GSLC_025_045_A_172_2005_DHDH_A_20260711T085411_20260711T085445_P05023_N_F_J_001,GSLC,ASCENDING,45,4988,172,2026-07-11T08:54:11Z,2026-07-11T08:54:45Z,NISAR_L2_PR_GSLC_025_045_A_172_2005_DHDH_A_20260711T085411_20260711T085445_P05023_N_F_J_001
feature_0_part_1_split_1,0,NISAR,NISAR,NISAR_L2_PR_GSLC_025_045_A_173_2005_DHDH_A_20260711T085444_20260711T085519_P05023_N_F_J_001,GSLC,ASCENDING,45,4988,173,2026-07-11T08:54:44Z,2026-07-11T08:55:19Z,NISAR_L2_PR_GSLC_025_045_A_173_2005_DHDH_A_20260711T085444_20260711T085519_P05023_N_F_J_001
feature_0_part_1_split_1,0,NISAR,NISAR,NISAR_L2_PR_GSLC_025_045_A_174_2005_DHDH_A_20260711T085516_20260711T085552_P05023_N_F_J_001,GSLC,ASCENDING,45,4988,174,2026-07-11T08:55:16Z,2026-07-11T08:55:52Z,NISAR_L2_PR_GSLC_025_045_A_174_2005_DHDH_A_20260711T085516_20260711T085552_P05023_N_F_J_001
feature_0_part_1_split_1,0,NISAR,NISAR,NISAR_L2_PR_GSLC_025_045_A_175_2005_DHDH_A_20260711T085551_20260711T085626_P05023_N_F_J_001,GSLC,ASCENDING,45,4988,175,2026-07-11T08:55:51Z,2026-07-11T08:56:26Z,NISAR_L2_PR_GSLC_025_045_A_175_2005_DHDH_A_20260711T085551_20260711T085626_P05023_N_F_J_001
feature_0_part_1_split_1,0,NISAR,NISAR,NISAR_L2_PR_GSLC_025_053_D_091_2005_DHDH_A_20260711T212708_20260711T212743_P05023_N_F_J_001,GSLC,DESCENDING,53,4996,91,2026-07-11T21:27:08Z,2026-07-11T21:27:43Z,NISAR_L2_PR_GSLC_025_053_D_091_2005_DHDH_A_20260711T212708_20260711T212743_P05023_N_F_J_001
feature_0_part_1_split_1,0,NISAR,NISAR,NISAR_L2_PR_GSLC_025_053_D_092_2005_DHDH_A_20260711T212742_20260711T212816_P05023_N_F_J_001,GSLC,DESCENDING,53,4996,92,2026-07-11T21:27:42Z,2026-07-11T21:28:16Z,NISAR_L2_PR_GSLC_025_053_D_092_2005_DHDH_A_20260711T212742_20260711T212816_P05023_N_F_J_001
feature_0_part_1_split_1,0,NISAR,NISAR,NISAR_L2_PR_GSLC_025_053_D_093_2005_DHDH_A_20260711T212815_20260711T212850_P05023_N_F_J_001,GSLC,DESCENDING,53,4996,93,2026-07-11T21:28:15Z,2026-07-11T21:28:50Z,NISAR_L2_PR_GSLC_025_053_D_093_2005_DHDH_A_20260711T212815_20260711T212850_P05023_N_F_J_001
feature_0_part_1_split_1,0,NISAR,NISAR,NISAR_L2_PR_GSLC_025_053_D_094_2005_DHDH_A_20260711T212849_20260711T212923_P05023_N_F_J_001,GSLC,DESCENDING,53,4996,94,2026-07-11T21:28:49Z,2026-07-11T21:29:23Z,NISAR_L2_PR_GSLC_025_053_D_094_2005_DHDH_A_20260711T212849_20260711T212923_P05023_N_F_J_001
feature_0_part_1_split_1,0,NISAR,NISAR,NISAR_L2_PR_GSLC_025_053_D_095_2005_DHDH_A_20260711T212922_20260711T212957_P05023_N_F_J_001,GSLC,DESCENDING,53,4996,95,2026-07-11T21:29:22Z,2026-07-11T21:29:57Z,NISAR_L2_PR_GSLC_025_053_D_095_2005_DHDH_A_20260711T212922_20260711T212957_P05023_N_F_J_001
feature_0_part_1_split_1,0,NISAR,NISAR,NISAR_L2_PR_GSLC_025_053_D_096_2005_DHDH_M_20260711T212956_20260711T213030_P05023_N_F_J_001,GSLC,DESCENDING,53,4996,96,2026-07-11T21:29:56Z,2026-07-11T21:30:30Z,NISAR_L2_PR_GSLC_025_053_D_096_2005_DHDH_M_20260711T212956_20260711T213030_P05023_N_F_J_001
feature_0_part_1_split_1,0,NISAR,NISAR,NISAR_L2_PR_GSLC_025_053_D_097_4005_DHDH_A_20260711T213028_20260711T213106_P05023_N_F_J_001,GSLC,DESCENDING,53,4996,97,2026-07-11T21:30:28Z,2026-07-11T21:31:06Z,NISAR_L2_PR_GSLC_025_053_D_097_4005_DHDH_A_20260711T213028_20260711T213106_P05023_N_F_J_001
feature_0_part_1_split_1,0,NISAR,NISAR,NISAR_L2_PR_GSLC_025_053_D_098_2005_DHDH_M_20260711T213103_20260711T213137_P05023_N_F_J_001,GSLC,DESCENDING,53,4996,98,2026-07-11T21:31:03Z,2026-07-11T21:31:37Z,NISAR_L2_PR_GSLC_025_053_D_098_2005_DHDH_M_20260711T213103_20260711T213137_P05023_N_F_J_001
feature_0_part_1_split_1,0,NISAR,NISAR,NISAR_L2_PR_GSLC_025_053_D_099_2005_DHDH_A_20260711T213136_20260711T213211_P05023_N_F_J_001,GSLC,DESCENDING,53,4996,99,2026-07-11T21:31:36Z,2026-07-11T21:32:11Z,NISAR_L2_PR_GSLC_025_053_D_099_2005_DHDH_A_20260711T213136_20260711T213211_P05023_N_F_J_001
feature_0_part_1_split_1,0,NISAR,NISAR,NISAR_L2_PR_GSLC_025_053_D_100_2005_DHDH_A_20260711T213210_20260711T213245_P05023_N_F_J_001,GSLC,DESCENDING,53,4996,100,2026-07-11T21:32:10Z,2026-07-11T21:32:45Z,NISAR_L2_PR_GSLC_025_053_D_100_2005_DHDH_A_20260711T213210_20260711T213245_P05023_N_F_J_001
feature_0_part_1_split_1,0,NISAR,NISAR,NISAR_L2_PR_GSLC_025_053_D_101_2005_DHDH_A_20260711T213244_20260711T213318_P05023_N_F_J_001,GSLC,DESCENDING,53,4996,101,2026-07-11T21:32:44Z,2026-07-11T21:33:18Z,NISAR_L2_PR_GSLC_025_053_D_101_2005_DHDH_A_20260711T213244_20260711T213318_P05023_N_F_J_001
feature_0_part_1_split_1,0,NISAR,NISAR,NISAR_L2_PR_GSLC_025_060_A_170_2005_DHDH_A_20260712T095120_20260712T095154_P05023_N_F_J_001,GSLC,ASCENDING,60,5003,170,2026-07-12T09:51:20Z,2026-07-12T09:51:54Z,NISAR_L2_PR_GSLC_025_060_A_170_2005_DHDH_A_20260712T095120_20260712T095154_P05023_N_F_J_001
feature_0_part_1_split_1,0,NISAR,NISAR,NISAR_L2_PR_GSLC_025_060_A_171_2005_DHDH_A_20260712T095153_20260712T095228_P05023_N_F_J_001,GSLC,ASCENDING,60,5003,171,2026-07-12T09:51:53Z,2026-07-12T09:52:28Z,NISAR_L2_PR_GSLC_025_060_A_171_2005_DHDH_A_20260712T095153_20260712T095228_P05023_N_F_J_001
feature_0_part_1_split_1,0,NISAR,NISAR,NISAR_L2_PR_GSLC_025_060_A_172_2005_DHDH_A_20260712T095227_20260712T095301_P05023_N_F_J_001,GSLC,ASCENDING,60,5003,172,2026-07-12T09:52:27Z,2026-07-12T09:53:01Z,NISAR_L2_PR_GSLC_025_060_A_172_2005_DHDH_A_20260712T095227_20260712T095301_P05023_N_F_J_001
feature_0_part_1_split_1,0,NISAR,NISAR,NISAR_L2_PR_GSLC_025_074_A_165_4005_DHDH_A_20260713T090655_20260713T090729_P05023_N_F_J_001,GSLC,ASCENDING,74,5017,165,2026-07-13T09:06:55Z,2026-07-13T09:07:29Z,NISAR_L2_PR_GSLC_025_074_A_165_4005_DHDH_A_20260713T090655_20260713T090729_P05023_N_F_J_001
feature_0_part_1_split_1,0,NISAR,NISAR,NISAR_L2_PR_GSLC_025_074_A_166_4005_DHDH_A_20260713T090728_20260713T090803_P05023_N_F_J_001,GSLC,ASCENDING,74,5017,166,2026-07-13T09:07:28Z,2026-07-13T09:08:03Z,NISAR_L2_PR_GSLC_025_074_A_166_4005_DHDH_A_20260713T090728_20260713T090803_P05023_N_F_J_001
feature_0_part_1_split_1,0,NISAR,NISAR,NISAR_L2_PR_GSLC_025_074_A_167_4005_DHDH_A_20260713T090802_20260713T090836_P05023_N_F_J_001,GSLC,ASCENDING,74,5017,167,2026-07-13T09:08:02Z,2026-07-13T09:08:36Z,NISAR_L2_PR_GSLC_025_074_A_167_4005_DHDH_A_20260713T090802_20260713T090836_P05023_N_F_J_001
feature_0_part_1_split_1,0,NISAR,NISAR,NISAR_L2_PR_GSLC_025_074_A_168_2005_DHDH_M_20260713T090835_20260713T090910_P05023_N_F_J_001,GSLC,ASCENDING,74,5017,168,2026-07-13T09:08:35Z,2026-07-13T09:09:10Z,NISAR_L2_PR_GSLC_025_074_A_168_2005_DHDH_M_20260713T090835_20260713T090910_P05023_N_F_J_001
feature_0_part_1_split_1,0,NISAR,NISAR,NISAR_L2_PR_GSLC_025_074_A_168_4005_DHDH_A_20260713T090835_20260713T090844_P05023_N_P_J_001,GSLC,ASCENDING,74,5017,168,2026-07-13T09:08:35Z,2026-07-13T09:08:44Z,NISAR_L2_PR_GSLC_025_074_A_168_4005_DHDH_A_20260713T090835_20260713T090844_P05023_N_P_J_001
feature_0_part_1_split_1,0,NISAR,NISAR,NISAR_L2_PR_GSLC_025_074_A_169_4005_DHDH_A_20260713T090907_20260713T090944_P05023_N_F_J_001,GSLC,ASCENDING,74,5017,169,2026-07-13T09:09:07Z,2026-07-13T09:09:44Z,NISAR_L2_PR_GSLC_025_074_A_169_4005_DHDH_A_20260713T090907_20260713T090944_P05023_N_F_J_001
feature_0_part_1_split_1,0,NISAR,NISAR,NISAR_L2_PR_GSLC_025_074_A_170_2005_DHDH_M_20260713T090943_20260713T091017_P05023_N_F_J_001,GSLC,ASCENDING,74,5017,170,2026-07-13T09:09:43Z,2026-07-13T09:10:17Z,NISAR_L2_PR_GSLC_025_074_A_170_2005_DHDH_M_20260713T090943_20260713T091017_P05023_N_F_J_001
feature_0_part_1_split_1,0,NISAR,NISAR,NISAR_L2_PR_GSLC_025_074_A_170_4005_DHDH_A_20260713T090943_20260713T090957_P05023_N_P_J_001,GSLC,ASCENDING,74,5017,170,2026-07-13T09:09:43Z,2026-07-13T09:09:57Z,NISAR_L2_PR_GSLC_025_074_A_170_4005_DHDH_A_20260713T090943_20260713T090957_P05023_N_P_J_001
feature_0_part_1_split_1,0,NISAR,NISAR,NISAR_L2_PR_GSLC_025_074_A_171_2005_DHDH_A_20260713T091016_20260713T091051_P05023_N_F_J_001,GSLC,ASCENDING,74,5017,171,2026-07-13T09:10:16Z,2026-07-13T09:10:51Z,NISAR_L2_PR_GSLC_025_074_A_171_2005_DHDH_A_20260713T091016_20260713T091051_P05023_N_F_J_001
feature_0_part_1_split_1,0,NISAR,NISAR,NISAR_L2_PR_GSLC_025_074_A_172_2005_DHDH_A_20260713T091050_20260713T091124_P05023_N_F_J_001,GSLC,ASCENDING,74,5017,172,2026-07-13T09:10:50Z,2026-07-13T09:11:24Z,NISAR_L2_PR_GSLC_025_074_A_172_2005_DHDH_A_20260713T091050_20260713T091124_P05023_N_F_J_001
feature_0_part_1_split_1,0,NISAR,NISAR,NISAR_L2_PR_GSLC_025_074_A_173_2005_DHDH_A_20260713T091123_20260713T091158_P05023_N_F_J_001,GSLC,ASCENDING,74,5017,173,2026-07-13T09:11:23Z,2026-07-13T09:11:58Z,NISAR_L2_PR_GSLC_025_074_A_173_2005_DHDH_A_20260713T091123_20260713T091158_P05023_N_F_J_001
feature_0_part_1_split_1,0,NISAR,NISAR,NISAR_L2_PR_GSLC_025_082_D_094_2005_DHDH_A_20260713T214528_20260713T214602_P05023_N_F_J_001,GSLC,DESCENDING,82,5025,94,2026-07-13T21:45:28Z,2026-07-13T21:46:02Z,NISAR_L2_PR_GSLC_025_082_D_094_2005_DHDH_A_20260713T214528_20260713T214602_P05023_N_F_J_001
feature_0_part_1_split_1,0,NISAR,NISAR,NISAR_L2_PR_GSLC_025_082_D_095_2005_DHDH_A_20260713T214601_20260713T214636_P05023_N_F_J_001,GSLC,DESCENDING,82,5025,95,2026-07-13T21:46:01Z,2026-07-13T21:46:36Z,NISAR_L2_PR_GSLC_025_082_D_095_2005_DHDH_A_20260713T214601_20260713T214636_P05023_N_F_J_001
feature_0_part_1_split_1,0,NISAR,NISAR,NISAR_L2_PR_GSLC_025_082_D_096_2005_DHDH_A_20260713T214635_20260713T214709_P05023_N_F_J_001,GSLC,DESCENDING,82,5025,96,2026-07-13T21:46:35Z,2026-07-13T21:47:09Z,NISAR_L2_PR_GSLC_025_082_D_096_2005_DHDH_A_20260713T214635_20260713T214709_P05023_N_F_J_001
feature_0_part_1_split_1,0,NISAR,NISAR,NISAR_L2_PR_GSLC_025_082_D_097_2005_DHDH_A_20260713T214708_20260713T214743_P05023_N_F_J_001,GSLC,DESCENDING,82,5025,97,2026-07-13T21:47:08Z,2026-07-13T21:47:43Z,NISAR_L2_PR_GSLC_025_082_D_097_2005_DHDH_A_20260713T214708_20260713T214743_P05023_N_F_J_001
feature_0_part_1_split_1,0,NISAR,NISAR,NISAR_L2_PR_GSLC_025_082_D_098_2005_DHDH_M_20260713T214742_20260713T214816_P05023_N_F_J_001,GSLC,DESCENDING,82,5025,98,2026-07-13T21:47:42Z,2026-07-13T21:48:16Z,NISAR_L2_PR_GSLC_025_082_D_098_2005_DHDH_M_20260713T214742_20260713T214816_P05023_N_F_J_001
feature_0_part_1_split_1,0,NISAR,NISAR,NISAR_L2_PR_GSLC_025_082_D_098_4005_DHDH_A_20260713T214809_20260713T214816_P05023_N_P_J_001,GSLC,DESCENDING,82,5025,98,2026-07-13T21:48:09Z,2026-07-13T21:48:16Z,NISAR_L2_PR_GSLC_025_082_D_098_4005_DHDH_A_20260713T214809_20260713T214816_P05023_N_P_J_001
feature_0_part_1_split_1,0,NISAR,NISAR,NISAR_L2_PR_GSLC_025_082_D_099_4005_DHDH_A_20260713T214815_20260713T214854_P05023_N_F_J_001,GSLC,DESCENDING,82,5025,99,2026-07-13T21:48:15Z,2026-07-13T21:48:54Z,NISAR_L2_PR_GSLC_025_082_D_099_4005_DHDH_A_20260713T214815_20260713T214854_P05023_N_F_J_001
feature_0_part_1_split_1,0,NISAR,NISAR,NISAR_L2_PR_GSLC_025_082_D_100_2005_DHDH_M_20260713T214849_20260713T214923_P05023_N_F_J_001,GSLC,DESCENDING,82,5025,100,2026-07-13T21:48:49Z,2026-07-13T21:49:23Z,NISAR_L2_PR_GSLC_025_082_D_100_2005_DHDH_M_20260713T214849_20260713T214923_P05023_N_F_J_001
feature_0_part_1_split_1,0,NISAR,NISAR,NISAR_L2_PR_GSLC_025_082_D_100_4005_DHDH_A_20260713T214849_20260713T214854_P05023_N_P_J_001,GSLC,DESCENDING,82,5025,100,2026-07-13T21:48:49Z,2026-07-13T21:48:54Z,NISAR_L2_PR_GSLC_025_082_D_100_4005_DHDH_A_20260713T214849_20260713T214854_P05023_N_P_J_001
feature_0_part_1_split_1,0,NISAR,NISAR,NISAR_L2_PR_GSLC_025_082_D_101_2005_DHDH_A_20260713T214922_20260713T214957_P05023_N_F_J_001,GSLC,DESCENDING,82,5025,101,2026-07-13T21:49:22Z,2026-07-13T21:49:57Z,NISAR_L2_PR_GSLC_025_082_D_101_2005_DHDH_A_20260713T214922_20260713T214957_P05023_N_F_J_001
feature_0_part_1_split_1,0,NISAR,NISAR,NISAR_L2_PR_GSLC_025_088_A_174_2005_DHDH_A_20260714T083019_20260714T083054_P05023_F_F_J_001,GSLC,ASCENDING,88,5031,174,2026-07-14T08:30:19Z,2026-07-14T08:30:54Z,NISAR_L2_PR_GSLC_025_088_A_174_2005_DHDH_A_20260714T083019_20260714T083054_P05023_F_F_J_001
feature_0_part_1_split_1,0,NISAR,NISAR,NISAR_L2_PR_GSLC_025_088_A_175_2005_DHDH_A_20260714T083053_20260714T083127_P05023_F_F_J_001,GSLC,ASCENDING,88,5031,175,2026-07-14T08:30:53Z,2026-07-14T08:31:27Z,NISAR_L2_PR_GSLC_025_088_A_175_2005_DHDH_A_20260714T083053_20260714T083127_P05023_F_F_J_001
feature_0_part_1_split_1,0,NISAR,NISAR,NISAR_L2_PR_GSLC_025_088_A_176_2005_DHDH_A_20260714T083126_20260714T083202_P05023_F_F_J_001,GSLC,ASCENDING,88,5031,176,2026-07-14T08:31:26Z,2026-07-14T08:32:02Z,NISAR_L2_PR_GSLC_025_088_A_176_2005_DHDH_A_20260714T083126_20260714T083202_P05023_F_F_J_001
feature_0_part_1_split_1,0,NISAR,NISAR,NISAR_L2_PR_GSLC_025_096_D_090_2005_DHDH_A_20260714T210145_20260714T210211_P05023_F_F_J_001,GSLC,DESCENDING,96,5039,90,2026-07-14T21:01:45Z,2026-07-14T21:02:11Z,NISAR_L2_PR_GSLC_025_096_D_090_2005_DHDH_A_20260714T210145_20260714T210211_P05023_F_F_J_001
feature_0_part_1_split_1,0,NISAR,NISAR,NISAR_L2_PR_GSLC_025_096_D_091_2005_DHDH_A_20260714T210210_20260714T210245_P05023_F_F_J_001,GSLC,DESCENDING,96,5039,91,2026-07-14T21:02:10Z,2026-07-14T21:02:45Z,NISAR_L2_PR_GSLC_025_096_D_091_2005_DHDH_A_20260714T210210_20260714T210245_P05023_F_F_J_001
feature_0_part_1_split_1,0,NISAR,NISAR,NISAR_L2_PR_GSLC_025_096_D_092_2005_DHDH_A_20260714T210244_20260714T210318_P05023_F_F_J_001,GSLC,DESCENDING,96,5039,92,2026-07-14T21:02:44Z,2026-07-14T21:03:18Z,NISAR_L2_PR_GSLC_025_096_D_092_2005_DHDH_A_20260714T210244_20260714T210318_P05023_F_F_J_001
feature_0_part_1_split_1,0,NISAR,NISAR,NISAR_L2_PR_GSLC_025_096_D_095_2005_DHDH_A_20260714T210424_20260714T210459_P05023_F_F_J_001,GSLC,DESCENDING,96,5039,95,2026-07-14T21:04:24Z,2026-07-14T21:04:59Z,NISAR_L2_PR_GSLC_025_096_D_095_2005_DHDH_A_20260714T210424_20260714T210459_P05023_F_F_J_001
feature_0_part_1_split_1,0,NISAR,NISAR,NISAR_L2_PR_GSLC_025_096_D_096_2005_DHDH_A_20260714T210458_20260714T210532_P05023_F_F_J_001,GSLC,DESCENDING,96,5039,96,2026-07-14T21:04:58Z,2026-07-14T21:05:32Z,NISAR_L2_PR_GSLC_025_096_D_096_2005_DHDH_A_20260714T210458_20260714T210532_P05023_F_F_J_001
feature_0_part_1_split_1,0,NISAR,NISAR,NISAR_L2_PR_GSLC_025_096_D_097_2005_DHDH_M_20260714T210531_20260714T210606_P05023_F_F_J_001,GSLC,DESCENDING,96,5039,97,2026-07-14T21:05:31Z,2026-07-14T21:06:06Z,NISAR_L2_PR_GSLC_025_096_D_097_2005_DHDH_M_20260714T210531_20260714T210606_P05023_F_F_J_001
feature_0_part_1_split_1,0,NISAR,NISAR,NISAR_L2_PR_GSLC_025_096_D_098_4005_DHDH_A_20260714T210605_20260714T210639_P05023_F_F_J_001,GSLC,DESCENDING,96,5039,98,2026-07-14T21:06:05Z,2026-07-14T21:06:39Z,NISAR_L2_PR_GSLC_025_096_D_098_4005_DHDH_A_20260714T210605_20260714T210639_P05023_F_F_J_001
feature_0_part_1_split_1,0,NISAR,NISAR,NISAR_L2_PR_GSLC_025_096_D_099_4005_DHDH_A_20260714T210640_20260714T210713_P05023_F_F_J_001,GSLC,DESCENDING,96,5039,99,2026-07-14T21:06:40Z,2026-07-14T21:07:13Z,NISAR_L2_PR_GSLC_025_096_D_099_4005_DHDH_A_20260714T210640_20260714T210713_P05023_F_F_J_001
feature_0_part_1_split_1,0,NISAR,NISAR,NISAR_L2_PR_GSLC_025_103_A_166_2005_DHDH_A_20260715T092407_20260715T092442_P05023_N_F_J_001,GSLC,ASCENDING,103,5046,166,2026-07-15T09:24:07Z,2026-07-15T09:24:42Z,NISAR_L2_PR_GSLC_025_103_A_166_2005_DHDH_A_20260715T092407_20260715T092442_P05023_N_F_J_001
feature_0_part_1_split_1,0,NISAR,NISAR,NISAR_L2_PR_GSLC_025_103_A_167_2005_DHDH_A_20260715T092441_20260715T092515_P05023_N_F_J_001,GSLC,ASCENDING,103,5046,167,2026-07-15T09:24:41Z,2026-07-15T09:25:15Z,NISAR_L2_PR_GSLC_025_103_A_167_2005_DHDH_A_20260715T092441_20260715T092515_P05023_N_F_J_001
feature_0_part_1_split_1,0,NISAR,NISAR,NISAR_L2_PR_GSLC_025_103_A_168_2005_DHDH_A_20260715T092514_20260715T092549_P05023_N_F_J_001,GSLC,ASCENDING,103,5046,168,2026-07-15T09:25:14Z,2026-07-15T09:25:49Z,NISAR_L2_PR_GSLC_025_103_A_168_2005_DHDH_A_20260715T092514_20260715T092549_P05023_N_F_J_001
feature_0_part_1_split_1,0,NISAR,NISAR,NISAR_L2_PR_GSLC_025_103_A_169_2005_DHDH_A_20260715T092548_20260715T092622_P05023_N_F_J_001,GSLC,ASCENDING,103,5046,169,2026-07-15T09:25:48Z,2026-07-15T09:26:22Z,NISAR_L2_PR_GSLC_025_103_A_169_2005_DHDH_A_20260715T092548_20260715T092622_P05023_N_F_J_001
feature_0_part_1_split_1,0,NISAR,NISAR,NISAR_L2_PR_GSLC_025_103_A_170_2005_DHDH_A_20260715T092621_20260715T092656_P05023_N_F_J_001,GSLC,ASCENDING,103,5046,170,2026-07-15T09:26:21Z,2026-07-15T09:26:56Z,NISAR_L2_PR_GSLC_025_103_A_170_2005_DHDH_A_20260715T092621_20260715T092656_P05023_N_F_J_001
feature_0_part_1_split_1,0,NISAR,NISAR,NISAR_L2_PR_GSLC_025_103_A_171_2005_DHDH_A_20260715T092655_20260715T092729_P05023_N_F_J_001,GSLC,ASCENDING,103,5046,171,2026-07-15T09:26:55Z,2026-07-15T09:27:29Z,NISAR_L2_PR_GSLC_025_103_A_171_2005_DHDH_A_20260715T092655_20260715T092729_P05023_N_F_J_001
feature_0_part_1_split_1,0,NISAR,NISAR,NISAR_L2_PR_GSLC_025_103_A_172_2005_DHDH_A_20260715T092728_20260715T092803_P05023_N_F_J_001,GSLC,ASCENDING,103,5046,172,2026-07-15T09:27:28Z,2026-07-15T09:28:03Z,NISAR_L2_PR_GSLC_025_103_A_172_2005_DHDH_A_20260715T092728_20260715T092803_P05023_N_F_J_001
feature_0_part_1_split_1,0,NISAR,NISAR,NISAR_L2_PR_GSLC_025_111_D_094_2005_DHDH_A_20260715T220207_20260715T220241_P05023_N_F_J_001,GSLC,DESCENDING,111,5054,94,2026-07-15T22:02:07Z,2026-07-15T22:02:41Z,NISAR_L2_PR_GSLC_025_111_D_094_2005_DHDH_A_20260715T220207_20260715T220241_P05023_N_F_J_001
feature_0_part_1_split_1,0,NISAR,NISAR,NISAR_L2_PR_GSLC_025_111_D_095_2005_DHDH_A_20260715T220240_20260715T220315_P05023_N_F_J_001,GSLC,DESCENDING,111,5054,95,2026-07-15T22:02:40Z,2026-07-15T22:03:15Z,NISAR_L2_PR_GSLC_025_111_D_095_2005_DHDH_A_20260715T220240_20260715T220315_P05023_N_F_J_001
feature_0_part_1_split_1,0,NISAR,NISAR,NISAR_L2_PR_GSLC_025_111_D_096_2005_DHDH_A_20260715T220314_20260715T220348_P05023_N_F_J_001,GSLC,DESCENDING,111,5054,96,2026-07-15T22:03:14Z,2026-07-15T22:03:48Z,NISAR_L2_PR_GSLC_025_111_D_096_2005_DHDH_A_20260715T220314_20260715T220348_P05023_N_F_J_001
feature_0_part_1_split_1,0,NISAR,NISAR,NISAR_L2_PR_GSLC_025_111_D_097_2005_DHDH_A_20260715T220347_20260715T220422_P05023_N_F_J_001,GSLC,DESCENDING,111,5054,97,2026-07-15T22:03:47Z,2026-07-15T22:04:22Z,NISAR_L2_PR_GSLC_025_111_D_097_2005_DHDH_A_20260715T220347_20260715T220422_P05023_N_F_J_001
feature_0_part_1_split_1,0,NISAR,NISAR,NISAR_L2_PR_GSLC_025_111_D_098_2005_DHDH_A_20260715T220421_20260715T220455_P05023_N_F_J_001,GSLC,DESCENDING,111,5054,98,2026-07-15T22:04:21Z,2026-07-15T22:04:55Z,NISAR_L2_PR_GSLC_025_111_D_098_2005_DHDH_A_20260715T220421_20260715T220455_P05023_N_F_J_001
feature_0_part_1_split_1,0,NISAR,NISAR,NISAR_L2_PR_GSLC_025_111_D_099_2005_DHDH_A_20260715T220454_20260715T220529_P05023_N_F_J_001,GSLC,DESCENDING,111,5054,99,2026-07-15T22:04:54Z,2026-07-15T22:05:29Z,NISAR_L2_PR_GSLC_025_111_D_099_2005_DHDH_A_20260715T220454_20260715T220529_P05023_N_F_J_001
feature_0_part_1_split_1,0,NISAR,NISAR,NISAR_L2_PR_GSLC_025_117_A_168_4005_DHDH_A_20260716T084339_20260716T084412_P05023_N_F_J_001,GSLC,ASCENDING,117,5060,168,2026-07-16T08:43:39Z,2026-07-16T08:44:12Z,NISAR_L2_PR_GSLC_025_117_A_168_4005_DHDH_A_20260716T084339_20260716T084412_P05023_N_F_J_001
feature_0_part_1_split_1,0,NISAR,NISAR,NISAR_L2_PR_GSLC_025_117_A_169_2005_DHDH_M_20260716T084411_20260716T084445_P05023_N_F_J_001,GSLC,ASCENDING,117,5060,169,2026-07-16T08:44:11Z,2026-07-16T08:44:45Z,NISAR_L2_PR_GSLC_025_117_A_169_2005_DHDH_M_20260716T084411_20260716T084445_P05023_N_F_J_001
feature_0_part_1_split_1,0,NISAR,NISAR,NISAR_L2_PR_GSLC_025_117_A_169_4005_DHDH_A_20260716T084411_20260716T084417_P05023_N_P_J_001,GSLC,ASCENDING,117,5060,169,2026-07-16T08:44:11Z,2026-07-16T08:44:17Z,NISAR_L2_PR_GSLC_025_117_A_169_4005_DHDH_A_20260716T084411_20260716T084417_P05023_N_P_J_001
feature_0_part_1_split_1,0,NISAR,NISAR,NISAR_L2_PR_GSLC_025_117_A_170_2005_DHDH_A_20260716T084444_20260716T084519_P05023_N_F_J_001,GSLC,ASCENDING,117,5060,170,2026-07-16T08:44:44Z,2026-07-16T08:45:19Z,NISAR_L2_PR_GSLC_025_117_A_170_2005_DHDH_A_20260716T084444_20260716T084519_P05023_N_F_J_001
feature_0_part_1_split_1,0,NISAR,NISAR,NISAR_L2_PR_GSLC_025_117_A_171_2005_DHDH_A_20260716T084518_20260716T084552_P05023_N_F_J_001,GSLC,ASCENDING,117,5060,171,2026-07-16T08:45:18Z,2026-07-16T08:45:52Z,NISAR_L2_PR_GSLC_025_117_A_171_2005_DHDH_A_20260716T084518_20260716T084552_P05023_N_F_J_001
feature_0_part_1_split_1,0,NISAR,NISAR,NISAR_L2_PR_GSLC_025_117_A_172_2005_DHDH_A_20260716T084551_20260716T084626_P05023_N_F_J_001,GSLC,ASCENDING,117,5060,172,2026-07-16T08:45:51Z,2026-07-16T08:46:26Z,NISAR_L2_PR_GSLC_025_117_A_172_2005_DHDH_A_20260716T084551_20260716T084626_P05023_N_F_J_001
feature_0_part_1_split_1,0,NISAR,NISAR,NISAR_L2_PR_GSLC_025_117_A_173_2005_DHDH_A_20260716T084625_20260716T084659_P05023_N_F_J_001,GSLC,ASCENDING,117,5060,173,2026-07-16T08:46:25Z,2026-07-16T08:46:59Z,NISAR_L2_PR_GSLC_025_117_A_173_2005_DHDH_A_20260716T084625_20260716T084659_P05023_N_F_J_001
feature_0_part_1_split_1,0,NISAR,NISAR,NISAR_L2_PR_GSLC_025_117_A_174_2005_DHDH_A_20260716T084658_20260716T084733_P05023_N_F_J_001,GSLC,ASCENDING,117,5060,174,2026-07-16T08:46:58Z,2026-07-16T08:47:33Z,NISAR_L2_PR_GSLC_025_117_A_174_2005_DHDH_A_20260716T084658_20260716T084733_P05023_N_F_J_001
feature_0_part_1_split_1,0,NISAR,NISAR,NISAR_L2_PR_GSLC_025_117_A_175_2005_DHDH_A_20260716T084732_20260716T084806_P05023_N_F_J_001,GSLC,ASCENDING,117,5060,175,2026-07-16T08:47:32Z,2026-07-16T08:48:06Z,NISAR_L2_PR_GSLC_025_117_A_175_2005_DHDH_A_20260716T084732_20260716T084806_P05023_N_F_J_001
feature_0_part_1_split_1,0,NISAR,NISAR,NISAR_L2_PR_GSLC_025_125_D_089_2005_SHSH_M_20260716T211757_20260716T211817_P05023_N_P_J_001,GSLC,DESCENDING,125,5068,89,2026-07-16T21:17:57Z,2026-07-16T21:18:17Z,NISAR_L2_PR_GSLC_025_125_D_089_2005_SHSH_M_20260716T211757_20260716T211817_P05023_N_P_J_001
feature_0_part_1_split_1,0,NISAR,NISAR,NISAR_L2_PR_GSLC_025_125_D_089_4005_DHDH_A_20260716T211809_20260716T211817_P05023_N_P_J_001,GSLC,DESCENDING,125,5068,89,2026-07-16T21:18:09Z,2026-07-16T21:18:17Z,NISAR_L2_PR_GSLC_025_125_D_089_4005_DHDH_A_20260716T211809_20260716T211817_P05023_N_P_J_001
feature_0_part_1_split_1,0,NISAR,NISAR,NISAR_L2_PR_GSLC_025_125_D_090_4005_DHDH_A_20260716T211816_20260716T211854_P05023_N_F_J_001,GSLC,DESCENDING,125,5068,90,2026-07-16T21:18:16Z,2026-07-16T21:18:54Z,NISAR_L2_PR_GSLC_025_125_D_090_4005_DHDH_A_20260716T211816_20260716T211854_P05023_N_F_J_001
feature_0_part_1_split_1,0,NISAR,NISAR,NISAR_L2_PR_GSLC_025_125_D_091_2005_SHSH_M_20260716T211849_20260716T211924_P05023_N_F_J_001,GSLC,DESCENDING,125,5068,91,2026-07-16T21:18:49Z,2026-07-16T21:19:24Z,NISAR_L2_PR_GSLC_025_125_D_091_2005_SHSH_M_20260716T211849_20260716T211924_P05023_N_F_J_001
feature_0_part_1_split_1,0,NISAR,NISAR,NISAR_L2_PR_GSLC_025_125_D_091_4005_DHDH_A_20260716T211849_20260716T211854_P05023_N_P_J_001,GSLC,DESCENDING,125,5068,91,2026-07-16T21:18:49Z,2026-07-16T21:18:54Z,NISAR_L2_PR_GSLC_025_125_D_091_4005_DHDH_A_20260716T211849_20260716T211854_P05023_N_P_J_001
feature_0_part_1_split_1,0,NISAR,NISAR,NISAR_L2_PR_GSLC_025_125_D_092_2005_SHSH_A_20260716T211923_20260716T211957_P05023_N_F_J_001,GSLC,DESCENDING,125,5068,92,2026-07-16T21:19:23Z,2026-07-16T21:19:57Z,NISAR_L2_PR_GSLC_025_125_D_092_2005_SHSH_A_20260716T211923_20260716T211957_P05023_N_F_J_001
feature_0_part_1_split_1,0,NISAR,NISAR,NISAR_L2_PR_GSLC_025_125_D_093_2005_SHSH_A_20260716T211956_20260716T212030_P05023_N_F_J_001,GSLC,DESCENDING,125,5068,93,2026-07-16T21:19:56Z,2026-07-16T21:20:30Z,NISAR_L2_PR_GSLC_025_125_D_093_2005_SHSH_A_20260716T211956_20260716T212030_P05023_N_F_J_001
feature_0_part_1_split_1,0,NISAR,NISAR,NISAR_L2_PR_GSLC_025_125_D_094_2005_SHSH_A_20260716T212029_20260716T212104_P05023_N_F_J_001,GSLC,DESCENDING,125,5068,94,2026-07-16T21:20:29Z,2026-07-16T21:21:04Z,NISAR_L2_PR_GSLC_025_125_D_094_2005_SHSH_A_20260716T212029_20260716T212104_P05023_N_F_J_001
feature_0_part_1_split_1,0,NISAR,NISAR,NISAR_L2_PR_GSLC_025_125_D_095_2005_SHSH_A_20260716T212103_20260716T212137_P05023_N_F_J_001,GSLC,DESCENDING,125,5068,95,2026-07-16T21:21:03Z,2026-07-16T21:21:37Z,NISAR_L2_PR_GSLC_025_125_D_095_2005_SHSH_A_20260716T212103_20260716T212137_P05023_N_F_J_001
feature_0_part_1_split_1,0,NISAR,NISAR,NISAR_L2_PR_GSLC_025_125_D_096_2005_SHSH_A_20260716T212136_20260716T212211_P05023_N_F_J_001,GSLC,DESCENDING,125,5068,96,2026-07-16T21:21:36Z,2026-07-16T21:22:11Z,NISAR_L2_PR_GSLC_025_125_D_096_2005_SHSH_A_20260716T212136_20260716T212211_P05023_N_F_J_001
feature_0_part_1_split_1,0,NISAR,NISAR,NISAR_L2_PR_GSLC_025_125_D_097_2005_SHSH_A_20260716T212210_20260716T212244_P05023_N_F_J_001,GSLC,DESCENDING,125,5068,97,2026-07-16T21:22:10Z,2026-07-16T21:22:44Z,NISAR_L2_PR_GSLC_025_125_D_097_2005_SHSH_A_20260716T212210_20260716T212244_P05023_N_F_J_001
feature_0_part_1_split_1,0,NISAR,NISAR,NISAR_L2_PR_GSLC_025_125_D_098_2005_SHSH_M_20260716T212243_20260716T212318_P05023_N_F_J_001,GSLC,DESCENDING,125,5068,98,2026-07-16T21:22:43Z,2026-07-16T21:23:18Z,NISAR_L2_PR_GSLC_025_125_D_098_2005_SHSH_M_20260716T212243_20260716T212318_P05023_N_F_J_001
feature_0_part_1_split_1,0,NISAR,NISAR,NISAR_L2_PR_GSLC_025_125_D_098_4005_DHDH_A_20260716T212313_20260716T212318_P05023_N_P_J_001,GSLC,DESCENDING,125,5068,98,2026-07-16T21:23:13Z,2026-07-16T21:23:18Z,NISAR_L2_PR_GSLC_025_125_D_098_4005_DHDH_A_20260716T212313_20260716T212318_P05023_N_P_J_001
feature_0_part_1_split_1,0,NISAR,NISAR,NISAR_L2_PR_GSLC_025_125_D_099_4005_DHDH_A_20260716T212317_20260716T212356_P05023_N_F_J_001,GSLC,DESCENDING,125,5068,99,2026-07-16T21:23:17Z,2026-07-16T21:23:56Z,NISAR_L2_PR_GSLC_025_125_D_099_4005_DHDH_A_20260716T212317_20260716T212356_P05023_N_F_J_001
feature_0_part_1_split_1,0,NISAR,NISAR,NISAR_L2_PR_GSLC_025_125_D_100_4005_DHDH_A_20260716T212351_20260716T212425_P05023_N_F_J_001,GSLC,DESCENDING,125,5068,100,2026-07-16T21:23:51Z,2026-07-16T21:24:25Z,NISAR_L2_PR_GSLC_025_125_D_100_4005_DHDH_A_20260716T212351_20260716T212425_P05023_N_F_J_001
feature_0_part_1_split_1,0,NISAR,NISAR,NISAR_L2_PR_GSLC_025_125_D_101_4005_DHDH_A_20260716T212424_20260716T212459_P05023_N_F_J_001,GSLC,DESCENDING,125,5068,101,2026-07-16T21:24:24Z,2026-07-16T21:24:59Z,NISAR_L2_PR_GSLC_025_125_D_101_4005_DHDH_A_20260716T212424_20260716T212459_P05023_N_F_J_001
feature_0_part_1_split_1,0,NISAR,NISAR,NISAR_L2_PR_GSLC_025_132_A_165_2005_DHDH_A_20260717T094012_20260717T094047_P05023_N_F_J_001,GSLC,ASCENDING,132,5075,165,2026-07-17T09:40:12Z,2026-07-17T09:40:47Z,NISAR_L2_PR_GSLC_025_132_A_165_2005_DHDH_A_20260717T094012_20260717T094047_P05023_N_F_J_001
feature_0_part_1_split_1,0,NISAR,NISAR,NISAR_L2_PR_GSLC_025_132_A_166_2005_DHDH_A_20260717T094046_20260717T094121_P05023_N_F_J_001,GSLC,ASCENDING,132,5075,166,2026-07-17T09:40:46Z,2026-07-17T09:41:21Z,NISAR_L2_PR_GSLC_025_132_A_166_2005_DHDH_A_20260717T094046_20260717T094121_P05023_N_F_J_001
feature_0_part_1_split_1,0,NISAR,NISAR,NISAR_L2_PR_GSLC_025_132_A_167_2005_DHDH_A_20260717T094120_20260717T094154_P05023_N_F_J_001,GSLC,ASCENDING,132,5075,167,2026-07-17T09:41:20Z,2026-07-17T09:41:54Z,NISAR_L2_PR_GSLC_025_132_A_167_2005_DHDH_A_20260717T094120_20260717T094154_P05023_N_F_J_001
feature_0_part_1_split_1,0,NISAR,NISAR,NISAR_L2_PR_GSLC_025_132_A_168_2005_DHDH_A_20260717T094153_20260717T094228_P05023_N_F_J_001,GSLC,ASCENDING,132,5075,168,2026-07-17T09:41:53Z,2026-07-17T09:42:28Z,NISAR_L2_PR_GSLC_025_132_A_168_2005_DHDH_A_20260717T094153_20260717T094228_P05023_N_F_J_001
feature_0_part_1_split_1,0,NISAR,NISAR,NISAR_L2_PR_GSLC_025_132_A_169_2005_DHDH_A_20260717T094227_20260717T094301_P05023_N_F_J_001,GSLC,ASCENDING,132,5075,169,2026-07-17T09:42:27Z,2026-07-17T09:43:01Z,NISAR_L2_PR_GSLC_025_132_A_169_2005_DHDH_A_20260717T094227_20260717T094301_P05023_N_F_J_001
feature_0_part_1_split_1,0,NISAR,NISAR,NISAR_L2_PR_GSLC_025_132_A_170_2005_DHDH_A_20260717T094300_20260717T094335_P05023_N_F_J_001,GSLC,ASCENDING,132,5075,170,2026-07-17T09:43:00Z,2026-07-17T09:43:35Z,NISAR_L2_PR_GSLC_025_132_A_170_2005_DHDH_A_20260717T094300_20260717T094335_P05023_N_F_J_001
feature_0_part_1_split_1,0,NISAR,NISAR,NISAR_L2_PR_GSLC_025_132_A_171_2005_DHDH_A_20260717T094334_20260717T094408_P05023_N_F_J_001,GSLC,ASCENDING,132,5075,171,2026-07-17T09:43:34Z,2026-07-17T09:44:08Z,NISAR_L2_PR_GSLC_025_132_A_171_2005_DHDH_A_20260717T094334_20260717T094408_P05023_N_F_J_001
feature_0_part_1_split_1,0,NISAR,NISAR,NISAR_L2_PR_GSLC_025_132_A_172_2005_DHDH_A_20260717T094407_20260717T094442_P05023_N_F_J_001,GSLC,ASCENDING,132,5075,172,2026-07-17T09:44:07Z,2026-07-17T09:44:42Z,NISAR_L2_PR_GSLC_025_132_A_172_2005_DHDH_A_20260717T094407_20260717T094442_P05023_N_F_J_001
feature_0_part_1_split_1,0,NISAR,NISAR,NISAR_L2_PR_GSLC_025_140_D_094_2005_SHSH_A_20260717T221845_20260717T221920_P05023_N_F_J_001,GSLC,DESCENDING,140,5083,94,2026-07-17T22:18:45Z,2026-07-17T22:19:20Z,NISAR_L2_PR_GSLC_025_140_D_094_2005_SHSH_A_20260717T221845_20260717T221920_P05023_N_F_J_001
feature_0_part_1_split_1,0,NISAR,NISAR,NISAR_L2_PR_GSLC_025_140_D_095_2005_SHSH_A_20260717T221919_20260717T221953_P05023_N_F_J_001,GSLC,DESCENDING,140,5083,95,2026-07-17T22:19:19Z,2026-07-17T22:19:53Z,NISAR_L2_PR_GSLC_025_140_D_095_2005_SHSH_A_20260717T221919_20260717T221953_P05023_N_F_J_001
feature_0_part_1_split_1,0,NISAR,NISAR,NISAR_L2_PR_GSLC_025_146_A_166_4005_DHDH_A_20260718T085909_20260718T085943_P05023_N_F_J_001,GSLC,ASCENDING,146,5089,166,2026-07-18T08:59:09Z,2026-07-18T08:59:43Z,NISAR_L2_PR_GSLC_025_146_A_166_4005_DHDH_A_20260718T085909_20260718T085943_P05023_N_F_J_001
feature_0_part_1_split_1,0,NISAR,NISAR,NISAR_L2_PR_GSLC_025_146_A_167_4005_DHDH_A_20260718T085942_20260718T090017_P05023_N_F_J_001,GSLC,ASCENDING,146,5089,167,2026-07-18T08:59:42Z,2026-07-18T09:00:17Z,NISAR_L2_PR_GSLC_025_146_A_167_4005_DHDH_A_20260718T085942_20260718T090017_P05023_N_F_J_001
feature_0_part_1_split_1,0,NISAR,NISAR,NISAR_L2_PR_GSLC_025_146_A_168_2005_DHDH_M_20260718T090016_20260718T090051_P05023_N_F_J_001,GSLC,ASCENDING,146,5089,168,2026-07-18T09:00:16Z,2026-07-18T09:00:51Z,NISAR_L2_PR_GSLC_025_146_A_168_2005_DHDH_M_20260718T090016_20260718T090051_P05023_N_F_J_001
feature_0_part_1_split_1,0,NISAR,NISAR,NISAR_L2_PR_GSLC_025_146_A_169_2005_DHDH_M_20260718T090050_20260718T090124_P05023_N_F_J_001,GSLC,ASCENDING,146,5089,169,2026-07-18T09:00:50Z,2026-07-18T09:01:24Z,NISAR_L2_PR_GSLC_025_146_A_169_2005_DHDH_M_20260718T090050_20260718T090124_P05023_N_F_J_001
feature_0_part_1_split_1,0,NISAR,NISAR,NISAR_L2_PR_GSLC_025_146_A_169_4005_DHDH_A_20260718T090117_20260718T090120_P05023_N_P_J_001,GSLC,ASCENDING,146,5089,169,2026-07-18T09:01:17Z,2026-07-18T09:01:20Z,NISAR_L2_PR_GSLC_025_146_A_169_4005_DHDH_A_20260718T090117_20260718T090120_P05023_N_P_J_001
feature_0_part_1_split_1,0,NISAR,NISAR,NISAR_L2_PR_GSLC_025_146_A_170_4005_DHDH_A_20260718T090125_20260718T090158_P05023_N_F_J_001,GSLC,ASCENDING,146,5089,170,2026-07-18T09:01:25Z,2026-07-18T09:01:58Z,NISAR_L2_PR_GSLC_025_146_A_170_4005_DHDH_A_20260718T090125_20260718T090158_P05023_N_F_J_001
feature_0_part_1_split_1,0,NISAR,NISAR,NISAR_L2_PR_GSLC_025_146_A_171_2005_DHDH_M_20260718T090157_20260718T090231_P05023_N_F_J_001,GSLC,ASCENDING,146,5089,171,2026-07-18T09:01:57Z,2026-07-18T09:02:31Z,NISAR_L2_PR_GSLC_025_146_A_171_2005_DHDH_M_20260718T090157_20260718T090231_P05023_N_F_J_001
feature_0_part_1_split_1,0,NISAR,NISAR,NISAR_L2_PR_GSLC_025_146_A_171_4005_DHDH_A_20260718T090157_20260718T090205_P05023_N_P_J_001,GSLC,ASCENDING,146,5089,171,2026-07-18T09:01:57Z,2026-07-18T09:02:05Z,NISAR_L2_PR_GSLC_025_146_A_171_4005_DHDH_A_20260718T090157_20260718T090205_P05023_N_P_J_001
feature_0_part_1_split_1,0,NISAR,NISAR,NISAR_L2_PR_GSLC_025_146_A_172_2005_DHDH_A_20260718T090230_20260718T090305_P05023_N_F_J_001,GSLC,ASCENDING,146,5089,172,2026-07-18T09:02:30Z,2026-07-18T09:03:05Z,NISAR_L2_PR_GSLC_025_146_A_172_2005_DHDH_A_20260718T090230_20260718T090305_P05023_N_F_J_001
feature_0_part_1_split_1,0,NISAR,NISAR,NISAR_L2_PR_GSLC_025_146_A_173_2005_DHDH_A_20260718T090304_20260718T090338_P05023_N_F_J_001,GSLC,ASCENDING,146,5089,173,2026-07-18T09:03:04Z,2026-07-18T09:03:38Z,NISAR_L2_PR_GSLC_025_146_A_173_2005_DHDH_A_20260718T090304_20260718T090338_P05023_N_F_J_001
feature_0_part_1_split_1,0,NISAR,NISAR,NISAR_L2_PR_GSLC_025_146_A_174_2005_DHDH_A_20260718T090337_20260718T090412_P05023_N_F_J_001,GSLC,ASCENDING,146,5089,174,2026-07-18T09:03:37Z,2026-07-18T09:04:12Z,NISAR_L2_PR_GSLC_025_146_A_174_2005_DHDH_A_20260718T090337_20260718T090412_P05023_N_F_J_001
feature_0_part_1_split_1,0,NISAR,NISAR,NISAR_L2_PR_GSLC_025_154_D_091_2005_SHSH_A_20260718T213528_20260718T213602_P05023_N_F_J_001,GSLC,DESCENDING,154,5097,91,2026-07-18T21:35:28Z,2026-07-18T21:36:02Z,NISAR_L2_PR_GSLC_025_154_D_091_2005_SHSH_A_20260718T213528_20260718T213602_P05023_N_F_J_001
feature_0_part_1_split_1,0,NISAR,NISAR,NISAR_L2_PR_GSLC_025_154_D_092_2005_SHSH_A_20260718T213601_20260718T213636_P05023_N_F_J_001,GSLC,DESCENDING,154,5097,92,2026-07-18T21:36:01Z,2026-07-18T21:36:36Z,NISAR_L2_PR_GSLC_025_154_D_092_2005_SHSH_A_20260718T213601_20260718T213636_P05023_N_F_J_001
feature_0_part_1_split_1,0,NISAR,NISAR,NISAR_L2_PR_GSLC_025_154_D_093_2005_SHSH_A_20260718T213635_20260718T213709_P05023_N_F_J_001,GSLC,DESCENDING,154,5097,93,2026-07-18T21:36:35Z,2026-07-18T21:37:09Z,NISAR_L2_PR_GSLC_025_154_D_093_2005_SHSH_A_20260718T213635_20260718T213709_P05023_N_F_J_001
feature_0_part_1_split_1,0,NISAR,NISAR,NISAR_L2_PR_GSLC_025_154_D_094_2005_SHSH_A_20260718T213708_20260718T213743_P05023_N_F_J_001,GSLC,DESCENDING,154,5097,94,2026-07-18T21:37:08Z,2026-07-18T21:37:43Z,NISAR_L2_PR_GSLC_025_154_D_094_2005_SHSH_A_20260718T213708_20260718T213743_P05023_N_F_J_001
feature_0_part_1_split_1,0,NISAR,NISAR,NISAR_L2_PR_GSLC_025_154_D_095_2005_SHSH_A_20260718T213742_20260718T213816_P05023_N_F_J_001,GSLC,DESCENDING,154,5097,95,2026-07-18T21:37:42Z,2026-07-18T21:38:16Z,NISAR_L2_PR_GSLC_025_154_D_095_2005_SHSH_A_20260718T213742_20260718T213816_P05023_N_F_J_001
feature_0_part_1_split_1,0,NISAR,NISAR,NISAR_L2_PR_GSLC_025_154_D_096_2005_SHSH_A_20260718T213815_20260718T213850_P05023_N_F_J_001,GSLC,DESCENDING,154,5097,96,2026-07-18T21:38:15Z,2026-07-18T21:38:50Z,NISAR_L2_PR_GSLC_025_154_D_096_2005_SHSH_A_20260718T213815_20260718T213850_P05023_N_F_J_001
feature_0_part_1_split_1,0,NISAR,NISAR,NISAR_L2_PR_GSLC_025_154_D_097_2005_SHSH_A_20260718T213849_20260718T213923_P05023_N_F_J_001,GSLC,DESCENDING,154,5097,97,2026-07-18T21:38:49Z,2026-07-18T21:39:23Z,NISAR_L2_PR_GSLC_025_154_D_097_2005_SHSH_A_20260718T213849_20260718T213923_P05023_N_F_J_001
feature_0_part_1_split_1,0,NISAR,NISAR,NISAR_L2_PR_GSLC_025_154_D_098_2005_SHSH_M_20260718T213922_20260718T213957_P05023_N_F_J_001,GSLC,DESCENDING,154,5097,98,2026-07-18T21:39:22Z,2026-07-18T21:39:57Z,NISAR_L2_PR_GSLC_025_154_D_098_2005_SHSH_M_20260718T213922_20260718T213957_P05023_N_F_J_001
feature_0_part_1_split_1,0,NISAR,NISAR,NISAR_L2_PR_GSLC_025_154_D_099_2005_DHDH_A_20260718T213957_20260718T214030_P05023_N_F_J_001,GSLC,DESCENDING,154,5097,99,2026-07-18T21:39:57Z,2026-07-18T21:40:30Z,NISAR_L2_PR_GSLC_025_154_D_099_2005_DHDH_A_20260718T213957_20260718T214030_P05023_N_F_J_001
feature_0_part_1_split_1,0,NISAR,NISAR,NISAR_L2_PR_GSLC_025_154_D_100_2005_DHDH_M_20260718T214029_20260718T214104_P05023_N_F_J_001,GSLC,DESCENDING,154,5097,100,2026-07-18T21:40:29Z,2026-07-18T21:41:04Z,NISAR_L2_PR_GSLC_025_154_D_100_2005_DHDH_M_20260718T214029_20260718T214104_P05023_N_F_J_001
feature_0_part_1_split_1,0,NISAR,NISAR,NISAR_L2_PR_GSLC_025_168_D_096_2005_SHSH_A_20260719T205638_20260719T205713_P05023_N_F_J_001,GSLC,DESCENDING,168,5111,96,2026-07-19T20:56:38Z,2026-07-19T20:57:13Z,NISAR_L2_PR_GSLC_025_168_D_096_2005_SHSH_A_20260719T205638_20260719T205713_P05023_N_F_J_001
feature_0_part_1_split_1,0,NISAR,NISAR,NISAR_L2_PR_GSLC_025_168_D_097_2005_SHSH_A_20260719T205712_20260719T205746_P05023_N_F_J_001,GSLC,DESCENDING,168,5111,97,2026-07-19T20:57:12Z,2026-07-19T20:57:46Z,NISAR_L2_PR_GSLC_025_168_D_097_2005_SHSH_A_20260719T205712_20260719T205746_P05023_N_F_J_001
feature_0_part_1_split_1,0,NISAR,NISAR,NISAR_L2_PR_GSLC_025_168_D_098_2005_SHSH_M_20260719T205745_20260719T205820_P05023_N_F_J_001,GSLC,DESCENDING,168,5111,98,2026-07-19T20:57:45Z,2026-07-19T20:58:20Z,NISAR_L2_PR_GSLC_025_168_D_098_2005_SHSH_M_20260719T205745_20260719T205820_P05023_N_F_J_001
feature_0_part_1_split_1,0,NISAR,NISAR,NISAR_L2_PR_GSLC_026_002_A_165_4005_DHDH_A_20260720T091513_20260720T091548_P05023_N_F_J_001,GSLC,ASCENDING,2,5118,165,2026-07-20T09:15:13Z,2026-07-20T09:15:48Z,NISAR_L2_PR_GSLC_026_002_A_165_4005_DHDH_A_20260720T091513_20260720T091548_P05023_N_F_J_001
feature_0_part_1_split_1,0,NISAR,NISAR,NISAR_L2_PR_GSLC_026_002_A_166_2005_DHDH_M_20260720T091547_20260720T091622_P05023_N_F_J_001,GSLC,ASCENDING,2,5118,166,2026-07-20T09:15:47Z,2026-07-20T09:16:22Z,NISAR_L2_PR_GSLC_026_002_A_166_2005_DHDH_M_20260720T091547_20260720T091622_P05023_N_F_J_001
feature_0_part_1_split_1,0,NISAR,NISAR,NISAR_L2_PR_GSLC_026_002_A_166_4005_DHDH_A_20260720T091547_20260720T091554_P05023_N_P_J_001,GSLC,ASCENDING,2,5118,166,2026-07-20T09:15:47Z,2026-07-20T09:15:54Z,NISAR_L2_PR_GSLC_026_002_A_166_4005_DHDH_A_20260720T091547_20260720T091554_P05023_N_P_J_001
feature_0_part_1_split_1,0,NISAR,NISAR,NISAR_L2_PR_GSLC_026_002_A_167_2005_DHDH_A_20260720T091621_20260720T091655_P05023_N_F_J_001,GSLC,ASCENDING,2,5118,167,2026-07-20T09:16:21Z,2026-07-20T09:16:55Z,NISAR_L2_PR_GSLC_026_002_A_167_2005_DHDH_A_20260720T091621_20260720T091655_P05023_N_F_J_001
feature_0_part_1_split_1,0,NISAR,NISAR,NISAR_L2_PR_GSLC_026_002_A_168_2005_DHDH_A_20260720T091654_20260720T091729_P05023_N_F_J_001,GSLC,ASCENDING,2,5118,168,2026-07-20T09:16:54Z,2026-07-20T09:17:29Z,NISAR_L2_PR_GSLC_026_002_A_168_2005_DHDH_A_20260720T091654_20260720T091729_P05023_N_F_J_001
feature_0_part_1_split_1,0,NISAR,NISAR,NISAR_L2_PR_GSLC_026_002_A_169_2005_DHDH_A_20260720T091728_20260720T091802_P05023_N_F_J_001,GSLC,ASCENDING,2,5118,169,2026-07-20T09:17:28Z,2026-07-20T09:18:02Z,NISAR_L2_PR_GSLC_026_002_A_169_2005_DHDH_A_20260720T091728_20260720T091802_P05023_N_F_J_001
feature_0_part_1_split_1,0,NISAR,NISAR,NISAR_L2_PR_GSLC_026_002_A_170_2005_DHDH_A_20260720T091801_20260720T091836_P05023_N_F_J_001,GSLC,ASCENDING,2,5118,170,2026-07-20T09:18:01Z,2026-07-20T09:18:36Z,NISAR_L2_PR_GSLC_026_002_A_170_2005_DHDH_A_20260720T091801_20260720T091836_P05023_N_F_J_001
feature_0_part_1_split_1,0,NISAR,NISAR,NISAR_L2_PR_GSLC_026_002_A_171_2005_DHDH_A_20260720T091835_20260720T091909_P05023_N_F_J_001,GSLC,ASCENDING,2,5118,171,2026-07-20T09:18:35Z,2026-07-20T09:19:09Z,NISAR_L2_PR_GSLC_026_002_A_171_2005_DHDH_A_20260720T091835_20260720T091909_P05023_N_F_J_001
feature_0_part_1_split_1,0,NISAR,NISAR,NISAR_L2_PR_GSLC_026_002_A_172_2005_DHDH_A_20260720T091908_20260720T091943_P05023_N_F_J_001,GSLC,ASCENDING,2,5118,172,2026-07-20T09:19:08Z,2026-07-20T09:19:43Z,NISAR_L2_PR_GSLC_026_002_A_172_2005_DHDH_A_20260720T091908_20260720T091943_P05023_N_F_J_001
feature_0_part_1_split_1,0,NISAR,NISAR,NISAR_L2_PR_GSLC_026_010_D_095_2005_SHSH_M_20260720T215420_20260720T215454_P05023_N_F_J_001,GSLC,DESCENDING,10,5126,95,2026-07-20T21:54:20Z,2026-07-20T21:54:54Z,NISAR_L2_PR_GSLC_026_010_D_095_2005_SHSH_M_20260720T215420_20260720T215454_P05023_N_F_J_001
feature_0_part_1_split_1,0,NISAR,NISAR,NISAR_L2_PR_GSLC_026_010_D_095_4005_DHDH_A_20260720T215449_20260720T215454_P05023_N_P_J_001,GSLC,DESCENDING,10,5126,95,2026-07-20T21:54:49Z,2026-07-20T21:54:54Z,NISAR_L2_PR_GSLC_026_010_D_095_4005_DHDH_A_20260720T215449_20260720T215454_P05023_N_P_J_001
feature_0_part_1_split_1,0,NISAR,NISAR,NISAR_L2_PR_GSLC_026_010_D_096_4005_DHDH_A_20260720T215453_20260720T215528_P05023_N_F_J_001,GSLC,DESCENDING,10,5126,96,2026-07-20T21:54:53Z,2026-07-20T21:55:28Z,NISAR_L2_PR_GSLC_026_010_D_096_4005_DHDH_A_20260720T215453_20260720T215528_P05023_N_F_J_001
feature_0_part_1_split_1,0,NISAR,NISAR,NISAR_L2_PR_GSLC_026_010_D_097_2005_SHSH_M_20260720T215527_20260720T215601_P05023_N_F_J_001,GSLC,DESCENDING,10,5126,97,2026-07-20T21:55:27Z,2026-07-20T21:56:01Z,NISAR_L2_PR_GSLC_026_010_D_097_2005_SHSH_M_20260720T215527_20260720T215601_P05023_N_F_J_001
feature_0_part_1_split_1,0,NISAR,NISAR,NISAR_L2_PR_GSLC_026_010_D_097_4005_DHDH_A_20260720T215527_20260720T215534_P05023_N_P_J_001,GSLC,DESCENDING,10,5126,97,2026-07-20T21:55:27Z,2026-07-20T21:55:34Z,NISAR_L2_PR_GSLC_026_010_D_097_4005_DHDH_A_20260720T215527_20260720T215534_P05023_N_P_J_001
feature_0_part_1_split_1,0,NISAR,NISAR,NISAR_L2_PR_GSLC_026_010_D_098_2005_SHSH_M_20260720T215600_20260720T215635_P05023_N_F_J_001,GSLC,DESCENDING,10,5126,98,2026-07-20T21:56:00Z,2026-07-20T21:56:35Z,NISAR_L2_PR_GSLC_026_010_D_098_2005_SHSH_M_20260720T215600_20260720T215635_P05023_N_F_J_001
feature_0_part_1_split_1,0,NISAR,NISAR,NISAR_L2_PR_GSLC_026_010_D_099_2005_DHDH_A_20260720T215637_20260720T215709_P05023_N_F_J_001,GSLC,DESCENDING,10,5126,99,2026-07-20T21:56:37Z,2026-07-20T21:57:09Z,NISAR_L2_PR_GSLC_026_010_D_099_2005_DHDH_A_20260720T215637_20260720T215709_P05023_N_F_J_001
feature_0_part_1_split_1,0,NISAR,NISAR,NISAR_L2_PR_GSLC_026_010_D_100_2005_DHDH_A_20260720T215708_20260720T215742_P05023_N_F_J_001,GSLC,DESCENDING,10,5126,100,2026-07-20T21:57:08Z,2026-07-20T21:57:42Z,NISAR_L2_PR_GSLC_026_010_D_100_2005_DHDH_A_20260720T215708_20260720T215742_P05023_N_F_J_001
feature_0_part_1_split_1,0,NISAR,NISAR,NISAR_L2_PR_GSLC_026_016_A_169_2005_DHDH_A_20260721T083551_20260721T083625_P05023_N_F_J_001,GSLC,ASCENDING,16,5132,169,2026-07-21T08:35:51Z,2026-07-21T08:36:25Z,NISAR_L2_PR_GSLC_026_016_A_169_2005_DHDH_A_20260721T083551_20260721T083625_P05023_N_F_J_001
feature_0_part_1_split_1,0,NISAR,NISAR,NISAR_L2_PR_GSLC_026_016_A_170_2005_DHDH_A_20260721T083624_20260721T083659_P05023_N_F_J_001,GSLC,ASCENDING,16,5132,170,2026-07-21T08:36:24Z,2026-07-21T08:36:59Z,NISAR_L2_PR_GSLC_026_016_A_170_2005_DHDH_A_20260721T083624_20260721T083659_P05023_N_F_J_001
feature_0_part_1_split_1,0,NISAR,NISAR,NISAR_L2_PR_GSLC_026_016_A_171_2005_DHDH_A_20260721T083658_20260721T083732_P05023_N_F_J_001,GSLC,ASCENDING,16,5132,171,2026-07-21T08:36:58Z,2026-07-21T08:37:32Z,NISAR_L2_PR_GSLC_026_016_A_171_2005_DHDH_A_20260721T083658_20260721T083732_P05023_N_F_J_001
feature_0_part_1_split_1,0,NISAR,NISAR,NISAR_L2_PR_GSLC_026_016_A_173_2005_DHDH_A_20260721T083805_20260721T083839_P05023_N_F_J_001,GSLC,ASCENDING,16,5132,173,2026-07-21T08:38:05Z,2026-07-21T08:38:39Z,NISAR_L2_PR_GSLC_026_016_A_173_2005_DHDH_A_20260721T083805_20260721T083839_P05023_N_F_J_001
feature_0_part_1_split_1,0,NISAR,NISAR,NISAR_L2_PR_GSLC_026_016_A_174_2005_DHDH_A_20260721T083838_20260721T083913_P05023_N_F_J_001,GSLC,ASCENDING,16,5132,174,2026-07-21T08:38:38Z,2026-07-21T08:39:13Z,NISAR_L2_PR_GSLC_026_016_A_174_2005_DHDH_A_20260721T083838_20260721T083913_P05023_N_F_J_001
feature_0_part_1_split_1,0,NISAR,NISAR,NISAR_L2_PR_GSLC_026_016_A_175_2005_DHDH_M_20260721T083912_20260721T083946_P05023_N_F_J_001,GSLC,ASCENDING,16,5132,175,2026-07-21T08:39:12Z,2026-07-21T08:39:46Z,NISAR_L2_PR_GSLC_026_016_A_175_2005_DHDH_M_20260721T083912_20260721T083946_P05023_N_F_J_001
feature_0_part_1_split_1,0,NISAR,NISAR,NISAR_L2_PR_GSLC_026_016_A_175_4005_DHDH_A_20260721T083941_20260721T083946_P05023_N_P_J_001,GSLC,ASCENDING,16,5132,175,2026-07-21T08:39:41Z,2026-07-21T08:39:46Z,NISAR_L2_PR_GSLC_026_016_A_175_4005_DHDH_A_20260721T083941_20260721T083946_P05023_N_P_J_001
feature_0_part_1_split_1,0,NISAR,NISAR,NISAR_L2_PR_GSLC_026_016_A_176_4005_DHDH_A_20260721T083945_20260721T084020_P05023_N_F_J_001,GSLC,ASCENDING,16,5132,176,2026-07-21T08:39:45Z,2026-07-21T08:40:20Z,NISAR_L2_PR_GSLC_026_016_A_176_4005_DHDH_A_20260721T083945_20260721T084020_P05023_N_F_J_001
feature_0_part_1_split_1,0,NISAR,NISAR,NISAR_L2_PR_GSLC_026_024_D_090_2005_SHSH_A_20260721T210955_20260721T211030_P05023_N_F_J_001,GSLC,DESCENDING,24,5140,90,2026-07-21T21:09:55Z,2026-07-21T21:10:30Z,NISAR_L2_PR_GSLC_026_024_D_090_2005_SHSH_A_20260721T210955_20260721T211030_P05023_N_F_J_001
feature_0_part_1_split_1,0,NISAR,NISAR,NISAR_L2_PR_GSLC_026_024_D_091_2005_SHSH_A_20260721T211029_20260721T211103_P05023_N_F_J_001,GSLC,DESCENDING,24,5140,91,2026-07-21T21:10:29Z,2026-07-21T21:11:03Z,NISAR_L2_PR_GSLC_026_024_D_091_2005_SHSH_A_20260721T211029_20260721T211103_P05023_N_F_J_001
feature_0_part_1_split_1,0,NISAR,NISAR,NISAR_L2_PR_GSLC_026_024_D_092_2005_SHSH_A_20260721T211102_20260721T211137_P05023_N_F_J_001,GSLC,DESCENDING,24,5140,92,2026-07-21T21:11:02Z,2026-07-21T21:11:37Z,NISAR_L2_PR_GSLC_026_024_D_092_2005_SHSH_A_20260721T211102_20260721T211137_P05023_N_F_J_001
feature_0_part_1_split_1,0,NISAR,NISAR,NISAR_L2_PR_GSLC_026_024_D_093_2005_SHSH_A_20260721T211136_20260721T211210_P05023_N_F_J_001,GSLC,DESCENDING,24,5140,93,2026-07-21T21:11:36Z,2026-07-21T21:12:10Z,NISAR_L2_PR_GSLC_026_024_D_093_2005_SHSH_A_20260721T211136_20260721T211210_P05023_N_F_J_001
feature_0_part_1_split_1,0,NISAR,NISAR,NISAR_L2_PR_GSLC_026_024_D_094_2005_SHSH_A_20260721T211209_20260721T211244_P05023_N_F_J_001,GSLC,DESCENDING,24,5140,94,2026-07-21T21:12:09Z,2026-07-21T21:12:44Z,NISAR_L2_PR_GSLC_026_024_D_094_2005_SHSH_A_20260721T211209_20260721T211244_P05023_N_F_J_001
feature_0_part_1_split_1,0,NISAR,NISAR,NISAR_L2_PR_GSLC_026_024_D_095_2005_SHSH_A_20260721T211243_20260721T211317_P05023_N_F_J_001,GSLC,DESCENDING,24,5140,95,2026-07-21T21:12:43Z,2026-07-21T21:13:17Z,NISAR_L2_PR_GSLC_026_024_D_095_2005_SHSH_A_20260721T211243_20260721T211317_P05023_N_F_J_001
feature_0_part_1_split_1,0,NISAR,NISAR,NISAR_L2_PR_GSLC_026_024_D_096_2005_SHSH_A_20260721T211316_20260721T211351_P05023_N_F_J_001,GSLC,DESCENDING,24,5140,96,2026-07-21T21:13:16Z,2026-07-21T21:13:51Z,NISAR_L2_PR_GSLC_026_024_D_096_2005_SHSH_A_20260721T211316_20260721T211351_P05023_N_F_J_001
feature_0_part_1_split_1,0,NISAR,NISAR,NISAR_L2_PR_GSLC_026_024_D_097_2005_SHSH_A_20260721T211350_20260721T211424_P05023_N_F_J_001,GSLC,DESCENDING,24,5140,97,2026-07-21T21:13:50Z,2026-07-21T21:14:24Z,NISAR_L2_PR_GSLC_026_024_D_097_2005_SHSH_A_20260721T211350_20260721T211424_P05023_N_F_J_001
feature_0_part_1_split_1,0,NISAR,NISAR,NISAR_L2_PR_GSLC_026_024_D_098_2005_SHSH_M_20260721T211423_20260721T211458_P05023_N_F_J_001,GSLC,DESCENDING,24,5140,98,2026-07-21T21:14:23Z,2026-07-21T21:14:58Z,NISAR_L2_PR_GSLC_026_024_D_098_2005_SHSH_M_20260721T211423_20260721T211458_P05023_N_F_J_001
feature_0_part_1_split_1,0,NISAR,NISAR,NISAR_L2_PR_GSLC_026_024_D_099_2005_DHDH_M_20260721T211457_20260721T211531_P05023_N_F_J_001,GSLC,DESCENDING,24,5140,99,2026-07-21T21:14:57Z,2026-07-21T21:15:31Z,NISAR_L2_PR_GSLC_026_024_D_099_2005_DHDH_M_20260721T211457_20260721T211531_P05023_N_F_J_001
feature_0_part_1_split_1,0,NISAR,NISAR,NISAR_L2_PR_GSLC_026_024_D_099_4005_DHDH_A_20260721T211525_20260721T211531_P05023_N_P_J_001,GSLC,DESCENDING,24,5140,99,2026-07-21T21:15:25Z,2026-07-21T21:15:31Z,NISAR_L2_PR_GSLC_026_024_D_099_4005_DHDH_A_20260721T211525_20260721T211531_P05023_N_P_J_001
feature_0_part_1_split_1,0,NISAR,NISAR,NISAR_L2_PR_GSLC_026_024_D_100_4005_DHDH_A_20260721T211530_20260721T211605_P05023_N_F_J_001,GSLC,DESCENDING,24,5140,100,2026-07-21T21:15:30Z,2026-07-21T21:16:05Z,NISAR_L2_PR_GSLC_026_024_D_100_4005_DHDH_A_20260721T211530_20260721T211605_P05023_N_F_J_001
feature_0_part_1_split_1,0,NISAR,NISAR,NISAR_L2_PR_GSLC_026_031_A_165_4005_SHSH_A_20260722T093149_20260722T093230_P05023_N_F_J_001,GSLC,ASCENDING,31,5147,165,2026-07-22T09:31:49Z,2026-07-22T09:32:30Z,NISAR_L2_PR_GSLC_026_031_A_165_4005_SHSH_A_20260722T093149_20260722T093230_P05023_N_F_J_001
feature_0_part_1_split_1,0,NISAR,NISAR,NISAR_L2_PR_GSLC_026_031_A_166_2005_SHSH_M_20260722T093226_20260722T093300_P05023_N_F_J_001,GSLC,ASCENDING,31,5147,166,2026-07-22T09:32:26Z,2026-07-22T09:33:00Z,NISAR_L2_PR_GSLC_026_031_A_166_2005_SHSH_M_20260722T093226_20260722T093300_P05023_N_F_J_001
feature_0_part_1_split_1,0,NISAR,NISAR,NISAR_L2_PR_GSLC_026_031_A_167_4005_SHSH_A_20260722T093257_20260722T093338_P05023_N_F_J_001,GSLC,ASCENDING,31,5147,167,2026-07-22T09:32:57Z,2026-07-22T09:33:38Z,NISAR_L2_PR_GSLC_026_031_A_167_4005_SHSH_A_20260722T093257_20260722T093338_P05023_N_F_J_001
feature_0_part_1_split_1,0,NISAR,NISAR,NISAR_L2_PR_GSLC_026_031_A_168_2005_SHSH_M_20260722T093333_20260722T093408_P05023_N_F_J_001,GSLC,ASCENDING,31,5147,168,2026-07-22T09:33:33Z,2026-07-22T09:34:08Z,NISAR_L2_PR_GSLC_026_031_A_168_2005_SHSH_M_20260722T093333_20260722T093408_P05023_N_F_J_001
feature_0_part_1_split_1,0,NISAR,NISAR,NISAR_L2_PR_GSLC_026_031_A_168_4005_SHSH_A_20260722T093333_20260722T093338_P05023_N_P_J_001,GSLC,ASCENDING,31,5147,168,2026-07-22T09:33:33Z,2026-07-22T09:33:38Z,NISAR_L2_PR_GSLC_026_031_A_168_4005_SHSH_A_20260722T093333_20260722T093338_P05023_N_P_J_001
feature_0_part_1_split_1,0,NISAR,NISAR,NISAR_L2_PR_GSLC_026_031_A_169_2005_SHSH_M_20260722T093407_20260722T093441_P05023_N_F_J_001,GSLC,ASCENDING,31,5147,169,2026-07-22T09:34:07Z,2026-07-22T09:34:41Z,NISAR_L2_PR_GSLC_026_031_A_169_2005_SHSH_M_20260722T093407_20260722T093441_P05023_N_F_J_001
feature_0_part_1_split_1,0,NISAR,NISAR,NISAR_L2_PR_GSLC_026_031_A_170_4005_SHSH_A_20260722T093437_20260722T093518_P05023_N_F_J_001,GSLC,ASCENDING,31,5147,170,2026-07-22T09:34:37Z,2026-07-22T09:35:18Z,NISAR_L2_PR_GSLC_026_031_A_170_4005_SHSH_A_20260722T093437_20260722T093518_P05023_N_F_J_001
feature_0_part_1_split_1,0,NISAR,NISAR,NISAR_L2_PR_GSLC_026_031_A_169_4005_SHSH_A_20260722T093437_20260722T093441_P05023_N_P_J_001,GSLC,ASCENDING,31,5147,169,2026-07-22T09:34:37Z,2026-07-22T09:34:41Z,NISAR_L2_PR_GSLC_026_031_A_169_4005_SHSH_A_20260722T093437_20260722T093441_P05023_N_P_J_001
feature_0_part_1_split_1,0,NISAR,NISAR,NISAR_L2_PR_GSLC_026_039_D_094_2005_SHSH_A_20260722T221025_20260722T221100_P05023_N_F_J_001,GSLC,DESCENDING,39,5155,94,2026-07-22T22:10:25Z,2026-07-22T22:11:00Z,NISAR_L2_PR_GSLC_026_039_D_094_2005_SHSH_A_20260722T221025_20260722T221100_P05023_N_F_J_001
feature_0_part_1_split_1,0,NISAR,NISAR,NISAR_L2_PR_GSLC_026_039_D_095_2005_SHSH_A_20260722T221059_20260722T221133_P05023_N_F_J_001,GSLC,DESCENDING,39,5155,95,2026-07-22T22:10:59Z,2026-07-22T22:11:33Z,NISAR_L2_PR_GSLC_026_039_D_095_2005_SHSH_A_20260722T221059_20260722T221133_P05023_N_F_J_001
feature_0_part_1_split_1,0,NISAR,NISAR,NISAR_L2_PR_GSLC_026_039_D_096_2005_SHSH_A_20260722T221132_20260722T221207_P05023_N_F_J_001,GSLC,DESCENDING,39,5155,96,2026-07-22T22:11:32Z,2026-07-22T22:12:07Z,NISAR_L2_PR_GSLC_026_039_D_096_2005_SHSH_A_20260722T221132_20260722T221207_P05023_N_F_J_001
feature_0_part_1_split_1,0,NISAR,NISAR,NISAR_L2_PR_GSLC_026_045_A_167_2005_DHDH_M_20260723T085122_20260723T085157_P05023_N_F_J_001,GSLC,ASCENDING,45,5161,167,2026-07-23T08:51:22Z,2026-07-23T08:51:57Z,NISAR_L2_PR_GSLC_026_045_A_167_2005_DHDH_M_20260723T085122_20260723T085157_P05023_N_F_J_001
feature_0_part_1_split_1,0,NISAR,NISAR,NISAR_L2_PR_GSLC_026_045_A_167_4005_DHDH_A_20260723T085122_20260723T085152_P05023_N_F_J_001,GSLC,ASCENDING,45,5161,167,2026-07-23T08:51:22Z,2026-07-23T08:51:52Z,NISAR_L2_PR_GSLC_026_045_A_167_4005_DHDH_A_20260723T085122_20260723T085152_P05023_N_F_J_001
feature_0_part_1_split_1,0,NISAR,NISAR,NISAR_L2_PR_GSLC_026_045_A_168_2005_DHDH_A_20260723T085157_20260723T085230_P05023_N_F_J_001,GSLC,ASCENDING,45,5161,168,2026-07-23T08:51:57Z,2026-07-23T08:52:30Z,NISAR_L2_PR_GSLC_026_045_A_168_2005_DHDH_A_20260723T085157_20260723T085230_P05023_N_F_J_001
feature_0_part_1_split_1,0,NISAR,NISAR,NISAR_L2_PR_GSLC_026_045_A_169_2005_DHDH_A_20260723T085232_20260723T085304_P05023_N_F_J_001,GSLC,ASCENDING,45,5161,169,2026-07-23T08:52:32Z,2026-07-23T08:53:04Z,NISAR_L2_PR_GSLC_026_045_A_169_2005_DHDH_A_20260723T085232_20260723T085304_P05023_N_F_J_001
feature_0_part_1_split_1,0,NISAR,NISAR,NISAR_L2_PR_GSLC_026_045_A_170_2005_DHDH_A_20260723T085303_20260723T085338_P05023_N_F_J_001,GSLC,ASCENDING,45,5161,170,2026-07-23T08:53:03Z,2026-07-23T08:53:38Z,NISAR_L2_PR_GSLC_026_045_A_170_2005_DHDH_A_20260723T085303_20260723T085338_P05023_N_F_J_001
feature_0_part_1_split_1,0,NISAR,NISAR,NISAR_L2_PR_GSLC_026_045_A_171_2005_DHDH_A_20260723T085337_20260723T085411_P05023_N_F_J_001,GSLC,ASCENDING,45,5161,171,2026-07-23T08:53:37Z,2026-07-23T08:54:11Z,NISAR_L2_PR_GSLC_026_045_A_171_2005_DHDH_A_20260723T085337_20260723T085411_P05023_N_F_J_001
feature_0_part_1_split_1,0,NISAR,NISAR,NISAR_L2_PR_GSLC_026_045_A_172_2005_DHDH_A_20260723T085410_20260723T085444_P05023_N_F_J_001,GSLC,ASCENDING,45,5161,172,2026-07-23T08:54:10Z,2026-07-23T08:54:44Z,NISAR_L2_PR_GSLC_026_045_A_172_2005_DHDH_A_20260723T085410_20260723T085444_P05023_N_F_J_001
feature_0_part_1_split_1,0,NISAR,NISAR,NISAR_L2_PR_GSLC_026_045_A_173_2005_DHDH_A_20260723T085443_20260723T085518_P05023_N_F_J_001,GSLC,ASCENDING,45,5161,173,2026-07-23T08:54:43Z,2026-07-23T08:55:18Z,NISAR_L2_PR_GSLC_026_045_A_173_2005_DHDH_A_20260723T085443_20260723T085518_P05023_N_F_J_001
feature_0_part_1_split_1,0,NISAR,NISAR,NISAR_L2_PR_GSLC_026_045_A_174_2005_DHDH_A_20260723T085515_20260723T085551_P05023_N_F_J_001,GSLC,ASCENDING,45,5161,174,2026-07-23T08:55:15Z,2026-07-23T08:55:51Z,NISAR_L2_PR_GSLC_026_045_A_174_2005_DHDH_A_20260723T085515_20260723T085551_P05023_N_F_J_001
feature_0_part_1_split_1,0,NISAR,NISAR,NISAR_L2_PR_GSLC_026_045_A_175_2005_DHDH_A_20260723T085550_20260723T085625_P05023_N_F_J_001,GSLC,ASCENDING,45,5161,175,2026-07-23T08:55:50Z,2026-07-23T08:56:25Z,NISAR_L2_PR_GSLC_026_045_A_175_2005_DHDH_A_20260723T085550_20260723T085625_P05023_N_F_J_001
feature_0_part_1_split_1,0,NISAR,NISAR,NISAR_L2_PR_GSLC_026_053_D_091_2005_SHSH_A_20260723T212708_20260723T212742_P05023_N_F_J_001,GSLC,DESCENDING,53,5169,91,2026-07-23T21:27:08Z,2026-07-23T21:27:42Z,NISAR_L2_PR_GSLC_026_053_D_091_2005_SHSH_A_20260723T212708_20260723T212742_P05023_N_F_J_001
feature_0_part_1_split_1,0,NISAR,NISAR,NISAR_L2_PR_GSLC_026_053_D_092_2005_SHSH_A_20260723T212741_20260723T212816_P05023_N_F_J_001,GSLC,DESCENDING,53,5169,92,2026-07-23T21:27:41Z,2026-07-23T21:28:16Z,NISAR_L2_PR_GSLC_026_053_D_092_2005_SHSH_A_20260723T212741_20260723T212816_P05023_N_F_J_001
feature_0_part_1_split_1,0,NISAR,NISAR,NISAR_L2_PR_GSLC_026_053_D_093_2005_SHSH_A_20260723T212815_20260723T212849_P05023_N_F_J_001,GSLC,DESCENDING,53,5169,93,2026-07-23T21:28:15Z,2026-07-23T21:28:49Z,NISAR_L2_PR_GSLC_026_053_D_093_2005_SHSH_A_20260723T212815_20260723T212849_P05023_N_F_J_001
feature_0_part_1_split_1,0,NISAR,NISAR,NISAR_L2_PR_GSLC_026_053_D_094_2005_SHSH_A_20260723T212848_20260723T212923_P05023_N_F_J_001,GSLC,DESCENDING,53,5169,94,2026-07-23T21:28:48Z,2026-07-23T21:29:23Z,NISAR_L2_PR_GSLC_026_053_D_094_2005_SHSH_A_20260723T212848_20260723T212923_P05023_N_F_J_001
feature_0_part_1_split_1,0,NISAR,NISAR,NISAR_L2_PR_GSLC_026_053_D_095_2005_SHSH_A_20260723T212922_20260723T212956_P05023_N_F_J_001,GSLC,DESCENDING,53,5169,95,2026-07-23T21:29:22Z,2026-07-23T21:29:56Z,NISAR_L2_PR_GSLC_026_053_D_095_2005_SHSH_A_20260723T212922_20260723T212956_P05023_N_F_J_001
feature_0_part_1_split_1,0,NISAR,NISAR,NISAR_L2_PR_GSLC_026_053_D_096_2005_SHSH_M_20260723T212955_20260723T213030_P05023_N_F_J_001,GSLC,DESCENDING,53,5169,96,2026-07-23T21:29:55Z,2026-07-23T21:30:30Z,NISAR_L2_PR_GSLC_026_053_D_096_2005_SHSH_M_20260723T212955_20260723T213030_P05023_N_F_J_001
feature_0_part_1_split_1,0,NISAR,NISAR,NISAR_L2_PR_GSLC_026_053_D_096_4005_DHDH_A_20260723T213025_20260723T213030_P05023_N_P_J_001,GSLC,DESCENDING,53,5169,96,2026-07-23T21:30:25Z,2026-07-23T21:30:30Z,NISAR_L2_PR_GSLC_026_053_D_096_4005_DHDH_A_20260723T213025_20260723T213030_P05023_N_P_J_001
feature_0_part_1_split_1,0,NISAR,NISAR,NISAR_L2_PR_GSLC_026_053_D_097_4005_DHDH_A_20260723T213029_20260723T213106_P05023_N_F_J_001,GSLC,DESCENDING,53,5169,97,2026-07-23T21:30:29Z,2026-07-23T21:31:06Z,NISAR_L2_PR_GSLC_026_053_D_097_4005_DHDH_A_20260723T213029_20260723T213106_P05023_N_F_J_001
feature_0_part_1_split_1,0,NISAR,NISAR,NISAR_L2_PR_GSLC_026_053_D_098_2005_SHSH_M_20260723T213102_20260723T213137_P05023_N_F_J_001,GSLC,DESCENDING,53,5169,98,2026-07-23T21:31:02Z,2026-07-23T21:31:37Z,NISAR_L2_PR_GSLC_026_053_D_098_2005_SHSH_M_20260723T213102_20260723T213137_P05023_N_F_J_001
feature_0_part_1_split_1,0,NISAR,NISAR,NISAR_L2_PR_GSLC_026_053_D_099_2005_DHDH_A_20260723T213137_20260723T213210_P05023_N_F_J_001,GSLC,DESCENDING,53,5169,99,2026-07-23T21:31:37Z,2026-07-23T21:32:10Z,NISAR_L2_PR_GSLC_026_053_D_099_2005_DHDH_A_20260723T213137_20260723T213210_P05023_N_F_J_001
feature_0_part_1_split_1,0,NISAR,NISAR,NISAR_L2_PR_GSLC_026_053_D_100_2005_DHDH_A_20260723T213209_20260723T213244_P05023_N_F_J_001,GSLC,DESCENDING,53,5169,100,2026-07-23T21:32:09Z,2026-07-23T21:32:44Z,NISAR_L2_PR_GSLC_026_053_D_100_2005_DHDH_A_20260723T213209_20260723T213244_P05023_N_F_J_001
feature_0_part_1_split_1,0,NISAR,NISAR,NISAR_L2_PR_GSLC_026_053_D_101_2005_DHDH_A_20260723T213243_20260723T213317_P05023_N_F_J_001,GSLC,DESCENDING,53,5169,101,2026-07-23T21:32:43Z,2026-07-23T21:33:17Z,NISAR_L2_PR_GSLC_026_053_D_101_2005_DHDH_A_20260723T213243_20260723T213317_P05023_N_F_J_001
feature_0_part_1_split_1,0,NISAR,NISAR,NISAR_L2_PR_GSLC_026_060_A_170_2005_DHDH_A_20260724T095119_20260724T095153_P05023_N_F_J_001,GSLC,ASCENDING,60,5176,170,2026-07-24T09:51:19Z,2026-07-24T09:51:53Z,NISAR_L2_PR_GSLC_026_060_A_170_2005_DHDH_A_20260724T095119_20260724T095153_P05023_N_F_J_001
feature_0_part_1_split_1,0,NISAR,NISAR,NISAR_L2_PR_GSLC_026_060_A_171_2005_DHDH_A_20260724T095152_20260724T095227_P05023_N_F_J_001,GSLC,ASCENDING,60,5176,171,2026-07-24T09:51:52Z,2026-07-24T09:52:27Z,NISAR_L2_PR_GSLC_026_060_A_171_2005_DHDH_A_20260724T095152_20260724T095227_P05023_N_F_J_001
feature_0_part_1_split_1,0,NISAR,NISAR,NISAR_L2_PR_GSLC_026_060_A_172_2005_DHDH_A_20260724T095226_20260724T095300_P05023_N_F_J_001,GSLC,ASCENDING,60,5176,172,2026-07-24T09:52:26Z,2026-07-24T09:53:00Z,NISAR_L2_PR_GSLC_026_060_A_172_2005_DHDH_A_20260724T095226_20260724T095300_P05023_N_F_J_001
feature_0_part_1_split_1,0,NISAR,NISAR,NISAR_L2_PR_GSLC_026_074_A_165_4005_DHDH_A_20260725T090654_20260725T090729_P05023_N_F_J_001,GSLC,ASCENDING,74,5190,165,2026-07-25T09:06:54Z,2026-07-25T09:07:29Z,NISAR_L2_PR_GSLC_026_074_A_165_4005_DHDH_A_20260725T090654_20260725T090729_P05023_N_F_J_001
feature_0_part_1_split_1,0,NISAR,NISAR,NISAR_L2_PR_GSLC_026_074_A_166_4005_DHDH_A_20260725T090728_20260725T090802_P05023_N_F_J_001,GSLC,ASCENDING,74,5190,166,2026-07-25T09:07:28Z,2026-07-25T09:08:02Z,NISAR_L2_PR_GSLC_026_074_A_166_4005_DHDH_A_20260725T090728_20260725T090802_P05023_N_F_J_001
feature_0_part_1_split_1,0,NISAR,NISAR,NISAR_L2_PR_GSLC_026_074_A_167_4005_DHDH_A_20260725T090801_20260725T090836_P05023_N_F_J_001,GSLC,ASCENDING,74,5190,167,2026-07-25T09:08:01Z,2026-07-25T09:08:36Z,NISAR_L2_PR_GSLC_026_074_A_167_4005_DHDH_A_20260725T090801_20260725T090836_P05023_N_F_J_001
feature_0_part_1_split_1,0,NISAR,NISAR,NISAR_L2_PR_GSLC_026_074_A_168_2005_DHDH_M_20260725T090835_20260725T090909_P05023_N_F_J_001,GSLC,ASCENDING,74,5190,168,2026-07-25T09:08:35Z,2026-07-25T09:09:09Z,NISAR_L2_PR_GSLC_026_074_A_168_2005_DHDH_M_20260725T090835_20260725T090909_P05023_N_F_J_001
feature_0_part_1_split_1,0,NISAR,NISAR,NISAR_L2_PR_GSLC_026_074_A_168_4005_DHDH_A_20260725T090835_20260725T090844_P05023_N_P_J_001,GSLC,ASCENDING,74,5190,168,2026-07-25T09:08:35Z,2026-07-25T09:08:44Z,NISAR_L2_PR_GSLC_026_074_A_168_4005_DHDH_A_20260725T090835_20260725T090844_P05023_N_P_J_001
feature_0_part_1_split_1,0,NISAR,NISAR,NISAR_L2_PR_GSLC_026_074_A_169_4005_DHDH_A_20260725T090907_20260725T090943_P05023_N_F_J_001,GSLC,ASCENDING,74,5190,169,2026-07-25T09:09:07Z,2026-07-25T09:09:43Z,NISAR_L2_PR_GSLC_026_074_A_169_4005_DHDH_A_20260725T090907_20260725T090943_P05023_N_F_J_001
feature_0_part_1_split_1,0,NISAR,NISAR,NISAR_L2_PR_GSLC_026_074_A_170_2005_DHDH_M_20260725T090943_20260725T091016_P05023_N_F_J_001,GSLC,ASCENDING,74,5190,170,2026-07-25T09:09:43Z,2026-07-25T09:10:16Z,NISAR_L2_PR_GSLC_026_074_A_170_2005_DHDH_M_20260725T090943_20260725T091016_P05023_N_F_J_001
feature_0_part_1_split_1,0,NISAR,NISAR,NISAR_L2_PR_GSLC_026_074_A_170_4005_DHDH_A_20260725T090943_20260725T090957_P05023_N_P_J_001,GSLC,ASCENDING,74,5190,170,2026-07-25T09:09:43Z,2026-07-25T09:09:57Z,NISAR_L2_PR_GSLC_026_074_A_170_4005_DHDH_A_20260725T090943_20260725T090957_P05023_N_P_J_001
feature_0_part_1_split_1,0,NISAR,NISAR,NISAR_L2_PR_GSLC_026_074_A_171_2005_DHDH_A_20260725T091015_20260725T091050_P05023_N_F_J_001,GSLC,ASCENDING,74,5190,171,2026-07-25T09:10:15Z,2026-07-25T09:10:50Z,NISAR_L2_PR_GSLC_026_074_A_171_2005_DHDH_A_20260725T091015_20260725T091050_P05023_N_F_J_001
feature_0_part_1_split_1,0,NISAR,NISAR,NISAR_L2_PR_GSLC_026_074_A_172_2005_DHDH_A_20260725T091049_20260725T091123_P05023_N_F_J_001,GSLC,ASCENDING,74,5190,172,2026-07-25T09:10:49Z,2026-07-25T09:11:23Z,NISAR_L2_PR_GSLC_026_074_A_172_2005_DHDH_A_20260725T091049_20260725T091123_P05023_N_F_J_001
feature_0_part_1_split_1,0,NISAR,NISAR,NISAR_L2_PR_GSLC_026_074_A_173_2005_DHDH_A_20260725T091122_20260725T091157_P05023_N_F_J_001,GSLC,ASCENDING,74,5190,173,2026-07-25T09:11:22Z,2026-07-25T09:11:57Z,NISAR_L2_PR_GSLC_026_074_A_173_2005_DHDH_A_20260725T091122_20260725T091157_P05023_N_F_J_001
feature_0_part_1_split_1,0,NISAR,NISAR,NISAR_L2_PR_GSLC_026_082_D_094_2005_SHSH_A_20260725T214527_20260725T214601_P05023_N_F_J_001,GSLC,DESCENDING,82,5198,94,2026-07-25T21:45:27Z,2026-07-25T21:46:01Z,NISAR_L2_PR_GSLC_026_082_D_094_2005_SHSH_A_20260725T214527_20260725T214601_P05023_N_F_J_001
feature_0_part_1_split_1,0,NISAR,NISAR,NISAR_L2_PR_GSLC_026_082_D_095_2005_SHSH_A_20260725T214600_20260725T214635_P05023_N_F_J_001,GSLC,DESCENDING,82,5198,95,2026-07-25T21:46:00Z,2026-07-25T21:46:35Z,NISAR_L2_PR_GSLC_026_082_D_095_2005_SHSH_A_20260725T214600_20260725T214635_P05023_N_F_J_001
feature_0_part_1_split_1,0,NISAR,NISAR,NISAR_L2_PR_GSLC_026_082_D_096_2005_SHSH_A_20260725T214634_20260725T214708_P05023_N_F_J_001,GSLC,DESCENDING,82,5198,96,2026-07-25T21:46:34Z,2026-07-25T21:47:08Z,NISAR_L2_PR_GSLC_026_082_D_096_2005_SHSH_A_20260725T214634_20260725T214708_P05023_N_F_J_001
feature_0_part_1_split_1,0,NISAR,NISAR,NISAR_L2_PR_GSLC_026_082_D_097_2005_SHSH_A_20260725T214707_20260725T214742_P05023_N_F_J_001,GSLC,DESCENDING,82,5198,97,2026-07-25T21:47:07Z,2026-07-25T21:47:42Z,NISAR_L2_PR_GSLC_026_082_D_097_2005_SHSH_A_20260725T214707_20260725T214742_P05023_N_F_J_001
feature_0_part_1_split_1,0,NISAR,NISAR,NISAR_L2_PR_GSLC_026_082_D_098_2005_SHSH_M_20260725T214741_20260725T214816_P05023_N_F_J_001,GSLC,DESCENDING,82,5198,98,2026-07-25T21:47:41Z,2026-07-25T21:48:16Z,NISAR_L2_PR_GSLC_026_082_D_098_2005_SHSH_M_20260725T214741_20260725T214816_P05023_N_F_J_001
feature_0_part_1_split_1,0,NISAR,NISAR,NISAR_L2_PR_GSLC_026_082_D_098_4005_DHDH_A_20260725T214809_20260725T214816_P05023_N_P_J_001,GSLC,DESCENDING,82,5198,98,2026-07-25T21:48:09Z,2026-07-25T21:48:16Z,NISAR_L2_PR_GSLC_026_082_D_098_4005_DHDH_A_20260725T214809_20260725T214816_P05023_N_P_J_001
feature_0_part_1_split_1,0,NISAR,NISAR,NISAR_L2_PR_GSLC_026_082_D_099_4005_DHDH_A_20260725T214815_20260725T214849_P05023_N_F_J_001,GSLC,DESCENDING,82,5198,99,2026-07-25T21:48:15Z,2026-07-25T21:48:49Z,NISAR_L2_PR_GSLC_026_082_D_099_4005_DHDH_A_20260725T214815_20260725T214849_P05023_N_F_J_001
feature_0_part_1_split_1,0,NISAR,NISAR,NISAR_L2_PR_GSLC_026_082_D_100_2005_DHDH_M_20260725T214848_20260725T214923_P05023_N_F_J_001,GSLC,DESCENDING,82,5198,100,2026-07-25T21:48:48Z,2026-07-25T21:49:23Z,NISAR_L2_PR_GSLC_026_082_D_100_2005_DHDH_M_20260725T214848_20260725T214923_P05023_N_F_J_001
feature_0_part_1_split_1,0,NISAR,NISAR,NISAR_L2_PR_GSLC_026_082_D_100_4005_DHDH_A_20260725T214848_20260725T214854_P05023_N_P_J_001,GSLC,DESCENDING,82,5198,100,2026-07-25T21:48:48Z,2026-07-25T21:48:54Z,NISAR_L2_PR_GSLC_026_082_D_100_4005_DHDH_A_20260725T214848_20260725T214854_P05023_N_P_J_001
feature_0_part_1_split_1,0,NISAR,NISAR,NISAR_L2_PR_GSLC_026_082_D_101_2005_DHDH_A_20260725T214922_20260725T214956_P05023_N_F_J_001,GSLC,DESCENDING,82,5198,101,2026-07-25T21:49:22Z,2026-07-25T21:49:56Z,NISAR_L2_PR_GSLC_026_082_D_101_2005_DHDH_A_20260725T214922_20260725T214956_P05023_N_F_J_001
feature_0_part_1_split_1,0,NISAR,NISAR,NISAR_L2_PR_GSLC_026_088_A_174_2005_DHDH_A_20260726T083019_20260726T083053_P05023_N_F_J_001,GSLC,ASCENDING,88,5204,174,2026-07-26T08:30:19Z,2026-07-26T08:30:53Z,NISAR_L2_PR_GSLC_026_088_A_174_2005_DHDH_A_20260726T083019_20260726T083053_P05023_N_F_J_001
feature_0_part_1_split_1,0,NISAR,NISAR,NISAR_L2_PR_GSLC_026_088_A_175_2005_DHDH_A_20260726T083052_20260726T083127_P05023_N_F_J_001,GSLC,ASCENDING,88,5204,175,2026-07-26T08:30:52Z,2026-07-26T08:31:27Z,NISAR_L2_PR_GSLC_026_088_A_175_2005_DHDH_A_20260726T083052_20260726T083127_P05023_N_F_J_001
feature_0_part_1_split_1,0,NISAR,NISAR,NISAR_L2_PR_GSLC_026_088_A_176_2005_DHDH_A_20260726T083126_20260726T083202_P05023_N_F_J_001,GSLC,ASCENDING,88,5204,176,2026-07-26T08:31:26Z,2026-07-26T08:32:02Z,NISAR_L2_PR_GSLC_026_088_A_176_2005_DHDH_A_20260726T083126_20260726T083202_P05023_N_F_J_001
feature_0_part_1_split_1,0,NISAR,NISAR,NISAR_L2_PR_GSLC_026_096_D_090_2005_SHSH_A_20260726T210141_20260726T210210_P05023_N_F_J_001,GSLC,DESCENDING,96,5212,90,2026-07-26T21:01:41Z,2026-07-26T21:02:10Z,NISAR_L2_PR_GSLC_026_096_D_090_2005_SHSH_A_20260726T210141_20260726T210210_P05023_N_F_J_001
feature_0_part_1_split_1,0,NISAR,NISAR,NISAR_L2_PR_GSLC_026_096_D_091_2005_SHSH_A_20260726T210209_20260726T210244_P05023_N_F_J_001,GSLC,DESCENDING,96,5212,91,2026-07-26T21:02:09Z,2026-07-26T21:02:44Z,NISAR_L2_PR_GSLC_026_096_D_091_2005_SHSH_A_20260726T210209_20260726T210244_P05023_N_F_J_001
feature_0_part_1_split_1,0,NISAR,NISAR,NISAR_L2_PR_GSLC_026_096_D_092_2005_SHSH_A_20260726T210243_20260726T210317_P05023_N_F_J_001,GSLC,DESCENDING,96,5212,92,2026-07-26T21:02:43Z,2026-07-26T21:03:17Z,NISAR_L2_PR_GSLC_026_096_D_092_2005_SHSH_A_20260726T210243_20260726T210317_P05023_N_F_J_001
feature_0_part_1_split_1,0,NISAR,NISAR,NISAR_L2_PR_GSLC_026_096_D_095_2005_SHSH_A_20260726T210423_20260726T210458_P05023_N_F_J_001,GSLC,DESCENDING,96,5212,95,2026-07-26T21:04:23Z,2026-07-26T21:04:58Z,NISAR_L2_PR_GSLC_026_096_D_095_2005_SHSH_A_20260726T210423_20260726T210458_P05023_N_F_J_001
feature_0_part_1_split_1,0,NISAR,NISAR,NISAR_L2_PR_GSLC_026_096_D_096_2005_SHSH_A_20260726T210457_20260726T210531_P05023_N_F_J_001,GSLC,DESCENDING,96,5212,96,2026-07-26T21:04:57Z,2026-07-26T21:05:31Z,NISAR_L2_PR_GSLC_026_096_D_096_2005_SHSH_A_20260726T210457_20260726T210531_P05023_N_F_J_001
feature_0_part_1_split_1,0,NISAR,NISAR,NISAR_L2_PR_GSLC_026_096_D_097_2005_SHSH_M_20260726T210530_20260726T210605_P05023_N_F_J_001,GSLC,DESCENDING,96,5212,97,2026-07-26T21:05:30Z,2026-07-26T21:06:05Z,NISAR_L2_PR_GSLC_026_096_D_097_2005_SHSH_M_20260726T210530_20260726T210605_P05023_N_F_J_001
feature_0_part_1_split_1,0,NISAR,NISAR,NISAR_L2_PR_GSLC_026_096_D_098_4005_DHDH_A_20260726T210605_20260726T210638_P05023_N_F_J_001,GSLC,DESCENDING,96,5212,98,2026-07-26T21:06:05Z,2026-07-26T21:06:38Z,NISAR_L2_PR_GSLC_026_096_D_098_4005_DHDH_A_20260726T210605_20260726T210638_P05023_N_F_J_001
feature_0_part_1_split_1,0,NISAR,NISAR,NISAR_L2_PR_GSLC_026_096_D_099_4005_DHDH_A_20260726T210640_20260726T210712_P05023_N_F_J_001,GSLC,DESCENDING,96,5212,99,2026-07-26T21:06:40Z,2026-07-26T21:07:12Z,NISAR_L2_PR_GSLC_026_096_D_099_4005_DHDH_A_20260726T210640_20260726T210712_P05023_N_F_J_001
feature_0_part_1_split_1,0,NISAR,NISAR,NISAR_L2_PR_GSLC_026_103_A_166_2005_DHDH_A_20260727T092406_20260727T092441_P05023_N_F_J_001,GSLC,ASCENDING,103,5219,166,2026-07-27T09:24:06Z,2026-07-27T09:24:41Z,NISAR_L2_PR_GSLC_026_103_A_166_2005_DHDH_A_20260727T092406_20260727T092441_P05023_N_F_J_001
feature_0_part_1_split_1,0,NISAR,NISAR,NISAR_L2_PR_GSLC_026_103_A_167_2005_DHDH_A_20260727T092440_20260727T092515_P05023_N_F_J_001,GSLC,ASCENDING,103,5219,167,2026-07-27T09:24:40Z,2026-07-27T09:25:15Z,NISAR_L2_PR_GSLC_026_103_A_167_2005_DHDH_A_20260727T092440_20260727T092515_P05023_N_F_J_001
feature_0_part_1_split_1,0,NISAR,NISAR,NISAR_L2_PR_GSLC_026_103_A_168_2005_DHDH_A_20260727T092514_20260727T092548_P05023_N_F_J_001,GSLC,ASCENDING,103,5219,168,2026-07-27T09:25:14Z,2026-07-27T09:25:48Z,NISAR_L2_PR_GSLC_026_103_A_168_2005_DHDH_A_20260727T092514_20260727T092548_P05023_N_F_J_001
feature_0_part_1_split_1,0,NISAR,NISAR,NISAR_L2_PR_GSLC_026_103_A_169_2005_DHDH_A_20260727T092547_20260727T092622_P05023_N_F_J_001,GSLC,ASCENDING,103,5219,169,2026-07-27T09:25:47Z,2026-07-27T09:26:22Z,NISAR_L2_PR_GSLC_026_103_A_169_2005_DHDH_A_20260727T092547_20260727T092622_P05023_N_F_J_001
feature_0_part_1_split_1,0,NISAR,NISAR,NISAR_L2_PR_GSLC_026_103_A_170_2005_DHDH_A_20260727T092621_20260727T092655_P05023_N_F_J_001,GSLC,ASCENDING,103,5219,170,2026-07-27T09:26:21Z,2026-07-27T09:26:55Z,NISAR_L2_PR_GSLC_026_103_A_170_2005_DHDH_A_20260727T092621_20260727T092655_P05023_N_F_J_001
feature_0_part_1_split_1,0,NISAR,NISAR,NISAR_L2_PR_GSLC_026_103_A_171_2005_DHDH_A_20260727T092654_20260727T092729_P05023_N_F_J_001,GSLC,ASCENDING,103,5219,171,2026-07-27T09:26:54Z,2026-07-27T09:27:29Z,NISAR_L2_PR_GSLC_026_103_A_171_2005_DHDH_A_20260727T092654_20260727T092729_P05023_N_F_J_001
feature_0_part_1_split_1,0,NISAR,NISAR,NISAR_L2_PR_GSLC_026_103_A_172_2005_DHDH_A_20260727T092728_20260727T092802_P05023_N_F_J_001,GSLC,ASCENDING,103,5219,172,2026-07-27T09:27:28Z,2026-07-27T09:28:02Z,NISAR_L2_PR_GSLC_026_103_A_172_2005_DHDH_A_20260727T092728_20260727T092802_P05023_N_F_J_001
