query_name,feature_index,dataset,platform,product_id,processing_level,flight_direction,relative_orbit,absolute_orbit,frame_number,start_time,stop_time,scene_name
feature_0_part_1_split_1,0,SENTINEL-1,Sentinel-1C,S1C_IW_SLC__1SDV_20251101T085353_20251101T085424_004818_009851_A1F8-SLC,SLC,DESCENDING,97,4818,659,2025-11-01T08:53:53Z,2025-11-01T08:54:24Z,S1C_IW_SLC__1SDV_20251101T085353_20251101T085424_004818_009851_A1F8
feature_0_part_1_split_1,0,SENTINEL-1,Sentinel-1C,S1C_IW_SLC__1SDV_20251101T085422_20251101T085449_004818_009851_6AF5-SLC,SLC,DESCENDING,97,4818,665,2025-11-01T08:54:22Z,2025-11-01T08:54:49Z,S1C_IW_SLC__1SDV_20251101T085422_20251101T085449_004818_009851_6AF5
feature_0_part_1_split_1,0,SENTINEL-1,Sentinel-1A,S1A_IW_SLC__1SDV_20251101T094159_20251101T094227_061682_07B517_9828-SLC,SLC,DESCENDING,10,61682,631,2025-11-01T09:41:59Z,2025-11-01T09:42:27Z,S1A_IW_SLC__1SDV_20251101T094159_20251101T094227_061682_07B517_9828
feature_0_part_1_split_1,0,SENTINEL-1,Sentinel-1A,S1A_IW_SLC__1SDV_20251102T084137_20251102T084204_061696_07B59C_D461-SLC,SLC,DESCENDING,24,61696,598,2025-11-02T08:41:37Z,2025-11-02T08:42:04Z,S1A_IW_SLC__1SDV_20251102T084137_20251102T084204_061696_07B59C_D461
feature_0_part_1_split_1,0,SENTINEL-1,Sentinel-1A,S1A_IW_SLC__1SDV_20251102T084202_20251102T084229_061696_07B59C_32A3-SLC,SLC,DESCENDING,24,61696,603,2025-11-02T08:42:02Z,2025-11-02T08:42:29Z,S1A_IW_SLC__1SDV_20251102T084202_20251102T084229_061696_07B59C_32A3
feature_0_part_1_split_1,0,SENTINEL-1,Sentinel-1A,S1A_IW_SLC__1SDV_20251102T084226_20251102T084253_061696_07B59C_D436-SLC,SLC,DESCENDING,24,61696,608,2025-11-02T08:42:26Z,2025-11-02T08:42:53Z,S1A_IW_SLC__1SDV_20251102T084226_20251102T084253_061696_07B59C_D436
feature_0_part_1_split_1,0,SENTINEL-1,Sentinel-1A,S1A_IW_SLC__1SDV_20251102T084251_20251102T084318_061696_07B59C_2D07-SLC,SLC,DESCENDING,24,61696,613,2025-11-02T08:42:51Z,2025-11-02T08:43:18Z,S1A_IW_SLC__1SDV_20251102T084251_20251102T084318_061696_07B59C_2D07
feature_0_part_1_split_1,0,SENTINEL-1,Sentinel-1A,S1A_IW_SLC__1SDV_20251102T084316_20251102T084344_061696_07B59C_B606-SLC,SLC,DESCENDING,24,61696,618,2025-11-02T08:43:16Z,2025-11-02T08:43:44Z,S1A_IW_SLC__1SDV_20251102T084316_20251102T084344_061696_07B59C_B606
feature_0_part_1_split_1,0,SENTINEL-1,Sentinel-1A,S1A_IW_SLC__1SDV_20251102T084342_20251102T084409_061696_07B59C_CDB1-SLC,SLC,DESCENDING,24,61696,623,2025-11-02T08:43:42Z,2025-11-02T08:44:09Z,S1A_IW_SLC__1SDV_20251102T084342_20251102T084409_061696_07B59C_CDB1
feature_0_part_1_split_1,0,SENTINEL-1,Sentinel-1A,S1A_IW_SLC__1SDV_20251102T084407_20251102T084434_061696_07B59C_8BDA-SLC,SLC,DESCENDING,24,61696,628,2025-11-02T08:44:07Z,2025-11-02T08:44:34Z,S1A_IW_SLC__1SDV_20251102T084407_20251102T084434_061696_07B59C_8BDA
feature_0_part_1_split_1,0,SENTINEL-1,Sentinel-1A,S1A_IW_SLC__1SDV_20251102T084431_20251102T084458_061696_07B59C_F029-SLC,SLC,DESCENDING,24,61696,633,2025-11-02T08:44:31Z,2025-11-02T08:44:58Z,S1A_IW_SLC__1SDV_20251102T084431_20251102T084458_061696_07B59C_F029
feature_0_part_1_split_1,0,SENTINEL-1,Sentinel-1A,S1A_IW_SLC__1SDV_20251102T084456_20251102T084523_061696_07B59C_918A-SLC,SLC,DESCENDING,24,61696,638,2025-11-02T08:44:56Z,2025-11-02T08:45:23Z,S1A_IW_SLC__1SDV_20251102T084456_20251102T084523_061696_07B59C_918A
feature_0_part_1_split_1,0,SENTINEL-1,Sentinel-1A,S1A_IW_SLC__1SDV_20251102T084521_20251102T084548_061696_07B59C_BF79-SLC,SLC,DESCENDING,24,61696,643,2025-11-02T08:45:21Z,2025-11-02T08:45:48Z,S1A_IW_SLC__1SDV_20251102T084521_20251102T084548_061696_07B59C_BF79
feature_0_part_1_split_1,0,SENTINEL-1,Sentinel-1A,S1A_IW_SLC__1SDV_20251102T084546_20251102T084614_061696_07B59C_96A7-SLC,SLC,DESCENDING,24,61696,648,2025-11-02T08:45:46Z,2025-11-02T08:46:14Z,S1A_IW_SLC__1SDV_20251102T084546_20251102T084614_061696_07B59C_96A7
feature_0_part_1_split_1,0,SENTINEL-1,Sentinel-1A,S1A_IW_SLC__1SDV_20251102T084612_20251102T084639_061696_07B59C_2CF4-SLC,SLC,DESCENDING,24,61696,653,2025-11-02T08:46:12Z,2025-11-02T08:46:39Z,S1A_IW_SLC__1SDV_20251102T084612_20251102T084639_061696_07B59C_2CF4
feature_0_part_1_split_1,0,SENTINEL-1,Sentinel-1A,S1A_IW_SLC__1SDV_20251102T084636_20251102T084701_061696_07B59C_76F4-SLC,SLC,DESCENDING,24,61696,658,2025-11-02T08:46:36Z,2025-11-02T08:47:01Z,S1A_IW_SLC__1SDV_20251102T084636_20251102T084701_061696_07B59C_76F4
feature_0_part_1_split_1,0,SENTINEL-1,Sentinel-1C,S1C_IW_SLC__1SDV_20251102T093342_20251102T093413_004833_0098D5_4DE0-SLC,SLC,DESCENDING,112,4833,643,2025-11-02T09:33:42Z,2025-11-02T09:34:13Z,S1C_IW_SLC__1SDV_20251102T093342_20251102T093413_004833_0098D5_4DE0
feature_0_part_1_split_1,0,SENTINEL-1,Sentinel-1C,S1C_IW_SLC__1SDV_20251103T083552_20251103T083623_004847_00993C_0275-SLC,SLC,DESCENDING,126,4847,640,2025-11-03T08:35:52Z,2025-11-03T08:36:23Z,S1C_IW_SLC__1SDV_20251103T083552_20251103T083623_004847_00993C_0275
feature_0_part_1_split_1,0,SENTINEL-1,Sentinel-1C,S1C_IW_SLC__1SDV_20251103T083621_20251103T083648_004847_00993C_A53C-SLC,SLC,DESCENDING,126,4847,646,2025-11-03T08:36:21Z,2025-11-03T08:36:48Z,S1C_IW_SLC__1SDV_20251103T083621_20251103T083648_004847_00993C_A53C
feature_0_part_1_split_1,0,SENTINEL-1,Sentinel-1C,S1C_IW_SLC__1SDV_20251103T083646_20251103T083713_004847_00993C_3B3A-SLC,SLC,DESCENDING,126,4847,651,2025-11-03T08:36:46Z,2025-11-03T08:37:13Z,S1C_IW_SLC__1SDV_20251103T083646_20251103T083713_004847_00993C_3B3A
feature_0_part_1_split_1,0,SENTINEL-1,Sentinel-1C,S1C_IW_SLC__1SDV_20251103T083711_20251103T083738_004847_00993C_5084-SLC,SLC,DESCENDING,126,4847,656,2025-11-03T08:37:11Z,2025-11-03T08:37:38Z,S1C_IW_SLC__1SDV_20251103T083711_20251103T083738_004847_00993C_5084
feature_0_part_1_split_1,0,SENTINEL-1,Sentinel-1C,S1C_IW_SLC__1SDV_20251103T083735_20251103T083802_004847_00993C_30C9-SLC,SLC,DESCENDING,126,4847,661,2025-11-03T08:37:35Z,2025-11-03T08:38:02Z,S1C_IW_SLC__1SDV_20251103T083735_20251103T083802_004847_00993C_30C9
feature_0_part_1_split_1,0,SENTINEL-1,Sentinel-1C,S1C_IW_SLC__1SDV_20251103T083800_20251103T083828_004847_00993C_FF6A-SLC,SLC,DESCENDING,126,4847,666,2025-11-03T08:38:00Z,2025-11-03T08:38:28Z,S1C_IW_SLC__1SDV_20251103T083800_20251103T083828_004847_00993C_FF6A
feature_0_part_1_split_1,0,SENTINEL-1,Sentinel-1C,S1C_IW_SLC__1SDV_20251103T083826_20251103T083853_004847_00993C_47E1-SLC,SLC,DESCENDING,126,4847,671,2025-11-03T08:38:26Z,2025-11-03T08:38:53Z,S1C_IW_SLC__1SDV_20251103T083826_20251103T083853_004847_00993C_47E1
feature_0_part_1_split_1,0,SENTINEL-1,Sentinel-1C,S1C_IW_SLC__1SDV_20251103T083851_20251103T083918_004847_00993C_5939-SLC,SLC,DESCENDING,126,4847,676,2025-11-03T08:38:51Z,2025-11-03T08:39:18Z,S1C_IW_SLC__1SDV_20251103T083851_20251103T083918_004847_00993C_5939
feature_0_part_1_split_1,0,SENTINEL-1,Sentinel-1A,S1A_IW_SLC__1SDV_20251103T092529_20251103T092557_061711_07B624_848B-SLC,SLC,DESCENDING,39,61711,631,2025-11-03T09:25:29Z,2025-11-03T09:25:57Z,S1A_IW_SLC__1SDV_20251103T092529_20251103T092557_061711_07B624_848B
feature_0_part_1_split_1,0,SENTINEL-1,Sentinel-1A,S1A_IW_SLC__1SDV_20251103T092555_20251103T092622_061711_07B624_CDC4-SLC,SLC,DESCENDING,39,61711,636,2025-11-03T09:25:55Z,2025-11-03T09:26:22Z,S1A_IW_SLC__1SDV_20251103T092555_20251103T092622_061711_07B624_CDC4
feature_0_part_1_split_1,0,SENTINEL-1,Sentinel-1A,S1A_IW_SLC__1SDV_20251103T092620_20251103T092647_061711_07B624_8ADE-SLC,SLC,DESCENDING,39,61711,641,2025-11-03T09:26:20Z,2025-11-03T09:26:47Z,S1A_IW_SLC__1SDV_20251103T092620_20251103T092647_061711_07B624_8ADE
feature_0_part_1_split_1,0,SENTINEL-1,Sentinel-1A,S1A_IW_SLC__1SDV_20251103T092645_20251103T092717_061711_07B624_DAF8-SLC,SLC,DESCENDING,39,61711,646,2025-11-03T09:26:45Z,2025-11-03T09:27:17Z,S1A_IW_SLC__1SDV_20251103T092645_20251103T092717_061711_07B624_DAF8
feature_0_part_1_split_1,0,SENTINEL-1,Sentinel-1A,S1A_IW_SLC__1SDV_20251104T082522_20251104T082552_061725_07B6B7_D2B1-SLC,SLC,DESCENDING,53,61725,600,2025-11-04T08:25:22Z,2025-11-04T08:25:52Z,S1A_IW_SLC__1SDV_20251104T082522_20251104T082552_061725_07B6B7_D2B1
feature_0_part_1_split_1,0,SENTINEL-1,Sentinel-1A,S1A_IW_SLC__1SDV_20251104T082550_20251104T082618_061725_07B6B7_6E2C-SLC,SLC,DESCENDING,53,61725,606,2025-11-04T08:25:50Z,2025-11-04T08:26:18Z,S1A_IW_SLC__1SDV_20251104T082550_20251104T082618_061725_07B6B7_6E2C
feature_0_part_1_split_1,0,SENTINEL-1,Sentinel-1A,S1A_IW_SLC__1SDV_20251104T082616_20251104T082643_061725_07B6B7_7EB9-SLC,SLC,DESCENDING,53,61725,611,2025-11-04T08:26:16Z,2025-11-04T08:26:43Z,S1A_IW_SLC__1SDV_20251104T082616_20251104T082643_061725_07B6B7_7EB9
feature_0_part_1_split_1,0,SENTINEL-1,Sentinel-1A,S1A_IW_SLC__1SDV_20251104T082641_20251104T082707_061725_07B6B7_09AC-SLC,SLC,DESCENDING,53,61725,616,2025-11-04T08:26:41Z,2025-11-04T08:27:07Z,S1A_IW_SLC__1SDV_20251104T082641_20251104T082707_061725_07B6B7_09AC
feature_0_part_1_split_1,0,SENTINEL-1,Sentinel-1A,S1A_IW_SLC__1SDV_20251104T082755_20251104T082823_061725_07B6B7_BF0E-SLC,SLC,DESCENDING,53,61725,631,2025-11-04T08:27:55Z,2025-11-04T08:28:23Z,S1A_IW_SLC__1SDV_20251104T082755_20251104T082823_061725_07B6B7_BF0E
feature_0_part_1_split_1,0,SENTINEL-1,Sentinel-1A,S1A_IW_SLC__1SDV_20251104T082821_20251104T082848_061725_07B6B7_39D6-SLC,SLC,DESCENDING,53,61725,636,2025-11-04T08:28:21Z,2025-11-04T08:28:48Z,S1A_IW_SLC__1SDV_20251104T082821_20251104T082848_061725_07B6B7_39D6
feature_0_part_1_split_1,0,SENTINEL-1,Sentinel-1A,S1A_IW_SLC__1SDV_20251104T082846_20251104T082900_061725_07B6B7_BFF3-SLC,SLC,DESCENDING,53,61725,641,2025-11-04T08:28:46Z,2025-11-04T08:29:00Z,S1A_IW_SLC__1SDV_20251104T082846_20251104T082900_061725_07B6B7_BFF3
feature_0_part_1_split_1,0,SENTINEL-1,Sentinel-1C,S1C_IW_SLC__1SDV_20251104T091840_20251104T091911_004862_0099C4_D406-SLC,SLC,DESCENDING,141,4862,660,2025-11-04T09:18:40Z,2025-11-04T09:19:11Z,S1C_IW_SLC__1SDV_20251104T091840_20251104T091911_004862_0099C4_D406
feature_0_part_1_split_1,0,SENTINEL-1,Sentinel-1C,S1C_IW_SLC__1SDV_20251104T091909_20251104T091936_004862_0099C4_718F-SLC,SLC,DESCENDING,141,4862,666,2025-11-04T09:19:09Z,2025-11-04T09:19:36Z,S1C_IW_SLC__1SDV_20251104T091909_20251104T091936_004862_0099C4_718F
feature_0_part_1_split_1,0,SENTINEL-1,Sentinel-1C,S1C_IW_SLC__1SDV_20251105T082018_20251105T082048_004876_009A3B_0C37-SLC,SLC,DESCENDING,155,4876,651,2025-11-05T08:20:18Z,2025-11-05T08:20:48Z,S1C_IW_SLC__1SDV_20251105T082018_20251105T082048_004876_009A3B_0C37
feature_0_part_1_split_1,0,SENTINEL-1,Sentinel-1C,S1C_IW_SLC__1SDV_20251105T082046_20251105T082113_004876_009A3B_C805-SLC,SLC,DESCENDING,155,4876,656,2025-11-05T08:20:46Z,2025-11-05T08:21:13Z,S1C_IW_SLC__1SDV_20251105T082046_20251105T082113_004876_009A3B_C805
feature_0_part_1_split_1,0,SENTINEL-1,Sentinel-1C,S1C_IW_SLC__1SDV_20251105T220745_20251105T220805_004884_009A81_6736-SLC,SLC,ASCENDING,163,4884,1101,2025-11-05T22:07:45Z,2025-11-05T22:08:05Z,S1C_IW_SLC__1SDV_20251105T220745_20251105T220805_004884_009A81_6736
feature_0_part_1_split_1,0,SENTINEL-1,Sentinel-1C,S1C_IW_SLC__1SDV_20251106T090159_20251106T090230_004891_009AB9_DA5E-SLC,SLC,DESCENDING,170,4891,657,2025-11-06T09:01:59Z,2025-11-06T09:02:30Z,S1C_IW_SLC__1SDV_20251106T090159_20251106T090230_004891_009AB9_DA5E
feature_0_part_1_split_1,0,SENTINEL-1,Sentinel-1C,S1C_IW_SLC__1SDV_20251106T090228_20251106T090255_004891_009AB9_590F-SLC,SLC,DESCENDING,170,4891,663,2025-11-06T09:02:28Z,2025-11-06T09:02:55Z,S1C_IW_SLC__1SDV_20251106T090228_20251106T090255_004891_009AB9_590F
feature_0_part_1_split_1,0,SENTINEL-1,Sentinel-1C,S1C_IW_SLC__1SDV_20251106T090253_20251106T090320_004891_009AB9_34EF-SLC,SLC,DESCENDING,170,4891,668,2025-11-06T09:02:53Z,2025-11-06T09:03:20Z,S1C_IW_SLC__1SDV_20251106T090253_20251106T090320_004891_009AB9_34EF
feature_0_part_1_split_1,0,SENTINEL-1,Sentinel-1C,S1C_IW_SLC__1SDV_20251106T090318_20251106T090344_004891_009AB9_7703-SLC,SLC,DESCENDING,170,4891,673,2025-11-06T09:03:18Z,2025-11-06T09:03:44Z,S1C_IW_SLC__1SDV_20251106T090318_20251106T090344_004891_009AB9_7703
feature_0_part_1_split_1,0,SENTINEL-1,Sentinel-1A,S1A_IW_SLC__1SDV_20251107T085032_20251107T085059_061769_07B86C_5343-SLC,SLC,DESCENDING,97,61769,606,2025-11-07T08:50:32Z,2025-11-07T08:50:59Z,S1A_IW_SLC__1SDV_20251107T085032_20251107T085059_061769_07B86C_5343
feature_0_part_1_split_1,0,SENTINEL-1,Sentinel-1A,S1A_IW_SLC__1SDV_20251107T085057_20251107T085124_061769_07B86C_7187-SLC,SLC,DESCENDING,97,61769,611,2025-11-07T08:50:57Z,2025-11-07T08:51:24Z,S1A_IW_SLC__1SDV_20251107T085057_20251107T085124_061769_07B86C_7187
feature_0_part_1_split_1,0,SENTINEL-1,Sentinel-1A,S1A_IW_SLC__1SDV_20251107T085122_20251107T085150_061769_07B86C_7375-SLC,SLC,DESCENDING,97,61769,616,2025-11-07T08:51:22Z,2025-11-07T08:51:50Z,S1A_IW_SLC__1SDV_20251107T085122_20251107T085150_061769_07B86C_7375
feature_0_part_1_split_1,0,SENTINEL-1,Sentinel-1A,S1A_IW_SLC__1SDV_20251107T085148_20251107T085214_061769_07B86C_260A-SLC,SLC,DESCENDING,97,61769,621,2025-11-07T08:51:48Z,2025-11-07T08:52:14Z,S1A_IW_SLC__1SDV_20251107T085148_20251107T085214_061769_07B86C_260A
feature_0_part_1_split_1,0,SENTINEL-1,Sentinel-1A,S1A_IW_SLC__1SDV_20251107T085212_20251107T085239_061769_07B86C_F6DF-SLC,SLC,DESCENDING,97,61769,626,2025-11-07T08:52:12Z,2025-11-07T08:52:39Z,S1A_IW_SLC__1SDV_20251107T085212_20251107T085239_061769_07B86C_F6DF
feature_0_part_1_split_1,0,SENTINEL-1,Sentinel-1A,S1A_IW_SLC__1SDV_20251107T085237_20251107T085304_061769_07B86C_BACE-SLC,SLC,DESCENDING,97,61769,631,2025-11-07T08:52:37Z,2025-11-07T08:53:04Z,S1A_IW_SLC__1SDV_20251107T085237_20251107T085304_061769_07B86C_BACE
feature_0_part_1_split_1,0,SENTINEL-1,Sentinel-1A,S1A_IW_SLC__1SDV_20251107T085302_20251107T085329_061769_07B86C_04A1-SLC,SLC,DESCENDING,97,61769,636,2025-11-07T08:53:02Z,2025-11-07T08:53:29Z,S1A_IW_SLC__1SDV_20251107T085302_20251107T085329_061769_07B86C_04A1
feature_0_part_1_split_1,0,SENTINEL-1,Sentinel-1A,S1A_IW_SLC__1SDV_20251107T085327_20251107T085354_061769_07B86C_79B6-SLC,SLC,DESCENDING,97,61769,641,2025-11-07T08:53:27Z,2025-11-07T08:53:54Z,S1A_IW_SLC__1SDV_20251107T085327_20251107T085354_061769_07B86C_79B6
feature_0_part_1_split_1,0,SENTINEL-1,Sentinel-1A,S1A_IW_SLC__1SDV_20251107T085352_20251107T085420_061769_07B86C_AB47-SLC,SLC,DESCENDING,97,61769,646,2025-11-07T08:53:52Z,2025-11-07T08:54:20Z,S1A_IW_SLC__1SDV_20251107T085352_20251107T085420_061769_07B86C_AB47
feature_0_part_1_split_1,0,SENTINEL-1,Sentinel-1A,S1A_IW_SLC__1SDV_20251107T085417_20251107T085444_061769_07B86C_2859-SLC,SLC,DESCENDING,97,61769,651,2025-11-07T08:54:17Z,2025-11-07T08:54:44Z,S1A_IW_SLC__1SDV_20251107T085417_20251107T085444_061769_07B86C_2859
feature_0_part_1_split_1,0,SENTINEL-1,Sentinel-1A,S1A_IW_SLC__1SDV_20251107T085442_20251107T085506_061769_07B86C_959A-SLC,SLC,DESCENDING,97,61769,656,2025-11-07T08:54:42Z,2025-11-07T08:55:06Z,S1A_IW_SLC__1SDV_20251107T085442_20251107T085506_061769_07B86C_959A
feature_0_part_1_split_1,0,SENTINEL-1,Sentinel-1C,S1C_IW_SLC__1SDV_20251108T084550_20251108T084620_004920_009BAF_8121-SLC,SLC,DESCENDING,24,4920,661,2025-11-08T08:45:50Z,2025-11-08T08:46:20Z,S1C_IW_SLC__1SDV_20251108T084550_20251108T084620_004920_009BAF_8121
feature_0_part_1_split_1,0,SENTINEL-1,Sentinel-1C,S1C_IW_SLC__1SDV_20251108T084618_20251108T084645_004920_009BAF_3645-SLC,SLC,DESCENDING,24,4920,667,2025-11-08T08:46:18Z,2025-11-08T08:46:45Z,S1C_IW_SLC__1SDV_20251108T084618_20251108T084645_004920_009BAF_3645
feature_0_part_1_split_1,0,SENTINEL-1,Sentinel-1C,S1C_IW_SLC__1SDV_20251108T084643_20251108T084710_004920_009BAF_0D00-SLC,SLC,DESCENDING,24,4920,672,2025-11-08T08:46:43Z,2025-11-08T08:47:10Z,S1C_IW_SLC__1SDV_20251108T084643_20251108T084710_004920_009BAF_0D00
feature_0_part_1_split_1,0,SENTINEL-1,Sentinel-1A,S1A_IW_SLC__1SDV_20251108T093340_20251108T093408_061784_07B902_B1C6-SLC,SLC,DESCENDING,112,61784,630,2025-11-08T09:33:40Z,2025-11-08T09:34:08Z,S1A_IW_SLC__1SDV_20251108T093340_20251108T093408_061784_07B902_B1C6
feature_0_part_1_split_1,0,SENTINEL-1,Sentinel-1A,S1A_IW_SLC__1SDV_20251108T093406_20251108T093433_061784_07B902_608F-SLC,SLC,DESCENDING,112,61784,635,2025-11-08T09:34:06Z,2025-11-08T09:34:33Z,S1A_IW_SLC__1SDV_20251108T093406_20251108T093433_061784_07B902_608F
feature_0_part_1_split_1,0,SENTINEL-1,Sentinel-1A,S1A_IW_SLC__1SDV_20251108T093431_20251108T093458_061784_07B902_4AA6-SLC,SLC,DESCENDING,112,61784,640,2025-11-08T09:34:31Z,2025-11-08T09:34:58Z,S1A_IW_SLC__1SDV_20251108T093431_20251108T093458_061784_07B902_4AA6
feature_0_part_1_split_1,0,SENTINEL-1,Sentinel-1A,S1A_IW_SLC__1SDV_20251109T083328_20251109T083358_061798_07B993_51CE-SLC,SLC,DESCENDING,126,61798,599,2025-11-09T08:33:28Z,2025-11-09T08:33:58Z,S1A_IW_SLC__1SDV_20251109T083328_20251109T083358_061798_07B993_51CE
feature_0_part_1_split_1,0,SENTINEL-1,Sentinel-1A,S1A_IW_SLC__1SDV_20251109T083356_20251109T083424_061798_07B993_ED25-SLC,SLC,DESCENDING,126,61798,604,2025-11-09T08:33:56Z,2025-11-09T08:34:24Z,S1A_IW_SLC__1SDV_20251109T083356_20251109T083424_061798_07B993_ED25
feature_0_part_1_split_1,0,SENTINEL-1,Sentinel-1A,S1A_IW_SLC__1SDV_20251109T083421_20251109T083448_061798_07B993_0E30-SLC,SLC,DESCENDING,126,61798,610,2025-11-09T08:34:21Z,2025-11-09T08:34:48Z,S1A_IW_SLC__1SDV_20251109T083421_20251109T083448_061798_07B993_0E30
feature_0_part_1_split_1,0,SENTINEL-1,Sentinel-1A,S1A_IW_SLC__1SDV_20251109T083446_20251109T083513_061798_07B993_D625-SLC,SLC,DESCENDING,126,61798,614,2025-11-09T08:34:46Z,2025-11-09T08:35:13Z,S1A_IW_SLC__1SDV_20251109T083446_20251109T083513_061798_07B993_D625
feature_0_part_1_split_1,0,SENTINEL-1,Sentinel-1A,S1A_IW_SLC__1SDV_20251109T083511_20251109T083538_061798_07B993_9C51-SLC,SLC,DESCENDING,126,61798,619,2025-11-09T08:35:11Z,2025-11-09T08:35:38Z,S1A_IW_SLC__1SDV_20251109T083511_20251109T083538_061798_07B993_9C51
feature_0_part_1_split_1,0,SENTINEL-1,Sentinel-1A,S1A_IW_SLC__1SDV_20251109T083536_20251109T083603_061798_07B993_0A49-SLC,SLC,DESCENDING,126,61798,624,2025-11-09T08:35:36Z,2025-11-09T08:36:03Z,S1A_IW_SLC__1SDV_20251109T083536_20251109T083603_061798_07B993_0A49
feature_0_part_1_split_1,0,SENTINEL-1,Sentinel-1A,S1A_IW_SLC__1SDV_20251109T083601_20251109T083629_061798_07B993_4CA1-SLC,SLC,DESCENDING,126,61798,629,2025-11-09T08:36:01Z,2025-11-09T08:36:29Z,S1A_IW_SLC__1SDV_20251109T083601_20251109T083629_061798_07B993_4CA1
feature_0_part_1_split_1,0,SENTINEL-1,Sentinel-1A,S1A_IW_SLC__1SDV_20251109T083627_20251109T083653_061798_07B993_42FF-SLC,SLC,DESCENDING,126,61798,635,2025-11-09T08:36:27Z,2025-11-09T08:36:53Z,S1A_IW_SLC__1SDV_20251109T083627_20251109T083653_061798_07B993_42FF
feature_0_part_1_split_1,0,SENTINEL-1,Sentinel-1A,S1A_IW_SLC__1SDV_20251109T083651_20251109T083705_061798_07B993_9C03-SLC,SLC,DESCENDING,126,61798,639,2025-11-09T08:36:51Z,2025-11-09T08:37:05Z,S1A_IW_SLC__1SDV_20251109T083651_20251109T083705_061798_07B993_9C03
feature_0_part_1_split_1,0,SENTINEL-1,Sentinel-1A,S1A_IW_SLC__1SDV_20251109T083837_20251109T083907_061798_07B994_98AB-SLC,SLC,DESCENDING,126,61798,661,2025-11-09T08:38:37Z,2025-11-09T08:39:07Z,S1A_IW_SLC__1SDV_20251109T083837_20251109T083907_061798_07B994_98AB
feature_0_part_1_split_1,0,SENTINEL-1,Sentinel-1A,S1A_IW_SLC__1SDV_20251109T083905_20251109T083932_061798_07B994_CD19-SLC,SLC,DESCENDING,126,61798,666,2025-11-09T08:39:05Z,2025-11-09T08:39:32Z,S1A_IW_SLC__1SDV_20251109T083905_20251109T083932_061798_07B994_CD19
feature_0_part_1_split_1,0,SENTINEL-1,Sentinel-1A,S1A_IW_SLC__1SDV_20251109T083930_20251109T083957_061798_07B994_0C34-SLC,SLC,DESCENDING,126,61798,671,2025-11-09T08:39:30Z,2025-11-09T08:39:57Z,S1A_IW_SLC__1SDV_20251109T083930_20251109T083957_061798_07B994_0C34
feature_0_part_1_split_1,0,SENTINEL-1,Sentinel-1C,S1C_IW_SLC__1SDV_20251110T082743_20251110T082814_004949_009CA9_D31A-SLC,SLC,DESCENDING,53,4949,641,2025-11-10T08:27:43Z,2025-11-10T08:28:14Z,S1C_IW_SLC__1SDV_20251110T082743_20251110T082814_004949_009CA9_D31A
feature_0_part_1_split_1,0,SENTINEL-1,Sentinel-1C,S1C_IW_SLC__1SDV_20251110T082812_20251110T082839_004949_009CA9_1D24-SLC,SLC,DESCENDING,53,4949,647,2025-11-10T08:28:12Z,2025-11-10T08:28:39Z,S1C_IW_SLC__1SDV_20251110T082812_20251110T082839_004949_009CA9_1D24
feature_0_part_1_split_1,0,SENTINEL-1,Sentinel-1C,S1C_IW_SLC__1SDV_20251110T082836_20251110T082903_004949_009CA9_6B34-SLC,SLC,DESCENDING,53,4949,652,2025-11-10T08:28:36Z,2025-11-10T08:29:03Z,S1C_IW_SLC__1SDV_20251110T082836_20251110T082903_004949_009CA9_6B34
feature_0_part_1_split_1,0,SENTINEL-1,Sentinel-1C,S1C_IW_SLC__1SDV_20251110T082901_20251110T082928_004949_009CA9_2358-SLC,SLC,DESCENDING,53,4949,657,2025-11-10T08:29:01Z,2025-11-10T08:29:28Z,S1C_IW_SLC__1SDV_20251110T082901_20251110T082928_004949_009CA9_2358
feature_0_part_1_split_1,0,SENTINEL-1,Sentinel-1C,S1C_IW_SLC__1SDV_20251110T082926_20251110T082953_004949_009CA9_83DA-SLC,SLC,DESCENDING,53,4949,662,2025-11-10T08:29:26Z,2025-11-10T08:29:53Z,S1C_IW_SLC__1SDV_20251110T082926_20251110T082953_004949_009CA9_83DA
feature_0_part_1_split_1,0,SENTINEL-1,Sentinel-1C,S1C_IW_SLC__1SDV_20251110T082951_20251110T083019_004949_009CA9_96D6-SLC,SLC,DESCENDING,53,4949,667,2025-11-10T08:29:51Z,2025-11-10T08:30:19Z,S1C_IW_SLC__1SDV_20251110T082951_20251110T083019_004949_009CA9_96D6
feature_0_part_1_split_1,0,SENTINEL-1,Sentinel-1A,S1A_IW_SLC__1SDV_20251110T091721_20251110T091749_061813_07BA20_55CE-SLC,SLC,DESCENDING,141,61813,632,2025-11-10T09:17:21Z,2025-11-10T09:17:49Z,S1A_IW_SLC__1SDV_20251110T091721_20251110T091749_061813_07BA20_55CE
feature_0_part_1_split_1,0,SENTINEL-1,Sentinel-1A,S1A_IW_SLC__1SDV_20251110T091747_20251110T091814_061813_07BA20_B19E-SLC,SLC,DESCENDING,141,61813,637,2025-11-10T09:17:47Z,2025-11-10T09:18:14Z,S1A_IW_SLC__1SDV_20251110T091747_20251110T091814_061813_07BA20_B19E
feature_0_part_1_split_1,0,SENTINEL-1,Sentinel-1A,S1A_IW_SLC__1SDV_20251110T091812_20251110T091839_061813_07BA20_6AD0-SLC,SLC,DESCENDING,141,61813,642,2025-11-10T09:18:12Z,2025-11-10T09:18:39Z,S1A_IW_SLC__1SDV_20251110T091812_20251110T091839_061813_07BA20_6AD0
feature_0_part_1_split_1,0,SENTINEL-1,Sentinel-1A,S1A_IW_SLC__1SDV_20251110T091837_20251110T091904_061813_07BA20_5D22-SLC,SLC,DESCENDING,141,61813,647,2025-11-10T09:18:37Z,2025-11-10T09:19:04Z,S1A_IW_SLC__1SDV_20251110T091837_20251110T091904_061813_07BA20_5D22
feature_0_part_1_split_1,0,SENTINEL-1,Sentinel-1A,S1A_IW_SLC__1SDV_20251110T091926_20251110T091948_061813_07BA20_7C69-SLC,SLC,DESCENDING,141,61813,657,2025-11-10T09:19:26Z,2025-11-10T09:19:48Z,S1A_IW_SLC__1SDV_20251110T091926_20251110T091948_061813_07BA20_7C69
feature_0_part_1_split_1,0,SENTINEL-1,Sentinel-1C,S1C_IW_SLC__1SDV_20251110T221549_20251110T221615_004957_009CF1_97D4-SLC,SLC,ASCENDING,61,4957,1099,2025-11-10T22:15:49Z,2025-11-10T22:16:15Z,S1C_IW_SLC__1SDV_20251110T221549_20251110T221615_004957_009CF1_97D4
feature_0_part_1_split_1,0,SENTINEL-1,Sentinel-1A,S1A_IW_SLC__1SDV_20251111T082019_20251111T082046_061827_07BAAF_9380-SLC,SLC,DESCENDING,155,61827,638,2025-11-11T08:20:19Z,2025-11-11T08:20:46Z,S1A_IW_SLC__1SDV_20251111T082019_20251111T082046_061827_07BAAF_9380
feature_0_part_1_split_1,0,SENTINEL-1,Sentinel-1A,S1A_IW_SLC__1SDV_20251111T082043_20251111T082110_061827_07BAAF_26D3-SLC,SLC,DESCENDING,155,61827,643,2025-11-11T08:20:43Z,2025-11-11T08:21:10Z,S1A_IW_SLC__1SDV_20251111T082043_20251111T082110_061827_07BAAF_26D3
feature_0_part_1_split_1,0,SENTINEL-1,Sentinel-1A,S1A_IW_SLC__1SDV_20251111T082108_20251111T082122_061827_07BAAF_3C15-SLC,SLC,DESCENDING,155,61827,648,2025-11-11T08:21:08Z,2025-11-11T08:21:22Z,S1A_IW_SLC__1SDV_20251111T082108_20251111T082122_061827_07BAAF_3C15
feature_0_part_1_split_1,0,SENTINEL-1,Sentinel-1C,S1C_IW_SLC__1SDV_20251111T090950_20251111T091020_004964_009D21_FB24-SLC,SLC,DESCENDING,68,4964,653,2025-11-11T09:09:50Z,2025-11-11T09:10:20Z,S1C_IW_SLC__1SDV_20251111T090950_20251111T091020_004964_009D21_FB24
feature_0_part_1_split_1,0,SENTINEL-1,Sentinel-1C,S1C_IW_SLC__1SDV_20251111T091018_20251111T091045_004964_009D21_C8BD-SLC,SLC,DESCENDING,68,4964,659,2025-11-11T09:10:18Z,2025-11-11T09:10:45Z,S1C_IW_SLC__1SDV_20251111T091018_20251111T091045_004964_009D21_C8BD
feature_0_part_1_split_1,0,SENTINEL-1,Sentinel-1C,S1C_IW_SLC__1SDV_20251111T091043_20251111T091110_004964_009D21_81FD-SLC,SLC,DESCENDING,68,4964,663,2025-11-11T09:10:43Z,2025-11-11T09:11:10Z,S1C_IW_SLC__1SDV_20251111T091043_20251111T091110_004964_009D21_81FD
feature_0_part_1_split_1,0,SENTINEL-1,Sentinel-1C,S1C_IW_SLC__1SDV_20251111T091108_20251111T091135_004964_009D21_8D41-SLC,SLC,DESCENDING,68,4964,668,2025-11-11T09:11:08Z,2025-11-11T09:11:35Z,S1C_IW_SLC__1SDV_20251111T091108_20251111T091135_004964_009D21_8D41
feature_0_part_1_split_1,0,SENTINEL-1,Sentinel-1A,S1A_IW_SLC__1SDV_20251112T085928_20251112T085956_061842_07BB3D_4A6C-SLC,SLC,DESCENDING,170,61842,615,2025-11-12T08:59:28Z,2025-11-12T08:59:56Z,S1A_IW_SLC__1SDV_20251112T085928_20251112T085956_061842_07BB3D_4A6C
feature_0_part_1_split_1,0,SENTINEL-1,Sentinel-1A,S1A_IW_SLC__1SDV_20251112T085953_20251112T090020_061842_07BB3D_8D44-SLC,SLC,DESCENDING,170,61842,620,2025-11-12T08:59:53Z,2025-11-12T09:00:20Z,S1A_IW_SLC__1SDV_20251112T085953_20251112T090020_061842_07BB3D_8D44
feature_0_part_1_split_1,0,SENTINEL-1,Sentinel-1A,S1A_IW_SLC__1SDV_20251112T090018_20251112T090045_061842_07BB3D_2AFB-SLC,SLC,DESCENDING,170,61842,625,2025-11-12T09:00:18Z,2025-11-12T09:00:45Z,S1A_IW_SLC__1SDV_20251112T090018_20251112T090045_061842_07BB3D_2AFB
feature_0_part_1_split_1,0,SENTINEL-1,Sentinel-1A,S1A_IW_SLC__1SDV_20251112T090043_20251112T090110_061842_07BB3D_BEF2-SLC,SLC,DESCENDING,170,61842,630,2025-11-12T09:00:43Z,2025-11-12T09:01:10Z,S1A_IW_SLC__1SDV_20251112T090043_20251112T090110_061842_07BB3D_BEF2
feature_0_part_1_split_1,0,SENTINEL-1,Sentinel-1A,S1A_IW_SLC__1SDV_20251112T090108_20251112T090135_061842_07BB3D_E4C7-SLC,SLC,DESCENDING,170,61842,635,2025-11-12T09:01:08Z,2025-11-12T09:01:35Z,S1A_IW_SLC__1SDV_20251112T090108_20251112T090135_061842_07BB3D_E4C7
feature_0_part_1_split_1,0,SENTINEL-1,Sentinel-1A,S1A_IW_SLC__1SDV_20251112T090133_20251112T090200_061842_07BB3D_A2B1-SLC,SLC,DESCENDING,170,61842,640,2025-11-12T09:01:33Z,2025-11-12T09:02:00Z,S1A_IW_SLC__1SDV_20251112T090133_20251112T090200_061842_07BB3D_A2B1
feature_0_part_1_split_1,0,SENTINEL-1,Sentinel-1A,S1A_IW_SLC__1SDV_20251112T090158_20251112T090226_061842_07BB3D_A163-SLC,SLC,DESCENDING,170,61842,645,2025-11-12T09:01:58Z,2025-11-12T09:02:26Z,S1A_IW_SLC__1SDV_20251112T090158_20251112T090226_061842_07BB3D_A163
feature_0_part_1_split_1,0,SENTINEL-1,Sentinel-1A,S1A_IW_SLC__1SDV_20251112T090223_20251112T090250_061842_07BB3D_08A2-SLC,SLC,DESCENDING,170,61842,650,2025-11-12T09:02:23Z,2025-11-12T09:02:50Z,S1A_IW_SLC__1SDV_20251112T090223_20251112T090250_061842_07BB3D_08A2
feature_0_part_1_split_1,0,SENTINEL-1,Sentinel-1A,S1A_IW_SLC__1SDV_20251112T090248_20251112T090312_061842_07BB3D_0BDC-SLC,SLC,DESCENDING,170,61842,655,2025-11-12T09:02:48Z,2025-11-12T09:03:12Z,S1A_IW_SLC__1SDV_20251112T090248_20251112T090312_061842_07BB3D_0BDC
feature_0_part_1_split_1,0,SENTINEL-1,Sentinel-1A,S1A_IW_SLC__1SDV_20251112T211645_20251112T211715_061849_07BB8E_698A-SLC,SLC,ASCENDING,2,61849,1168,2025-11-12T21:16:45Z,2025-11-12T21:17:15Z,S1A_IW_SLC__1SDV_20251112T211645_20251112T211715_061849_07BB8E_698A
feature_0_part_1_split_1,0,SENTINEL-1,Sentinel-1C,S1C_IW_SLC__1SDV_20251113T085353_20251113T085423_004993_009E1B_BE17-SLC,SLC,DESCENDING,97,4993,659,2025-11-13T08:53:53Z,2025-11-13T08:54:23Z,S1C_IW_SLC__1SDV_20251113T085353_20251113T085423_004993_009E1B_BE17
feature_0_part_1_split_1,0,SENTINEL-1,Sentinel-1C,S1C_IW_SLC__1SDV_20251113T085421_20251113T085448_004993_009E1B_A1B0-SLC,SLC,DESCENDING,97,4993,665,2025-11-13T08:54:21Z,2025-11-13T08:54:48Z,S1C_IW_SLC__1SDV_20251113T085421_20251113T085448_004993_009E1B_A1B0
feature_0_part_1_split_1,0,SENTINEL-1,Sentinel-1A,S1A_IW_SLC__1SDV_20251113T094158_20251113T094226_061857_07BBD7_0E3D-SLC,SLC,DESCENDING,10,61857,631,2025-11-13T09:41:58Z,2025-11-13T09:42:26Z,S1A_IW_SLC__1SDV_20251113T094158_20251113T094226_061857_07BBD7_0E3D
feature_0_part_1_split_1,0,SENTINEL-1,Sentinel-1A,S1A_IW_SLC__1SDV_20251114T084136_20251114T084203_061871_07BC5E_4975-SLC,SLC,DESCENDING,24,61871,598,2025-11-14T08:41:36Z,2025-11-14T08:42:03Z,S1A_IW_SLC__1SDV_20251114T084136_20251114T084203_061871_07BC5E_4975
feature_0_part_1_split_1,0,SENTINEL-1,Sentinel-1A,S1A_IW_SLC__1SDV_20251114T084201_20251114T084228_061871_07BC5E_13B6-SLC,SLC,DESCENDING,24,61871,603,2025-11-14T08:42:01Z,2025-11-14T08:42:28Z,S1A_IW_SLC__1SDV_20251114T084201_20251114T084228_061871_07BC5E_13B6
feature_0_part_1_split_1,0,SENTINEL-1,Sentinel-1A,S1A_IW_SLC__1SDV_20251114T084225_20251114T084252_061871_07BC5E_38EC-SLC,SLC,DESCENDING,24,61871,608,2025-11-14T08:42:25Z,2025-11-14T08:42:52Z,S1A_IW_SLC__1SDV_20251114T084225_20251114T084252_061871_07BC5E_38EC
feature_0_part_1_split_1,0,SENTINEL-1,Sentinel-1A,S1A_IW_SLC__1SDV_20251114T084250_20251114T084317_061871_07BC5E_8212-SLC,SLC,DESCENDING,24,61871,613,2025-11-14T08:42:50Z,2025-11-14T08:43:17Z,S1A_IW_SLC__1SDV_20251114T084250_20251114T084317_061871_07BC5E_8212
feature_0_part_1_split_1,0,SENTINEL-1,Sentinel-1A,S1A_IW_SLC__1SDV_20251114T084315_20251114T084343_061871_07BC5E_248D-SLC,SLC,DESCENDING,24,61871,618,2025-11-14T08:43:15Z,2025-11-14T08:43:43Z,S1A_IW_SLC__1SDV_20251114T084315_20251114T084343_061871_07BC5E_248D
feature_0_part_1_split_1,0,SENTINEL-1,Sentinel-1A,S1A_IW_SLC__1SDV_20251114T084341_20251114T084408_061871_07BC5E_DFD3-SLC,SLC,DESCENDING,24,61871,623,2025-11-14T08:43:41Z,2025-11-14T08:44:08Z,S1A_IW_SLC__1SDV_20251114T084341_20251114T084408_061871_07BC5E_DFD3
feature_0_part_1_split_1,0,SENTINEL-1,Sentinel-1A,S1A_IW_SLC__1SDV_20251114T084406_20251114T084433_061871_07BC5E_1A70-SLC,SLC,DESCENDING,24,61871,628,2025-11-14T08:44:06Z,2025-11-14T08:44:33Z,S1A_IW_SLC__1SDV_20251114T084406_20251114T084433_061871_07BC5E_1A70
feature_0_part_1_split_1,0,SENTINEL-1,Sentinel-1A,S1A_IW_SLC__1SDV_20251114T084431_20251114T084457_061871_07BC5E_809D-SLC,SLC,DESCENDING,24,61871,633,2025-11-14T08:44:31Z,2025-11-14T08:44:57Z,S1A_IW_SLC__1SDV_20251114T084431_20251114T084457_061871_07BC5E_809D
feature_0_part_1_split_1,0,SENTINEL-1,Sentinel-1A,S1A_IW_SLC__1SDV_20251114T084455_20251114T084522_061871_07BC5E_FEAF-SLC,SLC,DESCENDING,24,61871,638,2025-11-14T08:44:55Z,2025-11-14T08:45:22Z,S1A_IW_SLC__1SDV_20251114T084455_20251114T084522_061871_07BC5E_FEAF
feature_0_part_1_split_1,0,SENTINEL-1,Sentinel-1A,S1A_IW_SLC__1SDV_20251114T084520_20251114T084547_061871_07BC5E_B80D-SLC,SLC,DESCENDING,24,61871,643,2025-11-14T08:45:20Z,2025-11-14T08:45:47Z,S1A_IW_SLC__1SDV_20251114T084520_20251114T084547_061871_07BC5E_B80D
feature_0_part_1_split_1,0,SENTINEL-1,Sentinel-1A,S1A_IW_SLC__1SDV_20251114T084545_20251114T084613_061871_07BC5E_7C84-SLC,SLC,DESCENDING,24,61871,648,2025-11-14T08:45:45Z,2025-11-14T08:46:13Z,S1A_IW_SLC__1SDV_20251114T084545_20251114T084613_061871_07BC5E_7C84
feature_0_part_1_split_1,0,SENTINEL-1,Sentinel-1A,S1A_IW_SLC__1SDV_20251114T084611_20251114T084638_061871_07BC5E_F355-SLC,SLC,DESCENDING,24,61871,653,2025-11-14T08:46:11Z,2025-11-14T08:46:38Z,S1A_IW_SLC__1SDV_20251114T084611_20251114T084638_061871_07BC5E_F355
feature_0_part_1_split_1,0,SENTINEL-1,Sentinel-1A,S1A_IW_SLC__1SDV_20251114T084636_20251114T084700_061871_07BC5E_A5CD-SLC,SLC,DESCENDING,24,61871,658,2025-11-14T08:46:36Z,2025-11-14T08:47:00Z,S1A_IW_SLC__1SDV_20251114T084636_20251114T084700_061871_07BC5E_A5CD
feature_0_part_1_split_1,0,SENTINEL-1,Sentinel-1C,S1C_IW_SLC__1SDV_20251114T093341_20251114T093412_005008_009EA3_6EE1-SLC,SLC,DESCENDING,112,5008,643,2025-11-14T09:33:41Z,2025-11-14T09:34:12Z,S1C_IW_SLC__1SDV_20251114T093341_20251114T093412_005008_009EA3_6EE1
feature_0_part_1_split_1,0,SENTINEL-1,Sentinel-1C,S1C_IW_SLC__1SDV_20251115T083552_20251115T083622_005022_009F14_3117-SLC,SLC,DESCENDING,126,5022,640,2025-11-15T08:35:52Z,2025-11-15T08:36:22Z,S1C_IW_SLC__1SDV_20251115T083552_20251115T083622_005022_009F14_3117
feature_0_part_1_split_1,0,SENTINEL-1,Sentinel-1C,S1C_IW_SLC__1SDV_20251115T083620_20251115T083647_005022_009F14_7F17-SLC,SLC,DESCENDING,126,5022,646,2025-11-15T08:36:20Z,2025-11-15T08:36:47Z,S1C_IW_SLC__1SDV_20251115T083620_20251115T083647_005022_009F14_7F17
feature_0_part_1_split_1,0,SENTINEL-1,Sentinel-1C,S1C_IW_SLC__1SDV_20251115T083645_20251115T083712_005022_009F14_2BBA-SLC,SLC,DESCENDING,126,5022,651,2025-11-15T08:36:45Z,2025-11-15T08:37:12Z,S1C_IW_SLC__1SDV_20251115T083645_20251115T083712_005022_009F14_2BBA
feature_0_part_1_split_1,0,SENTINEL-1,Sentinel-1C,S1C_IW_SLC__1SDV_20251115T083710_20251115T083737_005022_009F14_8A2B-SLC,SLC,DESCENDING,126,5022,656,2025-11-15T08:37:10Z,2025-11-15T08:37:37Z,S1C_IW_SLC__1SDV_20251115T083710_20251115T083737_005022_009F14_8A2B
feature_0_part_1_split_1,0,SENTINEL-1,Sentinel-1C,S1C_IW_SLC__1SDV_20251115T083735_20251115T083802_005022_009F14_B700-SLC,SLC,DESCENDING,126,5022,661,2025-11-15T08:37:35Z,2025-11-15T08:38:02Z,S1C_IW_SLC__1SDV_20251115T083735_20251115T083802_005022_009F14_B700
feature_0_part_1_split_1,0,SENTINEL-1,Sentinel-1C,S1C_IW_SLC__1SDV_20251115T083759_20251115T083827_005022_009F14_A46F-SLC,SLC,DESCENDING,126,5022,666,2025-11-15T08:37:59Z,2025-11-15T08:38:27Z,S1C_IW_SLC__1SDV_20251115T083759_20251115T083827_005022_009F14_A46F
feature_0_part_1_split_1,0,SENTINEL-1,Sentinel-1C,S1C_IW_SLC__1SDV_20251115T083825_20251115T083852_005022_009F14_F842-SLC,SLC,DESCENDING,126,5022,671,2025-11-15T08:38:25Z,2025-11-15T08:38:52Z,S1C_IW_SLC__1SDV_20251115T083825_20251115T083852_005022_009F14_F842
feature_0_part_1_split_1,0,SENTINEL-1,Sentinel-1C,S1C_IW_SLC__1SDV_20251115T083850_20251115T083917_005022_009F14_A2CF-SLC,SLC,DESCENDING,126,5022,676,2025-11-15T08:38:50Z,2025-11-15T08:39:17Z,S1C_IW_SLC__1SDV_20251115T083850_20251115T083917_005022_009F14_A2CF
feature_0_part_1_split_1,0,SENTINEL-1,Sentinel-1A,S1A_IW_SLC__1SDV_20251115T092528_20251115T092556_061886_07BCEB_7FE7-SLC,SLC,DESCENDING,39,61886,631,2025-11-15T09:25:28Z,2025-11-15T09:25:56Z,S1A_IW_SLC__1SDV_20251115T092528_20251115T092556_061886_07BCEB_7FE7
feature_0_part_1_split_1,0,SENTINEL-1,Sentinel-1A,S1A_IW_SLC__1SDV_20251115T092554_20251115T092621_061886_07BCEB_4B8C-SLC,SLC,DESCENDING,39,61886,636,2025-11-15T09:25:54Z,2025-11-15T09:26:21Z,S1A_IW_SLC__1SDV_20251115T092554_20251115T092621_061886_07BCEB_4B8C
feature_0_part_1_split_1,0,SENTINEL-1,Sentinel-1A,S1A_IW_SLC__1SDV_20251115T092619_20251115T092646_061886_07BCEB_C6F8-SLC,SLC,DESCENDING,39,61886,641,2025-11-15T09:26:19Z,2025-11-15T09:26:46Z,S1A_IW_SLC__1SDV_20251115T092619_20251115T092646_061886_07BCEB_C6F8
feature_0_part_1_split_1,0,SENTINEL-1,Sentinel-1A,S1A_IW_SLC__1SDV_20251115T092644_20251115T092716_061886_07BCEB_F001-SLC,SLC,DESCENDING,39,61886,646,2025-11-15T09:26:44Z,2025-11-15T09:27:16Z,S1A_IW_SLC__1SDV_20251115T092644_20251115T092716_061886_07BCEB_F001
feature_0_part_1_split_1,0,SENTINEL-1,Sentinel-1A,S1A_IW_SLC__1SDV_20251116T082522_20251116T082551_061900_07BD7F_003E-SLC,SLC,DESCENDING,53,61900,600,2025-11-16T08:25:22Z,2025-11-16T08:25:51Z,S1A_IW_SLC__1SDV_20251116T082522_20251116T082551_061900_07BD7F_003E
feature_0_part_1_split_1,0,SENTINEL-1,Sentinel-1A,S1A_IW_SLC__1SDV_20251116T082549_20251116T082617_061900_07BD7F_3AC2-SLC,SLC,DESCENDING,53,61900,606,2025-11-16T08:25:49Z,2025-11-16T08:26:17Z,S1A_IW_SLC__1SDV_20251116T082549_20251116T082617_061900_07BD7F_3AC2
feature_0_part_1_split_1,0,SENTINEL-1,Sentinel-1A,S1A_IW_SLC__1SDV_20251116T082615_20251116T082642_061900_07BD7F_65A6-SLC,SLC,DESCENDING,53,61900,611,2025-11-16T08:26:15Z,2025-11-16T08:26:42Z,S1A_IW_SLC__1SDV_20251116T082615_20251116T082642_061900_07BD7F_65A6
feature_0_part_1_split_1,0,SENTINEL-1,Sentinel-1A,S1A_IW_SLC__1SDV_20251116T082640_20251116T082707_061900_07BD7F_77FC-SLC,SLC,DESCENDING,53,61900,616,2025-11-16T08:26:40Z,2025-11-16T08:27:07Z,S1A_IW_SLC__1SDV_20251116T082640_20251116T082707_061900_07BD7F_77FC
feature_0_part_1_split_1,0,SENTINEL-1,Sentinel-1A,S1A_IW_SLC__1SDV_20251116T082754_20251116T082822_061900_07BD7F_1818-SLC,SLC,DESCENDING,53,61900,631,2025-11-16T08:27:54Z,2025-11-16T08:28:22Z,S1A_IW_SLC__1SDV_20251116T082754_20251116T082822_061900_07BD7F_1818
feature_0_part_1_split_1,0,SENTINEL-1,Sentinel-1A,S1A_IW_SLC__1SDV_20251116T082820_20251116T082847_061900_07BD7F_6793-SLC,SLC,DESCENDING,53,61900,636,2025-11-16T08:28:20Z,2025-11-16T08:28:47Z,S1A_IW_SLC__1SDV_20251116T082820_20251116T082847_061900_07BD7F_6793
feature_0_part_1_split_1,0,SENTINEL-1,Sentinel-1A,S1A_IW_SLC__1SDV_20251116T082845_20251116T082859_061900_07BD7F_B4A7-SLC,SLC,DESCENDING,53,61900,641,2025-11-16T08:28:45Z,2025-11-16T08:28:59Z,S1A_IW_SLC__1SDV_20251116T082845_20251116T082859_061900_07BD7F_B4A7
feature_0_part_1_split_1,0,SENTINEL-1,Sentinel-1C,S1C_IW_SLC__1SDV_20251116T091840_20251116T091910_005037_009F9C_6711-SLC,SLC,DESCENDING,141,5037,660,2025-11-16T09:18:40Z,2025-11-16T09:19:10Z,S1C_IW_SLC__1SDV_20251116T091840_20251116T091910_005037_009F9C_6711
feature_0_part_1_split_1,0,SENTINEL-1,Sentinel-1C,S1C_IW_SLC__1SDV_20251116T091908_20251116T091935_005037_009F9C_6D1B-SLC,SLC,DESCENDING,141,5037,666,2025-11-16T09:19:08Z,2025-11-16T09:19:35Z,S1C_IW_SLC__1SDV_20251116T091908_20251116T091935_005037_009F9C_6D1B
feature_0_part_1_split_1,0,SENTINEL-1,Sentinel-1C,S1C_IW_SLC__1SDV_20251117T082017_20251117T082048_005051_00A01A_B79C-SLC,SLC,DESCENDING,155,5051,651,2025-11-17T08:20:17Z,2025-11-17T08:20:48Z,S1C_IW_SLC__1SDV_20251117T082017_20251117T082048_005051_00A01A_B79C
feature_0_part_1_split_1,0,SENTINEL-1,Sentinel-1C,S1C_IW_SLC__1SDV_20251117T082046_20251117T082113_005051_00A01A_677C-SLC,SLC,DESCENDING,155,5051,656,2025-11-17T08:20:46Z,2025-11-17T08:21:13Z,S1C_IW_SLC__1SDV_20251117T082046_20251117T082113_005051_00A01A_677C
feature_0_part_1_split_1,0,SENTINEL-1,Sentinel-1C,S1C_IW_SLC__1SDV_20251117T220744_20251117T220805_005059_00A060_DAB3-SLC,SLC,ASCENDING,163,5059,1101,2025-11-17T22:07:44Z,2025-11-17T22:08:05Z,S1C_IW_SLC__1SDV_20251117T220744_20251117T220805_005059_00A060_DAB3
feature_0_part_1_split_1,0,SENTINEL-1,Sentinel-1C,S1C_IW_SLC__1SDV_20251118T090159_20251118T090230_005066_00A098_4F78-SLC,SLC,DESCENDING,170,5066,657,2025-11-18T09:01:59Z,2025-11-18T09:02:30Z,S1C_IW_SLC__1SDV_20251118T090159_20251118T090230_005066_00A098_4F78
feature_0_part_1_split_1,0,SENTINEL-1,Sentinel-1C,S1C_IW_SLC__1SDV_20251118T090228_20251118T090255_005066_00A098_A856-SLC,SLC,DESCENDING,170,5066,663,2025-11-18T09:02:28Z,2025-11-18T09:02:55Z,S1C_IW_SLC__1SDV_20251118T090228_20251118T090255_005066_00A098_A856
feature_0_part_1_split_1,0,SENTINEL-1,Sentinel-1C,S1C_IW_SLC__1SDV_20251118T090252_20251118T090319_005066_00A098_BEEF-SLC,SLC,DESCENDING,170,5066,668,2025-11-18T09:02:52Z,2025-11-18T09:03:19Z,S1C_IW_SLC__1SDV_20251118T090252_20251118T090319_005066_00A098_BEEF
feature_0_part_1_split_1,0,SENTINEL-1,Sentinel-1C,S1C_IW_SLC__1SDV_20251118T090317_20251118T090344_005066_00A098_3EA6-SLC,SLC,DESCENDING,170,5066,673,2025-11-18T09:03:17Z,2025-11-18T09:03:44Z,S1C_IW_SLC__1SDV_20251118T090317_20251118T090344_005066_00A098_3EA6
feature_0_part_1_split_1,0,SENTINEL-1,Sentinel-1A,S1A_IW_SLC__1SDV_20251119T085032_20251119T085059_061944_07BF35_BE56-SLC,SLC,DESCENDING,97,61944,606,2025-11-19T08:50:32Z,2025-11-19T08:50:59Z,S1A_IW_SLC__1SDV_20251119T085032_20251119T085059_061944_07BF35_BE56
feature_0_part_1_split_1,0,SENTINEL-1,Sentinel-1A,S1A_IW_SLC__1SDV_20251119T085057_20251119T085124_061944_07BF35_DDDD-SLC,SLC,DESCENDING,97,61944,611,2025-11-19T08:50:57Z,2025-11-19T08:51:24Z,S1A_IW_SLC__1SDV_20251119T085057_20251119T085124_061944_07BF35_DDDD
feature_0_part_1_split_1,0,SENTINEL-1,Sentinel-1A,S1A_IW_SLC__1SDV_20251119T085121_20251119T085149_061944_07BF35_9DAA-SLC,SLC,DESCENDING,97,61944,616,2025-11-19T08:51:21Z,2025-11-19T08:51:49Z,S1A_IW_SLC__1SDV_20251119T085121_20251119T085149_061944_07BF35_9DAA
feature_0_part_1_split_1,0,SENTINEL-1,Sentinel-1A,S1A_IW_SLC__1SDV_20251119T085147_20251119T085214_061944_07BF35_532E-SLC,SLC,DESCENDING,97,61944,621,2025-11-19T08:51:47Z,2025-11-19T08:52:14Z,S1A_IW_SLC__1SDV_20251119T085147_20251119T085214_061944_07BF35_532E
feature_0_part_1_split_1,0,SENTINEL-1,Sentinel-1A,S1A_IW_SLC__1SDV_20251119T085212_20251119T085239_061944_07BF35_9B6B-SLC,SLC,DESCENDING,97,61944,626,2025-11-19T08:52:12Z,2025-11-19T08:52:39Z,S1A_IW_SLC__1SDV_20251119T085212_20251119T085239_061944_07BF35_9B6B
feature_0_part_1_split_1,0,SENTINEL-1,Sentinel-1A,S1A_IW_SLC__1SDV_20251119T085237_20251119T085304_061944_07BF35_D073-SLC,SLC,DESCENDING,97,61944,631,2025-11-19T08:52:37Z,2025-11-19T08:53:04Z,S1A_IW_SLC__1SDV_20251119T085237_20251119T085304_061944_07BF35_D073
feature_0_part_1_split_1,0,SENTINEL-1,Sentinel-1A,S1A_IW_SLC__1SDV_20251119T085302_20251119T085329_061944_07BF35_4620-SLC,SLC,DESCENDING,97,61944,636,2025-11-19T08:53:02Z,2025-11-19T08:53:29Z,S1A_IW_SLC__1SDV_20251119T085302_20251119T085329_061944_07BF35_4620
feature_0_part_1_split_1,0,SENTINEL-1,Sentinel-1A,S1A_IW_SLC__1SDV_20251119T085327_20251119T085353_061944_07BF35_C6BE-SLC,SLC,DESCENDING,97,61944,641,2025-11-19T08:53:27Z,2025-11-19T08:53:53Z,S1A_IW_SLC__1SDV_20251119T085327_20251119T085353_061944_07BF35_C6BE
feature_0_part_1_split_1,0,SENTINEL-1,Sentinel-1A,S1A_IW_SLC__1SDV_20251119T085351_20251119T085419_061944_07BF35_ECFE-SLC,SLC,DESCENDING,97,61944,646,2025-11-19T08:53:51Z,2025-11-19T08:54:19Z,S1A_IW_SLC__1SDV_20251119T085351_20251119T085419_061944_07BF35_ECFE
feature_0_part_1_split_1,0,SENTINEL-1,Sentinel-1A,S1A_IW_SLC__1SDV_20251119T085417_20251119T085444_061944_07BF35_04CC-SLC,SLC,DESCENDING,97,61944,651,2025-11-19T08:54:17Z,2025-11-19T08:54:44Z,S1A_IW_SLC__1SDV_20251119T085417_20251119T085444_061944_07BF35_04CC
feature_0_part_1_split_1,0,SENTINEL-1,Sentinel-1A,S1A_IW_SLC__1SDV_20251119T085442_20251119T085506_061944_07BF35_1BF1-SLC,SLC,DESCENDING,97,61944,656,2025-11-19T08:54:42Z,2025-11-19T08:55:06Z,S1A_IW_SLC__1SDV_20251119T085442_20251119T085506_061944_07BF35_1BF1
feature_0_part_1_split_1,0,SENTINEL-1,Sentinel-1C,S1C_IW_SLC__1SDV_20251120T084549_20251120T084620_005095_00A189_B512-SLC,SLC,DESCENDING,24,5095,661,2025-11-20T08:45:49Z,2025-11-20T08:46:20Z,S1C_IW_SLC__1SDV_20251120T084549_20251120T084620_005095_00A189_B512
feature_0_part_1_split_1,0,SENTINEL-1,Sentinel-1C,S1C_IW_SLC__1SDV_20251120T084618_20251120T084645_005095_00A189_626A-SLC,SLC,DESCENDING,24,5095,667,2025-11-20T08:46:18Z,2025-11-20T08:46:45Z,S1C_IW_SLC__1SDV_20251120T084618_20251120T084645_005095_00A189_626A
feature_0_part_1_split_1,0,SENTINEL-1,Sentinel-1C,S1C_IW_SLC__1SDV_20251120T084643_20251120T084710_005095_00A189_EF75-SLC,SLC,DESCENDING,24,5095,672,2025-11-20T08:46:43Z,2025-11-20T08:47:10Z,S1C_IW_SLC__1SDV_20251120T084643_20251120T084710_005095_00A189_EF75
feature_0_part_1_split_1,0,SENTINEL-1,Sentinel-1A,S1A_IW_SLC__1SDV_20251120T093340_20251120T093408_061959_07BFCD_CF9A-SLC,SLC,DESCENDING,112,61959,630,2025-11-20T09:33:40Z,2025-11-20T09:34:08Z,S1A_IW_SLC__1SDV_20251120T093340_20251120T093408_061959_07BFCD_CF9A
feature_0_part_1_split_1,0,SENTINEL-1,Sentinel-1A,S1A_IW_SLC__1SDV_20251120T093406_20251120T093433_061959_07BFCD_BD27-SLC,SLC,DESCENDING,112,61959,635,2025-11-20T09:34:06Z,2025-11-20T09:34:33Z,S1A_IW_SLC__1SDV_20251120T093406_20251120T093433_061959_07BFCD_BD27
feature_0_part_1_split_1,0,SENTINEL-1,Sentinel-1A,S1A_IW_SLC__1SDV_20251120T093431_20251120T093458_061959_07BFCD_B4F5-SLC,SLC,DESCENDING,112,61959,640,2025-11-20T09:34:31Z,2025-11-20T09:34:58Z,S1A_IW_SLC__1SDV_20251120T093431_20251120T093458_061959_07BFCD_B4F5
feature_0_part_1_split_1,0,SENTINEL-1,Sentinel-1A,S1A_IW_SLC__1SDV_20251121T083328_20251121T083358_061973_07C061_60FB-SLC,SLC,DESCENDING,126,61973,599,2025-11-21T08:33:28Z,2025-11-21T08:33:58Z,S1A_IW_SLC__1SDV_20251121T083328_20251121T083358_061973_07C061_60FB
feature_0_part_1_split_1,0,SENTINEL-1,Sentinel-1A,S1A_IW_SLC__1SDV_20251121T083355_20251121T083423_061973_07C061_2679-SLC,SLC,DESCENDING,126,61973,604,2025-11-21T08:33:55Z,2025-11-21T08:34:23Z,S1A_IW_SLC__1SDV_20251121T083355_20251121T083423_061973_07C061_2679
feature_0_part_1_split_1,0,SENTINEL-1,Sentinel-1A,S1A_IW_SLC__1SDV_20251121T083421_20251121T083448_061973_07C061_2A67-SLC,SLC,DESCENDING,126,61973,610,2025-11-21T08:34:21Z,2025-11-21T08:34:48Z,S1A_IW_SLC__1SDV_20251121T083421_20251121T083448_061973_07C061_2A67
feature_0_part_1_split_1,0,SENTINEL-1,Sentinel-1A,S1A_IW_SLC__1SDV_20251121T083446_20251121T083513_061973_07C061_AF7B-SLC,SLC,DESCENDING,126,61973,614,2025-11-21T08:34:46Z,2025-11-21T08:35:13Z,S1A_IW_SLC__1SDV_20251121T083446_20251121T083513_061973_07C061_AF7B
feature_0_part_1_split_1,0,SENTINEL-1,Sentinel-1A,S1A_IW_SLC__1SDV_20251121T083511_20251121T083538_061973_07C061_8ECC-SLC,SLC,DESCENDING,126,61973,619,2025-11-21T08:35:11Z,2025-11-21T08:35:38Z,S1A_IW_SLC__1SDV_20251121T083511_20251121T083538_061973_07C061_8ECC
feature_0_part_1_split_1,0,SENTINEL-1,Sentinel-1A,S1A_IW_SLC__1SDV_20251121T083536_20251121T083603_061973_07C061_7B7E-SLC,SLC,DESCENDING,126,61973,624,2025-11-21T08:35:36Z,2025-11-21T08:36:03Z,S1A_IW_SLC__1SDV_20251121T083536_20251121T083603_061973_07C061_7B7E
feature_0_part_1_split_1,0,SENTINEL-1,Sentinel-1A,S1A_IW_SLC__1SDV_20251121T083600_20251121T083628_061973_07C061_A426-SLC,SLC,DESCENDING,126,61973,629,2025-11-21T08:36:00Z,2025-11-21T08:36:28Z,S1A_IW_SLC__1SDV_20251121T083600_20251121T083628_061973_07C061_A426
feature_0_part_1_split_1,0,SENTINEL-1,Sentinel-1A,S1A_IW_SLC__1SDV_20251121T083626_20251121T083653_061973_07C061_1DBB-SLC,SLC,DESCENDING,126,61973,635,2025-11-21T08:36:26Z,2025-11-21T08:36:53Z,S1A_IW_SLC__1SDV_20251121T083626_20251121T083653_061973_07C061_1DBB
feature_0_part_1_split_1,0,SENTINEL-1,Sentinel-1A,S1A_IW_SLC__1SDV_20251121T083651_20251121T083705_061973_07C061_75E0-SLC,SLC,DESCENDING,126,61973,639,2025-11-21T08:36:51Z,2025-11-21T08:37:05Z,S1A_IW_SLC__1SDV_20251121T083651_20251121T083705_061973_07C061_75E0
feature_0_part_1_split_1,0,SENTINEL-1,Sentinel-1A,S1A_IW_SLC__1SDV_20251121T083837_20251121T083906_061973_07C062_AB40-SLC,SLC,DESCENDING,126,61973,661,2025-11-21T08:38:37Z,2025-11-21T08:39:06Z,S1A_IW_SLC__1SDV_20251121T083837_20251121T083906_061973_07C062_AB40
feature_0_part_1_split_1,0,SENTINEL-1,Sentinel-1A,S1A_IW_SLC__1SDV_20251121T083904_20251121T083932_061973_07C062_E8DE-SLC,SLC,DESCENDING,126,61973,666,2025-11-21T08:39:04Z,2025-11-21T08:39:32Z,S1A_IW_SLC__1SDV_20251121T083904_20251121T083932_061973_07C062_E8DE
feature_0_part_1_split_1,0,SENTINEL-1,Sentinel-1A,S1A_IW_SLC__1SDV_20251121T083930_20251121T083957_061973_07C062_4761-SLC,SLC,DESCENDING,126,61973,671,2025-11-21T08:39:30Z,2025-11-21T08:39:57Z,S1A_IW_SLC__1SDV_20251121T083930_20251121T083957_061973_07C062_4761
feature_0_part_1_split_1,0,SENTINEL-1,Sentinel-1C,S1C_IW_SLC__1SDV_20251122T082743_20251122T082813_005124_00A28C_8CDF-SLC,SLC,DESCENDING,53,5124,641,2025-11-22T08:27:43Z,2025-11-22T08:28:13Z,S1C_IW_SLC__1SDV_20251122T082743_20251122T082813_005124_00A28C_8CDF
feature_0_part_1_split_1,0,SENTINEL-1,Sentinel-1C,S1C_IW_SLC__1SDV_20251122T082811_20251122T082838_005124_00A28C_4F76-SLC,SLC,DESCENDING,53,5124,647,2025-11-22T08:28:11Z,2025-11-22T08:28:38Z,S1C_IW_SLC__1SDV_20251122T082811_20251122T082838_005124_00A28C_4F76
feature_0_part_1_split_1,0,SENTINEL-1,Sentinel-1C,S1C_IW_SLC__1SDV_20251122T082836_20251122T082903_005124_00A28C_66B7-SLC,SLC,DESCENDING,53,5124,652,2025-11-22T08:28:36Z,2025-11-22T08:29:03Z,S1C_IW_SLC__1SDV_20251122T082836_20251122T082903_005124_00A28C_66B7
feature_0_part_1_split_1,0,SENTINEL-1,Sentinel-1C,S1C_IW_SLC__1SDV_20251122T082901_20251122T082928_005124_00A28C_C146-SLC,SLC,DESCENDING,53,5124,657,2025-11-22T08:29:01Z,2025-11-22T08:29:28Z,S1C_IW_SLC__1SDV_20251122T082901_20251122T082928_005124_00A28C_C146
feature_0_part_1_split_1,0,SENTINEL-1,Sentinel-1C,S1C_IW_SLC__1SDV_20251122T082926_20251122T082953_005124_00A28C_DC03-SLC,SLC,DESCENDING,53,5124,662,2025-11-22T08:29:26Z,2025-11-22T08:29:53Z,S1C_IW_SLC__1SDV_20251122T082926_20251122T082953_005124_00A28C_DC03
feature_0_part_1_split_1,0,SENTINEL-1,Sentinel-1C,S1C_IW_SLC__1SDV_20251122T082950_20251122T083018_005124_00A28C_8873-SLC,SLC,DESCENDING,53,5124,667,2025-11-22T08:29:50Z,2025-11-22T08:30:18Z,S1C_IW_SLC__1SDV_20251122T082950_20251122T083018_005124_00A28C_8873
feature_0_part_1_split_1,0,SENTINEL-1,Sentinel-1A,S1A_IW_SLC__1SDV_20251122T091721_20251122T091749_061988_07C0EF_C3EB-SLC,SLC,DESCENDING,141,61988,632,2025-11-22T09:17:21Z,2025-11-22T09:17:49Z,S1A_IW_SLC__1SDV_20251122T091721_20251122T091749_061988_07C0EF_C3EB
feature_0_part_1_split_1,0,SENTINEL-1,Sentinel-1A,S1A_IW_SLC__1SDV_20251122T091747_20251122T091814_061988_07C0EF_C4B8-SLC,SLC,DESCENDING,141,61988,637,2025-11-22T09:17:47Z,2025-11-22T09:18:14Z,S1A_IW_SLC__1SDV_20251122T091747_20251122T091814_061988_07C0EF_C4B8
feature_0_part_1_split_1,0,SENTINEL-1,Sentinel-1A,S1A_IW_SLC__1SDV_20251122T091812_20251122T091839_061988_07C0EF_EBEA-SLC,SLC,DESCENDING,141,61988,642,2025-11-22T09:18:12Z,2025-11-22T09:18:39Z,S1A_IW_SLC__1SDV_20251122T091812_20251122T091839_061988_07C0EF_EBEA
feature_0_part_1_split_1,0,SENTINEL-1,Sentinel-1A,S1A_IW_SLC__1SDV_20251122T091836_20251122T091903_061988_07C0EF_2832-SLC,SLC,DESCENDING,141,61988,647,2025-11-22T09:18:36Z,2025-11-22T09:19:03Z,S1A_IW_SLC__1SDV_20251122T091836_20251122T091903_061988_07C0EF_2832
feature_0_part_1_split_1,0,SENTINEL-1,Sentinel-1A,S1A_IW_SLC__1SDV_20251122T091926_20251122T091948_061988_07C0EF_DC4C-SLC,SLC,DESCENDING,141,61988,657,2025-11-22T09:19:26Z,2025-11-22T09:19:48Z,S1A_IW_SLC__1SDV_20251122T091926_20251122T091948_061988_07C0EF_DC4C
feature_0_part_1_split_1,0,SENTINEL-1,Sentinel-1C,S1C_IW_SLC__1SDV_20251122T221548_20251122T221614_005132_00A2D4_2F83-SLC,SLC,ASCENDING,61,5132,1099,2025-11-22T22:15:48Z,2025-11-22T22:16:14Z,S1C_IW_SLC__1SDV_20251122T221548_20251122T221614_005132_00A2D4_2F83
feature_0_part_1_split_1,0,SENTINEL-1,Sentinel-1A,S1A_IW_SLC__1SDV_20251123T082018_20251123T082045_062002_07C182_2D13-SLC,SLC,DESCENDING,155,62002,638,2025-11-23T08:20:18Z,2025-11-23T08:20:45Z,S1A_IW_SLC__1SDV_20251123T082018_20251123T082045_062002_07C182_2D13
feature_0_part_1_split_1,0,SENTINEL-1,Sentinel-1A,S1A_IW_SLC__1SDV_20251123T082043_20251123T082110_062002_07C182_243C-SLC,SLC,DESCENDING,155,62002,643,2025-11-23T08:20:43Z,2025-11-23T08:21:10Z,S1A_IW_SLC__1SDV_20251123T082043_20251123T082110_062002_07C182_243C
feature_0_part_1_split_1,0,SENTINEL-1,Sentinel-1A,S1A_IW_SLC__1SDV_20251123T082108_20251123T082122_062002_07C182_66C0-SLC,SLC,DESCENDING,155,62002,648,2025-11-23T08:21:08Z,2025-11-23T08:21:22Z,S1A_IW_SLC__1SDV_20251123T082108_20251123T082122_062002_07C182_66C0
feature_0_part_1_split_1,0,SENTINEL-1,Sentinel-1C,S1C_IW_SLC__1SDV_20251123T090949_20251123T091020_005139_00A30B_1AE8-SLC,SLC,DESCENDING,68,5139,653,2025-11-23T09:09:49Z,2025-11-23T09:10:20Z,S1C_IW_SLC__1SDV_20251123T090949_20251123T091020_005139_00A30B_1AE8
feature_0_part_1_split_1,0,SENTINEL-1,Sentinel-1C,S1C_IW_SLC__1SDV_20251123T091018_20251123T091045_005139_00A30B_4DAF-SLC,SLC,DESCENDING,68,5139,659,2025-11-23T09:10:18Z,2025-11-23T09:10:45Z,S1C_IW_SLC__1SDV_20251123T091018_20251123T091045_005139_00A30B_4DAF
feature_0_part_1_split_1,0,SENTINEL-1,Sentinel-1C,S1C_IW_SLC__1SDV_20251123T091043_20251123T091110_005139_00A30B_892A-SLC,SLC,DESCENDING,68,5139,663,2025-11-23T09:10:43Z,2025-11-23T09:11:10Z,S1C_IW_SLC__1SDV_20251123T091043_20251123T091110_005139_00A30B_892A
feature_0_part_1_split_1,0,SENTINEL-1,Sentinel-1C,S1C_IW_SLC__1SDV_20251123T091107_20251123T091134_005139_00A30B_F641-SLC,SLC,DESCENDING,68,5139,668,2025-11-23T09:11:07Z,2025-11-23T09:11:34Z,S1C_IW_SLC__1SDV_20251123T091107_20251123T091134_005139_00A30B_F641
feature_0_part_1_split_1,0,SENTINEL-1,Sentinel-1A,S1A_IW_SLC__1SDV_20251124T085927_20251124T085955_062017_07C20F_EAD3-SLC,SLC,DESCENDING,170,62017,615,2025-11-24T08:59:27Z,2025-11-24T08:59:55Z,S1A_IW_SLC__1SDV_20251124T085927_20251124T085955_062017_07C20F_EAD3
feature_0_part_1_split_1,0,SENTINEL-1,Sentinel-1A,S1A_IW_SLC__1SDV_20251124T085953_20251124T090020_062017_07C20F_01A7-SLC,SLC,DESCENDING,170,62017,620,2025-11-24T08:59:53Z,2025-11-24T09:00:20Z,S1A_IW_SLC__1SDV_20251124T085953_20251124T090020_062017_07C20F_01A7
feature_0_part_1_split_1,0,SENTINEL-1,Sentinel-1A,S1A_IW_SLC__1SDV_20251124T090018_20251124T090045_062017_07C20F_5D11-SLC,SLC,DESCENDING,170,62017,625,2025-11-24T09:00:18Z,2025-11-24T09:00:45Z,S1A_IW_SLC__1SDV_20251124T090018_20251124T090045_062017_07C20F_5D11
feature_0_part_1_split_1,0,SENTINEL-1,Sentinel-1A,S1A_IW_SLC__1SDV_20251124T090043_20251124T090109_062017_07C20F_896B-SLC,SLC,DESCENDING,170,62017,630,2025-11-24T09:00:43Z,2025-11-24T09:01:09Z,S1A_IW_SLC__1SDV_20251124T090043_20251124T090109_062017_07C20F_896B
feature_0_part_1_split_1,0,SENTINEL-1,Sentinel-1A,S1A_IW_SLC__1SDV_20251124T090107_20251124T090134_062017_07C20F_F944-SLC,SLC,DESCENDING,170,62017,635,2025-11-24T09:01:07Z,2025-11-24T09:01:34Z,S1A_IW_SLC__1SDV_20251124T090107_20251124T090134_062017_07C20F_F944
feature_0_part_1_split_1,0,SENTINEL-1,Sentinel-1A,S1A_IW_SLC__1SDV_20251124T090132_20251124T090159_062017_07C20F_FB33-SLC,SLC,DESCENDING,170,62017,640,2025-11-24T09:01:32Z,2025-11-24T09:01:59Z,S1A_IW_SLC__1SDV_20251124T090132_20251124T090159_062017_07C20F_FB33
feature_0_part_1_split_1,0,SENTINEL-1,Sentinel-1A,S1A_IW_SLC__1SDV_20251124T090157_20251124T090225_062017_07C20F_15E0-SLC,SLC,DESCENDING,170,62017,645,2025-11-24T09:01:57Z,2025-11-24T09:02:25Z,S1A_IW_SLC__1SDV_20251124T090157_20251124T090225_062017_07C20F_15E0
feature_0_part_1_split_1,0,SENTINEL-1,Sentinel-1A,S1A_IW_SLC__1SDV_20251124T090223_20251124T090250_062017_07C20F_317A-SLC,SLC,DESCENDING,170,62017,650,2025-11-24T09:02:23Z,2025-11-24T09:02:50Z,S1A_IW_SLC__1SDV_20251124T090223_20251124T090250_062017_07C20F_317A
feature_0_part_1_split_1,0,SENTINEL-1,Sentinel-1A,S1A_IW_SLC__1SDV_20251124T090247_20251124T090312_062017_07C20F_563D-SLC,SLC,DESCENDING,170,62017,655,2025-11-24T09:02:47Z,2025-11-24T09:03:12Z,S1A_IW_SLC__1SDV_20251124T090247_20251124T090312_062017_07C20F_563D
feature_0_part_1_split_1,0,SENTINEL-1,Sentinel-1A,S1A_IW_SLC__1SDV_20251124T211644_20251124T211714_062024_07C25D_5B76-SLC,SLC,ASCENDING,2,62024,1168,2025-11-24T21:16:44Z,2025-11-24T21:17:14Z,S1A_IW_SLC__1SDV_20251124T211644_20251124T211714_062024_07C25D_5B76
feature_0_part_1_split_1,0,SENTINEL-1,Sentinel-1C,S1C_IW_SLC__1SDV_20251125T085352_20251125T085423_005168_00A40A_0D6E-SLC,SLC,DESCENDING,97,5168,659,2025-11-25T08:53:52Z,2025-11-25T08:54:23Z,S1C_IW_SLC__1SDV_20251125T085352_20251125T085423_005168_00A40A_0D6E
feature_0_part_1_split_1,0,SENTINEL-1,Sentinel-1C,S1C_IW_SLC__1SDV_20251125T085421_20251125T085448_005168_00A40A_00D4-SLC,SLC,DESCENDING,97,5168,665,2025-11-25T08:54:21Z,2025-11-25T08:54:48Z,S1C_IW_SLC__1SDV_20251125T085421_20251125T085448_005168_00A40A_00D4
feature_0_part_1_split_1,0,SENTINEL-1,Sentinel-1A,S1A_IW_SLC__1SDV_20251125T094158_20251125T094226_062032_07C2A7_1882-SLC,SLC,DESCENDING,10,62032,631,2025-11-25T09:41:58Z,2025-11-25T09:42:26Z,S1A_IW_SLC__1SDV_20251125T094158_20251125T094226_062032_07C2A7_1882
feature_0_part_1_split_1,0,SENTINEL-1,Sentinel-1A,S1A_IW_SLC__1SDV_20251126T084135_20251126T084202_062046_07C335_2F73-SLC,SLC,DESCENDING,24,62046,598,2025-11-26T08:41:35Z,2025-11-26T08:42:02Z,S1A_IW_SLC__1SDV_20251126T084135_20251126T084202_062046_07C335_2F73
feature_0_part_1_split_1,0,SENTINEL-1,Sentinel-1A,S1A_IW_SLC__1SDV_20251126T084200_20251126T084227_062046_07C335_ED5E-SLC,SLC,DESCENDING,24,62046,603,2025-11-26T08:42:00Z,2025-11-26T08:42:27Z,S1A_IW_SLC__1SDV_20251126T084200_20251126T084227_062046_07C335_ED5E
feature_0_part_1_split_1,0,SENTINEL-1,Sentinel-1A,S1A_IW_SLC__1SDV_20251126T084225_20251126T084252_062046_07C335_EA4E-SLC,SLC,DESCENDING,24,62046,608,2025-11-26T08:42:25Z,2025-11-26T08:42:52Z,S1A_IW_SLC__1SDV_20251126T084225_20251126T084252_062046_07C335_EA4E
feature_0_part_1_split_1,0,SENTINEL-1,Sentinel-1A,S1A_IW_SLC__1SDV_20251126T084250_20251126T084316_062046_07C335_0B00-SLC,SLC,DESCENDING,24,62046,613,2025-11-26T08:42:50Z,2025-11-26T08:43:16Z,S1A_IW_SLC__1SDV_20251126T084250_20251126T084316_062046_07C335_0B00
feature_0_part_1_split_1,0,SENTINEL-1,Sentinel-1A,S1A_IW_SLC__1SDV_20251126T084314_20251126T084342_062046_07C335_74D2-SLC,SLC,DESCENDING,24,62046,618,2025-11-26T08:43:14Z,2025-11-26T08:43:42Z,S1A_IW_SLC__1SDV_20251126T084314_20251126T084342_062046_07C335_74D2
feature_0_part_1_split_1,0,SENTINEL-1,Sentinel-1A,S1A_IW_SLC__1SDV_20251126T084340_20251126T084407_062046_07C335_7B99-SLC,SLC,DESCENDING,24,62046,623,2025-11-26T08:43:40Z,2025-11-26T08:44:07Z,S1A_IW_SLC__1SDV_20251126T084340_20251126T084407_062046_07C335_7B99
feature_0_part_1_split_1,0,SENTINEL-1,Sentinel-1A,S1A_IW_SLC__1SDV_20251126T084405_20251126T084432_062046_07C335_C498-SLC,SLC,DESCENDING,24,62046,628,2025-11-26T08:44:05Z,2025-11-26T08:44:32Z,S1A_IW_SLC__1SDV_20251126T084405_20251126T084432_062046_07C335_C498
feature_0_part_1_split_1,0,SENTINEL-1,Sentinel-1A,S1A_IW_SLC__1SDV_20251126T084430_20251126T084457_062046_07C335_41EC-SLC,SLC,DESCENDING,24,62046,633,2025-11-26T08:44:30Z,2025-11-26T08:44:57Z,S1A_IW_SLC__1SDV_20251126T084430_20251126T084457_062046_07C335_41EC
feature_0_part_1_split_1,0,SENTINEL-1,Sentinel-1A,S1A_IW_SLC__1SDV_20251126T084455_20251126T084522_062046_07C335_0A42-SLC,SLC,DESCENDING,24,62046,638,2025-11-26T08:44:55Z,2025-11-26T08:45:22Z,S1A_IW_SLC__1SDV_20251126T084455_20251126T084522_062046_07C335_0A42
feature_0_part_1_split_1,0,SENTINEL-1,Sentinel-1A,S1A_IW_SLC__1SDV_20251126T084519_20251126T084546_062046_07C335_428F-SLC,SLC,DESCENDING,24,62046,643,2025-11-26T08:45:19Z,2025-11-26T08:45:46Z,S1A_IW_SLC__1SDV_20251126T084519_20251126T084546_062046_07C335_428F
feature_0_part_1_split_1,0,SENTINEL-1,Sentinel-1A,S1A_IW_SLC__1SDV_20251126T084544_20251126T084612_062046_07C335_06A5-SLC,SLC,DESCENDING,24,62046,648,2025-11-26T08:45:44Z,2025-11-26T08:46:12Z,S1A_IW_SLC__1SDV_20251126T084544_20251126T084612_062046_07C335_06A5
feature_0_part_1_split_1,0,SENTINEL-1,Sentinel-1A,S1A_IW_SLC__1SDV_20251126T084610_20251126T084637_062046_07C335_41E6-SLC,SLC,DESCENDING,24,62046,653,2025-11-26T08:46:10Z,2025-11-26T08:46:37Z,S1A_IW_SLC__1SDV_20251126T084610_20251126T084637_062046_07C335_41E6
feature_0_part_1_split_1,0,SENTINEL-1,Sentinel-1A,S1A_IW_SLC__1SDV_20251126T084635_20251126T084659_062046_07C335_8407-SLC,SLC,DESCENDING,24,62046,658,2025-11-26T08:46:35Z,2025-11-26T08:46:59Z,S1A_IW_SLC__1SDV_20251126T084635_20251126T084659_062046_07C335_8407
feature_0_part_1_split_1,0,SENTINEL-1,Sentinel-1C,S1C_IW_SLC__1SDV_20251126T093341_20251126T093412_005183_00A48D_A06E-SLC,SLC,DESCENDING,112,5183,643,2025-11-26T09:33:41Z,2025-11-26T09:34:12Z,S1C_IW_SLC__1SDV_20251126T093341_20251126T093412_005183_00A48D_A06E
feature_0_part_1_split_1,0,SENTINEL-1,Sentinel-1A,S1A_IW_SLC__1SDV_20251127T092527_20251127T092555_062061_07C3C4_9124-SLC,SLC,DESCENDING,39,62061,631,2025-11-27T09:25:27Z,2025-11-27T09:25:55Z,S1A_IW_SLC__1SDV_20251127T092527_20251127T092555_062061_07C3C4_9124
feature_0_part_1_split_1,0,SENTINEL-1,Sentinel-1A,S1A_IW_SLC__1SDV_20251127T092553_20251127T092620_062061_07C3C4_16AC-SLC,SLC,DESCENDING,39,62061,636,2025-11-27T09:25:53Z,2025-11-27T09:26:20Z,S1A_IW_SLC__1SDV_20251127T092553_20251127T092620_062061_07C3C4_16AC
feature_0_part_1_split_1,0,SENTINEL-1,Sentinel-1A,S1A_IW_SLC__1SDV_20251127T092618_20251127T092645_062061_07C3C4_9632-SLC,SLC,DESCENDING,39,62061,641,2025-11-27T09:26:18Z,2025-11-27T09:26:45Z,S1A_IW_SLC__1SDV_20251127T092618_20251127T092645_062061_07C3C4_9632
feature_0_part_1_split_1,0,SENTINEL-1,Sentinel-1A,S1A_IW_SLC__1SDV_20251127T092643_20251127T092715_062061_07C3C4_D908-SLC,SLC,DESCENDING,39,62061,646,2025-11-27T09:26:43Z,2025-11-27T09:27:15Z,S1A_IW_SLC__1SDV_20251127T092643_20251127T092715_062061_07C3C4_D908
feature_0_part_1_split_1,0,SENTINEL-1,Sentinel-1A,S1A_IW_SLC__1SDV_20251128T082521_20251128T082550_062075_07C457_DDB6-SLC,SLC,DESCENDING,53,62075,600,2025-11-28T08:25:21Z,2025-11-28T08:25:50Z,S1A_IW_SLC__1SDV_20251128T082521_20251128T082550_062075_07C457_DDB6
feature_0_part_1_split_1,0,SENTINEL-1,Sentinel-1A,S1A_IW_SLC__1SDV_20251128T082548_20251128T082616_062075_07C457_D423-SLC,SLC,DESCENDING,53,62075,606,2025-11-28T08:25:48Z,2025-11-28T08:26:16Z,S1A_IW_SLC__1SDV_20251128T082548_20251128T082616_062075_07C457_D423
feature_0_part_1_split_1,0,SENTINEL-1,Sentinel-1A,S1A_IW_SLC__1SDV_20251128T082614_20251128T082641_062075_07C457_F40F-SLC,SLC,DESCENDING,53,62075,611,2025-11-28T08:26:14Z,2025-11-28T08:26:41Z,S1A_IW_SLC__1SDV_20251128T082614_20251128T082641_062075_07C457_F40F
feature_0_part_1_split_1,0,SENTINEL-1,Sentinel-1A,S1A_IW_SLC__1SDV_20251128T082639_20251128T082706_062075_07C457_87CE-SLC,SLC,DESCENDING,53,62075,616,2025-11-28T08:26:39Z,2025-11-28T08:27:06Z,S1A_IW_SLC__1SDV_20251128T082639_20251128T082706_062075_07C457_87CE
feature_0_part_1_split_1,0,SENTINEL-1,Sentinel-1A,S1A_IW_SLC__1SDV_20251128T082753_20251128T082821_062075_07C457_2B90-SLC,SLC,DESCENDING,53,62075,631,2025-11-28T08:27:53Z,2025-11-28T08:28:21Z,S1A_IW_SLC__1SDV_20251128T082753_20251128T082821_062075_07C457_2B90
feature_0_part_1_split_1,0,SENTINEL-1,Sentinel-1A,S1A_IW_SLC__1SDV_20251128T082819_20251128T082846_062075_07C457_FEBD-SLC,SLC,DESCENDING,53,62075,636,2025-11-28T08:28:19Z,2025-11-28T08:28:46Z,S1A_IW_SLC__1SDV_20251128T082819_20251128T082846_062075_07C457_FEBD
feature_0_part_1_split_1,0,SENTINEL-1,Sentinel-1A,S1A_IW_SLC__1SDV_20251128T082844_20251128T082858_062075_07C457_43B6-SLC,SLC,DESCENDING,53,62075,641,2025-11-28T08:28:44Z,2025-11-28T08:28:58Z,S1A_IW_SLC__1SDV_20251128T082844_20251128T082858_062075_07C457_43B6
feature_0_part_1_split_1,0,SENTINEL-1,Sentinel-1C,S1C_IW_SLC__1SDV_20251128T091839_20251128T091910_005212_00A57D_3A50-SLC,SLC,DESCENDING,141,5212,660,2025-11-28T09:18:39Z,2025-11-28T09:19:10Z,S1C_IW_SLC__1SDV_20251128T091839_20251128T091910_005212_00A57D_3A50
feature_0_part_1_split_1,0,SENTINEL-1,Sentinel-1C,S1C_IW_SLC__1SDV_20251128T091908_20251128T091935_005212_00A57D_67E6-SLC,SLC,DESCENDING,141,5212,666,2025-11-28T09:19:08Z,2025-11-28T09:19:35Z,S1C_IW_SLC__1SDV_20251128T091908_20251128T091935_005212_00A57D_67E6
feature_0_part_1_split_1,0,SENTINEL-1,Sentinel-1C,S1C_IW_SLC__1SDV_20251129T082017_20251129T082047_005226_00A5F9_20DC-SLC,SLC,DESCENDING,155,5226,651,2025-11-29T08:20:17Z,2025-11-29T08:20:47Z,S1C_IW_SLC__1SDV_20251129T082017_20251129T082047_005226_00A5F9_20DC
feature_0_part_1_split_1,0,SENTINEL-1,Sentinel-1C,S1C_IW_SLC__1SDV_20251129T082045_20251129T082112_005226_00A5F9_A92E-SLC,SLC,DESCENDING,155,5226,656,2025-11-29T08:20:45Z,2025-11-29T08:21:12Z,S1C_IW_SLC__1SDV_20251129T082045_20251129T082112_005226_00A5F9_A92E
feature_0_part_1_split_1,0,SENTINEL-1,Sentinel-1A,S1A_IW_SLC__1SDV_20251129T090833_20251129T090859_062090_07C4F3_70DA-SLC,SLC,DESCENDING,68,62090,625,2025-11-29T09:08:33Z,2025-11-29T09:08:59Z,S1A_IW_SLC__1SDV_20251129T090833_20251129T090859_062090_07C4F3_70DA
feature_0_part_1_split_1,0,SENTINEL-1,Sentinel-1A,S1A_IW_SLC__1SDV_20251129T090922_20251129T090950_062090_07C4F3_7521-SLC,SLC,DESCENDING,68,62090,635,2025-11-29T09:09:22Z,2025-11-29T09:09:50Z,S1A_IW_SLC__1SDV_20251129T090922_20251129T090950_062090_07C4F3_7521
feature_0_part_1_split_1,0,SENTINEL-1,Sentinel-1A,S1A_IW_SLC__1SDV_20251129T090948_20251129T091015_062090_07C4F3_6137-SLC,SLC,DESCENDING,68,62090,640,2025-11-29T09:09:48Z,2025-11-29T09:10:15Z,S1A_IW_SLC__1SDV_20251129T090948_20251129T091015_062090_07C4F3_6137
feature_0_part_1_split_1,0,SENTINEL-1,Sentinel-1A,S1A_IW_SLC__1SDV_20251129T091013_20251129T091040_062090_07C4F3_B4BD-SLC,SLC,DESCENDING,68,62090,645,2025-11-29T09:10:13Z,2025-11-29T09:10:40Z,S1A_IW_SLC__1SDV_20251129T091013_20251129T091040_062090_07C4F3_B4BD
feature_0_part_1_split_1,0,SENTINEL-1,Sentinel-1A,S1A_IW_SLC__1SDV_20251129T091038_20251129T091059_062090_07C4F3_B5FC-SLC,SLC,DESCENDING,68,62090,650,2025-11-29T09:10:38Z,2025-11-29T09:10:59Z,S1A_IW_SLC__1SDV_20251129T091038_20251129T091059_062090_07C4F3_B5FC
feature_0_part_1_split_1,0,SENTINEL-1,Sentinel-1C,S1C_IW_SLC__1SDV_20251129T220744_20251129T220804_005234_00A63F_048A-SLC,SLC,ASCENDING,163,5234,1101,2025-11-29T22:07:44Z,2025-11-29T22:08:04Z,S1C_IW_SLC__1SDV_20251129T220744_20251129T220804_005234_00A63F_048A
feature_0_part_1_split_1,0,SENTINEL-1,Sentinel-1C,S1C_IW_SLC__1SDV_20251130T090158_20251130T090229_005241_00A678_3539-SLC,SLC,DESCENDING,170,5241,657,2025-11-30T09:01:58Z,2025-11-30T09:02:29Z,S1C_IW_SLC__1SDV_20251130T090158_20251130T090229_005241_00A678_3539
feature_0_part_1_split_1,0,SENTINEL-1,Sentinel-1C,S1C_IW_SLC__1SDV_20251130T090227_20251130T090254_005241_00A678_F2F3-SLC,SLC,DESCENDING,170,5241,663,2025-11-30T09:02:27Z,2025-11-30T09:02:54Z,S1C_IW_SLC__1SDV_20251130T090227_20251130T090254_005241_00A678_F2F3
feature_0_part_1_split_1,0,SENTINEL-1,Sentinel-1C,S1C_IW_SLC__1SDV_20251130T090252_20251130T090319_005241_00A678_4EE6-SLC,SLC,DESCENDING,170,5241,668,2025-11-30T09:02:52Z,2025-11-30T09:03:19Z,S1C_IW_SLC__1SDV_20251130T090252_20251130T090319_005241_00A678_4EE6
feature_0_part_1_split_1,0,SENTINEL-1,Sentinel-1C,S1C_IW_SLC__1SDV_20251130T090317_20251130T090344_005241_00A678_D875-SLC,SLC,DESCENDING,170,5241,673,2025-11-30T09:03:17Z,2025-11-30T09:03:44Z,S1C_IW_SLC__1SDV_20251130T090317_20251130T090344_005241_00A678_D875
feature_0_part_1_split_1,0,SENTINEL-1,Sentinel-1A,S1A_IW_SLC__1SDV_20251201T085031_20251201T085058_062119_07C60A_713B-SLC,SLC,DESCENDING,97,62119,606,2025-12-01T08:50:31Z,2025-12-01T08:50:58Z,S1A_IW_SLC__1SDV_20251201T085031_20251201T085058_062119_07C60A_713B
feature_0_part_1_split_1,0,SENTINEL-1,Sentinel-1A,S1A_IW_SLC__1SDV_20251201T085055_20251201T085122_062119_07C60A_15C6-SLC,SLC,DESCENDING,97,62119,611,2025-12-01T08:50:55Z,2025-12-01T08:51:22Z,S1A_IW_SLC__1SDV_20251201T085055_20251201T085122_062119_07C60A_15C6
feature_0_part_1_split_1,0,SENTINEL-1,Sentinel-1A,S1A_IW_SLC__1SDV_20251201T085120_20251201T085148_062119_07C60A_6086-SLC,SLC,DESCENDING,97,62119,616,2025-12-01T08:51:20Z,2025-12-01T08:51:48Z,S1A_IW_SLC__1SDV_20251201T085120_20251201T085148_062119_07C60A_6086
feature_0_part_1_split_1,0,SENTINEL-1,Sentinel-1A,S1A_IW_SLC__1SDV_20251201T085146_20251201T085213_062119_07C60A_33E7-SLC,SLC,DESCENDING,97,62119,621,2025-12-01T08:51:46Z,2025-12-01T08:52:13Z,S1A_IW_SLC__1SDV_20251201T085146_20251201T085213_062119_07C60A_33E7
feature_0_part_1_split_1,0,SENTINEL-1,Sentinel-1A,S1A_IW_SLC__1SDV_20251201T085211_20251201T085238_062119_07C60A_A4D5-SLC,SLC,DESCENDING,97,62119,626,2025-12-01T08:52:11Z,2025-12-01T08:52:38Z,S1A_IW_SLC__1SDV_20251201T085211_20251201T085238_062119_07C60A_A4D5
feature_0_part_1_split_1,0,SENTINEL-1,Sentinel-1A,S1A_IW_SLC__1SDV_20251201T085236_20251201T085303_062119_07C60A_38BB-SLC,SLC,DESCENDING,97,62119,631,2025-12-01T08:52:36Z,2025-12-01T08:53:03Z,S1A_IW_SLC__1SDV_20251201T085236_20251201T085303_062119_07C60A_38BB
feature_0_part_1_split_1,0,SENTINEL-1,Sentinel-1A,S1A_IW_SLC__1SDV_20251201T085300_20251201T085327_062119_07C60A_348D-SLC,SLC,DESCENDING,97,62119,636,2025-12-01T08:53:00Z,2025-12-01T08:53:27Z,S1A_IW_SLC__1SDV_20251201T085300_20251201T085327_062119_07C60A_348D
feature_0_part_1_split_1,0,SENTINEL-1,Sentinel-1A,S1A_IW_SLC__1SDV_20251201T085325_20251201T085352_062119_07C60A_7D59-SLC,SLC,DESCENDING,97,62119,641,2025-12-01T08:53:25Z,2025-12-01T08:53:52Z,S1A_IW_SLC__1SDV_20251201T085325_20251201T085352_062119_07C60A_7D59
feature_0_part_1_split_1,0,SENTINEL-1,Sentinel-1A,S1A_IW_SLC__1SDV_20251201T085350_20251201T085418_062119_07C60A_691D-SLC,SLC,DESCENDING,97,62119,646,2025-12-01T08:53:50Z,2025-12-01T08:54:18Z,S1A_IW_SLC__1SDV_20251201T085350_20251201T085418_062119_07C60A_691D
feature_0_part_1_split_1,0,SENTINEL-1,Sentinel-1A,S1A_IW_SLC__1SDV_20251201T085416_20251201T085443_062119_07C60A_09C4-SLC,SLC,DESCENDING,97,62119,651,2025-12-01T08:54:16Z,2025-12-01T08:54:43Z,S1A_IW_SLC__1SDV_20251201T085416_20251201T085443_062119_07C60A_09C4
feature_0_part_1_split_1,0,SENTINEL-1,Sentinel-1A,S1A_IW_SLC__1SDV_20251201T085441_20251201T085505_062119_07C60A_4E82-SLC,SLC,DESCENDING,97,62119,656,2025-12-01T08:54:41Z,2025-12-01T08:55:05Z,S1A_IW_SLC__1SDV_20251201T085441_20251201T085505_062119_07C60A_4E82
feature_0_part_1_split_1,0,SENTINEL-1,Sentinel-1C,S1C_IW_SLC__1SDV_20251202T084549_20251202T084619_005270_00A770_477E-SLC,SLC,DESCENDING,24,5270,661,2025-12-02T08:45:49Z,2025-12-02T08:46:19Z,S1C_IW_SLC__1SDV_20251202T084549_20251202T084619_005270_00A770_477E
feature_0_part_1_split_1,0,SENTINEL-1,Sentinel-1C,S1C_IW_SLC__1SDV_20251202T084617_20251202T084644_005270_00A770_90A0-SLC,SLC,DESCENDING,24,5270,667,2025-12-02T08:46:17Z,2025-12-02T08:46:44Z,S1C_IW_SLC__1SDV_20251202T084617_20251202T084644_005270_00A770_90A0
feature_0_part_1_split_1,0,SENTINEL-1,Sentinel-1C,S1C_IW_SLC__1SDV_20251202T084642_20251202T084709_005270_00A770_8A72-SLC,SLC,DESCENDING,24,5270,672,2025-12-02T08:46:42Z,2025-12-02T08:47:09Z,S1C_IW_SLC__1SDV_20251202T084642_20251202T084709_005270_00A770_8A72
feature_0_part_1_split_1,0,SENTINEL-1,Sentinel-1A,S1A_IW_SLC__1SDV_20251202T093339_20251202T093407_062134_07C6A1_0BBD-SLC,SLC,DESCENDING,112,62134,630,2025-12-02T09:33:39Z,2025-12-02T09:34:07Z,S1A_IW_SLC__1SDV_20251202T093339_20251202T093407_062134_07C6A1_0BBD
feature_0_part_1_split_1,0,SENTINEL-1,Sentinel-1A,S1A_IW_SLC__1SDV_20251202T093405_20251202T093432_062134_07C6A1_064D-SLC,SLC,DESCENDING,112,62134,635,2025-12-02T09:34:05Z,2025-12-02T09:34:32Z,S1A_IW_SLC__1SDV_20251202T093405_20251202T093432_062134_07C6A1_064D
feature_0_part_1_split_1,0,SENTINEL-1,Sentinel-1A,S1A_IW_SLC__1SDV_20251202T093429_20251202T093456_062134_07C6A1_6BD1-SLC,SLC,DESCENDING,112,62134,640,2025-12-02T09:34:29Z,2025-12-02T09:34:56Z,S1A_IW_SLC__1SDV_20251202T093429_20251202T093456_062134_07C6A1_6BD1
feature_0_part_1_split_1,0,SENTINEL-1,Sentinel-1A,S1A_IW_SLC__1SDV_20251203T083326_20251203T083356_062148_07C735_13ED-SLC,SLC,DESCENDING,126,62148,599,2025-12-03T08:33:26Z,2025-12-03T08:33:56Z,S1A_IW_SLC__1SDV_20251203T083326_20251203T083356_062148_07C735_13ED
feature_0_part_1_split_1,0,SENTINEL-1,Sentinel-1A,S1A_IW_SLC__1SDV_20251203T083354_20251203T083422_062148_07C735_B709-SLC,SLC,DESCENDING,126,62148,604,2025-12-03T08:33:54Z,2025-12-03T08:34:22Z,S1A_IW_SLC__1SDV_20251203T083354_20251203T083422_062148_07C735_B709
feature_0_part_1_split_1,0,SENTINEL-1,Sentinel-1A,S1A_IW_SLC__1SDV_20251203T083420_20251203T083447_062148_07C735_35C9-SLC,SLC,DESCENDING,126,62148,610,2025-12-03T08:34:20Z,2025-12-03T08:34:47Z,S1A_IW_SLC__1SDV_20251203T083420_20251203T083447_062148_07C735_35C9
feature_0_part_1_split_1,0,SENTINEL-1,Sentinel-1A,S1A_IW_SLC__1SDV_20251203T083445_20251203T083512_062148_07C735_F1C1-SLC,SLC,DESCENDING,126,62148,614,2025-12-03T08:34:45Z,2025-12-03T08:35:12Z,S1A_IW_SLC__1SDV_20251203T083445_20251203T083512_062148_07C735_F1C1
feature_0_part_1_split_1,0,SENTINEL-1,Sentinel-1A,S1A_IW_SLC__1SDV_20251203T083509_20251203T083536_062148_07C735_0A3C-SLC,SLC,DESCENDING,126,62148,619,2025-12-03T08:35:09Z,2025-12-03T08:35:36Z,S1A_IW_SLC__1SDV_20251203T083509_20251203T083536_062148_07C735_0A3C
feature_0_part_1_split_1,0,SENTINEL-1,Sentinel-1A,S1A_IW_SLC__1SDV_20251203T083534_20251203T083601_062148_07C735_52A7-SLC,SLC,DESCENDING,126,62148,624,2025-12-03T08:35:34Z,2025-12-03T08:36:01Z,S1A_IW_SLC__1SDV_20251203T083534_20251203T083601_062148_07C735_52A7
feature_0_part_1_split_1,0,SENTINEL-1,Sentinel-1A,S1A_IW_SLC__1SDV_20251203T083559_20251203T083627_062148_07C735_162A-SLC,SLC,DESCENDING,126,62148,629,2025-12-03T08:35:59Z,2025-12-03T08:36:27Z,S1A_IW_SLC__1SDV_20251203T083559_20251203T083627_062148_07C735_162A
feature_0_part_1_split_1,0,SENTINEL-1,Sentinel-1A,S1A_IW_SLC__1SDV_20251203T083625_20251203T083652_062148_07C735_4954-SLC,SLC,DESCENDING,126,62148,635,2025-12-03T08:36:25Z,2025-12-03T08:36:52Z,S1A_IW_SLC__1SDV_20251203T083625_20251203T083652_062148_07C735_4954
feature_0_part_1_split_1,0,SENTINEL-1,Sentinel-1A,S1A_IW_SLC__1SDV_20251203T083650_20251203T083704_062148_07C735_0806-SLC,SLC,DESCENDING,126,62148,639,2025-12-03T08:36:50Z,2025-12-03T08:37:04Z,S1A_IW_SLC__1SDV_20251203T083650_20251203T083704_062148_07C735_0806
feature_0_part_1_split_1,0,SENTINEL-1,Sentinel-1A,S1A_IW_SLC__1SDV_20251203T083835_20251203T083905_062148_07C736_9B70-SLC,SLC,DESCENDING,126,62148,661,2025-12-03T08:38:35Z,2025-12-03T08:39:05Z,S1A_IW_SLC__1SDV_20251203T083835_20251203T083905_062148_07C736_9B70
feature_0_part_1_split_1,0,SENTINEL-1,Sentinel-1A,S1A_IW_SLC__1SDV_20251203T083903_20251203T083931_062148_07C736_4687-SLC,SLC,DESCENDING,126,62148,666,2025-12-03T08:39:03Z,2025-12-03T08:39:31Z,S1A_IW_SLC__1SDV_20251203T083903_20251203T083931_062148_07C736_4687
feature_0_part_1_split_1,0,SENTINEL-1,Sentinel-1A,S1A_IW_SLC__1SDV_20251203T083929_20251203T083956_062148_07C736_62A5-SLC,SLC,DESCENDING,126,62148,671,2025-12-03T08:39:29Z,2025-12-03T08:39:56Z,S1A_IW_SLC__1SDV_20251203T083929_20251203T083956_062148_07C736_62A5
feature_0_part_1_split_1,0,SENTINEL-1,Sentinel-1C,S1C_IW_SLC__1SDV_20251204T082742_20251204T082813_005299_00A86E_6EBC-SLC,SLC,DESCENDING,53,5299,641,2025-12-04T08:27:42Z,2025-12-04T08:28:13Z,S1C_IW_SLC__1SDV_20251204T082742_20251204T082813_005299_00A86E_6EBC
feature_0_part_1_split_1,0,SENTINEL-1,Sentinel-1C,S1C_IW_SLC__1SDV_20251204T082811_20251204T082838_005299_00A86E_95CF-SLC,SLC,DESCENDING,53,5299,647,2025-12-04T08:28:11Z,2025-12-04T08:28:38Z,S1C_IW_SLC__1SDV_20251204T082811_20251204T082838_005299_00A86E_95CF
feature_0_part_1_split_1,0,SENTINEL-1,Sentinel-1C,S1C_IW_SLC__1SDV_20251204T082836_20251204T082903_005299_00A86E_F760-SLC,SLC,DESCENDING,53,5299,652,2025-12-04T08:28:36Z,2025-12-04T08:29:03Z,S1C_IW_SLC__1SDV_20251204T082836_20251204T082903_005299_00A86E_F760
feature_0_part_1_split_1,0,SENTINEL-1,Sentinel-1C,S1C_IW_SLC__1SDV_20251204T082900_20251204T082927_005299_00A86E_227F-SLC,SLC,DESCENDING,53,5299,657,2025-12-04T08:29:00Z,2025-12-04T08:29:27Z,S1C_IW_SLC__1SDV_20251204T082900_20251204T082927_005299_00A86E_227F
feature_0_part_1_split_1,0,SENTINEL-1,Sentinel-1C,S1C_IW_SLC__1SDV_20251204T082925_20251204T082952_005299_00A86E_F1C1-SLC,SLC,DESCENDING,53,5299,662,2025-12-04T08:29:25Z,2025-12-04T08:29:52Z,S1C_IW_SLC__1SDV_20251204T082925_20251204T082952_005299_00A86E_F1C1
feature_0_part_1_split_1,0,SENTINEL-1,Sentinel-1C,S1C_IW_SLC__1SDV_20251204T082950_20251204T083018_005299_00A86E_869D-SLC,SLC,DESCENDING,53,5299,667,2025-12-04T08:29:50Z,2025-12-04T08:30:18Z,S1C_IW_SLC__1SDV_20251204T082950_20251204T083018_005299_00A86E_869D
feature_0_part_1_split_1,0,SENTINEL-1,Sentinel-1A,S1A_IW_SLC__1SDV_20251204T091720_20251204T091748_062163_07C7C7_2BAE-SLC,SLC,DESCENDING,141,62163,632,2025-12-04T09:17:20Z,2025-12-04T09:17:48Z,S1A_IW_SLC__1SDV_20251204T091720_20251204T091748_062163_07C7C7_2BAE
feature_0_part_1_split_1,0,SENTINEL-1,Sentinel-1A,S1A_IW_SLC__1SDV_20251204T091745_20251204T091812_062163_07C7C7_BE6A-SLC,SLC,DESCENDING,141,62163,637,2025-12-04T09:17:45Z,2025-12-04T09:18:12Z,S1A_IW_SLC__1SDV_20251204T091745_20251204T091812_062163_07C7C7_BE6A
feature_0_part_1_split_1,0,SENTINEL-1,Sentinel-1A,S1A_IW_SLC__1SDV_20251204T091810_20251204T091837_062163_07C7C7_9028-SLC,SLC,DESCENDING,141,62163,642,2025-12-04T09:18:10Z,2025-12-04T09:18:37Z,S1A_IW_SLC__1SDV_20251204T091810_20251204T091837_062163_07C7C7_9028
feature_0_part_1_split_1,0,SENTINEL-1,Sentinel-1A,S1A_IW_SLC__1SDV_20251204T091835_20251204T091902_062163_07C7C7_5A72-SLC,SLC,DESCENDING,141,62163,647,2025-12-04T09:18:35Z,2025-12-04T09:19:02Z,S1A_IW_SLC__1SDV_20251204T091835_20251204T091902_062163_07C7C7_5A72
feature_0_part_1_split_1,0,SENTINEL-1,Sentinel-1A,S1A_IW_SLC__1SDV_20251204T091925_20251204T091946_062163_07C7C7_174E-SLC,SLC,DESCENDING,141,62163,657,2025-12-04T09:19:25Z,2025-12-04T09:19:46Z,S1A_IW_SLC__1SDV_20251204T091925_20251204T091946_062163_07C7C7_174E
feature_0_part_1_split_1,0,SENTINEL-1,Sentinel-1C,S1C_IW_SLC__1SDV_20251204T221548_20251204T221614_005307_00A8B9_1DBB-SLC,SLC,ASCENDING,61,5307,1099,2025-12-04T22:15:48Z,2025-12-04T22:16:14Z,S1C_IW_SLC__1SDV_20251204T221548_20251204T221614_005307_00A8B9_1DBB
feature_0_part_1_split_1,0,SENTINEL-1,Sentinel-1A,S1A_IW_SLC__1SDV_20251205T082017_20251205T082044_062177_07C852_972B-SLC,SLC,DESCENDING,155,62177,638,2025-12-05T08:20:17Z,2025-12-05T08:20:44Z,S1A_IW_SLC__1SDV_20251205T082017_20251205T082044_062177_07C852_972B
feature_0_part_1_split_1,0,SENTINEL-1,Sentinel-1A,S1A_IW_SLC__1SDV_20251205T082042_20251205T082108_062177_07C852_4C03-SLC,SLC,DESCENDING,155,62177,643,2025-12-05T08:20:42Z,2025-12-05T08:21:08Z,S1A_IW_SLC__1SDV_20251205T082042_20251205T082108_062177_07C852_4C03
feature_0_part_1_split_1,0,SENTINEL-1,Sentinel-1A,S1A_IW_SLC__1SDV_20251205T082106_20251205T082120_062177_07C852_DF4C-SLC,SLC,DESCENDING,155,62177,648,2025-12-05T08:21:06Z,2025-12-05T08:21:20Z,S1A_IW_SLC__1SDV_20251205T082106_20251205T082120_062177_07C852_DF4C
feature_0_part_1_split_1,0,SENTINEL-1,Sentinel-1C,S1C_IW_SLC__1SDV_20251205T090949_20251205T091019_005314_00A8F6_77D5-SLC,SLC,DESCENDING,68,5314,653,2025-12-05T09:09:49Z,2025-12-05T09:10:19Z,S1C_IW_SLC__1SDV_20251205T090949_20251205T091019_005314_00A8F6_77D5
feature_0_part_1_split_1,0,SENTINEL-1,Sentinel-1C,S1C_IW_SLC__1SDV_20251205T091017_20251205T091044_005314_00A8F6_8348-SLC,SLC,DESCENDING,68,5314,659,2025-12-05T09:10:17Z,2025-12-05T09:10:44Z,S1C_IW_SLC__1SDV_20251205T091017_20251205T091044_005314_00A8F6_8348
feature_0_part_1_split_1,0,SENTINEL-1,Sentinel-1C,S1C_IW_SLC__1SDV_20251205T091042_20251205T091109_005314_00A8F6_ADFB-SLC,SLC,DESCENDING,68,5314,663,2025-12-05T09:10:42Z,2025-12-05T09:11:09Z,S1C_IW_SLC__1SDV_20251205T091042_20251205T091109_005314_00A8F6_ADFB
feature_0_part_1_split_1,0,SENTINEL-1,Sentinel-1C,S1C_IW_SLC__1SDV_20251205T091107_20251205T091134_005314_00A8F6_7E22-SLC,SLC,DESCENDING,68,5314,668,2025-12-05T09:11:07Z,2025-12-05T09:11:34Z,S1C_IW_SLC__1SDV_20251205T091107_20251205T091134_005314_00A8F6_7E22
feature_0_part_1_split_1,0,SENTINEL-1,Sentinel-1A,S1A_IW_SLC__1SDV_20251206T085926_20251206T085954_062192_07C8E6_5025-SLC,SLC,DESCENDING,170,62192,615,2025-12-06T08:59:26Z,2025-12-06T08:59:54Z,S1A_IW_SLC__1SDV_20251206T085926_20251206T085954_062192_07C8E6_5025
feature_0_part_1_split_1,0,SENTINEL-1,Sentinel-1A,S1A_IW_SLC__1SDV_20251206T085952_20251206T090018_062192_07C8E6_A9B0-SLC,SLC,DESCENDING,170,62192,620,2025-12-06T08:59:52Z,2025-12-06T09:00:18Z,S1A_IW_SLC__1SDV_20251206T085952_20251206T090018_062192_07C8E6_A9B0
feature_0_part_1_split_1,0,SENTINEL-1,Sentinel-1A,S1A_IW_SLC__1SDV_20251206T090016_20251206T090043_062192_07C8E6_A2E8-SLC,SLC,DESCENDING,170,62192,625,2025-12-06T09:00:16Z,2025-12-06T09:00:43Z,S1A_IW_SLC__1SDV_20251206T090016_20251206T090043_062192_07C8E6_A2E8
feature_0_part_1_split_1,0,SENTINEL-1,Sentinel-1A,S1A_IW_SLC__1SDV_20251206T090041_20251206T090108_062192_07C8E6_CE25-SLC,SLC,DESCENDING,170,62192,630,2025-12-06T09:00:41Z,2025-12-06T09:01:08Z,S1A_IW_SLC__1SDV_20251206T090041_20251206T090108_062192_07C8E6_CE25
feature_0_part_1_split_1,0,SENTINEL-1,Sentinel-1A,S1A_IW_SLC__1SDV_20251206T090106_20251206T090133_062192_07C8E6_645A-SLC,SLC,DESCENDING,170,62192,635,2025-12-06T09:01:06Z,2025-12-06T09:01:33Z,S1A_IW_SLC__1SDV_20251206T090106_20251206T090133_062192_07C8E6_645A
feature_0_part_1_split_1,0,SENTINEL-1,Sentinel-1A,S1A_IW_SLC__1SDV_20251206T090131_20251206T090158_062192_07C8E6_E2FF-SLC,SLC,DESCENDING,170,62192,640,2025-12-06T09:01:31Z,2025-12-06T09:01:58Z,S1A_IW_SLC__1SDV_20251206T090131_20251206T090158_062192_07C8E6_E2FF
feature_0_part_1_split_1,0,SENTINEL-1,Sentinel-1A,S1A_IW_SLC__1SDV_20251206T090156_20251206T090224_062192_07C8E6_B360-SLC,SLC,DESCENDING,170,62192,645,2025-12-06T09:01:56Z,2025-12-06T09:02:24Z,S1A_IW_SLC__1SDV_20251206T090156_20251206T090224_062192_07C8E6_B360
feature_0_part_1_split_1,0,SENTINEL-1,Sentinel-1A,S1A_IW_SLC__1SDV_20251206T090221_20251206T090248_062192_07C8E6_B84B-SLC,SLC,DESCENDING,170,62192,650,2025-12-06T09:02:21Z,2025-12-06T09:02:48Z,S1A_IW_SLC__1SDV_20251206T090221_20251206T090248_062192_07C8E6_B84B
feature_0_part_1_split_1,0,SENTINEL-1,Sentinel-1A,S1A_IW_SLC__1SDV_20251206T090246_20251206T090310_062192_07C8E6_4F8F-SLC,SLC,DESCENDING,170,62192,655,2025-12-06T09:02:46Z,2025-12-06T09:03:10Z,S1A_IW_SLC__1SDV_20251206T090246_20251206T090310_062192_07C8E6_4F8F
feature_0_part_1_split_1,0,SENTINEL-1,Sentinel-1A,S1A_IW_SLC__1SDV_20251206T211643_20251206T211713_062199_07C936_C790-SLC,SLC,ASCENDING,2,62199,1168,2025-12-06T21:16:43Z,2025-12-06T21:17:13Z,S1A_IW_SLC__1SDV_20251206T211643_20251206T211713_062199_07C936_C790
feature_0_part_1_split_1,0,SENTINEL-1,Sentinel-1C,S1C_IW_SLC__1SDV_20251207T085352_20251207T085422_005343_00A9F4_A7F0-SLC,SLC,DESCENDING,97,5343,659,2025-12-07T08:53:52Z,2025-12-07T08:54:22Z,S1C_IW_SLC__1SDV_20251207T085352_20251207T085422_005343_00A9F4_A7F0
feature_0_part_1_split_1,0,SENTINEL-1,Sentinel-1C,S1C_IW_SLC__1SDV_20251207T085420_20251207T085447_005343_00A9F4_FB61-SLC,SLC,DESCENDING,97,5343,665,2025-12-07T08:54:20Z,2025-12-07T08:54:47Z,S1C_IW_SLC__1SDV_20251207T085420_20251207T085447_005343_00A9F4_FB61
feature_0_part_1_split_1,0,SENTINEL-1,Sentinel-1A,S1A_IW_SLC__1SDV_20251207T094157_20251207T094224_062207_07C985_C8D9-SLC,SLC,DESCENDING,10,62207,631,2025-12-07T09:41:57Z,2025-12-07T09:42:24Z,S1A_IW_SLC__1SDV_20251207T094157_20251207T094224_062207_07C985_C8D9
feature_0_part_1_split_1,0,SENTINEL-1,Sentinel-1A,S1A_IW_SLC__1SDV_20251208T084134_20251208T084201_062221_07CA11_3F39-SLC,SLC,DESCENDING,24,62221,598,2025-12-08T08:41:34Z,2025-12-08T08:42:01Z,S1A_IW_SLC__1SDV_20251208T084134_20251208T084201_062221_07CA11_3F39
feature_0_part_1_split_1,0,SENTINEL-1,Sentinel-1A,S1A_IW_SLC__1SDV_20251208T084159_20251208T084226_062221_07CA11_B962-SLC,SLC,DESCENDING,24,62221,603,2025-12-08T08:41:59Z,2025-12-08T08:42:26Z,S1A_IW_SLC__1SDV_20251208T084159_20251208T084226_062221_07CA11_B962
feature_0_part_1_split_1,0,SENTINEL-1,Sentinel-1A,S1A_IW_SLC__1SDV_20251208T084224_20251208T084251_062221_07CA11_B372-SLC,SLC,DESCENDING,24,62221,608,2025-12-08T08:42:24Z,2025-12-08T08:42:51Z,S1A_IW_SLC__1SDV_20251208T084224_20251208T084251_062221_07CA11_B372
feature_0_part_1_split_1,0,SENTINEL-1,Sentinel-1A,S1A_IW_SLC__1SDV_20251208T084249_20251208T084315_062221_07CA11_4E29-SLC,SLC,DESCENDING,24,62221,613,2025-12-08T08:42:49Z,2025-12-08T08:43:15Z,S1A_IW_SLC__1SDV_20251208T084249_20251208T084315_062221_07CA11_4E29
feature_0_part_1_split_1,0,SENTINEL-1,Sentinel-1A,S1A_IW_SLC__1SDV_20251208T084313_20251208T084341_062221_07CA11_C7CE-SLC,SLC,DESCENDING,24,62221,618,2025-12-08T08:43:13Z,2025-12-08T08:43:41Z,S1A_IW_SLC__1SDV_20251208T084313_20251208T084341_062221_07CA11_C7CE
feature_0_part_1_split_1,0,SENTINEL-1,Sentinel-1A,S1A_IW_SLC__1SDV_20251208T084339_20251208T084406_062221_07CA11_62C9-SLC,SLC,DESCENDING,24,62221,623,2025-12-08T08:43:39Z,2025-12-08T08:44:06Z,S1A_IW_SLC__1SDV_20251208T084339_20251208T084406_062221_07CA11_62C9
feature_0_part_1_split_1,0,SENTINEL-1,Sentinel-1A,S1A_IW_SLC__1SDV_20251208T084404_20251208T084431_062221_07CA11_4A10-SLC,SLC,DESCENDING,24,62221,628,2025-12-08T08:44:04Z,2025-12-08T08:44:31Z,S1A_IW_SLC__1SDV_20251208T084404_20251208T084431_062221_07CA11_4A10
feature_0_part_1_split_1,0,SENTINEL-1,Sentinel-1A,S1A_IW_SLC__1SDV_20251208T084429_20251208T084456_062221_07CA11_8DC9-SLC,SLC,DESCENDING,24,62221,633,2025-12-08T08:44:29Z,2025-12-08T08:44:56Z,S1A_IW_SLC__1SDV_20251208T084429_20251208T084456_062221_07CA11_8DC9
feature_0_part_1_split_1,0,SENTINEL-1,Sentinel-1A,S1A_IW_SLC__1SDV_20251208T084454_20251208T084521_062221_07CA11_5AC5-SLC,SLC,DESCENDING,24,62221,638,2025-12-08T08:44:54Z,2025-12-08T08:45:21Z,S1A_IW_SLC__1SDV_20251208T084454_20251208T084521_062221_07CA11_5AC5
feature_0_part_1_split_1,0,SENTINEL-1,Sentinel-1A,S1A_IW_SLC__1SDV_20251208T084518_20251208T084545_062221_07CA11_4919-SLC,SLC,DESCENDING,24,62221,643,2025-12-08T08:45:18Z,2025-12-08T08:45:45Z,S1A_IW_SLC__1SDV_20251208T084518_20251208T084545_062221_07CA11_4919
feature_0_part_1_split_1,0,SENTINEL-1,Sentinel-1A,S1A_IW_SLC__1SDV_20251208T084543_20251208T084611_062221_07CA11_7712-SLC,SLC,DESCENDING,24,62221,648,2025-12-08T08:45:43Z,2025-12-08T08:46:11Z,S1A_IW_SLC__1SDV_20251208T084543_20251208T084611_062221_07CA11_7712
feature_0_part_1_split_1,0,SENTINEL-1,Sentinel-1A,S1A_IW_SLC__1SDV_20251208T084609_20251208T084636_062221_07CA11_D78E-SLC,SLC,DESCENDING,24,62221,653,2025-12-08T08:46:09Z,2025-12-08T08:46:36Z,S1A_IW_SLC__1SDV_20251208T084609_20251208T084636_062221_07CA11_D78E
feature_0_part_1_split_1,0,SENTINEL-1,Sentinel-1A,S1A_IW_SLC__1SDV_20251208T084634_20251208T084658_062221_07CA11_EB19-SLC,SLC,DESCENDING,24,62221,658,2025-12-08T08:46:34Z,2025-12-08T08:46:58Z,S1A_IW_SLC__1SDV_20251208T084634_20251208T084658_062221_07CA11_EB19
feature_0_part_1_split_1,0,SENTINEL-1,Sentinel-1C,S1C_IW_SLC__1SDV_20251208T093341_20251208T093411_005358_00AA7D_76C5-SLC,SLC,DESCENDING,112,5358,643,2025-12-08T09:33:41Z,2025-12-08T09:34:11Z,S1C_IW_SLC__1SDV_20251208T093341_20251208T093411_005358_00AA7D_76C5
feature_0_part_1_split_1,0,SENTINEL-1,Sentinel-1C,S1C_IW_SLC__1SDV_20251209T083551_20251209T083621_005372_00AAF8_429D-SLC,SLC,DESCENDING,126,5372,640,2025-12-09T08:35:51Z,2025-12-09T08:36:21Z,S1C_IW_SLC__1SDV_20251209T083551_20251209T083621_005372_00AAF8_429D
feature_0_part_1_split_1,0,SENTINEL-1,Sentinel-1C,S1C_IW_SLC__1SDV_20251209T083619_20251209T083646_005372_00AAF8_A1BF-SLC,SLC,DESCENDING,126,5372,646,2025-12-09T08:36:19Z,2025-12-09T08:36:46Z,S1C_IW_SLC__1SDV_20251209T083619_20251209T083646_005372_00AAF8_A1BF
feature_0_part_1_split_1,0,SENTINEL-1,Sentinel-1C,S1C_IW_SLC__1SDV_20251209T083644_20251209T083711_005372_00AAF8_1905-SLC,SLC,DESCENDING,126,5372,651,2025-12-09T08:36:44Z,2025-12-09T08:37:11Z,S1C_IW_SLC__1SDV_20251209T083644_20251209T083711_005372_00AAF8_1905
feature_0_part_1_split_1,0,SENTINEL-1,Sentinel-1C,S1C_IW_SLC__1SDV_20251209T083709_20251209T083736_005372_00AAF8_B1F3-SLC,SLC,DESCENDING,126,5372,656,2025-12-09T08:37:09Z,2025-12-09T08:37:36Z,S1C_IW_SLC__1SDV_20251209T083709_20251209T083736_005372_00AAF8_B1F3
feature_0_part_1_split_1,0,SENTINEL-1,Sentinel-1C,S1C_IW_SLC__1SDV_20251209T083734_20251209T083801_005372_00AAF8_71C5-SLC,SLC,DESCENDING,126,5372,661,2025-12-09T08:37:34Z,2025-12-09T08:38:01Z,S1C_IW_SLC__1SDV_20251209T083734_20251209T083801_005372_00AAF8_71C5
feature_0_part_1_split_1,0,SENTINEL-1,Sentinel-1C,S1C_IW_SLC__1SDV_20251209T083759_20251209T083827_005372_00AAF8_A1B6-SLC,SLC,DESCENDING,126,5372,666,2025-12-09T08:37:59Z,2025-12-09T08:38:27Z,S1C_IW_SLC__1SDV_20251209T083759_20251209T083827_005372_00AAF8_A1B6
feature_0_part_1_split_1,0,SENTINEL-1,Sentinel-1C,S1C_IW_SLC__1SDV_20251209T083824_20251209T083851_005372_00AAF8_74CD-SLC,SLC,DESCENDING,126,5372,671,2025-12-09T08:38:24Z,2025-12-09T08:38:51Z,S1C_IW_SLC__1SDV_20251209T083824_20251209T083851_005372_00AAF8_74CD
feature_0_part_1_split_1,0,SENTINEL-1,Sentinel-1C,S1C_IW_SLC__1SDV_20251209T083849_20251209T083916_005372_00AAF8_CD27-SLC,SLC,DESCENDING,126,5372,676,2025-12-09T08:38:49Z,2025-12-09T08:39:16Z,S1C_IW_SLC__1SDV_20251209T083849_20251209T083916_005372_00AAF8_CD27
feature_0_part_1_split_1,0,SENTINEL-1,Sentinel-1A,S1A_IW_SLC__1SDV_20251209T092526_20251209T092554_062236_07CAA1_A341-SLC,SLC,DESCENDING,39,62236,631,2025-12-09T09:25:26Z,2025-12-09T09:25:54Z,S1A_IW_SLC__1SDV_20251209T092526_20251209T092554_062236_07CAA1_A341
feature_0_part_1_split_1,0,SENTINEL-1,Sentinel-1A,S1A_IW_SLC__1SDV_20251209T092552_20251209T092619_062236_07CAA1_7FFE-SLC,SLC,DESCENDING,39,62236,636,2025-12-09T09:25:52Z,2025-12-09T09:26:19Z,S1A_IW_SLC__1SDV_20251209T092552_20251209T092619_062236_07CAA1_7FFE
feature_0_part_1_split_1,0,SENTINEL-1,Sentinel-1A,S1A_IW_SLC__1SDV_20251209T092617_20251209T092644_062236_07CAA1_5EC6-SLC,SLC,DESCENDING,39,62236,641,2025-12-09T09:26:17Z,2025-12-09T09:26:44Z,S1A_IW_SLC__1SDV_20251209T092617_20251209T092644_062236_07CAA1_5EC6
feature_0_part_1_split_1,0,SENTINEL-1,Sentinel-1A,S1A_IW_SLC__1SDV_20251209T092642_20251209T092714_062236_07CAA1_7583-SLC,SLC,DESCENDING,39,62236,646,2025-12-09T09:26:42Z,2025-12-09T09:27:14Z,S1A_IW_SLC__1SDV_20251209T092642_20251209T092714_062236_07CAA1_7583
feature_0_part_1_split_1,0,SENTINEL-1,Sentinel-1A,S1A_IW_SLC__1SDV_20251210T082520_20251210T082549_062250_07CB35_F77C-SLC,SLC,DESCENDING,53,62250,600,2025-12-10T08:25:20Z,2025-12-10T08:25:49Z,S1A_IW_SLC__1SDV_20251210T082520_20251210T082549_062250_07CB35_F77C
feature_0_part_1_split_1,0,SENTINEL-1,Sentinel-1A,S1A_IW_SLC__1SDV_20251210T082547_20251210T082615_062250_07CB35_81AC-SLC,SLC,DESCENDING,53,62250,606,2025-12-10T08:25:47Z,2025-12-10T08:26:15Z,S1A_IW_SLC__1SDV_20251210T082547_20251210T082615_062250_07CB35_81AC
feature_0_part_1_split_1,0,SENTINEL-1,Sentinel-1A,S1A_IW_SLC__1SDV_20251210T082613_20251210T082640_062250_07CB35_3B36-SLC,SLC,DESCENDING,53,62250,611,2025-12-10T08:26:13Z,2025-12-10T08:26:40Z,S1A_IW_SLC__1SDV_20251210T082613_20251210T082640_062250_07CB35_3B36
feature_0_part_1_split_1,0,SENTINEL-1,Sentinel-1A,S1A_IW_SLC__1SDV_20251210T082638_20251210T082705_062250_07CB35_8BC4-SLC,SLC,DESCENDING,53,62250,616,2025-12-10T08:26:38Z,2025-12-10T08:27:05Z,S1A_IW_SLC__1SDV_20251210T082638_20251210T082705_062250_07CB35_8BC4
feature_0_part_1_split_1,0,SENTINEL-1,Sentinel-1A,S1A_IW_SLC__1SDV_20251210T082752_20251210T082820_062250_07CB35_B1A0-SLC,SLC,DESCENDING,53,62250,631,2025-12-10T08:27:52Z,2025-12-10T08:28:20Z,S1A_IW_SLC__1SDV_20251210T082752_20251210T082820_062250_07CB35_B1A0
feature_0_part_1_split_1,0,SENTINEL-1,Sentinel-1A,S1A_IW_SLC__1SDV_20251210T082818_20251210T082845_062250_07CB35_A78E-SLC,SLC,DESCENDING,53,62250,636,2025-12-10T08:28:18Z,2025-12-10T08:28:45Z,S1A_IW_SLC__1SDV_20251210T082818_20251210T082845_062250_07CB35_A78E
feature_0_part_1_split_1,0,SENTINEL-1,Sentinel-1A,S1A_IW_SLC__1SDV_20251210T082843_20251210T082857_062250_07CB35_FEDB-SLC,SLC,DESCENDING,53,62250,641,2025-12-10T08:28:43Z,2025-12-10T08:28:57Z,S1A_IW_SLC__1SDV_20251210T082843_20251210T082857_062250_07CB35_FEDB
feature_0_part_1_split_1,0,SENTINEL-1,Sentinel-1C,S1C_IW_SLC__1SDV_20251210T091839_20251210T091909_005387_00AB81_8E08-SLC,SLC,DESCENDING,141,5387,660,2025-12-10T09:18:39Z,2025-12-10T09:19:09Z,S1C_IW_SLC__1SDV_20251210T091839_20251210T091909_005387_00AB81_8E08
feature_0_part_1_split_1,0,SENTINEL-1,Sentinel-1C,S1C_IW_SLC__1SDV_20251210T091907_20251210T091934_005387_00AB81_A06C-SLC,SLC,DESCENDING,141,5387,666,2025-12-10T09:19:07Z,2025-12-10T09:19:34Z,S1C_IW_SLC__1SDV_20251210T091907_20251210T091934_005387_00AB81_A06C
feature_0_part_1_split_1,0,SENTINEL-1,Sentinel-1C,S1C_IW_SLC__1SDV_20251211T082016_20251211T082047_005401_00ABFC_3A10-SLC,SLC,DESCENDING,155,5401,651,2025-12-11T08:20:16Z,2025-12-11T08:20:47Z,S1C_IW_SLC__1SDV_20251211T082016_20251211T082047_005401_00ABFC_3A10
feature_0_part_1_split_1,0,SENTINEL-1,Sentinel-1C,S1C_IW_SLC__1SDV_20251211T082045_20251211T082112_005401_00ABFC_707E-SLC,SLC,DESCENDING,155,5401,656,2025-12-11T08:20:45Z,2025-12-11T08:21:12Z,S1C_IW_SLC__1SDV_20251211T082045_20251211T082112_005401_00ABFC_707E
feature_0_part_1_split_1,0,SENTINEL-1,Sentinel-1C,S1C_IW_SLC__1SDV_20251211T220743_20251211T220804_005409_00AC43_2F2D-SLC,SLC,ASCENDING,163,5409,1101,2025-12-11T22:07:43Z,2025-12-11T22:08:04Z,S1C_IW_SLC__1SDV_20251211T220743_20251211T220804_005409_00AC43_2F2D
feature_0_part_1_split_1,0,SENTINEL-1,Sentinel-1C,S1C_IW_SLC__1SDV_20251212T090158_20251212T090229_005416_00AC7E_1122-SLC,SLC,DESCENDING,170,5416,657,2025-12-12T09:01:58Z,2025-12-12T09:02:29Z,S1C_IW_SLC__1SDV_20251212T090158_20251212T090229_005416_00AC7E_1122
feature_0_part_1_split_1,0,SENTINEL-1,Sentinel-1C,S1C_IW_SLC__1SDV_20251212T090226_20251212T090253_005416_00AC7E_8803-SLC,SLC,DESCENDING,170,5416,663,2025-12-12T09:02:26Z,2025-12-12T09:02:53Z,S1C_IW_SLC__1SDV_20251212T090226_20251212T090253_005416_00AC7E_8803
feature_0_part_1_split_1,0,SENTINEL-1,Sentinel-1C,S1C_IW_SLC__1SDV_20251212T090251_20251212T090318_005416_00AC7E_5AE1-SLC,SLC,DESCENDING,170,5416,668,2025-12-12T09:02:51Z,2025-12-12T09:03:18Z,S1C_IW_SLC__1SDV_20251212T090251_20251212T090318_005416_00AC7E_5AE1
feature_0_part_1_split_1,0,SENTINEL-1,Sentinel-1C,S1C_IW_SLC__1SDV_20251212T090316_20251212T090343_005416_00AC7E_92A1-SLC,SLC,DESCENDING,170,5416,673,2025-12-12T09:03:16Z,2025-12-12T09:03:43Z,S1C_IW_SLC__1SDV_20251212T090316_20251212T090343_005416_00AC7E_92A1
feature_0_part_1_split_1,0,SENTINEL-1,Sentinel-1A,S1A_IW_SLC__1SDV_20251213T085029_20251213T085056_062294_07CCE1_0FDE-SLC,SLC,DESCENDING,97,62294,606,2025-12-13T08:50:29Z,2025-12-13T08:50:56Z,S1A_IW_SLC__1SDV_20251213T085029_20251213T085056_062294_07CCE1_0FDE
feature_0_part_1_split_1,0,SENTINEL-1,Sentinel-1A,S1A_IW_SLC__1SDV_20251213T085054_20251213T085121_062294_07CCE1_E030-SLC,SLC,DESCENDING,97,62294,611,2025-12-13T08:50:54Z,2025-12-13T08:51:21Z,S1A_IW_SLC__1SDV_20251213T085054_20251213T085121_062294_07CCE1_E030
feature_0_part_1_split_1,0,SENTINEL-1,Sentinel-1A,S1A_IW_SLC__1SDV_20251213T085119_20251213T085147_062294_07CCE1_1C8B-SLC,SLC,DESCENDING,97,62294,616,2025-12-13T08:51:19Z,2025-12-13T08:51:47Z,S1A_IW_SLC__1SDV_20251213T085119_20251213T085147_062294_07CCE1_1C8B
feature_0_part_1_split_1,0,SENTINEL-1,Sentinel-1A,S1A_IW_SLC__1SDV_20251213T085145_20251213T085212_062294_07CCE1_9AC7-SLC,SLC,DESCENDING,97,62294,621,2025-12-13T08:51:45Z,2025-12-13T08:52:12Z,S1A_IW_SLC__1SDV_20251213T085145_20251213T085212_062294_07CCE1_9AC7
feature_0_part_1_split_1,0,SENTINEL-1,Sentinel-1A,S1A_IW_SLC__1SDV_20251213T085210_20251213T085237_062294_07CCE1_C098-SLC,SLC,DESCENDING,97,62294,626,2025-12-13T08:52:10Z,2025-12-13T08:52:37Z,S1A_IW_SLC__1SDV_20251213T085210_20251213T085237_062294_07CCE1_C098
feature_0_part_1_split_1,0,SENTINEL-1,Sentinel-1A,S1A_IW_SLC__1SDV_20251213T085235_20251213T085301_062294_07CCE1_A174-SLC,SLC,DESCENDING,97,62294,631,2025-12-13T08:52:35Z,2025-12-13T08:53:01Z,S1A_IW_SLC__1SDV_20251213T085235_20251213T085301_062294_07CCE1_A174
feature_0_part_1_split_1,0,SENTINEL-1,Sentinel-1A,S1A_IW_SLC__1SDV_20251213T085259_20251213T085326_062294_07CCE1_DA0B-SLC,SLC,DESCENDING,97,62294,636,2025-12-13T08:52:59Z,2025-12-13T08:53:26Z,S1A_IW_SLC__1SDV_20251213T085259_20251213T085326_062294_07CCE1_DA0B
feature_0_part_1_split_1,0,SENTINEL-1,Sentinel-1A,S1A_IW_SLC__1SDV_20251213T085324_20251213T085351_062294_07CCE1_4F0F-SLC,SLC,DESCENDING,97,62294,641,2025-12-13T08:53:24Z,2025-12-13T08:53:51Z,S1A_IW_SLC__1SDV_20251213T085324_20251213T085351_062294_07CCE1_4F0F
feature_0_part_1_split_1,0,SENTINEL-1,Sentinel-1A,S1A_IW_SLC__1SDV_20251213T085349_20251213T085417_062294_07CCE1_E6B7-SLC,SLC,DESCENDING,97,62294,646,2025-12-13T08:53:49Z,2025-12-13T08:54:17Z,S1A_IW_SLC__1SDV_20251213T085349_20251213T085417_062294_07CCE1_E6B7
feature_0_part_1_split_1,0,SENTINEL-1,Sentinel-1A,S1A_IW_SLC__1SDV_20251213T085415_20251213T085442_062294_07CCE1_7A08-SLC,SLC,DESCENDING,97,62294,651,2025-12-13T08:54:15Z,2025-12-13T08:54:42Z,S1A_IW_SLC__1SDV_20251213T085415_20251213T085442_062294_07CCE1_7A08
feature_0_part_1_split_1,0,SENTINEL-1,Sentinel-1A,S1A_IW_SLC__1SDV_20251213T085440_20251213T085504_062294_07CCE1_F5B6-SLC,SLC,DESCENDING,97,62294,656,2025-12-13T08:54:40Z,2025-12-13T08:55:04Z,S1A_IW_SLC__1SDV_20251213T085440_20251213T085504_062294_07CCE1_F5B6
feature_0_part_1_split_1,0,SENTINEL-1,Sentinel-1C,S1C_IW_SLC__1SDV_20251214T084548_20251214T084619_005445_00AD70_FBB2-SLC,SLC,DESCENDING,24,5445,661,2025-12-14T08:45:48Z,2025-12-14T08:46:19Z,S1C_IW_SLC__1SDV_20251214T084548_20251214T084619_005445_00AD70_FBB2
feature_0_part_1_split_1,0,SENTINEL-1,Sentinel-1C,S1C_IW_SLC__1SDV_20251214T084617_20251214T084644_005445_00AD70_7D33-SLC,SLC,DESCENDING,24,5445,667,2025-12-14T08:46:17Z,2025-12-14T08:46:44Z,S1C_IW_SLC__1SDV_20251214T084617_20251214T084644_005445_00AD70_7D33
feature_0_part_1_split_1,0,SENTINEL-1,Sentinel-1C,S1C_IW_SLC__1SDV_20251214T084642_20251214T084709_005445_00AD70_FFA6-SLC,SLC,DESCENDING,24,5445,672,2025-12-14T08:46:42Z,2025-12-14T08:47:09Z,S1C_IW_SLC__1SDV_20251214T084642_20251214T084709_005445_00AD70_FFA6
feature_0_part_1_split_1,0,SENTINEL-1,Sentinel-1A,S1A_IW_SLC__1SDV_20251214T093338_20251214T093406_062309_07CD79_8BC1-SLC,SLC,DESCENDING,112,62309,630,2025-12-14T09:33:38Z,2025-12-14T09:34:06Z,S1A_IW_SLC__1SDV_20251214T093338_20251214T093406_062309_07CD79_8BC1
feature_0_part_1_split_1,0,SENTINEL-1,Sentinel-1A,S1A_IW_SLC__1SDV_20251214T093403_20251214T093431_062309_07CD79_85B4-SLC,SLC,DESCENDING,112,62309,635,2025-12-14T09:34:03Z,2025-12-14T09:34:31Z,S1A_IW_SLC__1SDV_20251214T093403_20251214T093431_062309_07CD79_85B4
feature_0_part_1_split_1,0,SENTINEL-1,Sentinel-1A,S1A_IW_SLC__1SDV_20251214T093428_20251214T093455_062309_07CD79_F3CA-SLC,SLC,DESCENDING,112,62309,640,2025-12-14T09:34:28Z,2025-12-14T09:34:55Z,S1A_IW_SLC__1SDV_20251214T093428_20251214T093455_062309_07CD79_F3CA
feature_0_part_1_split_1,0,SENTINEL-1,Sentinel-1A,S1A_IW_SLC__1SDV_20251215T083325_20251215T083355_062323_07CE0D_39A9-SLC,SLC,DESCENDING,126,62323,599,2025-12-15T08:33:25Z,2025-12-15T08:33:55Z,S1A_IW_SLC__1SDV_20251215T083325_20251215T083355_062323_07CE0D_39A9
feature_0_part_1_split_1,0,SENTINEL-1,Sentinel-1A,S1A_IW_SLC__1SDV_20251215T083353_20251215T083421_062323_07CE0D_CD4D-SLC,SLC,DESCENDING,126,62323,604,2025-12-15T08:33:53Z,2025-12-15T08:34:21Z,S1A_IW_SLC__1SDV_20251215T083353_20251215T083421_062323_07CE0D_CD4D
feature_0_part_1_split_1,0,SENTINEL-1,Sentinel-1A,S1A_IW_SLC__1SDV_20251215T083419_20251215T083446_062323_07CE0D_ECC5-SLC,SLC,DESCENDING,126,62323,610,2025-12-15T08:34:19Z,2025-12-15T08:34:46Z,S1A_IW_SLC__1SDV_20251215T083419_20251215T083446_062323_07CE0D_ECC5
feature_0_part_1_split_1,0,SENTINEL-1,Sentinel-1A,S1A_IW_SLC__1SDV_20251215T083444_20251215T083510_062323_07CE0D_16FB-SLC,SLC,DESCENDING,126,62323,614,2025-12-15T08:34:44Z,2025-12-15T08:35:10Z,S1A_IW_SLC__1SDV_20251215T083444_20251215T083510_062323_07CE0D_16FB
feature_0_part_1_split_1,0,SENTINEL-1,Sentinel-1A,S1A_IW_SLC__1SDV_20251215T083508_20251215T083535_062323_07CE0D_35D8-SLC,SLC,DESCENDING,126,62323,619,2025-12-15T08:35:08Z,2025-12-15T08:35:35Z,S1A_IW_SLC__1SDV_20251215T083508_20251215T083535_062323_07CE0D_35D8
feature_0_part_1_split_1,0,SENTINEL-1,Sentinel-1A,S1A_IW_SLC__1SDV_20251215T083533_20251215T083600_062323_07CE0D_8140-SLC,SLC,DESCENDING,126,62323,624,2025-12-15T08:35:33Z,2025-12-15T08:36:00Z,S1A_IW_SLC__1SDV_20251215T083533_20251215T083600_062323_07CE0D_8140
feature_0_part_1_split_1,0,SENTINEL-1,Sentinel-1A,S1A_IW_SLC__1SDV_20251215T083558_20251215T083626_062323_07CE0D_2271-SLC,SLC,DESCENDING,126,62323,629,2025-12-15T08:35:58Z,2025-12-15T08:36:26Z,S1A_IW_SLC__1SDV_20251215T083558_20251215T083626_062323_07CE0D_2271
feature_0_part_1_split_1,0,SENTINEL-1,Sentinel-1A,S1A_IW_SLC__1SDV_20251215T083624_20251215T083651_062323_07CE0D_7EC8-SLC,SLC,DESCENDING,126,62323,635,2025-12-15T08:36:24Z,2025-12-15T08:36:51Z,S1A_IW_SLC__1SDV_20251215T083624_20251215T083651_062323_07CE0D_7EC8
feature_0_part_1_split_1,0,SENTINEL-1,Sentinel-1A,S1A_IW_SLC__1SDV_20251215T083649_20251215T083703_062323_07CE0D_31A1-SLC,SLC,DESCENDING,126,62323,639,2025-12-15T08:36:49Z,2025-12-15T08:37:03Z,S1A_IW_SLC__1SDV_20251215T083649_20251215T083703_062323_07CE0D_31A1
feature_0_part_1_split_1,0,SENTINEL-1,Sentinel-1A,S1A_IW_SLC__1SDV_20251215T083834_20251215T083904_062323_07CE0E_0D7C-SLC,SLC,DESCENDING,126,62323,661,2025-12-15T08:38:34Z,2025-12-15T08:39:04Z,S1A_IW_SLC__1SDV_20251215T083834_20251215T083904_062323_07CE0E_0D7C
feature_0_part_1_split_1,0,SENTINEL-1,Sentinel-1A,S1A_IW_SLC__1SDV_20251215T083902_20251215T083930_062323_07CE0E_4E61-SLC,SLC,DESCENDING,126,62323,666,2025-12-15T08:39:02Z,2025-12-15T08:39:30Z,S1A_IW_SLC__1SDV_20251215T083902_20251215T083930_062323_07CE0E_4E61
feature_0_part_1_split_1,0,SENTINEL-1,Sentinel-1A,S1A_IW_SLC__1SDV_20251215T083928_20251215T083955_062323_07CE0E_CEFC-SLC,SLC,DESCENDING,126,62323,671,2025-12-15T08:39:28Z,2025-12-15T08:39:55Z,S1A_IW_SLC__1SDV_20251215T083928_20251215T083955_062323_07CE0E_CEFC
feature_0_part_1_split_1,0,SENTINEL-1,Sentinel-1C,S1C_IW_SLC__1SDV_20251216T082742_20251216T082812_005474_00AE73_E70D-SLC,SLC,DESCENDING,53,5474,641,2025-12-16T08:27:42Z,2025-12-16T08:28:12Z,S1C_IW_SLC__1SDV_20251216T082742_20251216T082812_005474_00AE73_E70D
feature_0_part_1_split_1,0,SENTINEL-1,Sentinel-1C,S1C_IW_SLC__1SDV_20251216T082810_20251216T082837_005474_00AE73_52CC-SLC,SLC,DESCENDING,53,5474,647,2025-12-16T08:28:10Z,2025-12-16T08:28:37Z,S1C_IW_SLC__1SDV_20251216T082810_20251216T082837_005474_00AE73_52CC
feature_0_part_1_split_1,0,SENTINEL-1,Sentinel-1C,S1C_IW_SLC__1SDV_20251216T082835_20251216T082902_005474_00AE73_E72B-SLC,SLC,DESCENDING,53,5474,652,2025-12-16T08:28:35Z,2025-12-16T08:29:02Z,S1C_IW_SLC__1SDV_20251216T082835_20251216T082902_005474_00AE73_E72B
feature_0_part_1_split_1,0,SENTINEL-1,Sentinel-1C,S1C_IW_SLC__1SDV_20251216T082900_20251216T082927_005474_00AE73_B372-SLC,SLC,DESCENDING,53,5474,657,2025-12-16T08:29:00Z,2025-12-16T08:29:27Z,S1C_IW_SLC__1SDV_20251216T082900_20251216T082927_005474_00AE73_B372
feature_0_part_1_split_1,0,SENTINEL-1,Sentinel-1C,S1C_IW_SLC__1SDV_20251216T082925_20251216T082952_005474_00AE73_CEA2-SLC,SLC,DESCENDING,53,5474,662,2025-12-16T08:29:25Z,2025-12-16T08:29:52Z,S1C_IW_SLC__1SDV_20251216T082925_20251216T082952_005474_00AE73_CEA2
feature_0_part_1_split_1,0,SENTINEL-1,Sentinel-1C,S1C_IW_SLC__1SDV_20251216T082950_20251216T083017_005474_00AE73_F2B9-SLC,SLC,DESCENDING,53,5474,667,2025-12-16T08:29:50Z,2025-12-16T08:30:17Z,S1C_IW_SLC__1SDV_20251216T082950_20251216T083017_005474_00AE73_F2B9
feature_0_part_1_split_1,0,SENTINEL-1,Sentinel-1A,S1A_IW_SLC__1SDV_20251216T091719_20251216T091747_062338_07CE9E_0A1C-SLC,SLC,DESCENDING,141,62338,632,2025-12-16T09:17:19Z,2025-12-16T09:17:47Z,S1A_IW_SLC__1SDV_20251216T091719_20251216T091747_062338_07CE9E_0A1C
feature_0_part_1_split_1,0,SENTINEL-1,Sentinel-1A,S1A_IW_SLC__1SDV_20251216T091744_20251216T091811_062338_07CE9E_DA05-SLC,SLC,DESCENDING,141,62338,637,2025-12-16T09:17:44Z,2025-12-16T09:18:11Z,S1A_IW_SLC__1SDV_20251216T091744_20251216T091811_062338_07CE9E_DA05
feature_0_part_1_split_1,0,SENTINEL-1,Sentinel-1A,S1A_IW_SLC__1SDV_20251216T091809_20251216T091836_062338_07CE9E_F016-SLC,SLC,DESCENDING,141,62338,642,2025-12-16T09:18:09Z,2025-12-16T09:18:36Z,S1A_IW_SLC__1SDV_20251216T091809_20251216T091836_062338_07CE9E_F016
feature_0_part_1_split_1,0,SENTINEL-1,Sentinel-1A,S1A_IW_SLC__1SDV_20251216T091834_20251216T091901_062338_07CE9E_C98F-SLC,SLC,DESCENDING,141,62338,647,2025-12-16T09:18:34Z,2025-12-16T09:19:01Z,S1A_IW_SLC__1SDV_20251216T091834_20251216T091901_062338_07CE9E_C98F
feature_0_part_1_split_1,0,SENTINEL-1,Sentinel-1A,S1A_IW_SLC__1SDV_20251216T091924_20251216T091945_062338_07CE9E_AF44-SLC,SLC,DESCENDING,141,62338,657,2025-12-16T09:19:24Z,2025-12-16T09:19:45Z,S1A_IW_SLC__1SDV_20251216T091924_20251216T091945_062338_07CE9E_AF44
feature_0_part_1_split_1,0,SENTINEL-1,Sentinel-1C,S1C_IW_SLC__1SDV_20251216T221547_20251216T221613_005482_00AEC0_42D0-SLC,SLC,ASCENDING,61,5482,1099,2025-12-16T22:15:47Z,2025-12-16T22:16:13Z,S1C_IW_SLC__1SDV_20251216T221547_20251216T221613_005482_00AEC0_42D0
feature_0_part_1_split_1,0,SENTINEL-1,Sentinel-1A,S1A_IW_SLC__1SDV_20251217T082016_20251217T082043_062352_07CF2B_A11C-SLC,SLC,DESCENDING,155,62352,638,2025-12-17T08:20:16Z,2025-12-17T08:20:43Z,S1A_IW_SLC__1SDV_20251217T082016_20251217T082043_062352_07CF2B_A11C
feature_0_part_1_split_1,0,SENTINEL-1,Sentinel-1A,S1A_IW_SLC__1SDV_20251217T082041_20251217T082108_062352_07CF2B_4ABB-SLC,SLC,DESCENDING,155,62352,643,2025-12-17T08:20:41Z,2025-12-17T08:21:08Z,S1A_IW_SLC__1SDV_20251217T082041_20251217T082108_062352_07CF2B_4ABB
feature_0_part_1_split_1,0,SENTINEL-1,Sentinel-1A,S1A_IW_SLC__1SDV_20251217T082105_20251217T082120_062352_07CF2B_76EC-SLC,SLC,DESCENDING,155,62352,648,2025-12-17T08:21:05Z,2025-12-17T08:21:20Z,S1A_IW_SLC__1SDV_20251217T082105_20251217T082120_062352_07CF2B_76EC
feature_0_part_1_split_1,0,SENTINEL-1,Sentinel-1C,S1C_IW_SLC__1SDV_20251217T090948_20251217T091019_005489_00AEF2_3CD5-SLC,SLC,DESCENDING,68,5489,653,2025-12-17T09:09:48Z,2025-12-17T09:10:19Z,S1C_IW_SLC__1SDV_20251217T090948_20251217T091019_005489_00AEF2_3CD5
feature_0_part_1_split_1,0,SENTINEL-1,Sentinel-1C,S1C_IW_SLC__1SDV_20251217T091017_20251217T091044_005489_00AEF2_A7BA-SLC,SLC,DESCENDING,68,5489,659,2025-12-17T09:10:17Z,2025-12-17T09:10:44Z,S1C_IW_SLC__1SDV_20251217T091017_20251217T091044_005489_00AEF2_A7BA
feature_0_part_1_split_1,0,SENTINEL-1,Sentinel-1C,S1C_IW_SLC__1SDV_20251217T091042_20251217T091109_005489_00AEF2_ECA9-SLC,SLC,DESCENDING,68,5489,663,2025-12-17T09:10:42Z,2025-12-17T09:11:09Z,S1C_IW_SLC__1SDV_20251217T091042_20251217T091109_005489_00AEF2_ECA9
feature_0_part_1_split_1,0,SENTINEL-1,Sentinel-1C,S1C_IW_SLC__1SDV_20251217T091106_20251217T091133_005489_00AEF2_C93D-SLC,SLC,DESCENDING,68,5489,668,2025-12-17T09:11:06Z,2025-12-17T09:11:33Z,S1C_IW_SLC__1SDV_20251217T091106_20251217T091133_005489_00AEF2_C93D
feature_0_part_1_split_1,0,SENTINEL-1,Sentinel-1A,S1A_IW_SLC__1SDV_20251218T085925_20251218T085953_062367_07CFB9_D789-SLC,SLC,DESCENDING,170,62367,615,2025-12-18T08:59:25Z,2025-12-18T08:59:53Z,S1A_IW_SLC__1SDV_20251218T085925_20251218T085953_062367_07CFB9_D789
feature_0_part_1_split_1,0,SENTINEL-1,Sentinel-1A,S1A_IW_SLC__1SDV_20251218T085951_20251218T090017_062367_07CFB9_B6EC-SLC,SLC,DESCENDING,170,62367,620,2025-12-18T08:59:51Z,2025-12-18T09:00:17Z,S1A_IW_SLC__1SDV_20251218T085951_20251218T090017_062367_07CFB9_B6EC
feature_0_part_1_split_1,0,SENTINEL-1,Sentinel-1A,S1A_IW_SLC__1SDV_20251218T090015_20251218T090042_062367_07CFB9_FF83-SLC,SLC,DESCENDING,170,62367,625,2025-12-18T09:00:15Z,2025-12-18T09:00:42Z,S1A_IW_SLC__1SDV_20251218T090015_20251218T090042_062367_07CFB9_FF83
feature_0_part_1_split_1,0,SENTINEL-1,Sentinel-1A,S1A_IW_SLC__1SDV_20251218T090040_20251218T090107_062367_07CFB9_C6E1-SLC,SLC,DESCENDING,170,62367,630,2025-12-18T09:00:40Z,2025-12-18T09:01:07Z,S1A_IW_SLC__1SDV_20251218T090040_20251218T090107_062367_07CFB9_C6E1
feature_0_part_1_split_1,0,SENTINEL-1,Sentinel-1A,S1A_IW_SLC__1SDV_20251218T090105_20251218T090132_062367_07CFB9_079B-SLC,SLC,DESCENDING,170,62367,635,2025-12-18T09:01:05Z,2025-12-18T09:01:32Z,S1A_IW_SLC__1SDV_20251218T090105_20251218T090132_062367_07CFB9_079B
feature_0_part_1_split_1,0,SENTINEL-1,Sentinel-1A,S1A_IW_SLC__1SDV_20251218T090130_20251218T090157_062367_07CFB9_BFE4-SLC,SLC,DESCENDING,170,62367,640,2025-12-18T09:01:30Z,2025-12-18T09:01:57Z,S1A_IW_SLC__1SDV_20251218T090130_20251218T090157_062367_07CFB9_BFE4
feature_0_part_1_split_1,0,SENTINEL-1,Sentinel-1A,S1A_IW_SLC__1SDV_20251218T090155_20251218T090223_062367_07CFB9_9DD3-SLC,SLC,DESCENDING,170,62367,645,2025-12-18T09:01:55Z,2025-12-18T09:02:23Z,S1A_IW_SLC__1SDV_20251218T090155_20251218T090223_062367_07CFB9_9DD3
feature_0_part_1_split_1,0,SENTINEL-1,Sentinel-1A,S1A_IW_SLC__1SDV_20251218T090220_20251218T090247_062367_07CFB9_B51F-SLC,SLC,DESCENDING,170,62367,650,2025-12-18T09:02:20Z,2025-12-18T09:02:47Z,S1A_IW_SLC__1SDV_20251218T090220_20251218T090247_062367_07CFB9_B51F
feature_0_part_1_split_1,0,SENTINEL-1,Sentinel-1A,S1A_IW_SLC__1SDV_20251218T090245_20251218T090309_062367_07CFB9_D177-SLC,SLC,DESCENDING,170,62367,655,2025-12-18T09:02:45Z,2025-12-18T09:03:09Z,S1A_IW_SLC__1SDV_20251218T090245_20251218T090309_062367_07CFB9_D177
feature_0_part_1_split_1,0,SENTINEL-1,Sentinel-1A,S1A_IW_SLC__1SDV_20251218T211642_20251218T211712_062374_07D008_48CA-SLC,SLC,ASCENDING,2,62374,1168,2025-12-18T21:16:42Z,2025-12-18T21:17:12Z,S1A_IW_SLC__1SDV_20251218T211642_20251218T211712_062374_07D008_48CA
feature_0_part_1_split_1,0,SENTINEL-1,Sentinel-1C,S1C_IW_SLC__1SDV_20251219T085351_20251219T085422_005518_00AFED_7FEC-SLC,SLC,DESCENDING,97,5518,659,2025-12-19T08:53:51Z,2025-12-19T08:54:22Z,S1C_IW_SLC__1SDV_20251219T085351_20251219T085422_005518_00AFED_7FEC
feature_0_part_1_split_1,0,SENTINEL-1,Sentinel-1C,S1C_IW_SLC__1SDV_20251219T085420_20251219T085447_005518_00AFED_4D50-SLC,SLC,DESCENDING,97,5518,665,2025-12-19T08:54:20Z,2025-12-19T08:54:47Z,S1C_IW_SLC__1SDV_20251219T085420_20251219T085447_005518_00AFED_4D50
feature_0_part_1_split_1,0,SENTINEL-1,Sentinel-1A,S1A_IW_SLC__1SDV_20251219T094155_20251219T094223_062382_07D057_9F6E-SLC,SLC,DESCENDING,10,62382,631,2025-12-19T09:41:55Z,2025-12-19T09:42:23Z,S1A_IW_SLC__1SDV_20251219T094155_20251219T094223_062382_07D057_9F6E
feature_0_part_1_split_1,0,SENTINEL-1,Sentinel-1A,S1A_IW_SLC__1SDV_20251220T084133_20251220T084200_062396_07D0DB_FCC3-SLC,SLC,DESCENDING,24,62396,598,2025-12-20T08:41:33Z,2025-12-20T08:42:00Z,S1A_IW_SLC__1SDV_20251220T084133_20251220T084200_062396_07D0DB_FCC3
feature_0_part_1_split_1,0,SENTINEL-1,Sentinel-1A,S1A_IW_SLC__1SDV_20251220T084158_20251220T084225_062396_07D0DB_FBFB-SLC,SLC,DESCENDING,24,62396,603,2025-12-20T08:41:58Z,2025-12-20T08:42:25Z,S1A_IW_SLC__1SDV_20251220T084158_20251220T084225_062396_07D0DB_FBFB
feature_0_part_1_split_1,0,SENTINEL-1,Sentinel-1A,S1A_IW_SLC__1SDV_20251220T084222_20251220T084249_062396_07D0DB_6CC1-SLC,SLC,DESCENDING,24,62396,608,2025-12-20T08:42:22Z,2025-12-20T08:42:49Z,S1A_IW_SLC__1SDV_20251220T084222_20251220T084249_062396_07D0DB_6CC1
feature_0_part_1_split_1,0,SENTINEL-1,Sentinel-1A,S1A_IW_SLC__1SDV_20251220T084247_20251220T084314_062396_07D0DB_74FE-SLC,SLC,DESCENDING,24,62396,613,2025-12-20T08:42:47Z,2025-12-20T08:43:14Z,S1A_IW_SLC__1SDV_20251220T084247_20251220T084314_062396_07D0DB_74FE
feature_0_part_1_split_1,0,SENTINEL-1,Sentinel-1A,S1A_IW_SLC__1SDV_20251220T084312_20251220T084340_062396_07D0DB_0667-SLC,SLC,DESCENDING,24,62396,618,2025-12-20T08:43:12Z,2025-12-20T08:43:40Z,S1A_IW_SLC__1SDV_20251220T084312_20251220T084340_062396_07D0DB_0667
feature_0_part_1_split_1,0,SENTINEL-1,Sentinel-1A,S1A_IW_SLC__1SDV_20251220T084338_20251220T084405_062396_07D0DB_6DC8-SLC,SLC,DESCENDING,24,62396,623,2025-12-20T08:43:38Z,2025-12-20T08:44:05Z,S1A_IW_SLC__1SDV_20251220T084338_20251220T084405_062396_07D0DB_6DC8
feature_0_part_1_split_1,0,SENTINEL-1,Sentinel-1A,S1A_IW_SLC__1SDV_20251220T084403_20251220T084430_062396_07D0DB_C823-SLC,SLC,DESCENDING,24,62396,628,2025-12-20T08:44:03Z,2025-12-20T08:44:30Z,S1A_IW_SLC__1SDV_20251220T084403_20251220T084430_062396_07D0DB_C823
feature_0_part_1_split_1,0,SENTINEL-1,Sentinel-1A,S1A_IW_SLC__1SDV_20251220T084428_20251220T084454_062396_07D0DB_AAC8-SLC,SLC,DESCENDING,24,62396,633,2025-12-20T08:44:28Z,2025-12-20T08:44:54Z,S1A_IW_SLC__1SDV_20251220T084428_20251220T084454_062396_07D0DB_AAC8
feature_0_part_1_split_1,0,SENTINEL-1,Sentinel-1A,S1A_IW_SLC__1SDV_20251220T084452_20251220T084519_062396_07D0DB_9457-SLC,SLC,DESCENDING,24,62396,638,2025-12-20T08:44:52Z,2025-12-20T08:45:19Z,S1A_IW_SLC__1SDV_20251220T084452_20251220T084519_062396_07D0DB_9457
feature_0_part_1_split_1,0,SENTINEL-1,Sentinel-1A,S1A_IW_SLC__1SDV_20251220T084517_20251220T084544_062396_07D0DB_E740-SLC,SLC,DESCENDING,24,62396,643,2025-12-20T08:45:17Z,2025-12-20T08:45:44Z,S1A_IW_SLC__1SDV_20251220T084517_20251220T084544_062396_07D0DB_E740
feature_0_part_1_split_1,0,SENTINEL-1,Sentinel-1A,S1A_IW_SLC__1SDV_20251220T084542_20251220T084610_062396_07D0DB_1134-SLC,SLC,DESCENDING,24,62396,648,2025-12-20T08:45:42Z,2025-12-20T08:46:10Z,S1A_IW_SLC__1SDV_20251220T084542_20251220T084610_062396_07D0DB_1134
feature_0_part_1_split_1,0,SENTINEL-1,Sentinel-1A,S1A_IW_SLC__1SDV_20251220T084608_20251220T084635_062396_07D0DB_9C56-SLC,SLC,DESCENDING,24,62396,653,2025-12-20T08:46:08Z,2025-12-20T08:46:35Z,S1A_IW_SLC__1SDV_20251220T084608_20251220T084635_062396_07D0DB_9C56
feature_0_part_1_split_1,0,SENTINEL-1,Sentinel-1A,S1A_IW_SLC__1SDV_20251220T084632_20251220T084657_062396_07D0DB_35A1-SLC,SLC,DESCENDING,24,62396,658,2025-12-20T08:46:32Z,2025-12-20T08:46:57Z,S1A_IW_SLC__1SDV_20251220T084632_20251220T084657_062396_07D0DB_35A1
feature_0_part_1_split_1,0,SENTINEL-1,Sentinel-1C,S1C_IW_SLC__1SDV_20251220T093340_20251220T093411_005533_00B074_C818-SLC,SLC,DESCENDING,112,5533,643,2025-12-20T09:33:40Z,2025-12-20T09:34:11Z,S1C_IW_SLC__1SDV_20251220T093340_20251220T093411_005533_00B074_C818
feature_0_part_1_split_1,0,SENTINEL-1,Sentinel-1C,S1C_IW_SLC__1SDV_20251221T083550_20251221T083621_005547_00B0ED_A29E-SLC,SLC,DESCENDING,126,5547,640,2025-12-21T08:35:50Z,2025-12-21T08:36:21Z,S1C_IW_SLC__1SDV_20251221T083550_20251221T083621_005547_00B0ED_A29E
feature_0_part_1_split_1,0,SENTINEL-1,Sentinel-1C,S1C_IW_SLC__1SDV_20251221T083619_20251221T083646_005547_00B0ED_6366-SLC,SLC,DESCENDING,126,5547,646,2025-12-21T08:36:19Z,2025-12-21T08:36:46Z,S1C_IW_SLC__1SDV_20251221T083619_20251221T083646_005547_00B0ED_6366
feature_0_part_1_split_1,0,SENTINEL-1,Sentinel-1C,S1C_IW_SLC__1SDV_20251221T083644_20251221T083710_005547_00B0ED_C7F7-SLC,SLC,DESCENDING,126,5547,651,2025-12-21T08:36:44Z,2025-12-21T08:37:10Z,S1C_IW_SLC__1SDV_20251221T083644_20251221T083710_005547_00B0ED_C7F7
feature_0_part_1_split_1,0,SENTINEL-1,Sentinel-1C,S1C_IW_SLC__1SDV_20251221T083708_20251221T083735_005547_00B0ED_7AF3-SLC,SLC,DESCENDING,126,5547,656,2025-12-21T08:37:08Z,2025-12-21T08:37:35Z,S1C_IW_SLC__1SDV_20251221T083708_20251221T083735_005547_00B0ED_7AF3
feature_0_part_1_split_1,0,SENTINEL-1,Sentinel-1C,S1C_IW_SLC__1SDV_20251221T083733_20251221T083800_005547_00B0ED_731A-SLC,SLC,DESCENDING,126,5547,661,2025-12-21T08:37:33Z,2025-12-21T08:38:00Z,S1C_IW_SLC__1SDV_20251221T083733_20251221T083800_005547_00B0ED_731A
feature_0_part_1_split_1,0,SENTINEL-1,Sentinel-1C,S1C_IW_SLC__1SDV_20251221T083758_20251221T083826_005547_00B0ED_17C2-SLC,SLC,DESCENDING,126,5547,666,2025-12-21T08:37:58Z,2025-12-21T08:38:26Z,S1C_IW_SLC__1SDV_20251221T083758_20251221T083826_005547_00B0ED_17C2
feature_0_part_1_split_1,0,SENTINEL-1,Sentinel-1C,S1C_IW_SLC__1SDV_20251221T083824_20251221T083851_005547_00B0ED_398F-SLC,SLC,DESCENDING,126,5547,671,2025-12-21T08:38:24Z,2025-12-21T08:38:51Z,S1C_IW_SLC__1SDV_20251221T083824_20251221T083851_005547_00B0ED_398F
feature_0_part_1_split_1,0,SENTINEL-1,Sentinel-1C,S1C_IW_SLC__1SDV_20251221T083849_20251221T083916_005547_00B0ED_02AE-SLC,SLC,DESCENDING,126,5547,676,2025-12-21T08:38:49Z,2025-12-21T08:39:16Z,S1C_IW_SLC__1SDV_20251221T083849_20251221T083916_005547_00B0ED_02AE
feature_0_part_1_split_1,0,SENTINEL-1,Sentinel-1A,S1A_IW_SLC__1SDV_20251221T092525_20251221T092553_062411_07D166_E4F6-SLC,SLC,DESCENDING,39,62411,631,2025-12-21T09:25:25Z,2025-12-21T09:25:53Z,S1A_IW_SLC__1SDV_20251221T092525_20251221T092553_062411_07D166_E4F6
feature_0_part_1_split_1,0,SENTINEL-1,Sentinel-1A,S1A_IW_SLC__1SDV_20251221T092551_20251221T092618_062411_07D166_7809-SLC,SLC,DESCENDING,39,62411,636,2025-12-21T09:25:51Z,2025-12-21T09:26:18Z,S1A_IW_SLC__1SDV_20251221T092551_20251221T092618_062411_07D166_7809
feature_0_part_1_split_1,0,SENTINEL-1,Sentinel-1A,S1A_IW_SLC__1SDV_20251221T092616_20251221T092643_062411_07D166_1E07-SLC,SLC,DESCENDING,39,62411,641,2025-12-21T09:26:16Z,2025-12-21T09:26:43Z,S1A_IW_SLC__1SDV_20251221T092616_20251221T092643_062411_07D166_1E07
feature_0_part_1_split_1,0,SENTINEL-1,Sentinel-1A,S1A_IW_SLC__1SDV_20251221T092640_20251221T092713_062411_07D166_C877-SLC,SLC,DESCENDING,39,62411,646,2025-12-21T09:26:40Z,2025-12-21T09:27:13Z,S1A_IW_SLC__1SDV_20251221T092640_20251221T092713_062411_07D166_C877
feature_0_part_1_split_1,0,SENTINEL-1,Sentinel-1A,S1A_IW_SLC__1SDV_20251222T082518_20251222T082548_062425_07D1FA_6C4D-SLC,SLC,DESCENDING,53,62425,600,2025-12-22T08:25:18Z,2025-12-22T08:25:48Z,S1A_IW_SLC__1SDV_20251222T082518_20251222T082548_062425_07D1FA_6C4D
feature_0_part_1_split_1,0,SENTINEL-1,Sentinel-1A,S1A_IW_SLC__1SDV_20251222T082546_20251222T082614_062425_07D1FA_FCC9-SLC,SLC,DESCENDING,53,62425,606,2025-12-22T08:25:46Z,2025-12-22T08:26:14Z,S1A_IW_SLC__1SDV_20251222T082546_20251222T082614_062425_07D1FA_FCC9
feature_0_part_1_split_1,0,SENTINEL-1,Sentinel-1A,S1A_IW_SLC__1SDV_20251222T082612_20251222T082639_062425_07D1FA_1A12-SLC,SLC,DESCENDING,53,62425,611,2025-12-22T08:26:12Z,2025-12-22T08:26:39Z,S1A_IW_SLC__1SDV_20251222T082612_20251222T082639_062425_07D1FA_1A12
feature_0_part_1_split_1,0,SENTINEL-1,Sentinel-1A,S1A_IW_SLC__1SDV_20251222T082636_20251222T082703_062425_07D1FA_E92C-SLC,SLC,DESCENDING,53,62425,616,2025-12-22T08:26:36Z,2025-12-22T08:27:03Z,S1A_IW_SLC__1SDV_20251222T082636_20251222T082703_062425_07D1FA_E92C
feature_0_part_1_split_1,0,SENTINEL-1,Sentinel-1A,S1A_IW_SLC__1SDV_20251222T082751_20251222T082819_062425_07D1FA_90D0-SLC,SLC,DESCENDING,53,62425,631,2025-12-22T08:27:51Z,2025-12-22T08:28:19Z,S1A_IW_SLC__1SDV_20251222T082751_20251222T082819_062425_07D1FA_90D0
feature_0_part_1_split_1,0,SENTINEL-1,Sentinel-1A,S1A_IW_SLC__1SDV_20251222T082817_20251222T082844_062425_07D1FA_B87B-SLC,SLC,DESCENDING,53,62425,636,2025-12-22T08:28:17Z,2025-12-22T08:28:44Z,S1A_IW_SLC__1SDV_20251222T082817_20251222T082844_062425_07D1FA_B87B
feature_0_part_1_split_1,0,SENTINEL-1,Sentinel-1A,S1A_IW_SLC__1SDV_20251222T082841_20251222T082856_062425_07D1FA_1E8A-SLC,SLC,DESCENDING,53,62425,641,2025-12-22T08:28:41Z,2025-12-22T08:28:56Z,S1A_IW_SLC__1SDV_20251222T082841_20251222T082856_062425_07D1FA_1E8A
feature_0_part_1_split_1,0,SENTINEL-1,Sentinel-1C,S1C_IW_SLC__1SDV_20251222T091838_20251222T091909_005562_00B17A_CB03-SLC,SLC,DESCENDING,141,5562,660,2025-12-22T09:18:38Z,2025-12-22T09:19:09Z,S1C_IW_SLC__1SDV_20251222T091838_20251222T091909_005562_00B17A_CB03
feature_0_part_1_split_1,0,SENTINEL-1,Sentinel-1C,S1C_IW_SLC__1SDV_20251222T091907_20251222T091934_005562_00B17A_AEA6-SLC,SLC,DESCENDING,141,5562,666,2025-12-22T09:19:07Z,2025-12-22T09:19:34Z,S1C_IW_SLC__1SDV_20251222T091907_20251222T091934_005562_00B17A_AEA6
feature_0_part_1_split_1,0,SENTINEL-1,Sentinel-1C,S1C_IW_SLC__1SDV_20251223T082015_20251223T082046_005576_00B1F8_FCB8-SLC,SLC,DESCENDING,155,5576,651,2025-12-23T08:20:15Z,2025-12-23T08:20:46Z,S1C_IW_SLC__1SDV_20251223T082015_20251223T082046_005576_00B1F8_FCB8
feature_0_part_1_split_1,0,SENTINEL-1,Sentinel-1C,S1C_IW_SLC__1SDV_20251223T082044_20251223T082111_005576_00B1F8_3D34-SLC,SLC,DESCENDING,155,5576,656,2025-12-23T08:20:44Z,2025-12-23T08:21:11Z,S1C_IW_SLC__1SDV_20251223T082044_20251223T082111_005576_00B1F8_3D34
feature_0_part_1_split_1,0,SENTINEL-1,Sentinel-1C,S1C_IW_SLC__1SDV_20251223T220742_20251223T220803_005584_00B242_71CD-SLC,SLC,ASCENDING,163,5584,1101,2025-12-23T22:07:42Z,2025-12-23T22:08:03Z,S1C_IW_SLC__1SDV_20251223T220742_20251223T220803_005584_00B242_71CD
feature_0_part_1_split_1,0,SENTINEL-1,Sentinel-1C,S1C_IW_SLC__1SDV_20251224T090157_20251224T090228_005591_00B27C_DC71-SLC,SLC,DESCENDING,170,5591,657,2025-12-24T09:01:57Z,2025-12-24T09:02:28Z,S1C_IW_SLC__1SDV_20251224T090157_20251224T090228_005591_00B27C_DC71
feature_0_part_1_split_1,0,SENTINEL-1,Sentinel-1C,S1C_IW_SLC__1SDV_20251224T090225_20251224T090252_005591_00B27C_F1A7-SLC,SLC,DESCENDING,170,5591,663,2025-12-24T09:02:25Z,2025-12-24T09:02:52Z,S1C_IW_SLC__1SDV_20251224T090225_20251224T090252_005591_00B27C_F1A7
feature_0_part_1_split_1,0,SENTINEL-1,Sentinel-1C,S1C_IW_SLC__1SDV_20251224T090250_20251224T090317_005591_00B27C_591F-SLC,SLC,DESCENDING,170,5591,668,2025-12-24T09:02:50Z,2025-12-24T09:03:17Z,S1C_IW_SLC__1SDV_20251224T090250_20251224T090317_005591_00B27C_591F
feature_0_part_1_split_1,0,SENTINEL-1,Sentinel-1C,S1C_IW_SLC__1SDV_20251224T090315_20251224T090342_005591_00B27C_45F5-SLC,SLC,DESCENDING,170,5591,673,2025-12-24T09:03:15Z,2025-12-24T09:03:42Z,S1C_IW_SLC__1SDV_20251224T090315_20251224T090342_005591_00B27C_45F5
feature_0_part_1_split_1,0,SENTINEL-1,Sentinel-1A,S1A_IW_SLC__1SDV_20251225T085028_20251225T085055_062469_07D3A8_877C-SLC,SLC,DESCENDING,97,62469,606,2025-12-25T08:50:28Z,2025-12-25T08:50:55Z,S1A_IW_SLC__1SDV_20251225T085028_20251225T085055_062469_07D3A8_877C
feature_0_part_1_split_1,0,SENTINEL-1,Sentinel-1A,S1A_IW_SLC__1SDV_20251225T085053_20251225T085120_062469_07D3A8_8ABA-SLC,SLC,DESCENDING,97,62469,611,2025-12-25T08:50:53Z,2025-12-25T08:51:20Z,S1A_IW_SLC__1SDV_20251225T085053_20251225T085120_062469_07D3A8_8ABA
feature_0_part_1_split_1,0,SENTINEL-1,Sentinel-1A,S1A_IW_SLC__1SDV_20251225T085118_20251225T085146_062469_07D3A8_D1A4-SLC,SLC,DESCENDING,97,62469,616,2025-12-25T08:51:18Z,2025-12-25T08:51:46Z,S1A_IW_SLC__1SDV_20251225T085118_20251225T085146_062469_07D3A8_D1A4
feature_0_part_1_split_1,0,SENTINEL-1,Sentinel-1A,S1A_IW_SLC__1SDV_20251225T085143_20251225T085210_062469_07D3A8_6AAF-SLC,SLC,DESCENDING,97,62469,621,2025-12-25T08:51:43Z,2025-12-25T08:52:10Z,S1A_IW_SLC__1SDV_20251225T085143_20251225T085210_062469_07D3A8_6AAF
feature_0_part_1_split_1,0,SENTINEL-1,Sentinel-1A,S1A_IW_SLC__1SDV_20251225T085208_20251225T085235_062469_07D3A8_429D-SLC,SLC,DESCENDING,97,62469,626,2025-12-25T08:52:08Z,2025-12-25T08:52:35Z,S1A_IW_SLC__1SDV_20251225T085208_20251225T085235_062469_07D3A8_429D
feature_0_part_1_split_1,0,SENTINEL-1,Sentinel-1A,S1A_IW_SLC__1SDV_20251225T085233_20251225T085300_062469_07D3A8_6869-SLC,SLC,DESCENDING,97,62469,631,2025-12-25T08:52:33Z,2025-12-25T08:53:00Z,S1A_IW_SLC__1SDV_20251225T085233_20251225T085300_062469_07D3A8_6869
feature_0_part_1_split_1,0,SENTINEL-1,Sentinel-1A,S1A_IW_SLC__1SDV_20251225T085258_20251225T085325_062469_07D3A8_C5E5-SLC,SLC,DESCENDING,97,62469,636,2025-12-25T08:52:58Z,2025-12-25T08:53:25Z,S1A_IW_SLC__1SDV_20251225T085258_20251225T085325_062469_07D3A8_C5E5
feature_0_part_1_split_1,0,SENTINEL-1,Sentinel-1A,S1A_IW_SLC__1SDV_20251225T085323_20251225T085350_062469_07D3A8_2F2B-SLC,SLC,DESCENDING,97,62469,641,2025-12-25T08:53:23Z,2025-12-25T08:53:50Z,S1A_IW_SLC__1SDV_20251225T085323_20251225T085350_062469_07D3A8_2F2B
feature_0_part_1_split_1,0,SENTINEL-1,Sentinel-1A,S1A_IW_SLC__1SDV_20251225T085348_20251225T085415_062469_07D3A8_5957-SLC,SLC,DESCENDING,97,62469,646,2025-12-25T08:53:48Z,2025-12-25T08:54:15Z,S1A_IW_SLC__1SDV_20251225T085348_20251225T085415_062469_07D3A8_5957
feature_0_part_1_split_1,0,SENTINEL-1,Sentinel-1A,S1A_IW_SLC__1SDV_20251225T085413_20251225T085440_062469_07D3A8_03EC-SLC,SLC,DESCENDING,97,62469,651,2025-12-25T08:54:13Z,2025-12-25T08:54:40Z,S1A_IW_SLC__1SDV_20251225T085413_20251225T085440_062469_07D3A8_03EC
feature_0_part_1_split_1,0,SENTINEL-1,Sentinel-1A,S1A_IW_SLC__1SDV_20251225T085438_20251225T085502_062469_07D3A8_68B0-SLC,SLC,DESCENDING,97,62469,656,2025-12-25T08:54:38Z,2025-12-25T08:55:02Z,S1A_IW_SLC__1SDV_20251225T085438_20251225T085502_062469_07D3A8_68B0
feature_0_part_1_split_1,0,SENTINEL-1,Sentinel-1C,S1C_IW_SLC__1SDV_20251226T084547_20251226T084618_005620_00B379_A5CD-SLC,SLC,DESCENDING,24,5620,661,2025-12-26T08:45:47Z,2025-12-26T08:46:18Z,S1C_IW_SLC__1SDV_20251226T084547_20251226T084618_005620_00B379_A5CD
feature_0_part_1_split_1,0,SENTINEL-1,Sentinel-1C,S1C_IW_SLC__1SDV_20251226T084616_20251226T084643_005620_00B379_69F9-SLC,SLC,DESCENDING,24,5620,667,2025-12-26T08:46:16Z,2025-12-26T08:46:43Z,S1C_IW_SLC__1SDV_20251226T084616_20251226T084643_005620_00B379_69F9
feature_0_part_1_split_1,0,SENTINEL-1,Sentinel-1C,S1C_IW_SLC__1SDV_20251226T084641_20251226T084707_005620_00B379_CAD9-SLC,SLC,DESCENDING,24,5620,672,2025-12-26T08:46:41Z,2025-12-26T08:47:07Z,S1C_IW_SLC__1SDV_20251226T084641_20251226T084707_005620_00B379_CAD9
feature_0_part_1_split_1,0,SENTINEL-1,Sentinel-1A,S1A_IW_SLC__1SDV_20251226T093336_20251226T093404_062484_07D447_6FFE-SLC,SLC,DESCENDING,112,62484,630,2025-12-26T09:33:36Z,2025-12-26T09:34:04Z,S1A_IW_SLC__1SDV_20251226T093336_20251226T093404_062484_07D447_6FFE
feature_0_part_1_split_1,0,SENTINEL-1,Sentinel-1A,S1A_IW_SLC__1SDV_20251226T093402_20251226T093429_062484_07D447_B6D5-SLC,SLC,DESCENDING,112,62484,635,2025-12-26T09:34:02Z,2025-12-26T09:34:29Z,S1A_IW_SLC__1SDV_20251226T093402_20251226T093429_062484_07D447_B6D5
feature_0_part_1_split_1,0,SENTINEL-1,Sentinel-1A,S1A_IW_SLC__1SDV_20251226T093427_20251226T093454_062484_07D447_E16E-SLC,SLC,DESCENDING,112,62484,640,2025-12-26T09:34:27Z,2025-12-26T09:34:54Z,S1A_IW_SLC__1SDV_20251226T093427_20251226T093454_062484_07D447_E16E
feature_0_part_1_split_1,0,SENTINEL-1,Sentinel-1A,S1A_IW_SLC__1SDV_20251227T083324_20251227T083354_062498_07D4DA_14CF-SLC,SLC,DESCENDING,126,62498,599,2025-12-27T08:33:24Z,2025-12-27T08:33:54Z,S1A_IW_SLC__1SDV_20251227T083324_20251227T083354_062498_07D4DA_14CF
feature_0_part_1_split_1,0,SENTINEL-1,Sentinel-1A,S1A_IW_SLC__1SDV_20251227T083351_20251227T083419_062498_07D4DA_082E-SLC,SLC,DESCENDING,126,62498,604,2025-12-27T08:33:51Z,2025-12-27T08:34:19Z,S1A_IW_SLC__1SDV_20251227T083351_20251227T083419_062498_07D4DA_082E
feature_0_part_1_split_1,0,SENTINEL-1,Sentinel-1A,S1A_IW_SLC__1SDV_20251227T083417_20251227T083444_062498_07D4DA_E4D3-SLC,SLC,DESCENDING,126,62498,610,2025-12-27T08:34:17Z,2025-12-27T08:34:44Z,S1A_IW_SLC__1SDV_20251227T083417_20251227T083444_062498_07D4DA_E4D3
feature_0_part_1_split_1,0,SENTINEL-1,Sentinel-1A,S1A_IW_SLC__1SDV_20251227T083442_20251227T083509_062498_07D4DA_B1BE-SLC,SLC,DESCENDING,126,62498,614,2025-12-27T08:34:42Z,2025-12-27T08:35:09Z,S1A_IW_SLC__1SDV_20251227T083442_20251227T083509_062498_07D4DA_B1BE
feature_0_part_1_split_1,0,SENTINEL-1,Sentinel-1A,S1A_IW_SLC__1SDV_20251227T083507_20251227T083534_062498_07D4DA_938F-SLC,SLC,DESCENDING,126,62498,619,2025-12-27T08:35:07Z,2025-12-27T08:35:34Z,S1A_IW_SLC__1SDV_20251227T083507_20251227T083534_062498_07D4DA_938F
feature_0_part_1_split_1,0,SENTINEL-1,Sentinel-1A,S1A_IW_SLC__1SDV_20251227T083532_20251227T083559_062498_07D4DA_560B-SLC,SLC,DESCENDING,126,62498,624,2025-12-27T08:35:32Z,2025-12-27T08:35:59Z,S1A_IW_SLC__1SDV_20251227T083532_20251227T083559_062498_07D4DA_560B
feature_0_part_1_split_1,0,SENTINEL-1,Sentinel-1A,S1A_IW_SLC__1SDV_20251227T083557_20251227T083624_062498_07D4DA_96E2-SLC,SLC,DESCENDING,126,62498,629,2025-12-27T08:35:57Z,2025-12-27T08:36:24Z,S1A_IW_SLC__1SDV_20251227T083557_20251227T083624_062498_07D4DA_96E2
feature_0_part_1_split_1,0,SENTINEL-1,Sentinel-1A,S1A_IW_SLC__1SDV_20251227T083622_20251227T083649_062498_07D4DA_402A-SLC,SLC,DESCENDING,126,62498,635,2025-12-27T08:36:22Z,2025-12-27T08:36:49Z,S1A_IW_SLC__1SDV_20251227T083622_20251227T083649_062498_07D4DA_402A
feature_0_part_1_split_1,0,SENTINEL-1,Sentinel-1A,S1A_IW_SLC__1SDV_20251227T083647_20251227T083701_062498_07D4DA_B3E0-SLC,SLC,DESCENDING,126,62498,639,2025-12-27T08:36:47Z,2025-12-27T08:37:01Z,S1A_IW_SLC__1SDV_20251227T083647_20251227T083701_062498_07D4DA_B3E0
feature_0_part_1_split_1,0,SENTINEL-1,Sentinel-1A,S1A_IW_SLC__1SDV_20251227T083833_20251227T083903_062498_07D4DB_C38B-SLC,SLC,DESCENDING,126,62498,661,2025-12-27T08:38:33Z,2025-12-27T08:39:03Z,S1A_IW_SLC__1SDV_20251227T083833_20251227T083903_062498_07D4DB_C38B
feature_0_part_1_split_1,0,SENTINEL-1,Sentinel-1A,S1A_IW_SLC__1SDV_20251227T083900_20251227T083928_062498_07D4DB_C111-SLC,SLC,DESCENDING,126,62498,666,2025-12-27T08:39:00Z,2025-12-27T08:39:28Z,S1A_IW_SLC__1SDV_20251227T083900_20251227T083928_062498_07D4DB_C111
feature_0_part_1_split_1,0,SENTINEL-1,Sentinel-1A,S1A_IW_SLC__1SDV_20251227T083926_20251227T083953_062498_07D4DB_0F36-SLC,SLC,DESCENDING,126,62498,671,2025-12-27T08:39:26Z,2025-12-27T08:39:53Z,S1A_IW_SLC__1SDV_20251227T083926_20251227T083953_062498_07D4DB_0F36
feature_0_part_1_split_1,0,SENTINEL-1,Sentinel-1C,S1C_IW_SLC__1SDV_20251228T082741_20251228T082811_005649_00B479_53AB-SLC,SLC,DESCENDING,53,5649,641,2025-12-28T08:27:41Z,2025-12-28T08:28:11Z,S1C_IW_SLC__1SDV_20251228T082741_20251228T082811_005649_00B479_53AB
feature_0_part_1_split_1,0,SENTINEL-1,Sentinel-1C,S1C_IW_SLC__1SDV_20251228T082809_20251228T082836_005649_00B479_2246-SLC,SLC,DESCENDING,53,5649,647,2025-12-28T08:28:09Z,2025-12-28T08:28:36Z,S1C_IW_SLC__1SDV_20251228T082809_20251228T082836_005649_00B479_2246
feature_0_part_1_split_1,0,SENTINEL-1,Sentinel-1C,S1C_IW_SLC__1SDV_20251228T082834_20251228T082901_005649_00B479_ACE8-SLC,SLC,DESCENDING,53,5649,652,2025-12-28T08:28:34Z,2025-12-28T08:29:01Z,S1C_IW_SLC__1SDV_20251228T082834_20251228T082901_005649_00B479_ACE8
feature_0_part_1_split_1,0,SENTINEL-1,Sentinel-1C,S1C_IW_SLC__1SDV_20251228T082859_20251228T082926_005649_00B479_1FEE-SLC,SLC,DESCENDING,53,5649,657,2025-12-28T08:28:59Z,2025-12-28T08:29:26Z,S1C_IW_SLC__1SDV_20251228T082859_20251228T082926_005649_00B479_1FEE
feature_0_part_1_split_1,0,SENTINEL-1,Sentinel-1C,S1C_IW_SLC__1SDV_20251228T082924_20251228T082951_005649_00B479_9347-SLC,SLC,DESCENDING,53,5649,662,2025-12-28T08:29:24Z,2025-12-28T08:29:51Z,S1C_IW_SLC__1SDV_20251228T082924_20251228T082951_005649_00B479_9347
feature_0_part_1_split_1,0,SENTINEL-1,Sentinel-1C,S1C_IW_SLC__1SDV_20251228T082949_20251228T083017_005649_00B479_8329-SLC,SLC,DESCENDING,53,5649,667,2025-12-28T08:29:49Z,2025-12-28T08:30:17Z,S1C_IW_SLC__1SDV_20251228T082949_20251228T083017_005649_00B479_8329
feature_0_part_1_split_1,0,SENTINEL-1,Sentinel-1A,S1A_IW_SLC__1SDV_20251228T091717_20251228T091745_062513_07D567_78C6-SLC,SLC,DESCENDING,141,62513,632,2025-12-28T09:17:17Z,2025-12-28T09:17:45Z,S1A_IW_SLC__1SDV_20251228T091717_20251228T091745_062513_07D567_78C6
feature_0_part_1_split_1,0,SENTINEL-1,Sentinel-1A,S1A_IW_SLC__1SDV_20251228T091743_20251228T091810_062513_07D567_AF8C-SLC,SLC,DESCENDING,141,62513,637,2025-12-28T09:17:43Z,2025-12-28T09:18:10Z,S1A_IW_SLC__1SDV_20251228T091743_20251228T091810_062513_07D567_AF8C
feature_0_part_1_split_1,0,SENTINEL-1,Sentinel-1A,S1A_IW_SLC__1SDV_20251228T091808_20251228T091835_062513_07D567_0914-SLC,SLC,DESCENDING,141,62513,642,2025-12-28T09:18:08Z,2025-12-28T09:18:35Z,S1A_IW_SLC__1SDV_20251228T091808_20251228T091835_062513_07D567_0914
feature_0_part_1_split_1,0,SENTINEL-1,Sentinel-1A,S1A_IW_SLC__1SDV_20251228T091833_20251228T091900_062513_07D567_8013-SLC,SLC,DESCENDING,141,62513,647,2025-12-28T09:18:33Z,2025-12-28T09:19:00Z,S1A_IW_SLC__1SDV_20251228T091833_20251228T091900_062513_07D567_8013
feature_0_part_1_split_1,0,SENTINEL-1,Sentinel-1A,S1A_IW_SLC__1SDV_20251228T091922_20251228T091944_062513_07D567_1231-SLC,SLC,DESCENDING,141,62513,657,2025-12-28T09:19:22Z,2025-12-28T09:19:44Z,S1A_IW_SLC__1SDV_20251228T091922_20251228T091944_062513_07D567_1231
feature_0_part_1_split_1,0,SENTINEL-1,Sentinel-1C,S1C_IW_SLC__1SDV_20251228T221546_20251228T221613_005657_00B4C6_6971-SLC,SLC,ASCENDING,61,5657,1099,2025-12-28T22:15:46Z,2025-12-28T22:16:13Z,S1C_IW_SLC__1SDV_20251228T221546_20251228T221613_005657_00B4C6_6971
feature_0_part_1_split_1,0,SENTINEL-1,Sentinel-1A,S1A_IW_SLC__1SDV_20251229T082014_20251229T082041_062527_07D5F4_C7F5-SLC,SLC,DESCENDING,155,62527,638,2025-12-29T08:20:14Z,2025-12-29T08:20:41Z,S1A_IW_SLC__1SDV_20251229T082014_20251229T082041_062527_07D5F4_C7F5
feature_0_part_1_split_1,0,SENTINEL-1,Sentinel-1A,S1A_IW_SLC__1SDV_20251229T082039_20251229T082106_062527_07D5F4_2638-SLC,SLC,DESCENDING,155,62527,643,2025-12-29T08:20:39Z,2025-12-29T08:21:06Z,S1A_IW_SLC__1SDV_20251229T082039_20251229T082106_062527_07D5F4_2638
feature_0_part_1_split_1,0,SENTINEL-1,Sentinel-1A,S1A_IW_SLC__1SDV_20251229T082104_20251229T082118_062527_07D5F4_46F2-SLC,SLC,DESCENDING,155,62527,648,2025-12-29T08:21:04Z,2025-12-29T08:21:18Z,S1A_IW_SLC__1SDV_20251229T082104_20251229T082118_062527_07D5F4_46F2
feature_0_part_1_split_1,0,SENTINEL-1,Sentinel-1C,S1C_IW_SLC__1SDV_20251229T090947_20251229T091018_005664_00B4FF_EE32-SLC,SLC,DESCENDING,68,5664,653,2025-12-29T09:09:47Z,2025-12-29T09:10:18Z,S1C_IW_SLC__1SDV_20251229T090947_20251229T091018_005664_00B4FF_EE32
feature_0_part_1_split_1,0,SENTINEL-1,Sentinel-1C,S1C_IW_SLC__1SDV_20251229T091016_20251229T091043_005664_00B4FF_9F2A-SLC,SLC,DESCENDING,68,5664,659,2025-12-29T09:10:16Z,2025-12-29T09:10:43Z,S1C_IW_SLC__1SDV_20251229T091016_20251229T091043_005664_00B4FF_9F2A
feature_0_part_1_split_1,0,SENTINEL-1,Sentinel-1C,S1C_IW_SLC__1SDV_20251229T091041_20251229T091108_005664_00B4FF_01A7-SLC,SLC,DESCENDING,68,5664,663,2025-12-29T09:10:41Z,2025-12-29T09:11:08Z,S1C_IW_SLC__1SDV_20251229T091041_20251229T091108_005664_00B4FF_01A7
feature_0_part_1_split_1,0,SENTINEL-1,Sentinel-1C,S1C_IW_SLC__1SDV_20251229T091106_20251229T091133_005664_00B4FF_B2BA-SLC,SLC,DESCENDING,68,5664,668,2025-12-29T09:11:06Z,2025-12-29T09:11:33Z,S1C_IW_SLC__1SDV_20251229T091106_20251229T091133_005664_00B4FF_B2BA
feature_0_part_1_split_1,0,SENTINEL-1,Sentinel-1A,S1A_IW_SLC__1SDV_20251230T085923_20251230T085951_062542_07D680_10FF-SLC,SLC,DESCENDING,170,62542,615,2025-12-30T08:59:23Z,2025-12-30T08:59:51Z,S1A_IW_SLC__1SDV_20251230T085923_20251230T085951_062542_07D680_10FF
feature_0_part_1_split_1,0,SENTINEL-1,Sentinel-1A,S1A_IW_SLC__1SDV_20251230T085949_20251230T090016_062542_07D680_DE3F-SLC,SLC,DESCENDING,170,62542,620,2025-12-30T08:59:49Z,2025-12-30T09:00:16Z,S1A_IW_SLC__1SDV_20251230T085949_20251230T090016_062542_07D680_DE3F
feature_0_part_1_split_1,0,SENTINEL-1,Sentinel-1A,S1A_IW_SLC__1SDV_20251230T090014_20251230T090041_062542_07D680_D361-SLC,SLC,DESCENDING,170,62542,625,2025-12-30T09:00:14Z,2025-12-30T09:00:41Z,S1A_IW_SLC__1SDV_20251230T090014_20251230T090041_062542_07D680_D361
feature_0_part_1_split_1,0,SENTINEL-1,Sentinel-1A,S1A_IW_SLC__1SDV_20251230T090039_20251230T090106_062542_07D680_4895-SLC,SLC,DESCENDING,170,62542,630,2025-12-30T09:00:39Z,2025-12-30T09:01:06Z,S1A_IW_SLC__1SDV_20251230T090039_20251230T090106_062542_07D680_4895
feature_0_part_1_split_1,0,SENTINEL-1,Sentinel-1A,S1A_IW_SLC__1SDV_20251230T090104_20251230T090131_062542_07D680_275B-SLC,SLC,DESCENDING,170,62542,635,2025-12-30T09:01:04Z,2025-12-30T09:01:31Z,S1A_IW_SLC__1SDV_20251230T090104_20251230T090131_062542_07D680_275B
feature_0_part_1_split_1,0,SENTINEL-1,Sentinel-1A,S1A_IW_SLC__1SDV_20251230T090128_20251230T090155_062542_07D680_3C0A-SLC,SLC,DESCENDING,170,62542,640,2025-12-30T09:01:28Z,2025-12-30T09:01:55Z,S1A_IW_SLC__1SDV_20251230T090128_20251230T090155_062542_07D680_3C0A
feature_0_part_1_split_1,0,SENTINEL-1,Sentinel-1A,S1A_IW_SLC__1SDV_20251230T090153_20251230T090221_062542_07D680_F4E5-SLC,SLC,DESCENDING,170,62542,645,2025-12-30T09:01:53Z,2025-12-30T09:02:21Z,S1A_IW_SLC__1SDV_20251230T090153_20251230T090221_062542_07D680_F4E5
feature_0_part_1_split_1,0,SENTINEL-1,Sentinel-1A,S1A_IW_SLC__1SDV_20251230T090219_20251230T090246_062542_07D680_A717-SLC,SLC,DESCENDING,170,62542,650,2025-12-30T09:02:19Z,2025-12-30T09:02:46Z,S1A_IW_SLC__1SDV_20251230T090219_20251230T090246_062542_07D680_A717
feature_0_part_1_split_1,0,SENTINEL-1,Sentinel-1A,S1A_IW_SLC__1SDV_20251230T090244_20251230T090308_062542_07D680_9DC6-SLC,SLC,DESCENDING,170,62542,655,2025-12-30T09:02:44Z,2025-12-30T09:03:08Z,S1A_IW_SLC__1SDV_20251230T090244_20251230T090308_062542_07D680_9DC6
feature_0_part_1_split_1,0,SENTINEL-1,Sentinel-1A,S1A_IW_SLC__1SDV_20251230T211641_20251230T211710_062549_07D6CE_551F-SLC,SLC,ASCENDING,2,62549,1168,2025-12-30T21:16:41Z,2025-12-30T21:17:10Z,S1A_IW_SLC__1SDV_20251230T211641_20251230T211710_062549_07D6CE_551F
feature_0_part_1_split_1,0,SENTINEL-1,Sentinel-1C,S1C_IW_SLC__1SDV_20251231T085351_20251231T085421_005693_00B5FC_CA87-SLC,SLC,DESCENDING,97,5693,659,2025-12-31T08:53:51Z,2025-12-31T08:54:21Z,S1C_IW_SLC__1SDV_20251231T085351_20251231T085421_005693_00B5FC_CA87
feature_0_part_1_split_1,0,SENTINEL-1,Sentinel-1C,S1C_IW_SLC__1SDV_20251231T085419_20251231T085446_005693_00B5FC_2D11-SLC,SLC,DESCENDING,97,5693,665,2025-12-31T08:54:19Z,2025-12-31T08:54:46Z,S1C_IW_SLC__1SDV_20251231T085419_20251231T085446_005693_00B5FC_2D11
feature_0_part_1_split_1,0,SENTINEL-1,Sentinel-1A,S1A_IW_SLC__1SDV_20251231T094154_20251231T094222_062557_07D715_4792-SLC,SLC,DESCENDING,10,62557,631,2025-12-31T09:41:54Z,2025-12-31T09:42:22Z,S1A_IW_SLC__1SDV_20251231T094154_20251231T094222_062557_07D715_4792
feature_0_part_1_split_1,0,SENTINEL-1,Sentinel-1A,S1A_IW_SLC__1SDV_20260101T084132_20260101T084159_062571_07D79E_FBF6-SLC,SLC,DESCENDING,24,62571,598,2026-01-01T08:41:32Z,2026-01-01T08:41:59Z,S1A_IW_SLC__1SDV_20260101T084132_20260101T084159_062571_07D79E_FBF6
feature_0_part_1_split_1,0,SENTINEL-1,Sentinel-1A,S1A_IW_SLC__1SDV_20260101T084156_20260101T084223_062571_07D79E_5C62-SLC,SLC,DESCENDING,24,62571,603,2026-01-01T08:41:56Z,2026-01-01T08:42:23Z,S1A_IW_SLC__1SDV_20260101T084156_20260101T084223_062571_07D79E_5C62
feature_0_part_1_split_1,0,SENTINEL-1,Sentinel-1A,S1A_IW_SLC__1SDV_20260101T084221_20260101T084248_062571_07D79E_CE42-SLC,SLC,DESCENDING,24,62571,608,2026-01-01T08:42:21Z,2026-01-01T08:42:48Z,S1A_IW_SLC__1SDV_20260101T084221_20260101T084248_062571_07D79E_CE42
feature_0_part_1_split_1,0,SENTINEL-1,Sentinel-1A,S1A_IW_SLC__1SDV_20260101T084246_20260101T084313_062571_07D79E_064C-SLC,SLC,DESCENDING,24,62571,613,2026-01-01T08:42:46Z,2026-01-01T08:43:13Z,S1A_IW_SLC__1SDV_20260101T084246_20260101T084313_062571_07D79E_064C
feature_0_part_1_split_1,0,SENTINEL-1,Sentinel-1A,S1A_IW_SLC__1SDV_20260101T084311_20260101T084339_062571_07D79E_0337-SLC,SLC,DESCENDING,24,62571,618,2026-01-01T08:43:11Z,2026-01-01T08:43:39Z,S1A_IW_SLC__1SDV_20260101T084311_20260101T084339_062571_07D79E_0337
feature_0_part_1_split_1,0,SENTINEL-1,Sentinel-1A,S1A_IW_SLC__1SDV_20260101T084337_20260101T084404_062571_07D79E_FB3C-SLC,SLC,DESCENDING,24,62571,623,2026-01-01T08:43:37Z,2026-01-01T08:44:04Z,S1A_IW_SLC__1SDV_20260101T084337_20260101T084404_062571_07D79E_FB3C
feature_0_part_1_split_1,0,SENTINEL-1,Sentinel-1A,S1A_IW_SLC__1SDV_20260101T084401_20260101T084428_062571_07D79E_346A-SLC,SLC,DESCENDING,24,62571,628,2026-01-01T08:44:01Z,2026-01-01T08:44:28Z,S1A_IW_SLC__1SDV_20260101T084401_20260101T084428_062571_07D79E_346A
feature_0_part_1_split_1,0,SENTINEL-1,Sentinel-1A,S1A_IW_SLC__1SDV_20260101T084426_20260101T084453_062571_07D79E_5BE3-SLC,SLC,DESCENDING,24,62571,633,2026-01-01T08:44:26Z,2026-01-01T08:44:53Z,S1A_IW_SLC__1SDV_20260101T084426_20260101T084453_062571_07D79E_5BE3
feature_0_part_1_split_1,0,SENTINEL-1,Sentinel-1A,S1A_IW_SLC__1SDV_20260101T084451_20260101T084518_062571_07D79E_CCE6-SLC,SLC,DESCENDING,24,62571,638,2026-01-01T08:44:51Z,2026-01-01T08:45:18Z,S1A_IW_SLC__1SDV_20260101T084451_20260101T084518_062571_07D79E_CCE6
feature_0_part_1_split_1,0,SENTINEL-1,Sentinel-1A,S1A_IW_SLC__1SDV_20260101T084516_20260101T084543_062571_07D79E_E86F-SLC,SLC,DESCENDING,24,62571,643,2026-01-01T08:45:16Z,2026-01-01T08:45:43Z,S1A_IW_SLC__1SDV_20260101T084516_20260101T084543_062571_07D79E_E86F
feature_0_part_1_split_1,0,SENTINEL-1,Sentinel-1A,S1A_IW_SLC__1SDV_20260101T084541_20260101T084609_062571_07D79E_4B53-SLC,SLC,DESCENDING,24,62571,648,2026-01-01T08:45:41Z,2026-01-01T08:46:09Z,S1A_IW_SLC__1SDV_20260101T084541_20260101T084609_062571_07D79E_4B53
feature_0_part_1_split_1,0,SENTINEL-1,Sentinel-1A,S1A_IW_SLC__1SDV_20260101T084606_20260101T084634_062571_07D79E_5F54-SLC,SLC,DESCENDING,24,62571,653,2026-01-01T08:46:06Z,2026-01-01T08:46:34Z,S1A_IW_SLC__1SDV_20260101T084606_20260101T084634_062571_07D79E_5F54
feature_0_part_1_split_1,0,SENTINEL-1,Sentinel-1A,S1A_IW_SLC__1SDV_20260101T084631_20260101T084656_062571_07D79E_8DC4-SLC,SLC,DESCENDING,24,62571,658,2026-01-01T08:46:31Z,2026-01-01T08:46:56Z,S1A_IW_SLC__1SDV_20260101T084631_20260101T084656_062571_07D79E_8DC4
feature_0_part_1_split_1,0,SENTINEL-1,Sentinel-1C,S1C_IW_SLC__1SDV_20260101T093339_20260101T093410_005708_00B682_D3E7-SLC,SLC,DESCENDING,112,5708,643,2026-01-01T09:33:39Z,2026-01-01T09:34:10Z,S1C_IW_SLC__1SDV_20260101T093339_20260101T093410_005708_00B682_D3E7
feature_0_part_1_split_1,0,SENTINEL-1,Sentinel-1C,S1C_IW_SLC__1SDV_20260102T083550_20260102T083620_005722_00B6F1_316B-SLC,SLC,DESCENDING,126,5722,640,2026-01-02T08:35:50Z,2026-01-02T08:36:20Z,S1C_IW_SLC__1SDV_20260102T083550_20260102T083620_005722_00B6F1_316B
feature_0_part_1_split_1,0,SENTINEL-1,Sentinel-1C,S1C_IW_SLC__1SDV_20260102T083618_20260102T083645_005722_00B6F1_C655-SLC,SLC,DESCENDING,126,5722,646,2026-01-02T08:36:18Z,2026-01-02T08:36:45Z,S1C_IW_SLC__1SDV_20260102T083618_20260102T083645_005722_00B6F1_C655
feature_0_part_1_split_1,0,SENTINEL-1,Sentinel-1C,S1C_IW_SLC__1SDV_20260102T083643_20260102T083710_005722_00B6F1_A986-SLC,SLC,DESCENDING,126,5722,651,2026-01-02T08:36:43Z,2026-01-02T08:37:10Z,S1C_IW_SLC__1SDV_20260102T083643_20260102T083710_005722_00B6F1_A986
feature_0_part_1_split_1,0,SENTINEL-1,Sentinel-1C,S1C_IW_SLC__1SDV_20260102T083708_20260102T083735_005722_00B6F1_9E7B-SLC,SLC,DESCENDING,126,5722,656,2026-01-02T08:37:08Z,2026-01-02T08:37:35Z,S1C_IW_SLC__1SDV_20260102T083708_20260102T083735_005722_00B6F1_9E7B
feature_0_part_1_split_1,0,SENTINEL-1,Sentinel-1C,S1C_IW_SLC__1SDV_20260102T083733_20260102T083759_005722_00B6F1_8CDE-SLC,SLC,DESCENDING,126,5722,661,2026-01-02T08:37:33Z,2026-01-02T08:37:59Z,S1C_IW_SLC__1SDV_20260102T083733_20260102T083759_005722_00B6F1_8CDE
feature_0_part_1_split_1,0,SENTINEL-1,Sentinel-1C,S1C_IW_SLC__1SDV_20260102T083757_20260102T083825_005722_00B6F1_84C6-SLC,SLC,DESCENDING,126,5722,666,2026-01-02T08:37:57Z,2026-01-02T08:38:25Z,S1C_IW_SLC__1SDV_20260102T083757_20260102T083825_005722_00B6F1_84C6
feature_0_part_1_split_1,0,SENTINEL-1,Sentinel-1C,S1C_IW_SLC__1SDV_20260102T083823_20260102T083850_005722_00B6F1_EDE5-SLC,SLC,DESCENDING,126,5722,671,2026-01-02T08:38:23Z,2026-01-02T08:38:50Z,S1C_IW_SLC__1SDV_20260102T083823_20260102T083850_005722_00B6F1_EDE5
feature_0_part_1_split_1,0,SENTINEL-1,Sentinel-1C,S1C_IW_SLC__1SDV_20260102T083848_20260102T083915_005722_00B6F1_4759-SLC,SLC,DESCENDING,126,5722,676,2026-01-02T08:38:48Z,2026-01-02T08:39:15Z,S1C_IW_SLC__1SDV_20260102T083848_20260102T083915_005722_00B6F1_4759
feature_0_part_1_split_1,0,SENTINEL-1,Sentinel-1A,S1A_IW_SLC__1SDV_20260102T092524_20260102T092552_062586_07D82C_BCFA-SLC,SLC,DESCENDING,39,62586,631,2026-01-02T09:25:24Z,2026-01-02T09:25:52Z,S1A_IW_SLC__1SDV_20260102T092524_20260102T092552_062586_07D82C_BCFA
feature_0_part_1_split_1,0,SENTINEL-1,Sentinel-1A,S1A_IW_SLC__1SDV_20260102T092550_20260102T092617_062586_07D82C_9258-SLC,SLC,DESCENDING,39,62586,636,2026-01-02T09:25:50Z,2026-01-02T09:26:17Z,S1A_IW_SLC__1SDV_20260102T092550_20260102T092617_062586_07D82C_9258
feature_0_part_1_split_1,0,SENTINEL-1,Sentinel-1A,S1A_IW_SLC__1SDV_20260102T092614_20260102T092642_062586_07D82C_D51C-SLC,SLC,DESCENDING,39,62586,641,2026-01-02T09:26:14Z,2026-01-02T09:26:42Z,S1A_IW_SLC__1SDV_20260102T092614_20260102T092642_062586_07D82C_D51C
feature_0_part_1_split_1,0,SENTINEL-1,Sentinel-1A,S1A_IW_SLC__1SDV_20260102T092639_20260102T092712_062586_07D82C_C5F1-SLC,SLC,DESCENDING,39,62586,646,2026-01-02T09:26:39Z,2026-01-02T09:27:12Z,S1A_IW_SLC__1SDV_20260102T092639_20260102T092712_062586_07D82C_C5F1
feature_0_part_1_split_1,0,SENTINEL-1,Sentinel-1A,S1A_IW_SLC__1SDV_20260103T082517_20260103T082547_062600_07D8BE_4566-SLC,SLC,DESCENDING,53,62600,600,2026-01-03T08:25:17Z,2026-01-03T08:25:47Z,S1A_IW_SLC__1SDV_20260103T082517_20260103T082547_062600_07D8BE_4566
feature_0_part_1_split_1,0,SENTINEL-1,Sentinel-1A,S1A_IW_SLC__1SDV_20260103T082545_20260103T082613_062600_07D8BE_C0AF-SLC,SLC,DESCENDING,53,62600,606,2026-01-03T08:25:45Z,2026-01-03T08:26:13Z,S1A_IW_SLC__1SDV_20260103T082545_20260103T082613_062600_07D8BE_C0AF
feature_0_part_1_split_1,0,SENTINEL-1,Sentinel-1A,S1A_IW_SLC__1SDV_20260103T082610_20260103T082637_062600_07D8BE_D876-SLC,SLC,DESCENDING,53,62600,611,2026-01-03T08:26:10Z,2026-01-03T08:26:37Z,S1A_IW_SLC__1SDV_20260103T082610_20260103T082637_062600_07D8BE_D876
feature_0_part_1_split_1,0,SENTINEL-1,Sentinel-1A,S1A_IW_SLC__1SDV_20260103T082635_20260103T082702_062600_07D8BE_23A7-SLC,SLC,DESCENDING,53,62600,616,2026-01-03T08:26:35Z,2026-01-03T08:27:02Z,S1A_IW_SLC__1SDV_20260103T082635_20260103T082702_062600_07D8BE_23A7
feature_0_part_1_split_1,0,SENTINEL-1,Sentinel-1A,S1A_IW_SLC__1SDV_20260103T082750_20260103T082818_062600_07D8BE_5FBC-SLC,SLC,DESCENDING,53,62600,631,2026-01-03T08:27:50Z,2026-01-03T08:28:18Z,S1A_IW_SLC__1SDV_20260103T082750_20260103T082818_062600_07D8BE_5FBC
feature_0_part_1_split_1,0,SENTINEL-1,Sentinel-1A,S1A_IW_SLC__1SDV_20260103T082815_20260103T082842_062600_07D8BE_628F-SLC,SLC,DESCENDING,53,62600,636,2026-01-03T08:28:15Z,2026-01-03T08:28:42Z,S1A_IW_SLC__1SDV_20260103T082815_20260103T082842_062600_07D8BE_628F
feature_0_part_1_split_1,0,SENTINEL-1,Sentinel-1A,S1A_IW_SLC__1SDV_20260103T082840_20260103T082854_062600_07D8BE_459B-SLC,SLC,DESCENDING,53,62600,641,2026-01-03T08:28:40Z,2026-01-03T08:28:54Z,S1A_IW_SLC__1SDV_20260103T082840_20260103T082854_062600_07D8BE_459B
feature_0_part_1_split_1,0,SENTINEL-1,Sentinel-1C,S1C_IW_SLC__1SDV_20260103T091838_20260103T091908_005737_00B77F_7B89-SLC,SLC,DESCENDING,141,5737,660,2026-01-03T09:18:38Z,2026-01-03T09:19:08Z,S1C_IW_SLC__1SDV_20260103T091838_20260103T091908_005737_00B77F_7B89
feature_0_part_1_split_1,0,SENTINEL-1,Sentinel-1C,S1C_IW_SLC__1SDV_20260103T091906_20260103T091933_005737_00B77F_6DD0-SLC,SLC,DESCENDING,141,5737,666,2026-01-03T09:19:06Z,2026-01-03T09:19:33Z,S1C_IW_SLC__1SDV_20260103T091906_20260103T091933_005737_00B77F_6DD0
feature_0_part_1_split_1,0,SENTINEL-1,Sentinel-1C,S1C_IW_SLC__1SDV_20260104T082015_20260104T082045_005751_00B7FC_1022-SLC,SLC,DESCENDING,155,5751,651,2026-01-04T08:20:15Z,2026-01-04T08:20:45Z,S1C_IW_SLC__1SDV_20260104T082015_20260104T082045_005751_00B7FC_1022
feature_0_part_1_split_1,0,SENTINEL-1,Sentinel-1C,S1C_IW_SLC__1SDV_20260104T082043_20260104T082110_005751_00B7FC_0510-SLC,SLC,DESCENDING,155,5751,656,2026-01-04T08:20:43Z,2026-01-04T08:21:10Z,S1C_IW_SLC__1SDV_20260104T082043_20260104T082110_005751_00B7FC_0510
feature_0_part_1_split_1,0,SENTINEL-1,Sentinel-1C,S1C_IW_SLC__1SDV_20260104T220742_20260104T220802_005759_00B846_46D9-SLC,SLC,ASCENDING,163,5759,1101,2026-01-04T22:07:42Z,2026-01-04T22:08:02Z,S1C_IW_SLC__1SDV_20260104T220742_20260104T220802_005759_00B846_46D9
feature_0_part_1_split_1,0,SENTINEL-1,Sentinel-1C,S1C_IW_SLC__1SDV_20260105T090157_20260105T090227_005766_00B880_FCA4-SLC,SLC,DESCENDING,170,5766,657,2026-01-05T09:01:57Z,2026-01-05T09:02:27Z,S1C_IW_SLC__1SDV_20260105T090157_20260105T090227_005766_00B880_FCA4
feature_0_part_1_split_1,0,SENTINEL-1,Sentinel-1C,S1C_IW_SLC__1SDV_20260105T090225_20260105T090252_005766_00B880_3651-SLC,SLC,DESCENDING,170,5766,663,2026-01-05T09:02:25Z,2026-01-05T09:02:52Z,S1C_IW_SLC__1SDV_20260105T090225_20260105T090252_005766_00B880_3651
feature_0_part_1_split_1,0,SENTINEL-1,Sentinel-1C,S1C_IW_SLC__1SDV_20260105T090250_20260105T090317_005766_00B880_7B84-SLC,SLC,DESCENDING,170,5766,668,2026-01-05T09:02:50Z,2026-01-05T09:03:17Z,S1C_IW_SLC__1SDV_20260105T090250_20260105T090317_005766_00B880_7B84
feature_0_part_1_split_1,0,SENTINEL-1,Sentinel-1C,S1C_IW_SLC__1SDV_20260105T090315_20260105T090342_005766_00B880_4D1E-SLC,SLC,DESCENDING,170,5766,673,2026-01-05T09:03:15Z,2026-01-05T09:03:42Z,S1C_IW_SLC__1SDV_20260105T090315_20260105T090342_005766_00B880_4D1E
feature_0_part_1_split_1,0,SENTINEL-1,Sentinel-1A,S1A_IW_SLC__1SDV_20260106T085027_20260106T085054_062644_07DA6C_F7BF-SLC,SLC,DESCENDING,97,62644,606,2026-01-06T08:50:27Z,2026-01-06T08:50:54Z,S1A_IW_SLC__1SDV_20260106T085027_20260106T085054_062644_07DA6C_F7BF
feature_0_part_1_split_1,0,SENTINEL-1,Sentinel-1A,S1A_IW_SLC__1SDV_20260106T085052_20260106T085119_062644_07DA6C_82E8-SLC,SLC,DESCENDING,97,62644,611,2026-01-06T08:50:52Z,2026-01-06T08:51:19Z,S1A_IW_SLC__1SDV_20260106T085052_20260106T085119_062644_07DA6C_82E8
feature_0_part_1_split_1,0,SENTINEL-1,Sentinel-1A,S1A_IW_SLC__1SDV_20260106T085116_20260106T085144_062644_07DA6C_CD5A-SLC,SLC,DESCENDING,97,62644,616,2026-01-06T08:51:16Z,2026-01-06T08:51:44Z,S1A_IW_SLC__1SDV_20260106T085116_20260106T085144_062644_07DA6C_CD5A
feature_0_part_1_split_1,0,SENTINEL-1,Sentinel-1A,S1A_IW_SLC__1SDV_20260106T085142_20260106T085209_062644_07DA6C_D4DC-SLC,SLC,DESCENDING,97,62644,621,2026-01-06T08:51:42Z,2026-01-06T08:52:09Z,S1A_IW_SLC__1SDV_20260106T085142_20260106T085209_062644_07DA6C_D4DC
feature_0_part_1_split_1,0,SENTINEL-1,Sentinel-1A,S1A_IW_SLC__1SDV_20260106T085207_20260106T085234_062644_07DA6C_CC83-SLC,SLC,DESCENDING,97,62644,626,2026-01-06T08:52:07Z,2026-01-06T08:52:34Z,S1A_IW_SLC__1SDV_20260106T085207_20260106T085234_062644_07DA6C_CC83
feature_0_part_1_split_1,0,SENTINEL-1,Sentinel-1A,S1A_IW_SLC__1SDV_20260106T085232_20260106T085259_062644_07DA6C_4E4D-SLC,SLC,DESCENDING,97,62644,631,2026-01-06T08:52:32Z,2026-01-06T08:52:59Z,S1A_IW_SLC__1SDV_20260106T085232_20260106T085259_062644_07DA6C_4E4D
feature_0_part_1_split_1,0,SENTINEL-1,Sentinel-1A,S1A_IW_SLC__1SDV_20260106T085257_20260106T085324_062644_07DA6C_591E-SLC,SLC,DESCENDING,97,62644,636,2026-01-06T08:52:57Z,2026-01-06T08:53:24Z,S1A_IW_SLC__1SDV_20260106T085257_20260106T085324_062644_07DA6C_591E
feature_0_part_1_split_1,0,SENTINEL-1,Sentinel-1A,S1A_IW_SLC__1SDV_20260106T085322_20260106T085349_062644_07DA6C_6B67-SLC,SLC,DESCENDING,97,62644,641,2026-01-06T08:53:22Z,2026-01-06T08:53:49Z,S1A_IW_SLC__1SDV_20260106T085322_20260106T085349_062644_07DA6C_6B67
feature_0_part_1_split_1,0,SENTINEL-1,Sentinel-1A,S1A_IW_SLC__1SDV_20260106T085346_20260106T085414_062644_07DA6C_8C35-SLC,SLC,DESCENDING,97,62644,646,2026-01-06T08:53:46Z,2026-01-06T08:54:14Z,S1A_IW_SLC__1SDV_20260106T085346_20260106T085414_062644_07DA6C_8C35
feature_0_part_1_split_1,0,SENTINEL-1,Sentinel-1A,S1A_IW_SLC__1SDV_20260106T085412_20260106T085439_062644_07DA6C_B08E-SLC,SLC,DESCENDING,97,62644,651,2026-01-06T08:54:12Z,2026-01-06T08:54:39Z,S1A_IW_SLC__1SDV_20260106T085412_20260106T085439_062644_07DA6C_B08E
feature_0_part_1_split_1,0,SENTINEL-1,Sentinel-1A,S1A_IW_SLC__1SDV_20260106T085437_20260106T085501_062644_07DA6C_9519-SLC,SLC,DESCENDING,97,62644,656,2026-01-06T08:54:37Z,2026-01-06T08:55:01Z,S1A_IW_SLC__1SDV_20260106T085437_20260106T085501_062644_07DA6C_9519
feature_0_part_1_split_1,0,SENTINEL-1,Sentinel-1C,S1C_IW_SLC__1SDV_20260107T084547_20260107T084617_005795_00B97F_1A00-SLC,SLC,DESCENDING,24,5795,661,2026-01-07T08:45:47Z,2026-01-07T08:46:17Z,S1C_IW_SLC__1SDV_20260107T084547_20260107T084617_005795_00B97F_1A00
feature_0_part_1_split_1,0,SENTINEL-1,Sentinel-1C,S1C_IW_SLC__1SDV_20260107T084615_20260107T084642_005795_00B97F_F35A-SLC,SLC,DESCENDING,24,5795,667,2026-01-07T08:46:15Z,2026-01-07T08:46:42Z,S1C_IW_SLC__1SDV_20260107T084615_20260107T084642_005795_00B97F_F35A
feature_0_part_1_split_1,0,SENTINEL-1,Sentinel-1C,S1C_IW_SLC__1SDV_20260107T084640_20260107T084707_005795_00B97F_0B60-SLC,SLC,DESCENDING,24,5795,672,2026-01-07T08:46:40Z,2026-01-07T08:47:07Z,S1C_IW_SLC__1SDV_20260107T084640_20260107T084707_005795_00B97F_0B60
feature_0_part_1_split_1,0,SENTINEL-1,Sentinel-1A,S1A_IW_SLC__1SDV_20260107T093335_20260107T093403_062659_07DB08_EAE9-SLC,SLC,DESCENDING,112,62659,630,2026-01-07T09:33:35Z,2026-01-07T09:34:03Z,S1A_IW_SLC__1SDV_20260107T093335_20260107T093403_062659_07DB08_EAE9
feature_0_part_1_split_1,0,SENTINEL-1,Sentinel-1A,S1A_IW_SLC__1SDV_20260107T093401_20260107T093428_062659_07DB08_519C-SLC,SLC,DESCENDING,112,62659,635,2026-01-07T09:34:01Z,2026-01-07T09:34:28Z,S1A_IW_SLC__1SDV_20260107T093401_20260107T093428_062659_07DB08_519C
feature_0_part_1_split_1,0,SENTINEL-1,Sentinel-1A,S1A_IW_SLC__1SDV_20260107T093426_20260107T093453_062659_07DB08_8C92-SLC,SLC,DESCENDING,112,62659,640,2026-01-07T09:34:26Z,2026-01-07T09:34:53Z,S1A_IW_SLC__1SDV_20260107T093426_20260107T093453_062659_07DB08_8C92
feature_0_part_1_split_1,0,SENTINEL-1,Sentinel-1A,S1A_IW_SLC__1SDV_20260108T083323_20260108T083352_062673_07DB98_3246-SLC,SLC,DESCENDING,126,62673,599,2026-01-08T08:33:23Z,2026-01-08T08:33:52Z,S1A_IW_SLC__1SDV_20260108T083323_20260108T083352_062673_07DB98_3246
feature_0_part_1_split_1,0,SENTINEL-1,Sentinel-1A,S1A_IW_SLC__1SDV_20260108T083350_20260108T083418_062673_07DB98_E322-SLC,SLC,DESCENDING,126,62673,604,2026-01-08T08:33:50Z,2026-01-08T08:34:18Z,S1A_IW_SLC__1SDV_20260108T083350_20260108T083418_062673_07DB98_E322
feature_0_part_1_split_1,0,SENTINEL-1,Sentinel-1A,S1A_IW_SLC__1SDV_20260108T083416_20260108T083443_062673_07DB98_B527-SLC,SLC,DESCENDING,126,62673,610,2026-01-08T08:34:16Z,2026-01-08T08:34:43Z,S1A_IW_SLC__1SDV_20260108T083416_20260108T083443_062673_07DB98_B527
feature_0_part_1_split_1,0,SENTINEL-1,Sentinel-1A,S1A_IW_SLC__1SDV_20260108T083441_20260108T083508_062673_07DB98_781C-SLC,SLC,DESCENDING,126,62673,614,2026-01-08T08:34:41Z,2026-01-08T08:35:08Z,S1A_IW_SLC__1SDV_20260108T083441_20260108T083508_062673_07DB98_781C
feature_0_part_1_split_1,0,SENTINEL-1,Sentinel-1A,S1A_IW_SLC__1SDV_20260108T083506_20260108T083533_062673_07DB98_6942-SLC,SLC,DESCENDING,126,62673,619,2026-01-08T08:35:06Z,2026-01-08T08:35:33Z,S1A_IW_SLC__1SDV_20260108T083506_20260108T083533_062673_07DB98_6942
feature_0_part_1_split_1,0,SENTINEL-1,Sentinel-1A,S1A_IW_SLC__1SDV_20260108T083531_20260108T083557_062673_07DB98_090F-SLC,SLC,DESCENDING,126,62673,624,2026-01-08T08:35:31Z,2026-01-08T08:35:57Z,S1A_IW_SLC__1SDV_20260108T083531_20260108T083557_062673_07DB98_090F
feature_0_part_1_split_1,0,SENTINEL-1,Sentinel-1A,S1A_IW_SLC__1SDV_20260108T083555_20260108T083623_062673_07DB98_4765-SLC,SLC,DESCENDING,126,62673,629,2026-01-08T08:35:55Z,2026-01-08T08:36:23Z,S1A_IW_SLC__1SDV_20260108T083555_20260108T083623_062673_07DB98_4765
feature_0_part_1_split_1,0,SENTINEL-1,Sentinel-1A,S1A_IW_SLC__1SDV_20260108T083621_20260108T083648_062673_07DB98_3E66-SLC,SLC,DESCENDING,126,62673,635,2026-01-08T08:36:21Z,2026-01-08T08:36:48Z,S1A_IW_SLC__1SDV_20260108T083621_20260108T083648_062673_07DB98_3E66
feature_0_part_1_split_1,0,SENTINEL-1,Sentinel-1A,S1A_IW_SLC__1SDV_20260108T083646_20260108T083700_062673_07DB98_7B5B-SLC,SLC,DESCENDING,126,62673,639,2026-01-08T08:36:46Z,2026-01-08T08:37:00Z,S1A_IW_SLC__1SDV_20260108T083646_20260108T083700_062673_07DB98_7B5B
feature_0_part_1_split_1,0,SENTINEL-1,Sentinel-1A,S1A_IW_SLC__1SDV_20260108T083832_20260108T083901_062673_07DB99_E768-SLC,SLC,DESCENDING,126,62673,661,2026-01-08T08:38:32Z,2026-01-08T08:39:01Z,S1A_IW_SLC__1SDV_20260108T083832_20260108T083901_062673_07DB99_E768
feature_0_part_1_split_1,0,SENTINEL-1,Sentinel-1A,S1A_IW_SLC__1SDV_20260108T083859_20260108T083927_062673_07DB99_E7E0-SLC,SLC,DESCENDING,126,62673,666,2026-01-08T08:38:59Z,2026-01-08T08:39:27Z,S1A_IW_SLC__1SDV_20260108T083859_20260108T083927_062673_07DB99_E7E0
feature_0_part_1_split_1,0,SENTINEL-1,Sentinel-1A,S1A_IW_SLC__1SDV_20260108T083925_20260108T083952_062673_07DB99_FD02-SLC,SLC,DESCENDING,126,62673,671,2026-01-08T08:39:25Z,2026-01-08T08:39:52Z,S1A_IW_SLC__1SDV_20260108T083925_20260108T083952_062673_07DB99_FD02
feature_0_part_1_split_1,0,SENTINEL-1,Sentinel-1C,S1C_IW_SLC__1SDV_20260109T082740_20260109T082811_005824_00BA84_2020-SLC,SLC,DESCENDING,53,5824,641,2026-01-09T08:27:40Z,2026-01-09T08:28:11Z,S1C_IW_SLC__1SDV_20260109T082740_20260109T082811_005824_00BA84_2020
feature_0_part_1_split_1,0,SENTINEL-1,Sentinel-1C,S1C_IW_SLC__1SDV_20260109T082809_20260109T082836_005824_00BA84_65E9-SLC,SLC,DESCENDING,53,5824,647,2026-01-09T08:28:09Z,2026-01-09T08:28:36Z,S1C_IW_SLC__1SDV_20260109T082809_20260109T082836_005824_00BA84_65E9
feature_0_part_1_split_1,0,SENTINEL-1,Sentinel-1C,S1C_IW_SLC__1SDV_20260109T082834_20260109T082901_005824_00BA84_A1E1-SLC,SLC,DESCENDING,53,5824,652,2026-01-09T08:28:34Z,2026-01-09T08:29:01Z,S1C_IW_SLC__1SDV_20260109T082834_20260109T082901_005824_00BA84_A1E1
feature_0_part_1_split_1,0,SENTINEL-1,Sentinel-1C,S1C_IW_SLC__1SDV_20260109T082858_20260109T082925_005824_00BA84_D8D1-SLC,SLC,DESCENDING,53,5824,657,2026-01-09T08:28:58Z,2026-01-09T08:29:25Z,S1C_IW_SLC__1SDV_20260109T082858_20260109T082925_005824_00BA84_D8D1
feature_0_part_1_split_1,0,SENTINEL-1,Sentinel-1C,S1C_IW_SLC__1SDV_20260109T082923_20260109T082950_005824_00BA84_8E71-SLC,SLC,DESCENDING,53,5824,662,2026-01-09T08:29:23Z,2026-01-09T08:29:50Z,S1C_IW_SLC__1SDV_20260109T082923_20260109T082950_005824_00BA84_8E71
feature_0_part_1_split_1,0,SENTINEL-1,Sentinel-1C,S1C_IW_SLC__1SDV_20260109T082948_20260109T083016_005824_00BA84_7476-SLC,SLC,DESCENDING,53,5824,667,2026-01-09T08:29:48Z,2026-01-09T08:30:16Z,S1C_IW_SLC__1SDV_20260109T082948_20260109T083016_005824_00BA84_7476
feature_0_part_1_split_1,0,SENTINEL-1,Sentinel-1A,S1A_IW_SLC__1SDV_20260109T091716_20260109T091744_062688_07DC27_7EE7-SLC,SLC,DESCENDING,141,62688,632,2026-01-09T09:17:16Z,2026-01-09T09:17:44Z,S1A_IW_SLC__1SDV_20260109T091716_20260109T091744_062688_07DC27_7EE7
feature_0_part_1_split_1,0,SENTINEL-1,Sentinel-1A,S1A_IW_SLC__1SDV_20260109T091742_20260109T091809_062688_07DC27_B84C-SLC,SLC,DESCENDING,141,62688,637,2026-01-09T09:17:42Z,2026-01-09T09:18:09Z,S1A_IW_SLC__1SDV_20260109T091742_20260109T091809_062688_07DC27_B84C
feature_0_part_1_split_1,0,SENTINEL-1,Sentinel-1A,S1A_IW_SLC__1SDV_20260109T091807_20260109T091834_062688_07DC27_B090-SLC,SLC,DESCENDING,141,62688,642,2026-01-09T09:18:07Z,2026-01-09T09:18:34Z,S1A_IW_SLC__1SDV_20260109T091807_20260109T091834_062688_07DC27_B090
feature_0_part_1_split_1,0,SENTINEL-1,Sentinel-1A,S1A_IW_SLC__1SDV_20260109T091831_20260109T091858_062688_07DC27_4EAF-SLC,SLC,DESCENDING,141,62688,647,2026-01-09T09:18:31Z,2026-01-09T09:18:58Z,S1A_IW_SLC__1SDV_20260109T091831_20260109T091858_062688_07DC27_4EAF
feature_0_part_1_split_1,0,SENTINEL-1,Sentinel-1A,S1A_IW_SLC__1SDV_20260109T091921_20260109T091943_062688_07DC27_FE76-SLC,SLC,DESCENDING,141,62688,657,2026-01-09T09:19:21Z,2026-01-09T09:19:43Z,S1A_IW_SLC__1SDV_20260109T091921_20260109T091943_062688_07DC27_FE76
feature_0_part_1_split_1,0,SENTINEL-1,Sentinel-1C,S1C_IW_SLC__1SDV_20260109T221546_20260109T221612_005832_00BAD3_CCBA-SLC,SLC,ASCENDING,61,5832,1099,2026-01-09T22:15:46Z,2026-01-09T22:16:12Z,S1C_IW_SLC__1SDV_20260109T221546_20260109T221612_005832_00BAD3_CCBA
feature_0_part_1_split_1,0,SENTINEL-1,Sentinel-1A,S1A_IW_SLC__1SDV_20260110T082013_20260110T082040_062702_07DCA9_DFA7-SLC,SLC,DESCENDING,155,62702,638,2026-01-10T08:20:13Z,2026-01-10T08:20:40Z,S1A_IW_SLC__1SDV_20260110T082013_20260110T082040_062702_07DCA9_DFA7
feature_0_part_1_split_1,0,SENTINEL-1,Sentinel-1A,S1A_IW_SLC__1SDV_20260110T082038_20260110T082105_062702_07DCA9_5672-SLC,SLC,DESCENDING,155,62702,643,2026-01-10T08:20:38Z,2026-01-10T08:21:05Z,S1A_IW_SLC__1SDV_20260110T082038_20260110T082105_062702_07DCA9_5672
feature_0_part_1_split_1,0,SENTINEL-1,Sentinel-1A,S1A_IW_SLC__1SDV_20260110T082103_20260110T082117_062702_07DCA9_27EA-SLC,SLC,DESCENDING,155,62702,648,2026-01-10T08:21:03Z,2026-01-10T08:21:17Z,S1A_IW_SLC__1SDV_20260110T082103_20260110T082117_062702_07DCA9_27EA
feature_0_part_1_split_1,0,SENTINEL-1,Sentinel-1C,S1C_IW_SLC__1SDV_20260110T090947_20260110T091018_005839_00BB12_C905-SLC,SLC,DESCENDING,68,5839,653,2026-01-10T09:09:47Z,2026-01-10T09:10:18Z,S1C_IW_SLC__1SDV_20260110T090947_20260110T091018_005839_00BB12_C905
feature_0_part_1_split_1,0,SENTINEL-1,Sentinel-1C,S1C_IW_SLC__1SDV_20260110T091015_20260110T091042_005839_00BB12_28D3-SLC,SLC,DESCENDING,68,5839,659,2026-01-10T09:10:15Z,2026-01-10T09:10:42Z,S1C_IW_SLC__1SDV_20260110T091015_20260110T091042_005839_00BB12_28D3
feature_0_part_1_split_1,0,SENTINEL-1,Sentinel-1C,S1C_IW_SLC__1SDV_20260110T091040_20260110T091107_005839_00BB12_7AE7-SLC,SLC,DESCENDING,68,5839,663,2026-01-10T09:10:40Z,2026-01-10T09:11:07Z,S1C_IW_SLC__1SDV_20260110T091040_20260110T091107_005839_00BB12_7AE7
feature_0_part_1_split_1,0,SENTINEL-1,Sentinel-1C,S1C_IW_SLC__1SDV_20260110T091105_20260110T091132_005839_00BB12_B501-SLC,SLC,DESCENDING,68,5839,668,2026-01-10T09:11:05Z,2026-01-10T09:11:32Z,S1C_IW_SLC__1SDV_20260110T091105_20260110T091132_005839_00BB12_B501
feature_0_part_1_split_1,0,SENTINEL-1,Sentinel-1A,S1A_IW_SLC__1SDV_20260111T085922_20260111T085950_062717_07DD37_0A3C-SLC,SLC,DESCENDING,170,62717,615,2026-01-11T08:59:22Z,2026-01-11T08:59:50Z,S1A_IW_SLC__1SDV_20260111T085922_20260111T085950_062717_07DD37_0A3C
feature_0_part_1_split_1,0,SENTINEL-1,Sentinel-1A,S1A_IW_SLC__1SDV_20260111T085948_20260111T090015_062717_07DD37_4213-SLC,SLC,DESCENDING,170,62717,620,2026-01-11T08:59:48Z,2026-01-11T09:00:15Z,S1A_IW_SLC__1SDV_20260111T085948_20260111T090015_062717_07DD37_4213
feature_0_part_1_split_1,0,SENTINEL-1,Sentinel-1A,S1A_IW_SLC__1SDV_20260111T090013_20260111T090040_062717_07DD37_C2AD-SLC,SLC,DESCENDING,170,62717,625,2026-01-11T09:00:13Z,2026-01-11T09:00:40Z,S1A_IW_SLC__1SDV_20260111T090013_20260111T090040_062717_07DD37_C2AD
feature_0_part_1_split_1,0,SENTINEL-1,Sentinel-1A,S1A_IW_SLC__1SDV_20260111T090038_20260111T090105_062717_07DD37_05E9-SLC,SLC,DESCENDING,170,62717,630,2026-01-11T09:00:38Z,2026-01-11T09:01:05Z,S1A_IW_SLC__1SDV_20260111T090038_20260111T090105_062717_07DD37_05E9
feature_0_part_1_split_1,0,SENTINEL-1,Sentinel-1A,S1A_IW_SLC__1SDV_20260111T090103_20260111T090129_062717_07DD37_2BF5-SLC,SLC,DESCENDING,170,62717,635,2026-01-11T09:01:03Z,2026-01-11T09:01:29Z,S1A_IW_SLC__1SDV_20260111T090103_20260111T090129_062717_07DD37_2BF5
feature_0_part_1_split_1,0,SENTINEL-1,Sentinel-1A,S1A_IW_SLC__1SDV_20260111T090127_20260111T090154_062717_07DD37_B240-SLC,SLC,DESCENDING,170,62717,640,2026-01-11T09:01:27Z,2026-01-11T09:01:54Z,S1A_IW_SLC__1SDV_20260111T090127_20260111T090154_062717_07DD37_B240
feature_0_part_1_split_1,0,SENTINEL-1,Sentinel-1A,S1A_IW_SLC__1SDV_20260111T090152_20260111T090220_062717_07DD37_B3CC-SLC,SLC,DESCENDING,170,62717,645,2026-01-11T09:01:52Z,2026-01-11T09:02:20Z,S1A_IW_SLC__1SDV_20260111T090152_20260111T090220_062717_07DD37_B3CC
feature_0_part_1_split_1,0,SENTINEL-1,Sentinel-1A,S1A_IW_SLC__1SDV_20260111T090218_20260111T090245_062717_07DD37_FED3-SLC,SLC,DESCENDING,170,62717,650,2026-01-11T09:02:18Z,2026-01-11T09:02:45Z,S1A_IW_SLC__1SDV_20260111T090218_20260111T090245_062717_07DD37_FED3
feature_0_part_1_split_1,0,SENTINEL-1,Sentinel-1A,S1A_IW_SLC__1SDV_20260111T090243_20260111T090307_062717_07DD37_216A-SLC,SLC,DESCENDING,170,62717,655,2026-01-11T09:02:43Z,2026-01-11T09:03:07Z,S1A_IW_SLC__1SDV_20260111T090243_20260111T090307_062717_07DD37_216A
feature_0_part_1_split_1,0,SENTINEL-1,Sentinel-1A,S1A_IW_SLC__1SDV_20260111T211640_20260111T211709_062724_07DD84_8A11-SLC,SLC,ASCENDING,2,62724,1168,2026-01-11T21:16:40Z,2026-01-11T21:17:09Z,S1A_IW_SLC__1SDV_20260111T211640_20260111T211709_062724_07DD84_8A11
feature_0_part_1_split_1,0,SENTINEL-1,Sentinel-1C,S1C_IW_SLC__1SDV_20260112T085350_20260112T085421_005868_00BC1D_69ED-SLC,SLC,DESCENDING,97,5868,659,2026-01-12T08:53:50Z,2026-01-12T08:54:21Z,S1C_IW_SLC__1SDV_20260112T085350_20260112T085421_005868_00BC1D_69ED
feature_0_part_1_split_1,0,SENTINEL-1,Sentinel-1C,S1C_IW_SLC__1SDV_20260112T085419_20260112T085446_005868_00BC1D_02D1-SLC,SLC,DESCENDING,97,5868,665,2026-01-12T08:54:19Z,2026-01-12T08:54:46Z,S1C_IW_SLC__1SDV_20260112T085419_20260112T085446_005868_00BC1D_02D1
feature_0_part_1_split_1,0,SENTINEL-1,Sentinel-1A,S1A_IW_SLC__1SDV_20260112T094153_20260112T094221_062732_07DDCF_E236-SLC,SLC,DESCENDING,10,62732,631,2026-01-12T09:41:53Z,2026-01-12T09:42:21Z,S1A_IW_SLC__1SDV_20260112T094153_20260112T094221_062732_07DDCF_E236
feature_0_part_1_split_1,0,SENTINEL-1,Sentinel-1A,S1A_IW_SLC__1SDV_20260113T084131_20260113T084157_062746_07DE58_DE42-SLC,SLC,DESCENDING,24,62746,598,2026-01-13T08:41:31Z,2026-01-13T08:41:57Z,S1A_IW_SLC__1SDV_20260113T084131_20260113T084157_062746_07DE58_DE42
feature_0_part_1_split_1,0,SENTINEL-1,Sentinel-1A,S1A_IW_SLC__1SDV_20260113T084155_20260113T084222_062746_07DE58_D0C1-SLC,SLC,DESCENDING,24,62746,603,2026-01-13T08:41:55Z,2026-01-13T08:42:22Z,S1A_IW_SLC__1SDV_20260113T084155_20260113T084222_062746_07DE58_D0C1
feature_0_part_1_split_1,0,SENTINEL-1,Sentinel-1A,S1A_IW_SLC__1SDV_20260113T084220_20260113T084247_062746_07DE58_1A79-SLC,SLC,DESCENDING,24,62746,608,2026-01-13T08:42:20Z,2026-01-13T08:42:47Z,S1A_IW_SLC__1SDV_20260113T084220_20260113T084247_062746_07DE58_1A79
feature_0_part_1_split_1,0,SENTINEL-1,Sentinel-1A,S1A_IW_SLC__1SDV_20260113T084245_20260113T084312_062746_07DE58_FF0E-SLC,SLC,DESCENDING,24,62746,613,2026-01-13T08:42:45Z,2026-01-13T08:43:12Z,S1A_IW_SLC__1SDV_20260113T084245_20260113T084312_062746_07DE58_FF0E
feature_0_part_1_split_1,0,SENTINEL-1,Sentinel-1A,S1A_IW_SLC__1SDV_20260113T084310_20260113T084338_062746_07DE58_A50C-SLC,SLC,DESCENDING,24,62746,618,2026-01-13T08:43:10Z,2026-01-13T08:43:38Z,S1A_IW_SLC__1SDV_20260113T084310_20260113T084338_062746_07DE58_A50C
feature_0_part_1_split_1,0,SENTINEL-1,Sentinel-1A,S1A_IW_SLC__1SDV_20260113T084336_20260113T084403_062746_07DE58_D6C3-SLC,SLC,DESCENDING,24,62746,623,2026-01-13T08:43:36Z,2026-01-13T08:44:03Z,S1A_IW_SLC__1SDV_20260113T084336_20260113T084403_062746_07DE58_D6C3
feature_0_part_1_split_1,0,SENTINEL-1,Sentinel-1A,S1A_IW_SLC__1SDV_20260113T084400_20260113T084427_062746_07DE58_8A32-SLC,SLC,DESCENDING,24,62746,628,2026-01-13T08:44:00Z,2026-01-13T08:44:27Z,S1A_IW_SLC__1SDV_20260113T084400_20260113T084427_062746_07DE58_8A32
feature_0_part_1_split_1,0,SENTINEL-1,Sentinel-1A,S1A_IW_SLC__1SDV_20260113T084425_20260113T084452_062746_07DE58_8D06-SLC,SLC,DESCENDING,24,62746,633,2026-01-13T08:44:25Z,2026-01-13T08:44:52Z,S1A_IW_SLC__1SDV_20260113T084425_20260113T084452_062746_07DE58_8D06
feature_0_part_1_split_1,0,SENTINEL-1,Sentinel-1A,S1A_IW_SLC__1SDV_20260113T084450_20260113T084517_062746_07DE58_BEA8-SLC,SLC,DESCENDING,24,62746,638,2026-01-13T08:44:50Z,2026-01-13T08:45:17Z,S1A_IW_SLC__1SDV_20260113T084450_20260113T084517_062746_07DE58_BEA8
feature_0_part_1_split_1,0,SENTINEL-1,Sentinel-1A,S1A_IW_SLC__1SDV_20260113T084515_20260113T084542_062746_07DE58_5834-SLC,SLC,DESCENDING,24,62746,643,2026-01-13T08:45:15Z,2026-01-13T08:45:42Z,S1A_IW_SLC__1SDV_20260113T084515_20260113T084542_062746_07DE58_5834
feature_0_part_1_split_1,0,SENTINEL-1,Sentinel-1A,S1A_IW_SLC__1SDV_20260113T084540_20260113T084608_062746_07DE58_1884-SLC,SLC,DESCENDING,24,62746,648,2026-01-13T08:45:40Z,2026-01-13T08:46:08Z,S1A_IW_SLC__1SDV_20260113T084540_20260113T084608_062746_07DE58_1884
feature_0_part_1_split_1,0,SENTINEL-1,Sentinel-1A,S1A_IW_SLC__1SDV_20260113T084605_20260113T084632_062746_07DE58_0DE4-SLC,SLC,DESCENDING,24,62746,653,2026-01-13T08:46:05Z,2026-01-13T08:46:32Z,S1A_IW_SLC__1SDV_20260113T084605_20260113T084632_062746_07DE58_0DE4
feature_0_part_1_split_1,0,SENTINEL-1,Sentinel-1A,S1A_IW_SLC__1SDV_20260113T084630_20260113T084655_062746_07DE58_51E7-SLC,SLC,DESCENDING,24,62746,658,2026-01-13T08:46:30Z,2026-01-13T08:46:55Z,S1A_IW_SLC__1SDV_20260113T084630_20260113T084655_062746_07DE58_51E7
feature_0_part_1_split_1,0,SENTINEL-1,Sentinel-1C,S1C_IW_SLC__1SDV_20260113T093339_20260113T093410_005883_00BCA9_DBA6-SLC,SLC,DESCENDING,112,5883,643,2026-01-13T09:33:39Z,2026-01-13T09:34:10Z,S1C_IW_SLC__1SDV_20260113T093339_20260113T093410_005883_00BCA9_DBA6
feature_0_part_1_split_1,0,SENTINEL-1,Sentinel-1A,S1A_IW_SLC__1SDV_20260114T092523_20260114T092551_062761_07DEE6_9E42-SLC,SLC,DESCENDING,39,62761,631,2026-01-14T09:25:23Z,2026-01-14T09:25:51Z,S1A_IW_SLC__1SDV_20260114T092523_20260114T092551_062761_07DEE6_9E42
feature_0_part_1_split_1,0,SENTINEL-1,Sentinel-1A,S1A_IW_SLC__1SDV_20260114T092549_20260114T092616_062761_07DEE6_2E81-SLC,SLC,DESCENDING,39,62761,636,2026-01-14T09:25:49Z,2026-01-14T09:26:16Z,S1A_IW_SLC__1SDV_20260114T092549_20260114T092616_062761_07DEE6_2E81
feature_0_part_1_split_1,0,SENTINEL-1,Sentinel-1A,S1A_IW_SLC__1SDV_20260114T092613_20260114T092641_062761_07DEE6_B6D7-SLC,SLC,DESCENDING,39,62761,641,2026-01-14T09:26:13Z,2026-01-14T09:26:41Z,S1A_IW_SLC__1SDV_20260114T092613_20260114T092641_062761_07DEE6_B6D7
feature_0_part_1_split_1,0,SENTINEL-1,Sentinel-1A,S1A_IW_SLC__1SDV_20260114T092638_20260114T092711_062761_07DEE6_6EFB-SLC,SLC,DESCENDING,39,62761,646,2026-01-14T09:26:38Z,2026-01-14T09:27:11Z,S1A_IW_SLC__1SDV_20260114T092638_20260114T092711_062761_07DEE6_6EFB
feature_0_part_1_split_1,0,SENTINEL-1,Sentinel-1A,S1A_IW_SLC__1SDV_20260115T082516_20260115T082546_062775_07DF7C_C4B4-SLC,SLC,DESCENDING,53,62775,600,2026-01-15T08:25:16Z,2026-01-15T08:25:46Z,S1A_IW_SLC__1SDV_20260115T082516_20260115T082546_062775_07DF7C_C4B4
feature_0_part_1_split_1,0,SENTINEL-1,Sentinel-1A,S1A_IW_SLC__1SDV_20260115T082544_20260115T082612_062775_07DF7C_0767-SLC,SLC,DESCENDING,53,62775,606,2026-01-15T08:25:44Z,2026-01-15T08:26:12Z,S1A_IW_SLC__1SDV_20260115T082544_20260115T082612_062775_07DF7C_0767
feature_0_part_1_split_1,0,SENTINEL-1,Sentinel-1A,S1A_IW_SLC__1SDV_20260115T082609_20260115T082636_062775_07DF7C_653D-SLC,SLC,DESCENDING,53,62775,611,2026-01-15T08:26:09Z,2026-01-15T08:26:36Z,S1A_IW_SLC__1SDV_20260115T082609_20260115T082636_062775_07DF7C_653D
feature_0_part_1_split_1,0,SENTINEL-1,Sentinel-1A,S1A_IW_SLC__1SDV_20260115T082634_20260115T082701_062775_07DF7C_CD0E-SLC,SLC,DESCENDING,53,62775,616,2026-01-15T08:26:34Z,2026-01-15T08:27:01Z,S1A_IW_SLC__1SDV_20260115T082634_20260115T082701_062775_07DF7C_CD0E
feature_0_part_1_split_1,0,SENTINEL-1,Sentinel-1A,S1A_IW_SLC__1SDV_20260115T082749_20260115T082817_062775_07DF7C_6835-SLC,SLC,DESCENDING,53,62775,631,2026-01-15T08:27:49Z,2026-01-15T08:28:17Z,S1A_IW_SLC__1SDV_20260115T082749_20260115T082817_062775_07DF7C_6835
feature_0_part_1_split_1,0,SENTINEL-1,Sentinel-1A,S1A_IW_SLC__1SDV_20260115T082815_20260115T082841_062775_07DF7C_07DA-SLC,SLC,DESCENDING,53,62775,636,2026-01-15T08:28:15Z,2026-01-15T08:28:41Z,S1A_IW_SLC__1SDV_20260115T082815_20260115T082841_062775_07DF7C_07DA
feature_0_part_1_split_1,0,SENTINEL-1,Sentinel-1A,S1A_IW_SLC__1SDV_20260115T082839_20260115T082853_062775_07DF7C_F0E3-SLC,SLC,DESCENDING,53,62775,641,2026-01-15T08:28:39Z,2026-01-15T08:28:53Z,S1A_IW_SLC__1SDV_20260115T082839_20260115T082853_062775_07DF7C_F0E3
feature_0_part_1_split_1,0,SENTINEL-1,Sentinel-1C,S1C_IW_SLC__1SDV_20260115T091837_20260115T091908_005912_00BDA9_29F1-SLC,SLC,DESCENDING,141,5912,660,2026-01-15T09:18:37Z,2026-01-15T09:19:08Z,S1C_IW_SLC__1SDV_20260115T091837_20260115T091908_005912_00BDA9_29F1
feature_0_part_1_split_1,0,SENTINEL-1,Sentinel-1C,S1C_IW_SLC__1SDV_20260115T091906_20260115T091933_005912_00BDA9_34C0-SLC,SLC,DESCENDING,141,5912,666,2026-01-15T09:19:06Z,2026-01-15T09:19:33Z,S1C_IW_SLC__1SDV_20260115T091906_20260115T091933_005912_00BDA9_34C0
feature_0_part_1_split_1,0,SENTINEL-1,Sentinel-1C,S1C_IW_SLC__1SDV_20260116T082014_20260116T082045_005926_00BE29_99F9-SLC,SLC,DESCENDING,155,5926,651,2026-01-16T08:20:14Z,2026-01-16T08:20:45Z,S1C_IW_SLC__1SDV_20260116T082014_20260116T082045_005926_00BE29_99F9
feature_0_part_1_split_1,0,SENTINEL-1,Sentinel-1C,S1C_IW_SLC__1SDV_20260116T082043_20260116T082110_005926_00BE29_45C5-SLC,SLC,DESCENDING,155,5926,656,2026-01-16T08:20:43Z,2026-01-16T08:21:10Z,S1C_IW_SLC__1SDV_20260116T082043_20260116T082110_005926_00BE29_45C5
feature_0_part_1_split_1,0,SENTINEL-1,Sentinel-1C,S1C_IW_SLC__1SDV_20260116T220741_20260116T220802_005934_00BE72_F810-SLC,SLC,ASCENDING,163,5934,1101,2026-01-16T22:07:41Z,2026-01-16T22:08:02Z,S1C_IW_SLC__1SDV_20260116T220741_20260116T220802_005934_00BE72_F810
feature_0_part_1_split_1,0,SENTINEL-1,Sentinel-1C,S1C_IW_SLC__1SDV_20260117T090156_20260117T090227_005941_00BEAF_A00C-SLC,SLC,DESCENDING,170,5941,657,2026-01-17T09:01:56Z,2026-01-17T09:02:27Z,S1C_IW_SLC__1SDV_20260117T090156_20260117T090227_005941_00BEAF_A00C
feature_0_part_1_split_1,0,SENTINEL-1,Sentinel-1C,S1C_IW_SLC__1SDV_20260117T090225_20260117T090252_005941_00BEAF_5B8F-SLC,SLC,DESCENDING,170,5941,663,2026-01-17T09:02:25Z,2026-01-17T09:02:52Z,S1C_IW_SLC__1SDV_20260117T090225_20260117T090252_005941_00BEAF_5B8F
feature_0_part_1_split_1,0,SENTINEL-1,Sentinel-1C,S1C_IW_SLC__1SDV_20260117T090250_20260117T090317_005941_00BEAF_9C0E-SLC,SLC,DESCENDING,170,5941,668,2026-01-17T09:02:50Z,2026-01-17T09:03:17Z,S1C_IW_SLC__1SDV_20260117T090250_20260117T090317_005941_00BEAF_9C0E
feature_0_part_1_split_1,0,SENTINEL-1,Sentinel-1C,S1C_IW_SLC__1SDV_20260117T090314_20260117T090341_005941_00BEAF_DDDB-SLC,SLC,DESCENDING,170,5941,673,2026-01-17T09:03:14Z,2026-01-17T09:03:41Z,S1C_IW_SLC__1SDV_20260117T090314_20260117T090341_005941_00BEAF_DDDB
feature_0_part_1_split_1,0,SENTINEL-1,Sentinel-1C,S1C_IW_SLC__1SDV_20260119T084546_20260119T084617_005970_00BFA0_229A-SLC,SLC,DESCENDING,24,5970,661,2026-01-19T08:45:46Z,2026-01-19T08:46:17Z,S1C_IW_SLC__1SDV_20260119T084546_20260119T084617_005970_00BFA0_229A
feature_0_part_1_split_1,0,SENTINEL-1,Sentinel-1C,S1C_IW_SLC__1SDV_20260119T084615_20260119T084642_005970_00BFA0_EF3F-SLC,SLC,DESCENDING,24,5970,667,2026-01-19T08:46:15Z,2026-01-19T08:46:42Z,S1C_IW_SLC__1SDV_20260119T084615_20260119T084642_005970_00BFA0_EF3F
feature_0_part_1_split_1,0,SENTINEL-1,Sentinel-1C,S1C_IW_SLC__1SDV_20260119T084640_20260119T084707_005970_00BFA0_9EAD-SLC,SLC,DESCENDING,24,5970,672,2026-01-19T08:46:40Z,2026-01-19T08:47:07Z,S1C_IW_SLC__1SDV_20260119T084640_20260119T084707_005970_00BFA0_9EAD
feature_0_part_1_split_1,0,SENTINEL-1,Sentinel-1C,S1C_IW_SLC__1SDV_20260121T082740_20260121T082810_005999_00C086_BE6C-SLC,SLC,DESCENDING,53,5999,641,2026-01-21T08:27:40Z,2026-01-21T08:28:10Z,S1C_IW_SLC__1SDV_20260121T082740_20260121T082810_005999_00C086_BE6C
feature_0_part_1_split_1,0,SENTINEL-1,Sentinel-1C,S1C_IW_SLC__1SDV_20260121T082808_20260121T082835_005999_00C086_67C6-SLC,SLC,DESCENDING,53,5999,647,2026-01-21T08:28:08Z,2026-01-21T08:28:35Z,S1C_IW_SLC__1SDV_20260121T082808_20260121T082835_005999_00C086_67C6
feature_0_part_1_split_1,0,SENTINEL-1,Sentinel-1C,S1C_IW_SLC__1SDV_20260121T082833_20260121T082900_005999_00C086_C829-SLC,SLC,DESCENDING,53,5999,652,2026-01-21T08:28:33Z,2026-01-21T08:29:00Z,S1C_IW_SLC__1SDV_20260121T082833_20260121T082900_005999_00C086_C829
feature_0_part_1_split_1,0,SENTINEL-1,Sentinel-1C,S1C_IW_SLC__1SDV_20260121T082858_20260121T082925_005999_00C086_3793-SLC,SLC,DESCENDING,53,5999,657,2026-01-21T08:28:58Z,2026-01-21T08:29:25Z,S1C_IW_SLC__1SDV_20260121T082858_20260121T082925_005999_00C086_3793
feature_0_part_1_split_1,0,SENTINEL-1,Sentinel-1C,S1C_IW_SLC__1SDV_20260121T082923_20260121T082950_005999_00C086_5821-SLC,SLC,DESCENDING,53,5999,662,2026-01-21T08:29:23Z,2026-01-21T08:29:50Z,S1C_IW_SLC__1SDV_20260121T082923_20260121T082950_005999_00C086_5821
feature_0_part_1_split_1,0,SENTINEL-1,Sentinel-1C,S1C_IW_SLC__1SDV_20260121T082948_20260121T083016_005999_00C086_EDAD-SLC,SLC,DESCENDING,53,5999,667,2026-01-21T08:29:48Z,2026-01-21T08:30:16Z,S1C_IW_SLC__1SDV_20260121T082948_20260121T083016_005999_00C086_EDAD
feature_0_part_1_split_1,0,SENTINEL-1,Sentinel-1A,S1A_IW_SLC__1SDV_20260121T091715_20260121T091743_062863_07E2B8_9791-SLC,SLC,DESCENDING,141,62863,632,2026-01-21T09:17:15Z,2026-01-21T09:17:43Z,S1A_IW_SLC__1SDV_20260121T091715_20260121T091743_062863_07E2B8_9791
feature_0_part_1_split_1,0,SENTINEL-1,Sentinel-1A,S1A_IW_SLC__1SDV_20260121T091740_20260121T091807_062863_07E2B8_5658-SLC,SLC,DESCENDING,141,62863,637,2026-01-21T09:17:40Z,2026-01-21T09:18:07Z,S1A_IW_SLC__1SDV_20260121T091740_20260121T091807_062863_07E2B8_5658
feature_0_part_1_split_1,0,SENTINEL-1,Sentinel-1A,S1A_IW_SLC__1SDV_20260121T091805_20260121T091832_062863_07E2B8_158C-SLC,SLC,DESCENDING,141,62863,642,2026-01-21T09:18:05Z,2026-01-21T09:18:32Z,S1A_IW_SLC__1SDV_20260121T091805_20260121T091832_062863_07E2B8_158C
feature_0_part_1_split_1,0,SENTINEL-1,Sentinel-1A,S1A_IW_SLC__1SDV_20260121T091830_20260121T091857_062863_07E2B8_6884-SLC,SLC,DESCENDING,141,62863,647,2026-01-21T09:18:30Z,2026-01-21T09:18:57Z,S1A_IW_SLC__1SDV_20260121T091830_20260121T091857_062863_07E2B8_6884
feature_0_part_1_split_1,0,SENTINEL-1,Sentinel-1A,S1A_IW_SLC__1SDV_20260121T091920_20260121T091941_062863_07E2B8_F423-SLC,SLC,DESCENDING,141,62863,657,2026-01-21T09:19:20Z,2026-01-21T09:19:41Z,S1A_IW_SLC__1SDV_20260121T091920_20260121T091941_062863_07E2B8_F423
feature_0_part_1_split_1,0,SENTINEL-1,Sentinel-1C,S1C_IW_SLC__1SDV_20260121T221545_20260121T221611_006007_00C0C5_CA02-SLC,SLC,ASCENDING,61,6007,1099,2026-01-21T22:15:45Z,2026-01-21T22:16:11Z,S1C_IW_SLC__1SDV_20260121T221545_20260121T221611_006007_00C0C5_CA02
feature_0_part_1_split_1,0,SENTINEL-1,Sentinel-1A,S1A_IW_SLC__1SDV_20260122T082012_20260122T082039_062877_07E324_FD68-SLC,SLC,DESCENDING,155,62877,638,2026-01-22T08:20:12Z,2026-01-22T08:20:39Z,S1A_IW_SLC__1SDV_20260122T082012_20260122T082039_062877_07E324_FD68
feature_0_part_1_split_1,0,SENTINEL-1,Sentinel-1A,S1A_IW_SLC__1SDV_20260122T082037_20260122T082104_062877_07E324_C215-SLC,SLC,DESCENDING,155,62877,643,2026-01-22T08:20:37Z,2026-01-22T08:21:04Z,S1A_IW_SLC__1SDV_20260122T082037_20260122T082104_062877_07E324_C215
feature_0_part_1_split_1,0,SENTINEL-1,Sentinel-1A,S1A_IW_SLC__1SDV_20260122T082101_20260122T082116_062877_07E324_41A8-SLC,SLC,DESCENDING,155,62877,648,2026-01-22T08:21:01Z,2026-01-22T08:21:16Z,S1A_IW_SLC__1SDV_20260122T082101_20260122T082116_062877_07E324_41A8
feature_0_part_1_split_1,0,SENTINEL-1,Sentinel-1C,S1C_IW_SLC__1SDV_20260122T090946_20260122T091017_006014_00C0ED_A70D-SLC,SLC,DESCENDING,68,6014,653,2026-01-22T09:09:46Z,2026-01-22T09:10:17Z,S1C_IW_SLC__1SDV_20260122T090946_20260122T091017_006014_00C0ED_A70D
feature_0_part_1_split_1,0,SENTINEL-1,Sentinel-1C,S1C_IW_SLC__1SDV_20260122T091015_20260122T091042_006014_00C0ED_E1B0-SLC,SLC,DESCENDING,68,6014,659,2026-01-22T09:10:15Z,2026-01-22T09:10:42Z,S1C_IW_SLC__1SDV_20260122T091015_20260122T091042_006014_00C0ED_E1B0
feature_0_part_1_split_1,0,SENTINEL-1,Sentinel-1C,S1C_IW_SLC__1SDV_20260122T091040_20260122T091107_006014_00C0ED_F0CA-SLC,SLC,DESCENDING,68,6014,663,2026-01-22T09:10:40Z,2026-01-22T09:11:07Z,S1C_IW_SLC__1SDV_20260122T091040_20260122T091107_006014_00C0ED_F0CA
feature_0_part_1_split_1,0,SENTINEL-1,Sentinel-1C,S1C_IW_SLC__1SDV_20260122T091104_20260122T091131_006014_00C0ED_97AB-SLC,SLC,DESCENDING,68,6014,668,2026-01-22T09:11:04Z,2026-01-22T09:11:31Z,S1C_IW_SLC__1SDV_20260122T091104_20260122T091131_006014_00C0ED_97AB
feature_0_part_1_split_1,0,SENTINEL-1,Sentinel-1A,S1A_IW_SLC__1SDV_20260123T085921_20260123T085949_062892_07E392_D3C9-SLC,SLC,DESCENDING,170,62892,615,2026-01-23T08:59:21Z,2026-01-23T08:59:49Z,S1A_IW_SLC__1SDV_20260123T085921_20260123T085949_062892_07E392_D3C9
feature_0_part_1_split_1,0,SENTINEL-1,Sentinel-1A,S1A_IW_SLC__1SDV_20260123T085947_20260123T090013_062892_07E392_E6FD-SLC,SLC,DESCENDING,170,62892,620,2026-01-23T08:59:47Z,2026-01-23T09:00:13Z,S1A_IW_SLC__1SDV_20260123T085947_20260123T090013_062892_07E392_E6FD
feature_0_part_1_split_1,0,SENTINEL-1,Sentinel-1A,S1A_IW_SLC__1SDV_20260123T090011_20260123T090038_062892_07E392_6DAF-SLC,SLC,DESCENDING,170,62892,625,2026-01-23T09:00:11Z,2026-01-23T09:00:38Z,S1A_IW_SLC__1SDV_20260123T090011_20260123T090038_062892_07E392_6DAF
feature_0_part_1_split_1,0,SENTINEL-1,Sentinel-1A,S1A_IW_SLC__1SDV_20260123T090036_20260123T090103_062892_07E392_C06F-SLC,SLC,DESCENDING,170,62892,630,2026-01-23T09:00:36Z,2026-01-23T09:01:03Z,S1A_IW_SLC__1SDV_20260123T090036_20260123T090103_062892_07E392_C06F
feature_0_part_1_split_1,0,SENTINEL-1,Sentinel-1A,S1A_IW_SLC__1SDV_20260123T090101_20260123T090128_062892_07E392_274A-SLC,SLC,DESCENDING,170,62892,635,2026-01-23T09:01:01Z,2026-01-23T09:01:28Z,S1A_IW_SLC__1SDV_20260123T090101_20260123T090128_062892_07E392_274A
feature_0_part_1_split_1,0,SENTINEL-1,Sentinel-1A,S1A_IW_SLC__1SDV_20260123T090126_20260123T090153_062892_07E392_B127-SLC,SLC,DESCENDING,170,62892,640,2026-01-23T09:01:26Z,2026-01-23T09:01:53Z,S1A_IW_SLC__1SDV_20260123T090126_20260123T090153_062892_07E392_B127
feature_0_part_1_split_1,0,SENTINEL-1,Sentinel-1A,S1A_IW_SLC__1SDV_20260123T090151_20260123T090219_062892_07E392_B6A4-SLC,SLC,DESCENDING,170,62892,645,2026-01-23T09:01:51Z,2026-01-23T09:02:19Z,S1A_IW_SLC__1SDV_20260123T090151_20260123T090219_062892_07E392_B6A4
feature_0_part_1_split_1,0,SENTINEL-1,Sentinel-1A,S1A_IW_SLC__1SDV_20260123T090216_20260123T090243_062892_07E392_9B9B-SLC,SLC,DESCENDING,170,62892,650,2026-01-23T09:02:16Z,2026-01-23T09:02:43Z,S1A_IW_SLC__1SDV_20260123T090216_20260123T090243_062892_07E392_9B9B
feature_0_part_1_split_1,0,SENTINEL-1,Sentinel-1A,S1A_IW_SLC__1SDV_20260123T090241_20260123T090305_062892_07E392_5B96-SLC,SLC,DESCENDING,170,62892,655,2026-01-23T09:02:41Z,2026-01-23T09:03:05Z,S1A_IW_SLC__1SDV_20260123T090241_20260123T090305_062892_07E392_5B96
feature_0_part_1_split_1,0,SENTINEL-1,Sentinel-1A,S1A_IW_SLC__1SDV_20260123T211638_20260123T211708_062899_07E3DC_D7E4-SLC,SLC,ASCENDING,2,62899,1168,2026-01-23T21:16:38Z,2026-01-23T21:17:08Z,S1A_IW_SLC__1SDV_20260123T211638_20260123T211708_062899_07E3DC_D7E4
feature_0_part_1_split_1,0,SENTINEL-1,Sentinel-1C,S1C_IW_SLC__1SDV_20260124T085349_20260124T085420_006043_00C1E2_DA85-SLC,SLC,DESCENDING,97,6043,659,2026-01-24T08:53:49Z,2026-01-24T08:54:20Z,S1C_IW_SLC__1SDV_20260124T085349_20260124T085420_006043_00C1E2_DA85
feature_0_part_1_split_1,0,SENTINEL-1,Sentinel-1C,S1C_IW_SLC__1SDV_20260124T085418_20260124T085445_006043_00C1E2_76DC-SLC,SLC,DESCENDING,97,6043,665,2026-01-24T08:54:18Z,2026-01-24T08:54:45Z,S1C_IW_SLC__1SDV_20260124T085418_20260124T085445_006043_00C1E2_76DC
feature_0_part_1_split_1,0,SENTINEL-1,Sentinel-1A,S1A_IW_SLC__1SDV_20260124T094151_20260124T094219_062907_07E42A_D1F4-SLC,SLC,DESCENDING,10,62907,631,2026-01-24T09:41:51Z,2026-01-24T09:42:19Z,S1A_IW_SLC__1SDV_20260124T094151_20260124T094219_062907_07E42A_D1F4
feature_0_part_1_split_1,0,SENTINEL-1,Sentinel-1A,S1A_IW_SLC__1SDV_20260125T084129_20260125T084156_062921_07E4A7_1D29-SLC,SLC,DESCENDING,24,62921,598,2026-01-25T08:41:29Z,2026-01-25T08:41:56Z,S1A_IW_SLC__1SDV_20260125T084129_20260125T084156_062921_07E4A7_1D29
feature_0_part_1_split_1,0,SENTINEL-1,Sentinel-1A,S1A_IW_SLC__1SDV_20260125T084154_20260125T084221_062921_07E4A7_BB53-SLC,SLC,DESCENDING,24,62921,603,2026-01-25T08:41:54Z,2026-01-25T08:42:21Z,S1A_IW_SLC__1SDV_20260125T084154_20260125T084221_062921_07E4A7_BB53
feature_0_part_1_split_1,0,SENTINEL-1,Sentinel-1A,S1A_IW_SLC__1SDV_20260125T084219_20260125T084246_062921_07E4A7_6863-SLC,SLC,DESCENDING,24,62921,608,2026-01-25T08:42:19Z,2026-01-25T08:42:46Z,S1A_IW_SLC__1SDV_20260125T084219_20260125T084246_062921_07E4A7_6863
feature_0_part_1_split_1,0,SENTINEL-1,Sentinel-1A,S1A_IW_SLC__1SDV_20260125T084244_20260125T084311_062921_07E4A7_B0AD-SLC,SLC,DESCENDING,24,62921,613,2026-01-25T08:42:44Z,2026-01-25T08:43:11Z,S1A_IW_SLC__1SDV_20260125T084244_20260125T084311_062921_07E4A7_B0AD
feature_0_part_1_split_1,0,SENTINEL-1,Sentinel-1A,S1A_IW_SLC__1SDV_20260125T084309_20260125T084336_062921_07E4A7_4E48-SLC,SLC,DESCENDING,24,62921,618,2026-01-25T08:43:09Z,2026-01-25T08:43:36Z,S1A_IW_SLC__1SDV_20260125T084309_20260125T084336_062921_07E4A7_4E48
feature_0_part_1_split_1,0,SENTINEL-1,Sentinel-1A,S1A_IW_SLC__1SDV_20260125T084334_20260125T084401_062921_07E4A7_B235-SLC,SLC,DESCENDING,24,62921,623,2026-01-25T08:43:34Z,2026-01-25T08:44:01Z,S1A_IW_SLC__1SDV_20260125T084334_20260125T084401_062921_07E4A7_B235
feature_0_part_1_split_1,0,SENTINEL-1,Sentinel-1A,S1A_IW_SLC__1SDV_20260125T084359_20260125T084426_062921_07E4A7_76D4-SLC,SLC,DESCENDING,24,62921,628,2026-01-25T08:43:59Z,2026-01-25T08:44:26Z,S1A_IW_SLC__1SDV_20260125T084359_20260125T084426_062921_07E4A7_76D4
feature_0_part_1_split_1,0,SENTINEL-1,Sentinel-1A,S1A_IW_SLC__1SDV_20260125T084424_20260125T084451_062921_07E4A7_54B7-SLC,SLC,DESCENDING,24,62921,633,2026-01-25T08:44:24Z,2026-01-25T08:44:51Z,S1A_IW_SLC__1SDV_20260125T084424_20260125T084451_062921_07E4A7_54B7
feature_0_part_1_split_1,0,SENTINEL-1,Sentinel-1A,S1A_IW_SLC__1SDV_20260125T084449_20260125T084516_062921_07E4A7_C029-SLC,SLC,DESCENDING,24,62921,638,2026-01-25T08:44:49Z,2026-01-25T08:45:16Z,S1A_IW_SLC__1SDV_20260125T084449_20260125T084516_062921_07E4A7_C029
feature_0_part_1_split_1,0,SENTINEL-1,Sentinel-1A,S1A_IW_SLC__1SDV_20260125T084514_20260125T084541_062921_07E4A7_F4AF-SLC,SLC,DESCENDING,24,62921,643,2026-01-25T08:45:14Z,2026-01-25T08:45:41Z,S1A_IW_SLC__1SDV_20260125T084514_20260125T084541_062921_07E4A7_F4AF
feature_0_part_1_split_1,0,SENTINEL-1,Sentinel-1A,S1A_IW_SLC__1SDV_20260125T084538_20260125T084606_062921_07E4A7_BEB8-SLC,SLC,DESCENDING,24,62921,648,2026-01-25T08:45:38Z,2026-01-25T08:46:06Z,S1A_IW_SLC__1SDV_20260125T084538_20260125T084606_062921_07E4A7_BEB8
feature_0_part_1_split_1,0,SENTINEL-1,Sentinel-1A,S1A_IW_SLC__1SDV_20260125T084604_20260125T084631_062921_07E4A7_AD16-SLC,SLC,DESCENDING,24,62921,653,2026-01-25T08:46:04Z,2026-01-25T08:46:31Z,S1A_IW_SLC__1SDV_20260125T084604_20260125T084631_062921_07E4A7_AD16
feature_0_part_1_split_1,0,SENTINEL-1,Sentinel-1A,S1A_IW_SLC__1SDV_20260125T084629_20260125T084653_062921_07E4A7_4E90-SLC,SLC,DESCENDING,24,62921,658,2026-01-25T08:46:29Z,2026-01-25T08:46:53Z,S1A_IW_SLC__1SDV_20260125T084629_20260125T084653_062921_07E4A7_4E90
feature_0_part_1_split_1,0,SENTINEL-1,Sentinel-1C,S1C_IW_SLC__1SDV_20260125T093338_20260125T093409_006058_00C267_11EB-SLC,SLC,DESCENDING,112,6058,643,2026-01-25T09:33:38Z,2026-01-25T09:34:09Z,S1C_IW_SLC__1SDV_20260125T093338_20260125T093409_006058_00C267_11EB
feature_0_part_1_split_1,0,SENTINEL-1,Sentinel-1C,S1C_IW_SLC__1SDV_20260126T083548_20260126T083619_006072_00C2D4_7CE0-SLC,SLC,DESCENDING,126,6072,640,2026-01-26T08:35:48Z,2026-01-26T08:36:19Z,S1C_IW_SLC__1SDV_20260126T083548_20260126T083619_006072_00C2D4_7CE0
feature_0_part_1_split_1,0,SENTINEL-1,Sentinel-1C,S1C_IW_SLC__1SDV_20260126T083617_20260126T083644_006072_00C2D4_A186-SLC,SLC,DESCENDING,126,6072,646,2026-01-26T08:36:17Z,2026-01-26T08:36:44Z,S1C_IW_SLC__1SDV_20260126T083617_20260126T083644_006072_00C2D4_A186
feature_0_part_1_split_1,0,SENTINEL-1,Sentinel-1C,S1C_IW_SLC__1SDV_20260126T083642_20260126T083709_006072_00C2D4_949F-SLC,SLC,DESCENDING,126,6072,651,2026-01-26T08:36:42Z,2026-01-26T08:37:09Z,S1C_IW_SLC__1SDV_20260126T083642_20260126T083709_006072_00C2D4_949F
feature_0_part_1_split_1,0,SENTINEL-1,Sentinel-1C,S1C_IW_SLC__1SDV_20260126T083707_20260126T083734_006072_00C2D4_1CC6-SLC,SLC,DESCENDING,126,6072,656,2026-01-26T08:37:07Z,2026-01-26T08:37:34Z,S1C_IW_SLC__1SDV_20260126T083707_20260126T083734_006072_00C2D4_1CC6
feature_0_part_1_split_1,0,SENTINEL-1,Sentinel-1C,S1C_IW_SLC__1SDV_20260126T083731_20260126T083758_006072_00C2D4_AC2C-SLC,SLC,DESCENDING,126,6072,661,2026-01-26T08:37:31Z,2026-01-26T08:37:58Z,S1C_IW_SLC__1SDV_20260126T083731_20260126T083758_006072_00C2D4_AC2C
feature_0_part_1_split_1,0,SENTINEL-1,Sentinel-1C,S1C_IW_SLC__1SDV_20260126T083756_20260126T083824_006072_00C2D4_DD50-SLC,SLC,DESCENDING,126,6072,666,2026-01-26T08:37:56Z,2026-01-26T08:38:24Z,S1C_IW_SLC__1SDV_20260126T083756_20260126T083824_006072_00C2D4_DD50
feature_0_part_1_split_1,0,SENTINEL-1,Sentinel-1C,S1C_IW_SLC__1SDV_20260126T083822_20260126T083849_006072_00C2D4_22FC-SLC,SLC,DESCENDING,126,6072,671,2026-01-26T08:38:22Z,2026-01-26T08:38:49Z,S1C_IW_SLC__1SDV_20260126T083822_20260126T083849_006072_00C2D4_22FC
feature_0_part_1_split_1,0,SENTINEL-1,Sentinel-1C,S1C_IW_SLC__1SDV_20260126T083847_20260126T083914_006072_00C2D4_FA9B-SLC,SLC,DESCENDING,126,6072,676,2026-01-26T08:38:47Z,2026-01-26T08:39:14Z,S1C_IW_SLC__1SDV_20260126T083847_20260126T083914_006072_00C2D4_FA9B
feature_0_part_1_split_1,0,SENTINEL-1,Sentinel-1A,S1A_IW_SLC__1SDV_20260126T092522_20260126T092550_062936_07E539_523D-SLC,SLC,DESCENDING,39,62936,631,2026-01-26T09:25:22Z,2026-01-26T09:25:50Z,S1A_IW_SLC__1SDV_20260126T092522_20260126T092550_062936_07E539_523D
feature_0_part_1_split_1,0,SENTINEL-1,Sentinel-1A,S1A_IW_SLC__1SDV_20260126T092548_20260126T092615_062936_07E539_492A-SLC,SLC,DESCENDING,39,62936,636,2026-01-26T09:25:48Z,2026-01-26T09:26:15Z,S1A_IW_SLC__1SDV_20260126T092548_20260126T092615_062936_07E539_492A
feature_0_part_1_split_1,0,SENTINEL-1,Sentinel-1A,S1A_IW_SLC__1SDV_20260126T092612_20260126T092639_062936_07E539_D4A2-SLC,SLC,DESCENDING,39,62936,641,2026-01-26T09:26:12Z,2026-01-26T09:26:39Z,S1A_IW_SLC__1SDV_20260126T092612_20260126T092639_062936_07E539_D4A2
feature_0_part_1_split_1,0,SENTINEL-1,Sentinel-1A,S1A_IW_SLC__1SDV_20260126T092637_20260126T092710_062936_07E539_2E24-SLC,SLC,DESCENDING,39,62936,646,2026-01-26T09:26:37Z,2026-01-26T09:27:10Z,S1A_IW_SLC__1SDV_20260126T092637_20260126T092710_062936_07E539_2E24
feature_0_part_1_split_1,0,SENTINEL-1,Sentinel-1A,S1A_IW_SLC__1SDV_20260127T082515_20260127T082545_062950_07E5CA_87D2-SLC,SLC,DESCENDING,53,62950,600,2026-01-27T08:25:15Z,2026-01-27T08:25:45Z,S1A_IW_SLC__1SDV_20260127T082515_20260127T082545_062950_07E5CA_87D2
feature_0_part_1_split_1,0,SENTINEL-1,Sentinel-1A,S1A_IW_SLC__1SDV_20260127T082543_20260127T082611_062950_07E5CA_E784-SLC,SLC,DESCENDING,53,62950,606,2026-01-27T08:25:43Z,2026-01-27T08:26:11Z,S1A_IW_SLC__1SDV_20260127T082543_20260127T082611_062950_07E5CA_E784
feature_0_part_1_split_1,0,SENTINEL-1,Sentinel-1A,S1A_IW_SLC__1SDV_20260127T082609_20260127T082636_062950_07E5CA_6023-SLC,SLC,DESCENDING,53,62950,611,2026-01-27T08:26:09Z,2026-01-27T08:26:36Z,S1A_IW_SLC__1SDV_20260127T082609_20260127T082636_062950_07E5CA_6023
feature_0_part_1_split_1,0,SENTINEL-1,Sentinel-1A,S1A_IW_SLC__1SDV_20260127T082633_20260127T082700_062950_07E5CA_D4C5-SLC,SLC,DESCENDING,53,62950,616,2026-01-27T08:26:33Z,2026-01-27T08:27:00Z,S1A_IW_SLC__1SDV_20260127T082633_20260127T082700_062950_07E5CA_D4C5
feature_0_part_1_split_1,0,SENTINEL-1,Sentinel-1A,S1A_IW_SLC__1SDV_20260127T082748_20260127T082816_062950_07E5CA_4387-SLC,SLC,DESCENDING,53,62950,631,2026-01-27T08:27:48Z,2026-01-27T08:28:16Z,S1A_IW_SLC__1SDV_20260127T082748_20260127T082816_062950_07E5CA_4387
feature_0_part_1_split_1,0,SENTINEL-1,Sentinel-1A,S1A_IW_SLC__1SDV_20260127T082814_20260127T082841_062950_07E5CA_580F-SLC,SLC,DESCENDING,53,62950,636,2026-01-27T08:28:14Z,2026-01-27T08:28:41Z,S1A_IW_SLC__1SDV_20260127T082814_20260127T082841_062950_07E5CA_580F
feature_0_part_1_split_1,0,SENTINEL-1,Sentinel-1A,S1A_IW_SLC__1SDV_20260127T082838_20260127T082853_062950_07E5CA_9F65-SLC,SLC,DESCENDING,53,62950,641,2026-01-27T08:28:38Z,2026-01-27T08:28:53Z,S1A_IW_SLC__1SDV_20260127T082838_20260127T082853_062950_07E5CA_9F65
feature_0_part_1_split_1,0,SENTINEL-1,Sentinel-1C,S1C_IW_SLC__1SDV_20260127T091837_20260127T091907_006087_00C359_6289-SLC,SLC,DESCENDING,141,6087,660,2026-01-27T09:18:37Z,2026-01-27T09:19:07Z,S1C_IW_SLC__1SDV_20260127T091837_20260127T091907_006087_00C359_6289
feature_0_part_1_split_1,0,SENTINEL-1,Sentinel-1C,S1C_IW_SLC__1SDV_20260127T091905_20260127T091932_006087_00C359_36A9-SLC,SLC,DESCENDING,141,6087,666,2026-01-27T09:19:05Z,2026-01-27T09:19:32Z,S1C_IW_SLC__1SDV_20260127T091905_20260127T091932_006087_00C359_36A9
feature_0_part_1_split_1,0,SENTINEL-1,Sentinel-1C,S1C_IW_SLC__1SDV_20260128T082014_20260128T082045_006101_00C3DA_A19B-SLC,SLC,DESCENDING,155,6101,651,2026-01-28T08:20:14Z,2026-01-28T08:20:45Z,S1C_IW_SLC__1SDV_20260128T082014_20260128T082045_006101_00C3DA_A19B
feature_0_part_1_split_1,0,SENTINEL-1,Sentinel-1C,S1C_IW_SLC__1SDV_20260128T082042_20260128T082109_006101_00C3DA_7775-SLC,SLC,DESCENDING,155,6101,656,2026-01-28T08:20:42Z,2026-01-28T08:21:09Z,S1C_IW_SLC__1SDV_20260128T082042_20260128T082109_006101_00C3DA_7775
feature_0_part_1_split_1,0,SENTINEL-1,Sentinel-1C,S1C_IW_SLC__1SDV_20260128T220741_20260128T220801_006109_00C425_F01B-SLC,SLC,ASCENDING,163,6109,1101,2026-01-28T22:07:41Z,2026-01-28T22:08:01Z,S1C_IW_SLC__1SDV_20260128T220741_20260128T220801_006109_00C425_F01B
feature_0_part_1_split_1,0,SENTINEL-1,Sentinel-1C,S1C_IW_SLC__1SDV_20260129T090156_20260129T090226_006116_00C461_5D5A-SLC,SLC,DESCENDING,170,6116,657,2026-01-29T09:01:56Z,2026-01-29T09:02:26Z,S1C_IW_SLC__1SDV_20260129T090156_20260129T090226_006116_00C461_5D5A
feature_0_part_1_split_1,0,SENTINEL-1,Sentinel-1C,S1C_IW_SLC__1SDV_20260129T090224_20260129T090251_006116_00C461_1C6F-SLC,SLC,DESCENDING,170,6116,663,2026-01-29T09:02:24Z,2026-01-29T09:02:51Z,S1C_IW_SLC__1SDV_20260129T090224_20260129T090251_006116_00C461_1C6F
feature_0_part_1_split_1,0,SENTINEL-1,Sentinel-1C,S1C_IW_SLC__1SDV_20260129T090249_20260129T090316_006116_00C461_1238-SLC,SLC,DESCENDING,170,6116,668,2026-01-29T09:02:49Z,2026-01-29T09:03:16Z,S1C_IW_SLC__1SDV_20260129T090249_20260129T090316_006116_00C461_1238
feature_0_part_1_split_1,0,SENTINEL-1,Sentinel-1C,S1C_IW_SLC__1SDV_20260129T090314_20260129T090341_006116_00C461_3F93-SLC,SLC,DESCENDING,170,6116,673,2026-01-29T09:03:14Z,2026-01-29T09:03:41Z,S1C_IW_SLC__1SDV_20260129T090314_20260129T090341_006116_00C461_3F93
feature_0_part_1_split_1,0,SENTINEL-1,Sentinel-1A,S1A_IW_SLC__1SDV_20260130T085025_20260130T085052_062994_07E770_BA14-SLC,SLC,DESCENDING,97,62994,606,2026-01-30T08:50:25Z,2026-01-30T08:50:52Z,S1A_IW_SLC__1SDV_20260130T085025_20260130T085052_062994_07E770_BA14
feature_0_part_1_split_1,0,SENTINEL-1,Sentinel-1A,S1A_IW_SLC__1SDV_20260130T085050_20260130T085117_062994_07E770_08EA-SLC,SLC,DESCENDING,97,62994,611,2026-01-30T08:50:50Z,2026-01-30T08:51:17Z,S1A_IW_SLC__1SDV_20260130T085050_20260130T085117_062994_07E770_08EA
feature_0_part_1_split_1,0,SENTINEL-1,Sentinel-1A,S1A_IW_SLC__1SDV_20260130T085115_20260130T085143_062994_07E770_49A0-SLC,SLC,DESCENDING,97,62994,616,2026-01-30T08:51:15Z,2026-01-30T08:51:43Z,S1A_IW_SLC__1SDV_20260130T085115_20260130T085143_062994_07E770_49A0
feature_0_part_1_split_1,0,SENTINEL-1,Sentinel-1A,S1A_IW_SLC__1SDV_20260130T085141_20260130T085208_062994_07E770_D5BD-SLC,SLC,DESCENDING,97,62994,621,2026-01-30T08:51:41Z,2026-01-30T08:52:08Z,S1A_IW_SLC__1SDV_20260130T085141_20260130T085208_062994_07E770_D5BD
feature_0_part_1_split_1,0,SENTINEL-1,Sentinel-1A,S1A_IW_SLC__1SDV_20260130T085206_20260130T085233_062994_07E770_AE48-SLC,SLC,DESCENDING,97,62994,626,2026-01-30T08:52:06Z,2026-01-30T08:52:33Z,S1A_IW_SLC__1SDV_20260130T085206_20260130T085233_062994_07E770_AE48
feature_0_part_1_split_1,0,SENTINEL-1,Sentinel-1A,S1A_IW_SLC__1SDV_20260130T085230_20260130T085257_062994_07E770_D7A7-SLC,SLC,DESCENDING,97,62994,631,2026-01-30T08:52:30Z,2026-01-30T08:52:57Z,S1A_IW_SLC__1SDV_20260130T085230_20260130T085257_062994_07E770_D7A7
feature_0_part_1_split_1,0,SENTINEL-1,Sentinel-1A,S1A_IW_SLC__1SDV_20260130T085255_20260130T085322_062994_07E770_F65E-SLC,SLC,DESCENDING,97,62994,636,2026-01-30T08:52:55Z,2026-01-30T08:53:22Z,S1A_IW_SLC__1SDV_20260130T085255_20260130T085322_062994_07E770_F65E
feature_0_part_1_split_1,0,SENTINEL-1,Sentinel-1A,S1A_IW_SLC__1SDV_20260130T085320_20260130T085347_062994_07E770_AF71-SLC,SLC,DESCENDING,97,62994,641,2026-01-30T08:53:20Z,2026-01-30T08:53:47Z,S1A_IW_SLC__1SDV_20260130T085320_20260130T085347_062994_07E770_AF71
feature_0_part_1_split_1,0,SENTINEL-1,Sentinel-1A,S1A_IW_SLC__1SDV_20260130T085345_20260130T085413_062994_07E770_5BB3-SLC,SLC,DESCENDING,97,62994,646,2026-01-30T08:53:45Z,2026-01-30T08:54:13Z,S1A_IW_SLC__1SDV_20260130T085345_20260130T085413_062994_07E770_5BB3
feature_0_part_1_split_1,0,SENTINEL-1,Sentinel-1A,S1A_IW_SLC__1SDV_20260130T085411_20260130T085438_062994_07E770_E27C-SLC,SLC,DESCENDING,97,62994,651,2026-01-30T08:54:11Z,2026-01-30T08:54:38Z,S1A_IW_SLC__1SDV_20260130T085411_20260130T085438_062994_07E770_E27C
feature_0_part_1_split_1,0,SENTINEL-1,Sentinel-1A,S1A_IW_SLC__1SDV_20260130T085435_20260130T085500_062994_07E770_ECF0-SLC,SLC,DESCENDING,97,62994,656,2026-01-30T08:54:35Z,2026-01-30T08:55:00Z,S1A_IW_SLC__1SDV_20260130T085435_20260130T085500_062994_07E770_ECF0
feature_0_part_1_split_1,0,SENTINEL-1,Sentinel-1C,S1C_IW_SLC__1SDV_20260131T084546_20260131T084617_006145_00C552_C85F-SLC,SLC,DESCENDING,24,6145,661,2026-01-31T08:45:46Z,2026-01-31T08:46:17Z,S1C_IW_SLC__1SDV_20260131T084546_20260131T084617_006145_00C552_C85F
feature_0_part_1_split_1,0,SENTINEL-1,Sentinel-1C,S1C_IW_SLC__1SDV_20260131T084615_20260131T084642_006145_00C552_AE0D-SLC,SLC,DESCENDING,24,6145,667,2026-01-31T08:46:15Z,2026-01-31T08:46:42Z,S1C_IW_SLC__1SDV_20260131T084615_20260131T084642_006145_00C552_AE0D
feature_0_part_1_split_1,0,SENTINEL-1,Sentinel-1C,S1C_IW_SLC__1SDV_20260131T084640_20260131T084707_006145_00C552_E521-SLC,SLC,DESCENDING,24,6145,672,2026-01-31T08:46:40Z,2026-01-31T08:47:07Z,S1C_IW_SLC__1SDV_20260131T084640_20260131T084707_006145_00C552_E521
feature_0_part_1_split_1,0,SENTINEL-1,Sentinel-1A,S1A_IW_SLC__1SDV_20260131T093334_20260131T093402_063009_07E809_50A1-SLC,SLC,DESCENDING,112,63009,630,2026-01-31T09:33:34Z,2026-01-31T09:34:02Z,S1A_IW_SLC__1SDV_20260131T093334_20260131T093402_063009_07E809_50A1
feature_0_part_1_split_1,0,SENTINEL-1,Sentinel-1A,S1A_IW_SLC__1SDV_20260131T093359_20260131T093426_063009_07E809_C50E-SLC,SLC,DESCENDING,112,63009,635,2026-01-31T09:33:59Z,2026-01-31T09:34:26Z,S1A_IW_SLC__1SDV_20260131T093359_20260131T093426_063009_07E809_C50E
feature_0_part_1_split_1,0,SENTINEL-1,Sentinel-1A,S1A_IW_SLC__1SDV_20260131T093424_20260131T093451_063009_07E809_B720-SLC,SLC,DESCENDING,112,63009,640,2026-01-31T09:34:24Z,2026-01-31T09:34:51Z,S1A_IW_SLC__1SDV_20260131T093424_20260131T093451_063009_07E809_B720
feature_0_part_1_split_1,0,SENTINEL-1,Sentinel-1C,S1C_IW_SLC__1SDV_20260202T082739_20260202T082810_006174_00C649_671B-SLC,SLC,DESCENDING,53,6174,641,2026-02-02T08:27:39Z,2026-02-02T08:28:10Z,S1C_IW_SLC__1SDV_20260202T082739_20260202T082810_006174_00C649_671B
feature_0_part_1_split_1,0,SENTINEL-1,Sentinel-1C,S1C_IW_SLC__1SDV_20260202T082808_20260202T082835_006174_00C649_1A88-SLC,SLC,DESCENDING,53,6174,647,2026-02-02T08:28:08Z,2026-02-02T08:28:35Z,S1C_IW_SLC__1SDV_20260202T082808_20260202T082835_006174_00C649_1A88
feature_0_part_1_split_1,0,SENTINEL-1,Sentinel-1C,S1C_IW_SLC__1SDV_20260202T082833_20260202T082900_006174_00C649_C16A-SLC,SLC,DESCENDING,53,6174,652,2026-02-02T08:28:33Z,2026-02-02T08:29:00Z,S1C_IW_SLC__1SDV_20260202T082833_20260202T082900_006174_00C649_C16A
feature_0_part_1_split_1,0,SENTINEL-1,Sentinel-1C,S1C_IW_SLC__1SDV_20260202T082857_20260202T082924_006174_00C649_52AB-SLC,SLC,DESCENDING,53,6174,657,2026-02-02T08:28:57Z,2026-02-02T08:29:24Z,S1C_IW_SLC__1SDV_20260202T082857_20260202T082924_006174_00C649_52AB
feature_0_part_1_split_1,0,SENTINEL-1,Sentinel-1C,S1C_IW_SLC__1SDV_20260202T082922_20260202T082949_006174_00C649_2CC1-SLC,SLC,DESCENDING,53,6174,662,2026-02-02T08:29:22Z,2026-02-02T08:29:49Z,S1C_IW_SLC__1SDV_20260202T082922_20260202T082949_006174_00C649_2CC1
feature_0_part_1_split_1,0,SENTINEL-1,Sentinel-1C,S1C_IW_SLC__1SDV_20260202T082947_20260202T083015_006174_00C649_65E7-SLC,SLC,DESCENDING,53,6174,667,2026-02-02T08:29:47Z,2026-02-02T08:30:15Z,S1C_IW_SLC__1SDV_20260202T082947_20260202T083015_006174_00C649_65E7
feature_0_part_1_split_1,0,SENTINEL-1,Sentinel-1A,S1A_IW_SLC__1SDV_20260202T091714_20260202T091742_063038_07E924_8092-SLC,SLC,DESCENDING,141,63038,632,2026-02-02T09:17:14Z,2026-02-02T09:17:42Z,S1A_IW_SLC__1SDV_20260202T091714_20260202T091742_063038_07E924_8092
feature_0_part_1_split_1,0,SENTINEL-1,Sentinel-1A,S1A_IW_SLC__1SDV_20260202T091740_20260202T091807_063038_07E924_31F7-SLC,SLC,DESCENDING,141,63038,637,2026-02-02T09:17:40Z,2026-02-02T09:18:07Z,S1A_IW_SLC__1SDV_20260202T091740_20260202T091807_063038_07E924_31F7
feature_0_part_1_split_1,0,SENTINEL-1,Sentinel-1A,S1A_IW_SLC__1SDV_20260202T091805_20260202T091832_063038_07E924_4D4B-SLC,SLC,DESCENDING,141,63038,642,2026-02-02T09:18:05Z,2026-02-02T09:18:32Z,S1A_IW_SLC__1SDV_20260202T091805_20260202T091832_063038_07E924_4D4B
feature_0_part_1_split_1,0,SENTINEL-1,Sentinel-1A,S1A_IW_SLC__1SDV_20260202T091830_20260202T091857_063038_07E924_4442-SLC,SLC,DESCENDING,141,63038,647,2026-02-02T09:18:30Z,2026-02-02T09:18:57Z,S1A_IW_SLC__1SDV_20260202T091830_20260202T091857_063038_07E924_4442
feature_0_part_1_split_1,0,SENTINEL-1,Sentinel-1A,S1A_IW_SLC__1SDV_20260202T091919_20260202T091941_063038_07E924_ECD7-SLC,SLC,DESCENDING,141,63038,657,2026-02-02T09:19:19Z,2026-02-02T09:19:41Z,S1A_IW_SLC__1SDV_20260202T091919_20260202T091941_063038_07E924_ECD7
feature_0_part_1_split_1,0,SENTINEL-1,Sentinel-1C,S1C_IW_SLC__1SDV_20260202T221545_20260202T221611_006182_00C698_5040-SLC,SLC,ASCENDING,61,6182,1099,2026-02-02T22:15:45Z,2026-02-02T22:16:11Z,S1C_IW_SLC__1SDV_20260202T221545_20260202T221611_006182_00C698_5040
feature_0_part_1_split_1,0,SENTINEL-1,Sentinel-1A,S1A_IW_SLC__1SDV_20260203T082011_20260203T082038_063052_07E9A7_052F-SLC,SLC,DESCENDING,155,63052,638,2026-02-03T08:20:11Z,2026-02-03T08:20:38Z,S1A_IW_SLC__1SDV_20260203T082011_20260203T082038_063052_07E9A7_052F
feature_0_part_1_split_1,0,SENTINEL-1,Sentinel-1A,S1A_IW_SLC__1SDV_20260203T082036_20260203T082103_063052_07E9A7_3D14-SLC,SLC,DESCENDING,155,63052,643,2026-02-03T08:20:36Z,2026-02-03T08:21:03Z,S1A_IW_SLC__1SDV_20260203T082036_20260203T082103_063052_07E9A7_3D14
feature_0_part_1_split_1,0,SENTINEL-1,Sentinel-1A,S1A_IW_SLC__1SDV_20260203T082101_20260203T082115_063052_07E9A7_6C7E-SLC,SLC,DESCENDING,155,63052,648,2026-02-03T08:21:01Z,2026-02-03T08:21:15Z,S1A_IW_SLC__1SDV_20260203T082101_20260203T082115_063052_07E9A7_6C7E
feature_0_part_1_split_1,0,SENTINEL-1,Sentinel-1C,S1C_IW_SLC__1SDV_20260203T090946_20260203T091016_006189_00C6CA_A746-SLC,SLC,DESCENDING,68,6189,653,2026-02-03T09:09:46Z,2026-02-03T09:10:16Z,S1C_IW_SLC__1SDV_20260203T090946_20260203T091016_006189_00C6CA_A746
feature_0_part_1_split_1,0,SENTINEL-1,Sentinel-1C,S1C_IW_SLC__1SDV_20260203T091014_20260203T091041_006189_00C6CA_890F-SLC,SLC,DESCENDING,68,6189,659,2026-02-03T09:10:14Z,2026-02-03T09:10:41Z,S1C_IW_SLC__1SDV_20260203T091014_20260203T091041_006189_00C6CA_890F
feature_0_part_1_split_1,0,SENTINEL-1,Sentinel-1C,S1C_IW_SLC__1SDV_20260203T091039_20260203T091106_006189_00C6CA_BBF6-SLC,SLC,DESCENDING,68,6189,663,2026-02-03T09:10:39Z,2026-02-03T09:11:06Z,S1C_IW_SLC__1SDV_20260203T091039_20260203T091106_006189_00C6CA_BBF6
feature_0_part_1_split_1,0,SENTINEL-1,Sentinel-1C,S1C_IW_SLC__1SDV_20260203T091104_20260203T091131_006189_00C6CA_04F5-SLC,SLC,DESCENDING,68,6189,668,2026-02-03T09:11:04Z,2026-02-03T09:11:31Z,S1C_IW_SLC__1SDV_20260203T091104_20260203T091131_006189_00C6CA_04F5
feature_0_part_1_split_1,0,SENTINEL-1,Sentinel-1A,S1A_IW_SLC__1SDV_20260204T085920_20260204T085948_063067_07EA2A_9B51-SLC,SLC,DESCENDING,170,63067,615,2026-02-04T08:59:20Z,2026-02-04T08:59:48Z,S1A_IW_SLC__1SDV_20260204T085920_20260204T085948_063067_07EA2A_9B51
feature_0_part_1_split_1,0,SENTINEL-1,Sentinel-1A,S1A_IW_SLC__1SDV_20260204T085946_20260204T090013_063067_07EA2A_4F27-SLC,SLC,DESCENDING,170,63067,620,2026-02-04T08:59:46Z,2026-02-04T09:00:13Z,S1A_IW_SLC__1SDV_20260204T085946_20260204T090013_063067_07EA2A_4F27
feature_0_part_1_split_1,0,SENTINEL-1,Sentinel-1A,S1A_IW_SLC__1SDV_20260204T090011_20260204T090038_063067_07EA2A_210E-SLC,SLC,DESCENDING,170,63067,625,2026-02-04T09:00:11Z,2026-02-04T09:00:38Z,S1A_IW_SLC__1SDV_20260204T090011_20260204T090038_063067_07EA2A_210E
feature_0_part_1_split_1,0,SENTINEL-1,Sentinel-1A,S1A_IW_SLC__1SDV_20260204T090036_20260204T090103_063067_07EA2A_CF08-SLC,SLC,DESCENDING,170,63067,630,2026-02-04T09:00:36Z,2026-02-04T09:01:03Z,S1A_IW_SLC__1SDV_20260204T090036_20260204T090103_063067_07EA2A_CF08
feature_0_part_1_split_1,0,SENTINEL-1,Sentinel-1A,S1A_IW_SLC__1SDV_20260204T090101_20260204T090128_063067_07EA2A_0FAD-SLC,SLC,DESCENDING,170,63067,635,2026-02-04T09:01:01Z,2026-02-04T09:01:28Z,S1A_IW_SLC__1SDV_20260204T090101_20260204T090128_063067_07EA2A_0FAD
feature_0_part_1_split_1,0,SENTINEL-1,Sentinel-1A,S1A_IW_SLC__1SDV_20260204T090126_20260204T090153_063067_07EA2A_5FA2-SLC,SLC,DESCENDING,170,63067,640,2026-02-04T09:01:26Z,2026-02-04T09:01:53Z,S1A_IW_SLC__1SDV_20260204T090126_20260204T090153_063067_07EA2A_5FA2
feature_0_part_1_split_1,0,SENTINEL-1,Sentinel-1A,S1A_IW_SLC__1SDV_20260204T090150_20260204T090218_063067_07EA2A_112F-SLC,SLC,DESCENDING,170,63067,645,2026-02-04T09:01:50Z,2026-02-04T09:02:18Z,S1A_IW_SLC__1SDV_20260204T090150_20260204T090218_063067_07EA2A_112F
feature_0_part_1_split_1,0,SENTINEL-1,Sentinel-1A,S1A_IW_SLC__1SDV_20260204T090216_20260204T090243_063067_07EA2A_E5AB-SLC,SLC,DESCENDING,170,63067,650,2026-02-04T09:02:16Z,2026-02-04T09:02:43Z,S1A_IW_SLC__1SDV_20260204T090216_20260204T090243_063067_07EA2A_E5AB
feature_0_part_1_split_1,0,SENTINEL-1,Sentinel-1A,S1A_IW_SLC__1SDV_20260204T090241_20260204T090305_063067_07EA2A_7B82-SLC,SLC,DESCENDING,170,63067,655,2026-02-04T09:02:41Z,2026-02-04T09:03:05Z,S1A_IW_SLC__1SDV_20260204T090241_20260204T090305_063067_07EA2A_7B82
feature_0_part_1_split_1,0,SENTINEL-1,Sentinel-1A,S1A_IW_SLC__1SDV_20260204T211638_20260204T211708_063074_07EA79_F439-SLC,SLC,ASCENDING,2,63074,1168,2026-02-04T21:16:38Z,2026-02-04T21:17:08Z,S1A_IW_SLC__1SDV_20260204T211638_20260204T211708_063074_07EA79_F439
feature_0_part_1_split_1,0,SENTINEL-1,Sentinel-1C,S1C_IW_SLC__1SDV_20260205T085349_20260205T085420_006218_00C7CE_BEEF-SLC,SLC,DESCENDING,97,6218,659,2026-02-05T08:53:49Z,2026-02-05T08:54:20Z,S1C_IW_SLC__1SDV_20260205T085349_20260205T085420_006218_00C7CE_BEEF
feature_0_part_1_split_1,0,SENTINEL-1,Sentinel-1C,S1C_IW_SLC__1SDV_20260205T085417_20260205T085444_006218_00C7CE_5A92-SLC,SLC,DESCENDING,97,6218,665,2026-02-05T08:54:17Z,2026-02-05T08:54:44Z,S1C_IW_SLC__1SDV_20260205T085417_20260205T085444_006218_00C7CE_5A92
feature_0_part_1_split_1,0,SENTINEL-1,Sentinel-1A,S1A_IW_SLC__1SDV_20260205T094151_20260205T094219_063082_07EAC5_C4C8-SLC,SLC,DESCENDING,10,63082,631,2026-02-05T09:41:51Z,2026-02-05T09:42:19Z,S1A_IW_SLC__1SDV_20260205T094151_20260205T094219_063082_07EAC5_C4C8
feature_0_part_1_split_1,0,SENTINEL-1,Sentinel-1A,S1A_IW_SLC__1SDV_20260206T084129_20260206T084156_063096_07EB49_A58E-SLC,SLC,DESCENDING,24,63096,598,2026-02-06T08:41:29Z,2026-02-06T08:41:56Z,S1A_IW_SLC__1SDV_20260206T084129_20260206T084156_063096_07EB49_A58E
feature_0_part_1_split_1,0,SENTINEL-1,Sentinel-1A,S1A_IW_SLC__1SDV_20260206T084154_20260206T084221_063096_07EB49_1B27-SLC,SLC,DESCENDING,24,63096,603,2026-02-06T08:41:54Z,2026-02-06T08:42:21Z,S1A_IW_SLC__1SDV_20260206T084154_20260206T084221_063096_07EB49_1B27
feature_0_part_1_split_1,0,SENTINEL-1,Sentinel-1A,S1A_IW_SLC__1SDV_20260206T084218_20260206T084245_063096_07EB49_C205-SLC,SLC,DESCENDING,24,63096,608,2026-02-06T08:42:18Z,2026-02-06T08:42:45Z,S1A_IW_SLC__1SDV_20260206T084218_20260206T084245_063096_07EB49_C205
feature_0_part_1_split_1,0,SENTINEL-1,Sentinel-1A,S1A_IW_SLC__1SDV_20260206T084243_20260206T084310_063096_07EB49_1232-SLC,SLC,DESCENDING,24,63096,613,2026-02-06T08:42:43Z,2026-02-06T08:43:10Z,S1A_IW_SLC__1SDV_20260206T084243_20260206T084310_063096_07EB49_1232
feature_0_part_1_split_1,0,SENTINEL-1,Sentinel-1A,S1A_IW_SLC__1SDV_20260206T084308_20260206T084336_063096_07EB49_81BA-SLC,SLC,DESCENDING,24,63096,618,2026-02-06T08:43:08Z,2026-02-06T08:43:36Z,S1A_IW_SLC__1SDV_20260206T084308_20260206T084336_063096_07EB49_81BA
feature_0_part_1_split_1,0,SENTINEL-1,Sentinel-1A,S1A_IW_SLC__1SDV_20260206T084334_20260206T084401_063096_07EB49_43AE-SLC,SLC,DESCENDING,24,63096,623,2026-02-06T08:43:34Z,2026-02-06T08:44:01Z,S1A_IW_SLC__1SDV_20260206T084334_20260206T084401_063096_07EB49_43AE
feature_0_part_1_split_1,0,SENTINEL-1,Sentinel-1A,S1A_IW_SLC__1SDV_20260206T084359_20260206T084426_063096_07EB49_A75C-SLC,SLC,DESCENDING,24,63096,628,2026-02-06T08:43:59Z,2026-02-06T08:44:26Z,S1A_IW_SLC__1SDV_20260206T084359_20260206T084426_063096_07EB49_A75C
feature_0_part_1_split_1,0,SENTINEL-1,Sentinel-1A,S1A_IW_SLC__1SDV_20260206T084423_20260206T084450_063096_07EB49_8B75-SLC,SLC,DESCENDING,24,63096,633,2026-02-06T08:44:23Z,2026-02-06T08:44:50Z,S1A_IW_SLC__1SDV_20260206T084423_20260206T084450_063096_07EB49_8B75
feature_0_part_1_split_1,0,SENTINEL-1,Sentinel-1A,S1A_IW_SLC__1SDV_20260206T084448_20260206T084515_063096_07EB49_02D1-SLC,SLC,DESCENDING,24,63096,638,2026-02-06T08:44:48Z,2026-02-06T08:45:15Z,S1A_IW_SLC__1SDV_20260206T084448_20260206T084515_063096_07EB49_02D1
feature_0_part_1_split_1,0,SENTINEL-1,Sentinel-1A,S1A_IW_SLC__1SDV_20260206T084513_20260206T084540_063096_07EB49_3C05-SLC,SLC,DESCENDING,24,63096,643,2026-02-06T08:45:13Z,2026-02-06T08:45:40Z,S1A_IW_SLC__1SDV_20260206T084513_20260206T084540_063096_07EB49_3C05
feature_0_part_1_split_1,0,SENTINEL-1,Sentinel-1A,S1A_IW_SLC__1SDV_20260206T084538_20260206T084606_063096_07EB49_17E5-SLC,SLC,DESCENDING,24,63096,648,2026-02-06T08:45:38Z,2026-02-06T08:46:06Z,S1A_IW_SLC__1SDV_20260206T084538_20260206T084606_063096_07EB49_17E5
feature_0_part_1_split_1,0,SENTINEL-1,Sentinel-1A,S1A_IW_SLC__1SDV_20260206T084604_20260206T084631_063096_07EB49_6AF2-SLC,SLC,DESCENDING,24,63096,653,2026-02-06T08:46:04Z,2026-02-06T08:46:31Z,S1A_IW_SLC__1SDV_20260206T084604_20260206T084631_063096_07EB49_6AF2
feature_0_part_1_split_1,0,SENTINEL-1,Sentinel-1A,S1A_IW_SLC__1SDV_20260206T084628_20260206T084653_063096_07EB49_5BA4-SLC,SLC,DESCENDING,24,63096,658,2026-02-06T08:46:28Z,2026-02-06T08:46:53Z,S1A_IW_SLC__1SDV_20260206T084628_20260206T084653_063096_07EB49_5BA4
feature_0_part_1_split_1,0,SENTINEL-1,Sentinel-1C,S1C_IW_SLC__1SDV_20260206T093338_20260206T093409_006233_00C850_2EDD-SLC,SLC,DESCENDING,112,6233,643,2026-02-06T09:33:38Z,2026-02-06T09:34:09Z,S1C_IW_SLC__1SDV_20260206T093338_20260206T093409_006233_00C850_2EDD
feature_0_part_1_split_1,0,SENTINEL-1,Sentinel-1C,S1C_IW_SLC__1SDV_20260207T083548_20260207T083619_006247_00C8BB_0065-SLC,SLC,DESCENDING,126,6247,640,2026-02-07T08:35:48Z,2026-02-07T08:36:19Z,S1C_IW_SLC__1SDV_20260207T083548_20260207T083619_006247_00C8BB_0065
feature_0_part_1_split_1,0,SENTINEL-1,Sentinel-1C,S1C_IW_SLC__1SDV_20260207T083617_20260207T083644_006247_00C8BB_64EE-SLC,SLC,DESCENDING,126,6247,646,2026-02-07T08:36:17Z,2026-02-07T08:36:44Z,S1C_IW_SLC__1SDV_20260207T083617_20260207T083644_006247_00C8BB_64EE
feature_0_part_1_split_1,0,SENTINEL-1,Sentinel-1C,S1C_IW_SLC__1SDV_20260207T083642_20260207T083709_006247_00C8BB_E485-SLC,SLC,DESCENDING,126,6247,651,2026-02-07T08:36:42Z,2026-02-07T08:37:09Z,S1C_IW_SLC__1SDV_20260207T083642_20260207T083709_006247_00C8BB_E485
feature_0_part_1_split_1,0,SENTINEL-1,Sentinel-1C,S1C_IW_SLC__1SDV_20260207T083707_20260207T083734_006247_00C8BB_5F80-SLC,SLC,DESCENDING,126,6247,656,2026-02-07T08:37:07Z,2026-02-07T08:37:34Z,S1C_IW_SLC__1SDV_20260207T083707_20260207T083734_006247_00C8BB_5F80
feature_0_part_1_split_1,0,SENTINEL-1,Sentinel-1C,S1C_IW_SLC__1SDV_20260207T083731_20260207T083758_006247_00C8BB_2715-SLC,SLC,DESCENDING,126,6247,661,2026-02-07T08:37:31Z,2026-02-07T08:37:58Z,S1C_IW_SLC__1SDV_20260207T083731_20260207T083758_006247_00C8BB_2715
feature_0_part_1_split_1,0,SENTINEL-1,Sentinel-1C,S1C_IW_SLC__1SDV_20260207T083756_20260207T083824_006247_00C8BB_F311-SLC,SLC,DESCENDING,126,6247,666,2026-02-07T08:37:56Z,2026-02-07T08:38:24Z,S1C_IW_SLC__1SDV_20260207T083756_20260207T083824_006247_00C8BB_F311
feature_0_part_1_split_1,0,SENTINEL-1,Sentinel-1C,S1C_IW_SLC__1SDV_20260207T083822_20260207T083849_006247_00C8BB_96AF-SLC,SLC,DESCENDING,126,6247,671,2026-02-07T08:38:22Z,2026-02-07T08:38:49Z,S1C_IW_SLC__1SDV_20260207T083822_20260207T083849_006247_00C8BB_96AF
feature_0_part_1_split_1,0,SENTINEL-1,Sentinel-1C,S1C_IW_SLC__1SDV_20260207T083847_20260207T083914_006247_00C8BB_084F-SLC,SLC,DESCENDING,126,6247,676,2026-02-07T08:38:47Z,2026-02-07T08:39:14Z,S1C_IW_SLC__1SDV_20260207T083847_20260207T083914_006247_00C8BB_084F
feature_0_part_1_split_1,0,SENTINEL-1,Sentinel-1A,S1A_IW_SLC__1SDV_20260208T082514_20260208T082544_063125_07EC62_A967-SLC,SLC,DESCENDING,53,63125,600,2026-02-08T08:25:14Z,2026-02-08T08:25:44Z,S1A_IW_SLC__1SDV_20260208T082514_20260208T082544_063125_07EC62_A967
feature_0_part_1_split_1,0,SENTINEL-1,Sentinel-1A,S1A_IW_SLC__1SDV_20260208T082542_20260208T082610_063125_07EC62_29C2-SLC,SLC,DESCENDING,53,63125,606,2026-02-08T08:25:42Z,2026-02-08T08:26:10Z,S1A_IW_SLC__1SDV_20260208T082542_20260208T082610_063125_07EC62_29C2
feature_0_part_1_split_1,0,SENTINEL-1,Sentinel-1A,S1A_IW_SLC__1SDV_20260208T082608_20260208T082635_063125_07EC62_A6C6-SLC,SLC,DESCENDING,53,63125,611,2026-02-08T08:26:08Z,2026-02-08T08:26:35Z,S1A_IW_SLC__1SDV_20260208T082608_20260208T082635_063125_07EC62_A6C6
feature_0_part_1_split_1,0,SENTINEL-1,Sentinel-1A,S1A_IW_SLC__1SDV_20260208T082633_20260208T082700_063125_07EC62_734C-SLC,SLC,DESCENDING,53,63125,616,2026-02-08T08:26:33Z,2026-02-08T08:27:00Z,S1A_IW_SLC__1SDV_20260208T082633_20260208T082700_063125_07EC62_734C
feature_0_part_1_split_1,0,SENTINEL-1,Sentinel-1A,S1A_IW_SLC__1SDV_20260208T082747_20260208T082815_063125_07EC62_C370-SLC,SLC,DESCENDING,53,63125,631,2026-02-08T08:27:47Z,2026-02-08T08:28:15Z,S1A_IW_SLC__1SDV_20260208T082747_20260208T082815_063125_07EC62_C370
feature_0_part_1_split_1,0,SENTINEL-1,Sentinel-1A,S1A_IW_SLC__1SDV_20260208T082813_20260208T082840_063125_07EC62_6529-SLC,SLC,DESCENDING,53,63125,636,2026-02-08T08:28:13Z,2026-02-08T08:28:40Z,S1A_IW_SLC__1SDV_20260208T082813_20260208T082840_063125_07EC62_6529
feature_0_part_1_split_1,0,SENTINEL-1,Sentinel-1A,S1A_IW_SLC__1SDV_20260208T082838_20260208T082852_063125_07EC62_BB16-SLC,SLC,DESCENDING,53,63125,641,2026-02-08T08:28:38Z,2026-02-08T08:28:52Z,S1A_IW_SLC__1SDV_20260208T082838_20260208T082852_063125_07EC62_BB16
feature_0_part_1_split_1,0,SENTINEL-1,Sentinel-1C,S1C_IW_SLC__1SDV_20260208T091836_20260208T091907_006262_00C946_FB5C-SLC,SLC,DESCENDING,141,6262,660,2026-02-08T09:18:36Z,2026-02-08T09:19:07Z,S1C_IW_SLC__1SDV_20260208T091836_20260208T091907_006262_00C946_FB5C
feature_0_part_1_split_1,0,SENTINEL-1,Sentinel-1C,S1C_IW_SLC__1SDV_20260208T091905_20260208T091932_006262_00C946_BEF8-SLC,SLC,DESCENDING,141,6262,666,2026-02-08T09:19:05Z,2026-02-08T09:19:32Z,S1C_IW_SLC__1SDV_20260208T091905_20260208T091932_006262_00C946_BEF8
feature_0_part_1_split_1,0,SENTINEL-1,Sentinel-1C,S1C_IW_SLC__1SDV_20260209T082013_20260209T082044_006276_00C9CF_ACE8-SLC,SLC,DESCENDING,155,6276,651,2026-02-09T08:20:13Z,2026-02-09T08:20:44Z,S1C_IW_SLC__1SDV_20260209T082013_20260209T082044_006276_00C9CF_ACE8
feature_0_part_1_split_1,0,SENTINEL-1,Sentinel-1C,S1C_IW_SLC__1SDV_20260209T082042_20260209T082109_006276_00C9CF_75A5-SLC,SLC,DESCENDING,155,6276,656,2026-02-09T08:20:42Z,2026-02-09T08:21:09Z,S1C_IW_SLC__1SDV_20260209T082042_20260209T082109_006276_00C9CF_75A5
feature_0_part_1_split_1,0,SENTINEL-1,Sentinel-1C,S1C_IW_SLC__1SDV_20260209T220740_20260209T220801_006284_00CA18_42D1-SLC,SLC,ASCENDING,163,6284,1101,2026-02-09T22:07:40Z,2026-02-09T22:08:01Z,S1C_IW_SLC__1SDV_20260209T220740_20260209T220801_006284_00CA18_42D1
feature_0_part_1_split_1,0,SENTINEL-1,Sentinel-1C,S1C_IW_SLC__1SDV_20260210T090155_20260210T090226_006291_00CA57_D8F4-SLC,SLC,DESCENDING,170,6291,657,2026-02-10T09:01:55Z,2026-02-10T09:02:26Z,S1C_IW_SLC__1SDV_20260210T090155_20260210T090226_006291_00CA57_D8F4
feature_0_part_1_split_1,0,SENTINEL-1,Sentinel-1C,S1C_IW_SLC__1SDV_20260210T090224_20260210T090250_006291_00CA57_83A1-SLC,SLC,DESCENDING,170,6291,663,2026-02-10T09:02:24Z,2026-02-10T09:02:50Z,S1C_IW_SLC__1SDV_20260210T090224_20260210T090250_006291_00CA57_83A1
feature_0_part_1_split_1,0,SENTINEL-1,Sentinel-1C,S1C_IW_SLC__1SDV_20260210T090248_20260210T090315_006291_00CA57_3DE6-SLC,SLC,DESCENDING,170,6291,668,2026-02-10T09:02:48Z,2026-02-10T09:03:15Z,S1C_IW_SLC__1SDV_20260210T090248_20260210T090315_006291_00CA57_3DE6
feature_0_part_1_split_1,0,SENTINEL-1,Sentinel-1C,S1C_IW_SLC__1SDV_20260210T090313_20260210T090340_006291_00CA57_23D9-SLC,SLC,DESCENDING,170,6291,673,2026-02-10T09:03:13Z,2026-02-10T09:03:40Z,S1C_IW_SLC__1SDV_20260210T090313_20260210T090340_006291_00CA57_23D9
feature_0_part_1_split_1,0,SENTINEL-1,Sentinel-1A,S1A_IW_SLC__1SDV_20260211T085025_20260211T085051_063169_07EDF7_0117-SLC,SLC,DESCENDING,97,63169,606,2026-02-11T08:50:25Z,2026-02-11T08:50:51Z,S1A_IW_SLC__1SDV_20260211T085025_20260211T085051_063169_07EDF7_0117
feature_0_part_1_split_1,0,SENTINEL-1,Sentinel-1A,S1A_IW_SLC__1SDV_20260211T085049_20260211T085116_063169_07EDF7_9C21-SLC,SLC,DESCENDING,97,63169,611,2026-02-11T08:50:49Z,2026-02-11T08:51:16Z,S1A_IW_SLC__1SDV_20260211T085049_20260211T085116_063169_07EDF7_9C21
feature_0_part_1_split_1,0,SENTINEL-1,Sentinel-1A,S1A_IW_SLC__1SDV_20260211T085114_20260211T085142_063169_07EDF7_CBBB-SLC,SLC,DESCENDING,97,63169,616,2026-02-11T08:51:14Z,2026-02-11T08:51:42Z,S1A_IW_SLC__1SDV_20260211T085114_20260211T085142_063169_07EDF7_CBBB
feature_0_part_1_split_1,0,SENTINEL-1,Sentinel-1A,S1A_IW_SLC__1SDV_20260211T085140_20260211T085207_063169_07EDF7_2B94-SLC,SLC,DESCENDING,97,63169,621,2026-02-11T08:51:40Z,2026-02-11T08:52:07Z,S1A_IW_SLC__1SDV_20260211T085140_20260211T085207_063169_07EDF7_2B94
feature_0_part_1_split_1,0,SENTINEL-1,Sentinel-1A,S1A_IW_SLC__1SDV_20260211T085205_20260211T085232_063169_07EDF7_16A6-SLC,SLC,DESCENDING,97,63169,626,2026-02-11T08:52:05Z,2026-02-11T08:52:32Z,S1A_IW_SLC__1SDV_20260211T085205_20260211T085232_063169_07EDF7_16A6
feature_0_part_1_split_1,0,SENTINEL-1,Sentinel-1A,S1A_IW_SLC__1SDV_20260211T085230_20260211T085257_063169_07EDF7_641B-SLC,SLC,DESCENDING,97,63169,631,2026-02-11T08:52:30Z,2026-02-11T08:52:57Z,S1A_IW_SLC__1SDV_20260211T085230_20260211T085257_063169_07EDF7_641B
feature_0_part_1_split_1,0,SENTINEL-1,Sentinel-1A,S1A_IW_SLC__1SDV_20260211T085254_20260211T085321_063169_07EDF7_D510-SLC,SLC,DESCENDING,97,63169,636,2026-02-11T08:52:54Z,2026-02-11T08:53:21Z,S1A_IW_SLC__1SDV_20260211T085254_20260211T085321_063169_07EDF7_D510
feature_0_part_1_split_1,0,SENTINEL-1,Sentinel-1A,S1A_IW_SLC__1SDV_20260211T085319_20260211T085346_063169_07EDF7_9F12-SLC,SLC,DESCENDING,97,63169,641,2026-02-11T08:53:19Z,2026-02-11T08:53:46Z,S1A_IW_SLC__1SDV_20260211T085319_20260211T085346_063169_07EDF7_9F12
feature_0_part_1_split_1,0,SENTINEL-1,Sentinel-1A,S1A_IW_SLC__1SDV_20260211T085344_20260211T085412_063169_07EDF7_3D7F-SLC,SLC,DESCENDING,97,63169,646,2026-02-11T08:53:44Z,2026-02-11T08:54:12Z,S1A_IW_SLC__1SDV_20260211T085344_20260211T085412_063169_07EDF7_3D7F
feature_0_part_1_split_1,0,SENTINEL-1,Sentinel-1A,S1A_IW_SLC__1SDV_20260211T085410_20260211T085437_063169_07EDF7_50C0-SLC,SLC,DESCENDING,97,63169,651,2026-02-11T08:54:10Z,2026-02-11T08:54:37Z,S1A_IW_SLC__1SDV_20260211T085410_20260211T085437_063169_07EDF7_50C0
feature_0_part_1_split_1,0,SENTINEL-1,Sentinel-1A,S1A_IW_SLC__1SDV_20260211T085435_20260211T085459_063169_07EDF7_8FA7-SLC,SLC,DESCENDING,97,63169,656,2026-02-11T08:54:35Z,2026-02-11T08:54:59Z,S1A_IW_SLC__1SDV_20260211T085435_20260211T085459_063169_07EDF7_8FA7
feature_0_part_1_split_1,0,SENTINEL-1,Sentinel-1C,S1C_IW_SLC__1SDV_20260212T084546_20260212T084616_006320_00CB50_0DF4-SLC,SLC,DESCENDING,24,6320,661,2026-02-12T08:45:46Z,2026-02-12T08:46:16Z,S1C_IW_SLC__1SDV_20260212T084546_20260212T084616_006320_00CB50_0DF4
feature_0_part_1_split_1,0,SENTINEL-1,Sentinel-1C,S1C_IW_SLC__1SDV_20260212T084614_20260212T084641_006320_00CB50_7C22-SLC,SLC,DESCENDING,24,6320,667,2026-02-12T08:46:14Z,2026-02-12T08:46:41Z,S1C_IW_SLC__1SDV_20260212T084614_20260212T084641_006320_00CB50_7C22
feature_0_part_1_split_1,0,SENTINEL-1,Sentinel-1C,S1C_IW_SLC__1SDV_20260212T084639_20260212T084706_006320_00CB50_6FB9-SLC,SLC,DESCENDING,24,6320,672,2026-02-12T08:46:39Z,2026-02-12T08:47:06Z,S1C_IW_SLC__1SDV_20260212T084639_20260212T084706_006320_00CB50_6FB9
feature_0_part_1_split_1,0,SENTINEL-1,Sentinel-1A,S1A_IW_SLC__1SDV_20260212T093333_20260212T093401_063184_07EE8E_9EAF-SLC,SLC,DESCENDING,112,63184,630,2026-02-12T09:33:33Z,2026-02-12T09:34:01Z,S1A_IW_SLC__1SDV_20260212T093333_20260212T093401_063184_07EE8E_9EAF
feature_0_part_1_split_1,0,SENTINEL-1,Sentinel-1A,S1A_IW_SLC__1SDV_20260212T093358_20260212T093426_063184_07EE8E_3D67-SLC,SLC,DESCENDING,112,63184,635,2026-02-12T09:33:58Z,2026-02-12T09:34:26Z,S1A_IW_SLC__1SDV_20260212T093358_20260212T093426_063184_07EE8E_3D67
feature_0_part_1_split_1,0,SENTINEL-1,Sentinel-1A,S1A_IW_SLC__1SDV_20260212T093423_20260212T093450_063184_07EE8E_5E80-SLC,SLC,DESCENDING,112,63184,640,2026-02-12T09:34:23Z,2026-02-12T09:34:50Z,S1A_IW_SLC__1SDV_20260212T093423_20260212T093450_063184_07EE8E_5E80
feature_0_part_1_split_1,0,SENTINEL-1,Sentinel-1A,S1A_IW_SLC__1SDV_20260213T083320_20260213T083350_063198_07EF18_37EE-SLC,SLC,DESCENDING,126,63198,599,2026-02-13T08:33:20Z,2026-02-13T08:33:50Z,S1A_IW_SLC__1SDV_20260213T083320_20260213T083350_063198_07EF18_37EE
feature_0_part_1_split_1,0,SENTINEL-1,Sentinel-1A,S1A_IW_SLC__1SDV_20260213T083348_20260213T083416_063198_07EF18_F00B-SLC,SLC,DESCENDING,126,63198,604,2026-02-13T08:33:48Z,2026-02-13T08:34:16Z,S1A_IW_SLC__1SDV_20260213T083348_20260213T083416_063198_07EF18_F00B
feature_0_part_1_split_1,0,SENTINEL-1,Sentinel-1A,S1A_IW_SLC__1SDV_20260213T083414_20260213T083441_063198_07EF18_7608-SLC,SLC,DESCENDING,126,63198,610,2026-02-13T08:34:14Z,2026-02-13T08:34:41Z,S1A_IW_SLC__1SDV_20260213T083414_20260213T083441_063198_07EF18_7608
feature_0_part_1_split_1,0,SENTINEL-1,Sentinel-1A,S1A_IW_SLC__1SDV_20260213T083439_20260213T083505_063198_07EF18_FC93-SLC,SLC,DESCENDING,126,63198,614,2026-02-13T08:34:39Z,2026-02-13T08:35:05Z,S1A_IW_SLC__1SDV_20260213T083439_20260213T083505_063198_07EF18_FC93
feature_0_part_1_split_1,0,SENTINEL-1,Sentinel-1A,S1A_IW_SLC__1SDV_20260213T083503_20260213T083530_063198_07EF18_7F98-SLC,SLC,DESCENDING,126,63198,619,2026-02-13T08:35:03Z,2026-02-13T08:35:30Z,S1A_IW_SLC__1SDV_20260213T083503_20260213T083530_063198_07EF18_7F98
feature_0_part_1_split_1,0,SENTINEL-1,Sentinel-1A,S1A_IW_SLC__1SDV_20260213T083528_20260213T083555_063198_07EF18_AC5F-SLC,SLC,DESCENDING,126,63198,624,2026-02-13T08:35:28Z,2026-02-13T08:35:55Z,S1A_IW_SLC__1SDV_20260213T083528_20260213T083555_063198_07EF18_AC5F
feature_0_part_1_split_1,0,SENTINEL-1,Sentinel-1A,S1A_IW_SLC__1SDV_20260213T083553_20260213T083621_063198_07EF18_B678-SLC,SLC,DESCENDING,126,63198,629,2026-02-13T08:35:53Z,2026-02-13T08:36:21Z,S1A_IW_SLC__1SDV_20260213T083553_20260213T083621_063198_07EF18_B678
feature_0_part_1_split_1,0,SENTINEL-1,Sentinel-1A,S1A_IW_SLC__1SDV_20260213T083619_20260213T083646_063198_07EF18_BDB7-SLC,SLC,DESCENDING,126,63198,635,2026-02-13T08:36:19Z,2026-02-13T08:36:46Z,S1A_IW_SLC__1SDV_20260213T083619_20260213T083646_063198_07EF18_BDB7
feature_0_part_1_split_1,0,SENTINEL-1,Sentinel-1A,S1A_IW_SLC__1SDV_20260213T083644_20260213T083658_063198_07EF18_2874-SLC,SLC,DESCENDING,126,63198,639,2026-02-13T08:36:44Z,2026-02-13T08:36:58Z,S1A_IW_SLC__1SDV_20260213T083644_20260213T083658_063198_07EF18_2874
feature_0_part_1_split_1,0,SENTINEL-1,Sentinel-1A,S1A_IW_SLC__1SDV_20260213T083829_20260213T083859_063198_07EF19_2E6A-SLC,SLC,DESCENDING,126,63198,661,2026-02-13T08:38:29Z,2026-02-13T08:38:59Z,S1A_IW_SLC__1SDV_20260213T083829_20260213T083859_063198_07EF19_2E6A
feature_0_part_1_split_1,0,SENTINEL-1,Sentinel-1A,S1A_IW_SLC__1SDV_20260213T083857_20260213T083925_063198_07EF19_FFC0-SLC,SLC,DESCENDING,126,63198,666,2026-02-13T08:38:57Z,2026-02-13T08:39:25Z,S1A_IW_SLC__1SDV_20260213T083857_20260213T083925_063198_07EF19_FFC0
feature_0_part_1_split_1,0,SENTINEL-1,Sentinel-1A,S1A_IW_SLC__1SDV_20260213T083923_20260213T083950_063198_07EF19_4D5F-SLC,SLC,DESCENDING,126,63198,671,2026-02-13T08:39:23Z,2026-02-13T08:39:50Z,S1A_IW_SLC__1SDV_20260213T083923_20260213T083950_063198_07EF19_4D5F
feature_0_part_1_split_1,0,SENTINEL-1,Sentinel-1C,S1C_IW_SLC__1SDV_20260214T082739_20260214T082810_006349_00CC4B_48B8-SLC,SLC,DESCENDING,53,6349,641,2026-02-14T08:27:39Z,2026-02-14T08:28:10Z,S1C_IW_SLC__1SDV_20260214T082739_20260214T082810_006349_00CC4B_48B8
feature_0_part_1_split_1,0,SENTINEL-1,Sentinel-1C,S1C_IW_SLC__1SDV_20260214T082808_20260214T082835_006349_00CC4B_C7F9-SLC,SLC,DESCENDING,53,6349,647,2026-02-14T08:28:08Z,2026-02-14T08:28:35Z,S1C_IW_SLC__1SDV_20260214T082808_20260214T082835_006349_00CC4B_C7F9
feature_0_part_1_split_1,0,SENTINEL-1,Sentinel-1C,S1C_IW_SLC__1SDV_20260214T082832_20260214T082859_006349_00CC4B_6DE0-SLC,SLC,DESCENDING,53,6349,652,2026-02-14T08:28:32Z,2026-02-14T08:28:59Z,S1C_IW_SLC__1SDV_20260214T082832_20260214T082859_006349_00CC4B_6DE0
feature_0_part_1_split_1,0,SENTINEL-1,Sentinel-1C,S1C_IW_SLC__1SDV_20260214T082857_20260214T082924_006349_00CC4B_08D1-SLC,SLC,DESCENDING,53,6349,657,2026-02-14T08:28:57Z,2026-02-14T08:29:24Z,S1C_IW_SLC__1SDV_20260214T082857_20260214T082924_006349_00CC4B_08D1
feature_0_part_1_split_1,0,SENTINEL-1,Sentinel-1C,S1C_IW_SLC__1SDV_20260214T082922_20260214T082949_006349_00CC4B_A072-SLC,SLC,DESCENDING,53,6349,662,2026-02-14T08:29:22Z,2026-02-14T08:29:49Z,S1C_IW_SLC__1SDV_20260214T082922_20260214T082949_006349_00CC4B_A072
feature_0_part_1_split_1,0,SENTINEL-1,Sentinel-1C,S1C_IW_SLC__1SDV_20260214T082947_20260214T083015_006349_00CC4B_96F4-SLC,SLC,DESCENDING,53,6349,667,2026-02-14T08:29:47Z,2026-02-14T08:30:15Z,S1C_IW_SLC__1SDV_20260214T082947_20260214T083015_006349_00CC4B_96F4
feature_0_part_1_split_1,0,SENTINEL-1,Sentinel-1A,S1A_IW_SLC__1SDV_20260214T091714_20260214T091742_063213_07EFA4_D8FB-SLC,SLC,DESCENDING,141,63213,632,2026-02-14T09:17:14Z,2026-02-14T09:17:42Z,S1A_IW_SLC__1SDV_20260214T091714_20260214T091742_063213_07EFA4_D8FB
feature_0_part_1_split_1,0,SENTINEL-1,Sentinel-1A,S1A_IW_SLC__1SDV_20260214T091739_20260214T091806_063213_07EFA4_BC8B-SLC,SLC,DESCENDING,141,63213,637,2026-02-14T09:17:39Z,2026-02-14T09:18:06Z,S1A_IW_SLC__1SDV_20260214T091739_20260214T091806_063213_07EFA4_BC8B
feature_0_part_1_split_1,0,SENTINEL-1,Sentinel-1A,S1A_IW_SLC__1SDV_20260214T091804_20260214T091831_063213_07EFA4_91EE-SLC,SLC,DESCENDING,141,63213,642,2026-02-14T09:18:04Z,2026-02-14T09:18:31Z,S1A_IW_SLC__1SDV_20260214T091804_20260214T091831_063213_07EFA4_91EE
feature_0_part_1_split_1,0,SENTINEL-1,Sentinel-1A,S1A_IW_SLC__1SDV_20260214T091829_20260214T091856_063213_07EFA4_4537-SLC,SLC,DESCENDING,141,63213,647,2026-02-14T09:18:29Z,2026-02-14T09:18:56Z,S1A_IW_SLC__1SDV_20260214T091829_20260214T091856_063213_07EFA4_4537
feature_0_part_1_split_1,0,SENTINEL-1,Sentinel-1A,S1A_IW_SLC__1SDV_20260214T091919_20260214T091940_063213_07EFA4_10EB-SLC,SLC,DESCENDING,141,63213,657,2026-02-14T09:19:19Z,2026-02-14T09:19:40Z,S1A_IW_SLC__1SDV_20260214T091919_20260214T091940_063213_07EFA4_10EB
feature_0_part_1_split_1,0,SENTINEL-1,Sentinel-1C,S1C_IW_SLC__1SDV_20260214T221545_20260214T221611_006357_00CC9D_31D7-SLC,SLC,ASCENDING,61,6357,1099,2026-02-14T22:15:45Z,2026-02-14T22:16:11Z,S1C_IW_SLC__1SDV_20260214T221545_20260214T221611_006357_00CC9D_31D7
feature_0_part_1_split_1,0,SENTINEL-1,Sentinel-1A,S1A_IW_SLC__1SDV_20260215T082011_20260215T082038_063227_07F02D_FCE1-SLC,SLC,DESCENDING,155,63227,638,2026-02-15T08:20:11Z,2026-02-15T08:20:38Z,S1A_IW_SLC__1SDV_20260215T082011_20260215T082038_063227_07F02D_FCE1
feature_0_part_1_split_1,0,SENTINEL-1,Sentinel-1A,S1A_IW_SLC__1SDV_20260215T082036_20260215T082103_063227_07F02D_C2F6-SLC,SLC,DESCENDING,155,63227,643,2026-02-15T08:20:36Z,2026-02-15T08:21:03Z,S1A_IW_SLC__1SDV_20260215T082036_20260215T082103_063227_07F02D_C2F6
feature_0_part_1_split_1,0,SENTINEL-1,Sentinel-1A,S1A_IW_SLC__1SDV_20260215T082100_20260215T082115_063227_07F02D_5084-SLC,SLC,DESCENDING,155,63227,648,2026-02-15T08:21:00Z,2026-02-15T08:21:15Z,S1A_IW_SLC__1SDV_20260215T082100_20260215T082115_063227_07F02D_5084
feature_0_part_1_split_1,0,SENTINEL-1,Sentinel-1C,S1C_IW_SLC__1SDV_20260215T090946_20260215T091016_006364_00CCD8_ED10-SLC,SLC,DESCENDING,68,6364,653,2026-02-15T09:09:46Z,2026-02-15T09:10:16Z,S1C_IW_SLC__1SDV_20260215T090946_20260215T091016_006364_00CCD8_ED10
feature_0_part_1_split_1,0,SENTINEL-1,Sentinel-1C,S1C_IW_SLC__1SDV_20260215T091014_20260215T091041_006364_00CCD8_623B-SLC,SLC,DESCENDING,68,6364,659,2026-02-15T09:10:14Z,2026-02-15T09:10:41Z,S1C_IW_SLC__1SDV_20260215T091014_20260215T091041_006364_00CCD8_623B
feature_0_part_1_split_1,0,SENTINEL-1,Sentinel-1C,S1C_IW_SLC__1SDV_20260215T091039_20260215T091106_006364_00CCD8_DC4F-SLC,SLC,DESCENDING,68,6364,663,2026-02-15T09:10:39Z,2026-02-15T09:11:06Z,S1C_IW_SLC__1SDV_20260215T091039_20260215T091106_006364_00CCD8_DC4F
feature_0_part_1_split_1,0,SENTINEL-1,Sentinel-1C,S1C_IW_SLC__1SDV_20260215T091104_20260215T091131_006364_00CCD8_17A0-SLC,SLC,DESCENDING,68,6364,668,2026-02-15T09:11:04Z,2026-02-15T09:11:31Z,S1C_IW_SLC__1SDV_20260215T091104_20260215T091131_006364_00CCD8_17A0
feature_0_part_1_split_1,0,SENTINEL-1,Sentinel-1A,S1A_IW_SLC__1SDV_20260216T085920_20260216T085948_063242_07F0B3_50B3-SLC,SLC,DESCENDING,170,63242,615,2026-02-16T08:59:20Z,2026-02-16T08:59:48Z,S1A_IW_SLC__1SDV_20260216T085920_20260216T085948_063242_07F0B3_50B3
feature_0_part_1_split_1,0,SENTINEL-1,Sentinel-1A,S1A_IW_SLC__1SDV_20260216T085946_20260216T090013_063242_07F0B3_D5EE-SLC,SLC,DESCENDING,170,63242,620,2026-02-16T08:59:46Z,2026-02-16T09:00:13Z,S1A_IW_SLC__1SDV_20260216T085946_20260216T090013_063242_07F0B3_D5EE
feature_0_part_1_split_1,0,SENTINEL-1,Sentinel-1A,S1A_IW_SLC__1SDV_20260216T090011_20260216T090038_063242_07F0B3_F26F-SLC,SLC,DESCENDING,170,63242,625,2026-02-16T09:00:11Z,2026-02-16T09:00:38Z,S1A_IW_SLC__1SDV_20260216T090011_20260216T090038_063242_07F0B3_F26F
feature_0_part_1_split_1,0,SENTINEL-1,Sentinel-1A,S1A_IW_SLC__1SDV_20260216T090035_20260216T090102_063242_07F0B3_1D97-SLC,SLC,DESCENDING,170,63242,630,2026-02-16T09:00:35Z,2026-02-16T09:01:02Z,S1A_IW_SLC__1SDV_20260216T090035_20260216T090102_063242_07F0B3_1D97
feature_0_part_1_split_1,0,SENTINEL-1,Sentinel-1A,S1A_IW_SLC__1SDV_20260216T090100_20260216T090127_063242_07F0B3_4ECC-SLC,SLC,DESCENDING,170,63242,635,2026-02-16T09:01:00Z,2026-02-16T09:01:27Z,S1A_IW_SLC__1SDV_20260216T090100_20260216T090127_063242_07F0B3_4ECC
feature_0_part_1_split_1,0,SENTINEL-1,Sentinel-1A,S1A_IW_SLC__1SDV_20260216T090125_20260216T090152_063242_07F0B3_56B1-SLC,SLC,DESCENDING,170,63242,640,2026-02-16T09:01:25Z,2026-02-16T09:01:52Z,S1A_IW_SLC__1SDV_20260216T090125_20260216T090152_063242_07F0B3_56B1
feature_0_part_1_split_1,0,SENTINEL-1,Sentinel-1A,S1A_IW_SLC__1SDV_20260216T090150_20260216T090218_063242_07F0B3_B1BD-SLC,SLC,DESCENDING,170,63242,645,2026-02-16T09:01:50Z,2026-02-16T09:02:18Z,S1A_IW_SLC__1SDV_20260216T090150_20260216T090218_063242_07F0B3_B1BD
feature_0_part_1_split_1,0,SENTINEL-1,Sentinel-1A,S1A_IW_SLC__1SDV_20260216T090216_20260216T090243_063242_07F0B3_3D71-SLC,SLC,DESCENDING,170,63242,650,2026-02-16T09:02:16Z,2026-02-16T09:02:43Z,S1A_IW_SLC__1SDV_20260216T090216_20260216T090243_063242_07F0B3_3D71
feature_0_part_1_split_1,0,SENTINEL-1,Sentinel-1A,S1A_IW_SLC__1SDV_20260216T090240_20260216T090305_063242_07F0B3_3674-SLC,SLC,DESCENDING,170,63242,655,2026-02-16T09:02:40Z,2026-02-16T09:03:05Z,S1A_IW_SLC__1SDV_20260216T090240_20260216T090305_063242_07F0B3_3674
feature_0_part_1_split_1,0,SENTINEL-1,Sentinel-1A,S1A_IW_SLC__1SDV_20260216T211637_20260216T211707_063249_07F103_B184-SLC,SLC,ASCENDING,2,63249,1168,2026-02-16T21:16:37Z,2026-02-16T21:17:07Z,S1A_IW_SLC__1SDV_20260216T211637_20260216T211707_063249_07F103_B184
feature_0_part_1_split_1,0,SENTINEL-1,Sentinel-1C,S1C_IW_SLC__1SDV_20260217T085349_20260217T085419_006393_00CDDA_0D67-SLC,SLC,DESCENDING,97,6393,659,2026-02-17T08:53:49Z,2026-02-17T08:54:19Z,S1C_IW_SLC__1SDV_20260217T085349_20260217T085419_006393_00CDDA_0D67
feature_0_part_1_split_1,0,SENTINEL-1,Sentinel-1C,S1C_IW_SLC__1SDV_20260217T085417_20260217T085444_006393_00CDDA_2B29-SLC,SLC,DESCENDING,97,6393,665,2026-02-17T08:54:17Z,2026-02-17T08:54:44Z,S1C_IW_SLC__1SDV_20260217T085417_20260217T085444_006393_00CDDA_2B29
feature_0_part_1_split_1,0,SENTINEL-1,Sentinel-1A,S1A_IW_SLC__1SDV_20260217T094151_20260217T094219_063257_07F14E_E52A-SLC,SLC,DESCENDING,10,63257,631,2026-02-17T09:41:51Z,2026-02-17T09:42:19Z,S1A_IW_SLC__1SDV_20260217T094151_20260217T094219_063257_07F14E_E52A
feature_0_part_1_split_1,0,SENTINEL-1,Sentinel-1A,S1A_IW_SLC__1SDV_20260218T084128_20260218T084155_063271_07F1D4_5AB4-SLC,SLC,DESCENDING,24,63271,598,2026-02-18T08:41:28Z,2026-02-18T08:41:55Z,S1A_IW_SLC__1SDV_20260218T084128_20260218T084155_063271_07F1D4_5AB4
feature_0_part_1_split_1,0,SENTINEL-1,Sentinel-1A,S1A_IW_SLC__1SDV_20260218T084153_20260218T084220_063271_07F1D4_0F80-SLC,SLC,DESCENDING,24,63271,603,2026-02-18T08:41:53Z,2026-02-18T08:42:20Z,S1A_IW_SLC__1SDV_20260218T084153_20260218T084220_063271_07F1D4_0F80
feature_0_part_1_split_1,0,SENTINEL-1,Sentinel-1A,S1A_IW_SLC__1SDV_20260218T084218_20260218T084245_063271_07F1D4_B134-SLC,SLC,DESCENDING,24,63271,608,2026-02-18T08:42:18Z,2026-02-18T08:42:45Z,S1A_IW_SLC__1SDV_20260218T084218_20260218T084245_063271_07F1D4_B134
feature_0_part_1_split_1,0,SENTINEL-1,Sentinel-1A,S1A_IW_SLC__1SDV_20260218T084243_20260218T084310_063271_07F1D4_9CDA-SLC,SLC,DESCENDING,24,63271,613,2026-02-18T08:42:43Z,2026-02-18T08:43:10Z,S1A_IW_SLC__1SDV_20260218T084243_20260218T084310_063271_07F1D4_9CDA
feature_0_part_1_split_1,0,SENTINEL-1,Sentinel-1A,S1A_IW_SLC__1SDV_20260218T084307_20260218T084335_063271_07F1D4_D07C-SLC,SLC,DESCENDING,24,63271,618,2026-02-18T08:43:07Z,2026-02-18T08:43:35Z,S1A_IW_SLC__1SDV_20260218T084307_20260218T084335_063271_07F1D4_D07C
feature_0_part_1_split_1,0,SENTINEL-1,Sentinel-1A,S1A_IW_SLC__1SDV_20260218T084333_20260218T084400_063271_07F1D4_AEE3-SLC,SLC,DESCENDING,24,63271,623,2026-02-18T08:43:33Z,2026-02-18T08:44:00Z,S1A_IW_SLC__1SDV_20260218T084333_20260218T084400_063271_07F1D4_AEE3
feature_0_part_1_split_1,0,SENTINEL-1,Sentinel-1A,S1A_IW_SLC__1SDV_20260218T084358_20260218T084425_063271_07F1D4_B186-SLC,SLC,DESCENDING,24,63271,628,2026-02-18T08:43:58Z,2026-02-18T08:44:25Z,S1A_IW_SLC__1SDV_20260218T084358_20260218T084425_063271_07F1D4_B186
feature_0_part_1_split_1,0,SENTINEL-1,Sentinel-1A,S1A_IW_SLC__1SDV_20260218T084423_20260218T084450_063271_07F1D4_9641-SLC,SLC,DESCENDING,24,63271,633,2026-02-18T08:44:23Z,2026-02-18T08:44:50Z,S1A_IW_SLC__1SDV_20260218T084423_20260218T084450_063271_07F1D4_9641
feature_0_part_1_split_1,0,SENTINEL-1,Sentinel-1A,S1A_IW_SLC__1SDV_20260218T084448_20260218T084515_063271_07F1D4_7746-SLC,SLC,DESCENDING,24,63271,638,2026-02-18T08:44:48Z,2026-02-18T08:45:15Z,S1A_IW_SLC__1SDV_20260218T084448_20260218T084515_063271_07F1D4_7746
feature_0_part_1_split_1,0,SENTINEL-1,Sentinel-1A,S1A_IW_SLC__1SDV_20260218T084513_20260218T084539_063271_07F1D4_FC60-SLC,SLC,DESCENDING,24,63271,643,2026-02-18T08:45:13Z,2026-02-18T08:45:39Z,S1A_IW_SLC__1SDV_20260218T084513_20260218T084539_063271_07F1D4_FC60
feature_0_part_1_split_1,0,SENTINEL-1,Sentinel-1A,S1A_IW_SLC__1SDV_20260218T084537_20260218T084605_063271_07F1D4_DB17-SLC,SLC,DESCENDING,24,63271,648,2026-02-18T08:45:37Z,2026-02-18T08:46:05Z,S1A_IW_SLC__1SDV_20260218T084537_20260218T084605_063271_07F1D4_DB17
feature_0_part_1_split_1,0,SENTINEL-1,Sentinel-1A,S1A_IW_SLC__1SDV_20260218T084603_20260218T084630_063271_07F1D4_7049-SLC,SLC,DESCENDING,24,63271,653,2026-02-18T08:46:03Z,2026-02-18T08:46:30Z,S1A_IW_SLC__1SDV_20260218T084603_20260218T084630_063271_07F1D4_7049
feature_0_part_1_split_1,0,SENTINEL-1,Sentinel-1A,S1A_IW_SLC__1SDV_20260218T084628_20260218T084652_063271_07F1D4_99DA-SLC,SLC,DESCENDING,24,63271,658,2026-02-18T08:46:28Z,2026-02-18T08:46:52Z,S1A_IW_SLC__1SDV_20260218T084628_20260218T084652_063271_07F1D4_99DA
feature_0_part_1_split_1,0,SENTINEL-1,Sentinel-1C,S1C_IW_SLC__1SDV_20260218T093338_20260218T093408_006408_00CE63_9489-SLC,SLC,DESCENDING,112,6408,643,2026-02-18T09:33:38Z,2026-02-18T09:34:08Z,S1C_IW_SLC__1SDV_20260218T093338_20260218T093408_006408_00CE63_9489
feature_0_part_1_split_1,0,SENTINEL-1,Sentinel-1C,S1C_IW_SLC__1SDV_20260219T083548_20260219T083618_006422_00CED7_93E4-SLC,SLC,DESCENDING,126,6422,640,2026-02-19T08:35:48Z,2026-02-19T08:36:18Z,S1C_IW_SLC__1SDV_20260219T083548_20260219T083618_006422_00CED7_93E4
feature_0_part_1_split_1,0,SENTINEL-1,Sentinel-1C,S1C_IW_SLC__1SDV_20260219T083616_20260219T083643_006422_00CED7_2CFA-SLC,SLC,DESCENDING,126,6422,646,2026-02-19T08:36:16Z,2026-02-19T08:36:43Z,S1C_IW_SLC__1SDV_20260219T083616_20260219T083643_006422_00CED7_2CFA
feature_0_part_1_split_1,0,SENTINEL-1,Sentinel-1C,S1C_IW_SLC__1SDV_20260219T083641_20260219T083708_006422_00CED7_421D-SLC,SLC,DESCENDING,126,6422,651,2026-02-19T08:36:41Z,2026-02-19T08:37:08Z,S1C_IW_SLC__1SDV_20260219T083641_20260219T083708_006422_00CED7_421D
feature_0_part_1_split_1,0,SENTINEL-1,Sentinel-1C,S1C_IW_SLC__1SDV_20260219T083706_20260219T083733_006422_00CED7_61CC-SLC,SLC,DESCENDING,126,6422,656,2026-02-19T08:37:06Z,2026-02-19T08:37:33Z,S1C_IW_SLC__1SDV_20260219T083706_20260219T083733_006422_00CED7_61CC
feature_0_part_1_split_1,0,SENTINEL-1,Sentinel-1C,S1C_IW_SLC__1SDV_20260219T083731_20260219T083758_006422_00CED7_8E5F-SLC,SLC,DESCENDING,126,6422,661,2026-02-19T08:37:31Z,2026-02-19T08:37:58Z,S1C_IW_SLC__1SDV_20260219T083731_20260219T083758_006422_00CED7_8E5F
feature_0_part_1_split_1,0,SENTINEL-1,Sentinel-1C,S1C_IW_SLC__1SDV_20260219T083756_20260219T083824_006422_00CED7_3913-SLC,SLC,DESCENDING,126,6422,666,2026-02-19T08:37:56Z,2026-02-19T08:38:24Z,S1C_IW_SLC__1SDV_20260219T083756_20260219T083824_006422_00CED7_3913
feature_0_part_1_split_1,0,SENTINEL-1,Sentinel-1C,S1C_IW_SLC__1SDV_20260219T083821_20260219T083848_006422_00CED7_F39F-SLC,SLC,DESCENDING,126,6422,671,2026-02-19T08:38:21Z,2026-02-19T08:38:48Z,S1C_IW_SLC__1SDV_20260219T083821_20260219T083848_006422_00CED7_F39F
feature_0_part_1_split_1,0,SENTINEL-1,Sentinel-1C,S1C_IW_SLC__1SDV_20260219T083846_20260219T083913_006422_00CED7_2C7A-SLC,SLC,DESCENDING,126,6422,676,2026-02-19T08:38:46Z,2026-02-19T08:39:13Z,S1C_IW_SLC__1SDV_20260219T083846_20260219T083913_006422_00CED7_2C7A
feature_0_part_1_split_1,0,SENTINEL-1,Sentinel-1A,S1A_IW_SLC__1SDV_20260219T092521_20260219T092549_063286_07F262_49D8-SLC,SLC,DESCENDING,39,63286,631,2026-02-19T09:25:21Z,2026-02-19T09:25:49Z,S1A_IW_SLC__1SDV_20260219T092521_20260219T092549_063286_07F262_49D8
feature_0_part_1_split_1,0,SENTINEL-1,Sentinel-1A,S1A_IW_SLC__1SDV_20260219T092546_20260219T092613_063286_07F262_2099-SLC,SLC,DESCENDING,39,63286,636,2026-02-19T09:25:46Z,2026-02-19T09:26:13Z,S1A_IW_SLC__1SDV_20260219T092546_20260219T092613_063286_07F262_2099
feature_0_part_1_split_1,0,SENTINEL-1,Sentinel-1A,S1A_IW_SLC__1SDV_20260219T092611_20260219T092638_063286_07F262_BF31-SLC,SLC,DESCENDING,39,63286,641,2026-02-19T09:26:11Z,2026-02-19T09:26:38Z,S1A_IW_SLC__1SDV_20260219T092611_20260219T092638_063286_07F262_BF31
feature_0_part_1_split_1,0,SENTINEL-1,Sentinel-1A,S1A_IW_SLC__1SDV_20260219T092636_20260219T092709_063286_07F262_6FC8-SLC,SLC,DESCENDING,39,63286,646,2026-02-19T09:26:36Z,2026-02-19T09:27:09Z,S1A_IW_SLC__1SDV_20260219T092636_20260219T092709_063286_07F262_6FC8
feature_0_part_1_split_1,0,SENTINEL-1,Sentinel-1A,S1A_IW_SLC__1SDV_20260220T082514_20260220T082544_063300_07F2EB_6627-SLC,SLC,DESCENDING,53,63300,600,2026-02-20T08:25:14Z,2026-02-20T08:25:44Z,S1A_IW_SLC__1SDV_20260220T082514_20260220T082544_063300_07F2EB_6627
feature_0_part_1_split_1,0,SENTINEL-1,Sentinel-1A,S1A_IW_SLC__1SDV_20260220T082541_20260220T082609_063300_07F2EB_B3B7-SLC,SLC,DESCENDING,53,63300,606,2026-02-20T08:25:41Z,2026-02-20T08:26:09Z,S1A_IW_SLC__1SDV_20260220T082541_20260220T082609_063300_07F2EB_B3B7
feature_0_part_1_split_1,0,SENTINEL-1,Sentinel-1A,S1A_IW_SLC__1SDV_20260220T082607_20260220T082634_063300_07F2EB_411A-SLC,SLC,DESCENDING,53,63300,611,2026-02-20T08:26:07Z,2026-02-20T08:26:34Z,S1A_IW_SLC__1SDV_20260220T082607_20260220T082634_063300_07F2EB_411A
feature_0_part_1_split_1,0,SENTINEL-1,Sentinel-1A,S1A_IW_SLC__1SDV_20260220T082632_20260220T082659_063300_07F2EB_B321-SLC,SLC,DESCENDING,53,63300,616,2026-02-20T08:26:32Z,2026-02-20T08:26:59Z,S1A_IW_SLC__1SDV_20260220T082632_20260220T082659_063300_07F2EB_B321
feature_0_part_1_split_1,0,SENTINEL-1,Sentinel-1A,S1A_IW_SLC__1SDV_20260220T082747_20260220T082814_063300_07F2EB_98CE-SLC,SLC,DESCENDING,53,63300,631,2026-02-20T08:27:47Z,2026-02-20T08:28:14Z,S1A_IW_SLC__1SDV_20260220T082747_20260220T082814_063300_07F2EB_98CE
feature_0_part_1_split_1,0,SENTINEL-1,Sentinel-1A,S1A_IW_SLC__1SDV_20260220T082812_20260220T082839_063300_07F2EB_277D-SLC,SLC,DESCENDING,53,63300,636,2026-02-20T08:28:12Z,2026-02-20T08:28:39Z,S1A_IW_SLC__1SDV_20260220T082812_20260220T082839_063300_07F2EB_277D
feature_0_part_1_split_1,0,SENTINEL-1,Sentinel-1A,S1A_IW_SLC__1SDV_20260220T082837_20260220T082851_063300_07F2EB_240A-SLC,SLC,DESCENDING,53,63300,641,2026-02-20T08:28:37Z,2026-02-20T08:28:51Z,S1A_IW_SLC__1SDV_20260220T082837_20260220T082851_063300_07F2EB_240A
feature_0_part_1_split_1,0,SENTINEL-1,Sentinel-1C,S1C_IW_SLC__1SDV_20260220T091836_20260220T091907_006437_00CF62_3331-SLC,SLC,DESCENDING,141,6437,660,2026-02-20T09:18:36Z,2026-02-20T09:19:07Z,S1C_IW_SLC__1SDV_20260220T091836_20260220T091907_006437_00CF62_3331
feature_0_part_1_split_1,0,SENTINEL-1,Sentinel-1C,S1C_IW_SLC__1SDV_20260220T091904_20260220T091931_006437_00CF62_6983-SLC,SLC,DESCENDING,141,6437,666,2026-02-20T09:19:04Z,2026-02-20T09:19:31Z,S1C_IW_SLC__1SDV_20260220T091904_20260220T091931_006437_00CF62_6983
feature_0_part_1_split_1,0,SENTINEL-1,Sentinel-1C,S1C_IW_SLC__1SDV_20260221T082013_20260221T082044_006451_00CFE7_03DC-SLC,SLC,DESCENDING,155,6451,651,2026-02-21T08:20:13Z,2026-02-21T08:20:44Z,S1C_IW_SLC__1SDV_20260221T082013_20260221T082044_006451_00CFE7_03DC
feature_0_part_1_split_1,0,SENTINEL-1,Sentinel-1C,S1C_IW_SLC__1SDV_20260221T082042_20260221T082109_006451_00CFE7_2AE3-SLC,SLC,DESCENDING,155,6451,656,2026-02-21T08:20:42Z,2026-02-21T08:21:09Z,S1C_IW_SLC__1SDV_20260221T082042_20260221T082109_006451_00CFE7_2AE3
feature_0_part_1_split_1,0,SENTINEL-1,Sentinel-1C,S1C_IW_SLC__1SDV_20260221T220740_20260221T220801_006459_00D033_C04F-SLC,SLC,ASCENDING,163,6459,1101,2026-02-21T22:07:40Z,2026-02-21T22:08:01Z,S1C_IW_SLC__1SDV_20260221T220740_20260221T220801_006459_00D033_C04F
feature_0_part_1_split_1,0,SENTINEL-1,Sentinel-1C,S1C_IW_SLC__1SDV_20260222T090155_20260222T090226_006466_00D070_DE9F-SLC,SLC,DESCENDING,170,6466,657,2026-02-22T09:01:55Z,2026-02-22T09:02:26Z,S1C_IW_SLC__1SDV_20260222T090155_20260222T090226_006466_00D070_DE9F
feature_0_part_1_split_1,0,SENTINEL-1,Sentinel-1C,S1C_IW_SLC__1SDV_20260222T090224_20260222T090250_006466_00D070_5D84-SLC,SLC,DESCENDING,170,6466,663,2026-02-22T09:02:24Z,2026-02-22T09:02:50Z,S1C_IW_SLC__1SDV_20260222T090224_20260222T090250_006466_00D070_5D84
feature_0_part_1_split_1,0,SENTINEL-1,Sentinel-1C,S1C_IW_SLC__1SDV_20260222T090248_20260222T090315_006466_00D070_5E54-SLC,SLC,DESCENDING,170,6466,668,2026-02-22T09:02:48Z,2026-02-22T09:03:15Z,S1C_IW_SLC__1SDV_20260222T090248_20260222T090315_006466_00D070_5E54
feature_0_part_1_split_1,0,SENTINEL-1,Sentinel-1C,S1C_IW_SLC__1SDV_20260222T090313_20260222T090340_006466_00D070_A08D-SLC,SLC,DESCENDING,170,6466,673,2026-02-22T09:03:13Z,2026-02-22T09:03:40Z,S1C_IW_SLC__1SDV_20260222T090313_20260222T090340_006466_00D070_A08D
feature_0_part_1_split_1,0,SENTINEL-1,Sentinel-1A,S1A_IW_SLC__1SDV_20260223T085024_20260223T085051_063344_07F4A1_EBCC-SLC,SLC,DESCENDING,97,63344,606,2026-02-23T08:50:24Z,2026-02-23T08:50:51Z,S1A_IW_SLC__1SDV_20260223T085024_20260223T085051_063344_07F4A1_EBCC
feature_0_part_1_split_1,0,SENTINEL-1,Sentinel-1A,S1A_IW_SLC__1SDV_20260223T085049_20260223T085116_063344_07F4A1_3A14-SLC,SLC,DESCENDING,97,63344,611,2026-02-23T08:50:49Z,2026-02-23T08:51:16Z,S1A_IW_SLC__1SDV_20260223T085049_20260223T085116_063344_07F4A1_3A14
feature_0_part_1_split_1,0,SENTINEL-1,Sentinel-1A,S1A_IW_SLC__1SDV_20260223T085114_20260223T085142_063344_07F4A1_F0BA-SLC,SLC,DESCENDING,97,63344,616,2026-02-23T08:51:14Z,2026-02-23T08:51:42Z,S1A_IW_SLC__1SDV_20260223T085114_20260223T085142_063344_07F4A1_F0BA
feature_0_part_1_split_1,0,SENTINEL-1,Sentinel-1A,S1A_IW_SLC__1SDV_20260223T085139_20260223T085206_063344_07F4A1_AD40-SLC,SLC,DESCENDING,97,63344,621,2026-02-23T08:51:39Z,2026-02-23T08:52:06Z,S1A_IW_SLC__1SDV_20260223T085139_20260223T085206_063344_07F4A1_AD40
feature_0_part_1_split_1,0,SENTINEL-1,Sentinel-1A,S1A_IW_SLC__1SDV_20260223T085204_20260223T085231_063344_07F4A1_5C84-SLC,SLC,DESCENDING,97,63344,626,2026-02-23T08:52:04Z,2026-02-23T08:52:31Z,S1A_IW_SLC__1SDV_20260223T085204_20260223T085231_063344_07F4A1_5C84
feature_0_part_1_split_1,0,SENTINEL-1,Sentinel-1A,S1A_IW_SLC__1SDV_20260223T085229_20260223T085256_063344_07F4A1_5395-SLC,SLC,DESCENDING,97,63344,631,2026-02-23T08:52:29Z,2026-02-23T08:52:56Z,S1A_IW_SLC__1SDV_20260223T085229_20260223T085256_063344_07F4A1_5395
feature_0_part_1_split_1,0,SENTINEL-1,Sentinel-1A,S1A_IW_SLC__1SDV_20260223T085254_20260223T085321_063344_07F4A1_3F18-SLC,SLC,DESCENDING,97,63344,636,2026-02-23T08:52:54Z,2026-02-23T08:53:21Z,S1A_IW_SLC__1SDV_20260223T085254_20260223T085321_063344_07F4A1_3F18
feature_0_part_1_split_1,0,SENTINEL-1,Sentinel-1A,S1A_IW_SLC__1SDV_20260223T085319_20260223T085346_063344_07F4A1_6DED-SLC,SLC,DESCENDING,97,63344,641,2026-02-23T08:53:19Z,2026-02-23T08:53:46Z,S1A_IW_SLC__1SDV_20260223T085319_20260223T085346_063344_07F4A1_6DED
feature_0_part_1_split_1,0,SENTINEL-1,Sentinel-1A,S1A_IW_SLC__1SDV_20260223T085344_20260223T085412_063344_07F4A1_CE97-SLC,SLC,DESCENDING,97,63344,646,2026-02-23T08:53:44Z,2026-02-23T08:54:12Z,S1A_IW_SLC__1SDV_20260223T085344_20260223T085412_063344_07F4A1_CE97
feature_0_part_1_split_1,0,SENTINEL-1,Sentinel-1A,S1A_IW_SLC__1SDV_20260223T085409_20260223T085436_063344_07F4A1_B04B-SLC,SLC,DESCENDING,97,63344,651,2026-02-23T08:54:09Z,2026-02-23T08:54:36Z,S1A_IW_SLC__1SDV_20260223T085409_20260223T085436_063344_07F4A1_B04B
feature_0_part_1_split_1,0,SENTINEL-1,Sentinel-1A,S1A_IW_SLC__1SDV_20260223T085434_20260223T085458_063344_07F4A1_2F34-SLC,SLC,DESCENDING,97,63344,656,2026-02-23T08:54:34Z,2026-02-23T08:54:58Z,S1A_IW_SLC__1SDV_20260223T085434_20260223T085458_063344_07F4A1_2F34
feature_0_part_1_split_1,0,SENTINEL-1,Sentinel-1C,S1C_IW_SLC__1SDV_20260224T084545_20260224T084616_006495_00D165_2F27-SLC,SLC,DESCENDING,24,6495,661,2026-02-24T08:45:45Z,2026-02-24T08:46:16Z,S1C_IW_SLC__1SDV_20260224T084545_20260224T084616_006495_00D165_2F27
feature_0_part_1_split_1,0,SENTINEL-1,Sentinel-1C,S1C_IW_SLC__1SDV_20260224T084614_20260224T084641_006495_00D165_0A8E-SLC,SLC,DESCENDING,24,6495,667,2026-02-24T08:46:14Z,2026-02-24T08:46:41Z,S1C_IW_SLC__1SDV_20260224T084614_20260224T084641_006495_00D165_0A8E
feature_0_part_1_split_1,0,SENTINEL-1,Sentinel-1C,S1C_IW_SLC__1SDV_20260224T084639_20260224T084706_006495_00D165_4F81-SLC,SLC,DESCENDING,24,6495,672,2026-02-24T08:46:39Z,2026-02-24T08:47:06Z,S1C_IW_SLC__1SDV_20260224T084639_20260224T084706_006495_00D165_4F81
feature_0_part_1_split_1,0,SENTINEL-1,Sentinel-1A,S1A_IW_SLC__1SDV_20260224T093332_20260224T093400_063359_07F531_86AF-SLC,SLC,DESCENDING,112,63359,630,2026-02-24T09:33:32Z,2026-02-24T09:34:00Z,S1A_IW_SLC__1SDV_20260224T093332_20260224T093400_063359_07F531_86AF
feature_0_part_1_split_1,0,SENTINEL-1,Sentinel-1A,S1A_IW_SLC__1SDV_20260224T093358_20260224T093425_063359_07F531_BAF7-SLC,SLC,DESCENDING,112,63359,635,2026-02-24T09:33:58Z,2026-02-24T09:34:25Z,S1A_IW_SLC__1SDV_20260224T093358_20260224T093425_063359_07F531_BAF7
feature_0_part_1_split_1,0,SENTINEL-1,Sentinel-1A,S1A_IW_SLC__1SDV_20260224T093423_20260224T093450_063359_07F531_C331-SLC,SLC,DESCENDING,112,63359,640,2026-02-24T09:34:23Z,2026-02-24T09:34:50Z,S1A_IW_SLC__1SDV_20260224T093423_20260224T093450_063359_07F531_C331
feature_0_part_1_split_1,0,SENTINEL-1,Sentinel-1A,S1A_IW_SLC__1SDV_20260225T083320_20260225T083350_063373_07F5BF_3D4B-SLC,SLC,DESCENDING,126,63373,599,2026-02-25T08:33:20Z,2026-02-25T08:33:50Z,S1A_IW_SLC__1SDV_20260225T083320_20260225T083350_063373_07F5BF_3D4B
feature_0_part_1_split_1,0,SENTINEL-1,Sentinel-1A,S1A_IW_SLC__1SDV_20260225T083348_20260225T083416_063373_07F5BF_B2B0-SLC,SLC,DESCENDING,126,63373,604,2026-02-25T08:33:48Z,2026-02-25T08:34:16Z,S1A_IW_SLC__1SDV_20260225T083348_20260225T083416_063373_07F5BF_B2B0
feature_0_part_1_split_1,0,SENTINEL-1,Sentinel-1A,S1A_IW_SLC__1SDV_20260225T083413_20260225T083440_063373_07F5BF_ACE4-SLC,SLC,DESCENDING,126,63373,610,2026-02-25T08:34:13Z,2026-02-25T08:34:40Z,S1A_IW_SLC__1SDV_20260225T083413_20260225T083440_063373_07F5BF_ACE4
feature_0_part_1_split_1,0,SENTINEL-1,Sentinel-1A,S1A_IW_SLC__1SDV_20260225T083438_20260225T083505_063373_07F5BF_8BC9-SLC,SLC,DESCENDING,126,63373,614,2026-02-25T08:34:38Z,2026-02-25T08:35:05Z,S1A_IW_SLC__1SDV_20260225T083438_20260225T083505_063373_07F5BF_8BC9
feature_0_part_1_split_1,0,SENTINEL-1,Sentinel-1A,S1A_IW_SLC__1SDV_20260225T083503_20260225T083530_063373_07F5BF_5E8B-SLC,SLC,DESCENDING,126,63373,619,2026-02-25T08:35:03Z,2026-02-25T08:35:30Z,S1A_IW_SLC__1SDV_20260225T083503_20260225T083530_063373_07F5BF_5E8B
feature_0_part_1_split_1,0,SENTINEL-1,Sentinel-1A,S1A_IW_SLC__1SDV_20260225T083528_20260225T083555_063373_07F5BF_AF38-SLC,SLC,DESCENDING,126,63373,624,2026-02-25T08:35:28Z,2026-02-25T08:35:55Z,S1A_IW_SLC__1SDV_20260225T083528_20260225T083555_063373_07F5BF_AF38
feature_0_part_1_split_1,0,SENTINEL-1,Sentinel-1A,S1A_IW_SLC__1SDV_20260225T083553_20260225T083621_063373_07F5BF_BBB4-SLC,SLC,DESCENDING,126,63373,629,2026-02-25T08:35:53Z,2026-02-25T08:36:21Z,S1A_IW_SLC__1SDV_20260225T083553_20260225T083621_063373_07F5BF_BBB4
feature_0_part_1_split_1,0,SENTINEL-1,Sentinel-1A,S1A_IW_SLC__1SDV_20260225T083618_20260225T083645_063373_07F5BF_51B8-SLC,SLC,DESCENDING,126,63373,635,2026-02-25T08:36:18Z,2026-02-25T08:36:45Z,S1A_IW_SLC__1SDV_20260225T083618_20260225T083645_063373_07F5BF_51B8
feature_0_part_1_split_1,0,SENTINEL-1,Sentinel-1A,S1A_IW_SLC__1SDV_20260225T083643_20260225T083657_063373_07F5BF_F6F8-SLC,SLC,DESCENDING,126,63373,639,2026-02-25T08:36:43Z,2026-02-25T08:36:57Z,S1A_IW_SLC__1SDV_20260225T083643_20260225T083657_063373_07F5BF_F6F8
feature_0_part_1_split_1,0,SENTINEL-1,Sentinel-1A,S1A_IW_SLC__1SDV_20260225T083829_20260225T083859_063373_07F5C0_6007-SLC,SLC,DESCENDING,126,63373,661,2026-02-25T08:38:29Z,2026-02-25T08:38:59Z,S1A_IW_SLC__1SDV_20260225T083829_20260225T083859_063373_07F5C0_6007
feature_0_part_1_split_1,0,SENTINEL-1,Sentinel-1A,S1A_IW_SLC__1SDV_20260225T083857_20260225T083924_063373_07F5C0_F6C3-SLC,SLC,DESCENDING,126,63373,666,2026-02-25T08:38:57Z,2026-02-25T08:39:24Z,S1A_IW_SLC__1SDV_20260225T083857_20260225T083924_063373_07F5C0_F6C3
feature_0_part_1_split_1,0,SENTINEL-1,Sentinel-1A,S1A_IW_SLC__1SDV_20260225T083922_20260225T083949_063373_07F5C0_8D9D-SLC,SLC,DESCENDING,126,63373,671,2026-02-25T08:39:22Z,2026-02-25T08:39:49Z,S1A_IW_SLC__1SDV_20260225T083922_20260225T083949_063373_07F5C0_8D9D
feature_0_part_1_split_1,0,SENTINEL-1,Sentinel-1C,S1C_IW_SLC__1SDV_20260226T082739_20260226T082810_006524_00D25E_FA2A-SLC,SLC,DESCENDING,53,6524,641,2026-02-26T08:27:39Z,2026-02-26T08:28:10Z,S1C_IW_SLC__1SDV_20260226T082739_20260226T082810_006524_00D25E_FA2A
feature_0_part_1_split_1,0,SENTINEL-1,Sentinel-1C,S1C_IW_SLC__1SDV_20260226T082808_20260226T082835_006524_00D25E_BD0A-SLC,SLC,DESCENDING,53,6524,647,2026-02-26T08:28:08Z,2026-02-26T08:28:35Z,S1C_IW_SLC__1SDV_20260226T082808_20260226T082835_006524_00D25E_BD0A
feature_0_part_1_split_1,0,SENTINEL-1,Sentinel-1C,S1C_IW_SLC__1SDV_20260226T082832_20260226T082859_006524_00D25E_E317-SLC,SLC,DESCENDING,53,6524,652,2026-02-26T08:28:32Z,2026-02-26T08:28:59Z,S1C_IW_SLC__1SDV_20260226T082832_20260226T082859_006524_00D25E_E317
feature_0_part_1_split_1,0,SENTINEL-1,Sentinel-1C,S1C_IW_SLC__1SDV_20260226T082857_20260226T082924_006524_00D25E_524B-SLC,SLC,DESCENDING,53,6524,657,2026-02-26T08:28:57Z,2026-02-26T08:29:24Z,S1C_IW_SLC__1SDV_20260226T082857_20260226T082924_006524_00D25E_524B
feature_0_part_1_split_1,0,SENTINEL-1,Sentinel-1C,S1C_IW_SLC__1SDV_20260226T082922_20260226T082949_006524_00D25E_CAFF-SLC,SLC,DESCENDING,53,6524,662,2026-02-26T08:29:22Z,2026-02-26T08:29:49Z,S1C_IW_SLC__1SDV_20260226T082922_20260226T082949_006524_00D25E_CAFF
feature_0_part_1_split_1,0,SENTINEL-1,Sentinel-1C,S1C_IW_SLC__1SDV_20260226T082947_20260226T083015_006524_00D25E_898D-SLC,SLC,DESCENDING,53,6524,667,2026-02-26T08:29:47Z,2026-02-26T08:30:15Z,S1C_IW_SLC__1SDV_20260226T082947_20260226T083015_006524_00D25E_898D
feature_0_part_1_split_1,0,SENTINEL-1,Sentinel-1A,S1A_IW_SLC__1SDV_20260226T091713_20260226T091741_063388_07F64F_EBB7-SLC,SLC,DESCENDING,141,63388,632,2026-02-26T09:17:13Z,2026-02-26T09:17:41Z,S1A_IW_SLC__1SDV_20260226T091713_20260226T091741_063388_07F64F_EBB7
feature_0_part_1_split_1,0,SENTINEL-1,Sentinel-1A,S1A_IW_SLC__1SDV_20260226T091739_20260226T091806_063388_07F64F_CD57-SLC,SLC,DESCENDING,141,63388,637,2026-02-26T09:17:39Z,2026-02-26T09:18:06Z,S1A_IW_SLC__1SDV_20260226T091739_20260226T091806_063388_07F64F_CD57
feature_0_part_1_split_1,0,SENTINEL-1,Sentinel-1A,S1A_IW_SLC__1SDV_20260226T091804_20260226T091831_063388_07F64F_2EDC-SLC,SLC,DESCENDING,141,63388,642,2026-02-26T09:18:04Z,2026-02-26T09:18:31Z,S1A_IW_SLC__1SDV_20260226T091804_20260226T091831_063388_07F64F_2EDC
feature_0_part_1_split_1,0,SENTINEL-1,Sentinel-1A,S1A_IW_SLC__1SDV_20260226T091829_20260226T091856_063388_07F64F_0D8A-SLC,SLC,DESCENDING,141,63388,647,2026-02-26T09:18:29Z,2026-02-26T09:18:56Z,S1A_IW_SLC__1SDV_20260226T091829_20260226T091856_063388_07F64F_0D8A
feature_0_part_1_split_1,0,SENTINEL-1,Sentinel-1A,S1A_IW_SLC__1SDV_20260226T091918_20260226T091940_063388_07F64F_DFEB-SLC,SLC,DESCENDING,141,63388,657,2026-02-26T09:19:18Z,2026-02-26T09:19:40Z,S1A_IW_SLC__1SDV_20260226T091918_20260226T091940_063388_07F64F_DFEB
feature_0_part_1_split_1,0,SENTINEL-1,Sentinel-1C,S1C_IW_SLC__1SDV_20260226T221545_20260226T221611_006532_00D2B6_48EE-SLC,SLC,ASCENDING,61,6532,1099,2026-02-26T22:15:45Z,2026-02-26T22:16:11Z,S1C_IW_SLC__1SDV_20260226T221545_20260226T221611_006532_00D2B6_48EE
feature_0_part_1_split_1,0,SENTINEL-1,Sentinel-1A,S1A_IW_SLC__1SDV_20260227T082011_20260227T082038_063402_07F6E1_9B59-SLC,SLC,DESCENDING,155,63402,638,2026-02-27T08:20:11Z,2026-02-27T08:20:38Z,S1A_IW_SLC__1SDV_20260227T082011_20260227T082038_063402_07F6E1_9B59
feature_0_part_1_split_1,0,SENTINEL-1,Sentinel-1A,S1A_IW_SLC__1SDV_20260227T082035_20260227T082102_063402_07F6E1_214D-SLC,SLC,DESCENDING,155,63402,643,2026-02-27T08:20:35Z,2026-02-27T08:21:02Z,S1A_IW_SLC__1SDV_20260227T082035_20260227T082102_063402_07F6E1_214D
feature_0_part_1_split_1,0,SENTINEL-1,Sentinel-1A,S1A_IW_SLC__1SDV_20260227T082100_20260227T082114_063402_07F6E1_DF14-SLC,SLC,DESCENDING,155,63402,648,2026-02-27T08:21:00Z,2026-02-27T08:21:14Z,S1A_IW_SLC__1SDV_20260227T082100_20260227T082114_063402_07F6E1_DF14
feature_0_part_1_split_1,0,SENTINEL-1,Sentinel-1C,S1C_IW_SLC__1SDV_20260227T090946_20260227T091016_006539_00D2EE_79F9-SLC,SLC,DESCENDING,68,6539,653,2026-02-27T09:09:46Z,2026-02-27T09:10:16Z,S1C_IW_SLC__1SDV_20260227T090946_20260227T091016_006539_00D2EE_79F9
feature_0_part_1_split_1,0,SENTINEL-1,Sentinel-1C,S1C_IW_SLC__1SDV_20260227T091014_20260227T091041_006539_00D2EE_A985-SLC,SLC,DESCENDING,68,6539,659,2026-02-27T09:10:14Z,2026-02-27T09:10:41Z,S1C_IW_SLC__1SDV_20260227T091014_20260227T091041_006539_00D2EE_A985
feature_0_part_1_split_1,0,SENTINEL-1,Sentinel-1C,S1C_IW_SLC__1SDV_20260227T091039_20260227T091106_006539_00D2EE_873B-SLC,SLC,DESCENDING,68,6539,663,2026-02-27T09:10:39Z,2026-02-27T09:11:06Z,S1C_IW_SLC__1SDV_20260227T091039_20260227T091106_006539_00D2EE_873B
feature_0_part_1_split_1,0,SENTINEL-1,Sentinel-1C,S1C_IW_SLC__1SDV_20260227T091104_20260227T091131_006539_00D2EE_9000-SLC,SLC,DESCENDING,68,6539,668,2026-02-27T09:11:04Z,2026-02-27T09:11:31Z,S1C_IW_SLC__1SDV_20260227T091104_20260227T091131_006539_00D2EE_9000
feature_0_part_1_split_1,0,SENTINEL-1,Sentinel-1A,S1A_IW_SLC__1SDV_20260228T085920_20260228T085948_063417_07F768_54F6-SLC,SLC,DESCENDING,170,63417,615,2026-02-28T08:59:20Z,2026-02-28T08:59:48Z,S1A_IW_SLC__1SDV_20260228T085920_20260228T085948_063417_07F768_54F6
feature_0_part_1_split_1,0,SENTINEL-1,Sentinel-1A,S1A_IW_SLC__1SDV_20260228T085946_20260228T090012_063417_07F768_B030-SLC,SLC,DESCENDING,170,63417,620,2026-02-28T08:59:46Z,2026-02-28T09:00:12Z,S1A_IW_SLC__1SDV_20260228T085946_20260228T090012_063417_07F768_B030
feature_0_part_1_split_1,0,SENTINEL-1,Sentinel-1A,S1A_IW_SLC__1SDV_20260228T090010_20260228T090037_063417_07F768_4AAD-SLC,SLC,DESCENDING,170,63417,625,2026-02-28T09:00:10Z,2026-02-28T09:00:37Z,S1A_IW_SLC__1SDV_20260228T090010_20260228T090037_063417_07F768_4AAD
feature_0_part_1_split_1,0,SENTINEL-1,Sentinel-1A,S1A_IW_SLC__1SDV_20260228T090035_20260228T090102_063417_07F768_DEAE-SLC,SLC,DESCENDING,170,63417,630,2026-02-28T09:00:35Z,2026-02-28T09:01:02Z,S1A_IW_SLC__1SDV_20260228T090035_20260228T090102_063417_07F768_DEAE
feature_0_part_1_split_1,0,SENTINEL-1,Sentinel-1A,S1A_IW_SLC__1SDV_20260228T090100_20260228T090127_063417_07F768_A4DA-SLC,SLC,DESCENDING,170,63417,635,2026-02-28T09:01:00Z,2026-02-28T09:01:27Z,S1A_IW_SLC__1SDV_20260228T090100_20260228T090127_063417_07F768_A4DA
feature_0_part_1_split_1,0,SENTINEL-1,Sentinel-1A,S1A_IW_SLC__1SDV_20260228T090125_20260228T090152_063417_07F768_464E-SLC,SLC,DESCENDING,170,63417,640,2026-02-28T09:01:25Z,2026-02-28T09:01:52Z,S1A_IW_SLC__1SDV_20260228T090125_20260228T090152_063417_07F768_464E
feature_0_part_1_split_1,0,SENTINEL-1,Sentinel-1A,S1A_IW_SLC__1SDV_20260228T090150_20260228T090218_063417_07F768_3FDA-SLC,SLC,DESCENDING,170,63417,645,2026-02-28T09:01:50Z,2026-02-28T09:02:18Z,S1A_IW_SLC__1SDV_20260228T090150_20260228T090218_063417_07F768_3FDA
feature_0_part_1_split_1,0,SENTINEL-1,Sentinel-1A,S1A_IW_SLC__1SDV_20260228T090215_20260228T090242_063417_07F768_C457-SLC,SLC,DESCENDING,170,63417,650,2026-02-28T09:02:15Z,2026-02-28T09:02:42Z,S1A_IW_SLC__1SDV_20260228T090215_20260228T090242_063417_07F768_C457
feature_0_part_1_split_1,0,SENTINEL-1,Sentinel-1A,S1A_IW_SLC__1SDV_20260228T090240_20260228T090304_063417_07F768_01D3-SLC,SLC,DESCENDING,170,63417,655,2026-02-28T09:02:40Z,2026-02-28T09:03:04Z,S1A_IW_SLC__1SDV_20260228T090240_20260228T090304_063417_07F768_01D3
feature_0_part_1_split_1,0,SENTINEL-1,Sentinel-1C,S1C_IW_SLC__1SDV_20260301T085349_20260301T085419_006568_00D3F5_2585-SLC,SLC,DESCENDING,97,6568,659,2026-03-01T08:53:49Z,2026-03-01T08:54:19Z,S1C_IW_SLC__1SDV_20260301T085349_20260301T085419_006568_00D3F5_2585
feature_0_part_1_split_1,0,SENTINEL-1,Sentinel-1C,S1C_IW_SLC__1SDV_20260301T085417_20260301T085444_006568_00D3F5_1763-SLC,SLC,DESCENDING,97,6568,665,2026-03-01T08:54:17Z,2026-03-01T08:54:44Z,S1C_IW_SLC__1SDV_20260301T085417_20260301T085444_006568_00D3F5_1763
feature_0_part_1_split_1,0,SENTINEL-1,Sentinel-1A,S1A_IW_SLC__1SDV_20260301T094151_20260301T094218_063432_07F803_6FAF-SLC,SLC,DESCENDING,10,63432,631,2026-03-01T09:41:51Z,2026-03-01T09:42:18Z,S1A_IW_SLC__1SDV_20260301T094151_20260301T094218_063432_07F803_6FAF
feature_0_part_1_split_1,0,SENTINEL-1,Sentinel-1A,S1A_IW_SLC__1SDV_20260302T084128_20260302T084155_063446_07F881_9B20-SLC,SLC,DESCENDING,24,63446,598,2026-03-02T08:41:28Z,2026-03-02T08:41:55Z,S1A_IW_SLC__1SDV_20260302T084128_20260302T084155_063446_07F881_9B20
feature_0_part_1_split_1,0,SENTINEL-1,Sentinel-1A,S1A_IW_SLC__1SDV_20260302T084153_20260302T084220_063446_07F881_4754-SLC,SLC,DESCENDING,24,63446,603,2026-03-02T08:41:53Z,2026-03-02T08:42:20Z,S1A_IW_SLC__1SDV_20260302T084153_20260302T084220_063446_07F881_4754
feature_0_part_1_split_1,0,SENTINEL-1,Sentinel-1A,S1A_IW_SLC__1SDV_20260302T084218_20260302T084245_063446_07F881_62D9-SLC,SLC,DESCENDING,24,63446,608,2026-03-02T08:42:18Z,2026-03-02T08:42:45Z,S1A_IW_SLC__1SDV_20260302T084218_20260302T084245_063446_07F881_62D9
feature_0_part_1_split_1,0,SENTINEL-1,Sentinel-1A,S1A_IW_SLC__1SDV_20260302T084243_20260302T084309_063446_07F881_BCC9-SLC,SLC,DESCENDING,24,63446,613,2026-03-02T08:42:43Z,2026-03-02T08:43:09Z,S1A_IW_SLC__1SDV_20260302T084243_20260302T084309_063446_07F881_BCC9
feature_0_part_1_split_1,0,SENTINEL-1,Sentinel-1A,S1A_IW_SLC__1SDV_20260302T084307_20260302T084335_063446_07F881_7B5C-SLC,SLC,DESCENDING,24,63446,618,2026-03-02T08:43:07Z,2026-03-02T08:43:35Z,S1A_IW_SLC__1SDV_20260302T084307_20260302T084335_063446_07F881_7B5C
feature_0_part_1_split_1,0,SENTINEL-1,Sentinel-1A,S1A_IW_SLC__1SDV_20260302T084333_20260302T084400_063446_07F881_4AED-SLC,SLC,DESCENDING,24,63446,623,2026-03-02T08:43:33Z,2026-03-02T08:44:00Z,S1A_IW_SLC__1SDV_20260302T084333_20260302T084400_063446_07F881_4AED
feature_0_part_1_split_1,0,SENTINEL-1,Sentinel-1A,S1A_IW_SLC__1SDV_20260302T084358_20260302T084425_063446_07F881_7279-SLC,SLC,DESCENDING,24,63446,628,2026-03-02T08:43:58Z,2026-03-02T08:44:25Z,S1A_IW_SLC__1SDV_20260302T084358_20260302T084425_063446_07F881_7279
feature_0_part_1_split_1,0,SENTINEL-1,Sentinel-1A,S1A_IW_SLC__1SDV_20260302T084423_20260302T084450_063446_07F881_5A86-SLC,SLC,DESCENDING,24,63446,633,2026-03-02T08:44:23Z,2026-03-02T08:44:50Z,S1A_IW_SLC__1SDV_20260302T084423_20260302T084450_063446_07F881_5A86
feature_0_part_1_split_1,0,SENTINEL-1,Sentinel-1A,S1A_IW_SLC__1SDV_20260302T084448_20260302T084515_063446_07F881_6AB5-SLC,SLC,DESCENDING,24,63446,638,2026-03-02T08:44:48Z,2026-03-02T08:45:15Z,S1A_IW_SLC__1SDV_20260302T084448_20260302T084515_063446_07F881_6AB5
feature_0_part_1_split_1,0,SENTINEL-1,Sentinel-1A,S1A_IW_SLC__1SDV_20260302T084512_20260302T084539_063446_07F881_A48F-SLC,SLC,DESCENDING,24,63446,643,2026-03-02T08:45:12Z,2026-03-02T08:45:39Z,S1A_IW_SLC__1SDV_20260302T084512_20260302T084539_063446_07F881_A48F
feature_0_part_1_split_1,0,SENTINEL-1,Sentinel-1A,S1A_IW_SLC__1SDV_20260302T084537_20260302T084605_063446_07F881_94F1-SLC,SLC,DESCENDING,24,63446,648,2026-03-02T08:45:37Z,2026-03-02T08:46:05Z,S1A_IW_SLC__1SDV_20260302T084537_20260302T084605_063446_07F881_94F1
feature_0_part_1_split_1,0,SENTINEL-1,Sentinel-1A,S1A_IW_SLC__1SDV_20260302T084603_20260302T084630_063446_07F881_9F3C-SLC,SLC,DESCENDING,24,63446,653,2026-03-02T08:46:03Z,2026-03-02T08:46:30Z,S1A_IW_SLC__1SDV_20260302T084603_20260302T084630_063446_07F881_9F3C
feature_0_part_1_split_1,0,SENTINEL-1,Sentinel-1A,S1A_IW_SLC__1SDV_20260302T084628_20260302T084652_063446_07F881_88DA-SLC,SLC,DESCENDING,24,63446,658,2026-03-02T08:46:28Z,2026-03-02T08:46:52Z,S1A_IW_SLC__1SDV_20260302T084628_20260302T084652_063446_07F881_88DA
feature_0_part_1_split_1,0,SENTINEL-1,Sentinel-1C,S1C_IW_SLC__1SDV_20260302T093338_20260302T093408_006583_00D47C_816C-SLC,SLC,DESCENDING,112,6583,643,2026-03-02T09:33:38Z,2026-03-02T09:34:08Z,S1C_IW_SLC__1SDV_20260302T093338_20260302T093408_006583_00D47C_816C
feature_0_part_1_split_1,0,SENTINEL-1,Sentinel-1C,S1C_IW_SLC__1SDV_20260303T083548_20260303T083618_006597_00D4ED_5954-SLC,SLC,DESCENDING,126,6597,640,2026-03-03T08:35:48Z,2026-03-03T08:36:18Z,S1C_IW_SLC__1SDV_20260303T083548_20260303T083618_006597_00D4ED_5954
feature_0_part_1_split_1,0,SENTINEL-1,Sentinel-1C,S1C_IW_SLC__1SDV_20260303T083616_20260303T083643_006597_00D4ED_8CE8-SLC,SLC,DESCENDING,126,6597,646,2026-03-03T08:36:16Z,2026-03-03T08:36:43Z,S1C_IW_SLC__1SDV_20260303T083616_20260303T083643_006597_00D4ED_8CE8
feature_0_part_1_split_1,0,SENTINEL-1,Sentinel-1C,S1C_IW_SLC__1SDV_20260303T083641_20260303T083708_006597_00D4ED_7003-SLC,SLC,DESCENDING,126,6597,651,2026-03-03T08:36:41Z,2026-03-03T08:37:08Z,S1C_IW_SLC__1SDV_20260303T083641_20260303T083708_006597_00D4ED_7003
feature_0_part_1_split_1,0,SENTINEL-1,Sentinel-1C,S1C_IW_SLC__1SDV_20260303T083706_20260303T083733_006597_00D4ED_8935-SLC,SLC,DESCENDING,126,6597,656,2026-03-03T08:37:06Z,2026-03-03T08:37:33Z,S1C_IW_SLC__1SDV_20260303T083706_20260303T083733_006597_00D4ED_8935
feature_0_part_1_split_1,0,SENTINEL-1,Sentinel-1C,S1C_IW_SLC__1SDV_20260303T083731_20260303T083758_006597_00D4ED_73E6-SLC,SLC,DESCENDING,126,6597,661,2026-03-03T08:37:31Z,2026-03-03T08:37:58Z,S1C_IW_SLC__1SDV_20260303T083731_20260303T083758_006597_00D4ED_73E6
feature_0_part_1_split_1,0,SENTINEL-1,Sentinel-1C,S1C_IW_SLC__1SDV_20260303T083756_20260303T083824_006597_00D4ED_922F-SLC,SLC,DESCENDING,126,6597,666,2026-03-03T08:37:56Z,2026-03-03T08:38:24Z,S1C_IW_SLC__1SDV_20260303T083756_20260303T083824_006597_00D4ED_922F
feature_0_part_1_split_1,0,SENTINEL-1,Sentinel-1C,S1C_IW_SLC__1SDV_20260303T083821_20260303T083848_006597_00D4ED_B2F4-SLC,SLC,DESCENDING,126,6597,671,2026-03-03T08:38:21Z,2026-03-03T08:38:48Z,S1C_IW_SLC__1SDV_20260303T083821_20260303T083848_006597_00D4ED_B2F4
feature_0_part_1_split_1,0,SENTINEL-1,Sentinel-1C,S1C_IW_SLC__1SDV_20260303T083846_20260303T083913_006597_00D4ED_3CAD-SLC,SLC,DESCENDING,126,6597,676,2026-03-03T08:38:46Z,2026-03-03T08:39:13Z,S1C_IW_SLC__1SDV_20260303T083846_20260303T083913_006597_00D4ED_3CAD
feature_0_part_1_split_1,0,SENTINEL-1,Sentinel-1A,S1A_IW_SLC__1SDV_20260303T092520_20260303T092548_063461_07F90D_4366-SLC,SLC,DESCENDING,39,63461,631,2026-03-03T09:25:20Z,2026-03-03T09:25:48Z,S1A_IW_SLC__1SDV_20260303T092520_20260303T092548_063461_07F90D_4366
feature_0_part_1_split_1,0,SENTINEL-1,Sentinel-1A,S1A_IW_SLC__1SDV_20260303T092546_20260303T092613_063461_07F90D_90E3-SLC,SLC,DESCENDING,39,63461,636,2026-03-03T09:25:46Z,2026-03-03T09:26:13Z,S1A_IW_SLC__1SDV_20260303T092546_20260303T092613_063461_07F90D_90E3
feature_0_part_1_split_1,0,SENTINEL-1,Sentinel-1A,S1A_IW_SLC__1SDV_20260303T092611_20260303T092638_063461_07F90D_375E-SLC,SLC,DESCENDING,39,63461,641,2026-03-03T09:26:11Z,2026-03-03T09:26:38Z,S1A_IW_SLC__1SDV_20260303T092611_20260303T092638_063461_07F90D_375E
feature_0_part_1_split_1,0,SENTINEL-1,Sentinel-1A,S1A_IW_SLC__1SDV_20260303T092636_20260303T092708_063461_07F90D_B2DF-SLC,SLC,DESCENDING,39,63461,646,2026-03-03T09:26:36Z,2026-03-03T09:27:08Z,S1A_IW_SLC__1SDV_20260303T092636_20260303T092708_063461_07F90D_B2DF
feature_0_part_1_split_1,0,SENTINEL-1,Sentinel-1A,S1A_IW_SLC__1SDV_20260304T082514_20260304T082543_063475_07F99D_60FF-SLC,SLC,DESCENDING,53,63475,600,2026-03-04T08:25:14Z,2026-03-04T08:25:43Z,S1A_IW_SLC__1SDV_20260304T082514_20260304T082543_063475_07F99D_60FF
feature_0_part_1_split_1,0,SENTINEL-1,Sentinel-1A,S1A_IW_SLC__1SDV_20260304T082541_20260304T082609_063475_07F99D_715A-SLC,SLC,DESCENDING,53,63475,606,2026-03-04T08:25:41Z,2026-03-04T08:26:09Z,S1A_IW_SLC__1SDV_20260304T082541_20260304T082609_063475_07F99D_715A
feature_0_part_1_split_1,0,SENTINEL-1,Sentinel-1A,S1A_IW_SLC__1SDV_20260304T082607_20260304T082634_063475_07F99D_FD5C-SLC,SLC,DESCENDING,53,63475,611,2026-03-04T08:26:07Z,2026-03-04T08:26:34Z,S1A_IW_SLC__1SDV_20260304T082607_20260304T082634_063475_07F99D_FD5C
feature_0_part_1_split_1,0,SENTINEL-1,Sentinel-1A,S1A_IW_SLC__1SDV_20260304T082632_20260304T082659_063475_07F99D_D5D9-SLC,SLC,DESCENDING,53,63475,616,2026-03-04T08:26:32Z,2026-03-04T08:26:59Z,S1A_IW_SLC__1SDV_20260304T082632_20260304T082659_063475_07F99D_D5D9
feature_0_part_1_split_1,0,SENTINEL-1,Sentinel-1A,S1A_IW_SLC__1SDV_20260304T082746_20260304T082814_063475_07F99D_109D-SLC,SLC,DESCENDING,53,63475,631,2026-03-04T08:27:46Z,2026-03-04T08:28:14Z,S1A_IW_SLC__1SDV_20260304T082746_20260304T082814_063475_07F99D_109D
feature_0_part_1_split_1,0,SENTINEL-1,Sentinel-1A,S1A_IW_SLC__1SDV_20260304T082812_20260304T082839_063475_07F99D_F696-SLC,SLC,DESCENDING,53,63475,636,2026-03-04T08:28:12Z,2026-03-04T08:28:39Z,S1A_IW_SLC__1SDV_20260304T082812_20260304T082839_063475_07F99D_F696
feature_0_part_1_split_1,0,SENTINEL-1,Sentinel-1A,S1A_IW_SLC__1SDV_20260304T082837_20260304T082851_063475_07F99D_CCDE-SLC,SLC,DESCENDING,53,63475,641,2026-03-04T08:28:37Z,2026-03-04T08:28:51Z,S1A_IW_SLC__1SDV_20260304T082837_20260304T082851_063475_07F99D_CCDE
feature_0_part_1_split_1,0,SENTINEL-1,Sentinel-1C,S1C_IW_SLC__1SDV_20260304T091836_20260304T091906_006612_00D578_637C-SLC,SLC,DESCENDING,141,6612,660,2026-03-04T09:18:36Z,2026-03-04T09:19:06Z,S1C_IW_SLC__1SDV_20260304T091836_20260304T091906_006612_00D578_637C
feature_0_part_1_split_1,0,SENTINEL-1,Sentinel-1C,S1C_IW_SLC__1SDV_20260304T091904_20260304T091931_006612_00D578_D1EF-SLC,SLC,DESCENDING,141,6612,666,2026-03-04T09:19:04Z,2026-03-04T09:19:31Z,S1C_IW_SLC__1SDV_20260304T091904_20260304T091931_006612_00D578_D1EF
feature_0_part_1_split_1,0,SENTINEL-1,Sentinel-1C,S1C_IW_SLC__1SDV_20260305T082013_20260305T082044_006626_00D5FB_47DC-SLC,SLC,DESCENDING,155,6626,651,2026-03-05T08:20:13Z,2026-03-05T08:20:44Z,S1C_IW_SLC__1SDV_20260305T082013_20260305T082044_006626_00D5FB_47DC
feature_0_part_1_split_1,0,SENTINEL-1,Sentinel-1C,S1C_IW_SLC__1SDV_20260305T082042_20260305T082109_006626_00D5FB_24F5-SLC,SLC,DESCENDING,155,6626,656,2026-03-05T08:20:42Z,2026-03-05T08:21:09Z,S1C_IW_SLC__1SDV_20260305T082042_20260305T082109_006626_00D5FB_24F5
feature_0_part_1_split_1,0,SENTINEL-1,Sentinel-1A,S1A_IW_SLC__1SDV_20260305T090826_20260305T090853_063490_07FA30_A678-SLC,SLC,DESCENDING,68,63490,625,2026-03-05T09:08:26Z,2026-03-05T09:08:53Z,S1A_IW_SLC__1SDV_20260305T090826_20260305T090853_063490_07FA30_A678
feature_0_part_1_split_1,0,SENTINEL-1,Sentinel-1A,S1A_IW_SLC__1SDV_20260305T090915_20260305T090943_063490_07FA30_46E4-SLC,SLC,DESCENDING,68,63490,635,2026-03-05T09:09:15Z,2026-03-05T09:09:43Z,S1A_IW_SLC__1SDV_20260305T090915_20260305T090943_063490_07FA30_46E4
feature_0_part_1_split_1,0,SENTINEL-1,Sentinel-1A,S1A_IW_SLC__1SDV_20260305T090941_20260305T091008_063490_07FA30_3476-SLC,SLC,DESCENDING,68,63490,640,2026-03-05T09:09:41Z,2026-03-05T09:10:08Z,S1A_IW_SLC__1SDV_20260305T090941_20260305T091008_063490_07FA30_3476
feature_0_part_1_split_1,0,SENTINEL-1,Sentinel-1A,S1A_IW_SLC__1SDV_20260305T091006_20260305T091033_063490_07FA30_ACE8-SLC,SLC,DESCENDING,68,63490,645,2026-03-05T09:10:06Z,2026-03-05T09:10:33Z,S1A_IW_SLC__1SDV_20260305T091006_20260305T091033_063490_07FA30_ACE8
feature_0_part_1_split_1,0,SENTINEL-1,Sentinel-1A,S1A_IW_SLC__1SDV_20260305T091031_20260305T091052_063490_07FA30_098E-SLC,SLC,DESCENDING,68,63490,650,2026-03-05T09:10:31Z,2026-03-05T09:10:52Z,S1A_IW_SLC__1SDV_20260305T091031_20260305T091052_063490_07FA30_098E
feature_0_part_1_split_1,0,SENTINEL-1,Sentinel-1C,S1C_IW_SLC__1SDV_20260305T220740_20260305T220801_006634_00D645_B0FB-SLC,SLC,ASCENDING,163,6634,1101,2026-03-05T22:07:40Z,2026-03-05T22:08:01Z,S1C_IW_SLC__1SDV_20260305T220740_20260305T220801_006634_00D645_B0FB
feature_0_part_1_split_1,0,SENTINEL-1,Sentinel-1C,S1C_IW_SLC__1SDV_20260306T090155_20260306T090226_006641_00D682_AB52-SLC,SLC,DESCENDING,170,6641,657,2026-03-06T09:01:55Z,2026-03-06T09:02:26Z,S1C_IW_SLC__1SDV_20260306T090155_20260306T090226_006641_00D682_AB52
feature_0_part_1_split_1,0,SENTINEL-1,Sentinel-1C,S1C_IW_SLC__1SDV_20260306T090223_20260306T090250_006641_00D682_62FE-SLC,SLC,DESCENDING,170,6641,663,2026-03-06T09:02:23Z,2026-03-06T09:02:50Z,S1C_IW_SLC__1SDV_20260306T090223_20260306T090250_006641_00D682_62FE
feature_0_part_1_split_1,0,SENTINEL-1,Sentinel-1C,S1C_IW_SLC__1SDV_20260306T090248_20260306T090315_006641_00D682_ABD2-SLC,SLC,DESCENDING,170,6641,668,2026-03-06T09:02:48Z,2026-03-06T09:03:15Z,S1C_IW_SLC__1SDV_20260306T090248_20260306T090315_006641_00D682_ABD2
feature_0_part_1_split_1,0,SENTINEL-1,Sentinel-1C,S1C_IW_SLC__1SDV_20260306T090313_20260306T090340_006641_00D682_2ACE-SLC,SLC,DESCENDING,170,6641,673,2026-03-06T09:03:13Z,2026-03-06T09:03:40Z,S1C_IW_SLC__1SDV_20260306T090313_20260306T090340_006641_00D682_2ACE
feature_0_part_1_split_1,0,SENTINEL-1,Sentinel-1A,S1A_IW_SLC__1SDV_20260307T085024_20260307T085051_063519_07FB42_ED09-SLC,SLC,DESCENDING,97,63519,606,2026-03-07T08:50:24Z,2026-03-07T08:50:51Z,S1A_IW_SLC__1SDV_20260307T085024_20260307T085051_063519_07FB42_ED09
feature_0_part_1_split_1,0,SENTINEL-1,Sentinel-1A,S1A_IW_SLC__1SDV_20260307T085049_20260307T085116_063519_07FB42_7651-SLC,SLC,DESCENDING,97,63519,611,2026-03-07T08:50:49Z,2026-03-07T08:51:16Z,S1A_IW_SLC__1SDV_20260307T085049_20260307T085116_063519_07FB42_7651
feature_0_part_1_split_1,0,SENTINEL-1,Sentinel-1A,S1A_IW_SLC__1SDV_20260307T085114_20260307T085141_063519_07FB42_C4EA-SLC,SLC,DESCENDING,97,63519,616,2026-03-07T08:51:14Z,2026-03-07T08:51:41Z,S1A_IW_SLC__1SDV_20260307T085114_20260307T085141_063519_07FB42_C4EA
feature_0_part_1_split_1,0,SENTINEL-1,Sentinel-1A,S1A_IW_SLC__1SDV_20260307T085139_20260307T085206_063519_07FB42_E03B-SLC,SLC,DESCENDING,97,63519,621,2026-03-07T08:51:39Z,2026-03-07T08:52:06Z,S1A_IW_SLC__1SDV_20260307T085139_20260307T085206_063519_07FB42_E03B
feature_0_part_1_split_1,0,SENTINEL-1,Sentinel-1A,S1A_IW_SLC__1SDV_20260307T085204_20260307T085231_063519_07FB42_2205-SLC,SLC,DESCENDING,97,63519,626,2026-03-07T08:52:04Z,2026-03-07T08:52:31Z,S1A_IW_SLC__1SDV_20260307T085204_20260307T085231_063519_07FB42_2205
feature_0_part_1_split_1,0,SENTINEL-1,Sentinel-1A,S1A_IW_SLC__1SDV_20260307T085229_20260307T085256_063519_07FB42_CCBF-SLC,SLC,DESCENDING,97,63519,631,2026-03-07T08:52:29Z,2026-03-07T08:52:56Z,S1A_IW_SLC__1SDV_20260307T085229_20260307T085256_063519_07FB42_CCBF
feature_0_part_1_split_1,0,SENTINEL-1,Sentinel-1A,S1A_IW_SLC__1SDV_20260307T085254_20260307T085321_063519_07FB42_FFE5-SLC,SLC,DESCENDING,97,63519,636,2026-03-07T08:52:54Z,2026-03-07T08:53:21Z,S1A_IW_SLC__1SDV_20260307T085254_20260307T085321_063519_07FB42_FFE5
feature_0_part_1_split_1,0,SENTINEL-1,Sentinel-1A,S1A_IW_SLC__1SDV_20260307T085319_20260307T085346_063519_07FB42_07CC-SLC,SLC,DESCENDING,97,63519,641,2026-03-07T08:53:19Z,2026-03-07T08:53:46Z,S1A_IW_SLC__1SDV_20260307T085319_20260307T085346_063519_07FB42_07CC
feature_0_part_1_split_1,0,SENTINEL-1,Sentinel-1A,S1A_IW_SLC__1SDV_20260307T085343_20260307T085411_063519_07FB42_C376-SLC,SLC,DESCENDING,97,63519,646,2026-03-07T08:53:43Z,2026-03-07T08:54:11Z,S1A_IW_SLC__1SDV_20260307T085343_20260307T085411_063519_07FB42_C376
feature_0_part_1_split_1,0,SENTINEL-1,Sentinel-1A,S1A_IW_SLC__1SDV_20260307T085409_20260307T085436_063519_07FB42_69DA-SLC,SLC,DESCENDING,97,63519,651,2026-03-07T08:54:09Z,2026-03-07T08:54:36Z,S1A_IW_SLC__1SDV_20260307T085409_20260307T085436_063519_07FB42_69DA
feature_0_part_1_split_1,0,SENTINEL-1,Sentinel-1A,S1A_IW_SLC__1SDV_20260307T085434_20260307T085458_063519_07FB42_993F-SLC,SLC,DESCENDING,97,63519,656,2026-03-07T08:54:34Z,2026-03-07T08:54:58Z,S1A_IW_SLC__1SDV_20260307T085434_20260307T085458_063519_07FB42_993F
feature_0_part_1_split_1,0,SENTINEL-1,Sentinel-1C,S1C_IW_SLC__1SDV_20260308T084546_20260308T084616_006670_00D768_B644-SLC,SLC,DESCENDING,24,6670,661,2026-03-08T08:45:46Z,2026-03-08T08:46:16Z,S1C_IW_SLC__1SDV_20260308T084546_20260308T084616_006670_00D768_B644
feature_0_part_1_split_1,0,SENTINEL-1,Sentinel-1C,S1C_IW_SLC__1SDV_20260308T084614_20260308T084641_006670_00D768_530F-SLC,SLC,DESCENDING,24,6670,667,2026-03-08T08:46:14Z,2026-03-08T08:46:41Z,S1C_IW_SLC__1SDV_20260308T084614_20260308T084641_006670_00D768_530F
feature_0_part_1_split_1,0,SENTINEL-1,Sentinel-1C,S1C_IW_SLC__1SDV_20260308T084639_20260308T084706_006670_00D768_2791-SLC,SLC,DESCENDING,24,6670,672,2026-03-08T08:46:39Z,2026-03-08T08:47:06Z,S1C_IW_SLC__1SDV_20260308T084639_20260308T084706_006670_00D768_2791
feature_0_part_1_split_1,0,SENTINEL-1,Sentinel-1A,S1A_IW_SLC__1SDV_20260308T093332_20260308T093400_063534_07FBD9_D390-SLC,SLC,DESCENDING,112,63534,630,2026-03-08T09:33:32Z,2026-03-08T09:34:00Z,S1A_IW_SLC__1SDV_20260308T093332_20260308T093400_063534_07FBD9_D390
feature_0_part_1_split_1,0,SENTINEL-1,Sentinel-1A,S1A_IW_SLC__1SDV_20260308T093358_20260308T093425_063534_07FBD9_00B4-SLC,SLC,DESCENDING,112,63534,635,2026-03-08T09:33:58Z,2026-03-08T09:34:25Z,S1A_IW_SLC__1SDV_20260308T093358_20260308T093425_063534_07FBD9_00B4
feature_0_part_1_split_1,0,SENTINEL-1,Sentinel-1A,S1A_IW_SLC__1SDV_20260308T093423_20260308T093450_063534_07FBD9_55E7-SLC,SLC,DESCENDING,112,63534,640,2026-03-08T09:34:23Z,2026-03-08T09:34:50Z,S1A_IW_SLC__1SDV_20260308T093423_20260308T093450_063534_07FBD9_55E7
feature_0_part_1_split_1,0,SENTINEL-1,Sentinel-1A,S1A_IW_SLC__1SDV_20260309T083320_20260309T083350_063548_07FC65_3A68-SLC,SLC,DESCENDING,126,63548,599,2026-03-09T08:33:20Z,2026-03-09T08:33:50Z,S1A_IW_SLC__1SDV_20260309T083320_20260309T083350_063548_07FC65_3A68
feature_0_part_1_split_1,0,SENTINEL-1,Sentinel-1A,S1A_IW_SLC__1SDV_20260309T083348_20260309T083416_063548_07FC65_828C-SLC,SLC,DESCENDING,126,63548,604,2026-03-09T08:33:48Z,2026-03-09T08:34:16Z,S1A_IW_SLC__1SDV_20260309T083348_20260309T083416_063548_07FC65_828C
feature_0_part_1_split_1,0,SENTINEL-1,Sentinel-1A,S1A_IW_SLC__1SDV_20260309T083413_20260309T083440_063548_07FC65_93B6-SLC,SLC,DESCENDING,126,63548,610,2026-03-09T08:34:13Z,2026-03-09T08:34:40Z,S1A_IW_SLC__1SDV_20260309T083413_20260309T083440_063548_07FC65_93B6
feature_0_part_1_split_1,0,SENTINEL-1,Sentinel-1A,S1A_IW_SLC__1SDV_20260309T083438_20260309T083505_063548_07FC65_676F-SLC,SLC,DESCENDING,126,63548,614,2026-03-09T08:34:38Z,2026-03-09T08:35:05Z,S1A_IW_SLC__1SDV_20260309T083438_20260309T083505_063548_07FC65_676F
feature_0_part_1_split_1,0,SENTINEL-1,Sentinel-1A,S1A_IW_SLC__1SDV_20260309T083503_20260309T083530_063548_07FC65_D84A-SLC,SLC,DESCENDING,126,63548,619,2026-03-09T08:35:03Z,2026-03-09T08:35:30Z,S1A_IW_SLC__1SDV_20260309T083503_20260309T083530_063548_07FC65_D84A
feature_0_part_1_split_1,0,SENTINEL-1,Sentinel-1A,S1A_IW_SLC__1SDV_20260309T083528_20260309T083555_063548_07FC65_CDCA-SLC,SLC,DESCENDING,126,63548,624,2026-03-09T08:35:28Z,2026-03-09T08:35:55Z,S1A_IW_SLC__1SDV_20260309T083528_20260309T083555_063548_07FC65_CDCA
feature_0_part_1_split_1,0,SENTINEL-1,Sentinel-1A,S1A_IW_SLC__1SDV_20260309T083553_20260309T083621_063548_07FC65_264A-SLC,SLC,DESCENDING,126,63548,629,2026-03-09T08:35:53Z,2026-03-09T08:36:21Z,S1A_IW_SLC__1SDV_20260309T083553_20260309T083621_063548_07FC65_264A
feature_0_part_1_split_1,0,SENTINEL-1,Sentinel-1A,S1A_IW_SLC__1SDV_20260309T083619_20260309T083645_063548_07FC65_733D-SLC,SLC,DESCENDING,126,63548,635,2026-03-09T08:36:19Z,2026-03-09T08:36:45Z,S1A_IW_SLC__1SDV_20260309T083619_20260309T083645_063548_07FC65_733D
feature_0_part_1_split_1,0,SENTINEL-1,Sentinel-1A,S1A_IW_SLC__1SDV_20260309T083643_20260309T083657_063548_07FC65_3091-SLC,SLC,DESCENDING,126,63548,639,2026-03-09T08:36:43Z,2026-03-09T08:36:57Z,S1A_IW_SLC__1SDV_20260309T083643_20260309T083657_063548_07FC65_3091
feature_0_part_1_split_1,0,SENTINEL-1,Sentinel-1A,S1A_IW_SLC__1SDV_20260309T083829_20260309T083859_063548_07FC66_4AB9-SLC,SLC,DESCENDING,126,63548,661,2026-03-09T08:38:29Z,2026-03-09T08:38:59Z,S1A_IW_SLC__1SDV_20260309T083829_20260309T083859_063548_07FC66_4AB9
feature_0_part_1_split_1,0,SENTINEL-1,Sentinel-1A,S1A_IW_SLC__1SDV_20260309T083857_20260309T083924_063548_07FC66_FAE0-SLC,SLC,DESCENDING,126,63548,666,2026-03-09T08:38:57Z,2026-03-09T08:39:24Z,S1A_IW_SLC__1SDV_20260309T083857_20260309T083924_063548_07FC66_FAE0
feature_0_part_1_split_1,0,SENTINEL-1,Sentinel-1A,S1A_IW_SLC__1SDV_20260309T083922_20260309T083949_063548_07FC66_34A7-SLC,SLC,DESCENDING,126,63548,671,2026-03-09T08:39:22Z,2026-03-09T08:39:49Z,S1A_IW_SLC__1SDV_20260309T083922_20260309T083949_063548_07FC66_34A7
feature_0_part_1_split_1,0,SENTINEL-1,Sentinel-1C,S1C_IW_SLC__1SDV_20260310T082739_20260310T082810_006699_00D861_BEF1-SLC,SLC,DESCENDING,53,6699,641,2026-03-10T08:27:39Z,2026-03-10T08:28:10Z,S1C_IW_SLC__1SDV_20260310T082739_20260310T082810_006699_00D861_BEF1
feature_0_part_1_split_1,0,SENTINEL-1,Sentinel-1C,S1C_IW_SLC__1SDV_20260310T082808_20260310T082835_006699_00D861_33C4-SLC,SLC,DESCENDING,53,6699,647,2026-03-10T08:28:08Z,2026-03-10T08:28:35Z,S1C_IW_SLC__1SDV_20260310T082808_20260310T082835_006699_00D861_33C4
feature_0_part_1_split_1,0,SENTINEL-1,Sentinel-1C,S1C_IW_SLC__1SDV_20260310T082833_20260310T082900_006699_00D861_5B43-SLC,SLC,DESCENDING,53,6699,652,2026-03-10T08:28:33Z,2026-03-10T08:29:00Z,S1C_IW_SLC__1SDV_20260310T082833_20260310T082900_006699_00D861_5B43
feature_0_part_1_split_1,0,SENTINEL-1,Sentinel-1C,S1C_IW_SLC__1SDV_20260310T082857_20260310T082924_006699_00D861_74C9-SLC,SLC,DESCENDING,53,6699,657,2026-03-10T08:28:57Z,2026-03-10T08:29:24Z,S1C_IW_SLC__1SDV_20260310T082857_20260310T082924_006699_00D861_74C9
feature_0_part_1_split_1,0,SENTINEL-1,Sentinel-1C,S1C_IW_SLC__1SDV_20260310T082922_20260310T082949_006699_00D861_78D1-SLC,SLC,DESCENDING,53,6699,662,2026-03-10T08:29:22Z,2026-03-10T08:29:49Z,S1C_IW_SLC__1SDV_20260310T082922_20260310T082949_006699_00D861_78D1
feature_0_part_1_split_1,0,SENTINEL-1,Sentinel-1C,S1C_IW_SLC__1SDV_20260310T082947_20260310T083015_006699_00D861_CBD5-SLC,SLC,DESCENDING,53,6699,667,2026-03-10T08:29:47Z,2026-03-10T08:30:15Z,S1C_IW_SLC__1SDV_20260310T082947_20260310T083015_006699_00D861_CBD5
feature_0_part_1_split_1,0,SENTINEL-1,Sentinel-1A,S1A_IW_SLC__1SDV_20260310T091714_20260310T091741_063563_07FCF3_A808-SLC,SLC,DESCENDING,141,63563,632,2026-03-10T09:17:14Z,2026-03-10T09:17:41Z,S1A_IW_SLC__1SDV_20260310T091714_20260310T091741_063563_07FCF3_A808
feature_0_part_1_split_1,0,SENTINEL-1,Sentinel-1A,S1A_IW_SLC__1SDV_20260310T091739_20260310T091806_063563_07FCF3_3AD3-SLC,SLC,DESCENDING,141,63563,637,2026-03-10T09:17:39Z,2026-03-10T09:18:06Z,S1A_IW_SLC__1SDV_20260310T091739_20260310T091806_063563_07FCF3_3AD3
feature_0_part_1_split_1,0,SENTINEL-1,Sentinel-1A,S1A_IW_SLC__1SDV_20260310T091804_20260310T091831_063563_07FCF3_2D9C-SLC,SLC,DESCENDING,141,63563,642,2026-03-10T09:18:04Z,2026-03-10T09:18:31Z,S1A_IW_SLC__1SDV_20260310T091804_20260310T091831_063563_07FCF3_2D9C
feature_0_part_1_split_1,0,SENTINEL-1,Sentinel-1A,S1A_IW_SLC__1SDV_20260310T091829_20260310T091856_063563_07FCF3_7D02-SLC,SLC,DESCENDING,141,63563,647,2026-03-10T09:18:29Z,2026-03-10T09:18:56Z,S1A_IW_SLC__1SDV_20260310T091829_20260310T091856_063563_07FCF3_7D02
feature_0_part_1_split_1,0,SENTINEL-1,Sentinel-1A,S1A_IW_SLC__1SDV_20260310T091918_20260310T091940_063563_07FCF3_903D-SLC,SLC,DESCENDING,141,63563,657,2026-03-10T09:19:18Z,2026-03-10T09:19:40Z,S1A_IW_SLC__1SDV_20260310T091918_20260310T091940_063563_07FCF3_903D
feature_0_part_1_split_1,0,SENTINEL-1,Sentinel-1C,S1C_IW_SLC__1SDV_20260310T221545_20260310T221611_006707_00D8B6_C4B9-SLC,SLC,ASCENDING,61,6707,1099,2026-03-10T22:15:45Z,2026-03-10T22:16:11Z,S1C_IW_SLC__1SDV_20260310T221545_20260310T221611_006707_00D8B6_C4B9
feature_0_part_1_split_1,0,SENTINEL-1,Sentinel-1A,S1A_IW_SLC__1SDV_20260311T082011_20260311T082038_063577_07FD7E_2C39-SLC,SLC,DESCENDING,155,63577,638,2026-03-11T08:20:11Z,2026-03-11T08:20:38Z,S1A_IW_SLC__1SDV_20260311T082011_20260311T082038_063577_07FD7E_2C39
feature_0_part_1_split_1,0,SENTINEL-1,Sentinel-1A,S1A_IW_SLC__1SDV_20260311T082036_20260311T082102_063577_07FD7E_628F-SLC,SLC,DESCENDING,155,63577,643,2026-03-11T08:20:36Z,2026-03-11T08:21:02Z,S1A_IW_SLC__1SDV_20260311T082036_20260311T082102_063577_07FD7E_628F
feature_0_part_1_split_1,0,SENTINEL-1,Sentinel-1A,S1A_IW_SLC__1SDV_20260311T082100_20260311T082114_063577_07FD7E_8204-SLC,SLC,DESCENDING,155,63577,648,2026-03-11T08:21:00Z,2026-03-11T08:21:14Z,S1A_IW_SLC__1SDV_20260311T082100_20260311T082114_063577_07FD7E_8204
feature_0_part_1_split_1,0,SENTINEL-1,Sentinel-1C,S1C_IW_SLC__1SDV_20260311T090946_20260311T091017_006714_00D8EE_9E45-SLC,SLC,DESCENDING,68,6714,653,2026-03-11T09:09:46Z,2026-03-11T09:10:17Z,S1C_IW_SLC__1SDV_20260311T090946_20260311T091017_006714_00D8EE_9E45
feature_0_part_1_split_1,0,SENTINEL-1,Sentinel-1C,S1C_IW_SLC__1SDV_20260311T091014_20260311T091041_006714_00D8EE_5D78-SLC,SLC,DESCENDING,68,6714,659,2026-03-11T09:10:14Z,2026-03-11T09:10:41Z,S1C_IW_SLC__1SDV_20260311T091014_20260311T091041_006714_00D8EE_5D78
feature_0_part_1_split_1,0,SENTINEL-1,Sentinel-1C,S1C_IW_SLC__1SDV_20260311T091039_20260311T091106_006714_00D8EE_F483-SLC,SLC,DESCENDING,68,6714,663,2026-03-11T09:10:39Z,2026-03-11T09:11:06Z,S1C_IW_SLC__1SDV_20260311T091039_20260311T091106_006714_00D8EE_F483
feature_0_part_1_split_1,0,SENTINEL-1,Sentinel-1C,S1C_IW_SLC__1SDV_20260311T091104_20260311T091131_006714_00D8EE_C1F1-SLC,SLC,DESCENDING,68,6714,668,2026-03-11T09:11:04Z,2026-03-11T09:11:31Z,S1C_IW_SLC__1SDV_20260311T091104_20260311T091131_006714_00D8EE_C1F1
feature_0_part_1_split_1,0,SENTINEL-1,Sentinel-1A,S1A_IW_SLC__1SDV_20260312T085920_20260312T085948_063592_07FE0C_ED8B-SLC,SLC,DESCENDING,170,63592,615,2026-03-12T08:59:20Z,2026-03-12T08:59:48Z,S1A_IW_SLC__1SDV_20260312T085920_20260312T085948_063592_07FE0C_ED8B
feature_0_part_1_split_1,0,SENTINEL-1,Sentinel-1A,S1A_IW_SLC__1SDV_20260312T085946_20260312T090013_063592_07FE0C_1276-SLC,SLC,DESCENDING,170,63592,620,2026-03-12T08:59:46Z,2026-03-12T09:00:13Z,S1A_IW_SLC__1SDV_20260312T085946_20260312T090013_063592_07FE0C_1276
feature_0_part_1_split_1,0,SENTINEL-1,Sentinel-1A,S1A_IW_SLC__1SDV_20260312T090010_20260312T090037_063592_07FE0C_4BEF-SLC,SLC,DESCENDING,170,63592,625,2026-03-12T09:00:10Z,2026-03-12T09:00:37Z,S1A_IW_SLC__1SDV_20260312T090010_20260312T090037_063592_07FE0C_4BEF
feature_0_part_1_split_1,0,SENTINEL-1,Sentinel-1A,S1A_IW_SLC__1SDV_20260312T090035_20260312T090102_063592_07FE0C_2008-SLC,SLC,DESCENDING,170,63592,630,2026-03-12T09:00:35Z,2026-03-12T09:01:02Z,S1A_IW_SLC__1SDV_20260312T090035_20260312T090102_063592_07FE0C_2008
feature_0_part_1_split_1,0,SENTINEL-1,Sentinel-1A,S1A_IW_SLC__1SDV_20260312T090100_20260312T090127_063592_07FE0C_349A-SLC,SLC,DESCENDING,170,63592,635,2026-03-12T09:01:00Z,2026-03-12T09:01:27Z,S1A_IW_SLC__1SDV_20260312T090100_20260312T090127_063592_07FE0C_349A
feature_0_part_1_split_1,0,SENTINEL-1,Sentinel-1A,S1A_IW_SLC__1SDV_20260312T090125_20260312T090152_063592_07FE0C_21EF-SLC,SLC,DESCENDING,170,63592,640,2026-03-12T09:01:25Z,2026-03-12T09:01:52Z,S1A_IW_SLC__1SDV_20260312T090125_20260312T090152_063592_07FE0C_21EF
feature_0_part_1_split_1,0,SENTINEL-1,Sentinel-1A,S1A_IW_SLC__1SDV_20260312T090150_20260312T090218_063592_07FE0C_B07A-SLC,SLC,DESCENDING,170,63592,645,2026-03-12T09:01:50Z,2026-03-12T09:02:18Z,S1A_IW_SLC__1SDV_20260312T090150_20260312T090218_063592_07FE0C_B07A
feature_0_part_1_split_1,0,SENTINEL-1,Sentinel-1A,S1A_IW_SLC__1SDV_20260312T090215_20260312T090243_063592_07FE0C_9000-SLC,SLC,DESCENDING,170,63592,650,2026-03-12T09:02:15Z,2026-03-12T09:02:43Z,S1A_IW_SLC__1SDV_20260312T090215_20260312T090243_063592_07FE0C_9000
feature_0_part_1_split_1,0,SENTINEL-1,Sentinel-1A,S1A_IW_SLC__1SDV_20260312T090240_20260312T090305_063592_07FE0C_F4D3-SLC,SLC,DESCENDING,170,63592,655,2026-03-12T09:02:40Z,2026-03-12T09:03:05Z,S1A_IW_SLC__1SDV_20260312T090240_20260312T090305_063592_07FE0C_F4D3
feature_0_part_1_split_1,0,SENTINEL-1,Sentinel-1A,S1A_IW_SLC__1SDV_20260312T211637_20260312T211707_063599_07FE5A_AE83-SLC,SLC,ASCENDING,2,63599,1168,2026-03-12T21:16:37Z,2026-03-12T21:17:07Z,S1A_IW_SLC__1SDV_20260312T211637_20260312T211707_063599_07FE5A_AE83
feature_0_part_1_split_1,0,SENTINEL-1,Sentinel-1C,S1C_IW_SLC__1SDV_20260313T085349_20260313T085420_006743_00D9F3_0ADA-SLC,SLC,DESCENDING,97,6743,659,2026-03-13T08:53:49Z,2026-03-13T08:54:20Z,S1C_IW_SLC__1SDV_20260313T085349_20260313T085420_006743_00D9F3_0ADA
feature_0_part_1_split_1,0,SENTINEL-1,Sentinel-1C,S1C_IW_SLC__1SDV_20260313T085418_20260313T085445_006743_00D9F3_5996-SLC,SLC,DESCENDING,97,6743,665,2026-03-13T08:54:18Z,2026-03-13T08:54:45Z,S1C_IW_SLC__1SDV_20260313T085418_20260313T085445_006743_00D9F3_5996
feature_0_part_1_split_1,0,SENTINEL-1,Sentinel-1A,S1A_IW_SLC__1SDV_20260313T094151_20260313T094219_063607_07FEA1_EEDE-SLC,SLC,DESCENDING,10,63607,631,2026-03-13T09:41:51Z,2026-03-13T09:42:19Z,S1A_IW_SLC__1SDV_20260313T094151_20260313T094219_063607_07FEA1_EEDE
feature_0_part_1_split_1,0,SENTINEL-1,Sentinel-1A,S1A_IW_SLC__1SDV_20260314T084128_20260314T084155_063621_07FF27_5618-SLC,SLC,DESCENDING,24,63621,598,2026-03-14T08:41:28Z,2026-03-14T08:41:55Z,S1A_IW_SLC__1SDV_20260314T084128_20260314T084155_063621_07FF27_5618
feature_0_part_1_split_1,0,SENTINEL-1,Sentinel-1A,S1A_IW_SLC__1SDV_20260314T084153_20260314T084220_063621_07FF27_0D3D-SLC,SLC,DESCENDING,24,63621,603,2026-03-14T08:41:53Z,2026-03-14T08:42:20Z,S1A_IW_SLC__1SDV_20260314T084153_20260314T084220_063621_07FF27_0D3D
feature_0_part_1_split_1,0,SENTINEL-1,Sentinel-1A,S1A_IW_SLC__1SDV_20260314T084218_20260314T084245_063621_07FF27_2041-SLC,SLC,DESCENDING,24,63621,608,2026-03-14T08:42:18Z,2026-03-14T08:42:45Z,S1A_IW_SLC__1SDV_20260314T084218_20260314T084245_063621_07FF27_2041
feature_0_part_1_split_1,0,SENTINEL-1,Sentinel-1A,S1A_IW_SLC__1SDV_20260314T084243_20260314T084310_063621_07FF27_4466-SLC,SLC,DESCENDING,24,63621,613,2026-03-14T08:42:43Z,2026-03-14T08:43:10Z,S1A_IW_SLC__1SDV_20260314T084243_20260314T084310_063621_07FF27_4466
feature_0_part_1_split_1,0,SENTINEL-1,Sentinel-1A,S1A_IW_SLC__1SDV_20260314T084307_20260314T084335_063621_07FF27_C818-SLC,SLC,DESCENDING,24,63621,618,2026-03-14T08:43:07Z,2026-03-14T08:43:35Z,S1A_IW_SLC__1SDV_20260314T084307_20260314T084335_063621_07FF27_C818
feature_0_part_1_split_1,0,SENTINEL-1,Sentinel-1A,S1A_IW_SLC__1SDV_20260314T084333_20260314T084400_063621_07FF27_22B0-SLC,SLC,DESCENDING,24,63621,623,2026-03-14T08:43:33Z,2026-03-14T08:44:00Z,S1A_IW_SLC__1SDV_20260314T084333_20260314T084400_063621_07FF27_22B0
feature_0_part_1_split_1,0,SENTINEL-1,Sentinel-1A,S1A_IW_SLC__1SDV_20260314T084358_20260314T084425_063621_07FF27_A244-SLC,SLC,DESCENDING,24,63621,628,2026-03-14T08:43:58Z,2026-03-14T08:44:25Z,S1A_IW_SLC__1SDV_20260314T084358_20260314T084425_063621_07FF27_A244
feature_0_part_1_split_1,0,SENTINEL-1,Sentinel-1A,S1A_IW_SLC__1SDV_20260314T084423_20260314T084450_063621_07FF27_99E5-SLC,SLC,DESCENDING,24,63621,633,2026-03-14T08:44:23Z,2026-03-14T08:44:50Z,S1A_IW_SLC__1SDV_20260314T084423_20260314T084450_063621_07FF27_99E5
feature_0_part_1_split_1,0,SENTINEL-1,Sentinel-1A,S1A_IW_SLC__1SDV_20260314T084448_20260314T084515_063621_07FF27_3658-SLC,SLC,DESCENDING,24,63621,638,2026-03-14T08:44:48Z,2026-03-14T08:45:15Z,S1A_IW_SLC__1SDV_20260314T084448_20260314T084515_063621_07FF27_3658
feature_0_part_1_split_1,0,SENTINEL-1,Sentinel-1A,S1A_IW_SLC__1SDV_20260314T084513_20260314T084540_063621_07FF27_29EA-SLC,SLC,DESCENDING,24,63621,643,2026-03-14T08:45:13Z,2026-03-14T08:45:40Z,S1A_IW_SLC__1SDV_20260314T084513_20260314T084540_063621_07FF27_29EA
feature_0_part_1_split_1,0,SENTINEL-1,Sentinel-1A,S1A_IW_SLC__1SDV_20260314T084537_20260314T084605_063621_07FF27_05FE-SLC,SLC,DESCENDING,24,63621,648,2026-03-14T08:45:37Z,2026-03-14T08:46:05Z,S1A_IW_SLC__1SDV_20260314T084537_20260314T084605_063621_07FF27_05FE
feature_0_part_1_split_1,0,SENTINEL-1,Sentinel-1A,S1A_IW_SLC__1SDV_20260314T084603_20260314T084630_063621_07FF27_9DED-SLC,SLC,DESCENDING,24,63621,653,2026-03-14T08:46:03Z,2026-03-14T08:46:30Z,S1A_IW_SLC__1SDV_20260314T084603_20260314T084630_063621_07FF27_9DED
feature_0_part_1_split_1,0,SENTINEL-1,Sentinel-1A,S1A_IW_SLC__1SDV_20260314T084628_20260314T084652_063621_07FF27_F992-SLC,SLC,DESCENDING,24,63621,658,2026-03-14T08:46:28Z,2026-03-14T08:46:52Z,S1A_IW_SLC__1SDV_20260314T084628_20260314T084652_063621_07FF27_F992
feature_0_part_1_split_1,0,SENTINEL-1,Sentinel-1C,S1C_IW_SLC__1SDV_20260314T093338_20260314T093409_006758_00DA7D_E03E-SLC,SLC,DESCENDING,112,6758,643,2026-03-14T09:33:38Z,2026-03-14T09:34:09Z,S1C_IW_SLC__1SDV_20260314T093338_20260314T093409_006758_00DA7D_E03E
feature_0_part_1_split_1,0,SENTINEL-1,Sentinel-1C,S1C_IW_SLC__1SDV_20260315T083548_20260315T083619_006772_00DAEF_15A2-SLC,SLC,DESCENDING,126,6772,640,2026-03-15T08:35:48Z,2026-03-15T08:36:19Z,S1C_IW_SLC__1SDV_20260315T083548_20260315T083619_006772_00DAEF_15A2
feature_0_part_1_split_1,0,SENTINEL-1,Sentinel-1C,S1C_IW_SLC__1SDV_20260315T083617_20260315T083644_006772_00DAEF_6E66-SLC,SLC,DESCENDING,126,6772,646,2026-03-15T08:36:17Z,2026-03-15T08:36:44Z,S1C_IW_SLC__1SDV_20260315T083617_20260315T083644_006772_00DAEF_6E66
feature_0_part_1_split_1,0,SENTINEL-1,Sentinel-1C,S1C_IW_SLC__1SDV_20260315T083641_20260315T083708_006772_00DAEF_380A-SLC,SLC,DESCENDING,126,6772,651,2026-03-15T08:36:41Z,2026-03-15T08:37:08Z,S1C_IW_SLC__1SDV_20260315T083641_20260315T083708_006772_00DAEF_380A
feature_0_part_1_split_1,0,SENTINEL-1,Sentinel-1C,S1C_IW_SLC__1SDV_20260315T083706_20260315T083733_006772_00DAEF_8168-SLC,SLC,DESCENDING,126,6772,656,2026-03-15T08:37:06Z,2026-03-15T08:37:33Z,S1C_IW_SLC__1SDV_20260315T083706_20260315T083733_006772_00DAEF_8168
feature_0_part_1_split_1,0,SENTINEL-1,Sentinel-1C,S1C_IW_SLC__1SDV_20260315T083731_20260315T083758_006772_00DAEF_17E0-SLC,SLC,DESCENDING,126,6772,661,2026-03-15T08:37:31Z,2026-03-15T08:37:58Z,S1C_IW_SLC__1SDV_20260315T083731_20260315T083758_006772_00DAEF_17E0
feature_0_part_1_split_1,0,SENTINEL-1,Sentinel-1C,S1C_IW_SLC__1SDV_20260315T083756_20260315T083824_006772_00DAEF_0A3E-SLC,SLC,DESCENDING,126,6772,666,2026-03-15T08:37:56Z,2026-03-15T08:38:24Z,S1C_IW_SLC__1SDV_20260315T083756_20260315T083824_006772_00DAEF_0A3E
feature_0_part_1_split_1,0,SENTINEL-1,Sentinel-1C,S1C_IW_SLC__1SDV_20260315T083822_20260315T083849_006772_00DAEF_D4B9-SLC,SLC,DESCENDING,126,6772,671,2026-03-15T08:38:22Z,2026-03-15T08:38:49Z,S1C_IW_SLC__1SDV_20260315T083822_20260315T083849_006772_00DAEF_D4B9
feature_0_part_1_split_1,0,SENTINEL-1,Sentinel-1C,S1C_IW_SLC__1SDV_20260315T083847_20260315T083914_006772_00DAEF_0828-SLC,SLC,DESCENDING,126,6772,676,2026-03-15T08:38:47Z,2026-03-15T08:39:14Z,S1C_IW_SLC__1SDV_20260315T083847_20260315T083914_006772_00DAEF_0828
feature_0_part_1_split_1,0,SENTINEL-1,Sentinel-1A,S1A_IW_SLC__1SDV_20260315T092521_20260315T092549_063636_07FFB2_1886-SLC,SLC,DESCENDING,39,63636,631,2026-03-15T09:25:21Z,2026-03-15T09:25:49Z,S1A_IW_SLC__1SDV_20260315T092521_20260315T092549_063636_07FFB2_1886
feature_0_part_1_split_1,0,SENTINEL-1,Sentinel-1A,S1A_IW_SLC__1SDV_20260315T092546_20260315T092613_063636_07FFB2_10CE-SLC,SLC,DESCENDING,39,63636,636,2026-03-15T09:25:46Z,2026-03-15T09:26:13Z,S1A_IW_SLC__1SDV_20260315T092546_20260315T092613_063636_07FFB2_10CE
feature_0_part_1_split_1,0,SENTINEL-1,Sentinel-1A,S1A_IW_SLC__1SDV_20260315T092611_20260315T092638_063636_07FFB2_FE09-SLC,SLC,DESCENDING,39,63636,641,2026-03-15T09:26:11Z,2026-03-15T09:26:38Z,S1A_IW_SLC__1SDV_20260315T092611_20260315T092638_063636_07FFB2_FE09
feature_0_part_1_split_1,0,SENTINEL-1,Sentinel-1A,S1A_IW_SLC__1SDV_20260315T092636_20260315T092709_063636_07FFB2_73D1-SLC,SLC,DESCENDING,39,63636,646,2026-03-15T09:26:36Z,2026-03-15T09:27:09Z,S1A_IW_SLC__1SDV_20260315T092636_20260315T092709_063636_07FFB2_73D1
feature_0_part_1_split_1,0,SENTINEL-1,Sentinel-1A,S1A_IW_SLC__1SDV_20260316T082514_20260316T082544_063650_080038_21FB-SLC,SLC,DESCENDING,53,63650,600,2026-03-16T08:25:14Z,2026-03-16T08:25:44Z,S1A_IW_SLC__1SDV_20260316T082514_20260316T082544_063650_080038_21FB
feature_0_part_1_split_1,0,SENTINEL-1,Sentinel-1A,S1A_IW_SLC__1SDV_20260316T082541_20260316T082609_063650_080038_2099-SLC,SLC,DESCENDING,53,63650,606,2026-03-16T08:25:41Z,2026-03-16T08:26:09Z,S1A_IW_SLC__1SDV_20260316T082541_20260316T082609_063650_080038_2099
feature_0_part_1_split_1,0,SENTINEL-1,Sentinel-1A,S1A_IW_SLC__1SDV_20260316T082607_20260316T082634_063650_080038_0AD5-SLC,SLC,DESCENDING,53,63650,611,2026-03-16T08:26:07Z,2026-03-16T08:26:34Z,S1A_IW_SLC__1SDV_20260316T082607_20260316T082634_063650_080038_0AD5
feature_0_part_1_split_1,0,SENTINEL-1,Sentinel-1A,S1A_IW_SLC__1SDV_20260316T082632_20260316T082659_063650_080038_48A6-SLC,SLC,DESCENDING,53,63650,616,2026-03-16T08:26:32Z,2026-03-16T08:26:59Z,S1A_IW_SLC__1SDV_20260316T082632_20260316T082659_063650_080038_48A6
feature_0_part_1_split_1,0,SENTINEL-1,Sentinel-1A,S1A_IW_SLC__1SDV_20260316T082746_20260316T082814_063650_080038_2A53-SLC,SLC,DESCENDING,53,63650,631,2026-03-16T08:27:46Z,2026-03-16T08:28:14Z,S1A_IW_SLC__1SDV_20260316T082746_20260316T082814_063650_080038_2A53
feature_0_part_1_split_1,0,SENTINEL-1,Sentinel-1A,S1A_IW_SLC__1SDV_20260316T082812_20260316T082839_063650_080038_11CB-SLC,SLC,DESCENDING,53,63650,636,2026-03-16T08:28:12Z,2026-03-16T08:28:39Z,S1A_IW_SLC__1SDV_20260316T082812_20260316T082839_063650_080038_11CB
feature_0_part_1_split_1,0,SENTINEL-1,Sentinel-1A,S1A_IW_SLC__1SDV_20260316T082837_20260316T082851_063650_080038_9689-SLC,SLC,DESCENDING,53,63650,641,2026-03-16T08:28:37Z,2026-03-16T08:28:51Z,S1A_IW_SLC__1SDV_20260316T082837_20260316T082851_063650_080038_9689
feature_0_part_1_split_1,0,SENTINEL-1,Sentinel-1C,S1C_IW_SLC__1SDV_20260316T091836_20260316T091907_006787_00DB74_8F60-SLC,SLC,DESCENDING,141,6787,660,2026-03-16T09:18:36Z,2026-03-16T09:19:07Z,S1C_IW_SLC__1SDV_20260316T091836_20260316T091907_006787_00DB74_8F60
feature_0_part_1_split_1,0,SENTINEL-1,Sentinel-1C,S1C_IW_SLC__1SDV_20260316T091905_20260316T091932_006787_00DB74_DAE9-SLC,SLC,DESCENDING,141,6787,666,2026-03-16T09:19:05Z,2026-03-16T09:19:32Z,S1C_IW_SLC__1SDV_20260316T091905_20260316T091932_006787_00DB74_DAE9
feature_0_part_1_split_1,0,SENTINEL-1,Sentinel-1C,S1C_IW_SLC__1SDV_20260317T082013_20260317T082044_006801_00DBF4_FE22-SLC,SLC,DESCENDING,155,6801,651,2026-03-17T08:20:13Z,2026-03-17T08:20:44Z,S1C_IW_SLC__1SDV_20260317T082013_20260317T082044_006801_00DBF4_FE22
feature_0_part_1_split_1,0,SENTINEL-1,Sentinel-1C,S1C_IW_SLC__1SDV_20260317T082042_20260317T082109_006801_00DBF4_978E-SLC,SLC,DESCENDING,155,6801,656,2026-03-17T08:20:42Z,2026-03-17T08:21:09Z,S1C_IW_SLC__1SDV_20260317T082042_20260317T082109_006801_00DBF4_978E
feature_0_part_1_split_1,0,SENTINEL-1,Sentinel-1A,S1A_IW_SLC__1SDV_20260317T090826_20260317T090853_063665_0800C7_9076-SLC,SLC,DESCENDING,68,63665,625,2026-03-17T09:08:26Z,2026-03-17T09:08:53Z,S1A_IW_SLC__1SDV_20260317T090826_20260317T090853_063665_0800C7_9076
feature_0_part_1_split_1,0,SENTINEL-1,Sentinel-1A,S1A_IW_SLC__1SDV_20260317T090915_20260317T090943_063665_0800C7_16FF-SLC,SLC,DESCENDING,68,63665,635,2026-03-17T09:09:15Z,2026-03-17T09:09:43Z,S1A_IW_SLC__1SDV_20260317T090915_20260317T090943_063665_0800C7_16FF
feature_0_part_1_split_1,0,SENTINEL-1,Sentinel-1A,S1A_IW_SLC__1SDV_20260317T090941_20260317T091008_063665_0800C7_D78B-SLC,SLC,DESCENDING,68,63665,640,2026-03-17T09:09:41Z,2026-03-17T09:10:08Z,S1A_IW_SLC__1SDV_20260317T090941_20260317T091008_063665_0800C7_D78B
feature_0_part_1_split_1,0,SENTINEL-1,Sentinel-1A,S1A_IW_SLC__1SDV_20260317T091006_20260317T091033_063665_0800C7_182F-SLC,SLC,DESCENDING,68,63665,645,2026-03-17T09:10:06Z,2026-03-17T09:10:33Z,S1A_IW_SLC__1SDV_20260317T091006_20260317T091033_063665_0800C7_182F
feature_0_part_1_split_1,0,SENTINEL-1,Sentinel-1A,S1A_IW_SLC__1SDV_20260317T091031_20260317T091052_063665_0800C7_C7E0-SLC,SLC,DESCENDING,68,63665,650,2026-03-17T09:10:31Z,2026-03-17T09:10:52Z,S1A_IW_SLC__1SDV_20260317T091031_20260317T091052_063665_0800C7_C7E0
feature_0_part_1_split_1,0,SENTINEL-1,Sentinel-1C,S1C_IW_SLC__1SDV_20260317T220740_20260317T220801_006809_00DC3F_2312-SLC,SLC,ASCENDING,163,6809,1101,2026-03-17T22:07:40Z,2026-03-17T22:08:01Z,S1C_IW_SLC__1SDV_20260317T220740_20260317T220801_006809_00DC3F_2312
feature_0_part_1_split_1,0,SENTINEL-1,Sentinel-1C,S1C_IW_SLC__1SDV_20260318T090155_20260318T090226_006816_00DC7D_5F80-SLC,SLC,DESCENDING,170,6816,657,2026-03-18T09:01:55Z,2026-03-18T09:02:26Z,S1C_IW_SLC__1SDV_20260318T090155_20260318T090226_006816_00DC7D_5F80
feature_0_part_1_split_1,0,SENTINEL-1,Sentinel-1C,S1C_IW_SLC__1SDV_20260318T090224_20260318T090251_006816_00DC7D_6B0C-SLC,SLC,DESCENDING,170,6816,663,2026-03-18T09:02:24Z,2026-03-18T09:02:51Z,S1C_IW_SLC__1SDV_20260318T090224_20260318T090251_006816_00DC7D_6B0C
feature_0_part_1_split_1,0,SENTINEL-1,Sentinel-1C,S1C_IW_SLC__1SDV_20260318T090248_20260318T090315_006816_00DC7D_B308-SLC,SLC,DESCENDING,170,6816,668,2026-03-18T09:02:48Z,2026-03-18T09:03:15Z,S1C_IW_SLC__1SDV_20260318T090248_20260318T090315_006816_00DC7D_B308
feature_0_part_1_split_1,0,SENTINEL-1,Sentinel-1C,S1C_IW_SLC__1SDV_20260318T090313_20260318T090340_006816_00DC7D_7203-SLC,SLC,DESCENDING,170,6816,673,2026-03-18T09:03:13Z,2026-03-18T09:03:40Z,S1C_IW_SLC__1SDV_20260318T090313_20260318T090340_006816_00DC7D_7203
feature_0_part_1_split_1,0,SENTINEL-1,Sentinel-1A,S1A_IW_SLC__1SDV_20260319T085024_20260319T085051_063694_0801C8_B48C-SLC,SLC,DESCENDING,97,63694,606,2026-03-19T08:50:24Z,2026-03-19T08:50:51Z,S1A_IW_SLC__1SDV_20260319T085024_20260319T085051_063694_0801C8_B48C
feature_0_part_1_split_1,0,SENTINEL-1,Sentinel-1A,S1A_IW_SLC__1SDV_20260319T085049_20260319T085116_063694_0801C8_E0FD-SLC,SLC,DESCENDING,97,63694,611,2026-03-19T08:50:49Z,2026-03-19T08:51:16Z,S1A_IW_SLC__1SDV_20260319T085049_20260319T085116_063694_0801C8_E0FD
feature_0_part_1_split_1,0,SENTINEL-1,Sentinel-1A,S1A_IW_SLC__1SDV_20260319T085114_20260319T085141_063694_0801C8_58F0-SLC,SLC,DESCENDING,97,63694,616,2026-03-19T08:51:14Z,2026-03-19T08:51:41Z,S1A_IW_SLC__1SDV_20260319T085114_20260319T085141_063694_0801C8_58F0
feature_0_part_1_split_1,0,SENTINEL-1,Sentinel-1A,S1A_IW_SLC__1SDV_20260319T085139_20260319T085206_063694_0801C8_3D0C-SLC,SLC,DESCENDING,97,63694,621,2026-03-19T08:51:39Z,2026-03-19T08:52:06Z,S1A_IW_SLC__1SDV_20260319T085139_20260319T085206_063694_0801C8_3D0C
feature_0_part_1_split_1,0,SENTINEL-1,Sentinel-1A,S1A_IW_SLC__1SDV_20260319T085204_20260319T085231_063694_0801C8_18CE-SLC,SLC,DESCENDING,97,63694,626,2026-03-19T08:52:04Z,2026-03-19T08:52:31Z,S1A_IW_SLC__1SDV_20260319T085204_20260319T085231_063694_0801C8_18CE
feature_0_part_1_split_1,0,SENTINEL-1,Sentinel-1A,S1A_IW_SLC__1SDV_20260319T085229_20260319T085256_063694_0801C8_120B-SLC,SLC,DESCENDING,97,63694,631,2026-03-19T08:52:29Z,2026-03-19T08:52:56Z,S1A_IW_SLC__1SDV_20260319T085229_20260319T085256_063694_0801C8_120B
feature_0_part_1_split_1,0,SENTINEL-1,Sentinel-1A,S1A_IW_SLC__1SDV_20260319T085254_20260319T085321_063694_0801C8_9DEE-SLC,SLC,DESCENDING,97,63694,636,2026-03-19T08:52:54Z,2026-03-19T08:53:21Z,S1A_IW_SLC__1SDV_20260319T085254_20260319T085321_063694_0801C8_9DEE
feature_0_part_1_split_1,0,SENTINEL-1,Sentinel-1A,S1A_IW_SLC__1SDV_20260319T085319_20260319T085346_063694_0801C8_D4EB-SLC,SLC,DESCENDING,97,63694,641,2026-03-19T08:53:19Z,2026-03-19T08:53:46Z,S1A_IW_SLC__1SDV_20260319T085319_20260319T085346_063694_0801C8_D4EB
feature_0_part_1_split_1,0,SENTINEL-1,Sentinel-1A,S1A_IW_SLC__1SDV_20260319T085343_20260319T085411_063694_0801C8_5740-SLC,SLC,DESCENDING,97,63694,646,2026-03-19T08:53:43Z,2026-03-19T08:54:11Z,S1A_IW_SLC__1SDV_20260319T085343_20260319T085411_063694_0801C8_5740
feature_0_part_1_split_1,0,SENTINEL-1,Sentinel-1A,S1A_IW_SLC__1SDV_20260319T085409_20260319T085436_063694_0801C8_A695-SLC,SLC,DESCENDING,97,63694,651,2026-03-19T08:54:09Z,2026-03-19T08:54:36Z,S1A_IW_SLC__1SDV_20260319T085409_20260319T085436_063694_0801C8_A695
feature_0_part_1_split_1,0,SENTINEL-1,Sentinel-1A,S1A_IW_SLC__1SDV_20260319T085434_20260319T085458_063694_0801C8_30BD-SLC,SLC,DESCENDING,97,63694,656,2026-03-19T08:54:34Z,2026-03-19T08:54:58Z,S1A_IW_SLC__1SDV_20260319T085434_20260319T085458_063694_0801C8_30BD
feature_0_part_1_split_1,0,SENTINEL-1,Sentinel-1C,S1C_IW_SLC__1SDV_20260320T084546_20260320T084616_006845_00DD6E_CA47-SLC,SLC,DESCENDING,24,6845,661,2026-03-20T08:45:46Z,2026-03-20T08:46:16Z,S1C_IW_SLC__1SDV_20260320T084546_20260320T084616_006845_00DD6E_CA47
feature_0_part_1_split_1,0,SENTINEL-1,Sentinel-1C,S1C_IW_SLC__1SDV_20260320T084614_20260320T084641_006845_00DD6E_17DD-SLC,SLC,DESCENDING,24,6845,667,2026-03-20T08:46:14Z,2026-03-20T08:46:41Z,S1C_IW_SLC__1SDV_20260320T084614_20260320T084641_006845_00DD6E_17DD
feature_0_part_1_split_1,0,SENTINEL-1,Sentinel-1C,S1C_IW_SLC__1SDV_20260320T084639_20260320T084706_006845_00DD6E_8674-SLC,SLC,DESCENDING,24,6845,672,2026-03-20T08:46:39Z,2026-03-20T08:47:06Z,S1C_IW_SLC__1SDV_20260320T084639_20260320T084706_006845_00DD6E_8674
feature_0_part_1_split_1,0,SENTINEL-1,Sentinel-1A,S1A_IW_SLC__1SDV_20260320T093332_20260320T093400_063709_080261_A9D5-SLC,SLC,DESCENDING,112,63709,630,2026-03-20T09:33:32Z,2026-03-20T09:34:00Z,S1A_IW_SLC__1SDV_20260320T093332_20260320T093400_063709_080261_A9D5
feature_0_part_1_split_1,0,SENTINEL-1,Sentinel-1A,S1A_IW_SLC__1SDV_20260320T093358_20260320T093425_063709_080261_DBF6-SLC,SLC,DESCENDING,112,63709,635,2026-03-20T09:33:58Z,2026-03-20T09:34:25Z,S1A_IW_SLC__1SDV_20260320T093358_20260320T093425_063709_080261_DBF6
feature_0_part_1_split_1,0,SENTINEL-1,Sentinel-1A,S1A_IW_SLC__1SDV_20260320T093423_20260320T093450_063709_080261_6DA1-SLC,SLC,DESCENDING,112,63709,640,2026-03-20T09:34:23Z,2026-03-20T09:34:50Z,S1A_IW_SLC__1SDV_20260320T093423_20260320T093450_063709_080261_6DA1
feature_0_part_1_split_1,0,SENTINEL-1,Sentinel-1A,S1A_IW_SLC__1SDV_20260321T083320_20260321T083350_063723_0802EB_D8D3-SLC,SLC,DESCENDING,126,63723,599,2026-03-21T08:33:20Z,2026-03-21T08:33:50Z,S1A_IW_SLC__1SDV_20260321T083320_20260321T083350_063723_0802EB_D8D3
feature_0_part_1_split_1,0,SENTINEL-1,Sentinel-1A,S1A_IW_SLC__1SDV_20260321T083348_20260321T083416_063723_0802EB_697E-SLC,SLC,DESCENDING,126,63723,604,2026-03-21T08:33:48Z,2026-03-21T08:34:16Z,S1A_IW_SLC__1SDV_20260321T083348_20260321T083416_063723_0802EB_697E
feature_0_part_1_split_1,0,SENTINEL-1,Sentinel-1A,S1A_IW_SLC__1SDV_20260321T083413_20260321T083440_063723_0802EB_7B00-SLC,SLC,DESCENDING,126,63723,610,2026-03-21T08:34:13Z,2026-03-21T08:34:40Z,S1A_IW_SLC__1SDV_20260321T083413_20260321T083440_063723_0802EB_7B00
feature_0_part_1_split_1,0,SENTINEL-1,Sentinel-1A,S1A_IW_SLC__1SDV_20260321T083438_20260321T083505_063723_0802EB_45B4-SLC,SLC,DESCENDING,126,63723,614,2026-03-21T08:34:38Z,2026-03-21T08:35:05Z,S1A_IW_SLC__1SDV_20260321T083438_20260321T083505_063723_0802EB_45B4
feature_0_part_1_split_1,0,SENTINEL-1,Sentinel-1A,S1A_IW_SLC__1SDV_20260321T083503_20260321T083530_063723_0802EB_9ED8-SLC,SLC,DESCENDING,126,63723,619,2026-03-21T08:35:03Z,2026-03-21T08:35:30Z,S1A_IW_SLC__1SDV_20260321T083503_20260321T083530_063723_0802EB_9ED8
feature_0_part_1_split_1,0,SENTINEL-1,Sentinel-1A,S1A_IW_SLC__1SDV_20260321T083528_20260321T083555_063723_0802EB_C1FF-SLC,SLC,DESCENDING,126,63723,624,2026-03-21T08:35:28Z,2026-03-21T08:35:55Z,S1A_IW_SLC__1SDV_20260321T083528_20260321T083555_063723_0802EB_C1FF
feature_0_part_1_split_1,0,SENTINEL-1,Sentinel-1A,S1A_IW_SLC__1SDV_20260321T083553_20260321T083621_063723_0802EB_0291-SLC,SLC,DESCENDING,126,63723,629,2026-03-21T08:35:53Z,2026-03-21T08:36:21Z,S1A_IW_SLC__1SDV_20260321T083553_20260321T083621_063723_0802EB_0291
feature_0_part_1_split_1,0,SENTINEL-1,Sentinel-1A,S1A_IW_SLC__1SDV_20260321T083618_20260321T083645_063723_0802EB_5867-SLC,SLC,DESCENDING,126,63723,635,2026-03-21T08:36:18Z,2026-03-21T08:36:45Z,S1A_IW_SLC__1SDV_20260321T083618_20260321T083645_063723_0802EB_5867
feature_0_part_1_split_1,0,SENTINEL-1,Sentinel-1A,S1A_IW_SLC__1SDV_20260321T083643_20260321T083657_063723_0802EB_27A9-SLC,SLC,DESCENDING,126,63723,639,2026-03-21T08:36:43Z,2026-03-21T08:36:57Z,S1A_IW_SLC__1SDV_20260321T083643_20260321T083657_063723_0802EB_27A9
feature_0_part_1_split_1,0,SENTINEL-1,Sentinel-1A,S1A_IW_SLC__1SDV_20260321T083829_20260321T083859_063723_0802EC_3B09-SLC,SLC,DESCENDING,126,63723,661,2026-03-21T08:38:29Z,2026-03-21T08:38:59Z,S1A_IW_SLC__1SDV_20260321T083829_20260321T083859_063723_0802EC_3B09
feature_0_part_1_split_1,0,SENTINEL-1,Sentinel-1A,S1A_IW_SLC__1SDV_20260321T083857_20260321T083924_063723_0802EC_43F3-SLC,SLC,DESCENDING,126,63723,666,2026-03-21T08:38:57Z,2026-03-21T08:39:24Z,S1A_IW_SLC__1SDV_20260321T083857_20260321T083924_063723_0802EC_43F3
feature_0_part_1_split_1,0,SENTINEL-1,Sentinel-1A,S1A_IW_SLC__1SDV_20260321T083922_20260321T083949_063723_0802EC_7CC1-SLC,SLC,DESCENDING,126,63723,671,2026-03-21T08:39:22Z,2026-03-21T08:39:49Z,S1A_IW_SLC__1SDV_20260321T083922_20260321T083949_063723_0802EC_7CC1
feature_0_part_1_split_1,0,SENTINEL-1,Sentinel-1C,S1C_IW_SLC__1SDV_20260322T082739_20260322T082810_006874_00DE65_1F0F-SLC,SLC,DESCENDING,53,6874,641,2026-03-22T08:27:39Z,2026-03-22T08:28:10Z,S1C_IW_SLC__1SDV_20260322T082739_20260322T082810_006874_00DE65_1F0F
feature_0_part_1_split_1,0,SENTINEL-1,Sentinel-1C,S1C_IW_SLC__1SDV_20260322T082808_20260322T082835_006874_00DE65_6906-SLC,SLC,DESCENDING,53,6874,647,2026-03-22T08:28:08Z,2026-03-22T08:28:35Z,S1C_IW_SLC__1SDV_20260322T082808_20260322T082835_006874_00DE65_6906
feature_0_part_1_split_1,0,SENTINEL-1,Sentinel-1C,S1C_IW_SLC__1SDV_20260322T082833_20260322T082900_006874_00DE65_F283-SLC,SLC,DESCENDING,53,6874,652,2026-03-22T08:28:33Z,2026-03-22T08:29:00Z,S1C_IW_SLC__1SDV_20260322T082833_20260322T082900_006874_00DE65_F283
feature_0_part_1_split_1,0,SENTINEL-1,Sentinel-1C,S1C_IW_SLC__1SDV_20260322T082858_20260322T082924_006874_00DE65_460C-SLC,SLC,DESCENDING,53,6874,657,2026-03-22T08:28:58Z,2026-03-22T08:29:24Z,S1C_IW_SLC__1SDV_20260322T082858_20260322T082924_006874_00DE65_460C
feature_0_part_1_split_1,0,SENTINEL-1,Sentinel-1C,S1C_IW_SLC__1SDV_20260322T082922_20260322T082949_006874_00DE65_CA83-SLC,SLC,DESCENDING,53,6874,662,2026-03-22T08:29:22Z,2026-03-22T08:29:49Z,S1C_IW_SLC__1SDV_20260322T082922_20260322T082949_006874_00DE65_CA83
feature_0_part_1_split_1,0,SENTINEL-1,Sentinel-1C,S1C_IW_SLC__1SDV_20260322T082947_20260322T083015_006874_00DE65_6577-SLC,SLC,DESCENDING,53,6874,667,2026-03-22T08:29:47Z,2026-03-22T08:30:15Z,S1C_IW_SLC__1SDV_20260322T082947_20260322T083015_006874_00DE65_6577
feature_0_part_1_split_1,0,SENTINEL-1,Sentinel-1A,S1A_IW_SLC__1SDV_20260322T091714_20260322T091741_063738_08037C_70A0-SLC,SLC,DESCENDING,141,63738,632,2026-03-22T09:17:14Z,2026-03-22T09:17:41Z,S1A_IW_SLC__1SDV_20260322T091714_20260322T091741_063738_08037C_70A0
feature_0_part_1_split_1,0,SENTINEL-1,Sentinel-1A,S1A_IW_SLC__1SDV_20260322T091739_20260322T091806_063738_08037C_8230-SLC,SLC,DESCENDING,141,63738,637,2026-03-22T09:17:39Z,2026-03-22T09:18:06Z,S1A_IW_SLC__1SDV_20260322T091739_20260322T091806_063738_08037C_8230
feature_0_part_1_split_1,0,SENTINEL-1,Sentinel-1A,S1A_IW_SLC__1SDV_20260322T091804_20260322T091831_063738_08037C_441D-SLC,SLC,DESCENDING,141,63738,642,2026-03-22T09:18:04Z,2026-03-22T09:18:31Z,S1A_IW_SLC__1SDV_20260322T091804_20260322T091831_063738_08037C_441D
feature_0_part_1_split_1,0,SENTINEL-1,Sentinel-1A,S1A_IW_SLC__1SDV_20260322T091829_20260322T091856_063738_08037C_75C7-SLC,SLC,DESCENDING,141,63738,647,2026-03-22T09:18:29Z,2026-03-22T09:18:56Z,S1A_IW_SLC__1SDV_20260322T091829_20260322T091856_063738_08037C_75C7
feature_0_part_1_split_1,0,SENTINEL-1,Sentinel-1A,S1A_IW_SLC__1SDV_20260322T091918_20260322T091940_063738_08037C_3B70-SLC,SLC,DESCENDING,141,63738,657,2026-03-22T09:19:18Z,2026-03-22T09:19:40Z,S1A_IW_SLC__1SDV_20260322T091918_20260322T091940_063738_08037C_3B70
feature_0_part_1_split_1,0,SENTINEL-1,Sentinel-1C,S1C_IW_SLC__1SDV_20260322T221545_20260322T221611_006882_00DEB2_88D9-SLC,SLC,ASCENDING,61,6882,1099,2026-03-22T22:15:45Z,2026-03-22T22:16:11Z,S1C_IW_SLC__1SDV_20260322T221545_20260322T221611_006882_00DEB2_88D9
feature_0_part_1_split_1,0,SENTINEL-1,Sentinel-1A,S1A_IW_SLC__1SDV_20260323T082011_20260323T082038_063752_080405_57D3-SLC,SLC,DESCENDING,155,63752,638,2026-03-23T08:20:11Z,2026-03-23T08:20:38Z,S1A_IW_SLC__1SDV_20260323T082011_20260323T082038_063752_080405_57D3
feature_0_part_1_split_1,0,SENTINEL-1,Sentinel-1A,S1A_IW_SLC__1SDV_20260323T082036_20260323T082103_063752_080405_D480-SLC,SLC,DESCENDING,155,63752,643,2026-03-23T08:20:36Z,2026-03-23T08:21:03Z,S1A_IW_SLC__1SDV_20260323T082036_20260323T082103_063752_080405_D480
feature_0_part_1_split_1,0,SENTINEL-1,Sentinel-1A,S1A_IW_SLC__1SDV_20260323T082100_20260323T082114_063752_080405_9CCB-SLC,SLC,DESCENDING,155,63752,648,2026-03-23T08:21:00Z,2026-03-23T08:21:14Z,S1A_IW_SLC__1SDV_20260323T082100_20260323T082114_063752_080405_9CCB
feature_0_part_1_split_1,0,SENTINEL-1,Sentinel-1C,S1C_IW_SLC__1SDV_20260323T090946_20260323T091017_006889_00DEEC_479F-SLC,SLC,DESCENDING,68,6889,653,2026-03-23T09:09:46Z,2026-03-23T09:10:17Z,S1C_IW_SLC__1SDV_20260323T090946_20260323T091017_006889_00DEEC_479F
feature_0_part_1_split_1,0,SENTINEL-1,Sentinel-1C,S1C_IW_SLC__1SDV_20260323T091015_20260323T091042_006889_00DEEC_ACD0-SLC,SLC,DESCENDING,68,6889,659,2026-03-23T09:10:15Z,2026-03-23T09:10:42Z,S1C_IW_SLC__1SDV_20260323T091015_20260323T091042_006889_00DEEC_ACD0
feature_0_part_1_split_1,0,SENTINEL-1,Sentinel-1C,S1C_IW_SLC__1SDV_20260323T091039_20260323T091106_006889_00DEEC_2127-SLC,SLC,DESCENDING,68,6889,663,2026-03-23T09:10:39Z,2026-03-23T09:11:06Z,S1C_IW_SLC__1SDV_20260323T091039_20260323T091106_006889_00DEEC_2127
feature_0_part_1_split_1,0,SENTINEL-1,Sentinel-1C,S1C_IW_SLC__1SDV_20260323T091104_20260323T091131_006889_00DEEC_CCF7-SLC,SLC,DESCENDING,68,6889,668,2026-03-23T09:11:04Z,2026-03-23T09:11:31Z,S1C_IW_SLC__1SDV_20260323T091104_20260323T091131_006889_00DEEC_CCF7
feature_0_part_1_split_1,0,SENTINEL-1,Sentinel-1A,S1A_IW_SLC__1SDV_20260324T085920_20260324T085948_063767_08048E_1B24-SLC,SLC,DESCENDING,170,63767,615,2026-03-24T08:59:20Z,2026-03-24T08:59:48Z,S1A_IW_SLC__1SDV_20260324T085920_20260324T085948_063767_08048E_1B24
feature_0_part_1_split_1,0,SENTINEL-1,Sentinel-1A,S1A_IW_SLC__1SDV_20260324T085946_20260324T090013_063767_08048E_098C-SLC,SLC,DESCENDING,170,63767,620,2026-03-24T08:59:46Z,2026-03-24T09:00:13Z,S1A_IW_SLC__1SDV_20260324T085946_20260324T090013_063767_08048E_098C
feature_0_part_1_split_1,0,SENTINEL-1,Sentinel-1A,S1A_IW_SLC__1SDV_20260324T090011_20260324T090037_063767_08048E_CA21-SLC,SLC,DESCENDING,170,63767,625,2026-03-24T09:00:11Z,2026-03-24T09:00:37Z,S1A_IW_SLC__1SDV_20260324T090011_20260324T090037_063767_08048E_CA21
feature_0_part_1_split_1,0,SENTINEL-1,Sentinel-1A,S1A_IW_SLC__1SDV_20260324T090035_20260324T090102_063767_08048E_EF46-SLC,SLC,DESCENDING,170,63767,630,2026-03-24T09:00:35Z,2026-03-24T09:01:02Z,S1A_IW_SLC__1SDV_20260324T090035_20260324T090102_063767_08048E_EF46
feature_0_part_1_split_1,0,SENTINEL-1,Sentinel-1A,S1A_IW_SLC__1SDV_20260324T090100_20260324T090127_063767_08048E_AA9C-SLC,SLC,DESCENDING,170,63767,635,2026-03-24T09:01:00Z,2026-03-24T09:01:27Z,S1A_IW_SLC__1SDV_20260324T090100_20260324T090127_063767_08048E_AA9C
feature_0_part_1_split_1,0,SENTINEL-1,Sentinel-1A,S1A_IW_SLC__1SDV_20260324T090125_20260324T090152_063767_08048E_B48A-SLC,SLC,DESCENDING,170,63767,640,2026-03-24T09:01:25Z,2026-03-24T09:01:52Z,S1A_IW_SLC__1SDV_20260324T090125_20260324T090152_063767_08048E_B48A
feature_0_part_1_split_1,0,SENTINEL-1,Sentinel-1A,S1A_IW_SLC__1SDV_20260324T090150_20260324T090218_063767_08048E_B516-SLC,SLC,DESCENDING,170,63767,645,2026-03-24T09:01:50Z,2026-03-24T09:02:18Z,S1A_IW_SLC__1SDV_20260324T090150_20260324T090218_063767_08048E_B516
feature_0_part_1_split_1,0,SENTINEL-1,Sentinel-1A,S1A_IW_SLC__1SDV_20260324T090215_20260324T090243_063767_08048E_428B-SLC,SLC,DESCENDING,170,63767,650,2026-03-24T09:02:15Z,2026-03-24T09:02:43Z,S1A_IW_SLC__1SDV_20260324T090215_20260324T090243_063767_08048E_428B
feature_0_part_1_split_1,0,SENTINEL-1,Sentinel-1A,S1A_IW_SLC__1SDV_20260324T090240_20260324T090305_063767_08048E_8F09-SLC,SLC,DESCENDING,170,63767,655,2026-03-24T09:02:40Z,2026-03-24T09:03:05Z,S1A_IW_SLC__1SDV_20260324T090240_20260324T090305_063767_08048E_8F09
feature_0_part_1_split_1,0,SENTINEL-1,Sentinel-1A,S1A_IW_SLC__1SDV_20260324T211637_20260324T211707_063774_0804DE_CFF1-SLC,SLC,ASCENDING,2,63774,1168,2026-03-24T21:16:37Z,2026-03-24T21:17:07Z,S1A_IW_SLC__1SDV_20260324T211637_20260324T211707_063774_0804DE_CFF1
feature_0_part_1_split_1,0,SENTINEL-1,Sentinel-1C,S1C_IW_SLC__1SDV_20260325T085349_20260325T085420_006918_00DFF2_3B10-SLC,SLC,DESCENDING,97,6918,659,2026-03-25T08:53:49Z,2026-03-25T08:54:20Z,S1C_IW_SLC__1SDV_20260325T085349_20260325T085420_006918_00DFF2_3B10
feature_0_part_1_split_1,0,SENTINEL-1,Sentinel-1C,S1C_IW_SLC__1SDV_20260325T085418_20260325T085445_006918_00DFF2_FEC8-SLC,SLC,DESCENDING,97,6918,665,2026-03-25T08:54:18Z,2026-03-25T08:54:45Z,S1C_IW_SLC__1SDV_20260325T085418_20260325T085445_006918_00DFF2_FEC8
feature_0_part_1_split_1,0,SENTINEL-1,Sentinel-1A,S1A_IW_SLC__1SDV_20260325T094151_20260325T094219_063782_080528_BD79-SLC,SLC,DESCENDING,10,63782,631,2026-03-25T09:41:51Z,2026-03-25T09:42:19Z,S1A_IW_SLC__1SDV_20260325T094151_20260325T094219_063782_080528_BD79
feature_0_part_1_split_1,0,SENTINEL-1,Sentinel-1A,S1A_IW_SLC__1SDV_20260326T084128_20260326T084155_063796_0805AE_AAD7-SLC,SLC,DESCENDING,24,63796,598,2026-03-26T08:41:28Z,2026-03-26T08:41:55Z,S1A_IW_SLC__1SDV_20260326T084128_20260326T084155_063796_0805AE_AAD7
feature_0_part_1_split_1,0,SENTINEL-1,Sentinel-1A,S1A_IW_SLC__1SDV_20260326T084153_20260326T084220_063796_0805AE_1E39-SLC,SLC,DESCENDING,24,63796,603,2026-03-26T08:41:53Z,2026-03-26T08:42:20Z,S1A_IW_SLC__1SDV_20260326T084153_20260326T084220_063796_0805AE_1E39
feature_0_part_1_split_1,0,SENTINEL-1,Sentinel-1A,S1A_IW_SLC__1SDV_20260326T084218_20260326T084245_063796_0805AE_74BE-SLC,SLC,DESCENDING,24,63796,608,2026-03-26T08:42:18Z,2026-03-26T08:42:45Z,S1A_IW_SLC__1SDV_20260326T084218_20260326T084245_063796_0805AE_74BE
feature_0_part_1_split_1,0,SENTINEL-1,Sentinel-1A,S1A_IW_SLC__1SDV_20260326T084243_20260326T084310_063796_0805AE_9B6E-SLC,SLC,DESCENDING,24,63796,613,2026-03-26T08:42:43Z,2026-03-26T08:43:10Z,S1A_IW_SLC__1SDV_20260326T084243_20260326T084310_063796_0805AE_9B6E
feature_0_part_1_split_1,0,SENTINEL-1,Sentinel-1A,S1A_IW_SLC__1SDV_20260326T084308_20260326T084335_063796_0805AE_074C-SLC,SLC,DESCENDING,24,63796,618,2026-03-26T08:43:08Z,2026-03-26T08:43:35Z,S1A_IW_SLC__1SDV_20260326T084308_20260326T084335_063796_0805AE_074C
feature_0_part_1_split_1,0,SENTINEL-1,Sentinel-1A,S1A_IW_SLC__1SDV_20260326T084333_20260326T084400_063796_0805AE_CF02-SLC,SLC,DESCENDING,24,63796,623,2026-03-26T08:43:33Z,2026-03-26T08:44:00Z,S1A_IW_SLC__1SDV_20260326T084333_20260326T084400_063796_0805AE_CF02
feature_0_part_1_split_1,0,SENTINEL-1,Sentinel-1A,S1A_IW_SLC__1SDV_20260326T084358_20260326T084425_063796_0805AE_993C-SLC,SLC,DESCENDING,24,63796,628,2026-03-26T08:43:58Z,2026-03-26T08:44:25Z,S1A_IW_SLC__1SDV_20260326T084358_20260326T084425_063796_0805AE_993C
feature_0_part_1_split_1,0,SENTINEL-1,Sentinel-1A,S1A_IW_SLC__1SDV_20260326T084423_20260326T084450_063796_0805AE_0AB9-SLC,SLC,DESCENDING,24,63796,633,2026-03-26T08:44:23Z,2026-03-26T08:44:50Z,S1A_IW_SLC__1SDV_20260326T084423_20260326T084450_063796_0805AE_0AB9
feature_0_part_1_split_1,0,SENTINEL-1,Sentinel-1A,S1A_IW_SLC__1SDV_20260326T084448_20260326T084515_063796_0805AE_3D76-SLC,SLC,DESCENDING,24,63796,638,2026-03-26T08:44:48Z,2026-03-26T08:45:15Z,S1A_IW_SLC__1SDV_20260326T084448_20260326T084515_063796_0805AE_3D76
feature_0_part_1_split_1,0,SENTINEL-1,Sentinel-1A,S1A_IW_SLC__1SDV_20260326T084513_20260326T084540_063796_0805AE_A45C-SLC,SLC,DESCENDING,24,63796,643,2026-03-26T08:45:13Z,2026-03-26T08:45:40Z,S1A_IW_SLC__1SDV_20260326T084513_20260326T084540_063796_0805AE_A45C
feature_0_part_1_split_1,0,SENTINEL-1,Sentinel-1A,S1A_IW_SLC__1SDV_20260326T084537_20260326T084605_063796_0805AE_DDBC-SLC,SLC,DESCENDING,24,63796,648,2026-03-26T08:45:37Z,2026-03-26T08:46:05Z,S1A_IW_SLC__1SDV_20260326T084537_20260326T084605_063796_0805AE_DDBC
feature_0_part_1_split_1,0,SENTINEL-1,Sentinel-1A,S1A_IW_SLC__1SDV_20260326T084603_20260326T084630_063796_0805AE_37EC-SLC,SLC,DESCENDING,24,63796,653,2026-03-26T08:46:03Z,2026-03-26T08:46:30Z,S1A_IW_SLC__1SDV_20260326T084603_20260326T084630_063796_0805AE_37EC
feature_0_part_1_split_1,0,SENTINEL-1,Sentinel-1A,S1A_IW_SLC__1SDV_20260326T084628_20260326T084652_063796_0805AE_DE51-SLC,SLC,DESCENDING,24,63796,658,2026-03-26T08:46:28Z,2026-03-26T08:46:52Z,S1A_IW_SLC__1SDV_20260326T084628_20260326T084652_063796_0805AE_DE51
feature_0_part_1_split_1,0,SENTINEL-1,Sentinel-1C,S1C_IW_SLC__1SDV_20260326T093338_20260326T093409_006933_00E07B_0895-SLC,SLC,DESCENDING,112,6933,643,2026-03-26T09:33:38Z,2026-03-26T09:34:09Z,S1C_IW_SLC__1SDV_20260326T093338_20260326T093409_006933_00E07B_0895
feature_0_part_1_split_1,0,SENTINEL-1,Sentinel-1C,S1C_IW_SLC__1SDV_20260327T083548_20260327T083619_006947_00E0E5_6B7B-SLC,SLC,DESCENDING,126,6947,640,2026-03-27T08:35:48Z,2026-03-27T08:36:19Z,S1C_IW_SLC__1SDV_20260327T083548_20260327T083619_006947_00E0E5_6B7B
feature_0_part_1_split_1,0,SENTINEL-1,Sentinel-1C,S1C_IW_SLC__1SDV_20260327T083617_20260327T083644_006947_00E0E5_C11C-SLC,SLC,DESCENDING,126,6947,646,2026-03-27T08:36:17Z,2026-03-27T08:36:44Z,S1C_IW_SLC__1SDV_20260327T083617_20260327T083644_006947_00E0E5_C11C
feature_0_part_1_split_1,0,SENTINEL-1,Sentinel-1C,S1C_IW_SLC__1SDV_20260327T083642_20260327T083709_006947_00E0E5_6D46-SLC,SLC,DESCENDING,126,6947,651,2026-03-27T08:36:42Z,2026-03-27T08:37:09Z,S1C_IW_SLC__1SDV_20260327T083642_20260327T083709_006947_00E0E5_6D46
feature_0_part_1_split_1,0,SENTINEL-1,Sentinel-1C,S1C_IW_SLC__1SDV_20260327T083707_20260327T083734_006947_00E0E5_2940-SLC,SLC,DESCENDING,126,6947,656,2026-03-27T08:37:07Z,2026-03-27T08:37:34Z,S1C_IW_SLC__1SDV_20260327T083707_20260327T083734_006947_00E0E5_2940
feature_0_part_1_split_1,0,SENTINEL-1,Sentinel-1C,S1C_IW_SLC__1SDV_20260327T083731_20260327T083758_006947_00E0E5_FCAC-SLC,SLC,DESCENDING,126,6947,661,2026-03-27T08:37:31Z,2026-03-27T08:37:58Z,S1C_IW_SLC__1SDV_20260327T083731_20260327T083758_006947_00E0E5_FCAC
feature_0_part_1_split_1,0,SENTINEL-1,Sentinel-1C,S1C_IW_SLC__1SDV_20260327T083756_20260327T083824_006947_00E0E5_7F47-SLC,SLC,DESCENDING,126,6947,666,2026-03-27T08:37:56Z,2026-03-27T08:38:24Z,S1C_IW_SLC__1SDV_20260327T083756_20260327T083824_006947_00E0E5_7F47
feature_0_part_1_split_1,0,SENTINEL-1,Sentinel-1C,S1C_IW_SLC__1SDV_20260327T083822_20260327T083849_006947_00E0E5_2F4A-SLC,SLC,DESCENDING,126,6947,671,2026-03-27T08:38:22Z,2026-03-27T08:38:49Z,S1C_IW_SLC__1SDV_20260327T083822_20260327T083849_006947_00E0E5_2F4A
feature_0_part_1_split_1,0,SENTINEL-1,Sentinel-1C,S1C_IW_SLC__1SDV_20260327T083847_20260327T083914_006947_00E0E5_F9D6-SLC,SLC,DESCENDING,126,6947,676,2026-03-27T08:38:47Z,2026-03-27T08:39:14Z,S1C_IW_SLC__1SDV_20260327T083847_20260327T083914_006947_00E0E5_F9D6
feature_0_part_1_split_1,0,SENTINEL-1,Sentinel-1A,S1A_IW_SLC__1SDV_20260327T092521_20260327T092549_063811_080638_5CEC-SLC,SLC,DESCENDING,39,63811,631,2026-03-27T09:25:21Z,2026-03-27T09:25:49Z,S1A_IW_SLC__1SDV_20260327T092521_20260327T092549_063811_080638_5CEC
feature_0_part_1_split_1,0,SENTINEL-1,Sentinel-1A,S1A_IW_SLC__1SDV_20260327T092546_20260327T092613_063811_080638_9D8F-SLC,SLC,DESCENDING,39,63811,636,2026-03-27T09:25:46Z,2026-03-27T09:26:13Z,S1A_IW_SLC__1SDV_20260327T092546_20260327T092613_063811_080638_9D8F
feature_0_part_1_split_1,0,SENTINEL-1,Sentinel-1A,S1A_IW_SLC__1SDV_20260327T092611_20260327T092638_063811_080638_ED5C-SLC,SLC,DESCENDING,39,63811,641,2026-03-27T09:26:11Z,2026-03-27T09:26:38Z,S1A_IW_SLC__1SDV_20260327T092611_20260327T092638_063811_080638_ED5C
feature_0_part_1_split_1,0,SENTINEL-1,Sentinel-1A,S1A_IW_SLC__1SDV_20260327T092636_20260327T092709_063811_080638_0257-SLC,SLC,DESCENDING,39,63811,646,2026-03-27T09:26:36Z,2026-03-27T09:27:09Z,S1A_IW_SLC__1SDV_20260327T092636_20260327T092709_063811_080638_0257
feature_0_part_1_split_1,0,SENTINEL-1,Sentinel-1A,S1A_IW_SLC__1SDV_20260328T082514_20260328T082544_063825_0806C0_470D-SLC,SLC,DESCENDING,53,63825,600,2026-03-28T08:25:14Z,2026-03-28T08:25:44Z,S1A_IW_SLC__1SDV_20260328T082514_20260328T082544_063825_0806C0_470D
feature_0_part_1_split_1,0,SENTINEL-1,Sentinel-1A,S1A_IW_SLC__1SDV_20260328T082541_20260328T082609_063825_0806C0_D62C-SLC,SLC,DESCENDING,53,63825,606,2026-03-28T08:25:41Z,2026-03-28T08:26:09Z,S1A_IW_SLC__1SDV_20260328T082541_20260328T082609_063825_0806C0_D62C
feature_0_part_1_split_1,0,SENTINEL-1,Sentinel-1A,S1A_IW_SLC__1SDV_20260328T082607_20260328T082634_063825_0806C0_B099-SLC,SLC,DESCENDING,53,63825,611,2026-03-28T08:26:07Z,2026-03-28T08:26:34Z,S1A_IW_SLC__1SDV_20260328T082607_20260328T082634_063825_0806C0_B099
feature_0_part_1_split_1,0,SENTINEL-1,Sentinel-1A,S1A_IW_SLC__1SDV_20260328T082632_20260328T082659_063825_0806C0_5F67-SLC,SLC,DESCENDING,53,63825,616,2026-03-28T08:26:32Z,2026-03-28T08:26:59Z,S1A_IW_SLC__1SDV_20260328T082632_20260328T082659_063825_0806C0_5F67
feature_0_part_1_split_1,0,SENTINEL-1,Sentinel-1A,S1A_IW_SLC__1SDV_20260328T082747_20260328T082814_063825_0806C0_C68D-SLC,SLC,DESCENDING,53,63825,631,2026-03-28T08:27:47Z,2026-03-28T08:28:14Z,S1A_IW_SLC__1SDV_20260328T082747_20260328T082814_063825_0806C0_C68D
feature_0_part_1_split_1,0,SENTINEL-1,Sentinel-1A,S1A_IW_SLC__1SDV_20260328T082812_20260328T082839_063825_0806C0_D736-SLC,SLC,DESCENDING,53,63825,636,2026-03-28T08:28:12Z,2026-03-28T08:28:39Z,S1A_IW_SLC__1SDV_20260328T082812_20260328T082839_063825_0806C0_D736
feature_0_part_1_split_1,0,SENTINEL-1,Sentinel-1A,S1A_IW_SLC__1SDV_20260328T082837_20260328T082851_063825_0806C0_9DAE-SLC,SLC,DESCENDING,53,63825,641,2026-03-28T08:28:37Z,2026-03-28T08:28:51Z,S1A_IW_SLC__1SDV_20260328T082837_20260328T082851_063825_0806C0_9DAE
feature_0_part_1_split_1,0,SENTINEL-1,Sentinel-1C,S1C_IW_SLC__1SDV_20260328T091836_20260328T091907_006962_00E16C_63A6-SLC,SLC,DESCENDING,141,6962,660,2026-03-28T09:18:36Z,2026-03-28T09:19:07Z,S1C_IW_SLC__1SDV_20260328T091836_20260328T091907_006962_00E16C_63A6
feature_0_part_1_split_1,0,SENTINEL-1,Sentinel-1C,S1C_IW_SLC__1SDV_20260328T091905_20260328T091932_006962_00E16C_4A07-SLC,SLC,DESCENDING,141,6962,666,2026-03-28T09:19:05Z,2026-03-28T09:19:32Z,S1C_IW_SLC__1SDV_20260328T091905_20260328T091932_006962_00E16C_4A07
feature_0_part_1_split_1,0,SENTINEL-1,Sentinel-1C,S1C_IW_SLC__1SDV_20260329T082014_20260329T082044_006976_00E1F3_5D61-SLC,SLC,DESCENDING,155,6976,651,2026-03-29T08:20:14Z,2026-03-29T08:20:44Z,S1C_IW_SLC__1SDV_20260329T082014_20260329T082044_006976_00E1F3_5D61
feature_0_part_1_split_1,0,SENTINEL-1,Sentinel-1C,S1C_IW_SLC__1SDV_20260329T082042_20260329T082109_006976_00E1F3_D4D2-SLC,SLC,DESCENDING,155,6976,656,2026-03-29T08:20:42Z,2026-03-29T08:21:09Z,S1C_IW_SLC__1SDV_20260329T082042_20260329T082109_006976_00E1F3_D4D2
feature_0_part_1_split_1,0,SENTINEL-1,Sentinel-1C,S1C_IW_SLC__1SDV_20260329T220741_20260329T220801_006984_00E240_9E55-SLC,SLC,ASCENDING,163,6984,1101,2026-03-29T22:07:41Z,2026-03-29T22:08:01Z,S1C_IW_SLC__1SDV_20260329T220741_20260329T220801_006984_00E240_9E55
feature_0_part_1_split_1,0,SENTINEL-1,Sentinel-1C,S1C_IW_SLC__1SDV_20260330T090156_20260330T090226_006991_00E27F_DD81-SLC,SLC,DESCENDING,170,6991,657,2026-03-30T09:01:56Z,2026-03-30T09:02:26Z,S1C_IW_SLC__1SDV_20260330T090156_20260330T090226_006991_00E27F_DD81
feature_0_part_1_split_1,0,SENTINEL-1,Sentinel-1C,S1C_IW_SLC__1SDV_20260330T090224_20260330T090251_006991_00E27F_B5F2-SLC,SLC,DESCENDING,170,6991,663,2026-03-30T09:02:24Z,2026-03-30T09:02:51Z,S1C_IW_SLC__1SDV_20260330T090224_20260330T090251_006991_00E27F_B5F2
feature_0_part_1_split_1,0,SENTINEL-1,Sentinel-1C,S1C_IW_SLC__1SDV_20260330T090249_20260330T090316_006991_00E27F_39D4-SLC,SLC,DESCENDING,170,6991,668,2026-03-30T09:02:49Z,2026-03-30T09:03:16Z,S1C_IW_SLC__1SDV_20260330T090249_20260330T090316_006991_00E27F_39D4
feature_0_part_1_split_1,0,SENTINEL-1,Sentinel-1C,S1C_IW_SLC__1SDV_20260330T090314_20260330T090341_006991_00E27F_74CA-SLC,SLC,DESCENDING,170,6991,673,2026-03-30T09:03:14Z,2026-03-30T09:03:41Z,S1C_IW_SLC__1SDV_20260330T090314_20260330T090341_006991_00E27F_74CA
feature_0_part_1_split_1,0,SENTINEL-1,Sentinel-1A,S1A_IW_SLC__1SDV_20260331T085024_20260331T085051_063869_08084D_1626-SLC,SLC,DESCENDING,97,63869,606,2026-03-31T08:50:24Z,2026-03-31T08:50:51Z,S1A_IW_SLC__1SDV_20260331T085024_20260331T085051_063869_08084D_1626
feature_0_part_1_split_1,0,SENTINEL-1,Sentinel-1A,S1A_IW_SLC__1SDV_20260331T085049_20260331T085116_063869_08084D_7C3B-SLC,SLC,DESCENDING,97,63869,611,2026-03-31T08:50:49Z,2026-03-31T08:51:16Z,S1A_IW_SLC__1SDV_20260331T085049_20260331T085116_063869_08084D_7C3B
feature_0_part_1_split_1,0,SENTINEL-1,Sentinel-1A,S1A_IW_SLC__1SDV_20260331T085114_20260331T085141_063869_08084D_EC81-SLC,SLC,DESCENDING,97,63869,616,2026-03-31T08:51:14Z,2026-03-31T08:51:41Z,S1A_IW_SLC__1SDV_20260331T085114_20260331T085141_063869_08084D_EC81
feature_0_part_1_split_1,0,SENTINEL-1,Sentinel-1A,S1A_IW_SLC__1SDV_20260331T085139_20260331T085206_063869_08084D_095C-SLC,SLC,DESCENDING,97,63869,621,2026-03-31T08:51:39Z,2026-03-31T08:52:06Z,S1A_IW_SLC__1SDV_20260331T085139_20260331T085206_063869_08084D_095C
feature_0_part_1_split_1,0,SENTINEL-1,Sentinel-1A,S1A_IW_SLC__1SDV_20260331T085204_20260331T085231_063869_08084D_54F9-SLC,SLC,DESCENDING,97,63869,626,2026-03-31T08:52:04Z,2026-03-31T08:52:31Z,S1A_IW_SLC__1SDV_20260331T085204_20260331T085231_063869_08084D_54F9
feature_0_part_1_split_1,0,SENTINEL-1,Sentinel-1A,S1A_IW_SLC__1SDV_20260331T085229_20260331T085256_063869_08084D_E480-SLC,SLC,DESCENDING,97,63869,631,2026-03-31T08:52:29Z,2026-03-31T08:52:56Z,S1A_IW_SLC__1SDV_20260331T085229_20260331T085256_063869_08084D_E480
feature_0_part_1_split_1,0,SENTINEL-1,Sentinel-1A,S1A_IW_SLC__1SDV_20260331T085254_20260331T085321_063869_08084D_0D4C-SLC,SLC,DESCENDING,97,63869,636,2026-03-31T08:52:54Z,2026-03-31T08:53:21Z,S1A_IW_SLC__1SDV_20260331T085254_20260331T085321_063869_08084D_0D4C
feature_0_part_1_split_1,0,SENTINEL-1,Sentinel-1A,S1A_IW_SLC__1SDV_20260331T085319_20260331T085346_063869_08084D_EBA4-SLC,SLC,DESCENDING,97,63869,641,2026-03-31T08:53:19Z,2026-03-31T08:53:46Z,S1A_IW_SLC__1SDV_20260331T085319_20260331T085346_063869_08084D_EBA4
feature_0_part_1_split_1,0,SENTINEL-1,Sentinel-1A,S1A_IW_SLC__1SDV_20260331T085343_20260331T085411_063869_08084D_BBD1-SLC,SLC,DESCENDING,97,63869,646,2026-03-31T08:53:43Z,2026-03-31T08:54:11Z,S1A_IW_SLC__1SDV_20260331T085343_20260331T085411_063869_08084D_BBD1
feature_0_part_1_split_1,0,SENTINEL-1,Sentinel-1A,S1A_IW_SLC__1SDV_20260331T085409_20260331T085436_063869_08084D_64BC-SLC,SLC,DESCENDING,97,63869,651,2026-03-31T08:54:09Z,2026-03-31T08:54:36Z,S1A_IW_SLC__1SDV_20260331T085409_20260331T085436_063869_08084D_64BC
feature_0_part_1_split_1,0,SENTINEL-1,Sentinel-1A,S1A_IW_SLC__1SDV_20260331T085434_20260331T085458_063869_08084D_0026-SLC,SLC,DESCENDING,97,63869,656,2026-03-31T08:54:34Z,2026-03-31T08:54:58Z,S1A_IW_SLC__1SDV_20260331T085434_20260331T085458_063869_08084D_0026
feature_0_part_1_split_1,0,SENTINEL-1,Sentinel-1C,S1C_IW_SLC__1SDV_20260401T084546_20260401T084617_007020_00E36E_7879-SLC,SLC,DESCENDING,24,7020,661,2026-04-01T08:45:46Z,2026-04-01T08:46:17Z,S1C_IW_SLC__1SDV_20260401T084546_20260401T084617_007020_00E36E_7879
feature_0_part_1_split_1,0,SENTINEL-1,Sentinel-1C,S1C_IW_SLC__1SDV_20260401T084615_20260401T084641_007020_00E36E_CD81-SLC,SLC,DESCENDING,24,7020,667,2026-04-01T08:46:15Z,2026-04-01T08:46:41Z,S1C_IW_SLC__1SDV_20260401T084615_20260401T084641_007020_00E36E_CD81
feature_0_part_1_split_1,0,SENTINEL-1,Sentinel-1C,S1C_IW_SLC__1SDV_20260401T084639_20260401T084706_007020_00E36E_60C8-SLC,SLC,DESCENDING,24,7020,672,2026-04-01T08:46:39Z,2026-04-01T08:47:06Z,S1C_IW_SLC__1SDV_20260401T084639_20260401T084706_007020_00E36E_60C8
feature_0_part_1_split_1,0,SENTINEL-1,Sentinel-1A,S1A_IW_SLC__1SDV_20260401T093332_20260401T093400_063884_0808E4_068A-SLC,SLC,DESCENDING,112,63884,630,2026-04-01T09:33:32Z,2026-04-01T09:34:00Z,S1A_IW_SLC__1SDV_20260401T093332_20260401T093400_063884_0808E4_068A
feature_0_part_1_split_1,0,SENTINEL-1,Sentinel-1A,S1A_IW_SLC__1SDV_20260401T093358_20260401T093425_063884_0808E4_B6DD-SLC,SLC,DESCENDING,112,63884,635,2026-04-01T09:33:58Z,2026-04-01T09:34:25Z,S1A_IW_SLC__1SDV_20260401T093358_20260401T093425_063884_0808E4_B6DD
feature_0_part_1_split_1,0,SENTINEL-1,Sentinel-1A,S1A_IW_SLC__1SDV_20260401T093423_20260401T093450_063884_0808E4_8F1B-SLC,SLC,DESCENDING,112,63884,640,2026-04-01T09:34:23Z,2026-04-01T09:34:50Z,S1A_IW_SLC__1SDV_20260401T093423_20260401T093450_063884_0808E4_8F1B
feature_0_part_1_split_1,0,SENTINEL-1,Sentinel-1A,S1A_IW_SLC__1SDV_20260402T083320_20260402T083350_063898_080973_DA5E-SLC,SLC,DESCENDING,126,63898,599,2026-04-02T08:33:20Z,2026-04-02T08:33:50Z,S1A_IW_SLC__1SDV_20260402T083320_20260402T083350_063898_080973_DA5E
feature_0_part_1_split_1,0,SENTINEL-1,Sentinel-1A,S1A_IW_SLC__1SDV_20260402T083348_20260402T083415_063898_080973_D410-SLC,SLC,DESCENDING,126,63898,604,2026-04-02T08:33:48Z,2026-04-02T08:34:15Z,S1A_IW_SLC__1SDV_20260402T083348_20260402T083415_063898_080973_D410
feature_0_part_1_split_1,0,SENTINEL-1,Sentinel-1A,S1A_IW_SLC__1SDV_20260402T083413_20260402T083440_063898_080973_729A-SLC,SLC,DESCENDING,126,63898,610,2026-04-02T08:34:13Z,2026-04-02T08:34:40Z,S1A_IW_SLC__1SDV_20260402T083413_20260402T083440_063898_080973_729A
feature_0_part_1_split_1,0,SENTINEL-1,Sentinel-1A,S1A_IW_SLC__1SDV_20260402T083438_20260402T083505_063898_080973_AB95-SLC,SLC,DESCENDING,126,63898,614,2026-04-02T08:34:38Z,2026-04-02T08:35:05Z,S1A_IW_SLC__1SDV_20260402T083438_20260402T083505_063898_080973_AB95
feature_0_part_1_split_1,0,SENTINEL-1,Sentinel-1A,S1A_IW_SLC__1SDV_20260402T083503_20260402T083530_063898_080973_E290-SLC,SLC,DESCENDING,126,63898,619,2026-04-02T08:35:03Z,2026-04-02T08:35:30Z,S1A_IW_SLC__1SDV_20260402T083503_20260402T083530_063898_080973_E290
feature_0_part_1_split_1,0,SENTINEL-1,Sentinel-1A,S1A_IW_SLC__1SDV_20260402T083528_20260402T083555_063898_080973_4775-SLC,SLC,DESCENDING,126,63898,624,2026-04-02T08:35:28Z,2026-04-02T08:35:55Z,S1A_IW_SLC__1SDV_20260402T083528_20260402T083555_063898_080973_4775
feature_0_part_1_split_1,0,SENTINEL-1,Sentinel-1A,S1A_IW_SLC__1SDV_20260402T083553_20260402T083621_063898_080973_0A84-SLC,SLC,DESCENDING,126,63898,629,2026-04-02T08:35:53Z,2026-04-02T08:36:21Z,S1A_IW_SLC__1SDV_20260402T083553_20260402T083621_063898_080973_0A84
feature_0_part_1_split_1,0,SENTINEL-1,Sentinel-1A,S1A_IW_SLC__1SDV_20260402T083618_20260402T083645_063898_080973_71E1-SLC,SLC,DESCENDING,126,63898,635,2026-04-02T08:36:18Z,2026-04-02T08:36:45Z,S1A_IW_SLC__1SDV_20260402T083618_20260402T083645_063898_080973_71E1
feature_0_part_1_split_1,0,SENTINEL-1,Sentinel-1A,S1A_IW_SLC__1SDV_20260402T083643_20260402T083657_063898_080973_1643-SLC,SLC,DESCENDING,126,63898,639,2026-04-02T08:36:43Z,2026-04-02T08:36:57Z,S1A_IW_SLC__1SDV_20260402T083643_20260402T083657_063898_080973_1643
feature_0_part_1_split_1,0,SENTINEL-1,Sentinel-1A,S1A_IW_SLC__1SDV_20260402T083829_20260402T083859_063898_080974_B697-SLC,SLC,DESCENDING,126,63898,661,2026-04-02T08:38:29Z,2026-04-02T08:38:59Z,S1A_IW_SLC__1SDV_20260402T083829_20260402T083859_063898_080974_B697
feature_0_part_1_split_1,0,SENTINEL-1,Sentinel-1A,S1A_IW_SLC__1SDV_20260402T083856_20260402T083924_063898_080974_7629-SLC,SLC,DESCENDING,126,63898,666,2026-04-02T08:38:56Z,2026-04-02T08:39:24Z,S1A_IW_SLC__1SDV_20260402T083856_20260402T083924_063898_080974_7629
feature_0_part_1_split_1,0,SENTINEL-1,Sentinel-1A,S1A_IW_SLC__1SDV_20260402T083922_20260402T083949_063898_080974_7272-SLC,SLC,DESCENDING,126,63898,671,2026-04-02T08:39:22Z,2026-04-02T08:39:49Z,S1A_IW_SLC__1SDV_20260402T083922_20260402T083949_063898_080974_7272
feature_0_part_1_split_1,0,SENTINEL-1,Sentinel-1C,S1C_IW_SLC__1SDV_20260403T082740_20260403T082810_007049_00E456_2E52-SLC,SLC,DESCENDING,53,7049,641,2026-04-03T08:27:40Z,2026-04-03T08:28:10Z,S1C_IW_SLC__1SDV_20260403T082740_20260403T082810_007049_00E456_2E52
feature_0_part_1_split_1,0,SENTINEL-1,Sentinel-1C,S1C_IW_SLC__1SDV_20260403T082808_20260403T082835_007049_00E456_15AB-SLC,SLC,DESCENDING,53,7049,647,2026-04-03T08:28:08Z,2026-04-03T08:28:35Z,S1C_IW_SLC__1SDV_20260403T082808_20260403T082835_007049_00E456_15AB
feature_0_part_1_split_1,0,SENTINEL-1,Sentinel-1C,S1C_IW_SLC__1SDV_20260403T082833_20260403T082900_007049_00E456_3DB1-SLC,SLC,DESCENDING,53,7049,652,2026-04-03T08:28:33Z,2026-04-03T08:29:00Z,S1C_IW_SLC__1SDV_20260403T082833_20260403T082900_007049_00E456_3DB1
feature_0_part_1_split_1,0,SENTINEL-1,Sentinel-1C,S1C_IW_SLC__1SDV_20260403T082858_20260403T082925_007049_00E456_2406-SLC,SLC,DESCENDING,53,7049,657,2026-04-03T08:28:58Z,2026-04-03T08:29:25Z,S1C_IW_SLC__1SDV_20260403T082858_20260403T082925_007049_00E456_2406
feature_0_part_1_split_1,0,SENTINEL-1,Sentinel-1C,S1C_IW_SLC__1SDV_20260403T082923_20260403T082950_007049_00E456_BD95-SLC,SLC,DESCENDING,53,7049,662,2026-04-03T08:29:23Z,2026-04-03T08:29:50Z,S1C_IW_SLC__1SDV_20260403T082923_20260403T082950_007049_00E456_BD95
feature_0_part_1_split_1,0,SENTINEL-1,Sentinel-1C,S1C_IW_SLC__1SDV_20260403T082947_20260403T083015_007049_00E456_FC60-SLC,SLC,DESCENDING,53,7049,667,2026-04-03T08:29:47Z,2026-04-03T08:30:15Z,S1C_IW_SLC__1SDV_20260403T082947_20260403T083015_007049_00E456_FC60
feature_0_part_1_split_1,0,SENTINEL-1,Sentinel-1A,S1A_IW_SLC__1SDV_20260403T091713_20260403T091741_063913_0809FD_017D-SLC,SLC,DESCENDING,141,63913,632,2026-04-03T09:17:13Z,2026-04-03T09:17:41Z,S1A_IW_SLC__1SDV_20260403T091713_20260403T091741_063913_0809FD_017D
feature_0_part_1_split_1,0,SENTINEL-1,Sentinel-1A,S1A_IW_SLC__1SDV_20260403T091739_20260403T091806_063913_0809FD_9176-SLC,SLC,DESCENDING,141,63913,637,2026-04-03T09:17:39Z,2026-04-03T09:18:06Z,S1A_IW_SLC__1SDV_20260403T091739_20260403T091806_063913_0809FD_9176
feature_0_part_1_split_1,0,SENTINEL-1,Sentinel-1A,S1A_IW_SLC__1SDV_20260403T091804_20260403T091831_063913_0809FD_A371-SLC,SLC,DESCENDING,141,63913,642,2026-04-03T09:18:04Z,2026-04-03T09:18:31Z,S1A_IW_SLC__1SDV_20260403T091804_20260403T091831_063913_0809FD_A371
feature_0_part_1_split_1,0,SENTINEL-1,Sentinel-1A,S1A_IW_SLC__1SDV_20260403T091829_20260403T091856_063913_0809FD_6255-SLC,SLC,DESCENDING,141,63913,647,2026-04-03T09:18:29Z,2026-04-03T09:18:56Z,S1A_IW_SLC__1SDV_20260403T091829_20260403T091856_063913_0809FD_6255
feature_0_part_1_split_1,0,SENTINEL-1,Sentinel-1A,S1A_IW_SLC__1SDV_20260403T091918_20260403T091940_063913_0809FD_F844-SLC,SLC,DESCENDING,141,63913,657,2026-04-03T09:19:18Z,2026-04-03T09:19:40Z,S1A_IW_SLC__1SDV_20260403T091918_20260403T091940_063913_0809FD_F844
feature_0_part_1_split_1,0,SENTINEL-1,Sentinel-1C,S1C_IW_SLC__1SDV_20260403T221545_20260403T221611_007057_00E4A6_E2DC-SLC,SLC,ASCENDING,61,7057,1099,2026-04-03T22:15:45Z,2026-04-03T22:16:11Z,S1C_IW_SLC__1SDV_20260403T221545_20260403T221611_007057_00E4A6_E2DC
feature_0_part_1_split_1,0,SENTINEL-1,Sentinel-1A,S1A_IW_SLC__1SDV_20260404T082011_20260404T082038_063927_080A8D_C74E-SLC,SLC,DESCENDING,155,63927,638,2026-04-04T08:20:11Z,2026-04-04T08:20:38Z,S1A_IW_SLC__1SDV_20260404T082011_20260404T082038_063927_080A8D_C74E
feature_0_part_1_split_1,0,SENTINEL-1,Sentinel-1A,S1A_IW_SLC__1SDV_20260404T082035_20260404T082102_063927_080A8D_D388-SLC,SLC,DESCENDING,155,63927,643,2026-04-04T08:20:35Z,2026-04-04T08:21:02Z,S1A_IW_SLC__1SDV_20260404T082035_20260404T082102_063927_080A8D_D388
feature_0_part_1_split_1,0,SENTINEL-1,Sentinel-1A,S1A_IW_SLC__1SDV_20260404T082100_20260404T082114_063927_080A8D_DB66-SLC,SLC,DESCENDING,155,63927,648,2026-04-04T08:21:00Z,2026-04-04T08:21:14Z,S1A_IW_SLC__1SDV_20260404T082100_20260404T082114_063927_080A8D_DB66
feature_0_part_1_split_1,0,SENTINEL-1,Sentinel-1C,S1C_IW_SLC__1SDV_20260404T090946_20260404T091017_007064_00E4D9_A843-SLC,SLC,DESCENDING,68,7064,653,2026-04-04T09:09:46Z,2026-04-04T09:10:17Z,S1C_IW_SLC__1SDV_20260404T090946_20260404T091017_007064_00E4D9_A843
feature_0_part_1_split_1,0,SENTINEL-1,Sentinel-1C,S1C_IW_SLC__1SDV_20260404T091015_20260404T091042_007064_00E4D9_7C13-SLC,SLC,DESCENDING,68,7064,659,2026-04-04T09:10:15Z,2026-04-04T09:10:42Z,S1C_IW_SLC__1SDV_20260404T091015_20260404T091042_007064_00E4D9_7C13
feature_0_part_1_split_1,0,SENTINEL-1,Sentinel-1C,S1C_IW_SLC__1SDV_20260404T091040_20260404T091107_007064_00E4D9_FEA3-SLC,SLC,DESCENDING,68,7064,663,2026-04-04T09:10:40Z,2026-04-04T09:11:07Z,S1C_IW_SLC__1SDV_20260404T091040_20260404T091107_007064_00E4D9_FEA3
feature_0_part_1_split_1,0,SENTINEL-1,Sentinel-1C,S1C_IW_SLC__1SDV_20260404T091104_20260404T091131_007064_00E4D9_11D7-SLC,SLC,DESCENDING,68,7064,668,2026-04-04T09:11:04Z,2026-04-04T09:11:31Z,S1C_IW_SLC__1SDV_20260404T091104_20260404T091131_007064_00E4D9_11D7
feature_0_part_1_split_1,0,SENTINEL-1,Sentinel-1A,S1A_IW_SLC__1SDV_20260405T211637_20260405T211707_063949_080B60_5062-SLC,SLC,ASCENDING,2,63949,1168,2026-04-05T21:16:37Z,2026-04-05T21:17:07Z,S1A_IW_SLC__1SDV_20260405T211637_20260405T211707_063949_080B60_5062
feature_0_part_1_split_1,0,SENTINEL-1,Sentinel-1C,S1C_IW_SLC__1SDV_20260406T085350_20260406T085420_007093_00E5D9_FF4E-SLC,SLC,DESCENDING,97,7093,659,2026-04-06T08:53:50Z,2026-04-06T08:54:20Z,S1C_IW_SLC__1SDV_20260406T085350_20260406T085420_007093_00E5D9_FF4E
feature_0_part_1_split_1,0,SENTINEL-1,Sentinel-1C,S1C_IW_SLC__1SDV_20260406T085418_20260406T085445_007093_00E5D9_C952-SLC,SLC,DESCENDING,97,7093,665,2026-04-06T08:54:18Z,2026-04-06T08:54:45Z,S1C_IW_SLC__1SDV_20260406T085418_20260406T085445_007093_00E5D9_C952
feature_0_part_1_split_1,0,SENTINEL-1,Sentinel-1A,S1A_IW_SLC__1SDV_20260406T094151_20260406T094219_063957_080BAC_352A-SLC,SLC,DESCENDING,10,63957,631,2026-04-06T09:41:51Z,2026-04-06T09:42:19Z,S1A_IW_SLC__1SDV_20260406T094151_20260406T094219_063957_080BAC_352A
feature_0_part_1_split_1,0,SENTINEL-1,Sentinel-1A,S1A_IW_SLC__1SDV_20260407T084128_20260407T084155_063971_080C30_0C6F-SLC,SLC,DESCENDING,24,63971,598,2026-04-07T08:41:28Z,2026-04-07T08:41:55Z,S1A_IW_SLC__1SDV_20260407T084128_20260407T084155_063971_080C30_0C6F
feature_0_part_1_split_1,0,SENTINEL-1,Sentinel-1A,S1A_IW_SLC__1SDV_20260407T084153_20260407T084220_063971_080C30_EE17-SLC,SLC,DESCENDING,24,63971,603,2026-04-07T08:41:53Z,2026-04-07T08:42:20Z,S1A_IW_SLC__1SDV_20260407T084153_20260407T084220_063971_080C30_EE17
feature_0_part_1_split_1,0,SENTINEL-1,Sentinel-1A,S1A_IW_SLC__1SDV_20260407T084218_20260407T084245_063971_080C30_E4B8-SLC,SLC,DESCENDING,24,63971,608,2026-04-07T08:42:18Z,2026-04-07T08:42:45Z,S1A_IW_SLC__1SDV_20260407T084218_20260407T084245_063971_080C30_E4B8
feature_0_part_1_split_1,0,SENTINEL-1,Sentinel-1A,S1A_IW_SLC__1SDV_20260407T084243_20260407T084310_063971_080C30_9FAD-SLC,SLC,DESCENDING,24,63971,613,2026-04-07T08:42:43Z,2026-04-07T08:43:10Z,S1A_IW_SLC__1SDV_20260407T084243_20260407T084310_063971_080C30_9FAD
feature_0_part_1_split_1,0,SENTINEL-1,Sentinel-1A,S1A_IW_SLC__1SDV_20260407T084308_20260407T084336_063971_080C30_00F0-SLC,SLC,DESCENDING,24,63971,618,2026-04-07T08:43:08Z,2026-04-07T08:43:36Z,S1A_IW_SLC__1SDV_20260407T084308_20260407T084336_063971_080C30_00F0
feature_0_part_1_split_1,0,SENTINEL-1,Sentinel-1A,S1A_IW_SLC__1SDV_20260407T084333_20260407T084400_063971_080C30_8BF4-SLC,SLC,DESCENDING,24,63971,623,2026-04-07T08:43:33Z,2026-04-07T08:44:00Z,S1A_IW_SLC__1SDV_20260407T084333_20260407T084400_063971_080C30_8BF4
feature_0_part_1_split_1,0,SENTINEL-1,Sentinel-1A,S1A_IW_SLC__1SDV_20260407T084358_20260407T084425_063971_080C30_F22F-SLC,SLC,DESCENDING,24,63971,628,2026-04-07T08:43:58Z,2026-04-07T08:44:25Z,S1A_IW_SLC__1SDV_20260407T084358_20260407T084425_063971_080C30_F22F
feature_0_part_1_split_1,0,SENTINEL-1,Sentinel-1A,S1A_IW_SLC__1SDV_20260407T084423_20260407T084450_063971_080C30_D41C-SLC,SLC,DESCENDING,24,63971,633,2026-04-07T08:44:23Z,2026-04-07T08:44:50Z,S1A_IW_SLC__1SDV_20260407T084423_20260407T084450_063971_080C30_D41C
feature_0_part_1_split_1,0,SENTINEL-1,Sentinel-1A,S1A_IW_SLC__1SDV_20260407T084448_20260407T084515_063971_080C30_B1D2-SLC,SLC,DESCENDING,24,63971,638,2026-04-07T08:44:48Z,2026-04-07T08:45:15Z,S1A_IW_SLC__1SDV_20260407T084448_20260407T084515_063971_080C30_B1D2
feature_0_part_1_split_1,0,SENTINEL-1,Sentinel-1A,S1A_IW_SLC__1SDV_20260407T084513_20260407T084540_063971_080C30_E215-SLC,SLC,DESCENDING,24,63971,643,2026-04-07T08:45:13Z,2026-04-07T08:45:40Z,S1A_IW_SLC__1SDV_20260407T084513_20260407T084540_063971_080C30_E215
feature_0_part_1_split_1,0,SENTINEL-1,Sentinel-1A,S1A_IW_SLC__1SDV_20260407T084538_20260407T084605_063971_080C30_B5A9-SLC,SLC,DESCENDING,24,63971,648,2026-04-07T08:45:38Z,2026-04-07T08:46:05Z,S1A_IW_SLC__1SDV_20260407T084538_20260407T084605_063971_080C30_B5A9
feature_0_part_1_split_1,0,SENTINEL-1,Sentinel-1A,S1A_IW_SLC__1SDV_20260407T084603_20260407T084630_063971_080C30_FD9F-SLC,SLC,DESCENDING,24,63971,653,2026-04-07T08:46:03Z,2026-04-07T08:46:30Z,S1A_IW_SLC__1SDV_20260407T084603_20260407T084630_063971_080C30_FD9F
feature_0_part_1_split_1,0,SENTINEL-1,Sentinel-1A,S1A_IW_SLC__1SDV_20260407T084628_20260407T084652_063971_080C30_E322-SLC,SLC,DESCENDING,24,63971,658,2026-04-07T08:46:28Z,2026-04-07T08:46:52Z,S1A_IW_SLC__1SDV_20260407T084628_20260407T084652_063971_080C30_E322
feature_0_part_1_split_1,0,SENTINEL-1,Sentinel-1C,S1C_IW_SLC__1SDV_20260407T093339_20260407T093409_007108_00E65B_8611-SLC,SLC,DESCENDING,112,7108,643,2026-04-07T09:33:39Z,2026-04-07T09:34:09Z,S1C_IW_SLC__1SDV_20260407T093339_20260407T093409_007108_00E65B_8611
feature_0_part_1_split_1,0,SENTINEL-1,Sentinel-1C,S1C_IW_SLC__1SDV_20260408T083549_20260408T083620_007122_00E6C5_3AC2-SLC,SLC,DESCENDING,126,7122,640,2026-04-08T08:35:49Z,2026-04-08T08:36:20Z,S1C_IW_SLC__1SDV_20260408T083549_20260408T083620_007122_00E6C5_3AC2
feature_0_part_1_split_1,0,SENTINEL-1,Sentinel-1C,S1C_IW_SLC__1SDV_20260408T083617_20260408T083644_007122_00E6C5_4EDB-SLC,SLC,DESCENDING,126,7122,646,2026-04-08T08:36:17Z,2026-04-08T08:36:44Z,S1C_IW_SLC__1SDV_20260408T083617_20260408T083644_007122_00E6C5_4EDB
feature_0_part_1_split_1,0,SENTINEL-1,Sentinel-1C,S1C_IW_SLC__1SDV_20260408T083642_20260408T083709_007122_00E6C5_2C47-SLC,SLC,DESCENDING,126,7122,651,2026-04-08T08:36:42Z,2026-04-08T08:37:09Z,S1C_IW_SLC__1SDV_20260408T083642_20260408T083709_007122_00E6C5_2C47
feature_0_part_1_split_1,0,SENTINEL-1,Sentinel-1C,S1C_IW_SLC__1SDV_20260408T083707_20260408T083734_007122_00E6C5_0115-SLC,SLC,DESCENDING,126,7122,656,2026-04-08T08:37:07Z,2026-04-08T08:37:34Z,S1C_IW_SLC__1SDV_20260408T083707_20260408T083734_007122_00E6C5_0115
feature_0_part_1_split_1,0,SENTINEL-1,Sentinel-1C,S1C_IW_SLC__1SDV_20260408T083732_20260408T083759_007122_00E6C5_1FB1-SLC,SLC,DESCENDING,126,7122,661,2026-04-08T08:37:32Z,2026-04-08T08:37:59Z,S1C_IW_SLC__1SDV_20260408T083732_20260408T083759_007122_00E6C5_1FB1
feature_0_part_1_split_1,0,SENTINEL-1,Sentinel-1C,S1C_IW_SLC__1SDV_20260408T083757_20260408T083825_007122_00E6C5_5170-SLC,SLC,DESCENDING,126,7122,666,2026-04-08T08:37:57Z,2026-04-08T08:38:25Z,S1C_IW_SLC__1SDV_20260408T083757_20260408T083825_007122_00E6C5_5170
feature_0_part_1_split_1,0,SENTINEL-1,Sentinel-1C,S1C_IW_SLC__1SDV_20260408T083823_20260408T083849_007122_00E6C5_A330-SLC,SLC,DESCENDING,126,7122,671,2026-04-08T08:38:23Z,2026-04-08T08:38:49Z,S1C_IW_SLC__1SDV_20260408T083823_20260408T083849_007122_00E6C5_A330
feature_0_part_1_split_1,0,SENTINEL-1,Sentinel-1C,S1C_IW_SLC__1SDV_20260408T083847_20260408T083914_007122_00E6C5_7AFE-SLC,SLC,DESCENDING,126,7122,676,2026-04-08T08:38:47Z,2026-04-08T08:39:14Z,S1C_IW_SLC__1SDV_20260408T083847_20260408T083914_007122_00E6C5_7AFE
feature_0_part_1_split_1,0,SENTINEL-1,Sentinel-1A,S1A_IW_SLC__1SDV_20260408T092521_20260408T092549_063986_080CC2_DB42-SLC,SLC,DESCENDING,39,63986,631,2026-04-08T09:25:21Z,2026-04-08T09:25:49Z,S1A_IW_SLC__1SDV_20260408T092521_20260408T092549_063986_080CC2_DB42
feature_0_part_1_split_1,0,SENTINEL-1,Sentinel-1A,S1A_IW_SLC__1SDV_20260408T092547_20260408T092614_063986_080CC2_EC7B-SLC,SLC,DESCENDING,39,63986,636,2026-04-08T09:25:47Z,2026-04-08T09:26:14Z,S1A_IW_SLC__1SDV_20260408T092547_20260408T092614_063986_080CC2_EC7B
feature_0_part_1_split_1,0,SENTINEL-1,Sentinel-1A,S1A_IW_SLC__1SDV_20260408T092611_20260408T092638_063986_080CC2_E602-SLC,SLC,DESCENDING,39,63986,641,2026-04-08T09:26:11Z,2026-04-08T09:26:38Z,S1A_IW_SLC__1SDV_20260408T092611_20260408T092638_063986_080CC2_E602
feature_0_part_1_split_1,0,SENTINEL-1,Sentinel-1A,S1A_IW_SLC__1SDV_20260408T092636_20260408T092709_063986_080CC2_716F-SLC,SLC,DESCENDING,39,63986,646,2026-04-08T09:26:36Z,2026-04-08T09:27:09Z,S1A_IW_SLC__1SDV_20260408T092636_20260408T092709_063986_080CC2_716F
feature_0_part_1_split_1,0,SENTINEL-1,Sentinel-1A,S1A_IW_SLC__1SDV_20260409T082514_20260409T082544_064000_080D4A_623C-SLC,SLC,DESCENDING,53,64000,600,2026-04-09T08:25:14Z,2026-04-09T08:25:44Z,S1A_IW_SLC__1SDV_20260409T082514_20260409T082544_064000_080D4A_623C
feature_0_part_1_split_1,0,SENTINEL-1,Sentinel-1A,S1A_IW_SLC__1SDV_20260409T082542_20260409T082610_064000_080D4A_7E3E-SLC,SLC,DESCENDING,53,64000,606,2026-04-09T08:25:42Z,2026-04-09T08:26:10Z,S1A_IW_SLC__1SDV_20260409T082542_20260409T082610_064000_080D4A_7E3E
feature_0_part_1_split_1,0,SENTINEL-1,Sentinel-1A,S1A_IW_SLC__1SDV_20260409T082607_20260409T082634_064000_080D4A_83BE-SLC,SLC,DESCENDING,53,64000,611,2026-04-09T08:26:07Z,2026-04-09T08:26:34Z,S1A_IW_SLC__1SDV_20260409T082607_20260409T082634_064000_080D4A_83BE
feature_0_part_1_split_1,0,SENTINEL-1,Sentinel-1A,S1A_IW_SLC__1SDV_20260409T082632_20260409T082659_064000_080D4A_99E1-SLC,SLC,DESCENDING,53,64000,616,2026-04-09T08:26:32Z,2026-04-09T08:26:59Z,S1A_IW_SLC__1SDV_20260409T082632_20260409T082659_064000_080D4A_99E1
feature_0_part_1_split_1,0,SENTINEL-1,Sentinel-1A,S1A_IW_SLC__1SDV_20260409T082747_20260409T082815_064000_080D4A_5E0E-SLC,SLC,DESCENDING,53,64000,631,2026-04-09T08:27:47Z,2026-04-09T08:28:15Z,S1A_IW_SLC__1SDV_20260409T082747_20260409T082815_064000_080D4A_5E0E
feature_0_part_1_split_1,0,SENTINEL-1,Sentinel-1A,S1A_IW_SLC__1SDV_20260409T082812_20260409T082839_064000_080D4A_38D9-SLC,SLC,DESCENDING,53,64000,636,2026-04-09T08:28:12Z,2026-04-09T08:28:39Z,S1A_IW_SLC__1SDV_20260409T082812_20260409T082839_064000_080D4A_38D9
feature_0_part_1_split_1,0,SENTINEL-1,Sentinel-1A,S1A_IW_SLC__1SDV_20260409T082837_20260409T082851_064000_080D4A_BD6F-SLC,SLC,DESCENDING,53,64000,641,2026-04-09T08:28:37Z,2026-04-09T08:28:51Z,S1A_IW_SLC__1SDV_20260409T082837_20260409T082851_064000_080D4A_BD6F
feature_0_part_1_split_1,0,SENTINEL-1,Sentinel-1C,S1C_IW_SLC__1SDV_20260409T091837_20260409T091908_007137_00E74C_D6BE-SLC,SLC,DESCENDING,141,7137,660,2026-04-09T09:18:37Z,2026-04-09T09:19:08Z,S1C_IW_SLC__1SDV_20260409T091837_20260409T091908_007137_00E74C_D6BE
feature_0_part_1_split_1,0,SENTINEL-1,Sentinel-1C,S1C_IW_SLC__1SDV_20260409T091906_20260409T091932_007137_00E74C_1856-SLC,SLC,DESCENDING,141,7137,666,2026-04-09T09:19:06Z,2026-04-09T09:19:32Z,S1C_IW_SLC__1SDV_20260409T091906_20260409T091932_007137_00E74C_1856
feature_0_part_1_split_1,0,SENTINEL-1,Sentinel-1C,S1C_IW_SLC__1SDV_20260410T082014_20260410T082045_007151_00E7D2_FF16-SLC,SLC,DESCENDING,155,7151,651,2026-04-10T08:20:14Z,2026-04-10T08:20:45Z,S1C_IW_SLC__1SDV_20260410T082014_20260410T082045_007151_00E7D2_FF16
feature_0_part_1_split_1,0,SENTINEL-1,Sentinel-1C,S1C_IW_SLC__1SDV_20260410T082043_20260410T082110_007151_00E7D2_AED7-SLC,SLC,DESCENDING,155,7151,656,2026-04-10T08:20:43Z,2026-04-10T08:21:10Z,S1C_IW_SLC__1SDV_20260410T082043_20260410T082110_007151_00E7D2_AED7
feature_0_part_1_split_1,0,SENTINEL-1,Sentinel-1C,S1C_IW_SLC__1SDV_20260410T220741_20260410T220802_007159_00E81A_BCFC-SLC,SLC,ASCENDING,163,7159,1101,2026-04-10T22:07:41Z,2026-04-10T22:08:02Z,S1C_IW_SLC__1SDV_20260410T220741_20260410T220802_007159_00E81A_BCFC
feature_0_part_1_split_1,0,SENTINEL-1,Sentinel-1C,S1C_IW_SLC__1SDV_20260411T090156_20260411T090227_007166_00E856_009E-SLC,SLC,DESCENDING,170,7166,657,2026-04-11T09:01:56Z,2026-04-11T09:02:27Z,S1C_IW_SLC__1SDV_20260411T090156_20260411T090227_007166_00E856_009E
feature_0_part_1_split_1,0,SENTINEL-1,Sentinel-1C,S1C_IW_SLC__1SDV_20260411T090225_20260411T090252_007166_00E856_BD3C-SLC,SLC,DESCENDING,170,7166,663,2026-04-11T09:02:25Z,2026-04-11T09:02:52Z,S1C_IW_SLC__1SDV_20260411T090225_20260411T090252_007166_00E856_BD3C
feature_0_part_1_split_1,0,SENTINEL-1,Sentinel-1C,S1C_IW_SLC__1SDV_20260411T090249_20260411T090316_007166_00E856_4076-SLC,SLC,DESCENDING,170,7166,668,2026-04-11T09:02:49Z,2026-04-11T09:03:16Z,S1C_IW_SLC__1SDV_20260411T090249_20260411T090316_007166_00E856_4076
feature_0_part_1_split_1,0,SENTINEL-1,Sentinel-1C,S1C_IW_SLC__1SDV_20260411T090314_20260411T090341_007166_00E856_6909-SLC,SLC,DESCENDING,170,7166,673,2026-04-11T09:03:14Z,2026-04-11T09:03:41Z,S1C_IW_SLC__1SDV_20260411T090314_20260411T090341_007166_00E856_6909
feature_0_part_1_split_1,0,SENTINEL-1,Sentinel-1A,S1A_IW_SLC__1SDV_20260412T085024_20260412T085051_064044_080EDC_3B4A-SLC,SLC,DESCENDING,97,64044,606,2026-04-12T08:50:24Z,2026-04-12T08:50:51Z,S1A_IW_SLC__1SDV_20260412T085024_20260412T085051_064044_080EDC_3B4A
feature_0_part_1_split_1,0,SENTINEL-1,Sentinel-1A,S1A_IW_SLC__1SDV_20260412T085049_20260412T085116_064044_080EDC_2600-SLC,SLC,DESCENDING,97,64044,611,2026-04-12T08:50:49Z,2026-04-12T08:51:16Z,S1A_IW_SLC__1SDV_20260412T085049_20260412T085116_064044_080EDC_2600
feature_0_part_1_split_1,0,SENTINEL-1,Sentinel-1A,S1A_IW_SLC__1SDV_20260412T085114_20260412T085142_064044_080EDC_72C7-SLC,SLC,DESCENDING,97,64044,616,2026-04-12T08:51:14Z,2026-04-12T08:51:42Z,S1A_IW_SLC__1SDV_20260412T085114_20260412T085142_064044_080EDC_72C7
feature_0_part_1_split_1,0,SENTINEL-1,Sentinel-1A,S1A_IW_SLC__1SDV_20260412T085140_20260412T085207_064044_080EDC_BC60-SLC,SLC,DESCENDING,97,64044,621,2026-04-12T08:51:40Z,2026-04-12T08:52:07Z,S1A_IW_SLC__1SDV_20260412T085140_20260412T085207_064044_080EDC_BC60
feature_0_part_1_split_1,0,SENTINEL-1,Sentinel-1A,S1A_IW_SLC__1SDV_20260412T085204_20260412T085231_064044_080EDC_450E-SLC,SLC,DESCENDING,97,64044,626,2026-04-12T08:52:04Z,2026-04-12T08:52:31Z,S1A_IW_SLC__1SDV_20260412T085204_20260412T085231_064044_080EDC_450E
feature_0_part_1_split_1,0,SENTINEL-1,Sentinel-1A,S1A_IW_SLC__1SDV_20260412T085229_20260412T085256_064044_080EDC_F877-SLC,SLC,DESCENDING,97,64044,631,2026-04-12T08:52:29Z,2026-04-12T08:52:56Z,S1A_IW_SLC__1SDV_20260412T085229_20260412T085256_064044_080EDC_F877
feature_0_part_1_split_1,0,SENTINEL-1,Sentinel-1A,S1A_IW_SLC__1SDV_20260412T085254_20260412T085321_064044_080EDC_4D6A-SLC,SLC,DESCENDING,97,64044,636,2026-04-12T08:52:54Z,2026-04-12T08:53:21Z,S1A_IW_SLC__1SDV_20260412T085254_20260412T085321_064044_080EDC_4D6A
feature_0_part_1_split_1,0,SENTINEL-1,Sentinel-1A,S1A_IW_SLC__1SDV_20260412T085319_20260412T085346_064044_080EDC_490F-SLC,SLC,DESCENDING,97,64044,641,2026-04-12T08:53:19Z,2026-04-12T08:53:46Z,S1A_IW_SLC__1SDV_20260412T085319_20260412T085346_064044_080EDC_490F
feature_0_part_1_split_1,0,SENTINEL-1,Sentinel-1A,S1A_IW_SLC__1SDV_20260412T085344_20260412T085412_064044_080EDC_D17A-SLC,SLC,DESCENDING,97,64044,646,2026-04-12T08:53:44Z,2026-04-12T08:54:12Z,S1A_IW_SLC__1SDV_20260412T085344_20260412T085412_064044_080EDC_D17A
feature_0_part_1_split_1,0,SENTINEL-1,Sentinel-1A,S1A_IW_SLC__1SDV_20260412T085409_20260412T085436_064044_080EDC_676A-SLC,SLC,DESCENDING,97,64044,651,2026-04-12T08:54:09Z,2026-04-12T08:54:36Z,S1A_IW_SLC__1SDV_20260412T085409_20260412T085436_064044_080EDC_676A
feature_0_part_1_split_1,0,SENTINEL-1,Sentinel-1A,S1A_IW_SLC__1SDV_20260412T085434_20260412T085459_064044_080EDC_C854-SLC,SLC,DESCENDING,97,64044,656,2026-04-12T08:54:34Z,2026-04-12T08:54:59Z,S1A_IW_SLC__1SDV_20260412T085434_20260412T085459_064044_080EDC_C854
feature_0_part_1_split_1,0,SENTINEL-1,Sentinel-1C,S1C_IW_SLC__1SDV_20260413T084547_20260413T084617_007195_00E947_D94D-SLC,SLC,DESCENDING,24,7195,661,2026-04-13T08:45:47Z,2026-04-13T08:46:17Z,S1C_IW_SLC__1SDV_20260413T084547_20260413T084617_007195_00E947_D94D
feature_0_part_1_split_1,0,SENTINEL-1,Sentinel-1C,S1C_IW_SLC__1SDV_20260413T084615_20260413T084642_007195_00E947_6A59-SLC,SLC,DESCENDING,24,7195,667,2026-04-13T08:46:15Z,2026-04-13T08:46:42Z,S1C_IW_SLC__1SDV_20260413T084615_20260413T084642_007195_00E947_6A59
feature_0_part_1_split_1,0,SENTINEL-1,Sentinel-1C,S1C_IW_SLC__1SDV_20260413T084640_20260413T084707_007195_00E947_995B-SLC,SLC,DESCENDING,24,7195,672,2026-04-13T08:46:40Z,2026-04-13T08:47:07Z,S1C_IW_SLC__1SDV_20260413T084640_20260413T084707_007195_00E947_995B
feature_0_part_1_split_1,0,SENTINEL-1,Sentinel-1A,S1A_IW_SLC__1SDV_20260413T093333_20260413T093400_064059_080F77_C2FE-SLC,SLC,DESCENDING,112,64059,630,2026-04-13T09:33:33Z,2026-04-13T09:34:00Z,S1A_IW_SLC__1SDV_20260413T093333_20260413T093400_064059_080F77_C2FE
feature_0_part_1_split_1,0,SENTINEL-1,Sentinel-1A,S1A_IW_SLC__1SDV_20260413T093358_20260413T093425_064059_080F77_CC28-SLC,SLC,DESCENDING,112,64059,635,2026-04-13T09:33:58Z,2026-04-13T09:34:25Z,S1A_IW_SLC__1SDV_20260413T093358_20260413T093425_064059_080F77_CC28
feature_0_part_1_split_1,0,SENTINEL-1,Sentinel-1A,S1A_IW_SLC__1SDV_20260413T093423_20260413T093450_064059_080F77_DDFD-SLC,SLC,DESCENDING,112,64059,640,2026-04-13T09:34:23Z,2026-04-13T09:34:50Z,S1A_IW_SLC__1SDV_20260413T093423_20260413T093450_064059_080F77_DDFD
feature_0_part_1_split_1,0,SENTINEL-1,Sentinel-1A,S1A_IW_SLC__1SDV_20260414T083320_20260414T083350_064073_081005_A95B-SLC,SLC,DESCENDING,126,64073,599,2026-04-14T08:33:20Z,2026-04-14T08:33:50Z,S1A_IW_SLC__1SDV_20260414T083320_20260414T083350_064073_081005_A95B
feature_0_part_1_split_1,0,SENTINEL-1,Sentinel-1A,S1A_IW_SLC__1SDV_20260414T083348_20260414T083416_064073_081005_5928-SLC,SLC,DESCENDING,126,64073,604,2026-04-14T08:33:48Z,2026-04-14T08:34:16Z,S1A_IW_SLC__1SDV_20260414T083348_20260414T083416_064073_081005_5928
feature_0_part_1_split_1,0,SENTINEL-1,Sentinel-1A,S1A_IW_SLC__1SDV_20260414T083414_20260414T083440_064073_081005_CC8C-SLC,SLC,DESCENDING,126,64073,610,2026-04-14T08:34:14Z,2026-04-14T08:34:40Z,S1A_IW_SLC__1SDV_20260414T083414_20260414T083440_064073_081005_CC8C
feature_0_part_1_split_1,0,SENTINEL-1,Sentinel-1A,S1A_IW_SLC__1SDV_20260414T083438_20260414T083505_064073_081005_7663-SLC,SLC,DESCENDING,126,64073,614,2026-04-14T08:34:38Z,2026-04-14T08:35:05Z,S1A_IW_SLC__1SDV_20260414T083438_20260414T083505_064073_081005_7663
feature_0_part_1_split_1,0,SENTINEL-1,Sentinel-1A,S1A_IW_SLC__1SDV_20260414T083503_20260414T083530_064073_081005_FFEB-SLC,SLC,DESCENDING,126,64073,619,2026-04-14T08:35:03Z,2026-04-14T08:35:30Z,S1A_IW_SLC__1SDV_20260414T083503_20260414T083530_064073_081005_FFEB
feature_0_part_1_split_1,0,SENTINEL-1,Sentinel-1A,S1A_IW_SLC__1SDV_20260414T083528_20260414T083555_064073_081005_0CD0-SLC,SLC,DESCENDING,126,64073,624,2026-04-14T08:35:28Z,2026-04-14T08:35:55Z,S1A_IW_SLC__1SDV_20260414T083528_20260414T083555_064073_081005_0CD0
feature_0_part_1_split_1,0,SENTINEL-1,Sentinel-1A,S1A_IW_SLC__1SDV_20260414T083553_20260414T083621_064073_081005_23C1-SLC,SLC,DESCENDING,126,64073,629,2026-04-14T08:35:53Z,2026-04-14T08:36:21Z,S1A_IW_SLC__1SDV_20260414T083553_20260414T083621_064073_081005_23C1
feature_0_part_1_split_1,0,SENTINEL-1,Sentinel-1A,S1A_IW_SLC__1SDV_20260414T083619_20260414T083646_064073_081005_CB3F-SLC,SLC,DESCENDING,126,64073,635,2026-04-14T08:36:19Z,2026-04-14T08:36:46Z,S1A_IW_SLC__1SDV_20260414T083619_20260414T083646_064073_081005_CB3F
feature_0_part_1_split_1,0,SENTINEL-1,Sentinel-1A,S1A_IW_SLC__1SDV_20260414T083643_20260414T083658_064073_081005_3E2A-SLC,SLC,DESCENDING,126,64073,639,2026-04-14T08:36:43Z,2026-04-14T08:36:58Z,S1A_IW_SLC__1SDV_20260414T083643_20260414T083658_064073_081005_3E2A
feature_0_part_1_split_1,0,SENTINEL-1,Sentinel-1A,S1A_IW_SLC__1SDV_20260414T083829_20260414T083859_064073_081006_5A49-SLC,SLC,DESCENDING,126,64073,661,2026-04-14T08:38:29Z,2026-04-14T08:38:59Z,S1A_IW_SLC__1SDV_20260414T083829_20260414T083859_064073_081006_5A49
feature_0_part_1_split_1,0,SENTINEL-1,Sentinel-1A,S1A_IW_SLC__1SDV_20260414T083857_20260414T083925_064073_081006_E2EA-SLC,SLC,DESCENDING,126,64073,666,2026-04-14T08:38:57Z,2026-04-14T08:39:25Z,S1A_IW_SLC__1SDV_20260414T083857_20260414T083925_064073_081006_E2EA
feature_0_part_1_split_1,0,SENTINEL-1,Sentinel-1A,S1A_IW_SLC__1SDV_20260414T083922_20260414T083949_064073_081006_27D4-SLC,SLC,DESCENDING,126,64073,671,2026-04-14T08:39:22Z,2026-04-14T08:39:49Z,S1A_IW_SLC__1SDV_20260414T083922_20260414T083949_064073_081006_27D4
feature_0_part_1_split_1,0,SENTINEL-1,Sentinel-1C,S1C_IW_SLC__1SDV_20260415T082740_20260415T082811_007224_00EA3D_82F3-SLC,SLC,DESCENDING,53,7224,641,2026-04-15T08:27:40Z,2026-04-15T08:28:11Z,S1C_IW_SLC__1SDV_20260415T082740_20260415T082811_007224_00EA3D_82F3
feature_0_part_1_split_1,0,SENTINEL-1,Sentinel-1C,S1C_IW_SLC__1SDV_20260415T082809_20260415T082836_007224_00EA3D_6D46-SLC,SLC,DESCENDING,53,7224,647,2026-04-15T08:28:09Z,2026-04-15T08:28:36Z,S1C_IW_SLC__1SDV_20260415T082809_20260415T082836_007224_00EA3D_6D46
feature_0_part_1_split_1,0,SENTINEL-1,Sentinel-1C,S1C_IW_SLC__1SDV_20260415T082834_20260415T082900_007224_00EA3D_9420-SLC,SLC,DESCENDING,53,7224,652,2026-04-15T08:28:34Z,2026-04-15T08:29:00Z,S1C_IW_SLC__1SDV_20260415T082834_20260415T082900_007224_00EA3D_9420
feature_0_part_1_split_1,0,SENTINEL-1,Sentinel-1C,S1C_IW_SLC__1SDV_20260415T082858_20260415T082925_007224_00EA3D_0E3D-SLC,SLC,DESCENDING,53,7224,657,2026-04-15T08:28:58Z,2026-04-15T08:29:25Z,S1C_IW_SLC__1SDV_20260415T082858_20260415T082925_007224_00EA3D_0E3D
feature_0_part_1_split_1,0,SENTINEL-1,Sentinel-1C,S1C_IW_SLC__1SDV_20260415T082923_20260415T082950_007224_00EA3D_3C81-SLC,SLC,DESCENDING,53,7224,662,2026-04-15T08:29:23Z,2026-04-15T08:29:50Z,S1C_IW_SLC__1SDV_20260415T082923_20260415T082950_007224_00EA3D_3C81
feature_0_part_1_split_1,0,SENTINEL-1,Sentinel-1C,S1C_IW_SLC__1SDV_20260415T082948_20260415T083016_007224_00EA3D_2D26-SLC,SLC,DESCENDING,53,7224,667,2026-04-15T08:29:48Z,2026-04-15T08:30:16Z,S1C_IW_SLC__1SDV_20260415T082948_20260415T083016_007224_00EA3D_2D26
feature_0_part_1_split_1,0,SENTINEL-1,Sentinel-1A,S1A_IW_SLC__1SDV_20260415T091714_20260415T091742_064088_081095_4B4B-SLC,SLC,DESCENDING,141,64088,632,2026-04-15T09:17:14Z,2026-04-15T09:17:42Z,S1A_IW_SLC__1SDV_20260415T091714_20260415T091742_064088_081095_4B4B
feature_0_part_1_split_1,0,SENTINEL-1,Sentinel-1A,S1A_IW_SLC__1SDV_20260415T091739_20260415T091806_064088_081095_58FD-SLC,SLC,DESCENDING,141,64088,637,2026-04-15T09:17:39Z,2026-04-15T09:18:06Z,S1A_IW_SLC__1SDV_20260415T091739_20260415T091806_064088_081095_58FD
feature_0_part_1_split_1,0,SENTINEL-1,Sentinel-1A,S1A_IW_SLC__1SDV_20260415T091804_20260415T091831_064088_081095_1ABE-SLC,SLC,DESCENDING,141,64088,642,2026-04-15T09:18:04Z,2026-04-15T09:18:31Z,S1A_IW_SLC__1SDV_20260415T091804_20260415T091831_064088_081095_1ABE
feature_0_part_1_split_1,0,SENTINEL-1,Sentinel-1A,S1A_IW_SLC__1SDV_20260415T091829_20260415T091856_064088_081095_8855-SLC,SLC,DESCENDING,141,64088,647,2026-04-15T09:18:29Z,2026-04-15T09:18:56Z,S1A_IW_SLC__1SDV_20260415T091829_20260415T091856_064088_081095_8855
feature_0_part_1_split_1,0,SENTINEL-1,Sentinel-1A,S1A_IW_SLC__1SDV_20260415T091919_20260415T091940_064088_081095_5A99-SLC,SLC,DESCENDING,141,64088,657,2026-04-15T09:19:19Z,2026-04-15T09:19:40Z,S1A_IW_SLC__1SDV_20260415T091919_20260415T091940_064088_081095_5A99
feature_0_part_1_split_1,0,SENTINEL-1,Sentinel-1C,S1C_IW_SLC__1SDV_20260415T221546_20260415T221612_007232_00EA8D_A765-SLC,SLC,ASCENDING,61,7232,1099,2026-04-15T22:15:46Z,2026-04-15T22:16:12Z,S1C_IW_SLC__1SDV_20260415T221546_20260415T221612_007232_00EA8D_A765
feature_0_part_1_split_1,0,SENTINEL-1,Sentinel-1A,S1A_IW_SLC__1SDV_20260416T082011_20260416T082038_064102_08111B_5822-SLC,SLC,DESCENDING,155,64102,638,2026-04-16T08:20:11Z,2026-04-16T08:20:38Z,S1A_IW_SLC__1SDV_20260416T082011_20260416T082038_064102_08111B_5822
feature_0_part_1_split_1,0,SENTINEL-1,Sentinel-1A,S1A_IW_SLC__1SDV_20260416T082036_20260416T082103_064102_08111B_B7EA-SLC,SLC,DESCENDING,155,64102,643,2026-04-16T08:20:36Z,2026-04-16T08:21:03Z,S1A_IW_SLC__1SDV_20260416T082036_20260416T082103_064102_08111B_B7EA
feature_0_part_1_split_1,0,SENTINEL-1,Sentinel-1A,S1A_IW_SLC__1SDV_20260416T082100_20260416T082115_064102_08111B_8008-SLC,SLC,DESCENDING,155,64102,648,2026-04-16T08:21:00Z,2026-04-16T08:21:15Z,S1A_IW_SLC__1SDV_20260416T082100_20260416T082115_064102_08111B_8008
feature_0_part_1_split_1,0,SENTINEL-1,Sentinel-1C,S1C_IW_SLC__1SDV_20260416T090947_20260416T091018_007239_00EABF_3F36-SLC,SLC,DESCENDING,68,7239,653,2026-04-16T09:09:47Z,2026-04-16T09:10:18Z,S1C_IW_SLC__1SDV_20260416T090947_20260416T091018_007239_00EABF_3F36
feature_0_part_1_split_1,0,SENTINEL-1,Sentinel-1C,S1C_IW_SLC__1SDV_20260416T091015_20260416T091042_007239_00EABF_923E-SLC,SLC,DESCENDING,68,7239,659,2026-04-16T09:10:15Z,2026-04-16T09:10:42Z,S1C_IW_SLC__1SDV_20260416T091015_20260416T091042_007239_00EABF_923E
feature_0_part_1_split_1,0,SENTINEL-1,Sentinel-1C,S1C_IW_SLC__1SDV_20260416T091040_20260416T091107_007239_00EABF_64BC-SLC,SLC,DESCENDING,68,7239,663,2026-04-16T09:10:40Z,2026-04-16T09:11:07Z,S1C_IW_SLC__1SDV_20260416T091040_20260416T091107_007239_00EABF_64BC
feature_0_part_1_split_1,0,SENTINEL-1,Sentinel-1C,S1C_IW_SLC__1SDV_20260416T091105_20260416T091132_007239_00EABF_C51A-SLC,SLC,DESCENDING,68,7239,668,2026-04-16T09:11:05Z,2026-04-16T09:11:32Z,S1C_IW_SLC__1SDV_20260416T091105_20260416T091132_007239_00EABF_C51A
feature_0_part_1_split_1,0,SENTINEL-1,Sentinel-1A,S1A_IW_SLC__1SDV_20260417T085920_20260417T085948_064117_0811A2_6D40-SLC,SLC,DESCENDING,170,64117,615,2026-04-17T08:59:20Z,2026-04-17T08:59:48Z,S1A_IW_SLC__1SDV_20260417T085920_20260417T085948_064117_0811A2_6D40
feature_0_part_1_split_1,0,SENTINEL-1,Sentinel-1A,S1A_IW_SLC__1SDV_20260417T085946_20260417T090013_064117_0811A2_CDA6-SLC,SLC,DESCENDING,170,64117,620,2026-04-17T08:59:46Z,2026-04-17T09:00:13Z,S1A_IW_SLC__1SDV_20260417T085946_20260417T090013_064117_0811A2_CDA6
feature_0_part_1_split_1,0,SENTINEL-1,Sentinel-1A,S1A_IW_SLC__1SDV_20260417T090011_20260417T090038_064117_0811A2_4BA1-SLC,SLC,DESCENDING,170,64117,625,2026-04-17T09:00:11Z,2026-04-17T09:00:38Z,S1A_IW_SLC__1SDV_20260417T090011_20260417T090038_064117_0811A2_4BA1
feature_0_part_1_split_1,0,SENTINEL-1,Sentinel-1A,S1A_IW_SLC__1SDV_20260417T090035_20260417T090102_064117_0811A2_685C-SLC,SLC,DESCENDING,170,64117,630,2026-04-17T09:00:35Z,2026-04-17T09:01:02Z,S1A_IW_SLC__1SDV_20260417T090035_20260417T090102_064117_0811A2_685C
feature_0_part_1_split_1,0,SENTINEL-1,Sentinel-1A,S1A_IW_SLC__1SDV_20260417T090100_20260417T090127_064117_0811A2_50AD-SLC,SLC,DESCENDING,170,64117,635,2026-04-17T09:01:00Z,2026-04-17T09:01:27Z,S1A_IW_SLC__1SDV_20260417T090100_20260417T090127_064117_0811A2_50AD
feature_0_part_1_split_1,0,SENTINEL-1,Sentinel-1A,S1A_IW_SLC__1SDV_20260417T090125_20260417T090152_064117_0811A2_1633-SLC,SLC,DESCENDING,170,64117,640,2026-04-17T09:01:25Z,2026-04-17T09:01:52Z,S1A_IW_SLC__1SDV_20260417T090125_20260417T090152_064117_0811A2_1633
feature_0_part_1_split_1,0,SENTINEL-1,Sentinel-1A,S1A_IW_SLC__1SDV_20260417T090150_20260417T090218_064117_0811A2_E1F2-SLC,SLC,DESCENDING,170,64117,645,2026-04-17T09:01:50Z,2026-04-17T09:02:18Z,S1A_IW_SLC__1SDV_20260417T090150_20260417T090218_064117_0811A2_E1F2
feature_0_part_1_split_1,0,SENTINEL-1,Sentinel-1A,S1A_IW_SLC__1SDV_20260417T090216_20260417T090243_064117_0811A2_0079-SLC,SLC,DESCENDING,170,64117,650,2026-04-17T09:02:16Z,2026-04-17T09:02:43Z,S1A_IW_SLC__1SDV_20260417T090216_20260417T090243_064117_0811A2_0079
feature_0_part_1_split_1,0,SENTINEL-1,Sentinel-1A,S1A_IW_SLC__1SDV_20260417T090240_20260417T090305_064117_0811A2_2DF8-SLC,SLC,DESCENDING,170,64117,655,2026-04-17T09:02:40Z,2026-04-17T09:03:05Z,S1A_IW_SLC__1SDV_20260417T090240_20260417T090305_064117_0811A2_2DF8
feature_0_part_1_split_1,0,SENTINEL-1,Sentinel-1A,S1A_IW_SLC__1SDV_20260417T211637_20260417T211707_064124_0811F2_2149-SLC,SLC,ASCENDING,2,64124,1168,2026-04-17T21:16:37Z,2026-04-17T21:17:07Z,S1A_IW_SLC__1SDV_20260417T211637_20260417T211707_064124_0811F2_2149
feature_0_part_1_split_1,0,SENTINEL-1,Sentinel-1C,S1C_IW_SLC__1SDV_20260418T085350_20260418T085421_007268_00EBB6_964D-SLC,SLC,DESCENDING,97,7268,659,2026-04-18T08:53:50Z,2026-04-18T08:54:21Z,S1C_IW_SLC__1SDV_20260418T085350_20260418T085421_007268_00EBB6_964D
feature_0_part_1_split_1,0,SENTINEL-1,Sentinel-1C,S1C_IW_SLC__1SDV_20260418T085419_20260418T085446_007268_00EBB6_98DB-SLC,SLC,DESCENDING,97,7268,665,2026-04-18T08:54:19Z,2026-04-18T08:54:46Z,S1C_IW_SLC__1SDV_20260418T085419_20260418T085446_007268_00EBB6_98DB
feature_0_part_1_split_1,0,SENTINEL-1,Sentinel-1A,S1A_IW_SLC__1SDV_20260418T094154_20260418T094221_064132_08123C_663C-SLC,SLC,DESCENDING,10,64132,632,2026-04-18T09:41:54Z,2026-04-18T09:42:21Z,S1A_IW_SLC__1SDV_20260418T094154_20260418T094221_064132_08123C_663C
feature_0_part_1_split_1,0,SENTINEL-1,Sentinel-1A,S1A_IW_SLC__1SDV_20260419T084128_20260419T084155_064146_0812C0_7BA5-SLC,SLC,DESCENDING,24,64146,598,2026-04-19T08:41:28Z,2026-04-19T08:41:55Z,S1A_IW_SLC__1SDV_20260419T084128_20260419T084155_064146_0812C0_7BA5
feature_0_part_1_split_1,0,SENTINEL-1,Sentinel-1A,S1A_IW_SLC__1SDV_20260419T084153_20260419T084220_064146_0812C0_1DAA-SLC,SLC,DESCENDING,24,64146,603,2026-04-19T08:41:53Z,2026-04-19T08:42:20Z,S1A_IW_SLC__1SDV_20260419T084153_20260419T084220_064146_0812C0_1DAA
feature_0_part_1_split_1,0,SENTINEL-1,Sentinel-1A,S1A_IW_SLC__1SDV_20260419T084218_20260419T084245_064146_0812C0_A5C4-SLC,SLC,DESCENDING,24,64146,608,2026-04-19T08:42:18Z,2026-04-19T08:42:45Z,S1A_IW_SLC__1SDV_20260419T084218_20260419T084245_064146_0812C0_A5C4
feature_0_part_1_split_1,0,SENTINEL-1,Sentinel-1A,S1A_IW_SLC__1SDV_20260419T084243_20260419T084310_064146_0812C0_7A17-SLC,SLC,DESCENDING,24,64146,613,2026-04-19T08:42:43Z,2026-04-19T08:43:10Z,S1A_IW_SLC__1SDV_20260419T084243_20260419T084310_064146_0812C0_7A17
feature_0_part_1_split_1,0,SENTINEL-1,Sentinel-1A,S1A_IW_SLC__1SDV_20260419T084308_20260419T084336_064146_0812C0_73AE-SLC,SLC,DESCENDING,24,64146,618,2026-04-19T08:43:08Z,2026-04-19T08:43:36Z,S1A_IW_SLC__1SDV_20260419T084308_20260419T084336_064146_0812C0_73AE
feature_0_part_1_split_1,0,SENTINEL-1,Sentinel-1A,S1A_IW_SLC__1SDV_20260419T084333_20260419T084400_064146_0812C0_B622-SLC,SLC,DESCENDING,24,64146,623,2026-04-19T08:43:33Z,2026-04-19T08:44:00Z,S1A_IW_SLC__1SDV_20260419T084333_20260419T084400_064146_0812C0_B622
feature_0_part_1_split_1,0,SENTINEL-1,Sentinel-1A,S1A_IW_SLC__1SDV_20260419T084358_20260419T084425_064146_0812C0_6552-SLC,SLC,DESCENDING,24,64146,628,2026-04-19T08:43:58Z,2026-04-19T08:44:25Z,S1A_IW_SLC__1SDV_20260419T084358_20260419T084425_064146_0812C0_6552
feature_0_part_1_split_1,0,SENTINEL-1,Sentinel-1A,S1A_IW_SLC__1SDV_20260419T084423_20260419T084450_064146_0812C0_07EC-SLC,SLC,DESCENDING,24,64146,633,2026-04-19T08:44:23Z,2026-04-19T08:44:50Z,S1A_IW_SLC__1SDV_20260419T084423_20260419T084450_064146_0812C0_07EC
feature_0_part_1_split_1,0,SENTINEL-1,Sentinel-1A,S1A_IW_SLC__1SDV_20260419T084448_20260419T084515_064146_0812C0_363A-SLC,SLC,DESCENDING,24,64146,638,2026-04-19T08:44:48Z,2026-04-19T08:45:15Z,S1A_IW_SLC__1SDV_20260419T084448_20260419T084515_064146_0812C0_363A
feature_0_part_1_split_1,0,SENTINEL-1,Sentinel-1A,S1A_IW_SLC__1SDV_20260419T084513_20260419T084540_064146_0812C0_4063-SLC,SLC,DESCENDING,24,64146,643,2026-04-19T08:45:13Z,2026-04-19T08:45:40Z,S1A_IW_SLC__1SDV_20260419T084513_20260419T084540_064146_0812C0_4063
feature_0_part_1_split_1,0,SENTINEL-1,Sentinel-1A,S1A_IW_SLC__1SDV_20260419T084538_20260419T084606_064146_0812C0_7ADE-SLC,SLC,DESCENDING,24,64146,648,2026-04-19T08:45:38Z,2026-04-19T08:46:06Z,S1A_IW_SLC__1SDV_20260419T084538_20260419T084606_064146_0812C0_7ADE
feature_0_part_1_split_1,0,SENTINEL-1,Sentinel-1A,S1A_IW_SLC__1SDV_20260419T084603_20260419T084630_064146_0812C0_C050-SLC,SLC,DESCENDING,24,64146,653,2026-04-19T08:46:03Z,2026-04-19T08:46:30Z,S1A_IW_SLC__1SDV_20260419T084603_20260419T084630_064146_0812C0_C050
feature_0_part_1_split_1,0,SENTINEL-1,Sentinel-1A,S1A_IW_SLC__1SDV_20260419T084628_20260419T084652_064146_0812C0_3E2C-SLC,SLC,DESCENDING,24,64146,658,2026-04-19T08:46:28Z,2026-04-19T08:46:52Z,S1A_IW_SLC__1SDV_20260419T084628_20260419T084652_064146_0812C0_3E2C
feature_0_part_1_split_1,0,SENTINEL-1,Sentinel-1C,S1C_IW_SLC__1SDV_20260420T083606_20260420T083637_007297_00ECAD_6910-SLC,SLC,DESCENDING,126,7297,644,2026-04-20T08:36:06Z,2026-04-20T08:36:37Z,S1C_IW_SLC__1SDV_20260420T083606_20260420T083637_007297_00ECAD_6910
feature_0_part_1_split_1,0,SENTINEL-1,Sentinel-1C,S1C_IW_SLC__1SDV_20260420T083635_20260420T083702_007297_00ECAD_05FF-SLC,SLC,DESCENDING,126,7297,649,2026-04-20T08:36:35Z,2026-04-20T08:37:02Z,S1C_IW_SLC__1SDV_20260420T083635_20260420T083702_007297_00ECAD_05FF
feature_0_part_1_split_1,0,SENTINEL-1,Sentinel-1C,S1C_IW_SLC__1SDV_20260420T083659_20260420T083726_007297_00ECAD_BB70-SLC,SLC,DESCENDING,126,7297,654,2026-04-20T08:36:59Z,2026-04-20T08:37:26Z,S1C_IW_SLC__1SDV_20260420T083659_20260420T083726_007297_00ECAD_BB70
feature_0_part_1_split_1,0,SENTINEL-1,Sentinel-1C,S1C_IW_SLC__1SDV_20260420T083724_20260420T083751_007297_00ECAD_EB18-SLC,SLC,DESCENDING,126,7297,659,2026-04-20T08:37:24Z,2026-04-20T08:37:51Z,S1C_IW_SLC__1SDV_20260420T083724_20260420T083751_007297_00ECAD_EB18
feature_0_part_1_split_1,0,SENTINEL-1,Sentinel-1C,S1C_IW_SLC__1SDV_20260420T083749_20260420T083816_007297_00ECAD_6888-SLC,SLC,DESCENDING,126,7297,664,2026-04-20T08:37:49Z,2026-04-20T08:38:16Z,S1C_IW_SLC__1SDV_20260420T083749_20260420T083816_007297_00ECAD_6888
feature_0_part_1_split_1,0,SENTINEL-1,Sentinel-1C,S1C_IW_SLC__1SDV_20260420T083814_20260420T083842_007297_00ECAD_B0B5-SLC,SLC,DESCENDING,126,7297,669,2026-04-20T08:38:14Z,2026-04-20T08:38:42Z,S1C_IW_SLC__1SDV_20260420T083814_20260420T083842_007297_00ECAD_B0B5
feature_0_part_1_split_1,0,SENTINEL-1,Sentinel-1C,S1C_IW_SLC__1SDV_20260420T083840_20260420T083907_007297_00ECAD_1EE2-SLC,SLC,DESCENDING,126,7297,674,2026-04-20T08:38:40Z,2026-04-20T08:39:07Z,S1C_IW_SLC__1SDV_20260420T083840_20260420T083907_007297_00ECAD_1EE2
feature_0_part_1_split_1,0,SENTINEL-1,Sentinel-1A,S1A_IW_SLC__1SDV_20260420T092521_20260420T092549_064161_08134C_37CF-SLC,SLC,DESCENDING,39,64161,631,2026-04-20T09:25:21Z,2026-04-20T09:25:49Z,S1A_IW_SLC__1SDV_20260420T092521_20260420T092549_064161_08134C_37CF
feature_0_part_1_split_1,0,SENTINEL-1,Sentinel-1A,S1A_IW_SLC__1SDV_20260420T092547_20260420T092614_064161_08134C_1267-SLC,SLC,DESCENDING,39,64161,636,2026-04-20T09:25:47Z,2026-04-20T09:26:14Z,S1A_IW_SLC__1SDV_20260420T092547_20260420T092614_064161_08134C_1267
feature_0_part_1_split_1,0,SENTINEL-1,Sentinel-1A,S1A_IW_SLC__1SDV_20260420T092611_20260420T092639_064161_08134C_7CB5-SLC,SLC,DESCENDING,39,64161,641,2026-04-20T09:26:11Z,2026-04-20T09:26:39Z,S1A_IW_SLC__1SDV_20260420T092611_20260420T092639_064161_08134C_7CB5
feature_0_part_1_split_1,0,SENTINEL-1,Sentinel-1A,S1A_IW_SLC__1SDV_20260420T092636_20260420T092703_064161_08134C_0413-SLC,SLC,DESCENDING,39,64161,646,2026-04-20T09:26:36Z,2026-04-20T09:27:03Z,S1A_IW_SLC__1SDV_20260420T092636_20260420T092703_064161_08134C_0413
feature_0_part_1_split_1,0,SENTINEL-1,Sentinel-1A,S1A_IW_SLC__1SDV_20260421T082514_20260421T082544_064175_0813D6_AA2B-SLC,SLC,DESCENDING,53,64175,600,2026-04-21T08:25:14Z,2026-04-21T08:25:44Z,S1A_IW_SLC__1SDV_20260421T082514_20260421T082544_064175_0813D6_AA2B
feature_0_part_1_split_1,0,SENTINEL-1,Sentinel-1A,S1A_IW_SLC__1SDV_20260421T082542_20260421T082610_064175_0813D6_A5B2-SLC,SLC,DESCENDING,53,64175,606,2026-04-21T08:25:42Z,2026-04-21T08:26:10Z,S1A_IW_SLC__1SDV_20260421T082542_20260421T082610_064175_0813D6_A5B2
feature_0_part_1_split_1,0,SENTINEL-1,Sentinel-1A,S1A_IW_SLC__1SDV_20260421T082608_20260421T082634_064175_0813D6_6B47-SLC,SLC,DESCENDING,53,64175,611,2026-04-21T08:26:08Z,2026-04-21T08:26:34Z,S1A_IW_SLC__1SDV_20260421T082608_20260421T082634_064175_0813D6_6B47
feature_0_part_1_split_1,0,SENTINEL-1,Sentinel-1A,S1A_IW_SLC__1SDV_20260421T082632_20260421T082659_064175_0813D6_F677-SLC,SLC,DESCENDING,53,64175,616,2026-04-21T08:26:32Z,2026-04-21T08:26:59Z,S1A_IW_SLC__1SDV_20260421T082632_20260421T082659_064175_0813D6_F677
feature_0_part_1_split_1,0,SENTINEL-1,Sentinel-1A,S1A_IW_SLC__1SDV_20260421T082747_20260421T082815_064175_0813D6_1C41-SLC,SLC,DESCENDING,53,64175,631,2026-04-21T08:27:47Z,2026-04-21T08:28:15Z,S1A_IW_SLC__1SDV_20260421T082747_20260421T082815_064175_0813D6_1C41
feature_0_part_1_split_1,0,SENTINEL-1,Sentinel-1A,S1A_IW_SLC__1SDV_20260421T082813_20260421T082840_064175_0813D6_7BFD-SLC,SLC,DESCENDING,53,64175,636,2026-04-21T08:28:13Z,2026-04-21T08:28:40Z,S1A_IW_SLC__1SDV_20260421T082813_20260421T082840_064175_0813D6_7BFD
feature_0_part_1_split_1,0,SENTINEL-1,Sentinel-1A,S1A_IW_SLC__1SDV_20260421T082837_20260421T082852_064175_0813D6_7120-SLC,SLC,DESCENDING,53,64175,641,2026-04-21T08:28:37Z,2026-04-21T08:28:52Z,S1A_IW_SLC__1SDV_20260421T082837_20260421T082852_064175_0813D6_7120
feature_0_part_1_split_1,0,SENTINEL-1,Sentinel-1C,S1C_IW_SLC__1SDV_20260421T091838_20260421T091908_007312_00ED3A_F1DB-SLC,SLC,DESCENDING,141,7312,660,2026-04-21T09:18:38Z,2026-04-21T09:19:08Z,S1C_IW_SLC__1SDV_20260421T091838_20260421T091908_007312_00ED3A_F1DB
feature_0_part_1_split_1,0,SENTINEL-1,Sentinel-1C,S1C_IW_SLC__1SDV_20260421T091906_20260421T091933_007312_00ED3A_3F91-SLC,SLC,DESCENDING,141,7312,666,2026-04-21T09:19:06Z,2026-04-21T09:19:33Z,S1C_IW_SLC__1SDV_20260421T091906_20260421T091933_007312_00ED3A_3F91
feature_0_part_1_split_1,0,SENTINEL-1,Sentinel-1C,S1C_IW_SLC__1SDV_20260422T082015_20260422T082046_007326_00EDBE_B0C1-SLC,SLC,DESCENDING,155,7326,651,2026-04-22T08:20:15Z,2026-04-22T08:20:46Z,S1C_IW_SLC__1SDV_20260422T082015_20260422T082046_007326_00EDBE_B0C1
feature_0_part_1_split_1,0,SENTINEL-1,Sentinel-1C,S1C_IW_SLC__1SDV_20260422T082043_20260422T082110_007326_00EDBE_57F4-SLC,SLC,DESCENDING,155,7326,656,2026-04-22T08:20:43Z,2026-04-22T08:21:10Z,S1C_IW_SLC__1SDV_20260422T082043_20260422T082110_007326_00EDBE_57F4
feature_0_part_1_split_1,0,SENTINEL-1,Sentinel-1A,S1A_IW_SLC__1SDV_20260422T090826_20260422T090853_064190_081463_858E-SLC,SLC,DESCENDING,68,64190,625,2026-04-22T09:08:26Z,2026-04-22T09:08:53Z,S1A_IW_SLC__1SDV_20260422T090826_20260422T090853_064190_081463_858E
feature_0_part_1_split_1,0,SENTINEL-1,Sentinel-1A,S1A_IW_SLC__1SDV_20260422T090916_20260422T090944_064190_081463_243D-SLC,SLC,DESCENDING,68,64190,635,2026-04-22T09:09:16Z,2026-04-22T09:09:44Z,S1A_IW_SLC__1SDV_20260422T090916_20260422T090944_064190_081463_243D
feature_0_part_1_split_1,0,SENTINEL-1,Sentinel-1A,S1A_IW_SLC__1SDV_20260422T090942_20260422T091009_064190_081463_2471-SLC,SLC,DESCENDING,68,64190,640,2026-04-22T09:09:42Z,2026-04-22T09:10:09Z,S1A_IW_SLC__1SDV_20260422T090942_20260422T091009_064190_081463_2471
feature_0_part_1_split_1,0,SENTINEL-1,Sentinel-1A,S1A_IW_SLC__1SDV_20260422T091006_20260422T091033_064190_081463_EF71-SLC,SLC,DESCENDING,68,64190,645,2026-04-22T09:10:06Z,2026-04-22T09:10:33Z,S1A_IW_SLC__1SDV_20260422T091006_20260422T091033_064190_081463_EF71
feature_0_part_1_split_1,0,SENTINEL-1,Sentinel-1A,S1A_IW_SLC__1SDV_20260422T091031_20260422T091053_064190_081463_0180-SLC,SLC,DESCENDING,68,64190,650,2026-04-22T09:10:31Z,2026-04-22T09:10:53Z,S1A_IW_SLC__1SDV_20260422T091031_20260422T091053_064190_081463_0180
feature_0_part_1_split_1,0,SENTINEL-1,Sentinel-1C,S1C_IW_SLC__1SDV_20260422T220742_20260422T220803_007334_00EE09_75ED-SLC,SLC,ASCENDING,163,7334,1101,2026-04-22T22:07:42Z,2026-04-22T22:08:03Z,S1C_IW_SLC__1SDV_20260422T220742_20260422T220803_007334_00EE09_75ED
feature_0_part_1_split_1,0,SENTINEL-1,Sentinel-1C,S1C_IW_SLC__1SDV_20260423T090157_20260423T090227_007341_00EE43_33D4-SLC,SLC,DESCENDING,170,7341,657,2026-04-23T09:01:57Z,2026-04-23T09:02:27Z,S1C_IW_SLC__1SDV_20260423T090157_20260423T090227_007341_00EE43_33D4
feature_0_part_1_split_1,0,SENTINEL-1,Sentinel-1C,S1C_IW_SLC__1SDV_20260423T090225_20260423T090252_007341_00EE43_C037-SLC,SLC,DESCENDING,170,7341,663,2026-04-23T09:02:25Z,2026-04-23T09:02:52Z,S1C_IW_SLC__1SDV_20260423T090225_20260423T090252_007341_00EE43_C037
feature_0_part_1_split_1,0,SENTINEL-1,Sentinel-1C,S1C_IW_SLC__1SDV_20260423T090250_20260423T090317_007341_00EE43_4D7A-SLC,SLC,DESCENDING,170,7341,668,2026-04-23T09:02:50Z,2026-04-23T09:03:17Z,S1C_IW_SLC__1SDV_20260423T090250_20260423T090317_007341_00EE43_4D7A
feature_0_part_1_split_1,0,SENTINEL-1,Sentinel-1C,S1C_IW_SLC__1SDV_20260423T090315_20260423T090342_007341_00EE43_BB78-SLC,SLC,DESCENDING,170,7341,673,2026-04-23T09:03:15Z,2026-04-23T09:03:42Z,S1C_IW_SLC__1SDV_20260423T090315_20260423T090342_007341_00EE43_BB78
feature_0_part_1_split_1,0,SENTINEL-1,Sentinel-1A,S1A_IW_SLC__1SDV_20260424T085024_20260424T085051_064219_081568_2288-SLC,SLC,DESCENDING,97,64219,606,2026-04-24T08:50:24Z,2026-04-24T08:50:51Z,S1A_IW_SLC__1SDV_20260424T085024_20260424T085051_064219_081568_2288
feature_0_part_1_split_1,0,SENTINEL-1,Sentinel-1A,S1A_IW_SLC__1SDV_20260424T085049_20260424T085116_064219_081568_7AEA-SLC,SLC,DESCENDING,97,64219,611,2026-04-24T08:50:49Z,2026-04-24T08:51:16Z,S1A_IW_SLC__1SDV_20260424T085049_20260424T085116_064219_081568_7AEA
feature_0_part_1_split_1,0,SENTINEL-1,Sentinel-1A,S1A_IW_SLC__1SDV_20260424T085114_20260424T085142_064219_081568_7B7F-SLC,SLC,DESCENDING,97,64219,616,2026-04-24T08:51:14Z,2026-04-24T08:51:42Z,S1A_IW_SLC__1SDV_20260424T085114_20260424T085142_064219_081568_7B7F
feature_0_part_1_split_1,0,SENTINEL-1,Sentinel-1A,S1A_IW_SLC__1SDV_20260424T085140_20260424T085207_064219_081568_4932-SLC,SLC,DESCENDING,97,64219,621,2026-04-24T08:51:40Z,2026-04-24T08:52:07Z,S1A_IW_SLC__1SDV_20260424T085140_20260424T085207_064219_081568_4932
feature_0_part_1_split_1,0,SENTINEL-1,Sentinel-1A,S1A_IW_SLC__1SDV_20260424T085205_20260424T085232_064219_081568_0772-SLC,SLC,DESCENDING,97,64219,626,2026-04-24T08:52:05Z,2026-04-24T08:52:32Z,S1A_IW_SLC__1SDV_20260424T085205_20260424T085232_064219_081568_0772
feature_0_part_1_split_1,0,SENTINEL-1,Sentinel-1A,S1A_IW_SLC__1SDV_20260424T085229_20260424T085256_064219_081568_E14F-SLC,SLC,DESCENDING,97,64219,631,2026-04-24T08:52:29Z,2026-04-24T08:52:56Z,S1A_IW_SLC__1SDV_20260424T085229_20260424T085256_064219_081568_E14F
feature_0_part_1_split_1,0,SENTINEL-1,Sentinel-1A,S1A_IW_SLC__1SDV_20260424T085254_20260424T085321_064219_081568_F077-SLC,SLC,DESCENDING,97,64219,636,2026-04-24T08:52:54Z,2026-04-24T08:53:21Z,S1A_IW_SLC__1SDV_20260424T085254_20260424T085321_064219_081568_F077
feature_0_part_1_split_1,0,SENTINEL-1,Sentinel-1A,S1A_IW_SLC__1SDV_20260424T085319_20260424T085346_064219_081568_5AD6-SLC,SLC,DESCENDING,97,64219,641,2026-04-24T08:53:19Z,2026-04-24T08:53:46Z,S1A_IW_SLC__1SDV_20260424T085319_20260424T085346_064219_081568_5AD6
feature_0_part_1_split_1,0,SENTINEL-1,Sentinel-1A,S1A_IW_SLC__1SDV_20260424T085344_20260424T085412_064219_081568_B1B5-SLC,SLC,DESCENDING,97,64219,646,2026-04-24T08:53:44Z,2026-04-24T08:54:12Z,S1A_IW_SLC__1SDV_20260424T085344_20260424T085412_064219_081568_B1B5
feature_0_part_1_split_1,0,SENTINEL-1,Sentinel-1A,S1A_IW_SLC__1SDV_20260424T085410_20260424T085437_064219_081568_12AF-SLC,SLC,DESCENDING,97,64219,651,2026-04-24T08:54:10Z,2026-04-24T08:54:37Z,S1A_IW_SLC__1SDV_20260424T085410_20260424T085437_064219_081568_12AF
feature_0_part_1_split_1,0,SENTINEL-1,Sentinel-1A,S1A_IW_SLC__1SDV_20260424T085434_20260424T085459_064219_081568_D063-SLC,SLC,DESCENDING,97,64219,656,2026-04-24T08:54:34Z,2026-04-24T08:54:59Z,S1A_IW_SLC__1SDV_20260424T085434_20260424T085459_064219_081568_D063
feature_0_part_1_split_1,0,SENTINEL-1,Sentinel-1C,S1C_IW_SLC__1SDV_20260425T084547_20260425T084618_007370_00EF35_6C48-SLC,SLC,DESCENDING,24,7370,661,2026-04-25T08:45:47Z,2026-04-25T08:46:18Z,S1C_IW_SLC__1SDV_20260425T084547_20260425T084618_007370_00EF35_6C48
feature_0_part_1_split_1,0,SENTINEL-1,Sentinel-1C,S1C_IW_SLC__1SDV_20260425T084616_20260425T084643_007370_00EF35_CD2B-SLC,SLC,DESCENDING,24,7370,667,2026-04-25T08:46:16Z,2026-04-25T08:46:43Z,S1C_IW_SLC__1SDV_20260425T084616_20260425T084643_007370_00EF35_CD2B
feature_0_part_1_split_1,0,SENTINEL-1,Sentinel-1C,S1C_IW_SLC__1SDV_20260425T084641_20260425T084708_007370_00EF35_017B-SLC,SLC,DESCENDING,24,7370,672,2026-04-25T08:46:41Z,2026-04-25T08:47:08Z,S1C_IW_SLC__1SDV_20260425T084641_20260425T084708_007370_00EF35_017B
feature_0_part_1_split_1,0,SENTINEL-1,Sentinel-1A,S1A_IW_SLC__1SDV_20260425T093333_20260425T093401_064234_081602_F735-SLC,SLC,DESCENDING,112,64234,630,2026-04-25T09:33:33Z,2026-04-25T09:34:01Z,S1A_IW_SLC__1SDV_20260425T093333_20260425T093401_064234_081602_F735
feature_0_part_1_split_1,0,SENTINEL-1,Sentinel-1A,S1A_IW_SLC__1SDV_20260425T093358_20260425T093425_064234_081602_EC11-SLC,SLC,DESCENDING,112,64234,635,2026-04-25T09:33:58Z,2026-04-25T09:34:25Z,S1A_IW_SLC__1SDV_20260425T093358_20260425T093425_064234_081602_EC11
feature_0_part_1_split_1,0,SENTINEL-1,Sentinel-1A,S1A_IW_SLC__1SDV_20260425T093423_20260425T093450_064234_081602_8F51-SLC,SLC,DESCENDING,112,64234,640,2026-04-25T09:34:23Z,2026-04-25T09:34:50Z,S1A_IW_SLC__1SDV_20260425T093423_20260425T093450_064234_081602_8F51
feature_0_part_1_split_1,0,SENTINEL-1,Sentinel-1A,S1A_IW_SLC__1SDV_20260426T083320_20260426T083350_064248_08168C_59DC-SLC,SLC,DESCENDING,126,64248,599,2026-04-26T08:33:20Z,2026-04-26T08:33:50Z,S1A_IW_SLC__1SDV_20260426T083320_20260426T083350_064248_08168C_59DC
feature_0_part_1_split_1,0,SENTINEL-1,Sentinel-1A,S1A_IW_SLC__1SDV_20260426T083348_20260426T083416_064248_08168C_7BA2-SLC,SLC,DESCENDING,126,64248,604,2026-04-26T08:33:48Z,2026-04-26T08:34:16Z,S1A_IW_SLC__1SDV_20260426T083348_20260426T083416_064248_08168C_7BA2
feature_0_part_1_split_1,0,SENTINEL-1,Sentinel-1A,S1A_IW_SLC__1SDV_20260426T083414_20260426T083441_064248_08168C_5D90-SLC,SLC,DESCENDING,126,64248,610,2026-04-26T08:34:14Z,2026-04-26T08:34:41Z,S1A_IW_SLC__1SDV_20260426T083414_20260426T083441_064248_08168C_5D90
feature_0_part_1_split_1,0,SENTINEL-1,Sentinel-1A,S1A_IW_SLC__1SDV_20260426T083438_20260426T083505_064248_08168C_5D73-SLC,SLC,DESCENDING,126,64248,614,2026-04-26T08:34:38Z,2026-04-26T08:35:05Z,S1A_IW_SLC__1SDV_20260426T083438_20260426T083505_064248_08168C_5D73
feature_0_part_1_split_1,0,SENTINEL-1,Sentinel-1A,S1A_IW_SLC__1SDV_20260426T083503_20260426T083530_064248_08168C_1595-SLC,SLC,DESCENDING,126,64248,619,2026-04-26T08:35:03Z,2026-04-26T08:35:30Z,S1A_IW_SLC__1SDV_20260426T083503_20260426T083530_064248_08168C_1595
feature_0_part_1_split_1,0,SENTINEL-1,Sentinel-1A,S1A_IW_SLC__1SDV_20260426T083528_20260426T083555_064248_08168C_2059-SLC,SLC,DESCENDING,126,64248,624,2026-04-26T08:35:28Z,2026-04-26T08:35:55Z,S1A_IW_SLC__1SDV_20260426T083528_20260426T083555_064248_08168C_2059
feature_0_part_1_split_1,0,SENTINEL-1,Sentinel-1A,S1A_IW_SLC__1SDV_20260426T083553_20260426T083621_064248_08168C_5A1F-SLC,SLC,DESCENDING,126,64248,629,2026-04-26T08:35:53Z,2026-04-26T08:36:21Z,S1A_IW_SLC__1SDV_20260426T083553_20260426T083621_064248_08168C_5A1F
feature_0_part_1_split_1,0,SENTINEL-1,Sentinel-1A,S1A_IW_SLC__1SDV_20260426T083619_20260426T083646_064248_08168C_7BEA-SLC,SLC,DESCENDING,126,64248,635,2026-04-26T08:36:19Z,2026-04-26T08:36:46Z,S1A_IW_SLC__1SDV_20260426T083619_20260426T083646_064248_08168C_7BEA
feature_0_part_1_split_1,0,SENTINEL-1,Sentinel-1A,S1A_IW_SLC__1SDV_20260426T083644_20260426T083658_064248_08168C_908C-SLC,SLC,DESCENDING,126,64248,639,2026-04-26T08:36:44Z,2026-04-26T08:36:58Z,S1A_IW_SLC__1SDV_20260426T083644_20260426T083658_064248_08168C_908C
feature_0_part_1_split_1,0,SENTINEL-1,Sentinel-1A,S1A_IW_SLC__1SDV_20260426T083829_20260426T083859_064248_08168D_E13A-SLC,SLC,DESCENDING,126,64248,661,2026-04-26T08:38:29Z,2026-04-26T08:38:59Z,S1A_IW_SLC__1SDV_20260426T083829_20260426T083859_064248_08168D_E13A
feature_0_part_1_split_1,0,SENTINEL-1,Sentinel-1A,S1A_IW_SLC__1SDV_20260426T083857_20260426T083925_064248_08168D_EBCB-SLC,SLC,DESCENDING,126,64248,666,2026-04-26T08:38:57Z,2026-04-26T08:39:25Z,S1A_IW_SLC__1SDV_20260426T083857_20260426T083925_064248_08168D_EBCB
feature_0_part_1_split_1,0,SENTINEL-1,Sentinel-1A,S1A_IW_SLC__1SDV_20260426T083923_20260426T083949_064248_08168D_86E2-SLC,SLC,DESCENDING,126,64248,671,2026-04-26T08:39:23Z,2026-04-26T08:39:49Z,S1A_IW_SLC__1SDV_20260426T083923_20260426T083949_064248_08168D_86E2
feature_0_part_1_split_1,0,SENTINEL-1,Sentinel-1C,S1C_IW_SLC__1SDV_20260427T082746_20260427T082817_007399_00F029_5D83-SLC,SLC,DESCENDING,53,7399,642,2026-04-27T08:27:46Z,2026-04-27T08:28:17Z,S1C_IW_SLC__1SDV_20260427T082746_20260427T082817_007399_00F029_5D83
feature_0_part_1_split_1,0,SENTINEL-1,Sentinel-1C,S1C_IW_SLC__1SDV_20260427T082815_20260427T082842_007399_00F029_309D-SLC,SLC,DESCENDING,53,7399,648,2026-04-27T08:28:15Z,2026-04-27T08:28:42Z,S1C_IW_SLC__1SDV_20260427T082815_20260427T082842_007399_00F029_309D
feature_0_part_1_split_1,0,SENTINEL-1,Sentinel-1C,S1C_IW_SLC__1SDV_20260427T082840_20260427T082907_007399_00F029_C0BB-SLC,SLC,DESCENDING,53,7399,653,2026-04-27T08:28:40Z,2026-04-27T08:29:07Z,S1C_IW_SLC__1SDV_20260427T082840_20260427T082907_007399_00F029_C0BB
feature_0_part_1_split_1,0,SENTINEL-1,Sentinel-1C,S1C_IW_SLC__1SDV_20260427T082905_20260427T082931_007399_00F029_1B3B-SLC,SLC,DESCENDING,53,7399,658,2026-04-27T08:29:05Z,2026-04-27T08:29:31Z,S1C_IW_SLC__1SDV_20260427T082905_20260427T082931_007399_00F029_1B3B
feature_0_part_1_split_1,0,SENTINEL-1,Sentinel-1C,S1C_IW_SLC__1SDV_20260427T082929_20260427T082956_007399_00F029_A430-SLC,SLC,DESCENDING,53,7399,663,2026-04-27T08:29:29Z,2026-04-27T08:29:56Z,S1C_IW_SLC__1SDV_20260427T082929_20260427T082956_007399_00F029_A430
feature_0_part_1_split_1,0,SENTINEL-1,Sentinel-1C,S1C_IW_SLC__1SDV_20260427T082954_20260427T083022_007399_00F029_4EEF-SLC,SLC,DESCENDING,53,7399,668,2026-04-27T08:29:54Z,2026-04-27T08:30:22Z,S1C_IW_SLC__1SDV_20260427T082954_20260427T083022_007399_00F029_4EEF
feature_0_part_1_split_1,0,SENTINEL-1,Sentinel-1A,S1A_IW_SLC__1SDV_20260427T091714_20260427T091741_064263_081716_E667-SLC,SLC,DESCENDING,141,64263,632,2026-04-27T09:17:14Z,2026-04-27T09:17:41Z,S1A_IW_SLC__1SDV_20260427T091714_20260427T091741_064263_081716_E667
feature_0_part_1_split_1,0,SENTINEL-1,Sentinel-1A,S1A_IW_SLC__1SDV_20260427T091739_20260427T091806_064263_081716_130F-SLC,SLC,DESCENDING,141,64263,637,2026-04-27T09:17:39Z,2026-04-27T09:18:06Z,S1A_IW_SLC__1SDV_20260427T091739_20260427T091806_064263_081716_130F
feature_0_part_1_split_1,0,SENTINEL-1,Sentinel-1A,S1A_IW_SLC__1SDV_20260427T091804_20260427T091831_064263_081716_B5D9-SLC,SLC,DESCENDING,141,64263,642,2026-04-27T09:18:04Z,2026-04-27T09:18:31Z,S1A_IW_SLC__1SDV_20260427T091804_20260427T091831_064263_081716_B5D9
feature_0_part_1_split_1,0,SENTINEL-1,Sentinel-1A,S1A_IW_SLC__1SDV_20260427T091829_20260427T091856_064263_081716_F792-SLC,SLC,DESCENDING,141,64263,647,2026-04-27T09:18:29Z,2026-04-27T09:18:56Z,S1A_IW_SLC__1SDV_20260427T091829_20260427T091856_064263_081716_F792
feature_0_part_1_split_1,0,SENTINEL-1,Sentinel-1A,S1A_IW_SLC__1SDV_20260427T091919_20260427T091940_064263_081716_0322-SLC,SLC,DESCENDING,141,64263,657,2026-04-27T09:19:19Z,2026-04-27T09:19:40Z,S1A_IW_SLC__1SDV_20260427T091919_20260427T091940_064263_081716_0322
feature_0_part_1_split_1,0,SENTINEL-1,Sentinel-1C,S1C_IW_SLC__1SDV_20260427T221547_20260427T221613_007407_00F07B_E670-SLC,SLC,ASCENDING,61,7407,1099,2026-04-27T22:15:47Z,2026-04-27T22:16:13Z,S1C_IW_SLC__1SDV_20260427T221547_20260427T221613_007407_00F07B_E670
feature_0_part_1_split_1,0,SENTINEL-1,Sentinel-1A,S1A_IW_SLC__1SDV_20260428T082011_20260428T082038_064277_0817A2_74D3-SLC,SLC,DESCENDING,155,64277,638,2026-04-28T08:20:11Z,2026-04-28T08:20:38Z,S1A_IW_SLC__1SDV_20260428T082011_20260428T082038_064277_0817A2_74D3
feature_0_part_1_split_1,0,SENTINEL-1,Sentinel-1A,S1A_IW_SLC__1SDV_20260428T082035_20260428T082102_064277_0817A2_3FF3-SLC,SLC,DESCENDING,155,64277,643,2026-04-28T08:20:35Z,2026-04-28T08:21:02Z,S1A_IW_SLC__1SDV_20260428T082035_20260428T082102_064277_0817A2_3FF3
feature_0_part_1_split_1,0,SENTINEL-1,Sentinel-1A,S1A_IW_SLC__1SDV_20260428T082100_20260428T082114_064277_0817A2_AF31-SLC,SLC,DESCENDING,155,64277,648,2026-04-28T08:21:00Z,2026-04-28T08:21:14Z,S1A_IW_SLC__1SDV_20260428T082100_20260428T082114_064277_0817A2_AF31
feature_0_part_1_split_1,0,SENTINEL-1,Sentinel-1A,S1A_IW_SLC__1SDV_20260429T085920_20260429T085948_064292_081828_2A02-SLC,SLC,DESCENDING,170,64292,615,2026-04-29T08:59:20Z,2026-04-29T08:59:48Z,S1A_IW_SLC__1SDV_20260429T085920_20260429T085948_064292_081828_2A02
feature_0_part_1_split_1,0,SENTINEL-1,Sentinel-1A,S1A_IW_SLC__1SDV_20260429T085945_20260429T090012_064292_081828_D0E1-SLC,SLC,DESCENDING,170,64292,620,2026-04-29T08:59:45Z,2026-04-29T09:00:12Z,S1A_IW_SLC__1SDV_20260429T085945_20260429T090012_064292_081828_D0E1
feature_0_part_1_split_1,0,SENTINEL-1,Sentinel-1A,S1A_IW_SLC__1SDV_20260429T090010_20260429T090037_064292_081828_8E31-SLC,SLC,DESCENDING,170,64292,625,2026-04-29T09:00:10Z,2026-04-29T09:00:37Z,S1A_IW_SLC__1SDV_20260429T090010_20260429T090037_064292_081828_8E31
feature_0_part_1_split_1,0,SENTINEL-1,Sentinel-1A,S1A_IW_SLC__1SDV_20260429T090035_20260429T090102_064292_081828_D9F9-SLC,SLC,DESCENDING,170,64292,630,2026-04-29T09:00:35Z,2026-04-29T09:01:02Z,S1A_IW_SLC__1SDV_20260429T090035_20260429T090102_064292_081828_D9F9
feature_0_part_1_split_1,0,SENTINEL-1,Sentinel-1A,S1A_IW_SLC__1SDV_20260429T090100_20260429T090127_064292_081828_5144-SLC,SLC,DESCENDING,170,64292,635,2026-04-29T09:01:00Z,2026-04-29T09:01:27Z,S1A_IW_SLC__1SDV_20260429T090100_20260429T090127_064292_081828_5144
feature_0_part_1_split_1,0,SENTINEL-1,Sentinel-1A,S1A_IW_SLC__1SDV_20260429T090125_20260429T090152_064292_081828_B37D-SLC,SLC,DESCENDING,170,64292,640,2026-04-29T09:01:25Z,2026-04-29T09:01:52Z,S1A_IW_SLC__1SDV_20260429T090125_20260429T090152_064292_081828_B37D
feature_0_part_1_split_1,0,SENTINEL-1,Sentinel-1A,S1A_IW_SLC__1SDV_20260429T090150_20260429T090218_064292_081828_820D-SLC,SLC,DESCENDING,170,64292,645,2026-04-29T09:01:50Z,2026-04-29T09:02:18Z,S1A_IW_SLC__1SDV_20260429T090150_20260429T090218_064292_081828_820D
feature_0_part_1_split_1,0,SENTINEL-1,Sentinel-1A,S1A_IW_SLC__1SDV_20260429T090215_20260429T090242_064292_081828_5148-SLC,SLC,DESCENDING,170,64292,650,2026-04-29T09:02:15Z,2026-04-29T09:02:42Z,S1A_IW_SLC__1SDV_20260429T090215_20260429T090242_064292_081828_5148
feature_0_part_1_split_1,0,SENTINEL-1,Sentinel-1A,S1A_IW_SLC__1SDV_20260429T090240_20260429T090304_064292_081828_7FE9-SLC,SLC,DESCENDING,170,64292,655,2026-04-29T09:02:40Z,2026-04-29T09:03:04Z,S1A_IW_SLC__1SDV_20260429T090240_20260429T090304_064292_081828_7FE9
feature_0_part_1_split_1,0,SENTINEL-1,Sentinel-1A,S1A_IW_SLC__1SDV_20260429T211637_20260429T211707_064299_081876_F041-SLC,SLC,ASCENDING,2,64299,1168,2026-04-29T21:16:37Z,2026-04-29T21:17:07Z,S1A_IW_SLC__1SDV_20260429T211637_20260429T211707_064299_081876_F041
feature_0_part_1_split_1,0,SENTINEL-1,Sentinel-1C,S1C_IW_SLC__1SDV_20260430T085351_20260430T085421_007443_00F1B0_879C-SLC,SLC,DESCENDING,97,7443,659,2026-04-30T08:53:51Z,2026-04-30T08:54:21Z,S1C_IW_SLC__1SDV_20260430T085351_20260430T085421_007443_00F1B0_879C
feature_0_part_1_split_1,0,SENTINEL-1,Sentinel-1C,S1C_IW_SLC__1SDV_20260430T085419_20260430T085446_007443_00F1B0_9356-SLC,SLC,DESCENDING,97,7443,665,2026-04-30T08:54:19Z,2026-04-30T08:54:46Z,S1C_IW_SLC__1SDV_20260430T085419_20260430T085446_007443_00F1B0_9356
feature_0_part_1_split_1,0,SENTINEL-1,Sentinel-1A,S1A_IW_SLC__1SDV_20260430T094153_20260430T094221_064307_0818BF_DD61-SLC,SLC,DESCENDING,10,64307,632,2026-04-30T09:41:53Z,2026-04-30T09:42:21Z,S1A_IW_SLC__1SDV_20260430T094153_20260430T094221_064307_0818BF_DD61
feature_0_part_1_split_1,0,SENTINEL-1,Sentinel-1A,S1A_IW_SLC__1SDV_20260501T084128_20260501T084155_064321_08193C_F0CA-SLC,SLC,DESCENDING,24,64321,598,2026-05-01T08:41:28Z,2026-05-01T08:41:55Z,S1A_IW_SLC__1SDV_20260501T084128_20260501T084155_064321_08193C_F0CA
feature_0_part_1_split_1,0,SENTINEL-1,Sentinel-1A,S1A_IW_SLC__1SDV_20260501T084153_20260501T084220_064321_08193C_5405-SLC,SLC,DESCENDING,24,64321,603,2026-05-01T08:41:53Z,2026-05-01T08:42:20Z,S1A_IW_SLC__1SDV_20260501T084153_20260501T084220_064321_08193C_5405
feature_0_part_1_split_1,0,SENTINEL-1,Sentinel-1A,S1A_IW_SLC__1SDV_20260501T084218_20260501T084245_064321_08193C_55B2-SLC,SLC,DESCENDING,24,64321,608,2026-05-01T08:42:18Z,2026-05-01T08:42:45Z,S1A_IW_SLC__1SDV_20260501T084218_20260501T084245_064321_08193C_55B2
feature_0_part_1_split_1,0,SENTINEL-1,Sentinel-1A,S1A_IW_SLC__1SDV_20260501T084243_20260501T084310_064321_08193C_6705-SLC,SLC,DESCENDING,24,64321,613,2026-05-01T08:42:43Z,2026-05-01T08:43:10Z,S1A_IW_SLC__1SDV_20260501T084243_20260501T084310_064321_08193C_6705
feature_0_part_1_split_1,0,SENTINEL-1,Sentinel-1A,S1A_IW_SLC__1SDV_20260501T084307_20260501T084335_064321_08193C_3E41-SLC,SLC,DESCENDING,24,64321,618,2026-05-01T08:43:07Z,2026-05-01T08:43:35Z,S1A_IW_SLC__1SDV_20260501T084307_20260501T084335_064321_08193C_3E41
feature_0_part_1_split_1,0,SENTINEL-1,Sentinel-1A,S1A_IW_SLC__1SDV_20260501T084333_20260501T084400_064321_08193C_5CA9-SLC,SLC,DESCENDING,24,64321,623,2026-05-01T08:43:33Z,2026-05-01T08:44:00Z,S1A_IW_SLC__1SDV_20260501T084333_20260501T084400_064321_08193C_5CA9
feature_0_part_1_split_1,0,SENTINEL-1,Sentinel-1A,S1A_IW_SLC__1SDV_20260501T084358_20260501T084425_064321_08193C_51B5-SLC,SLC,DESCENDING,24,64321,628,2026-05-01T08:43:58Z,2026-05-01T08:44:25Z,S1A_IW_SLC__1SDV_20260501T084358_20260501T084425_064321_08193C_51B5
feature_0_part_1_split_1,0,SENTINEL-1,Sentinel-1A,S1A_IW_SLC__1SDV_20260501T084423_20260501T084450_064321_08193C_54D4-SLC,SLC,DESCENDING,24,64321,633,2026-05-01T08:44:23Z,2026-05-01T08:44:50Z,S1A_IW_SLC__1SDV_20260501T084423_20260501T084450_064321_08193C_54D4
feature_0_part_1_split_1,0,SENTINEL-1,Sentinel-1A,S1A_IW_SLC__1SDV_20260501T084448_20260501T084515_064321_08193C_5974-SLC,SLC,DESCENDING,24,64321,638,2026-05-01T08:44:48Z,2026-05-01T08:45:15Z,S1A_IW_SLC__1SDV_20260501T084448_20260501T084515_064321_08193C_5974
feature_0_part_1_split_1,0,SENTINEL-1,Sentinel-1A,S1A_IW_SLC__1SDV_20260501T084512_20260501T084539_064321_08193C_3CB3-SLC,SLC,DESCENDING,24,64321,643,2026-05-01T08:45:12Z,2026-05-01T08:45:39Z,S1A_IW_SLC__1SDV_20260501T084512_20260501T084539_064321_08193C_3CB3
feature_0_part_1_split_1,0,SENTINEL-1,Sentinel-1A,S1A_IW_SLC__1SDV_20260501T084537_20260501T084605_064321_08193C_CD50-SLC,SLC,DESCENDING,24,64321,648,2026-05-01T08:45:37Z,2026-05-01T08:46:05Z,S1A_IW_SLC__1SDV_20260501T084537_20260501T084605_064321_08193C_CD50
feature_0_part_1_split_1,0,SENTINEL-1,Sentinel-1A,S1A_IW_SLC__1SDV_20260501T084603_20260501T084630_064321_08193C_DD1A-SLC,SLC,DESCENDING,24,64321,653,2026-05-01T08:46:03Z,2026-05-01T08:46:30Z,S1A_IW_SLC__1SDV_20260501T084603_20260501T084630_064321_08193C_DD1A
feature_0_part_1_split_1,0,SENTINEL-1,Sentinel-1A,S1A_IW_SLC__1SDV_20260501T084628_20260501T084652_064321_08193C_9B3C-SLC,SLC,DESCENDING,24,64321,658,2026-05-01T08:46:28Z,2026-05-01T08:46:52Z,S1A_IW_SLC__1SDV_20260501T084628_20260501T084652_064321_08193C_9B3C
feature_0_part_1_split_1,0,SENTINEL-1,Sentinel-1C,S1C_IW_SLC__1SDV_20260502T083607_20260502T083637_007472_00F2A3_955B-SLC,SLC,DESCENDING,126,7472,644,2026-05-02T08:36:07Z,2026-05-02T08:36:37Z,S1C_IW_SLC__1SDV_20260502T083607_20260502T083637_007472_00F2A3_955B
feature_0_part_1_split_1,0,SENTINEL-1,Sentinel-1C,S1C_IW_SLC__1SDV_20260502T083635_20260502T083702_007472_00F2A3_55D8-SLC,SLC,DESCENDING,126,7472,649,2026-05-02T08:36:35Z,2026-05-02T08:37:02Z,S1C_IW_SLC__1SDV_20260502T083635_20260502T083702_007472_00F2A3_55D8
feature_0_part_1_split_1,0,SENTINEL-1,Sentinel-1C,S1C_IW_SLC__1SDV_20260502T083700_20260502T083727_007472_00F2A3_3ED7-SLC,SLC,DESCENDING,126,7472,654,2026-05-02T08:37:00Z,2026-05-02T08:37:27Z,S1C_IW_SLC__1SDV_20260502T083700_20260502T083727_007472_00F2A3_3ED7
feature_0_part_1_split_1,0,SENTINEL-1,Sentinel-1C,S1C_IW_SLC__1SDV_20260502T083725_20260502T083752_007472_00F2A3_E067-SLC,SLC,DESCENDING,126,7472,659,2026-05-02T08:37:25Z,2026-05-02T08:37:52Z,S1C_IW_SLC__1SDV_20260502T083725_20260502T083752_007472_00F2A3_E067
feature_0_part_1_split_1,0,SENTINEL-1,Sentinel-1C,S1C_IW_SLC__1SDV_20260502T083750_20260502T083817_007472_00F2A3_C093-SLC,SLC,DESCENDING,126,7472,664,2026-05-02T08:37:50Z,2026-05-02T08:38:17Z,S1C_IW_SLC__1SDV_20260502T083750_20260502T083817_007472_00F2A3_C093
feature_0_part_1_split_1,0,SENTINEL-1,Sentinel-1C,S1C_IW_SLC__1SDV_20260502T083814_20260502T083842_007472_00F2A3_F7A9-SLC,SLC,DESCENDING,126,7472,669,2026-05-02T08:38:14Z,2026-05-02T08:38:42Z,S1C_IW_SLC__1SDV_20260502T083814_20260502T083842_007472_00F2A3_F7A9
feature_0_part_1_split_1,0,SENTINEL-1,Sentinel-1C,S1C_IW_SLC__1SDV_20260502T083840_20260502T083907_007472_00F2A3_5DA7-SLC,SLC,DESCENDING,126,7472,674,2026-05-02T08:38:40Z,2026-05-02T08:39:07Z,S1C_IW_SLC__1SDV_20260502T083840_20260502T083907_007472_00F2A3_5DA7
feature_0_part_1_split_1,0,SENTINEL-1,Sentinel-1A,S1A_IW_SLC__1SDV_20260502T092521_20260502T092548_064336_0819C7_5CF5-SLC,SLC,DESCENDING,39,64336,631,2026-05-02T09:25:21Z,2026-05-02T09:25:48Z,S1A_IW_SLC__1SDV_20260502T092521_20260502T092548_064336_0819C7_5CF5
feature_0_part_1_split_1,0,SENTINEL-1,Sentinel-1A,S1A_IW_SLC__1SDV_20260502T092546_20260502T092613_064336_0819C7_DAC2-SLC,SLC,DESCENDING,39,64336,636,2026-05-02T09:25:46Z,2026-05-02T09:26:13Z,S1A_IW_SLC__1SDV_20260502T092546_20260502T092613_064336_0819C7_DAC2
feature_0_part_1_split_1,0,SENTINEL-1,Sentinel-1A,S1A_IW_SLC__1SDV_20260502T092611_20260502T092638_064336_0819C7_6643-SLC,SLC,DESCENDING,39,64336,641,2026-05-02T09:26:11Z,2026-05-02T09:26:38Z,S1A_IW_SLC__1SDV_20260502T092611_20260502T092638_064336_0819C7_6643
feature_0_part_1_split_1,0,SENTINEL-1,Sentinel-1A,S1A_IW_SLC__1SDV_20260502T092636_20260502T092703_064336_0819C7_CB7F-SLC,SLC,DESCENDING,39,64336,646,2026-05-02T09:26:36Z,2026-05-02T09:27:03Z,S1A_IW_SLC__1SDV_20260502T092636_20260502T092703_064336_0819C7_CB7F
feature_0_part_1_split_1,0,SENTINEL-1,Sentinel-1A,S1A_IW_SLC__1SDV_20260503T082514_20260503T082544_064350_081A4F_066C-SLC,SLC,DESCENDING,53,64350,600,2026-05-03T08:25:14Z,2026-05-03T08:25:44Z,S1A_IW_SLC__1SDV_20260503T082514_20260503T082544_064350_081A4F_066C
feature_0_part_1_split_1,0,SENTINEL-1,Sentinel-1A,S1A_IW_SLC__1SDV_20260503T082541_20260503T082609_064350_081A4F_2A09-SLC,SLC,DESCENDING,53,64350,606,2026-05-03T08:25:41Z,2026-05-03T08:26:09Z,S1A_IW_SLC__1SDV_20260503T082541_20260503T082609_064350_081A4F_2A09
feature_0_part_1_split_1,0,SENTINEL-1,Sentinel-1A,S1A_IW_SLC__1SDV_20260503T082607_20260503T082634_064350_081A4F_5217-SLC,SLC,DESCENDING,53,64350,611,2026-05-03T08:26:07Z,2026-05-03T08:26:34Z,S1A_IW_SLC__1SDV_20260503T082607_20260503T082634_064350_081A4F_5217
feature_0_part_1_split_1,0,SENTINEL-1,Sentinel-1A,S1A_IW_SLC__1SDV_20260503T082632_20260503T082659_064350_081A4F_FE12-SLC,SLC,DESCENDING,53,64350,616,2026-05-03T08:26:32Z,2026-05-03T08:26:59Z,S1A_IW_SLC__1SDV_20260503T082632_20260503T082659_064350_081A4F_FE12
feature_0_part_1_split_1,0,SENTINEL-1,Sentinel-1A,S1A_IW_SLC__1SDV_20260503T082746_20260503T082814_064350_081A4F_70EF-SLC,SLC,DESCENDING,53,64350,631,2026-05-03T08:27:46Z,2026-05-03T08:28:14Z,S1A_IW_SLC__1SDV_20260503T082746_20260503T082814_064350_081A4F_70EF
feature_0_part_1_split_1,0,SENTINEL-1,Sentinel-1A,S1A_IW_SLC__1SDV_20260503T082812_20260503T082839_064350_081A4F_98AF-SLC,SLC,DESCENDING,53,64350,636,2026-05-03T08:28:12Z,2026-05-03T08:28:39Z,S1A_IW_SLC__1SDV_20260503T082812_20260503T082839_064350_081A4F_98AF
feature_0_part_1_split_1,0,SENTINEL-1,Sentinel-1A,S1A_IW_SLC__1SDV_20260503T082837_20260503T082851_064350_081A4F_9F7D-SLC,SLC,DESCENDING,53,64350,641,2026-05-03T08:28:37Z,2026-05-03T08:28:51Z,S1A_IW_SLC__1SDV_20260503T082837_20260503T082851_064350_081A4F_9F7D
feature_0_part_1_split_1,0,SENTINEL-1,Sentinel-1C,S1C_IW_SLC__1SDV_20260503T091838_20260503T091909_007487_00F331_5CF9-SLC,SLC,DESCENDING,141,7487,660,2026-05-03T09:18:38Z,2026-05-03T09:19:09Z,S1C_IW_SLC__1SDV_20260503T091838_20260503T091909_007487_00F331_5CF9
feature_0_part_1_split_1,0,SENTINEL-1,Sentinel-1C,S1C_IW_SLC__1SDV_20260503T091907_20260503T091934_007487_00F331_9298-SLC,SLC,DESCENDING,141,7487,666,2026-05-03T09:19:07Z,2026-05-03T09:19:34Z,S1C_IW_SLC__1SDV_20260503T091907_20260503T091934_007487_00F331_9298
feature_0_part_1_split_1,0,SENTINEL-1,Sentinel-1C,S1C_IW_SLC__1SDV_20260504T082015_20260504T082046_007501_00F3B0_5FD8-SLC,SLC,DESCENDING,155,7501,651,2026-05-04T08:20:15Z,2026-05-04T08:20:46Z,S1C_IW_SLC__1SDV_20260504T082015_20260504T082046_007501_00F3B0_5FD8
feature_0_part_1_split_1,0,SENTINEL-1,Sentinel-1C,S1C_IW_SLC__1SDV_20260504T082044_20260504T082111_007501_00F3B0_2C67-SLC,SLC,DESCENDING,155,7501,656,2026-05-04T08:20:44Z,2026-05-04T08:21:11Z,S1C_IW_SLC__1SDV_20260504T082044_20260504T082111_007501_00F3B0_2C67
feature_0_part_1_split_1,0,SENTINEL-1,Sentinel-1A,S1A_IW_SLC__1SDV_20260504T090826_20260504T090853_064365_081AE1_AD7F-SLC,SLC,DESCENDING,68,64365,625,2026-05-04T09:08:26Z,2026-05-04T09:08:53Z,S1A_IW_SLC__1SDV_20260504T090826_20260504T090853_064365_081AE1_AD7F
feature_0_part_1_split_1,0,SENTINEL-1,Sentinel-1A,S1A_IW_SLC__1SDV_20260504T090915_20260504T090943_064365_081AE1_FD85-SLC,SLC,DESCENDING,68,64365,635,2026-05-04T09:09:15Z,2026-05-04T09:09:43Z,S1A_IW_SLC__1SDV_20260504T090915_20260504T090943_064365_081AE1_FD85
feature_0_part_1_split_1,0,SENTINEL-1,Sentinel-1A,S1A_IW_SLC__1SDV_20260504T090941_20260504T091008_064365_081AE1_C68F-SLC,SLC,DESCENDING,68,64365,640,2026-05-04T09:09:41Z,2026-05-04T09:10:08Z,S1A_IW_SLC__1SDV_20260504T090941_20260504T091008_064365_081AE1_C68F
feature_0_part_1_split_1,0,SENTINEL-1,Sentinel-1A,S1A_IW_SLC__1SDV_20260504T091006_20260504T091033_064365_081AE1_803F-SLC,SLC,DESCENDING,68,64365,645,2026-05-04T09:10:06Z,2026-05-04T09:10:33Z,S1A_IW_SLC__1SDV_20260504T091006_20260504T091033_064365_081AE1_803F
feature_0_part_1_split_1,0,SENTINEL-1,Sentinel-1A,S1A_IW_SLC__1SDV_20260504T091031_20260504T091052_064365_081AE1_763E-SLC,SLC,DESCENDING,68,64365,650,2026-05-04T09:10:31Z,2026-05-04T09:10:52Z,S1A_IW_SLC__1SDV_20260504T091031_20260504T091052_064365_081AE1_763E
feature_0_part_1_split_1,0,SENTINEL-1,Sentinel-1C,S1C_IW_SLC__1SDV_20260504T220743_20260504T220803_007509_00F3F9_3D7B-SLC,SLC,ASCENDING,163,7509,1101,2026-05-04T22:07:43Z,2026-05-04T22:08:03Z,S1C_IW_SLC__1SDV_20260504T220743_20260504T220803_007509_00F3F9_3D7B
feature_0_part_1_split_1,0,SENTINEL-1,Sentinel-1C,S1C_IW_SLC__1SDV_20260505T090157_20260505T090228_007516_00F432_A6C2-SLC,SLC,DESCENDING,170,7516,657,2026-05-05T09:01:57Z,2026-05-05T09:02:28Z,S1C_IW_SLC__1SDV_20260505T090157_20260505T090228_007516_00F432_A6C2
feature_0_part_1_split_1,0,SENTINEL-1,Sentinel-1C,S1C_IW_SLC__1SDV_20260505T090226_20260505T090253_007516_00F432_2A00-SLC,SLC,DESCENDING,170,7516,663,2026-05-05T09:02:26Z,2026-05-05T09:02:53Z,S1C_IW_SLC__1SDV_20260505T090226_20260505T090253_007516_00F432_2A00
feature_0_part_1_split_1,0,SENTINEL-1,Sentinel-1C,S1C_IW_SLC__1SDV_20260505T090251_20260505T090318_007516_00F432_558D-SLC,SLC,DESCENDING,170,7516,668,2026-05-05T09:02:51Z,2026-05-05T09:03:18Z,S1C_IW_SLC__1SDV_20260505T090251_20260505T090318_007516_00F432_558D
feature_0_part_1_split_1,0,SENTINEL-1,Sentinel-1C,S1C_IW_SLC__1SDV_20260505T090316_20260505T090342_007516_00F432_948F-SLC,SLC,DESCENDING,170,7516,673,2026-05-05T09:03:16Z,2026-05-05T09:03:42Z,S1C_IW_SLC__1SDV_20260505T090316_20260505T090342_007516_00F432_948F
feature_0_part_1_split_1,0,SENTINEL-1,Sentinel-1A,S1A_IW_SLC__1SDV_20260506T085024_20260506T085051_064394_081BE1_234B-SLC,SLC,DESCENDING,97,64394,606,2026-05-06T08:50:24Z,2026-05-06T08:50:51Z,S1A_IW_SLC__1SDV_20260506T085024_20260506T085051_064394_081BE1_234B
feature_0_part_1_split_1,0,SENTINEL-1,Sentinel-1A,S1A_IW_SLC__1SDV_20260506T085049_20260506T085115_064394_081BE1_57A9-SLC,SLC,DESCENDING,97,64394,611,2026-05-06T08:50:49Z,2026-05-06T08:51:15Z,S1A_IW_SLC__1SDV_20260506T085049_20260506T085115_064394_081BE1_57A9
feature_0_part_1_split_1,0,SENTINEL-1,Sentinel-1A,S1A_IW_SLC__1SDV_20260506T085113_20260506T085141_064394_081BE1_A453-SLC,SLC,DESCENDING,97,64394,616,2026-05-06T08:51:13Z,2026-05-06T08:51:41Z,S1A_IW_SLC__1SDV_20260506T085113_20260506T085141_064394_081BE1_A453
feature_0_part_1_split_1,0,SENTINEL-1,Sentinel-1A,S1A_IW_SLC__1SDV_20260506T085139_20260506T085206_064394_081BE1_9499-SLC,SLC,DESCENDING,97,64394,621,2026-05-06T08:51:39Z,2026-05-06T08:52:06Z,S1A_IW_SLC__1SDV_20260506T085139_20260506T085206_064394_081BE1_9499
feature_0_part_1_split_1,0,SENTINEL-1,Sentinel-1A,S1A_IW_SLC__1SDV_20260506T085204_20260506T085231_064394_081BE1_7376-SLC,SLC,DESCENDING,97,64394,626,2026-05-06T08:52:04Z,2026-05-06T08:52:31Z,S1A_IW_SLC__1SDV_20260506T085204_20260506T085231_064394_081BE1_7376
feature_0_part_1_split_1,0,SENTINEL-1,Sentinel-1A,S1A_IW_SLC__1SDV_20260506T085229_20260506T085256_064394_081BE1_1151-SLC,SLC,DESCENDING,97,64394,631,2026-05-06T08:52:29Z,2026-05-06T08:52:56Z,S1A_IW_SLC__1SDV_20260506T085229_20260506T085256_064394_081BE1_1151
feature_0_part_1_split_1,0,SENTINEL-1,Sentinel-1A,S1A_IW_SLC__1SDV_20260506T085254_20260506T085321_064394_081BE1_3005-SLC,SLC,DESCENDING,97,64394,636,2026-05-06T08:52:54Z,2026-05-06T08:53:21Z,S1A_IW_SLC__1SDV_20260506T085254_20260506T085321_064394_081BE1_3005
feature_0_part_1_split_1,0,SENTINEL-1,Sentinel-1A,S1A_IW_SLC__1SDV_20260506T085318_20260506T085345_064394_081BE1_69A1-SLC,SLC,DESCENDING,97,64394,641,2026-05-06T08:53:18Z,2026-05-06T08:53:45Z,S1A_IW_SLC__1SDV_20260506T085318_20260506T085345_064394_081BE1_69A1
feature_0_part_1_split_1,0,SENTINEL-1,Sentinel-1A,S1A_IW_SLC__1SDV_20260506T085343_20260506T085411_064394_081BE1_386A-SLC,SLC,DESCENDING,97,64394,646,2026-05-06T08:53:43Z,2026-05-06T08:54:11Z,S1A_IW_SLC__1SDV_20260506T085343_20260506T085411_064394_081BE1_386A
feature_0_part_1_split_1,0,SENTINEL-1,Sentinel-1A,S1A_IW_SLC__1SDV_20260506T085409_20260506T085436_064394_081BE1_E748-SLC,SLC,DESCENDING,97,64394,651,2026-05-06T08:54:09Z,2026-05-06T08:54:36Z,S1A_IW_SLC__1SDV_20260506T085409_20260506T085436_064394_081BE1_E748
feature_0_part_1_split_1,0,SENTINEL-1,Sentinel-1A,S1A_IW_SLC__1SDV_20260506T085434_20260506T085458_064394_081BE1_C18B-SLC,SLC,DESCENDING,97,64394,656,2026-05-06T08:54:34Z,2026-05-06T08:54:58Z,S1A_IW_SLC__1SDV_20260506T085434_20260506T085458_064394_081BE1_C18B
feature_0_part_1_split_1,0,SENTINEL-1,Sentinel-1C,S1C_IW_SLC__1SDV_20260507T084548_20260507T084619_007545_00F522_ACF5-SLC,SLC,DESCENDING,24,7545,661,2026-05-07T08:45:48Z,2026-05-07T08:46:19Z,S1C_IW_SLC__1SDV_20260507T084548_20260507T084619_007545_00F522_ACF5
feature_0_part_1_split_1,0,SENTINEL-1,Sentinel-1C,S1C_IW_SLC__1SDV_20260507T084616_20260507T084643_007545_00F522_E638-SLC,SLC,DESCENDING,24,7545,667,2026-05-07T08:46:16Z,2026-05-07T08:46:43Z,S1C_IW_SLC__1SDV_20260507T084616_20260507T084643_007545_00F522_E638
feature_0_part_1_split_1,0,SENTINEL-1,Sentinel-1C,S1C_IW_SLC__1SDV_20260507T084641_20260507T084708_007545_00F522_064E-SLC,SLC,DESCENDING,24,7545,672,2026-05-07T08:46:41Z,2026-05-07T08:47:08Z,S1C_IW_SLC__1SDV_20260507T084641_20260507T084708_007545_00F522_064E
feature_0_part_1_split_1,0,SENTINEL-1,Sentinel-1A,S1A_IW_SLC__1SDV_20260507T093332_20260507T093400_064409_081C7E_EC1F-SLC,SLC,DESCENDING,112,64409,630,2026-05-07T09:33:32Z,2026-05-07T09:34:00Z,S1A_IW_SLC__1SDV_20260507T093332_20260507T093400_064409_081C7E_EC1F
feature_0_part_1_split_1,0,SENTINEL-1,Sentinel-1A,S1A_IW_SLC__1SDV_20260507T093358_20260507T093425_064409_081C7E_D52B-SLC,SLC,DESCENDING,112,64409,635,2026-05-07T09:33:58Z,2026-05-07T09:34:25Z,S1A_IW_SLC__1SDV_20260507T093358_20260507T093425_064409_081C7E_D52B
feature_0_part_1_split_1,0,SENTINEL-1,Sentinel-1A,S1A_IW_SLC__1SDV_20260507T093423_20260507T093450_064409_081C7E_8A87-SLC,SLC,DESCENDING,112,64409,640,2026-05-07T09:34:23Z,2026-05-07T09:34:50Z,S1A_IW_SLC__1SDV_20260507T093423_20260507T093450_064409_081C7E_8A87
feature_0_part_1_split_1,0,SENTINEL-1,Sentinel-1A,S1A_IW_SLC__1SDV_20260508T083320_20260508T083350_064423_081D04_FA7E-SLC,SLC,DESCENDING,126,64423,599,2026-05-08T08:33:20Z,2026-05-08T08:33:50Z,S1A_IW_SLC__1SDV_20260508T083320_20260508T083350_064423_081D04_FA7E
feature_0_part_1_split_1,0,SENTINEL-1,Sentinel-1A,S1A_IW_SLC__1SDV_20260508T083347_20260508T083415_064423_081D04_3604-SLC,SLC,DESCENDING,126,64423,604,2026-05-08T08:33:47Z,2026-05-08T08:34:15Z,S1A_IW_SLC__1SDV_20260508T083347_20260508T083415_064423_081D04_3604
feature_0_part_1_split_1,0,SENTINEL-1,Sentinel-1A,S1A_IW_SLC__1SDV_20260508T083413_20260508T083440_064423_081D04_EC7B-SLC,SLC,DESCENDING,126,64423,610,2026-05-08T08:34:13Z,2026-05-08T08:34:40Z,S1A_IW_SLC__1SDV_20260508T083413_20260508T083440_064423_081D04_EC7B
feature_0_part_1_split_1,0,SENTINEL-1,Sentinel-1A,S1A_IW_SLC__1SDV_20260508T083438_20260508T083505_064423_081D04_579B-SLC,SLC,DESCENDING,126,64423,614,2026-05-08T08:34:38Z,2026-05-08T08:35:05Z,S1A_IW_SLC__1SDV_20260508T083438_20260508T083505_064423_081D04_579B
feature_0_part_1_split_1,0,SENTINEL-1,Sentinel-1A,S1A_IW_SLC__1SDV_20260508T083503_20260508T083530_064423_081D04_09FD-SLC,SLC,DESCENDING,126,64423,619,2026-05-08T08:35:03Z,2026-05-08T08:35:30Z,S1A_IW_SLC__1SDV_20260508T083503_20260508T083530_064423_081D04_09FD
feature_0_part_1_split_1,0,SENTINEL-1,Sentinel-1A,S1A_IW_SLC__1SDV_20260508T083528_20260508T083555_064423_081D04_336F-SLC,SLC,DESCENDING,126,64423,624,2026-05-08T08:35:28Z,2026-05-08T08:35:55Z,S1A_IW_SLC__1SDV_20260508T083528_20260508T083555_064423_081D04_336F
feature_0_part_1_split_1,0,SENTINEL-1,Sentinel-1A,S1A_IW_SLC__1SDV_20260508T083552_20260508T083620_064423_081D04_8731-SLC,SLC,DESCENDING,126,64423,629,2026-05-08T08:35:52Z,2026-05-08T08:36:20Z,S1A_IW_SLC__1SDV_20260508T083552_20260508T083620_064423_081D04_8731
feature_0_part_1_split_1,0,SENTINEL-1,Sentinel-1A,S1A_IW_SLC__1SDV_20260508T083618_20260508T083645_064423_081D04_1C85-SLC,SLC,DESCENDING,126,64423,635,2026-05-08T08:36:18Z,2026-05-08T08:36:45Z,S1A_IW_SLC__1SDV_20260508T083618_20260508T083645_064423_081D04_1C85
feature_0_part_1_split_1,0,SENTINEL-1,Sentinel-1A,S1A_IW_SLC__1SDV_20260508T083643_20260508T083719_064423_081D04_EA0E-SLC,SLC,DESCENDING,126,64423,639,2026-05-08T08:36:43Z,2026-05-08T08:37:19Z,S1A_IW_SLC__1SDV_20260508T083643_20260508T083719_064423_081D04_EA0E
feature_0_part_1_split_1,0,SENTINEL-1,Sentinel-1A,S1A_IW_SLC__1SDV_20260508T083829_20260508T083859_064423_081D05_2176-SLC,SLC,DESCENDING,126,64423,661,2026-05-08T08:38:29Z,2026-05-08T08:38:59Z,S1A_IW_SLC__1SDV_20260508T083829_20260508T083859_064423_081D05_2176
feature_0_part_1_split_1,0,SENTINEL-1,Sentinel-1A,S1A_IW_SLC__1SDV_20260508T083856_20260508T083924_064423_081D05_F431-SLC,SLC,DESCENDING,126,64423,666,2026-05-08T08:38:56Z,2026-05-08T08:39:24Z,S1A_IW_SLC__1SDV_20260508T083856_20260508T083924_064423_081D05_F431
feature_0_part_1_split_1,0,SENTINEL-1,Sentinel-1A,S1A_IW_SLC__1SDV_20260508T083922_20260508T083949_064423_081D05_CE7B-SLC,SLC,DESCENDING,126,64423,671,2026-05-08T08:39:22Z,2026-05-08T08:39:49Z,S1A_IW_SLC__1SDV_20260508T083922_20260508T083949_064423_081D05_CE7B
feature_0_part_1_split_1,0,SENTINEL-1,Sentinel-1C,S1C_IW_SLC__1SDV_20260509T082747_20260509T082818_007574_00F614_528C-SLC,SLC,DESCENDING,53,7574,642,2026-05-09T08:27:47Z,2026-05-09T08:28:18Z,S1C_IW_SLC__1SDV_20260509T082747_20260509T082818_007574_00F614_528C
feature_0_part_1_split_1,0,SENTINEL-1,Sentinel-1C,S1C_IW_SLC__1SDV_20260509T082816_20260509T082843_007574_00F614_B982-SLC,SLC,DESCENDING,53,7574,648,2026-05-09T08:28:16Z,2026-05-09T08:28:43Z,S1C_IW_SLC__1SDV_20260509T082816_20260509T082843_007574_00F614_B982
feature_0_part_1_split_1,0,SENTINEL-1,Sentinel-1C,S1C_IW_SLC__1SDV_20260509T082841_20260509T082908_007574_00F614_B692-SLC,SLC,DESCENDING,53,7574,653,2026-05-09T08:28:41Z,2026-05-09T08:29:08Z,S1C_IW_SLC__1SDV_20260509T082841_20260509T082908_007574_00F614_B692
feature_0_part_1_split_1,0,SENTINEL-1,Sentinel-1C,S1C_IW_SLC__1SDV_20260509T082905_20260509T082932_007574_00F614_6F95-SLC,SLC,DESCENDING,53,7574,658,2026-05-09T08:29:05Z,2026-05-09T08:29:32Z,S1C_IW_SLC__1SDV_20260509T082905_20260509T082932_007574_00F614_6F95
feature_0_part_1_split_1,0,SENTINEL-1,Sentinel-1C,S1C_IW_SLC__1SDV_20260509T082930_20260509T082957_007574_00F614_6C9E-SLC,SLC,DESCENDING,53,7574,663,2026-05-09T08:29:30Z,2026-05-09T08:29:57Z,S1C_IW_SLC__1SDV_20260509T082930_20260509T082957_007574_00F614_6C9E
feature_0_part_1_split_1,0,SENTINEL-1,Sentinel-1C,S1C_IW_SLC__1SDV_20260509T082955_20260509T083023_007574_00F614_4805-SLC,SLC,DESCENDING,53,7574,668,2026-05-09T08:29:55Z,2026-05-09T08:30:23Z,S1C_IW_SLC__1SDV_20260509T082955_20260509T083023_007574_00F614_4805
feature_0_part_1_split_1,0,SENTINEL-1,Sentinel-1A,S1A_IW_SLC__1SDV_20260509T091713_20260509T091741_064438_081D89_93F7-SLC,SLC,DESCENDING,141,64438,632,2026-05-09T09:17:13Z,2026-05-09T09:17:41Z,S1A_IW_SLC__1SDV_20260509T091713_20260509T091741_064438_081D89_93F7
feature_0_part_1_split_1,0,SENTINEL-1,Sentinel-1A,S1A_IW_SLC__1SDV_20260509T091739_20260509T091806_064438_081D89_2000-SLC,SLC,DESCENDING,141,64438,637,2026-05-09T09:17:39Z,2026-05-09T09:18:06Z,S1A_IW_SLC__1SDV_20260509T091739_20260509T091806_064438_081D89_2000
feature_0_part_1_split_1,0,SENTINEL-1,Sentinel-1A,S1A_IW_SLC__1SDV_20260509T091804_20260509T091831_064438_081D89_2960-SLC,SLC,DESCENDING,141,64438,642,2026-05-09T09:18:04Z,2026-05-09T09:18:31Z,S1A_IW_SLC__1SDV_20260509T091804_20260509T091831_064438_081D89_2960
feature_0_part_1_split_1,0,SENTINEL-1,Sentinel-1A,S1A_IW_SLC__1SDV_20260509T091828_20260509T091856_064438_081D89_1859-SLC,SLC,DESCENDING,141,64438,647,2026-05-09T09:18:28Z,2026-05-09T09:18:56Z,S1A_IW_SLC__1SDV_20260509T091828_20260509T091856_064438_081D89_1859
feature_0_part_1_split_1,0,SENTINEL-1,Sentinel-1A,S1A_IW_SLC__1SDV_20260509T091918_20260509T091940_064438_081D89_8D76-SLC,SLC,DESCENDING,141,64438,657,2026-05-09T09:19:18Z,2026-05-09T09:19:40Z,S1A_IW_SLC__1SDV_20260509T091918_20260509T091940_064438_081D89_8D76
feature_0_part_1_split_1,0,SENTINEL-1,Sentinel-1A,S1A_IW_SLC__1SDV_20260510T082010_20260510T082037_064452_081E08_4F76-SLC,SLC,DESCENDING,155,64452,638,2026-05-10T08:20:10Z,2026-05-10T08:20:37Z,S1A_IW_SLC__1SDV_20260510T082010_20260510T082037_064452_081E08_4F76
feature_0_part_1_split_1,0,SENTINEL-1,Sentinel-1A,S1A_IW_SLC__1SDV_20260510T082035_20260510T082102_064452_081E08_0110-SLC,SLC,DESCENDING,155,64452,643,2026-05-10T08:20:35Z,2026-05-10T08:21:02Z,S1A_IW_SLC__1SDV_20260510T082035_20260510T082102_064452_081E08_0110
feature_0_part_1_split_1,0,SENTINEL-1,Sentinel-1A,S1A_IW_SLC__1SDV_20260510T082100_20260510T082114_064452_081E08_8F94-SLC,SLC,DESCENDING,155,64452,648,2026-05-10T08:21:00Z,2026-05-10T08:21:14Z,S1A_IW_SLC__1SDV_20260510T082100_20260510T082114_064452_081E08_8F94
feature_0_part_1_split_1,0,SENTINEL-1,Sentinel-1A,S1A_IW_SLC__1SDV_20260511T085919_20260511T085947_064467_081E87_4921-SLC,SLC,DESCENDING,170,64467,615,2026-05-11T08:59:19Z,2026-05-11T08:59:47Z,S1A_IW_SLC__1SDV_20260511T085919_20260511T085947_064467_081E87_4921
feature_0_part_1_split_1,0,SENTINEL-1,Sentinel-1A,S1A_IW_SLC__1SDV_20260511T085945_20260511T090012_064467_081E87_6AA4-SLC,SLC,DESCENDING,170,64467,620,2026-05-11T08:59:45Z,2026-05-11T09:00:12Z,S1A_IW_SLC__1SDV_20260511T085945_20260511T090012_064467_081E87_6AA4
feature_0_part_1_split_1,0,SENTINEL-1,Sentinel-1A,S1A_IW_SLC__1SDV_20260511T090010_20260511T090037_064467_081E87_38DE-SLC,SLC,DESCENDING,170,64467,625,2026-05-11T09:00:10Z,2026-05-11T09:00:37Z,S1A_IW_SLC__1SDV_20260511T090010_20260511T090037_064467_081E87_38DE
feature_0_part_1_split_1,0,SENTINEL-1,Sentinel-1A,S1A_IW_SLC__1SDV_20260511T090035_20260511T090102_064467_081E87_175C-SLC,SLC,DESCENDING,170,64467,630,2026-05-11T09:00:35Z,2026-05-11T09:01:02Z,S1A_IW_SLC__1SDV_20260511T090035_20260511T090102_064467_081E87_175C
feature_0_part_1_split_1,0,SENTINEL-1,Sentinel-1A,S1A_IW_SLC__1SDV_20260511T090100_20260511T090127_064467_081E87_F79C-SLC,SLC,DESCENDING,170,64467,635,2026-05-11T09:01:00Z,2026-05-11T09:01:27Z,S1A_IW_SLC__1SDV_20260511T090100_20260511T090127_064467_081E87_F79C
feature_0_part_1_split_1,0,SENTINEL-1,Sentinel-1A,S1A_IW_SLC__1SDV_20260511T090125_20260511T090151_064467_081E87_E61C-SLC,SLC,DESCENDING,170,64467,640,2026-05-11T09:01:25Z,2026-05-11T09:01:51Z,S1A_IW_SLC__1SDV_20260511T090125_20260511T090151_064467_081E87_E61C
feature_0_part_1_split_1,0,SENTINEL-1,Sentinel-1A,S1A_IW_SLC__1SDV_20260511T090149_20260511T090217_064467_081E87_B551-SLC,SLC,DESCENDING,170,64467,645,2026-05-11T09:01:49Z,2026-05-11T09:02:17Z,S1A_IW_SLC__1SDV_20260511T090149_20260511T090217_064467_081E87_B551
feature_0_part_1_split_1,0,SENTINEL-1,Sentinel-1A,S1A_IW_SLC__1SDV_20260511T090215_20260511T090242_064467_081E87_CEA8-SLC,SLC,DESCENDING,170,64467,650,2026-05-11T09:02:15Z,2026-05-11T09:02:42Z,S1A_IW_SLC__1SDV_20260511T090215_20260511T090242_064467_081E87_CEA8
feature_0_part_1_split_1,0,SENTINEL-1,Sentinel-1A,S1A_IW_SLC__1SDV_20260511T090240_20260511T090304_064467_081E87_9538-SLC,SLC,DESCENDING,170,64467,655,2026-05-11T09:02:40Z,2026-05-11T09:03:04Z,S1A_IW_SLC__1SDV_20260511T090240_20260511T090304_064467_081E87_9538
feature_0_part_1_split_1,0,SENTINEL-1,Sentinel-1A,S1A_IW_SLC__1SDV_20260511T211637_20260511T211707_064474_081ECD_A044-SLC,SLC,ASCENDING,2,64474,1168,2026-05-11T21:16:37Z,2026-05-11T21:17:07Z,S1A_IW_SLC__1SDV_20260511T211637_20260511T211707_064474_081ECD_A044
feature_0_part_1_split_1,0,SENTINEL-1,Sentinel-1C,S1C_IW_SLC__1SDV_20260512T085352_20260512T085422_007618_00F797_EC08-SLC,SLC,DESCENDING,97,7618,659,2026-05-12T08:53:52Z,2026-05-12T08:54:22Z,S1C_IW_SLC__1SDV_20260512T085352_20260512T085422_007618_00F797_EC08
feature_0_part_1_split_1,0,SENTINEL-1,Sentinel-1C,S1C_IW_SLC__1SDV_20260512T085420_20260512T085447_007618_00F797_C9DD-SLC,SLC,DESCENDING,97,7618,665,2026-05-12T08:54:20Z,2026-05-12T08:54:47Z,S1C_IW_SLC__1SDV_20260512T085420_20260512T085447_007618_00F797_C9DD
feature_0_part_1_split_1,0,SENTINEL-1,Sentinel-1A,S1A_IW_SLC__1SDV_20260512T094153_20260512T094221_064482_081F0E_1662-SLC,SLC,DESCENDING,10,64482,632,2026-05-12T09:41:53Z,2026-05-12T09:42:21Z,S1A_IW_SLC__1SDV_20260512T094153_20260512T094221_064482_081F0E_1662
feature_0_part_1_split_1,0,SENTINEL-1,Sentinel-1A,S1A_IW_SLC__1SDV_20260513T084128_20260513T084155_064496_081F8F_A089-SLC,SLC,DESCENDING,24,64496,598,2026-05-13T08:41:28Z,2026-05-13T08:41:55Z,S1A_IW_SLC__1SDV_20260513T084128_20260513T084155_064496_081F8F_A089
feature_0_part_1_split_1,0,SENTINEL-1,Sentinel-1A,S1A_IW_SLC__1SDV_20260513T084153_20260513T084219_064496_081F8F_4357-SLC,SLC,DESCENDING,24,64496,603,2026-05-13T08:41:53Z,2026-05-13T08:42:19Z,S1A_IW_SLC__1SDV_20260513T084153_20260513T084219_064496_081F8F_4357
feature_0_part_1_split_1,0,SENTINEL-1,Sentinel-1A,S1A_IW_SLC__1SDV_20260513T084217_20260513T084244_064496_081F8F_1DFF-SLC,SLC,DESCENDING,24,64496,608,2026-05-13T08:42:17Z,2026-05-13T08:42:44Z,S1A_IW_SLC__1SDV_20260513T084217_20260513T084244_064496_081F8F_1DFF
feature_0_part_1_split_1,0,SENTINEL-1,Sentinel-1A,S1A_IW_SLC__1SDV_20260513T084242_20260513T084309_064496_081F8F_2FC0-SLC,SLC,DESCENDING,24,64496,613,2026-05-13T08:42:42Z,2026-05-13T08:43:09Z,S1A_IW_SLC__1SDV_20260513T084242_20260513T084309_064496_081F8F_2FC0
feature_0_part_1_split_1,0,SENTINEL-1,Sentinel-1A,S1A_IW_SLC__1SDV_20260513T084307_20260513T084335_064496_081F8F_677C-SLC,SLC,DESCENDING,24,64496,618,2026-05-13T08:43:07Z,2026-05-13T08:43:35Z,S1A_IW_SLC__1SDV_20260513T084307_20260513T084335_064496_081F8F_677C
feature_0_part_1_split_1,0,SENTINEL-1,Sentinel-1A,S1A_IW_SLC__1SDV_20260513T084333_20260513T084400_064496_081F8F_2531-SLC,SLC,DESCENDING,24,64496,623,2026-05-13T08:43:33Z,2026-05-13T08:44:00Z,S1A_IW_SLC__1SDV_20260513T084333_20260513T084400_064496_081F8F_2531
feature_0_part_1_split_1,0,SENTINEL-1,Sentinel-1A,S1A_IW_SLC__1SDV_20260513T084358_20260513T084425_064496_081F8F_7351-SLC,SLC,DESCENDING,24,64496,628,2026-05-13T08:43:58Z,2026-05-13T08:44:25Z,S1A_IW_SLC__1SDV_20260513T084358_20260513T084425_064496_081F8F_7351
feature_0_part_1_split_1,0,SENTINEL-1,Sentinel-1A,S1A_IW_SLC__1SDV_20260513T084422_20260513T084449_064496_081F8F_B629-SLC,SLC,DESCENDING,24,64496,633,2026-05-13T08:44:22Z,2026-05-13T08:44:49Z,S1A_IW_SLC__1SDV_20260513T084422_20260513T084449_064496_081F8F_B629
feature_0_part_1_split_1,0,SENTINEL-1,Sentinel-1A,S1A_IW_SLC__1SDV_20260513T084447_20260513T084514_064496_081F8F_1CE2-SLC,SLC,DESCENDING,24,64496,638,2026-05-13T08:44:47Z,2026-05-13T08:45:14Z,S1A_IW_SLC__1SDV_20260513T084447_20260513T084514_064496_081F8F_1CE2
feature_0_part_1_split_1,0,SENTINEL-1,Sentinel-1A,S1A_IW_SLC__1SDV_20260513T084512_20260513T084539_064496_081F8F_BC99-SLC,SLC,DESCENDING,24,64496,643,2026-05-13T08:45:12Z,2026-05-13T08:45:39Z,S1A_IW_SLC__1SDV_20260513T084512_20260513T084539_064496_081F8F_BC99
feature_0_part_1_split_1,0,SENTINEL-1,Sentinel-1A,S1A_IW_SLC__1SDV_20260513T084537_20260513T084605_064496_081F8F_D9BE-SLC,SLC,DESCENDING,24,64496,648,2026-05-13T08:45:37Z,2026-05-13T08:46:05Z,S1A_IW_SLC__1SDV_20260513T084537_20260513T084605_064496_081F8F_D9BE
feature_0_part_1_split_1,0,SENTINEL-1,Sentinel-1A,S1A_IW_SLC__1SDV_20260513T084603_20260513T084630_064496_081F8F_C803-SLC,SLC,DESCENDING,24,64496,653,2026-05-13T08:46:03Z,2026-05-13T08:46:30Z,S1A_IW_SLC__1SDV_20260513T084603_20260513T084630_064496_081F8F_C803
feature_0_part_1_split_1,0,SENTINEL-1,Sentinel-1A,S1A_IW_SLC__1SDV_20260513T084627_20260513T084652_064496_081F8F_E56B-SLC,SLC,DESCENDING,24,64496,658,2026-05-13T08:46:27Z,2026-05-13T08:46:52Z,S1A_IW_SLC__1SDV_20260513T084627_20260513T084652_064496_081F8F_E56B
feature_0_part_1_split_1,0,SENTINEL-1,Sentinel-1C,S1C_IW_SLC__1SDV_20260514T083607_20260514T083638_007647_00F88E_22C8-SLC,SLC,DESCENDING,126,7647,644,2026-05-14T08:36:07Z,2026-05-14T08:36:38Z,S1C_IW_SLC__1SDV_20260514T083607_20260514T083638_007647_00F88E_22C8
feature_0_part_1_split_1,0,SENTINEL-1,Sentinel-1C,S1C_IW_SLC__1SDV_20260514T083636_20260514T083703_007647_00F88E_3AEF-SLC,SLC,DESCENDING,126,7647,649,2026-05-14T08:36:36Z,2026-05-14T08:37:03Z,S1C_IW_SLC__1SDV_20260514T083636_20260514T083703_007647_00F88E_3AEF
feature_0_part_1_split_1,0,SENTINEL-1,Sentinel-1C,S1C_IW_SLC__1SDV_20260514T083701_20260514T083728_007647_00F88E_AC8F-SLC,SLC,DESCENDING,126,7647,654,2026-05-14T08:37:01Z,2026-05-14T08:37:28Z,S1C_IW_SLC__1SDV_20260514T083701_20260514T083728_007647_00F88E_AC8F
feature_0_part_1_split_1,0,SENTINEL-1,Sentinel-1C,S1C_IW_SLC__1SDV_20260514T083726_20260514T083753_007647_00F88E_46B1-SLC,SLC,DESCENDING,126,7647,659,2026-05-14T08:37:26Z,2026-05-14T08:37:53Z,S1C_IW_SLC__1SDV_20260514T083726_20260514T083753_007647_00F88E_46B1
feature_0_part_1_split_1,0,SENTINEL-1,Sentinel-1C,S1C_IW_SLC__1SDV_20260514T083750_20260514T083817_007647_00F88E_D7DE-SLC,SLC,DESCENDING,126,7647,664,2026-05-14T08:37:50Z,2026-05-14T08:38:17Z,S1C_IW_SLC__1SDV_20260514T083750_20260514T083817_007647_00F88E_D7DE
feature_0_part_1_split_1,0,SENTINEL-1,Sentinel-1C,S1C_IW_SLC__1SDV_20260514T083815_20260514T083843_007647_00F88E_ADD1-SLC,SLC,DESCENDING,126,7647,669,2026-05-14T08:38:15Z,2026-05-14T08:38:43Z,S1C_IW_SLC__1SDV_20260514T083815_20260514T083843_007647_00F88E_ADD1
feature_0_part_1_split_1,0,SENTINEL-1,Sentinel-1C,S1C_IW_SLC__1SDV_20260514T083841_20260514T083908_007647_00F88E_4613-SLC,SLC,DESCENDING,126,7647,674,2026-05-14T08:38:41Z,2026-05-14T08:39:08Z,S1C_IW_SLC__1SDV_20260514T083841_20260514T083908_007647_00F88E_4613
feature_0_part_1_split_1,0,SENTINEL-1,Sentinel-1A,S1A_IW_SLC__1SDV_20260514T092520_20260514T092548_064511_08200E_5543-SLC,SLC,DESCENDING,39,64511,631,2026-05-14T09:25:20Z,2026-05-14T09:25:48Z,S1A_IW_SLC__1SDV_20260514T092520_20260514T092548_064511_08200E_5543
feature_0_part_1_split_1,0,SENTINEL-1,Sentinel-1A,S1A_IW_SLC__1SDV_20260514T092546_20260514T092613_064511_08200E_57A7-SLC,SLC,DESCENDING,39,64511,636,2026-05-14T09:25:46Z,2026-05-14T09:26:13Z,S1A_IW_SLC__1SDV_20260514T092546_20260514T092613_064511_08200E_57A7
feature_0_part_1_split_1,0,SENTINEL-1,Sentinel-1A,S1A_IW_SLC__1SDV_20260514T092611_20260514T092638_064511_08200E_E8C9-SLC,SLC,DESCENDING,39,64511,641,2026-05-14T09:26:11Z,2026-05-14T09:26:38Z,S1A_IW_SLC__1SDV_20260514T092611_20260514T092638_064511_08200E_E8C9
feature_0_part_1_split_1,0,SENTINEL-1,Sentinel-1A,S1A_IW_SLC__1SDV_20260514T092635_20260514T092703_064511_08200E_CAAF-SLC,SLC,DESCENDING,39,64511,646,2026-05-14T09:26:35Z,2026-05-14T09:27:03Z,S1A_IW_SLC__1SDV_20260514T092635_20260514T092703_064511_08200E_CAAF
feature_0_part_1_split_1,0,SENTINEL-1,Sentinel-1A,S1A_IW_SLC__1SDV_20260515T082513_20260515T082543_064525_08208C_1137-SLC,SLC,DESCENDING,53,64525,600,2026-05-15T08:25:13Z,2026-05-15T08:25:43Z,S1A_IW_SLC__1SDV_20260515T082513_20260515T082543_064525_08208C_1137
feature_0_part_1_split_1,0,SENTINEL-1,Sentinel-1A,S1A_IW_SLC__1SDV_20260515T082541_20260515T082609_064525_08208C_180B-SLC,SLC,DESCENDING,53,64525,606,2026-05-15T08:25:41Z,2026-05-15T08:26:09Z,S1A_IW_SLC__1SDV_20260515T082541_20260515T082609_064525_08208C_180B
feature_0_part_1_split_1,0,SENTINEL-1,Sentinel-1A,S1A_IW_SLC__1SDV_20260515T082607_20260515T082634_064525_08208C_B790-SLC,SLC,DESCENDING,53,64525,611,2026-05-15T08:26:07Z,2026-05-15T08:26:34Z,S1A_IW_SLC__1SDV_20260515T082607_20260515T082634_064525_08208C_B790
feature_0_part_1_split_1,0,SENTINEL-1,Sentinel-1A,S1A_IW_SLC__1SDV_20260515T082632_20260515T082658_064525_08208C_6E87-SLC,SLC,DESCENDING,53,64525,616,2026-05-15T08:26:32Z,2026-05-15T08:26:58Z,S1A_IW_SLC__1SDV_20260515T082632_20260515T082658_064525_08208C_6E87
feature_0_part_1_split_1,0,SENTINEL-1,Sentinel-1A,S1A_IW_SLC__1SDV_20260515T082746_20260515T082814_064525_08208C_036D-SLC,SLC,DESCENDING,53,64525,631,2026-05-15T08:27:46Z,2026-05-15T08:28:14Z,S1A_IW_SLC__1SDV_20260515T082746_20260515T082814_064525_08208C_036D
feature_0_part_1_split_1,0,SENTINEL-1,Sentinel-1A,S1A_IW_SLC__1SDV_20260515T082812_20260515T082839_064525_08208C_1E9B-SLC,SLC,DESCENDING,53,64525,636,2026-05-15T08:28:12Z,2026-05-15T08:28:39Z,S1A_IW_SLC__1SDV_20260515T082812_20260515T082839_064525_08208C_1E9B
feature_0_part_1_split_1,0,SENTINEL-1,Sentinel-1A,S1A_IW_SLC__1SDV_20260515T082837_20260515T082851_064525_08208C_75D5-SLC,SLC,DESCENDING,53,64525,641,2026-05-15T08:28:37Z,2026-05-15T08:28:51Z,S1A_IW_SLC__1SDV_20260515T082837_20260515T082851_064525_08208C_75D5
feature_0_part_1_split_1,0,SENTINEL-1,Sentinel-1C,S1C_IW_SLC__1SDV_20260515T091839_20260515T091910_007662_00F918_0E25-SLC,SLC,DESCENDING,141,7662,660,2026-05-15T09:18:39Z,2026-05-15T09:19:10Z,S1C_IW_SLC__1SDV_20260515T091839_20260515T091910_007662_00F918_0E25
feature_0_part_1_split_1,0,SENTINEL-1,Sentinel-1C,S1C_IW_SLC__1SDV_20260515T091908_20260515T091935_007662_00F918_FF6C-SLC,SLC,DESCENDING,141,7662,666,2026-05-15T09:19:08Z,2026-05-15T09:19:35Z,S1C_IW_SLC__1SDV_20260515T091908_20260515T091935_007662_00F918_FF6C
feature_0_part_1_split_1,0,SENTINEL-1,Sentinel-1C,S1C_IW_SLC__1SDV_20260516T082016_20260516T082047_007676_00F998_00FC-SLC,SLC,DESCENDING,155,7676,651,2026-05-16T08:20:16Z,2026-05-16T08:20:47Z,S1C_IW_SLC__1SDV_20260516T082016_20260516T082047_007676_00F998_00FC
feature_0_part_1_split_1,0,SENTINEL-1,Sentinel-1C,S1C_IW_SLC__1SDV_20260516T082045_20260516T082112_007676_00F998_9A48-SLC,SLC,DESCENDING,155,7676,656,2026-05-16T08:20:45Z,2026-05-16T08:21:12Z,S1C_IW_SLC__1SDV_20260516T082045_20260516T082112_007676_00F998_9A48
feature_0_part_1_split_1,0,SENTINEL-1,Sentinel-1A,S1A_IW_SLC__1SDV_20260516T090825_20260516T090852_064540_082111_B2CA-SLC,SLC,DESCENDING,68,64540,625,2026-05-16T09:08:25Z,2026-05-16T09:08:52Z,S1A_IW_SLC__1SDV_20260516T090825_20260516T090852_064540_082111_B2CA
feature_0_part_1_split_1,0,SENTINEL-1,Sentinel-1A,S1A_IW_SLC__1SDV_20260516T090915_20260516T090943_064540_082111_843E-SLC,SLC,DESCENDING,68,64540,635,2026-05-16T09:09:15Z,2026-05-16T09:09:43Z,S1A_IW_SLC__1SDV_20260516T090915_20260516T090943_064540_082111_843E
feature_0_part_1_split_1,0,SENTINEL-1,Sentinel-1A,S1A_IW_SLC__1SDV_20260516T090941_20260516T091008_064540_082111_87C9-SLC,SLC,DESCENDING,68,64540,640,2026-05-16T09:09:41Z,2026-05-16T09:10:08Z,S1A_IW_SLC__1SDV_20260516T090941_20260516T091008_064540_082111_87C9
feature_0_part_1_split_1,0,SENTINEL-1,Sentinel-1A,S1A_IW_SLC__1SDV_20260516T091006_20260516T091033_064540_082111_9831-SLC,SLC,DESCENDING,68,64540,645,2026-05-16T09:10:06Z,2026-05-16T09:10:33Z,S1A_IW_SLC__1SDV_20260516T091006_20260516T091033_064540_082111_9831
feature_0_part_1_split_1,0,SENTINEL-1,Sentinel-1A,S1A_IW_SLC__1SDV_20260516T091030_20260516T091052_064540_082111_B058-SLC,SLC,DESCENDING,68,64540,650,2026-05-16T09:10:30Z,2026-05-16T09:10:52Z,S1A_IW_SLC__1SDV_20260516T091030_20260516T091052_064540_082111_B058
feature_0_part_1_split_1,0,SENTINEL-1,Sentinel-1C,S1C_IW_SLC__1SDV_20260516T220743_20260516T220804_007684_00F9E5_F950-SLC,SLC,ASCENDING,163,7684,1101,2026-05-16T22:07:43Z,2026-05-16T22:08:04Z,S1C_IW_SLC__1SDV_20260516T220743_20260516T220804_007684_00F9E5_F950
feature_0_part_1_split_1,0,SENTINEL-1,Sentinel-1C,S1C_IW_SLC__1SDV_20260517T090158_20260517T090229_007691_00FA1F_8529-SLC,SLC,DESCENDING,170,7691,657,2026-05-17T09:01:58Z,2026-05-17T09:02:29Z,S1C_IW_SLC__1SDV_20260517T090158_20260517T090229_007691_00FA1F_8529
feature_0_part_1_split_1,0,SENTINEL-1,Sentinel-1C,S1C_IW_SLC__1SDV_20260517T090227_20260517T090254_007691_00FA1F_FD3F-SLC,SLC,DESCENDING,170,7691,663,2026-05-17T09:02:27Z,2026-05-17T09:02:54Z,S1C_IW_SLC__1SDV_20260517T090227_20260517T090254_007691_00FA1F_FD3F
feature_0_part_1_split_1,0,SENTINEL-1,Sentinel-1C,S1C_IW_SLC__1SDV_20260517T090252_20260517T090319_007691_00FA1F_2333-SLC,SLC,DESCENDING,170,7691,668,2026-05-17T09:02:52Z,2026-05-17T09:03:19Z,S1C_IW_SLC__1SDV_20260517T090252_20260517T090319_007691_00FA1F_2333
feature_0_part_1_split_1,0,SENTINEL-1,Sentinel-1C,S1C_IW_SLC__1SDV_20260517T090316_20260517T090343_007691_00FA1F_7397-SLC,SLC,DESCENDING,170,7691,673,2026-05-17T09:03:16Z,2026-05-17T09:03:43Z,S1C_IW_SLC__1SDV_20260517T090316_20260517T090343_007691_00FA1F_7397
feature_0_part_1_split_1,0,SENTINEL-1,Sentinel-1A,S1A_IW_SLC__1SDV_20260518T085023_20260518T085050_064569_082211_1FA2-SLC,SLC,DESCENDING,97,64569,606,2026-05-18T08:50:23Z,2026-05-18T08:50:50Z,S1A_IW_SLC__1SDV_20260518T085023_20260518T085050_064569_082211_1FA2
feature_0_part_1_split_1,0,SENTINEL-1,Sentinel-1A,S1A_IW_SLC__1SDV_20260518T085048_20260518T085115_064569_082211_91EE-SLC,SLC,DESCENDING,97,64569,611,2026-05-18T08:50:48Z,2026-05-18T08:51:15Z,S1A_IW_SLC__1SDV_20260518T085048_20260518T085115_064569_082211_91EE
feature_0_part_1_split_1,0,SENTINEL-1,Sentinel-1A,S1A_IW_SLC__1SDV_20260518T085113_20260518T085141_064569_082211_C1E7-SLC,SLC,DESCENDING,97,64569,616,2026-05-18T08:51:13Z,2026-05-18T08:51:41Z,S1A_IW_SLC__1SDV_20260518T085113_20260518T085141_064569_082211_C1E7
feature_0_part_1_split_1,0,SENTINEL-1,Sentinel-1A,S1A_IW_SLC__1SDV_20260518T085139_20260518T085206_064569_082211_5302-SLC,SLC,DESCENDING,97,64569,621,2026-05-18T08:51:39Z,2026-05-18T08:52:06Z,S1A_IW_SLC__1SDV_20260518T085139_20260518T085206_064569_082211_5302
feature_0_part_1_split_1,0,SENTINEL-1,Sentinel-1A,S1A_IW_SLC__1SDV_20260518T085204_20260518T085231_064569_082211_022E-SLC,SLC,DESCENDING,97,64569,626,2026-05-18T08:52:04Z,2026-05-18T08:52:31Z,S1A_IW_SLC__1SDV_20260518T085204_20260518T085231_064569_082211_022E
feature_0_part_1_split_1,0,SENTINEL-1,Sentinel-1A,S1A_IW_SLC__1SDV_20260518T085228_20260518T085255_064569_082211_AE29-SLC,SLC,DESCENDING,97,64569,631,2026-05-18T08:52:28Z,2026-05-18T08:52:55Z,S1A_IW_SLC__1SDV_20260518T085228_20260518T085255_064569_082211_AE29
feature_0_part_1_split_1,0,SENTINEL-1,Sentinel-1A,S1A_IW_SLC__1SDV_20260518T085253_20260518T085320_064569_082211_062A-SLC,SLC,DESCENDING,97,64569,636,2026-05-18T08:52:53Z,2026-05-18T08:53:20Z,S1A_IW_SLC__1SDV_20260518T085253_20260518T085320_064569_082211_062A
feature_0_part_1_split_1,0,SENTINEL-1,Sentinel-1A,S1A_IW_SLC__1SDV_20260518T085318_20260518T085345_064569_082211_EFFE-SLC,SLC,DESCENDING,97,64569,641,2026-05-18T08:53:18Z,2026-05-18T08:53:45Z,S1A_IW_SLC__1SDV_20260518T085318_20260518T085345_064569_082211_EFFE
feature_0_part_1_split_1,0,SENTINEL-1,Sentinel-1A,S1A_IW_SLC__1SDV_20260518T085343_20260518T085411_064569_082211_962B-SLC,SLC,DESCENDING,97,64569,646,2026-05-18T08:53:43Z,2026-05-18T08:54:11Z,S1A_IW_SLC__1SDV_20260518T085343_20260518T085411_064569_082211_962B
feature_0_part_1_split_1,0,SENTINEL-1,Sentinel-1A,S1A_IW_SLC__1SDV_20260518T085409_20260518T085436_064569_082211_8C58-SLC,SLC,DESCENDING,97,64569,651,2026-05-18T08:54:09Z,2026-05-18T08:54:36Z,S1A_IW_SLC__1SDV_20260518T085409_20260518T085436_064569_082211_8C58
feature_0_part_1_split_1,0,SENTINEL-1,Sentinel-1A,S1A_IW_SLC__1SDV_20260518T085433_20260518T085458_064569_082211_4133-SLC,SLC,DESCENDING,97,64569,656,2026-05-18T08:54:33Z,2026-05-18T08:54:58Z,S1A_IW_SLC__1SDV_20260518T085433_20260518T085458_064569_082211_4133
feature_0_part_1_split_1,0,SENTINEL-1,Sentinel-1C,S1C_IW_SLC__1SDV_20260519T084549_20260519T084620_007720_00FB03_A618-SLC,SLC,DESCENDING,24,7720,661,2026-05-19T08:45:49Z,2026-05-19T08:46:20Z,S1C_IW_SLC__1SDV_20260519T084549_20260519T084620_007720_00FB03_A618
feature_0_part_1_split_1,0,SENTINEL-1,Sentinel-1C,S1C_IW_SLC__1SDV_20260519T084617_20260519T084644_007720_00FB03_A800-SLC,SLC,DESCENDING,24,7720,667,2026-05-19T08:46:17Z,2026-05-19T08:46:44Z,S1C_IW_SLC__1SDV_20260519T084617_20260519T084644_007720_00FB03_A800
feature_0_part_1_split_1,0,SENTINEL-1,Sentinel-1C,S1C_IW_SLC__1SDV_20260519T084642_20260519T084709_007720_00FB03_7B2B-SLC,SLC,DESCENDING,24,7720,672,2026-05-19T08:46:42Z,2026-05-19T08:47:09Z,S1C_IW_SLC__1SDV_20260519T084642_20260519T084709_007720_00FB03_7B2B
feature_0_part_1_split_1,0,SENTINEL-1,Sentinel-1A,S1A_IW_SLC__1SDV_20260520T083319_20260520T083349_064598_08231B_1F5C-SLC,SLC,DESCENDING,126,64598,599,2026-05-20T08:33:19Z,2026-05-20T08:33:49Z,S1A_IW_SLC__1SDV_20260520T083319_20260520T083349_064598_08231B_1F5C
feature_0_part_1_split_1,0,SENTINEL-1,Sentinel-1A,S1A_IW_SLC__1SDV_20260520T083347_20260520T083415_064598_08231B_03D5-SLC,SLC,DESCENDING,126,64598,604,2026-05-20T08:33:47Z,2026-05-20T08:34:15Z,S1A_IW_SLC__1SDV_20260520T083347_20260520T083415_064598_08231B_03D5
feature_0_part_1_split_1,0,SENTINEL-1,Sentinel-1A,S1A_IW_SLC__1SDV_20260520T083413_20260520T083440_064598_08231B_4513-SLC,SLC,DESCENDING,126,64598,610,2026-05-20T08:34:13Z,2026-05-20T08:34:40Z,S1A_IW_SLC__1SDV_20260520T083413_20260520T083440_064598_08231B_4513
feature_0_part_1_split_1,0,SENTINEL-1,Sentinel-1A,S1A_IW_SLC__1SDV_20260520T083438_20260520T083504_064598_08231B_D492-SLC,SLC,DESCENDING,126,64598,614,2026-05-20T08:34:38Z,2026-05-20T08:35:04Z,S1A_IW_SLC__1SDV_20260520T083438_20260520T083504_064598_08231B_D492
feature_0_part_1_split_1,0,SENTINEL-1,Sentinel-1A,S1A_IW_SLC__1SDV_20260520T083502_20260520T083529_064598_08231B_F324-SLC,SLC,DESCENDING,126,64598,619,2026-05-20T08:35:02Z,2026-05-20T08:35:29Z,S1A_IW_SLC__1SDV_20260520T083502_20260520T083529_064598_08231B_F324
feature_0_part_1_split_1,0,SENTINEL-1,Sentinel-1A,S1A_IW_SLC__1SDV_20260520T083527_20260520T083554_064598_08231B_E015-SLC,SLC,DESCENDING,126,64598,624,2026-05-20T08:35:27Z,2026-05-20T08:35:54Z,S1A_IW_SLC__1SDV_20260520T083527_20260520T083554_064598_08231B_E015
feature_0_part_1_split_1,0,SENTINEL-1,Sentinel-1A,S1A_IW_SLC__1SDV_20260520T083552_20260520T083620_064598_08231B_A4EF-SLC,SLC,DESCENDING,126,64598,629,2026-05-20T08:35:52Z,2026-05-20T08:36:20Z,S1A_IW_SLC__1SDV_20260520T083552_20260520T083620_064598_08231B_A4EF
feature_0_part_1_split_1,0,SENTINEL-1,Sentinel-1A,S1A_IW_SLC__1SDV_20260520T083618_20260520T083645_064598_08231B_CAD2-SLC,SLC,DESCENDING,126,64598,635,2026-05-20T08:36:18Z,2026-05-20T08:36:45Z,S1A_IW_SLC__1SDV_20260520T083618_20260520T083645_064598_08231B_CAD2
feature_0_part_1_split_1,0,SENTINEL-1,Sentinel-1A,S1A_IW_SLC__1SDV_20260520T083643_20260520T083719_064598_08231B_A927-SLC,SLC,DESCENDING,126,64598,639,2026-05-20T08:36:43Z,2026-05-20T08:37:19Z,S1A_IW_SLC__1SDV_20260520T083643_20260520T083719_064598_08231B_A927
feature_0_part_1_split_1,0,SENTINEL-1,Sentinel-1A,S1A_IW_SLC__1SDV_20260520T083828_20260520T083858_064598_08231C_4430-SLC,SLC,DESCENDING,126,64598,661,2026-05-20T08:38:28Z,2026-05-20T08:38:58Z,S1A_IW_SLC__1SDV_20260520T083828_20260520T083858_064598_08231C_4430
feature_0_part_1_split_1,0,SENTINEL-1,Sentinel-1A,S1A_IW_SLC__1SDV_20260520T083856_20260520T083924_064598_08231C_1E72-SLC,SLC,DESCENDING,126,64598,666,2026-05-20T08:38:56Z,2026-05-20T08:39:24Z,S1A_IW_SLC__1SDV_20260520T083856_20260520T083924_064598_08231C_1E72
feature_0_part_1_split_1,0,SENTINEL-1,Sentinel-1A,S1A_IW_SLC__1SDV_20260520T083922_20260520T083949_064598_08231C_DFC1-SLC,SLC,DESCENDING,126,64598,671,2026-05-20T08:39:22Z,2026-05-20T08:39:49Z,S1A_IW_SLC__1SDV_20260520T083922_20260520T083949_064598_08231C_DFC1
feature_0_part_1_split_1,0,SENTINEL-1,Sentinel-1C,S1C_IW_SLC__1SDV_20260521T082748_20260521T082819_007749_00FBF8_04D4-SLC,SLC,DESCENDING,53,7749,642,2026-05-21T08:27:48Z,2026-05-21T08:28:19Z,S1C_IW_SLC__1SDV_20260521T082748_20260521T082819_007749_00FBF8_04D4
feature_0_part_1_split_1,0,SENTINEL-1,Sentinel-1C,S1C_IW_SLC__1SDV_20260521T082817_20260521T082843_007749_00FBF8_F939-SLC,SLC,DESCENDING,53,7749,648,2026-05-21T08:28:17Z,2026-05-21T08:28:43Z,S1C_IW_SLC__1SDV_20260521T082817_20260521T082843_007749_00FBF8_F939
feature_0_part_1_split_1,0,SENTINEL-1,Sentinel-1C,S1C_IW_SLC__1SDV_20260521T082841_20260521T082908_007749_00FBF8_7690-SLC,SLC,DESCENDING,53,7749,653,2026-05-21T08:28:41Z,2026-05-21T08:29:08Z,S1C_IW_SLC__1SDV_20260521T082841_20260521T082908_007749_00FBF8_7690
feature_0_part_1_split_1,0,SENTINEL-1,Sentinel-1C,S1C_IW_SLC__1SDV_20260521T082906_20260521T082933_007749_00FBF8_04C1-SLC,SLC,DESCENDING,53,7749,658,2026-05-21T08:29:06Z,2026-05-21T08:29:33Z,S1C_IW_SLC__1SDV_20260521T082906_20260521T082933_007749_00FBF8_04C1
feature_0_part_1_split_1,0,SENTINEL-1,Sentinel-1C,S1C_IW_SLC__1SDV_20260521T082931_20260521T082958_007749_00FBF8_EB94-SLC,SLC,DESCENDING,53,7749,663,2026-05-21T08:29:31Z,2026-05-21T08:29:58Z,S1C_IW_SLC__1SDV_20260521T082931_20260521T082958_007749_00FBF8_EB94
feature_0_part_1_split_1,0,SENTINEL-1,Sentinel-1C,S1C_IW_SLC__1SDV_20260521T082956_20260521T083024_007749_00FBF8_2677-SLC,SLC,DESCENDING,53,7749,668,2026-05-21T08:29:56Z,2026-05-21T08:30:24Z,S1C_IW_SLC__1SDV_20260521T082956_20260521T083024_007749_00FBF8_2677
feature_0_part_1_split_1,0,SENTINEL-1,Sentinel-1A,S1A_IW_SLC__1SDV_20260521T091713_20260521T091741_064613_08239D_2752-SLC,SLC,DESCENDING,141,64613,632,2026-05-21T09:17:13Z,2026-05-21T09:17:41Z,S1A_IW_SLC__1SDV_20260521T091713_20260521T091741_064613_08239D_2752
feature_0_part_1_split_1,0,SENTINEL-1,Sentinel-1A,S1A_IW_SLC__1SDV_20260521T091738_20260521T091805_064613_08239D_3002-SLC,SLC,DESCENDING,141,64613,637,2026-05-21T09:17:38Z,2026-05-21T09:18:05Z,S1A_IW_SLC__1SDV_20260521T091738_20260521T091805_064613_08239D_3002
feature_0_part_1_split_1,0,SENTINEL-1,Sentinel-1A,S1A_IW_SLC__1SDV_20260521T091803_20260521T091830_064613_08239D_17B4-SLC,SLC,DESCENDING,141,64613,642,2026-05-21T09:18:03Z,2026-05-21T09:18:30Z,S1A_IW_SLC__1SDV_20260521T091803_20260521T091830_064613_08239D_17B4
feature_0_part_1_split_1,0,SENTINEL-1,Sentinel-1A,S1A_IW_SLC__1SDV_20260521T091828_20260521T091855_064613_08239D_1580-SLC,SLC,DESCENDING,141,64613,647,2026-05-21T09:18:28Z,2026-05-21T09:18:55Z,S1A_IW_SLC__1SDV_20260521T091828_20260521T091855_064613_08239D_1580
feature_0_part_1_split_1,0,SENTINEL-1,Sentinel-1A,S1A_IW_SLC__1SDV_20260521T091918_20260521T091939_064613_08239D_2F20-SLC,SLC,DESCENDING,141,64613,657,2026-05-21T09:19:18Z,2026-05-21T09:19:39Z,S1A_IW_SLC__1SDV_20260521T091918_20260521T091939_064613_08239D_2F20
feature_0_part_1_split_1,0,SENTINEL-1,Sentinel-1C,S1C_IW_SLC__1SDV_20260521T221548_20260521T221614_007757_00FC47_8F68-SLC,SLC,ASCENDING,61,7757,1099,2026-05-21T22:15:48Z,2026-05-21T22:16:14Z,S1C_IW_SLC__1SDV_20260521T221548_20260521T221614_007757_00FC47_8F68
feature_0_part_1_split_1,0,SENTINEL-1,Sentinel-1A,S1A_IW_SLC__1SDV_20260522T082010_20260522T082037_064627_08241E_A3A6-SLC,SLC,DESCENDING,155,64627,638,2026-05-22T08:20:10Z,2026-05-22T08:20:37Z,S1A_IW_SLC__1SDV_20260522T082010_20260522T082037_064627_08241E_A3A6
feature_0_part_1_split_1,0,SENTINEL-1,Sentinel-1A,S1A_IW_SLC__1SDV_20260522T082035_20260522T082102_064627_08241E_1BC5-SLC,SLC,DESCENDING,155,64627,643,2026-05-22T08:20:35Z,2026-05-22T08:21:02Z,S1A_IW_SLC__1SDV_20260522T082035_20260522T082102_064627_08241E_1BC5
feature_0_part_1_split_1,0,SENTINEL-1,Sentinel-1A,S1A_IW_SLC__1SDV_20260522T082059_20260522T082114_064627_08241E_6F2E-SLC,SLC,DESCENDING,155,64627,648,2026-05-22T08:20:59Z,2026-05-22T08:21:14Z,S1A_IW_SLC__1SDV_20260522T082059_20260522T082114_064627_08241E_6F2E
feature_0_part_1_split_1,0,SENTINEL-1,Sentinel-1C,S1C_IW_SLC__1SDV_20260522T090949_20260522T091020_007764_00FC77_881E-SLC,SLC,DESCENDING,68,7764,653,2026-05-22T09:09:49Z,2026-05-22T09:10:20Z,S1C_IW_SLC__1SDV_20260522T090949_20260522T091020_007764_00FC77_881E
feature_0_part_1_split_1,0,SENTINEL-1,Sentinel-1C,S1C_IW_SLC__1SDV_20260522T091018_20260522T091045_007764_00FC77_DFFD-SLC,SLC,DESCENDING,68,7764,658,2026-05-22T09:10:18Z,2026-05-22T09:10:45Z,S1C_IW_SLC__1SDV_20260522T091018_20260522T091045_007764_00FC77_DFFD
feature_0_part_1_split_1,0,SENTINEL-1,Sentinel-1C,S1C_IW_SLC__1SDV_20260522T091043_20260522T091110_007764_00FC77_DA31-SLC,SLC,DESCENDING,68,7764,663,2026-05-22T09:10:43Z,2026-05-22T09:11:10Z,S1C_IW_SLC__1SDV_20260522T091043_20260522T091110_007764_00FC77_DA31
feature_0_part_1_split_1,0,SENTINEL-1,Sentinel-1C,S1C_IW_SLC__1SDV_20260522T091107_20260522T091134_007764_00FC77_544F-SLC,SLC,DESCENDING,68,7764,668,2026-05-22T09:11:07Z,2026-05-22T09:11:34Z,S1C_IW_SLC__1SDV_20260522T091107_20260522T091134_007764_00FC77_544F
feature_0_part_1_split_1,0,SENTINEL-1,Sentinel-1A,S1A_IW_SLC__1SDV_20260523T085919_20260523T085947_064642_08249D_473A-SLC,SLC,DESCENDING,170,64642,615,2026-05-23T08:59:19Z,2026-05-23T08:59:47Z,S1A_IW_SLC__1SDV_20260523T085919_20260523T085947_064642_08249D_473A
feature_0_part_1_split_1,0,SENTINEL-1,Sentinel-1A,S1A_IW_SLC__1SDV_20260523T085945_20260523T090012_064642_08249D_AA6B-SLC,SLC,DESCENDING,170,64642,620,2026-05-23T08:59:45Z,2026-05-23T09:00:12Z,S1A_IW_SLC__1SDV_20260523T085945_20260523T090012_064642_08249D_AA6B
feature_0_part_1_split_1,0,SENTINEL-1,Sentinel-1A,S1A_IW_SLC__1SDV_20260523T090010_20260523T090036_064642_08249D_27E6-SLC,SLC,DESCENDING,170,64642,625,2026-05-23T09:00:10Z,2026-05-23T09:00:36Z,S1A_IW_SLC__1SDV_20260523T090010_20260523T090036_064642_08249D_27E6
feature_0_part_1_split_1,0,SENTINEL-1,Sentinel-1A,S1A_IW_SLC__1SDV_20260523T090034_20260523T090101_064642_08249D_6651-SLC,SLC,DESCENDING,170,64642,630,2026-05-23T09:00:34Z,2026-05-23T09:01:01Z,S1A_IW_SLC__1SDV_20260523T090034_20260523T090101_064642_08249D_6651
feature_0_part_1_split_1,0,SENTINEL-1,Sentinel-1A,S1A_IW_SLC__1SDV_20260523T090059_20260523T090126_064642_08249D_9445-SLC,SLC,DESCENDING,170,64642,635,2026-05-23T09:00:59Z,2026-05-23T09:01:26Z,S1A_IW_SLC__1SDV_20260523T090059_20260523T090126_064642_08249D_9445
feature_0_part_1_split_1,0,SENTINEL-1,Sentinel-1A,S1A_IW_SLC__1SDV_20260523T090124_20260523T090151_064642_08249D_DC6C-SLC,SLC,DESCENDING,170,64642,640,2026-05-23T09:01:24Z,2026-05-23T09:01:51Z,S1A_IW_SLC__1SDV_20260523T090124_20260523T090151_064642_08249D_DC6C
feature_0_part_1_split_1,0,SENTINEL-1,Sentinel-1A,S1A_IW_SLC__1SDV_20260523T090149_20260523T090217_064642_08249D_63EF-SLC,SLC,DESCENDING,170,64642,645,2026-05-23T09:01:49Z,2026-05-23T09:02:17Z,S1A_IW_SLC__1SDV_20260523T090149_20260523T090217_064642_08249D_63EF
feature_0_part_1_split_1,0,SENTINEL-1,Sentinel-1A,S1A_IW_SLC__1SDV_20260523T090215_20260523T090242_064642_08249D_1BC2-SLC,SLC,DESCENDING,170,64642,650,2026-05-23T09:02:15Z,2026-05-23T09:02:42Z,S1A_IW_SLC__1SDV_20260523T090215_20260523T090242_064642_08249D_1BC2
feature_0_part_1_split_1,0,SENTINEL-1,Sentinel-1A,S1A_IW_SLC__1SDV_20260523T090239_20260523T090304_064642_08249D_A720-SLC,SLC,DESCENDING,170,64642,655,2026-05-23T09:02:39Z,2026-05-23T09:03:04Z,S1A_IW_SLC__1SDV_20260523T090239_20260523T090304_064642_08249D_A720
feature_0_part_1_split_1,0,SENTINEL-1,Sentinel-1A,S1A_IW_SLC__1SDV_20260523T211636_20260523T211706_064649_0824E2_1856-SLC,SLC,ASCENDING,2,64649,1168,2026-05-23T21:16:36Z,2026-05-23T21:17:06Z,S1A_IW_SLC__1SDV_20260523T211636_20260523T211706_064649_0824E2_1856
feature_0_part_1_split_1,0,SENTINEL-1,Sentinel-1C,S1C_IW_SLC__1SDV_20260524T085352_20260524T085423_007793_00FD71_381F-SLC,SLC,DESCENDING,97,7793,659,2026-05-24T08:53:52Z,2026-05-24T08:54:23Z,S1C_IW_SLC__1SDV_20260524T085352_20260524T085423_007793_00FD71_381F
feature_0_part_1_split_1,0,SENTINEL-1,Sentinel-1C,S1C_IW_SLC__1SDV_20260524T085421_20260524T085448_007793_00FD71_BEF9-SLC,SLC,DESCENDING,97,7793,665,2026-05-24T08:54:21Z,2026-05-24T08:54:48Z,S1C_IW_SLC__1SDV_20260524T085421_20260524T085448_007793_00FD71_BEF9
feature_0_part_1_split_1,0,SENTINEL-1,Sentinel-1A,S1A_IW_SLC__1SDV_20260524T094152_20260524T094220_064657_082524_12FE-SLC,SLC,DESCENDING,10,64657,632,2026-05-24T09:41:52Z,2026-05-24T09:42:20Z,S1A_IW_SLC__1SDV_20260524T094152_20260524T094220_064657_082524_12FE
feature_0_part_1_split_1,0,SENTINEL-1,Sentinel-1C,S1C_IW_SLC__1SDV_20260526T083608_20260526T083639_007822_00FE66_2F38-SLC,SLC,DESCENDING,126,7822,644,2026-05-26T08:36:08Z,2026-05-26T08:36:39Z,S1C_IW_SLC__1SDV_20260526T083608_20260526T083639_007822_00FE66_2F38
feature_0_part_1_split_1,0,SENTINEL-1,Sentinel-1C,S1C_IW_SLC__1SDV_20260526T083637_20260526T083704_007822_00FE66_3996-SLC,SLC,DESCENDING,126,7822,649,2026-05-26T08:36:37Z,2026-05-26T08:37:04Z,S1C_IW_SLC__1SDV_20260526T083637_20260526T083704_007822_00FE66_3996
feature_0_part_1_split_1,0,SENTINEL-1,Sentinel-1C,S1C_IW_SLC__1SDV_20260526T083701_20260526T083728_007822_00FE66_CD0C-SLC,SLC,DESCENDING,126,7822,654,2026-05-26T08:37:01Z,2026-05-26T08:37:28Z,S1C_IW_SLC__1SDV_20260526T083701_20260526T083728_007822_00FE66_CD0C
feature_0_part_1_split_1,0,SENTINEL-1,Sentinel-1C,S1C_IW_SLC__1SDV_20260526T083726_20260526T083753_007822_00FE66_ED6E-SLC,SLC,DESCENDING,126,7822,659,2026-05-26T08:37:26Z,2026-05-26T08:37:53Z,S1C_IW_SLC__1SDV_20260526T083726_20260526T083753_007822_00FE66_ED6E
feature_0_part_1_split_1,0,SENTINEL-1,Sentinel-1C,S1C_IW_SLC__1SDV_20260526T083751_20260526T083818_007822_00FE66_F48E-SLC,SLC,DESCENDING,126,7822,664,2026-05-26T08:37:51Z,2026-05-26T08:38:18Z,S1C_IW_SLC__1SDV_20260526T083751_20260526T083818_007822_00FE66_F48E
feature_0_part_1_split_1,0,SENTINEL-1,Sentinel-1C,S1C_IW_SLC__1SDV_20260526T083816_20260526T083844_007822_00FE66_C854-SLC,SLC,DESCENDING,126,7822,669,2026-05-26T08:38:16Z,2026-05-26T08:38:44Z,S1C_IW_SLC__1SDV_20260526T083816_20260526T083844_007822_00FE66_C854
feature_0_part_1_split_1,0,SENTINEL-1,Sentinel-1C,S1C_IW_SLC__1SDV_20260526T083842_20260526T083909_007822_00FE66_0C7F-SLC,SLC,DESCENDING,126,7822,674,2026-05-26T08:38:42Z,2026-05-26T08:39:09Z,S1C_IW_SLC__1SDV_20260526T083842_20260526T083909_007822_00FE66_0C7F
feature_0_part_1_split_1,0,SENTINEL-1,Sentinel-1A,S1A_IW_SLC__1SDV_20260526T092520_20260526T092548_064686_08262B_0436-SLC,SLC,DESCENDING,39,64686,631,2026-05-26T09:25:20Z,2026-05-26T09:25:48Z,S1A_IW_SLC__1SDV_20260526T092520_20260526T092548_064686_08262B_0436
feature_0_part_1_split_1,0,SENTINEL-1,Sentinel-1A,S1A_IW_SLC__1SDV_20260526T092545_20260526T092612_064686_08262B_F074-SLC,SLC,DESCENDING,39,64686,636,2026-05-26T09:25:45Z,2026-05-26T09:26:12Z,S1A_IW_SLC__1SDV_20260526T092545_20260526T092612_064686_08262B_F074
feature_0_part_1_split_1,0,SENTINEL-1,Sentinel-1A,S1A_IW_SLC__1SDV_20260526T092610_20260526T092637_064686_08262B_7C72-SLC,SLC,DESCENDING,39,64686,641,2026-05-26T09:26:10Z,2026-05-26T09:26:37Z,S1A_IW_SLC__1SDV_20260526T092610_20260526T092637_064686_08262B_7C72
feature_0_part_1_split_1,0,SENTINEL-1,Sentinel-1A,S1A_IW_SLC__1SDV_20260526T092635_20260526T092702_064686_08262B_98F4-SLC,SLC,DESCENDING,39,64686,646,2026-05-26T09:26:35Z,2026-05-26T09:27:02Z,S1A_IW_SLC__1SDV_20260526T092635_20260526T092702_064686_08262B_98F4
feature_0_part_1_split_1,0,SENTINEL-1,Sentinel-1A,S1A_IW_SLC__1SDV_20260527T082513_20260527T082543_064700_0826A9_1279-SLC,SLC,DESCENDING,53,64700,600,2026-05-27T08:25:13Z,2026-05-27T08:25:43Z,S1A_IW_SLC__1SDV_20260527T082513_20260527T082543_064700_0826A9_1279
feature_0_part_1_split_1,0,SENTINEL-1,Sentinel-1A,S1A_IW_SLC__1SDV_20260527T082540_20260527T082608_064700_0826A9_9552-SLC,SLC,DESCENDING,53,64700,606,2026-05-27T08:25:40Z,2026-05-27T08:26:08Z,S1A_IW_SLC__1SDV_20260527T082540_20260527T082608_064700_0826A9_9552
feature_0_part_1_split_1,0,SENTINEL-1,Sentinel-1A,S1A_IW_SLC__1SDV_20260527T082606_20260527T082633_064700_0826A9_19E6-SLC,SLC,DESCENDING,53,64700,611,2026-05-27T08:26:06Z,2026-05-27T08:26:33Z,S1A_IW_SLC__1SDV_20260527T082606_20260527T082633_064700_0826A9_19E6
feature_0_part_1_split_1,0,SENTINEL-1,Sentinel-1A,S1A_IW_SLC__1SDV_20260527T082631_20260527T082658_064700_0826A9_6726-SLC,SLC,DESCENDING,53,64700,616,2026-05-27T08:26:31Z,2026-05-27T08:26:58Z,S1A_IW_SLC__1SDV_20260527T082631_20260527T082658_064700_0826A9_6726
feature_0_part_1_split_1,0,SENTINEL-1,Sentinel-1A,S1A_IW_SLC__1SDV_20260527T082745_20260527T082813_064700_0826A9_7B76-SLC,SLC,DESCENDING,53,64700,631,2026-05-27T08:27:45Z,2026-05-27T08:28:13Z,S1A_IW_SLC__1SDV_20260527T082745_20260527T082813_064700_0826A9_7B76
feature_0_part_1_split_1,0,SENTINEL-1,Sentinel-1A,S1A_IW_SLC__1SDV_20260527T082811_20260527T082838_064700_0826A9_A3D1-SLC,SLC,DESCENDING,53,64700,636,2026-05-27T08:28:11Z,2026-05-27T08:28:38Z,S1A_IW_SLC__1SDV_20260527T082811_20260527T082838_064700_0826A9_A3D1
feature_0_part_1_split_1,0,SENTINEL-1,Sentinel-1A,S1A_IW_SLC__1SDV_20260527T082836_20260527T082850_064700_0826A9_219A-SLC,SLC,DESCENDING,53,64700,641,2026-05-27T08:28:36Z,2026-05-27T08:28:50Z,S1A_IW_SLC__1SDV_20260527T082836_20260527T082850_064700_0826A9_219A
feature_0_part_1_split_1,0,SENTINEL-1,Sentinel-1C,S1C_IW_SLC__1SDV_20260527T091840_20260527T091910_007837_00FEF1_9A8B-SLC,SLC,DESCENDING,141,7837,660,2026-05-27T09:18:40Z,2026-05-27T09:19:10Z,S1C_IW_SLC__1SDV_20260527T091840_20260527T091910_007837_00FEF1_9A8B
feature_0_part_1_split_1,0,SENTINEL-1,Sentinel-1C,S1C_IW_SLC__1SDV_20260527T091908_20260527T091935_007837_00FEF1_8A9C-SLC,SLC,DESCENDING,141,7837,666,2026-05-27T09:19:08Z,2026-05-27T09:19:35Z,S1C_IW_SLC__1SDV_20260527T091908_20260527T091935_007837_00FEF1_8A9C
feature_0_part_1_split_1,0,SENTINEL-1,Sentinel-1C,S1C_IW_SLC__1SDV_20260528T082017_20260528T082048_007851_00FF72_3794-SLC,SLC,DESCENDING,155,7851,651,2026-05-28T08:20:17Z,2026-05-28T08:20:48Z,S1C_IW_SLC__1SDV_20260528T082017_20260528T082048_007851_00FF72_3794
feature_0_part_1_split_1,0,SENTINEL-1,Sentinel-1C,S1C_IW_SLC__1SDV_20260528T082045_20260528T082112_007851_00FF72_3FD2-SLC,SLC,DESCENDING,155,7851,656,2026-05-28T08:20:45Z,2026-05-28T08:21:12Z,S1C_IW_SLC__1SDV_20260528T082045_20260528T082112_007851_00FF72_3FD2
feature_0_part_1_split_1,0,SENTINEL-1,Sentinel-1A,S1A_IW_SLC__1SDV_20260528T090825_20260528T090852_064715_082732_DD3B-SLC,SLC,DESCENDING,68,64715,625,2026-05-28T09:08:25Z,2026-05-28T09:08:52Z,S1A_IW_SLC__1SDV_20260528T090825_20260528T090852_064715_082732_DD3B
feature_0_part_1_split_1,0,SENTINEL-1,Sentinel-1A,S1A_IW_SLC__1SDV_20260528T090914_20260528T090942_064715_082732_FED5-SLC,SLC,DESCENDING,68,64715,635,2026-05-28T09:09:14Z,2026-05-28T09:09:42Z,S1A_IW_SLC__1SDV_20260528T090914_20260528T090942_064715_082732_FED5
feature_0_part_1_split_1,0,SENTINEL-1,Sentinel-1A,S1A_IW_SLC__1SDV_20260528T090940_20260528T091007_064715_082732_7AB1-SLC,SLC,DESCENDING,68,64715,640,2026-05-28T09:09:40Z,2026-05-28T09:10:07Z,S1A_IW_SLC__1SDV_20260528T090940_20260528T091007_064715_082732_7AB1
feature_0_part_1_split_1,0,SENTINEL-1,Sentinel-1A,S1A_IW_SLC__1SDV_20260528T091005_20260528T091032_064715_082732_86F8-SLC,SLC,DESCENDING,68,64715,645,2026-05-28T09:10:05Z,2026-05-28T09:10:32Z,S1A_IW_SLC__1SDV_20260528T091005_20260528T091032_064715_082732_86F8
feature_0_part_1_split_1,0,SENTINEL-1,Sentinel-1A,S1A_IW_SLC__1SDV_20260528T091030_20260528T091051_064715_082732_74FA-SLC,SLC,DESCENDING,68,64715,650,2026-05-28T09:10:30Z,2026-05-28T09:10:51Z,S1A_IW_SLC__1SDV_20260528T091030_20260528T091051_064715_082732_74FA
feature_0_part_1_split_1,0,SENTINEL-1,Sentinel-1C,S1C_IW_SLC__1SDV_20260528T220744_20260528T220805_007859_00FFBD_782F-SLC,SLC,ASCENDING,163,7859,1101,2026-05-28T22:07:44Z,2026-05-28T22:08:05Z,S1C_IW_SLC__1SDV_20260528T220744_20260528T220805_007859_00FFBD_782F
feature_0_part_1_split_1,0,SENTINEL-1,Sentinel-1C,S1C_IW_SLC__1SDV_20260529T090159_20260529T090229_007866_00FFF5_AB5C-SLC,SLC,DESCENDING,170,7866,657,2026-05-29T09:01:59Z,2026-05-29T09:02:29Z,S1C_IW_SLC__1SDV_20260529T090159_20260529T090229_007866_00FFF5_AB5C
feature_0_part_1_split_1,0,SENTINEL-1,Sentinel-1C,S1C_IW_SLC__1SDV_20260529T090227_20260529T090254_007866_00FFF5_D0CD-SLC,SLC,DESCENDING,170,7866,663,2026-05-29T09:02:27Z,2026-05-29T09:02:54Z,S1C_IW_SLC__1SDV_20260529T090227_20260529T090254_007866_00FFF5_D0CD
feature_0_part_1_split_1,0,SENTINEL-1,Sentinel-1C,S1C_IW_SLC__1SDV_20260529T090252_20260529T090319_007866_00FFF5_8867-SLC,SLC,DESCENDING,170,7866,668,2026-05-29T09:02:52Z,2026-05-29T09:03:19Z,S1C_IW_SLC__1SDV_20260529T090252_20260529T090319_007866_00FFF5_8867
feature_0_part_1_split_1,0,SENTINEL-1,Sentinel-1C,S1C_IW_SLC__1SDV_20260529T090317_20260529T090344_007866_00FFF5_FECD-SLC,SLC,DESCENDING,170,7866,673,2026-05-29T09:03:17Z,2026-05-29T09:03:44Z,S1C_IW_SLC__1SDV_20260529T090317_20260529T090344_007866_00FFF5_FECD
feature_0_part_1_split_1,0,SENTINEL-1,Sentinel-1A,S1A_IW_SLC__1SDV_20260530T085023_20260530T085050_064744_082835_14CB-SLC,SLC,DESCENDING,97,64744,606,2026-05-30T08:50:23Z,2026-05-30T08:50:50Z,S1A_IW_SLC__1SDV_20260530T085023_20260530T085050_064744_082835_14CB
feature_0_part_1_split_1,0,SENTINEL-1,Sentinel-1A,S1A_IW_SLC__1SDV_20260530T085048_20260530T085114_064744_082835_7101-SLC,SLC,DESCENDING,97,64744,611,2026-05-30T08:50:48Z,2026-05-30T08:51:14Z,S1A_IW_SLC__1SDV_20260530T085048_20260530T085114_064744_082835_7101
feature_0_part_1_split_1,0,SENTINEL-1,Sentinel-1A,S1A_IW_SLC__1SDV_20260530T085112_20260530T085140_064744_082835_6BAD-SLC,SLC,DESCENDING,97,64744,616,2026-05-30T08:51:12Z,2026-05-30T08:51:40Z,S1A_IW_SLC__1SDV_20260530T085112_20260530T085140_064744_082835_6BAD
feature_0_part_1_split_1,0,SENTINEL-1,Sentinel-1A,S1A_IW_SLC__1SDV_20260530T085138_20260530T085205_064744_082835_D353-SLC,SLC,DESCENDING,97,64744,621,2026-05-30T08:51:38Z,2026-05-30T08:52:05Z,S1A_IW_SLC__1SDV_20260530T085138_20260530T085205_064744_082835_D353
feature_0_part_1_split_1,0,SENTINEL-1,Sentinel-1A,S1A_IW_SLC__1SDV_20260530T085203_20260530T085230_064744_082835_2689-SLC,SLC,DESCENDING,97,64744,626,2026-05-30T08:52:03Z,2026-05-30T08:52:30Z,S1A_IW_SLC__1SDV_20260530T085203_20260530T085230_064744_082835_2689
feature_0_part_1_split_1,0,SENTINEL-1,Sentinel-1A,S1A_IW_SLC__1SDV_20260530T085228_20260530T085255_064744_082835_2FA2-SLC,SLC,DESCENDING,97,64744,631,2026-05-30T08:52:28Z,2026-05-30T08:52:55Z,S1A_IW_SLC__1SDV_20260530T085228_20260530T085255_064744_082835_2FA2
feature_0_part_1_split_1,0,SENTINEL-1,Sentinel-1A,S1A_IW_SLC__1SDV_20260530T085253_20260530T085320_064744_082835_DBDF-SLC,SLC,DESCENDING,97,64744,636,2026-05-30T08:52:53Z,2026-05-30T08:53:20Z,S1A_IW_SLC__1SDV_20260530T085253_20260530T085320_064744_082835_DBDF
feature_0_part_1_split_1,0,SENTINEL-1,Sentinel-1A,S1A_IW_SLC__1SDV_20260530T085317_20260530T085344_064744_082835_E931-SLC,SLC,DESCENDING,97,64744,641,2026-05-30T08:53:17Z,2026-05-30T08:53:44Z,S1A_IW_SLC__1SDV_20260530T085317_20260530T085344_064744_082835_E931
feature_0_part_1_split_1,0,SENTINEL-1,Sentinel-1A,S1A_IW_SLC__1SDV_20260530T085342_20260530T085410_064744_082835_A83A-SLC,SLC,DESCENDING,97,64744,646,2026-05-30T08:53:42Z,2026-05-30T08:54:10Z,S1A_IW_SLC__1SDV_20260530T085342_20260530T085410_064744_082835_A83A
feature_0_part_1_split_1,0,SENTINEL-1,Sentinel-1A,S1A_IW_SLC__1SDV_20260530T085408_20260530T085435_064744_082835_B123-SLC,SLC,DESCENDING,97,64744,651,2026-05-30T08:54:08Z,2026-05-30T08:54:35Z,S1A_IW_SLC__1SDV_20260530T085408_20260530T085435_064744_082835_B123
feature_0_part_1_split_1,0,SENTINEL-1,Sentinel-1A,S1A_IW_SLC__1SDV_20260530T085433_20260530T085457_064744_082835_BD59-SLC,SLC,DESCENDING,97,64744,656,2026-05-30T08:54:33Z,2026-05-30T08:54:57Z,S1A_IW_SLC__1SDV_20260530T085433_20260530T085457_064744_082835_BD59
feature_0_part_1_split_1,0,SENTINEL-1,Sentinel-1C,S1C_IW_SLC__1SDV_20260531T084549_20260531T084620_007895_0100DE_ADA9-SLC,SLC,DESCENDING,24,7895,661,2026-05-31T08:45:49Z,2026-05-31T08:46:20Z,S1C_IW_SLC__1SDV_20260531T084549_20260531T084620_007895_0100DE_ADA9
feature_0_part_1_split_1,0,SENTINEL-1,Sentinel-1C,S1C_IW_SLC__1SDV_20260531T084618_20260531T084645_007895_0100DE_5EB0-SLC,SLC,DESCENDING,24,7895,667,2026-05-31T08:46:18Z,2026-05-31T08:46:45Z,S1C_IW_SLC__1SDV_20260531T084618_20260531T084645_007895_0100DE_5EB0
feature_0_part_1_split_1,0,SENTINEL-1,Sentinel-1C,S1C_IW_SLC__1SDV_20260531T084643_20260531T084710_007895_0100DE_F523-SLC,SLC,DESCENDING,24,7895,672,2026-05-31T08:46:43Z,2026-05-31T08:47:10Z,S1C_IW_SLC__1SDV_20260531T084643_20260531T084710_007895_0100DE_F523
feature_0_part_1_split_1,0,SENTINEL-1,Sentinel-1A,S1A_IW_SLC__1SDV_20260601T083319_20260601T083348_064773_082940_5322-SLC,SLC,DESCENDING,26,64773,599,2026-06-01T08:33:19Z,2026-06-01T08:33:48Z,S1A_IW_SLC__1SDV_20260601T083319_20260601T083348_064773_082940_5322
feature_0_part_1_split_1,0,SENTINEL-1,Sentinel-1A,S1A_IW_SLC__1SDV_20260601T083346_20260601T083414_064773_082940_97FF-SLC,SLC,DESCENDING,26,64773,604,2026-06-01T08:33:46Z,2026-06-01T08:34:14Z,S1A_IW_SLC__1SDV_20260601T083346_20260601T083414_064773_082940_97FF
feature_0_part_1_split_1,0,SENTINEL-1,Sentinel-1A,S1A_IW_SLC__1SDV_20260601T083412_20260601T083439_064773_082940_A0F7-SLC,SLC,DESCENDING,26,64773,610,2026-06-01T08:34:12Z,2026-06-01T08:34:39Z,S1A_IW_SLC__1SDV_20260601T083412_20260601T083439_064773_082940_A0F7
feature_0_part_1_split_1,0,SENTINEL-1,Sentinel-1A,S1A_IW_SLC__1SDV_20260601T083437_20260601T083504_064773_082940_5D38-SLC,SLC,DESCENDING,26,64773,614,2026-06-01T08:34:37Z,2026-06-01T08:35:04Z,S1A_IW_SLC__1SDV_20260601T083437_20260601T083504_064773_082940_5D38
feature_0_part_1_split_1,0,SENTINEL-1,Sentinel-1A,S1A_IW_SLC__1SDV_20260601T083502_20260601T083529_064773_082940_7866-SLC,SLC,DESCENDING,26,64773,619,2026-06-01T08:35:02Z,2026-06-01T08:35:29Z,S1A_IW_SLC__1SDV_20260601T083502_20260601T083529_064773_082940_7866
feature_0_part_1_split_1,0,SENTINEL-1,Sentinel-1A,S1A_IW_SLC__1SDV_20260601T083526_20260601T083553_064773_082940_05DF-SLC,SLC,DESCENDING,26,64773,624,2026-06-01T08:35:26Z,2026-06-01T08:35:53Z,S1A_IW_SLC__1SDV_20260601T083526_20260601T083553_064773_082940_05DF
feature_0_part_1_split_1,0,SENTINEL-1,Sentinel-1A,S1A_IW_SLC__1SDV_20260601T083551_20260601T083619_064773_082940_9B1B-SLC,SLC,DESCENDING,26,64773,629,2026-06-01T08:35:51Z,2026-06-01T08:36:19Z,S1A_IW_SLC__1SDV_20260601T083551_20260601T083619_064773_082940_9B1B
feature_0_part_1_split_1,0,SENTINEL-1,Sentinel-1A,S1A_IW_SLC__1SDV_20260601T083617_20260601T083644_064773_082940_4617-SLC,SLC,DESCENDING,26,64773,635,2026-06-01T08:36:17Z,2026-06-01T08:36:44Z,S1A_IW_SLC__1SDV_20260601T083617_20260601T083644_064773_082940_4617
feature_0_part_1_split_1,0,SENTINEL-1,Sentinel-1A,S1A_IW_SLC__1SDV_20260601T083642_20260601T083718_064773_082940_BCAD-SLC,SLC,DESCENDING,26,64773,639,2026-06-01T08:36:42Z,2026-06-01T08:37:18Z,S1A_IW_SLC__1SDV_20260601T083642_20260601T083718_064773_082940_BCAD
feature_0_part_1_split_1,0,SENTINEL-1,Sentinel-1A,S1A_IW_SLC__1SDV_20260601T083828_20260601T083857_064773_082941_A063-SLC,SLC,DESCENDING,26,64773,661,2026-06-01T08:38:28Z,2026-06-01T08:38:57Z,S1A_IW_SLC__1SDV_20260601T083828_20260601T083857_064773_082941_A063
feature_0_part_1_split_1,0,SENTINEL-1,Sentinel-1A,S1A_IW_SLC__1SDV_20260601T083855_20260601T083923_064773_082941_878B-SLC,SLC,DESCENDING,26,64773,666,2026-06-01T08:38:55Z,2026-06-01T08:39:23Z,S1A_IW_SLC__1SDV_20260601T083855_20260601T083923_064773_082941_878B
feature_0_part_1_split_1,0,SENTINEL-1,Sentinel-1A,S1A_IW_SLC__1SDV_20260601T083921_20260601T083948_064773_082941_A7EF-SLC,SLC,DESCENDING,26,64773,671,2026-06-01T08:39:21Z,2026-06-01T08:39:48Z,S1A_IW_SLC__1SDV_20260601T083921_20260601T083948_064773_082941_A7EF
feature_0_part_1_split_1,0,SENTINEL-1,Sentinel-1C,S1C_IW_SLC__1SDV_20260602T082749_20260602T082819_007924_0101CE_63EE-SLC,SLC,DESCENDING,53,7924,642,2026-06-02T08:27:49Z,2026-06-02T08:28:19Z,S1C_IW_SLC__1SDV_20260602T082749_20260602T082819_007924_0101CE_63EE
feature_0_part_1_split_1,0,SENTINEL-1,Sentinel-1C,S1C_IW_SLC__1SDV_20260602T082817_20260602T082844_007924_0101CE_DC34-SLC,SLC,DESCENDING,53,7924,648,2026-06-02T08:28:17Z,2026-06-02T08:28:44Z,S1C_IW_SLC__1SDV_20260602T082817_20260602T082844_007924_0101CE_DC34
feature_0_part_1_split_1,0,SENTINEL-1,Sentinel-1C,S1C_IW_SLC__1SDV_20260602T082842_20260602T082909_007924_0101CE_9C51-SLC,SLC,DESCENDING,53,7924,653,2026-06-02T08:28:42Z,2026-06-02T08:29:09Z,S1C_IW_SLC__1SDV_20260602T082842_20260602T082909_007924_0101CE_9C51
feature_0_part_1_split_1,0,SENTINEL-1,Sentinel-1C,S1C_IW_SLC__1SDV_20260602T082907_20260602T082934_007924_0101CE_36D7-SLC,SLC,DESCENDING,53,7924,658,2026-06-02T08:29:07Z,2026-06-02T08:29:34Z,S1C_IW_SLC__1SDV_20260602T082907_20260602T082934_007924_0101CE_36D7
feature_0_part_1_split_1,0,SENTINEL-1,Sentinel-1C,S1C_IW_SLC__1SDV_20260602T082932_20260602T082958_007924_0101CE_D5EE-SLC,SLC,DESCENDING,53,7924,663,2026-06-02T08:29:32Z,2026-06-02T08:29:58Z,S1C_IW_SLC__1SDV_20260602T082932_20260602T082958_007924_0101CE_D5EE
feature_0_part_1_split_1,0,SENTINEL-1,Sentinel-1C,S1C_IW_SLC__1SDV_20260602T082956_20260602T083024_007924_0101CE_9E25-SLC,SLC,DESCENDING,53,7924,668,2026-06-02T08:29:56Z,2026-06-02T08:30:24Z,S1C_IW_SLC__1SDV_20260602T082956_20260602T083024_007924_0101CE_9E25
feature_0_part_1_split_1,0,SENTINEL-1,Sentinel-1A,S1A_IW_SLC__1SDV_20260602T091712_20260602T091740_064788_0829C8_25A5-SLC,SLC,DESCENDING,41,64788,632,2026-06-02T09:17:12Z,2026-06-02T09:17:40Z,S1A_IW_SLC__1SDV_20260602T091712_20260602T091740_064788_0829C8_25A5
feature_0_part_1_split_1,0,SENTINEL-1,Sentinel-1A,S1A_IW_SLC__1SDV_20260602T091738_20260602T091805_064788_0829C8_6946-SLC,SLC,DESCENDING,41,64788,637,2026-06-02T09:17:38Z,2026-06-02T09:18:05Z,S1A_IW_SLC__1SDV_20260602T091738_20260602T091805_064788_0829C8_6946
feature_0_part_1_split_1,0,SENTINEL-1,Sentinel-1A,S1A_IW_SLC__1SDV_20260602T091802_20260602T091830_064788_0829C8_7022-SLC,SLC,DESCENDING,41,64788,642,2026-06-02T09:18:02Z,2026-06-02T09:18:30Z,S1A_IW_SLC__1SDV_20260602T091802_20260602T091830_064788_0829C8_7022
feature_0_part_1_split_1,0,SENTINEL-1,Sentinel-1A,S1A_IW_SLC__1SDV_20260602T091827_20260602T091854_064788_0829C8_BA00-SLC,SLC,DESCENDING,41,64788,647,2026-06-02T09:18:27Z,2026-06-02T09:18:54Z,S1A_IW_SLC__1SDV_20260602T091827_20260602T091854_064788_0829C8_BA00
feature_0_part_1_split_1,0,SENTINEL-1,Sentinel-1A,S1A_IW_SLC__1SDV_20260602T091917_20260602T091939_064788_0829C8_5643-SLC,SLC,DESCENDING,41,64788,657,2026-06-02T09:19:17Z,2026-06-02T09:19:39Z,S1A_IW_SLC__1SDV_20260602T091917_20260602T091939_064788_0829C8_5643
feature_0_part_1_split_1,0,SENTINEL-1,Sentinel-1C,S1C_IW_SLC__1SDV_20260602T221549_20260602T221615_007932_01021D_7EFF-SLC,SLC,ASCENDING,61,7932,1099,2026-06-02T22:15:49Z,2026-06-02T22:16:15Z,S1C_IW_SLC__1SDV_20260602T221549_20260602T221615_007932_01021D_7EFF
feature_0_part_1_split_1,0,SENTINEL-1,Sentinel-1A,S1A_IW_SLC__1SDV_20260603T082009_20260603T082036_064802_082A47_4AC5-SLC,SLC,DESCENDING,55,64802,638,2026-06-03T08:20:09Z,2026-06-03T08:20:36Z,S1A_IW_SLC__1SDV_20260603T082009_20260603T082036_064802_082A47_4AC5
feature_0_part_1_split_1,0,SENTINEL-1,Sentinel-1A,S1A_IW_SLC__1SDV_20260603T082034_20260603T082101_064802_082A47_D4BD-SLC,SLC,DESCENDING,55,64802,643,2026-06-03T08:20:34Z,2026-06-03T08:21:01Z,S1A_IW_SLC__1SDV_20260603T082034_20260603T082101_064802_082A47_D4BD
feature_0_part_1_split_1,0,SENTINEL-1,Sentinel-1A,S1A_IW_SLC__1SDV_20260603T082059_20260603T082113_064802_082A47_6306-SLC,SLC,DESCENDING,55,64802,648,2026-06-03T08:20:59Z,2026-06-03T08:21:13Z,S1A_IW_SLC__1SDV_20260603T082059_20260603T082113_064802_082A47_6306
feature_0_part_1_split_1,0,SENTINEL-1,Sentinel-1C,S1C_IW_SLC__1SDV_20260603T090950_20260603T091020_007939_01024F_E0A2-SLC,SLC,DESCENDING,68,7939,653,2026-06-03T09:09:50Z,2026-06-03T09:10:20Z,S1C_IW_SLC__1SDV_20260603T090950_20260603T091020_007939_01024F_E0A2
feature_0_part_1_split_1,0,SENTINEL-1,Sentinel-1C,S1C_IW_SLC__1SDV_20260603T091018_20260603T091045_007939_01024F_C038-SLC,SLC,DESCENDING,68,7939,658,2026-06-03T09:10:18Z,2026-06-03T09:10:45Z,S1C_IW_SLC__1SDV_20260603T091018_20260603T091045_007939_01024F_C038
feature_0_part_1_split_1,0,SENTINEL-1,Sentinel-1C,S1C_IW_SLC__1SDV_20260603T091043_20260603T091110_007939_01024F_F642-SLC,SLC,DESCENDING,68,7939,663,2026-06-03T09:10:43Z,2026-06-03T09:11:10Z,S1C_IW_SLC__1SDV_20260603T091043_20260603T091110_007939_01024F_F642
feature_0_part_1_split_1,0,SENTINEL-1,Sentinel-1C,S1C_IW_SLC__1SDV_20260603T091108_20260603T091135_007939_01024F_A5BF-SLC,SLC,DESCENDING,68,7939,668,2026-06-03T09:11:08Z,2026-06-03T09:11:35Z,S1C_IW_SLC__1SDV_20260603T091108_20260603T091135_007939_01024F_A5BF
feature_0_part_1_split_1,0,SENTINEL-1,Sentinel-1A,S1A_IW_SLC__1SDV_20260604T085918_20260604T085946_064817_082AC5_C206-SLC,SLC,DESCENDING,70,64817,615,2026-06-04T08:59:18Z,2026-06-04T08:59:46Z,S1A_IW_SLC__1SDV_20260604T085918_20260604T085946_064817_082AC5_C206
feature_0_part_1_split_1,0,SENTINEL-1,Sentinel-1A,S1A_IW_SLC__1SDV_20260604T085944_20260604T090011_064817_082AC5_8FC1-SLC,SLC,DESCENDING,70,64817,620,2026-06-04T08:59:44Z,2026-06-04T09:00:11Z,S1A_IW_SLC__1SDV_20260604T085944_20260604T090011_064817_082AC5_8FC1
feature_0_part_1_split_1,0,SENTINEL-1,Sentinel-1A,S1A_IW_SLC__1SDV_20260604T090009_20260604T090036_064817_082AC5_7A07-SLC,SLC,DESCENDING,70,64817,625,2026-06-04T09:00:09Z,2026-06-04T09:00:36Z,S1A_IW_SLC__1SDV_20260604T090009_20260604T090036_064817_082AC5_7A07
feature_0_part_1_split_1,0,SENTINEL-1,Sentinel-1A,S1A_IW_SLC__1SDV_20260604T090034_20260604T090101_064817_082AC5_18A3-SLC,SLC,DESCENDING,70,64817,630,2026-06-04T09:00:34Z,2026-06-04T09:01:01Z,S1A_IW_SLC__1SDV_20260604T090034_20260604T090101_064817_082AC5_18A3
feature_0_part_1_split_1,0,SENTINEL-1,Sentinel-1A,S1A_IW_SLC__1SDV_20260604T090059_20260604T090126_064817_082AC5_DDDA-SLC,SLC,DESCENDING,70,64817,635,2026-06-04T09:00:59Z,2026-06-04T09:01:26Z,S1A_IW_SLC__1SDV_20260604T090059_20260604T090126_064817_082AC5_DDDA
feature_0_part_1_split_1,0,SENTINEL-1,Sentinel-1A,S1A_IW_SLC__1SDV_20260604T090123_20260604T090150_064817_082AC5_26BA-SLC,SLC,DESCENDING,70,64817,640,2026-06-04T09:01:23Z,2026-06-04T09:01:50Z,S1A_IW_SLC__1SDV_20260604T090123_20260604T090150_064817_082AC5_26BA
feature_0_part_1_split_1,0,SENTINEL-1,Sentinel-1A,S1A_IW_SLC__1SDV_20260604T090148_20260604T090216_064817_082AC5_240E-SLC,SLC,DESCENDING,70,64817,645,2026-06-04T09:01:48Z,2026-06-04T09:02:16Z,S1A_IW_SLC__1SDV_20260604T090148_20260604T090216_064817_082AC5_240E
feature_0_part_1_split_1,0,SENTINEL-1,Sentinel-1A,S1A_IW_SLC__1SDV_20260604T090214_20260604T090241_064817_082AC5_09EC-SLC,SLC,DESCENDING,70,64817,650,2026-06-04T09:02:14Z,2026-06-04T09:02:41Z,S1A_IW_SLC__1SDV_20260604T090214_20260604T090241_064817_082AC5_09EC
feature_0_part_1_split_1,0,SENTINEL-1,Sentinel-1A,S1A_IW_SLC__1SDV_20260604T090239_20260604T090303_064817_082AC5_CBC1-SLC,SLC,DESCENDING,70,64817,655,2026-06-04T09:02:39Z,2026-06-04T09:03:03Z,S1A_IW_SLC__1SDV_20260604T090239_20260604T090303_064817_082AC5_CBC1
feature_0_part_1_split_1,0,SENTINEL-1,Sentinel-1A,S1A_IW_SLC__1SDV_20260604T211636_20260604T211705_064824_082B0D_AC97-SLC,SLC,ASCENDING,77,64824,1168,2026-06-04T21:16:36Z,2026-06-04T21:17:05Z,S1A_IW_SLC__1SDV_20260604T211636_20260604T211705_064824_082B0D_AC97
feature_0_part_1_split_1,0,SENTINEL-1,Sentinel-1C,S1C_IW_SLC__1SDV_20260605T085353_20260605T085424_007968_010342_DCED-SLC,SLC,DESCENDING,97,7968,659,2026-06-05T08:53:53Z,2026-06-05T08:54:24Z,S1C_IW_SLC__1SDV_20260605T085353_20260605T085424_007968_010342_DCED
feature_0_part_1_split_1,0,SENTINEL-1,Sentinel-1C,S1C_IW_SLC__1SDV_20260605T085422_20260605T085449_007968_010342_2D8A-SLC,SLC,DESCENDING,97,7968,665,2026-06-05T08:54:22Z,2026-06-05T08:54:49Z,S1C_IW_SLC__1SDV_20260605T085422_20260605T085449_007968_010342_2D8A
feature_0_part_1_split_1,0,SENTINEL-1,Sentinel-1A,S1A_IW_SLC__1SDV_20260605T094152_20260605T094220_064832_082B50_59C6-SLC,SLC,DESCENDING,85,64832,632,2026-06-05T09:41:52Z,2026-06-05T09:42:20Z,S1A_IW_SLC__1SDV_20260605T094152_20260605T094220_064832_082B50_59C6
feature_0_part_1_split_1,0,SENTINEL-1,Sentinel-1A,S1A_IW_SLC__1SDV_20260606T084127_20260606T084154_064846_082BD1_1346-SLC,SLC,DESCENDING,99,64846,598,2026-06-06T08:41:27Z,2026-06-06T08:41:54Z,S1A_IW_SLC__1SDV_20260606T084127_20260606T084154_064846_082BD1_1346
feature_0_part_1_split_1,0,SENTINEL-1,Sentinel-1A,S1A_IW_SLC__1SDV_20260606T084151_20260606T084218_064846_082BD1_9949-SLC,SLC,DESCENDING,99,64846,603,2026-06-06T08:41:51Z,2026-06-06T08:42:18Z,S1A_IW_SLC__1SDV_20260606T084151_20260606T084218_064846_082BD1_9949
feature_0_part_1_split_1,0,SENTINEL-1,Sentinel-1A,S1A_IW_SLC__1SDV_20260606T084216_20260606T084243_064846_082BD1_3F14-SLC,SLC,DESCENDING,99,64846,608,2026-06-06T08:42:16Z,2026-06-06T08:42:43Z,S1A_IW_SLC__1SDV_20260606T084216_20260606T084243_064846_082BD1_3F14
feature_0_part_1_split_1,0,SENTINEL-1,Sentinel-1A,S1A_IW_SLC__1SDV_20260606T084241_20260606T084308_064846_082BD1_CBCC-SLC,SLC,DESCENDING,99,64846,613,2026-06-06T08:42:41Z,2026-06-06T08:43:08Z,S1A_IW_SLC__1SDV_20260606T084241_20260606T084308_064846_082BD1_CBCC
feature_0_part_1_split_1,0,SENTINEL-1,Sentinel-1A,S1A_IW_SLC__1SDV_20260606T084306_20260606T084334_064846_082BD1_4701-SLC,SLC,DESCENDING,99,64846,618,2026-06-06T08:43:06Z,2026-06-06T08:43:34Z,S1A_IW_SLC__1SDV_20260606T084306_20260606T084334_064846_082BD1_4701
feature_0_part_1_split_1,0,SENTINEL-1,Sentinel-1A,S1A_IW_SLC__1SDV_20260606T084332_20260606T084359_064846_082BD1_9650-SLC,SLC,DESCENDING,99,64846,623,2026-06-06T08:43:32Z,2026-06-06T08:43:59Z,S1A_IW_SLC__1SDV_20260606T084332_20260606T084359_064846_082BD1_9650
feature_0_part_1_split_1,0,SENTINEL-1,Sentinel-1A,S1A_IW_SLC__1SDV_20260606T084357_20260606T084423_064846_082BD1_1F3C-SLC,SLC,DESCENDING,99,64846,628,2026-06-06T08:43:57Z,2026-06-06T08:44:23Z,S1A_IW_SLC__1SDV_20260606T084357_20260606T084423_064846_082BD1_1F3C
feature_0_part_1_split_1,0,SENTINEL-1,Sentinel-1A,S1A_IW_SLC__1SDV_20260606T084421_20260606T084448_064846_082BD1_22DE-SLC,SLC,DESCENDING,99,64846,633,2026-06-06T08:44:21Z,2026-06-06T08:44:48Z,S1A_IW_SLC__1SDV_20260606T084421_20260606T084448_064846_082BD1_22DE
feature_0_part_1_split_1,0,SENTINEL-1,Sentinel-1A,S1A_IW_SLC__1SDV_20260606T084446_20260606T084513_064846_082BD1_E132-SLC,SLC,DESCENDING,99,64846,638,2026-06-06T08:44:46Z,2026-06-06T08:45:13Z,S1A_IW_SLC__1SDV_20260606T084446_20260606T084513_064846_082BD1_E132
feature_0_part_1_split_1,0,SENTINEL-1,Sentinel-1A,S1A_IW_SLC__1SDV_20260606T084511_20260606T084538_064846_082BD1_D30A-SLC,SLC,DESCENDING,99,64846,643,2026-06-06T08:45:11Z,2026-06-06T08:45:38Z,S1A_IW_SLC__1SDV_20260606T084511_20260606T084538_064846_082BD1_D30A
feature_0_part_1_split_1,0,SENTINEL-1,Sentinel-1A,S1A_IW_SLC__1SDV_20260606T084536_20260606T084604_064846_082BD1_EF3D-SLC,SLC,DESCENDING,99,64846,648,2026-06-06T08:45:36Z,2026-06-06T08:46:04Z,S1A_IW_SLC__1SDV_20260606T084536_20260606T084604_064846_082BD1_EF3D
feature_0_part_1_split_1,0,SENTINEL-1,Sentinel-1A,S1A_IW_SLC__1SDV_20260606T084601_20260606T084629_064846_082BD1_D20F-SLC,SLC,DESCENDING,99,64846,653,2026-06-06T08:46:01Z,2026-06-06T08:46:29Z,S1A_IW_SLC__1SDV_20260606T084601_20260606T084629_064846_082BD1_D20F
feature_0_part_1_split_1,0,SENTINEL-1,Sentinel-1A,S1A_IW_SLC__1SDV_20260606T084626_20260606T084651_064846_082BD1_94F8-SLC,SLC,DESCENDING,99,64846,658,2026-06-06T08:46:26Z,2026-06-06T08:46:51Z,S1A_IW_SLC__1SDV_20260606T084626_20260606T084651_064846_082BD1_94F8
feature_0_part_1_split_1,0,SENTINEL-1,Sentinel-1C,S1C_IW_SLC__1SDV_20260607T083609_20260607T083639_007997_010432_DDA5-SLC,SLC,DESCENDING,126,7997,644,2026-06-07T08:36:09Z,2026-06-07T08:36:39Z,S1C_IW_SLC__1SDV_20260607T083609_20260607T083639_007997_010432_DDA5
feature_0_part_1_split_1,0,SENTINEL-1,Sentinel-1C,S1C_IW_SLC__1SDV_20260607T083637_20260607T083704_007997_010432_A81B-SLC,SLC,DESCENDING,126,7997,649,2026-06-07T08:36:37Z,2026-06-07T08:37:04Z,S1C_IW_SLC__1SDV_20260607T083637_20260607T083704_007997_010432_A81B
feature_0_part_1_split_1,0,SENTINEL-1,Sentinel-1C,S1C_IW_SLC__1SDV_20260607T083702_20260607T083729_007997_010432_642A-SLC,SLC,DESCENDING,126,7997,654,2026-06-07T08:37:02Z,2026-06-07T08:37:29Z,S1C_IW_SLC__1SDV_20260607T083702_20260607T083729_007997_010432_642A
feature_0_part_1_split_1,0,SENTINEL-1,Sentinel-1C,S1C_IW_SLC__1SDV_20260607T083727_20260607T083754_007997_010432_47EC-SLC,SLC,DESCENDING,126,7997,659,2026-06-07T08:37:27Z,2026-06-07T08:37:54Z,S1C_IW_SLC__1SDV_20260607T083727_20260607T083754_007997_010432_47EC
feature_0_part_1_split_1,0,SENTINEL-1,Sentinel-1C,S1C_IW_SLC__1SDV_20260607T083752_20260607T083819_007997_010432_8509-SLC,SLC,DESCENDING,126,7997,664,2026-06-07T08:37:52Z,2026-06-07T08:38:19Z,S1C_IW_SLC__1SDV_20260607T083752_20260607T083819_007997_010432_8509
feature_0_part_1_split_1,0,SENTINEL-1,Sentinel-1C,S1C_IW_SLC__1SDV_20260607T083817_20260607T083845_007997_010432_44D5-SLC,SLC,DESCENDING,126,7997,669,2026-06-07T08:38:17Z,2026-06-07T08:38:45Z,S1C_IW_SLC__1SDV_20260607T083817_20260607T083845_007997_010432_44D5
feature_0_part_1_split_1,0,SENTINEL-1,Sentinel-1C,S1C_IW_SLC__1SDV_20260607T083842_20260607T083909_007997_010432_79E4-SLC,SLC,DESCENDING,126,7997,674,2026-06-07T08:38:42Z,2026-06-07T08:39:09Z,S1C_IW_SLC__1SDV_20260607T083842_20260607T083909_007997_010432_79E4
feature_0_part_1_split_1,0,SENTINEL-1,Sentinel-1A,S1A_IW_SLC__1SDV_20260607T092519_20260607T092547_064861_082C51_639C-SLC,SLC,DESCENDING,114,64861,631,2026-06-07T09:25:19Z,2026-06-07T09:25:47Z,S1A_IW_SLC__1SDV_20260607T092519_20260607T092547_064861_082C51_639C
feature_0_part_1_split_1,0,SENTINEL-1,Sentinel-1A,S1A_IW_SLC__1SDV_20260607T092545_20260607T092612_064861_082C51_71C6-SLC,SLC,DESCENDING,114,64861,636,2026-06-07T09:25:45Z,2026-06-07T09:26:12Z,S1A_IW_SLC__1SDV_20260607T092545_20260607T092612_064861_082C51_71C6
feature_0_part_1_split_1,0,SENTINEL-1,Sentinel-1A,S1A_IW_SLC__1SDV_20260607T092610_20260607T092637_064861_082C51_9237-SLC,SLC,DESCENDING,114,64861,641,2026-06-07T09:26:10Z,2026-06-07T09:26:37Z,S1A_IW_SLC__1SDV_20260607T092610_20260607T092637_064861_082C51_9237
feature_0_part_1_split_1,0,SENTINEL-1,Sentinel-1A,S1A_IW_SLC__1SDV_20260607T092634_20260607T092701_064861_082C51_EDE5-SLC,SLC,DESCENDING,114,64861,646,2026-06-07T09:26:34Z,2026-06-07T09:27:01Z,S1A_IW_SLC__1SDV_20260607T092634_20260607T092701_064861_082C51_EDE5
feature_0_part_1_split_1,0,SENTINEL-1,Sentinel-1A,S1A_IW_SLC__1SDV_20260608T082512_20260608T082542_064875_082CCA_8775-SLC,SLC,DESCENDING,128,64875,600,2026-06-08T08:25:12Z,2026-06-08T08:25:42Z,S1A_IW_SLC__1SDV_20260608T082512_20260608T082542_064875_082CCA_8775
feature_0_part_1_split_1,0,SENTINEL-1,Sentinel-1A,S1A_IW_SLC__1SDV_20260608T082540_20260608T082608_064875_082CCA_CB70-SLC,SLC,DESCENDING,128,64875,606,2026-06-08T08:25:40Z,2026-06-08T08:26:08Z,S1A_IW_SLC__1SDV_20260608T082540_20260608T082608_064875_082CCA_CB70
feature_0_part_1_split_1,0,SENTINEL-1,Sentinel-1A,S1A_IW_SLC__1SDV_20260608T082606_20260608T082632_064875_082CCA_BAA6-SLC,SLC,DESCENDING,128,64875,611,2026-06-08T08:26:06Z,2026-06-08T08:26:32Z,S1A_IW_SLC__1SDV_20260608T082606_20260608T082632_064875_082CCA_BAA6
feature_0_part_1_split_1,0,SENTINEL-1,Sentinel-1A,S1A_IW_SLC__1SDV_20260608T082630_20260608T082657_064875_082CCA_1DFA-SLC,SLC,DESCENDING,128,64875,616,2026-06-08T08:26:30Z,2026-06-08T08:26:57Z,S1A_IW_SLC__1SDV_20260608T082630_20260608T082657_064875_082CCA_1DFA
feature_0_part_1_split_1,0,SENTINEL-1,Sentinel-1A,S1A_IW_SLC__1SDV_20260608T082745_20260608T082813_064875_082CCA_15D1-SLC,SLC,DESCENDING,128,64875,631,2026-06-08T08:27:45Z,2026-06-08T08:28:13Z,S1A_IW_SLC__1SDV_20260608T082745_20260608T082813_064875_082CCA_15D1
feature_0_part_1_split_1,0,SENTINEL-1,Sentinel-1A,S1A_IW_SLC__1SDV_20260608T082811_20260608T082838_064875_082CCA_C5F6-SLC,SLC,DESCENDING,128,64875,636,2026-06-08T08:28:11Z,2026-06-08T08:28:38Z,S1A_IW_SLC__1SDV_20260608T082811_20260608T082838_064875_082CCA_C5F6
feature_0_part_1_split_1,0,SENTINEL-1,Sentinel-1A,S1A_IW_SLC__1SDV_20260608T082835_20260608T082850_064875_082CCA_6FA3-SLC,SLC,DESCENDING,128,64875,641,2026-06-08T08:28:35Z,2026-06-08T08:28:50Z,S1A_IW_SLC__1SDV_20260608T082835_20260608T082850_064875_082CCA_6FA3
feature_0_part_1_split_1,0,SENTINEL-1,Sentinel-1C,S1C_IW_SLC__1SDV_20260608T091840_20260608T091911_008012_0104BD_11ED-SLC,SLC,DESCENDING,141,8012,660,2026-06-08T09:18:40Z,2026-06-08T09:19:11Z,S1C_IW_SLC__1SDV_20260608T091840_20260608T091911_008012_0104BD_11ED
feature_0_part_1_split_1,0,SENTINEL-1,Sentinel-1C,S1C_IW_SLC__1SDV_20260608T091909_20260608T091936_008012_0104BD_F04C-SLC,SLC,DESCENDING,141,8012,666,2026-06-08T09:19:09Z,2026-06-08T09:19:36Z,S1C_IW_SLC__1SDV_20260608T091909_20260608T091936_008012_0104BD_F04C
