{
"type": "FeatureCollection",
"name": "biomass_scene_geometries",
"crs": { "type": "name", "properties": { "name": "urn:ogc:def:crs:OGC:1.3:CRS84" } },
"features": [
{ "type": "Feature", "properties": { "scene_id": "BIO_S1_SCS__1S_20251121T094836_20251121T094857_T_G01_M01_C01_T006_F292_01_DJUQIZ", "product_name": "BIO_S1_SCS__1S_20251121T094836_20251121T094857_T_G01_M01_C01_T006_F292_01_DJUQIZ", "collection": "BiomassLevel1a", "mode": "SCS", "track": "T006", "frame": "F292", "start_datetime": "2025-11-21T09:48:36.670Z", "end_datetime": "2025-11-21T09:48:57.465Z", "repeat_cycle": "1", "orbit_state": "ASCENDING", "raw_properties": { "processing:facility": "Biomass CPF", "product:type": "S1_SCS__1S", "eofeos:global_coverage_id": "1", "sat:anx_datetime": "2025-11-21T08:16:26.831Z", "platform": "Biomass", "eofeos:major_cycle_id": "1", "datetime": "2025-11-21T09:48:36.670Z", "instruments": [ "P-SAR" ], "constellation": "Biomass", "storage:schemes": { "biomass-pdgs-01": { "bucket": "biomass-pdgs-01", "description": "This endpoint provides access to EO data which is stored on the object storage of the ESA MAAP. See the [documentation](https://portal.maap.eo.esa.int/dataaccess/) for more information, including how to get credentials.", "type": "custom-s3", "title": "ESA MAAP S3", "region": "gra", "platform": "https://{bucket}.s3.{region}.io.cloud.ovh.net" } }, "eopf:datatake_id": "24761546", "processing:software": { "Biomass L1 Processor": "4.2.2" }, "eopf:instrument_configuration_id": 0, "grid:code": "WRS-6-292", "processing:level": "L1A", "proj:code": "EPSG:4326", "sci:doi": "10.57780/bio-bef83b4", "created": "2025-12-18T21:04:11Z", "published": "2025-11-21T09:48:57.465Z", "version": "01", "sar:observation_direction": "left", "sar:polarizations": [ "HH", "HV", "VH", "VV" ], "auth:schemes": { "s3": { "type": "s3" }, "oidc": { "openIdConnectUrl": "https://iam.ascend.icsgate.eu/realms/esa-maap/.well-known/openid-configuration", "type": "openIdConnect" } }, "sar:instrument_mode": "SM", "eofeos:orbit_drift_flag": false, "processing:datetime": "2025-12-18T21:04:11Z", "eofeos:mission_phase": "TOMOGRAPHIC", "updated": "2026-05-17T09:23:25Z", "sat:absolute_orbit": 3022, "product:acquisition_type": "nominal" } }, "geometry": { "type": "Polygon", "coordinates": [ [ [ -56.483734, -21.16994 ], [ -57.093323, -21.283733 ], [ -56.818928, -22.543962 ], [ -56.20185, -22.429964 ], [ -56.483734, -21.16994 ] ] ] } },
{ "type": "Feature", "properties": { "scene_id": "BIO_S1_SCS__1S_20251121T094855_20251121T094916_T_G01_M01_C01_T006_F293_01_DJUQJS", "product_name": "BIO_S1_SCS__1S_20251121T094855_20251121T094916_T_G01_M01_C01_T006_F293_01_DJUQJS", "collection": "BiomassLevel1a", "mode": "SCS", "track": "T006", "frame": "F293", "start_datetime": "2025-11-21T09:48:55.690Z", "end_datetime": "2025-11-21T09:49:16.485Z", "repeat_cycle": "1", "orbit_state": "ASCENDING", "raw_properties": { "processing:facility": "Biomass CPF", "product:type": "S1_SCS__1S", "eofeos:global_coverage_id": "1", "sat:anx_datetime": "2025-11-21T08:16:26.831Z", "platform": "Biomass", "eofeos:major_cycle_id": "1", "datetime": "2025-11-21T09:48:55.690Z", "instruments": [ "P-SAR" ], "constellation": "Biomass", "storage:schemes": { "biomass-pdgs-01": { "bucket": "biomass-pdgs-01", "description": "This endpoint provides access to EO data which is stored on the object storage of the ESA MAAP. See the [documentation](https://portal.maap.eo.esa.int/dataaccess/) for more information, including how to get credentials.", "type": "custom-s3", "title": "ESA MAAP S3", "region": "gra", "platform": "https://{bucket}.s3.{region}.io.cloud.ovh.net" } }, "eopf:datatake_id": "24761546", "processing:software": { "Biomass L1 Processor": "4.2.2" }, "eopf:instrument_configuration_id": 0, "grid:code": "WRS-6-293", "processing:level": "L1A", "proj:code": "EPSG:4326", "sci:doi": "10.57780/bio-bef83b4", "created": "2025-12-18T21:04:40Z", "published": "2025-11-21T09:49:16.485Z", "version": "01", "sar:observation_direction": "left", "sar:polarizations": [ "HH", "HV", "VH", "VV" ], "auth:schemes": { "s3": { "type": "s3" }, "oidc": { "openIdConnectUrl": "https://iam.ascend.icsgate.eu/realms/esa-maap/.well-known/openid-configuration", "type": "openIdConnect" } }, "sar:instrument_mode": "SM", "eofeos:orbit_drift_flag": false, "processing:datetime": "2025-12-18T21:04:40Z", "eofeos:mission_phase": "TOMOGRAPHIC", "updated": "2026-05-17T09:23:25Z", "sat:absolute_orbit": 3022, "product:acquisition_type": "nominal" } }, "geometry": { "type": "Polygon", "coordinates": [ [ [ -56.733963, -20.016018 ], [ -57.33767, -20.129784 ], [ -57.06496, -21.390419 ], [ -56.454197, -21.276484 ], [ -56.733963, -20.016018 ] ] ] } },
{ "type": "Feature", "properties": { "scene_id": "BIO_S1_SCS__1S_20251203T094922_20251203T094943_T_G01_M01_C05_T006_F294_01_DO37Y9", "product_name": "BIO_S1_SCS__1S_20251203T094922_20251203T094943_T_G01_M01_C05_T006_F294_01_DO37Y9", "collection": "BiomassLevel1a", "mode": "SCS", "track": "T006", "frame": "F294", "start_datetime": "2025-12-03T09:49:22.694Z", "end_datetime": "2025-12-03T09:49:43.095Z", "repeat_cycle": "5", "orbit_state": "ASCENDING", "raw_properties": { "processing:facility": "Biomass CPF", "product:type": "S1_SCS__1S", "eofeos:global_coverage_id": "1", "sat:anx_datetime": "2025-12-03T08:16:34.609Z", "platform": "Biomass", "eofeos:major_cycle_id": "1", "datetime": "2025-12-03T09:49:22.694Z", "instruments": [ "P-SAR" ], "constellation": "Biomass", "storage:schemes": { "biomass-pdgs-01": { "bucket": "biomass-pdgs-01", "description": "This endpoint provides access to EO data which is stored on the object storage of the ESA MAAP. See the [documentation](https://portal.maap.eo.esa.int/dataaccess/) for more information, including how to get credentials.", "type": "custom-s3", "title": "ESA MAAP S3", "region": "gra", "platform": "https://{bucket}.s3.{region}.io.cloud.ovh.net" } }, "eopf:datatake_id": "26203337", "processing:software": { "Biomass L1 Processor": "4.3.1" }, "eopf:instrument_configuration_id": 0, "grid:code": "WRS-6-294", "processing:level": "L1A", "proj:code": "EPSG:4326", "sci:doi": "10.57780/bio-bef83b4", "created": "2026-03-11T05:15:45Z", "published": "2025-12-03T09:49:43.095Z", "version": "01", "sar:observation_direction": "left", "sar:polarizations": [ "HH", "HV", "VH", "VV" ], "auth:schemes": { "s3": { "type": "s3" }, "oidc": { "openIdConnectUrl": "https://iam.ascend.icsgate.eu/realms/esa-maap/.well-known/openid-configuration", "type": "openIdConnect" } }, "sar:instrument_mode": "SM", "eofeos:orbit_drift_flag": false, "processing:datetime": "2026-03-11T05:15:45Z", "eofeos:mission_phase": "TOMOGRAPHIC", "updated": "2026-05-17T10:19:55Z", "sat:absolute_orbit": 3198, "product:acquisition_type": "nominal" } }, "geometry": { "type": "Polygon", "coordinates": [ [ [ -57.01816, -18.874617 ], [ -57.615475, -18.988186 ], [ -57.349422, -20.225368 ], [ -56.746075, -20.11176 ], [ -57.01816, -18.874617 ] ] ] } },
{ "type": "Feature", "properties": { "scene_id": "BIO_S1_SCS__1S_20251121T094952_20251121T095013_T_G01_M01_C01_T006_F296_01_DJUQPI", "product_name": "BIO_S1_SCS__1S_20251121T094952_20251121T095013_T_G01_M01_C01_T006_F296_01_DJUQPI", "collection": "BiomassLevel1a", "mode": "SCS", "track": "T006", "frame": "F296", "start_datetime": "2025-11-21T09:49:52.737Z", "end_datetime": "2025-11-21T09:50:13.529Z", "repeat_cycle": "1", "orbit_state": "ASCENDING", "raw_properties": { "processing:facility": "Biomass CPF", "product:type": "S1_SCS__1S", "eofeos:global_coverage_id": "1", "sat:anx_datetime": "2025-11-21T08:16:26.831Z", "platform": "Biomass", "eofeos:major_cycle_id": "1", "datetime": "2025-11-21T09:49:52.737Z", "instruments": [ "P-SAR" ], "constellation": "Biomass", "storage:schemes": { "biomass-pdgs-01": { "bucket": "biomass-pdgs-01", "description": "This endpoint provides access to EO data which is stored on the object storage of the ESA MAAP. See the [documentation](https://portal.maap.eo.esa.int/dataaccess/) for more information, including how to get credentials.", "type": "custom-s3", "title": "ESA MAAP S3", "region": "gra", "platform": "https://{bucket}.s3.{region}.io.cloud.ovh.net" } }, "eopf:datatake_id": "24761546", "processing:software": { "Biomass L1 Processor": "4.2.2" }, "eopf:instrument_configuration_id": 0, "grid:code": "WRS-6-296", "processing:level": "L1A", "proj:code": "EPSG:4326", "sci:doi": "10.57780/bio-bef83b4", "created": "2025-12-18T21:08:06Z", "published": "2025-11-21T09:50:13.529Z", "version": "01", "sar:observation_direction": "left", "sar:polarizations": [ "HH", "HV", "VH", "VV" ], "auth:schemes": { "s3": { "type": "s3" }, "oidc": { "openIdConnectUrl": "https://iam.ascend.icsgate.eu/realms/esa-maap/.well-known/openid-configuration", "type": "openIdConnect" } }, "sar:instrument_mode": "SM", "eofeos:orbit_drift_flag": false, "processing:datetime": "2025-12-18T21:08:06Z", "eofeos:mission_phase": "TOMOGRAPHIC", "updated": "2026-05-17T09:23:26Z", "sat:absolute_orbit": 3022, "product:acquisition_type": "nominal" } }, "geometry": { "type": "Polygon", "coordinates": [ [ [ -57.478455, -16.55354 ], [ -58.064545, -16.666971 ], [ -57.79592, -17.928549 ], [ -57.20401, -17.815054 ], [ -57.478455, -16.55354 ] ] ] } },
{ "type": "Feature", "properties": { "scene_id": "BIO_S1_SCS__1S_20251206T095002_20251206T095022_T_G01_M01_C06_T006_F296_01_DO6DO5", "product_name": "BIO_S1_SCS__1S_20251206T095002_20251206T095022_T_G01_M01_C06_T006_F296_01_DO6DO5", "collection": "BiomassLevel1a", "mode": "SCS", "track": "T006", "frame": "F296", "start_datetime": "2025-12-06T09:50:02.465Z", "end_datetime": "2025-12-06T09:50:22.863Z", "repeat_cycle": "6", "orbit_state": "ASCENDING", "raw_properties": { "processing:facility": "Biomass CPF", "product:type": "S1_SCS__1S", "eofeos:global_coverage_id": "1", "sat:anx_datetime": "2025-12-06T08:16:36.348Z", "platform": "Biomass", "eofeos:major_cycle_id": "1", "datetime": "2025-12-06T09:50:02.465Z", "instruments": [ "P-SAR" ], "constellation": "Biomass", "storage:schemes": { "biomass-pdgs-01": { "bucket": "biomass-pdgs-01", "description": "This endpoint provides access to EO data which is stored on the object storage of the ESA MAAP. See the [documentation](https://portal.maap.eo.esa.int/dataaccess/) for more information, including how to get credentials.", "type": "custom-s3", "title": "ESA MAAP S3", "region": "gra", "platform": "https://{bucket}.s3.{region}.io.cloud.ovh.net" } }, "eopf:datatake_id": "26563785", "processing:software": { "Biomass L1 Processor": "4.3.1" }, "eopf:instrument_configuration_id": 0, "grid:code": "WRS-6-296", "processing:level": "L1A", "proj:code": "EPSG:4326", "sci:doi": "10.57780/bio-bef83b4", "created": "2026-03-12T22:12:05Z", "published": "2025-12-06T09:50:22.863Z", "version": "01", "sar:observation_direction": "left", "sar:polarizations": [ "HH", "HV", "VH", "VV" ], "auth:schemes": { "s3": { "type": "s3" }, "oidc": { "openIdConnectUrl": "https://iam.ascend.icsgate.eu/realms/esa-maap/.well-known/openid-configuration", "type": "openIdConnect" } }, "sar:instrument_mode": "SM", "eofeos:orbit_drift_flag": false, "processing:datetime": "2026-03-12T22:12:05Z", "eofeos:mission_phase": "TOMOGRAPHIC", "updated": "2026-05-17T10:26:54Z", "sat:absolute_orbit": 3242, "product:acquisition_type": "nominal" } }, "geometry": { "type": "Polygon", "coordinates": [ [ [ -57.522884, -16.56653 ], [ -58.10794, -16.679728 ], [ -57.84595, -17.917757 ], [ -57.253525, -17.804182 ], [ -57.522884, -16.56653 ] ] ] } },
{ "type": "Feature", "properties": { "scene_id": "BIO_S1_SCS__1S_20251121T095030_20251121T095051_T_G01_M01_C01_T006_F298_01_DNQLGF", "product_name": "BIO_S1_SCS__1S_20251121T095030_20251121T095051_T_G01_M01_C01_T006_F298_01_DNQLGF", "collection": "BiomassLevel1a", "mode": "SCS", "track": "T006", "frame": "F298", "start_datetime": "2025-11-21T09:50:30.961Z", "end_datetime": "2025-11-21T09:50:51.359Z", "repeat_cycle": "1", "orbit_state": "ASCENDING", "raw_properties": { "processing:facility": "Biomass CPF", "product:type": "S1_SCS__1S", "eofeos:global_coverage_id": "1", "sat:anx_datetime": "2025-11-21T08:16:26.831Z", "platform": "Biomass", "eofeos:major_cycle_id": "1", "datetime": "2025-11-21T09:50:30.961Z", "instruments": [ "P-SAR" ], "constellation": "Biomass", "storage:schemes": { "biomass-pdgs-01": { "bucket": "biomass-pdgs-01", "description": "This endpoint provides access to EO data which is stored on the object storage of the ESA MAAP. See the [documentation](https://portal.maap.eo.esa.int/dataaccess/) for more information, including how to get credentials.", "type": "custom-s3", "title": "ESA MAAP S3", "region": "gra", "platform": "https://{bucket}.s3.{region}.io.cloud.ovh.net" } }, "eopf:datatake_id": "24761546", "processing:software": { "Biomass L1 Processor": "4.3.1" }, "eopf:instrument_configuration_id": 0, "grid:code": "WRS-6-298", "processing:level": "L1A", "proj:code": "EPSG:4326", "sci:doi": "10.57780/bio-bef83b4", "created": "2026-03-04T09:38:39Z", "published": "2025-11-21T09:50:51.359Z", "version": "01", "sar:observation_direction": "left", "sar:polarizations": [ "HH", "HV", "VH", "VV" ], "auth:schemes": { "s3": { "type": "s3" }, "oidc": { "openIdConnectUrl": "https://iam.ascend.icsgate.eu/realms/esa-maap/.well-known/openid-configuration", "type": "openIdConnect" } }, "sar:instrument_mode": "SM", "eofeos:orbit_drift_flag": false, "processing:datetime": "2026-03-04T09:38:39Z", "eofeos:mission_phase": "TOMOGRAPHIC", "updated": "2026-05-17T09:23:27Z", "sat:absolute_orbit": 3022, "product:acquisition_type": "nominal" } }, "geometry": { "type": "Polygon", "coordinates": [ [ [ -57.97924, -14.258347 ], [ -58.554043, -14.371398 ], [ -58.285046, -15.608242 ], [ -57.701633, -15.494457 ], [ -57.97924, -14.258347 ] ] ] } },
{ "type": "Feature", "properties": { "scene_id": "BIO_S1_SCS__1S_20251206T095040_20251206T095100_T_G01_M01_C06_T006_F298_01_DO6DOZ", "product_name": "BIO_S1_SCS__1S_20251206T095040_20251206T095100_T_G01_M01_C06_T006_F298_01_DO6DOZ", "collection": "BiomassLevel1a", "mode": "SCS", "track": "T006", "frame": "F298", "start_datetime": "2025-12-06T09:50:40.491Z", "end_datetime": "2025-12-06T09:51:00.888Z", "repeat_cycle": "6", "orbit_state": "ASCENDING", "raw_properties": { "processing:facility": "Biomass CPF", "product:type": "S1_SCS__1S", "eofeos:global_coverage_id": "1", "sat:anx_datetime": "2025-12-06T08:16:36.348Z", "platform": "Biomass", "eofeos:major_cycle_id": "1", "datetime": "2025-12-06T09:50:40.491Z", "instruments": [ "P-SAR" ], "constellation": "Biomass", "storage:schemes": { "biomass-pdgs-01": { "bucket": "biomass-pdgs-01", "description": "This endpoint provides access to EO data which is stored on the object storage of the ESA MAAP. See the [documentation](https://portal.maap.eo.esa.int/dataaccess/) for more information, including how to get credentials.", "type": "custom-s3", "title": "ESA MAAP S3", "region": "gra", "platform": "https://{bucket}.s3.{region}.io.cloud.ovh.net" } }, "eopf:datatake_id": "26563785", "processing:software": { "Biomass L1 Processor": "4.3.1" }, "eopf:instrument_configuration_id": 0, "grid:code": "WRS-6-298", "processing:level": "L1A", "proj:code": "EPSG:4326", "sci:doi": "10.57780/bio-bef83b4", "created": "2026-03-12T22:12:35Z", "published": "2025-12-06T09:51:00.888Z", "version": "01", "sar:observation_direction": "left", "sar:polarizations": [ "HH", "HV", "VH", "VV" ], "auth:schemes": { "s3": { "type": "s3" }, "oidc": { "openIdConnectUrl": "https://iam.ascend.icsgate.eu/realms/esa-maap/.well-known/openid-configuration", "type": "openIdConnect" } }, "sar:instrument_mode": "SM", "eofeos:orbit_drift_flag": false, "processing:datetime": "2026-03-12T22:12:35Z", "eofeos:mission_phase": "TOMOGRAPHIC", "updated": "2026-05-17T10:26:55Z", "sat:absolute_orbit": 3242, "product:acquisition_type": "nominal" } }, "geometry": { "type": "Polygon", "coordinates": [ [ [ -58.024113, -14.259026 ], [ -58.598305, -14.371938 ], [ -58.328827, -15.608677 ], [ -57.746872, -15.495194 ], [ -58.024113, -14.259026 ] ] ] } },
{ "type": "Feature", "properties": { "scene_id": "BIO_S1_SCS__1S_20260210T095514_20260210T095535_T_G01_M02_C01_T006_F298_01_DMMPDA", "product_name": "BIO_S1_SCS__1S_20260210T095514_20260210T095535_T_G01_M02_C01_T006_F298_01_DMMPDA", "collection": "BiomassLevel1a", "mode": "SCS", "track": "T006", "frame": "F298", "start_datetime": "2026-02-10T09:55:14.667Z", "end_datetime": "2026-02-10T09:55:35.064Z", "repeat_cycle": "1", "orbit_state": "ASCENDING", "raw_properties": { "processing:facility": "Biomass CPF", "product:type": "S1_SCS__1S", "eofeos:global_coverage_id": "1", "sat:anx_datetime": "2026-02-10T08:21:10.527Z", "platform": "Biomass", "eofeos:major_cycle_id": "2", "datetime": "2026-02-10T09:55:14.667Z", "instruments": [ "P-SAR" ], "constellation": "Biomass", "storage:schemes": { "biomass-pdgs-01": { "bucket": "biomass-pdgs-01", "description": "This endpoint provides access to EO data which is stored on the object storage of the ESA MAAP. See the [documentation](https://portal.maap.eo.esa.int/dataaccess/) for more information, including how to get credentials.", "type": "custom-s3", "title": "ESA MAAP S3", "region": "gra", "platform": "https://{bucket}.s3.{region}.io.cloud.ovh.net" } }, "eopf:datatake_id": "34493638", "processing:software": { "Biomass L1 Processor": "4.3.1" }, "eopf:instrument_configuration_id": 0, "grid:code": "WRS-6-298", "processing:level": "L1A", "proj:code": "EPSG:4326", "sci:doi": "10.57780/bio-bef83b4", "created": "2026-02-10T20:39:10Z", "published": "2026-02-10T09:55:35.064Z", "version": "01", "sar:observation_direction": "left", "sar:polarizations": [ "HH", "HV", "VH", "VV" ], "auth:schemes": { "s3": { "type": "s3" }, "oidc": { "openIdConnectUrl": "https://iam.ascend.icsgate.eu/realms/esa-maap/.well-known/openid-configuration", "type": "openIdConnect" } }, "sar:instrument_mode": "SM", "eofeos:orbit_drift_flag": false, "processing:datetime": "2026-02-10T20:39:10Z", "eofeos:mission_phase": "TOMOGRAPHIC", "updated": "2026-05-17T12:38:13Z", "sat:absolute_orbit": 4210, "product:acquisition_type": "nominal" } }, "geometry": { "type": "Polygon", "coordinates": [ [ [ -59.175816, -14.257953 ], [ -59.74359, -14.369673 ], [ -59.490044, -15.609457 ], [ -58.902306, -15.494821 ], [ -59.175816, -14.257953 ] ] ] } },
{ "type": "Feature", "properties": { "scene_id": "BIO_S1_SCS__1S_20251121T095108_20251121T095129_T_G01_M01_C01_T006_F300_01_DNQLJC", "product_name": "BIO_S1_SCS__1S_20251121T095108_20251121T095129_T_G01_M01_C01_T006_F300_01_DNQLJC", "collection": "BiomassLevel1a", "mode": "SCS", "track": "T006", "frame": "F300", "start_datetime": "2025-11-21T09:51:08.985Z", "end_datetime": "2025-11-21T09:51:29.380Z", "repeat_cycle": "1", "orbit_state": "ASCENDING", "raw_properties": { "processing:facility": "Biomass CPF", "product:type": "S1_SCS__1S", "eofeos:global_coverage_id": "1", "sat:anx_datetime": "2025-11-21T08:16:26.831Z", "platform": "Biomass", "eofeos:major_cycle_id": "1", "datetime": "2025-11-21T09:51:08.985Z", "instruments": [ "P-SAR" ], "constellation": "Biomass", "storage:schemes": { "biomass-pdgs-01": { "bucket": "biomass-pdgs-01", "description": "This endpoint provides access to EO data which is stored on the object storage of the ESA MAAP. See the [documentation](https://portal.maap.eo.esa.int/dataaccess/) for more information, including how to get credentials.", "type": "custom-s3", "title": "ESA MAAP S3", "region": "gra", "platform": "https://{bucket}.s3.{region}.io.cloud.ovh.net" } }, "eopf:datatake_id": "24761546", "processing:software": { "Biomass L1 Processor": "4.3.1" }, "eopf:instrument_configuration_id": 0, "grid:code": "WRS-6-300", "processing:level": "L1A", "proj:code": "EPSG:4326", "sci:doi": "10.57780/bio-bef83b4", "created": "2026-03-04T09:40:24Z", "published": "2025-11-21T09:51:29.380Z", "version": "01", "sar:observation_direction": "left", "sar:polarizations": [ "HH", "HV", "VH", "VV" ], "auth:schemes": { "s3": { "type": "s3" }, "oidc": { "openIdConnectUrl": "https://iam.ascend.icsgate.eu/realms/esa-maap/.well-known/openid-configuration", "type": "openIdConnect" } }, "sar:instrument_mode": "SM", "eofeos:orbit_drift_flag": false, "processing:datetime": "2026-03-04T09:40:24Z", "eofeos:mission_phase": "TOMOGRAPHIC", "updated": "2026-05-17T09:23:28Z", "sat:absolute_orbit": 3022, "product:acquisition_type": "nominal" } }, "geometry": { "type": "Polygon", "coordinates": [ [ [ -58.457443, -11.946165 ], [ -59.027527, -12.060039 ], [ -58.770927, -13.299483 ], [ -58.196255, -13.185619 ], [ -58.457443, -11.946165 ] ] ] } },
{ "type": "Feature", "properties": { "scene_id": "BIO_S1_SCS__1S_20260213T095554_20260213T095615_T_G01_M02_C02_T006_F300_01_DMSAN5", "product_name": "BIO_S1_SCS__1S_20260213T095554_20260213T095615_T_G01_M02_C02_T006_F300_01_DMSAN5", "collection": "BiomassLevel1a", "mode": "SCS", "track": "T006", "frame": "F300", "start_datetime": "2026-02-13T09:55:54.957Z", "end_datetime": "2026-02-13T09:56:15.352Z", "repeat_cycle": "2", "orbit_state": "ASCENDING", "raw_properties": { "processing:facility": "Biomass CPF", "product:type": "S1_SCS__1S", "eofeos:global_coverage_id": "1", "sat:anx_datetime": "2026-02-13T08:21:12.811Z", "platform": "Biomass", "eofeos:major_cycle_id": "2", "datetime": "2026-02-13T09:55:54.957Z", "instruments": [ "P-SAR" ], "constellation": "Biomass", "storage:schemes": { "biomass-pdgs-01": { "bucket": "biomass-pdgs-01", "description": "This endpoint provides access to EO data which is stored on the object storage of the ESA MAAP. See the [documentation](https://portal.maap.eo.esa.int/dataaccess/) for more information, including how to get credentials.", "type": "custom-s3", "title": "ESA MAAP S3", "region": "gra", "platform": "https://{bucket}.s3.{region}.io.cloud.ovh.net" } }, "eopf:datatake_id": "34854086", "processing:software": { "Biomass L1 Processor": "4.3.1" }, "eopf:instrument_configuration_id": 0, "grid:code": "WRS-6-300", "processing:level": "L1A", "proj:code": "EPSG:4326", "sci:doi": "10.57780/bio-bef83b4", "created": "2026-02-13T21:06:41Z", "published": "2026-02-13T09:56:15.352Z", "version": "01", "sar:observation_direction": "left", "sar:polarizations": [ "HH", "HV", "VH", "VV" ], "auth:schemes": { "s3": { "type": "s3" }, "oidc": { "openIdConnectUrl": "https://iam.ascend.icsgate.eu/realms/esa-maap/.well-known/openid-configuration", "type": "openIdConnect" } }, "sar:instrument_mode": "SM", "eofeos:orbit_drift_flag": false, "processing:datetime": "2026-02-13T21:06:41Z", "eofeos:mission_phase": "TOMOGRAPHIC", "updated": "2026-05-17T12:45:38Z", "sat:absolute_orbit": 4254, "product:acquisition_type": "nominal" } }, "geometry": { "type": "Polygon", "coordinates": [ [ [ -59.66828, -11.946713 ], [ -60.235565, -12.06005 ], [ -59.976517, -13.298987 ], [ -59.403, -13.185324 ], [ -59.66828, -11.946713 ] ] ] } },
{ "type": "Feature", "properties": { "scene_id": "BIO_S1_SCS__1S_20251121T095127_20251121T095148_T_G01_M01_C01_T006_F301_01_DNGCYZ", "product_name": "BIO_S1_SCS__1S_20251121T095127_20251121T095148_T_G01_M01_C01_T006_F301_01_DNGCYZ", "collection": "BiomassLevel1a", "mode": "SCS", "track": "T006", "frame": "F301", "start_datetime": "2025-11-21T09:51:27.996Z", "end_datetime": "2025-11-21T09:51:48.389Z", "repeat_cycle": "1", "orbit_state": "ASCENDING", "raw_properties": { "processing:facility": "Biomass CPF", "product:type": "S1_SCS__1S", "eofeos:global_coverage_id": "1", "sat:anx_datetime": "2025-11-21T08:16:26.831Z", "platform": "Biomass", "eofeos:major_cycle_id": "1", "datetime": "2025-11-21T09:51:27.996Z", "instruments": [ "P-SAR" ], "constellation": "Biomass", "storage:schemes": { "biomass-pdgs-01": { "bucket": "biomass-pdgs-01", "description": "This endpoint provides access to EO data which is stored on the object storage of the ESA MAAP. See the [documentation](https://portal.maap.eo.esa.int/dataaccess/) for more information, including how to get credentials.", "type": "custom-s3", "title": "ESA MAAP S3", "region": "gra", "platform": "https://{bucket}.s3.{region}.io.cloud.ovh.net" } }, "eopf:datatake_id": "24761546", "processing:software": { "Biomass L1 Processor": "4.3.1" }, "eopf:instrument_configuration_id": 0, "grid:code": "WRS-6-301", "processing:level": "L1A", "proj:code": "EPSG:4326", "sci:doi": "10.57780/bio-bef83b4", "created": "2026-02-26T20:59:23Z", "published": "2025-11-21T09:51:48.389Z", "version": "01", "sar:observation_direction": "left", "sar:polarizations": [ "HH", "HV", "VH", "VV" ], "auth:schemes": { "s3": { "type": "s3" }, "oidc": { "openIdConnectUrl": "https://iam.ascend.icsgate.eu/realms/esa-maap/.well-known/openid-configuration", "type": "openIdConnect" } }, "sar:instrument_mode": "SM", "eofeos:orbit_drift_flag": false, "processing:datetime": "2026-02-26T20:59:23Z", "eofeos:mission_phase": "TOMOGRAPHIC", "updated": "2026-05-17T09:23:28Z", "sat:absolute_orbit": 3022, "product:acquisition_type": "nominal" } }, "geometry": { "type": "Polygon", "coordinates": [ [ [ -58.701313, -10.790903 ], [ -59.268707, -10.905063 ], [ -59.008404, -12.143822 ], [ -58.437485, -12.029837 ], [ -58.701313, -10.790903 ] ] ] } },
{ "type": "Feature", "properties": { "scene_id": "BIO_S1_SCS__1S_20251203T095135_20251203T095156_T_G01_M01_C05_T006_F301_01_DO37ZF", "product_name": "BIO_S1_SCS__1S_20251203T095135_20251203T095156_T_G01_M01_C05_T006_F301_01_DO37ZF", "collection": "BiomassLevel1a", "mode": "SCS", "track": "T006", "frame": "F301", "start_datetime": "2025-12-03T09:51:35.784Z", "end_datetime": "2025-12-03T09:51:56.178Z", "repeat_cycle": "5", "orbit_state": "ASCENDING", "raw_properties": { "processing:facility": "Biomass CPF", "product:type": "S1_SCS__1S", "eofeos:global_coverage_id": "1", "sat:anx_datetime": "2025-12-03T08:16:34.609Z", "platform": "Biomass", "eofeos:major_cycle_id": "1", "datetime": "2025-12-03T09:51:35.784Z", "instruments": [ "P-SAR" ], "constellation": "Biomass", "storage:schemes": { "biomass-pdgs-01": { "bucket": "biomass-pdgs-01", "description": "This endpoint provides access to EO data which is stored on the object storage of the ESA MAAP. See the [documentation](https://portal.maap.eo.esa.int/dataaccess/) for more information, including how to get credentials.", "type": "custom-s3", "title": "ESA MAAP S3", "region": "gra", "platform": "https://{bucket}.s3.{region}.io.cloud.ovh.net" } }, "eopf:datatake_id": "26203337", "processing:software": { "Biomass L1 Processor": "4.3.1" }, "eopf:instrument_configuration_id": 0, "grid:code": "WRS-6-301", "processing:level": "L1A", "proj:code": "EPSG:4326", "sci:doi": "10.57780/bio-bef83b4", "created": "2026-03-11T05:16:27Z", "published": "2025-12-03T09:51:56.178Z", "version": "01", "sar:observation_direction": "left", "sar:polarizations": [ "HH", "HV", "VH", "VV" ], "auth:schemes": { "s3": { "type": "s3" }, "oidc": { "openIdConnectUrl": "https://iam.ascend.icsgate.eu/realms/esa-maap/.well-known/openid-configuration", "type": "openIdConnect" } }, "sar:instrument_mode": "SM", "eofeos:orbit_drift_flag": false, "processing:datetime": "2026-03-11T05:16:27Z", "eofeos:mission_phase": "TOMOGRAPHIC", "updated": "2026-05-17T10:19:56Z", "sat:absolute_orbit": 3198, "product:acquisition_type": "nominal" } }, "geometry": { "type": "Polygon", "coordinates": [ [ [ -58.736588, -10.791098 ], [ -59.30388, -10.905227 ], [ -59.04418, -12.144132 ], [ -58.47225, -12.029956 ], [ -58.736588, -10.791098 ] ] ] } },
{ "type": "Feature", "properties": { "scene_id": "BIO_S1_SCS__1S_20251206T095137_20251206T095157_T_G01_M01_C06_T006_F301_01_DO6DA8", "product_name": "BIO_S1_SCS__1S_20251206T095137_20251206T095157_T_G01_M01_C06_T006_F301_01_DO6DA8", "collection": "BiomassLevel1a", "mode": "SCS", "track": "T006", "frame": "F301", "start_datetime": "2025-12-06T09:51:37.522Z", "end_datetime": "2025-12-06T09:51:57.916Z", "repeat_cycle": "6", "orbit_state": "ASCENDING", "raw_properties": { "processing:facility": "Biomass CPF", "product:type": "S1_SCS__1S", "eofeos:global_coverage_id": "1", "sat:anx_datetime": "2025-12-06T08:16:36.348Z", "platform": "Biomass", "eofeos:major_cycle_id": "1", "datetime": "2025-12-06T09:51:37.522Z", "instruments": [ "P-SAR" ], "constellation": "Biomass", "storage:schemes": { "biomass-pdgs-01": { "bucket": "biomass-pdgs-01", "description": "This endpoint provides access to EO data which is stored on the object storage of the ESA MAAP. See the [documentation](https://portal.maap.eo.esa.int/dataaccess/) for more information, including how to get credentials.", "type": "custom-s3", "title": "ESA MAAP S3", "region": "gra", "platform": "https://{bucket}.s3.{region}.io.cloud.ovh.net" } }, "eopf:datatake_id": "26563785", "processing:software": { "Biomass L1 Processor": "4.3.1" }, "eopf:instrument_configuration_id": 0, "grid:code": "WRS-6-301", "processing:level": "L1A", "proj:code": "EPSG:4326", "sci:doi": "10.57780/bio-bef83b4", "created": "2026-03-12T22:03:44Z", "published": "2025-12-06T09:51:57.916Z", "version": "01", "sar:observation_direction": "left", "sar:polarizations": [ "HH", "HV", "VH", "VV" ], "auth:schemes": { "s3": { "type": "s3" }, "oidc": { "openIdConnectUrl": "https://iam.ascend.icsgate.eu/realms/esa-maap/.well-known/openid-configuration", "type": "openIdConnect" } }, "sar:instrument_mode": "SM", "eofeos:orbit_drift_flag": false, "processing:datetime": "2026-03-12T22:03:44Z", "eofeos:mission_phase": "TOMOGRAPHIC", "updated": "2026-05-17T10:26:55Z", "sat:absolute_orbit": 3242, "product:acquisition_type": "nominal" } }, "geometry": { "type": "Polygon", "coordinates": [ [ [ -58.745117, -10.791402 ], [ -59.311947, -10.905434 ], [ -59.052284, -12.144369 ], [ -58.480618, -12.030251 ], [ -58.745117, -10.791402 ] ] ] } },
{ "type": "Feature", "properties": { "scene_id": "BIO_S1_SCS__1S_20260427T085313_20260427T085334_T_G01_M03_C02_T020_F294_02_DQJHIK", "product_name": "BIO_S1_SCS__1S_20260427T085313_20260427T085334_T_G01_M03_C02_T020_F294_02_DQJHIK", "collection": "BiomassLevel1a", "mode": "SCS", "track": "T020", "frame": "F294", "start_datetime": "2026-04-27T08:53:13.774Z", "end_datetime": "2026-04-27T08:53:34.175Z", "repeat_cycle": "2", "orbit_state": "ASCENDING", "raw_properties": { "processing:facility": "Biomass CPF", "product:type": "S1_SCS__1S", "eofeos:global_coverage_id": "1", "sat:anx_datetime": "2026-04-27T07:20:25.711Z", "platform": "Biomass", "eofeos:major_cycle_id": "3", "datetime": "2026-04-27T08:53:13.774Z", "instruments": [ "P-SAR" ], "constellation": "Biomass", "storage:schemes": { "biomass-pdgs-01": { "bucket": "biomass-pdgs-01", "description": "This endpoint provides access to EO data which is stored on the object storage of the ESA MAAP. See the [documentation](https://portal.maap.eo.esa.int/dataaccess/) for more information, including how to get credentials.", "type": "custom-s3", "title": "ESA MAAP S3", "region": "gra", "platform": "https://{bucket}.s3.{region}.io.cloud.ovh.net" } }, "eopf:datatake_id": "43619721", "processing:software": { "Biomass L1 Processor": "4.4.2" }, "eopf:instrument_configuration_id": 0, "grid:code": "WRS-20-294", "processing:level": "L1A", "proj:code": "EPSG:4326", "sci:doi": "10.57780/bio-bef83b4", "created": "2026-04-27T21:11:08Z", "published": "2026-04-27T08:53:34.175Z", "version": "02", "sar:observation_direction": "left", "sar:polarizations": [ "HH", "HV", "VH", "VV" ], "auth:schemes": { "s3": { "type": "s3" }, "oidc": { "openIdConnectUrl": "https://iam.ascend.icsgate.eu/realms/esa-maap/.well-known/openid-configuration", "type": "openIdConnect" } }, "sar:instrument_mode": "SM", "eofeos:orbit_drift_flag": false, "processing:datetime": "2026-04-27T21:11:08Z", "eofeos:mission_phase": "TOMOGRAPHIC", "updated": "2026-06-10T21:52:12Z", "sat:absolute_orbit": 5324, "product:acquisition_type": "nominal" } }, "geometry": { "type": "Polygon", "coordinates": [ [ [ -43.001556, -18.876614 ], [ -43.596413, -18.989752 ], [ -43.3319, -20.22715 ], [ -42.724113, -20.11267 ], [ -43.001556, -18.876614 ] ] ] } },
{ "type": "Feature", "properties": { "scene_id": "BIO_S1_SCS__1S_20260430T085315_20260430T085336_T_G01_M03_C03_T020_F294_02_DQP6NW", "product_name": "BIO_S1_SCS__1S_20260430T085315_20260430T085336_T_G01_M03_C03_T020_F294_02_DQP6NW", "collection": "BiomassLevel1a", "mode": "SCS", "track": "T020", "frame": "F294", "start_datetime": "2026-04-30T08:53:15.717Z", "end_datetime": "2026-04-30T08:53:36.119Z", "repeat_cycle": "3", "orbit_state": "ASCENDING", "raw_properties": { "processing:facility": "Biomass CPF", "product:type": "S1_SCS__1S", "eofeos:global_coverage_id": "1", "sat:anx_datetime": "2026-04-30T07:20:27.648Z", "platform": "Biomass", "eofeos:major_cycle_id": "3", "datetime": "2026-04-30T08:53:15.717Z", "instruments": [ "P-SAR" ], "constellation": "Biomass", "storage:schemes": { "biomass-pdgs-01": { "bucket": "biomass-pdgs-01", "description": "This endpoint provides access to EO data which is stored on the object storage of the ESA MAAP. See the [documentation](https://portal.maap.eo.esa.int/dataaccess/) for more information, including how to get credentials.", "type": "custom-s3", "title": "ESA MAAP S3", "region": "gra", "platform": "https://{bucket}.s3.{region}.io.cloud.ovh.net" } }, "eopf:datatake_id": "43980169", "processing:software": { "Biomass L1 Processor": "4.4.2" }, "eopf:instrument_configuration_id": 0, "grid:code": "WRS-20-294", "processing:level": "L1A", "proj:code": "EPSG:4326", "sci:doi": "10.57780/bio-bef83b4", "created": "2026-04-30T23:02:20Z", "published": "2026-04-30T08:53:36.119Z", "version": "02", "sar:observation_direction": "left", "sar:polarizations": [ "HH", "HV", "VH", "VV" ], "auth:schemes": { "s3": { "type": "s3" }, "oidc": { "openIdConnectUrl": "https://iam.ascend.icsgate.eu/realms/esa-maap/.well-known/openid-configuration", "type": "openIdConnect" } }, "sar:instrument_mode": "SM", "eofeos:orbit_drift_flag": false, "processing:datetime": "2026-04-30T23:02:20Z", "eofeos:mission_phase": "TOMOGRAPHIC", "updated": "2026-06-10T22:05:27Z", "sat:absolute_orbit": 5368, "product:acquisition_type": "nominal" } }, "geometry": { "type": "Polygon", "coordinates": [ [ [ -43.01323, -18.877127 ], [ -43.606728, -18.989988 ], [ -43.340946, -20.227158 ], [ -42.729935, -20.112082 ], [ -43.01323, -18.877127 ] ] ] } },
{ "type": "Feature", "properties": { "scene_id": "BIO_S1_SCS__1S_20260509T085321_20260509T085341_T_G01_M03_C06_T020_F294_02_DR67VS", "product_name": "BIO_S1_SCS__1S_20260509T085321_20260509T085341_T_G01_M03_C06_T020_F294_02_DR67VS", "collection": "BiomassLevel1a", "mode": "SCS", "track": "T020", "frame": "F294", "start_datetime": "2026-05-09T08:53:21.533Z", "end_datetime": "2026-05-09T08:53:41.934Z", "repeat_cycle": "6", "orbit_state": "ASCENDING", "raw_properties": { "processing:facility": "Biomass CPF", "product:type": "S1_SCS__1S", "eofeos:global_coverage_id": "1", "sat:anx_datetime": "2026-05-09T07:20:33.469Z", "platform": "Biomass", "eofeos:major_cycle_id": "3", "datetime": "2026-05-09T08:53:21.533Z", "instruments": [ "P-SAR" ], "constellation": "Biomass", "storage:schemes": { "biomass-pdgs-01": { "bucket": "biomass-pdgs-01", "description": "This endpoint provides access to EO data which is stored on the object storage of the ESA MAAP. See the [documentation](https://portal.maap.eo.esa.int/dataaccess/) for more information, including how to get credentials.", "type": "custom-s3", "title": "ESA MAAP S3", "region": "gra", "platform": "https://{bucket}.s3.{region}.io.cloud.ovh.net" } }, "eopf:datatake_id": "45061506", "processing:software": { "Biomass L1 Processor": "4.4.3" }, "eopf:instrument_configuration_id": 0, "grid:code": "WRS-20-294", "processing:level": "L1A", "proj:code": "EPSG:4326", "sci:doi": "10.57780/bio-bef83b4", "created": "2026-05-10T03:47:52Z", "published": "2026-05-09T08:53:41.934Z", "version": "02", "sar:observation_direction": "left", "sar:polarizations": [ "HH", "HV", "VH", "VV" ], "auth:schemes": { "s3": { "type": "s3" }, "oidc": { "openIdConnectUrl": "https://iam.ascend.icsgate.eu/realms/esa-maap/.well-known/openid-configuration", "type": "openIdConnect" } }, "sar:instrument_mode": "SM", "eofeos:orbit_drift_flag": false, "processing:datetime": "2026-05-10T03:47:52Z", "eofeos:mission_phase": "TOMOGRAPHIC", "updated": "2026-06-10T22:41:41Z", "sat:absolute_orbit": 5500, "product:acquisition_type": "nominal" } }, "geometry": { "type": "Polygon", "coordinates": [ [ [ -43.03681, -18.876974 ], [ -43.639324, -18.991539 ], [ -43.364628, -20.227032 ], [ -42.75189, -20.111612 ], [ -43.03681, -18.876974 ] ] ] } },
{ "type": "Feature", "properties": { "scene_id": "BIO_S1_SCS__1S_20260301T084902_20260301T084922_T_G01_M02_C07_T020_F295_01_DNLUO2", "product_name": "BIO_S1_SCS__1S_20260301T084902_20260301T084922_T_G01_M02_C07_T020_F295_01_DNLUO2", "collection": "BiomassLevel1a", "mode": "SCS", "track": "T020", "frame": "F295", "start_datetime": "2026-03-01T08:49:02.109Z", "end_datetime": "2026-03-01T08:49:22.509Z", "repeat_cycle": "7", "orbit_state": "ASCENDING", "raw_properties": { "processing:facility": "Biomass CPF", "product:type": "S1_SCS__1S", "eofeos:global_coverage_id": "1", "sat:anx_datetime": "2026-03-01T07:15:55.044Z", "platform": "Biomass", "eofeos:major_cycle_id": "2", "datetime": "2026-03-01T08:49:02.109Z", "instruments": [ "P-SAR" ], "constellation": "Biomass", "storage:schemes": { "biomass-pdgs-01": { "bucket": "biomass-pdgs-01", "description": "This endpoint provides access to EO data which is stored on the object storage of the ESA MAAP. See the [documentation](https://portal.maap.eo.esa.int/dataaccess/) for more information, including how to get credentials.", "type": "custom-s3", "title": "ESA MAAP S3", "region": "gra", "platform": "https://{bucket}.s3.{region}.io.cloud.ovh.net" } }, "eopf:datatake_id": "36771220", "processing:software": { "Biomass L1 Processor": "4.3.1" }, "eopf:instrument_configuration_id": 0, "grid:code": "WRS-20-295", "processing:level": "L1A", "proj:code": "EPSG:4326", "sci:doi": "10.57780/bio-bef83b4", "created": "2026-03-01T20:09:38Z", "published": "2026-03-01T08:49:22.509Z", "version": "01", "sar:observation_direction": "left", "sar:polarizations": [ "HH", "HV", "VH", "VV" ], "auth:schemes": { "s3": { "type": "s3" }, "oidc": { "openIdConnectUrl": "https://iam.ascend.icsgate.eu/realms/esa-maap/.well-known/openid-configuration", "type": "openIdConnect" } }, "sar:instrument_mode": "SM", "eofeos:orbit_drift_flag": false, "processing:datetime": "2026-03-01T20:09:38Z", "eofeos:mission_phase": "TOMOGRAPHIC", "updated": "2026-05-17T13:24:26Z", "sat:absolute_orbit": 4488, "product:acquisition_type": "nominal" } }, "geometry": { "type": "Polygon", "coordinates": [ [ [ -42.131985, -17.724037 ], [ -42.716476, -17.836164 ], [ -42.450417, -19.073357 ], [ -41.84277, -18.95787 ], [ -42.131985, -17.724037 ] ] ] } },
{ "type": "Feature", "properties": { "scene_id": "BIO_S1_SCS__1S_20260427T085332_20260427T085353_T_G01_M03_C02_T020_F295_02_DQJHOW", "product_name": "BIO_S1_SCS__1S_20260427T085332_20260427T085353_T_G01_M03_C02_T020_F295_02_DQJHOW", "collection": "BiomassLevel1a", "mode": "SCS", "track": "T020", "frame": "F295", "start_datetime": "2026-04-27T08:53:32.791Z", "end_datetime": "2026-04-27T08:53:53.192Z", "repeat_cycle": "2", "orbit_state": "ASCENDING", "raw_properties": { "processing:facility": "Biomass CPF", "product:type": "S1_SCS__1S", "eofeos:global_coverage_id": "1", "sat:anx_datetime": "2026-04-27T07:20:25.711Z", "platform": "Biomass", "eofeos:major_cycle_id": "3", "datetime": "2026-04-27T08:53:32.791Z", "instruments": [ "P-SAR" ], "constellation": "Biomass", "storage:schemes": { "biomass-pdgs-01": { "bucket": "biomass-pdgs-01", "description": "This endpoint provides access to EO data which is stored on the object storage of the ESA MAAP. See the [documentation](https://portal.maap.eo.esa.int/dataaccess/) for more information, including how to get credentials.", "type": "custom-s3", "title": "ESA MAAP S3", "region": "gra", "platform": "https://{bucket}.s3.{region}.io.cloud.ovh.net" } }, "eopf:datatake_id": "43619721", "processing:software": { "Biomass L1 Processor": "4.4.2" }, "eopf:instrument_configuration_id": 0, "grid:code": "WRS-20-295", "processing:level": "L1A", "proj:code": "EPSG:4326", "sci:doi": "10.57780/bio-bef83b4", "created": "2026-04-27T21:14:56Z", "published": "2026-04-27T08:53:53.192Z", "version": "02", "sar:observation_direction": "left", "sar:polarizations": [ "HH", "HV", "VH", "VV" ], "auth:schemes": { "s3": { "type": "s3" }, "oidc": { "openIdConnectUrl": "https://iam.ascend.icsgate.eu/realms/esa-maap/.well-known/openid-configuration", "type": "openIdConnect" } }, "sar:instrument_mode": "SM", "eofeos:orbit_drift_flag": false, "processing:datetime": "2026-04-27T21:14:56Z", "eofeos:mission_phase": "TOMOGRAPHIC", "updated": "2026-06-10T21:52:12Z", "sat:absolute_orbit": 5324, "product:acquisition_type": "nominal" } }, "geometry": { "type": "Polygon", "coordinates": [ [ [ -43.252934, -17.723005 ], [ -43.845615, -17.836718 ], [ -43.584393, -19.07478 ], [ -42.9802, -18.95996 ], [ -43.252934, -17.723005 ] ] ] } },
{ "type": "Feature", "properties": { "scene_id": "BIO_S1_SCS__1S_20260301T084921_20260301T084941_T_G01_M02_C07_T020_F296_01_DNLUVO", "product_name": "BIO_S1_SCS__1S_20260301T084921_20260301T084941_T_G01_M02_C07_T020_F296_01_DNLUVO", "collection": "BiomassLevel1a", "mode": "SCS", "track": "T020", "frame": "F296", "start_datetime": "2026-03-01T08:49:21.125Z", "end_datetime": "2026-03-01T08:49:41.524Z", "repeat_cycle": "7", "orbit_state": "ASCENDING", "raw_properties": { "processing:facility": "Biomass CPF", "product:type": "S1_SCS__1S", "eofeos:global_coverage_id": "1", "sat:anx_datetime": "2026-03-01T07:15:55.044Z", "platform": "Biomass", "eofeos:major_cycle_id": "2", "datetime": "2026-03-01T08:49:21.125Z", "instruments": [ "P-SAR" ], "constellation": "Biomass", "storage:schemes": { "biomass-pdgs-01": { "bucket": "biomass-pdgs-01", "description": "This endpoint provides access to EO data which is stored on the object storage of the ESA MAAP. See the [documentation](https://portal.maap.eo.esa.int/dataaccess/) for more information, including how to get credentials.", "type": "custom-s3", "title": "ESA MAAP S3", "region": "gra", "platform": "https://{bucket}.s3.{region}.io.cloud.ovh.net" } }, "eopf:datatake_id": "36771220", "processing:software": { "Biomass L1 Processor": "4.3.1" }, "eopf:instrument_configuration_id": 0, "grid:code": "WRS-20-296", "processing:level": "L1A", "proj:code": "EPSG:4326", "sci:doi": "10.57780/bio-bef83b4", "created": "2026-03-01T20:14:12Z", "published": "2026-03-01T08:49:41.524Z", "version": "01", "sar:observation_direction": "left", "sar:polarizations": [ "HH", "HV", "VH", "VV" ], "auth:schemes": { "s3": { "type": "s3" }, "oidc": { "openIdConnectUrl": "https://iam.ascend.icsgate.eu/realms/esa-maap/.well-known/openid-configuration", "type": "openIdConnect" } }, "sar:instrument_mode": "SM", "eofeos:orbit_drift_flag": false, "processing:datetime": "2026-03-01T20:14:12Z", "eofeos:mission_phase": "TOMOGRAPHIC", "updated": "2026-05-17T13:24:26Z", "sat:absolute_orbit": 4488, "product:acquisition_type": "nominal" } }, "geometry": { "type": "Polygon", "coordinates": [ [ [ -42.372383, -16.56828 ], [ -42.958595, -16.681711 ], [ -42.695946, -17.919611 ], [ -42.10171, -17.805677 ], [ -42.372383, -16.56828 ] ] ] } },
{ "type": "Feature", "properties": { "scene_id": "BIO_S1_SCS__1S_20260424T085349_20260424T085410_T_G01_M03_C01_T020_F296_02_DQDXG6", "product_name": "BIO_S1_SCS__1S_20260424T085349_20260424T085410_T_G01_M03_C01_T020_F296_02_DQDXG6", "collection": "BiomassLevel1a", "mode": "SCS", "track": "T020", "frame": "F296", "start_datetime": "2026-04-24T08:53:49.896Z", "end_datetime": "2026-04-24T08:54:10.295Z", "repeat_cycle": "1", "orbit_state": "ASCENDING", "raw_properties": { "processing:facility": "Biomass CPF", "product:type": "S1_SCS__1S", "eofeos:global_coverage_id": "1", "sat:anx_datetime": "2026-04-24T07:20:23.798Z", "platform": "Biomass", "eofeos:major_cycle_id": "3", "datetime": "2026-04-24T08:53:49.896Z", "instruments": [ "P-SAR" ], "constellation": "Biomass", "storage:schemes": { "biomass-pdgs-01": { "bucket": "biomass-pdgs-01", "description": "This endpoint provides access to EO data which is stored on the object storage of the ESA MAAP. See the [documentation](https://portal.maap.eo.esa.int/dataaccess/) for more information, including how to get credentials.", "type": "custom-s3", "title": "ESA MAAP S3", "region": "gra", "platform": "https://{bucket}.s3.{region}.io.cloud.ovh.net" } }, "eopf:datatake_id": "43259273", "processing:software": { "Biomass L1 Processor": "4.4.2" }, "eopf:instrument_configuration_id": 0, "grid:code": "WRS-20-296", "processing:level": "L1A", "proj:code": "EPSG:4326", "sci:doi": "10.57780/bio-bef83b4", "created": "2026-04-24T21:09:42Z", "published": "2026-04-24T08:54:10.295Z", "version": "02", "sar:observation_direction": "left", "sar:polarizations": [ "HH", "HV", "VH", "VV" ], "auth:schemes": { "s3": { "type": "s3" }, "oidc": { "openIdConnectUrl": "https://iam.ascend.icsgate.eu/realms/esa-maap/.well-known/openid-configuration", "type": "openIdConnect" } }, "sar:instrument_mode": "SM", "eofeos:orbit_drift_flag": false, "processing:datetime": "2026-04-24T21:09:42Z", "eofeos:mission_phase": "TOMOGRAPHIC", "updated": "2026-06-09T16:46:47Z", "sat:absolute_orbit": 5280, "product:acquisition_type": "nominal" } }, "geometry": { "type": "Polygon", "coordinates": [ [ [ -43.489426, -16.568008 ], [ -44.07737, -16.681805 ], [ -43.82065, -17.920801 ], [ -43.22082, -17.805786 ], [ -43.489426, -16.568008 ] ] ] } },
{ "type": "Feature", "properties": { "scene_id": "BIO_S1_SCS__1S_20260427T085351_20260427T085412_T_G01_M03_C02_T020_F296_02_DQJHLQ", "product_name": "BIO_S1_SCS__1S_20260427T085351_20260427T085412_T_G01_M03_C02_T020_F296_02_DQJHLQ", "collection": "BiomassLevel1a", "mode": "SCS", "track": "T020", "frame": "F296", "start_datetime": "2026-04-27T08:53:51.808Z", "end_datetime": "2026-04-27T08:54:12.208Z", "repeat_cycle": "2", "orbit_state": "ASCENDING", "raw_properties": { "processing:facility": "Biomass CPF", "product:type": "S1_SCS__1S", "eofeos:global_coverage_id": "1", "sat:anx_datetime": "2026-04-27T07:20:25.711Z", "platform": "Biomass", "eofeos:major_cycle_id": "3", "datetime": "2026-04-27T08:53:51.808Z", "instruments": [ "P-SAR" ], "constellation": "Biomass", "storage:schemes": { "biomass-pdgs-01": { "bucket": "biomass-pdgs-01", "description": "This endpoint provides access to EO data which is stored on the object storage of the ESA MAAP. See the [documentation](https://portal.maap.eo.esa.int/dataaccess/) for more information, including how to get credentials.", "type": "custom-s3", "title": "ESA MAAP S3", "region": "gra", "platform": "https://{bucket}.s3.{region}.io.cloud.ovh.net" } }, "eopf:datatake_id": "43619721", "processing:software": { "Biomass L1 Processor": "4.4.2" }, "eopf:instrument_configuration_id": 0, "grid:code": "WRS-20-296", "processing:level": "L1A", "proj:code": "EPSG:4326", "sci:doi": "10.57780/bio-bef83b4", "created": "2026-04-27T21:13:02Z", "published": "2026-04-27T08:54:12.208Z", "version": "02", "sar:observation_direction": "left", "sar:polarizations": [ "HH", "HV", "VH", "VV" ], "auth:schemes": { "s3": { "type": "s3" }, "oidc": { "openIdConnectUrl": "https://iam.ascend.icsgate.eu/realms/esa-maap/.well-known/openid-configuration", "type": "openIdConnect" } }, "sar:instrument_mode": "SM", "eofeos:orbit_drift_flag": false, "processing:datetime": "2026-04-27T21:13:02Z", "eofeos:mission_phase": "TOMOGRAPHIC", "updated": "2026-06-10T21:52:12Z", "sat:absolute_orbit": 5324, "product:acquisition_type": "nominal" } }, "geometry": { "type": "Polygon", "coordinates": [ [ [ -43.496655, -16.567905 ], [ -44.084446, -16.681667 ], [ -43.827843, -17.92068 ], [ -43.228893, -17.80584 ], [ -43.496655, -16.567905 ] ] ] } },
{ "type": "Feature", "properties": { "scene_id": "BIO_S1_SCS__1S_20251201T084450_20251201T084511_T_G01_M01_C04_T020_F297_01_DKPU0C", "product_name": "BIO_S1_SCS__1S_20251201T084450_20251201T084511_T_G01_M01_C04_T020_F297_01_DKPU0C", "collection": "BiomassLevel1a", "mode": "SCS", "track": "T020", "frame": "F297", "start_datetime": "2025-12-01T08:44:50.957Z", "end_datetime": "2025-12-01T08:45:11.747Z", "repeat_cycle": "4", "orbit_state": "ASCENDING", "raw_properties": { "processing:facility": "Biomass CPF", "product:type": "S1_SCS__1S", "eofeos:global_coverage_id": "1", "sat:anx_datetime": "2025-12-01T07:11:06.061Z", "platform": "Biomass", "eofeos:major_cycle_id": "1", "datetime": "2025-12-01T08:44:50.957Z", "instruments": [ "P-SAR" ], "constellation": "Biomass", "storage:schemes": { "biomass-pdgs-01": { "bucket": "biomass-pdgs-01", "description": "This endpoint provides access to EO data which is stored on the object storage of the ESA MAAP. See the [documentation](https://portal.maap.eo.esa.int/dataaccess/) for more information, including how to get credentials.", "type": "custom-s3", "title": "ESA MAAP S3", "region": "gra", "platform": "https://{bucket}.s3.{region}.io.cloud.ovh.net" } }, "eopf:datatake_id": "25957801", "processing:software": { "Biomass L1 Processor": "4.2.2" }, "eopf:instrument_configuration_id": 0, "grid:code": "WRS-20-297", "processing:level": "L1A", "proj:code": "EPSG:4326", "sci:doi": "10.57780/bio-bef83b4", "created": "2026-01-04T16:05:00Z", "published": "2025-12-01T08:45:11.747Z", "version": "01", "sar:observation_direction": "left", "sar:polarizations": [ "HH", "HV", "VH", "VV" ], "auth:schemes": { "s3": { "type": "s3" }, "oidc": { "openIdConnectUrl": "https://iam.ascend.icsgate.eu/realms/esa-maap/.well-known/openid-configuration", "type": "openIdConnect" } }, "sar:instrument_mode": "SM", "eofeos:orbit_drift_flag": false, "processing:datetime": "2026-01-04T16:05:00Z", "eofeos:mission_phase": "TOMOGRAPHIC", "updated": "2026-05-17T10:12:37Z", "sat:absolute_orbit": 3168, "product:acquisition_type": "nominal" } }, "geometry": { "type": "Polygon", "coordinates": [ [ [ -41.389034, -15.399193 ], [ -41.969852, -15.512553 ], [ -41.702274, -16.77437 ], [ -41.116035, -16.66098 ], [ -41.389034, -15.399193 ] ] ] } },
{ "type": "Feature", "properties": { "scene_id": "BIO_S1_SCS__1S_20251201T084451_20251201T084511_T_G01_M01_C04_T020_F297_01_DO0HXW", "product_name": "BIO_S1_SCS__1S_20251201T084451_20251201T084511_T_G01_M01_C04_T020_F297_01_DO0HXW", "collection": "BiomassLevel1a", "mode": "SCS", "track": "T020", "frame": "F297", "start_datetime": "2025-12-01T08:44:51.154Z", "end_datetime": "2025-12-01T08:45:11.551Z", "repeat_cycle": "4", "orbit_state": "ASCENDING", "raw_properties": { "processing:facility": "Biomass CPF", "product:type": "S1_SCS__1S", "eofeos:global_coverage_id": "1", "sat:anx_datetime": "2025-12-01T07:11:06.061Z", "platform": "Biomass", "eofeos:major_cycle_id": "1", "datetime": "2025-12-01T08:44:51.154Z", "instruments": [ "P-SAR" ], "constellation": "Biomass", "storage:schemes": { "biomass-pdgs-01": { "bucket": "biomass-pdgs-01", "description": "This endpoint provides access to EO data which is stored on the object storage of the ESA MAAP. See the [documentation](https://portal.maap.eo.esa.int/dataaccess/) for more information, including how to get credentials.", "type": "custom-s3", "title": "ESA MAAP S3", "region": "gra", "platform": "https://{bucket}.s3.{region}.io.cloud.ovh.net" } }, "eopf:datatake_id": "25957801", "processing:software": { "Biomass L1 Processor": "4.3.1" }, "eopf:instrument_configuration_id": 0, "grid:code": "WRS-20-297", "processing:level": "L1A", "proj:code": "EPSG:4326", "sci:doi": "10.57780/bio-bef83b4", "created": "2026-03-09T17:58:44Z", "published": "2025-12-01T08:45:11.551Z", "version": "01", "sar:observation_direction": "left", "sar:polarizations": [ "HH", "HV", "VH", "VV" ], "auth:schemes": { "s3": { "type": "s3" }, "oidc": { "openIdConnectUrl": "https://iam.ascend.icsgate.eu/realms/esa-maap/.well-known/openid-configuration", "type": "openIdConnect" } }, "sar:instrument_mode": "SM", "eofeos:orbit_drift_flag": false, "processing:datetime": "2026-03-09T17:58:44Z", "eofeos:mission_phase": "TOMOGRAPHIC", "updated": "2026-05-17T10:12:37Z", "sat:absolute_orbit": 3168, "product:acquisition_type": "nominal" } }, "geometry": { "type": "Polygon", "coordinates": [ [ [ -41.40465, -15.41465 ], [ -41.979946, -15.526883 ], [ -41.71829, -16.765013 ], [ -41.134342, -16.652102 ], [ -41.40465, -15.41465 ] ] ] } },
{ "type": "Feature", "properties": { "scene_id": "BIO_S1_SCS__1S_20251204T084453_20251204T084513_T_G01_M01_C05_T020_F297_01_DO3WG1", "product_name": "BIO_S1_SCS__1S_20251204T084453_20251204T084513_T_G01_M01_C05_T020_F297_01_DO3WG1", "collection": "BiomassLevel1a", "mode": "SCS", "track": "T020", "frame": "F297", "start_datetime": "2025-12-04T08:44:53.017Z", "end_datetime": "2025-12-04T08:45:13.415Z", "repeat_cycle": "5", "orbit_state": "ASCENDING", "raw_properties": { "processing:facility": "Biomass CPF", "product:type": "S1_SCS__1S", "eofeos:global_coverage_id": "1", "sat:anx_datetime": "2025-12-04T07:11:07.927Z", "platform": "Biomass", "eofeos:major_cycle_id": "1", "datetime": "2025-12-04T08:44:53.017Z", "instruments": [ "P-SAR" ], "constellation": "Biomass", "storage:schemes": { "biomass-pdgs-01": { "bucket": "biomass-pdgs-01", "description": "This endpoint provides access to EO data which is stored on the object storage of the ESA MAAP. See the [documentation](https://portal.maap.eo.esa.int/dataaccess/) for more information, including how to get credentials.", "type": "custom-s3", "title": "ESA MAAP S3", "region": "gra", "platform": "https://{bucket}.s3.{region}.io.cloud.ovh.net" } }, "eopf:datatake_id": "26318249", "processing:software": { "Biomass L1 Processor": "4.3.1" }, "eopf:instrument_configuration_id": 0, "grid:code": "WRS-20-297", "processing:level": "L1A", "proj:code": "EPSG:4326", "sci:doi": "10.57780/bio-bef83b4", "created": "2026-03-11T14:04:49Z", "published": "2025-12-04T08:45:13.415Z", "version": "01", "sar:observation_direction": "left", "sar:polarizations": [ "HH", "HV", "VH", "VV" ], "auth:schemes": { "s3": { "type": "s3" }, "oidc": { "openIdConnectUrl": "https://iam.ascend.icsgate.eu/realms/esa-maap/.well-known/openid-configuration", "type": "openIdConnect" } }, "sar:instrument_mode": "SM", "eofeos:orbit_drift_flag": false, "processing:datetime": "2026-03-11T14:04:49Z", "eofeos:mission_phase": "TOMOGRAPHIC", "updated": "2026-05-17T10:22:14Z", "sat:absolute_orbit": 3212, "product:acquisition_type": "nominal" } }, "geometry": { "type": "Polygon", "coordinates": [ [ [ -41.41477, -15.414934 ], [ -41.990353, -15.527206 ], [ -41.726734, -16.76498 ], [ -41.14261, -16.652046 ], [ -41.41477, -15.414934 ] ] ] } },
{ "type": "Feature", "properties": { "scene_id": "BIO_S1_SCS__1S_20260301T084940_20260301T085000_T_G01_M02_C07_T020_F297_01_DNLUTI", "product_name": "BIO_S1_SCS__1S_20260301T084940_20260301T085000_T_G01_M02_C07_T020_F297_01_DNLUTI", "collection": "BiomassLevel1a", "mode": "SCS", "track": "T020", "frame": "F297", "start_datetime": "2026-03-01T08:49:40.138Z", "end_datetime": "2026-03-01T08:50:00.536Z", "repeat_cycle": "7", "orbit_state": "ASCENDING", "raw_properties": { "processing:facility": "Biomass CPF", "product:type": "S1_SCS__1S", "eofeos:global_coverage_id": "1", "sat:anx_datetime": "2026-03-01T07:15:55.044Z", "platform": "Biomass", "eofeos:major_cycle_id": "2", "datetime": "2026-03-01T08:49:40.138Z", "instruments": [ "P-SAR" ], "constellation": "Biomass", "storage:schemes": { "biomass-pdgs-01": { "bucket": "biomass-pdgs-01", "description": "This endpoint provides access to EO data which is stored on the object storage of the ESA MAAP. See the [documentation](https://portal.maap.eo.esa.int/dataaccess/) for more information, including how to get credentials.", "type": "custom-s3", "title": "ESA MAAP S3", "region": "gra", "platform": "https://{bucket}.s3.{region}.io.cloud.ovh.net" } }, "eopf:datatake_id": "36771220", "processing:software": { "Biomass L1 Processor": "4.3.1" }, "eopf:instrument_configuration_id": 0, "grid:code": "WRS-20-297", "processing:level": "L1A", "proj:code": "EPSG:4326", "sci:doi": "10.57780/bio-bef83b4", "created": "2026-03-01T20:12:54Z", "published": "2026-03-01T08:50:00.536Z", "version": "01", "sar:observation_direction": "left", "sar:polarizations": [ "HH", "HV", "VH", "VV" ], "auth:schemes": { "s3": { "type": "s3" }, "oidc": { "openIdConnectUrl": "https://iam.ascend.icsgate.eu/realms/esa-maap/.well-known/openid-configuration", "type": "openIdConnect" } }, "sar:instrument_mode": "SM", "eofeos:orbit_drift_flag": false, "processing:datetime": "2026-03-01T20:12:54Z", "eofeos:mission_phase": "TOMOGRAPHIC", "updated": "2026-05-17T13:24:26Z", "sat:absolute_orbit": 4488, "product:acquisition_type": "nominal" } }, "geometry": { "type": "Polygon", "coordinates": [ [ [ -42.621475, -15.414306 ], [ -43.192997, -15.525845 ], [ -42.93564, -16.76484 ], [ -42.34375, -16.65036 ], [ -42.621475, -15.414306 ] ] ] } },
{ "type": "Feature", "properties": { "scene_id": "BIO_S1_SCS__1S_20260424T085408_20260424T085429_T_G01_M03_C01_T020_F297_02_DQDXG4", "product_name": "BIO_S1_SCS__1S_20260424T085408_20260424T085429_T_G01_M03_C01_T020_F297_02_DQDXG4", "collection": "BiomassLevel1a", "mode": "SCS", "track": "T020", "frame": "F297", "start_datetime": "2026-04-24T08:54:08.910Z", "end_datetime": "2026-04-24T08:54:29.309Z", "repeat_cycle": "1", "orbit_state": "ASCENDING", "raw_properties": { "processing:facility": "Biomass CPF", "product:type": "S1_SCS__1S", "eofeos:global_coverage_id": "1", "sat:anx_datetime": "2026-04-24T07:20:23.798Z", "platform": "Biomass", "eofeos:major_cycle_id": "3", "datetime": "2026-04-24T08:54:08.910Z", "instruments": [ "P-SAR" ], "constellation": "Biomass", "storage:schemes": { "biomass-pdgs-01": { "bucket": "biomass-pdgs-01", "description": "This endpoint provides access to EO data which is stored on the object storage of the ESA MAAP. See the [documentation](https://portal.maap.eo.esa.int/dataaccess/) for more information, including how to get credentials.", "type": "custom-s3", "title": "ESA MAAP S3", "region": "gra", "platform": "https://{bucket}.s3.{region}.io.cloud.ovh.net" } }, "eopf:datatake_id": "43259273", "processing:software": { "Biomass L1 Processor": "4.4.2" }, "eopf:instrument_configuration_id": 0, "grid:code": "WRS-20-297", "processing:level": "L1A", "proj:code": "EPSG:4326", "sci:doi": "10.57780/bio-bef83b4", "created": "2026-04-24T21:09:40Z", "published": "2026-04-24T08:54:29.309Z", "version": "02", "sar:observation_direction": "left", "sar:polarizations": [ "HH", "HV", "VH", "VV" ], "auth:schemes": { "s3": { "type": "s3" }, "oidc": { "openIdConnectUrl": "https://iam.ascend.icsgate.eu/realms/esa-maap/.well-known/openid-configuration", "type": "openIdConnect" } }, "sar:instrument_mode": "SM", "eofeos:orbit_drift_flag": false, "processing:datetime": "2026-04-24T21:09:40Z", "eofeos:mission_phase": "TOMOGRAPHIC", "updated": "2026-06-09T16:46:47Z", "sat:absolute_orbit": 5280, "product:acquisition_type": "nominal" } }, "geometry": { "type": "Polygon", "coordinates": [ [ [ -43.73076, -15.412493 ], [ -44.30967, -15.52551 ], [ -44.05504, -16.76501 ], [ -43.473534, -16.652517 ], [ -43.73076, -15.412493 ] ] ] } },
{ "type": "Feature", "properties": { "scene_id": "BIO_S1_SCS__1S_20260427T085410_20260427T085431_T_G01_M03_C02_T020_F297_02_DQJHIV", "product_name": "BIO_S1_SCS__1S_20260427T085410_20260427T085431_T_G01_M03_C02_T020_F297_02_DQJHIV", "collection": "BiomassLevel1a", "mode": "SCS", "track": "T020", "frame": "F297", "start_datetime": "2026-04-27T08:54:10.822Z", "end_datetime": "2026-04-27T08:54:31.221Z", "repeat_cycle": "2", "orbit_state": "ASCENDING", "raw_properties": { "processing:facility": "Biomass CPF", "product:type": "S1_SCS__1S", "eofeos:global_coverage_id": "1", "sat:anx_datetime": "2026-04-27T07:20:25.711Z", "platform": "Biomass", "eofeos:major_cycle_id": "3", "datetime": "2026-04-27T08:54:10.822Z", "instruments": [ "P-SAR" ], "constellation": "Biomass", "storage:schemes": { "biomass-pdgs-01": { "bucket": "biomass-pdgs-01", "description": "This endpoint provides access to EO data which is stored on the object storage of the ESA MAAP. See the [documentation](https://portal.maap.eo.esa.int/dataaccess/) for more information, including how to get credentials.", "type": "custom-s3", "title": "ESA MAAP S3", "region": "gra", "platform": "https://{bucket}.s3.{region}.io.cloud.ovh.net" } }, "eopf:datatake_id": "43619721", "processing:software": { "Biomass L1 Processor": "4.4.2" }, "eopf:instrument_configuration_id": 0, "grid:code": "WRS-20-297", "processing:level": "L1A", "proj:code": "EPSG:4326", "sci:doi": "10.57780/bio-bef83b4", "created": "2026-04-27T21:11:19Z", "published": "2026-04-27T08:54:31.221Z", "version": "02", "sar:observation_direction": "left", "sar:polarizations": [ "HH", "HV", "VH", "VV" ], "auth:schemes": { "s3": { "type": "s3" }, "oidc": { "openIdConnectUrl": "https://iam.ascend.icsgate.eu/realms/esa-maap/.well-known/openid-configuration", "type": "openIdConnect" } }, "sar:instrument_mode": "SM", "eofeos:orbit_drift_flag": false, "processing:datetime": "2026-04-27T21:11:19Z", "eofeos:mission_phase": "TOMOGRAPHIC", "updated": "2026-06-10T21:52:12Z", "sat:absolute_orbit": 5324, "product:acquisition_type": "nominal" } }, "geometry": { "type": "Polygon", "coordinates": [ [ [ -43.737953, -15.412389 ], [ -44.316814, -15.52539 ], [ -44.061928, -16.764835 ], [ -43.477894, -16.651857 ], [ -43.737953, -15.412389 ] ] ] } },
{ "type": "Feature", "properties": { "scene_id": "BIO_S1_SCS__1S_20251204T084512_20251204T084532_T_G01_M01_C05_T020_F298_01_DO3WEZ", "product_name": "BIO_S1_SCS__1S_20251204T084512_20251204T084532_T_G01_M01_C05_T020_F298_01_DO3WEZ", "collection": "BiomassLevel1a", "mode": "SCS", "track": "T020", "frame": "F298", "start_datetime": "2025-12-04T08:45:12.030Z", "end_datetime": "2025-12-04T08:45:32.426Z", "repeat_cycle": "5", "orbit_state": "ASCENDING", "raw_properties": { "processing:facility": "Biomass CPF", "product:type": "S1_SCS__1S", "eofeos:global_coverage_id": "1", "sat:anx_datetime": "2025-12-04T07:11:07.927Z", "platform": "Biomass", "eofeos:major_cycle_id": "1", "datetime": "2025-12-04T08:45:12.030Z", "instruments": [ "P-SAR" ], "constellation": "Biomass", "storage:schemes": { "biomass-pdgs-01": { "bucket": "biomass-pdgs-01", "description": "This endpoint provides access to EO data which is stored on the object storage of the ESA MAAP. See the [documentation](https://portal.maap.eo.esa.int/dataaccess/) for more information, including how to get credentials.", "type": "custom-s3", "title": "ESA MAAP S3", "region": "gra", "platform": "https://{bucket}.s3.{region}.io.cloud.ovh.net" } }, "eopf:datatake_id": "26318249", "processing:software": { "Biomass L1 Processor": "4.3.1" }, "eopf:instrument_configuration_id": 0, "grid:code": "WRS-20-298", "processing:level": "L1A", "proj:code": "EPSG:4326", "sci:doi": "10.57780/bio-bef83b4", "created": "2026-03-11T14:04:11Z", "published": "2025-12-04T08:45:32.426Z", "version": "01", "sar:observation_direction": "left", "sar:polarizations": [ "HH", "HV", "VH", "VV" ], "auth:schemes": { "s3": { "type": "s3" }, "oidc": { "openIdConnectUrl": "https://iam.ascend.icsgate.eu/realms/esa-maap/.well-known/openid-configuration", "type": "openIdConnect" } }, "sar:instrument_mode": "SM", "eofeos:orbit_drift_flag": false, "processing:datetime": "2026-03-11T14:04:11Z", "eofeos:mission_phase": "TOMOGRAPHIC", "updated": "2026-05-17T10:22:14Z", "sat:absolute_orbit": 3212, "product:acquisition_type": "nominal" } }, "geometry": { "type": "Polygon", "coordinates": [ [ [ -41.6496, -14.258045 ], [ -42.2285, -14.371893 ], [ -41.968716, -15.610488 ], [ -41.387962, -15.497262 ], [ -41.6496, -14.258045 ] ] ] } },
{ "type": "Feature", "properties": { "scene_id": "BIO_S1_SCS__1S_20260301T084959_20260301T085019_T_G01_M02_C07_T020_F298_01_DNLUT1", "product_name": "BIO_S1_SCS__1S_20260301T084959_20260301T085019_T_G01_M02_C07_T020_F298_01_DNLUT1", "collection": "BiomassLevel1a", "mode": "SCS", "track": "T020", "frame": "F298", "start_datetime": "2026-03-01T08:49:59.153Z", "end_datetime": "2026-03-01T08:50:19.550Z", "repeat_cycle": "7", "orbit_state": "ASCENDING", "raw_properties": { "processing:facility": "Biomass CPF", "product:type": "S1_SCS__1S", "eofeos:global_coverage_id": "1", "sat:anx_datetime": "2026-03-01T07:15:55.044Z", "platform": "Biomass", "eofeos:major_cycle_id": "2", "datetime": "2026-03-01T08:49:59.153Z", "instruments": [ "P-SAR" ], "constellation": "Biomass", "storage:schemes": { "biomass-pdgs-01": { "bucket": "biomass-pdgs-01", "description": "This endpoint provides access to EO data which is stored on the object storage of the ESA MAAP. See the [documentation](https://portal.maap.eo.esa.int/dataaccess/) for more information, including how to get credentials.", "type": "custom-s3", "title": "ESA MAAP S3", "region": "gra", "platform": "https://{bucket}.s3.{region}.io.cloud.ovh.net" } }, "eopf:datatake_id": "36771220", "processing:software": { "Biomass L1 Processor": "4.3.1" }, "eopf:instrument_configuration_id": 0, "grid:code": "WRS-20-298", "processing:level": "L1A", "proj:code": "EPSG:4326", "sci:doi": "10.57780/bio-bef83b4", "created": "2026-03-01T20:12:37Z", "published": "2026-03-01T08:50:19.550Z", "version": "01", "sar:observation_direction": "left", "sar:polarizations": [ "HH", "HV", "VH", "VV" ], "auth:schemes": { "s3": { "type": "s3" }, "oidc": { "openIdConnectUrl": "https://iam.ascend.icsgate.eu/realms/esa-maap/.well-known/openid-configuration", "type": "openIdConnect" } }, "sar:instrument_mode": "SM", "eofeos:orbit_drift_flag": false, "processing:datetime": "2026-03-01T20:12:37Z", "eofeos:mission_phase": "TOMOGRAPHIC", "updated": "2026-05-17T13:24:26Z", "sat:absolute_orbit": 4488, "product:acquisition_type": "nominal" } }, "geometry": { "type": "Polygon", "coordinates": [ [ [ -42.85821, -14.257727 ], [ -43.433323, -14.370881 ], [ -43.172806, -15.60936 ], [ -42.599316, -15.497496 ], [ -42.85821, -14.257727 ] ] ] } },
{ "type": "Feature", "properties": { "scene_id": "BIO_S1_SCS__1S_20260424T085427_20260424T085448_T_G01_M03_C01_T020_F298_02_DQDXG7", "product_name": "BIO_S1_SCS__1S_20260424T085427_20260424T085448_T_G01_M03_C01_T020_F298_02_DQDXG7", "collection": "BiomassLevel1a", "mode": "SCS", "track": "T020", "frame": "F298", "start_datetime": "2026-04-24T08:54:27.924Z", "end_datetime": "2026-04-24T08:54:48.321Z", "repeat_cycle": "1", "orbit_state": "ASCENDING", "raw_properties": { "processing:facility": "Biomass CPF", "product:type": "S1_SCS__1S", "eofeos:global_coverage_id": "1", "sat:anx_datetime": "2026-04-24T07:20:23.798Z", "platform": "Biomass", "eofeos:major_cycle_id": "3", "datetime": "2026-04-24T08:54:27.924Z", "instruments": [ "P-SAR" ], "constellation": "Biomass", "storage:schemes": { "biomass-pdgs-01": { "bucket": "biomass-pdgs-01", "description": "This endpoint provides access to EO data which is stored on the object storage of the ESA MAAP. See the [documentation](https://portal.maap.eo.esa.int/dataaccess/) for more information, including how to get credentials.", "type": "custom-s3", "title": "ESA MAAP S3", "region": "gra", "platform": "https://{bucket}.s3.{region}.io.cloud.ovh.net" } }, "eopf:datatake_id": "43259273", "processing:software": { "Biomass L1 Processor": "4.4.2" }, "eopf:instrument_configuration_id": 0, "grid:code": "WRS-20-298", "processing:level": "L1A", "proj:code": "EPSG:4326", "sci:doi": "10.57780/bio-bef83b4", "created": "2026-04-24T21:09:43Z", "published": "2026-04-24T08:54:48.321Z", "version": "02", "sar:observation_direction": "left", "sar:polarizations": [ "HH", "HV", "VH", "VV" ], "auth:schemes": { "s3": { "type": "s3" }, "oidc": { "openIdConnectUrl": "https://iam.ascend.icsgate.eu/realms/esa-maap/.well-known/openid-configuration", "type": "openIdConnect" } }, "sar:instrument_mode": "SM", "eofeos:orbit_drift_flag": false, "processing:datetime": "2026-04-24T21:09:43Z", "eofeos:mission_phase": "TOMOGRAPHIC", "updated": "2026-06-09T16:46:48Z", "sat:absolute_orbit": 5280, "product:acquisition_type": "nominal" } }, "geometry": { "type": "Polygon", "coordinates": [ [ [ -43.974686, -14.257393 ], [ -44.5518, -14.37097 ], [ -44.288826, -15.608963 ], [ -43.708817, -15.49579 ], [ -43.974686, -14.257393 ] ] ] } },
{ "type": "Feature", "properties": { "scene_id": "BIO_S1_SCS__1S_20251201T084529_20251201T084549_T_G01_M01_C04_T020_F299_01_DO0HXW", "product_name": "BIO_S1_SCS__1S_20251201T084529_20251201T084549_T_G01_M01_C04_T020_F299_01_DO0HXW", "collection": "BiomassLevel1a", "mode": "SCS", "track": "T020", "frame": "F299", "start_datetime": "2025-12-01T08:45:29.180Z", "end_datetime": "2025-12-01T08:45:49.575Z", "repeat_cycle": "4", "orbit_state": "ASCENDING", "raw_properties": { "processing:facility": "Biomass CPF", "product:type": "S1_SCS__1S", "eofeos:global_coverage_id": "1", "sat:anx_datetime": "2025-12-01T07:11:06.061Z", "platform": "Biomass", "eofeos:major_cycle_id": "1", "datetime": "2025-12-01T08:45:29.180Z", "instruments": [ "P-SAR" ], "constellation": "Biomass", "storage:schemes": { "biomass-pdgs-01": { "bucket": "biomass-pdgs-01", "description": "This endpoint provides access to EO data which is stored on the object storage of the ESA MAAP. See the [documentation](https://portal.maap.eo.esa.int/dataaccess/) for more information, including how to get credentials.", "type": "custom-s3", "title": "ESA MAAP S3", "region": "gra", "platform": "https://{bucket}.s3.{region}.io.cloud.ovh.net" } }, "eopf:datatake_id": "25957801", "processing:software": { "Biomass L1 Processor": "4.3.1" }, "eopf:instrument_configuration_id": 0, "grid:code": "WRS-20-299", "processing:level": "L1A", "proj:code": "EPSG:4326", "sci:doi": "10.57780/bio-bef83b4", "created": "2026-03-09T17:58:44Z", "published": "2025-12-01T08:45:49.575Z", "version": "01", "sar:observation_direction": "left", "sar:polarizations": [ "HH", "HV", "VH", "VV" ], "auth:schemes": { "s3": { "type": "s3" }, "oidc": { "openIdConnectUrl": "https://iam.ascend.icsgate.eu/realms/esa-maap/.well-known/openid-configuration", "type": "openIdConnect" } }, "sar:instrument_mode": "SM", "eofeos:orbit_drift_flag": false, "processing:datetime": "2026-03-09T17:58:44Z", "eofeos:mission_phase": "TOMOGRAPHIC", "updated": "2026-05-17T10:12:37Z", "sat:absolute_orbit": 3168, "product:acquisition_type": "nominal" } }, "geometry": { "type": "Polygon", "coordinates": [ [ [ -41.90296, -13.106486 ], [ -42.456974, -13.21631 ], [ -42.195885, -14.454732 ], [ -41.62205, -14.341919 ], [ -41.90296, -13.106486 ] ] ] } },
{ "type": "Feature", "properties": { "scene_id": "BIO_S1_SCS__1S_20260211T085007_20260211T085027_T_G01_M02_C01_T020_F299_01_DMOHLZ", "product_name": "BIO_S1_SCS__1S_20260211T085007_20260211T085027_T_G01_M02_C01_T020_F299_01_DMOHLZ", "collection": "BiomassLevel1a", "mode": "SCS", "track": "T020", "frame": "F299", "start_datetime": "2026-02-11T08:50:07.234Z", "end_datetime": "2026-02-11T08:50:27.631Z", "repeat_cycle": "1", "orbit_state": "ASCENDING", "raw_properties": { "processing:facility": "Biomass CPF", "product:type": "S1_SCS__1S", "eofeos:global_coverage_id": "1", "sat:anx_datetime": "2026-02-11T07:15:44.105Z", "platform": "Biomass", "eofeos:major_cycle_id": "2", "datetime": "2026-02-11T08:50:07.234Z", "instruments": [ "P-SAR" ], "constellation": "Biomass", "storage:schemes": { "biomass-pdgs-01": { "bucket": "biomass-pdgs-01", "description": "This endpoint provides access to EO data which is stored on the object storage of the ESA MAAP. See the [documentation](https://portal.maap.eo.esa.int/dataaccess/) for more information, including how to get credentials.", "type": "custom-s3", "title": "ESA MAAP S3", "region": "gra", "platform": "https://{bucket}.s3.{region}.io.cloud.ovh.net" } }, "eopf:datatake_id": "34608533", "processing:software": { "Biomass L1 Processor": "4.3.1" }, "eopf:instrument_configuration_id": 0, "grid:code": "WRS-20-299", "processing:level": "L1A", "proj:code": "EPSG:4326", "sci:doi": "10.57780/bio-bef83b4", "created": "2026-02-11T19:46:47Z", "published": "2026-02-11T08:50:27.631Z", "version": "01", "sar:observation_direction": "left", "sar:polarizations": [ "HH", "HV", "VH", "VV" ], "auth:schemes": { "s3": { "type": "s3" }, "oidc": { "openIdConnectUrl": "https://iam.ascend.icsgate.eu/realms/esa-maap/.well-known/openid-configuration", "type": "openIdConnect" } }, "sar:instrument_mode": "SM", "eofeos:orbit_drift_flag": false, "processing:datetime": "2026-02-11T19:46:47Z", "eofeos:mission_phase": "TOMOGRAPHIC", "updated": "2026-05-17T12:40:36Z", "sat:absolute_orbit": 4224, "product:acquisition_type": "nominal" } }, "geometry": { "type": "Polygon", "coordinates": [ [ [ -43.054577, -13.101996 ], [ -43.62601, -13.215315 ], [ -43.365948, -14.453946 ], [ -42.790833, -14.340844 ], [ -43.054577, -13.101996 ] ] ] } },
{ "type": "Feature", "properties": { "scene_id": "BIO_S1_SCS__1S_20260301T085037_20260301T085057_T_G01_M02_C07_T020_F300_01_DNLUV9", "product_name": "BIO_S1_SCS__1S_20260301T085037_20260301T085057_T_G01_M02_C07_T020_F300_01_DNLUV9", "collection": "BiomassLevel1a", "mode": "SCS", "track": "T020", "frame": "F300", "start_datetime": "2026-03-01T08:50:37.175Z", "end_datetime": "2026-03-01T08:50:57.570Z", "repeat_cycle": "7", "orbit_state": "ASCENDING", "raw_properties": { "processing:facility": "Biomass CPF", "product:type": "S1_SCS__1S", "eofeos:global_coverage_id": "1", "sat:anx_datetime": "2026-03-01T07:15:55.044Z", "platform": "Biomass", "eofeos:major_cycle_id": "2", "datetime": "2026-03-01T08:50:37.175Z", "instruments": [ "P-SAR" ], "constellation": "Biomass", "storage:schemes": { "biomass-pdgs-01": { "bucket": "biomass-pdgs-01", "description": "This endpoint provides access to EO data which is stored on the object storage of the ESA MAAP. See the [documentation](https://portal.maap.eo.esa.int/dataaccess/) for more information, including how to get credentials.", "type": "custom-s3", "title": "ESA MAAP S3", "region": "gra", "platform": "https://{bucket}.s3.{region}.io.cloud.ovh.net" } }, "eopf:datatake_id": "36771220", "processing:software": { "Biomass L1 Processor": "4.3.1" }, "eopf:instrument_configuration_id": 0, "grid:code": "WRS-20-300", "processing:level": "L1A", "proj:code": "EPSG:4326", "sci:doi": "10.57780/bio-bef83b4", "created": "2026-03-01T20:13:57Z", "published": "2026-03-01T08:50:57.570Z", "version": "01", "sar:observation_direction": "left", "sar:polarizations": [ "HH", "HV", "VH", "VV" ], "auth:schemes": { "s3": { "type": "s3" }, "oidc": { "openIdConnectUrl": "https://iam.ascend.icsgate.eu/realms/esa-maap/.well-known/openid-configuration", "type": "openIdConnect" } }, "sar:instrument_mode": "SM", "eofeos:orbit_drift_flag": false, "processing:datetime": "2026-03-01T20:13:57Z", "eofeos:mission_phase": "TOMOGRAPHIC", "updated": "2026-05-17T13:24:26Z", "sat:absolute_orbit": 4488, "product:acquisition_type": "nominal" } }, "geometry": { "type": "Polygon", "coordinates": [ [ [ -43.34251, -11.946835 ], [ -43.912212, -12.06066 ], [ -43.650555, -13.29911 ], [ -43.08012, -13.186047 ], [ -43.34251, -11.946835 ] ] ] } },
{ "type": "Feature", "properties": { "scene_id": "BIO_S1_SCS__1S_20260424T085505_20260424T085526_T_G01_M03_C01_T020_F300_02_DQDXG3", "product_name": "BIO_S1_SCS__1S_20260424T085505_20260424T085526_T_G01_M03_C01_T020_F300_02_DQDXG3", "collection": "BiomassLevel1a", "mode": "SCS", "track": "T020", "frame": "F300", "start_datetime": "2026-04-24T08:55:05.949Z", "end_datetime": "2026-04-24T08:55:26.344Z", "repeat_cycle": "1", "orbit_state": "ASCENDING", "raw_properties": { "processing:facility": "Biomass CPF", "product:type": "S1_SCS__1S", "eofeos:global_coverage_id": "1", "sat:anx_datetime": "2026-04-24T07:20:23.798Z", "platform": "Biomass", "eofeos:major_cycle_id": "3", "datetime": "2026-04-24T08:55:05.949Z", "instruments": [ "P-SAR" ], "constellation": "Biomass", "storage:schemes": { "biomass-pdgs-01": { "bucket": "biomass-pdgs-01", "description": "This endpoint provides access to EO data which is stored on the object storage of the ESA MAAP. See the [documentation](https://portal.maap.eo.esa.int/dataaccess/) for more information, including how to get credentials.", "type": "custom-s3", "title": "ESA MAAP S3", "region": "gra", "platform": "https://{bucket}.s3.{region}.io.cloud.ovh.net" } }, "eopf:datatake_id": "43259273", "processing:software": { "Biomass L1 Processor": "4.4.2" }, "eopf:instrument_configuration_id": 0, "grid:code": "WRS-20-300", "processing:level": "L1A", "proj:code": "EPSG:4326", "sci:doi": "10.57780/bio-bef83b4", "created": "2026-04-24T21:09:39Z", "published": "2026-04-24T08:55:26.344Z", "version": "02", "sar:observation_direction": "left", "sar:polarizations": [ "HH", "HV", "VH", "VV" ], "auth:schemes": { "s3": { "type": "s3" }, "oidc": { "openIdConnectUrl": "https://iam.ascend.icsgate.eu/realms/esa-maap/.well-known/openid-configuration", "type": "openIdConnect" } }, "sar:instrument_mode": "SM", "eofeos:orbit_drift_flag": false, "processing:datetime": "2026-04-24T21:09:39Z", "eofeos:mission_phase": "TOMOGRAPHIC", "updated": "2026-06-09T16:46:48Z", "sat:absolute_orbit": 5280, "product:acquisition_type": "nominal" } }, "geometry": { "type": "Polygon", "coordinates": [ [ [ -44.461205, -11.946749 ], [ -45.03392, -12.061197 ], [ -44.773197, -13.299807 ], [ -44.200768, -13.186331 ], [ -44.461205, -11.946749 ] ] ] } },
{ "type": "Feature", "properties": { "scene_id": "BIO_S1_SCS__1S_20260427T085507_20260427T085528_T_G01_M03_C02_T020_F300_02_DQJHJX", "product_name": "BIO_S1_SCS__1S_20260427T085507_20260427T085528_T_G01_M03_C02_T020_F300_02_DQJHJX", "collection": "BiomassLevel1a", "mode": "SCS", "track": "T020", "frame": "F300", "start_datetime": "2026-04-27T08:55:07.861Z", "end_datetime": "2026-04-27T08:55:28.256Z", "repeat_cycle": "2", "orbit_state": "ASCENDING", "raw_properties": { "processing:facility": "Biomass CPF", "product:type": "S1_SCS__1S", "eofeos:global_coverage_id": "1", "sat:anx_datetime": "2026-04-27T07:20:25.711Z", "platform": "Biomass", "eofeos:major_cycle_id": "3", "datetime": "2026-04-27T08:55:07.861Z", "instruments": [ "P-SAR" ], "constellation": "Biomass", "storage:schemes": { "biomass-pdgs-01": { "bucket": "biomass-pdgs-01", "description": "This endpoint provides access to EO data which is stored on the object storage of the ESA MAAP. See the [documentation](https://portal.maap.eo.esa.int/dataaccess/) for more information, including how to get credentials.", "type": "custom-s3", "title": "ESA MAAP S3", "region": "gra", "platform": "https://{bucket}.s3.{region}.io.cloud.ovh.net" } }, "eopf:datatake_id": "43619721", "processing:software": { "Biomass L1 Processor": "4.4.2" }, "eopf:instrument_configuration_id": 0, "grid:code": "WRS-20-300", "processing:level": "L1A", "proj:code": "EPSG:4326", "sci:doi": "10.57780/bio-bef83b4", "created": "2026-04-27T21:11:57Z", "published": "2026-04-27T08:55:28.256Z", "version": "02", "sar:observation_direction": "left", "sar:polarizations": [ "HH", "HV", "VH", "VV" ], "auth:schemes": { "s3": { "type": "s3" }, "oidc": { "openIdConnectUrl": "https://iam.ascend.icsgate.eu/realms/esa-maap/.well-known/openid-configuration", "type": "openIdConnect" } }, "sar:instrument_mode": "SM", "eofeos:orbit_drift_flag": false, "processing:datetime": "2026-04-27T21:11:57Z", "eofeos:mission_phase": "TOMOGRAPHIC", "updated": "2026-06-10T21:52:13Z", "sat:absolute_orbit": 5324, "product:acquisition_type": "nominal" } }, "geometry": { "type": "Polygon", "coordinates": [ [ [ -44.468178, -11.94664 ], [ -45.041157, -12.061135 ], [ -44.780315, -13.299716 ], [ -44.207108, -13.18609 ], [ -44.468178, -11.94664 ] ] ] } },
{ "type": "Feature", "properties": { "scene_id": "BIO_S1_SCS__1S_20260211T085045_20260211T085105_T_G01_M02_C01_T020_F301_01_DMOHKO", "product_name": "BIO_S1_SCS__1S_20260211T085045_20260211T085105_T_G01_M02_C01_T020_F301_01_DMOHKO", "collection": "BiomassLevel1a", "mode": "SCS", "track": "T020", "frame": "F301", "start_datetime": "2026-02-11T08:50:45.257Z", "end_datetime": "2026-02-11T08:51:05.652Z", "repeat_cycle": "1", "orbit_state": "ASCENDING", "raw_properties": { "processing:facility": "Biomass CPF", "product:type": "S1_SCS__1S", "eofeos:global_coverage_id": "1", "sat:anx_datetime": "2026-02-11T07:15:44.105Z", "platform": "Biomass", "eofeos:major_cycle_id": "2", "datetime": "2026-02-11T08:50:45.257Z", "instruments": [ "P-SAR" ], "constellation": "Biomass", "storage:schemes": { "biomass-pdgs-01": { "bucket": "biomass-pdgs-01", "description": "This endpoint provides access to EO data which is stored on the object storage of the ESA MAAP. See the [documentation](https://portal.maap.eo.esa.int/dataaccess/) for more information, including how to get credentials.", "type": "custom-s3", "title": "ESA MAAP S3", "region": "gra", "platform": "https://{bucket}.s3.{region}.io.cloud.ovh.net" } }, "eopf:datatake_id": "34608533", "processing:software": { "Biomass L1 Processor": "4.3.1" }, "eopf:instrument_configuration_id": 0, "grid:code": "WRS-20-301", "processing:level": "L1A", "proj:code": "EPSG:4326", "sci:doi": "10.57780/bio-bef83b4", "created": "2026-02-11T19:46:00Z", "published": "2026-02-11T08:51:05.652Z", "version": "01", "sar:observation_direction": "left", "sar:polarizations": [ "HH", "HV", "VH", "VV" ], "auth:schemes": { "s3": { "type": "s3" }, "oidc": { "openIdConnectUrl": "https://iam.ascend.icsgate.eu/realms/esa-maap/.well-known/openid-configuration", "type": "openIdConnect" } }, "sar:instrument_mode": "SM", "eofeos:orbit_drift_flag": false, "processing:datetime": "2026-02-11T19:46:00Z", "eofeos:mission_phase": "TOMOGRAPHIC", "updated": "2026-05-17T12:40:37Z", "sat:absolute_orbit": 4224, "product:acquisition_type": "nominal" } }, "geometry": { "type": "Polygon", "coordinates": [ [ [ -43.53999, -10.791059 ], [ -44.10691, -10.905155 ], [ -43.85058, -12.144726 ], [ -43.27546, -12.029881 ], [ -43.53999, -10.791059 ] ] ] } },
{ "type": "Feature", "properties": { "scene_id": "BIO_S1_SCS__1S_20260301T085056_20260301T085116_T_G01_M02_C07_T020_F301_01_DNLUUI", "product_name": "BIO_S1_SCS__1S_20260301T085056_20260301T085116_T_G01_M02_C07_T020_F301_01_DNLUUI", "collection": "BiomassLevel1a", "mode": "SCS", "track": "T020", "frame": "F301", "start_datetime": "2026-03-01T08:50:56.185Z", "end_datetime": "2026-03-01T08:51:16.579Z", "repeat_cycle": "7", "orbit_state": "ASCENDING", "raw_properties": { "processing:facility": "Biomass CPF", "product:type": "S1_SCS__1S", "eofeos:global_coverage_id": "1", "sat:anx_datetime": "2026-03-01T07:15:55.044Z", "platform": "Biomass", "eofeos:major_cycle_id": "2", "datetime": "2026-03-01T08:50:56.185Z", "instruments": [ "P-SAR" ], "constellation": "Biomass", "storage:schemes": { "biomass-pdgs-01": { "bucket": "biomass-pdgs-01", "description": "This endpoint provides access to EO data which is stored on the object storage of the ESA MAAP. See the [documentation](https://portal.maap.eo.esa.int/dataaccess/) for more information, including how to get credentials.", "type": "custom-s3", "title": "ESA MAAP S3", "region": "gra", "platform": "https://{bucket}.s3.{region}.io.cloud.ovh.net" } }, "eopf:datatake_id": "36771220", "processing:software": { "Biomass L1 Processor": "4.3.1" }, "eopf:instrument_configuration_id": 0, "grid:code": "WRS-20-301", "processing:level": "L1A", "proj:code": "EPSG:4326", "sci:doi": "10.57780/bio-bef83b4", "created": "2026-03-01T20:13:30Z", "published": "2026-03-01T08:51:16.579Z", "version": "01", "sar:observation_direction": "left", "sar:polarizations": [ "HH", "HV", "VH", "VV" ], "auth:schemes": { "s3": { "type": "s3" }, "oidc": { "openIdConnectUrl": "https://iam.ascend.icsgate.eu/realms/esa-maap/.well-known/openid-configuration", "type": "openIdConnect" } }, "sar:instrument_mode": "SM", "eofeos:orbit_drift_flag": false, "processing:datetime": "2026-03-01T20:13:30Z", "eofeos:mission_phase": "TOMOGRAPHIC", "updated": "2026-05-17T13:24:26Z", "sat:absolute_orbit": 4488, "product:acquisition_type": "nominal" } }, "geometry": { "type": "Polygon", "coordinates": [ [ [ -43.586304, -10.791661 ], [ -44.151863, -10.905484 ], [ -43.894188, -12.144763 ], [ -43.321, -12.0303 ], [ -43.586304, -10.791661 ] ] ] } },
{ "type": "Feature", "properties": { "scene_id": "BIO_S1_SCS__1S_20260424T085524_20260424T085545_T_G01_M03_C01_T020_F301_02_DQDXFR", "product_name": "BIO_S1_SCS__1S_20260424T085524_20260424T085545_T_G01_M03_C01_T020_F301_02_DQDXFR", "collection": "BiomassLevel1a", "mode": "SCS", "track": "T020", "frame": "F301", "start_datetime": "2026-04-24T08:55:24.960Z", "end_datetime": "2026-04-24T08:55:45.355Z", "repeat_cycle": "1", "orbit_state": "ASCENDING", "raw_properties": { "processing:facility": "Biomass CPF", "product:type": "S1_SCS__1S", "eofeos:global_coverage_id": "1", "sat:anx_datetime": "2026-04-24T07:20:23.798Z", "platform": "Biomass", "eofeos:major_cycle_id": "3", "datetime": "2026-04-24T08:55:24.960Z", "instruments": [ "P-SAR" ], "constellation": "Biomass", "storage:schemes": { "biomass-pdgs-01": { "bucket": "biomass-pdgs-01", "description": "This endpoint provides access to EO data which is stored on the object storage of the ESA MAAP. See the [documentation](https://portal.maap.eo.esa.int/dataaccess/) for more information, including how to get credentials.", "type": "custom-s3", "title": "ESA MAAP S3", "region": "gra", "platform": "https://{bucket}.s3.{region}.io.cloud.ovh.net" } }, "eopf:datatake_id": "43259273", "processing:software": { "Biomass L1 Processor": "4.4.2" }, "eopf:instrument_configuration_id": 0, "grid:code": "WRS-20-301", "processing:level": "L1A", "proj:code": "EPSG:4326", "sci:doi": "10.57780/bio-bef83b4", "created": "2026-04-24T21:09:27Z", "published": "2026-04-24T08:55:45.355Z", "version": "02", "sar:observation_direction": "left", "sar:polarizations": [ "HH", "HV", "VH", "VV" ], "auth:schemes": { "s3": { "type": "s3" }, "oidc": { "openIdConnectUrl": "https://iam.ascend.icsgate.eu/realms/esa-maap/.well-known/openid-configuration", "type": "openIdConnect" } }, "sar:instrument_mode": "SM", "eofeos:orbit_drift_flag": false, "processing:datetime": "2026-04-24T21:09:27Z", "eofeos:mission_phase": "TOMOGRAPHIC", "updated": "2026-06-09T16:46:49Z", "sat:absolute_orbit": 5280, "product:acquisition_type": "nominal" } }, "geometry": { "type": "Polygon", "coordinates": [ [ [ -44.70823, -10.792142 ], [ -45.274418, -10.906109 ], [ -45.009975, -12.144093 ], [ -44.44038, -12.030312 ], [ -44.70823, -10.792142 ] ] ] } },
{ "type": "Feature", "properties": { "scene_id": "BIO_S1_SCS__1S_20260427T085526_20260427T085547_T_G01_M03_C02_T020_F301_02_DQJHSB", "product_name": "BIO_S1_SCS__1S_20260427T085526_20260427T085547_T_G01_M03_C02_T020_F301_02_DQJHSB", "collection": "BiomassLevel1a", "mode": "SCS", "track": "T020", "frame": "F301", "start_datetime": "2026-04-27T08:55:26.872Z", "end_datetime": "2026-04-27T08:55:47.266Z", "repeat_cycle": "2", "orbit_state": "ASCENDING", "raw_properties": { "processing:facility": "Biomass CPF", "product:type": "S1_SCS__1S", "eofeos:global_coverage_id": "1", "sat:anx_datetime": "2026-04-27T07:20:25.711Z", "platform": "Biomass", "eofeos:major_cycle_id": "3", "datetime": "2026-04-27T08:55:26.872Z", "instruments": [ "P-SAR" ], "constellation": "Biomass", "storage:schemes": { "biomass-pdgs-01": { "bucket": "biomass-pdgs-01", "description": "This endpoint provides access to EO data which is stored on the object storage of the ESA MAAP. See the [documentation](https://portal.maap.eo.esa.int/dataaccess/) for more information, including how to get credentials.", "type": "custom-s3", "title": "ESA MAAP S3", "region": "gra", "platform": "https://{bucket}.s3.{region}.io.cloud.ovh.net" } }, "eopf:datatake_id": "43619721", "processing:software": { "Biomass L1 Processor": "4.4.2" }, "eopf:instrument_configuration_id": 0, "grid:code": "WRS-20-301", "processing:level": "L1A", "proj:code": "EPSG:4326", "sci:doi": "10.57780/bio-bef83b4", "created": "2026-04-27T21:16:59Z", "published": "2026-04-27T08:55:47.266Z", "version": "02", "sar:observation_direction": "left", "sar:polarizations": [ "HH", "HV", "VH", "VV" ], "auth:schemes": { "s3": { "type": "s3" }, "oidc": { "openIdConnectUrl": "https://iam.ascend.icsgate.eu/realms/esa-maap/.well-known/openid-configuration", "type": "openIdConnect" } }, "sar:instrument_mode": "SM", "eofeos:orbit_drift_flag": false, "processing:datetime": "2026-04-27T21:16:59Z", "eofeos:mission_phase": "TOMOGRAPHIC", "updated": "2026-06-10T21:52:13Z", "sat:absolute_orbit": 5324, "product:acquisition_type": "nominal" } }, "geometry": { "type": "Polygon", "coordinates": [ [ [ -44.715153, -10.792029 ], [ -45.281456, -10.906015 ], [ -45.0171, -12.144007 ], [ -44.447292, -12.030188 ], [ -44.715153, -10.792029 ] ] ] } },
{ "type": "Feature", "properties": { "scene_id": "BIO_S1_SCS__1S_20260301T085115_20260301T085135_T_G01_M02_C07_T020_F302_01_DNLUQR", "product_name": "BIO_S1_SCS__1S_20260301T085115_20260301T085135_T_G01_M02_C07_T020_F302_01_DNLUQR", "collection": "BiomassLevel1a", "mode": "SCS", "track": "T020", "frame": "F302", "start_datetime": "2026-03-01T08:51:15.195Z", "end_datetime": "2026-03-01T08:51:35.589Z", "repeat_cycle": "7", "orbit_state": "ASCENDING", "raw_properties": { "processing:facility": "Biomass CPF", "product:type": "S1_SCS__1S", "eofeos:global_coverage_id": "1", "sat:anx_datetime": "2026-03-01T07:15:55.044Z", "platform": "Biomass", "eofeos:major_cycle_id": "2", "datetime": "2026-03-01T08:51:15.195Z", "instruments": [ "P-SAR" ], "constellation": "Biomass", "storage:schemes": { "biomass-pdgs-01": { "bucket": "biomass-pdgs-01", "description": "This endpoint provides access to EO data which is stored on the object storage of the ESA MAAP. See the [documentation](https://portal.maap.eo.esa.int/dataaccess/) for more information, including how to get credentials.", "type": "custom-s3", "title": "ESA MAAP S3", "region": "gra", "platform": "https://{bucket}.s3.{region}.io.cloud.ovh.net" } }, "eopf:datatake_id": "36771220", "processing:software": { "Biomass L1 Processor": "4.3.1" }, "eopf:instrument_configuration_id": 0, "grid:code": "WRS-20-302", "processing:level": "L1A", "proj:code": "EPSG:4326", "sci:doi": "10.57780/bio-bef83b4", "created": "2026-03-01T20:11:15Z", "published": "2026-03-01T08:51:35.589Z", "version": "01", "sar:observation_direction": "left", "sar:polarizations": [ "HH", "HV", "VH", "VV" ], "auth:schemes": { "s3": { "type": "s3" }, "oidc": { "openIdConnectUrl": "https://iam.ascend.icsgate.eu/realms/esa-maap/.well-known/openid-configuration", "type": "openIdConnect" } }, "sar:instrument_mode": "SM", "eofeos:orbit_drift_flag": false, "processing:datetime": "2026-03-01T20:11:15Z", "eofeos:mission_phase": "TOMOGRAPHIC", "updated": "2026-05-17T13:24:27Z", "sat:absolute_orbit": 4488, "product:acquisition_type": "nominal" } }, "geometry": { "type": "Polygon", "coordinates": [ [ [ -43.83149, -9.636497 ], [ -44.390835, -9.749857 ], [ -44.131454, -10.988978 ], [ -43.565105, -10.875049 ], [ -43.83149, -9.636497 ] ] ] } },
{ "type": "Feature", "properties": { "scene_id": "BIO_S1_SCS__1S_20260424T085543_20260424T085604_T_G01_M03_C01_T020_F302_02_DQDXQ1", "product_name": "BIO_S1_SCS__1S_20260424T085543_20260424T085604_T_G01_M03_C01_T020_F302_02_DQDXQ1", "collection": "BiomassLevel1a", "mode": "SCS", "track": "T020", "frame": "F302", "start_datetime": "2026-04-24T08:55:43.970Z", "end_datetime": "2026-04-24T08:56:04.364Z", "repeat_cycle": "1", "orbit_state": "ASCENDING", "raw_properties": { "processing:facility": "Biomass CPF", "product:type": "S1_SCS__1S", "eofeos:global_coverage_id": "1", "sat:anx_datetime": "2026-04-24T07:20:23.798Z", "platform": "Biomass", "eofeos:major_cycle_id": "3", "datetime": "2026-04-24T08:55:43.970Z", "instruments": [ "P-SAR" ], "constellation": "Biomass", "storage:schemes": { "biomass-pdgs-01": { "bucket": "biomass-pdgs-01", "description": "This endpoint provides access to EO data which is stored on the object storage of the ESA MAAP. See the [documentation](https://portal.maap.eo.esa.int/dataaccess/) for more information, including how to get credentials.", "type": "custom-s3", "title": "ESA MAAP S3", "region": "gra", "platform": "https://{bucket}.s3.{region}.io.cloud.ovh.net" } }, "eopf:datatake_id": "43259273", "processing:software": { "Biomass L1 Processor": "4.4.2" }, "eopf:instrument_configuration_id": 0, "grid:code": "WRS-20-302", "processing:level": "L1A", "proj:code": "EPSG:4326", "sci:doi": "10.57780/bio-bef83b4", "created": "2026-04-24T21:15:37Z", "published": "2026-04-24T08:56:04.364Z", "version": "02", "sar:observation_direction": "left", "sar:polarizations": [ "HH", "HV", "VH", "VV" ], "auth:schemes": { "s3": { "type": "s3" }, "oidc": { "openIdConnectUrl": "https://iam.ascend.icsgate.eu/realms/esa-maap/.well-known/openid-configuration", "type": "openIdConnect" } }, "sar:instrument_mode": "SM", "eofeos:orbit_drift_flag": false, "processing:datetime": "2026-04-24T21:15:37Z", "eofeos:mission_phase": "TOMOGRAPHIC", "updated": "2026-06-09T16:46:48Z", "sat:absolute_orbit": 5280, "product:acquisition_type": "nominal" } }, "geometry": { "type": "Polygon", "coordinates": [ [ [ -44.943626, -9.635077 ], [ -45.508472, -9.749582 ], [ -45.251972, -10.98926 ], [ -44.684673, -10.875117 ], [ -44.943626, -9.635077 ] ] ] } },
{ "type": "Feature", "properties": { "scene_id": "BIO_S1_SCS__1S_20260427T085545_20260427T085606_T_G01_M03_C02_T020_F302_02_DQJHRH", "product_name": "BIO_S1_SCS__1S_20260427T085545_20260427T085606_T_G01_M03_C02_T020_F302_02_DQJHRH", "collection": "BiomassLevel1a", "mode": "SCS", "track": "T020", "frame": "F302", "start_datetime": "2026-04-27T08:55:45.880Z", "end_datetime": "2026-04-27T08:56:06.274Z", "repeat_cycle": "2", "orbit_state": "ASCENDING", "raw_properties": { "processing:facility": "Biomass CPF", "product:type": "S1_SCS__1S", "eofeos:global_coverage_id": "1", "sat:anx_datetime": "2026-04-27T07:20:25.711Z", "platform": "Biomass", "eofeos:major_cycle_id": "3", "datetime": "2026-04-27T08:55:45.880Z", "instruments": [ "P-SAR" ], "constellation": "Biomass", "storage:schemes": { "biomass-pdgs-01": { "bucket": "biomass-pdgs-01", "description": "This endpoint provides access to EO data which is stored on the object storage of the ESA MAAP. See the [documentation](https://portal.maap.eo.esa.int/dataaccess/) for more information, including how to get credentials.", "type": "custom-s3", "title": "ESA MAAP S3", "region": "gra", "platform": "https://{bucket}.s3.{region}.io.cloud.ovh.net" } }, "eopf:datatake_id": "43619721", "processing:software": { "Biomass L1 Processor": "4.4.2" }, "eopf:instrument_configuration_id": 0, "grid:code": "WRS-20-302", "processing:level": "L1A", "proj:code": "EPSG:4326", "sci:doi": "10.57780/bio-bef83b4", "created": "2026-04-27T21:16:29Z", "published": "2026-04-27T08:56:06.274Z", "version": "02", "sar:observation_direction": "left", "sar:polarizations": [ "HH", "HV", "VH", "VV" ], "auth:schemes": { "s3": { "type": "s3" }, "oidc": { "openIdConnectUrl": "https://iam.ascend.icsgate.eu/realms/esa-maap/.well-known/openid-configuration", "type": "openIdConnect" } }, "sar:instrument_mode": "SM", "eofeos:orbit_drift_flag": false, "processing:datetime": "2026-04-27T21:16:29Z", "eofeos:mission_phase": "TOMOGRAPHIC", "updated": "2026-06-10T21:52:13Z", "sat:absolute_orbit": 5324, "product:acquisition_type": "nominal" } }, "geometry": { "type": "Polygon", "coordinates": [ [ [ -44.951046, -9.635133 ], [ -45.51544, -9.749541 ], [ -45.258858, -10.989194 ], [ -44.692173, -10.87518 ], [ -44.951046, -9.635133 ] ] ] } },
{ "type": "Feature", "properties": { "scene_id": "BIO_S1_SCS__1S_20260509T085553_20260509T085614_T_G01_M03_C06_T020_F302_02_DR674H", "product_name": "BIO_S1_SCS__1S_20260509T085553_20260509T085614_T_G01_M03_C06_T020_F302_02_DR674H", "collection": "BiomassLevel1a", "mode": "SCS", "track": "T020", "frame": "F302", "start_datetime": "2026-05-09T08:55:53.639Z", "end_datetime": "2026-05-09T08:56:14.033Z", "repeat_cycle": "6", "orbit_state": "ASCENDING", "raw_properties": { "processing:facility": "Biomass CPF", "product:type": "S1_SCS__1S", "eofeos:global_coverage_id": "1", "sat:anx_datetime": "2026-05-09T07:20:33.469Z", "platform": "Biomass", "eofeos:major_cycle_id": "3", "datetime": "2026-05-09T08:55:53.639Z", "instruments": [ "P-SAR" ], "constellation": "Biomass", "storage:schemes": { "biomass-pdgs-01": { "bucket": "biomass-pdgs-01", "description": "This endpoint provides access to EO data which is stored on the object storage of the ESA MAAP. See the [documentation](https://portal.maap.eo.esa.int/dataaccess/) for more information, including how to get credentials.", "type": "custom-s3", "title": "ESA MAAP S3", "region": "gra", "platform": "https://{bucket}.s3.{region}.io.cloud.ovh.net" } }, "eopf:datatake_id": "45061506", "processing:software": { "Biomass L1 Processor": "4.4.3" }, "eopf:instrument_configuration_id": 0, "grid:code": "WRS-20-302", "processing:level": "L1A", "proj:code": "EPSG:4326", "sci:doi": "10.57780/bio-bef83b4", "created": "2026-05-10T03:31:29Z", "published": "2026-05-09T08:56:14.033Z", "version": "02", "sar:observation_direction": "left", "sar:polarizations": [ "HH", "HV", "VH", "VV" ], "auth:schemes": { "s3": { "type": "s3" }, "oidc": { "openIdConnectUrl": "https://iam.ascend.icsgate.eu/realms/esa-maap/.well-known/openid-configuration", "type": "openIdConnect" } }, "sar:instrument_mode": "SM", "eofeos:orbit_drift_flag": false, "processing:datetime": "2026-05-10T03:31:29Z", "eofeos:mission_phase": "TOMOGRAPHIC", "updated": "2026-06-10T22:41:41Z", "sat:absolute_orbit": 5500, "product:acquisition_type": "nominal" } }, "geometry": { "type": "Polygon", "coordinates": [ [ [ -44.98429, -9.635187 ], [ -45.547417, -9.749344 ], [ -45.291004, -10.989026 ], [ -44.724697, -10.875081 ], [ -44.98429, -9.635187 ] ] ] } },
{ "type": "Feature", "properties": { "scene_id": "BIO_S1_SCS__1S_20260301T085134_20260301T085154_T_G01_M02_C07_T020_F303_01_DNLUQQ", "product_name": "BIO_S1_SCS__1S_20260301T085134_20260301T085154_T_G01_M02_C07_T020_F303_01_DNLUQQ", "collection": "BiomassLevel1a", "mode": "SCS", "track": "T020", "frame": "F303", "start_datetime": "2026-03-01T08:51:34.203Z", "end_datetime": "2026-03-01T08:51:54.595Z", "repeat_cycle": "7", "orbit_state": "ASCENDING", "raw_properties": { "processing:facility": "Biomass CPF", "product:type": "S1_SCS__1S", "eofeos:global_coverage_id": "1", "sat:anx_datetime": "2026-03-01T07:15:55.044Z", "platform": "Biomass", "eofeos:major_cycle_id": "2", "datetime": "2026-03-01T08:51:34.203Z", "instruments": [ "P-SAR" ], "constellation": "Biomass", "storage:schemes": { "biomass-pdgs-01": { "bucket": "biomass-pdgs-01", "description": "This endpoint provides access to EO data which is stored on the object storage of the ESA MAAP. See the [documentation](https://portal.maap.eo.esa.int/dataaccess/) for more information, including how to get credentials.", "type": "custom-s3", "title": "ESA MAAP S3", "region": "gra", "platform": "https://{bucket}.s3.{region}.io.cloud.ovh.net" } }, "eopf:datatake_id": "36771220", "processing:software": { "Biomass L1 Processor": "4.3.1" }, "eopf:instrument_configuration_id": 0, "grid:code": "WRS-20-303", "processing:level": "L1A", "proj:code": "EPSG:4326", "sci:doi": "10.57780/bio-bef83b4", "created": "2026-03-01T20:11:14Z", "published": "2026-03-01T08:51:54.595Z", "version": "01", "sar:observation_direction": "left", "sar:polarizations": [ "HH", "HV", "VH", "VV" ], "auth:schemes": { "s3": { "type": "s3" }, "oidc": { "openIdConnectUrl": "https://iam.ascend.icsgate.eu/realms/esa-maap/.well-known/openid-configuration", "type": "openIdConnect" } }, "sar:instrument_mode": "SM", "eofeos:orbit_drift_flag": false, "processing:datetime": "2026-03-01T20:11:14Z", "eofeos:mission_phase": "TOMOGRAPHIC", "updated": "2026-05-17T13:24:27Z", "sat:absolute_orbit": 4488, "product:acquisition_type": "nominal" } }, "geometry": { "type": "Polygon", "coordinates": [ [ [ -44.06652, -8.479338 ], [ -44.63227, -8.594762 ], [ -44.37302, -9.834023 ], [ -43.80829, -9.719629 ], [ -44.06652, -8.479338 ] ] ] } },
{ "type": "Feature", "properties": { "scene_id": "BIO_S1_SCS__1S_20260424T085602_20260424T085623_T_G01_M03_C01_T020_F303_02_DQDXQF", "product_name": "BIO_S1_SCS__1S_20260424T085602_20260424T085623_T_G01_M03_C01_T020_F303_02_DQDXQF", "collection": "BiomassLevel1a", "mode": "SCS", "track": "T020", "frame": "F303", "start_datetime": "2026-04-24T08:56:02.979Z", "end_datetime": "2026-04-24T08:56:23.371Z", "repeat_cycle": "1", "orbit_state": "ASCENDING", "raw_properties": { "processing:facility": "Biomass CPF", "product:type": "S1_SCS__1S", "eofeos:global_coverage_id": "1", "sat:anx_datetime": "2026-04-24T07:20:23.798Z", "platform": "Biomass", "eofeos:major_cycle_id": "3", "datetime": "2026-04-24T08:56:02.979Z", "instruments": [ "P-SAR" ], "constellation": "Biomass", "storage:schemes": { "biomass-pdgs-01": { "bucket": "biomass-pdgs-01", "description": "This endpoint provides access to EO data which is stored on the object storage of the ESA MAAP. See the [documentation](https://portal.maap.eo.esa.int/dataaccess/) for more information, including how to get credentials.", "type": "custom-s3", "title": "ESA MAAP S3", "region": "gra", "platform": "https://{bucket}.s3.{region}.io.cloud.ovh.net" } }, "eopf:datatake_id": "43259273", "processing:software": { "Biomass L1 Processor": "4.4.2" }, "eopf:instrument_configuration_id": 0, "grid:code": "WRS-20-303", "processing:level": "L1A", "proj:code": "EPSG:4326", "sci:doi": "10.57780/bio-bef83b4", "created": "2026-04-24T21:15:51Z", "published": "2026-04-24T08:56:23.371Z", "version": "02", "sar:observation_direction": "left", "sar:polarizations": [ "HH", "HV", "VH", "VV" ], "auth:schemes": { "s3": { "type": "s3" }, "oidc": { "openIdConnectUrl": "https://iam.ascend.icsgate.eu/realms/esa-maap/.well-known/openid-configuration", "type": "openIdConnect" } }, "sar:instrument_mode": "SM", "eofeos:orbit_drift_flag": false, "processing:datetime": "2026-04-24T21:15:51Z", "eofeos:mission_phase": "TOMOGRAPHIC", "updated": "2026-06-09T16:46:49Z", "sat:absolute_orbit": 5280, "product:acquisition_type": "nominal" } }, "geometry": { "type": "Polygon", "coordinates": [ [ [ -45.189316, -8.480059 ], [ -45.745995, -8.593669 ], [ -45.487347, -9.833042 ], [ -44.92625, -9.719348 ], [ -45.189316, -8.480059 ] ] ] } },
{ "type": "Feature", "properties": { "scene_id": "BIO_S1_SCS__1S_20260427T085604_20260427T085625_T_G01_M03_C02_T020_F303_02_DQJHV1", "product_name": "BIO_S1_SCS__1S_20260427T085604_20260427T085625_T_G01_M03_C02_T020_F303_02_DQJHV1", "collection": "BiomassLevel1a", "mode": "SCS", "track": "T020", "frame": "F303", "start_datetime": "2026-04-27T08:56:04.889Z", "end_datetime": "2026-04-27T08:56:25.282Z", "repeat_cycle": "2", "orbit_state": "ASCENDING", "raw_properties": { "processing:facility": "Biomass CPF", "product:type": "S1_SCS__1S", "eofeos:global_coverage_id": "1", "sat:anx_datetime": "2026-04-27T07:20:25.711Z", "platform": "Biomass", "eofeos:major_cycle_id": "3", "datetime": "2026-04-27T08:56:04.889Z", "instruments": [ "P-SAR" ], "constellation": "Biomass", "storage:schemes": { "biomass-pdgs-01": { "bucket": "biomass-pdgs-01", "description": "This endpoint provides access to EO data which is stored on the object storage of the ESA MAAP. See the [documentation](https://portal.maap.eo.esa.int/dataaccess/) for more information, including how to get credentials.", "type": "custom-s3", "title": "ESA MAAP S3", "region": "gra", "platform": "https://{bucket}.s3.{region}.io.cloud.ovh.net" } }, "eopf:datatake_id": "43619721", "processing:software": { "Biomass L1 Processor": "4.4.2" }, "eopf:instrument_configuration_id": 0, "grid:code": "WRS-20-303", "processing:level": "L1A", "proj:code": "EPSG:4326", "sci:doi": "10.57780/bio-bef83b4", "created": "2026-04-27T21:18:37Z", "published": "2026-04-27T08:56:25.282Z", "version": "02", "sar:observation_direction": "left", "sar:polarizations": [ "HH", "HV", "VH", "VV" ], "auth:schemes": { "s3": { "type": "s3" }, "oidc": { "openIdConnectUrl": "https://iam.ascend.icsgate.eu/realms/esa-maap/.well-known/openid-configuration", "type": "openIdConnect" } }, "sar:instrument_mode": "SM", "eofeos:orbit_drift_flag": false, "processing:datetime": "2026-04-27T21:18:37Z", "eofeos:mission_phase": "TOMOGRAPHIC", "updated": "2026-06-10T21:52:13Z", "sat:absolute_orbit": 5324, "product:acquisition_type": "nominal" } }, "geometry": { "type": "Polygon", "coordinates": [ [ [ -45.196514, -8.480075 ], [ -45.753445, -8.59373 ], [ -45.49453, -9.833042 ], [ -44.9331, -9.719286 ], [ -45.196514, -8.480075 ] ] ] } },
{ "type": "Feature", "properties": { "scene_id": "BIO_S1_SCS__1S_20260509T085612_20260509T085633_T_G01_M03_C06_T020_F303_02_DR674T", "product_name": "BIO_S1_SCS__1S_20260509T085612_20260509T085633_T_G01_M03_C06_T020_F303_02_DR674T", "collection": "BiomassLevel1a", "mode": "SCS", "track": "T020", "frame": "F303", "start_datetime": "2026-05-09T08:56:12.649Z", "end_datetime": "2026-05-09T08:56:33.043Z", "repeat_cycle": "6", "orbit_state": "ASCENDING", "raw_properties": { "processing:facility": "Biomass CPF", "product:type": "S1_SCS__1S", "eofeos:global_coverage_id": "1", "sat:anx_datetime": "2026-05-09T07:20:33.469Z", "platform": "Biomass", "eofeos:major_cycle_id": "3", "datetime": "2026-05-09T08:56:12.649Z", "instruments": [ "P-SAR" ], "constellation": "Biomass", "storage:schemes": { "biomass-pdgs-01": { "bucket": "biomass-pdgs-01", "description": "This endpoint provides access to EO data which is stored on the object storage of the ESA MAAP. See the [documentation](https://portal.maap.eo.esa.int/dataaccess/) for more information, including how to get credentials.", "type": "custom-s3", "title": "ESA MAAP S3", "region": "gra", "platform": "https://{bucket}.s3.{region}.io.cloud.ovh.net" } }, "eopf:datatake_id": "45061506", "processing:software": { "Biomass L1 Processor": "4.4.3" }, "eopf:instrument_configuration_id": 0, "grid:code": "WRS-20-303", "processing:level": "L1A", "proj:code": "EPSG:4326", "sci:doi": "10.57780/bio-bef83b4", "created": "2026-05-10T03:31:41Z", "published": "2026-05-09T08:56:33.043Z", "version": "02", "sar:observation_direction": "left", "sar:polarizations": [ "HH", "HV", "VH", "VV" ], "auth:schemes": { "s3": { "type": "s3" }, "oidc": { "openIdConnectUrl": "https://iam.ascend.icsgate.eu/realms/esa-maap/.well-known/openid-configuration", "type": "openIdConnect" } }, "sar:instrument_mode": "SM", "eofeos:orbit_drift_flag": false, "processing:datetime": "2026-05-10T03:31:41Z", "eofeos:mission_phase": "TOMOGRAPHIC", "updated": "2026-06-10T22:41:41Z", "sat:absolute_orbit": 5500, "product:acquisition_type": "nominal" } }, "geometry": { "type": "Polygon", "coordinates": [ [ [ -45.229084, -8.479874 ], [ -45.785126, -8.593354 ], [ -45.52805, -9.833091 ], [ -44.96412, -9.718825 ], [ -45.229084, -8.479874 ] ] ] } },
{ "type": "Feature", "properties": { "scene_id": "BIO_S1_SCS__1S_20251201T084704_20251201T084724_T_G01_M01_C04_T020_F304_01_DO0IBW", "product_name": "BIO_S1_SCS__1S_20251201T084704_20251201T084724_T_G01_M01_C04_T020_F304_01_DO0IBW", "collection": "BiomassLevel1a", "mode": "SCS", "track": "T020", "frame": "F304", "start_datetime": "2025-12-01T08:47:04.227Z", "end_datetime": "2025-12-01T08:47:24.618Z", "repeat_cycle": "4", "orbit_state": "ASCENDING", "raw_properties": { "processing:facility": "Biomass CPF", "product:type": "S1_SCS__1S", "eofeos:global_coverage_id": "1", "sat:anx_datetime": "2025-12-01T07:11:06.061Z", "platform": "Biomass", "eofeos:major_cycle_id": "1", "datetime": "2025-12-01T08:47:04.227Z", "instruments": [ "P-SAR" ], "constellation": "Biomass", "storage:schemes": { "biomass-pdgs-01": { "bucket": "biomass-pdgs-01", "description": "This endpoint provides access to EO data which is stored on the object storage of the ESA MAAP. See the [documentation](https://portal.maap.eo.esa.int/dataaccess/) for more information, including how to get credentials.", "type": "custom-s3", "title": "ESA MAAP S3", "region": "gra", "platform": "https://{bucket}.s3.{region}.io.cloud.ovh.net" } }, "eopf:datatake_id": "25957801", "processing:software": { "Biomass L1 Processor": "4.3.1" }, "eopf:instrument_configuration_id": 0, "grid:code": "WRS-20-304", "processing:level": "L1A", "proj:code": "EPSG:4326", "sci:doi": "10.57780/bio-bef83b4", "created": "2026-03-09T18:07:08Z", "published": "2025-12-01T08:47:24.618Z", "version": "01", "sar:observation_direction": "left", "sar:polarizations": [ "HH", "HV", "VH", "VV" ], "auth:schemes": { "s3": { "type": "s3" }, "oidc": { "openIdConnectUrl": "https://iam.ascend.icsgate.eu/realms/esa-maap/.well-known/openid-configuration", "type": "openIdConnect" } }, "sar:instrument_mode": "SM", "eofeos:orbit_drift_flag": false, "processing:datetime": "2026-03-09T18:07:08Z", "eofeos:mission_phase": "TOMOGRAPHIC", "updated": "2026-05-17T10:12:38Z", "sat:absolute_orbit": 3168, "product:acquisition_type": "nominal" } }, "geometry": { "type": "Polygon", "coordinates": [ [ [ -43.090645, -7.323337 ], [ -43.647636, -7.437688 ], [ -43.39471, -8.678379 ], [ -42.834026, -8.564067 ], [ -43.090645, -7.323337 ] ] ] } },
{ "type": "Feature", "properties": { "scene_id": "BIO_S1_SCS__1S_20260301T085153_20260301T085213_T_G01_M02_C07_T020_F304_01_DNLUTE", "product_name": "BIO_S1_SCS__1S_20260301T085153_20260301T085213_T_G01_M02_C07_T020_F304_01_DNLUTE", "collection": "BiomassLevel1a", "mode": "SCS", "track": "T020", "frame": "F304", "start_datetime": "2026-03-01T08:51:53.211Z", "end_datetime": "2026-03-01T08:52:13.603Z", "repeat_cycle": "7", "orbit_state": "ASCENDING", "raw_properties": { "processing:facility": "Biomass CPF", "product:type": "S1_SCS__1S", "eofeos:global_coverage_id": "1", "sat:anx_datetime": "2026-03-01T07:15:55.044Z", "platform": "Biomass", "eofeos:major_cycle_id": "2", "datetime": "2026-03-01T08:51:53.211Z", "instruments": [ "P-SAR" ], "constellation": "Biomass", "storage:schemes": { "biomass-pdgs-01": { "bucket": "biomass-pdgs-01", "description": "This endpoint provides access to EO data which is stored on the object storage of the ESA MAAP. See the [documentation](https://portal.maap.eo.esa.int/dataaccess/) for more information, including how to get credentials.", "type": "custom-s3", "title": "ESA MAAP S3", "region": "gra", "platform": "https://{bucket}.s3.{region}.io.cloud.ovh.net" } }, "eopf:datatake_id": "36771220", "processing:software": { "Biomass L1 Processor": "4.3.1" }, "eopf:instrument_configuration_id": 0, "grid:code": "WRS-20-304", "processing:level": "L1A", "proj:code": "EPSG:4326", "sci:doi": "10.57780/bio-bef83b4", "created": "2026-03-01T20:12:50Z", "published": "2026-03-01T08:52:13.603Z", "version": "01", "sar:observation_direction": "left", "sar:polarizations": [ "HH", "HV", "VH", "VV" ], "auth:schemes": { "s3": { "type": "s3" }, "oidc": { "openIdConnectUrl": "https://iam.ascend.icsgate.eu/realms/esa-maap/.well-known/openid-configuration", "type": "openIdConnect" } }, "sar:instrument_mode": "SM", "eofeos:orbit_drift_flag": false, "processing:datetime": "2026-03-01T20:12:50Z", "eofeos:mission_phase": "TOMOGRAPHIC", "updated": "2026-05-17T13:24:27Z", "sat:absolute_orbit": 4488, "product:acquisition_type": "nominal" } }, "geometry": { "type": "Polygon", "coordinates": [ [ [ -44.30795, -7.323307 ], [ -44.867634, -7.438235 ], [ -44.612473, -8.678453 ], [ -44.04663, -8.563062 ], [ -44.30795, -7.323307 ] ] ] } },
{ "type": "Feature", "properties": { "scene_id": "BIO_S1_SCS__1S_20260424T085621_20260424T085642_T_G01_M03_C01_T020_F304_02_DQDXFQ", "product_name": "BIO_S1_SCS__1S_20260424T085621_20260424T085642_T_G01_M03_C01_T020_F304_02_DQDXFQ", "collection": "BiomassLevel1a", "mode": "SCS", "track": "T020", "frame": "F304", "start_datetime": "2026-04-24T08:56:21.986Z", "end_datetime": "2026-04-24T08:56:42.377Z", "repeat_cycle": "1", "orbit_state": "ASCENDING", "raw_properties": { "processing:facility": "Biomass CPF", "product:type": "S1_SCS__1S", "eofeos:global_coverage_id": "1", "sat:anx_datetime": "2026-04-24T07:20:23.798Z", "platform": "Biomass", "eofeos:major_cycle_id": "3", "datetime": "2026-04-24T08:56:21.986Z", "instruments": [ "P-SAR" ], "constellation": "Biomass", "storage:schemes": { "biomass-pdgs-01": { "bucket": "biomass-pdgs-01", "description": "This endpoint provides access to EO data which is stored on the object storage of the ESA MAAP. See the [documentation](https://portal.maap.eo.esa.int/dataaccess/) for more information, including how to get credentials.", "type": "custom-s3", "title": "ESA MAAP S3", "region": "gra", "platform": "https://{bucket}.s3.{region}.io.cloud.ovh.net" } }, "eopf:datatake_id": "43259273", "processing:software": { "Biomass L1 Processor": "4.4.2" }, "eopf:instrument_configuration_id": 0, "grid:code": "WRS-20-304", "processing:level": "L1A", "proj:code": "EPSG:4326", "sci:doi": "10.57780/bio-bef83b4", "created": "2026-04-24T21:09:26Z", "published": "2026-04-24T08:56:42.377Z", "version": "02", "sar:observation_direction": "left", "sar:polarizations": [ "HH", "HV", "VH", "VV" ], "auth:schemes": { "s3": { "type": "s3" }, "oidc": { "openIdConnectUrl": "https://iam.ascend.icsgate.eu/realms/esa-maap/.well-known/openid-configuration", "type": "openIdConnect" } }, "sar:instrument_mode": "SM", "eofeos:orbit_drift_flag": false, "processing:datetime": "2026-04-24T21:09:26Z", "eofeos:mission_phase": "TOMOGRAPHIC", "updated": "2026-06-09T16:46:49Z", "sat:absolute_orbit": 5280, "product:acquisition_type": "nominal" } }, "geometry": { "type": "Polygon", "coordinates": [ [ [ -45.42663, -7.323266 ], [ -45.98465, -7.437884 ], [ -45.729115, -8.678011 ], [ -45.168777, -8.563711 ], [ -45.42663, -7.323266 ] ] ] } },
{ "type": "Feature", "properties": { "scene_id": "BIO_S1_SCS__1S_20260430T085625_20260430T085646_T_G01_M03_C03_T020_F304_02_DQP7NZ", "product_name": "BIO_S1_SCS__1S_20260430T085625_20260430T085646_T_G01_M03_C03_T020_F304_02_DQP7NZ", "collection": "BiomassLevel1a", "mode": "SCS", "track": "T020", "frame": "F304", "start_datetime": "2026-04-30T08:56:25.836Z", "end_datetime": "2026-04-30T08:56:46.228Z", "repeat_cycle": "3", "orbit_state": "ASCENDING", "raw_properties": { "processing:facility": "Biomass CPF", "product:type": "S1_SCS__1S", "eofeos:global_coverage_id": "1", "sat:anx_datetime": "2026-04-30T07:20:27.648Z", "platform": "Biomass", "eofeos:major_cycle_id": "3", "datetime": "2026-04-30T08:56:25.836Z", "instruments": [ "P-SAR" ], "constellation": "Biomass", "storage:schemes": { "biomass-pdgs-01": { "bucket": "biomass-pdgs-01", "description": "This endpoint provides access to EO data which is stored on the object storage of the ESA MAAP. See the [documentation](https://portal.maap.eo.esa.int/dataaccess/) for more information, including how to get credentials.", "type": "custom-s3", "title": "ESA MAAP S3", "region": "gra", "platform": "https://{bucket}.s3.{region}.io.cloud.ovh.net" } }, "eopf:datatake_id": "43980169", "processing:software": { "Biomass L1 Processor": "4.4.2" }, "eopf:instrument_configuration_id": 0, "grid:code": "WRS-20-304", "processing:level": "L1A", "proj:code": "EPSG:4326", "sci:doi": "10.57780/bio-bef83b4", "created": "2026-04-30T23:23:59Z", "published": "2026-04-30T08:56:46.228Z", "version": "02", "sar:observation_direction": "left", "sar:polarizations": [ "HH", "HV", "VH", "VV" ], "auth:schemes": { "s3": { "type": "s3" }, "oidc": { "openIdConnectUrl": "https://iam.ascend.icsgate.eu/realms/esa-maap/.well-known/openid-configuration", "type": "openIdConnect" } }, "sar:instrument_mode": "SM", "eofeos:orbit_drift_flag": false, "processing:datetime": "2026-04-30T23:23:59Z", "eofeos:mission_phase": "TOMOGRAPHIC", "updated": "2026-06-10T22:05:28Z", "sat:absolute_orbit": 5368, "product:acquisition_type": "nominal" } }, "geometry": { "type": "Polygon", "coordinates": [ [ [ -45.441723, -7.323236 ], [ -46.000122, -7.437915 ], [ -45.744633, -8.678055 ], [ -45.184486, -8.56381 ], [ -45.441723, -7.323236 ] ] ] } },
{ "type": "Feature", "properties": { "scene_id": "BIO_S1_SCS__1S_20260301T085212_20260301T085232_T_G01_M02_C07_T020_F305_01_DNLUQ8", "product_name": "BIO_S1_SCS__1S_20260301T085212_20260301T085232_T_G01_M02_C07_T020_F305_01_DNLUQ8", "collection": "BiomassLevel1a", "mode": "SCS", "track": "T020", "frame": "F305", "start_datetime": "2026-03-01T08:52:12.216Z", "end_datetime": "2026-03-01T08:52:32.607Z", "repeat_cycle": "7", "orbit_state": "ASCENDING", "raw_properties": { "processing:facility": "Biomass CPF", "product:type": "S1_SCS__1S", "eofeos:global_coverage_id": "1", "sat:anx_datetime": "2026-03-01T07:15:55.044Z", "platform": "Biomass", "eofeos:major_cycle_id": "2", "datetime": "2026-03-01T08:52:12.216Z", "instruments": [ "P-SAR" ], "constellation": "Biomass", "storage:schemes": { "biomass-pdgs-01": { "bucket": "biomass-pdgs-01", "description": "This endpoint provides access to EO data which is stored on the object storage of the ESA MAAP. See the [documentation](https://portal.maap.eo.esa.int/dataaccess/) for more information, including how to get credentials.", "type": "custom-s3", "title": "ESA MAAP S3", "region": "gra", "platform": "https://{bucket}.s3.{region}.io.cloud.ovh.net" } }, "eopf:datatake_id": "36771220", "processing:software": { "Biomass L1 Processor": "4.3.1" }, "eopf:instrument_configuration_id": 0, "grid:code": "WRS-20-305", "processing:level": "L1A", "proj:code": "EPSG:4326", "sci:doi": "10.57780/bio-bef83b4", "created": "2026-03-01T20:10:56Z", "published": "2026-03-01T08:52:32.607Z", "version": "01", "sar:observation_direction": "left", "sar:polarizations": [ "HH", "HV", "VH", "VV" ], "auth:schemes": { "s3": { "type": "s3" }, "oidc": { "openIdConnectUrl": "https://iam.ascend.icsgate.eu/realms/esa-maap/.well-known/openid-configuration", "type": "openIdConnect" } }, "sar:instrument_mode": "SM", "eofeos:orbit_drift_flag": false, "processing:datetime": "2026-03-01T20:10:56Z", "eofeos:mission_phase": "TOMOGRAPHIC", "updated": "2026-05-17T13:24:27Z", "sat:absolute_orbit": 4488, "product:acquisition_type": "nominal" } }, "geometry": { "type": "Polygon", "coordinates": [ [ [ -44.55187, -6.167841 ], [ -45.106434, -6.282421 ], [ -44.84851, -7.522217 ], [ -44.289898, -7.407559 ], [ -44.55187, -6.167841 ] ] ] } },
{ "type": "Feature", "properties": { "scene_id": "BIO_S1_SCS__1S_20260424T085640_20260424T085701_T_G01_M03_C01_T020_F305_02_DQDXS8", "product_name": "BIO_S1_SCS__1S_20260424T085640_20260424T085701_T_G01_M03_C01_T020_F305_02_DQDXS8", "collection": "BiomassLevel1a", "mode": "SCS", "track": "T020", "frame": "F305", "start_datetime": "2026-04-24T08:56:40.992Z", "end_datetime": "2026-04-24T08:57:01.383Z", "repeat_cycle": "1", "orbit_state": "ASCENDING", "raw_properties": { "processing:facility": "Biomass CPF", "product:type": "S1_SCS__1S", "eofeos:global_coverage_id": "1", "sat:anx_datetime": "2026-04-24T07:20:23.798Z", "platform": "Biomass", "eofeos:major_cycle_id": "3", "datetime": "2026-04-24T08:56:40.992Z", "instruments": [ "P-SAR" ], "constellation": "Biomass", "storage:schemes": { "biomass-pdgs-01": { "bucket": "biomass-pdgs-01", "description": "This endpoint provides access to EO data which is stored on the object storage of the ESA MAAP. See the [documentation](https://portal.maap.eo.esa.int/dataaccess/) for more information, including how to get credentials.", "type": "custom-s3", "title": "ESA MAAP S3", "region": "gra", "platform": "https://{bucket}.s3.{region}.io.cloud.ovh.net" } }, "eopf:datatake_id": "43259273", "processing:software": { "Biomass L1 Processor": "4.4.2" }, "eopf:instrument_configuration_id": 0, "grid:code": "WRS-20-305", "processing:level": "L1A", "proj:code": "EPSG:4326", "sci:doi": "10.57780/bio-bef83b4", "created": "2026-04-24T21:16:56Z", "published": "2026-04-24T08:57:01.383Z", "version": "02", "sar:observation_direction": "left", "sar:polarizations": [ "HH", "HV", "VH", "VV" ], "auth:schemes": { "s3": { "type": "s3" }, "oidc": { "openIdConnectUrl": "https://iam.ascend.icsgate.eu/realms/esa-maap/.well-known/openid-configuration", "type": "openIdConnect" } }, "sar:instrument_mode": "SM", "eofeos:orbit_drift_flag": false, "processing:datetime": "2026-04-24T21:16:56Z", "eofeos:mission_phase": "TOMOGRAPHIC", "updated": "2026-06-09T16:46:49Z", "sat:absolute_orbit": 5280, "product:acquisition_type": "nominal" } }, "geometry": { "type": "Polygon", "coordinates": [ [ [ -45.667633, -6.167114 ], [ -46.224796, -6.282257 ], [ -45.964855, -7.521626 ], [ -45.407047, -7.407101 ], [ -45.667633, -6.167114 ] ] ] } },
{ "type": "Feature", "properties": { "scene_id": "BIO_S1_SCS__1S_20260427T085642_20260427T085703_T_G01_M03_C02_T020_F305_02_DQJHW4", "product_name": "BIO_S1_SCS__1S_20260427T085642_20260427T085703_T_G01_M03_C02_T020_F305_02_DQJHW4", "collection": "BiomassLevel1a", "mode": "SCS", "track": "T020", "frame": "F305", "start_datetime": "2026-04-27T08:56:42.904Z", "end_datetime": "2026-04-27T08:57:03.294Z", "repeat_cycle": "2", "orbit_state": "ASCENDING", "raw_properties": { "processing:facility": "Biomass CPF", "product:type": "S1_SCS__1S", "eofeos:global_coverage_id": "1", "sat:anx_datetime": "2026-04-27T07:20:25.711Z", "platform": "Biomass", "eofeos:major_cycle_id": "3", "datetime": "2026-04-27T08:56:42.904Z", "instruments": [ "P-SAR" ], "constellation": "Biomass", "storage:schemes": { "biomass-pdgs-01": { "bucket": "biomass-pdgs-01", "description": "This endpoint provides access to EO data which is stored on the object storage of the ESA MAAP. See the [documentation](https://portal.maap.eo.esa.int/dataaccess/) for more information, including how to get credentials.", "type": "custom-s3", "title": "ESA MAAP S3", "region": "gra", "platform": "https://{bucket}.s3.{region}.io.cloud.ovh.net" } }, "eopf:datatake_id": "43619721", "processing:software": { "Biomass L1 Processor": "4.4.2" }, "eopf:instrument_configuration_id": 0, "grid:code": "WRS-20-305", "processing:level": "L1A", "proj:code": "EPSG:4326", "sci:doi": "10.57780/bio-bef83b4", "created": "2026-04-27T21:19:16Z", "published": "2026-04-27T08:57:03.294Z", "version": "02", "sar:observation_direction": "left", "sar:polarizations": [ "HH", "HV", "VH", "VV" ], "auth:schemes": { "s3": { "type": "s3" }, "oidc": { "openIdConnectUrl": "https://iam.ascend.icsgate.eu/realms/esa-maap/.well-known/openid-configuration", "type": "openIdConnect" } }, "sar:instrument_mode": "SM", "eofeos:orbit_drift_flag": false, "processing:datetime": "2026-04-27T21:19:16Z", "eofeos:mission_phase": "TOMOGRAPHIC", "updated": "2026-06-10T21:52:13Z", "sat:absolute_orbit": 5324, "product:acquisition_type": "nominal" } }, "geometry": { "type": "Polygon", "coordinates": [ [ [ -45.674934, -6.167102 ], [ -46.231842, -6.282186 ], [ -45.971756, -7.521519 ], [ -45.41348, -7.406904 ], [ -45.674934, -6.167102 ] ] ] } },
{ "type": "Feature", "properties": { "scene_id": "BIO_S1_SCS__1S_20251122T084736_20251122T084756_T_G01_M01_C01_T020_F306_01_DNQXZY", "product_name": "BIO_S1_SCS__1S_20251122T084736_20251122T084756_T_G01_M01_C01_T020_F306_01_DNQXZY", "collection": "BiomassLevel1a", "mode": "SCS", "track": "T020", "frame": "F306", "start_datetime": "2025-11-22T08:47:36.301Z", "end_datetime": "2025-11-22T08:47:56.691Z", "repeat_cycle": "1", "orbit_state": "ASCENDING", "raw_properties": { "processing:facility": "Biomass CPF", "product:type": "S1_SCS__1S", "eofeos:global_coverage_id": "1", "sat:anx_datetime": "2025-11-22T07:11:00.125Z", "platform": "Biomass", "eofeos:major_cycle_id": "1", "datetime": "2025-11-22T08:47:36.301Z", "instruments": [ "P-SAR" ], "constellation": "Biomass", "storage:schemes": { "biomass-pdgs-01": { "bucket": "biomass-pdgs-01", "description": "This endpoint provides access to EO data which is stored on the object storage of the ESA MAAP. See the [documentation](https://portal.maap.eo.esa.int/dataaccess/) for more information, including how to get credentials.", "type": "custom-s3", "title": "ESA MAAP S3", "region": "gra", "platform": "https://{bucket}.s3.{region}.io.cloud.ovh.net" } }, "eopf:datatake_id": "24876458", "processing:software": { "Biomass L1 Processor": "4.3.1" }, "eopf:instrument_configuration_id": 0, "grid:code": "WRS-20-306", "processing:level": "L1A", "proj:code": "EPSG:4326", "sci:doi": "10.57780/bio-bef83b4", "created": "2026-03-04T14:09:34Z", "published": "2025-11-22T08:47:56.691Z", "version": "01", "sar:observation_direction": "left", "sar:polarizations": [ "HH", "HV", "VH", "VV" ], "auth:schemes": { "s3": { "type": "s3" }, "oidc": { "openIdConnectUrl": "https://iam.ascend.icsgate.eu/realms/esa-maap/.well-known/openid-configuration", "type": "openIdConnect" } }, "sar:instrument_mode": "SM", "eofeos:orbit_drift_flag": false, "processing:datetime": "2026-03-04T14:09:34Z", "eofeos:mission_phase": "TOMOGRAPHIC", "updated": "2026-05-17T09:29:05Z", "sat:absolute_orbit": 3036, "product:acquisition_type": "nominal" } }, "geometry": { "type": "Polygon", "coordinates": [ [ [ -43.5474, -5.011211 ], [ -44.099792, -5.125985 ], [ -43.845383, -6.366655 ], [ -43.285965, -6.251155 ], [ -43.5474, -5.011211 ] ] ] } },
{ "type": "Feature", "properties": { "scene_id": "BIO_S1_SCS__1S_20251201T084742_20251201T084802_T_G01_M01_C04_T020_F306_01_DKPSOT", "product_name": "BIO_S1_SCS__1S_20251201T084742_20251201T084802_T_G01_M01_C04_T020_F306_01_DKPSOT", "collection": "BiomassLevel1a", "mode": "SCS", "track": "T020", "frame": "F306", "start_datetime": "2025-12-01T08:47:42.040Z", "end_datetime": "2025-12-01T08:48:02.822Z", "repeat_cycle": "4", "orbit_state": "ASCENDING", "raw_properties": { "processing:facility": "Biomass CPF", "product:type": "S1_SCS__1S", "eofeos:global_coverage_id": "1", "sat:anx_datetime": "2025-12-01T07:11:06.061Z", "platform": "Biomass", "eofeos:major_cycle_id": "1", "datetime": "2025-12-01T08:47:42.040Z", "instruments": [ "P-SAR" ], "constellation": "Biomass", "storage:schemes": { "biomass-pdgs-01": { "bucket": "biomass-pdgs-01", "description": "This endpoint provides access to EO data which is stored on the object storage of the ESA MAAP. See the [documentation](https://portal.maap.eo.esa.int/dataaccess/) for more information, including how to get credentials.", "type": "custom-s3", "title": "ESA MAAP S3", "region": "gra", "platform": "https://{bucket}.s3.{region}.io.cloud.ovh.net" } }, "eopf:datatake_id": "25957801", "processing:software": { "Biomass L1 Processor": "4.2.2" }, "eopf:instrument_configuration_id": 0, "grid:code": "WRS-20-306", "processing:level": "L1A", "proj:code": "EPSG:4326", "sci:doi": "10.57780/bio-bef83b4", "created": "2026-01-04T15:36:29Z", "published": "2025-12-01T08:48:02.822Z", "version": "01", "sar:observation_direction": "left", "sar:polarizations": [ "HH", "HV", "VH", "VV" ], "auth:schemes": { "s3": { "type": "s3" }, "oidc": { "openIdConnectUrl": "https://iam.ascend.icsgate.eu/realms/esa-maap/.well-known/openid-configuration", "type": "openIdConnect" } }, "sar:instrument_mode": "SM", "eofeos:orbit_drift_flag": false, "processing:datetime": "2026-01-04T15:36:29Z", "eofeos:mission_phase": "TOMOGRAPHIC", "updated": "2026-05-17T10:12:38Z", "sat:absolute_orbit": 3168, "product:acquisition_type": "nominal" } }, "geometry": { "type": "Polygon", "coordinates": [ [ [ -43.573814, -4.998811 ], [ -44.127186, -5.113795 ], [ -43.862373, -6.377237 ], [ -43.306664, -6.2625 ], [ -43.573814, -4.998811 ] ] ] } },
{ "type": "Feature", "properties": { "scene_id": "BIO_S1_SCS__1S_20251204T084744_20251204T084804_T_G01_M01_C05_T020_F306_01_DO3WK8", "product_name": "BIO_S1_SCS__1S_20251204T084744_20251204T084804_T_G01_M01_C05_T020_F306_01_DO3WK8", "collection": "BiomassLevel1a", "mode": "SCS", "track": "T020", "frame": "F306", "start_datetime": "2025-12-04T08:47:44.096Z", "end_datetime": "2025-12-04T08:48:04.485Z", "repeat_cycle": "5", "orbit_state": "ASCENDING", "raw_properties": { "processing:facility": "Biomass CPF", "product:type": "S1_SCS__1S", "eofeos:global_coverage_id": "1", "sat:anx_datetime": "2025-12-04T07:11:07.927Z", "platform": "Biomass", "eofeos:major_cycle_id": "1", "datetime": "2025-12-04T08:47:44.096Z", "instruments": [ "P-SAR" ], "constellation": "Biomass", "storage:schemes": { "biomass-pdgs-01": { "bucket": "biomass-pdgs-01", "description": "This endpoint provides access to EO data which is stored on the object storage of the ESA MAAP. See the [documentation](https://portal.maap.eo.esa.int/dataaccess/) for more information, including how to get credentials.", "type": "custom-s3", "title": "ESA MAAP S3", "region": "gra", "platform": "https://{bucket}.s3.{region}.io.cloud.ovh.net" } }, "eopf:datatake_id": "26318249", "processing:software": { "Biomass L1 Processor": "4.3.1" }, "eopf:instrument_configuration_id": 0, "grid:code": "WRS-20-306", "processing:level": "L1A", "proj:code": "EPSG:4326", "sci:doi": "10.57780/bio-bef83b4", "created": "2026-03-11T14:07:20Z", "published": "2025-12-04T08:48:04.485Z", "version": "01", "sar:observation_direction": "left", "sar:polarizations": [ "HH", "HV", "VH", "VV" ], "auth:schemes": { "s3": { "type": "s3" }, "oidc": { "openIdConnectUrl": "https://iam.ascend.icsgate.eu/realms/esa-maap/.well-known/openid-configuration", "type": "openIdConnect" } }, "sar:instrument_mode": "SM", "eofeos:orbit_drift_flag": false, "processing:datetime": "2026-03-11T14:07:20Z", "eofeos:mission_phase": "TOMOGRAPHIC", "updated": "2026-05-17T10:22:15Z", "sat:absolute_orbit": 3212, "product:acquisition_type": "nominal" } }, "geometry": { "type": "Polygon", "coordinates": [ [ [ -43.58315, -5.011507 ], [ -44.135693, -5.1263 ], [ -43.878975, -6.366462 ], [ -43.321682, -6.25141 ], [ -43.58315, -5.011507 ] ] ] } },
{ "type": "Feature", "properties": { "scene_id": "BIO_S1_SCS__1S_20260301T085231_20260301T085251_T_G01_M02_C07_T020_F306_01_DNLUSD", "product_name": "BIO_S1_SCS__1S_20260301T085231_20260301T085251_T_G01_M02_C07_T020_F306_01_DNLUSD", "collection": "BiomassLevel1a", "mode": "SCS", "track": "T020", "frame": "F306", "start_datetime": "2026-03-01T08:52:31.223Z", "end_datetime": "2026-03-01T08:52:51.613Z", "repeat_cycle": "7", "orbit_state": "ASCENDING", "raw_properties": { "processing:facility": "Biomass CPF", "product:type": "S1_SCS__1S", "eofeos:global_coverage_id": "1", "sat:anx_datetime": "2026-03-01T07:15:55.044Z", "platform": "Biomass", "eofeos:major_cycle_id": "2", "datetime": "2026-03-01T08:52:31.223Z", "instruments": [ "P-SAR" ], "constellation": "Biomass", "storage:schemes": { "biomass-pdgs-01": { "bucket": "biomass-pdgs-01", "description": "This endpoint provides access to EO data which is stored on the object storage of the ESA MAAP. See the [documentation](https://portal.maap.eo.esa.int/dataaccess/) for more information, including how to get credentials.", "type": "custom-s3", "title": "ESA MAAP S3", "region": "gra", "platform": "https://{bucket}.s3.{region}.io.cloud.ovh.net" } }, "eopf:datatake_id": "36771220", "processing:software": { "Biomass L1 Processor": "4.3.1" }, "eopf:instrument_configuration_id": 0, "grid:code": "WRS-20-306", "processing:level": "L1A", "proj:code": "EPSG:4326", "sci:doi": "10.57780/bio-bef83b4", "created": "2026-03-01T20:12:13Z", "published": "2026-03-01T08:52:51.613Z", "version": "01", "sar:observation_direction": "left", "sar:polarizations": [ "HH", "HV", "VH", "VV" ], "auth:schemes": { "s3": { "type": "s3" }, "oidc": { "openIdConnectUrl": "https://iam.ascend.icsgate.eu/realms/esa-maap/.well-known/openid-configuration", "type": "openIdConnect" } }, "sar:instrument_mode": "SM", "eofeos:orbit_drift_flag": false, "processing:datetime": "2026-03-01T20:12:13Z", "eofeos:mission_phase": "TOMOGRAPHIC", "updated": "2026-05-17T13:24:27Z", "sat:absolute_orbit": 4488, "product:acquisition_type": "nominal" } }, "geometry": { "type": "Polygon", "coordinates": [ [ [ -44.791412, -5.011173 ], [ -45.346703, -5.126572 ], [ -45.086697, -6.366082 ], [ -44.534744, -6.25209 ], [ -44.791412, -5.011173 ] ] ] } },
{ "type": "Feature", "properties": { "scene_id": "BIO_S1_SCS__1S_20260424T085659_20260424T085720_T_G01_M03_C01_T020_F306_02_DQDXHB", "product_name": "BIO_S1_SCS__1S_20260424T085659_20260424T085720_T_G01_M03_C01_T020_F306_02_DQDXHB", "collection": "BiomassLevel1a", "mode": "SCS", "track": "T020", "frame": "F306", "start_datetime": "2026-04-24T08:56:59.997Z", "end_datetime": "2026-04-24T08:57:20.388Z", "repeat_cycle": "1", "orbit_state": "ASCENDING", "raw_properties": { "processing:facility": "Biomass CPF", "product:type": "S1_SCS__1S", "eofeos:global_coverage_id": "1", "sat:anx_datetime": "2026-04-24T07:20:23.798Z", "platform": "Biomass", "eofeos:major_cycle_id": "3", "datetime": "2026-04-24T08:56:59.997Z", "instruments": [ "P-SAR" ], "constellation": "Biomass", "storage:schemes": { "biomass-pdgs-01": { "bucket": "biomass-pdgs-01", "description": "This endpoint provides access to EO data which is stored on the object storage of the ESA MAAP. See the [documentation](https://portal.maap.eo.esa.int/dataaccess/) for more information, including how to get credentials.", "type": "custom-s3", "title": "ESA MAAP S3", "region": "gra", "platform": "https://{bucket}.s3.{region}.io.cloud.ovh.net" } }, "eopf:datatake_id": "43259273", "processing:software": { "Biomass L1 Processor": "4.4.2" }, "eopf:instrument_configuration_id": 0, "grid:code": "WRS-20-306", "processing:level": "L1A", "proj:code": "EPSG:4326", "sci:doi": "10.57780/bio-bef83b4", "created": "2026-04-24T21:10:23Z", "published": "2026-04-24T08:57:20.388Z", "version": "02", "sar:observation_direction": "left", "sar:polarizations": [ "HH", "HV", "VH", "VV" ], "auth:schemes": { "s3": { "type": "s3" }, "oidc": { "openIdConnectUrl": "https://iam.ascend.icsgate.eu/realms/esa-maap/.well-known/openid-configuration", "type": "openIdConnect" } }, "sar:instrument_mode": "SM", "eofeos:orbit_drift_flag": false, "processing:datetime": "2026-04-24T21:10:23Z", "eofeos:mission_phase": "TOMOGRAPHIC", "updated": "2026-06-09T16:46:50Z", "sat:absolute_orbit": 5280, "product:acquisition_type": "nominal" } }, "geometry": { "type": "Polygon", "coordinates": [ [ [ -45.913445, -5.011819 ], [ -46.46553, -5.126581 ], [ -46.20565, -6.36616 ], [ -45.649673, -6.251311 ], [ -45.913445, -5.011819 ] ] ] } },
{ "type": "Feature", "properties": { "scene_id": "BIO_S1_SCS__1S_20260430T085703_20260430T085724_T_G01_M03_C03_T020_F306_02_DQP6HZ", "product_name": "BIO_S1_SCS__1S_20260430T085703_20260430T085724_T_G01_M03_C03_T020_F306_02_DQP6HZ", "collection": "BiomassLevel1a", "mode": "SCS", "track": "T020", "frame": "F306", "start_datetime": "2026-04-30T08:57:03.849Z", "end_datetime": "2026-04-30T08:57:24.240Z", "repeat_cycle": "3", "orbit_state": "ASCENDING", "raw_properties": { "processing:facility": "Biomass CPF", "product:type": "S1_SCS__1S", "eofeos:global_coverage_id": "1", "sat:anx_datetime": "2026-04-30T07:20:27.648Z", "platform": "Biomass", "eofeos:major_cycle_id": "3", "datetime": "2026-04-30T08:57:03.849Z", "instruments": [ "P-SAR" ], "constellation": "Biomass", "storage:schemes": { "biomass-pdgs-01": { "bucket": "biomass-pdgs-01", "description": "This endpoint provides access to EO data which is stored on the object storage of the ESA MAAP. See the [documentation](https://portal.maap.eo.esa.int/dataaccess/) for more information, including how to get credentials.", "type": "custom-s3", "title": "ESA MAAP S3", "region": "gra", "platform": "https://{bucket}.s3.{region}.io.cloud.ovh.net" } }, "eopf:datatake_id": "43980169", "processing:software": { "Biomass L1 Processor": "4.4.2" }, "eopf:instrument_configuration_id": 0, "grid:code": "WRS-20-306", "processing:level": "L1A", "proj:code": "EPSG:4326", "sci:doi": "10.57780/bio-bef83b4", "created": "2026-04-30T22:58:47Z", "published": "2026-04-30T08:57:24.240Z", "version": "02", "sar:observation_direction": "left", "sar:polarizations": [ "HH", "HV", "VH", "VV" ], "auth:schemes": { "s3": { "type": "s3" }, "oidc": { "openIdConnectUrl": "https://iam.ascend.icsgate.eu/realms/esa-maap/.well-known/openid-configuration", "type": "openIdConnect" } }, "sar:instrument_mode": "SM", "eofeos:orbit_drift_flag": false, "processing:datetime": "2026-04-30T22:58:47Z", "eofeos:mission_phase": "TOMOGRAPHIC", "updated": "2026-06-10T22:05:28Z", "sat:absolute_orbit": 5368, "product:acquisition_type": "nominal" } }, "geometry": { "type": "Polygon", "coordinates": [ [ [ -45.928356, -5.011684 ], [ -46.481155, -5.126578 ], [ -46.22119, -6.366143 ], [ -45.665962, -6.251464 ], [ -45.928356, -5.011684 ] ] ] } },
{ "type": "Feature", "properties": { "scene_id": "BIO_S1_SCS__1S_20251122T084755_20251122T084815_T_G01_M01_C01_T020_F307_01_DJXN0J", "product_name": "BIO_S1_SCS__1S_20251122T084755_20251122T084815_T_G01_M01_C01_T020_F307_01_DJXN0J", "collection": "BiomassLevel1a", "mode": "SCS", "track": "T020", "frame": "F307", "start_datetime": "2025-11-22T08:47:55.110Z", "end_datetime": "2025-11-22T08:48:15.891Z", "repeat_cycle": "1", "orbit_state": "ASCENDING", "raw_properties": { "processing:facility": "Biomass CPF", "product:type": "S1_SCS__1S", "eofeos:global_coverage_id": "1", "sat:anx_datetime": "2025-11-22T07:11:00.125Z", "platform": "Biomass", "eofeos:major_cycle_id": "1", "datetime": "2025-11-22T08:47:55.110Z", "instruments": [ "P-SAR" ], "constellation": "Biomass", "storage:schemes": { "biomass-pdgs-01": { "bucket": "biomass-pdgs-01", "description": "This endpoint provides access to EO data which is stored on the object storage of the ESA MAAP. See the [documentation](https://portal.maap.eo.esa.int/dataaccess/) for more information, including how to get credentials.", "type": "custom-s3", "title": "ESA MAAP S3", "region": "gra", "platform": "https://{bucket}.s3.{region}.io.cloud.ovh.net" } }, "eopf:datatake_id": "24876458", "processing:software": { "Biomass L1 Processor": "4.2.2" }, "eopf:instrument_configuration_id": 0, "grid:code": "WRS-20-307", "processing:level": "L1A", "proj:code": "EPSG:4326", "sci:doi": "10.57780/bio-bef83b4", "created": "2025-12-20T10:41:07Z", "published": "2025-11-22T08:48:15.891Z", "version": "01", "sar:observation_direction": "left", "sar:polarizations": [ "HH", "HV", "VH", "VV" ], "auth:schemes": { "s3": { "type": "s3" }, "oidc": { "openIdConnectUrl": "https://iam.ascend.icsgate.eu/realms/esa-maap/.well-known/openid-configuration", "type": "openIdConnect" } }, "sar:instrument_mode": "SM", "eofeos:orbit_drift_flag": false, "processing:datetime": "2025-12-20T10:41:07Z", "eofeos:mission_phase": "TOMOGRAPHIC", "updated": "2026-05-17T09:29:06Z", "sat:absolute_orbit": 3036, "product:acquisition_type": "nominal" } }, "geometry": { "type": "Polygon", "coordinates": [ [ [ -43.789978, -3.842674 ], [ -44.34188, -3.957994 ], [ -44.076675, -5.221494 ], [ -43.522743, -5.106451 ], [ -43.789978, -3.842674 ] ] ] } },
{ "type": "Feature", "properties": { "scene_id": "BIO_S1_SCS__1S_20251201T084801_20251201T084821_T_G01_M01_C04_T020_F307_01_DKPSPJ", "product_name": "BIO_S1_SCS__1S_20251201T084801_20251201T084821_T_G01_M01_C04_T020_F307_01_DKPSPJ", "collection": "BiomassLevel1a", "mode": "SCS", "track": "T020", "frame": "F307", "start_datetime": "2025-12-01T08:48:01.044Z", "end_datetime": "2025-12-01T08:48:21.825Z", "repeat_cycle": "4", "orbit_state": "ASCENDING", "raw_properties": { "processing:facility": "Biomass CPF", "product:type": "S1_SCS__1S", "eofeos:global_coverage_id": "1", "sat:anx_datetime": "2025-12-01T07:11:06.061Z", "platform": "Biomass", "eofeos:major_cycle_id": "1", "datetime": "2025-12-01T08:48:01.044Z", "instruments": [ "P-SAR" ], "constellation": "Biomass", "storage:schemes": { "biomass-pdgs-01": { "bucket": "biomass-pdgs-01", "description": "This endpoint provides access to EO data which is stored on the object storage of the ESA MAAP. See the [documentation](https://portal.maap.eo.esa.int/dataaccess/) for more information, including how to get credentials.", "type": "custom-s3", "title": "ESA MAAP S3", "region": "gra", "platform": "https://{bucket}.s3.{region}.io.cloud.ovh.net" } }, "eopf:datatake_id": "25957801", "processing:software": { "Biomass L1 Processor": "4.2.2" }, "eopf:instrument_configuration_id": 0, "grid:code": "WRS-20-307", "processing:level": "L1A", "proj:code": "EPSG:4326", "sci:doi": "10.57780/bio-bef83b4", "created": "2026-01-04T15:36:55Z", "published": "2025-12-01T08:48:21.825Z", "version": "01", "sar:observation_direction": "left", "sar:polarizations": [ "HH", "HV", "VH", "VV" ], "auth:schemes": { "s3": { "type": "s3" }, "oidc": { "openIdConnectUrl": "https://iam.ascend.icsgate.eu/realms/esa-maap/.well-known/openid-configuration", "type": "openIdConnect" } }, "sar:instrument_mode": "SM", "eofeos:orbit_drift_flag": false, "processing:datetime": "2026-01-04T15:36:55Z", "eofeos:mission_phase": "TOMOGRAPHIC", "updated": "2026-05-17T10:12:39Z", "sat:absolute_orbit": 3168, "product:acquisition_type": "nominal" } }, "geometry": { "type": "Polygon", "coordinates": [ [ [ -43.81631, -3.842787 ], [ -44.368145, -3.958091 ], [ -44.102943, -5.221598 ], [ -43.549084, -5.10657 ], [ -43.81631, -3.842787 ] ] ] } },
{ "type": "Feature", "properties": { "scene_id": "BIO_S1_SCS__1S_20260211T085239_20260211T085259_T_G01_M02_C01_T020_F307_01_DMOHTQ", "product_name": "BIO_S1_SCS__1S_20260211T085239_20260211T085259_T_G01_M02_C01_T020_F307_01_DMOHTQ", "collection": "BiomassLevel1a", "mode": "SCS", "track": "T020", "frame": "F307", "start_datetime": "2026-02-11T08:52:39.301Z", "end_datetime": "2026-02-11T08:52:59.690Z", "repeat_cycle": "1", "orbit_state": "ASCENDING", "raw_properties": { "processing:facility": "Biomass CPF", "product:type": "S1_SCS__1S", "eofeos:global_coverage_id": "1", "sat:anx_datetime": "2026-02-11T07:15:44.105Z", "platform": "Biomass", "eofeos:major_cycle_id": "2", "datetime": "2026-02-11T08:52:39.301Z", "instruments": [ "P-SAR" ], "constellation": "Biomass", "storage:schemes": { "biomass-pdgs-01": { "bucket": "biomass-pdgs-01", "description": "This endpoint provides access to EO data which is stored on the object storage of the ESA MAAP. See the [documentation](https://portal.maap.eo.esa.int/dataaccess/) for more information, including how to get credentials.", "type": "custom-s3", "title": "ESA MAAP S3", "region": "gra", "platform": "https://{bucket}.s3.{region}.io.cloud.ovh.net" } }, "eopf:datatake_id": "34608533", "processing:software": { "Biomass L1 Processor": "4.3.1" }, "eopf:instrument_configuration_id": 0, "grid:code": "WRS-20-307", "processing:level": "L1A", "proj:code": "EPSG:4326", "sci:doi": "10.57780/bio-bef83b4", "created": "2026-02-11T19:51:26Z", "published": "2026-02-11T08:52:59.690Z", "version": "01", "sar:observation_direction": "left", "sar:polarizations": [ "HH", "HV", "VH", "VV" ], "auth:schemes": { "s3": { "type": "s3" }, "oidc": { "openIdConnectUrl": "https://iam.ascend.icsgate.eu/realms/esa-maap/.well-known/openid-configuration", "type": "openIdConnect" } }, "sar:instrument_mode": "SM", "eofeos:orbit_drift_flag": false, "processing:datetime": "2026-02-11T19:51:26Z", "eofeos:mission_phase": "TOMOGRAPHIC", "updated": "2026-05-17T12:40:37Z", "sat:absolute_orbit": 4224, "product:acquisition_type": "nominal" } }, "geometry": { "type": "Polygon", "coordinates": [ [ [ -44.985043, -3.854193 ], [ -45.538338, -3.969821 ], [ -45.2816, -5.210117 ], [ -44.725574, -5.094612 ], [ -44.985043, -3.854193 ] ] ] } },
{ "type": "Feature", "properties": { "scene_id": "BIO_S1_SCS__1S_20260301T085250_20260301T085310_T_G01_M02_C07_T020_F307_01_DNLULQ", "product_name": "BIO_S1_SCS__1S_20260301T085250_20260301T085310_T_G01_M02_C07_T020_F307_01_DNLULQ", "collection": "BiomassLevel1a", "mode": "SCS", "track": "T020", "frame": "F307", "start_datetime": "2026-03-01T08:52:50.227Z", "end_datetime": "2026-03-01T08:53:10.615Z", "repeat_cycle": "7", "orbit_state": "ASCENDING", "raw_properties": { "processing:facility": "Biomass CPF", "product:type": "S1_SCS__1S", "eofeos:global_coverage_id": "1", "sat:anx_datetime": "2026-03-01T07:15:55.044Z", "platform": "Biomass", "eofeos:major_cycle_id": "2", "datetime": "2026-03-01T08:52:50.227Z", "instruments": [ "P-SAR" ], "constellation": "Biomass", "storage:schemes": { "biomass-pdgs-01": { "bucket": "biomass-pdgs-01", "description": "This endpoint provides access to EO data which is stored on the object storage of the ESA MAAP. See the [documentation](https://portal.maap.eo.esa.int/dataaccess/) for more information, including how to get credentials.", "type": "custom-s3", "title": "ESA MAAP S3", "region": "gra", "platform": "https://{bucket}.s3.{region}.io.cloud.ovh.net" } }, "eopf:datatake_id": "36771220", "processing:software": { "Biomass L1 Processor": "4.3.1" }, "eopf:instrument_configuration_id": 0, "grid:code": "WRS-20-307", "processing:level": "L1A", "proj:code": "EPSG:4326", "sci:doi": "10.57780/bio-bef83b4", "created": "2026-03-01T20:08:14Z", "published": "2026-03-01T08:53:10.615Z", "version": "01", "sar:observation_direction": "left", "sar:polarizations": [ "HH", "HV", "VH", "VV" ], "auth:schemes": { "s3": { "type": "s3" }, "oidc": { "openIdConnectUrl": "https://iam.ascend.icsgate.eu/realms/esa-maap/.well-known/openid-configuration", "type": "openIdConnect" } }, "sar:instrument_mode": "SM", "eofeos:orbit_drift_flag": false, "processing:datetime": "2026-03-01T20:08:14Z", "eofeos:mission_phase": "TOMOGRAPHIC", "updated": "2026-05-17T13:24:27Z", "sat:absolute_orbit": 4488, "product:acquisition_type": "nominal" } }, "geometry": { "type": "Polygon", "coordinates": [ [ [ -45.03117, -3.854649 ], [ -45.583717, -3.970123 ], [ -45.326485, -5.21035 ], [ -44.770435, -5.094838 ], [ -45.03117, -3.854649 ] ] ] } },
{ "type": "Feature", "properties": { "scene_id": "BIO_S1_SCS__1S_20251122T084814_20251122T084834_T_G01_M01_C01_T020_F308_01_DNQY3B", "product_name": "BIO_S1_SCS__1S_20251122T084814_20251122T084834_T_G01_M01_C01_T020_F308_01_DNQY3B", "collection": "BiomassLevel1a", "mode": "SCS", "track": "T020", "frame": "F308", "start_datetime": "2025-11-22T08:48:14.308Z", "end_datetime": "2025-11-22T08:48:34.696Z", "repeat_cycle": "1", "orbit_state": "ASCENDING", "raw_properties": { "processing:facility": "Biomass CPF", "product:type": "S1_SCS__1S", "eofeos:global_coverage_id": "1", "sat:anx_datetime": "2025-11-22T07:11:00.125Z", "platform": "Biomass", "eofeos:major_cycle_id": "1", "datetime": "2025-11-22T08:48:14.308Z", "instruments": [ "P-SAR" ], "constellation": "Biomass", "storage:schemes": { "biomass-pdgs-01": { "bucket": "biomass-pdgs-01", "description": "This endpoint provides access to EO data which is stored on the object storage of the ESA MAAP. See the [documentation](https://portal.maap.eo.esa.int/dataaccess/) for more information, including how to get credentials.", "type": "custom-s3", "title": "ESA MAAP S3", "region": "gra", "platform": "https://{bucket}.s3.{region}.io.cloud.ovh.net" } }, "eopf:datatake_id": "24876458", "processing:software": { "Biomass L1 Processor": "4.3.1" }, "eopf:instrument_configuration_id": 0, "grid:code": "WRS-20-308", "processing:level": "L1A", "proj:code": "EPSG:4326", "sci:doi": "10.57780/bio-bef83b4", "created": "2026-03-04T14:11:35Z", "published": "2025-11-22T08:48:34.696Z", "version": "01", "sar:observation_direction": "left", "sar:polarizations": [ "HH", "HV", "VH", "VV" ], "auth:schemes": { "s3": { "type": "s3" }, "oidc": { "openIdConnectUrl": "https://iam.ascend.icsgate.eu/realms/esa-maap/.well-known/openid-configuration", "type": "openIdConnect" } }, "sar:instrument_mode": "SM", "eofeos:orbit_drift_flag": false, "processing:datetime": "2026-03-04T14:11:35Z", "eofeos:mission_phase": "TOMOGRAPHIC", "updated": "2026-05-17T09:29:06Z", "sat:absolute_orbit": 3036, "product:acquisition_type": "nominal" } }, "geometry": { "type": "Polygon", "coordinates": [ [ [ -44.030792, -2.698733 ], [ -44.58065, -2.814228 ], [ -44.320602, -4.054035 ], [ -43.76828, -3.938678 ], [ -44.030792, -2.698733 ] ] ] } },
{ "type": "Feature", "properties": { "scene_id": "BIO_S1_SCS__1S_20251204T084822_20251204T084842_T_G01_M01_C05_T020_F308_01_DO3WKM", "product_name": "BIO_S1_SCS__1S_20251204T084822_20251204T084842_T_G01_M01_C05_T020_F308_01_DO3WKM", "collection": "BiomassLevel1a", "mode": "SCS", "track": "T020", "frame": "F308", "start_datetime": "2025-12-04T08:48:22.102Z", "end_datetime": "2025-12-04T08:48:42.489Z", "repeat_cycle": "5", "orbit_state": "ASCENDING", "raw_properties": { "processing:facility": "Biomass CPF", "product:type": "S1_SCS__1S", "eofeos:global_coverage_id": "1", "sat:anx_datetime": "2025-12-04T07:11:07.927Z", "platform": "Biomass", "eofeos:major_cycle_id": "1", "datetime": "2025-12-04T08:48:22.102Z", "instruments": [ "P-SAR" ], "constellation": "Biomass", "storage:schemes": { "biomass-pdgs-01": { "bucket": "biomass-pdgs-01", "description": "This endpoint provides access to EO data which is stored on the object storage of the ESA MAAP. See the [documentation](https://portal.maap.eo.esa.int/dataaccess/) for more information, including how to get credentials.", "type": "custom-s3", "title": "ESA MAAP S3", "region": "gra", "platform": "https://{bucket}.s3.{region}.io.cloud.ovh.net" } }, "eopf:datatake_id": "26318249", "processing:software": { "Biomass L1 Processor": "4.3.1" }, "eopf:instrument_configuration_id": 0, "grid:code": "WRS-20-308", "processing:level": "L1A", "proj:code": "EPSG:4326", "sci:doi": "10.57780/bio-bef83b4", "created": "2026-03-11T14:07:34Z", "published": "2025-12-04T08:48:42.489Z", "version": "01", "sar:observation_direction": "left", "sar:polarizations": [ "HH", "HV", "VH", "VV" ], "auth:schemes": { "s3": { "type": "s3" }, "oidc": { "openIdConnectUrl": "https://iam.ascend.icsgate.eu/realms/esa-maap/.well-known/openid-configuration", "type": "openIdConnect" } }, "sar:instrument_mode": "SM", "eofeos:orbit_drift_flag": false, "processing:datetime": "2026-03-11T14:07:34Z", "eofeos:mission_phase": "TOMOGRAPHIC", "updated": "2026-05-17T10:22:15Z", "sat:absolute_orbit": 3212, "product:acquisition_type": "nominal" } }, "geometry": { "type": "Polygon", "coordinates": [ [ [ -44.065243, -2.698813 ], [ -44.61567, -2.814416 ], [ -44.355568, -4.054175 ], [ -43.80452, -3.939096 ], [ -44.065243, -2.698813 ] ] ] } },
{ "type": "Feature", "properties": { "scene_id": "BIO_S1_SCS__1S_20251122T210606_20251122T210627_T_G01_M01_C01_T028_F158_01_DKLZ2Q", "product_name": "BIO_S1_SCS__1S_20251122T210606_20251122T210627_T_G01_M01_C01_T028_F158_01_DKLZ2Q", "collection": "BiomassLevel1a", "mode": "SCS", "track": "T028", "frame": "F158", "start_datetime": "2025-11-22T21:06:06.696Z", "end_datetime": "2025-11-22T21:06:27.475Z", "repeat_cycle": "1", "orbit_state": "DESCENDING", "raw_properties": { "processing:facility": "Biomass CPF", "product:type": "S1_SCS__1S", "eofeos:global_coverage_id": "1", "sat:anx_datetime": "2025-11-22T20:16:27.559Z", "platform": "Biomass", "eofeos:major_cycle_id": "1", "datetime": "2025-11-22T21:06:06.696Z", "instruments": [ "P-SAR" ], "constellation": "Biomass", "storage:schemes": { "biomass-pdgs-01": { "bucket": "biomass-pdgs-01", "description": "This endpoint provides access to EO data which is stored on the object storage of the ESA MAAP. See the [documentation](https://portal.maap.eo.esa.int/dataaccess/) for more information, including how to get credentials.", "type": "custom-s3", "title": "ESA MAAP S3", "region": "gra", "platform": "https://{bucket}.s3.{region}.io.cloud.ovh.net" } }, "eopf:datatake_id": "24939406", "processing:software": { "Biomass L1 Processor": "4.2.2" }, "eopf:instrument_configuration_id": 0, "grid:code": "WRS-28-158", "processing:level": "L1A", "proj:code": "EPSG:4326", "sci:doi": "10.57780/bio-bef83b4", "created": "2026-01-02T14:04:02Z", "published": "2025-11-22T21:06:27.475Z", "version": "01", "sar:observation_direction": "left", "sar:polarizations": [ "HH", "HV", "VH", "VV" ], "auth:schemes": { "s3": { "type": "s3" }, "oidc": { "openIdConnectUrl": "https://iam.ascend.icsgate.eu/realms/esa-maap/.well-known/openid-configuration", "type": "openIdConnect" } }, "sar:instrument_mode": "SM", "eofeos:orbit_drift_flag": false, "processing:datetime": "2026-01-02T14:04:02Z", "eofeos:mission_phase": "TOMOGRAPHIC", "updated": "2026-05-17T09:30:32Z", "sat:absolute_orbit": 3044, "product:acquisition_type": "nominal" } }, "geometry": { "type": "Polygon", "coordinates": [ [ [ -44.880836, -4.05063 ], [ -44.330147, -4.165643 ], [ -44.064217, -2.90207 ], [ -44.6131, -2.786793 ], [ -44.880836, -4.05063 ] ] ] } },
{ "type": "Feature", "properties": { "scene_id": "BIO_S1_SCS__1S_20251122T210625_20251122T210646_T_G01_M01_C01_T028_F159_01_DKLZ39", "product_name": "BIO_S1_SCS__1S_20251122T210625_20251122T210646_T_G01_M01_C01_T028_F159_01_DKLZ39", "collection": "BiomassLevel1a", "mode": "SCS", "track": "T028", "frame": "F159", "start_datetime": "2025-11-22T21:06:25.699Z", "end_datetime": "2025-11-22T21:06:46.480Z", "repeat_cycle": "1", "orbit_state": "DESCENDING", "raw_properties": { "processing:facility": "Biomass CPF", "product:type": "S1_SCS__1S", "eofeos:global_coverage_id": "1", "sat:anx_datetime": "2025-11-22T20:16:27.559Z", "platform": "Biomass", "eofeos:major_cycle_id": "1", "datetime": "2025-11-22T21:06:25.699Z", "instruments": [ "P-SAR" ], "constellation": "Biomass", "storage:schemes": { "biomass-pdgs-01": { "bucket": "biomass-pdgs-01", "description": "This endpoint provides access to EO data which is stored on the object storage of the ESA MAAP. See the [documentation](https://portal.maap.eo.esa.int/dataaccess/) for more information, including how to get credentials.", "type": "custom-s3", "title": "ESA MAAP S3", "region": "gra", "platform": "https://{bucket}.s3.{region}.io.cloud.ovh.net" } }, "eopf:datatake_id": "24939406", "processing:software": { "Biomass L1 Processor": "4.2.2" }, "eopf:instrument_configuration_id": 0, "grid:code": "WRS-28-159", "processing:level": "L1A", "proj:code": "EPSG:4326", "sci:doi": "10.57780/bio-bef83b4", "created": "2026-01-02T14:04:21Z", "published": "2025-11-22T21:06:46.480Z", "version": "01", "sar:observation_direction": "left", "sar:polarizations": [ "HH", "HV", "VH", "VV" ], "auth:schemes": { "s3": { "type": "s3" }, "oidc": { "openIdConnectUrl": "https://iam.ascend.icsgate.eu/realms/esa-maap/.well-known/openid-configuration", "type": "openIdConnect" } }, "sar:instrument_mode": "SM", "eofeos:orbit_drift_flag": false, "processing:datetime": "2026-01-02T14:04:21Z", "eofeos:mission_phase": "TOMOGRAPHIC", "updated": "2026-05-17T09:30:32Z", "sat:absolute_orbit": 3044, "product:acquisition_type": "nominal" } }, "geometry": { "type": "Polygon", "coordinates": [ [ [ -45.123993, -5.206728 ], [ -44.569695, -5.321868 ], [ -44.30422, -4.058284 ], [ -44.85638, -3.942909 ], [ -45.123993, -5.206728 ] ] ] } },
{ "type": "Feature", "properties": { "scene_id": "BIO_S1_SCS__1S_20251201T210631_20251201T210652_T_G01_M01_C04_T028_F159_01_DO28LE", "product_name": "BIO_S1_SCS__1S_20251201T210631_20251201T210652_T_G01_M01_C04_T028_F159_01_DO28LE", "collection": "BiomassLevel1a", "mode": "SCS", "track": "T028", "frame": "F159", "start_datetime": "2025-12-01T21:06:31.815Z", "end_datetime": "2025-12-01T21:06:52.203Z", "repeat_cycle": "4", "orbit_state": "DESCENDING", "raw_properties": { "processing:facility": "Biomass CPF", "product:type": "S1_SCS__1S", "eofeos:global_coverage_id": "1", "sat:anx_datetime": "2025-12-01T20:16:33.475Z", "platform": "Biomass", "eofeos:major_cycle_id": "1", "datetime": "2025-12-01T21:06:31.815Z", "instruments": [ "P-SAR" ], "constellation": "Biomass", "storage:schemes": { "biomass-pdgs-01": { "bucket": "biomass-pdgs-01", "description": "This endpoint provides access to EO data which is stored on the object storage of the ESA MAAP. See the [documentation](https://portal.maap.eo.esa.int/dataaccess/) for more information, including how to get credentials.", "type": "custom-s3", "title": "ESA MAAP S3", "region": "gra", "platform": "https://{bucket}.s3.{region}.io.cloud.ovh.net" } }, "eopf:datatake_id": "26020750", "processing:software": { "Biomass L1 Processor": "4.3.1" }, "eopf:instrument_configuration_id": 0, "grid:code": "WRS-28-159", "processing:level": "L1A", "proj:code": "EPSG:4326", "sci:doi": "10.57780/bio-bef83b4", "created": "2026-03-10T16:32:02Z", "published": "2025-12-01T21:06:52.203Z", "version": "01", "sar:observation_direction": "left", "sar:polarizations": [ "HH", "HV", "VH", "VV" ], "auth:schemes": { "s3": { "type": "s3" }, "oidc": { "openIdConnectUrl": "https://iam.ascend.icsgate.eu/realms/esa-maap/.well-known/openid-configuration", "type": "openIdConnect" } }, "sar:instrument_mode": "SM", "eofeos:orbit_drift_flag": false, "processing:datetime": "2026-03-10T16:32:02Z", "eofeos:mission_phase": "TOMOGRAPHIC", "updated": "2026-05-17T10:13:52Z", "sat:absolute_orbit": 3176, "product:acquisition_type": "nominal" } }, "geometry": { "type": "Polygon", "coordinates": [ [ [ -45.143894, -5.195465 ], [ -44.59129, -5.310256 ], [ -44.332504, -4.070204 ], [ -44.885143, -3.95474 ], [ -45.143894, -5.195465 ] ] ] } },
{ "type": "Feature", "properties": { "scene_id": "BIO_S1_SCS__1S_20260301T211120_20260301T211141_T_G01_M02_C07_T028_F159_01_DNMWRG", "product_name": "BIO_S1_SCS__1S_20260301T211120_20260301T211141_T_G01_M02_C07_T028_F159_01_DNMWRG", "collection": "BiomassLevel1a", "mode": "SCS", "track": "T028", "frame": "F159", "start_datetime": "2026-03-01T21:11:20.784Z", "end_datetime": "2026-03-01T21:11:41.172Z", "repeat_cycle": "7", "orbit_state": "DESCENDING", "raw_properties": { "processing:facility": "Biomass CPF", "product:type": "S1_SCS__1S", "eofeos:global_coverage_id": "1", "sat:anx_datetime": "2026-03-01T20:21:22.493Z", "platform": "Biomass", "eofeos:major_cycle_id": "2", "datetime": "2026-03-01T21:11:20.784Z", "instruments": [ "P-SAR" ], "constellation": "Biomass", "storage:schemes": { "biomass-pdgs-01": { "bucket": "biomass-pdgs-01", "description": "This endpoint provides access to EO data which is stored on the object storage of the ESA MAAP. See the [documentation](https://portal.maap.eo.esa.int/dataaccess/) for more information, including how to get credentials.", "type": "custom-s3", "title": "ESA MAAP S3", "region": "gra", "platform": "https://{bucket}.s3.{region}.io.cloud.ovh.net" } }, "eopf:datatake_id": "36834176", "processing:software": { "Biomass L1 Processor": "4.3.1" }, "eopf:instrument_configuration_id": 0, "grid:code": "WRS-28-159", "processing:level": "L1A", "proj:code": "EPSG:4326", "sci:doi": "10.57780/bio-bef83b4", "created": "2026-03-02T09:52:28Z", "published": "2026-03-01T21:11:41.172Z", "version": "01", "sar:observation_direction": "left", "sar:polarizations": [ "HH", "HV", "VH", "VV" ], "auth:schemes": { "s3": { "type": "s3" }, "oidc": { "openIdConnectUrl": "https://iam.ascend.icsgate.eu/realms/esa-maap/.well-known/openid-configuration", "type": "openIdConnect" } }, "sar:instrument_mode": "SM", "eofeos:orbit_drift_flag": false, "processing:datetime": "2026-03-02T09:52:28Z", "eofeos:mission_phase": "TOMOGRAPHIC", "updated": "2026-05-17T13:25:06Z", "sat:absolute_orbit": 4496, "product:acquisition_type": "nominal" } }, "geometry": { "type": "Polygon", "coordinates": [ [ [ -46.359886, -5.196231 ], [ -45.807625, -5.310975 ], [ -45.550053, -4.070657 ], [ -46.101295, -3.955458 ], [ -46.359886, -5.196231 ] ] ] } },
{ "type": "Feature", "properties": { "scene_id": "BIO_S1_SCS__1S_20251122T210644_20251122T210705_T_G01_M01_C01_T028_F160_01_DJYINR", "product_name": "BIO_S1_SCS__1S_20251122T210644_20251122T210705_T_G01_M01_C01_T028_F160_01_DJYINR", "collection": "BiomassLevel1a", "mode": "SCS", "track": "T028", "frame": "F160", "start_datetime": "2025-11-22T21:06:44.702Z", "end_datetime": "2025-11-22T21:07:05.483Z", "repeat_cycle": "1", "orbit_state": "DESCENDING", "raw_properties": { "processing:facility": "Biomass CPF", "product:type": "S1_SCS__1S", "eofeos:global_coverage_id": "1", "sat:anx_datetime": "2025-11-22T20:16:27.559Z", "platform": "Biomass", "eofeos:major_cycle_id": "1", "datetime": "2025-11-22T21:06:44.702Z", "instruments": [ "P-SAR" ], "constellation": "Biomass", "storage:schemes": { "biomass-pdgs-01": { "bucket": "biomass-pdgs-01", "description": "This endpoint provides access to EO data which is stored on the object storage of the ESA MAAP. See the [documentation](https://portal.maap.eo.esa.int/dataaccess/) for more information, including how to get credentials.", "type": "custom-s3", "title": "ESA MAAP S3", "region": "gra", "platform": "https://{bucket}.s3.{region}.io.cloud.ovh.net" } }, "eopf:datatake_id": "24939406", "processing:software": { "Biomass L1 Processor": "4.2.2" }, "eopf:instrument_configuration_id": 0, "grid:code": "WRS-28-160", "processing:level": "L1A", "proj:code": "EPSG:4326", "sci:doi": "10.57780/bio-bef83b4", "created": "2025-12-20T22:04:39Z", "published": "2025-11-22T21:07:05.483Z", "version": "01", "sar:observation_direction": "left", "sar:polarizations": [ "HH", "HV", "VH", "VV" ], "auth:schemes": { "s3": { "type": "s3" }, "oidc": { "openIdConnectUrl": "https://iam.ascend.icsgate.eu/realms/esa-maap/.well-known/openid-configuration", "type": "openIdConnect" } }, "sar:instrument_mode": "SM", "eofeos:orbit_drift_flag": false, "processing:datetime": "2025-12-20T22:04:39Z", "eofeos:mission_phase": "TOMOGRAPHIC", "updated": "2026-05-17T09:30:32Z", "sat:absolute_orbit": 3044, "product:acquisition_type": "nominal" } }, "geometry": { "type": "Polygon", "coordinates": [ [ [ -45.366558, -6.362676 ], [ -44.80691, -6.478266 ], [ -44.54178, -5.214817 ], [ -45.098957, -5.099022 ], [ -45.366558, -6.362676 ] ] ] } },
{ "type": "Feature", "properties": { "scene_id": "BIO_S1_SCS__1S_20251122T210644_20251122T210705_T_G01_M01_C01_T028_F160_01_DNRKFQ", "product_name": "BIO_S1_SCS__1S_20251122T210644_20251122T210705_T_G01_M01_C01_T028_F160_01_DNRKFQ", "collection": "BiomassLevel1a", "mode": "SCS", "track": "T028", "frame": "F160", "start_datetime": "2025-11-22T21:06:44.898Z", "end_datetime": "2025-11-22T21:07:05.287Z", "repeat_cycle": "1", "orbit_state": "DESCENDING", "raw_properties": { "processing:facility": "Biomass CPF", "product:type": "S1_SCS__1S", "eofeos:global_coverage_id": "1", "sat:anx_datetime": "2025-11-22T20:16:27.559Z", "platform": "Biomass", "eofeos:major_cycle_id": "1", "datetime": "2025-11-22T21:06:44.898Z", "instruments": [ "P-SAR" ], "constellation": "Biomass", "storage:schemes": { "biomass-pdgs-01": { "bucket": "biomass-pdgs-01", "description": "This endpoint provides access to EO data which is stored on the object storage of the ESA MAAP. See the [documentation](https://portal.maap.eo.esa.int/dataaccess/) for more information, including how to get credentials.", "type": "custom-s3", "title": "ESA MAAP S3", "region": "gra", "platform": "https://{bucket}.s3.{region}.io.cloud.ovh.net" } }, "eopf:datatake_id": "24939406", "processing:software": { "Biomass L1 Processor": "4.3.1" }, "eopf:instrument_configuration_id": 0, "grid:code": "WRS-28-160", "processing:level": "L1A", "proj:code": "EPSG:4326", "sci:doi": "10.57780/bio-bef83b4", "created": "2026-03-04T22:14:14Z", "published": "2025-11-22T21:07:05.287Z", "version": "01", "sar:observation_direction": "left", "sar:polarizations": [ "HH", "HV", "VH", "VV" ], "auth:schemes": { "s3": { "type": "s3" }, "oidc": { "openIdConnectUrl": "https://iam.ascend.icsgate.eu/realms/esa-maap/.well-known/openid-configuration", "type": "openIdConnect" } }, "sar:instrument_mode": "SM", "eofeos:orbit_drift_flag": false, "processing:datetime": "2026-03-04T22:14:14Z", "eofeos:mission_phase": "TOMOGRAPHIC", "updated": "2026-05-17T09:30:32Z", "sat:absolute_orbit": 3044, "product:acquisition_type": "nominal" } }, "geometry": { "type": "Polygon", "coordinates": [ [ [ -45.356236, -6.352326 ], [ -44.79851, -6.467519 ], [ -44.543034, -5.22699 ], [ -45.097942, -5.111674 ], [ -45.356236, -6.352326 ] ] ] } },
{ "type": "Feature", "properties": { "scene_id": "BIO_S1_SCS__1S_20251201T210650_20251201T210711_T_G01_M01_C04_T028_F160_01_DKQ8XW", "product_name": "BIO_S1_SCS__1S_20251201T210650_20251201T210711_T_G01_M01_C04_T028_F160_01_DKQ8XW", "collection": "BiomassLevel1a", "mode": "SCS", "track": "T028", "frame": "F160", "start_datetime": "2025-12-01T21:06:50.621Z", "end_datetime": "2025-12-01T21:07:11.403Z", "repeat_cycle": "4", "orbit_state": "DESCENDING", "raw_properties": { "processing:facility": "Biomass CPF", "product:type": "S1_SCS__1S", "eofeos:global_coverage_id": "1", "sat:anx_datetime": "2025-12-01T20:16:33.475Z", "platform": "Biomass", "eofeos:major_cycle_id": "1", "datetime": "2025-12-01T21:06:50.621Z", "instruments": [ "P-SAR" ], "constellation": "Biomass", "storage:schemes": { "biomass-pdgs-01": { "bucket": "biomass-pdgs-01", "description": "This endpoint provides access to EO data which is stored on the object storage of the ESA MAAP. See the [documentation](https://portal.maap.eo.esa.int/dataaccess/) for more information, including how to get credentials.", "type": "custom-s3", "title": "ESA MAAP S3", "region": "gra", "platform": "https://{bucket}.s3.{region}.io.cloud.ovh.net" } }, "eopf:datatake_id": "26020750", "processing:software": { "Biomass L1 Processor": "4.2.2" }, "eopf:instrument_configuration_id": 0, "grid:code": "WRS-28-160", "processing:level": "L1A", "proj:code": "EPSG:4326", "sci:doi": "10.57780/bio-bef83b4", "created": "2026-01-04T21:27:32Z", "published": "2025-12-01T21:07:11.403Z", "version": "01", "sar:observation_direction": "left", "sar:polarizations": [ "HH", "HV", "VH", "VV" ], "auth:schemes": { "s3": { "type": "s3" }, "oidc": { "openIdConnectUrl": "https://iam.ascend.icsgate.eu/realms/esa-maap/.well-known/openid-configuration", "type": "openIdConnect" } }, "sar:instrument_mode": "SM", "eofeos:orbit_drift_flag": false, "processing:datetime": "2026-01-04T21:27:32Z", "eofeos:mission_phase": "TOMOGRAPHIC", "updated": "2026-05-17T10:13:52Z", "sat:absolute_orbit": 3176, "product:acquisition_type": "nominal" } }, "geometry": { "type": "Polygon", "coordinates": [ [ [ -45.39278, -6.362584 ], [ -44.83309, -6.478181 ], [ -44.56797, -5.214732 ], [ -45.125195, -5.098931 ], [ -45.39278, -6.362584 ] ] ] } },
{ "type": "Feature", "properties": { "scene_id": "BIO_S1_SCS__1S_20260211T211128_20260211T211149_T_G01_M02_C01_T028_F160_01_DMPIFD", "product_name": "BIO_S1_SCS__1S_20260211T211128_20260211T211149_T_G01_M02_C01_T028_F160_01_DMPIFD", "collection": "BiomassLevel1a", "mode": "SCS", "track": "T028", "frame": "F160", "start_datetime": "2026-02-11T21:11:28.984Z", "end_datetime": "2026-02-11T21:11:49.373Z", "repeat_cycle": "1", "orbit_state": "DESCENDING", "raw_properties": { "processing:facility": "Biomass CPF", "product:type": "S1_SCS__1S", "eofeos:global_coverage_id": "1", "sat:anx_datetime": "2026-02-11T20:21:11.722Z", "platform": "Biomass", "eofeos:major_cycle_id": "2", "datetime": "2026-02-11T21:11:28.984Z", "instruments": [ "P-SAR" ], "constellation": "Biomass", "storage:schemes": { "biomass-pdgs-01": { "bucket": "biomass-pdgs-01", "description": "This endpoint provides access to EO data which is stored on the object storage of the ESA MAAP. See the [documentation](https://portal.maap.eo.esa.int/dataaccess/) for more information, including how to get credentials.", "type": "custom-s3", "title": "ESA MAAP S3", "region": "gra", "platform": "https://{bucket}.s3.{region}.io.cloud.ovh.net" } }, "eopf:datatake_id": "34671487", "processing:software": { "Biomass L1 Processor": "4.3.1" }, "eopf:instrument_configuration_id": 0, "grid:code": "WRS-28-160", "processing:level": "L1A", "proj:code": "EPSG:4326", "sci:doi": "10.57780/bio-bef83b4", "created": "2026-02-12T09:02:01Z", "published": "2026-02-11T21:11:49.373Z", "version": "01", "sar:observation_direction": "left", "sar:polarizations": [ "HH", "HV", "VH", "VV" ], "auth:schemes": { "s3": { "type": "s3" }, "oidc": { "openIdConnectUrl": "https://iam.ascend.icsgate.eu/realms/esa-maap/.well-known/openid-configuration", "type": "openIdConnect" } }, "sar:instrument_mode": "SM", "eofeos:orbit_drift_flag": false, "processing:datetime": "2026-02-12T09:02:01Z", "eofeos:mission_phase": "TOMOGRAPHIC", "updated": "2026-05-17T12:41:18Z", "sat:absolute_orbit": 4232, "product:acquisition_type": "nominal" } }, "geometry": { "type": "Polygon", "coordinates": [ [ [ -46.55829, -6.352393 ], [ -45.999165, -6.467892 ], [ -45.739796, -5.228131 ], [ -46.294373, -5.11287 ], [ -46.55829, -6.352393 ] ] ] } },
{ "type": "Feature", "properties": { "scene_id": "BIO_S1_SCS__1S_20260301T211139_20260301T211200_T_G01_M02_C07_T028_F160_01_DNMWOO", "product_name": "BIO_S1_SCS__1S_20260301T211139_20260301T211200_T_G01_M02_C07_T028_F160_01_DNMWOO", "collection": "BiomassLevel1a", "mode": "SCS", "track": "T028", "frame": "F160", "start_datetime": "2026-03-01T21:11:39.787Z", "end_datetime": "2026-03-01T21:12:00.176Z", "repeat_cycle": "7", "orbit_state": "DESCENDING", "raw_properties": { "processing:facility": "Biomass CPF", "product:type": "S1_SCS__1S", "eofeos:global_coverage_id": "1", "sat:anx_datetime": "2026-03-01T20:21:22.493Z", "platform": "Biomass", "eofeos:major_cycle_id": "2", "datetime": "2026-03-01T21:11:39.787Z", "instruments": [ "P-SAR" ], "constellation": "Biomass", "storage:schemes": { "biomass-pdgs-01": { "bucket": "biomass-pdgs-01", "description": "This endpoint provides access to EO data which is stored on the object storage of the ESA MAAP. See the [documentation](https://portal.maap.eo.esa.int/dataaccess/) for more information, including how to get credentials.", "type": "custom-s3", "title": "ESA MAAP S3", "region": "gra", "platform": "https://{bucket}.s3.{region}.io.cloud.ovh.net" } }, "eopf:datatake_id": "36834176", "processing:software": { "Biomass L1 Processor": "4.3.1" }, "eopf:instrument_configuration_id": 0, "grid:code": "WRS-28-160", "processing:level": "L1A", "proj:code": "EPSG:4326", "sci:doi": "10.57780/bio-bef83b4", "created": "2026-03-02T09:50:48Z", "published": "2026-03-01T21:12:00.176Z", "version": "01", "sar:observation_direction": "left", "sar:polarizations": [ "HH", "HV", "VH", "VV" ], "auth:schemes": { "s3": { "type": "s3" }, "oidc": { "openIdConnectUrl": "https://iam.ascend.icsgate.eu/realms/esa-maap/.well-known/openid-configuration", "type": "openIdConnect" } }, "sar:instrument_mode": "SM", "eofeos:orbit_drift_flag": false, "processing:datetime": "2026-03-02T09:50:48Z", "eofeos:mission_phase": "TOMOGRAPHIC", "updated": "2026-05-17T13:25:07Z", "sat:absolute_orbit": 4496, "product:acquisition_type": "nominal" } }, "geometry": { "type": "Polygon", "coordinates": [ [ [ -46.602142, -6.352242 ], [ -46.042698, -6.467814 ], [ -45.786148, -5.227494 ], [ -46.338528, -5.11268 ], [ -46.602142, -6.352242 ] ] ] } },
{ "type": "Feature", "properties": { "scene_id": "BIO_S1_SCS__1S_20260424T211608_20260424T211629_T_G01_M03_C01_T028_F160_02_DQF0JV", "product_name": "BIO_S1_SCS__1S_20260424T211608_20260424T211629_T_G01_M03_C01_T028_F160_02_DQF0JV", "collection": "BiomassLevel1a", "mode": "SCS", "track": "T028", "frame": "F160", "start_datetime": "2026-04-24T21:16:08.729Z", "end_datetime": "2026-04-24T21:16:29.118Z", "repeat_cycle": "1", "orbit_state": "DESCENDING", "raw_properties": { "processing:facility": "Biomass CPF", "product:type": "S1_SCS__1S", "eofeos:global_coverage_id": "1", "sat:anx_datetime": "2026-04-24T20:25:51.443Z", "platform": "Biomass", "eofeos:major_cycle_id": "3", "datetime": "2026-04-24T21:16:08.729Z", "instruments": [ "P-SAR" ], "constellation": "Biomass", "storage:schemes": { "biomass-pdgs-01": { "bucket": "biomass-pdgs-01", "description": "This endpoint provides access to EO data which is stored on the object storage of the ESA MAAP. See the [documentation](https://portal.maap.eo.esa.int/dataaccess/) for more information, including how to get credentials.", "type": "custom-s3", "title": "ESA MAAP S3", "region": "gra", "platform": "https://{bucket}.s3.{region}.io.cloud.ovh.net" } }, "eopf:datatake_id": "43322236", "processing:software": { "Biomass L1 Processor": "4.4.2" }, "eopf:instrument_configuration_id": 0, "grid:code": "WRS-28-160", "processing:level": "L1A", "proj:code": "EPSG:4326", "sci:doi": "10.57780/bio-bef83b4", "created": "2026-04-25T11:14:19Z", "published": "2026-04-24T21:16:29.118Z", "version": "02", "sar:observation_direction": "left", "sar:polarizations": [ "HH", "HV", "VH", "VV" ], "auth:schemes": { "s3": { "type": "s3" }, "oidc": { "openIdConnectUrl": "https://iam.ascend.icsgate.eu/realms/esa-maap/.well-known/openid-configuration", "type": "openIdConnect" } }, "sar:instrument_mode": "SM", "eofeos:orbit_drift_flag": false, "processing:datetime": "2026-04-25T11:14:19Z", "eofeos:mission_phase": "TOMOGRAPHIC", "updated": "2026-06-09T16:48:38Z", "sat:absolute_orbit": 5288, "product:acquisition_type": "nominal" } }, "geometry": { "type": "Polygon", "coordinates": [ [ [ -47.722286, -6.352467 ], [ -47.164703, -6.467681 ], [ -46.90571, -5.227854 ], [ -47.459515, -5.11272 ], [ -47.722286, -6.352467 ] ] ] } },
{ "type": "Feature", "properties": { "scene_id": "BIO_S1_SCS__1S_20260427T211610_20260427T211631_T_G01_M03_C02_T028_F160_02_DQKJZ6", "product_name": "BIO_S1_SCS__1S_20260427T211610_20260427T211631_T_G01_M03_C02_T028_F160_02_DQKJZ6", "collection": "BiomassLevel1a", "mode": "SCS", "track": "T028", "frame": "F160", "start_datetime": "2026-04-27T21:16:10.639Z", "end_datetime": "2026-04-27T21:16:31.028Z", "repeat_cycle": "2", "orbit_state": "DESCENDING", "raw_properties": { "processing:facility": "Biomass CPF", "product:type": "S1_SCS__1S", "eofeos:global_coverage_id": "1", "sat:anx_datetime": "2026-04-27T20:25:53.361Z", "platform": "Biomass", "eofeos:major_cycle_id": "3", "datetime": "2026-04-27T21:16:10.639Z", "instruments": [ "P-SAR" ], "constellation": "Biomass", "storage:schemes": { "biomass-pdgs-01": { "bucket": "biomass-pdgs-01", "description": "This endpoint provides access to EO data which is stored on the object storage of the ESA MAAP. See the [documentation](https://portal.maap.eo.esa.int/dataaccess/) for more information, including how to get credentials.", "type": "custom-s3", "title": "ESA MAAP S3", "region": "gra", "platform": "https://{bucket}.s3.{region}.io.cloud.ovh.net" } }, "eopf:datatake_id": "43682683", "processing:software": { "Biomass L1 Processor": "4.4.2" }, "eopf:instrument_configuration_id": 0, "grid:code": "WRS-28-160", "processing:level": "L1A", "proj:code": "EPSG:4326", "sci:doi": "10.57780/bio-bef83b4", "created": "2026-04-28T11:01:54Z", "published": "2026-04-27T21:16:31.028Z", "version": "02", "sar:observation_direction": "left", "sar:polarizations": [ "HH", "HV", "VH", "VV" ], "auth:schemes": { "s3": { "type": "s3" }, "oidc": { "openIdConnectUrl": "https://iam.ascend.icsgate.eu/realms/esa-maap/.well-known/openid-configuration", "type": "openIdConnect" } }, "sar:instrument_mode": "SM", "eofeos:orbit_drift_flag": false, "processing:datetime": "2026-04-28T11:01:54Z", "eofeos:mission_phase": "TOMOGRAPHIC", "updated": "2026-06-10T21:53:19Z", "sat:absolute_orbit": 5332, "product:acquisition_type": "nominal" } }, "geometry": { "type": "Polygon", "coordinates": [ [ [ -47.730022, -6.352322 ], [ -47.17171, -6.467678 ], [ -46.91247, -5.227895 ], [ -47.465763, -5.112876 ], [ -47.730022, -6.352322 ] ] ] } },
{ "type": "Feature", "properties": { "scene_id": "BIO_S1_SCS__1S_20260430T211612_20260430T211632_T_G01_M03_C03_T028_F160_02_DQQ5QO", "product_name": "BIO_S1_SCS__1S_20260430T211612_20260430T211632_T_G01_M03_C03_T028_F160_02_DQQ5QO", "collection": "BiomassLevel1a", "mode": "SCS", "track": "T028", "frame": "F160", "start_datetime": "2026-04-30T21:16:12.587Z", "end_datetime": "2026-04-30T21:16:32.976Z", "repeat_cycle": "3", "orbit_state": "DESCENDING", "raw_properties": { "processing:facility": "Biomass CPF", "product:type": "S1_SCS__1S", "eofeos:global_coverage_id": "1", "sat:anx_datetime": "2026-04-30T20:25:55.299Z", "platform": "Biomass", "eofeos:major_cycle_id": "3", "datetime": "2026-04-30T21:16:12.587Z", "instruments": [ "P-SAR" ], "constellation": "Biomass", "storage:schemes": { "biomass-pdgs-01": { "bucket": "biomass-pdgs-01", "description": "This endpoint provides access to EO data which is stored on the object storage of the ESA MAAP. See the [documentation](https://portal.maap.eo.esa.int/dataaccess/) for more information, including how to get credentials.", "type": "custom-s3", "title": "ESA MAAP S3", "region": "gra", "platform": "https://{bucket}.s3.{region}.io.cloud.ovh.net" } }, "eopf:datatake_id": "44043131", "processing:software": { "Biomass L1 Processor": "4.4.2" }, "eopf:instrument_configuration_id": 0, "grid:code": "WRS-28-160", "processing:level": "L1A", "proj:code": "EPSG:4326", "sci:doi": "10.57780/bio-bef83b4", "created": "2026-05-01T11:40:00Z", "published": "2026-04-30T21:16:32.976Z", "version": "02", "sar:observation_direction": "left", "sar:polarizations": [ "HH", "HV", "VH", "VV" ], "auth:schemes": { "s3": { "type": "s3" }, "oidc": { "openIdConnectUrl": "https://iam.ascend.icsgate.eu/realms/esa-maap/.well-known/openid-configuration", "type": "openIdConnect" } }, "sar:instrument_mode": "SM", "eofeos:orbit_drift_flag": false, "processing:datetime": "2026-05-01T11:40:00Z", "eofeos:mission_phase": "TOMOGRAPHIC", "updated": "2026-06-10T22:10:14Z", "sat:absolute_orbit": 5376, "product:acquisition_type": "nominal" } }, "geometry": { "type": "Polygon", "coordinates": [ [ [ -47.738686, -6.35215 ], [ -47.180664, -6.46744 ], [ -46.92074, -5.227812 ], [ -47.474903, -5.112619 ], [ -47.738686, -6.35215 ] ] ] } },
{ "type": "Feature", "properties": { "scene_id": "BIO_S1_SCS__1S_20260301T211158_20260301T211219_T_G01_M02_C07_T028_F161_01_DNMWTC", "product_name": "BIO_S1_SCS__1S_20260301T211158_20260301T211219_T_G01_M02_C07_T028_F161_01_DNMWTC", "collection": "BiomassLevel1a", "mode": "SCS", "track": "T028", "frame": "F161", "start_datetime": "2026-03-01T21:11:58.790Z", "end_datetime": "2026-03-01T21:12:19.181Z", "repeat_cycle": "7", "orbit_state": "DESCENDING", "raw_properties": { "processing:facility": "Biomass CPF", "product:type": "S1_SCS__1S", "eofeos:global_coverage_id": "1", "sat:anx_datetime": "2026-03-01T20:21:22.493Z", "platform": "Biomass", "eofeos:major_cycle_id": "2", "datetime": "2026-03-01T21:11:58.790Z", "instruments": [ "P-SAR" ], "constellation": "Biomass", "storage:schemes": { "biomass-pdgs-01": { "bucket": "biomass-pdgs-01", "description": "This endpoint provides access to EO data which is stored on the object storage of the ESA MAAP. See the [documentation](https://portal.maap.eo.esa.int/dataaccess/) for more information, including how to get credentials.", "type": "custom-s3", "title": "ESA MAAP S3", "region": "gra", "platform": "https://{bucket}.s3.{region}.io.cloud.ovh.net" } }, "eopf:datatake_id": "36834176", "processing:software": { "Biomass L1 Processor": "4.3.1" }, "eopf:instrument_configuration_id": 0, "grid:code": "WRS-28-161", "processing:level": "L1A", "proj:code": "EPSG:4326", "sci:doi": "10.57780/bio-bef83b4", "created": "2026-03-02T09:53:36Z", "published": "2026-03-01T21:12:19.181Z", "version": "01", "sar:observation_direction": "left", "sar:polarizations": [ "HH", "HV", "VH", "VV" ], "auth:schemes": { "s3": { "type": "s3" }, "oidc": { "openIdConnectUrl": "https://iam.ascend.icsgate.eu/realms/esa-maap/.well-known/openid-configuration", "type": "openIdConnect" } }, "sar:instrument_mode": "SM", "eofeos:orbit_drift_flag": false, "processing:datetime": "2026-03-02T09:53:36Z", "eofeos:mission_phase": "TOMOGRAPHIC", "updated": "2026-05-17T13:25:07Z", "sat:absolute_orbit": 4496, "product:acquisition_type": "nominal" } }, "geometry": { "type": "Polygon", "coordinates": [ [ [ -46.840656, -7.509042 ], [ -46.281246, -7.623912 ], [ -46.023945, -6.383821 ], [ -46.57846, -6.269222 ], [ -46.840656, -7.509042 ] ] ] } },
{ "type": "Feature", "properties": { "scene_id": "BIO_S1_SCS__1S_20260427T211629_20260427T211650_T_G01_M03_C02_T028_F161_02_DQKKQ8", "product_name": "BIO_S1_SCS__1S_20260427T211629_20260427T211650_T_G01_M03_C02_T028_F161_02_DQKKQ8", "collection": "BiomassLevel1a", "mode": "SCS", "track": "T028", "frame": "F161", "start_datetime": "2026-04-27T21:16:29.643Z", "end_datetime": "2026-04-27T21:16:50.033Z", "repeat_cycle": "2", "orbit_state": "DESCENDING", "raw_properties": { "processing:facility": "Biomass CPF", "product:type": "S1_SCS__1S", "eofeos:global_coverage_id": "1", "sat:anx_datetime": "2026-04-27T20:25:53.361Z", "platform": "Biomass", "eofeos:major_cycle_id": "3", "datetime": "2026-04-27T21:16:29.643Z", "instruments": [ "P-SAR" ], "constellation": "Biomass", "storage:schemes": { "biomass-pdgs-01": { "bucket": "biomass-pdgs-01", "description": "This endpoint provides access to EO data which is stored on the object storage of the ESA MAAP. See the [documentation](https://portal.maap.eo.esa.int/dataaccess/) for more information, including how to get credentials.", "type": "custom-s3", "title": "ESA MAAP S3", "region": "gra", "platform": "https://{bucket}.s3.{region}.io.cloud.ovh.net" } }, "eopf:datatake_id": "43682683", "processing:software": { "Biomass L1 Processor": "4.4.2" }, "eopf:instrument_configuration_id": 0, "grid:code": "WRS-28-161", "processing:level": "L1A", "proj:code": "EPSG:4326", "sci:doi": "10.57780/bio-bef83b4", "created": "2026-04-28T11:18:08Z", "published": "2026-04-27T21:16:50.033Z", "version": "02", "sar:observation_direction": "left", "sar:polarizations": [ "HH", "HV", "VH", "VV" ], "auth:schemes": { "s3": { "type": "s3" }, "oidc": { "openIdConnectUrl": "https://iam.ascend.icsgate.eu/realms/esa-maap/.well-known/openid-configuration", "type": "openIdConnect" } }, "sar:instrument_mode": "SM", "eofeos:orbit_drift_flag": false, "processing:datetime": "2026-04-28T11:18:08Z", "eofeos:mission_phase": "TOMOGRAPHIC", "updated": "2026-06-10T21:53:20Z", "sat:absolute_orbit": 5332, "product:acquisition_type": "nominal" } }, "geometry": { "type": "Polygon", "coordinates": [ [ [ -47.9703, -7.508774 ], [ -47.412537, -7.623329 ], [ -47.152058, -6.383931 ], [ -47.705566, -6.269523 ], [ -47.9703, -7.508774 ] ] ] } },
{ "type": "Feature", "properties": { "scene_id": "BIO_S1_SCS__1S_20260509T211637_20260509T211657_T_G01_M03_C06_T028_F161_02_DR72M3", "product_name": "BIO_S1_SCS__1S_20260509T211637_20260509T211657_T_G01_M03_C06_T028_F161_02_DR72M3", "collection": "BiomassLevel1a", "mode": "SCS", "track": "T028", "frame": "F161", "start_datetime": "2026-05-09T21:16:37.408Z", "end_datetime": "2026-05-09T21:16:57.798Z", "repeat_cycle": "6", "orbit_state": "DESCENDING", "raw_properties": { "processing:facility": "Biomass CPF", "product:type": "S1_SCS__1S", "eofeos:global_coverage_id": "1", "sat:anx_datetime": "2026-05-09T20:26:01.107Z", "platform": "Biomass", "eofeos:major_cycle_id": "3", "datetime": "2026-05-09T21:16:37.408Z", "instruments": [ "P-SAR" ], "constellation": "Biomass", "storage:schemes": { "biomass-pdgs-01": { "bucket": "biomass-pdgs-01", "description": "This endpoint provides access to EO data which is stored on the object storage of the ESA MAAP. See the [documentation](https://portal.maap.eo.esa.int/dataaccess/) for more information, including how to get credentials.", "type": "custom-s3", "title": "ESA MAAP S3", "region": "gra", "platform": "https://{bucket}.s3.{region}.io.cloud.ovh.net" } }, "eopf:datatake_id": "45124469", "processing:software": { "Biomass L1 Processor": "4.4.3" }, "eopf:instrument_configuration_id": 0, "grid:code": "WRS-28-161", "processing:level": "L1A", "proj:code": "EPSG:4326", "sci:doi": "10.57780/bio-bef83b4", "created": "2026-05-10T14:51:39Z", "published": "2026-05-09T21:16:57.798Z", "version": "02", "sar:observation_direction": "left", "sar:polarizations": [ "HH", "HV", "VH", "VV" ], "auth:schemes": { "s3": { "type": "s3" }, "oidc": { "openIdConnectUrl": "https://iam.ascend.icsgate.eu/realms/esa-maap/.well-known/openid-configuration", "type": "openIdConnect" } }, "sar:instrument_mode": "SM", "eofeos:orbit_drift_flag": false, "processing:datetime": "2026-05-10T14:51:39Z", "eofeos:mission_phase": "TOMOGRAPHIC", "updated": "2026-06-10T22:44:52Z", "sat:absolute_orbit": 5508, "product:acquisition_type": "nominal" } }, "geometry": { "type": "Polygon", "coordinates": [ [ [ -48.002323, -7.508904 ], [ -47.445065, -7.623361 ], [ -47.184765, -6.383917 ], [ -47.73788, -6.269585 ], [ -48.002323, -7.508904 ] ] ] } },
{ "type": "Feature", "properties": { "scene_id": "BIO_S1_SCS__1S_20251122T210722_20251122T210743_T_G01_M01_C01_T028_F162_01_DJYIUW", "product_name": "BIO_S1_SCS__1S_20251122T210722_20251122T210743_T_G01_M01_C01_T028_F162_01_DJYIUW", "collection": "BiomassLevel1a", "mode": "SCS", "track": "T028", "frame": "F162", "start_datetime": "2025-11-22T21:07:22.711Z", "end_datetime": "2025-11-22T21:07:43.494Z", "repeat_cycle": "1", "orbit_state": "DESCENDING", "raw_properties": { "processing:facility": "Biomass CPF", "product:type": "S1_SCS__1S", "eofeos:global_coverage_id": "1", "sat:anx_datetime": "2025-11-22T20:16:27.559Z", "platform": "Biomass", "eofeos:major_cycle_id": "1", "datetime": "2025-11-22T21:07:22.711Z", "instruments": [ "P-SAR" ], "constellation": "Biomass", "storage:schemes": { "biomass-pdgs-01": { "bucket": "biomass-pdgs-01", "description": "This endpoint provides access to EO data which is stored on the object storage of the ESA MAAP. See the [documentation](https://portal.maap.eo.esa.int/dataaccess/) for more information, including how to get credentials.", "type": "custom-s3", "title": "ESA MAAP S3", "region": "gra", "platform": "https://{bucket}.s3.{region}.io.cloud.ovh.net" } }, "eopf:datatake_id": "24939406", "processing:software": { "Biomass L1 Processor": "4.2.2" }, "eopf:instrument_configuration_id": 0, "grid:code": "WRS-28-162", "processing:level": "L1A", "proj:code": "EPSG:4326", "sci:doi": "10.57780/bio-bef83b4", "created": "2025-12-20T22:08:56Z", "published": "2025-11-22T21:07:43.494Z", "version": "01", "sar:observation_direction": "left", "sar:polarizations": [ "HH", "HV", "VH", "VV" ], "auth:schemes": { "s3": { "type": "s3" }, "oidc": { "openIdConnectUrl": "https://iam.ascend.icsgate.eu/realms/esa-maap/.well-known/openid-configuration", "type": "openIdConnect" } }, "sar:instrument_mode": "SM", "eofeos:orbit_drift_flag": false, "processing:datetime": "2025-12-20T22:08:56Z", "eofeos:mission_phase": "TOMOGRAPHIC", "updated": "2026-05-17T09:30:32Z", "sat:absolute_orbit": 3044, "product:acquisition_type": "nominal" } }, "geometry": { "type": "Polygon", "coordinates": [ [ [ -45.84417, -8.676016 ], [ -45.283184, -8.790467 ], [ -45.0183, -7.52723 ], [ -45.57618, -7.412637 ], [ -45.84417, -8.676016 ] ] ] } },
{ "type": "Feature", "properties": { "scene_id": "BIO_S1_SCS__1S_20251201T210728_20251201T210749_T_G01_M01_C04_T028_F162_01_DKQBP2", "product_name": "BIO_S1_SCS__1S_20251201T210728_20251201T210749_T_G01_M01_C04_T028_F162_01_DKQBP2", "collection": "BiomassLevel1a", "mode": "SCS", "track": "T028", "frame": "F162", "start_datetime": "2025-12-01T21:07:28.632Z", "end_datetime": "2025-12-01T21:07:49.415Z", "repeat_cycle": "4", "orbit_state": "DESCENDING", "raw_properties": { "processing:facility": "Biomass CPF", "product:type": "S1_SCS__1S", "eofeos:global_coverage_id": "1", "sat:anx_datetime": "2025-12-01T20:16:33.475Z", "platform": "Biomass", "eofeos:major_cycle_id": "1", "datetime": "2025-12-01T21:07:28.632Z", "instruments": [ "P-SAR" ], "constellation": "Biomass", "storage:schemes": { "biomass-pdgs-01": { "bucket": "biomass-pdgs-01", "description": "This endpoint provides access to EO data which is stored on the object storage of the ESA MAAP. See the [documentation](https://portal.maap.eo.esa.int/dataaccess/) for more information, including how to get credentials.", "type": "custom-s3", "title": "ESA MAAP S3", "region": "gra", "platform": "https://{bucket}.s3.{region}.io.cloud.ovh.net" } }, "eopf:datatake_id": "26020750", "processing:software": { "Biomass L1 Processor": "4.2.2" }, "eopf:instrument_configuration_id": 0, "grid:code": "WRS-28-162", "processing:level": "L1A", "proj:code": "EPSG:4326", "sci:doi": "10.57780/bio-bef83b4", "created": "2026-01-04T22:27:02Z", "published": "2025-12-01T21:07:49.415Z", "version": "01", "sar:observation_direction": "left", "sar:polarizations": [ "HH", "HV", "VH", "VV" ], "auth:schemes": { "s3": { "type": "s3" }, "oidc": { "openIdConnectUrl": "https://iam.ascend.icsgate.eu/realms/esa-maap/.well-known/openid-configuration", "type": "openIdConnect" } }, "sar:instrument_mode": "SM", "eofeos:orbit_drift_flag": false, "processing:datetime": "2026-01-04T22:27:02Z", "eofeos:mission_phase": "TOMOGRAPHIC", "updated": "2026-05-17T10:13:52Z", "sat:absolute_orbit": 3176, "product:acquisition_type": "nominal" } }, "geometry": { "type": "Polygon", "coordinates": [ [ [ -45.87039, -8.676031 ], [ -45.309364, -8.790488 ], [ -45.04449, -7.527252 ], [ -45.602417, -7.412652 ], [ -45.87039, -8.676031 ] ] ] } },
{ "type": "Feature", "properties": { "scene_id": "BIO_S1_SCS__1S_20260301T211217_20260301T211238_T_G01_M02_C07_T028_F162_01_DNMWX3", "product_name": "BIO_S1_SCS__1S_20260301T211217_20260301T211238_T_G01_M02_C07_T028_F162_01_DNMWX3", "collection": "BiomassLevel1a", "mode": "SCS", "track": "T028", "frame": "F162", "start_datetime": "2026-03-01T21:12:17.795Z", "end_datetime": "2026-03-01T21:12:38.186Z", "repeat_cycle": "7", "orbit_state": "DESCENDING", "raw_properties": { "processing:facility": "Biomass CPF", "product:type": "S1_SCS__1S", "eofeos:global_coverage_id": "1", "sat:anx_datetime": "2026-03-01T20:21:22.493Z", "platform": "Biomass", "eofeos:major_cycle_id": "2", "datetime": "2026-03-01T21:12:17.795Z", "instruments": [ "P-SAR" ], "constellation": "Biomass", "storage:schemes": { "biomass-pdgs-01": { "bucket": "biomass-pdgs-01", "description": "This endpoint provides access to EO data which is stored on the object storage of the ESA MAAP. See the [documentation](https://portal.maap.eo.esa.int/dataaccess/) for more information, including how to get credentials.", "type": "custom-s3", "title": "ESA MAAP S3", "region": "gra", "platform": "https://{bucket}.s3.{region}.io.cloud.ovh.net" } }, "eopf:datatake_id": "36834176", "processing:software": { "Biomass L1 Processor": "4.3.1" }, "eopf:instrument_configuration_id": 0, "grid:code": "WRS-28-162", "processing:level": "L1A", "proj:code": "EPSG:4326", "sci:doi": "10.57780/bio-bef83b4", "created": "2026-03-02T09:55:51Z", "published": "2026-03-01T21:12:38.186Z", "version": "01", "sar:observation_direction": "left", "sar:polarizations": [ "HH", "HV", "VH", "VV" ], "auth:schemes": { "s3": { "type": "s3" }, "oidc": { "openIdConnectUrl": "https://iam.ascend.icsgate.eu/realms/esa-maap/.well-known/openid-configuration", "type": "openIdConnect" } }, "sar:instrument_mode": "SM", "eofeos:orbit_drift_flag": false, "processing:datetime": "2026-03-02T09:55:51Z", "eofeos:mission_phase": "TOMOGRAPHIC", "updated": "2026-05-17T13:25:07Z", "sat:absolute_orbit": 4496, "product:acquisition_type": "nominal" } }, "geometry": { "type": "Polygon", "coordinates": [ [ [ -47.07855, -8.665835 ], [ -46.51653, -8.780512 ], [ -46.25985, -7.540492 ], [ -46.81696, -7.426048 ], [ -47.07855, -8.665835 ] ] ] } },
{ "type": "Feature", "properties": { "scene_id": "BIO_S1_SCS__1S_20260427T211648_20260427T211709_T_G01_M03_C02_T028_F162_02_DQKKN2", "product_name": "BIO_S1_SCS__1S_20260427T211648_20260427T211709_T_G01_M03_C02_T028_F162_02_DQKKN2", "collection": "BiomassLevel1a", "mode": "SCS", "track": "T028", "frame": "F162", "start_datetime": "2026-04-27T21:16:48.649Z", "end_datetime": "2026-04-27T21:17:09.039Z", "repeat_cycle": "2", "orbit_state": "DESCENDING", "raw_properties": { "processing:facility": "Biomass CPF", "product:type": "S1_SCS__1S", "eofeos:global_coverage_id": "1", "sat:anx_datetime": "2026-04-27T20:25:53.361Z", "platform": "Biomass", "eofeos:major_cycle_id": "3", "datetime": "2026-04-27T21:16:48.649Z", "instruments": [ "P-SAR" ], "constellation": "Biomass", "storage:schemes": { "biomass-pdgs-01": { "bucket": "biomass-pdgs-01", "description": "This endpoint provides access to EO data which is stored on the object storage of the ESA MAAP. See the [documentation](https://portal.maap.eo.esa.int/dataaccess/) for more information, including how to get credentials.", "type": "custom-s3", "title": "ESA MAAP S3", "region": "gra", "platform": "https://{bucket}.s3.{region}.io.cloud.ovh.net" } }, "eopf:datatake_id": "43682683", "processing:software": { "Biomass L1 Processor": "4.4.2" }, "eopf:instrument_configuration_id": 0, "grid:code": "WRS-28-162", "processing:level": "L1A", "proj:code": "EPSG:4326", "sci:doi": "10.57780/bio-bef83b4", "created": "2026-04-28T11:16:14Z", "published": "2026-04-27T21:17:09.039Z", "version": "02", "sar:observation_direction": "left", "sar:polarizations": [ "HH", "HV", "VH", "VV" ], "auth:schemes": { "s3": { "type": "s3" }, "oidc": { "openIdConnectUrl": "https://iam.ascend.icsgate.eu/realms/esa-maap/.well-known/openid-configuration", "type": "openIdConnect" } }, "sar:instrument_mode": "SM", "eofeos:orbit_drift_flag": false, "processing:datetime": "2026-04-28T11:16:14Z", "eofeos:mission_phase": "TOMOGRAPHIC", "updated": "2026-06-10T21:53:20Z", "sat:absolute_orbit": 5332, "product:acquisition_type": "nominal" } }, "geometry": { "type": "Polygon", "coordinates": [ [ [ -48.209023, -8.665414 ], [ -47.648106, -8.779891 ], [ -47.389385, -7.540266 ], [ -47.945553, -7.425997 ], [ -48.209023, -8.665414 ] ] ] } },
{ "type": "Feature", "properties": { "scene_id": "BIO_S1_SCS__1S_20260509T211656_20260509T211716_T_G01_M03_C06_T028_F162_02_DR72SB", "product_name": "BIO_S1_SCS__1S_20260509T211656_20260509T211716_T_G01_M03_C06_T028_F162_02_DR72SB", "collection": "BiomassLevel1a", "mode": "SCS", "track": "T028", "frame": "F162", "start_datetime": "2026-05-09T21:16:56.413Z", "end_datetime": "2026-05-09T21:17:16.804Z", "repeat_cycle": "6", "orbit_state": "DESCENDING", "raw_properties": { "processing:facility": "Biomass CPF", "product:type": "S1_SCS__1S", "eofeos:global_coverage_id": "1", "sat:anx_datetime": "2026-05-09T20:26:01.107Z", "platform": "Biomass", "eofeos:major_cycle_id": "3", "datetime": "2026-05-09T21:16:56.413Z", "instruments": [ "P-SAR" ], "constellation": "Biomass", "storage:schemes": { "biomass-pdgs-01": { "bucket": "biomass-pdgs-01", "description": "This endpoint provides access to EO data which is stored on the object storage of the ESA MAAP. See the [documentation](https://portal.maap.eo.esa.int/dataaccess/) for more information, including how to get credentials.", "type": "custom-s3", "title": "ESA MAAP S3", "region": "gra", "platform": "https://{bucket}.s3.{region}.io.cloud.ovh.net" } }, "eopf:datatake_id": "45124469", "processing:software": { "Biomass L1 Processor": "4.4.3" }, "eopf:instrument_configuration_id": 0, "grid:code": "WRS-28-162", "processing:level": "L1A", "proj:code": "EPSG:4326", "sci:doi": "10.57780/bio-bef83b4", "created": "2026-05-10T14:55:23Z", "published": "2026-05-09T21:17:16.804Z", "version": "02", "sar:observation_direction": "left", "sar:polarizations": [ "HH", "HV", "VH", "VV" ], "auth:schemes": { "s3": { "type": "s3" }, "oidc": { "openIdConnectUrl": "https://iam.ascend.icsgate.eu/realms/esa-maap/.well-known/openid-configuration", "type": "openIdConnect" } }, "sar:instrument_mode": "SM", "eofeos:orbit_drift_flag": false, "processing:datetime": "2026-05-10T14:55:23Z", "eofeos:mission_phase": "TOMOGRAPHIC", "updated": "2026-06-10T22:44:52Z", "sat:absolute_orbit": 5508, "product:acquisition_type": "nominal" } }, "geometry": { "type": "Polygon", "coordinates": [ [ [ -48.241306, -8.665521 ], [ -47.680733, -8.779933 ], [ -47.422466, -7.540203 ], [ -47.97774, -7.42611 ], [ -48.241306, -8.665521 ] ] ] } },
{ "type": "Feature", "properties": { "scene_id": "BIO_S1_SCS__1S_20251122T210741_20251122T210802_T_G01_M01_C01_T028_F163_01_DKNK40", "product_name": "BIO_S1_SCS__1S_20251122T210741_20251122T210802_T_G01_M01_C01_T028_F163_01_DKNK40", "collection": "BiomassLevel1a", "mode": "SCS", "track": "T028", "frame": "F163", "start_datetime": "2025-11-22T21:07:41.717Z", "end_datetime": "2025-11-22T21:08:02.501Z", "repeat_cycle": "1", "orbit_state": "DESCENDING", "raw_properties": { "processing:facility": "Biomass CPF", "product:type": "S1_SCS__1S", "eofeos:global_coverage_id": "1", "sat:anx_datetime": "2025-11-22T20:16:27.559Z", "platform": "Biomass", "eofeos:major_cycle_id": "1", "datetime": "2025-11-22T21:07:41.717Z", "instruments": [ "P-SAR" ], "constellation": "Biomass", "storage:schemes": { "biomass-pdgs-01": { "bucket": "biomass-pdgs-01", "description": "This endpoint provides access to EO data which is stored on the object storage of the ESA MAAP. See the [documentation](https://portal.maap.eo.esa.int/dataaccess/) for more information, including how to get credentials.", "type": "custom-s3", "title": "ESA MAAP S3", "region": "gra", "platform": "https://{bucket}.s3.{region}.io.cloud.ovh.net" } }, "eopf:datatake_id": "24939406", "processing:software": { "Biomass L1 Processor": "4.2.2" }, "eopf:instrument_configuration_id": 0, "grid:code": "WRS-28-163", "processing:level": "L1A", "proj:code": "EPSG:4326", "sci:doi": "10.57780/bio-bef83b4", "created": "2026-01-03T10:36:00Z", "published": "2025-11-22T21:08:02.501Z", "version": "01", "sar:observation_direction": "left", "sar:polarizations": [ "HH", "HV", "VH", "VV" ], "auth:schemes": { "s3": { "type": "s3" }, "oidc": { "openIdConnectUrl": "https://iam.ascend.icsgate.eu/realms/esa-maap/.well-known/openid-configuration", "type": "openIdConnect" } }, "sar:instrument_mode": "SM", "eofeos:orbit_drift_flag": false, "processing:datetime": "2026-01-03T10:36:00Z", "eofeos:mission_phase": "TOMOGRAPHIC", "updated": "2026-05-17T09:30:33Z", "sat:absolute_orbit": 3044, "product:acquisition_type": "nominal" } }, "geometry": { "type": "Polygon", "coordinates": [ [ [ -46.082794, -9.832612 ], [ -45.51946, -9.946786 ], [ -45.2545, -8.683691 ], [ -45.814404, -8.569404 ], [ -46.082794, -9.832612 ] ] ] } },
{ "type": "Feature", "properties": { "scene_id": "BIO_S1_SCS__1S_20251122T210741_20251122T210802_T_G01_M01_C01_T028_F163_01_DNRL88", "product_name": "BIO_S1_SCS__1S_20251122T210741_20251122T210802_T_G01_M01_C01_T028_F163_01_DNRL88", "collection": "BiomassLevel1a", "mode": "SCS", "track": "T028", "frame": "F163", "start_datetime": "2025-11-22T21:07:41.913Z", "end_datetime": "2025-11-22T21:08:02.305Z", "repeat_cycle": "1", "orbit_state": "DESCENDING", "raw_properties": { "processing:facility": "Biomass CPF", "product:type": "S1_SCS__1S", "eofeos:global_coverage_id": "1", "sat:anx_datetime": "2025-11-22T20:16:27.559Z", "platform": "Biomass", "eofeos:major_cycle_id": "1", "datetime": "2025-11-22T21:07:41.913Z", "instruments": [ "P-SAR" ], "constellation": "Biomass", "storage:schemes": { "biomass-pdgs-01": { "bucket": "biomass-pdgs-01", "description": "This endpoint provides access to EO data which is stored on the object storage of the ESA MAAP. See the [documentation](https://portal.maap.eo.esa.int/dataaccess/) for more information, including how to get credentials.", "type": "custom-s3", "title": "ESA MAAP S3", "region": "gra", "platform": "https://{bucket}.s3.{region}.io.cloud.ovh.net" } }, "eopf:datatake_id": "24939406", "processing:software": { "Biomass L1 Processor": "4.3.1" }, "eopf:instrument_configuration_id": 0, "grid:code": "WRS-28-163", "processing:level": "L1A", "proj:code": "EPSG:4326", "sci:doi": "10.57780/bio-bef83b4", "created": "2026-03-04T22:31:20Z", "published": "2025-11-22T21:08:02.305Z", "version": "01", "sar:observation_direction": "left", "sar:polarizations": [ "HH", "HV", "VH", "VV" ], "auth:schemes": { "s3": { "type": "s3" }, "oidc": { "openIdConnectUrl": "https://iam.ascend.icsgate.eu/realms/esa-maap/.well-known/openid-configuration", "type": "openIdConnect" } }, "sar:instrument_mode": "SM", "eofeos:orbit_drift_flag": false, "processing:datetime": "2026-03-04T22:31:20Z", "eofeos:mission_phase": "TOMOGRAPHIC", "updated": "2026-05-17T09:30:33Z", "sat:absolute_orbit": 3044, "product:acquisition_type": "nominal" } }, "geometry": { "type": "Polygon", "coordinates": [ [ [ -46.07133, -9.822471 ], [ -45.50898, -9.936438 ], [ -45.25041, -8.696936 ], [ -45.81136, -8.582454 ], [ -46.07133, -9.822471 ] ] ] } },
{ "type": "Feature", "properties": { "scene_id": "BIO_S1_SCS__1S_20251201T210747_20251201T210808_T_G01_M01_C04_T028_F163_01_DKQBON", "product_name": "BIO_S1_SCS__1S_20251201T210747_20251201T210808_T_G01_M01_C04_T028_F163_01_DKQBON", "collection": "BiomassLevel1a", "mode": "SCS", "track": "T028", "frame": "F163", "start_datetime": "2025-12-01T21:07:47.637Z", "end_datetime": "2025-12-01T21:08:08.421Z", "repeat_cycle": "4", "orbit_state": "DESCENDING", "raw_properties": { "processing:facility": "Biomass CPF", "product:type": "S1_SCS__1S", "eofeos:global_coverage_id": "1", "sat:anx_datetime": "2025-12-01T20:16:33.475Z", "platform": "Biomass", "eofeos:major_cycle_id": "1", "datetime": "2025-12-01T21:07:47.637Z", "instruments": [ "P-SAR" ], "constellation": "Biomass", "storage:schemes": { "biomass-pdgs-01": { "bucket": "biomass-pdgs-01", "description": "This endpoint provides access to EO data which is stored on the object storage of the ESA MAAP. See the [documentation](https://portal.maap.eo.esa.int/dataaccess/) for more information, including how to get credentials.", "type": "custom-s3", "title": "ESA MAAP S3", "region": "gra", "platform": "https://{bucket}.s3.{region}.io.cloud.ovh.net" } }, "eopf:datatake_id": "26020750", "processing:software": { "Biomass L1 Processor": "4.2.2" }, "eopf:instrument_configuration_id": 0, "grid:code": "WRS-28-163", "processing:level": "L1A", "proj:code": "EPSG:4326", "sci:doi": "10.57780/bio-bef83b4", "created": "2026-01-04T22:26:47Z", "published": "2025-12-01T21:08:08.421Z", "version": "01", "sar:observation_direction": "left", "sar:polarizations": [ "HH", "HV", "VH", "VV" ], "auth:schemes": { "s3": { "type": "s3" }, "oidc": { "openIdConnectUrl": "https://iam.ascend.icsgate.eu/realms/esa-maap/.well-known/openid-configuration", "type": "openIdConnect" } }, "sar:instrument_mode": "SM", "eofeos:orbit_drift_flag": false, "processing:datetime": "2026-01-04T22:26:47Z", "eofeos:mission_phase": "TOMOGRAPHIC", "updated": "2026-05-17T10:13:52Z", "sat:absolute_orbit": 3176, "product:acquisition_type": "nominal" } }, "geometry": { "type": "Polygon", "coordinates": [ [ [ -46.108982, -9.83251 ], [ -45.54561, -9.94669 ], [ -45.280663, -8.683596 ], [ -45.840603, -8.569303 ], [ -46.108982, -9.83251 ] ] ] } },
{ "type": "Feature", "properties": { "scene_id": "BIO_S1_SCS__1S_20260301T211236_20260301T211257_T_G01_M02_C07_T028_F163_01_DNMWPJ", "product_name": "BIO_S1_SCS__1S_20260301T211236_20260301T211257_T_G01_M02_C07_T028_F163_01_DNMWPJ", "collection": "BiomassLevel1a", "mode": "SCS", "track": "T028", "frame": "F163", "start_datetime": "2026-03-01T21:12:36.801Z", "end_datetime": "2026-03-01T21:12:57.193Z", "repeat_cycle": "7", "orbit_state": "DESCENDING", "raw_properties": { "processing:facility": "Biomass CPF", "product:type": "S1_SCS__1S", "eofeos:global_coverage_id": "1", "sat:anx_datetime": "2026-03-01T20:21:22.493Z", "platform": "Biomass", "eofeos:major_cycle_id": "2", "datetime": "2026-03-01T21:12:36.801Z", "instruments": [ "P-SAR" ], "constellation": "Biomass", "storage:schemes": { "biomass-pdgs-01": { "bucket": "biomass-pdgs-01", "description": "This endpoint provides access to EO data which is stored on the object storage of the ESA MAAP. See the [documentation](https://portal.maap.eo.esa.int/dataaccess/) for more information, including how to get credentials.", "type": "custom-s3", "title": "ESA MAAP S3", "region": "gra", "platform": "https://{bucket}.s3.{region}.io.cloud.ovh.net" } }, "eopf:datatake_id": "36834176", "processing:software": { "Biomass L1 Processor": "4.3.1" }, "eopf:instrument_configuration_id": 0, "grid:code": "WRS-28-163", "processing:level": "L1A", "proj:code": "EPSG:4326", "sci:doi": "10.57780/bio-bef83b4", "created": "2026-03-02T09:51:19Z", "published": "2026-03-01T21:12:57.193Z", "version": "01", "sar:observation_direction": "left", "sar:polarizations": [ "HH", "HV", "VH", "VV" ], "auth:schemes": { "s3": { "type": "s3" }, "oidc": { "openIdConnectUrl": "https://iam.ascend.icsgate.eu/realms/esa-maap/.well-known/openid-configuration", "type": "openIdConnect" } }, "sar:instrument_mode": "SM", "eofeos:orbit_drift_flag": false, "processing:datetime": "2026-03-02T09:51:19Z", "eofeos:mission_phase": "TOMOGRAPHIC", "updated": "2026-05-17T13:25:07Z", "sat:absolute_orbit": 4496, "product:acquisition_type": "nominal" } }, "geometry": { "type": "Polygon", "coordinates": [ [ [ -47.318398, -9.822123 ], [ -46.75584, -9.93616 ], [ -46.494774, -8.697151 ], [ -47.054745, -8.582845 ], [ -47.318398, -9.822123 ] ] ] } },
{ "type": "Feature", "properties": { "scene_id": "BIO_S1_SCS__1S_20260424T211705_20260424T211726_T_G01_M03_C01_T028_F163_02_DQF0K7", "product_name": "BIO_S1_SCS__1S_20260424T211705_20260424T211726_T_G01_M03_C01_T028_F163_02_DQF0K7", "collection": "BiomassLevel1a", "mode": "SCS", "track": "T028", "frame": "F163", "start_datetime": "2026-04-24T21:17:05.743Z", "end_datetime": "2026-04-24T21:17:26.135Z", "repeat_cycle": "1", "orbit_state": "DESCENDING", "raw_properties": { "processing:facility": "Biomass CPF", "product:type": "S1_SCS__1S", "eofeos:global_coverage_id": "1", "sat:anx_datetime": "2026-04-24T20:25:51.443Z", "platform": "Biomass", "eofeos:major_cycle_id": "3", "datetime": "2026-04-24T21:17:05.743Z", "instruments": [ "P-SAR" ], "constellation": "Biomass", "storage:schemes": { "biomass-pdgs-01": { "bucket": "biomass-pdgs-01", "description": "This endpoint provides access to EO data which is stored on the object storage of the ESA MAAP. See the [documentation](https://portal.maap.eo.esa.int/dataaccess/) for more information, including how to get credentials.", "type": "custom-s3", "title": "ESA MAAP S3", "region": "gra", "platform": "https://{bucket}.s3.{region}.io.cloud.ovh.net" } }, "eopf:datatake_id": "43322236", "processing:software": { "Biomass L1 Processor": "4.4.2" }, "eopf:instrument_configuration_id": 0, "grid:code": "WRS-28-163", "processing:level": "L1A", "proj:code": "EPSG:4326", "sci:doi": "10.57780/bio-bef83b4", "created": "2026-04-25T11:14:31Z", "published": "2026-04-24T21:17:26.135Z", "version": "02", "sar:observation_direction": "left", "sar:polarizations": [ "HH", "HV", "VH", "VV" ], "auth:schemes": { "s3": { "type": "s3" }, "oidc": { "openIdConnectUrl": "https://iam.ascend.icsgate.eu/realms/esa-maap/.well-known/openid-configuration", "type": "openIdConnect" } }, "sar:instrument_mode": "SM", "eofeos:orbit_drift_flag": false, "processing:datetime": "2026-04-25T11:14:31Z", "eofeos:mission_phase": "TOMOGRAPHIC", "updated": "2026-06-09T16:48:38Z", "sat:absolute_orbit": 5288, "product:acquisition_type": "nominal" } }, "geometry": { "type": "Polygon", "coordinates": [ [ [ -48.440716, -9.821931 ], [ -47.87746, -9.936137 ], [ -47.617943, -8.696804 ], [ -48.1784, -8.58237 ], [ -48.440716, -9.821931 ] ] ] } },
{ "type": "Feature", "properties": { "scene_id": "BIO_S1_SCS__1S_20260427T211707_20260427T211728_T_G01_M03_C02_T028_F163_02_DQKKNK", "product_name": "BIO_S1_SCS__1S_20260427T211707_20260427T211728_T_G01_M03_C02_T028_F163_02_DQKKNK", "collection": "BiomassLevel1a", "mode": "SCS", "track": "T028", "frame": "F163", "start_datetime": "2026-04-27T21:17:07.654Z", "end_datetime": "2026-04-27T21:17:28.045Z", "repeat_cycle": "2", "orbit_state": "DESCENDING", "raw_properties": { "processing:facility": "Biomass CPF", "product:type": "S1_SCS__1S", "eofeos:global_coverage_id": "1", "sat:anx_datetime": "2026-04-27T20:25:53.361Z", "platform": "Biomass", "eofeos:major_cycle_id": "3", "datetime": "2026-04-27T21:17:07.654Z", "instruments": [ "P-SAR" ], "constellation": "Biomass", "storage:schemes": { "biomass-pdgs-01": { "bucket": "biomass-pdgs-01", "description": "This endpoint provides access to EO data which is stored on the object storage of the ESA MAAP. See the [documentation](https://portal.maap.eo.esa.int/dataaccess/) for more information, including how to get credentials.", "type": "custom-s3", "title": "ESA MAAP S3", "region": "gra", "platform": "https://{bucket}.s3.{region}.io.cloud.ovh.net" } }, "eopf:datatake_id": "43682683", "processing:software": { "Biomass L1 Processor": "4.4.2" }, "eopf:instrument_configuration_id": 0, "grid:code": "WRS-28-163", "processing:level": "L1A", "proj:code": "EPSG:4326", "sci:doi": "10.57780/bio-bef83b4", "created": "2026-04-28T11:16:32Z", "published": "2026-04-27T21:17:28.045Z", "version": "02", "sar:observation_direction": "left", "sar:polarizations": [ "HH", "HV", "VH", "VV" ], "auth:schemes": { "s3": { "type": "s3" }, "oidc": { "openIdConnectUrl": "https://iam.ascend.icsgate.eu/realms/esa-maap/.well-known/openid-configuration", "type": "openIdConnect" } }, "sar:instrument_mode": "SM", "eofeos:orbit_drift_flag": false, "processing:datetime": "2026-04-28T11:16:32Z", "eofeos:mission_phase": "TOMOGRAPHIC", "updated": "2026-06-10T21:53:20Z", "sat:absolute_orbit": 5332, "product:acquisition_type": "nominal" } }, "geometry": { "type": "Polygon", "coordinates": [ [ [ -48.44725, -9.82205 ], [ -47.884705, -9.936104 ], [ -47.62451, -8.696899 ], [ -48.185177, -8.582431 ], [ -48.44725, -9.82205 ] ] ] } },
{ "type": "Feature", "properties": { "scene_id": "BIO_S1_SCS__1S_20251201T210806_20251201T210827_T_G01_M01_C04_T028_F164_01_DKQBOU", "product_name": "BIO_S1_SCS__1S_20251201T210806_20251201T210827_T_G01_M01_C04_T028_F164_01_DKQBOU", "collection": "BiomassLevel1a", "mode": "SCS", "track": "T028", "frame": "F164", "start_datetime": "2025-12-01T21:08:06.643Z", "end_datetime": "2025-12-01T21:08:27.428Z", "repeat_cycle": "4", "orbit_state": "DESCENDING", "raw_properties": { "processing:facility": "Biomass CPF", "product:type": "S1_SCS__1S", "eofeos:global_coverage_id": "1", "sat:anx_datetime": "2025-12-01T20:16:33.475Z", "platform": "Biomass", "eofeos:major_cycle_id": "1", "datetime": "2025-12-01T21:08:06.643Z", "instruments": [ "P-SAR" ], "constellation": "Biomass", "storage:schemes": { "biomass-pdgs-01": { "bucket": "biomass-pdgs-01", "description": "This endpoint provides access to EO data which is stored on the object storage of the ESA MAAP. See the [documentation](https://portal.maap.eo.esa.int/dataaccess/) for more information, including how to get credentials.", "type": "custom-s3", "title": "ESA MAAP S3", "region": "gra", "platform": "https://{bucket}.s3.{region}.io.cloud.ovh.net" } }, "eopf:datatake_id": "26020750", "processing:software": { "Biomass L1 Processor": "4.2.2" }, "eopf:instrument_configuration_id": 0, "grid:code": "WRS-28-164", "processing:level": "L1A", "proj:code": "EPSG:4326", "sci:doi": "10.57780/bio-bef83b4", "created": "2026-01-04T22:26:54Z", "published": "2025-12-01T21:08:27.428Z", "version": "01", "sar:observation_direction": "left", "sar:polarizations": [ "HH", "HV", "VH", "VV" ], "auth:schemes": { "s3": { "type": "s3" }, "oidc": { "openIdConnectUrl": "https://iam.ascend.icsgate.eu/realms/esa-maap/.well-known/openid-configuration", "type": "openIdConnect" } }, "sar:instrument_mode": "SM", "eofeos:orbit_drift_flag": false, "processing:datetime": "2026-01-04T22:26:54Z", "eofeos:mission_phase": "TOMOGRAPHIC", "updated": "2026-05-17T10:13:53Z", "sat:absolute_orbit": 3176, "product:acquisition_type": "nominal" } }, "geometry": { "type": "Polygon", "coordinates": [ [ [ -46.347687, -10.988941 ], [ -45.781727, -11.102856 ], [ -45.516575, -9.839925 ], [ -46.078766, -9.725926 ], [ -46.347687, -10.988941 ] ] ] } },
{ "type": "Feature", "properties": { "scene_id": "BIO_S1_SCS__1S_20260301T211255_20260301T211316_T_G01_M02_C07_T028_F164_01_DNMWT6", "product_name": "BIO_S1_SCS__1S_20260301T211255_20260301T211316_T_G01_M02_C07_T028_F164_01_DNMWT6", "collection": "BiomassLevel1a", "mode": "SCS", "track": "T028", "frame": "F164", "start_datetime": "2026-03-01T21:12:55.808Z", "end_datetime": "2026-03-01T21:13:16.200Z", "repeat_cycle": "7", "orbit_state": "DESCENDING", "raw_properties": { "processing:facility": "Biomass CPF", "product:type": "S1_SCS__1S", "eofeos:global_coverage_id": "1", "sat:anx_datetime": "2026-03-01T20:21:22.493Z", "platform": "Biomass", "eofeos:major_cycle_id": "2", "datetime": "2026-03-01T21:12:55.808Z", "instruments": [ "P-SAR" ], "constellation": "Biomass", "storage:schemes": { "biomass-pdgs-01": { "bucket": "biomass-pdgs-01", "description": "This endpoint provides access to EO data which is stored on the object storage of the ESA MAAP. See the [documentation](https://portal.maap.eo.esa.int/dataaccess/) for more information, including how to get credentials.", "type": "custom-s3", "title": "ESA MAAP S3", "region": "gra", "platform": "https://{bucket}.s3.{region}.io.cloud.ovh.net" } }, "eopf:datatake_id": "36834176", "processing:software": { "Biomass L1 Processor": "4.3.1" }, "eopf:instrument_configuration_id": 0, "grid:code": "WRS-28-164", "processing:level": "L1A", "proj:code": "EPSG:4326", "sci:doi": "10.57780/bio-bef83b4", "created": "2026-03-02T09:53:30Z", "published": "2026-03-01T21:13:16.200Z", "version": "01", "sar:observation_direction": "left", "sar:polarizations": [ "HH", "HV", "VH", "VV" ], "auth:schemes": { "s3": { "type": "s3" }, "oidc": { "openIdConnectUrl": "https://iam.ascend.icsgate.eu/realms/esa-maap/.well-known/openid-configuration", "type": "openIdConnect" } }, "sar:instrument_mode": "SM", "eofeos:orbit_drift_flag": false, "processing:datetime": "2026-03-02T09:53:30Z", "eofeos:mission_phase": "TOMOGRAPHIC", "updated": "2026-05-17T13:25:07Z", "sat:absolute_orbit": 4496, "product:acquisition_type": "nominal" } }, "geometry": { "type": "Polygon", "coordinates": [ [ [ -47.55652, -10.978703 ], [ -46.988167, -11.093113 ], [ -46.73002, -9.85364 ], [ -47.293587, -9.739358 ], [ -47.55652, -10.978703 ] ] ] } },
{ "type": "Feature", "properties": { "scene_id": "BIO_S1_SCS__1S_20260427T211726_20260427T211747_T_G01_M03_C02_T028_F164_02_DQKKO6", "product_name": "BIO_S1_SCS__1S_20260427T211726_20260427T211747_T_G01_M03_C02_T028_F164_02_DQKKO6", "collection": "BiomassLevel1a", "mode": "SCS", "track": "T028", "frame": "F164", "start_datetime": "2026-04-27T21:17:26.660Z", "end_datetime": "2026-04-27T21:17:47.052Z", "repeat_cycle": "2", "orbit_state": "DESCENDING", "raw_properties": { "processing:facility": "Biomass CPF", "product:type": "S1_SCS__1S", "eofeos:global_coverage_id": "1", "sat:anx_datetime": "2026-04-27T20:25:53.361Z", "platform": "Biomass", "eofeos:major_cycle_id": "3", "datetime": "2026-04-27T21:17:26.660Z", "instruments": [ "P-SAR" ], "constellation": "Biomass", "storage:schemes": { "biomass-pdgs-01": { "bucket": "biomass-pdgs-01", "description": "This endpoint provides access to EO data which is stored on the object storage of the ESA MAAP. See the [documentation](https://portal.maap.eo.esa.int/dataaccess/) for more information, including how to get credentials.", "type": "custom-s3", "title": "ESA MAAP S3", "region": "gra", "platform": "https://{bucket}.s3.{region}.io.cloud.ovh.net" } }, "eopf:datatake_id": "43682683", "processing:software": { "Biomass L1 Processor": "4.4.2" }, "eopf:instrument_configuration_id": 0, "grid:code": "WRS-28-164", "processing:level": "L1A", "proj:code": "EPSG:4326", "sci:doi": "10.57780/bio-bef83b4", "created": "2026-04-28T11:16:54Z", "published": "2026-04-27T21:17:47.052Z", "version": "02", "sar:observation_direction": "left", "sar:polarizations": [ "HH", "HV", "VH", "VV" ], "auth:schemes": { "s3": { "type": "s3" }, "oidc": { "openIdConnectUrl": "https://iam.ascend.icsgate.eu/realms/esa-maap/.well-known/openid-configuration", "type": "openIdConnect" } }, "sar:instrument_mode": "SM", "eofeos:orbit_drift_flag": false, "processing:datetime": "2026-04-28T11:16:54Z", "eofeos:mission_phase": "TOMOGRAPHIC", "updated": "2026-06-10T21:53:20Z", "sat:absolute_orbit": 5332, "product:acquisition_type": "nominal" } }, "geometry": { "type": "Polygon", "coordinates": [ [ [ -48.68045, -10.979593 ], [ -48.120712, -11.092297 ], [ -47.86145, -9.853026 ], [ -48.422543, -9.739222 ], [ -48.68045, -10.979593 ] ] ] } },
{ "type": "Feature", "properties": { "scene_id": "BIO_S1_SCS__1S_20260430T211728_20260430T211749_T_G01_M03_C03_T028_F164_02_DQQ5E3", "product_name": "BIO_S1_SCS__1S_20260430T211728_20260430T211749_T_G01_M03_C03_T028_F164_02_DQQ5E3", "collection": "BiomassLevel1a", "mode": "SCS", "track": "T028", "frame": "F164", "start_datetime": "2026-04-30T21:17:28.608Z", "end_datetime": "2026-04-30T21:17:49.001Z", "repeat_cycle": "3", "orbit_state": "DESCENDING", "raw_properties": { "processing:facility": "Biomass CPF", "product:type": "S1_SCS__1S", "eofeos:global_coverage_id": "1", "sat:anx_datetime": "2026-04-30T20:25:55.299Z", "platform": "Biomass", "eofeos:major_cycle_id": "3", "datetime": "2026-04-30T21:17:28.608Z", "instruments": [ "P-SAR" ], "constellation": "Biomass", "storage:schemes": { "biomass-pdgs-01": { "bucket": "biomass-pdgs-01", "description": "This endpoint provides access to EO data which is stored on the object storage of the ESA MAAP. See the [documentation](https://portal.maap.eo.esa.int/dataaccess/) for more information, including how to get credentials.", "type": "custom-s3", "title": "ESA MAAP S3", "region": "gra", "platform": "https://{bucket}.s3.{region}.io.cloud.ovh.net" } }, "eopf:datatake_id": "44043131", "processing:software": { "Biomass L1 Processor": "4.4.2" }, "eopf:instrument_configuration_id": 0, "grid:code": "WRS-28-164", "processing:level": "L1A", "proj:code": "EPSG:4326", "sci:doi": "10.57780/bio-bef83b4", "created": "2026-05-01T11:32:27Z", "published": "2026-04-30T21:17:49.001Z", "version": "02", "sar:observation_direction": "left", "sar:polarizations": [ "HH", "HV", "VH", "VV" ], "auth:schemes": { "s3": { "type": "s3" }, "oidc": { "openIdConnectUrl": "https://iam.ascend.icsgate.eu/realms/esa-maap/.well-known/openid-configuration", "type": "openIdConnect" } }, "sar:instrument_mode": "SM", "eofeos:orbit_drift_flag": false, "processing:datetime": "2026-05-01T11:32:27Z", "eofeos:mission_phase": "TOMOGRAPHIC", "updated": "2026-06-10T22:10:16Z", "sat:absolute_orbit": 5376, "product:acquisition_type": "nominal" } }, "geometry": { "type": "Polygon", "coordinates": [ [ [ -48.692368, -10.978766 ], [ -48.129208, -11.092153 ], [ -47.870136, -9.852854 ], [ -48.43095, -9.739112 ], [ -48.692368, -10.978766 ] ] ] } },
{ "type": "Feature", "properties": { "scene_id": "BIO_S1_SCS__1S_20260509T211734_20260509T211754_T_G01_M03_C06_T028_F164_02_DR72DW", "product_name": "BIO_S1_SCS__1S_20260509T211734_20260509T211754_T_G01_M03_C06_T028_F164_02_DR72DW", "collection": "BiomassLevel1a", "mode": "SCS", "track": "T028", "frame": "F164", "start_datetime": "2026-05-09T21:17:34.427Z", "end_datetime": "2026-05-09T21:17:54.820Z", "repeat_cycle": "6", "orbit_state": "DESCENDING", "raw_properties": { "processing:facility": "Biomass CPF", "product:type": "S1_SCS__1S", "eofeos:global_coverage_id": "1", "sat:anx_datetime": "2026-05-09T20:26:01.107Z", "platform": "Biomass", "eofeos:major_cycle_id": "3", "datetime": "2026-05-09T21:17:34.427Z", "instruments": [ "P-SAR" ], "constellation": "Biomass", "storage:schemes": { "biomass-pdgs-01": { "bucket": "biomass-pdgs-01", "description": "This endpoint provides access to EO data which is stored on the object storage of the ESA MAAP. See the [documentation](https://portal.maap.eo.esa.int/dataaccess/) for more information, including how to get credentials.", "type": "custom-s3", "title": "ESA MAAP S3", "region": "gra", "platform": "https://{bucket}.s3.{region}.io.cloud.ovh.net" } }, "eopf:datatake_id": "45124469", "processing:software": { "Biomass L1 Processor": "4.4.3" }, "eopf:instrument_configuration_id": 0, "grid:code": "WRS-28-164", "processing:level": "L1A", "proj:code": "EPSG:4326", "sci:doi": "10.57780/bio-bef83b4", "created": "2026-05-10T14:46:44Z", "published": "2026-05-09T21:17:54.820Z", "version": "02", "sar:observation_direction": "left", "sar:polarizations": [ "HH", "HV", "VH", "VV" ], "auth:schemes": { "s3": { "type": "s3" }, "oidc": { "openIdConnectUrl": "https://iam.ascend.icsgate.eu/realms/esa-maap/.well-known/openid-configuration", "type": "openIdConnect" } }, "sar:instrument_mode": "SM", "eofeos:orbit_drift_flag": false, "processing:datetime": "2026-05-10T14:46:44Z", "eofeos:mission_phase": "TOMOGRAPHIC", "updated": "2026-06-10T22:44:53Z", "sat:absolute_orbit": 5508, "product:acquisition_type": "nominal" } }, "geometry": { "type": "Polygon", "coordinates": [ [ [ -48.709805, -10.980495 ], [ -48.153553, -11.092502 ], [ -47.893738, -9.85333 ], [ -48.454594, -9.739569 ], [ -48.709805, -10.980495 ] ] ] } },
{ "type": "Feature", "properties": { "scene_id": "BIO_S1_SCS__1S_20251122T210819_20251122T210840_T_G01_M01_C01_T028_F165_01_DK4Y0D", "product_name": "BIO_S1_SCS__1S_20251122T210819_20251122T210840_T_G01_M01_C01_T028_F165_01_DK4Y0D", "collection": "BiomassLevel1a", "mode": "SCS", "track": "T028", "frame": "F165", "start_datetime": "2025-11-22T21:08:19.731Z", "end_datetime": "2025-11-22T21:08:40.517Z", "repeat_cycle": "1", "orbit_state": "DESCENDING", "raw_properties": { "processing:facility": "Biomass CPF", "product:type": "S1_SCS__1S", "eofeos:global_coverage_id": "1", "sat:anx_datetime": "2025-11-22T20:16:27.559Z", "platform": "Biomass", "eofeos:major_cycle_id": "1", "datetime": "2025-11-22T21:08:19.731Z", "instruments": [ "P-SAR" ], "constellation": "Biomass", "storage:schemes": { "biomass-pdgs-01": { "bucket": "biomass-pdgs-01", "description": "This endpoint provides access to EO data which is stored on the object storage of the ESA MAAP. See the [documentation](https://portal.maap.eo.esa.int/dataaccess/) for more information, including how to get credentials.", "type": "custom-s3", "title": "ESA MAAP S3", "region": "gra", "platform": "https://{bucket}.s3.{region}.io.cloud.ovh.net" } }, "eopf:datatake_id": "24939406", "processing:software": { "Biomass L1 Processor": "4.2.2" }, "eopf:instrument_configuration_id": 0, "grid:code": "WRS-28-165", "processing:level": "L1A", "proj:code": "EPSG:4326", "sci:doi": "10.57780/bio-bef83b4", "created": "2025-12-24T09:21:49Z", "published": "2025-11-22T21:08:40.517Z", "version": "01", "sar:observation_direction": "left", "sar:polarizations": [ "HH", "HV", "VH", "VV" ], "auth:schemes": { "s3": { "type": "s3" }, "oidc": { "openIdConnectUrl": "https://iam.ascend.icsgate.eu/realms/esa-maap/.well-known/openid-configuration", "type": "openIdConnect" } }, "sar:instrument_mode": "SM", "eofeos:orbit_drift_flag": false, "processing:datetime": "2025-12-24T09:21:49Z", "eofeos:mission_phase": "TOMOGRAPHIC", "updated": "2026-05-17T09:30:33Z", "sat:absolute_orbit": 3044, "product:acquisition_type": "nominal" } }, "geometry": { "type": "Polygon", "coordinates": [ [ [ -46.560455, -12.145381 ], [ -45.991714, -12.25904 ], [ -45.7262, -10.99629 ], [ -46.29084, -10.882578 ], [ -46.560455, -12.145381 ] ] ] } },
{ "type": "Feature", "properties": { "scene_id": "BIO_S1_SCS__1S_20260211T211304_20260211T211324_T_G01_M02_C01_T028_F165_01_DMPIA8", "product_name": "BIO_S1_SCS__1S_20260211T211304_20260211T211324_T_G01_M02_C01_T028_F165_01_DMPIA8", "collection": "BiomassLevel1a", "mode": "SCS", "track": "T028", "frame": "F165", "start_datetime": "2026-02-11T21:13:04.010Z", "end_datetime": "2026-02-11T21:13:24.404Z", "repeat_cycle": "1", "orbit_state": "DESCENDING", "raw_properties": { "processing:facility": "Biomass CPF", "product:type": "S1_SCS__1S", "eofeos:global_coverage_id": "1", "sat:anx_datetime": "2026-02-11T20:21:11.722Z", "platform": "Biomass", "eofeos:major_cycle_id": "2", "datetime": "2026-02-11T21:13:04.010Z", "instruments": [ "P-SAR" ], "constellation": "Biomass", "storage:schemes": { "biomass-pdgs-01": { "bucket": "biomass-pdgs-01", "description": "This endpoint provides access to EO data which is stored on the object storage of the ESA MAAP. See the [documentation](https://portal.maap.eo.esa.int/dataaccess/) for more information, including how to get credentials.", "type": "custom-s3", "title": "ESA MAAP S3", "region": "gra", "platform": "https://{bucket}.s3.{region}.io.cloud.ovh.net" } }, "eopf:datatake_id": "34671487", "processing:software": { "Biomass L1 Processor": "4.3.1" }, "eopf:instrument_configuration_id": 0, "grid:code": "WRS-28-165", "processing:level": "L1A", "proj:code": "EPSG:4326", "sci:doi": "10.57780/bio-bef83b4", "created": "2026-02-12T08:58:56Z", "published": "2026-02-11T21:13:24.404Z", "version": "01", "sar:observation_direction": "left", "sar:polarizations": [ "HH", "HV", "VH", "VV" ], "auth:schemes": { "s3": { "type": "s3" }, "oidc": { "openIdConnectUrl": "https://iam.ascend.icsgate.eu/realms/esa-maap/.well-known/openid-configuration", "type": "openIdConnect" } }, "sar:instrument_mode": "SM", "eofeos:orbit_drift_flag": false, "processing:datetime": "2026-02-12T08:58:56Z", "eofeos:mission_phase": "TOMOGRAPHIC", "updated": "2026-05-17T12:41:18Z", "sat:absolute_orbit": 4232, "product:acquisition_type": "nominal" } }, "geometry": { "type": "Polygon", "coordinates": [ [ [ -47.749702, -12.135474 ], [ -47.182953, -12.248743 ], [ -46.919605, -11.010393 ], [ -47.484844, -10.896573 ], [ -47.749702, -12.135474 ] ] ] } },
{ "type": "Feature", "properties": { "scene_id": "BIO_S1_SCS__1S_20260301T211314_20260301T211335_T_G01_M02_C07_T028_F165_01_DNMWSW", "product_name": "BIO_S1_SCS__1S_20260301T211314_20260301T211335_T_G01_M02_C07_T028_F165_01_DNMWSW", "collection": "BiomassLevel1a", "mode": "SCS", "track": "T028", "frame": "F165", "start_datetime": "2026-03-01T21:13:14.815Z", "end_datetime": "2026-03-01T21:13:35.209Z", "repeat_cycle": "7", "orbit_state": "DESCENDING", "raw_properties": { "processing:facility": "Biomass CPF", "product:type": "S1_SCS__1S", "eofeos:global_coverage_id": "1", "sat:anx_datetime": "2026-03-01T20:21:22.493Z", "platform": "Biomass", "eofeos:major_cycle_id": "2", "datetime": "2026-03-01T21:13:14.815Z", "instruments": [ "P-SAR" ], "constellation": "Biomass", "storage:schemes": { "biomass-pdgs-01": { "bucket": "biomass-pdgs-01", "description": "This endpoint provides access to EO data which is stored on the object storage of the ESA MAAP. See the [documentation](https://portal.maap.eo.esa.int/dataaccess/) for more information, including how to get credentials.", "type": "custom-s3", "title": "ESA MAAP S3", "region": "gra", "platform": "https://{bucket}.s3.{region}.io.cloud.ovh.net" } }, "eopf:datatake_id": "36834176", "processing:software": { "Biomass L1 Processor": "4.3.1" }, "eopf:instrument_configuration_id": 0, "grid:code": "WRS-28-165", "processing:level": "L1A", "proj:code": "EPSG:4326", "sci:doi": "10.57780/bio-bef83b4", "created": "2026-03-02T09:53:20Z", "published": "2026-03-01T21:13:35.209Z", "version": "01", "sar:observation_direction": "left", "sar:polarizations": [ "HH", "HV", "VH", "VV" ], "auth:schemes": { "s3": { "type": "s3" }, "oidc": { "openIdConnectUrl": "https://iam.ascend.icsgate.eu/realms/esa-maap/.well-known/openid-configuration", "type": "openIdConnect" } }, "sar:instrument_mode": "SM", "eofeos:orbit_drift_flag": false, "processing:datetime": "2026-03-02T09:53:20Z", "eofeos:mission_phase": "TOMOGRAPHIC", "updated": "2026-05-17T13:25:07Z", "sat:absolute_orbit": 4496, "product:acquisition_type": "nominal" } }, "geometry": { "type": "Polygon", "coordinates": [ [ [ -47.790333, -12.136108 ], [ -47.227257, -12.24865 ], [ -46.965263, -11.010052 ], [ -47.53022, -10.896279 ], [ -47.790333, -12.136108 ] ] ] } },
{ "type": "Feature", "properties": { "scene_id": "BIO_S1_SCS__1S_20260427T211745_20260427T211806_T_G01_M03_C02_T028_F165_02_DQKKNM", "product_name": "BIO_S1_SCS__1S_20260427T211745_20260427T211806_T_G01_M03_C02_T028_F165_02_DQKKNM", "collection": "BiomassLevel1a", "mode": "SCS", "track": "T028", "frame": "F165", "start_datetime": "2026-04-27T21:17:45.667Z", "end_datetime": "2026-04-27T21:18:06.061Z", "repeat_cycle": "2", "orbit_state": "DESCENDING", "raw_properties": { "processing:facility": "Biomass CPF", "product:type": "S1_SCS__1S", "eofeos:global_coverage_id": "1", "sat:anx_datetime": "2026-04-27T20:25:53.361Z", "platform": "Biomass", "eofeos:major_cycle_id": "3", "datetime": "2026-04-27T21:17:45.667Z", "instruments": [ "P-SAR" ], "constellation": "Biomass", "storage:schemes": { "biomass-pdgs-01": { "bucket": "biomass-pdgs-01", "description": "This endpoint provides access to EO data which is stored on the object storage of the ESA MAAP. See the [documentation](https://portal.maap.eo.esa.int/dataaccess/) for more information, including how to get credentials.", "type": "custom-s3", "title": "ESA MAAP S3", "region": "gra", "platform": "https://{bucket}.s3.{region}.io.cloud.ovh.net" } }, "eopf:datatake_id": "43682683", "processing:software": { "Biomass L1 Processor": "4.4.2" }, "eopf:instrument_configuration_id": 0, "grid:code": "WRS-28-165", "processing:level": "L1A", "proj:code": "EPSG:4326", "sci:doi": "10.57780/bio-bef83b4", "created": "2026-04-28T11:16:34Z", "published": "2026-04-27T21:18:06.061Z", "version": "02", "sar:observation_direction": "left", "sar:polarizations": [ "HH", "HV", "VH", "VV" ], "auth:schemes": { "s3": { "type": "s3" }, "oidc": { "openIdConnectUrl": "https://iam.ascend.icsgate.eu/realms/esa-maap/.well-known/openid-configuration", "type": "openIdConnect" } }, "sar:instrument_mode": "SM", "eofeos:orbit_drift_flag": false, "processing:datetime": "2026-04-28T11:16:34Z", "eofeos:mission_phase": "TOMOGRAPHIC", "updated": "2026-06-10T21:53:20Z", "sat:absolute_orbit": 5332, "product:acquisition_type": "nominal" } }, "geometry": { "type": "Polygon", "coordinates": [ [ [ -48.924732, -12.134853 ], [ -48.35708, -12.248332 ], [ -48.096478, -11.009439 ], [ -48.660465, -10.895835 ], [ -48.924732, -12.134853 ] ] ] } },
{ "type": "Feature", "properties": { "scene_id": "BIO_S1_SCS__1S_20260509T211753_20260509T211813_T_G01_M03_C06_T028_F165_02_DR72TC", "product_name": "BIO_S1_SCS__1S_20260509T211753_20260509T211813_T_G01_M03_C06_T028_F165_02_DR72TC", "collection": "BiomassLevel1a", "mode": "SCS", "track": "T028", "frame": "F165", "start_datetime": "2026-05-09T21:17:53.431Z", "end_datetime": "2026-05-09T21:18:13.824Z", "repeat_cycle": "6", "orbit_state": "DESCENDING", "raw_properties": { "processing:facility": "Biomass CPF", "product:type": "S1_SCS__1S", "eofeos:global_coverage_id": "1", "sat:anx_datetime": "2026-05-09T20:26:01.107Z", "platform": "Biomass", "eofeos:major_cycle_id": "3", "datetime": "2026-05-09T21:17:53.431Z", "instruments": [ "P-SAR" ], "constellation": "Biomass", "storage:schemes": { "biomass-pdgs-01": { "bucket": "biomass-pdgs-01", "description": "This endpoint provides access to EO data which is stored on the object storage of the ESA MAAP. See the [documentation](https://portal.maap.eo.esa.int/dataaccess/) for more information, including how to get credentials.", "type": "custom-s3", "title": "ESA MAAP S3", "region": "gra", "platform": "https://{bucket}.s3.{region}.io.cloud.ovh.net" } }, "eopf:datatake_id": "45124469", "processing:software": { "Biomass L1 Processor": "4.4.3" }, "eopf:instrument_configuration_id": 0, "grid:code": "WRS-28-165", "processing:level": "L1A", "proj:code": "EPSG:4326", "sci:doi": "10.57780/bio-bef83b4", "created": "2026-05-10T14:56:00Z", "published": "2026-05-09T21:18:13.824Z", "version": "02", "sar:observation_direction": "left", "sar:polarizations": [ "HH", "HV", "VH", "VV" ], "auth:schemes": { "s3": { "type": "s3" }, "oidc": { "openIdConnectUrl": "https://iam.ascend.icsgate.eu/realms/esa-maap/.well-known/openid-configuration", "type": "openIdConnect" } }, "sar:instrument_mode": "SM", "eofeos:orbit_drift_flag": false, "processing:datetime": "2026-05-10T14:56:00Z", "eofeos:mission_phase": "TOMOGRAPHIC", "updated": "2026-06-10T22:45:00Z", "sat:absolute_orbit": 5508, "product:acquisition_type": "nominal" } }, "geometry": { "type": "Polygon", "coordinates": [ [ [ -48.95594, -12.135136 ], [ -48.389725, -12.248334 ], [ -48.12913, -11.009429 ], [ -48.692417, -10.895962 ], [ -48.95594, -12.135136 ] ] ] } },
{ "type": "Feature", "properties": { "scene_id": "BIO_S1_SCS__1S_20251122T210838_20251122T210859_T_G01_M01_C01_T028_F166_01_DNRKT8", "product_name": "BIO_S1_SCS__1S_20251122T210838_20251122T210859_T_G01_M01_C01_T028_F166_01_DNRKT8", "collection": "BiomassLevel1a", "mode": "SCS", "track": "T028", "frame": "F166", "start_datetime": "2025-11-22T21:08:38.933Z", "end_datetime": "2025-11-22T21:08:59.328Z", "repeat_cycle": "1", "orbit_state": "DESCENDING", "raw_properties": { "processing:facility": "Biomass CPF", "product:type": "S1_SCS__1S", "eofeos:global_coverage_id": "1", "sat:anx_datetime": "2025-11-22T20:16:27.559Z", "platform": "Biomass", "eofeos:major_cycle_id": "1", "datetime": "2025-11-22T21:08:38.933Z", "instruments": [ "P-SAR" ], "constellation": "Biomass", "storage:schemes": { "biomass-pdgs-01": { "bucket": "biomass-pdgs-01", "description": "This endpoint provides access to EO data which is stored on the object storage of the ESA MAAP. See the [documentation](https://portal.maap.eo.esa.int/dataaccess/) for more information, including how to get credentials.", "type": "custom-s3", "title": "ESA MAAP S3", "region": "gra", "platform": "https://{bucket}.s3.{region}.io.cloud.ovh.net" } }, "eopf:datatake_id": "24939406", "processing:software": { "Biomass L1 Processor": "4.3.1" }, "eopf:instrument_configuration_id": 0, "grid:code": "WRS-28-166", "processing:level": "L1A", "proj:code": "EPSG:4326", "sci:doi": "10.57780/bio-bef83b4", "created": "2026-03-04T22:22:20Z", "published": "2025-11-22T21:08:59.328Z", "version": "01", "sar:observation_direction": "left", "sar:polarizations": [ "HH", "HV", "VH", "VV" ], "auth:schemes": { "s3": { "type": "s3" }, "oidc": { "openIdConnectUrl": "https://iam.ascend.icsgate.eu/realms/esa-maap/.well-known/openid-configuration", "type": "openIdConnect" } }, "sar:instrument_mode": "SM", "eofeos:orbit_drift_flag": false, "processing:datetime": "2026-03-04T22:22:20Z", "eofeos:mission_phase": "TOMOGRAPHIC", "updated": "2026-05-17T09:30:34Z", "sat:absolute_orbit": 3044, "product:acquisition_type": "nominal" } }, "geometry": { "type": "Polygon", "coordinates": [ [ [ -46.79023, -13.290903 ], [ -46.20872, -13.406215 ], [ -45.951996, -12.166703 ], [ -46.52381, -12.052405 ], [ -46.79023, -13.290903 ] ] ] } },
{ "type": "Feature", "properties": { "scene_id": "BIO_S1_SCS__1S_20251201T210844_20251201T210905_T_G01_M01_C04_T028_F166_01_DKQ76F", "product_name": "BIO_S1_SCS__1S_20251201T210844_20251201T210905_T_G01_M01_C04_T028_F166_01_DKQ76F", "collection": "BiomassLevel1a", "mode": "SCS", "track": "T028", "frame": "F166", "start_datetime": "2025-12-01T21:08:44.659Z", "end_datetime": "2025-12-01T21:09:05.446Z", "repeat_cycle": "4", "orbit_state": "DESCENDING", "raw_properties": { "processing:facility": "Biomass CPF", "product:type": "S1_SCS__1S", "eofeos:global_coverage_id": "1", "sat:anx_datetime": "2025-12-01T20:16:33.475Z", "platform": "Biomass", "eofeos:major_cycle_id": "1", "datetime": "2025-12-01T21:08:44.659Z", "instruments": [ "P-SAR" ], "constellation": "Biomass", "storage:schemes": { "biomass-pdgs-01": { "bucket": "biomass-pdgs-01", "description": "This endpoint provides access to EO data which is stored on the object storage of the ESA MAAP. See the [documentation](https://portal.maap.eo.esa.int/dataaccess/) for more information, including how to get credentials.", "type": "custom-s3", "title": "ESA MAAP S3", "region": "gra", "platform": "https://{bucket}.s3.{region}.io.cloud.ovh.net" } }, "eopf:datatake_id": "26020750", "processing:software": { "Biomass L1 Processor": "4.2.2" }, "eopf:instrument_configuration_id": 0, "grid:code": "WRS-28-166", "processing:level": "L1A", "proj:code": "EPSG:4326", "sci:doi": "10.57780/bio-bef83b4", "created": "2026-01-04T20:49:27Z", "published": "2025-12-01T21:09:05.446Z", "version": "01", "sar:observation_direction": "left", "sar:polarizations": [ "HH", "HV", "VH", "VV" ], "auth:schemes": { "s3": { "type": "s3" }, "oidc": { "openIdConnectUrl": "https://iam.ascend.icsgate.eu/realms/esa-maap/.well-known/openid-configuration", "type": "openIdConnect" } }, "sar:instrument_mode": "SM", "eofeos:orbit_drift_flag": false, "processing:datetime": "2026-01-04T20:49:27Z", "eofeos:mission_phase": "TOMOGRAPHIC", "updated": "2026-05-17T10:13:53Z", "sat:absolute_orbit": 3176, "product:acquisition_type": "nominal" } }, "geometry": { "type": "Polygon", "coordinates": [ [ [ -46.83001, -13.300654 ], [ -46.254295, -13.414851 ], [ -45.98831, -12.152305 ], [ -46.559547, -12.038086 ], [ -46.83001, -13.300654 ] ] ] } },
{ "type": "Feature", "properties": { "scene_id": "BIO_S1_SCS__1S_20260211T211323_20260211T211343_T_G01_M02_C01_T028_F166_01_DMPIFV", "product_name": "BIO_S1_SCS__1S_20260211T211323_20260211T211343_T_G01_M02_C01_T028_F166_01_DMPIFV", "collection": "BiomassLevel1a", "mode": "SCS", "track": "T028", "frame": "F166", "start_datetime": "2026-02-11T21:13:23.019Z", "end_datetime": "2026-02-11T21:13:43.413Z", "repeat_cycle": "1", "orbit_state": "DESCENDING", "raw_properties": { "processing:facility": "Biomass CPF", "product:type": "S1_SCS__1S", "eofeos:global_coverage_id": "1", "sat:anx_datetime": "2026-02-11T20:21:11.722Z", "platform": "Biomass", "eofeos:major_cycle_id": "2", "datetime": "2026-02-11T21:13:23.019Z", "instruments": [ "P-SAR" ], "constellation": "Biomass", "storage:schemes": { "biomass-pdgs-01": { "bucket": "biomass-pdgs-01", "description": "This endpoint provides access to EO data which is stored on the object storage of the ESA MAAP. See the [documentation](https://portal.maap.eo.esa.int/dataaccess/) for more information, including how to get credentials.", "type": "custom-s3", "title": "ESA MAAP S3", "region": "gra", "platform": "https://{bucket}.s3.{region}.io.cloud.ovh.net" } }, "eopf:datatake_id": "34671487", "processing:software": { "Biomass L1 Processor": "4.3.1" }, "eopf:instrument_configuration_id": 0, "grid:code": "WRS-28-166", "processing:level": "L1A", "proj:code": "EPSG:4326", "sci:doi": "10.57780/bio-bef83b4", "created": "2026-02-12T09:02:19Z", "published": "2026-02-11T21:13:43.413Z", "version": "01", "sar:observation_direction": "left", "sar:polarizations": [ "HH", "HV", "VH", "VV" ], "auth:schemes": { "s3": { "type": "s3" }, "oidc": { "openIdConnectUrl": "https://iam.ascend.icsgate.eu/realms/esa-maap/.well-known/openid-configuration", "type": "openIdConnect" } }, "sar:instrument_mode": "SM", "eofeos:orbit_drift_flag": false, "processing:datetime": "2026-02-12T09:02:19Z", "eofeos:mission_phase": "TOMOGRAPHIC", "updated": "2026-05-17T12:41:18Z", "sat:absolute_orbit": 4232, "product:acquisition_type": "nominal" } }, "geometry": { "type": "Polygon", "coordinates": [ [ [ -47.98739, -13.292004 ], [ -47.41081, -13.40636 ], [ -47.15826, -12.166056 ], [ -47.728317, -12.052079 ], [ -47.98739, -13.292004 ] ] ] } },
{ "type": "Feature", "properties": { "scene_id": "BIO_S1_SCS__1S_20260301T211333_20260301T211354_T_G01_M02_C07_T028_F166_01_DNMWG4", "product_name": "BIO_S1_SCS__1S_20260301T211333_20260301T211354_T_G01_M02_C07_T028_F166_01_DNMWG4", "collection": "BiomassLevel1a", "mode": "SCS", "track": "T028", "frame": "F166", "start_datetime": "2026-03-01T21:13:33.823Z", "end_datetime": "2026-03-01T21:13:54.217Z", "repeat_cycle": "7", "orbit_state": "DESCENDING", "raw_properties": { "processing:facility": "Biomass CPF", "product:type": "S1_SCS__1S", "eofeos:global_coverage_id": "1", "sat:anx_datetime": "2026-03-01T20:21:22.493Z", "platform": "Biomass", "eofeos:major_cycle_id": "2", "datetime": "2026-03-01T21:13:33.823Z", "instruments": [ "P-SAR" ], "constellation": "Biomass", "storage:schemes": { "biomass-pdgs-01": { "bucket": "biomass-pdgs-01", "description": "This endpoint provides access to EO data which is stored on the object storage of the ESA MAAP. See the [documentation](https://portal.maap.eo.esa.int/dataaccess/) for more information, including how to get credentials.", "type": "custom-s3", "title": "ESA MAAP S3", "region": "gra", "platform": "https://{bucket}.s3.{region}.io.cloud.ovh.net" } }, "eopf:datatake_id": "36834176", "processing:software": { "Biomass L1 Processor": "4.3.1" }, "eopf:instrument_configuration_id": 0, "grid:code": "WRS-28-166", "processing:level": "L1A", "proj:code": "EPSG:4326", "sci:doi": "10.57780/bio-bef83b4", "created": "2026-03-02T09:45:40Z", "published": "2026-03-01T21:13:54.217Z", "version": "01", "sar:observation_direction": "left", "sar:polarizations": [ "HH", "HV", "VH", "VV" ], "auth:schemes": { "s3": { "type": "s3" }, "oidc": { "openIdConnectUrl": "https://iam.ascend.icsgate.eu/realms/esa-maap/.well-known/openid-configuration", "type": "openIdConnect" } }, "sar:instrument_mode": "SM", "eofeos:orbit_drift_flag": false, "processing:datetime": "2026-03-02T09:45:40Z", "eofeos:mission_phase": "TOMOGRAPHIC", "updated": "2026-05-17T13:25:07Z", "sat:absolute_orbit": 4496, "product:acquisition_type": "nominal" } }, "geometry": { "type": "Polygon", "coordinates": [ [ [ -48.03369, -13.291426 ], [ -47.454906, -13.406225 ], [ -47.202793, -12.165795 ], [ -47.773647, -12.051651 ], [ -48.03369, -13.291426 ] ] ] } },
{ "type": "Feature", "properties": { "scene_id": "BIO_S1_SCS__1S_20260424T211802_20260424T211823_T_G01_M03_C01_T028_F166_02_DQF131", "product_name": "BIO_S1_SCS__1S_20260424T211802_20260424T211823_T_G01_M03_C01_T028_F166_02_DQF131", "collection": "BiomassLevel1a", "mode": "SCS", "track": "T028", "frame": "F166", "start_datetime": "2026-04-24T21:18:02.765Z", "end_datetime": "2026-04-24T21:18:23.160Z", "repeat_cycle": "1", "orbit_state": "DESCENDING", "raw_properties": { "processing:facility": "Biomass CPF", "product:type": "S1_SCS__1S", "eofeos:global_coverage_id": "1", "sat:anx_datetime": "2026-04-24T20:25:51.443Z", "platform": "Biomass", "eofeos:major_cycle_id": "3", "datetime": "2026-04-24T21:18:02.765Z", "instruments": [ "P-SAR" ], "constellation": "Biomass", "storage:schemes": { "biomass-pdgs-01": { "bucket": "biomass-pdgs-01", "description": "This endpoint provides access to EO data which is stored on the object storage of the ESA MAAP. See the [documentation](https://portal.maap.eo.esa.int/dataaccess/) for more information, including how to get credentials.", "type": "custom-s3", "title": "ESA MAAP S3", "region": "gra", "platform": "https://{bucket}.s3.{region}.io.cloud.ovh.net" } }, "eopf:datatake_id": "43322236", "processing:software": { "Biomass L1 Processor": "4.4.2" }, "eopf:instrument_configuration_id": 0, "grid:code": "WRS-28-166", "processing:level": "L1A", "proj:code": "EPSG:4326", "sci:doi": "10.57780/bio-bef83b4", "created": "2026-04-25T11:25:49Z", "published": "2026-04-24T21:18:23.160Z", "version": "02", "sar:observation_direction": "left", "sar:polarizations": [ "HH", "HV", "VH", "VV" ], "auth:schemes": { "s3": { "type": "s3" }, "oidc": { "openIdConnectUrl": "https://iam.ascend.icsgate.eu/realms/esa-maap/.well-known/openid-configuration", "type": "openIdConnect" } }, "sar:instrument_mode": "SM", "eofeos:orbit_drift_flag": false, "processing:datetime": "2026-04-25T11:25:49Z", "eofeos:mission_phase": "TOMOGRAPHIC", "updated": "2026-06-09T16:48:41Z", "sat:absolute_orbit": 5288, "product:acquisition_type": "nominal" } }, "geometry": { "type": "Polygon", "coordinates": [ [ [ -49.15962, -13.290508 ], [ -48.578255, -13.405853 ], [ -48.325264, -12.165583 ], [ -48.895554, -12.051521 ], [ -49.15962, -13.290508 ] ] ] } },
{ "type": "Feature", "properties": { "scene_id": "BIO_S1_SCS__1S_20260427T211804_20260427T211825_T_G01_M03_C02_T028_F166_02_DQKKIX", "product_name": "BIO_S1_SCS__1S_20260427T211804_20260427T211825_T_G01_M03_C02_T028_F166_02_DQKKIX", "collection": "BiomassLevel1a", "mode": "SCS", "track": "T028", "frame": "F166", "start_datetime": "2026-04-27T21:18:04.675Z", "end_datetime": "2026-04-27T21:18:25.069Z", "repeat_cycle": "2", "orbit_state": "DESCENDING", "raw_properties": { "processing:facility": "Biomass CPF", "product:type": "S1_SCS__1S", "eofeos:global_coverage_id": "1", "sat:anx_datetime": "2026-04-27T20:25:53.361Z", "platform": "Biomass", "eofeos:major_cycle_id": "3", "datetime": "2026-04-27T21:18:04.675Z", "instruments": [ "P-SAR" ], "constellation": "Biomass", "storage:schemes": { "biomass-pdgs-01": { "bucket": "biomass-pdgs-01", "description": "This endpoint provides access to EO data which is stored on the object storage of the ESA MAAP. See the [documentation](https://portal.maap.eo.esa.int/dataaccess/) for more information, including how to get credentials.", "type": "custom-s3", "title": "ESA MAAP S3", "region": "gra", "platform": "https://{bucket}.s3.{region}.io.cloud.ovh.net" } }, "eopf:datatake_id": "43682683", "processing:software": { "Biomass L1 Processor": "4.4.2" }, "eopf:instrument_configuration_id": 0, "grid:code": "WRS-28-166", "processing:level": "L1A", "proj:code": "EPSG:4326", "sci:doi": "10.57780/bio-bef83b4", "created": "2026-04-28T11:13:45Z", "published": "2026-04-27T21:18:25.069Z", "version": "02", "sar:observation_direction": "left", "sar:polarizations": [ "HH", "HV", "VH", "VV" ], "auth:schemes": { "s3": { "type": "s3" }, "oidc": { "openIdConnectUrl": "https://iam.ascend.icsgate.eu/realms/esa-maap/.well-known/openid-configuration", "type": "openIdConnect" } }, "sar:instrument_mode": "SM", "eofeos:orbit_drift_flag": false, "processing:datetime": "2026-04-28T11:13:45Z", "eofeos:mission_phase": "TOMOGRAPHIC", "updated": "2026-06-10T21:53:21Z", "sat:absolute_orbit": 5332, "product:acquisition_type": "nominal" } }, "geometry": { "type": "Polygon", "coordinates": [ [ [ -49.166172, -13.290574 ], [ -48.585728, -13.405729 ], [ -48.331905, -12.165615 ], [ -48.902393, -12.051523 ], [ -49.166172, -13.290574 ] ] ] } },
{ "type": "Feature", "properties": { "scene_id": "BIO_S1_SCS__1S_20251122T210857_20251122T210918_T_G01_M01_C01_T028_F167_01_DNGWE0", "product_name": "BIO_S1_SCS__1S_20251122T210857_20251122T210918_T_G01_M01_C01_T028_F167_01_DNGWE0", "collection": "BiomassLevel1a", "mode": "SCS", "track": "T028", "frame": "F167", "start_datetime": "2025-11-22T21:08:57.944Z", "end_datetime": "2025-11-22T21:09:18.340Z", "repeat_cycle": "1", "orbit_state": "DESCENDING", "raw_properties": { "processing:facility": "Biomass CPF", "product:type": "S1_SCS__1S", "eofeos:global_coverage_id": "1", "sat:anx_datetime": "2025-11-22T20:16:27.559Z", "platform": "Biomass", "eofeos:major_cycle_id": "1", "datetime": "2025-11-22T21:08:57.944Z", "instruments": [ "P-SAR" ], "constellation": "Biomass", "storage:schemes": { "biomass-pdgs-01": { "bucket": "biomass-pdgs-01", "description": "This endpoint provides access to EO data which is stored on the object storage of the ESA MAAP. See the [documentation](https://portal.maap.eo.esa.int/dataaccess/) for more information, including how to get credentials.", "type": "custom-s3", "title": "ESA MAAP S3", "region": "gra", "platform": "https://{bucket}.s3.{region}.io.cloud.ovh.net" } }, "eopf:datatake_id": "24939406", "processing:software": { "Biomass L1 Processor": "4.3.1" }, "eopf:instrument_configuration_id": 0, "grid:code": "WRS-28-167", "processing:level": "L1A", "proj:code": "EPSG:4326", "sci:doi": "10.57780/bio-bef83b4", "created": "2026-02-27T03:58:48Z", "published": "2025-11-22T21:09:18.340Z", "version": "01", "sar:observation_direction": "left", "sar:polarizations": [ "HH", "HV", "VH", "VV" ], "auth:schemes": { "s3": { "type": "s3" }, "oidc": { "openIdConnectUrl": "https://iam.ascend.icsgate.eu/realms/esa-maap/.well-known/openid-configuration", "type": "openIdConnect" } }, "sar:instrument_mode": "SM", "eofeos:orbit_drift_flag": false, "processing:datetime": "2026-02-27T03:58:48Z", "eofeos:mission_phase": "TOMOGRAPHIC", "updated": "2026-05-17T09:30:34Z", "sat:absolute_orbit": 3044, "product:acquisition_type": "nominal" } }, "geometry": { "type": "Polygon", "coordinates": [ [ [ -47.03189, -14.446709 ], [ -46.469418, -14.55741 ], [ -46.207794, -13.318923 ], [ -46.7636, -13.208638 ], [ -47.03189, -14.446709 ] ] ] } },
{ "type": "Feature", "properties": { "scene_id": "BIO_S1_SCS__1S_20251122T210857_20251122T210918_T_G01_M01_C01_T028_F167_01_DNRKUT", "product_name": "BIO_S1_SCS__1S_20251122T210857_20251122T210918_T_G01_M01_C01_T028_F167_01_DNRKUT", "collection": "BiomassLevel1a", "mode": "SCS", "track": "T028", "frame": "F167", "start_datetime": "2025-11-22T21:08:57.944Z", "end_datetime": "2025-11-22T21:09:18.340Z", "repeat_cycle": "1", "orbit_state": "DESCENDING", "raw_properties": { "processing:facility": "Biomass CPF", "product:type": "S1_SCS__1S", "eofeos:global_coverage_id": "1", "sat:anx_datetime": "2025-11-22T20:16:27.559Z", "platform": "Biomass", "eofeos:major_cycle_id": "1", "datetime": "2025-11-22T21:08:57.944Z", "instruments": [ "P-SAR" ], "constellation": "Biomass", "storage:schemes": { "biomass-pdgs-01": { "bucket": "biomass-pdgs-01", "description": "This endpoint provides access to EO data which is stored on the object storage of the ESA MAAP. See the [documentation](https://portal.maap.eo.esa.int/dataaccess/) for more information, including how to get credentials.", "type": "custom-s3", "title": "ESA MAAP S3", "region": "gra", "platform": "https://{bucket}.s3.{region}.io.cloud.ovh.net" } }, "eopf:datatake_id": "24939406", "processing:software": { "Biomass L1 Processor": "4.3.1" }, "eopf:instrument_configuration_id": 0, "grid:code": "WRS-28-167", "processing:level": "L1A", "proj:code": "EPSG:4326", "sci:doi": "10.57780/bio-bef83b4", "created": "2026-03-04T22:23:17Z", "published": "2025-11-22T21:09:18.340Z", "version": "01", "sar:observation_direction": "left", "sar:polarizations": [ "HH", "HV", "VH", "VV" ], "auth:schemes": { "s3": { "type": "s3" }, "oidc": { "openIdConnectUrl": "https://iam.ascend.icsgate.eu/realms/esa-maap/.well-known/openid-configuration", "type": "openIdConnect" } }, "sar:instrument_mode": "SM", "eofeos:orbit_drift_flag": false, "processing:datetime": "2026-03-04T22:23:17Z", "eofeos:mission_phase": "TOMOGRAPHIC", "updated": "2026-05-17T09:30:34Z", "sat:absolute_orbit": 3044, "product:acquisition_type": "nominal" } }, "geometry": { "type": "Polygon", "coordinates": [ [ [ -47.03189, -14.446709 ], [ -46.445934, -14.562001 ], [ -46.184128, -13.323591 ], [ -46.7636, -13.208638 ], [ -47.03189, -14.446709 ] ] ] } },
{ "type": "Feature", "properties": { "scene_id": "BIO_S1_SCS__1S_20251201T210903_20251201T210924_T_G01_M01_C04_T028_F167_01_DKQ73P", "product_name": "BIO_S1_SCS__1S_20251201T210903_20251201T210924_T_G01_M01_C04_T028_F167_01_DKQ73P", "collection": "BiomassLevel1a", "mode": "SCS", "track": "T028", "frame": "F167", "start_datetime": "2025-12-01T21:09:03.668Z", "end_datetime": "2025-12-01T21:09:24.456Z", "repeat_cycle": "4", "orbit_state": "DESCENDING", "raw_properties": { "processing:facility": "Biomass CPF", "product:type": "S1_SCS__1S", "eofeos:global_coverage_id": "1", "sat:anx_datetime": "2025-12-01T20:16:33.475Z", "platform": "Biomass", "eofeos:major_cycle_id": "1", "datetime": "2025-12-01T21:09:03.668Z", "instruments": [ "P-SAR" ], "constellation": "Biomass", "storage:schemes": { "biomass-pdgs-01": { "bucket": "biomass-pdgs-01", "description": "This endpoint provides access to EO data which is stored on the object storage of the ESA MAAP. See the [documentation](https://portal.maap.eo.esa.int/dataaccess/) for more information, including how to get credentials.", "type": "custom-s3", "title": "ESA MAAP S3", "region": "gra", "platform": "https://{bucket}.s3.{region}.io.cloud.ovh.net" } }, "eopf:datatake_id": "26020750", "processing:software": { "Biomass L1 Processor": "4.2.2" }, "eopf:instrument_configuration_id": 0, "grid:code": "WRS-28-167", "processing:level": "L1A", "proj:code": "EPSG:4326", "sci:doi": "10.57780/bio-bef83b4", "created": "2026-01-04T20:47:49Z", "published": "2025-12-01T21:09:24.456Z", "version": "01", "sar:observation_direction": "left", "sar:polarizations": [ "HH", "HV", "VH", "VV" ], "auth:schemes": { "s3": { "type": "s3" }, "oidc": { "openIdConnectUrl": "https://iam.ascend.icsgate.eu/realms/esa-maap/.well-known/openid-configuration", "type": "openIdConnect" } }, "sar:instrument_mode": "SM", "eofeos:orbit_drift_flag": false, "processing:datetime": "2026-01-04T20:47:49Z", "eofeos:mission_phase": "TOMOGRAPHIC", "updated": "2026-05-17T10:13:53Z", "sat:absolute_orbit": 3176, "product:acquisition_type": "nominal" } }, "geometry": { "type": "Polygon", "coordinates": [ [ [ -47.07008, -14.45661 ], [ -46.49098, -14.57059 ], [ -46.224365, -13.308266 ], [ -46.798637, -13.194294 ], [ -47.07008, -14.45661 ] ] ] } },
{ "type": "Feature", "properties": { "scene_id": "BIO_S1_SCS__1S_20260301T211352_20260301T211413_T_G01_M02_C07_T028_F167_01_DNMWCJ", "product_name": "BIO_S1_SCS__1S_20260301T211352_20260301T211413_T_G01_M02_C07_T028_F167_01_DNMWCJ", "collection": "BiomassLevel1a", "mode": "SCS", "track": "T028", "frame": "F167", "start_datetime": "2026-03-01T21:13:52.832Z", "end_datetime": "2026-03-01T21:14:13.227Z", "repeat_cycle": "7", "orbit_state": "DESCENDING", "raw_properties": { "processing:facility": "Biomass CPF", "product:type": "S1_SCS__1S", "eofeos:global_coverage_id": "1", "sat:anx_datetime": "2026-03-01T20:21:22.493Z", "platform": "Biomass", "eofeos:major_cycle_id": "2", "datetime": "2026-03-01T21:13:52.832Z", "instruments": [ "P-SAR" ], "constellation": "Biomass", "storage:schemes": { "biomass-pdgs-01": { "bucket": "biomass-pdgs-01", "description": "This endpoint provides access to EO data which is stored on the object storage of the ESA MAAP. See the [documentation](https://portal.maap.eo.esa.int/dataaccess/) for more information, including how to get credentials.", "type": "custom-s3", "title": "ESA MAAP S3", "region": "gra", "platform": "https://{bucket}.s3.{region}.io.cloud.ovh.net" } }, "eopf:datatake_id": "36834176", "processing:software": { "Biomass L1 Processor": "4.3.1" }, "eopf:instrument_configuration_id": 0, "grid:code": "WRS-28-167", "processing:level": "L1A", "proj:code": "EPSG:4326", "sci:doi": "10.57780/bio-bef83b4", "created": "2026-03-02T09:43:31Z", "published": "2026-03-01T21:14:13.227Z", "version": "01", "sar:observation_direction": "left", "sar:polarizations": [ "HH", "HV", "VH", "VV" ], "auth:schemes": { "s3": { "type": "s3" }, "oidc": { "openIdConnectUrl": "https://iam.ascend.icsgate.eu/realms/esa-maap/.well-known/openid-configuration", "type": "openIdConnect" } }, "sar:instrument_mode": "SM", "eofeos:orbit_drift_flag": false, "processing:datetime": "2026-03-02T09:43:31Z", "eofeos:mission_phase": "TOMOGRAPHIC", "updated": "2026-05-17T13:25:07Z", "sat:absolute_orbit": 4496, "product:acquisition_type": "nominal" } }, "geometry": { "type": "Polygon", "coordinates": [ [ [ -48.275024, -14.447075 ], [ -47.68662, -14.562865 ], [ -47.437614, -13.321947 ], [ -48.005184, -13.209309 ], [ -48.275024, -14.447075 ] ] ] } },
{ "type": "Feature", "properties": { "scene_id": "BIO_S1_SCS__1S_20260424T211821_20260424T211842_T_G01_M03_C01_T028_F167_02_DQF105", "product_name": "BIO_S1_SCS__1S_20260424T211821_20260424T211842_T_G01_M03_C01_T028_F167_02_DQF105", "collection": "BiomassLevel1a", "mode": "SCS", "track": "T028", "frame": "F167", "start_datetime": "2026-04-24T21:18:21.774Z", "end_datetime": "2026-04-24T21:18:42.169Z", "repeat_cycle": "1", "orbit_state": "DESCENDING", "raw_properties": { "processing:facility": "Biomass CPF", "product:type": "S1_SCS__1S", "eofeos:global_coverage_id": "1", "sat:anx_datetime": "2026-04-24T20:25:51.443Z", "platform": "Biomass", "eofeos:major_cycle_id": "3", "datetime": "2026-04-24T21:18:21.774Z", "instruments": [ "P-SAR" ], "constellation": "Biomass", "storage:schemes": { "biomass-pdgs-01": { "bucket": "biomass-pdgs-01", "description": "This endpoint provides access to EO data which is stored on the object storage of the ESA MAAP. See the [documentation](https://portal.maap.eo.esa.int/dataaccess/) for more information, including how to get credentials.", "type": "custom-s3", "title": "ESA MAAP S3", "region": "gra", "platform": "https://{bucket}.s3.{region}.io.cloud.ovh.net" } }, "eopf:datatake_id": "43322236", "processing:software": { "Biomass L1 Processor": "4.4.2" }, "eopf:instrument_configuration_id": 0, "grid:code": "WRS-28-167", "processing:level": "L1A", "proj:code": "EPSG:4326", "sci:doi": "10.57780/bio-bef83b4", "created": "2026-04-25T11:24:05Z", "published": "2026-04-24T21:18:42.169Z", "version": "02", "sar:observation_direction": "left", "sar:polarizations": [ "HH", "HV", "VH", "VV" ], "auth:schemes": { "s3": { "type": "s3" }, "oidc": { "openIdConnectUrl": "https://iam.ascend.icsgate.eu/realms/esa-maap/.well-known/openid-configuration", "type": "openIdConnect" } }, "sar:instrument_mode": "SM", "eofeos:orbit_drift_flag": false, "processing:datetime": "2026-04-25T11:24:05Z", "eofeos:mission_phase": "TOMOGRAPHIC", "updated": "2026-06-09T16:48:39Z", "sat:absolute_orbit": 5288, "product:acquisition_type": "nominal" } }, "geometry": { "type": "Polygon", "coordinates": [ [ [ -49.398743, -14.44667 ], [ -48.815136, -14.561562 ], [ -48.552536, -13.323287 ], [ -49.134285, -13.207823 ], [ -49.398743, -14.44667 ] ] ] } },
{ "type": "Feature", "properties": { "scene_id": "BIO_S1_SCS__1S_20260430T211825_20260430T211846_T_G01_M03_C03_T028_F167_02_DQQ5TP", "product_name": "BIO_S1_SCS__1S_20260430T211825_20260430T211846_T_G01_M03_C03_T028_F167_02_DQQ5TP", "collection": "BiomassLevel1a", "mode": "SCS", "track": "T028", "frame": "F167", "start_datetime": "2026-04-30T21:18:25.632Z", "end_datetime": "2026-04-30T21:18:46.027Z", "repeat_cycle": "3", "orbit_state": "DESCENDING", "raw_properties": { "processing:facility": "Biomass CPF", "product:type": "S1_SCS__1S", "eofeos:global_coverage_id": "1", "sat:anx_datetime": "2026-04-30T20:25:55.299Z", "platform": "Biomass", "eofeos:major_cycle_id": "3", "datetime": "2026-04-30T21:18:25.632Z", "instruments": [ "P-SAR" ], "constellation": "Biomass", "storage:schemes": { "biomass-pdgs-01": { "bucket": "biomass-pdgs-01", "description": "This endpoint provides access to EO data which is stored on the object storage of the ESA MAAP. See the [documentation](https://portal.maap.eo.esa.int/dataaccess/) for more information, including how to get credentials.", "type": "custom-s3", "title": "ESA MAAP S3", "region": "gra", "platform": "https://{bucket}.s3.{region}.io.cloud.ovh.net" } }, "eopf:datatake_id": "44043131", "processing:software": { "Biomass L1 Processor": "4.4.2" }, "eopf:instrument_configuration_id": 0, "grid:code": "WRS-28-167", "processing:level": "L1A", "proj:code": "EPSG:4326", "sci:doi": "10.57780/bio-bef83b4", "created": "2026-05-01T11:41:49Z", "published": "2026-04-30T21:18:46.027Z", "version": "02", "sar:observation_direction": "left", "sar:polarizations": [ "HH", "HV", "VH", "VV" ], "auth:schemes": { "s3": { "type": "s3" }, "oidc": { "openIdConnectUrl": "https://iam.ascend.icsgate.eu/realms/esa-maap/.well-known/openid-configuration", "type": "openIdConnect" } }, "sar:instrument_mode": "SM", "eofeos:orbit_drift_flag": false, "processing:datetime": "2026-05-01T11:41:49Z", "eofeos:mission_phase": "TOMOGRAPHIC", "updated": "2026-06-10T22:10:15Z", "sat:absolute_orbit": 5376, "product:acquisition_type": "nominal" } }, "geometry": { "type": "Polygon", "coordinates": [ [ [ -49.412773, -14.446769 ], [ -48.832508, -14.560995 ], [ -48.567913, -13.323111 ], [ -49.148922, -13.207809 ], [ -49.412773, -14.446769 ] ] ] } },
{ "type": "Feature", "properties": { "scene_id": "BIO_S1_SCS__1S_20251122T210916_20251122T210937_T_G01_M01_C01_T028_F168_01_DNRKUS", "product_name": "BIO_S1_SCS__1S_20251122T210916_20251122T210937_T_G01_M01_C01_T028_F168_01_DNRKUS", "collection": "BiomassLevel1a", "mode": "SCS", "track": "T028", "frame": "F168", "start_datetime": "2025-11-22T21:09:16.954Z", "end_datetime": "2025-11-22T21:09:37.351Z", "repeat_cycle": "1", "orbit_state": "DESCENDING", "raw_properties": { "processing:facility": "Biomass CPF", "product:type": "S1_SCS__1S", "eofeos:global_coverage_id": "1", "sat:anx_datetime": "2025-11-22T20:16:27.559Z", "platform": "Biomass", "eofeos:major_cycle_id": "1", "datetime": "2025-11-22T21:09:16.954Z", "instruments": [ "P-SAR" ], "constellation": "Biomass", "storage:schemes": { "biomass-pdgs-01": { "bucket": "biomass-pdgs-01", "description": "This endpoint provides access to EO data which is stored on the object storage of the ESA MAAP. See the [documentation](https://portal.maap.eo.esa.int/dataaccess/) for more information, including how to get credentials.", "type": "custom-s3", "title": "ESA MAAP S3", "region": "gra", "platform": "https://{bucket}.s3.{region}.io.cloud.ovh.net" } }, "eopf:datatake_id": "24939406", "processing:software": { "Biomass L1 Processor": "4.3.1" }, "eopf:instrument_configuration_id": 0, "grid:code": "WRS-28-168", "processing:level": "L1A", "proj:code": "EPSG:4326", "sci:doi": "10.57780/bio-bef83b4", "created": "2026-03-04T22:23:16Z", "published": "2025-11-22T21:09:37.351Z", "version": "01", "sar:observation_direction": "left", "sar:polarizations": [ "HH", "HV", "VH", "VV" ], "auth:schemes": { "s3": { "type": "s3" }, "oidc": { "openIdConnectUrl": "https://iam.ascend.icsgate.eu/realms/esa-maap/.well-known/openid-configuration", "type": "openIdConnect" } }, "sar:instrument_mode": "SM", "eofeos:orbit_drift_flag": false, "processing:datetime": "2026-03-04T22:23:16Z", "eofeos:mission_phase": "TOMOGRAPHIC", "updated": "2026-05-17T09:30:34Z", "sat:absolute_orbit": 3044, "product:acquisition_type": "nominal" } }, "geometry": { "type": "Polygon", "coordinates": [ [ [ -47.26035, -15.604838 ], [ -46.68442, -15.717246 ], [ -46.42775, -14.477926 ], [ -47.0052, -14.364245 ], [ -47.26035, -15.604838 ] ] ] } },
{ "type": "Feature", "properties": { "scene_id": "BIO_S1_SCS__1S_20260301T211411_20260301T211432_T_G01_M02_C07_T028_F168_01_DNMWDM", "product_name": "BIO_S1_SCS__1S_20260301T211411_20260301T211432_T_G01_M02_C07_T028_F168_01_DNMWDM", "collection": "BiomassLevel1a", "mode": "SCS", "track": "T028", "frame": "F168", "start_datetime": "2026-03-01T21:14:11.842Z", "end_datetime": "2026-03-01T21:14:32.238Z", "repeat_cycle": "7", "orbit_state": "DESCENDING", "raw_properties": { "processing:facility": "Biomass CPF", "product:type": "S1_SCS__1S", "eofeos:global_coverage_id": "1", "sat:anx_datetime": "2026-03-01T20:21:22.493Z", "platform": "Biomass", "eofeos:major_cycle_id": "2", "datetime": "2026-03-01T21:14:11.842Z", "instruments": [ "P-SAR" ], "constellation": "Biomass", "storage:schemes": { "biomass-pdgs-01": { "bucket": "biomass-pdgs-01", "description": "This endpoint provides access to EO data which is stored on the object storage of the ESA MAAP. See the [documentation](https://portal.maap.eo.esa.int/dataaccess/) for more information, including how to get credentials.", "type": "custom-s3", "title": "ESA MAAP S3", "region": "gra", "platform": "https://{bucket}.s3.{region}.io.cloud.ovh.net" } }, "eopf:datatake_id": "36834176", "processing:software": { "Biomass L1 Processor": "4.3.1" }, "eopf:instrument_configuration_id": 0, "grid:code": "WRS-28-168", "processing:level": "L1A", "proj:code": "EPSG:4326", "sci:doi": "10.57780/bio-bef83b4", "created": "2026-03-02T09:44:10Z", "published": "2026-03-01T21:14:32.238Z", "version": "01", "sar:observation_direction": "left", "sar:polarizations": [ "HH", "HV", "VH", "VV" ], "auth:schemes": { "s3": { "type": "s3" }, "oidc": { "openIdConnectUrl": "https://iam.ascend.icsgate.eu/realms/esa-maap/.well-known/openid-configuration", "type": "openIdConnect" } }, "sar:instrument_mode": "SM", "eofeos:orbit_drift_flag": false, "processing:datetime": "2026-03-02T09:44:10Z", "eofeos:mission_phase": "TOMOGRAPHIC", "updated": "2026-05-17T13:25:07Z", "sat:absolute_orbit": 4496, "product:acquisition_type": "nominal" } }, "geometry": { "type": "Polygon", "coordinates": [ [ [ -48.5107, -15.603859 ], [ -47.926174, -15.717963 ], [ -47.667286, -14.479073 ], [ -48.24682, -14.364971 ], [ -48.5107, -15.603859 ] ] ] } },
{ "type": "Feature", "properties": { "scene_id": "BIO_S1_SCS__1S_20260424T211840_20260424T211901_T_G01_M03_C01_T028_F168_02_DQF0YX", "product_name": "BIO_S1_SCS__1S_20260424T211840_20260424T211901_T_G01_M03_C01_T028_F168_02_DQF0YX", "collection": "BiomassLevel1a", "mode": "SCS", "track": "T028", "frame": "F168", "start_datetime": "2026-04-24T21:18:40.785Z", "end_datetime": "2026-04-24T21:19:01.181Z", "repeat_cycle": "1", "orbit_state": "DESCENDING", "raw_properties": { "processing:facility": "Biomass CPF", "product:type": "S1_SCS__1S", "eofeos:global_coverage_id": "1", "sat:anx_datetime": "2026-04-24T20:25:51.443Z", "platform": "Biomass", "eofeos:major_cycle_id": "3", "datetime": "2026-04-24T21:18:40.785Z", "instruments": [ "P-SAR" ], "constellation": "Biomass", "storage:schemes": { "biomass-pdgs-01": { "bucket": "biomass-pdgs-01", "description": "This endpoint provides access to EO data which is stored on the object storage of the ESA MAAP. See the [documentation](https://portal.maap.eo.esa.int/dataaccess/) for more information, including how to get credentials.", "type": "custom-s3", "title": "ESA MAAP S3", "region": "gra", "platform": "https://{bucket}.s3.{region}.io.cloud.ovh.net" } }, "eopf:datatake_id": "43322236", "processing:software": { "Biomass L1 Processor": "4.4.2" }, "eopf:instrument_configuration_id": 0, "grid:code": "WRS-28-168", "processing:level": "L1A", "proj:code": "EPSG:4326", "sci:doi": "10.57780/bio-bef83b4", "created": "2026-04-25T11:23:21Z", "published": "2026-04-24T21:19:01.181Z", "version": "02", "sar:observation_direction": "left", "sar:polarizations": [ "HH", "HV", "VH", "VV" ], "auth:schemes": { "s3": { "type": "s3" }, "oidc": { "openIdConnectUrl": "https://iam.ascend.icsgate.eu/realms/esa-maap/.well-known/openid-configuration", "type": "openIdConnect" } }, "sar:instrument_mode": "SM", "eofeos:orbit_drift_flag": false, "processing:datetime": "2026-04-25T11:23:21Z", "eofeos:mission_phase": "TOMOGRAPHIC", "updated": "2026-06-09T16:48:39Z", "sat:absolute_orbit": 5288, "product:acquisition_type": "nominal" } }, "geometry": { "type": "Polygon", "coordinates": [ [ [ -49.634796, -15.60339 ], [ -49.0526, -15.717082 ], [ -48.792557, -14.4784 ], [ -49.368603, -14.364947 ], [ -49.634796, -15.60339 ] ] ] } },
{ "type": "Feature", "properties": { "scene_id": "BIO_S1_SCS__1S_20260427T211842_20260427T211903_T_G01_M03_C02_T028_F168_02_DQKKFV", "product_name": "BIO_S1_SCS__1S_20260427T211842_20260427T211903_T_G01_M03_C02_T028_F168_02_DQKKFV", "collection": "BiomassLevel1a", "mode": "SCS", "track": "T028", "frame": "F168", "start_datetime": "2026-04-27T21:18:42.693Z", "end_datetime": "2026-04-27T21:19:03.090Z", "repeat_cycle": "2", "orbit_state": "DESCENDING", "raw_properties": { "processing:facility": "Biomass CPF", "product:type": "S1_SCS__1S", "eofeos:global_coverage_id": "1", "sat:anx_datetime": "2026-04-27T20:25:53.361Z", "platform": "Biomass", "eofeos:major_cycle_id": "3", "datetime": "2026-04-27T21:18:42.693Z", "instruments": [ "P-SAR" ], "constellation": "Biomass", "storage:schemes": { "biomass-pdgs-01": { "bucket": "biomass-pdgs-01", "description": "This endpoint provides access to EO data which is stored on the object storage of the ESA MAAP. See the [documentation](https://portal.maap.eo.esa.int/dataaccess/) for more information, including how to get credentials.", "type": "custom-s3", "title": "ESA MAAP S3", "region": "gra", "platform": "https://{bucket}.s3.{region}.io.cloud.ovh.net" } }, "eopf:datatake_id": "43682683", "processing:software": { "Biomass L1 Processor": "4.4.2" }, "eopf:instrument_configuration_id": 0, "grid:code": "WRS-28-168", "processing:level": "L1A", "proj:code": "EPSG:4326", "sci:doi": "10.57780/bio-bef83b4", "created": "2026-04-28T11:11:55Z", "published": "2026-04-27T21:19:03.090Z", "version": "02", "sar:observation_direction": "left", "sar:polarizations": [ "HH", "HV", "VH", "VV" ], "auth:schemes": { "s3": { "type": "s3" }, "oidc": { "openIdConnectUrl": "https://iam.ascend.icsgate.eu/realms/esa-maap/.well-known/openid-configuration", "type": "openIdConnect" } }, "sar:instrument_mode": "SM", "eofeos:orbit_drift_flag": false, "processing:datetime": "2026-04-28T11:11:55Z", "eofeos:mission_phase": "TOMOGRAPHIC", "updated": "2026-06-10T21:53:21Z", "sat:absolute_orbit": 5332, "product:acquisition_type": "nominal" } }, "geometry": { "type": "Polygon", "coordinates": [ [ [ -49.64147, -15.603401 ], [ -49.058235, -15.717283 ], [ -48.79953, -14.478337 ], [ -49.376175, -14.364774 ], [ -49.64147, -15.603401 ] ] ] } },
{ "type": "Feature", "properties": { "scene_id": "BIO_S1_SCS__1S_20260430T211844_20260430T211905_T_G01_M03_C03_T028_F168_02_DQQ5H3", "product_name": "BIO_S1_SCS__1S_20260430T211844_20260430T211905_T_G01_M03_C03_T028_F168_02_DQQ5H3", "collection": "BiomassLevel1a", "mode": "SCS", "track": "T028", "frame": "F168", "start_datetime": "2026-04-30T21:18:44.642Z", "end_datetime": "2026-04-30T21:19:05.039Z", "repeat_cycle": "3", "orbit_state": "DESCENDING", "raw_properties": { "processing:facility": "Biomass CPF", "product:type": "S1_SCS__1S", "eofeos:global_coverage_id": "1", "sat:anx_datetime": "2026-04-30T20:25:55.299Z", "platform": "Biomass", "eofeos:major_cycle_id": "3", "datetime": "2026-04-30T21:18:44.642Z", "instruments": [ "P-SAR" ], "constellation": "Biomass", "storage:schemes": { "biomass-pdgs-01": { "bucket": "biomass-pdgs-01", "description": "This endpoint provides access to EO data which is stored on the object storage of the ESA MAAP. See the [documentation](https://portal.maap.eo.esa.int/dataaccess/) for more information, including how to get credentials.", "type": "custom-s3", "title": "ESA MAAP S3", "region": "gra", "platform": "https://{bucket}.s3.{region}.io.cloud.ovh.net" } }, "eopf:datatake_id": "44043131", "processing:software": { "Biomass L1 Processor": "4.4.2" }, "eopf:instrument_configuration_id": 0, "grid:code": "WRS-28-168", "processing:level": "L1A", "proj:code": "EPSG:4326", "sci:doi": "10.57780/bio-bef83b4", "created": "2026-05-01T11:34:15Z", "published": "2026-04-30T21:19:05.039Z", "version": "02", "sar:observation_direction": "left", "sar:polarizations": [ "HH", "HV", "VH", "VV" ], "auth:schemes": { "s3": { "type": "s3" }, "oidc": { "openIdConnectUrl": "https://iam.ascend.icsgate.eu/realms/esa-maap/.well-known/openid-configuration", "type": "openIdConnect" } }, "sar:instrument_mode": "SM", "eofeos:orbit_drift_flag": false, "processing:datetime": "2026-05-01T11:34:15Z", "eofeos:mission_phase": "TOMOGRAPHIC", "updated": "2026-06-10T22:10:15Z", "sat:absolute_orbit": 5376, "product:acquisition_type": "nominal" } }, "geometry": { "type": "Polygon", "coordinates": [ [ [ -49.649635, -15.603324 ], [ -49.066914, -15.717102 ], [ -48.807762, -14.478253 ], [ -49.386913, -14.364202 ], [ -49.649635, -15.603324 ] ] ] } },
{ "type": "Feature", "properties": { "scene_id": "BIO_S1_SCS__1S_20251122T210935_20251122T210956_T_G01_M01_C01_T028_F169_01_DNRKT8", "product_name": "BIO_S1_SCS__1S_20251122T210935_20251122T210956_T_G01_M01_C01_T028_F169_01_DNRKT8", "collection": "BiomassLevel1a", "mode": "SCS", "track": "T028", "frame": "F169", "start_datetime": "2025-11-22T21:09:35.965Z", "end_datetime": "2025-11-22T21:09:56.363Z", "repeat_cycle": "1", "orbit_state": "DESCENDING", "raw_properties": { "processing:facility": "Biomass CPF", "product:type": "S1_SCS__1S", "eofeos:global_coverage_id": "1", "sat:anx_datetime": "2025-11-22T20:16:27.559Z", "platform": "Biomass", "eofeos:major_cycle_id": "1", "datetime": "2025-11-22T21:09:35.965Z", "instruments": [ "P-SAR" ], "constellation": "Biomass", "storage:schemes": { "biomass-pdgs-01": { "bucket": "biomass-pdgs-01", "description": "This endpoint provides access to EO data which is stored on the object storage of the ESA MAAP. See the [documentation](https://portal.maap.eo.esa.int/dataaccess/) for more information, including how to get credentials.", "type": "custom-s3", "title": "ESA MAAP S3", "region": "gra", "platform": "https://{bucket}.s3.{region}.io.cloud.ovh.net" } }, "eopf:datatake_id": "24939406", "processing:software": { "Biomass L1 Processor": "4.3.1" }, "eopf:instrument_configuration_id": 0, "grid:code": "WRS-28-169", "processing:level": "L1A", "proj:code": "EPSG:4326", "sci:doi": "10.57780/bio-bef83b4", "created": "2026-03-04T22:22:20Z", "published": "2025-11-22T21:09:56.363Z", "version": "01", "sar:observation_direction": "left", "sar:polarizations": [ "HH", "HV", "VH", "VV" ], "auth:schemes": { "s3": { "type": "s3" }, "oidc": { "openIdConnectUrl": "https://iam.ascend.icsgate.eu/realms/esa-maap/.well-known/openid-configuration", "type": "openIdConnect" } }, "sar:instrument_mode": "SM", "eofeos:orbit_drift_flag": false, "processing:datetime": "2026-03-04T22:22:20Z", "eofeos:mission_phase": "TOMOGRAPHIC", "updated": "2026-05-17T09:30:34Z", "sat:absolute_orbit": 3044, "product:acquisition_type": "nominal" } }, "geometry": { "type": "Polygon", "coordinates": [ [ [ -47.50101, -16.760555 ], [ -46.924557, -16.872133 ], [ -46.663837, -15.63368 ], [ -47.235188, -15.522109 ], [ -47.50101, -16.760555 ] ] ] } },
{ "type": "Feature", "properties": { "scene_id": "BIO_S1_SCS__1S_20251122T210935_20251122T210956_T_G01_M01_C01_T028_F169_01_DNGWE1", "product_name": "BIO_S1_SCS__1S_20251122T210935_20251122T210956_T_G01_M01_C01_T028_F169_01_DNGWE1", "collection": "BiomassLevel1a", "mode": "SCS", "track": "T028", "frame": "F169", "start_datetime": "2025-11-22T21:09:35.965Z", "end_datetime": "2025-11-22T21:09:56.363Z", "repeat_cycle": "1", "orbit_state": "DESCENDING", "raw_properties": { "processing:facility": "Biomass CPF", "product:type": "S1_SCS__1S", "eofeos:global_coverage_id": "1", "sat:anx_datetime": "2025-11-22T20:16:27.559Z", "platform": "Biomass", "eofeos:major_cycle_id": "1", "datetime": "2025-11-22T21:09:35.965Z", "instruments": [ "P-SAR" ], "constellation": "Biomass", "storage:schemes": { "biomass-pdgs-01": { "bucket": "biomass-pdgs-01", "description": "This endpoint provides access to EO data which is stored on the object storage of the ESA MAAP. See the [documentation](https://portal.maap.eo.esa.int/dataaccess/) for more information, including how to get credentials.", "type": "custom-s3", "title": "ESA MAAP S3", "region": "gra", "platform": "https://{bucket}.s3.{region}.io.cloud.ovh.net" } }, "eopf:datatake_id": "24939406", "processing:software": { "Biomass L1 Processor": "4.3.1" }, "eopf:instrument_configuration_id": 0, "grid:code": "WRS-28-169", "processing:level": "L1A", "proj:code": "EPSG:4326", "sci:doi": "10.57780/bio-bef83b4", "created": "2026-02-27T03:58:49Z", "published": "2025-11-22T21:09:56.363Z", "version": "01", "sar:observation_direction": "left", "sar:polarizations": [ "HH", "HV", "VH", "VV" ], "auth:schemes": { "s3": { "type": "s3" }, "oidc": { "openIdConnectUrl": "https://iam.ascend.icsgate.eu/realms/esa-maap/.well-known/openid-configuration", "type": "openIdConnect" } }, "sar:instrument_mode": "SM", "eofeos:orbit_drift_flag": false, "processing:datetime": "2026-02-27T03:58:49Z", "eofeos:mission_phase": "TOMOGRAPHIC", "updated": "2026-05-17T09:30:34Z", "sat:absolute_orbit": 3044, "product:acquisition_type": "nominal" } }, "geometry": { "type": "Polygon", "coordinates": [ [ [ -47.50101, -16.760555 ], [ -46.94456, -16.868284 ], [ -46.68737, -15.629115 ], [ -47.235188, -15.522109 ], [ -47.50101, -16.760555 ] ] ] } },
{ "type": "Feature", "properties": { "scene_id": "BIO_S1_SCS__1S_20260301T211430_20260301T211451_T_G01_M02_C07_T028_F169_01_DNMWAW", "product_name": "BIO_S1_SCS__1S_20260301T211430_20260301T211451_T_G01_M02_C07_T028_F169_01_DNMWAW", "collection": "BiomassLevel1a", "mode": "SCS", "track": "T028", "frame": "F169", "start_datetime": "2026-03-01T21:14:30.855Z", "end_datetime": "2026-03-01T21:14:51.253Z", "repeat_cycle": "7", "orbit_state": "DESCENDING", "raw_properties": { "processing:facility": "Biomass CPF", "product:type": "S1_SCS__1S", "eofeos:global_coverage_id": "1", "sat:anx_datetime": "2026-03-01T20:21:22.493Z", "platform": "Biomass", "eofeos:major_cycle_id": "2", "datetime": "2026-03-01T21:14:30.855Z", "instruments": [ "P-SAR" ], "constellation": "Biomass", "storage:schemes": { "biomass-pdgs-01": { "bucket": "biomass-pdgs-01", "description": "This endpoint provides access to EO data which is stored on the object storage of the ESA MAAP. See the [documentation](https://portal.maap.eo.esa.int/dataaccess/) for more information, including how to get credentials.", "type": "custom-s3", "title": "ESA MAAP S3", "region": "gra", "platform": "https://{bucket}.s3.{region}.io.cloud.ovh.net" } }, "eopf:datatake_id": "36834176", "processing:software": { "Biomass L1 Processor": "4.3.1" }, "eopf:instrument_configuration_id": 0, "grid:code": "WRS-28-169", "processing:level": "L1A", "proj:code": "EPSG:4326", "sci:doi": "10.57780/bio-bef83b4", "created": "2026-03-02T09:42:32Z", "published": "2026-03-01T21:14:51.253Z", "version": "01", "sar:observation_direction": "left", "sar:polarizations": [ "HH", "HV", "VH", "VV" ], "auth:schemes": { "s3": { "type": "s3" }, "oidc": { "openIdConnectUrl": "https://iam.ascend.icsgate.eu/realms/esa-maap/.well-known/openid-configuration", "type": "openIdConnect" } }, "sar:instrument_mode": "SM", "eofeos:orbit_drift_flag": false, "processing:datetime": "2026-03-02T09:42:32Z", "eofeos:mission_phase": "TOMOGRAPHIC", "updated": "2026-05-17T13:25:07Z", "sat:absolute_orbit": 4496, "product:acquisition_type": "nominal" } }, "geometry": { "type": "Polygon", "coordinates": [ [ [ -48.74568, -16.760878 ], [ -48.167065, -16.87289 ], [ -47.896023, -15.636425 ], [ -48.48409, -15.5216 ], [ -48.74568, -16.760878 ] ] ] } },
{ "type": "Feature", "properties": { "scene_id": "BIO_S1_SCS__1S_20260424T211859_20260424T211920_T_G01_M03_C01_T028_F169_02_DQF137", "product_name": "BIO_S1_SCS__1S_20260424T211859_20260424T211920_T_G01_M03_C01_T028_F169_02_DQF137", "collection": "BiomassLevel1a", "mode": "SCS", "track": "T028", "frame": "F169", "start_datetime": "2026-04-24T21:18:59.794Z", "end_datetime": "2026-04-24T21:19:20.192Z", "repeat_cycle": "1", "orbit_state": "DESCENDING", "raw_properties": { "processing:facility": "Biomass CPF", "product:type": "S1_SCS__1S", "eofeos:global_coverage_id": "1", "sat:anx_datetime": "2026-04-24T20:25:51.443Z", "platform": "Biomass", "eofeos:major_cycle_id": "3", "datetime": "2026-04-24T21:18:59.794Z", "instruments": [ "P-SAR" ], "constellation": "Biomass", "storage:schemes": { "biomass-pdgs-01": { "bucket": "biomass-pdgs-01", "description": "This endpoint provides access to EO data which is stored on the object storage of the ESA MAAP. See the [documentation](https://portal.maap.eo.esa.int/dataaccess/) for more information, including how to get credentials.", "type": "custom-s3", "title": "ESA MAAP S3", "region": "gra", "platform": "https://{bucket}.s3.{region}.io.cloud.ovh.net" } }, "eopf:datatake_id": "43322236", "processing:software": { "Biomass L1 Processor": "4.4.2" }, "eopf:instrument_configuration_id": 0, "grid:code": "WRS-28-169", "processing:level": "L1A", "proj:code": "EPSG:4326", "sci:doi": "10.57780/bio-bef83b4", "created": "2026-04-25T11:25:55Z", "published": "2026-04-24T21:19:20.192Z", "version": "02", "sar:observation_direction": "left", "sar:polarizations": [ "HH", "HV", "VH", "VV" ], "auth:schemes": { "s3": { "type": "s3" }, "oidc": { "openIdConnectUrl": "https://iam.ascend.icsgate.eu/realms/esa-maap/.well-known/openid-configuration", "type": "openIdConnect" } }, "sar:instrument_mode": "SM", "eofeos:orbit_drift_flag": false, "processing:datetime": "2026-04-25T11:25:55Z", "eofeos:mission_phase": "TOMOGRAPHIC", "updated": "2026-06-09T16:48:39Z", "sat:absolute_orbit": 5288, "product:acquisition_type": "nominal" } }, "geometry": { "type": "Polygon", "coordinates": [ [ [ -49.875984, -16.758968 ], [ -49.288105, -16.872805 ], [ -49.02669, -15.634481 ], [ -49.6076, -15.520998 ], [ -49.875984, -16.758968 ] ] ] } },
{ "type": "Feature", "properties": { "scene_id": "BIO_S1_SCS__1S_20260427T211901_20260427T211922_T_G01_M03_C02_T028_F169_02_DQKKPM", "product_name": "BIO_S1_SCS__1S_20260427T211901_20260427T211922_T_G01_M03_C02_T028_F169_02_DQKKPM", "collection": "BiomassLevel1a", "mode": "SCS", "track": "T028", "frame": "F169", "start_datetime": "2026-04-27T21:19:01.705Z", "end_datetime": "2026-04-27T21:19:22.103Z", "repeat_cycle": "2", "orbit_state": "DESCENDING", "raw_properties": { "processing:facility": "Biomass CPF", "product:type": "S1_SCS__1S", "eofeos:global_coverage_id": "1", "sat:anx_datetime": "2026-04-27T20:25:53.361Z", "platform": "Biomass", "eofeos:major_cycle_id": "3", "datetime": "2026-04-27T21:19:01.705Z", "instruments": [ "P-SAR" ], "constellation": "Biomass", "storage:schemes": { "biomass-pdgs-01": { "bucket": "biomass-pdgs-01", "description": "This endpoint provides access to EO data which is stored on the object storage of the ESA MAAP. See the [documentation](https://portal.maap.eo.esa.int/dataaccess/) for more information, including how to get credentials.", "type": "custom-s3", "title": "ESA MAAP S3", "region": "gra", "platform": "https://{bucket}.s3.{region}.io.cloud.ovh.net" } }, "eopf:datatake_id": "43682683", "processing:software": { "Biomass L1 Processor": "4.4.2" }, "eopf:instrument_configuration_id": 0, "grid:code": "WRS-28-169", "processing:level": "L1A", "proj:code": "EPSG:4326", "sci:doi": "10.57780/bio-bef83b4", "created": "2026-04-28T11:17:46Z", "published": "2026-04-27T21:19:22.103Z", "version": "02", "sar:observation_direction": "left", "sar:polarizations": [ "HH", "HV", "VH", "VV" ], "auth:schemes": { "s3": { "type": "s3" }, "oidc": { "openIdConnectUrl": "https://iam.ascend.icsgate.eu/realms/esa-maap/.well-known/openid-configuration", "type": "openIdConnect" } }, "sar:instrument_mode": "SM", "eofeos:orbit_drift_flag": false, "processing:datetime": "2026-04-28T11:17:46Z", "eofeos:mission_phase": "TOMOGRAPHIC", "updated": "2026-06-10T21:53:21Z", "sat:absolute_orbit": 5332, "product:acquisition_type": "nominal" } }, "geometry": { "type": "Polygon", "coordinates": [ [ [ -49.882156, -16.759201 ], [ -49.294838, -16.872921 ], [ -49.033287, -15.634618 ], [ -49.613586, -15.521265 ], [ -49.882156, -16.759201 ] ] ] } },
{ "type": "Feature", "properties": { "scene_id": "BIO_S1_SCS__1S_20260301T211449_20260301T211510_T_G01_M02_C07_T028_F170_01_DNMWFH", "product_name": "BIO_S1_SCS__1S_20260301T211449_20260301T211510_T_G01_M02_C07_T028_F170_01_DNMWFH", "collection": "BiomassLevel1a", "mode": "SCS", "track": "T028", "frame": "F170", "start_datetime": "2026-03-01T21:14:49.865Z", "end_datetime": "2026-03-01T21:15:10.263Z", "repeat_cycle": "7", "orbit_state": "DESCENDING", "raw_properties": { "processing:facility": "Biomass CPF", "product:type": "S1_SCS__1S", "eofeos:global_coverage_id": "1", "sat:anx_datetime": "2026-03-01T20:21:22.493Z", "platform": "Biomass", "eofeos:major_cycle_id": "2", "datetime": "2026-03-01T21:14:49.865Z", "instruments": [ "P-SAR" ], "constellation": "Biomass", "storage:schemes": { "biomass-pdgs-01": { "bucket": "biomass-pdgs-01", "description": "This endpoint provides access to EO data which is stored on the object storage of the ESA MAAP. See the [documentation](https://portal.maap.eo.esa.int/dataaccess/) for more information, including how to get credentials.", "type": "custom-s3", "title": "ESA MAAP S3", "region": "gra", "platform": "https://{bucket}.s3.{region}.io.cloud.ovh.net" } }, "eopf:datatake_id": "36834176", "processing:software": { "Biomass L1 Processor": "4.3.1" }, "eopf:instrument_configuration_id": 0, "grid:code": "WRS-28-170", "processing:level": "L1A", "proj:code": "EPSG:4326", "sci:doi": "10.57780/bio-bef83b4", "created": "2026-03-02T09:45:17Z", "published": "2026-03-01T21:15:10.263Z", "version": "01", "sar:observation_direction": "left", "sar:polarizations": [ "HH", "HV", "VH", "VV" ], "auth:schemes": { "s3": { "type": "s3" }, "oidc": { "openIdConnectUrl": "https://iam.ascend.icsgate.eu/realms/esa-maap/.well-known/openid-configuration", "type": "openIdConnect" } }, "sar:instrument_mode": "SM", "eofeos:orbit_drift_flag": false, "processing:datetime": "2026-03-02T09:45:17Z", "eofeos:mission_phase": "TOMOGRAPHIC", "updated": "2026-05-17T13:25:07Z", "sat:absolute_orbit": 4496, "product:acquisition_type": "nominal" } }, "geometry": { "type": "Polygon", "coordinates": [ [ [ -48.99617, -17.914495 ], [ -48.407894, -18.027407 ], [ -48.140034, -16.790394 ], [ -48.719624, -16.678152 ], [ -48.99617, -17.914495 ] ] ] } },
{ "type": "Feature", "properties": { "scene_id": "BIO_S1_SCS__1S_20260427T211920_20260427T211941_T_G01_M03_C02_T028_F170_02_DQKKUO", "product_name": "BIO_S1_SCS__1S_20260427T211920_20260427T211941_T_G01_M03_C02_T028_F170_02_DQKKUO", "collection": "BiomassLevel1a", "mode": "SCS", "track": "T028", "frame": "F170", "start_datetime": "2026-04-27T21:19:20.717Z", "end_datetime": "2026-04-27T21:19:41.115Z", "repeat_cycle": "2", "orbit_state": "DESCENDING", "raw_properties": { "processing:facility": "Biomass CPF", "product:type": "S1_SCS__1S", "eofeos:global_coverage_id": "1", "sat:anx_datetime": "2026-04-27T20:25:53.361Z", "platform": "Biomass", "eofeos:major_cycle_id": "3", "datetime": "2026-04-27T21:19:20.717Z", "instruments": [ "P-SAR" ], "constellation": "Biomass", "storage:schemes": { "biomass-pdgs-01": { "bucket": "biomass-pdgs-01", "description": "This endpoint provides access to EO data which is stored on the object storage of the ESA MAAP. See the [documentation](https://portal.maap.eo.esa.int/dataaccess/) for more information, including how to get credentials.", "type": "custom-s3", "title": "ESA MAAP S3", "region": "gra", "platform": "https://{bucket}.s3.{region}.io.cloud.ovh.net" } }, "eopf:datatake_id": "43682683", "processing:software": { "Biomass L1 Processor": "4.4.2" }, "eopf:instrument_configuration_id": 0, "grid:code": "WRS-28-170", "processing:level": "L1A", "proj:code": "EPSG:4326", "sci:doi": "10.57780/bio-bef83b4", "created": "2026-04-28T11:20:48Z", "published": "2026-04-27T21:19:41.115Z", "version": "02", "sar:observation_direction": "left", "sar:polarizations": [ "HH", "HV", "VH", "VV" ], "auth:schemes": { "s3": { "type": "s3" }, "oidc": { "openIdConnectUrl": "https://iam.ascend.icsgate.eu/realms/esa-maap/.well-known/openid-configuration", "type": "openIdConnect" } }, "sar:instrument_mode": "SM", "eofeos:orbit_drift_flag": false, "processing:datetime": "2026-04-28T11:20:48Z", "eofeos:mission_phase": "TOMOGRAPHIC", "updated": "2026-06-10T21:53:20Z", "sat:absolute_orbit": 5332, "product:acquisition_type": "nominal" } }, "geometry": { "type": "Polygon", "coordinates": [ [ [ -50.127365, -17.913984 ], [ -49.538055, -18.027122 ], [ -49.27022, -16.790087 ], [ -49.855434, -16.67673 ], [ -50.127365, -17.913984 ] ] ] } },
{ "type": "Feature", "properties": { "scene_id": "BIO_S1_SCS__1S_20251122T211013_20251122T211034_T_G01_M01_C01_T028_F171_01_DNRKB4", "product_name": "BIO_S1_SCS__1S_20251122T211013_20251122T211034_T_G01_M01_C01_T028_F171_01_DNRKB4", "collection": "BiomassLevel1a", "mode": "SCS", "track": "T028", "frame": "F171", "start_datetime": "2025-11-22T21:10:13.990Z", "end_datetime": "2025-11-22T21:10:34.389Z", "repeat_cycle": "1", "orbit_state": "DESCENDING", "raw_properties": { "processing:facility": "Biomass CPF", "product:type": "S1_SCS__1S", "eofeos:global_coverage_id": "1", "sat:anx_datetime": "2025-11-22T20:16:27.559Z", "platform": "Biomass", "eofeos:major_cycle_id": "1", "datetime": "2025-11-22T21:10:13.990Z", "instruments": [ "P-SAR" ], "constellation": "Biomass", "storage:schemes": { "biomass-pdgs-01": { "bucket": "biomass-pdgs-01", "description": "This endpoint provides access to EO data which is stored on the object storage of the ESA MAAP. See the [documentation](https://portal.maap.eo.esa.int/dataaccess/) for more information, including how to get credentials.", "type": "custom-s3", "title": "ESA MAAP S3", "region": "gra", "platform": "https://{bucket}.s3.{region}.io.cloud.ovh.net" } }, "eopf:datatake_id": "24939406", "processing:software": { "Biomass L1 Processor": "4.3.1" }, "eopf:instrument_configuration_id": 0, "grid:code": "WRS-28-171", "processing:level": "L1A", "proj:code": "EPSG:4326", "sci:doi": "10.57780/bio-bef83b4", "created": "2026-03-04T22:11:28Z", "published": "2025-11-22T21:10:34.389Z", "version": "01", "sar:observation_direction": "left", "sar:polarizations": [ "HH", "HV", "VH", "VV" ], "auth:schemes": { "s3": { "type": "s3" }, "oidc": { "openIdConnectUrl": "https://iam.ascend.icsgate.eu/realms/esa-maap/.well-known/openid-configuration", "type": "openIdConnect" } }, "sar:instrument_mode": "SM", "eofeos:orbit_drift_flag": false, "processing:datetime": "2026-03-04T22:11:28Z", "eofeos:mission_phase": "TOMOGRAPHIC", "updated": "2026-05-17T09:30:35Z", "sat:absolute_orbit": 3044, "product:acquisition_type": "nominal" } }, "geometry": { "type": "Polygon", "coordinates": [ [ [ -47.992226, -19.069927 ], [ -47.398712, -19.182793 ], [ -47.13586, -17.944904 ], [ -47.718876, -17.83299 ], [ -47.992226, -19.069927 ] ] ] } },
{ "type": "Feature", "properties": { "scene_id": "BIO_S1_SCS__1S_20260211T211458_20260211T211518_T_G01_M02_C01_T028_F171_01_DMPI3D", "product_name": "BIO_S1_SCS__1S_20260211T211458_20260211T211518_T_G01_M02_C01_T028_F171_01_DMPI3D", "collection": "BiomassLevel1a", "mode": "SCS", "track": "T028", "frame": "F171", "start_datetime": "2026-02-11T21:14:58.072Z", "end_datetime": "2026-02-11T21:15:18.471Z", "repeat_cycle": "1", "orbit_state": "DESCENDING", "raw_properties": { "processing:facility": "Biomass CPF", "product:type": "S1_SCS__1S", "eofeos:global_coverage_id": "1", "sat:anx_datetime": "2026-02-11T20:21:11.722Z", "platform": "Biomass", "eofeos:major_cycle_id": "2", "datetime": "2026-02-11T21:14:58.072Z", "instruments": [ "P-SAR" ], "constellation": "Biomass", "storage:schemes": { "biomass-pdgs-01": { "bucket": "biomass-pdgs-01", "description": "This endpoint provides access to EO data which is stored on the object storage of the ESA MAAP. See the [documentation](https://portal.maap.eo.esa.int/dataaccess/) for more information, including how to get credentials.", "type": "custom-s3", "title": "ESA MAAP S3", "region": "gra", "platform": "https://{bucket}.s3.{region}.io.cloud.ovh.net" } }, "eopf:datatake_id": "34671487", "processing:software": { "Biomass L1 Processor": "4.3.1" }, "eopf:instrument_configuration_id": 0, "grid:code": "WRS-28-171", "processing:level": "L1A", "proj:code": "EPSG:4326", "sci:doi": "10.57780/bio-bef83b4", "created": "2026-02-12T08:54:49Z", "published": "2026-02-11T21:15:18.471Z", "version": "01", "sar:observation_direction": "left", "sar:polarizations": [ "HH", "HV", "VH", "VV" ], "auth:schemes": { "s3": { "type": "s3" }, "oidc": { "openIdConnectUrl": "https://iam.ascend.icsgate.eu/realms/esa-maap/.well-known/openid-configuration", "type": "openIdConnect" } }, "sar:instrument_mode": "SM", "eofeos:orbit_drift_flag": false, "processing:datetime": "2026-02-12T08:54:49Z", "eofeos:mission_phase": "TOMOGRAPHIC", "updated": "2026-05-17T12:41:18Z", "sat:absolute_orbit": 4232, "product:acquisition_type": "nominal" } }, "geometry": { "type": "Polygon", "coordinates": [ [ [ -49.195198, -19.069847 ], [ -48.606647, -19.181805 ], [ -48.3392, -17.94475 ], [ -48.921474, -17.832956 ], [ -49.195198, -19.069847 ] ] ] } },
{ "type": "Feature", "properties": { "scene_id": "BIO_S1_SCS__1S_20260301T211508_20260301T211529_T_G01_M02_C07_T028_F171_01_DNMWHQ", "product_name": "BIO_S1_SCS__1S_20260301T211508_20260301T211529_T_G01_M02_C07_T028_F171_01_DNMWHQ", "collection": "BiomassLevel1a", "mode": "SCS", "track": "T028", "frame": "F171", "start_datetime": "2026-03-01T21:15:08.879Z", "end_datetime": "2026-03-01T21:15:29.278Z", "repeat_cycle": "7", "orbit_state": "DESCENDING", "raw_properties": { "processing:facility": "Biomass CPF", "product:type": "S1_SCS__1S", "eofeos:global_coverage_id": "1", "sat:anx_datetime": "2026-03-01T20:21:22.493Z", "platform": "Biomass", "eofeos:major_cycle_id": "2", "datetime": "2026-03-01T21:15:08.879Z", "instruments": [ "P-SAR" ], "constellation": "Biomass", "storage:schemes": { "biomass-pdgs-01": { "bucket": "biomass-pdgs-01", "description": "This endpoint provides access to EO data which is stored on the object storage of the ESA MAAP. See the [documentation](https://portal.maap.eo.esa.int/dataaccess/) for more information, including how to get credentials.", "type": "custom-s3", "title": "ESA MAAP S3", "region": "gra", "platform": "https://{bucket}.s3.{region}.io.cloud.ovh.net" } }, "eopf:datatake_id": "36834176", "processing:software": { "Biomass L1 Processor": "4.3.1" }, "eopf:instrument_configuration_id": 0, "grid:code": "WRS-28-171", "processing:level": "L1A", "proj:code": "EPSG:4326", "sci:doi": "10.57780/bio-bef83b4", "created": "2026-03-02T09:46:38Z", "published": "2026-03-01T21:15:29.278Z", "version": "01", "sar:observation_direction": "left", "sar:polarizations": [ "HH", "HV", "VH", "VV" ], "auth:schemes": { "s3": { "type": "s3" }, "oidc": { "openIdConnectUrl": "https://iam.ascend.icsgate.eu/realms/esa-maap/.well-known/openid-configuration", "type": "openIdConnect" } }, "sar:instrument_mode": "SM", "eofeos:orbit_drift_flag": false, "processing:datetime": "2026-03-02T09:46:38Z", "eofeos:mission_phase": "TOMOGRAPHIC", "updated": "2026-05-17T13:25:07Z", "sat:absolute_orbit": 4496, "product:acquisition_type": "nominal" } }, "geometry": { "type": "Polygon", "coordinates": [ [ [ -49.2404, -19.069525 ], [ -48.650867, -19.181675 ], [ -48.38387, -17.944553 ], [ -48.967113, -17.832567 ], [ -49.2404, -19.069525 ] ] ] } },
{ "type": "Feature", "properties": { "scene_id": "BIO_S1_SCS__1S_20260424T211937_20260424T211958_T_G01_M03_C01_T028_F171_02_DQF0IS", "product_name": "BIO_S1_SCS__1S_20260424T211937_20260424T211958_T_G01_M03_C01_T028_F171_02_DQF0IS", "collection": "BiomassLevel1a", "mode": "SCS", "track": "T028", "frame": "F171", "start_datetime": "2026-04-24T21:19:37.821Z", "end_datetime": "2026-04-24T21:19:58.220Z", "repeat_cycle": "1", "orbit_state": "DESCENDING", "raw_properties": { "processing:facility": "Biomass CPF", "product:type": "S1_SCS__1S", "eofeos:global_coverage_id": "1", "sat:anx_datetime": "2026-04-24T20:25:51.443Z", "platform": "Biomass", "eofeos:major_cycle_id": "3", "datetime": "2026-04-24T21:19:37.821Z", "instruments": [ "P-SAR" ], "constellation": "Biomass", "storage:schemes": { "biomass-pdgs-01": { "bucket": "biomass-pdgs-01", "description": "This endpoint provides access to EO data which is stored on the object storage of the ESA MAAP. See the [documentation](https://portal.maap.eo.esa.int/dataaccess/) for more information, including how to get credentials.", "type": "custom-s3", "title": "ESA MAAP S3", "region": "gra", "platform": "https://{bucket}.s3.{region}.io.cloud.ovh.net" } }, "eopf:datatake_id": "43322236", "processing:software": { "Biomass L1 Processor": "4.4.2" }, "eopf:instrument_configuration_id": 0, "grid:code": "WRS-28-171", "processing:level": "L1A", "proj:code": "EPSG:4326", "sci:doi": "10.57780/bio-bef83b4", "created": "2026-04-25T11:13:40Z", "published": "2026-04-24T21:19:58.220Z", "version": "02", "sar:observation_direction": "left", "sar:polarizations": [ "HH", "HV", "VH", "VV" ], "auth:schemes": { "s3": { "type": "s3" }, "oidc": { "openIdConnectUrl": "https://iam.ascend.icsgate.eu/realms/esa-maap/.well-known/openid-configuration", "type": "openIdConnect" } }, "sar:instrument_mode": "SM", "eofeos:orbit_drift_flag": false, "processing:datetime": "2026-04-25T11:13:40Z", "eofeos:mission_phase": "TOMOGRAPHIC", "updated": "2026-06-09T16:48:40Z", "sat:absolute_orbit": 5288, "product:acquisition_type": "nominal" } }, "geometry": { "type": "Polygon", "coordinates": [ [ [ -50.36604, -19.068733 ], [ -49.774708, -19.181265 ], [ -49.50979, -17.943739 ], [ -50.09271, -17.83177 ], [ -50.36604, -19.068733 ] ] ] } },
{ "type": "Feature", "properties": { "scene_id": "BIO_S1_SCS__1S_20260427T211939_20260427T212000_T_G01_M03_C02_T028_F171_02_DQKKAG", "product_name": "BIO_S1_SCS__1S_20260427T211939_20260427T212000_T_G01_M03_C02_T028_F171_02_DQKKAG", "collection": "BiomassLevel1a", "mode": "SCS", "track": "T028", "frame": "F171", "start_datetime": "2026-04-27T21:19:39.730Z", "end_datetime": "2026-04-27T21:20:00.129Z", "repeat_cycle": "2", "orbit_state": "DESCENDING", "raw_properties": { "processing:facility": "Biomass CPF", "product:type": "S1_SCS__1S", "eofeos:global_coverage_id": "1", "sat:anx_datetime": "2026-04-27T20:25:53.361Z", "platform": "Biomass", "eofeos:major_cycle_id": "3", "datetime": "2026-04-27T21:19:39.730Z", "instruments": [ "P-SAR" ], "constellation": "Biomass", "storage:schemes": { "biomass-pdgs-01": { "bucket": "biomass-pdgs-01", "description": "This endpoint provides access to EO data which is stored on the object storage of the ESA MAAP. See the [documentation](https://portal.maap.eo.esa.int/dataaccess/) for more information, including how to get credentials.", "type": "custom-s3", "title": "ESA MAAP S3", "region": "gra", "platform": "https://{bucket}.s3.{region}.io.cloud.ovh.net" } }, "eopf:datatake_id": "43682683", "processing:software": { "Biomass L1 Processor": "4.4.2" }, "eopf:instrument_configuration_id": 0, "grid:code": "WRS-28-171", "processing:level": "L1A", "proj:code": "EPSG:4326", "sci:doi": "10.57780/bio-bef83b4", "created": "2026-04-28T11:08:40Z", "published": "2026-04-27T21:20:00.129Z", "version": "02", "sar:observation_direction": "left", "sar:polarizations": [ "HH", "HV", "VH", "VV" ], "auth:schemes": { "s3": { "type": "s3" }, "oidc": { "openIdConnectUrl": "https://iam.ascend.icsgate.eu/realms/esa-maap/.well-known/openid-configuration", "type": "openIdConnect" } }, "sar:instrument_mode": "SM", "eofeos:orbit_drift_flag": false, "processing:datetime": "2026-04-28T11:08:40Z", "eofeos:mission_phase": "TOMOGRAPHIC", "updated": "2026-06-10T21:53:21Z", "sat:absolute_orbit": 5332, "product:acquisition_type": "nominal" } }, "geometry": { "type": "Polygon", "coordinates": [ [ [ -50.372158, -19.068863 ], [ -49.78133, -19.181286 ], [ -49.516563, -17.943727 ], [ -50.099403, -17.831783 ], [ -50.372158, -19.068863 ] ] ] } },
{ "type": "Feature", "properties": { "scene_id": "BIO_S1_SCS__1S_20260509T211947_20260509T212007_T_G01_M03_C06_T028_F171_02_DR723K", "product_name": "BIO_S1_SCS__1S_20260509T211947_20260509T212007_T_G01_M03_C06_T028_F171_02_DR723K", "collection": "BiomassLevel1a", "mode": "SCS", "track": "T028", "frame": "F171", "start_datetime": "2026-05-09T21:19:47.495Z", "end_datetime": "2026-05-09T21:20:07.895Z", "repeat_cycle": "6", "orbit_state": "DESCENDING", "raw_properties": { "processing:facility": "Biomass CPF", "product:type": "S1_SCS__1S", "eofeos:global_coverage_id": "1", "sat:anx_datetime": "2026-05-09T20:26:01.107Z", "platform": "Biomass", "eofeos:major_cycle_id": "3", "datetime": "2026-05-09T21:19:47.495Z", "instruments": [ "P-SAR" ], "constellation": "Biomass", "storage:schemes": { "biomass-pdgs-01": { "bucket": "biomass-pdgs-01", "description": "This endpoint provides access to EO data which is stored on the object storage of the ESA MAAP. See the [documentation](https://portal.maap.eo.esa.int/dataaccess/) for more information, including how to get credentials.", "type": "custom-s3", "title": "ESA MAAP S3", "region": "gra", "platform": "https://{bucket}.s3.{region}.io.cloud.ovh.net" } }, "eopf:datatake_id": "45124469", "processing:software": { "Biomass L1 Processor": "4.4.3" }, "eopf:instrument_configuration_id": 0, "grid:code": "WRS-28-171", "processing:level": "L1A", "proj:code": "EPSG:4326", "sci:doi": "10.57780/bio-bef83b4", "created": "2026-05-10T14:40:32Z", "published": "2026-05-09T21:20:07.895Z", "version": "02", "sar:observation_direction": "left", "sar:polarizations": [ "HH", "HV", "VH", "VV" ], "auth:schemes": { "s3": { "type": "s3" }, "oidc": { "openIdConnectUrl": "https://iam.ascend.icsgate.eu/realms/esa-maap/.well-known/openid-configuration", "type": "openIdConnect" } }, "sar:instrument_mode": "SM", "eofeos:orbit_drift_flag": false, "processing:datetime": "2026-05-10T14:40:32Z", "eofeos:mission_phase": "TOMOGRAPHIC", "updated": "2026-06-10T22:45:01Z", "sat:absolute_orbit": 5508, "product:acquisition_type": "nominal" } }, "geometry": { "type": "Polygon", "coordinates": [ [ [ -50.40438, -19.06914 ], [ -49.809853, -19.182266 ], [ -49.544147, -17.944881 ], [ -50.13285, -17.831818 ], [ -50.40438, -19.06914 ] ] ] } },
{ "type": "Feature", "properties": { "scene_id": "BIO_S1_SCS__1S_20251122T211033_20251122T211053_T_G01_M01_C01_T028_F172_01_DNRK7G", "product_name": "BIO_S1_SCS__1S_20251122T211033_20251122T211053_T_G01_M01_C01_T028_F172_01_DNRK7G", "collection": "BiomassLevel1a", "mode": "SCS", "track": "T028", "frame": "F172", "start_datetime": "2025-11-22T21:10:33.004Z", "end_datetime": "2025-11-22T21:10:53.405Z", "repeat_cycle": "1", "orbit_state": "DESCENDING", "raw_properties": { "processing:facility": "Biomass CPF", "product:type": "S1_SCS__1S", "eofeos:global_coverage_id": "1", "sat:anx_datetime": "2025-11-22T20:16:27.559Z", "platform": "Biomass", "eofeos:major_cycle_id": "1", "datetime": "2025-11-22T21:10:33.004Z", "instruments": [ "P-SAR" ], "constellation": "Biomass", "storage:schemes": { "biomass-pdgs-01": { "bucket": "biomass-pdgs-01", "description": "This endpoint provides access to EO data which is stored on the object storage of the ESA MAAP. See the [documentation](https://portal.maap.eo.esa.int/dataaccess/) for more information, including how to get credentials.", "type": "custom-s3", "title": "ESA MAAP S3", "region": "gra", "platform": "https://{bucket}.s3.{region}.io.cloud.ovh.net" } }, "eopf:datatake_id": "24939406", "processing:software": { "Biomass L1 Processor": "4.3.1" }, "eopf:instrument_configuration_id": 0, "grid:code": "WRS-28-172", "processing:level": "L1A", "proj:code": "EPSG:4326", "sci:doi": "10.57780/bio-bef83b4", "created": "2026-03-04T22:09:16Z", "published": "2025-11-22T21:10:53.405Z", "version": "01", "sar:observation_direction": "left", "sar:polarizations": [ "HH", "HV", "VH", "VV" ], "auth:schemes": { "s3": { "type": "s3" }, "oidc": { "openIdConnectUrl": "https://iam.ascend.icsgate.eu/realms/esa-maap/.well-known/openid-configuration", "type": "openIdConnect" } }, "sar:instrument_mode": "SM", "eofeos:orbit_drift_flag": false, "processing:datetime": "2026-03-04T22:09:16Z", "eofeos:mission_phase": "TOMOGRAPHIC", "updated": "2026-05-17T09:30:35Z", "sat:absolute_orbit": 3044, "product:acquisition_type": "nominal" } }, "geometry": { "type": "Polygon", "coordinates": [ [ [ -48.24318, -20.223612 ], [ -47.6445, -20.336428 ], [ -47.37724, -19.099415 ], [ -47.962624, -18.988047 ], [ -48.24318, -20.223612 ] ] ] } },
{ "type": "Feature", "properties": { "scene_id": "BIO_S1_SCS__1S_20251201T211038_20251201T211059_T_G01_M01_C04_T028_F172_01_DO2906", "product_name": "BIO_S1_SCS__1S_20251201T211038_20251201T211059_T_G01_M01_C04_T028_F172_01_DO2906", "collection": "BiomassLevel1a", "mode": "SCS", "track": "T028", "frame": "F172", "start_datetime": "2025-12-01T21:10:38.925Z", "end_datetime": "2025-12-01T21:10:59.325Z", "repeat_cycle": "4", "orbit_state": "DESCENDING", "raw_properties": { "processing:facility": "Biomass CPF", "product:type": "S1_SCS__1S", "eofeos:global_coverage_id": "1", "sat:anx_datetime": "2025-12-01T20:16:33.475Z", "platform": "Biomass", "eofeos:major_cycle_id": "1", "datetime": "2025-12-01T21:10:38.925Z", "instruments": [ "P-SAR" ], "constellation": "Biomass", "storage:schemes": { "biomass-pdgs-01": { "bucket": "biomass-pdgs-01", "description": "This endpoint provides access to EO data which is stored on the object storage of the ESA MAAP. See the [documentation](https://portal.maap.eo.esa.int/dataaccess/) for more information, including how to get credentials.", "type": "custom-s3", "title": "ESA MAAP S3", "region": "gra", "platform": "https://{bucket}.s3.{region}.io.cloud.ovh.net" } }, "eopf:datatake_id": "26020750", "processing:software": { "Biomass L1 Processor": "4.3.1" }, "eopf:instrument_configuration_id": 0, "grid:code": "WRS-28-172", "processing:level": "L1A", "proj:code": "EPSG:4326", "sci:doi": "10.57780/bio-bef83b4", "created": "2026-03-10T16:40:54Z", "published": "2025-12-01T21:10:59.325Z", "version": "01", "sar:observation_direction": "left", "sar:polarizations": [ "HH", "HV", "VH", "VV" ], "auth:schemes": { "s3": { "type": "s3" }, "oidc": { "openIdConnectUrl": "https://iam.ascend.icsgate.eu/realms/esa-maap/.well-known/openid-configuration", "type": "openIdConnect" } }, "sar:instrument_mode": "SM", "eofeos:orbit_drift_flag": false, "processing:datetime": "2026-03-10T16:40:54Z", "eofeos:mission_phase": "TOMOGRAPHIC", "updated": "2026-05-17T10:13:54Z", "sat:absolute_orbit": 3176, "product:acquisition_type": "nominal" } }, "geometry": { "type": "Polygon", "coordinates": [ [ [ -48.269054, -20.223621 ], [ -47.670654, -20.336382 ], [ -47.402664, -19.09951 ], [ -47.99065, -18.987652 ], [ -48.269054, -20.223621 ] ] ] } },
{ "type": "Feature", "properties": { "scene_id": "BIO_S1_SCS__1S_20260301T211527_20260301T211548_T_G01_M02_C07_T028_F172_01_DNMWBK", "product_name": "BIO_S1_SCS__1S_20260301T211527_20260301T211548_T_G01_M02_C07_T028_F172_01_DNMWBK", "collection": "BiomassLevel1a", "mode": "SCS", "track": "T028", "frame": "F172", "start_datetime": "2026-03-01T21:15:27.892Z", "end_datetime": "2026-03-01T21:15:48.293Z", "repeat_cycle": "7", "orbit_state": "DESCENDING", "raw_properties": { "processing:facility": "Biomass CPF", "product:type": "S1_SCS__1S", "eofeos:global_coverage_id": "1", "sat:anx_datetime": "2026-03-01T20:21:22.493Z", "platform": "Biomass", "eofeos:major_cycle_id": "2", "datetime": "2026-03-01T21:15:27.892Z", "instruments": [ "P-SAR" ], "constellation": "Biomass", "storage:schemes": { "biomass-pdgs-01": { "bucket": "biomass-pdgs-01", "description": "This endpoint provides access to EO data which is stored on the object storage of the ESA MAAP. See the [documentation](https://portal.maap.eo.esa.int/dataaccess/) for more information, including how to get credentials.", "type": "custom-s3", "title": "ESA MAAP S3", "region": "gra", "platform": "https://{bucket}.s3.{region}.io.cloud.ovh.net" } }, "eopf:datatake_id": "36834176", "processing:software": { "Biomass L1 Processor": "4.3.1" }, "eopf:instrument_configuration_id": 0, "grid:code": "WRS-28-172", "processing:level": "L1A", "proj:code": "EPSG:4326", "sci:doi": "10.57780/bio-bef83b4", "created": "2026-03-02T09:42:56Z", "published": "2026-03-01T21:15:48.293Z", "version": "01", "sar:observation_direction": "left", "sar:polarizations": [ "HH", "HV", "VH", "VV" ], "auth:schemes": { "s3": { "type": "s3" }, "oidc": { "openIdConnectUrl": "https://iam.ascend.icsgate.eu/realms/esa-maap/.well-known/openid-configuration", "type": "openIdConnect" } }, "sar:instrument_mode": "SM", "eofeos:orbit_drift_flag": false, "processing:datetime": "2026-03-02T09:42:56Z", "eofeos:mission_phase": "TOMOGRAPHIC", "updated": "2026-05-17T13:25:07Z", "sat:absolute_orbit": 4496, "product:acquisition_type": "nominal" } }, "geometry": { "type": "Polygon", "coordinates": [ [ [ -49.488934, -20.223614 ], [ -48.89494, -20.335588 ], [ -48.623405, -19.099365 ], [ -49.210712, -18.9876 ], [ -49.488934, -20.223614 ] ] ] } },
{ "type": "Feature", "properties": { "scene_id": "BIO_S1_SCS__1S_20260424T211956_20260424T212017_T_G01_M03_C01_T028_F172_02_DQF0BL", "product_name": "BIO_S1_SCS__1S_20260424T211956_20260424T212017_T_G01_M03_C01_T028_F172_02_DQF0BL", "collection": "BiomassLevel1a", "mode": "SCS", "track": "T028", "frame": "F172", "start_datetime": "2026-04-24T21:19:56.835Z", "end_datetime": "2026-04-24T21:20:17.235Z", "repeat_cycle": "1", "orbit_state": "DESCENDING", "raw_properties": { "processing:facility": "Biomass CPF", "product:type": "S1_SCS__1S", "eofeos:global_coverage_id": "1", "sat:anx_datetime": "2026-04-24T20:25:51.443Z", "platform": "Biomass", "eofeos:major_cycle_id": "3", "datetime": "2026-04-24T21:19:56.835Z", "instruments": [ "P-SAR" ], "constellation": "Biomass", "storage:schemes": { "biomass-pdgs-01": { "bucket": "biomass-pdgs-01", "description": "This endpoint provides access to EO data which is stored on the object storage of the ESA MAAP. See the [documentation](https://portal.maap.eo.esa.int/dataaccess/) for more information, including how to get credentials.", "type": "custom-s3", "title": "ESA MAAP S3", "region": "gra", "platform": "https://{bucket}.s3.{region}.io.cloud.ovh.net" } }, "eopf:datatake_id": "43322236", "processing:software": { "Biomass L1 Processor": "4.4.2" }, "eopf:instrument_configuration_id": 0, "grid:code": "WRS-28-172", "processing:level": "L1A", "proj:code": "EPSG:4326", "sci:doi": "10.57780/bio-bef83b4", "created": "2026-04-25T11:09:21Z", "published": "2026-04-24T21:20:17.235Z", "version": "02", "sar:observation_direction": "left", "sar:polarizations": [ "HH", "HV", "VH", "VV" ], "auth:schemes": { "s3": { "type": "s3" }, "oidc": { "openIdConnectUrl": "https://iam.ascend.icsgate.eu/realms/esa-maap/.well-known/openid-configuration", "type": "openIdConnect" } }, "sar:instrument_mode": "SM", "eofeos:orbit_drift_flag": false, "processing:datetime": "2026-04-25T11:09:21Z", "eofeos:mission_phase": "TOMOGRAPHIC", "updated": "2026-06-09T16:48:40Z", "sat:absolute_orbit": 5288, "product:acquisition_type": "nominal" } }, "geometry": { "type": "Polygon", "coordinates": [ [ [ -50.610275, -20.22373 ], [ -50.015945, -20.335794 ], [ -49.748734, -19.098757 ], [ -50.337555, -18.986662 ], [ -50.610275, -20.22373 ] ] ] } },
{ "type": "Feature", "properties": { "scene_id": "BIO_S1_SCS__1S_20251201T211057_20251201T211118_T_G01_M01_C04_T028_F173_01_DO290H", "product_name": "BIO_S1_SCS__1S_20251201T211057_20251201T211118_T_G01_M01_C04_T028_F173_01_DO290H", "collection": "BiomassLevel1a", "mode": "SCS", "track": "T028", "frame": "F173", "start_datetime": "2025-12-01T21:10:57.940Z", "end_datetime": "2025-12-01T21:11:18.341Z", "repeat_cycle": "4", "orbit_state": "DESCENDING", "raw_properties": { "processing:facility": "Biomass CPF", "product:type": "S1_SCS__1S", "eofeos:global_coverage_id": "1", "sat:anx_datetime": "2025-12-01T20:16:33.475Z", "platform": "Biomass", "eofeos:major_cycle_id": "1", "datetime": "2025-12-01T21:10:57.940Z", "instruments": [ "P-SAR" ], "constellation": "Biomass", "storage:schemes": { "biomass-pdgs-01": { "bucket": "biomass-pdgs-01", "description": "This endpoint provides access to EO data which is stored on the object storage of the ESA MAAP. See the [documentation](https://portal.maap.eo.esa.int/dataaccess/) for more information, including how to get credentials.", "type": "custom-s3", "title": "ESA MAAP S3", "region": "gra", "platform": "https://{bucket}.s3.{region}.io.cloud.ovh.net" } }, "eopf:datatake_id": "26020750", "processing:software": { "Biomass L1 Processor": "4.3.1" }, "eopf:instrument_configuration_id": 0, "grid:code": "WRS-28-173", "processing:level": "L1A", "proj:code": "EPSG:4326", "sci:doi": "10.57780/bio-bef83b4", "created": "2026-03-10T16:41:05Z", "published": "2025-12-01T21:11:18.341Z", "version": "01", "sar:observation_direction": "left", "sar:polarizations": [ "HH", "HV", "VH", "VV" ], "auth:schemes": { "s3": { "type": "s3" }, "oidc": { "openIdConnectUrl": "https://iam.ascend.icsgate.eu/realms/esa-maap/.well-known/openid-configuration", "type": "openIdConnect" } }, "sar:instrument_mode": "SM", "eofeos:orbit_drift_flag": false, "processing:datetime": "2026-03-10T16:41:05Z", "eofeos:mission_phase": "TOMOGRAPHIC", "updated": "2026-05-17T10:13:54Z", "sat:absolute_orbit": 3176, "product:acquisition_type": "nominal" } }, "geometry": { "type": "Polygon", "coordinates": [ [ [ -48.512886, -21.378618 ], [ -47.914486, -21.490318 ], [ -47.64128, -20.254456 ], [ -48.24029, -20.141546 ], [ -48.512886, -21.378618 ] ] ] } },
{ "type": "Feature", "properties": { "scene_id": "BIO_S1_SCS__1S_20260301T211546_20260301T211607_T_G01_M02_C07_T028_F173_01_DNMW8P", "product_name": "BIO_S1_SCS__1S_20260301T211546_20260301T211607_T_G01_M02_C07_T028_F173_01_DNMW8P", "collection": "BiomassLevel1a", "mode": "SCS", "track": "T028", "frame": "F173", "start_datetime": "2026-03-01T21:15:46.907Z", "end_datetime": "2026-03-01T21:16:07.308Z", "repeat_cycle": "7", "orbit_state": "DESCENDING", "raw_properties": { "processing:facility": "Biomass CPF", "product:type": "S1_SCS__1S", "eofeos:global_coverage_id": "1", "sat:anx_datetime": "2026-03-01T20:21:22.493Z", "platform": "Biomass", "eofeos:major_cycle_id": "2", "datetime": "2026-03-01T21:15:46.907Z", "instruments": [ "P-SAR" ], "constellation": "Biomass", "storage:schemes": { "biomass-pdgs-01": { "bucket": "biomass-pdgs-01", "description": "This endpoint provides access to EO data which is stored on the object storage of the ESA MAAP. See the [documentation](https://portal.maap.eo.esa.int/dataaccess/) for more information, including how to get credentials.", "type": "custom-s3", "title": "ESA MAAP S3", "region": "gra", "platform": "https://{bucket}.s3.{region}.io.cloud.ovh.net" } }, "eopf:datatake_id": "36834176", "processing:software": { "Biomass L1 Processor": "4.3.1" }, "eopf:instrument_configuration_id": 0, "grid:code": "WRS-28-173", "processing:level": "L1A", "proj:code": "EPSG:4326", "sci:doi": "10.57780/bio-bef83b4", "created": "2026-03-02T09:41:13Z", "published": "2026-03-01T21:16:07.308Z", "version": "01", "sar:observation_direction": "left", "sar:polarizations": [ "HH", "HV", "VH", "VV" ], "auth:schemes": { "s3": { "type": "s3" }, "oidc": { "openIdConnectUrl": "https://iam.ascend.icsgate.eu/realms/esa-maap/.well-known/openid-configuration", "type": "openIdConnect" } }, "sar:instrument_mode": "SM", "eofeos:orbit_drift_flag": false, "processing:datetime": "2026-03-02T09:41:13Z", "eofeos:mission_phase": "TOMOGRAPHIC", "updated": "2026-05-17T13:25:08Z", "sat:absolute_orbit": 4496, "product:acquisition_type": "nominal" } }, "geometry": { "type": "Polygon", "coordinates": [ [ [ -49.73616, -21.377981 ], [ -49.136757, -21.48991 ], [ -48.868324, -20.253153 ], [ -49.458138, -20.141924 ], [ -49.73616, -21.377981 ] ] ] } },
{ "type": "Feature", "properties": { "scene_id": "BIO_S1_SCS__1S_20251122T211111_20251122T211131_T_G01_M01_C01_T028_F174_01_DNRKBJ", "product_name": "BIO_S1_SCS__1S_20251122T211111_20251122T211131_T_G01_M01_C01_T028_F174_01_DNRKBJ", "collection": "BiomassLevel1a", "mode": "SCS", "track": "T028", "frame": "F174", "start_datetime": "2025-11-22T21:11:11.033Z", "end_datetime": "2025-11-22T21:11:31.436Z", "repeat_cycle": "1", "orbit_state": "DESCENDING", "raw_properties": { "processing:facility": "Biomass CPF", "product:type": "S1_SCS__1S", "eofeos:global_coverage_id": "1", "sat:anx_datetime": "2025-11-22T20:16:27.559Z", "platform": "Biomass", "eofeos:major_cycle_id": "1", "datetime": "2025-11-22T21:11:11.033Z", "instruments": [ "P-SAR" ], "constellation": "Biomass", "storage:schemes": { "biomass-pdgs-01": { "bucket": "biomass-pdgs-01", "description": "This endpoint provides access to EO data which is stored on the object storage of the ESA MAAP. See the [documentation](https://portal.maap.eo.esa.int/dataaccess/) for more information, including how to get credentials.", "type": "custom-s3", "title": "ESA MAAP S3", "region": "gra", "platform": "https://{bucket}.s3.{region}.io.cloud.ovh.net" } }, "eopf:datatake_id": "24939406", "processing:software": { "Biomass L1 Processor": "4.3.1" }, "eopf:instrument_configuration_id": 0, "grid:code": "WRS-28-174", "processing:level": "L1A", "proj:code": "EPSG:4326", "sci:doi": "10.57780/bio-bef83b4", "created": "2026-03-04T22:11:43Z", "published": "2025-11-22T21:11:31.436Z", "version": "01", "sar:observation_direction": "left", "sar:polarizations": [ "HH", "HV", "VH", "VV" ], "auth:schemes": { "s3": { "type": "s3" }, "oidc": { "openIdConnectUrl": "https://iam.ascend.icsgate.eu/realms/esa-maap/.well-known/openid-configuration", "type": "openIdConnect" } }, "sar:instrument_mode": "SM", "eofeos:orbit_drift_flag": false, "processing:datetime": "2026-03-04T22:11:43Z", "eofeos:mission_phase": "TOMOGRAPHIC", "updated": "2026-05-17T09:30:35Z", "sat:absolute_orbit": 3044, "product:acquisition_type": "nominal" } }, "geometry": { "type": "Polygon", "coordinates": [ [ [ -48.73336, -22.533089 ], [ -48.133804, -22.643923 ], [ -47.86219, -21.40779 ], [ -48.456104, -21.296885 ], [ -48.73336, -22.533089 ] ] ] } },
{ "type": "Feature", "properties": { "scene_id": "BIO_S1_SCS__1S_20260211T211555_20260211T211615_T_G01_M02_C01_T028_F174_01_DMPI49", "product_name": "BIO_S1_SCS__1S_20260211T211555_20260211T211615_T_G01_M02_C01_T028_F174_01_DMPI49", "collection": "BiomassLevel1a", "mode": "SCS", "track": "T028", "frame": "F174", "start_datetime": "2026-02-11T21:15:55.116Z", "end_datetime": "2026-02-11T21:16:15.519Z", "repeat_cycle": "1", "orbit_state": "DESCENDING", "raw_properties": { "processing:facility": "Biomass CPF", "product:type": "S1_SCS__1S", "eofeos:global_coverage_id": "1", "sat:anx_datetime": "2026-02-11T20:21:11.722Z", "platform": "Biomass", "eofeos:major_cycle_id": "2", "datetime": "2026-02-11T21:15:55.116Z", "instruments": [ "P-SAR" ], "constellation": "Biomass", "storage:schemes": { "biomass-pdgs-01": { "bucket": "biomass-pdgs-01", "description": "This endpoint provides access to EO data which is stored on the object storage of the ESA MAAP. See the [documentation](https://portal.maap.eo.esa.int/dataaccess/) for more information, including how to get credentials.", "type": "custom-s3", "title": "ESA MAAP S3", "region": "gra", "platform": "https://{bucket}.s3.{region}.io.cloud.ovh.net" } }, "eopf:datatake_id": "34671487", "processing:software": { "Biomass L1 Processor": "4.3.1" }, "eopf:instrument_configuration_id": 0, "grid:code": "WRS-28-174", "processing:level": "L1A", "proj:code": "EPSG:4326", "sci:doi": "10.57780/bio-bef83b4", "created": "2026-02-12T08:55:21Z", "published": "2026-02-11T21:16:15.519Z", "version": "01", "sar:observation_direction": "left", "sar:polarizations": [ "HH", "HV", "VH", "VV" ], "auth:schemes": { "s3": { "type": "s3" }, "oidc": { "openIdConnectUrl": "https://iam.ascend.icsgate.eu/realms/esa-maap/.well-known/openid-configuration", "type": "openIdConnect" } }, "sar:instrument_mode": "SM", "eofeos:orbit_drift_flag": false, "processing:datetime": "2026-02-12T08:55:21Z", "eofeos:mission_phase": "TOMOGRAPHIC", "updated": "2026-05-17T12:41:19Z", "sat:absolute_orbit": 4232, "product:acquisition_type": "nominal" } }, "geometry": { "type": "Polygon", "coordinates": [ [ [ -49.936195, -22.533125 ], [ -49.33288, -22.644667 ], [ -49.064068, -21.408005 ], [ -49.661858, -21.29635 ], [ -49.936195, -22.533125 ] ] ] } },
{ "type": "Feature", "properties": { "scene_id": "BIO_S1_SCS__1S_20260301T211605_20260301T211626_T_G01_M02_C07_T028_F174_01_DNMWAR", "product_name": "BIO_S1_SCS__1S_20260301T211605_20260301T211626_T_G01_M02_C07_T028_F174_01_DNMWAR", "collection": "BiomassLevel1a", "mode": "SCS", "track": "T028", "frame": "F174", "start_datetime": "2026-03-01T21:16:05.924Z", "end_datetime": "2026-03-01T21:16:26.326Z", "repeat_cycle": "7", "orbit_state": "DESCENDING", "raw_properties": { "processing:facility": "Biomass CPF", "product:type": "S1_SCS__1S", "eofeos:global_coverage_id": "1", "sat:anx_datetime": "2026-03-01T20:21:22.493Z", "platform": "Biomass", "eofeos:major_cycle_id": "2", "datetime": "2026-03-01T21:16:05.924Z", "instruments": [ "P-SAR" ], "constellation": "Biomass", "storage:schemes": { "biomass-pdgs-01": { "bucket": "biomass-pdgs-01", "description": "This endpoint provides access to EO data which is stored on the object storage of the ESA MAAP. See the [documentation](https://portal.maap.eo.esa.int/dataaccess/) for more information, including how to get credentials.", "type": "custom-s3", "title": "ESA MAAP S3", "region": "gra", "platform": "https://{bucket}.s3.{region}.io.cloud.ovh.net" } }, "eopf:datatake_id": "36834176", "processing:software": { "Biomass L1 Processor": "4.3.1" }, "eopf:instrument_configuration_id": 0, "grid:code": "WRS-28-174", "processing:level": "L1A", "proj:code": "EPSG:4326", "sci:doi": "10.57780/bio-bef83b4", "created": "2026-03-02T09:42:27Z", "published": "2026-03-01T21:16:26.326Z", "version": "01", "sar:observation_direction": "left", "sar:polarizations": [ "HH", "HV", "VH", "VV" ], "auth:schemes": { "s3": { "type": "s3" }, "oidc": { "openIdConnectUrl": "https://iam.ascend.icsgate.eu/realms/esa-maap/.well-known/openid-configuration", "type": "openIdConnect" } }, "sar:instrument_mode": "SM", "eofeos:orbit_drift_flag": false, "processing:datetime": "2026-03-02T09:42:27Z", "eofeos:mission_phase": "TOMOGRAPHIC", "updated": "2026-05-17T13:25:08Z", "sat:absolute_orbit": 4496, "product:acquisition_type": "nominal" } }, "geometry": { "type": "Polygon", "coordinates": [ [ [ -49.98221, -22.532646 ], [ -49.3773, -22.644493 ], [ -49.10856, -21.407833 ], [ -49.706875, -21.296074 ], [ -49.98221, -22.532646 ] ] ] } },
{ "type": "Feature", "properties": { "scene_id": "BIO_S1_SCS__1S_20260424T212034_20260424T212055_T_G01_M03_C01_T028_F174_02_DQF0A9", "product_name": "BIO_S1_SCS__1S_20260424T212034_20260424T212055_T_G01_M03_C01_T028_F174_02_DQF0A9", "collection": "BiomassLevel1a", "mode": "SCS", "track": "T028", "frame": "F174", "start_datetime": "2026-04-24T21:20:34.864Z", "end_datetime": "2026-04-24T21:20:55.267Z", "repeat_cycle": "1", "orbit_state": "DESCENDING", "raw_properties": { "processing:facility": "Biomass CPF", "product:type": "S1_SCS__1S", "eofeos:global_coverage_id": "1", "sat:anx_datetime": "2026-04-24T20:25:51.443Z", "platform": "Biomass", "eofeos:major_cycle_id": "3", "datetime": "2026-04-24T21:20:34.864Z", "instruments": [ "P-SAR" ], "constellation": "Biomass", "storage:schemes": { "biomass-pdgs-01": { "bucket": "biomass-pdgs-01", "description": "This endpoint provides access to EO data which is stored on the object storage of the ESA MAAP. See the [documentation](https://portal.maap.eo.esa.int/dataaccess/) for more information, including how to get credentials.", "type": "custom-s3", "title": "ESA MAAP S3", "region": "gra", "platform": "https://{bucket}.s3.{region}.io.cloud.ovh.net" } }, "eopf:datatake_id": "43322236", "processing:software": { "Biomass L1 Processor": "4.4.2" }, "eopf:instrument_configuration_id": 0, "grid:code": "WRS-28-174", "processing:level": "L1A", "proj:code": "EPSG:4326", "sci:doi": "10.57780/bio-bef83b4", "created": "2026-04-25T11:08:33Z", "published": "2026-04-24T21:20:55.267Z", "version": "02", "sar:observation_direction": "left", "sar:polarizations": [ "HH", "HV", "VH", "VV" ], "auth:schemes": { "s3": { "type": "s3" }, "oidc": { "openIdConnectUrl": "https://iam.ascend.icsgate.eu/realms/esa-maap/.well-known/openid-configuration", "type": "openIdConnect" } }, "sar:instrument_mode": "SM", "eofeos:orbit_drift_flag": false, "processing:datetime": "2026-04-25T11:08:33Z", "eofeos:mission_phase": "TOMOGRAPHIC", "updated": "2026-06-09T16:48:41Z", "sat:absolute_orbit": 5288, "product:acquisition_type": "nominal" } }, "geometry": { "type": "Polygon", "coordinates": [ [ [ -51.105385, -22.532244 ], [ -50.49917, -22.644363 ], [ -50.2312, -21.407558 ], [ -50.827484, -21.296146 ], [ -51.105385, -22.532244 ] ] ] } },
{ "type": "Feature", "properties": { "scene_id": "BIO_S1_SCS__1S_20260427T212036_20260427T212057_T_G01_M03_C02_T028_F174_02_DQKKNX", "product_name": "BIO_S1_SCS__1S_20260427T212036_20260427T212057_T_G01_M03_C02_T028_F174_02_DQKKNX", "collection": "BiomassLevel1a", "mode": "SCS", "track": "T028", "frame": "F174", "start_datetime": "2026-04-27T21:20:36.773Z", "end_datetime": "2026-04-27T21:20:57.176Z", "repeat_cycle": "2", "orbit_state": "DESCENDING", "raw_properties": { "processing:facility": "Biomass CPF", "product:type": "S1_SCS__1S", "eofeos:global_coverage_id": "1", "sat:anx_datetime": "2026-04-27T20:25:53.361Z", "platform": "Biomass", "eofeos:major_cycle_id": "3", "datetime": "2026-04-27T21:20:36.773Z", "instruments": [ "P-SAR" ], "constellation": "Biomass", "storage:schemes": { "biomass-pdgs-01": { "bucket": "biomass-pdgs-01", "description": "This endpoint provides access to EO data which is stored on the object storage of the ESA MAAP. See the [documentation](https://portal.maap.eo.esa.int/dataaccess/) for more information, including how to get credentials.", "type": "custom-s3", "title": "ESA MAAP S3", "region": "gra", "platform": "https://{bucket}.s3.{region}.io.cloud.ovh.net" } }, "eopf:datatake_id": "43682683", "processing:software": { "Biomass L1 Processor": "4.4.2" }, "eopf:instrument_configuration_id": 0, "grid:code": "WRS-28-174", "processing:level": "L1A", "proj:code": "EPSG:4326", "sci:doi": "10.57780/bio-bef83b4", "created": "2026-04-28T11:16:45Z", "published": "2026-04-27T21:20:57.176Z", "version": "02", "sar:observation_direction": "left", "sar:polarizations": [ "HH", "HV", "VH", "VV" ], "auth:schemes": { "s3": { "type": "s3" }, "oidc": { "openIdConnectUrl": "https://iam.ascend.icsgate.eu/realms/esa-maap/.well-known/openid-configuration", "type": "openIdConnect" } }, "sar:instrument_mode": "SM", "eofeos:orbit_drift_flag": false, "processing:datetime": "2026-04-28T11:16:45Z", "eofeos:mission_phase": "TOMOGRAPHIC", "updated": "2026-06-10T21:53:21Z", "sat:absolute_orbit": 5332, "product:acquisition_type": "nominal" } }, "geometry": { "type": "Polygon", "coordinates": [ [ [ -51.11253, -22.532192 ], [ -50.506504, -22.64427 ], [ -50.23776, -21.407602 ], [ -50.83454, -21.296106 ], [ -51.11253, -22.532192 ] ] ] } },
{ "type": "Feature", "properties": { "scene_id": "BIO_S1_SCS__1S_20260430T212038_20260430T212059_T_G01_M03_C03_T028_F174_02_DQQ5OL", "product_name": "BIO_S1_SCS__1S_20260430T212038_20260430T212059_T_G01_M03_C03_T028_F174_02_DQQ5OL", "collection": "BiomassLevel1a", "mode": "SCS", "track": "T028", "frame": "F174", "start_datetime": "2026-04-30T21:20:38.724Z", "end_datetime": "2026-04-30T21:20:59.126Z", "repeat_cycle": "3", "orbit_state": "DESCENDING", "raw_properties": { "processing:facility": "Biomass CPF", "product:type": "S1_SCS__1S", "eofeos:global_coverage_id": "1", "sat:anx_datetime": "2026-04-30T20:25:55.299Z", "platform": "Biomass", "eofeos:major_cycle_id": "3", "datetime": "2026-04-30T21:20:38.724Z", "instruments": [ "P-SAR" ], "constellation": "Biomass", "storage:schemes": { "biomass-pdgs-01": { "bucket": "biomass-pdgs-01", "description": "This endpoint provides access to EO data which is stored on the object storage of the ESA MAAP. See the [documentation](https://portal.maap.eo.esa.int/dataaccess/) for more information, including how to get credentials.", "type": "custom-s3", "title": "ESA MAAP S3", "region": "gra", "platform": "https://{bucket}.s3.{region}.io.cloud.ovh.net" } }, "eopf:datatake_id": "44043131", "processing:software": { "Biomass L1 Processor": "4.4.2" }, "eopf:instrument_configuration_id": 0, "grid:code": "WRS-28-174", "processing:level": "L1A", "proj:code": "EPSG:4326", "sci:doi": "10.57780/bio-bef83b4", "created": "2026-05-01T11:38:45Z", "published": "2026-04-30T21:20:59.126Z", "version": "02", "sar:observation_direction": "left", "sar:polarizations": [ "HH", "HV", "VH", "VV" ], "auth:schemes": { "s3": { "type": "s3" }, "oidc": { "openIdConnectUrl": "https://iam.ascend.icsgate.eu/realms/esa-maap/.well-known/openid-configuration", "type": "openIdConnect" } }, "sar:instrument_mode": "SM", "eofeos:orbit_drift_flag": false, "processing:datetime": "2026-05-01T11:38:45Z", "eofeos:mission_phase": "TOMOGRAPHIC", "updated": "2026-06-10T22:10:17Z", "sat:absolute_orbit": 5376, "product:acquisition_type": "nominal" } }, "geometry": { "type": "Polygon", "coordinates": [ [ [ -51.12008, -22.532276 ], [ -50.51403, -22.644348 ], [ -50.24589, -21.40758 ], [ -50.84204, -21.29621 ], [ -51.12008, -22.532276 ] ] ] } },
{ "type": "Feature", "properties": { "scene_id": "BIO_S1_SCS__1S_20251201T211135_20251201T211156_T_G01_M01_C04_T028_F175_01_DO290C", "product_name": "BIO_S1_SCS__1S_20251201T211135_20251201T211156_T_G01_M01_C04_T028_F175_01_DO290C", "collection": "BiomassLevel1a", "mode": "SCS", "track": "T028", "frame": "F175", "start_datetime": "2025-12-01T21:11:35.972Z", "end_datetime": "2025-12-01T21:11:56.375Z", "repeat_cycle": "4", "orbit_state": "DESCENDING", "raw_properties": { "processing:facility": "Biomass CPF", "product:type": "S1_SCS__1S", "eofeos:global_coverage_id": "1", "sat:anx_datetime": "2025-12-01T20:16:33.475Z", "platform": "Biomass", "eofeos:major_cycle_id": "1", "datetime": "2025-12-01T21:11:35.972Z", "instruments": [ "P-SAR" ], "constellation": "Biomass", "storage:schemes": { "biomass-pdgs-01": { "bucket": "biomass-pdgs-01", "description": "This endpoint provides access to EO data which is stored on the object storage of the ESA MAAP. See the [documentation](https://portal.maap.eo.esa.int/dataaccess/) for more information, including how to get credentials.", "type": "custom-s3", "title": "ESA MAAP S3", "region": "gra", "platform": "https://{bucket}.s3.{region}.io.cloud.ovh.net" } }, "eopf:datatake_id": "26020750", "processing:software": { "Biomass L1 Processor": "4.3.1" }, "eopf:instrument_configuration_id": 0, "grid:code": "WRS-28-175", "processing:level": "L1A", "proj:code": "EPSG:4326", "sci:doi": "10.57780/bio-bef83b4", "created": "2026-03-10T16:41:00Z", "published": "2025-12-01T21:11:56.375Z", "version": "01", "sar:observation_direction": "left", "sar:polarizations": [ "HH", "HV", "VH", "VV" ], "auth:schemes": { "s3": { "type": "s3" }, "oidc": { "openIdConnectUrl": "https://iam.ascend.icsgate.eu/realms/esa-maap/.well-known/openid-configuration", "type": "openIdConnect" } }, "sar:instrument_mode": "SM", "eofeos:orbit_drift_flag": false, "processing:datetime": "2026-03-10T16:41:00Z", "eofeos:mission_phase": "TOMOGRAPHIC", "updated": "2026-05-17T10:13:54Z", "sat:absolute_orbit": 3176, "product:acquisition_type": "nominal" } }, "geometry": { "type": "Polygon", "coordinates": [ [ [ -49.007088, -23.687328 ], [ -48.399338, -23.79853 ], [ -48.13008, -22.562069 ], [ -48.731617, -22.450838 ], [ -49.007088, -23.687328 ] ] ] } },
{ "type": "Feature", "properties": { "scene_id": "BIO_S1_SCS__1S_20260301T211624_20260301T211645_T_G01_M02_C07_T028_F175_01_DNMW8S", "product_name": "BIO_S1_SCS__1S_20260301T211624_20260301T211645_T_G01_M02_C07_T028_F175_01_DNMW8S", "collection": "BiomassLevel1a", "mode": "SCS", "track": "T028", "frame": "F175", "start_datetime": "2026-03-01T21:16:24.940Z", "end_datetime": "2026-03-01T21:16:45.343Z", "repeat_cycle": "7", "orbit_state": "DESCENDING", "raw_properties": { "processing:facility": "Biomass CPF", "product:type": "S1_SCS__1S", "eofeos:global_coverage_id": "1", "sat:anx_datetime": "2026-03-01T20:21:22.493Z", "platform": "Biomass", "eofeos:major_cycle_id": "2", "datetime": "2026-03-01T21:16:24.940Z", "instruments": [ "P-SAR" ], "constellation": "Biomass", "storage:schemes": { "biomass-pdgs-01": { "bucket": "biomass-pdgs-01", "description": "This endpoint provides access to EO data which is stored on the object storage of the ESA MAAP. See the [documentation](https://portal.maap.eo.esa.int/dataaccess/) for more information, including how to get credentials.", "type": "custom-s3", "title": "ESA MAAP S3", "region": "gra", "platform": "https://{bucket}.s3.{region}.io.cloud.ovh.net" } }, "eopf:datatake_id": "36834176", "processing:software": { "Biomass L1 Processor": "4.3.1" }, "eopf:instrument_configuration_id": 0, "grid:code": "WRS-28-175", "processing:level": "L1A", "proj:code": "EPSG:4326", "sci:doi": "10.57780/bio-bef83b4", "created": "2026-03-02T09:41:16Z", "published": "2026-03-01T21:16:45.343Z", "version": "01", "sar:observation_direction": "left", "sar:polarizations": [ "HH", "HV", "VH", "VV" ], "auth:schemes": { "s3": { "type": "s3" }, "oidc": { "openIdConnectUrl": "https://iam.ascend.icsgate.eu/realms/esa-maap/.well-known/openid-configuration", "type": "openIdConnect" } }, "sar:instrument_mode": "SM", "eofeos:orbit_drift_flag": false, "processing:datetime": "2026-03-02T09:41:16Z", "eofeos:mission_phase": "TOMOGRAPHIC", "updated": "2026-05-17T13:25:08Z", "sat:absolute_orbit": 4496, "product:acquisition_type": "nominal" } }, "geometry": { "type": "Polygon", "coordinates": [ [ [ -50.22958, -23.68692 ], [ -49.62093, -23.798328 ], [ -49.348186, -22.562426 ], [ -49.950256, -22.451075 ], [ -50.22958, -23.68692 ] ] ] } },
{ "type": "Feature", "properties": { "scene_id": "BIO_S1_SCS__1S_20260424T212053_20260424T212114_T_G01_M03_C01_T028_F175_02_DQF085", "product_name": "BIO_S1_SCS__1S_20260424T212053_20260424T212114_T_G01_M03_C01_T028_F175_02_DQF085", "collection": "BiomassLevel1a", "mode": "SCS", "track": "T028", "frame": "F175", "start_datetime": "2026-04-24T21:20:53.881Z", "end_datetime": "2026-04-24T21:21:14.285Z", "repeat_cycle": "1", "orbit_state": "DESCENDING", "raw_properties": { "processing:facility": "Biomass CPF", "product:type": "S1_SCS__1S", "eofeos:global_coverage_id": "1", "sat:anx_datetime": "2026-04-24T20:25:51.443Z", "platform": "Biomass", "eofeos:major_cycle_id": "3", "datetime": "2026-04-24T21:20:53.881Z", "instruments": [ "P-SAR" ], "constellation": "Biomass", "storage:schemes": { "biomass-pdgs-01": { "bucket": "biomass-pdgs-01", "description": "This endpoint provides access to EO data which is stored on the object storage of the ESA MAAP. See the [documentation](https://portal.maap.eo.esa.int/dataaccess/) for more information, including how to get credentials.", "type": "custom-s3", "title": "ESA MAAP S3", "region": "gra", "platform": "https://{bucket}.s3.{region}.io.cloud.ovh.net" } }, "eopf:datatake_id": "43322236", "processing:software": { "Biomass L1 Processor": "4.4.2" }, "eopf:instrument_configuration_id": 0, "grid:code": "WRS-28-175", "processing:level": "L1A", "proj:code": "EPSG:4326", "sci:doi": "10.57780/bio-bef83b4", "created": "2026-04-25T11:07:17Z", "published": "2026-04-24T21:21:14.285Z", "version": "02", "sar:observation_direction": "left", "sar:polarizations": [ "HH", "HV", "VH", "VV" ], "auth:schemes": { "s3": { "type": "s3" }, "oidc": { "openIdConnectUrl": "https://iam.ascend.icsgate.eu/realms/esa-maap/.well-known/openid-configuration", "type": "openIdConnect" } }, "sar:instrument_mode": "SM", "eofeos:orbit_drift_flag": false, "processing:datetime": "2026-04-25T11:07:17Z", "eofeos:mission_phase": "TOMOGRAPHIC", "updated": "2026-06-09T16:48:41Z", "sat:absolute_orbit": 5288, "product:acquisition_type": "nominal" } }, "geometry": { "type": "Polygon", "coordinates": [ [ [ -51.346584, -23.687761 ], [ -50.73483, -23.799732 ], [ -50.47182, -22.562078 ], [ -51.073334, -22.450792 ], [ -51.346584, -23.687761 ] ] ] } },
{ "type": "Feature", "properties": { "scene_id": "BIO_S1_SCS__1S_20251201T211154_20251201T211215_T_G01_M01_C04_T028_F176_01_DO288C", "product_name": "BIO_S1_SCS__1S_20251201T211154_20251201T211215_T_G01_M01_C04_T028_F176_01_DO288C", "collection": "BiomassLevel1a", "mode": "SCS", "track": "T028", "frame": "F176", "start_datetime": "2025-12-01T21:11:54.990Z", "end_datetime": "2025-12-01T21:12:15.395Z", "repeat_cycle": "4", "orbit_state": "DESCENDING", "raw_properties": { "processing:facility": "Biomass CPF", "product:type": "S1_SCS__1S", "eofeos:global_coverage_id": "1", "sat:anx_datetime": "2025-12-01T20:16:33.475Z", "platform": "Biomass", "eofeos:major_cycle_id": "1", "datetime": "2025-12-01T21:11:54.990Z", "instruments": [ "P-SAR" ], "constellation": "Biomass", "storage:schemes": { "biomass-pdgs-01": { "bucket": "biomass-pdgs-01", "description": "This endpoint provides access to EO data which is stored on the object storage of the ESA MAAP. See the [documentation](https://portal.maap.eo.esa.int/dataaccess/) for more information, including how to get credentials.", "type": "custom-s3", "title": "ESA MAAP S3", "region": "gra", "platform": "https://{bucket}.s3.{region}.io.cloud.ovh.net" } }, "eopf:datatake_id": "26020750", "processing:software": { "Biomass L1 Processor": "4.3.1" }, "eopf:instrument_configuration_id": 0, "grid:code": "WRS-28-176", "processing:level": "L1A", "proj:code": "EPSG:4326", "sci:doi": "10.57780/bio-bef83b4", "created": "2026-03-10T16:24:12Z", "published": "2025-12-01T21:12:15.395Z", "version": "01", "sar:observation_direction": "left", "sar:polarizations": [ "HH", "HV", "VH", "VV" ], "auth:schemes": { "s3": { "type": "s3" }, "oidc": { "openIdConnectUrl": "https://iam.ascend.icsgate.eu/realms/esa-maap/.well-known/openid-configuration", "type": "openIdConnect" } }, "sar:instrument_mode": "SM", "eofeos:orbit_drift_flag": false, "processing:datetime": "2026-03-10T16:24:12Z", "eofeos:mission_phase": "TOMOGRAPHIC", "updated": "2026-05-17T10:13:55Z", "sat:absolute_orbit": 3176, "product:acquisition_type": "nominal" } }, "geometry": { "type": "Polygon", "coordinates": [ [ [ -49.271976, -24.838547 ], [ -48.648487, -24.951488 ], [ -48.3716, -23.716347 ], [ -48.98258, -23.604504 ], [ -49.271976, -24.838547 ] ] ] } },
{ "type": "Feature", "properties": { "scene_id": "BIO_S1_SCS__1S_20260301T211643_20260301T211704_T_G01_M02_C07_T028_F176_01_DNMWKK", "product_name": "BIO_S1_SCS__1S_20260301T211643_20260301T211704_T_G01_M02_C07_T028_F176_01_DNMWKK", "collection": "BiomassLevel1a", "mode": "SCS", "track": "T028", "frame": "F176", "start_datetime": "2026-03-01T21:16:43.958Z", "end_datetime": "2026-03-01T21:17:04.362Z", "repeat_cycle": "7", "orbit_state": "DESCENDING", "raw_properties": { "processing:facility": "Biomass CPF", "product:type": "S1_SCS__1S", "eofeos:global_coverage_id": "1", "sat:anx_datetime": "2026-03-01T20:21:22.493Z", "platform": "Biomass", "eofeos:major_cycle_id": "2", "datetime": "2026-03-01T21:16:43.958Z", "instruments": [ "P-SAR" ], "constellation": "Biomass", "storage:schemes": { "biomass-pdgs-01": { "bucket": "biomass-pdgs-01", "description": "This endpoint provides access to EO data which is stored on the object storage of the ESA MAAP. See the [documentation](https://portal.maap.eo.esa.int/dataaccess/) for more information, including how to get credentials.", "type": "custom-s3", "title": "ESA MAAP S3", "region": "gra", "platform": "https://{bucket}.s3.{region}.io.cloud.ovh.net" } }, "eopf:datatake_id": "36834176", "processing:software": { "Biomass L1 Processor": "4.3.1" }, "eopf:instrument_configuration_id": 0, "grid:code": "WRS-28-176", "processing:level": "L1A", "proj:code": "EPSG:4326", "sci:doi": "10.57780/bio-bef83b4", "created": "2026-03-02T09:48:20Z", "published": "2026-03-01T21:17:04.362Z", "version": "01", "sar:observation_direction": "left", "sar:polarizations": [ "HH", "HV", "VH", "VV" ], "auth:schemes": { "s3": { "type": "s3" }, "oidc": { "openIdConnectUrl": "https://iam.ascend.icsgate.eu/realms/esa-maap/.well-known/openid-configuration", "type": "openIdConnect" } }, "sar:instrument_mode": "SM", "eofeos:orbit_drift_flag": false, "processing:datetime": "2026-03-02T09:48:20Z", "eofeos:mission_phase": "TOMOGRAPHIC", "updated": "2026-05-17T13:25:08Z", "sat:absolute_orbit": 4496, "product:acquisition_type": "nominal" } }, "geometry": { "type": "Polygon", "coordinates": [ [ [ -50.470882, -24.842384 ], [ -49.857777, -24.95341 ], [ -49.592342, -23.71623 ], [ -50.199383, -23.605083 ], [ -50.470882, -24.842384 ] ] ] } },
{ "type": "Feature", "properties": { "scene_id": "BIO_S1_SCS__1S_20260212T092000_20260212T092020_T_G01_M02_C01_T035_F290_01_DMQBL1", "product_name": "BIO_S1_SCS__1S_20260212T092000_20260212T092020_T_G01_M02_C01_T035_F290_01_DMQBL1", "collection": "BiomassLevel1a", "mode": "SCS", "track": "T035", "frame": "F290", "start_datetime": "2026-02-12T09:20:00.434Z", "end_datetime": "2026-02-12T09:20:20.840Z", "repeat_cycle": "1", "orbit_state": "ASCENDING", "raw_properties": { "processing:facility": "Biomass CPF", "product:type": "S1_SCS__1S", "eofeos:global_coverage_id": "1", "sat:anx_datetime": "2026-02-12T07:48:28.452Z", "platform": "Biomass", "eofeos:major_cycle_id": "2", "datetime": "2026-02-12T09:20:00.434Z", "instruments": [ "P-SAR" ], "constellation": "Biomass", "storage:schemes": { "biomass-pdgs-01": { "bucket": "biomass-pdgs-01", "description": "This endpoint provides access to EO data which is stored on the object storage of the ESA MAAP. See the [documentation](https://portal.maap.eo.esa.int/dataaccess/) for more information, including how to get credentials.", "type": "custom-s3", "title": "ESA MAAP S3", "region": "gra", "platform": "https://{bucket}.s3.{region}.io.cloud.ovh.net" } }, "eopf:datatake_id": "34731316", "processing:software": { "Biomass L1 Processor": "4.3.1" }, "eopf:instrument_configuration_id": 0, "grid:code": "WRS-35-290", "processing:level": "L1A", "proj:code": "EPSG:4326", "sci:doi": "10.57780/bio-bef83b4", "created": "2026-02-12T19:31:49Z", "published": "2026-02-12T09:20:20.840Z", "version": "01", "sar:observation_direction": "left", "sar:polarizations": [ "HH", "HV", "VH", "VV" ], "auth:schemes": { "s3": { "type": "s3" }, "oidc": { "openIdConnectUrl": "https://iam.ascend.icsgate.eu/realms/esa-maap/.well-known/openid-configuration", "type": "openIdConnect" } }, "sar:instrument_mode": "SM", "eofeos:orbit_drift_flag": false, "processing:datetime": "2026-02-12T19:31:49Z", "eofeos:mission_phase": "TOMOGRAPHIC", "updated": "2026-05-17T12:43:00Z", "sat:absolute_orbit": 4239, "product:acquisition_type": "nominal" } }, "geometry": { "type": "Polygon", "coordinates": [ [ [ -49.011066, -23.490696 ], [ -49.62515, -23.603083 ], [ -49.353104, -24.83897 ], [ -48.72473, -24.725197 ], [ -49.011066, -23.490696 ] ] ] } },
{ "type": "Feature", "properties": { "scene_id": "BIO_S1_SCS__1S_20260302T092011_20260302T092031_T_G01_M02_C07_T035_F290_01_DNNR7Z", "product_name": "BIO_S1_SCS__1S_20260302T092011_20260302T092031_T_G01_M02_C07_T035_F290_01_DNNR7Z", "collection": "BiomassLevel1a", "mode": "SCS", "track": "T035", "frame": "F290", "start_datetime": "2026-03-02T09:20:11.118Z", "end_datetime": "2026-03-02T09:20:31.522Z", "repeat_cycle": "7", "orbit_state": "ASCENDING", "raw_properties": { "processing:facility": "Biomass CPF", "product:type": "S1_SCS__1S", "eofeos:global_coverage_id": "1", "sat:anx_datetime": "2026-03-02T07:48:39.108Z", "platform": "Biomass", "eofeos:major_cycle_id": "2", "datetime": "2026-03-02T09:20:11.118Z", "instruments": [ "P-SAR" ], "constellation": "Biomass", "storage:schemes": { "biomass-pdgs-01": { "bucket": "biomass-pdgs-01", "description": "This endpoint provides access to EO data which is stored on the object storage of the ESA MAAP. See the [documentation](https://portal.maap.eo.esa.int/dataaccess/) for more information, including how to get credentials.", "type": "custom-s3", "title": "ESA MAAP S3", "region": "gra", "platform": "https://{bucket}.s3.{region}.io.cloud.ovh.net" } }, "eopf:datatake_id": "36894003", "processing:software": { "Biomass L1 Processor": "4.3.1" }, "eopf:instrument_configuration_id": 0, "grid:code": "WRS-35-290", "processing:level": "L1A", "proj:code": "EPSG:4326", "sci:doi": "10.57780/bio-bef83b4", "created": "2026-03-02T20:50:23Z", "published": "2026-03-02T09:20:31.522Z", "version": "01", "sar:observation_direction": "left", "sar:polarizations": [ "HH", "HV", "VH", "VV" ], "auth:schemes": { "s3": { "type": "s3" }, "oidc": { "openIdConnectUrl": "https://iam.ascend.icsgate.eu/realms/esa-maap/.well-known/openid-configuration", "type": "openIdConnect" } }, "sar:instrument_mode": "SM", "eofeos:orbit_drift_flag": false, "processing:datetime": "2026-03-02T20:50:23Z", "eofeos:mission_phase": "TOMOGRAPHIC", "updated": "2026-05-17T13:26:47Z", "sat:absolute_orbit": 4503, "product:acquisition_type": "nominal" } }, "geometry": { "type": "Polygon", "coordinates": [ [ [ -49.056004, -23.491152 ], [ -49.669815, -23.603481 ], [ -49.39317, -24.83853 ], [ -48.76541, -24.724852 ], [ -49.056004, -23.491152 ] ] ] } },
{ "type": "Feature", "properties": { "scene_id": "BIO_S1_SCS__1S_20260425T092440_20260425T092500_T_G01_M03_C01_T035_F290_02_DQFUD6", "product_name": "BIO_S1_SCS__1S_20260425T092440_20260425T092500_T_G01_M03_C01_T035_F290_02_DQFUD6", "collection": "BiomassLevel1a", "mode": "SCS", "track": "T035", "frame": "F290", "start_datetime": "2026-04-25T09:24:40.230Z", "end_datetime": "2026-04-25T09:25:00.635Z", "repeat_cycle": "1", "orbit_state": "ASCENDING", "raw_properties": { "processing:facility": "Biomass CPF", "product:type": "S1_SCS__1S", "eofeos:global_coverage_id": "1", "sat:anx_datetime": "2026-04-25T07:53:08.247Z", "platform": "Biomass", "eofeos:major_cycle_id": "3", "datetime": "2026-04-25T09:24:40.230Z", "instruments": [ "P-SAR" ], "constellation": "Biomass", "storage:schemes": { "biomass-pdgs-01": { "bucket": "biomass-pdgs-01", "description": "This endpoint provides access to EO data which is stored on the object storage of the ESA MAAP. See the [documentation](https://portal.maap.eo.esa.int/dataaccess/) for more information, including how to get credentials.", "type": "custom-s3", "title": "ESA MAAP S3", "region": "gra", "platform": "https://{bucket}.s3.{region}.io.cloud.ovh.net" } }, "eopf:datatake_id": "43382048", "processing:software": { "Biomass L1 Processor": "4.4.2" }, "eopf:instrument_configuration_id": 0, "grid:code": "WRS-35-290", "processing:level": "L1A", "proj:code": "EPSG:4326", "sci:doi": "10.57780/bio-bef83b4", "created": "2026-04-25T21:58:18Z", "published": "2026-04-25T09:25:00.635Z", "version": "02", "sar:observation_direction": "left", "sar:polarizations": [ "HH", "HV", "VH", "VV" ], "auth:schemes": { "s3": { "type": "s3" }, "oidc": { "openIdConnectUrl": "https://iam.ascend.icsgate.eu/realms/esa-maap/.well-known/openid-configuration", "type": "openIdConnect" } }, "sar:instrument_mode": "SM", "eofeos:orbit_drift_flag": false, "processing:datetime": "2026-04-25T21:58:18Z", "eofeos:mission_phase": "TOMOGRAPHIC", "updated": "2026-06-09T16:51:57Z", "sat:absolute_orbit": 5295, "product:acquisition_type": "nominal" } }, "geometry": { "type": "Polygon", "coordinates": [ [ [ -50.17057, -23.490103 ], [ -50.791252, -23.603718 ], [ -50.52301, -24.840286 ], [ -49.900684, -24.727615 ], [ -50.17057, -23.490103 ] ] ] } },
{ "type": "Feature", "properties": { "scene_id": "BIO_S1_SCS__1S_20260428T092442_20260428T092502_T_G01_M03_C02_T035_F290_02_DQLGSJ", "product_name": "BIO_S1_SCS__1S_20260428T092442_20260428T092502_T_G01_M03_C02_T035_F290_02_DQLGSJ", "collection": "BiomassLevel1a", "mode": "SCS", "track": "T035", "frame": "F290", "start_datetime": "2026-04-28T09:24:42.134Z", "end_datetime": "2026-04-28T09:25:02.539Z", "repeat_cycle": "2", "orbit_state": "ASCENDING", "raw_properties": { "processing:facility": "Biomass CPF", "product:type": "S1_SCS__1S", "eofeos:global_coverage_id": "1", "sat:anx_datetime": "2026-04-28T07:53:10.153Z", "platform": "Biomass", "eofeos:major_cycle_id": "3", "datetime": "2026-04-28T09:24:42.134Z", "instruments": [ "P-SAR" ], "constellation": "Biomass", "storage:schemes": { "biomass-pdgs-01": { "bucket": "biomass-pdgs-01", "description": "This endpoint provides access to EO data which is stored on the object storage of the ESA MAAP. See the [documentation](https://portal.maap.eo.esa.int/dataaccess/) for more information, including how to get credentials.", "type": "custom-s3", "title": "ESA MAAP S3", "region": "gra", "platform": "https://{bucket}.s3.{region}.io.cloud.ovh.net" } }, "eopf:datatake_id": "43742496", "processing:software": { "Biomass L1 Processor": "4.4.2" }, "eopf:instrument_configuration_id": 0, "grid:code": "WRS-35-290", "processing:level": "L1A", "proj:code": "EPSG:4326", "sci:doi": "10.57780/bio-bef83b4", "created": "2026-04-28T22:50:43Z", "published": "2026-04-28T09:25:02.539Z", "version": "02", "sar:observation_direction": "left", "sar:polarizations": [ "HH", "HV", "VH", "VV" ], "auth:schemes": { "s3": { "type": "s3" }, "oidc": { "openIdConnectUrl": "https://iam.ascend.icsgate.eu/realms/esa-maap/.well-known/openid-configuration", "type": "openIdConnect" } }, "sar:instrument_mode": "SM", "eofeos:orbit_drift_flag": false, "processing:datetime": "2026-04-28T22:50:43Z", "eofeos:mission_phase": "TOMOGRAPHIC", "updated": "2026-06-10T21:55:45Z", "sat:absolute_orbit": 5339, "product:acquisition_type": "nominal" } }, "geometry": { "type": "Polygon", "coordinates": [ [ [ -50.17859, -23.490095 ], [ -50.798027, -23.603477 ], [ -50.531693, -24.840382 ], [ -49.907883, -24.727453 ], [ -50.17859, -23.490095 ] ] ] } },
{ "type": "Feature", "properties": { "scene_id": "BIO_S1_SCS__1S_20260510T092449_20260510T092510_T_G01_M03_C06_T035_F290_02_DR80AJ", "product_name": "BIO_S1_SCS__1S_20260510T092449_20260510T092510_T_G01_M03_C06_T035_F290_02_DR80AJ", "collection": "BiomassLevel1a", "mode": "SCS", "track": "T035", "frame": "F290", "start_datetime": "2026-05-10T09:24:49.909Z", "end_datetime": "2026-05-10T09:25:10.314Z", "repeat_cycle": "6", "orbit_state": "ASCENDING", "raw_properties": { "processing:facility": "Biomass CPF", "product:type": "S1_SCS__1S", "eofeos:global_coverage_id": "1", "sat:anx_datetime": "2026-05-10T07:53:17.926Z", "platform": "Biomass", "eofeos:major_cycle_id": "3", "datetime": "2026-05-10T09:24:49.909Z", "instruments": [ "P-SAR" ], "constellation": "Biomass", "storage:schemes": { "biomass-pdgs-01": { "bucket": "biomass-pdgs-01", "description": "This endpoint provides access to EO data which is stored on the object storage of the ESA MAAP. See the [documentation](https://portal.maap.eo.esa.int/dataaccess/) for more information, including how to get credentials.", "type": "custom-s3", "title": "ESA MAAP S3", "region": "gra", "platform": "https://{bucket}.s3.{region}.io.cloud.ovh.net" } }, "eopf:datatake_id": "45184281", "processing:software": { "Biomass L1 Processor": "4.4.3" }, "eopf:instrument_configuration_id": 0, "grid:code": "WRS-35-290", "processing:level": "L1A", "proj:code": "EPSG:4326", "sci:doi": "10.57780/bio-bef83b4", "created": "2026-05-11T02:59:07Z", "published": "2026-05-10T09:25:10.314Z", "version": "02", "sar:observation_direction": "left", "sar:polarizations": [ "HH", "HV", "VH", "VV" ], "auth:schemes": { "s3": { "type": "s3" }, "oidc": { "openIdConnectUrl": "https://iam.ascend.icsgate.eu/realms/esa-maap/.well-known/openid-configuration", "type": "openIdConnect" } }, "sar:instrument_mode": "SM", "eofeos:orbit_drift_flag": false, "processing:datetime": "2026-05-11T02:59:07Z", "eofeos:mission_phase": "TOMOGRAPHIC", "updated": "2026-06-10T22:47:25Z", "sat:absolute_orbit": 5515, "product:acquisition_type": "nominal" } }, "geometry": { "type": "Polygon", "coordinates": [ [ [ -50.209934, -23.48989 ], [ -50.8293, -23.603273 ], [ -50.56274, -24.840134 ], [ -49.940174, -24.727417 ], [ -50.209934, -23.48989 ] ] ] } },
{ "type": "Feature", "properties": { "scene_id": "BIO_S1_SCS__1S_20260302T092030_20260302T092050_T_G01_M02_C07_T035_F291_01_DNNRAW", "product_name": "BIO_S1_SCS__1S_20260302T092030_20260302T092050_T_G01_M02_C07_T035_F291_01_DNNRAW", "collection": "BiomassLevel1a", "mode": "SCS", "track": "T035", "frame": "F291", "start_datetime": "2026-03-02T09:20:30.138Z", "end_datetime": "2026-03-02T09:20:50.543Z", "repeat_cycle": "7", "orbit_state": "ASCENDING", "raw_properties": { "processing:facility": "Biomass CPF", "product:type": "S1_SCS__1S", "eofeos:global_coverage_id": "1", "sat:anx_datetime": "2026-03-02T07:48:39.108Z", "platform": "Biomass", "eofeos:major_cycle_id": "2", "datetime": "2026-03-02T09:20:30.138Z", "instruments": [ "P-SAR" ], "constellation": "Biomass", "storage:schemes": { "biomass-pdgs-01": { "bucket": "biomass-pdgs-01", "description": "This endpoint provides access to EO data which is stored on the object storage of the ESA MAAP. See the [documentation](https://portal.maap.eo.esa.int/dataaccess/) for more information, including how to get credentials.", "type": "custom-s3", "title": "ESA MAAP S3", "region": "gra", "platform": "https://{bucket}.s3.{region}.io.cloud.ovh.net" } }, "eopf:datatake_id": "36894003", "processing:software": { "Biomass L1 Processor": "4.3.1" }, "eopf:instrument_configuration_id": 0, "grid:code": "WRS-35-291", "processing:level": "L1A", "proj:code": "EPSG:4326", "sci:doi": "10.57780/bio-bef83b4", "created": "2026-03-02T20:52:08Z", "published": "2026-03-02T09:20:50.543Z", "version": "01", "sar:observation_direction": "left", "sar:polarizations": [ "HH", "HV", "VH", "VV" ], "auth:schemes": { "s3": { "type": "s3" }, "oidc": { "openIdConnectUrl": "https://iam.ascend.icsgate.eu/realms/esa-maap/.well-known/openid-configuration", "type": "openIdConnect" } }, "sar:instrument_mode": "SM", "eofeos:orbit_drift_flag": false, "processing:datetime": "2026-03-02T20:52:08Z", "eofeos:mission_phase": "TOMOGRAPHIC", "updated": "2026-05-17T13:26:47Z", "sat:absolute_orbit": 4503, "product:acquisition_type": "nominal" } }, "geometry": { "type": "Polygon", "coordinates": [ [ [ -49.305515, -22.337194 ], [ -49.919598, -22.4507 ], [ -49.64805, -23.686722 ], [ -49.02962, -23.573606 ], [ -49.305515, -22.337194 ] ] ] } },
{ "type": "Feature", "properties": { "scene_id": "BIO_S1_SCS__1S_20260425T092459_20260425T092519_T_G01_M03_C01_T035_F291_02_DQFU7L", "product_name": "BIO_S1_SCS__1S_20260425T092459_20260425T092519_T_G01_M03_C01_T035_F291_02_DQFU7L", "collection": "BiomassLevel1a", "mode": "SCS", "track": "T035", "frame": "F291", "start_datetime": "2026-04-25T09:24:59.251Z", "end_datetime": "2026-04-25T09:25:19.656Z", "repeat_cycle": "1", "orbit_state": "ASCENDING", "raw_properties": { "processing:facility": "Biomass CPF", "product:type": "S1_SCS__1S", "eofeos:global_coverage_id": "1", "sat:anx_datetime": "2026-04-25T07:53:08.247Z", "platform": "Biomass", "eofeos:major_cycle_id": "3", "datetime": "2026-04-25T09:24:59.251Z", "instruments": [ "P-SAR" ], "constellation": "Biomass", "storage:schemes": { "biomass-pdgs-01": { "bucket": "biomass-pdgs-01", "description": "This endpoint provides access to EO data which is stored on the object storage of the ESA MAAP. See the [documentation](https://portal.maap.eo.esa.int/dataaccess/) for more information, including how to get credentials.", "type": "custom-s3", "title": "ESA MAAP S3", "region": "gra", "platform": "https://{bucket}.s3.{region}.io.cloud.ovh.net" } }, "eopf:datatake_id": "43382048", "processing:software": { "Biomass L1 Processor": "4.4.2" }, "eopf:instrument_configuration_id": 0, "grid:code": "WRS-35-291", "processing:level": "L1A", "proj:code": "EPSG:4326", "sci:doi": "10.57780/bio-bef83b4", "created": "2026-04-25T21:54:57Z", "published": "2026-04-25T09:25:19.656Z", "version": "02", "sar:observation_direction": "left", "sar:polarizations": [ "HH", "HV", "VH", "VV" ], "auth:schemes": { "s3": { "type": "s3" }, "oidc": { "openIdConnectUrl": "https://iam.ascend.icsgate.eu/realms/esa-maap/.well-known/openid-configuration", "type": "openIdConnect" } }, "sar:instrument_mode": "SM", "eofeos:orbit_drift_flag": false, "processing:datetime": "2026-04-25T21:54:57Z", "eofeos:mission_phase": "TOMOGRAPHIC", "updated": "2026-06-09T16:51:58Z", "sat:absolute_orbit": 5295, "product:acquisition_type": "nominal" } }, "geometry": { "type": "Polygon", "coordinates": [ [ [ -50.424538, -22.336964 ], [ -51.036987, -22.450209 ], [ -50.771893, -23.687368 ], [ -50.145256, -23.572733 ], [ -50.424538, -22.336964 ] ] ] } },
{ "type": "Feature", "properties": { "scene_id": "BIO_S1_SCS__1S_20260212T092038_20260212T092058_T_G01_M02_C01_T035_F292_01_DMQBRA", "product_name": "BIO_S1_SCS__1S_20260212T092038_20260212T092058_T_G01_M02_C01_T035_F292_01_DMQBRA", "collection": "BiomassLevel1a", "mode": "SCS", "track": "T035", "frame": "F292", "start_datetime": "2026-02-12T09:20:38.477Z", "end_datetime": "2026-02-12T09:20:58.880Z", "repeat_cycle": "1", "orbit_state": "ASCENDING", "raw_properties": { "processing:facility": "Biomass CPF", "product:type": "S1_SCS__1S", "eofeos:global_coverage_id": "1", "sat:anx_datetime": "2026-02-12T07:48:28.452Z", "platform": "Biomass", "eofeos:major_cycle_id": "2", "datetime": "2026-02-12T09:20:38.477Z", "instruments": [ "P-SAR" ], "constellation": "Biomass", "storage:schemes": { "biomass-pdgs-01": { "bucket": "biomass-pdgs-01", "description": "This endpoint provides access to EO data which is stored on the object storage of the ESA MAAP. See the [documentation](https://portal.maap.eo.esa.int/dataaccess/) for more information, including how to get credentials.", "type": "custom-s3", "title": "ESA MAAP S3", "region": "gra", "platform": "https://{bucket}.s3.{region}.io.cloud.ovh.net" } }, "eopf:datatake_id": "34731316", "processing:software": { "Biomass L1 Processor": "4.3.1" }, "eopf:instrument_configuration_id": 0, "grid:code": "WRS-35-292", "processing:level": "L1A", "proj:code": "EPSG:4326", "sci:doi": "10.57780/bio-bef83b4", "created": "2026-02-12T19:35:34Z", "published": "2026-02-12T09:20:58.880Z", "version": "01", "sar:observation_direction": "left", "sar:polarizations": [ "HH", "HV", "VH", "VV" ], "auth:schemes": { "s3": { "type": "s3" }, "oidc": { "openIdConnectUrl": "https://iam.ascend.icsgate.eu/realms/esa-maap/.well-known/openid-configuration", "type": "openIdConnect" } }, "sar:instrument_mode": "SM", "eofeos:orbit_drift_flag": false, "processing:datetime": "2026-02-12T19:35:34Z", "eofeos:mission_phase": "TOMOGRAPHIC", "updated": "2026-05-17T12:43:00Z", "sat:absolute_orbit": 4239, "product:acquisition_type": "nominal" } }, "geometry": { "type": "Polygon", "coordinates": [ [ [ -49.510918, -21.182987 ], [ -50.118122, -21.296335 ], [ -49.852356, -22.533401 ], [ -49.238144, -22.419928 ], [ -49.510918, -21.182987 ] ] ] } },
{ "type": "Feature", "properties": { "scene_id": "BIO_S1_SCS__1S_20260302T092049_20260302T092109_T_G01_M02_C07_T035_F292_01_DNNR8M", "product_name": "BIO_S1_SCS__1S_20260302T092049_20260302T092109_T_G01_M02_C07_T035_F292_01_DNNR8M", "collection": "BiomassLevel1a", "mode": "SCS", "track": "T035", "frame": "F292", "start_datetime": "2026-03-02T09:20:49.157Z", "end_datetime": "2026-03-02T09:21:09.560Z", "repeat_cycle": "7", "orbit_state": "ASCENDING", "raw_properties": { "processing:facility": "Biomass CPF", "product:type": "S1_SCS__1S", "eofeos:global_coverage_id": "1", "sat:anx_datetime": "2026-03-02T07:48:39.108Z", "platform": "Biomass", "eofeos:major_cycle_id": "2", "datetime": "2026-03-02T09:20:49.157Z", "instruments": [ "P-SAR" ], "constellation": "Biomass", "storage:schemes": { "biomass-pdgs-01": { "bucket": "biomass-pdgs-01", "description": "This endpoint provides access to EO data which is stored on the object storage of the ESA MAAP. See the [documentation](https://portal.maap.eo.esa.int/dataaccess/) for more information, including how to get credentials.", "type": "custom-s3", "title": "ESA MAAP S3", "region": "gra", "platform": "https://{bucket}.s3.{region}.io.cloud.ovh.net" } }, "eopf:datatake_id": "36894003", "processing:software": { "Biomass L1 Processor": "4.3.1" }, "eopf:instrument_configuration_id": 0, "grid:code": "WRS-35-292", "processing:level": "L1A", "proj:code": "EPSG:4326", "sci:doi": "10.57780/bio-bef83b4", "created": "2026-03-02T20:50:46Z", "published": "2026-03-02T09:21:09.560Z", "version": "01", "sar:observation_direction": "left", "sar:polarizations": [ "HH", "HV", "VH", "VV" ], "auth:schemes": { "s3": { "type": "s3" }, "oidc": { "openIdConnectUrl": "https://iam.ascend.icsgate.eu/realms/esa-maap/.well-known/openid-configuration", "type": "openIdConnect" } }, "sar:instrument_mode": "SM", "eofeos:orbit_drift_flag": false, "processing:datetime": "2026-03-02T20:50:46Z", "eofeos:mission_phase": "TOMOGRAPHIC", "updated": "2026-05-17T13:26:47Z", "sat:absolute_orbit": 4503, "product:acquisition_type": "nominal" } }, "geometry": { "type": "Polygon", "coordinates": [ [ [ -49.55609, -21.183542 ], [ -50.16287, -21.296804 ], [ -49.89759, -22.533932 ], [ -49.282864, -22.420372 ], [ -49.55609, -21.183542 ] ] ] } },
{ "type": "Feature", "properties": { "scene_id": "BIO_S1_SCS__1S_20260425T092518_20260425T092538_T_G01_M03_C01_T035_F292_02_DQFU1O", "product_name": "BIO_S1_SCS__1S_20260425T092518_20260425T092538_T_G01_M03_C01_T035_F292_02_DQFU1O", "collection": "BiomassLevel1a", "mode": "SCS", "track": "T035", "frame": "F292", "start_datetime": "2026-04-25T09:25:18.270Z", "end_datetime": "2026-04-25T09:25:38.673Z", "repeat_cycle": "1", "orbit_state": "ASCENDING", "raw_properties": { "processing:facility": "Biomass CPF", "product:type": "S1_SCS__1S", "eofeos:global_coverage_id": "1", "sat:anx_datetime": "2026-04-25T07:53:08.247Z", "platform": "Biomass", "eofeos:major_cycle_id": "3", "datetime": "2026-04-25T09:25:18.270Z", "instruments": [ "P-SAR" ], "constellation": "Biomass", "storage:schemes": { "biomass-pdgs-01": { "bucket": "biomass-pdgs-01", "description": "This endpoint provides access to EO data which is stored on the object storage of the ESA MAAP. See the [documentation](https://portal.maap.eo.esa.int/dataaccess/) for more information, including how to get credentials.", "type": "custom-s3", "title": "ESA MAAP S3", "region": "gra", "platform": "https://{bucket}.s3.{region}.io.cloud.ovh.net" } }, "eopf:datatake_id": "43382048", "processing:software": { "Biomass L1 Processor": "4.4.2" }, "eopf:instrument_configuration_id": 0, "grid:code": "WRS-35-292", "processing:level": "L1A", "proj:code": "EPSG:4326", "sci:doi": "10.57780/bio-bef83b4", "created": "2026-04-25T21:51:24Z", "published": "2026-04-25T09:25:38.673Z", "version": "02", "sar:observation_direction": "left", "sar:polarizations": [ "HH", "HV", "VH", "VV" ], "auth:schemes": { "s3": { "type": "s3" }, "oidc": { "openIdConnectUrl": "https://iam.ascend.icsgate.eu/realms/esa-maap/.well-known/openid-configuration", "type": "openIdConnect" } }, "sar:instrument_mode": "SM", "eofeos:orbit_drift_flag": false, "processing:datetime": "2026-04-25T21:51:24Z", "eofeos:mission_phase": "TOMOGRAPHIC", "updated": "2026-06-09T16:51:57Z", "sat:absolute_orbit": 5295, "product:acquisition_type": "nominal" } }, "geometry": { "type": "Polygon", "coordinates": [ [ [ -50.673264, -21.182987 ], [ -51.28011, -21.296303 ], [ -51.014027, -22.533329 ], [ -50.39971, -22.419798 ], [ -50.673264, -21.182987 ] ] ] } },
{ "type": "Feature", "properties": { "scene_id": "BIO_S1_SCS__1S_20251202T091619_20251202T091639_T_G01_M01_C04_T035_F293_01_DO2Y7D", "product_name": "BIO_S1_SCS__1S_20251202T091619_20251202T091639_T_G01_M01_C04_T035_F293_01_DO2Y7D", "collection": "BiomassLevel1a", "mode": "SCS", "track": "T035", "frame": "F293", "start_datetime": "2025-12-02T09:16:19.135Z", "end_datetime": "2025-12-02T09:16:39.537Z", "repeat_cycle": "4", "orbit_state": "ASCENDING", "raw_properties": { "processing:facility": "Biomass CPF", "product:type": "S1_SCS__1S", "eofeos:global_coverage_id": "1", "sat:anx_datetime": "2025-12-02T07:43:50.062Z", "platform": "Biomass", "eofeos:major_cycle_id": "1", "datetime": "2025-12-02T09:16:19.135Z", "instruments": [ "P-SAR" ], "constellation": "Biomass", "storage:schemes": { "biomass-pdgs-01": { "bucket": "biomass-pdgs-01", "description": "This endpoint provides access to EO data which is stored on the object storage of the ESA MAAP. See the [documentation](https://portal.maap.eo.esa.int/dataaccess/) for more information, including how to get credentials.", "type": "custom-s3", "title": "ESA MAAP S3", "region": "gra", "platform": "https://{bucket}.s3.{region}.io.cloud.ovh.net" } }, "eopf:datatake_id": "26080612", "processing:software": { "Biomass L1 Processor": "4.3.1" }, "eopf:instrument_configuration_id": 0, "grid:code": "WRS-35-293", "processing:level": "L1A", "proj:code": "EPSG:4326", "sci:doi": "10.57780/bio-bef83b4", "created": "2026-03-11T01:45:13Z", "published": "2025-12-02T09:16:39.537Z", "version": "01", "sar:observation_direction": "left", "sar:polarizations": [ "HH", "HV", "VH", "VV" ], "auth:schemes": { "s3": { "type": "s3" }, "oidc": { "openIdConnectUrl": "https://iam.ascend.icsgate.eu/realms/esa-maap/.well-known/openid-configuration", "type": "openIdConnect" } }, "sar:instrument_mode": "SM", "eofeos:orbit_drift_flag": false, "processing:datetime": "2026-03-11T01:45:13Z", "eofeos:mission_phase": "TOMOGRAPHIC", "updated": "2026-05-17T10:16:49Z", "sat:absolute_orbit": 3183, "product:acquisition_type": "nominal" } }, "geometry": { "type": "Polygon", "coordinates": [ [ [ -48.591255, -20.030228 ], [ -49.19307, -20.143583 ], [ -48.925713, -21.380394 ], [ -48.318913, -21.267235 ], [ -48.591255, -20.030228 ] ] ] } },
{ "type": "Feature", "properties": { "scene_id": "BIO_S1_SCS__1S_20260212T092057_20260212T092117_T_G01_M02_C01_T035_F293_01_DMQC3D", "product_name": "BIO_S1_SCS__1S_20260212T092057_20260212T092117_T_G01_M02_C01_T035_F293_01_DMQC3D", "collection": "BiomassLevel1a", "mode": "SCS", "track": "T035", "frame": "F293", "start_datetime": "2026-02-12T09:20:57.494Z", "end_datetime": "2026-02-12T09:21:17.896Z", "repeat_cycle": "1", "orbit_state": "ASCENDING", "raw_properties": { "processing:facility": "Biomass CPF", "product:type": "S1_SCS__1S", "eofeos:global_coverage_id": "1", "sat:anx_datetime": "2026-02-12T07:48:28.452Z", "platform": "Biomass", "eofeos:major_cycle_id": "2", "datetime": "2026-02-12T09:20:57.494Z", "instruments": [ "P-SAR" ], "constellation": "Biomass", "storage:schemes": { "biomass-pdgs-01": { "bucket": "biomass-pdgs-01", "description": "This endpoint provides access to EO data which is stored on the object storage of the ESA MAAP. See the [documentation](https://portal.maap.eo.esa.int/dataaccess/) for more information, including how to get credentials.", "type": "custom-s3", "title": "ESA MAAP S3", "region": "gra", "platform": "https://{bucket}.s3.{region}.io.cloud.ovh.net" } }, "eopf:datatake_id": "34731316", "processing:software": { "Biomass L1 Processor": "4.3.1" }, "eopf:instrument_configuration_id": 0, "grid:code": "WRS-35-293", "processing:level": "L1A", "proj:code": "EPSG:4326", "sci:doi": "10.57780/bio-bef83b4", "created": "2026-02-12T19:42:49Z", "published": "2026-02-12T09:21:17.896Z", "version": "01", "sar:observation_direction": "left", "sar:polarizations": [ "HH", "HV", "VH", "VV" ], "auth:schemes": { "s3": { "type": "s3" }, "oidc": { "openIdConnectUrl": "https://iam.ascend.icsgate.eu/realms/esa-maap/.well-known/openid-configuration", "type": "openIdConnect" } }, "sar:instrument_mode": "SM", "eofeos:orbit_drift_flag": false, "processing:datetime": "2026-02-12T19:42:49Z", "eofeos:mission_phase": "TOMOGRAPHIC", "updated": "2026-05-17T12:43:00Z", "sat:absolute_orbit": 4239, "product:acquisition_type": "nominal" } }, "geometry": { "type": "Polygon", "coordinates": [ [ [ -49.76216, -20.02954 ], [ -50.363647, -20.142881 ], [ -50.095486, -21.37955 ], [ -49.486877, -21.266 ], [ -49.76216, -20.02954 ] ] ] } },
{ "type": "Feature", "properties": { "scene_id": "BIO_S1_SCS__1S_20260302T092108_20260302T092128_T_G01_M02_C07_T035_F293_01_DNNRFV", "product_name": "BIO_S1_SCS__1S_20260302T092108_20260302T092128_T_G01_M02_C07_T035_F293_01_DNNRFV", "collection": "BiomassLevel1a", "mode": "SCS", "track": "T035", "frame": "F293", "start_datetime": "2026-03-02T09:21:08.175Z", "end_datetime": "2026-03-02T09:21:28.577Z", "repeat_cycle": "7", "orbit_state": "ASCENDING", "raw_properties": { "processing:facility": "Biomass CPF", "product:type": "S1_SCS__1S", "eofeos:global_coverage_id": "1", "sat:anx_datetime": "2026-03-02T07:48:39.108Z", "platform": "Biomass", "eofeos:major_cycle_id": "2", "datetime": "2026-03-02T09:21:08.175Z", "instruments": [ "P-SAR" ], "constellation": "Biomass", "storage:schemes": { "biomass-pdgs-01": { "bucket": "biomass-pdgs-01", "description": "This endpoint provides access to EO data which is stored on the object storage of the ESA MAAP. See the [documentation](https://portal.maap.eo.esa.int/dataaccess/) for more information, including how to get credentials.", "type": "custom-s3", "title": "ESA MAAP S3", "region": "gra", "platform": "https://{bucket}.s3.{region}.io.cloud.ovh.net" } }, "eopf:datatake_id": "36894003", "processing:software": { "Biomass L1 Processor": "4.3.1" }, "eopf:instrument_configuration_id": 0, "grid:code": "WRS-35-293", "processing:level": "L1A", "proj:code": "EPSG:4326", "sci:doi": "10.57780/bio-bef83b4", "created": "2026-03-02T20:55:07Z", "published": "2026-03-02T09:21:28.577Z", "version": "01", "sar:observation_direction": "left", "sar:polarizations": [ "HH", "HV", "VH", "VV" ], "auth:schemes": { "s3": { "type": "s3" }, "oidc": { "openIdConnectUrl": "https://iam.ascend.icsgate.eu/realms/esa-maap/.well-known/openid-configuration", "type": "openIdConnect" } }, "sar:instrument_mode": "SM", "eofeos:orbit_drift_flag": false, "processing:datetime": "2026-03-02T20:55:07Z", "eofeos:mission_phase": "TOMOGRAPHIC", "updated": "2026-05-17T13:26:48Z", "sat:absolute_orbit": 4503, "product:acquisition_type": "nominal" } }, "geometry": { "type": "Polygon", "coordinates": [ [ [ -49.80534, -20.02956 ], [ -50.40814, -20.143147 ], [ -50.139385, -21.379744 ], [ -49.531296, -21.266293 ], [ -49.80534, -20.02956 ] ] ] } },
{ "type": "Feature", "properties": { "scene_id": "BIO_S1_SCS__1S_20260425T092537_20260425T092557_T_G01_M03_C01_T035_F293_02_DQFU6B", "product_name": "BIO_S1_SCS__1S_20260425T092537_20260425T092557_T_G01_M03_C01_T035_F293_02_DQFU6B", "collection": "BiomassLevel1a", "mode": "SCS", "track": "T035", "frame": "F293", "start_datetime": "2026-04-25T09:25:37.289Z", "end_datetime": "2026-04-25T09:25:57.692Z", "repeat_cycle": "1", "orbit_state": "ASCENDING", "raw_properties": { "processing:facility": "Biomass CPF", "product:type": "S1_SCS__1S", "eofeos:global_coverage_id": "1", "sat:anx_datetime": "2026-04-25T07:53:08.247Z", "platform": "Biomass", "eofeos:major_cycle_id": "3", "datetime": "2026-04-25T09:25:37.289Z", "instruments": [ "P-SAR" ], "constellation": "Biomass", "storage:schemes": { "biomass-pdgs-01": { "bucket": "biomass-pdgs-01", "description": "This endpoint provides access to EO data which is stored on the object storage of the ESA MAAP. See the [documentation](https://portal.maap.eo.esa.int/dataaccess/) for more information, including how to get credentials.", "type": "custom-s3", "title": "ESA MAAP S3", "region": "gra", "platform": "https://{bucket}.s3.{region}.io.cloud.ovh.net" } }, "eopf:datatake_id": "43382048", "processing:software": { "Biomass L1 Processor": "4.4.2" }, "eopf:instrument_configuration_id": 0, "grid:code": "WRS-35-293", "processing:level": "L1A", "proj:code": "EPSG:4326", "sci:doi": "10.57780/bio-bef83b4", "created": "2026-04-25T21:54:11Z", "published": "2026-04-25T09:25:57.692Z", "version": "02", "sar:observation_direction": "left", "sar:polarizations": [ "HH", "HV", "VH", "VV" ], "auth:schemes": { "s3": { "type": "s3" }, "oidc": { "openIdConnectUrl": "https://iam.ascend.icsgate.eu/realms/esa-maap/.well-known/openid-configuration", "type": "openIdConnect" } }, "sar:instrument_mode": "SM", "eofeos:orbit_drift_flag": false, "processing:datetime": "2026-04-25T21:54:11Z", "eofeos:mission_phase": "TOMOGRAPHIC", "updated": "2026-06-09T16:51:57Z", "sat:absolute_orbit": 5295, "product:acquisition_type": "nominal" } }, "geometry": { "type": "Polygon", "coordinates": [ [ [ -50.92224, -20.02891 ], [ -51.525894, -20.142694 ], [ -51.257656, -21.37937 ], [ -50.649685, -21.265903 ], [ -50.92224, -20.02891 ] ] ] } },
{ "type": "Feature", "properties": { "scene_id": "BIO_S1_SCS__1S_20260501T092541_20260501T092601_T_G01_M03_C03_T035_F293_02_DQR06B", "product_name": "BIO_S1_SCS__1S_20260501T092541_20260501T092601_T_G01_M03_C03_T035_F293_02_DQR06B", "collection": "BiomassLevel1a", "mode": "SCS", "track": "T035", "frame": "F293", "start_datetime": "2026-05-01T09:25:41.136Z", "end_datetime": "2026-05-01T09:26:01.538Z", "repeat_cycle": "3", "orbit_state": "ASCENDING", "raw_properties": { "processing:facility": "Biomass CPF", "product:type": "S1_SCS__1S", "eofeos:global_coverage_id": "1", "sat:anx_datetime": "2026-05-01T07:53:12.095Z", "platform": "Biomass", "eofeos:major_cycle_id": "3", "datetime": "2026-05-01T09:25:41.136Z", "instruments": [ "P-SAR" ], "constellation": "Biomass", "storage:schemes": { "biomass-pdgs-01": { "bucket": "biomass-pdgs-01", "description": "This endpoint provides access to EO data which is stored on the object storage of the ESA MAAP. See the [documentation](https://portal.maap.eo.esa.int/dataaccess/) for more information, including how to get credentials.", "type": "custom-s3", "title": "ESA MAAP S3", "region": "gra", "platform": "https://{bucket}.s3.{region}.io.cloud.ovh.net" } }, "eopf:datatake_id": "44102944", "processing:software": { "Biomass L1 Processor": "4.4.2" }, "eopf:instrument_configuration_id": 0, "grid:code": "WRS-35-293", "processing:level": "L1A", "proj:code": "EPSG:4326", "sci:doi": "10.57780/bio-bef83b4", "created": "2026-05-01T22:37:23Z", "published": "2026-05-01T09:26:01.538Z", "version": "02", "sar:observation_direction": "left", "sar:polarizations": [ "HH", "HV", "VH", "VV" ], "auth:schemes": { "s3": { "type": "s3" }, "oidc": { "openIdConnectUrl": "https://iam.ascend.icsgate.eu/realms/esa-maap/.well-known/openid-configuration", "type": "openIdConnect" } }, "sar:instrument_mode": "SM", "eofeos:orbit_drift_flag": false, "processing:datetime": "2026-05-01T22:37:23Z", "eofeos:mission_phase": "TOMOGRAPHIC", "updated": "2026-06-10T22:15:49Z", "sat:absolute_orbit": 5383, "product:acquisition_type": "nominal" } }, "geometry": { "type": "Polygon", "coordinates": [ [ [ -50.938538, -20.028944 ], [ -51.542194, -20.142714 ], [ -51.274216, -21.379435 ], [ -50.665806, -21.265905 ], [ -50.938538, -20.028944 ] ] ] } },
{ "type": "Feature", "properties": { "scene_id": "BIO_S1_SCS__1S_20260510T092546_20260510T092607_T_G01_M03_C06_T035_F293_02_DR80OK", "product_name": "BIO_S1_SCS__1S_20260510T092546_20260510T092607_T_G01_M03_C06_T035_F293_02_DR80OK", "collection": "BiomassLevel1a", "mode": "SCS", "track": "T035", "frame": "F293", "start_datetime": "2026-05-10T09:25:46.967Z", "end_datetime": "2026-05-10T09:26:07.370Z", "repeat_cycle": "6", "orbit_state": "ASCENDING", "raw_properties": { "processing:facility": "Biomass CPF", "product:type": "S1_SCS__1S", "eofeos:global_coverage_id": "1", "sat:anx_datetime": "2026-05-10T07:53:17.926Z", "platform": "Biomass", "eofeos:major_cycle_id": "3", "datetime": "2026-05-10T09:25:46.967Z", "instruments": [ "P-SAR" ], "constellation": "Biomass", "storage:schemes": { "biomass-pdgs-01": { "bucket": "biomass-pdgs-01", "description": "This endpoint provides access to EO data which is stored on the object storage of the ESA MAAP. See the [documentation](https://portal.maap.eo.esa.int/dataaccess/) for more information, including how to get credentials.", "type": "custom-s3", "title": "ESA MAAP S3", "region": "gra", "platform": "https://{bucket}.s3.{region}.io.cloud.ovh.net" } }, "eopf:datatake_id": "45184281", "processing:software": { "Biomass L1 Processor": "4.4.3" }, "eopf:instrument_configuration_id": 0, "grid:code": "WRS-35-293", "processing:level": "L1A", "proj:code": "EPSG:4326", "sci:doi": "10.57780/bio-bef83b4", "created": "2026-05-11T03:07:32Z", "published": "2026-05-10T09:26:07.370Z", "version": "02", "sar:observation_direction": "left", "sar:polarizations": [ "HH", "HV", "VH", "VV" ], "auth:schemes": { "s3": { "type": "s3" }, "oidc": { "openIdConnectUrl": "https://iam.ascend.icsgate.eu/realms/esa-maap/.well-known/openid-configuration", "type": "openIdConnect" } }, "sar:instrument_mode": "SM", "eofeos:orbit_drift_flag": false, "processing:datetime": "2026-05-11T03:07:32Z", "eofeos:mission_phase": "TOMOGRAPHIC", "updated": "2026-06-10T22:47:26Z", "sat:absolute_orbit": 5515, "product:acquisition_type": "nominal" } }, "geometry": { "type": "Polygon", "coordinates": [ [ [ -50.961636, -20.028797 ], [ -51.565212, -20.142572 ], [ -51.2972, -21.379274 ], [ -50.68888, -21.265741 ], [ -50.961636, -20.028797 ] ] ] } },
{ "type": "Feature", "properties": { "scene_id": "BIO_S1_SCS__1S_20260302T092127_20260302T092147_T_G01_M02_C07_T035_F294_01_DNNRH8", "product_name": "BIO_S1_SCS__1S_20260302T092127_20260302T092147_T_G01_M02_C07_T035_F294_01_DNNRH8", "collection": "BiomassLevel1a", "mode": "SCS", "track": "T035", "frame": "F294", "start_datetime": "2026-03-02T09:21:27.193Z", "end_datetime": "2026-03-02T09:21:47.594Z", "repeat_cycle": "7", "orbit_state": "ASCENDING", "raw_properties": { "processing:facility": "Biomass CPF", "product:type": "S1_SCS__1S", "eofeos:global_coverage_id": "1", "sat:anx_datetime": "2026-03-02T07:48:39.108Z", "platform": "Biomass", "eofeos:major_cycle_id": "2", "datetime": "2026-03-02T09:21:27.193Z", "instruments": [ "P-SAR" ], "constellation": "Biomass", "storage:schemes": { "biomass-pdgs-01": { "bucket": "biomass-pdgs-01", "description": "This endpoint provides access to EO data which is stored on the object storage of the ESA MAAP. See the [documentation](https://portal.maap.eo.esa.int/dataaccess/) for more information, including how to get credentials.", "type": "custom-s3", "title": "ESA MAAP S3", "region": "gra", "platform": "https://{bucket}.s3.{region}.io.cloud.ovh.net" } }, "eopf:datatake_id": "36894003", "processing:software": { "Biomass L1 Processor": "4.3.1" }, "eopf:instrument_configuration_id": 0, "grid:code": "WRS-35-294", "processing:level": "L1A", "proj:code": "EPSG:4326", "sci:doi": "10.57780/bio-bef83b4", "created": "2026-03-02T20:55:56Z", "published": "2026-03-02T09:21:47.594Z", "version": "01", "sar:observation_direction": "left", "sar:polarizations": [ "HH", "HV", "VH", "VV" ], "auth:schemes": { "s3": { "type": "s3" }, "oidc": { "openIdConnectUrl": "https://iam.ascend.icsgate.eu/realms/esa-maap/.well-known/openid-configuration", "type": "openIdConnect" } }, "sar:instrument_mode": "SM", "eofeos:orbit_drift_flag": false, "processing:datetime": "2026-03-02T20:55:56Z", "eofeos:mission_phase": "TOMOGRAPHIC", "updated": "2026-05-17T13:26:48Z", "sat:absolute_orbit": 4503, "product:acquisition_type": "nominal" } }, "geometry": { "type": "Polygon", "coordinates": [ [ [ -50.056675, -18.87605 ], [ -50.651047, -18.989082 ], [ -50.385986, -20.22641 ], [ -49.781914, -20.112644 ], [ -50.056675, -18.87605 ] ] ] } },
{ "type": "Feature", "properties": { "scene_id": "BIO_S1_SCS__1S_20260425T092556_20260425T092616_T_G01_M03_C01_T035_F294_02_DQFU0M", "product_name": "BIO_S1_SCS__1S_20260425T092556_20260425T092616_T_G01_M03_C01_T035_F294_02_DQFU0M", "collection": "BiomassLevel1a", "mode": "SCS", "track": "T035", "frame": "F294", "start_datetime": "2026-04-25T09:25:56.305Z", "end_datetime": "2026-04-25T09:26:16.707Z", "repeat_cycle": "1", "orbit_state": "ASCENDING", "raw_properties": { "processing:facility": "Biomass CPF", "product:type": "S1_SCS__1S", "eofeos:global_coverage_id": "1", "sat:anx_datetime": "2026-04-25T07:53:08.247Z", "platform": "Biomass", "eofeos:major_cycle_id": "3", "datetime": "2026-04-25T09:25:56.305Z", "instruments": [ "P-SAR" ], "constellation": "Biomass", "storage:schemes": { "biomass-pdgs-01": { "bucket": "biomass-pdgs-01", "description": "This endpoint provides access to EO data which is stored on the object storage of the ESA MAAP. See the [documentation](https://portal.maap.eo.esa.int/dataaccess/) for more information, including how to get credentials.", "type": "custom-s3", "title": "ESA MAAP S3", "region": "gra", "platform": "https://{bucket}.s3.{region}.io.cloud.ovh.net" } }, "eopf:datatake_id": "43382048", "processing:software": { "Biomass L1 Processor": "4.4.2" }, "eopf:instrument_configuration_id": 0, "grid:code": "WRS-35-294", "processing:level": "L1A", "proj:code": "EPSG:4326", "sci:doi": "10.57780/bio-bef83b4", "created": "2026-04-25T21:50:46Z", "published": "2026-04-25T09:26:16.707Z", "version": "02", "sar:observation_direction": "left", "sar:polarizations": [ "HH", "HV", "VH", "VV" ], "auth:schemes": { "s3": { "type": "s3" }, "oidc": { "openIdConnectUrl": "https://iam.ascend.icsgate.eu/realms/esa-maap/.well-known/openid-configuration", "type": "openIdConnect" } }, "sar:instrument_mode": "SM", "eofeos:orbit_drift_flag": false, "processing:datetime": "2026-04-25T21:50:46Z", "eofeos:mission_phase": "TOMOGRAPHIC", "updated": "2026-06-09T16:51:57Z", "sat:absolute_orbit": 5295, "product:acquisition_type": "nominal" } }, "geometry": { "type": "Polygon", "coordinates": [ [ [ -51.174446, -18.875668 ], [ -51.771828, -18.9893 ], [ -51.502193, -20.225758 ], [ -50.899986, -20.112297 ], [ -51.174446, -18.875668 ] ] ] } },
{ "type": "Feature", "properties": { "scene_id": "BIO_S1_SCS__1S_20260428T092558_20260428T092618_T_G01_M03_C02_T035_F294_02_DQLGW6", "product_name": "BIO_S1_SCS__1S_20260428T092558_20260428T092618_T_G01_M03_C02_T035_F294_02_DQLGW6", "collection": "BiomassLevel1a", "mode": "SCS", "track": "T035", "frame": "F294", "start_datetime": "2026-04-28T09:25:58.211Z", "end_datetime": "2026-04-28T09:26:18.612Z", "repeat_cycle": "2", "orbit_state": "ASCENDING", "raw_properties": { "processing:facility": "Biomass CPF", "product:type": "S1_SCS__1S", "eofeos:global_coverage_id": "1", "sat:anx_datetime": "2026-04-28T07:53:10.153Z", "platform": "Biomass", "eofeos:major_cycle_id": "3", "datetime": "2026-04-28T09:25:58.211Z", "instruments": [ "P-SAR" ], "constellation": "Biomass", "storage:schemes": { "biomass-pdgs-01": { "bucket": "biomass-pdgs-01", "description": "This endpoint provides access to EO data which is stored on the object storage of the ESA MAAP. See the [documentation](https://portal.maap.eo.esa.int/dataaccess/) for more information, including how to get credentials.", "type": "custom-s3", "title": "ESA MAAP S3", "region": "gra", "platform": "https://{bucket}.s3.{region}.io.cloud.ovh.net" } }, "eopf:datatake_id": "43742496", "processing:software": { "Biomass L1 Processor": "4.4.2" }, "eopf:instrument_configuration_id": 0, "grid:code": "WRS-35-294", "processing:level": "L1A", "proj:code": "EPSG:4326", "sci:doi": "10.57780/bio-bef83b4", "created": "2026-04-28T22:52:54Z", "published": "2026-04-28T09:26:18.612Z", "version": "02", "sar:observation_direction": "left", "sar:polarizations": [ "HH", "HV", "VH", "VV" ], "auth:schemes": { "s3": { "type": "s3" }, "oidc": { "openIdConnectUrl": "https://iam.ascend.icsgate.eu/realms/esa-maap/.well-known/openid-configuration", "type": "openIdConnect" } }, "sar:instrument_mode": "SM", "eofeos:orbit_drift_flag": false, "processing:datetime": "2026-04-28T22:52:54Z", "eofeos:mission_phase": "TOMOGRAPHIC", "updated": "2026-06-10T21:55:45Z", "sat:absolute_orbit": 5339, "product:acquisition_type": "nominal" } }, "geometry": { "type": "Polygon", "coordinates": [ [ [ -51.18206, -18.875488 ], [ -51.78094, -18.989391 ], [ -51.50944, -20.22549 ], [ -50.907585, -20.112106 ], [ -51.18206, -18.875488 ] ] ] } },
{ "type": "Feature", "properties": { "scene_id": "BIO_S1_SCS__1S_20251202T091656_20251202T091717_T_G01_M01_C04_T035_F295_01_DKR1WR", "product_name": "BIO_S1_SCS__1S_20251202T091656_20251202T091717_T_G01_M01_C04_T035_F295_01_DKR1WR", "collection": "BiomassLevel1a", "mode": "SCS", "track": "T035", "frame": "F295", "start_datetime": "2025-12-02T09:16:56.971Z", "end_datetime": "2025-12-02T09:17:17.763Z", "repeat_cycle": "4", "orbit_state": "ASCENDING", "raw_properties": { "processing:facility": "Biomass CPF", "product:type": "S1_SCS__1S", "eofeos:global_coverage_id": "1", "sat:anx_datetime": "2025-12-02T07:43:50.062Z", "platform": "Biomass", "eofeos:major_cycle_id": "1", "datetime": "2025-12-02T09:16:56.971Z", "instruments": [ "P-SAR" ], "constellation": "Biomass", "storage:schemes": { "biomass-pdgs-01": { "bucket": "biomass-pdgs-01", "description": "This endpoint provides access to EO data which is stored on the object storage of the ESA MAAP. See the [documentation](https://portal.maap.eo.esa.int/dataaccess/) for more information, including how to get credentials.", "type": "custom-s3", "title": "ESA MAAP S3", "region": "gra", "platform": "https://{bucket}.s3.{region}.io.cloud.ovh.net" } }, "eopf:datatake_id": "26080612", "processing:software": { "Biomass L1 Processor": "4.2.2" }, "eopf:instrument_configuration_id": 0, "grid:code": "WRS-35-295", "processing:level": "L1A", "proj:code": "EPSG:4326", "sci:doi": "10.57780/bio-bef83b4", "created": "2026-01-05T07:53:15Z", "published": "2025-12-02T09:17:17.763Z", "version": "01", "sar:observation_direction": "left", "sar:polarizations": [ "HH", "HV", "VH", "VV" ], "auth:schemes": { "s3": { "type": "s3" }, "oidc": { "openIdConnectUrl": "https://iam.ascend.icsgate.eu/realms/esa-maap/.well-known/openid-configuration", "type": "openIdConnect" } }, "sar:instrument_mode": "SM", "eofeos:orbit_drift_flag": false, "processing:datetime": "2026-01-05T07:53:15Z", "eofeos:mission_phase": "TOMOGRAPHIC", "updated": "2026-05-17T10:16:50Z", "sat:absolute_orbit": 3183, "product:acquisition_type": "nominal" } }, "geometry": { "type": "Polygon", "coordinates": [ [ [ -49.07908, -17.707935 ], [ -49.67183, -17.82167 ], [ -49.402035, -19.082914 ], [ -48.80306, -18.969082 ], [ -49.07908, -17.707935 ] ] ] } },
{ "type": "Feature", "properties": { "scene_id": "BIO_S1_SCS__1S_20251202T091657_20251202T091717_T_G01_M01_C04_T035_F295_01_DO2Y7X", "product_name": "BIO_S1_SCS__1S_20251202T091657_20251202T091717_T_G01_M01_C04_T035_F295_01_DO2Y7X", "collection": "BiomassLevel1a", "mode": "SCS", "track": "T035", "frame": "F295", "start_datetime": "2025-12-02T09:16:57.167Z", "end_datetime": "2025-12-02T09:17:17.567Z", "repeat_cycle": "4", "orbit_state": "ASCENDING", "raw_properties": { "processing:facility": "Biomass CPF", "product:type": "S1_SCS__1S", "eofeos:global_coverage_id": "1", "sat:anx_datetime": "2025-12-02T07:43:50.062Z", "platform": "Biomass", "eofeos:major_cycle_id": "1", "datetime": "2025-12-02T09:16:57.167Z", "instruments": [ "P-SAR" ], "constellation": "Biomass", "storage:schemes": { "biomass-pdgs-01": { "bucket": "biomass-pdgs-01", "description": "This endpoint provides access to EO data which is stored on the object storage of the ESA MAAP. See the [documentation](https://portal.maap.eo.esa.int/dataaccess/) for more information, including how to get credentials.", "type": "custom-s3", "title": "ESA MAAP S3", "region": "gra", "platform": "https://{bucket}.s3.{region}.io.cloud.ovh.net" } }, "eopf:datatake_id": "26080612", "processing:software": { "Biomass L1 Processor": "4.3.1" }, "eopf:instrument_configuration_id": 0, "grid:code": "WRS-35-295", "processing:level": "L1A", "proj:code": "EPSG:4326", "sci:doi": "10.57780/bio-bef83b4", "created": "2026-03-11T01:45:33Z", "published": "2025-12-02T09:17:17.567Z", "version": "01", "sar:observation_direction": "left", "sar:polarizations": [ "HH", "HV", "VH", "VV" ], "auth:schemes": { "s3": { "type": "s3" }, "oidc": { "openIdConnectUrl": "https://iam.ascend.icsgate.eu/realms/esa-maap/.well-known/openid-configuration", "type": "openIdConnect" } }, "sar:instrument_mode": "SM", "eofeos:orbit_drift_flag": false, "processing:datetime": "2026-03-11T01:45:33Z", "eofeos:mission_phase": "TOMOGRAPHIC", "updated": "2026-05-17T10:16:50Z", "sat:absolute_orbit": 3183, "product:acquisition_type": "nominal" } }, "geometry": { "type": "Polygon", "coordinates": [ [ [ -49.092594, -17.722912 ], [ -49.68352, -17.836237 ], [ -49.416794, -19.073257 ], [ -48.820976, -18.960062 ], [ -49.092594, -17.722912 ] ] ] } },
{ "type": "Feature", "properties": { "scene_id": "BIO_S1_SCS__1S_20260302T092146_20260302T092206_T_G01_M02_C07_T035_F295_01_DNNRH6", "product_name": "BIO_S1_SCS__1S_20260302T092146_20260302T092206_T_G01_M02_C07_T035_F295_01_DNNRH6", "collection": "BiomassLevel1a", "mode": "SCS", "track": "T035", "frame": "F295", "start_datetime": "2026-03-02T09:21:46.208Z", "end_datetime": "2026-03-02T09:22:06.609Z", "repeat_cycle": "7", "orbit_state": "ASCENDING", "raw_properties": { "processing:facility": "Biomass CPF", "product:type": "S1_SCS__1S", "eofeos:global_coverage_id": "1", "sat:anx_datetime": "2026-03-02T07:48:39.108Z", "platform": "Biomass", "eofeos:major_cycle_id": "2", "datetime": "2026-03-02T09:21:46.208Z", "instruments": [ "P-SAR" ], "constellation": "Biomass", "storage:schemes": { "biomass-pdgs-01": { "bucket": "biomass-pdgs-01", "description": "This endpoint provides access to EO data which is stored on the object storage of the ESA MAAP. See the [documentation](https://portal.maap.eo.esa.int/dataaccess/) for more information, including how to get credentials.", "type": "custom-s3", "title": "ESA MAAP S3", "region": "gra", "platform": "https://{bucket}.s3.{region}.io.cloud.ovh.net" } }, "eopf:datatake_id": "36894003", "processing:software": { "Biomass L1 Processor": "4.3.1" }, "eopf:instrument_configuration_id": 0, "grid:code": "WRS-35-295", "processing:level": "L1A", "proj:code": "EPSG:4326", "sci:doi": "10.57780/bio-bef83b4", "created": "2026-03-02T20:55:54Z", "published": "2026-03-02T09:22:06.609Z", "version": "01", "sar:observation_direction": "left", "sar:polarizations": [ "HH", "HV", "VH", "VV" ], "auth:schemes": { "s3": { "type": "s3" }, "oidc": { "openIdConnectUrl": "https://iam.ascend.icsgate.eu/realms/esa-maap/.well-known/openid-configuration", "type": "openIdConnect" } }, "sar:instrument_mode": "SM", "eofeos:orbit_drift_flag": false, "processing:datetime": "2026-03-02T20:55:54Z", "eofeos:mission_phase": "TOMOGRAPHIC", "updated": "2026-05-17T13:26:48Z", "sat:absolute_orbit": 4503, "product:acquisition_type": "nominal" } }, "geometry": { "type": "Polygon", "coordinates": [ [ [ -50.30356, -17.721699 ], [ -50.897224, -17.835596 ], [ -50.62832, -19.072258 ], [ -50.032997, -18.959103 ], [ -50.30356, -17.721699 ] ] ] } },
{ "type": "Feature", "properties": { "scene_id": "BIO_S1_SCS__1S_20260425T092615_20260425T092635_T_G01_M03_C01_T035_F295_02_DQFU0Q", "product_name": "BIO_S1_SCS__1S_20260425T092615_20260425T092635_T_G01_M03_C01_T035_F295_02_DQFU0Q", "collection": "BiomassLevel1a", "mode": "SCS", "track": "T035", "frame": "F295", "start_datetime": "2026-04-25T09:26:15.324Z", "end_datetime": "2026-04-25T09:26:35.725Z", "repeat_cycle": "1", "orbit_state": "ASCENDING", "raw_properties": { "processing:facility": "Biomass CPF", "product:type": "S1_SCS__1S", "eofeos:global_coverage_id": "1", "sat:anx_datetime": "2026-04-25T07:53:08.247Z", "platform": "Biomass", "eofeos:major_cycle_id": "3", "datetime": "2026-04-25T09:26:15.324Z", "instruments": [ "P-SAR" ], "constellation": "Biomass", "storage:schemes": { "biomass-pdgs-01": { "bucket": "biomass-pdgs-01", "description": "This endpoint provides access to EO data which is stored on the object storage of the ESA MAAP. See the [documentation](https://portal.maap.eo.esa.int/dataaccess/) for more information, including how to get credentials.", "type": "custom-s3", "title": "ESA MAAP S3", "region": "gra", "platform": "https://{bucket}.s3.{region}.io.cloud.ovh.net" } }, "eopf:datatake_id": "43382048", "processing:software": { "Biomass L1 Processor": "4.4.2" }, "eopf:instrument_configuration_id": 0, "grid:code": "WRS-35-295", "processing:level": "L1A", "proj:code": "EPSG:4326", "sci:doi": "10.57780/bio-bef83b4", "created": "2026-04-25T21:50:50Z", "published": "2026-04-25T09:26:35.725Z", "version": "02", "sar:observation_direction": "left", "sar:polarizations": [ "HH", "HV", "VH", "VV" ], "auth:schemes": { "s3": { "type": "s3" }, "oidc": { "openIdConnectUrl": "https://iam.ascend.icsgate.eu/realms/esa-maap/.well-known/openid-configuration", "type": "openIdConnect" } }, "sar:instrument_mode": "SM", "eofeos:orbit_drift_flag": false, "processing:datetime": "2026-04-25T21:50:50Z", "eofeos:mission_phase": "TOMOGRAPHIC", "updated": "2026-06-09T16:51:57Z", "sat:absolute_orbit": 5295, "product:acquisition_type": "nominal" } }, "geometry": { "type": "Polygon", "coordinates": [ [ [ -51.430054, -17.722723 ], [ -52.019245, -17.835783 ], [ -51.74875, -19.072182 ], [ -51.150833, -18.958504 ], [ -51.430054, -17.722723 ] ] ] } },
{ "type": "Feature", "properties": { "scene_id": "BIO_S1_SCS__1S_20251202T091715_20251202T091736_T_G01_M01_C04_T035_F296_01_DKR281", "product_name": "BIO_S1_SCS__1S_20251202T091715_20251202T091736_T_G01_M01_C04_T035_F296_01_DKR281", "collection": "BiomassLevel1a", "mode": "SCS", "track": "T035", "frame": "F296", "start_datetime": "2025-12-02T09:17:15.984Z", "end_datetime": "2025-12-02T09:17:36.776Z", "repeat_cycle": "4", "orbit_state": "ASCENDING", "raw_properties": { "processing:facility": "Biomass CPF", "product:type": "S1_SCS__1S", "eofeos:global_coverage_id": "1", "sat:anx_datetime": "2025-12-02T07:43:50.062Z", "platform": "Biomass", "eofeos:major_cycle_id": "1", "datetime": "2025-12-02T09:17:15.984Z", "instruments": [ "P-SAR" ], "constellation": "Biomass", "storage:schemes": { "biomass-pdgs-01": { "bucket": "biomass-pdgs-01", "description": "This endpoint provides access to EO data which is stored on the object storage of the ESA MAAP. See the [documentation](https://portal.maap.eo.esa.int/dataaccess/) for more information, including how to get credentials.", "type": "custom-s3", "title": "ESA MAAP S3", "region": "gra", "platform": "https://{bucket}.s3.{region}.io.cloud.ovh.net" } }, "eopf:datatake_id": "26080612", "processing:software": { "Biomass L1 Processor": "4.2.2" }, "eopf:instrument_configuration_id": 0, "grid:code": "WRS-35-296", "processing:level": "L1A", "proj:code": "EPSG:4326", "sci:doi": "10.57780/bio-bef83b4", "created": "2026-01-05T08:00:01Z", "published": "2025-12-02T09:17:36.776Z", "version": "01", "sar:observation_direction": "left", "sar:polarizations": [ "HH", "HV", "VH", "VV" ], "auth:schemes": { "s3": { "type": "s3" }, "oidc": { "openIdConnectUrl": "https://iam.ascend.icsgate.eu/realms/esa-maap/.well-known/openid-configuration", "type": "openIdConnect" } }, "sar:instrument_mode": "SM", "eofeos:orbit_drift_flag": false, "processing:datetime": "2026-01-05T08:00:01Z", "eofeos:mission_phase": "TOMOGRAPHIC", "updated": "2026-05-17T10:16:50Z", "sat:absolute_orbit": 3183, "product:acquisition_type": "nominal" } }, "geometry": { "type": "Polygon", "coordinates": [ [ [ -49.32749, -16.55381 ], [ -49.9134, -16.667204 ], [ -49.644787, -17.9288 ], [ -49.05307, -17.815346 ], [ -49.32749, -16.55381 ] ] ] } },
{ "type": "Feature", "properties": { "scene_id": "BIO_S1_SCS__1S_20251202T091716_20251202T091736_T_G01_M01_C04_T035_F296_01_DO2ILR", "product_name": "BIO_S1_SCS__1S_20251202T091716_20251202T091736_T_G01_M01_C04_T035_F296_01_DO2ILR", "collection": "BiomassLevel1a", "mode": "SCS", "track": "T035", "frame": "F296", "start_datetime": "2025-12-02T09:17:16.181Z", "end_datetime": "2025-12-02T09:17:36.580Z", "repeat_cycle": "4", "orbit_state": "ASCENDING", "raw_properties": { "processing:facility": "Biomass CPF", "product:type": "S1_SCS__1S", "eofeos:global_coverage_id": "1", "sat:anx_datetime": "2025-12-02T07:43:50.062Z", "platform": "Biomass", "eofeos:major_cycle_id": "1", "datetime": "2025-12-02T09:17:16.181Z", "instruments": [ "P-SAR" ], "constellation": "Biomass", "storage:schemes": { "biomass-pdgs-01": { "bucket": "biomass-pdgs-01", "description": "This endpoint provides access to EO data which is stored on the object storage of the ESA MAAP. See the [documentation](https://portal.maap.eo.esa.int/dataaccess/) for more information, including how to get credentials.", "type": "custom-s3", "title": "ESA MAAP S3", "region": "gra", "platform": "https://{bucket}.s3.{region}.io.cloud.ovh.net" } }, "eopf:datatake_id": "26080612", "processing:software": { "Biomass L1 Processor": "4.3.1" }, "eopf:instrument_configuration_id": 0, "grid:code": "WRS-35-296", "processing:level": "L1A", "proj:code": "EPSG:4326", "sci:doi": "10.57780/bio-bef83b4", "created": "2026-03-10T20:08:15Z", "published": "2025-12-02T09:17:36.580Z", "version": "01", "sar:observation_direction": "left", "sar:polarizations": [ "HH", "HV", "VH", "VV" ], "auth:schemes": { "s3": { "type": "s3" }, "oidc": { "openIdConnectUrl": "https://iam.ascend.icsgate.eu/realms/esa-maap/.well-known/openid-configuration", "type": "openIdConnect" } }, "sar:instrument_mode": "SM", "eofeos:orbit_drift_flag": false, "processing:datetime": "2026-03-10T20:08:15Z", "eofeos:mission_phase": "TOMOGRAPHIC", "updated": "2026-05-17T10:16:50Z", "sat:absolute_orbit": 3183, "product:acquisition_type": "nominal" } }, "geometry": { "type": "Polygon", "coordinates": [ [ [ -49.340275, -16.5687 ], [ -49.923462, -16.681517 ], [ -49.65961, -17.919207 ], [ -49.07059, -17.806303 ], [ -49.340275, -16.5687 ] ] ] } },
{ "type": "Feature", "properties": { "scene_id": "BIO_S1_SCS__1S_20251205T091717_20251205T091738_T_G01_M01_C05_T035_F296_01_DO5OB9", "product_name": "BIO_S1_SCS__1S_20251205T091717_20251205T091738_T_G01_M01_C05_T035_F296_01_DO5OB9", "collection": "BiomassLevel1a", "mode": "SCS", "track": "T035", "frame": "F296", "start_datetime": "2025-12-05T09:17:17.908Z", "end_datetime": "2025-12-05T09:17:38.307Z", "repeat_cycle": "5", "orbit_state": "ASCENDING", "raw_properties": { "processing:facility": "Biomass CPF", "product:type": "S1_SCS__1S", "eofeos:global_coverage_id": "1", "sat:anx_datetime": "2025-12-05T07:43:51.778Z", "platform": "Biomass", "eofeos:major_cycle_id": "1", "datetime": "2025-12-05T09:17:17.908Z", "instruments": [ "P-SAR" ], "constellation": "Biomass", "storage:schemes": { "biomass-pdgs-01": { "bucket": "biomass-pdgs-01", "description": "This endpoint provides access to EO data which is stored on the object storage of the ESA MAAP. See the [documentation](https://portal.maap.eo.esa.int/dataaccess/) for more information, including how to get credentials.", "type": "custom-s3", "title": "ESA MAAP S3", "region": "gra", "platform": "https://{bucket}.s3.{region}.io.cloud.ovh.net" } }, "eopf:datatake_id": "26441060", "processing:software": { "Biomass L1 Processor": "4.3.1" }, "eopf:instrument_configuration_id": 0, "grid:code": "WRS-35-296", "processing:level": "L1A", "proj:code": "EPSG:4326", "sci:doi": "10.57780/bio-bef83b4", "created": "2026-03-12T13:04:21Z", "published": "2025-12-05T09:17:38.307Z", "version": "01", "sar:observation_direction": "left", "sar:polarizations": [ "HH", "HV", "VH", "VV" ], "auth:schemes": { "s3": { "type": "s3" }, "oidc": { "openIdConnectUrl": "https://iam.ascend.icsgate.eu/realms/esa-maap/.well-known/openid-configuration", "type": "openIdConnect" } }, "sar:instrument_mode": "SM", "eofeos:orbit_drift_flag": false, "processing:datetime": "2026-03-12T13:04:21Z", "eofeos:mission_phase": "TOMOGRAPHIC", "updated": "2026-05-17T10:24:30Z", "sat:absolute_orbit": 3227, "product:acquisition_type": "nominal" } }, "geometry": { "type": "Polygon", "coordinates": [ [ [ -49.349457, -16.568941 ], [ -49.93173, -16.68157 ], [ -49.667557, -17.91916 ], [ -49.079643, -17.806477 ], [ -49.349457, -16.568941 ] ] ] } },
{ "type": "Feature", "properties": { "scene_id": "BIO_S1_SCS__1S_20260302T092205_20260302T092225_T_G01_M02_C07_T035_F296_01_DNNRKA", "product_name": "BIO_S1_SCS__1S_20260302T092205_20260302T092225_T_G01_M02_C07_T035_F296_01_DNNRKA", "collection": "BiomassLevel1a", "mode": "SCS", "track": "T035", "frame": "F296", "start_datetime": "2026-03-02T09:22:05.224Z", "end_datetime": "2026-03-02T09:22:25.624Z", "repeat_cycle": "7", "orbit_state": "ASCENDING", "raw_properties": { "processing:facility": "Biomass CPF", "product:type": "S1_SCS__1S", "eofeos:global_coverage_id": "1", "sat:anx_datetime": "2026-03-02T07:48:39.108Z", "platform": "Biomass", "eofeos:major_cycle_id": "2", "datetime": "2026-03-02T09:22:05.224Z", "instruments": [ "P-SAR" ], "constellation": "Biomass", "storage:schemes": { "biomass-pdgs-01": { "bucket": "biomass-pdgs-01", "description": "This endpoint provides access to EO data which is stored on the object storage of the ESA MAAP. See the [documentation](https://portal.maap.eo.esa.int/dataaccess/) for more information, including how to get credentials.", "type": "custom-s3", "title": "ESA MAAP S3", "region": "gra", "platform": "https://{bucket}.s3.{region}.io.cloud.ovh.net" } }, "eopf:datatake_id": "36894003", "processing:software": { "Biomass L1 Processor": "4.3.1" }, "eopf:instrument_configuration_id": 0, "grid:code": "WRS-35-296", "processing:level": "L1A", "proj:code": "EPSG:4326", "sci:doi": "10.57780/bio-bef83b4", "created": "2026-03-02T20:57:46Z", "published": "2026-03-02T09:22:25.624Z", "version": "01", "sar:observation_direction": "left", "sar:polarizations": [ "HH", "HV", "VH", "VV" ], "auth:schemes": { "s3": { "type": "s3" }, "oidc": { "openIdConnectUrl": "https://iam.ascend.icsgate.eu/realms/esa-maap/.well-known/openid-configuration", "type": "openIdConnect" } }, "sar:instrument_mode": "SM", "eofeos:orbit_drift_flag": false, "processing:datetime": "2026-03-02T20:57:46Z", "eofeos:mission_phase": "TOMOGRAPHIC", "updated": "2026-05-17T13:26:48Z", "sat:absolute_orbit": 4503, "product:acquisition_type": "nominal" } }, "geometry": { "type": "Polygon", "coordinates": [ [ [ -50.552017, -16.567486 ], [ -51.13922, -16.681118 ], [ -50.874943, -17.91871 ], [ -50.282497, -17.805107 ], [ -50.552017, -16.567486 ] ] ] } },
{ "type": "Feature", "properties": { "scene_id": "BIO_S1_SCS__1S_20260425T092634_20260425T092654_T_G01_M03_C01_T035_F296_02_DQFU82", "product_name": "BIO_S1_SCS__1S_20260425T092634_20260425T092654_T_G01_M03_C01_T035_F296_02_DQFU82", "collection": "BiomassLevel1a", "mode": "SCS", "track": "T035", "frame": "F296", "start_datetime": "2026-04-25T09:26:34.337Z", "end_datetime": "2026-04-25T09:26:54.736Z", "repeat_cycle": "1", "orbit_state": "ASCENDING", "raw_properties": { "processing:facility": "Biomass CPF", "product:type": "S1_SCS__1S", "eofeos:global_coverage_id": "1", "sat:anx_datetime": "2026-04-25T07:53:08.247Z", "platform": "Biomass", "eofeos:major_cycle_id": "3", "datetime": "2026-04-25T09:26:34.337Z", "instruments": [ "P-SAR" ], "constellation": "Biomass", "storage:schemes": { "biomass-pdgs-01": { "bucket": "biomass-pdgs-01", "description": "This endpoint provides access to EO data which is stored on the object storage of the ESA MAAP. See the [documentation](https://portal.maap.eo.esa.int/dataaccess/) for more information, including how to get credentials.", "type": "custom-s3", "title": "ESA MAAP S3", "region": "gra", "platform": "https://{bucket}.s3.{region}.io.cloud.ovh.net" } }, "eopf:datatake_id": "43382048", "processing:software": { "Biomass L1 Processor": "4.4.2" }, "eopf:instrument_configuration_id": 0, "grid:code": "WRS-35-296", "processing:level": "L1A", "proj:code": "EPSG:4326", "sci:doi": "10.57780/bio-bef83b4", "created": "2026-04-25T21:55:14Z", "published": "2026-04-25T09:26:54.736Z", "version": "02", "sar:observation_direction": "left", "sar:polarizations": [ "HH", "HV", "VH", "VV" ], "auth:schemes": { "s3": { "type": "s3" }, "oidc": { "openIdConnectUrl": "https://iam.ascend.icsgate.eu/realms/esa-maap/.well-known/openid-configuration", "type": "openIdConnect" } }, "sar:instrument_mode": "SM", "eofeos:orbit_drift_flag": false, "processing:datetime": "2026-04-25T21:55:14Z", "eofeos:mission_phase": "TOMOGRAPHIC", "updated": "2026-06-09T16:51:58Z", "sat:absolute_orbit": 5295, "product:acquisition_type": "nominal" } }, "geometry": { "type": "Polygon", "coordinates": [ [ [ -51.6722, -16.567648 ], [ -52.257267, -16.680902 ], [ -51.997684, -17.91936 ], [ -51.407864, -17.80624 ], [ -51.6722, -16.567648 ] ] ] } },
{ "type": "Feature", "properties": { "scene_id": "BIO_S1_SCS__1S_20251202T091735_20251202T091755_T_G01_M01_C04_T035_F297_01_DKR27O", "product_name": "BIO_S1_SCS__1S_20251202T091735_20251202T091755_T_G01_M01_C04_T035_F297_01_DKR27O", "collection": "BiomassLevel1a", "mode": "SCS", "track": "T035", "frame": "F297", "start_datetime": "2025-12-02T09:17:35.000Z", "end_datetime": "2025-12-02T09:17:55.790Z", "repeat_cycle": "4", "orbit_state": "ASCENDING", "raw_properties": { "processing:facility": "Biomass CPF", "product:type": "S1_SCS__1S", "eofeos:global_coverage_id": "1", "sat:anx_datetime": "2025-12-02T07:43:50.062Z", "platform": "Biomass", "eofeos:major_cycle_id": "1", "datetime": "2025-12-02T09:17:35.000Z", "instruments": [ "P-SAR" ], "constellation": "Biomass", "storage:schemes": { "biomass-pdgs-01": { "bucket": "biomass-pdgs-01", "description": "This endpoint provides access to EO data which is stored on the object storage of the ESA MAAP. See the [documentation](https://portal.maap.eo.esa.int/dataaccess/) for more information, including how to get credentials.", "type": "custom-s3", "title": "ESA MAAP S3", "region": "gra", "platform": "https://{bucket}.s3.{region}.io.cloud.ovh.net" } }, "eopf:datatake_id": "26080612", "processing:software": { "Biomass L1 Processor": "4.2.2" }, "eopf:instrument_configuration_id": 0, "grid:code": "WRS-35-297", "processing:level": "L1A", "proj:code": "EPSG:4326", "sci:doi": "10.57780/bio-bef83b4", "created": "2026-01-05T07:59:48Z", "published": "2025-12-02T09:17:55.790Z", "version": "01", "sar:observation_direction": "left", "sar:polarizations": [ "HH", "HV", "VH", "VV" ], "auth:schemes": { "s3": { "type": "s3" }, "oidc": { "openIdConnectUrl": "https://iam.ascend.icsgate.eu/realms/esa-maap/.well-known/openid-configuration", "type": "openIdConnect" } }, "sar:instrument_mode": "SM", "eofeos:orbit_drift_flag": false, "processing:datetime": "2026-01-05T07:59:48Z", "eofeos:mission_phase": "TOMOGRAPHIC", "updated": "2026-05-17T10:16:50Z", "sat:absolute_orbit": 3183, "product:acquisition_type": "nominal" } }, "geometry": { "type": "Polygon", "coordinates": [ [ [ -49.572666, -15.398985 ], [ -50.15398, -15.512435 ], [ -49.88642, -16.774248 ], [ -49.29968, -16.660769 ], [ -49.572666, -15.398985 ] ] ] } },
{ "type": "Feature", "properties": { "scene_id": "BIO_S1_SCS__1S_20260302T092224_20260302T092244_T_G01_M02_C07_T035_F297_01_DNNRCP", "product_name": "BIO_S1_SCS__1S_20260302T092224_20260302T092244_T_G01_M02_C07_T035_F297_01_DNNRCP", "collection": "BiomassLevel1a", "mode": "SCS", "track": "T035", "frame": "F297", "start_datetime": "2026-03-02T09:22:24.238Z", "end_datetime": "2026-03-02T09:22:44.637Z", "repeat_cycle": "7", "orbit_state": "ASCENDING", "raw_properties": { "processing:facility": "Biomass CPF", "product:type": "S1_SCS__1S", "eofeos:global_coverage_id": "1", "sat:anx_datetime": "2026-03-02T07:48:39.108Z", "platform": "Biomass", "eofeos:major_cycle_id": "2", "datetime": "2026-03-02T09:22:24.238Z", "instruments": [ "P-SAR" ], "constellation": "Biomass", "storage:schemes": { "biomass-pdgs-01": { "bucket": "biomass-pdgs-01", "description": "This endpoint provides access to EO data which is stored on the object storage of the ESA MAAP. See the [documentation](https://portal.maap.eo.esa.int/dataaccess/) for more information, including how to get credentials.", "type": "custom-s3", "title": "ESA MAAP S3", "region": "gra", "platform": "https://{bucket}.s3.{region}.io.cloud.ovh.net" } }, "eopf:datatake_id": "36894003", "processing:software": { "Biomass L1 Processor": "4.3.1" }, "eopf:instrument_configuration_id": 0, "grid:code": "WRS-35-297", "processing:level": "L1A", "proj:code": "EPSG:4326", "sci:doi": "10.57780/bio-bef83b4", "created": "2026-03-02T20:53:13Z", "published": "2026-03-02T09:22:44.637Z", "version": "01", "sar:observation_direction": "left", "sar:polarizations": [ "HH", "HV", "VH", "VV" ], "auth:schemes": { "s3": { "type": "s3" }, "oidc": { "openIdConnectUrl": "https://iam.ascend.icsgate.eu/realms/esa-maap/.well-known/openid-configuration", "type": "openIdConnect" } }, "sar:instrument_mode": "SM", "eofeos:orbit_drift_flag": false, "processing:datetime": "2026-03-02T20:53:13Z", "eofeos:mission_phase": "TOMOGRAPHIC", "updated": "2026-05-17T13:26:48Z", "sat:absolute_orbit": 4503, "product:acquisition_type": "nominal" } }, "geometry": { "type": "Polygon", "coordinates": [ [ [ -50.794216, -15.412122 ], [ -51.373096, -15.525106 ], [ -51.12127, -16.765158 ], [ -50.529114, -16.650637 ], [ -50.794216, -15.412122 ] ] ] } },
{ "type": "Feature", "properties": { "scene_id": "BIO_S1_SCS__1S_20260425T092653_20260425T092713_T_G01_M03_C01_T035_F297_02_DQFUG0", "product_name": "BIO_S1_SCS__1S_20260425T092653_20260425T092713_T_G01_M03_C01_T035_F297_02_DQFUG0", "collection": "BiomassLevel1a", "mode": "SCS", "track": "T035", "frame": "F297", "start_datetime": "2026-04-25T09:26:53.354Z", "end_datetime": "2026-04-25T09:27:13.753Z", "repeat_cycle": "1", "orbit_state": "ASCENDING", "raw_properties": { "processing:facility": "Biomass CPF", "product:type": "S1_SCS__1S", "eofeos:global_coverage_id": "1", "sat:anx_datetime": "2026-04-25T07:53:08.247Z", "platform": "Biomass", "eofeos:major_cycle_id": "3", "datetime": "2026-04-25T09:26:53.354Z", "instruments": [ "P-SAR" ], "constellation": "Biomass", "storage:schemes": { "biomass-pdgs-01": { "bucket": "biomass-pdgs-01", "description": "This endpoint provides access to EO data which is stored on the object storage of the ESA MAAP. See the [documentation](https://portal.maap.eo.esa.int/dataaccess/) for more information, including how to get credentials.", "type": "custom-s3", "title": "ESA MAAP S3", "region": "gra", "platform": "https://{bucket}.s3.{region}.io.cloud.ovh.net" } }, "eopf:datatake_id": "43382048", "processing:software": { "Biomass L1 Processor": "4.4.2" }, "eopf:instrument_configuration_id": 0, "grid:code": "WRS-35-297", "processing:level": "L1A", "proj:code": "EPSG:4326", "sci:doi": "10.57780/bio-bef83b4", "created": "2026-04-25T22:00:00Z", "published": "2026-04-25T09:27:13.753Z", "version": "02", "sar:observation_direction": "left", "sar:polarizations": [ "HH", "HV", "VH", "VV" ], "auth:schemes": { "s3": { "type": "s3" }, "oidc": { "openIdConnectUrl": "https://iam.ascend.icsgate.eu/realms/esa-maap/.well-known/openid-configuration", "type": "openIdConnect" } }, "sar:instrument_mode": "SM", "eofeos:orbit_drift_flag": false, "processing:datetime": "2026-04-25T22:00:00Z", "eofeos:mission_phase": "TOMOGRAPHIC", "updated": "2026-06-09T16:51:58Z", "sat:absolute_orbit": 5295, "product:acquisition_type": "nominal" } }, "geometry": { "type": "Polygon", "coordinates": [ [ [ -51.911896, -15.411569 ], [ -52.49539, -15.525478 ], [ -52.236588, -16.764174 ], [ -51.652412, -16.651154 ], [ -51.911896, -15.411569 ] ] ] } },
{ "type": "Feature", "properties": { "scene_id": "BIO_S1_SCS__1S_20251202T091754_20251202T091814_T_G01_M01_C04_T035_F298_01_DKR2DG", "product_name": "BIO_S1_SCS__1S_20251202T091754_20251202T091814_T_G01_M01_C04_T035_F298_01_DKR2DG", "collection": "BiomassLevel1a", "mode": "SCS", "track": "T035", "frame": "F298", "start_datetime": "2025-12-02T09:17:54.013Z", "end_datetime": "2025-12-02T09:18:14.804Z", "repeat_cycle": "4", "orbit_state": "ASCENDING", "raw_properties": { "processing:facility": "Biomass CPF", "product:type": "S1_SCS__1S", "eofeos:global_coverage_id": "1", "sat:anx_datetime": "2025-12-02T07:43:50.062Z", "platform": "Biomass", "eofeos:major_cycle_id": "1", "datetime": "2025-12-02T09:17:54.013Z", "instruments": [ "P-SAR" ], "constellation": "Biomass", "storage:schemes": { "biomass-pdgs-01": { "bucket": "biomass-pdgs-01", "description": "This endpoint provides access to EO data which is stored on the object storage of the ESA MAAP. See the [documentation](https://portal.maap.eo.esa.int/dataaccess/) for more information, including how to get credentials.", "type": "custom-s3", "title": "ESA MAAP S3", "region": "gra", "platform": "https://{bucket}.s3.{region}.io.cloud.ovh.net" } }, "eopf:datatake_id": "26080612", "processing:software": { "Biomass L1 Processor": "4.2.2" }, "eopf:instrument_configuration_id": 0, "grid:code": "WRS-35-298", "processing:level": "L1A", "proj:code": "EPSG:4326", "sci:doi": "10.57780/bio-bef83b4", "created": "2026-01-05T08:03:16Z", "published": "2025-12-02T09:18:14.804Z", "version": "01", "sar:observation_direction": "left", "sar:polarizations": [ "HH", "HV", "VH", "VV" ], "auth:schemes": { "s3": { "type": "s3" }, "oidc": { "openIdConnectUrl": "https://iam.ascend.icsgate.eu/realms/esa-maap/.well-known/openid-configuration", "type": "openIdConnect" } }, "sar:instrument_mode": "SM", "eofeos:orbit_drift_flag": false, "processing:datetime": "2026-01-05T08:03:16Z", "eofeos:mission_phase": "TOMOGRAPHIC", "updated": "2026-05-17T10:16:51Z", "sat:absolute_orbit": 3183, "product:acquisition_type": "nominal" } }, "geometry": { "type": "Polygon", "coordinates": [ [ [ -49.816837, -14.243837 ], [ -50.394268, -14.357443 ], [ -50.127583, -15.619574 ], [ -49.545094, -15.50597 ], [ -49.816837, -14.243837 ] ] ] } },
{ "type": "Feature", "properties": { "scene_id": "BIO_S1_SCS__1S_20251202T091754_20251202T091814_T_G01_M01_C04_T035_F298_01_DO2ILN", "product_name": "BIO_S1_SCS__1S_20251202T091754_20251202T091814_T_G01_M01_C04_T035_F298_01_DO2ILN", "collection": "BiomassLevel1a", "mode": "SCS", "track": "T035", "frame": "F298", "start_datetime": "2025-12-02T09:17:54.210Z", "end_datetime": "2025-12-02T09:18:14.607Z", "repeat_cycle": "4", "orbit_state": "ASCENDING", "raw_properties": { "processing:facility": "Biomass CPF", "product:type": "S1_SCS__1S", "eofeos:global_coverage_id": "1", "sat:anx_datetime": "2025-12-02T07:43:50.062Z", "platform": "Biomass", "eofeos:major_cycle_id": "1", "datetime": "2025-12-02T09:17:54.210Z", "instruments": [ "P-SAR" ], "constellation": "Biomass", "storage:schemes": { "biomass-pdgs-01": { "bucket": "biomass-pdgs-01", "description": "This endpoint provides access to EO data which is stored on the object storage of the ESA MAAP. See the [documentation](https://portal.maap.eo.esa.int/dataaccess/) for more information, including how to get credentials.", "type": "custom-s3", "title": "ESA MAAP S3", "region": "gra", "platform": "https://{bucket}.s3.{region}.io.cloud.ovh.net" } }, "eopf:datatake_id": "26080612", "processing:software": { "Biomass L1 Processor": "4.3.1" }, "eopf:instrument_configuration_id": 0, "grid:code": "WRS-35-298", "processing:level": "L1A", "proj:code": "EPSG:4326", "sci:doi": "10.57780/bio-bef83b4", "created": "2026-03-10T20:08:11Z", "published": "2025-12-02T09:18:14.607Z", "version": "01", "sar:observation_direction": "left", "sar:polarizations": [ "HH", "HV", "VH", "VV" ], "auth:schemes": { "s3": { "type": "s3" }, "oidc": { "openIdConnectUrl": "https://iam.ascend.icsgate.eu/realms/esa-maap/.well-known/openid-configuration", "type": "openIdConnect" } }, "sar:instrument_mode": "SM", "eofeos:orbit_drift_flag": false, "processing:datetime": "2026-03-10T20:08:11Z", "eofeos:mission_phase": "TOMOGRAPHIC", "updated": "2026-05-17T10:16:51Z", "sat:absolute_orbit": 3183, "product:acquisition_type": "nominal" } }, "geometry": { "type": "Polygon", "coordinates": [ [ [ -49.820263, -14.256909 ], [ -50.39687, -14.370328 ], [ -50.14228, -15.60997 ], [ -49.560326, -15.496499 ], [ -49.820263, -14.256909 ] ] ] } },
{ "type": "Feature", "properties": { "scene_id": "BIO_S1_SCS__1S_20251205T091755_20251205T091816_T_G01_M01_C05_T035_F298_01_DO5OCL", "product_name": "BIO_S1_SCS__1S_20251205T091755_20251205T091816_T_G01_M01_C05_T035_F298_01_DO5OCL", "collection": "BiomassLevel1a", "mode": "SCS", "track": "T035", "frame": "F298", "start_datetime": "2025-12-05T09:17:55.934Z", "end_datetime": "2025-12-05T09:18:16.331Z", "repeat_cycle": "5", "orbit_state": "ASCENDING", "raw_properties": { "processing:facility": "Biomass CPF", "product:type": "S1_SCS__1S", "eofeos:global_coverage_id": "1", "sat:anx_datetime": "2025-12-05T07:43:51.778Z", "platform": "Biomass", "eofeos:major_cycle_id": "1", "datetime": "2025-12-05T09:17:55.934Z", "instruments": [ "P-SAR" ], "constellation": "Biomass", "storage:schemes": { "biomass-pdgs-01": { "bucket": "biomass-pdgs-01", "description": "This endpoint provides access to EO data which is stored on the object storage of the ESA MAAP. See the [documentation](https://portal.maap.eo.esa.int/dataaccess/) for more information, including how to get credentials.", "type": "custom-s3", "title": "ESA MAAP S3", "region": "gra", "platform": "https://{bucket}.s3.{region}.io.cloud.ovh.net" } }, "eopf:datatake_id": "26441060", "processing:software": { "Biomass L1 Processor": "4.3.1" }, "eopf:instrument_configuration_id": 0, "grid:code": "WRS-35-298", "processing:level": "L1A", "proj:code": "EPSG:4326", "sci:doi": "10.57780/bio-bef83b4", "created": "2026-03-12T13:05:09Z", "published": "2025-12-05T09:18:16.331Z", "version": "01", "sar:observation_direction": "left", "sar:polarizations": [ "HH", "HV", "VH", "VV" ], "auth:schemes": { "s3": { "type": "s3" }, "oidc": { "openIdConnectUrl": "https://iam.ascend.icsgate.eu/realms/esa-maap/.well-known/openid-configuration", "type": "openIdConnect" } }, "sar:instrument_mode": "SM", "eofeos:orbit_drift_flag": false, "processing:datetime": "2026-03-12T13:05:09Z", "eofeos:mission_phase": "TOMOGRAPHIC", "updated": "2026-05-17T10:24:30Z", "sat:absolute_orbit": 3227, "product:acquisition_type": "nominal" } }, "geometry": { "type": "Polygon", "coordinates": [ [ [ -49.829384, -14.257367 ], [ -50.405506, -14.370681 ], [ -50.149437, -15.609996 ], [ -49.56864, -15.496757 ], [ -49.829384, -14.257367 ] ] ] } },
{ "type": "Feature", "properties": { "scene_id": "BIO_S1_SCS__1S_20260302T092243_20260302T092303_T_G01_M02_C07_T035_F298_01_DNNRH4", "product_name": "BIO_S1_SCS__1S_20260302T092243_20260302T092303_T_G01_M02_C07_T035_F298_01_DNNRH4", "collection": "BiomassLevel1a", "mode": "SCS", "track": "T035", "frame": "F298", "start_datetime": "2026-03-02T09:22:43.253Z", "end_datetime": "2026-03-02T09:23:03.650Z", "repeat_cycle": "7", "orbit_state": "ASCENDING", "raw_properties": { "processing:facility": "Biomass CPF", "product:type": "S1_SCS__1S", "eofeos:global_coverage_id": "1", "sat:anx_datetime": "2026-03-02T07:48:39.108Z", "platform": "Biomass", "eofeos:major_cycle_id": "2", "datetime": "2026-03-02T09:22:43.253Z", "instruments": [ "P-SAR" ], "constellation": "Biomass", "storage:schemes": { "biomass-pdgs-01": { "bucket": "biomass-pdgs-01", "description": "This endpoint provides access to EO data which is stored on the object storage of the ESA MAAP. See the [documentation](https://portal.maap.eo.esa.int/dataaccess/) for more information, including how to get credentials.", "type": "custom-s3", "title": "ESA MAAP S3", "region": "gra", "platform": "https://{bucket}.s3.{region}.io.cloud.ovh.net" } }, "eopf:datatake_id": "36894003", "processing:software": { "Biomass L1 Processor": "4.3.1" }, "eopf:instrument_configuration_id": 0, "grid:code": "WRS-35-298", "processing:level": "L1A", "proj:code": "EPSG:4326", "sci:doi": "10.57780/bio-bef83b4", "created": "2026-03-02T20:55:52Z", "published": "2026-03-02T09:23:03.650Z", "version": "01", "sar:observation_direction": "left", "sar:polarizations": [ "HH", "HV", "VH", "VV" ], "auth:schemes": { "s3": { "type": "s3" }, "oidc": { "openIdConnectUrl": "https://iam.ascend.icsgate.eu/realms/esa-maap/.well-known/openid-configuration", "type": "openIdConnect" } }, "sar:instrument_mode": "SM", "eofeos:orbit_drift_flag": false, "processing:datetime": "2026-03-02T20:55:52Z", "eofeos:mission_phase": "TOMOGRAPHIC", "updated": "2026-05-17T13:26:48Z", "sat:absolute_orbit": 4503, "product:acquisition_type": "nominal" } }, "geometry": { "type": "Polygon", "coordinates": [ [ [ -51.036633, -14.25671 ], [ -51.612736, -14.370068 ], [ -51.352203, -15.60855 ], [ -50.770267, -15.495026 ], [ -51.036633, -14.25671 ] ] ] } },
{ "type": "Feature", "properties": { "scene_id": "BIO_S1_SCS__1S_20260425T092712_20260425T092732_T_G01_M03_C01_T035_F298_02_DQFU1S", "product_name": "BIO_S1_SCS__1S_20260425T092712_20260425T092732_T_G01_M03_C01_T035_F298_02_DQFU1S", "collection": "BiomassLevel1a", "mode": "SCS", "track": "T035", "frame": "F298", "start_datetime": "2026-04-25T09:27:12.368Z", "end_datetime": "2026-04-25T09:27:32.766Z", "repeat_cycle": "1", "orbit_state": "ASCENDING", "raw_properties": { "processing:facility": "Biomass CPF", "product:type": "S1_SCS__1S", "eofeos:global_coverage_id": "1", "sat:anx_datetime": "2026-04-25T07:53:08.247Z", "platform": "Biomass", "eofeos:major_cycle_id": "3", "datetime": "2026-04-25T09:27:12.368Z", "instruments": [ "P-SAR" ], "constellation": "Biomass", "storage:schemes": { "biomass-pdgs-01": { "bucket": "biomass-pdgs-01", "description": "This endpoint provides access to EO data which is stored on the object storage of the ESA MAAP. See the [documentation](https://portal.maap.eo.esa.int/dataaccess/) for more information, including how to get credentials.", "type": "custom-s3", "title": "ESA MAAP S3", "region": "gra", "platform": "https://{bucket}.s3.{region}.io.cloud.ovh.net" } }, "eopf:datatake_id": "43382048", "processing:software": { "Biomass L1 Processor": "4.4.2" }, "eopf:instrument_configuration_id": 0, "grid:code": "WRS-35-298", "processing:level": "L1A", "proj:code": "EPSG:4326", "sci:doi": "10.57780/bio-bef83b4", "created": "2026-04-25T21:51:28Z", "published": "2026-04-25T09:27:32.766Z", "version": "02", "sar:observation_direction": "left", "sar:polarizations": [ "HH", "HV", "VH", "VV" ], "auth:schemes": { "s3": { "type": "s3" }, "oidc": { "openIdConnectUrl": "https://iam.ascend.icsgate.eu/realms/esa-maap/.well-known/openid-configuration", "type": "openIdConnect" } }, "sar:instrument_mode": "SM", "eofeos:orbit_drift_flag": false, "processing:datetime": "2026-04-25T21:51:28Z", "eofeos:mission_phase": "TOMOGRAPHIC", "updated": "2026-06-09T16:51:59Z", "sat:absolute_orbit": 5295, "product:acquisition_type": "nominal" } }, "geometry": { "type": "Polygon", "coordinates": [ [ [ -52.15609, -14.256523 ], [ -52.7364, -14.370729 ], [ -52.477222, -15.609442 ], [ -51.889145, -15.494704 ], [ -52.15609, -14.256523 ] ] ] } },
{ "type": "Feature", "properties": { "scene_id": "BIO_S1_SCS__1S_20260501T092716_20260501T092736_T_G01_M03_C03_T035_F298_02_DQR08U", "product_name": "BIO_S1_SCS__1S_20260501T092716_20260501T092736_T_G01_M03_C03_T035_F298_02_DQR08U", "collection": "BiomassLevel1a", "mode": "SCS", "track": "T035", "frame": "F298", "start_datetime": "2026-05-01T09:27:16.215Z", "end_datetime": "2026-05-01T09:27:36.612Z", "repeat_cycle": "3", "orbit_state": "ASCENDING", "raw_properties": { "processing:facility": "Biomass CPF", "product:type": "S1_SCS__1S", "eofeos:global_coverage_id": "1", "sat:anx_datetime": "2026-05-01T07:53:12.095Z", "platform": "Biomass", "eofeos:major_cycle_id": "3", "datetime": "2026-05-01T09:27:16.215Z", "instruments": [ "P-SAR" ], "constellation": "Biomass", "storage:schemes": { "biomass-pdgs-01": { "bucket": "biomass-pdgs-01", "description": "This endpoint provides access to EO data which is stored on the object storage of the ESA MAAP. See the [documentation](https://portal.maap.eo.esa.int/dataaccess/) for more information, including how to get credentials.", "type": "custom-s3", "title": "ESA MAAP S3", "region": "gra", "platform": "https://{bucket}.s3.{region}.io.cloud.ovh.net" } }, "eopf:datatake_id": "44102944", "processing:software": { "Biomass L1 Processor": "4.4.2" }, "eopf:instrument_configuration_id": 0, "grid:code": "WRS-35-298", "processing:level": "L1A", "proj:code": "EPSG:4326", "sci:doi": "10.57780/bio-bef83b4", "created": "2026-05-01T22:38:54Z", "published": "2026-05-01T09:27:36.612Z", "version": "02", "sar:observation_direction": "left", "sar:polarizations": [ "HH", "HV", "VH", "VV" ], "auth:schemes": { "s3": { "type": "s3" }, "oidc": { "openIdConnectUrl": "https://iam.ascend.icsgate.eu/realms/esa-maap/.well-known/openid-configuration", "type": "openIdConnect" } }, "sar:instrument_mode": "SM", "eofeos:orbit_drift_flag": false, "processing:datetime": "2026-05-01T22:38:54Z", "eofeos:mission_phase": "TOMOGRAPHIC", "updated": "2026-06-10T22:15:50Z", "sat:absolute_orbit": 5383, "product:acquisition_type": "nominal" } }, "geometry": { "type": "Polygon", "coordinates": [ [ [ -52.17245, -14.256594 ], [ -52.75239, -14.370711 ], [ -52.493896, -15.609559 ], [ -51.90553, -15.494784 ], [ -52.17245, -14.256594 ] ] ] } },
{ "type": "Feature", "properties": { "scene_id": "BIO_S1_SCS__1S_20260510T092722_20260510T092742_T_G01_M03_C06_T035_F298_02_DR80GG", "product_name": "BIO_S1_SCS__1S_20260510T092722_20260510T092742_T_G01_M03_C06_T035_F298_02_DR80GG", "collection": "BiomassLevel1a", "mode": "SCS", "track": "T035", "frame": "F298", "start_datetime": "2026-05-10T09:27:22.047Z", "end_datetime": "2026-05-10T09:27:42.445Z", "repeat_cycle": "6", "orbit_state": "ASCENDING", "raw_properties": { "processing:facility": "Biomass CPF", "product:type": "S1_SCS__1S", "eofeos:global_coverage_id": "1", "sat:anx_datetime": "2026-05-10T07:53:17.926Z", "platform": "Biomass", "eofeos:major_cycle_id": "3", "datetime": "2026-05-10T09:27:22.047Z", "instruments": [ "P-SAR" ], "constellation": "Biomass", "storage:schemes": { "biomass-pdgs-01": { "bucket": "biomass-pdgs-01", "description": "This endpoint provides access to EO data which is stored on the object storage of the ESA MAAP. See the [documentation](https://portal.maap.eo.esa.int/dataaccess/) for more information, including how to get credentials.", "type": "custom-s3", "title": "ESA MAAP S3", "region": "gra", "platform": "https://{bucket}.s3.{region}.io.cloud.ovh.net" } }, "eopf:datatake_id": "45184281", "processing:software": { "Biomass L1 Processor": "4.4.3" }, "eopf:instrument_configuration_id": 0, "grid:code": "WRS-35-298", "processing:level": "L1A", "proj:code": "EPSG:4326", "sci:doi": "10.57780/bio-bef83b4", "created": "2026-05-11T03:02:40Z", "published": "2026-05-10T09:27:42.445Z", "version": "02", "sar:observation_direction": "left", "sar:polarizations": [ "HH", "HV", "VH", "VV" ], "auth:schemes": { "s3": { "type": "s3" }, "oidc": { "openIdConnectUrl": "https://iam.ascend.icsgate.eu/realms/esa-maap/.well-known/openid-configuration", "type": "openIdConnect" } }, "sar:instrument_mode": "SM", "eofeos:orbit_drift_flag": false, "processing:datetime": "2026-05-11T03:02:40Z", "eofeos:mission_phase": "TOMOGRAPHIC", "updated": "2026-06-10T22:47:27Z", "sat:absolute_orbit": 5515, "product:acquisition_type": "nominal" } }, "geometry": { "type": "Polygon", "coordinates": [ [ [ -52.196, -14.256554 ], [ -52.776005, -14.370701 ], [ -52.516663, -15.60937 ], [ -51.929043, -15.494721 ], [ -52.196, -14.256554 ] ] ] } },
{ "type": "Feature", "properties": { "scene_id": "BIO_S1_SCS__1S_20260302T092302_20260302T092322_T_G01_M02_C07_T035_F299_01_DNNRGP", "product_name": "BIO_S1_SCS__1S_20260302T092302_20260302T092322_T_G01_M02_C07_T035_F299_01_DNNRGP", "collection": "BiomassLevel1a", "mode": "SCS", "track": "T035", "frame": "F299", "start_datetime": "2026-03-02T09:23:02.264Z", "end_datetime": "2026-03-02T09:23:22.661Z", "repeat_cycle": "7", "orbit_state": "ASCENDING", "raw_properties": { "processing:facility": "Biomass CPF", "product:type": "S1_SCS__1S", "eofeos:global_coverage_id": "1", "sat:anx_datetime": "2026-03-02T07:48:39.108Z", "platform": "Biomass", "eofeos:major_cycle_id": "2", "datetime": "2026-03-02T09:23:02.264Z", "instruments": [ "P-SAR" ], "constellation": "Biomass", "storage:schemes": { "biomass-pdgs-01": { "bucket": "biomass-pdgs-01", "description": "This endpoint provides access to EO data which is stored on the object storage of the ESA MAAP. See the [documentation](https://portal.maap.eo.esa.int/dataaccess/) for more information, including how to get credentials.", "type": "custom-s3", "title": "ESA MAAP S3", "region": "gra", "platform": "https://{bucket}.s3.{region}.io.cloud.ovh.net" } }, "eopf:datatake_id": "36894003", "processing:software": { "Biomass L1 Processor": "4.3.1" }, "eopf:instrument_configuration_id": 0, "grid:code": "WRS-35-299", "processing:level": "L1A", "proj:code": "EPSG:4326", "sci:doi": "10.57780/bio-bef83b4", "created": "2026-03-02T20:55:37Z", "published": "2026-03-02T09:23:22.661Z", "version": "01", "sar:observation_direction": "left", "sar:polarizations": [ "HH", "HV", "VH", "VV" ], "auth:schemes": { "s3": { "type": "s3" }, "oidc": { "openIdConnectUrl": "https://iam.ascend.icsgate.eu/realms/esa-maap/.well-known/openid-configuration", "type": "openIdConnect" } }, "sar:instrument_mode": "SM", "eofeos:orbit_drift_flag": false, "processing:datetime": "2026-03-02T20:55:37Z", "eofeos:mission_phase": "TOMOGRAPHIC", "updated": "2026-05-17T13:26:48Z", "sat:absolute_orbit": 4503, "product:acquisition_type": "nominal" } }, "geometry": { "type": "Polygon", "coordinates": [ [ [ -51.279045, -13.10132 ], [ -51.855278, -13.215586 ], [ -51.591446, -14.453517 ], [ -51.01383, -14.339916 ], [ -51.279045, -13.10132 ] ] ] } },
{ "type": "Feature", "properties": { "scene_id": "BIO_S1_SCS__1S_20260425T092731_20260425T092751_T_G01_M03_C01_T035_F299_02_DQFU2N", "product_name": "BIO_S1_SCS__1S_20260425T092731_20260425T092751_T_G01_M03_C01_T035_F299_02_DQFU2N", "collection": "BiomassLevel1a", "mode": "SCS", "track": "T035", "frame": "F299", "start_datetime": "2026-04-25T09:27:31.380Z", "end_datetime": "2026-04-25T09:27:51.777Z", "repeat_cycle": "1", "orbit_state": "ASCENDING", "raw_properties": { "processing:facility": "Biomass CPF", "product:type": "S1_SCS__1S", "eofeos:global_coverage_id": "1", "sat:anx_datetime": "2026-04-25T07:53:08.247Z", "platform": "Biomass", "eofeos:major_cycle_id": "3", "datetime": "2026-04-25T09:27:31.380Z", "instruments": [ "P-SAR" ], "constellation": "Biomass", "storage:schemes": { "biomass-pdgs-01": { "bucket": "biomass-pdgs-01", "description": "This endpoint provides access to EO data which is stored on the object storage of the ESA MAAP. See the [documentation](https://portal.maap.eo.esa.int/dataaccess/) for more information, including how to get credentials.", "type": "custom-s3", "title": "ESA MAAP S3", "region": "gra", "platform": "https://{bucket}.s3.{region}.io.cloud.ovh.net" } }, "eopf:datatake_id": "43382048", "processing:software": { "Biomass L1 Processor": "4.4.2" }, "eopf:instrument_configuration_id": 0, "grid:code": "WRS-35-299", "processing:level": "L1A", "proj:code": "EPSG:4326", "sci:doi": "10.57780/bio-bef83b4", "created": "2026-04-25T21:51:59Z", "published": "2026-04-25T09:27:51.777Z", "version": "02", "sar:observation_direction": "left", "sar:polarizations": [ "HH", "HV", "VH", "VV" ], "auth:schemes": { "s3": { "type": "s3" }, "oidc": { "openIdConnectUrl": "https://iam.ascend.icsgate.eu/realms/esa-maap/.well-known/openid-configuration", "type": "openIdConnect" } }, "sar:instrument_mode": "SM", "eofeos:orbit_drift_flag": false, "processing:datetime": "2026-04-25T21:51:59Z", "eofeos:mission_phase": "TOMOGRAPHIC", "updated": "2026-06-09T16:51:58Z", "sat:absolute_orbit": 5295, "product:acquisition_type": "nominal" } }, "geometry": { "type": "Polygon", "coordinates": [ [ [ -52.400917, -13.101656 ], [ -52.972862, -13.215106 ], [ -52.71354, -14.453895 ], [ -52.133343, -14.339763 ], [ -52.400917, -13.101656 ] ] ] } },
{ "type": "Feature", "properties": { "scene_id": "BIO_S1_SCS__1S_20260428T092733_20260428T092753_T_G01_M03_C02_T035_F299_02_DQLH9P", "product_name": "BIO_S1_SCS__1S_20260428T092733_20260428T092753_T_G01_M03_C02_T035_F299_02_DQLH9P", "collection": "BiomassLevel1a", "mode": "SCS", "track": "T035", "frame": "F299", "start_datetime": "2026-04-28T09:27:33.284Z", "end_datetime": "2026-04-28T09:27:53.682Z", "repeat_cycle": "2", "orbit_state": "ASCENDING", "raw_properties": { "processing:facility": "Biomass CPF", "product:type": "S1_SCS__1S", "eofeos:global_coverage_id": "1", "sat:anx_datetime": "2026-04-28T07:53:10.153Z", "platform": "Biomass", "eofeos:major_cycle_id": "3", "datetime": "2026-04-28T09:27:33.284Z", "instruments": [ "P-SAR" ], "constellation": "Biomass", "storage:schemes": { "biomass-pdgs-01": { "bucket": "biomass-pdgs-01", "description": "This endpoint provides access to EO data which is stored on the object storage of the ESA MAAP. See the [documentation](https://portal.maap.eo.esa.int/dataaccess/) for more information, including how to get credentials.", "type": "custom-s3", "title": "ESA MAAP S3", "region": "gra", "platform": "https://{bucket}.s3.{region}.io.cloud.ovh.net" } }, "eopf:datatake_id": "43742496", "processing:software": { "Biomass L1 Processor": "4.4.2" }, "eopf:instrument_configuration_id": 0, "grid:code": "WRS-35-299", "processing:level": "L1A", "proj:code": "EPSG:4326", "sci:doi": "10.57780/bio-bef83b4", "created": "2026-04-28T23:01:01Z", "published": "2026-04-28T09:27:53.682Z", "version": "02", "sar:observation_direction": "left", "sar:polarizations": [ "HH", "HV", "VH", "VV" ], "auth:schemes": { "s3": { "type": "s3" }, "oidc": { "openIdConnectUrl": "https://iam.ascend.icsgate.eu/realms/esa-maap/.well-known/openid-configuration", "type": "openIdConnect" } }, "sar:instrument_mode": "SM", "eofeos:orbit_drift_flag": false, "processing:datetime": "2026-04-28T23:01:01Z", "eofeos:mission_phase": "TOMOGRAPHIC", "updated": "2026-06-10T21:55:46Z", "sat:absolute_orbit": 5339, "product:acquisition_type": "nominal" } }, "geometry": { "type": "Polygon", "coordinates": [ [ [ -52.407722, -13.101434 ], [ -52.9802, -13.214982 ], [ -52.72088, -14.453826 ], [ -52.14053, -14.339673 ], [ -52.407722, -13.101434 ] ] ] } },
{ "type": "Feature", "properties": { "scene_id": "BIO_S1_SCS__1S_20260302T092321_20260302T092341_T_G01_M02_C07_T035_F300_01_DNNRAY", "product_name": "BIO_S1_SCS__1S_20260302T092321_20260302T092341_T_G01_M02_C07_T035_F300_01_DNNRAY", "collection": "BiomassLevel1a", "mode": "SCS", "track": "T035", "frame": "F300", "start_datetime": "2026-03-02T09:23:21.276Z", "end_datetime": "2026-03-02T09:23:41.672Z", "repeat_cycle": "7", "orbit_state": "ASCENDING", "raw_properties": { "processing:facility": "Biomass CPF", "product:type": "S1_SCS__1S", "eofeos:global_coverage_id": "1", "sat:anx_datetime": "2026-03-02T07:48:39.108Z", "platform": "Biomass", "eofeos:major_cycle_id": "2", "datetime": "2026-03-02T09:23:21.276Z", "instruments": [ "P-SAR" ], "constellation": "Biomass", "storage:schemes": { "biomass-pdgs-01": { "bucket": "biomass-pdgs-01", "description": "This endpoint provides access to EO data which is stored on the object storage of the ESA MAAP. See the [documentation](https://portal.maap.eo.esa.int/dataaccess/) for more information, including how to get credentials.", "type": "custom-s3", "title": "ESA MAAP S3", "region": "gra", "platform": "https://{bucket}.s3.{region}.io.cloud.ovh.net" } }, "eopf:datatake_id": "36894003", "processing:software": { "Biomass L1 Processor": "4.3.1" }, "eopf:instrument_configuration_id": 0, "grid:code": "WRS-35-300", "processing:level": "L1A", "proj:code": "EPSG:4326", "sci:doi": "10.57780/bio-bef83b4", "created": "2026-03-02T20:52:10Z", "published": "2026-03-02T09:23:41.672Z", "version": "01", "sar:observation_direction": "left", "sar:polarizations": [ "HH", "HV", "VH", "VV" ], "auth:schemes": { "s3": { "type": "s3" }, "oidc": { "openIdConnectUrl": "https://iam.ascend.icsgate.eu/realms/esa-maap/.well-known/openid-configuration", "type": "openIdConnect" } }, "sar:instrument_mode": "SM", "eofeos:orbit_drift_flag": false, "processing:datetime": "2026-03-02T20:52:10Z", "eofeos:mission_phase": "TOMOGRAPHIC", "updated": "2026-05-17T13:26:48Z", "sat:absolute_orbit": 4503, "product:acquisition_type": "nominal" } }, "geometry": { "type": "Polygon", "coordinates": [ [ [ -51.523453, -11.946189 ], [ -52.092274, -12.059844 ], [ -51.833397, -13.298845 ], [ -51.257397, -13.184677 ], [ -51.523453, -11.946189 ] ] ] } },
{ "type": "Feature", "properties": { "scene_id": "BIO_S1_SCS__1S_20260302T092340_20260302T092400_T_G01_M02_C07_T035_F301_01_DNNRGH", "product_name": "BIO_S1_SCS__1S_20260302T092340_20260302T092400_T_G01_M02_C07_T035_F301_01_DNNRGH", "collection": "BiomassLevel1a", "mode": "SCS", "track": "T035", "frame": "F301", "start_datetime": "2026-03-02T09:23:40.286Z", "end_datetime": "2026-03-02T09:24:00.680Z", "repeat_cycle": "7", "orbit_state": "ASCENDING", "raw_properties": { "processing:facility": "Biomass CPF", "product:type": "S1_SCS__1S", "eofeos:global_coverage_id": "1", "sat:anx_datetime": "2026-03-02T07:48:39.108Z", "platform": "Biomass", "eofeos:major_cycle_id": "2", "datetime": "2026-03-02T09:23:40.286Z", "instruments": [ "P-SAR" ], "constellation": "Biomass", "storage:schemes": { "biomass-pdgs-01": { "bucket": "biomass-pdgs-01", "description": "This endpoint provides access to EO data which is stored on the object storage of the ESA MAAP. See the [documentation](https://portal.maap.eo.esa.int/dataaccess/) for more information, including how to get credentials.", "type": "custom-s3", "title": "ESA MAAP S3", "region": "gra", "platform": "https://{bucket}.s3.{region}.io.cloud.ovh.net" } }, "eopf:datatake_id": "36894003", "processing:software": { "Biomass L1 Processor": "4.3.1" }, "eopf:instrument_configuration_id": 0, "grid:code": "WRS-35-301", "processing:level": "L1A", "proj:code": "EPSG:4326", "sci:doi": "10.57780/bio-bef83b4", "created": "2026-03-02T20:55:29Z", "published": "2026-03-02T09:24:00.680Z", "version": "01", "sar:observation_direction": "left", "sar:polarizations": [ "HH", "HV", "VH", "VV" ], "auth:schemes": { "s3": { "type": "s3" }, "oidc": { "openIdConnectUrl": "https://iam.ascend.icsgate.eu/realms/esa-maap/.well-known/openid-configuration", "type": "openIdConnect" } }, "sar:instrument_mode": "SM", "eofeos:orbit_drift_flag": false, "processing:datetime": "2026-03-02T20:55:29Z", "eofeos:mission_phase": "TOMOGRAPHIC", "updated": "2026-05-17T13:26:48Z", "sat:absolute_orbit": 4503, "product:acquisition_type": "nominal" } }, "geometry": { "type": "Polygon", "coordinates": [ [ [ -51.764202, -10.790342 ], [ -52.33373, -10.904963 ], [ -52.0744, -12.143977 ], [ -51.502335, -12.029732 ], [ -51.764202, -10.790342 ] ] ] } },
{ "type": "Feature", "properties": { "scene_id": "BIO_S1_SCS__1S_20251202T091910_20251202T091930_T_G01_M01_C04_T035_F302_01_DKR1RO", "product_name": "BIO_S1_SCS__1S_20251202T091910_20251202T091930_T_G01_M01_C04_T035_F302_01_DKR1RO", "collection": "BiomassLevel1a", "mode": "SCS", "track": "T035", "frame": "F302", "start_datetime": "2025-12-02T09:19:10.055Z", "end_datetime": "2025-12-02T09:19:30.842Z", "repeat_cycle": "4", "orbit_state": "ASCENDING", "raw_properties": { "processing:facility": "Biomass CPF", "product:type": "S1_SCS__1S", "eofeos:global_coverage_id": "1", "sat:anx_datetime": "2025-12-02T07:43:50.062Z", "platform": "Biomass", "eofeos:major_cycle_id": "1", "datetime": "2025-12-02T09:19:10.055Z", "instruments": [ "P-SAR" ], "constellation": "Biomass", "storage:schemes": { "biomass-pdgs-01": { "bucket": "biomass-pdgs-01", "description": "This endpoint provides access to EO data which is stored on the object storage of the ESA MAAP. See the [documentation](https://portal.maap.eo.esa.int/dataaccess/) for more information, including how to get credentials.", "type": "custom-s3", "title": "ESA MAAP S3", "region": "gra", "platform": "https://{bucket}.s3.{region}.io.cloud.ovh.net" } }, "eopf:datatake_id": "26080612", "processing:software": { "Biomass L1 Processor": "4.2.2" }, "eopf:instrument_configuration_id": 0, "grid:code": "WRS-35-302", "processing:level": "L1A", "proj:code": "EPSG:4326", "sci:doi": "10.57780/bio-bef83b4", "created": "2026-01-05T07:50:12Z", "published": "2025-12-02T09:19:30.842Z", "version": "01", "sar:observation_direction": "left", "sar:polarizations": [ "HH", "HV", "VH", "VV" ], "auth:schemes": { "s3": { "type": "s3" }, "oidc": { "openIdConnectUrl": "https://iam.ascend.icsgate.eu/realms/esa-maap/.well-known/openid-configuration", "type": "openIdConnect" } }, "sar:instrument_mode": "SM", "eofeos:orbit_drift_flag": false, "processing:datetime": "2026-01-05T07:50:12Z", "eofeos:mission_phase": "TOMOGRAPHIC", "updated": "2026-05-17T10:16:51Z", "sat:absolute_orbit": 3183, "product:acquisition_type": "nominal" } }, "geometry": { "type": "Polygon", "coordinates": [ [ [ -50.788067, -9.622054 ], [ -51.353004, -9.736534 ], [ -51.0884, -10.999487 ], [ -50.519802, -10.885134 ], [ -50.788067, -9.622054 ] ] ] } },
{ "type": "Feature", "properties": { "scene_id": "BIO_S1_SCS__1S_20260302T092359_20260302T092419_T_G01_M02_C07_T035_F302_01_DNNROF", "product_name": "BIO_S1_SCS__1S_20260302T092359_20260302T092419_T_G01_M02_C07_T035_F302_01_DNNROF", "collection": "BiomassLevel1a", "mode": "SCS", "track": "T035", "frame": "F302", "start_datetime": "2026-03-02T09:23:59.297Z", "end_datetime": "2026-03-02T09:24:19.690Z", "repeat_cycle": "7", "orbit_state": "ASCENDING", "raw_properties": { "processing:facility": "Biomass CPF", "product:type": "S1_SCS__1S", "eofeos:global_coverage_id": "1", "sat:anx_datetime": "2026-03-02T07:48:39.108Z", "platform": "Biomass", "eofeos:major_cycle_id": "2", "datetime": "2026-03-02T09:23:59.297Z", "instruments": [ "P-SAR" ], "constellation": "Biomass", "storage:schemes": { "biomass-pdgs-01": { "bucket": "biomass-pdgs-01", "description": "This endpoint provides access to EO data which is stored on the object storage of the ESA MAAP. See the [documentation](https://portal.maap.eo.esa.int/dataaccess/) for more information, including how to get credentials.", "type": "custom-s3", "title": "ESA MAAP S3", "region": "gra", "platform": "https://{bucket}.s3.{region}.io.cloud.ovh.net" } }, "eopf:datatake_id": "36894003", "processing:software": { "Biomass L1 Processor": "4.3.1" }, "eopf:instrument_configuration_id": 0, "grid:code": "WRS-35-302", "processing:level": "L1A", "proj:code": "EPSG:4326", "sci:doi": "10.57780/bio-bef83b4", "created": "2026-03-02T21:00:15Z", "published": "2026-03-02T09:24:19.690Z", "version": "01", "sar:observation_direction": "left", "sar:polarizations": [ "HH", "HV", "VH", "VV" ], "auth:schemes": { "s3": { "type": "s3" }, "oidc": { "openIdConnectUrl": "https://iam.ascend.icsgate.eu/realms/esa-maap/.well-known/openid-configuration", "type": "openIdConnect" } }, "sar:instrument_mode": "SM", "eofeos:orbit_drift_flag": false, "processing:datetime": "2026-03-02T21:00:15Z", "eofeos:mission_phase": "TOMOGRAPHIC", "updated": "2026-05-17T13:26:48Z", "sat:absolute_orbit": 4503, "product:acquisition_type": "nominal" } }, "geometry": { "type": "Polygon", "coordinates": [ [ [ -52.00815, -9.634923 ], [ -52.57259, -9.749316 ], [ -52.312878, -10.98837 ], [ -51.74328, -10.873787 ], [ -52.00815, -9.634923 ] ] ] } },
{ "type": "Feature", "properties": { "scene_id": "BIO_S1_SCS__1S_20251202T214129_20251202T214149_T_G01_M01_C04_T043_F166_01_DO2XM4", "product_name": "BIO_S1_SCS__1S_20251202T214129_20251202T214149_T_G01_M01_C04_T043_F166_01_DO2XM4", "collection": "BiomassLevel1a", "mode": "SCS", "track": "T043", "frame": "F166", "start_datetime": "2025-12-02T21:41:29.189Z", "end_datetime": "2025-12-02T21:41:49.584Z", "repeat_cycle": "4", "orbit_state": "DESCENDING", "raw_properties": { "processing:facility": "Biomass CPF", "product:type": "S1_SCS__1S", "eofeos:global_coverage_id": "1", "sat:anx_datetime": "2025-12-02T20:49:17.793Z", "platform": "Biomass", "eofeos:major_cycle_id": "1", "datetime": "2025-12-02T21:41:29.189Z", "instruments": [ "P-SAR" ], "constellation": "Biomass", "storage:schemes": { "biomass-pdgs-01": { "bucket": "biomass-pdgs-01", "description": "This endpoint provides access to EO data which is stored on the object storage of the ESA MAAP. See the [documentation](https://portal.maap.eo.esa.int/dataaccess/) for more information, including how to get credentials.", "type": "custom-s3", "title": "ESA MAAP S3", "region": "gra", "platform": "https://{bucket}.s3.{region}.io.cloud.ovh.net" } }, "eopf:datatake_id": "26143527", "processing:software": { "Biomass L1 Processor": "4.3.1" }, "eopf:instrument_configuration_id": 0, "grid:code": "WRS-43-166", "processing:level": "L1A", "proj:code": "EPSG:4326", "sci:doi": "10.57780/bio-bef83b4", "created": "2026-03-11T01:32:28Z", "published": "2025-12-02T21:41:49.584Z", "version": "01", "sar:observation_direction": "left", "sar:polarizations": [ "HH", "HV", "VH", "VV" ], "auth:schemes": { "s3": { "type": "s3" }, "oidc": { "openIdConnectUrl": "https://iam.ascend.icsgate.eu/realms/esa-maap/.well-known/openid-configuration", "type": "openIdConnect" } }, "sar:instrument_mode": "SM", "eofeos:orbit_drift_flag": false, "processing:datetime": "2026-03-11T01:32:28Z", "eofeos:mission_phase": "TOMOGRAPHIC", "updated": "2026-05-17T10:18:11Z", "sat:absolute_orbit": 3191, "product:acquisition_type": "nominal" } }, "geometry": { "type": "Polygon", "coordinates": [ [ [ -55.00447, -13.290389 ], [ -54.42898, -13.404524 ], [ -54.169724, -12.165462 ], [ -54.74125, -12.051215 ], [ -55.00447, -13.290389 ] ] ] } },
{ "type": "Feature", "properties": { "scene_id": "BIO_S1_SCS__1S_20260302T214618_20260302T214638_T_G01_M02_C07_T043_F166_01_DNOS4R", "product_name": "BIO_S1_SCS__1S_20260302T214618_20260302T214638_T_G01_M02_C07_T043_F166_01_DNOS4R", "collection": "BiomassLevel1a", "mode": "SCS", "track": "T043", "frame": "F166", "start_datetime": "2026-03-02T21:46:18.176Z", "end_datetime": "2026-03-02T21:46:38.570Z", "repeat_cycle": "7", "orbit_state": "DESCENDING", "raw_properties": { "processing:facility": "Biomass CPF", "product:type": "S1_SCS__1S", "eofeos:global_coverage_id": "1", "sat:anx_datetime": "2026-03-02T20:54:06.819Z", "platform": "Biomass", "eofeos:major_cycle_id": "2", "datetime": "2026-03-02T21:46:18.176Z", "instruments": [ "P-SAR" ], "constellation": "Biomass", "storage:schemes": { "biomass-pdgs-01": { "bucket": "biomass-pdgs-01", "description": "This endpoint provides access to EO data which is stored on the object storage of the ESA MAAP. See the [documentation](https://portal.maap.eo.esa.int/dataaccess/) for more information, including how to get credentials.", "type": "custom-s3", "title": "ESA MAAP S3", "region": "gra", "platform": "https://{bucket}.s3.{region}.io.cloud.ovh.net" } }, "eopf:datatake_id": "36956954", "processing:software": { "Biomass L1 Processor": "4.3.1" }, "eopf:instrument_configuration_id": 0, "grid:code": "WRS-43-166", "processing:level": "L1A", "proj:code": "EPSG:4326", "sci:doi": "10.57780/bio-bef83b4", "created": "2026-03-03T10:07:39Z", "published": "2026-03-02T21:46:38.570Z", "version": "01", "sar:observation_direction": "left", "sar:polarizations": [ "HH", "HV", "VH", "VV" ], "auth:schemes": { "s3": { "type": "s3" }, "oidc": { "openIdConnectUrl": "https://iam.ascend.icsgate.eu/realms/esa-maap/.well-known/openid-configuration", "type": "openIdConnect" } }, "sar:instrument_mode": "SM", "eofeos:orbit_drift_flag": false, "processing:datetime": "2026-03-03T10:07:39Z", "eofeos:mission_phase": "TOMOGRAPHIC", "updated": "2026-05-17T13:27:31Z", "sat:absolute_orbit": 4511, "product:acquisition_type": "nominal" } }, "geometry": { "type": "Polygon", "coordinates": [ [ [ -56.224026, -13.29024 ], [ -55.64771, -13.404571 ], [ -55.387997, -12.165646 ], [ -55.95909, -12.051455 ], [ -56.224026, -13.29024 ] ] ] } },
{ "type": "Feature", "properties": { "scene_id": "BIO_S1_SCS__1S_20260212T214626_20260212T214646_T_G01_M02_C01_T043_F167_01_DMRF4P", "product_name": "BIO_S1_SCS__1S_20260212T214626_20260212T214646_T_G01_M02_C01_T043_F167_01_DMRF4P", "collection": "BiomassLevel1a", "mode": "SCS", "track": "T043", "frame": "F167", "start_datetime": "2026-02-12T21:46:26.397Z", "end_datetime": "2026-02-12T21:46:46.792Z", "repeat_cycle": "1", "orbit_state": "DESCENDING", "raw_properties": { "processing:facility": "Biomass CPF", "product:type": "S1_SCS__1S", "eofeos:global_coverage_id": "1", "sat:anx_datetime": "2026-02-12T20:53:56.084Z", "platform": "Biomass", "eofeos:major_cycle_id": "2", "datetime": "2026-02-12T21:46:26.397Z", "instruments": [ "P-SAR" ], "constellation": "Biomass", "storage:schemes": { "biomass-pdgs-01": { "bucket": "biomass-pdgs-01", "description": "This endpoint provides access to EO data which is stored on the object storage of the ESA MAAP. See the [documentation](https://portal.maap.eo.esa.int/dataaccess/) for more information, including how to get credentials.", "type": "custom-s3", "title": "ESA MAAP S3", "region": "gra", "platform": "https://{bucket}.s3.{region}.io.cloud.ovh.net" } }, "eopf:datatake_id": "34794266", "processing:software": { "Biomass L1 Processor": "4.3.1" }, "eopf:instrument_configuration_id": 0, "grid:code": "WRS-43-167", "processing:level": "L1A", "proj:code": "EPSG:4326", "sci:doi": "10.57780/bio-bef83b4", "created": "2026-02-13T09:46:01Z", "published": "2026-02-12T21:46:46.792Z", "version": "01", "sar:observation_direction": "left", "sar:polarizations": [ "HH", "HV", "VH", "VV" ], "auth:schemes": { "s3": { "type": "s3" }, "oidc": { "openIdConnectUrl": "https://iam.ascend.icsgate.eu/realms/esa-maap/.well-known/openid-configuration", "type": "openIdConnect" } }, "sar:instrument_mode": "SM", "eofeos:orbit_drift_flag": false, "processing:datetime": "2026-02-13T09:46:01Z", "eofeos:mission_phase": "TOMOGRAPHIC", "updated": "2026-05-17T12:43:43Z", "sat:absolute_orbit": 4247, "product:acquisition_type": "nominal" } }, "geometry": { "type": "Polygon", "coordinates": [ [ [ -56.42137, -14.446153 ], [ -55.842583, -14.560081 ], [ -55.579086, -13.321962 ], [ -56.151253, -13.20842 ], [ -56.42137, -14.446153 ] ] ] } },
{ "type": "Feature", "properties": { "scene_id": "BIO_S1_SCS__1S_20260302T214637_20260302T214657_T_G01_M02_C07_T043_F167_01_DNOS7J", "product_name": "BIO_S1_SCS__1S_20260302T214637_20260302T214657_T_G01_M02_C07_T043_F167_01_DNOS7J", "collection": "BiomassLevel1a", "mode": "SCS", "track": "T043", "frame": "F167", "start_datetime": "2026-03-02T21:46:37.185Z", "end_datetime": "2026-03-02T21:46:57.580Z", "repeat_cycle": "7", "orbit_state": "DESCENDING", "raw_properties": { "processing:facility": "Biomass CPF", "product:type": "S1_SCS__1S", "eofeos:global_coverage_id": "1", "sat:anx_datetime": "2026-03-02T20:54:06.819Z", "platform": "Biomass", "eofeos:major_cycle_id": "2", "datetime": "2026-03-02T21:46:37.185Z", "instruments": [ "P-SAR" ], "constellation": "Biomass", "storage:schemes": { "biomass-pdgs-01": { "bucket": "biomass-pdgs-01", "description": "This endpoint provides access to EO data which is stored on the object storage of the ESA MAAP. See the [documentation](https://portal.maap.eo.esa.int/dataaccess/) for more information, including how to get credentials.", "type": "custom-s3", "title": "ESA MAAP S3", "region": "gra", "platform": "https://{bucket}.s3.{region}.io.cloud.ovh.net" } }, "eopf:datatake_id": "36956954", "processing:software": { "Biomass L1 Processor": "4.3.1" }, "eopf:instrument_configuration_id": 0, "grid:code": "WRS-43-167", "processing:level": "L1A", "proj:code": "EPSG:4326", "sci:doi": "10.57780/bio-bef83b4", "created": "2026-03-03T10:09:19Z", "published": "2026-03-02T21:46:57.580Z", "version": "01", "sar:observation_direction": "left", "sar:polarizations": [ "HH", "HV", "VH", "VV" ], "auth:schemes": { "s3": { "type": "s3" }, "oidc": { "openIdConnectUrl": "https://iam.ascend.icsgate.eu/realms/esa-maap/.well-known/openid-configuration", "type": "openIdConnect" } }, "sar:instrument_mode": "SM", "eofeos:orbit_drift_flag": false, "processing:datetime": "2026-03-03T10:09:19Z", "eofeos:mission_phase": "TOMOGRAPHIC", "updated": "2026-05-17T13:27:31Z", "sat:absolute_orbit": 4511, "product:acquisition_type": "nominal" } }, "geometry": { "type": "Polygon", "coordinates": [ [ [ -56.467033, -14.445585 ], [ -55.88713, -14.559742 ], [ -55.62342, -13.321699 ], [ -56.197567, -13.207755 ], [ -56.467033, -14.445585 ] ] ] } },
{ "type": "Feature", "properties": { "scene_id": "BIO_S1_SCS__1S_20260428T215108_20260428T215128_T_G01_M03_C02_T043_F167_02_DQMIZW", "product_name": "BIO_S1_SCS__1S_20260428T215108_20260428T215128_T_G01_M03_C02_T043_F167_02_DQMIZW", "collection": "BiomassLevel1a", "mode": "SCS", "track": "T043", "frame": "F167", "start_datetime": "2026-04-28T21:51:08.039Z", "end_datetime": "2026-04-28T21:51:28.434Z", "repeat_cycle": "2", "orbit_state": "DESCENDING", "raw_properties": { "processing:facility": "Biomass CPF", "product:type": "S1_SCS__1S", "eofeos:global_coverage_id": "1", "sat:anx_datetime": "2026-04-28T20:58:37.723Z", "platform": "Biomass", "eofeos:major_cycle_id": "3", "datetime": "2026-04-28T21:51:08.039Z", "instruments": [ "P-SAR" ], "constellation": "Biomass", "storage:schemes": { "biomass-pdgs-01": { "bucket": "biomass-pdgs-01", "description": "This endpoint provides access to EO data which is stored on the object storage of the ESA MAAP. See the [documentation](https://portal.maap.eo.esa.int/dataaccess/) for more information, including how to get credentials.", "type": "custom-s3", "title": "ESA MAAP S3", "region": "gra", "platform": "https://{bucket}.s3.{region}.io.cloud.ovh.net" } }, "eopf:datatake_id": "43805456", "processing:software": { "Biomass L1 Processor": "4.4.2" }, "eopf:instrument_configuration_id": 0, "grid:code": "WRS-43-167", "processing:level": "L1A", "proj:code": "EPSG:4326", "sci:doi": "10.57780/bio-bef83b4", "created": "2026-04-29T12:35:56Z", "published": "2026-04-28T21:51:28.434Z", "version": "02", "sar:observation_direction": "left", "sar:polarizations": [ "HH", "HV", "VH", "VV" ], "auth:schemes": { "s3": { "type": "s3" }, "oidc": { "openIdConnectUrl": "https://iam.ascend.icsgate.eu/realms/esa-maap/.well-known/openid-configuration", "type": "openIdConnect" } }, "sar:instrument_mode": "SM", "eofeos:orbit_drift_flag": false, "processing:datetime": "2026-04-29T12:35:56Z", "eofeos:mission_phase": "TOMOGRAPHIC", "updated": "2026-06-10T21:57:02Z", "sat:absolute_orbit": 5347, "product:acquisition_type": "nominal" } }, "geometry": { "type": "Polygon", "coordinates": [ [ [ -57.591564, -14.446475 ], [ -57.013885, -14.560205 ], [ -56.75095, -13.321976 ], [ -57.323902, -13.208256 ], [ -57.591564, -14.446475 ] ] ] } },
{ "type": "Feature", "properties": { "scene_id": "BIO_S1_SCS__1S_20260501T215109_20260501T215130_T_G01_M03_C03_T043_F167_02_DQS15A", "product_name": "BIO_S1_SCS__1S_20260501T215109_20260501T215130_T_G01_M03_C03_T043_F167_02_DQS15A", "collection": "BiomassLevel1a", "mode": "SCS", "track": "T043", "frame": "F167", "start_datetime": "2026-05-01T21:51:09.964Z", "end_datetime": "2026-05-01T21:51:30.360Z", "repeat_cycle": "3", "orbit_state": "DESCENDING", "raw_properties": { "processing:facility": "Biomass CPF", "product:type": "S1_SCS__1S", "eofeos:global_coverage_id": "1", "sat:anx_datetime": "2026-05-01T20:58:39.655Z", "platform": "Biomass", "eofeos:major_cycle_id": "3", "datetime": "2026-05-01T21:51:09.964Z", "instruments": [ "P-SAR" ], "constellation": "Biomass", "storage:schemes": { "biomass-pdgs-01": { "bucket": "biomass-pdgs-01", "description": "This endpoint provides access to EO data which is stored on the object storage of the ESA MAAP. See the [documentation](https://portal.maap.eo.esa.int/dataaccess/) for more information, including how to get credentials.", "type": "custom-s3", "title": "ESA MAAP S3", "region": "gra", "platform": "https://{bucket}.s3.{region}.io.cloud.ovh.net" } }, "eopf:datatake_id": "44165904", "processing:software": { "Biomass L1 Processor": "4.4.2" }, "eopf:instrument_configuration_id": 0, "grid:code": "WRS-43-167", "processing:level": "L1A", "proj:code": "EPSG:4326", "sci:doi": "10.57780/bio-bef83b4", "created": "2026-05-02T11:55:58Z", "published": "2026-05-01T21:51:30.360Z", "version": "02", "sar:observation_direction": "left", "sar:polarizations": [ "HH", "HV", "VH", "VV" ], "auth:schemes": { "s3": { "type": "s3" }, "oidc": { "openIdConnectUrl": "https://iam.ascend.icsgate.eu/realms/esa-maap/.well-known/openid-configuration", "type": "openIdConnect" } }, "sar:instrument_mode": "SM", "eofeos:orbit_drift_flag": false, "processing:datetime": "2026-05-02T11:55:58Z", "eofeos:mission_phase": "TOMOGRAPHIC", "updated": "2026-06-10T22:16:58Z", "sat:absolute_orbit": 5391, "product:acquisition_type": "nominal" } }, "geometry": { "type": "Polygon", "coordinates": [ [ [ -57.600403, -14.446199 ], [ -57.02067, -14.560326 ], [ -56.759003, -13.321861 ], [ -57.33199, -13.208139 ], [ -57.600403, -14.446199 ] ] ] } },
{ "type": "Feature", "properties": { "scene_id": "BIO_S1_SCS__1S_20260212T214645_20260212T214705_T_G01_M02_C01_T043_F168_01_DMRF2D", "product_name": "BIO_S1_SCS__1S_20260212T214645_20260212T214705_T_G01_M02_C01_T043_F168_01_DMRF2D", "collection": "BiomassLevel1a", "mode": "SCS", "track": "T043", "frame": "F168", "start_datetime": "2026-02-12T21:46:45.407Z", "end_datetime": "2026-02-12T21:47:05.803Z", "repeat_cycle": "1", "orbit_state": "DESCENDING", "raw_properties": { "processing:facility": "Biomass CPF", "product:type": "S1_SCS__1S", "eofeos:global_coverage_id": "1", "sat:anx_datetime": "2026-02-12T20:53:56.084Z", "platform": "Biomass", "eofeos:major_cycle_id": "2", "datetime": "2026-02-12T21:46:45.407Z", "instruments": [ "P-SAR" ], "constellation": "Biomass", "storage:schemes": { "biomass-pdgs-01": { "bucket": "biomass-pdgs-01", "description": "This endpoint provides access to EO data which is stored on the object storage of the ESA MAAP. See the [documentation](https://portal.maap.eo.esa.int/dataaccess/) for more information, including how to get credentials.", "type": "custom-s3", "title": "ESA MAAP S3", "region": "gra", "platform": "https://{bucket}.s3.{region}.io.cloud.ovh.net" } }, "eopf:datatake_id": "34794266", "processing:software": { "Biomass L1 Processor": "4.3.1" }, "eopf:instrument_configuration_id": 0, "grid:code": "WRS-43-168", "processing:level": "L1A", "proj:code": "EPSG:4326", "sci:doi": "10.57780/bio-bef83b4", "created": "2026-02-13T09:44:37Z", "published": "2026-02-12T21:47:05.803Z", "version": "01", "sar:observation_direction": "left", "sar:polarizations": [ "HH", "HV", "VH", "VV" ], "auth:schemes": { "s3": { "type": "s3" }, "oidc": { "openIdConnectUrl": "https://iam.ascend.icsgate.eu/realms/esa-maap/.well-known/openid-configuration", "type": "openIdConnect" } }, "sar:instrument_mode": "SM", "eofeos:orbit_drift_flag": false, "processing:datetime": "2026-02-13T09:44:37Z", "eofeos:mission_phase": "TOMOGRAPHIC", "updated": "2026-05-17T12:43:44Z", "sat:absolute_orbit": 4247, "product:acquisition_type": "nominal" } }, "geometry": { "type": "Polygon", "coordinates": [ [ [ -56.659393, -15.602457 ], [ -56.080826, -15.715429 ], [ -55.816254, -14.477606 ], [ -56.39057, -14.364519 ], [ -56.659393, -15.602457 ] ] ] } },
{ "type": "Feature", "properties": { "scene_id": "BIO_S1_SCS__1S_20260302T214656_20260302T214716_T_G01_M02_C07_T043_F168_01_DNOS99", "product_name": "BIO_S1_SCS__1S_20260302T214656_20260302T214716_T_G01_M02_C07_T043_F168_01_DNOS99", "collection": "BiomassLevel1a", "mode": "SCS", "track": "T043", "frame": "F168", "start_datetime": "2026-03-02T21:46:56.195Z", "end_datetime": "2026-03-02T21:47:16.593Z", "repeat_cycle": "7", "orbit_state": "DESCENDING", "raw_properties": { "processing:facility": "Biomass CPF", "product:type": "S1_SCS__1S", "eofeos:global_coverage_id": "1", "sat:anx_datetime": "2026-03-02T20:54:06.819Z", "platform": "Biomass", "eofeos:major_cycle_id": "2", "datetime": "2026-03-02T21:46:56.195Z", "instruments": [ "P-SAR" ], "constellation": "Biomass", "storage:schemes": { "biomass-pdgs-01": { "bucket": "biomass-pdgs-01", "description": "This endpoint provides access to EO data which is stored on the object storage of the ESA MAAP. See the [documentation](https://portal.maap.eo.esa.int/dataaccess/) for more information, including how to get credentials.", "type": "custom-s3", "title": "ESA MAAP S3", "region": "gra", "platform": "https://{bucket}.s3.{region}.io.cloud.ovh.net" } }, "eopf:datatake_id": "36956954", "processing:software": { "Biomass L1 Processor": "4.3.1" }, "eopf:instrument_configuration_id": 0, "grid:code": "WRS-43-168", "processing:level": "L1A", "proj:code": "EPSG:4326", "sci:doi": "10.57780/bio-bef83b4", "created": "2026-03-03T10:10:21Z", "published": "2026-03-02T21:47:16.593Z", "version": "01", "sar:observation_direction": "left", "sar:polarizations": [ "HH", "HV", "VH", "VV" ], "auth:schemes": { "s3": { "type": "s3" }, "oidc": { "openIdConnectUrl": "https://iam.ascend.icsgate.eu/realms/esa-maap/.well-known/openid-configuration", "type": "openIdConnect" } }, "sar:instrument_mode": "SM", "eofeos:orbit_drift_flag": false, "processing:datetime": "2026-03-03T10:10:21Z", "eofeos:mission_phase": "TOMOGRAPHIC", "updated": "2026-05-17T13:27:31Z", "sat:absolute_orbit": 4511, "product:acquisition_type": "nominal" } }, "geometry": { "type": "Polygon", "coordinates": [ [ [ -56.706177, -15.601742 ], [ -56.12609, -15.715022 ], [ -55.856236, -14.478197 ], [ -56.43502, -14.364233 ], [ -56.706177, -15.601742 ] ] ] } },
{ "type": "Feature", "properties": { "scene_id": "BIO_S1_SCS__1S_20260425T215125_20260425T215145_T_G01_M03_C01_T043_F168_02_DQGXU3", "product_name": "BIO_S1_SCS__1S_20260425T215125_20260425T215145_T_G01_M03_C01_T043_F168_02_DQGXU3", "collection": "BiomassLevel1a", "mode": "SCS", "track": "T043", "frame": "F168", "start_datetime": "2026-04-25T21:51:25.141Z", "end_datetime": "2026-04-25T21:51:45.538Z", "repeat_cycle": "1", "orbit_state": "DESCENDING", "raw_properties": { "processing:facility": "Biomass CPF", "product:type": "S1_SCS__1S", "eofeos:global_coverage_id": "1", "sat:anx_datetime": "2026-04-25T20:58:35.810Z", "platform": "Biomass", "eofeos:major_cycle_id": "3", "datetime": "2026-04-25T21:51:25.141Z", "instruments": [ "P-SAR" ], "constellation": "Biomass", "storage:schemes": { "biomass-pdgs-01": { "bucket": "biomass-pdgs-01", "description": "This endpoint provides access to EO data which is stored on the object storage of the ESA MAAP. See the [documentation](https://portal.maap.eo.esa.int/dataaccess/) for more information, including how to get credentials.", "type": "custom-s3", "title": "ESA MAAP S3", "region": "gra", "platform": "https://{bucket}.s3.{region}.io.cloud.ovh.net" } }, "eopf:datatake_id": "43445009", "processing:software": { "Biomass L1 Processor": "4.4.2" }, "eopf:instrument_configuration_id": 0, "grid:code": "WRS-43-168", "processing:level": "L1A", "proj:code": "EPSG:4326", "sci:doi": "10.57780/bio-bef83b4", "created": "2026-04-26T12:10:51Z", "published": "2026-04-25T21:51:45.538Z", "version": "02", "sar:observation_direction": "left", "sar:polarizations": [ "HH", "HV", "VH", "VV" ], "auth:schemes": { "s3": { "type": "s3" }, "oidc": { "openIdConnectUrl": "https://iam.ascend.icsgate.eu/realms/esa-maap/.well-known/openid-configuration", "type": "openIdConnect" } }, "sar:instrument_mode": "SM", "eofeos:orbit_drift_flag": false, "processing:datetime": "2026-04-26T12:10:51Z", "eofeos:mission_phase": "TOMOGRAPHIC", "updated": "2026-06-09T16:53:41Z", "sat:absolute_orbit": 5303, "product:acquisition_type": "nominal" } }, "geometry": { "type": "Polygon", "coordinates": [ [ [ -57.82876, -15.601541 ], [ -57.24335, -15.715876 ], [ -56.97879, -14.478061 ], [ -57.55782, -14.364019 ], [ -57.82876, -15.601541 ] ] ] } },
{ "type": "Feature", "properties": { "scene_id": "BIO_S1_SCS__1S_20260428T215127_20260428T215147_T_G01_M03_C02_T043_F168_02_DQMJL9", "product_name": "BIO_S1_SCS__1S_20260428T215127_20260428T215147_T_G01_M03_C02_T043_F168_02_DQMJL9", "collection": "BiomassLevel1a", "mode": "SCS", "track": "T043", "frame": "F168", "start_datetime": "2026-04-28T21:51:27.049Z", "end_datetime": "2026-04-28T21:51:47.446Z", "repeat_cycle": "2", "orbit_state": "DESCENDING", "raw_properties": { "processing:facility": "Biomass CPF", "product:type": "S1_SCS__1S", "eofeos:global_coverage_id": "1", "sat:anx_datetime": "2026-04-28T20:58:37.723Z", "platform": "Biomass", "eofeos:major_cycle_id": "3", "datetime": "2026-04-28T21:51:27.049Z", "instruments": [ "P-SAR" ], "constellation": "Biomass", "storage:schemes": { "biomass-pdgs-01": { "bucket": "biomass-pdgs-01", "description": "This endpoint provides access to EO data which is stored on the object storage of the ESA MAAP. See the [documentation](https://portal.maap.eo.esa.int/dataaccess/) for more information, including how to get credentials.", "type": "custom-s3", "title": "ESA MAAP S3", "region": "gra", "platform": "https://{bucket}.s3.{region}.io.cloud.ovh.net" } }, "eopf:datatake_id": "43805456", "processing:software": { "Biomass L1 Processor": "4.4.2" }, "eopf:instrument_configuration_id": 0, "grid:code": "WRS-43-168", "processing:level": "L1A", "proj:code": "EPSG:4326", "sci:doi": "10.57780/bio-bef83b4", "created": "2026-04-29T12:48:45Z", "published": "2026-04-28T21:51:47.446Z", "version": "02", "sar:observation_direction": "left", "sar:polarizations": [ "HH", "HV", "VH", "VV" ], "auth:schemes": { "s3": { "type": "s3" }, "oidc": { "openIdConnectUrl": "https://iam.ascend.icsgate.eu/realms/esa-maap/.well-known/openid-configuration", "type": "openIdConnect" } }, "sar:instrument_mode": "SM", "eofeos:orbit_drift_flag": false, "processing:datetime": "2026-04-29T12:48:45Z", "eofeos:mission_phase": "TOMOGRAPHIC", "updated": "2026-06-10T21:57:01Z", "sat:absolute_orbit": 5347, "product:acquisition_type": "nominal" } }, "geometry": { "type": "Polygon", "coordinates": [ [ [ -57.835285, -15.601726 ], [ -57.25088, -15.715855 ], [ -56.985706, -14.478151 ], [ -57.564163, -14.364232 ], [ -57.835285, -15.601726 ] ] ] } },
{ "type": "Feature", "properties": { "scene_id": "BIO_S1_SCS__1S_20260302T214715_20260302T214735_T_G01_M02_C07_T043_F169_01_DNOS4N", "product_name": "BIO_S1_SCS__1S_20260302T214715_20260302T214735_T_G01_M02_C07_T043_F169_01_DNOS4N", "collection": "BiomassLevel1a", "mode": "SCS", "track": "T043", "frame": "F169", "start_datetime": "2026-03-02T21:47:15.208Z", "end_datetime": "2026-03-02T21:47:35.605Z", "repeat_cycle": "7", "orbit_state": "DESCENDING", "raw_properties": { "processing:facility": "Biomass CPF", "product:type": "S1_SCS__1S", "eofeos:global_coverage_id": "1", "sat:anx_datetime": "2026-03-02T20:54:06.819Z", "platform": "Biomass", "eofeos:major_cycle_id": "2", "datetime": "2026-03-02T21:47:15.208Z", "instruments": [ "P-SAR" ], "constellation": "Biomass", "storage:schemes": { "biomass-pdgs-01": { "bucket": "biomass-pdgs-01", "description": "This endpoint provides access to EO data which is stored on the object storage of the ESA MAAP. See the [documentation](https://portal.maap.eo.esa.int/dataaccess/) for more information, including how to get credentials.", "type": "custom-s3", "title": "ESA MAAP S3", "region": "gra", "platform": "https://{bucket}.s3.{region}.io.cloud.ovh.net" } }, "eopf:datatake_id": "36956954", "processing:software": { "Biomass L1 Processor": "4.3.1" }, "eopf:instrument_configuration_id": 0, "grid:code": "WRS-43-169", "processing:level": "L1A", "proj:code": "EPSG:4326", "sci:doi": "10.57780/bio-bef83b4", "created": "2026-03-03T10:07:35Z", "published": "2026-03-02T21:47:35.605Z", "version": "01", "sar:observation_direction": "left", "sar:polarizations": [ "HH", "HV", "VH", "VV" ], "auth:schemes": { "s3": { "type": "s3" }, "oidc": { "openIdConnectUrl": "https://iam.ascend.icsgate.eu/realms/esa-maap/.well-known/openid-configuration", "type": "openIdConnect" } }, "sar:instrument_mode": "SM", "eofeos:orbit_drift_flag": false, "processing:datetime": "2026-03-03T10:07:35Z", "eofeos:mission_phase": "TOMOGRAPHIC", "updated": "2026-05-17T13:27:31Z", "sat:absolute_orbit": 4511, "product:acquisition_type": "nominal" } }, "geometry": { "type": "Polygon", "coordinates": [ [ [ -56.951923, -16.756521 ], [ -56.364243, -16.870335 ], [ -56.100388, -15.632486 ], [ -56.680042, -15.519247 ], [ -56.951923, -16.756521 ] ] ] } },
{ "type": "Feature", "properties": { "scene_id": "BIO_S1_SCS__1S_20260425T215144_20260425T215204_T_G01_M03_C01_T043_F169_02_DQGXUP", "product_name": "BIO_S1_SCS__1S_20260425T215144_20260425T215204_T_G01_M03_C01_T043_F169_02_DQGXUP", "collection": "BiomassLevel1a", "mode": "SCS", "track": "T043", "frame": "F169", "start_datetime": "2026-04-25T21:51:44.152Z", "end_datetime": "2026-04-25T21:52:04.550Z", "repeat_cycle": "1", "orbit_state": "DESCENDING", "raw_properties": { "processing:facility": "Biomass CPF", "product:type": "S1_SCS__1S", "eofeos:global_coverage_id": "1", "sat:anx_datetime": "2026-04-25T20:58:35.810Z", "platform": "Biomass", "eofeos:major_cycle_id": "3", "datetime": "2026-04-25T21:51:44.152Z", "instruments": [ "P-SAR" ], "constellation": "Biomass", "storage:schemes": { "biomass-pdgs-01": { "bucket": "biomass-pdgs-01", "description": "This endpoint provides access to EO data which is stored on the object storage of the ESA MAAP. See the [documentation](https://portal.maap.eo.esa.int/dataaccess/) for more information, including how to get credentials.", "type": "custom-s3", "title": "ESA MAAP S3", "region": "gra", "platform": "https://{bucket}.s3.{region}.io.cloud.ovh.net" } }, "eopf:datatake_id": "43445009", "processing:software": { "Biomass L1 Processor": "4.4.2" }, "eopf:instrument_configuration_id": 0, "grid:code": "WRS-43-169", "processing:level": "L1A", "proj:code": "EPSG:4326", "sci:doi": "10.57780/bio-bef83b4", "created": "2026-04-26T12:11:13Z", "published": "2026-04-25T21:52:04.550Z", "version": "02", "sar:observation_direction": "left", "sar:polarizations": [ "HH", "HV", "VH", "VV" ], "auth:schemes": { "s3": { "type": "s3" }, "oidc": { "openIdConnectUrl": "https://iam.ascend.icsgate.eu/realms/esa-maap/.well-known/openid-configuration", "type": "openIdConnect" } }, "sar:instrument_mode": "SM", "eofeos:orbit_drift_flag": false, "processing:datetime": "2026-04-26T12:11:13Z", "eofeos:mission_phase": "TOMOGRAPHIC", "updated": "2026-06-09T16:53:41Z", "sat:absolute_orbit": 5303, "product:acquisition_type": "nominal" } }, "geometry": { "type": "Polygon", "coordinates": [ [ [ -58.071472, -16.756899 ], [ -57.484425, -16.870611 ], [ -57.215214, -15.633767 ], [ -57.801044, -15.519314 ], [ -58.071472, -16.756899 ] ] ] } },
{ "type": "Feature", "properties": { "scene_id": "BIO_S1_SCS__1S_20260428T215146_20260428T215206_T_G01_M03_C02_T043_F169_02_DQMHT0", "product_name": "BIO_S1_SCS__1S_20260428T215146_20260428T215206_T_G01_M03_C02_T043_F169_02_DQMHT0", "collection": "BiomassLevel1a", "mode": "SCS", "track": "T043", "frame": "F169", "start_datetime": "2026-04-28T21:51:46.059Z", "end_datetime": "2026-04-28T21:52:06.456Z", "repeat_cycle": "2", "orbit_state": "DESCENDING", "raw_properties": { "processing:facility": "Biomass CPF", "product:type": "S1_SCS__1S", "eofeos:global_coverage_id": "1", "sat:anx_datetime": "2026-04-28T20:58:37.723Z", "platform": "Biomass", "eofeos:major_cycle_id": "3", "datetime": "2026-04-28T21:51:46.059Z", "instruments": [ "P-SAR" ], "constellation": "Biomass", "storage:schemes": { "biomass-pdgs-01": { "bucket": "biomass-pdgs-01", "description": "This endpoint provides access to EO data which is stored on the object storage of the ESA MAAP. See the [documentation](https://portal.maap.eo.esa.int/dataaccess/) for more information, including how to get credentials.", "type": "custom-s3", "title": "ESA MAAP S3", "region": "gra", "platform": "https://{bucket}.s3.{region}.io.cloud.ovh.net" } }, "eopf:datatake_id": "43805456", "processing:software": { "Biomass L1 Processor": "4.4.2" }, "eopf:instrument_configuration_id": 0, "grid:code": "WRS-43-169", "processing:level": "L1A", "proj:code": "EPSG:4326", "sci:doi": "10.57780/bio-bef83b4", "created": "2026-04-29T12:10:12Z", "published": "2026-04-28T21:52:06.456Z", "version": "02", "sar:observation_direction": "left", "sar:polarizations": [ "HH", "HV", "VH", "VV" ], "auth:schemes": { "s3": { "type": "s3" }, "oidc": { "openIdConnectUrl": "https://iam.ascend.icsgate.eu/realms/esa-maap/.well-known/openid-configuration", "type": "openIdConnect" } }, "sar:instrument_mode": "SM", "eofeos:orbit_drift_flag": false, "processing:datetime": "2026-04-29T12:10:12Z", "eofeos:mission_phase": "TOMOGRAPHIC", "updated": "2026-06-10T21:57:01Z", "sat:absolute_orbit": 5347, "product:acquisition_type": "nominal" } }, "geometry": { "type": "Polygon", "coordinates": [ [ [ -58.078205, -16.756924 ], [ -57.491226, -16.870611 ], [ -57.225746, -15.633041 ], [ -57.807796, -15.519327 ], [ -58.078205, -16.756924 ] ] ] } },
{ "type": "Feature", "properties": { "scene_id": "BIO_S1_SCS__1S_20260507T215151_20260507T215212_T_G01_M03_C05_T043_F169_02_DR3FUA", "product_name": "BIO_S1_SCS__1S_20260507T215151_20260507T215212_T_G01_M03_C05_T043_F169_02_DR3FUA", "collection": "BiomassLevel1a", "mode": "SCS", "track": "T043", "frame": "F169", "start_datetime": "2026-05-07T21:51:51.769Z", "end_datetime": "2026-05-07T21:52:12.166Z", "repeat_cycle": "5", "orbit_state": "DESCENDING", "raw_properties": { "processing:facility": "Biomass CPF", "product:type": "S1_SCS__1S", "eofeos:global_coverage_id": "1", "sat:anx_datetime": "2026-05-07T20:58:43.415Z", "platform": "Biomass", "eofeos:major_cycle_id": "3", "datetime": "2026-05-07T21:51:51.769Z", "instruments": [ "P-SAR" ], "constellation": "Biomass", "storage:schemes": { "biomass-pdgs-01": { "bucket": "biomass-pdgs-01", "description": "This endpoint provides access to EO data which is stored on the object storage of the ESA MAAP. See the [documentation](https://portal.maap.eo.esa.int/dataaccess/) for more information, including how to get credentials.", "type": "custom-s3", "title": "ESA MAAP S3", "region": "gra", "platform": "https://{bucket}.s3.{region}.io.cloud.ovh.net" } }, "eopf:datatake_id": "44886794", "processing:software": { "Biomass L1 Processor": "4.4.3" }, "eopf:instrument_configuration_id": 0, "grid:code": "WRS-43-169", "processing:level": "L1A", "proj:code": "EPSG:4326", "sci:doi": "10.57780/bio-bef83b4", "created": "2026-05-08T15:46:58Z", "published": "2026-05-07T21:52:12.166Z", "version": "02", "sar:observation_direction": "left", "sar:polarizations": [ "HH", "HV", "VH", "VV" ], "auth:schemes": { "s3": { "type": "s3" }, "oidc": { "openIdConnectUrl": "https://iam.ascend.icsgate.eu/realms/esa-maap/.well-known/openid-configuration", "type": "openIdConnect" } }, "sar:instrument_mode": "SM", "eofeos:orbit_drift_flag": false, "processing:datetime": "2026-05-08T15:46:58Z", "eofeos:mission_phase": "TOMOGRAPHIC", "updated": "2026-06-10T22:37:52Z", "sat:absolute_orbit": 5479, "product:acquisition_type": "nominal" } }, "geometry": { "type": "Polygon", "coordinates": [ [ [ -58.10284, -16.756998 ], [ -57.515835, -16.870699 ], [ -57.25098, -15.633005 ], [ -57.83328, -15.519233 ], [ -58.10284, -16.756998 ] ] ] } },
{ "type": "Feature", "properties": { "scene_id": "BIO_S1_SCS__1S_20251202T214323_20251202T214343_T_G01_M01_C04_T043_F172_01_DO2Y5H", "product_name": "BIO_S1_SCS__1S_20251202T214323_20251202T214343_T_G01_M01_C04_T043_F172_01_DO2Y5H", "collection": "BiomassLevel1a", "mode": "SCS", "track": "T043", "frame": "F172", "start_datetime": "2025-12-02T21:43:23.260Z", "end_datetime": "2025-12-02T21:43:43.661Z", "repeat_cycle": "4", "orbit_state": "DESCENDING", "raw_properties": { "processing:facility": "Biomass CPF", "product:type": "S1_SCS__1S", "eofeos:global_coverage_id": "1", "sat:anx_datetime": "2025-12-02T20:49:17.793Z", "platform": "Biomass", "eofeos:major_cycle_id": "1", "datetime": "2025-12-02T21:43:23.260Z", "instruments": [ "P-SAR" ], "constellation": "Biomass", "storage:schemes": { "biomass-pdgs-01": { "bucket": "biomass-pdgs-01", "description": "This endpoint provides access to EO data which is stored on the object storage of the ESA MAAP. See the [documentation](https://portal.maap.eo.esa.int/dataaccess/) for more information, including how to get credentials.", "type": "custom-s3", "title": "ESA MAAP S3", "region": "gra", "platform": "https://{bucket}.s3.{region}.io.cloud.ovh.net" } }, "eopf:datatake_id": "26143527", "processing:software": { "Biomass L1 Processor": "4.3.1" }, "eopf:instrument_configuration_id": 0, "grid:code": "WRS-43-172", "processing:level": "L1A", "proj:code": "EPSG:4326", "sci:doi": "10.57780/bio-bef83b4", "created": "2026-03-11T01:44:05Z", "published": "2025-12-02T21:43:43.661Z", "version": "01", "sar:observation_direction": "left", "sar:polarizations": [ "HH", "HV", "VH", "VV" ], "auth:schemes": { "s3": { "type": "s3" }, "oidc": { "openIdConnectUrl": "https://iam.ascend.icsgate.eu/realms/esa-maap/.well-known/openid-configuration", "type": "openIdConnect" } }, "sar:instrument_mode": "SM", "eofeos:orbit_drift_flag": false, "processing:datetime": "2026-03-11T01:44:05Z", "eofeos:mission_phase": "TOMOGRAPHIC", "updated": "2026-05-17T10:18:12Z", "sat:absolute_orbit": 3191, "product:acquisition_type": "nominal" } }, "geometry": { "type": "Polygon", "coordinates": [ [ [ -56.463566, -20.221825 ], [ -55.866867, -20.334305 ], [ -55.599792, -19.097204 ], [ -56.190147, -18.984854 ], [ -56.463566, -20.221825 ] ] ] } },
{ "type": "Feature", "properties": { "scene_id": "BIO_S1_SCS__1S_20260302T214812_20260302T214832_T_G01_M02_C07_T043_F172_01_DNOSNB", "product_name": "BIO_S1_SCS__1S_20260302T214812_20260302T214832_T_G01_M02_C07_T043_F172_01_DNOSNB", "collection": "BiomassLevel1a", "mode": "SCS", "track": "T043", "frame": "F172", "start_datetime": "2026-03-02T21:48:12.247Z", "end_datetime": "2026-03-02T21:48:32.649Z", "repeat_cycle": "7", "orbit_state": "DESCENDING", "raw_properties": { "processing:facility": "Biomass CPF", "product:type": "S1_SCS__1S", "eofeos:global_coverage_id": "1", "sat:anx_datetime": "2026-03-02T20:54:06.819Z", "platform": "Biomass", "eofeos:major_cycle_id": "2", "datetime": "2026-03-02T21:48:12.247Z", "instruments": [ "P-SAR" ], "constellation": "Biomass", "storage:schemes": { "biomass-pdgs-01": { "bucket": "biomass-pdgs-01", "description": "This endpoint provides access to EO data which is stored on the object storage of the ESA MAAP. See the [documentation](https://portal.maap.eo.esa.int/dataaccess/) for more information, including how to get credentials.", "type": "custom-s3", "title": "ESA MAAP S3", "region": "gra", "platform": "https://{bucket}.s3.{region}.io.cloud.ovh.net" } }, "eopf:datatake_id": "36956954", "processing:software": { "Biomass L1 Processor": "4.3.1" }, "eopf:instrument_configuration_id": 0, "grid:code": "WRS-43-172", "processing:level": "L1A", "proj:code": "EPSG:4326", "sci:doi": "10.57780/bio-bef83b4", "created": "2026-03-03T10:18:47Z", "published": "2026-03-02T21:48:32.649Z", "version": "01", "sar:observation_direction": "left", "sar:polarizations": [ "HH", "HV", "VH", "VV" ], "auth:schemes": { "s3": { "type": "s3" }, "oidc": { "openIdConnectUrl": "https://iam.ascend.icsgate.eu/realms/esa-maap/.well-known/openid-configuration", "type": "openIdConnect" } }, "sar:instrument_mode": "SM", "eofeos:orbit_drift_flag": false, "processing:datetime": "2026-03-03T10:18:47Z", "eofeos:mission_phase": "TOMOGRAPHIC", "updated": "2026-05-17T13:27:31Z", "sat:absolute_orbit": 4511, "product:acquisition_type": "nominal" } }, "geometry": { "type": "Polygon", "coordinates": [ [ [ -57.68337, -20.221813 ], [ -57.0854, -20.334562 ], [ -56.819668, -19.097204 ], [ -57.40982, -18.984858 ], [ -57.68337, -20.221813 ] ] ] } },
{ "type": "Feature", "properties": { "scene_id": "BIO_S1_SCS__1S_20251202T214342_20251202T214402_T_G01_M01_C04_T043_F173_01_DO2XM7", "product_name": "BIO_S1_SCS__1S_20251202T214342_20251202T214402_T_G01_M01_C04_T043_F173_01_DO2XM7", "collection": "BiomassLevel1a", "mode": "SCS", "track": "T043", "frame": "F173", "start_datetime": "2025-12-02T21:43:42.275Z", "end_datetime": "2025-12-02T21:44:02.676Z", "repeat_cycle": "4", "orbit_state": "DESCENDING", "raw_properties": { "processing:facility": "Biomass CPF", "product:type": "S1_SCS__1S", "eofeos:global_coverage_id": "1", "sat:anx_datetime": "2025-12-02T20:49:17.793Z", "platform": "Biomass", "eofeos:major_cycle_id": "1", "datetime": "2025-12-02T21:43:42.275Z", "instruments": [ "P-SAR" ], "constellation": "Biomass", "storage:schemes": { "biomass-pdgs-01": { "bucket": "biomass-pdgs-01", "description": "This endpoint provides access to EO data which is stored on the object storage of the ESA MAAP. See the [documentation](https://portal.maap.eo.esa.int/dataaccess/) for more information, including how to get credentials.", "type": "custom-s3", "title": "ESA MAAP S3", "region": "gra", "platform": "https://{bucket}.s3.{region}.io.cloud.ovh.net" } }, "eopf:datatake_id": "26143527", "processing:software": { "Biomass L1 Processor": "4.3.1" }, "eopf:instrument_configuration_id": 0, "grid:code": "WRS-43-173", "processing:level": "L1A", "proj:code": "EPSG:4326", "sci:doi": "10.57780/bio-bef83b4", "created": "2026-03-11T01:32:31Z", "published": "2025-12-02T21:44:02.676Z", "version": "01", "sar:observation_direction": "left", "sar:polarizations": [ "HH", "HV", "VH", "VV" ], "auth:schemes": { "s3": { "type": "s3" }, "oidc": { "openIdConnectUrl": "https://iam.ascend.icsgate.eu/realms/esa-maap/.well-known/openid-configuration", "type": "openIdConnect" } }, "sar:instrument_mode": "SM", "eofeos:orbit_drift_flag": false, "processing:datetime": "2026-03-11T01:32:31Z", "eofeos:mission_phase": "TOMOGRAPHIC", "updated": "2026-05-17T10:18:12Z", "sat:absolute_orbit": 3191, "product:acquisition_type": "nominal" } }, "geometry": { "type": "Polygon", "coordinates": [ [ [ -56.700768, -21.377974 ], [ -56.105488, -21.48911 ], [ -55.839123, -20.251995 ], [ -56.43389, -20.139845 ], [ -56.700768, -21.377974 ] ] ] } },
{ "type": "Feature", "properties": { "scene_id": "BIO_S1_SCS__1S_20260215T214822_20260215T214842_T_G01_M02_C02_T043_F173_01_DMWYHX", "product_name": "BIO_S1_SCS__1S_20260215T214822_20260215T214842_T_G01_M02_C02_T043_F173_01_DMWYHX", "collection": "BiomassLevel1a", "mode": "SCS", "track": "T043", "frame": "F173", "start_datetime": "2026-02-15T21:48:22.254Z", "end_datetime": "2026-02-15T21:48:42.655Z", "repeat_cycle": "2", "orbit_state": "DESCENDING", "raw_properties": { "processing:facility": "Biomass CPF", "product:type": "S1_SCS__1S", "eofeos:global_coverage_id": "1", "sat:anx_datetime": "2026-02-15T20:53:57.873Z", "platform": "Biomass", "eofeos:major_cycle_id": "2", "datetime": "2026-02-15T21:48:22.254Z", "instruments": [ "P-SAR" ], "constellation": "Biomass", "storage:schemes": { "biomass-pdgs-01": { "bucket": "biomass-pdgs-01", "description": "This endpoint provides access to EO data which is stored on the object storage of the ESA MAAP. See the [documentation](https://portal.maap.eo.esa.int/dataaccess/) for more information, including how to get credentials.", "type": "custom-s3", "title": "ESA MAAP S3", "region": "gra", "platform": "https://{bucket}.s3.{region}.io.cloud.ovh.net" } }, "eopf:datatake_id": "35154714", "processing:software": { "Biomass L1 Processor": "4.3.1" }, "eopf:instrument_configuration_id": 0, "grid:code": "WRS-43-173", "processing:level": "L1A", "proj:code": "EPSG:4326", "sci:doi": "10.57780/bio-bef83b4", "created": "2026-02-16T09:32:21Z", "published": "2026-02-15T21:48:42.655Z", "version": "01", "sar:observation_direction": "left", "sar:polarizations": [ "HH", "HV", "VH", "VV" ], "auth:schemes": { "s3": { "type": "s3" }, "oidc": { "openIdConnectUrl": "https://iam.ascend.icsgate.eu/realms/esa-maap/.well-known/openid-configuration", "type": "openIdConnect" } }, "sar:instrument_mode": "SM", "eofeos:orbit_drift_flag": false, "processing:datetime": "2026-02-16T09:32:21Z", "eofeos:mission_phase": "TOMOGRAPHIC", "updated": "2026-05-17T12:51:13Z", "sat:absolute_orbit": 4291, "product:acquisition_type": "nominal" } }, "geometry": { "type": "Polygon", "coordinates": [ [ [ -57.8912, -21.3768 ], [ -57.282475, -21.490452 ], [ -57.019802, -20.252625 ], [ -57.615616, -20.140263 ], [ -57.8912, -21.3768 ] ] ] } },
{ "type": "Feature", "properties": { "scene_id": "BIO_S1_SCS__1S_20260302T214831_20260302T214851_T_G01_M02_C07_T043_F173_01_DNOSHS", "product_name": "BIO_S1_SCS__1S_20260302T214831_20260302T214851_T_G01_M02_C07_T043_F173_01_DNOSHS", "collection": "BiomassLevel1a", "mode": "SCS", "track": "T043", "frame": "F173", "start_datetime": "2026-03-02T21:48:31.262Z", "end_datetime": "2026-03-02T21:48:51.663Z", "repeat_cycle": "7", "orbit_state": "DESCENDING", "raw_properties": { "processing:facility": "Biomass CPF", "product:type": "S1_SCS__1S", "eofeos:global_coverage_id": "1", "sat:anx_datetime": "2026-03-02T20:54:06.819Z", "platform": "Biomass", "eofeos:major_cycle_id": "2", "datetime": "2026-03-02T21:48:31.262Z", "instruments": [ "P-SAR" ], "constellation": "Biomass", "storage:schemes": { "biomass-pdgs-01": { "bucket": "biomass-pdgs-01", "description": "This endpoint provides access to EO data which is stored on the object storage of the ESA MAAP. See the [documentation](https://portal.maap.eo.esa.int/dataaccess/) for more information, including how to get credentials.", "type": "custom-s3", "title": "ESA MAAP S3", "region": "gra", "platform": "https://{bucket}.s3.{region}.io.cloud.ovh.net" } }, "eopf:datatake_id": "36956954", "processing:software": { "Biomass L1 Processor": "4.3.1" }, "eopf:instrument_configuration_id": 0, "grid:code": "WRS-43-173", "processing:level": "L1A", "proj:code": "EPSG:4326", "sci:doi": "10.57780/bio-bef83b4", "created": "2026-03-03T10:15:28Z", "published": "2026-03-02T21:48:51.663Z", "version": "01", "sar:observation_direction": "left", "sar:polarizations": [ "HH", "HV", "VH", "VV" ], "auth:schemes": { "s3": { "type": "s3" }, "oidc": { "openIdConnectUrl": "https://iam.ascend.icsgate.eu/realms/esa-maap/.well-known/openid-configuration", "type": "openIdConnect" } }, "sar:instrument_mode": "SM", "eofeos:orbit_drift_flag": false, "processing:datetime": "2026-03-03T10:15:28Z", "eofeos:mission_phase": "TOMOGRAPHIC", "updated": "2026-05-17T13:27:32Z", "sat:absolute_orbit": 4511, "product:acquisition_type": "nominal" } }, "geometry": { "type": "Polygon", "coordinates": [ [ [ -57.929436, -21.37631 ], [ -57.32593, -21.489025 ], [ -57.058167, -20.25216 ], [ -57.654076, -20.13976 ], [ -57.929436, -21.37631 ] ] ] } },
{ "type": "Feature", "properties": { "scene_id": "BIO_S1_SCS__1S_20260302T214850_20260302T214910_T_G01_M02_C07_T043_F174_01_DNOSL3", "product_name": "BIO_S1_SCS__1S_20260302T214850_20260302T214910_T_G01_M02_C07_T043_F174_01_DNOSL3", "collection": "BiomassLevel1a", "mode": "SCS", "track": "T043", "frame": "F174", "start_datetime": "2026-03-02T21:48:50.278Z", "end_datetime": "2026-03-02T21:49:10.681Z", "repeat_cycle": "7", "orbit_state": "DESCENDING", "raw_properties": { "processing:facility": "Biomass CPF", "product:type": "S1_SCS__1S", "eofeos:global_coverage_id": "1", "sat:anx_datetime": "2026-03-02T20:54:06.819Z", "platform": "Biomass", "eofeos:major_cycle_id": "2", "datetime": "2026-03-02T21:48:50.278Z", "instruments": [ "P-SAR" ], "constellation": "Biomass", "storage:schemes": { "biomass-pdgs-01": { "bucket": "biomass-pdgs-01", "description": "This endpoint provides access to EO data which is stored on the object storage of the ESA MAAP. See the [documentation](https://portal.maap.eo.esa.int/dataaccess/) for more information, including how to get credentials.", "type": "custom-s3", "title": "ESA MAAP S3", "region": "gra", "platform": "https://{bucket}.s3.{region}.io.cloud.ovh.net" } }, "eopf:datatake_id": "36956954", "processing:software": { "Biomass L1 Processor": "4.3.1" }, "eopf:instrument_configuration_id": 0, "grid:code": "WRS-43-174", "processing:level": "L1A", "proj:code": "EPSG:4326", "sci:doi": "10.57780/bio-bef83b4", "created": "2026-03-03T10:17:27Z", "published": "2026-03-02T21:49:10.681Z", "version": "01", "sar:observation_direction": "left", "sar:polarizations": [ "HH", "HV", "VH", "VV" ], "auth:schemes": { "s3": { "type": "s3" }, "oidc": { "openIdConnectUrl": "https://iam.ascend.icsgate.eu/realms/esa-maap/.well-known/openid-configuration", "type": "openIdConnect" } }, "sar:instrument_mode": "SM", "eofeos:orbit_drift_flag": false, "processing:datetime": "2026-03-03T10:17:27Z", "eofeos:mission_phase": "TOMOGRAPHIC", "updated": "2026-05-17T13:27:32Z", "sat:absolute_orbit": 4511, "product:acquisition_type": "nominal" } }, "geometry": { "type": "Polygon", "coordinates": [ [ [ -58.176983, -22.530626 ], [ -57.569458, -22.64299 ], [ -57.297863, -21.406866 ], [ -57.899727, -21.294422 ], [ -58.176983, -22.530626 ] ] ] } }
]
}
