scene_id,product_name,collection,mode,track,frame,start_datetime,end_datetime,repeat_cycle,orbit_state,raw_properties
BIO_S1_SCS__1S_20251121T094836_20251121T094857_T_G01_M01_C01_T006_F292_01_DJUQIZ,BIO_S1_SCS__1S_20251121T094836_20251121T094857_T_G01_M01_C01_T006_F292_01_DJUQIZ,BiomassLevel1a,SCS,T006,F292,2025-11-21T09:48:36.670Z,2025-11-21T09:48:57.465Z,1,ASCENDING,"{""processing:facility"": ""Biomass CPF"", ""product:type"": ""S1_SCS__1S"", ""eofeos:global_coverage_id"": ""1"", ""sat:anx_datetime"": ""2025-11-21T08:16:26.831Z"", ""platform"": ""Biomass"", ""eofeos:major_cycle_id"": ""1"", ""datetime"": ""2025-11-21T09:48:36.670Z"", ""instruments"": [""P-SAR""], ""constellation"": ""Biomass"", ""storage:schemes"": {""biomass-pdgs-01"": {""bucket"": ""biomass-pdgs-01"", ""description"": ""This endpoint provides access to EO data which is stored on the object storage of the ESA MAAP. See the [documentation](https://portal.maap.eo.esa.int/dataaccess/) for more information, including how to get credentials."", ""type"": ""custom-s3"", ""title"": ""ESA MAAP S3"", ""region"": ""gra"", ""platform"": ""https://{bucket}.s3.{region}.io.cloud.ovh.net""}}, ""eopf:datatake_id"": ""24761546"", ""processing:software"": {""Biomass L1 Processor"": ""4.2.2""}, ""eopf:instrument_configuration_id"": 0, ""grid:code"": ""WRS-6-292"", ""processing:level"": ""L1A"", ""proj:code"": ""EPSG:4326"", ""sci:doi"": ""10.57780/bio-bef83b4"", ""created"": ""2025-12-18T21:04:11Z"", ""published"": ""2025-11-21T09:48:57.465Z"", ""version"": ""01"", ""sar:observation_direction"": ""left"", ""sar:polarizations"": [""HH"", ""HV"", ""VH"", ""VV""], ""auth:schemes"": {""s3"": {""type"": ""s3""}, ""oidc"": {""openIdConnectUrl"": ""https://iam.ascend.icsgate.eu/realms/esa-maap/.well-known/openid-configuration"", ""type"": ""openIdConnect""}}, ""sar:instrument_mode"": ""SM"", ""eofeos:orbit_drift_flag"": false, ""processing:datetime"": ""2025-12-18T21:04:11Z"", ""eofeos:mission_phase"": ""TOMOGRAPHIC"", ""updated"": ""2026-05-17T09:23:25Z"", ""sat:absolute_orbit"": 3022, ""product:acquisition_type"": ""nominal""}"
BIO_S1_SCS__1S_20251121T094855_20251121T094916_T_G01_M01_C01_T006_F293_01_DJUQJS,BIO_S1_SCS__1S_20251121T094855_20251121T094916_T_G01_M01_C01_T006_F293_01_DJUQJS,BiomassLevel1a,SCS,T006,F293,2025-11-21T09:48:55.690Z,2025-11-21T09:49:16.485Z,1,ASCENDING,"{""processing:facility"": ""Biomass CPF"", ""product:type"": ""S1_SCS__1S"", ""eofeos:global_coverage_id"": ""1"", ""sat:anx_datetime"": ""2025-11-21T08:16:26.831Z"", ""platform"": ""Biomass"", ""eofeos:major_cycle_id"": ""1"", ""datetime"": ""2025-11-21T09:48:55.690Z"", ""instruments"": [""P-SAR""], ""constellation"": ""Biomass"", ""storage:schemes"": {""biomass-pdgs-01"": {""bucket"": ""biomass-pdgs-01"", ""description"": ""This endpoint provides access to EO data which is stored on the object storage of the ESA MAAP. See the [documentation](https://portal.maap.eo.esa.int/dataaccess/) for more information, including how to get credentials."", ""type"": ""custom-s3"", ""title"": ""ESA MAAP S3"", ""region"": ""gra"", ""platform"": ""https://{bucket}.s3.{region}.io.cloud.ovh.net""}}, ""eopf:datatake_id"": ""24761546"", ""processing:software"": {""Biomass L1 Processor"": ""4.2.2""}, ""eopf:instrument_configuration_id"": 0, ""grid:code"": ""WRS-6-293"", ""processing:level"": ""L1A"", ""proj:code"": ""EPSG:4326"", ""sci:doi"": ""10.57780/bio-bef83b4"", ""created"": ""2025-12-18T21:04:40Z"", ""published"": ""2025-11-21T09:49:16.485Z"", ""version"": ""01"", ""sar:observation_direction"": ""left"", ""sar:polarizations"": [""HH"", ""HV"", ""VH"", ""VV""], ""auth:schemes"": {""s3"": {""type"": ""s3""}, ""oidc"": {""openIdConnectUrl"": ""https://iam.ascend.icsgate.eu/realms/esa-maap/.well-known/openid-configuration"", ""type"": ""openIdConnect""}}, ""sar:instrument_mode"": ""SM"", ""eofeos:orbit_drift_flag"": false, ""processing:datetime"": ""2025-12-18T21:04:40Z"", ""eofeos:mission_phase"": ""TOMOGRAPHIC"", ""updated"": ""2026-05-17T09:23:25Z"", ""sat:absolute_orbit"": 3022, ""product:acquisition_type"": ""nominal""}"
BIO_S1_SCS__1S_20251203T094922_20251203T094943_T_G01_M01_C05_T006_F294_01_DO37Y9,BIO_S1_SCS__1S_20251203T094922_20251203T094943_T_G01_M01_C05_T006_F294_01_DO37Y9,BiomassLevel1a,SCS,T006,F294,2025-12-03T09:49:22.694Z,2025-12-03T09:49:43.095Z,5,ASCENDING,"{""processing:facility"": ""Biomass CPF"", ""product:type"": ""S1_SCS__1S"", ""eofeos:global_coverage_id"": ""1"", ""sat:anx_datetime"": ""2025-12-03T08:16:34.609Z"", ""platform"": ""Biomass"", ""eofeos:major_cycle_id"": ""1"", ""datetime"": ""2025-12-03T09:49:22.694Z"", ""instruments"": [""P-SAR""], ""constellation"": ""Biomass"", ""storage:schemes"": {""biomass-pdgs-01"": {""bucket"": ""biomass-pdgs-01"", ""description"": ""This endpoint provides access to EO data which is stored on the object storage of the ESA MAAP. See the [documentation](https://portal.maap.eo.esa.int/dataaccess/) for more information, including how to get credentials."", ""type"": ""custom-s3"", ""title"": ""ESA MAAP S3"", ""region"": ""gra"", ""platform"": ""https://{bucket}.s3.{region}.io.cloud.ovh.net""}}, ""eopf:datatake_id"": ""26203337"", ""processing:software"": {""Biomass L1 Processor"": ""4.3.1""}, ""eopf:instrument_configuration_id"": 0, ""grid:code"": ""WRS-6-294"", ""processing:level"": ""L1A"", ""proj:code"": ""EPSG:4326"", ""sci:doi"": ""10.57780/bio-bef83b4"", ""created"": ""2026-03-11T05:15:45Z"", ""published"": ""2025-12-03T09:49:43.095Z"", ""version"": ""01"", ""sar:observation_direction"": ""left"", ""sar:polarizations"": [""HH"", ""HV"", ""VH"", ""VV""], ""auth:schemes"": {""s3"": {""type"": ""s3""}, ""oidc"": {""openIdConnectUrl"": ""https://iam.ascend.icsgate.eu/realms/esa-maap/.well-known/openid-configuration"", ""type"": ""openIdConnect""}}, ""sar:instrument_mode"": ""SM"", ""eofeos:orbit_drift_flag"": false, ""processing:datetime"": ""2026-03-11T05:15:45Z"", ""eofeos:mission_phase"": ""TOMOGRAPHIC"", ""updated"": ""2026-05-17T10:19:55Z"", ""sat:absolute_orbit"": 3198, ""product:acquisition_type"": ""nominal""}"
BIO_S1_SCS__1S_20251121T094952_20251121T095013_T_G01_M01_C01_T006_F296_01_DJUQPI,BIO_S1_SCS__1S_20251121T094952_20251121T095013_T_G01_M01_C01_T006_F296_01_DJUQPI,BiomassLevel1a,SCS,T006,F296,2025-11-21T09:49:52.737Z,2025-11-21T09:50:13.529Z,1,ASCENDING,"{""processing:facility"": ""Biomass CPF"", ""product:type"": ""S1_SCS__1S"", ""eofeos:global_coverage_id"": ""1"", ""sat:anx_datetime"": ""2025-11-21T08:16:26.831Z"", ""platform"": ""Biomass"", ""eofeos:major_cycle_id"": ""1"", ""datetime"": ""2025-11-21T09:49:52.737Z"", ""instruments"": [""P-SAR""], ""constellation"": ""Biomass"", ""storage:schemes"": {""biomass-pdgs-01"": {""bucket"": ""biomass-pdgs-01"", ""description"": ""This endpoint provides access to EO data which is stored on the object storage of the ESA MAAP. See the [documentation](https://portal.maap.eo.esa.int/dataaccess/) for more information, including how to get credentials."", ""type"": ""custom-s3"", ""title"": ""ESA MAAP S3"", ""region"": ""gra"", ""platform"": ""https://{bucket}.s3.{region}.io.cloud.ovh.net""}}, ""eopf:datatake_id"": ""24761546"", ""processing:software"": {""Biomass L1 Processor"": ""4.2.2""}, ""eopf:instrument_configuration_id"": 0, ""grid:code"": ""WRS-6-296"", ""processing:level"": ""L1A"", ""proj:code"": ""EPSG:4326"", ""sci:doi"": ""10.57780/bio-bef83b4"", ""created"": ""2025-12-18T21:08:06Z"", ""published"": ""2025-11-21T09:50:13.529Z"", ""version"": ""01"", ""sar:observation_direction"": ""left"", ""sar:polarizations"": [""HH"", ""HV"", ""VH"", ""VV""], ""auth:schemes"": {""s3"": {""type"": ""s3""}, ""oidc"": {""openIdConnectUrl"": ""https://iam.ascend.icsgate.eu/realms/esa-maap/.well-known/openid-configuration"", ""type"": ""openIdConnect""}}, ""sar:instrument_mode"": ""SM"", ""eofeos:orbit_drift_flag"": false, ""processing:datetime"": ""2025-12-18T21:08:06Z"", ""eofeos:mission_phase"": ""TOMOGRAPHIC"", ""updated"": ""2026-05-17T09:23:26Z"", ""sat:absolute_orbit"": 3022, ""product:acquisition_type"": ""nominal""}"
BIO_S1_SCS__1S_20251206T095002_20251206T095022_T_G01_M01_C06_T006_F296_01_DO6DO5,BIO_S1_SCS__1S_20251206T095002_20251206T095022_T_G01_M01_C06_T006_F296_01_DO6DO5,BiomassLevel1a,SCS,T006,F296,2025-12-06T09:50:02.465Z,2025-12-06T09:50:22.863Z,6,ASCENDING,"{""processing:facility"": ""Biomass CPF"", ""product:type"": ""S1_SCS__1S"", ""eofeos:global_coverage_id"": ""1"", ""sat:anx_datetime"": ""2025-12-06T08:16:36.348Z"", ""platform"": ""Biomass"", ""eofeos:major_cycle_id"": ""1"", ""datetime"": ""2025-12-06T09:50:02.465Z"", ""instruments"": [""P-SAR""], ""constellation"": ""Biomass"", ""storage:schemes"": {""biomass-pdgs-01"": {""bucket"": ""biomass-pdgs-01"", ""description"": ""This endpoint provides access to EO data which is stored on the object storage of the ESA MAAP. See the [documentation](https://portal.maap.eo.esa.int/dataaccess/) for more information, including how to get credentials."", ""type"": ""custom-s3"", ""title"": ""ESA MAAP S3"", ""region"": ""gra"", ""platform"": ""https://{bucket}.s3.{region}.io.cloud.ovh.net""}}, ""eopf:datatake_id"": ""26563785"", ""processing:software"": {""Biomass L1 Processor"": ""4.3.1""}, ""eopf:instrument_configuration_id"": 0, ""grid:code"": ""WRS-6-296"", ""processing:level"": ""L1A"", ""proj:code"": ""EPSG:4326"", ""sci:doi"": ""10.57780/bio-bef83b4"", ""created"": ""2026-03-12T22:12:05Z"", ""published"": ""2025-12-06T09:50:22.863Z"", ""version"": ""01"", ""sar:observation_direction"": ""left"", ""sar:polarizations"": [""HH"", ""HV"", ""VH"", ""VV""], ""auth:schemes"": {""s3"": {""type"": ""s3""}, ""oidc"": {""openIdConnectUrl"": ""https://iam.ascend.icsgate.eu/realms/esa-maap/.well-known/openid-configuration"", ""type"": ""openIdConnect""}}, ""sar:instrument_mode"": ""SM"", ""eofeos:orbit_drift_flag"": false, ""processing:datetime"": ""2026-03-12T22:12:05Z"", ""eofeos:mission_phase"": ""TOMOGRAPHIC"", ""updated"": ""2026-05-17T10:26:54Z"", ""sat:absolute_orbit"": 3242, ""product:acquisition_type"": ""nominal""}"
BIO_S1_SCS__1S_20251121T095030_20251121T095051_T_G01_M01_C01_T006_F298_01_DNQLGF,BIO_S1_SCS__1S_20251121T095030_20251121T095051_T_G01_M01_C01_T006_F298_01_DNQLGF,BiomassLevel1a,SCS,T006,F298,2025-11-21T09:50:30.961Z,2025-11-21T09:50:51.359Z,1,ASCENDING,"{""processing:facility"": ""Biomass CPF"", ""product:type"": ""S1_SCS__1S"", ""eofeos:global_coverage_id"": ""1"", ""sat:anx_datetime"": ""2025-11-21T08:16:26.831Z"", ""platform"": ""Biomass"", ""eofeos:major_cycle_id"": ""1"", ""datetime"": ""2025-11-21T09:50:30.961Z"", ""instruments"": [""P-SAR""], ""constellation"": ""Biomass"", ""storage:schemes"": {""biomass-pdgs-01"": {""bucket"": ""biomass-pdgs-01"", ""description"": ""This endpoint provides access to EO data which is stored on the object storage of the ESA MAAP. See the [documentation](https://portal.maap.eo.esa.int/dataaccess/) for more information, including how to get credentials."", ""type"": ""custom-s3"", ""title"": ""ESA MAAP S3"", ""region"": ""gra"", ""platform"": ""https://{bucket}.s3.{region}.io.cloud.ovh.net""}}, ""eopf:datatake_id"": ""24761546"", ""processing:software"": {""Biomass L1 Processor"": ""4.3.1""}, ""eopf:instrument_configuration_id"": 0, ""grid:code"": ""WRS-6-298"", ""processing:level"": ""L1A"", ""proj:code"": ""EPSG:4326"", ""sci:doi"": ""10.57780/bio-bef83b4"", ""created"": ""2026-03-04T09:38:39Z"", ""published"": ""2025-11-21T09:50:51.359Z"", ""version"": ""01"", ""sar:observation_direction"": ""left"", ""sar:polarizations"": [""HH"", ""HV"", ""VH"", ""VV""], ""auth:schemes"": {""s3"": {""type"": ""s3""}, ""oidc"": {""openIdConnectUrl"": ""https://iam.ascend.icsgate.eu/realms/esa-maap/.well-known/openid-configuration"", ""type"": ""openIdConnect""}}, ""sar:instrument_mode"": ""SM"", ""eofeos:orbit_drift_flag"": false, ""processing:datetime"": ""2026-03-04T09:38:39Z"", ""eofeos:mission_phase"": ""TOMOGRAPHIC"", ""updated"": ""2026-05-17T09:23:27Z"", ""sat:absolute_orbit"": 3022, ""product:acquisition_type"": ""nominal""}"
BIO_S1_SCS__1S_20251206T095040_20251206T095100_T_G01_M01_C06_T006_F298_01_DO6DOZ,BIO_S1_SCS__1S_20251206T095040_20251206T095100_T_G01_M01_C06_T006_F298_01_DO6DOZ,BiomassLevel1a,SCS,T006,F298,2025-12-06T09:50:40.491Z,2025-12-06T09:51:00.888Z,6,ASCENDING,"{""processing:facility"": ""Biomass CPF"", ""product:type"": ""S1_SCS__1S"", ""eofeos:global_coverage_id"": ""1"", ""sat:anx_datetime"": ""2025-12-06T08:16:36.348Z"", ""platform"": ""Biomass"", ""eofeos:major_cycle_id"": ""1"", ""datetime"": ""2025-12-06T09:50:40.491Z"", ""instruments"": [""P-SAR""], ""constellation"": ""Biomass"", ""storage:schemes"": {""biomass-pdgs-01"": {""bucket"": ""biomass-pdgs-01"", ""description"": ""This endpoint provides access to EO data which is stored on the object storage of the ESA MAAP. See the [documentation](https://portal.maap.eo.esa.int/dataaccess/) for more information, including how to get credentials."", ""type"": ""custom-s3"", ""title"": ""ESA MAAP S3"", ""region"": ""gra"", ""platform"": ""https://{bucket}.s3.{region}.io.cloud.ovh.net""}}, ""eopf:datatake_id"": ""26563785"", ""processing:software"": {""Biomass L1 Processor"": ""4.3.1""}, ""eopf:instrument_configuration_id"": 0, ""grid:code"": ""WRS-6-298"", ""processing:level"": ""L1A"", ""proj:code"": ""EPSG:4326"", ""sci:doi"": ""10.57780/bio-bef83b4"", ""created"": ""2026-03-12T22:12:35Z"", ""published"": ""2025-12-06T09:51:00.888Z"", ""version"": ""01"", ""sar:observation_direction"": ""left"", ""sar:polarizations"": [""HH"", ""HV"", ""VH"", ""VV""], ""auth:schemes"": {""s3"": {""type"": ""s3""}, ""oidc"": {""openIdConnectUrl"": ""https://iam.ascend.icsgate.eu/realms/esa-maap/.well-known/openid-configuration"", ""type"": ""openIdConnect""}}, ""sar:instrument_mode"": ""SM"", ""eofeos:orbit_drift_flag"": false, ""processing:datetime"": ""2026-03-12T22:12:35Z"", ""eofeos:mission_phase"": ""TOMOGRAPHIC"", ""updated"": ""2026-05-17T10:26:55Z"", ""sat:absolute_orbit"": 3242, ""product:acquisition_type"": ""nominal""}"
BIO_S1_SCS__1S_20260210T095514_20260210T095535_T_G01_M02_C01_T006_F298_01_DMMPDA,BIO_S1_SCS__1S_20260210T095514_20260210T095535_T_G01_M02_C01_T006_F298_01_DMMPDA,BiomassLevel1a,SCS,T006,F298,2026-02-10T09:55:14.667Z,2026-02-10T09:55:35.064Z,1,ASCENDING,"{""processing:facility"": ""Biomass CPF"", ""product:type"": ""S1_SCS__1S"", ""eofeos:global_coverage_id"": ""1"", ""sat:anx_datetime"": ""2026-02-10T08:21:10.527Z"", ""platform"": ""Biomass"", ""eofeos:major_cycle_id"": ""2"", ""datetime"": ""2026-02-10T09:55:14.667Z"", ""instruments"": [""P-SAR""], ""constellation"": ""Biomass"", ""storage:schemes"": {""biomass-pdgs-01"": {""bucket"": ""biomass-pdgs-01"", ""description"": ""This endpoint provides access to EO data which is stored on the object storage of the ESA MAAP. See the [documentation](https://portal.maap.eo.esa.int/dataaccess/) for more information, including how to get credentials."", ""type"": ""custom-s3"", ""title"": ""ESA MAAP S3"", ""region"": ""gra"", ""platform"": ""https://{bucket}.s3.{region}.io.cloud.ovh.net""}}, ""eopf:datatake_id"": ""34493638"", ""processing:software"": {""Biomass L1 Processor"": ""4.3.1""}, ""eopf:instrument_configuration_id"": 0, ""grid:code"": ""WRS-6-298"", ""processing:level"": ""L1A"", ""proj:code"": ""EPSG:4326"", ""sci:doi"": ""10.57780/bio-bef83b4"", ""created"": ""2026-02-10T20:39:10Z"", ""published"": ""2026-02-10T09:55:35.064Z"", ""version"": ""01"", ""sar:observation_direction"": ""left"", ""sar:polarizations"": [""HH"", ""HV"", ""VH"", ""VV""], ""auth:schemes"": {""s3"": {""type"": ""s3""}, ""oidc"": {""openIdConnectUrl"": ""https://iam.ascend.icsgate.eu/realms/esa-maap/.well-known/openid-configuration"", ""type"": ""openIdConnect""}}, ""sar:instrument_mode"": ""SM"", ""eofeos:orbit_drift_flag"": false, ""processing:datetime"": ""2026-02-10T20:39:10Z"", ""eofeos:mission_phase"": ""TOMOGRAPHIC"", ""updated"": ""2026-05-17T12:38:13Z"", ""sat:absolute_orbit"": 4210, ""product:acquisition_type"": ""nominal""}"
BIO_S1_SCS__1S_20251121T095108_20251121T095129_T_G01_M01_C01_T006_F300_01_DNQLJC,BIO_S1_SCS__1S_20251121T095108_20251121T095129_T_G01_M01_C01_T006_F300_01_DNQLJC,BiomassLevel1a,SCS,T006,F300,2025-11-21T09:51:08.985Z,2025-11-21T09:51:29.380Z,1,ASCENDING,"{""processing:facility"": ""Biomass CPF"", ""product:type"": ""S1_SCS__1S"", ""eofeos:global_coverage_id"": ""1"", ""sat:anx_datetime"": ""2025-11-21T08:16:26.831Z"", ""platform"": ""Biomass"", ""eofeos:major_cycle_id"": ""1"", ""datetime"": ""2025-11-21T09:51:08.985Z"", ""instruments"": [""P-SAR""], ""constellation"": ""Biomass"", ""storage:schemes"": {""biomass-pdgs-01"": {""bucket"": ""biomass-pdgs-01"", ""description"": ""This endpoint provides access to EO data which is stored on the object storage of the ESA MAAP. See the [documentation](https://portal.maap.eo.esa.int/dataaccess/) for more information, including how to get credentials."", ""type"": ""custom-s3"", ""title"": ""ESA MAAP S3"", ""region"": ""gra"", ""platform"": ""https://{bucket}.s3.{region}.io.cloud.ovh.net""}}, ""eopf:datatake_id"": ""24761546"", ""processing:software"": {""Biomass L1 Processor"": ""4.3.1""}, ""eopf:instrument_configuration_id"": 0, ""grid:code"": ""WRS-6-300"", ""processing:level"": ""L1A"", ""proj:code"": ""EPSG:4326"", ""sci:doi"": ""10.57780/bio-bef83b4"", ""created"": ""2026-03-04T09:40:24Z"", ""published"": ""2025-11-21T09:51:29.380Z"", ""version"": ""01"", ""sar:observation_direction"": ""left"", ""sar:polarizations"": [""HH"", ""HV"", ""VH"", ""VV""], ""auth:schemes"": {""s3"": {""type"": ""s3""}, ""oidc"": {""openIdConnectUrl"": ""https://iam.ascend.icsgate.eu/realms/esa-maap/.well-known/openid-configuration"", ""type"": ""openIdConnect""}}, ""sar:instrument_mode"": ""SM"", ""eofeos:orbit_drift_flag"": false, ""processing:datetime"": ""2026-03-04T09:40:24Z"", ""eofeos:mission_phase"": ""TOMOGRAPHIC"", ""updated"": ""2026-05-17T09:23:28Z"", ""sat:absolute_orbit"": 3022, ""product:acquisition_type"": ""nominal""}"
BIO_S1_SCS__1S_20260213T095554_20260213T095615_T_G01_M02_C02_T006_F300_01_DMSAN5,BIO_S1_SCS__1S_20260213T095554_20260213T095615_T_G01_M02_C02_T006_F300_01_DMSAN5,BiomassLevel1a,SCS,T006,F300,2026-02-13T09:55:54.957Z,2026-02-13T09:56:15.352Z,2,ASCENDING,"{""processing:facility"": ""Biomass CPF"", ""product:type"": ""S1_SCS__1S"", ""eofeos:global_coverage_id"": ""1"", ""sat:anx_datetime"": ""2026-02-13T08:21:12.811Z"", ""platform"": ""Biomass"", ""eofeos:major_cycle_id"": ""2"", ""datetime"": ""2026-02-13T09:55:54.957Z"", ""instruments"": [""P-SAR""], ""constellation"": ""Biomass"", ""storage:schemes"": {""biomass-pdgs-01"": {""bucket"": ""biomass-pdgs-01"", ""description"": ""This endpoint provides access to EO data which is stored on the object storage of the ESA MAAP. See the [documentation](https://portal.maap.eo.esa.int/dataaccess/) for more information, including how to get credentials."", ""type"": ""custom-s3"", ""title"": ""ESA MAAP S3"", ""region"": ""gra"", ""platform"": ""https://{bucket}.s3.{region}.io.cloud.ovh.net""}}, ""eopf:datatake_id"": ""34854086"", ""processing:software"": {""Biomass L1 Processor"": ""4.3.1""}, ""eopf:instrument_configuration_id"": 0, ""grid:code"": ""WRS-6-300"", ""processing:level"": ""L1A"", ""proj:code"": ""EPSG:4326"", ""sci:doi"": ""10.57780/bio-bef83b4"", ""created"": ""2026-02-13T21:06:41Z"", ""published"": ""2026-02-13T09:56:15.352Z"", ""version"": ""01"", ""sar:observation_direction"": ""left"", ""sar:polarizations"": [""HH"", ""HV"", ""VH"", ""VV""], ""auth:schemes"": {""s3"": {""type"": ""s3""}, ""oidc"": {""openIdConnectUrl"": ""https://iam.ascend.icsgate.eu/realms/esa-maap/.well-known/openid-configuration"", ""type"": ""openIdConnect""}}, ""sar:instrument_mode"": ""SM"", ""eofeos:orbit_drift_flag"": false, ""processing:datetime"": ""2026-02-13T21:06:41Z"", ""eofeos:mission_phase"": ""TOMOGRAPHIC"", ""updated"": ""2026-05-17T12:45:38Z"", ""sat:absolute_orbit"": 4254, ""product:acquisition_type"": ""nominal""}"
BIO_S1_SCS__1S_20251121T095127_20251121T095148_T_G01_M01_C01_T006_F301_01_DNGCYZ,BIO_S1_SCS__1S_20251121T095127_20251121T095148_T_G01_M01_C01_T006_F301_01_DNGCYZ,BiomassLevel1a,SCS,T006,F301,2025-11-21T09:51:27.996Z,2025-11-21T09:51:48.389Z,1,ASCENDING,"{""processing:facility"": ""Biomass CPF"", ""product:type"": ""S1_SCS__1S"", ""eofeos:global_coverage_id"": ""1"", ""sat:anx_datetime"": ""2025-11-21T08:16:26.831Z"", ""platform"": ""Biomass"", ""eofeos:major_cycle_id"": ""1"", ""datetime"": ""2025-11-21T09:51:27.996Z"", ""instruments"": [""P-SAR""], ""constellation"": ""Biomass"", ""storage:schemes"": {""biomass-pdgs-01"": {""bucket"": ""biomass-pdgs-01"", ""description"": ""This endpoint provides access to EO data which is stored on the object storage of the ESA MAAP. See the [documentation](https://portal.maap.eo.esa.int/dataaccess/) for more information, including how to get credentials."", ""type"": ""custom-s3"", ""title"": ""ESA MAAP S3"", ""region"": ""gra"", ""platform"": ""https://{bucket}.s3.{region}.io.cloud.ovh.net""}}, ""eopf:datatake_id"": ""24761546"", ""processing:software"": {""Biomass L1 Processor"": ""4.3.1""}, ""eopf:instrument_configuration_id"": 0, ""grid:code"": ""WRS-6-301"", ""processing:level"": ""L1A"", ""proj:code"": ""EPSG:4326"", ""sci:doi"": ""10.57780/bio-bef83b4"", ""created"": ""2026-02-26T20:59:23Z"", ""published"": ""2025-11-21T09:51:48.389Z"", ""version"": ""01"", ""sar:observation_direction"": ""left"", ""sar:polarizations"": [""HH"", ""HV"", ""VH"", ""VV""], ""auth:schemes"": {""s3"": {""type"": ""s3""}, ""oidc"": {""openIdConnectUrl"": ""https://iam.ascend.icsgate.eu/realms/esa-maap/.well-known/openid-configuration"", ""type"": ""openIdConnect""}}, ""sar:instrument_mode"": ""SM"", ""eofeos:orbit_drift_flag"": false, ""processing:datetime"": ""2026-02-26T20:59:23Z"", ""eofeos:mission_phase"": ""TOMOGRAPHIC"", ""updated"": ""2026-05-17T09:23:28Z"", ""sat:absolute_orbit"": 3022, ""product:acquisition_type"": ""nominal""}"
BIO_S1_SCS__1S_20251203T095135_20251203T095156_T_G01_M01_C05_T006_F301_01_DO37ZF,BIO_S1_SCS__1S_20251203T095135_20251203T095156_T_G01_M01_C05_T006_F301_01_DO37ZF,BiomassLevel1a,SCS,T006,F301,2025-12-03T09:51:35.784Z,2025-12-03T09:51:56.178Z,5,ASCENDING,"{""processing:facility"": ""Biomass CPF"", ""product:type"": ""S1_SCS__1S"", ""eofeos:global_coverage_id"": ""1"", ""sat:anx_datetime"": ""2025-12-03T08:16:34.609Z"", ""platform"": ""Biomass"", ""eofeos:major_cycle_id"": ""1"", ""datetime"": ""2025-12-03T09:51:35.784Z"", ""instruments"": [""P-SAR""], ""constellation"": ""Biomass"", ""storage:schemes"": {""biomass-pdgs-01"": {""bucket"": ""biomass-pdgs-01"", ""description"": ""This endpoint provides access to EO data which is stored on the object storage of the ESA MAAP. See the [documentation](https://portal.maap.eo.esa.int/dataaccess/) for more information, including how to get credentials."", ""type"": ""custom-s3"", ""title"": ""ESA MAAP S3"", ""region"": ""gra"", ""platform"": ""https://{bucket}.s3.{region}.io.cloud.ovh.net""}}, ""eopf:datatake_id"": ""26203337"", ""processing:software"": {""Biomass L1 Processor"": ""4.3.1""}, ""eopf:instrument_configuration_id"": 0, ""grid:code"": ""WRS-6-301"", ""processing:level"": ""L1A"", ""proj:code"": ""EPSG:4326"", ""sci:doi"": ""10.57780/bio-bef83b4"", ""created"": ""2026-03-11T05:16:27Z"", ""published"": ""2025-12-03T09:51:56.178Z"", ""version"": ""01"", ""sar:observation_direction"": ""left"", ""sar:polarizations"": [""HH"", ""HV"", ""VH"", ""VV""], ""auth:schemes"": {""s3"": {""type"": ""s3""}, ""oidc"": {""openIdConnectUrl"": ""https://iam.ascend.icsgate.eu/realms/esa-maap/.well-known/openid-configuration"", ""type"": ""openIdConnect""}}, ""sar:instrument_mode"": ""SM"", ""eofeos:orbit_drift_flag"": false, ""processing:datetime"": ""2026-03-11T05:16:27Z"", ""eofeos:mission_phase"": ""TOMOGRAPHIC"", ""updated"": ""2026-05-17T10:19:56Z"", ""sat:absolute_orbit"": 3198, ""product:acquisition_type"": ""nominal""}"
BIO_S1_SCS__1S_20251206T095137_20251206T095157_T_G01_M01_C06_T006_F301_01_DO6DA8,BIO_S1_SCS__1S_20251206T095137_20251206T095157_T_G01_M01_C06_T006_F301_01_DO6DA8,BiomassLevel1a,SCS,T006,F301,2025-12-06T09:51:37.522Z,2025-12-06T09:51:57.916Z,6,ASCENDING,"{""processing:facility"": ""Biomass CPF"", ""product:type"": ""S1_SCS__1S"", ""eofeos:global_coverage_id"": ""1"", ""sat:anx_datetime"": ""2025-12-06T08:16:36.348Z"", ""platform"": ""Biomass"", ""eofeos:major_cycle_id"": ""1"", ""datetime"": ""2025-12-06T09:51:37.522Z"", ""instruments"": [""P-SAR""], ""constellation"": ""Biomass"", ""storage:schemes"": {""biomass-pdgs-01"": {""bucket"": ""biomass-pdgs-01"", ""description"": ""This endpoint provides access to EO data which is stored on the object storage of the ESA MAAP. See the [documentation](https://portal.maap.eo.esa.int/dataaccess/) for more information, including how to get credentials."", ""type"": ""custom-s3"", ""title"": ""ESA MAAP S3"", ""region"": ""gra"", ""platform"": ""https://{bucket}.s3.{region}.io.cloud.ovh.net""}}, ""eopf:datatake_id"": ""26563785"", ""processing:software"": {""Biomass L1 Processor"": ""4.3.1""}, ""eopf:instrument_configuration_id"": 0, ""grid:code"": ""WRS-6-301"", ""processing:level"": ""L1A"", ""proj:code"": ""EPSG:4326"", ""sci:doi"": ""10.57780/bio-bef83b4"", ""created"": ""2026-03-12T22:03:44Z"", ""published"": ""2025-12-06T09:51:57.916Z"", ""version"": ""01"", ""sar:observation_direction"": ""left"", ""sar:polarizations"": [""HH"", ""HV"", ""VH"", ""VV""], ""auth:schemes"": {""s3"": {""type"": ""s3""}, ""oidc"": {""openIdConnectUrl"": ""https://iam.ascend.icsgate.eu/realms/esa-maap/.well-known/openid-configuration"", ""type"": ""openIdConnect""}}, ""sar:instrument_mode"": ""SM"", ""eofeos:orbit_drift_flag"": false, ""processing:datetime"": ""2026-03-12T22:03:44Z"", ""eofeos:mission_phase"": ""TOMOGRAPHIC"", ""updated"": ""2026-05-17T10:26:55Z"", ""sat:absolute_orbit"": 3242, ""product:acquisition_type"": ""nominal""}"
BIO_S1_SCS__1S_20260427T085313_20260427T085334_T_G01_M03_C02_T020_F294_02_DQJHIK,BIO_S1_SCS__1S_20260427T085313_20260427T085334_T_G01_M03_C02_T020_F294_02_DQJHIK,BiomassLevel1a,SCS,T020,F294,2026-04-27T08:53:13.774Z,2026-04-27T08:53:34.175Z,2,ASCENDING,"{""processing:facility"": ""Biomass CPF"", ""product:type"": ""S1_SCS__1S"", ""eofeos:global_coverage_id"": ""1"", ""sat:anx_datetime"": ""2026-04-27T07:20:25.711Z"", ""platform"": ""Biomass"", ""eofeos:major_cycle_id"": ""3"", ""datetime"": ""2026-04-27T08:53:13.774Z"", ""instruments"": [""P-SAR""], ""constellation"": ""Biomass"", ""storage:schemes"": {""biomass-pdgs-01"": {""bucket"": ""biomass-pdgs-01"", ""description"": ""This endpoint provides access to EO data which is stored on the object storage of the ESA MAAP. See the [documentation](https://portal.maap.eo.esa.int/dataaccess/) for more information, including how to get credentials."", ""type"": ""custom-s3"", ""title"": ""ESA MAAP S3"", ""region"": ""gra"", ""platform"": ""https://{bucket}.s3.{region}.io.cloud.ovh.net""}}, ""eopf:datatake_id"": ""43619721"", ""processing:software"": {""Biomass L1 Processor"": ""4.4.2""}, ""eopf:instrument_configuration_id"": 0, ""grid:code"": ""WRS-20-294"", ""processing:level"": ""L1A"", ""proj:code"": ""EPSG:4326"", ""sci:doi"": ""10.57780/bio-bef83b4"", ""created"": ""2026-04-27T21:11:08Z"", ""published"": ""2026-04-27T08:53:34.175Z"", ""version"": ""02"", ""sar:observation_direction"": ""left"", ""sar:polarizations"": [""HH"", ""HV"", ""VH"", ""VV""], ""auth:schemes"": {""s3"": {""type"": ""s3""}, ""oidc"": {""openIdConnectUrl"": ""https://iam.ascend.icsgate.eu/realms/esa-maap/.well-known/openid-configuration"", ""type"": ""openIdConnect""}}, ""sar:instrument_mode"": ""SM"", ""eofeos:orbit_drift_flag"": false, ""processing:datetime"": ""2026-04-27T21:11:08Z"", ""eofeos:mission_phase"": ""TOMOGRAPHIC"", ""updated"": ""2026-06-10T21:52:12Z"", ""sat:absolute_orbit"": 5324, ""product:acquisition_type"": ""nominal""}"
BIO_S1_SCS__1S_20260430T085315_20260430T085336_T_G01_M03_C03_T020_F294_02_DQP6NW,BIO_S1_SCS__1S_20260430T085315_20260430T085336_T_G01_M03_C03_T020_F294_02_DQP6NW,BiomassLevel1a,SCS,T020,F294,2026-04-30T08:53:15.717Z,2026-04-30T08:53:36.119Z,3,ASCENDING,"{""processing:facility"": ""Biomass CPF"", ""product:type"": ""S1_SCS__1S"", ""eofeos:global_coverage_id"": ""1"", ""sat:anx_datetime"": ""2026-04-30T07:20:27.648Z"", ""platform"": ""Biomass"", ""eofeos:major_cycle_id"": ""3"", ""datetime"": ""2026-04-30T08:53:15.717Z"", ""instruments"": [""P-SAR""], ""constellation"": ""Biomass"", ""storage:schemes"": {""biomass-pdgs-01"": {""bucket"": ""biomass-pdgs-01"", ""description"": ""This endpoint provides access to EO data which is stored on the object storage of the ESA MAAP. See the [documentation](https://portal.maap.eo.esa.int/dataaccess/) for more information, including how to get credentials."", ""type"": ""custom-s3"", ""title"": ""ESA MAAP S3"", ""region"": ""gra"", ""platform"": ""https://{bucket}.s3.{region}.io.cloud.ovh.net""}}, ""eopf:datatake_id"": ""43980169"", ""processing:software"": {""Biomass L1 Processor"": ""4.4.2""}, ""eopf:instrument_configuration_id"": 0, ""grid:code"": ""WRS-20-294"", ""processing:level"": ""L1A"", ""proj:code"": ""EPSG:4326"", ""sci:doi"": ""10.57780/bio-bef83b4"", ""created"": ""2026-04-30T23:02:20Z"", ""published"": ""2026-04-30T08:53:36.119Z"", ""version"": ""02"", ""sar:observation_direction"": ""left"", ""sar:polarizations"": [""HH"", ""HV"", ""VH"", ""VV""], ""auth:schemes"": {""s3"": {""type"": ""s3""}, ""oidc"": {""openIdConnectUrl"": ""https://iam.ascend.icsgate.eu/realms/esa-maap/.well-known/openid-configuration"", ""type"": ""openIdConnect""}}, ""sar:instrument_mode"": ""SM"", ""eofeos:orbit_drift_flag"": false, ""processing:datetime"": ""2026-04-30T23:02:20Z"", ""eofeos:mission_phase"": ""TOMOGRAPHIC"", ""updated"": ""2026-06-10T22:05:27Z"", ""sat:absolute_orbit"": 5368, ""product:acquisition_type"": ""nominal""}"
BIO_S1_SCS__1S_20260509T085321_20260509T085341_T_G01_M03_C06_T020_F294_02_DR67VS,BIO_S1_SCS__1S_20260509T085321_20260509T085341_T_G01_M03_C06_T020_F294_02_DR67VS,BiomassLevel1a,SCS,T020,F294,2026-05-09T08:53:21.533Z,2026-05-09T08:53:41.934Z,6,ASCENDING,"{""processing:facility"": ""Biomass CPF"", ""product:type"": ""S1_SCS__1S"", ""eofeos:global_coverage_id"": ""1"", ""sat:anx_datetime"": ""2026-05-09T07:20:33.469Z"", ""platform"": ""Biomass"", ""eofeos:major_cycle_id"": ""3"", ""datetime"": ""2026-05-09T08:53:21.533Z"", ""instruments"": [""P-SAR""], ""constellation"": ""Biomass"", ""storage:schemes"": {""biomass-pdgs-01"": {""bucket"": ""biomass-pdgs-01"", ""description"": ""This endpoint provides access to EO data which is stored on the object storage of the ESA MAAP. See the [documentation](https://portal.maap.eo.esa.int/dataaccess/) for more information, including how to get credentials."", ""type"": ""custom-s3"", ""title"": ""ESA MAAP S3"", ""region"": ""gra"", ""platform"": ""https://{bucket}.s3.{region}.io.cloud.ovh.net""}}, ""eopf:datatake_id"": ""45061506"", ""processing:software"": {""Biomass L1 Processor"": ""4.4.3""}, ""eopf:instrument_configuration_id"": 0, ""grid:code"": ""WRS-20-294"", ""processing:level"": ""L1A"", ""proj:code"": ""EPSG:4326"", ""sci:doi"": ""10.57780/bio-bef83b4"", ""created"": ""2026-05-10T03:47:52Z"", ""published"": ""2026-05-09T08:53:41.934Z"", ""version"": ""02"", ""sar:observation_direction"": ""left"", ""sar:polarizations"": [""HH"", ""HV"", ""VH"", ""VV""], ""auth:schemes"": {""s3"": {""type"": ""s3""}, ""oidc"": {""openIdConnectUrl"": ""https://iam.ascend.icsgate.eu/realms/esa-maap/.well-known/openid-configuration"", ""type"": ""openIdConnect""}}, ""sar:instrument_mode"": ""SM"", ""eofeos:orbit_drift_flag"": false, ""processing:datetime"": ""2026-05-10T03:47:52Z"", ""eofeos:mission_phase"": ""TOMOGRAPHIC"", ""updated"": ""2026-06-10T22:41:41Z"", ""sat:absolute_orbit"": 5500, ""product:acquisition_type"": ""nominal""}"
BIO_S1_SCS__1S_20260301T084902_20260301T084922_T_G01_M02_C07_T020_F295_01_DNLUO2,BIO_S1_SCS__1S_20260301T084902_20260301T084922_T_G01_M02_C07_T020_F295_01_DNLUO2,BiomassLevel1a,SCS,T020,F295,2026-03-01T08:49:02.109Z,2026-03-01T08:49:22.509Z,7,ASCENDING,"{""processing:facility"": ""Biomass CPF"", ""product:type"": ""S1_SCS__1S"", ""eofeos:global_coverage_id"": ""1"", ""sat:anx_datetime"": ""2026-03-01T07:15:55.044Z"", ""platform"": ""Biomass"", ""eofeos:major_cycle_id"": ""2"", ""datetime"": ""2026-03-01T08:49:02.109Z"", ""instruments"": [""P-SAR""], ""constellation"": ""Biomass"", ""storage:schemes"": {""biomass-pdgs-01"": {""bucket"": ""biomass-pdgs-01"", ""description"": ""This endpoint provides access to EO data which is stored on the object storage of the ESA MAAP. See the [documentation](https://portal.maap.eo.esa.int/dataaccess/) for more information, including how to get credentials."", ""type"": ""custom-s3"", ""title"": ""ESA MAAP S3"", ""region"": ""gra"", ""platform"": ""https://{bucket}.s3.{region}.io.cloud.ovh.net""}}, ""eopf:datatake_id"": ""36771220"", ""processing:software"": {""Biomass L1 Processor"": ""4.3.1""}, ""eopf:instrument_configuration_id"": 0, ""grid:code"": ""WRS-20-295"", ""processing:level"": ""L1A"", ""proj:code"": ""EPSG:4326"", ""sci:doi"": ""10.57780/bio-bef83b4"", ""created"": ""2026-03-01T20:09:38Z"", ""published"": ""2026-03-01T08:49:22.509Z"", ""version"": ""01"", ""sar:observation_direction"": ""left"", ""sar:polarizations"": [""HH"", ""HV"", ""VH"", ""VV""], ""auth:schemes"": {""s3"": {""type"": ""s3""}, ""oidc"": {""openIdConnectUrl"": ""https://iam.ascend.icsgate.eu/realms/esa-maap/.well-known/openid-configuration"", ""type"": ""openIdConnect""}}, ""sar:instrument_mode"": ""SM"", ""eofeos:orbit_drift_flag"": false, ""processing:datetime"": ""2026-03-01T20:09:38Z"", ""eofeos:mission_phase"": ""TOMOGRAPHIC"", ""updated"": ""2026-05-17T13:24:26Z"", ""sat:absolute_orbit"": 4488, ""product:acquisition_type"": ""nominal""}"
BIO_S1_SCS__1S_20260427T085332_20260427T085353_T_G01_M03_C02_T020_F295_02_DQJHOW,BIO_S1_SCS__1S_20260427T085332_20260427T085353_T_G01_M03_C02_T020_F295_02_DQJHOW,BiomassLevel1a,SCS,T020,F295,2026-04-27T08:53:32.791Z,2026-04-27T08:53:53.192Z,2,ASCENDING,"{""processing:facility"": ""Biomass CPF"", ""product:type"": ""S1_SCS__1S"", ""eofeos:global_coverage_id"": ""1"", ""sat:anx_datetime"": ""2026-04-27T07:20:25.711Z"", ""platform"": ""Biomass"", ""eofeos:major_cycle_id"": ""3"", ""datetime"": ""2026-04-27T08:53:32.791Z"", ""instruments"": [""P-SAR""], ""constellation"": ""Biomass"", ""storage:schemes"": {""biomass-pdgs-01"": {""bucket"": ""biomass-pdgs-01"", ""description"": ""This endpoint provides access to EO data which is stored on the object storage of the ESA MAAP. See the [documentation](https://portal.maap.eo.esa.int/dataaccess/) for more information, including how to get credentials."", ""type"": ""custom-s3"", ""title"": ""ESA MAAP S3"", ""region"": ""gra"", ""platform"": ""https://{bucket}.s3.{region}.io.cloud.ovh.net""}}, ""eopf:datatake_id"": ""43619721"", ""processing:software"": {""Biomass L1 Processor"": ""4.4.2""}, ""eopf:instrument_configuration_id"": 0, ""grid:code"": ""WRS-20-295"", ""processing:level"": ""L1A"", ""proj:code"": ""EPSG:4326"", ""sci:doi"": ""10.57780/bio-bef83b4"", ""created"": ""2026-04-27T21:14:56Z"", ""published"": ""2026-04-27T08:53:53.192Z"", ""version"": ""02"", ""sar:observation_direction"": ""left"", ""sar:polarizations"": [""HH"", ""HV"", ""VH"", ""VV""], ""auth:schemes"": {""s3"": {""type"": ""s3""}, ""oidc"": {""openIdConnectUrl"": ""https://iam.ascend.icsgate.eu/realms/esa-maap/.well-known/openid-configuration"", ""type"": ""openIdConnect""}}, ""sar:instrument_mode"": ""SM"", ""eofeos:orbit_drift_flag"": false, ""processing:datetime"": ""2026-04-27T21:14:56Z"", ""eofeos:mission_phase"": ""TOMOGRAPHIC"", ""updated"": ""2026-06-10T21:52:12Z"", ""sat:absolute_orbit"": 5324, ""product:acquisition_type"": ""nominal""}"
BIO_S1_SCS__1S_20260301T084921_20260301T084941_T_G01_M02_C07_T020_F296_01_DNLUVO,BIO_S1_SCS__1S_20260301T084921_20260301T084941_T_G01_M02_C07_T020_F296_01_DNLUVO,BiomassLevel1a,SCS,T020,F296,2026-03-01T08:49:21.125Z,2026-03-01T08:49:41.524Z,7,ASCENDING,"{""processing:facility"": ""Biomass CPF"", ""product:type"": ""S1_SCS__1S"", ""eofeos:global_coverage_id"": ""1"", ""sat:anx_datetime"": ""2026-03-01T07:15:55.044Z"", ""platform"": ""Biomass"", ""eofeos:major_cycle_id"": ""2"", ""datetime"": ""2026-03-01T08:49:21.125Z"", ""instruments"": [""P-SAR""], ""constellation"": ""Biomass"", ""storage:schemes"": {""biomass-pdgs-01"": {""bucket"": ""biomass-pdgs-01"", ""description"": ""This endpoint provides access to EO data which is stored on the object storage of the ESA MAAP. See the [documentation](https://portal.maap.eo.esa.int/dataaccess/) for more information, including how to get credentials."", ""type"": ""custom-s3"", ""title"": ""ESA MAAP S3"", ""region"": ""gra"", ""platform"": ""https://{bucket}.s3.{region}.io.cloud.ovh.net""}}, ""eopf:datatake_id"": ""36771220"", ""processing:software"": {""Biomass L1 Processor"": ""4.3.1""}, ""eopf:instrument_configuration_id"": 0, ""grid:code"": ""WRS-20-296"", ""processing:level"": ""L1A"", ""proj:code"": ""EPSG:4326"", ""sci:doi"": ""10.57780/bio-bef83b4"", ""created"": ""2026-03-01T20:14:12Z"", ""published"": ""2026-03-01T08:49:41.524Z"", ""version"": ""01"", ""sar:observation_direction"": ""left"", ""sar:polarizations"": [""HH"", ""HV"", ""VH"", ""VV""], ""auth:schemes"": {""s3"": {""type"": ""s3""}, ""oidc"": {""openIdConnectUrl"": ""https://iam.ascend.icsgate.eu/realms/esa-maap/.well-known/openid-configuration"", ""type"": ""openIdConnect""}}, ""sar:instrument_mode"": ""SM"", ""eofeos:orbit_drift_flag"": false, ""processing:datetime"": ""2026-03-01T20:14:12Z"", ""eofeos:mission_phase"": ""TOMOGRAPHIC"", ""updated"": ""2026-05-17T13:24:26Z"", ""sat:absolute_orbit"": 4488, ""product:acquisition_type"": ""nominal""}"
BIO_S1_SCS__1S_20260424T085349_20260424T085410_T_G01_M03_C01_T020_F296_02_DQDXG6,BIO_S1_SCS__1S_20260424T085349_20260424T085410_T_G01_M03_C01_T020_F296_02_DQDXG6,BiomassLevel1a,SCS,T020,F296,2026-04-24T08:53:49.896Z,2026-04-24T08:54:10.295Z,1,ASCENDING,"{""processing:facility"": ""Biomass CPF"", ""product:type"": ""S1_SCS__1S"", ""eofeos:global_coverage_id"": ""1"", ""sat:anx_datetime"": ""2026-04-24T07:20:23.798Z"", ""platform"": ""Biomass"", ""eofeos:major_cycle_id"": ""3"", ""datetime"": ""2026-04-24T08:53:49.896Z"", ""instruments"": [""P-SAR""], ""constellation"": ""Biomass"", ""storage:schemes"": {""biomass-pdgs-01"": {""bucket"": ""biomass-pdgs-01"", ""description"": ""This endpoint provides access to EO data which is stored on the object storage of the ESA MAAP. See the [documentation](https://portal.maap.eo.esa.int/dataaccess/) for more information, including how to get credentials."", ""type"": ""custom-s3"", ""title"": ""ESA MAAP S3"", ""region"": ""gra"", ""platform"": ""https://{bucket}.s3.{region}.io.cloud.ovh.net""}}, ""eopf:datatake_id"": ""43259273"", ""processing:software"": {""Biomass L1 Processor"": ""4.4.2""}, ""eopf:instrument_configuration_id"": 0, ""grid:code"": ""WRS-20-296"", ""processing:level"": ""L1A"", ""proj:code"": ""EPSG:4326"", ""sci:doi"": ""10.57780/bio-bef83b4"", ""created"": ""2026-04-24T21:09:42Z"", ""published"": ""2026-04-24T08:54:10.295Z"", ""version"": ""02"", ""sar:observation_direction"": ""left"", ""sar:polarizations"": [""HH"", ""HV"", ""VH"", ""VV""], ""auth:schemes"": {""s3"": {""type"": ""s3""}, ""oidc"": {""openIdConnectUrl"": ""https://iam.ascend.icsgate.eu/realms/esa-maap/.well-known/openid-configuration"", ""type"": ""openIdConnect""}}, ""sar:instrument_mode"": ""SM"", ""eofeos:orbit_drift_flag"": false, ""processing:datetime"": ""2026-04-24T21:09:42Z"", ""eofeos:mission_phase"": ""TOMOGRAPHIC"", ""updated"": ""2026-06-09T16:46:47Z"", ""sat:absolute_orbit"": 5280, ""product:acquisition_type"": ""nominal""}"
BIO_S1_SCS__1S_20260427T085351_20260427T085412_T_G01_M03_C02_T020_F296_02_DQJHLQ,BIO_S1_SCS__1S_20260427T085351_20260427T085412_T_G01_M03_C02_T020_F296_02_DQJHLQ,BiomassLevel1a,SCS,T020,F296,2026-04-27T08:53:51.808Z,2026-04-27T08:54:12.208Z,2,ASCENDING,"{""processing:facility"": ""Biomass CPF"", ""product:type"": ""S1_SCS__1S"", ""eofeos:global_coverage_id"": ""1"", ""sat:anx_datetime"": ""2026-04-27T07:20:25.711Z"", ""platform"": ""Biomass"", ""eofeos:major_cycle_id"": ""3"", ""datetime"": ""2026-04-27T08:53:51.808Z"", ""instruments"": [""P-SAR""], ""constellation"": ""Biomass"", ""storage:schemes"": {""biomass-pdgs-01"": {""bucket"": ""biomass-pdgs-01"", ""description"": ""This endpoint provides access to EO data which is stored on the object storage of the ESA MAAP. See the [documentation](https://portal.maap.eo.esa.int/dataaccess/) for more information, including how to get credentials."", ""type"": ""custom-s3"", ""title"": ""ESA MAAP S3"", ""region"": ""gra"", ""platform"": ""https://{bucket}.s3.{region}.io.cloud.ovh.net""}}, ""eopf:datatake_id"": ""43619721"", ""processing:software"": {""Biomass L1 Processor"": ""4.4.2""}, ""eopf:instrument_configuration_id"": 0, ""grid:code"": ""WRS-20-296"", ""processing:level"": ""L1A"", ""proj:code"": ""EPSG:4326"", ""sci:doi"": ""10.57780/bio-bef83b4"", ""created"": ""2026-04-27T21:13:02Z"", ""published"": ""2026-04-27T08:54:12.208Z"", ""version"": ""02"", ""sar:observation_direction"": ""left"", ""sar:polarizations"": [""HH"", ""HV"", ""VH"", ""VV""], ""auth:schemes"": {""s3"": {""type"": ""s3""}, ""oidc"": {""openIdConnectUrl"": ""https://iam.ascend.icsgate.eu/realms/esa-maap/.well-known/openid-configuration"", ""type"": ""openIdConnect""}}, ""sar:instrument_mode"": ""SM"", ""eofeos:orbit_drift_flag"": false, ""processing:datetime"": ""2026-04-27T21:13:02Z"", ""eofeos:mission_phase"": ""TOMOGRAPHIC"", ""updated"": ""2026-06-10T21:52:12Z"", ""sat:absolute_orbit"": 5324, ""product:acquisition_type"": ""nominal""}"
BIO_S1_SCS__1S_20251201T084450_20251201T084511_T_G01_M01_C04_T020_F297_01_DKPU0C,BIO_S1_SCS__1S_20251201T084450_20251201T084511_T_G01_M01_C04_T020_F297_01_DKPU0C,BiomassLevel1a,SCS,T020,F297,2025-12-01T08:44:50.957Z,2025-12-01T08:45:11.747Z,4,ASCENDING,"{""processing:facility"": ""Biomass CPF"", ""product:type"": ""S1_SCS__1S"", ""eofeos:global_coverage_id"": ""1"", ""sat:anx_datetime"": ""2025-12-01T07:11:06.061Z"", ""platform"": ""Biomass"", ""eofeos:major_cycle_id"": ""1"", ""datetime"": ""2025-12-01T08:44:50.957Z"", ""instruments"": [""P-SAR""], ""constellation"": ""Biomass"", ""storage:schemes"": {""biomass-pdgs-01"": {""bucket"": ""biomass-pdgs-01"", ""description"": ""This endpoint provides access to EO data which is stored on the object storage of the ESA MAAP. See the [documentation](https://portal.maap.eo.esa.int/dataaccess/) for more information, including how to get credentials."", ""type"": ""custom-s3"", ""title"": ""ESA MAAP S3"", ""region"": ""gra"", ""platform"": ""https://{bucket}.s3.{region}.io.cloud.ovh.net""}}, ""eopf:datatake_id"": ""25957801"", ""processing:software"": {""Biomass L1 Processor"": ""4.2.2""}, ""eopf:instrument_configuration_id"": 0, ""grid:code"": ""WRS-20-297"", ""processing:level"": ""L1A"", ""proj:code"": ""EPSG:4326"", ""sci:doi"": ""10.57780/bio-bef83b4"", ""created"": ""2026-01-04T16:05:00Z"", ""published"": ""2025-12-01T08:45:11.747Z"", ""version"": ""01"", ""sar:observation_direction"": ""left"", ""sar:polarizations"": [""HH"", ""HV"", ""VH"", ""VV""], ""auth:schemes"": {""s3"": {""type"": ""s3""}, ""oidc"": {""openIdConnectUrl"": ""https://iam.ascend.icsgate.eu/realms/esa-maap/.well-known/openid-configuration"", ""type"": ""openIdConnect""}}, ""sar:instrument_mode"": ""SM"", ""eofeos:orbit_drift_flag"": false, ""processing:datetime"": ""2026-01-04T16:05:00Z"", ""eofeos:mission_phase"": ""TOMOGRAPHIC"", ""updated"": ""2026-05-17T10:12:37Z"", ""sat:absolute_orbit"": 3168, ""product:acquisition_type"": ""nominal""}"
BIO_S1_SCS__1S_20251201T084451_20251201T084511_T_G01_M01_C04_T020_F297_01_DO0HXW,BIO_S1_SCS__1S_20251201T084451_20251201T084511_T_G01_M01_C04_T020_F297_01_DO0HXW,BiomassLevel1a,SCS,T020,F297,2025-12-01T08:44:51.154Z,2025-12-01T08:45:11.551Z,4,ASCENDING,"{""processing:facility"": ""Biomass CPF"", ""product:type"": ""S1_SCS__1S"", ""eofeos:global_coverage_id"": ""1"", ""sat:anx_datetime"": ""2025-12-01T07:11:06.061Z"", ""platform"": ""Biomass"", ""eofeos:major_cycle_id"": ""1"", ""datetime"": ""2025-12-01T08:44:51.154Z"", ""instruments"": [""P-SAR""], ""constellation"": ""Biomass"", ""storage:schemes"": {""biomass-pdgs-01"": {""bucket"": ""biomass-pdgs-01"", ""description"": ""This endpoint provides access to EO data which is stored on the object storage of the ESA MAAP. See the [documentation](https://portal.maap.eo.esa.int/dataaccess/) for more information, including how to get credentials."", ""type"": ""custom-s3"", ""title"": ""ESA MAAP S3"", ""region"": ""gra"", ""platform"": ""https://{bucket}.s3.{region}.io.cloud.ovh.net""}}, ""eopf:datatake_id"": ""25957801"", ""processing:software"": {""Biomass L1 Processor"": ""4.3.1""}, ""eopf:instrument_configuration_id"": 0, ""grid:code"": ""WRS-20-297"", ""processing:level"": ""L1A"", ""proj:code"": ""EPSG:4326"", ""sci:doi"": ""10.57780/bio-bef83b4"", ""created"": ""2026-03-09T17:58:44Z"", ""published"": ""2025-12-01T08:45:11.551Z"", ""version"": ""01"", ""sar:observation_direction"": ""left"", ""sar:polarizations"": [""HH"", ""HV"", ""VH"", ""VV""], ""auth:schemes"": {""s3"": {""type"": ""s3""}, ""oidc"": {""openIdConnectUrl"": ""https://iam.ascend.icsgate.eu/realms/esa-maap/.well-known/openid-configuration"", ""type"": ""openIdConnect""}}, ""sar:instrument_mode"": ""SM"", ""eofeos:orbit_drift_flag"": false, ""processing:datetime"": ""2026-03-09T17:58:44Z"", ""eofeos:mission_phase"": ""TOMOGRAPHIC"", ""updated"": ""2026-05-17T10:12:37Z"", ""sat:absolute_orbit"": 3168, ""product:acquisition_type"": ""nominal""}"
BIO_S1_SCS__1S_20251204T084453_20251204T084513_T_G01_M01_C05_T020_F297_01_DO3WG1,BIO_S1_SCS__1S_20251204T084453_20251204T084513_T_G01_M01_C05_T020_F297_01_DO3WG1,BiomassLevel1a,SCS,T020,F297,2025-12-04T08:44:53.017Z,2025-12-04T08:45:13.415Z,5,ASCENDING,"{""processing:facility"": ""Biomass CPF"", ""product:type"": ""S1_SCS__1S"", ""eofeos:global_coverage_id"": ""1"", ""sat:anx_datetime"": ""2025-12-04T07:11:07.927Z"", ""platform"": ""Biomass"", ""eofeos:major_cycle_id"": ""1"", ""datetime"": ""2025-12-04T08:44:53.017Z"", ""instruments"": [""P-SAR""], ""constellation"": ""Biomass"", ""storage:schemes"": {""biomass-pdgs-01"": {""bucket"": ""biomass-pdgs-01"", ""description"": ""This endpoint provides access to EO data which is stored on the object storage of the ESA MAAP. See the [documentation](https://portal.maap.eo.esa.int/dataaccess/) for more information, including how to get credentials."", ""type"": ""custom-s3"", ""title"": ""ESA MAAP S3"", ""region"": ""gra"", ""platform"": ""https://{bucket}.s3.{region}.io.cloud.ovh.net""}}, ""eopf:datatake_id"": ""26318249"", ""processing:software"": {""Biomass L1 Processor"": ""4.3.1""}, ""eopf:instrument_configuration_id"": 0, ""grid:code"": ""WRS-20-297"", ""processing:level"": ""L1A"", ""proj:code"": ""EPSG:4326"", ""sci:doi"": ""10.57780/bio-bef83b4"", ""created"": ""2026-03-11T14:04:49Z"", ""published"": ""2025-12-04T08:45:13.415Z"", ""version"": ""01"", ""sar:observation_direction"": ""left"", ""sar:polarizations"": [""HH"", ""HV"", ""VH"", ""VV""], ""auth:schemes"": {""s3"": {""type"": ""s3""}, ""oidc"": {""openIdConnectUrl"": ""https://iam.ascend.icsgate.eu/realms/esa-maap/.well-known/openid-configuration"", ""type"": ""openIdConnect""}}, ""sar:instrument_mode"": ""SM"", ""eofeos:orbit_drift_flag"": false, ""processing:datetime"": ""2026-03-11T14:04:49Z"", ""eofeos:mission_phase"": ""TOMOGRAPHIC"", ""updated"": ""2026-05-17T10:22:14Z"", ""sat:absolute_orbit"": 3212, ""product:acquisition_type"": ""nominal""}"
BIO_S1_SCS__1S_20260301T084940_20260301T085000_T_G01_M02_C07_T020_F297_01_DNLUTI,BIO_S1_SCS__1S_20260301T084940_20260301T085000_T_G01_M02_C07_T020_F297_01_DNLUTI,BiomassLevel1a,SCS,T020,F297,2026-03-01T08:49:40.138Z,2026-03-01T08:50:00.536Z,7,ASCENDING,"{""processing:facility"": ""Biomass CPF"", ""product:type"": ""S1_SCS__1S"", ""eofeos:global_coverage_id"": ""1"", ""sat:anx_datetime"": ""2026-03-01T07:15:55.044Z"", ""platform"": ""Biomass"", ""eofeos:major_cycle_id"": ""2"", ""datetime"": ""2026-03-01T08:49:40.138Z"", ""instruments"": [""P-SAR""], ""constellation"": ""Biomass"", ""storage:schemes"": {""biomass-pdgs-01"": {""bucket"": ""biomass-pdgs-01"", ""description"": ""This endpoint provides access to EO data which is stored on the object storage of the ESA MAAP. See the [documentation](https://portal.maap.eo.esa.int/dataaccess/) for more information, including how to get credentials."", ""type"": ""custom-s3"", ""title"": ""ESA MAAP S3"", ""region"": ""gra"", ""platform"": ""https://{bucket}.s3.{region}.io.cloud.ovh.net""}}, ""eopf:datatake_id"": ""36771220"", ""processing:software"": {""Biomass L1 Processor"": ""4.3.1""}, ""eopf:instrument_configuration_id"": 0, ""grid:code"": ""WRS-20-297"", ""processing:level"": ""L1A"", ""proj:code"": ""EPSG:4326"", ""sci:doi"": ""10.57780/bio-bef83b4"", ""created"": ""2026-03-01T20:12:54Z"", ""published"": ""2026-03-01T08:50:00.536Z"", ""version"": ""01"", ""sar:observation_direction"": ""left"", ""sar:polarizations"": [""HH"", ""HV"", ""VH"", ""VV""], ""auth:schemes"": {""s3"": {""type"": ""s3""}, ""oidc"": {""openIdConnectUrl"": ""https://iam.ascend.icsgate.eu/realms/esa-maap/.well-known/openid-configuration"", ""type"": ""openIdConnect""}}, ""sar:instrument_mode"": ""SM"", ""eofeos:orbit_drift_flag"": false, ""processing:datetime"": ""2026-03-01T20:12:54Z"", ""eofeos:mission_phase"": ""TOMOGRAPHIC"", ""updated"": ""2026-05-17T13:24:26Z"", ""sat:absolute_orbit"": 4488, ""product:acquisition_type"": ""nominal""}"
BIO_S1_SCS__1S_20260424T085408_20260424T085429_T_G01_M03_C01_T020_F297_02_DQDXG4,BIO_S1_SCS__1S_20260424T085408_20260424T085429_T_G01_M03_C01_T020_F297_02_DQDXG4,BiomassLevel1a,SCS,T020,F297,2026-04-24T08:54:08.910Z,2026-04-24T08:54:29.309Z,1,ASCENDING,"{""processing:facility"": ""Biomass CPF"", ""product:type"": ""S1_SCS__1S"", ""eofeos:global_coverage_id"": ""1"", ""sat:anx_datetime"": ""2026-04-24T07:20:23.798Z"", ""platform"": ""Biomass"", ""eofeos:major_cycle_id"": ""3"", ""datetime"": ""2026-04-24T08:54:08.910Z"", ""instruments"": [""P-SAR""], ""constellation"": ""Biomass"", ""storage:schemes"": {""biomass-pdgs-01"": {""bucket"": ""biomass-pdgs-01"", ""description"": ""This endpoint provides access to EO data which is stored on the object storage of the ESA MAAP. See the [documentation](https://portal.maap.eo.esa.int/dataaccess/) for more information, including how to get credentials."", ""type"": ""custom-s3"", ""title"": ""ESA MAAP S3"", ""region"": ""gra"", ""platform"": ""https://{bucket}.s3.{region}.io.cloud.ovh.net""}}, ""eopf:datatake_id"": ""43259273"", ""processing:software"": {""Biomass L1 Processor"": ""4.4.2""}, ""eopf:instrument_configuration_id"": 0, ""grid:code"": ""WRS-20-297"", ""processing:level"": ""L1A"", ""proj:code"": ""EPSG:4326"", ""sci:doi"": ""10.57780/bio-bef83b4"", ""created"": ""2026-04-24T21:09:40Z"", ""published"": ""2026-04-24T08:54:29.309Z"", ""version"": ""02"", ""sar:observation_direction"": ""left"", ""sar:polarizations"": [""HH"", ""HV"", ""VH"", ""VV""], ""auth:schemes"": {""s3"": {""type"": ""s3""}, ""oidc"": {""openIdConnectUrl"": ""https://iam.ascend.icsgate.eu/realms/esa-maap/.well-known/openid-configuration"", ""type"": ""openIdConnect""}}, ""sar:instrument_mode"": ""SM"", ""eofeos:orbit_drift_flag"": false, ""processing:datetime"": ""2026-04-24T21:09:40Z"", ""eofeos:mission_phase"": ""TOMOGRAPHIC"", ""updated"": ""2026-06-09T16:46:47Z"", ""sat:absolute_orbit"": 5280, ""product:acquisition_type"": ""nominal""}"
BIO_S1_SCS__1S_20260427T085410_20260427T085431_T_G01_M03_C02_T020_F297_02_DQJHIV,BIO_S1_SCS__1S_20260427T085410_20260427T085431_T_G01_M03_C02_T020_F297_02_DQJHIV,BiomassLevel1a,SCS,T020,F297,2026-04-27T08:54:10.822Z,2026-04-27T08:54:31.221Z,2,ASCENDING,"{""processing:facility"": ""Biomass CPF"", ""product:type"": ""S1_SCS__1S"", ""eofeos:global_coverage_id"": ""1"", ""sat:anx_datetime"": ""2026-04-27T07:20:25.711Z"", ""platform"": ""Biomass"", ""eofeos:major_cycle_id"": ""3"", ""datetime"": ""2026-04-27T08:54:10.822Z"", ""instruments"": [""P-SAR""], ""constellation"": ""Biomass"", ""storage:schemes"": {""biomass-pdgs-01"": {""bucket"": ""biomass-pdgs-01"", ""description"": ""This endpoint provides access to EO data which is stored on the object storage of the ESA MAAP. See the [documentation](https://portal.maap.eo.esa.int/dataaccess/) for more information, including how to get credentials."", ""type"": ""custom-s3"", ""title"": ""ESA MAAP S3"", ""region"": ""gra"", ""platform"": ""https://{bucket}.s3.{region}.io.cloud.ovh.net""}}, ""eopf:datatake_id"": ""43619721"", ""processing:software"": {""Biomass L1 Processor"": ""4.4.2""}, ""eopf:instrument_configuration_id"": 0, ""grid:code"": ""WRS-20-297"", ""processing:level"": ""L1A"", ""proj:code"": ""EPSG:4326"", ""sci:doi"": ""10.57780/bio-bef83b4"", ""created"": ""2026-04-27T21:11:19Z"", ""published"": ""2026-04-27T08:54:31.221Z"", ""version"": ""02"", ""sar:observation_direction"": ""left"", ""sar:polarizations"": [""HH"", ""HV"", ""VH"", ""VV""], ""auth:schemes"": {""s3"": {""type"": ""s3""}, ""oidc"": {""openIdConnectUrl"": ""https://iam.ascend.icsgate.eu/realms/esa-maap/.well-known/openid-configuration"", ""type"": ""openIdConnect""}}, ""sar:instrument_mode"": ""SM"", ""eofeos:orbit_drift_flag"": false, ""processing:datetime"": ""2026-04-27T21:11:19Z"", ""eofeos:mission_phase"": ""TOMOGRAPHIC"", ""updated"": ""2026-06-10T21:52:12Z"", ""sat:absolute_orbit"": 5324, ""product:acquisition_type"": ""nominal""}"
BIO_S1_SCS__1S_20251204T084512_20251204T084532_T_G01_M01_C05_T020_F298_01_DO3WEZ,BIO_S1_SCS__1S_20251204T084512_20251204T084532_T_G01_M01_C05_T020_F298_01_DO3WEZ,BiomassLevel1a,SCS,T020,F298,2025-12-04T08:45:12.030Z,2025-12-04T08:45:32.426Z,5,ASCENDING,"{""processing:facility"": ""Biomass CPF"", ""product:type"": ""S1_SCS__1S"", ""eofeos:global_coverage_id"": ""1"", ""sat:anx_datetime"": ""2025-12-04T07:11:07.927Z"", ""platform"": ""Biomass"", ""eofeos:major_cycle_id"": ""1"", ""datetime"": ""2025-12-04T08:45:12.030Z"", ""instruments"": [""P-SAR""], ""constellation"": ""Biomass"", ""storage:schemes"": {""biomass-pdgs-01"": {""bucket"": ""biomass-pdgs-01"", ""description"": ""This endpoint provides access to EO data which is stored on the object storage of the ESA MAAP. See the [documentation](https://portal.maap.eo.esa.int/dataaccess/) for more information, including how to get credentials."", ""type"": ""custom-s3"", ""title"": ""ESA MAAP S3"", ""region"": ""gra"", ""platform"": ""https://{bucket}.s3.{region}.io.cloud.ovh.net""}}, ""eopf:datatake_id"": ""26318249"", ""processing:software"": {""Biomass L1 Processor"": ""4.3.1""}, ""eopf:instrument_configuration_id"": 0, ""grid:code"": ""WRS-20-298"", ""processing:level"": ""L1A"", ""proj:code"": ""EPSG:4326"", ""sci:doi"": ""10.57780/bio-bef83b4"", ""created"": ""2026-03-11T14:04:11Z"", ""published"": ""2025-12-04T08:45:32.426Z"", ""version"": ""01"", ""sar:observation_direction"": ""left"", ""sar:polarizations"": [""HH"", ""HV"", ""VH"", ""VV""], ""auth:schemes"": {""s3"": {""type"": ""s3""}, ""oidc"": {""openIdConnectUrl"": ""https://iam.ascend.icsgate.eu/realms/esa-maap/.well-known/openid-configuration"", ""type"": ""openIdConnect""}}, ""sar:instrument_mode"": ""SM"", ""eofeos:orbit_drift_flag"": false, ""processing:datetime"": ""2026-03-11T14:04:11Z"", ""eofeos:mission_phase"": ""TOMOGRAPHIC"", ""updated"": ""2026-05-17T10:22:14Z"", ""sat:absolute_orbit"": 3212, ""product:acquisition_type"": ""nominal""}"
BIO_S1_SCS__1S_20260301T084959_20260301T085019_T_G01_M02_C07_T020_F298_01_DNLUT1,BIO_S1_SCS__1S_20260301T084959_20260301T085019_T_G01_M02_C07_T020_F298_01_DNLUT1,BiomassLevel1a,SCS,T020,F298,2026-03-01T08:49:59.153Z,2026-03-01T08:50:19.550Z,7,ASCENDING,"{""processing:facility"": ""Biomass CPF"", ""product:type"": ""S1_SCS__1S"", ""eofeos:global_coverage_id"": ""1"", ""sat:anx_datetime"": ""2026-03-01T07:15:55.044Z"", ""platform"": ""Biomass"", ""eofeos:major_cycle_id"": ""2"", ""datetime"": ""2026-03-01T08:49:59.153Z"", ""instruments"": [""P-SAR""], ""constellation"": ""Biomass"", ""storage:schemes"": {""biomass-pdgs-01"": {""bucket"": ""biomass-pdgs-01"", ""description"": ""This endpoint provides access to EO data which is stored on the object storage of the ESA MAAP. See the [documentation](https://portal.maap.eo.esa.int/dataaccess/) for more information, including how to get credentials."", ""type"": ""custom-s3"", ""title"": ""ESA MAAP S3"", ""region"": ""gra"", ""platform"": ""https://{bucket}.s3.{region}.io.cloud.ovh.net""}}, ""eopf:datatake_id"": ""36771220"", ""processing:software"": {""Biomass L1 Processor"": ""4.3.1""}, ""eopf:instrument_configuration_id"": 0, ""grid:code"": ""WRS-20-298"", ""processing:level"": ""L1A"", ""proj:code"": ""EPSG:4326"", ""sci:doi"": ""10.57780/bio-bef83b4"", ""created"": ""2026-03-01T20:12:37Z"", ""published"": ""2026-03-01T08:50:19.550Z"", ""version"": ""01"", ""sar:observation_direction"": ""left"", ""sar:polarizations"": [""HH"", ""HV"", ""VH"", ""VV""], ""auth:schemes"": {""s3"": {""type"": ""s3""}, ""oidc"": {""openIdConnectUrl"": ""https://iam.ascend.icsgate.eu/realms/esa-maap/.well-known/openid-configuration"", ""type"": ""openIdConnect""}}, ""sar:instrument_mode"": ""SM"", ""eofeos:orbit_drift_flag"": false, ""processing:datetime"": ""2026-03-01T20:12:37Z"", ""eofeos:mission_phase"": ""TOMOGRAPHIC"", ""updated"": ""2026-05-17T13:24:26Z"", ""sat:absolute_orbit"": 4488, ""product:acquisition_type"": ""nominal""}"
BIO_S1_SCS__1S_20260424T085427_20260424T085448_T_G01_M03_C01_T020_F298_02_DQDXG7,BIO_S1_SCS__1S_20260424T085427_20260424T085448_T_G01_M03_C01_T020_F298_02_DQDXG7,BiomassLevel1a,SCS,T020,F298,2026-04-24T08:54:27.924Z,2026-04-24T08:54:48.321Z,1,ASCENDING,"{""processing:facility"": ""Biomass CPF"", ""product:type"": ""S1_SCS__1S"", ""eofeos:global_coverage_id"": ""1"", ""sat:anx_datetime"": ""2026-04-24T07:20:23.798Z"", ""platform"": ""Biomass"", ""eofeos:major_cycle_id"": ""3"", ""datetime"": ""2026-04-24T08:54:27.924Z"", ""instruments"": [""P-SAR""], ""constellation"": ""Biomass"", ""storage:schemes"": {""biomass-pdgs-01"": {""bucket"": ""biomass-pdgs-01"", ""description"": ""This endpoint provides access to EO data which is stored on the object storage of the ESA MAAP. See the [documentation](https://portal.maap.eo.esa.int/dataaccess/) for more information, including how to get credentials."", ""type"": ""custom-s3"", ""title"": ""ESA MAAP S3"", ""region"": ""gra"", ""platform"": ""https://{bucket}.s3.{region}.io.cloud.ovh.net""}}, ""eopf:datatake_id"": ""43259273"", ""processing:software"": {""Biomass L1 Processor"": ""4.4.2""}, ""eopf:instrument_configuration_id"": 0, ""grid:code"": ""WRS-20-298"", ""processing:level"": ""L1A"", ""proj:code"": ""EPSG:4326"", ""sci:doi"": ""10.57780/bio-bef83b4"", ""created"": ""2026-04-24T21:09:43Z"", ""published"": ""2026-04-24T08:54:48.321Z"", ""version"": ""02"", ""sar:observation_direction"": ""left"", ""sar:polarizations"": [""HH"", ""HV"", ""VH"", ""VV""], ""auth:schemes"": {""s3"": {""type"": ""s3""}, ""oidc"": {""openIdConnectUrl"": ""https://iam.ascend.icsgate.eu/realms/esa-maap/.well-known/openid-configuration"", ""type"": ""openIdConnect""}}, ""sar:instrument_mode"": ""SM"", ""eofeos:orbit_drift_flag"": false, ""processing:datetime"": ""2026-04-24T21:09:43Z"", ""eofeos:mission_phase"": ""TOMOGRAPHIC"", ""updated"": ""2026-06-09T16:46:48Z"", ""sat:absolute_orbit"": 5280, ""product:acquisition_type"": ""nominal""}"
BIO_S1_SCS__1S_20251201T084529_20251201T084549_T_G01_M01_C04_T020_F299_01_DO0HXW,BIO_S1_SCS__1S_20251201T084529_20251201T084549_T_G01_M01_C04_T020_F299_01_DO0HXW,BiomassLevel1a,SCS,T020,F299,2025-12-01T08:45:29.180Z,2025-12-01T08:45:49.575Z,4,ASCENDING,"{""processing:facility"": ""Biomass CPF"", ""product:type"": ""S1_SCS__1S"", ""eofeos:global_coverage_id"": ""1"", ""sat:anx_datetime"": ""2025-12-01T07:11:06.061Z"", ""platform"": ""Biomass"", ""eofeos:major_cycle_id"": ""1"", ""datetime"": ""2025-12-01T08:45:29.180Z"", ""instruments"": [""P-SAR""], ""constellation"": ""Biomass"", ""storage:schemes"": {""biomass-pdgs-01"": {""bucket"": ""biomass-pdgs-01"", ""description"": ""This endpoint provides access to EO data which is stored on the object storage of the ESA MAAP. See the [documentation](https://portal.maap.eo.esa.int/dataaccess/) for more information, including how to get credentials."", ""type"": ""custom-s3"", ""title"": ""ESA MAAP S3"", ""region"": ""gra"", ""platform"": ""https://{bucket}.s3.{region}.io.cloud.ovh.net""}}, ""eopf:datatake_id"": ""25957801"", ""processing:software"": {""Biomass L1 Processor"": ""4.3.1""}, ""eopf:instrument_configuration_id"": 0, ""grid:code"": ""WRS-20-299"", ""processing:level"": ""L1A"", ""proj:code"": ""EPSG:4326"", ""sci:doi"": ""10.57780/bio-bef83b4"", ""created"": ""2026-03-09T17:58:44Z"", ""published"": ""2025-12-01T08:45:49.575Z"", ""version"": ""01"", ""sar:observation_direction"": ""left"", ""sar:polarizations"": [""HH"", ""HV"", ""VH"", ""VV""], ""auth:schemes"": {""s3"": {""type"": ""s3""}, ""oidc"": {""openIdConnectUrl"": ""https://iam.ascend.icsgate.eu/realms/esa-maap/.well-known/openid-configuration"", ""type"": ""openIdConnect""}}, ""sar:instrument_mode"": ""SM"", ""eofeos:orbit_drift_flag"": false, ""processing:datetime"": ""2026-03-09T17:58:44Z"", ""eofeos:mission_phase"": ""TOMOGRAPHIC"", ""updated"": ""2026-05-17T10:12:37Z"", ""sat:absolute_orbit"": 3168, ""product:acquisition_type"": ""nominal""}"
BIO_S1_SCS__1S_20260211T085007_20260211T085027_T_G01_M02_C01_T020_F299_01_DMOHLZ,BIO_S1_SCS__1S_20260211T085007_20260211T085027_T_G01_M02_C01_T020_F299_01_DMOHLZ,BiomassLevel1a,SCS,T020,F299,2026-02-11T08:50:07.234Z,2026-02-11T08:50:27.631Z,1,ASCENDING,"{""processing:facility"": ""Biomass CPF"", ""product:type"": ""S1_SCS__1S"", ""eofeos:global_coverage_id"": ""1"", ""sat:anx_datetime"": ""2026-02-11T07:15:44.105Z"", ""platform"": ""Biomass"", ""eofeos:major_cycle_id"": ""2"", ""datetime"": ""2026-02-11T08:50:07.234Z"", ""instruments"": [""P-SAR""], ""constellation"": ""Biomass"", ""storage:schemes"": {""biomass-pdgs-01"": {""bucket"": ""biomass-pdgs-01"", ""description"": ""This endpoint provides access to EO data which is stored on the object storage of the ESA MAAP. See the [documentation](https://portal.maap.eo.esa.int/dataaccess/) for more information, including how to get credentials."", ""type"": ""custom-s3"", ""title"": ""ESA MAAP S3"", ""region"": ""gra"", ""platform"": ""https://{bucket}.s3.{region}.io.cloud.ovh.net""}}, ""eopf:datatake_id"": ""34608533"", ""processing:software"": {""Biomass L1 Processor"": ""4.3.1""}, ""eopf:instrument_configuration_id"": 0, ""grid:code"": ""WRS-20-299"", ""processing:level"": ""L1A"", ""proj:code"": ""EPSG:4326"", ""sci:doi"": ""10.57780/bio-bef83b4"", ""created"": ""2026-02-11T19:46:47Z"", ""published"": ""2026-02-11T08:50:27.631Z"", ""version"": ""01"", ""sar:observation_direction"": ""left"", ""sar:polarizations"": [""HH"", ""HV"", ""VH"", ""VV""], ""auth:schemes"": {""s3"": {""type"": ""s3""}, ""oidc"": {""openIdConnectUrl"": ""https://iam.ascend.icsgate.eu/realms/esa-maap/.well-known/openid-configuration"", ""type"": ""openIdConnect""}}, ""sar:instrument_mode"": ""SM"", ""eofeos:orbit_drift_flag"": false, ""processing:datetime"": ""2026-02-11T19:46:47Z"", ""eofeos:mission_phase"": ""TOMOGRAPHIC"", ""updated"": ""2026-05-17T12:40:36Z"", ""sat:absolute_orbit"": 4224, ""product:acquisition_type"": ""nominal""}"
BIO_S1_SCS__1S_20260301T085037_20260301T085057_T_G01_M02_C07_T020_F300_01_DNLUV9,BIO_S1_SCS__1S_20260301T085037_20260301T085057_T_G01_M02_C07_T020_F300_01_DNLUV9,BiomassLevel1a,SCS,T020,F300,2026-03-01T08:50:37.175Z,2026-03-01T08:50:57.570Z,7,ASCENDING,"{""processing:facility"": ""Biomass CPF"", ""product:type"": ""S1_SCS__1S"", ""eofeos:global_coverage_id"": ""1"", ""sat:anx_datetime"": ""2026-03-01T07:15:55.044Z"", ""platform"": ""Biomass"", ""eofeos:major_cycle_id"": ""2"", ""datetime"": ""2026-03-01T08:50:37.175Z"", ""instruments"": [""P-SAR""], ""constellation"": ""Biomass"", ""storage:schemes"": {""biomass-pdgs-01"": {""bucket"": ""biomass-pdgs-01"", ""description"": ""This endpoint provides access to EO data which is stored on the object storage of the ESA MAAP. See the [documentation](https://portal.maap.eo.esa.int/dataaccess/) for more information, including how to get credentials."", ""type"": ""custom-s3"", ""title"": ""ESA MAAP S3"", ""region"": ""gra"", ""platform"": ""https://{bucket}.s3.{region}.io.cloud.ovh.net""}}, ""eopf:datatake_id"": ""36771220"", ""processing:software"": {""Biomass L1 Processor"": ""4.3.1""}, ""eopf:instrument_configuration_id"": 0, ""grid:code"": ""WRS-20-300"", ""processing:level"": ""L1A"", ""proj:code"": ""EPSG:4326"", ""sci:doi"": ""10.57780/bio-bef83b4"", ""created"": ""2026-03-01T20:13:57Z"", ""published"": ""2026-03-01T08:50:57.570Z"", ""version"": ""01"", ""sar:observation_direction"": ""left"", ""sar:polarizations"": [""HH"", ""HV"", ""VH"", ""VV""], ""auth:schemes"": {""s3"": {""type"": ""s3""}, ""oidc"": {""openIdConnectUrl"": ""https://iam.ascend.icsgate.eu/realms/esa-maap/.well-known/openid-configuration"", ""type"": ""openIdConnect""}}, ""sar:instrument_mode"": ""SM"", ""eofeos:orbit_drift_flag"": false, ""processing:datetime"": ""2026-03-01T20:13:57Z"", ""eofeos:mission_phase"": ""TOMOGRAPHIC"", ""updated"": ""2026-05-17T13:24:26Z"", ""sat:absolute_orbit"": 4488, ""product:acquisition_type"": ""nominal""}"
BIO_S1_SCS__1S_20260424T085505_20260424T085526_T_G01_M03_C01_T020_F300_02_DQDXG3,BIO_S1_SCS__1S_20260424T085505_20260424T085526_T_G01_M03_C01_T020_F300_02_DQDXG3,BiomassLevel1a,SCS,T020,F300,2026-04-24T08:55:05.949Z,2026-04-24T08:55:26.344Z,1,ASCENDING,"{""processing:facility"": ""Biomass CPF"", ""product:type"": ""S1_SCS__1S"", ""eofeos:global_coverage_id"": ""1"", ""sat:anx_datetime"": ""2026-04-24T07:20:23.798Z"", ""platform"": ""Biomass"", ""eofeos:major_cycle_id"": ""3"", ""datetime"": ""2026-04-24T08:55:05.949Z"", ""instruments"": [""P-SAR""], ""constellation"": ""Biomass"", ""storage:schemes"": {""biomass-pdgs-01"": {""bucket"": ""biomass-pdgs-01"", ""description"": ""This endpoint provides access to EO data which is stored on the object storage of the ESA MAAP. See the [documentation](https://portal.maap.eo.esa.int/dataaccess/) for more information, including how to get credentials."", ""type"": ""custom-s3"", ""title"": ""ESA MAAP S3"", ""region"": ""gra"", ""platform"": ""https://{bucket}.s3.{region}.io.cloud.ovh.net""}}, ""eopf:datatake_id"": ""43259273"", ""processing:software"": {""Biomass L1 Processor"": ""4.4.2""}, ""eopf:instrument_configuration_id"": 0, ""grid:code"": ""WRS-20-300"", ""processing:level"": ""L1A"", ""proj:code"": ""EPSG:4326"", ""sci:doi"": ""10.57780/bio-bef83b4"", ""created"": ""2026-04-24T21:09:39Z"", ""published"": ""2026-04-24T08:55:26.344Z"", ""version"": ""02"", ""sar:observation_direction"": ""left"", ""sar:polarizations"": [""HH"", ""HV"", ""VH"", ""VV""], ""auth:schemes"": {""s3"": {""type"": ""s3""}, ""oidc"": {""openIdConnectUrl"": ""https://iam.ascend.icsgate.eu/realms/esa-maap/.well-known/openid-configuration"", ""type"": ""openIdConnect""}}, ""sar:instrument_mode"": ""SM"", ""eofeos:orbit_drift_flag"": false, ""processing:datetime"": ""2026-04-24T21:09:39Z"", ""eofeos:mission_phase"": ""TOMOGRAPHIC"", ""updated"": ""2026-06-09T16:46:48Z"", ""sat:absolute_orbit"": 5280, ""product:acquisition_type"": ""nominal""}"
BIO_S1_SCS__1S_20260427T085507_20260427T085528_T_G01_M03_C02_T020_F300_02_DQJHJX,BIO_S1_SCS__1S_20260427T085507_20260427T085528_T_G01_M03_C02_T020_F300_02_DQJHJX,BiomassLevel1a,SCS,T020,F300,2026-04-27T08:55:07.861Z,2026-04-27T08:55:28.256Z,2,ASCENDING,"{""processing:facility"": ""Biomass CPF"", ""product:type"": ""S1_SCS__1S"", ""eofeos:global_coverage_id"": ""1"", ""sat:anx_datetime"": ""2026-04-27T07:20:25.711Z"", ""platform"": ""Biomass"", ""eofeos:major_cycle_id"": ""3"", ""datetime"": ""2026-04-27T08:55:07.861Z"", ""instruments"": [""P-SAR""], ""constellation"": ""Biomass"", ""storage:schemes"": {""biomass-pdgs-01"": {""bucket"": ""biomass-pdgs-01"", ""description"": ""This endpoint provides access to EO data which is stored on the object storage of the ESA MAAP. See the [documentation](https://portal.maap.eo.esa.int/dataaccess/) for more information, including how to get credentials."", ""type"": ""custom-s3"", ""title"": ""ESA MAAP S3"", ""region"": ""gra"", ""platform"": ""https://{bucket}.s3.{region}.io.cloud.ovh.net""}}, ""eopf:datatake_id"": ""43619721"", ""processing:software"": {""Biomass L1 Processor"": ""4.4.2""}, ""eopf:instrument_configuration_id"": 0, ""grid:code"": ""WRS-20-300"", ""processing:level"": ""L1A"", ""proj:code"": ""EPSG:4326"", ""sci:doi"": ""10.57780/bio-bef83b4"", ""created"": ""2026-04-27T21:11:57Z"", ""published"": ""2026-04-27T08:55:28.256Z"", ""version"": ""02"", ""sar:observation_direction"": ""left"", ""sar:polarizations"": [""HH"", ""HV"", ""VH"", ""VV""], ""auth:schemes"": {""s3"": {""type"": ""s3""}, ""oidc"": {""openIdConnectUrl"": ""https://iam.ascend.icsgate.eu/realms/esa-maap/.well-known/openid-configuration"", ""type"": ""openIdConnect""}}, ""sar:instrument_mode"": ""SM"", ""eofeos:orbit_drift_flag"": false, ""processing:datetime"": ""2026-04-27T21:11:57Z"", ""eofeos:mission_phase"": ""TOMOGRAPHIC"", ""updated"": ""2026-06-10T21:52:13Z"", ""sat:absolute_orbit"": 5324, ""product:acquisition_type"": ""nominal""}"
BIO_S1_SCS__1S_20260211T085045_20260211T085105_T_G01_M02_C01_T020_F301_01_DMOHKO,BIO_S1_SCS__1S_20260211T085045_20260211T085105_T_G01_M02_C01_T020_F301_01_DMOHKO,BiomassLevel1a,SCS,T020,F301,2026-02-11T08:50:45.257Z,2026-02-11T08:51:05.652Z,1,ASCENDING,"{""processing:facility"": ""Biomass CPF"", ""product:type"": ""S1_SCS__1S"", ""eofeos:global_coverage_id"": ""1"", ""sat:anx_datetime"": ""2026-02-11T07:15:44.105Z"", ""platform"": ""Biomass"", ""eofeos:major_cycle_id"": ""2"", ""datetime"": ""2026-02-11T08:50:45.257Z"", ""instruments"": [""P-SAR""], ""constellation"": ""Biomass"", ""storage:schemes"": {""biomass-pdgs-01"": {""bucket"": ""biomass-pdgs-01"", ""description"": ""This endpoint provides access to EO data which is stored on the object storage of the ESA MAAP. See the [documentation](https://portal.maap.eo.esa.int/dataaccess/) for more information, including how to get credentials."", ""type"": ""custom-s3"", ""title"": ""ESA MAAP S3"", ""region"": ""gra"", ""platform"": ""https://{bucket}.s3.{region}.io.cloud.ovh.net""}}, ""eopf:datatake_id"": ""34608533"", ""processing:software"": {""Biomass L1 Processor"": ""4.3.1""}, ""eopf:instrument_configuration_id"": 0, ""grid:code"": ""WRS-20-301"", ""processing:level"": ""L1A"", ""proj:code"": ""EPSG:4326"", ""sci:doi"": ""10.57780/bio-bef83b4"", ""created"": ""2026-02-11T19:46:00Z"", ""published"": ""2026-02-11T08:51:05.652Z"", ""version"": ""01"", ""sar:observation_direction"": ""left"", ""sar:polarizations"": [""HH"", ""HV"", ""VH"", ""VV""], ""auth:schemes"": {""s3"": {""type"": ""s3""}, ""oidc"": {""openIdConnectUrl"": ""https://iam.ascend.icsgate.eu/realms/esa-maap/.well-known/openid-configuration"", ""type"": ""openIdConnect""}}, ""sar:instrument_mode"": ""SM"", ""eofeos:orbit_drift_flag"": false, ""processing:datetime"": ""2026-02-11T19:46:00Z"", ""eofeos:mission_phase"": ""TOMOGRAPHIC"", ""updated"": ""2026-05-17T12:40:37Z"", ""sat:absolute_orbit"": 4224, ""product:acquisition_type"": ""nominal""}"
BIO_S1_SCS__1S_20260301T085056_20260301T085116_T_G01_M02_C07_T020_F301_01_DNLUUI,BIO_S1_SCS__1S_20260301T085056_20260301T085116_T_G01_M02_C07_T020_F301_01_DNLUUI,BiomassLevel1a,SCS,T020,F301,2026-03-01T08:50:56.185Z,2026-03-01T08:51:16.579Z,7,ASCENDING,"{""processing:facility"": ""Biomass CPF"", ""product:type"": ""S1_SCS__1S"", ""eofeos:global_coverage_id"": ""1"", ""sat:anx_datetime"": ""2026-03-01T07:15:55.044Z"", ""platform"": ""Biomass"", ""eofeos:major_cycle_id"": ""2"", ""datetime"": ""2026-03-01T08:50:56.185Z"", ""instruments"": [""P-SAR""], ""constellation"": ""Biomass"", ""storage:schemes"": {""biomass-pdgs-01"": {""bucket"": ""biomass-pdgs-01"", ""description"": ""This endpoint provides access to EO data which is stored on the object storage of the ESA MAAP. See the [documentation](https://portal.maap.eo.esa.int/dataaccess/) for more information, including how to get credentials."", ""type"": ""custom-s3"", ""title"": ""ESA MAAP S3"", ""region"": ""gra"", ""platform"": ""https://{bucket}.s3.{region}.io.cloud.ovh.net""}}, ""eopf:datatake_id"": ""36771220"", ""processing:software"": {""Biomass L1 Processor"": ""4.3.1""}, ""eopf:instrument_configuration_id"": 0, ""grid:code"": ""WRS-20-301"", ""processing:level"": ""L1A"", ""proj:code"": ""EPSG:4326"", ""sci:doi"": ""10.57780/bio-bef83b4"", ""created"": ""2026-03-01T20:13:30Z"", ""published"": ""2026-03-01T08:51:16.579Z"", ""version"": ""01"", ""sar:observation_direction"": ""left"", ""sar:polarizations"": [""HH"", ""HV"", ""VH"", ""VV""], ""auth:schemes"": {""s3"": {""type"": ""s3""}, ""oidc"": {""openIdConnectUrl"": ""https://iam.ascend.icsgate.eu/realms/esa-maap/.well-known/openid-configuration"", ""type"": ""openIdConnect""}}, ""sar:instrument_mode"": ""SM"", ""eofeos:orbit_drift_flag"": false, ""processing:datetime"": ""2026-03-01T20:13:30Z"", ""eofeos:mission_phase"": ""TOMOGRAPHIC"", ""updated"": ""2026-05-17T13:24:26Z"", ""sat:absolute_orbit"": 4488, ""product:acquisition_type"": ""nominal""}"
BIO_S1_SCS__1S_20260424T085524_20260424T085545_T_G01_M03_C01_T020_F301_02_DQDXFR,BIO_S1_SCS__1S_20260424T085524_20260424T085545_T_G01_M03_C01_T020_F301_02_DQDXFR,BiomassLevel1a,SCS,T020,F301,2026-04-24T08:55:24.960Z,2026-04-24T08:55:45.355Z,1,ASCENDING,"{""processing:facility"": ""Biomass CPF"", ""product:type"": ""S1_SCS__1S"", ""eofeos:global_coverage_id"": ""1"", ""sat:anx_datetime"": ""2026-04-24T07:20:23.798Z"", ""platform"": ""Biomass"", ""eofeos:major_cycle_id"": ""3"", ""datetime"": ""2026-04-24T08:55:24.960Z"", ""instruments"": [""P-SAR""], ""constellation"": ""Biomass"", ""storage:schemes"": {""biomass-pdgs-01"": {""bucket"": ""biomass-pdgs-01"", ""description"": ""This endpoint provides access to EO data which is stored on the object storage of the ESA MAAP. See the [documentation](https://portal.maap.eo.esa.int/dataaccess/) for more information, including how to get credentials."", ""type"": ""custom-s3"", ""title"": ""ESA MAAP S3"", ""region"": ""gra"", ""platform"": ""https://{bucket}.s3.{region}.io.cloud.ovh.net""}}, ""eopf:datatake_id"": ""43259273"", ""processing:software"": {""Biomass L1 Processor"": ""4.4.2""}, ""eopf:instrument_configuration_id"": 0, ""grid:code"": ""WRS-20-301"", ""processing:level"": ""L1A"", ""proj:code"": ""EPSG:4326"", ""sci:doi"": ""10.57780/bio-bef83b4"", ""created"": ""2026-04-24T21:09:27Z"", ""published"": ""2026-04-24T08:55:45.355Z"", ""version"": ""02"", ""sar:observation_direction"": ""left"", ""sar:polarizations"": [""HH"", ""HV"", ""VH"", ""VV""], ""auth:schemes"": {""s3"": {""type"": ""s3""}, ""oidc"": {""openIdConnectUrl"": ""https://iam.ascend.icsgate.eu/realms/esa-maap/.well-known/openid-configuration"", ""type"": ""openIdConnect""}}, ""sar:instrument_mode"": ""SM"", ""eofeos:orbit_drift_flag"": false, ""processing:datetime"": ""2026-04-24T21:09:27Z"", ""eofeos:mission_phase"": ""TOMOGRAPHIC"", ""updated"": ""2026-06-09T16:46:49Z"", ""sat:absolute_orbit"": 5280, ""product:acquisition_type"": ""nominal""}"
BIO_S1_SCS__1S_20260427T085526_20260427T085547_T_G01_M03_C02_T020_F301_02_DQJHSB,BIO_S1_SCS__1S_20260427T085526_20260427T085547_T_G01_M03_C02_T020_F301_02_DQJHSB,BiomassLevel1a,SCS,T020,F301,2026-04-27T08:55:26.872Z,2026-04-27T08:55:47.266Z,2,ASCENDING,"{""processing:facility"": ""Biomass CPF"", ""product:type"": ""S1_SCS__1S"", ""eofeos:global_coverage_id"": ""1"", ""sat:anx_datetime"": ""2026-04-27T07:20:25.711Z"", ""platform"": ""Biomass"", ""eofeos:major_cycle_id"": ""3"", ""datetime"": ""2026-04-27T08:55:26.872Z"", ""instruments"": [""P-SAR""], ""constellation"": ""Biomass"", ""storage:schemes"": {""biomass-pdgs-01"": {""bucket"": ""biomass-pdgs-01"", ""description"": ""This endpoint provides access to EO data which is stored on the object storage of the ESA MAAP. See the [documentation](https://portal.maap.eo.esa.int/dataaccess/) for more information, including how to get credentials."", ""type"": ""custom-s3"", ""title"": ""ESA MAAP S3"", ""region"": ""gra"", ""platform"": ""https://{bucket}.s3.{region}.io.cloud.ovh.net""}}, ""eopf:datatake_id"": ""43619721"", ""processing:software"": {""Biomass L1 Processor"": ""4.4.2""}, ""eopf:instrument_configuration_id"": 0, ""grid:code"": ""WRS-20-301"", ""processing:level"": ""L1A"", ""proj:code"": ""EPSG:4326"", ""sci:doi"": ""10.57780/bio-bef83b4"", ""created"": ""2026-04-27T21:16:59Z"", ""published"": ""2026-04-27T08:55:47.266Z"", ""version"": ""02"", ""sar:observation_direction"": ""left"", ""sar:polarizations"": [""HH"", ""HV"", ""VH"", ""VV""], ""auth:schemes"": {""s3"": {""type"": ""s3""}, ""oidc"": {""openIdConnectUrl"": ""https://iam.ascend.icsgate.eu/realms/esa-maap/.well-known/openid-configuration"", ""type"": ""openIdConnect""}}, ""sar:instrument_mode"": ""SM"", ""eofeos:orbit_drift_flag"": false, ""processing:datetime"": ""2026-04-27T21:16:59Z"", ""eofeos:mission_phase"": ""TOMOGRAPHIC"", ""updated"": ""2026-06-10T21:52:13Z"", ""sat:absolute_orbit"": 5324, ""product:acquisition_type"": ""nominal""}"
BIO_S1_SCS__1S_20260301T085115_20260301T085135_T_G01_M02_C07_T020_F302_01_DNLUQR,BIO_S1_SCS__1S_20260301T085115_20260301T085135_T_G01_M02_C07_T020_F302_01_DNLUQR,BiomassLevel1a,SCS,T020,F302,2026-03-01T08:51:15.195Z,2026-03-01T08:51:35.589Z,7,ASCENDING,"{""processing:facility"": ""Biomass CPF"", ""product:type"": ""S1_SCS__1S"", ""eofeos:global_coverage_id"": ""1"", ""sat:anx_datetime"": ""2026-03-01T07:15:55.044Z"", ""platform"": ""Biomass"", ""eofeos:major_cycle_id"": ""2"", ""datetime"": ""2026-03-01T08:51:15.195Z"", ""instruments"": [""P-SAR""], ""constellation"": ""Biomass"", ""storage:schemes"": {""biomass-pdgs-01"": {""bucket"": ""biomass-pdgs-01"", ""description"": ""This endpoint provides access to EO data which is stored on the object storage of the ESA MAAP. See the [documentation](https://portal.maap.eo.esa.int/dataaccess/) for more information, including how to get credentials."", ""type"": ""custom-s3"", ""title"": ""ESA MAAP S3"", ""region"": ""gra"", ""platform"": ""https://{bucket}.s3.{region}.io.cloud.ovh.net""}}, ""eopf:datatake_id"": ""36771220"", ""processing:software"": {""Biomass L1 Processor"": ""4.3.1""}, ""eopf:instrument_configuration_id"": 0, ""grid:code"": ""WRS-20-302"", ""processing:level"": ""L1A"", ""proj:code"": ""EPSG:4326"", ""sci:doi"": ""10.57780/bio-bef83b4"", ""created"": ""2026-03-01T20:11:15Z"", ""published"": ""2026-03-01T08:51:35.589Z"", ""version"": ""01"", ""sar:observation_direction"": ""left"", ""sar:polarizations"": [""HH"", ""HV"", ""VH"", ""VV""], ""auth:schemes"": {""s3"": {""type"": ""s3""}, ""oidc"": {""openIdConnectUrl"": ""https://iam.ascend.icsgate.eu/realms/esa-maap/.well-known/openid-configuration"", ""type"": ""openIdConnect""}}, ""sar:instrument_mode"": ""SM"", ""eofeos:orbit_drift_flag"": false, ""processing:datetime"": ""2026-03-01T20:11:15Z"", ""eofeos:mission_phase"": ""TOMOGRAPHIC"", ""updated"": ""2026-05-17T13:24:27Z"", ""sat:absolute_orbit"": 4488, ""product:acquisition_type"": ""nominal""}"
BIO_S1_SCS__1S_20260424T085543_20260424T085604_T_G01_M03_C01_T020_F302_02_DQDXQ1,BIO_S1_SCS__1S_20260424T085543_20260424T085604_T_G01_M03_C01_T020_F302_02_DQDXQ1,BiomassLevel1a,SCS,T020,F302,2026-04-24T08:55:43.970Z,2026-04-24T08:56:04.364Z,1,ASCENDING,"{""processing:facility"": ""Biomass CPF"", ""product:type"": ""S1_SCS__1S"", ""eofeos:global_coverage_id"": ""1"", ""sat:anx_datetime"": ""2026-04-24T07:20:23.798Z"", ""platform"": ""Biomass"", ""eofeos:major_cycle_id"": ""3"", ""datetime"": ""2026-04-24T08:55:43.970Z"", ""instruments"": [""P-SAR""], ""constellation"": ""Biomass"", ""storage:schemes"": {""biomass-pdgs-01"": {""bucket"": ""biomass-pdgs-01"", ""description"": ""This endpoint provides access to EO data which is stored on the object storage of the ESA MAAP. See the [documentation](https://portal.maap.eo.esa.int/dataaccess/) for more information, including how to get credentials."", ""type"": ""custom-s3"", ""title"": ""ESA MAAP S3"", ""region"": ""gra"", ""platform"": ""https://{bucket}.s3.{region}.io.cloud.ovh.net""}}, ""eopf:datatake_id"": ""43259273"", ""processing:software"": {""Biomass L1 Processor"": ""4.4.2""}, ""eopf:instrument_configuration_id"": 0, ""grid:code"": ""WRS-20-302"", ""processing:level"": ""L1A"", ""proj:code"": ""EPSG:4326"", ""sci:doi"": ""10.57780/bio-bef83b4"", ""created"": ""2026-04-24T21:15:37Z"", ""published"": ""2026-04-24T08:56:04.364Z"", ""version"": ""02"", ""sar:observation_direction"": ""left"", ""sar:polarizations"": [""HH"", ""HV"", ""VH"", ""VV""], ""auth:schemes"": {""s3"": {""type"": ""s3""}, ""oidc"": {""openIdConnectUrl"": ""https://iam.ascend.icsgate.eu/realms/esa-maap/.well-known/openid-configuration"", ""type"": ""openIdConnect""}}, ""sar:instrument_mode"": ""SM"", ""eofeos:orbit_drift_flag"": false, ""processing:datetime"": ""2026-04-24T21:15:37Z"", ""eofeos:mission_phase"": ""TOMOGRAPHIC"", ""updated"": ""2026-06-09T16:46:48Z"", ""sat:absolute_orbit"": 5280, ""product:acquisition_type"": ""nominal""}"
BIO_S1_SCS__1S_20260427T085545_20260427T085606_T_G01_M03_C02_T020_F302_02_DQJHRH,BIO_S1_SCS__1S_20260427T085545_20260427T085606_T_G01_M03_C02_T020_F302_02_DQJHRH,BiomassLevel1a,SCS,T020,F302,2026-04-27T08:55:45.880Z,2026-04-27T08:56:06.274Z,2,ASCENDING,"{""processing:facility"": ""Biomass CPF"", ""product:type"": ""S1_SCS__1S"", ""eofeos:global_coverage_id"": ""1"", ""sat:anx_datetime"": ""2026-04-27T07:20:25.711Z"", ""platform"": ""Biomass"", ""eofeos:major_cycle_id"": ""3"", ""datetime"": ""2026-04-27T08:55:45.880Z"", ""instruments"": [""P-SAR""], ""constellation"": ""Biomass"", ""storage:schemes"": {""biomass-pdgs-01"": {""bucket"": ""biomass-pdgs-01"", ""description"": ""This endpoint provides access to EO data which is stored on the object storage of the ESA MAAP. See the [documentation](https://portal.maap.eo.esa.int/dataaccess/) for more information, including how to get credentials."", ""type"": ""custom-s3"", ""title"": ""ESA MAAP S3"", ""region"": ""gra"", ""platform"": ""https://{bucket}.s3.{region}.io.cloud.ovh.net""}}, ""eopf:datatake_id"": ""43619721"", ""processing:software"": {""Biomass L1 Processor"": ""4.4.2""}, ""eopf:instrument_configuration_id"": 0, ""grid:code"": ""WRS-20-302"", ""processing:level"": ""L1A"", ""proj:code"": ""EPSG:4326"", ""sci:doi"": ""10.57780/bio-bef83b4"", ""created"": ""2026-04-27T21:16:29Z"", ""published"": ""2026-04-27T08:56:06.274Z"", ""version"": ""02"", ""sar:observation_direction"": ""left"", ""sar:polarizations"": [""HH"", ""HV"", ""VH"", ""VV""], ""auth:schemes"": {""s3"": {""type"": ""s3""}, ""oidc"": {""openIdConnectUrl"": ""https://iam.ascend.icsgate.eu/realms/esa-maap/.well-known/openid-configuration"", ""type"": ""openIdConnect""}}, ""sar:instrument_mode"": ""SM"", ""eofeos:orbit_drift_flag"": false, ""processing:datetime"": ""2026-04-27T21:16:29Z"", ""eofeos:mission_phase"": ""TOMOGRAPHIC"", ""updated"": ""2026-06-10T21:52:13Z"", ""sat:absolute_orbit"": 5324, ""product:acquisition_type"": ""nominal""}"
BIO_S1_SCS__1S_20260509T085553_20260509T085614_T_G01_M03_C06_T020_F302_02_DR674H,BIO_S1_SCS__1S_20260509T085553_20260509T085614_T_G01_M03_C06_T020_F302_02_DR674H,BiomassLevel1a,SCS,T020,F302,2026-05-09T08:55:53.639Z,2026-05-09T08:56:14.033Z,6,ASCENDING,"{""processing:facility"": ""Biomass CPF"", ""product:type"": ""S1_SCS__1S"", ""eofeos:global_coverage_id"": ""1"", ""sat:anx_datetime"": ""2026-05-09T07:20:33.469Z"", ""platform"": ""Biomass"", ""eofeos:major_cycle_id"": ""3"", ""datetime"": ""2026-05-09T08:55:53.639Z"", ""instruments"": [""P-SAR""], ""constellation"": ""Biomass"", ""storage:schemes"": {""biomass-pdgs-01"": {""bucket"": ""biomass-pdgs-01"", ""description"": ""This endpoint provides access to EO data which is stored on the object storage of the ESA MAAP. See the [documentation](https://portal.maap.eo.esa.int/dataaccess/) for more information, including how to get credentials."", ""type"": ""custom-s3"", ""title"": ""ESA MAAP S3"", ""region"": ""gra"", ""platform"": ""https://{bucket}.s3.{region}.io.cloud.ovh.net""}}, ""eopf:datatake_id"": ""45061506"", ""processing:software"": {""Biomass L1 Processor"": ""4.4.3""}, ""eopf:instrument_configuration_id"": 0, ""grid:code"": ""WRS-20-302"", ""processing:level"": ""L1A"", ""proj:code"": ""EPSG:4326"", ""sci:doi"": ""10.57780/bio-bef83b4"", ""created"": ""2026-05-10T03:31:29Z"", ""published"": ""2026-05-09T08:56:14.033Z"", ""version"": ""02"", ""sar:observation_direction"": ""left"", ""sar:polarizations"": [""HH"", ""HV"", ""VH"", ""VV""], ""auth:schemes"": {""s3"": {""type"": ""s3""}, ""oidc"": {""openIdConnectUrl"": ""https://iam.ascend.icsgate.eu/realms/esa-maap/.well-known/openid-configuration"", ""type"": ""openIdConnect""}}, ""sar:instrument_mode"": ""SM"", ""eofeos:orbit_drift_flag"": false, ""processing:datetime"": ""2026-05-10T03:31:29Z"", ""eofeos:mission_phase"": ""TOMOGRAPHIC"", ""updated"": ""2026-06-10T22:41:41Z"", ""sat:absolute_orbit"": 5500, ""product:acquisition_type"": ""nominal""}"
BIO_S1_SCS__1S_20260301T085134_20260301T085154_T_G01_M02_C07_T020_F303_01_DNLUQQ,BIO_S1_SCS__1S_20260301T085134_20260301T085154_T_G01_M02_C07_T020_F303_01_DNLUQQ,BiomassLevel1a,SCS,T020,F303,2026-03-01T08:51:34.203Z,2026-03-01T08:51:54.595Z,7,ASCENDING,"{""processing:facility"": ""Biomass CPF"", ""product:type"": ""S1_SCS__1S"", ""eofeos:global_coverage_id"": ""1"", ""sat:anx_datetime"": ""2026-03-01T07:15:55.044Z"", ""platform"": ""Biomass"", ""eofeos:major_cycle_id"": ""2"", ""datetime"": ""2026-03-01T08:51:34.203Z"", ""instruments"": [""P-SAR""], ""constellation"": ""Biomass"", ""storage:schemes"": {""biomass-pdgs-01"": {""bucket"": ""biomass-pdgs-01"", ""description"": ""This endpoint provides access to EO data which is stored on the object storage of the ESA MAAP. See the [documentation](https://portal.maap.eo.esa.int/dataaccess/) for more information, including how to get credentials."", ""type"": ""custom-s3"", ""title"": ""ESA MAAP S3"", ""region"": ""gra"", ""platform"": ""https://{bucket}.s3.{region}.io.cloud.ovh.net""}}, ""eopf:datatake_id"": ""36771220"", ""processing:software"": {""Biomass L1 Processor"": ""4.3.1""}, ""eopf:instrument_configuration_id"": 0, ""grid:code"": ""WRS-20-303"", ""processing:level"": ""L1A"", ""proj:code"": ""EPSG:4326"", ""sci:doi"": ""10.57780/bio-bef83b4"", ""created"": ""2026-03-01T20:11:14Z"", ""published"": ""2026-03-01T08:51:54.595Z"", ""version"": ""01"", ""sar:observation_direction"": ""left"", ""sar:polarizations"": [""HH"", ""HV"", ""VH"", ""VV""], ""auth:schemes"": {""s3"": {""type"": ""s3""}, ""oidc"": {""openIdConnectUrl"": ""https://iam.ascend.icsgate.eu/realms/esa-maap/.well-known/openid-configuration"", ""type"": ""openIdConnect""}}, ""sar:instrument_mode"": ""SM"", ""eofeos:orbit_drift_flag"": false, ""processing:datetime"": ""2026-03-01T20:11:14Z"", ""eofeos:mission_phase"": ""TOMOGRAPHIC"", ""updated"": ""2026-05-17T13:24:27Z"", ""sat:absolute_orbit"": 4488, ""product:acquisition_type"": ""nominal""}"
BIO_S1_SCS__1S_20260424T085602_20260424T085623_T_G01_M03_C01_T020_F303_02_DQDXQF,BIO_S1_SCS__1S_20260424T085602_20260424T085623_T_G01_M03_C01_T020_F303_02_DQDXQF,BiomassLevel1a,SCS,T020,F303,2026-04-24T08:56:02.979Z,2026-04-24T08:56:23.371Z,1,ASCENDING,"{""processing:facility"": ""Biomass CPF"", ""product:type"": ""S1_SCS__1S"", ""eofeos:global_coverage_id"": ""1"", ""sat:anx_datetime"": ""2026-04-24T07:20:23.798Z"", ""platform"": ""Biomass"", ""eofeos:major_cycle_id"": ""3"", ""datetime"": ""2026-04-24T08:56:02.979Z"", ""instruments"": [""P-SAR""], ""constellation"": ""Biomass"", ""storage:schemes"": {""biomass-pdgs-01"": {""bucket"": ""biomass-pdgs-01"", ""description"": ""This endpoint provides access to EO data which is stored on the object storage of the ESA MAAP. See the [documentation](https://portal.maap.eo.esa.int/dataaccess/) for more information, including how to get credentials."", ""type"": ""custom-s3"", ""title"": ""ESA MAAP S3"", ""region"": ""gra"", ""platform"": ""https://{bucket}.s3.{region}.io.cloud.ovh.net""}}, ""eopf:datatake_id"": ""43259273"", ""processing:software"": {""Biomass L1 Processor"": ""4.4.2""}, ""eopf:instrument_configuration_id"": 0, ""grid:code"": ""WRS-20-303"", ""processing:level"": ""L1A"", ""proj:code"": ""EPSG:4326"", ""sci:doi"": ""10.57780/bio-bef83b4"", ""created"": ""2026-04-24T21:15:51Z"", ""published"": ""2026-04-24T08:56:23.371Z"", ""version"": ""02"", ""sar:observation_direction"": ""left"", ""sar:polarizations"": [""HH"", ""HV"", ""VH"", ""VV""], ""auth:schemes"": {""s3"": {""type"": ""s3""}, ""oidc"": {""openIdConnectUrl"": ""https://iam.ascend.icsgate.eu/realms/esa-maap/.well-known/openid-configuration"", ""type"": ""openIdConnect""}}, ""sar:instrument_mode"": ""SM"", ""eofeos:orbit_drift_flag"": false, ""processing:datetime"": ""2026-04-24T21:15:51Z"", ""eofeos:mission_phase"": ""TOMOGRAPHIC"", ""updated"": ""2026-06-09T16:46:49Z"", ""sat:absolute_orbit"": 5280, ""product:acquisition_type"": ""nominal""}"
BIO_S1_SCS__1S_20260427T085604_20260427T085625_T_G01_M03_C02_T020_F303_02_DQJHV1,BIO_S1_SCS__1S_20260427T085604_20260427T085625_T_G01_M03_C02_T020_F303_02_DQJHV1,BiomassLevel1a,SCS,T020,F303,2026-04-27T08:56:04.889Z,2026-04-27T08:56:25.282Z,2,ASCENDING,"{""processing:facility"": ""Biomass CPF"", ""product:type"": ""S1_SCS__1S"", ""eofeos:global_coverage_id"": ""1"", ""sat:anx_datetime"": ""2026-04-27T07:20:25.711Z"", ""platform"": ""Biomass"", ""eofeos:major_cycle_id"": ""3"", ""datetime"": ""2026-04-27T08:56:04.889Z"", ""instruments"": [""P-SAR""], ""constellation"": ""Biomass"", ""storage:schemes"": {""biomass-pdgs-01"": {""bucket"": ""biomass-pdgs-01"", ""description"": ""This endpoint provides access to EO data which is stored on the object storage of the ESA MAAP. See the [documentation](https://portal.maap.eo.esa.int/dataaccess/) for more information, including how to get credentials."", ""type"": ""custom-s3"", ""title"": ""ESA MAAP S3"", ""region"": ""gra"", ""platform"": ""https://{bucket}.s3.{region}.io.cloud.ovh.net""}}, ""eopf:datatake_id"": ""43619721"", ""processing:software"": {""Biomass L1 Processor"": ""4.4.2""}, ""eopf:instrument_configuration_id"": 0, ""grid:code"": ""WRS-20-303"", ""processing:level"": ""L1A"", ""proj:code"": ""EPSG:4326"", ""sci:doi"": ""10.57780/bio-bef83b4"", ""created"": ""2026-04-27T21:18:37Z"", ""published"": ""2026-04-27T08:56:25.282Z"", ""version"": ""02"", ""sar:observation_direction"": ""left"", ""sar:polarizations"": [""HH"", ""HV"", ""VH"", ""VV""], ""auth:schemes"": {""s3"": {""type"": ""s3""}, ""oidc"": {""openIdConnectUrl"": ""https://iam.ascend.icsgate.eu/realms/esa-maap/.well-known/openid-configuration"", ""type"": ""openIdConnect""}}, ""sar:instrument_mode"": ""SM"", ""eofeos:orbit_drift_flag"": false, ""processing:datetime"": ""2026-04-27T21:18:37Z"", ""eofeos:mission_phase"": ""TOMOGRAPHIC"", ""updated"": ""2026-06-10T21:52:13Z"", ""sat:absolute_orbit"": 5324, ""product:acquisition_type"": ""nominal""}"
BIO_S1_SCS__1S_20260509T085612_20260509T085633_T_G01_M03_C06_T020_F303_02_DR674T,BIO_S1_SCS__1S_20260509T085612_20260509T085633_T_G01_M03_C06_T020_F303_02_DR674T,BiomassLevel1a,SCS,T020,F303,2026-05-09T08:56:12.649Z,2026-05-09T08:56:33.043Z,6,ASCENDING,"{""processing:facility"": ""Biomass CPF"", ""product:type"": ""S1_SCS__1S"", ""eofeos:global_coverage_id"": ""1"", ""sat:anx_datetime"": ""2026-05-09T07:20:33.469Z"", ""platform"": ""Biomass"", ""eofeos:major_cycle_id"": ""3"", ""datetime"": ""2026-05-09T08:56:12.649Z"", ""instruments"": [""P-SAR""], ""constellation"": ""Biomass"", ""storage:schemes"": {""biomass-pdgs-01"": {""bucket"": ""biomass-pdgs-01"", ""description"": ""This endpoint provides access to EO data which is stored on the object storage of the ESA MAAP. See the [documentation](https://portal.maap.eo.esa.int/dataaccess/) for more information, including how to get credentials."", ""type"": ""custom-s3"", ""title"": ""ESA MAAP S3"", ""region"": ""gra"", ""platform"": ""https://{bucket}.s3.{region}.io.cloud.ovh.net""}}, ""eopf:datatake_id"": ""45061506"", ""processing:software"": {""Biomass L1 Processor"": ""4.4.3""}, ""eopf:instrument_configuration_id"": 0, ""grid:code"": ""WRS-20-303"", ""processing:level"": ""L1A"", ""proj:code"": ""EPSG:4326"", ""sci:doi"": ""10.57780/bio-bef83b4"", ""created"": ""2026-05-10T03:31:41Z"", ""published"": ""2026-05-09T08:56:33.043Z"", ""version"": ""02"", ""sar:observation_direction"": ""left"", ""sar:polarizations"": [""HH"", ""HV"", ""VH"", ""VV""], ""auth:schemes"": {""s3"": {""type"": ""s3""}, ""oidc"": {""openIdConnectUrl"": ""https://iam.ascend.icsgate.eu/realms/esa-maap/.well-known/openid-configuration"", ""type"": ""openIdConnect""}}, ""sar:instrument_mode"": ""SM"", ""eofeos:orbit_drift_flag"": false, ""processing:datetime"": ""2026-05-10T03:31:41Z"", ""eofeos:mission_phase"": ""TOMOGRAPHIC"", ""updated"": ""2026-06-10T22:41:41Z"", ""sat:absolute_orbit"": 5500, ""product:acquisition_type"": ""nominal""}"
BIO_S1_SCS__1S_20251201T084704_20251201T084724_T_G01_M01_C04_T020_F304_01_DO0IBW,BIO_S1_SCS__1S_20251201T084704_20251201T084724_T_G01_M01_C04_T020_F304_01_DO0IBW,BiomassLevel1a,SCS,T020,F304,2025-12-01T08:47:04.227Z,2025-12-01T08:47:24.618Z,4,ASCENDING,"{""processing:facility"": ""Biomass CPF"", ""product:type"": ""S1_SCS__1S"", ""eofeos:global_coverage_id"": ""1"", ""sat:anx_datetime"": ""2025-12-01T07:11:06.061Z"", ""platform"": ""Biomass"", ""eofeos:major_cycle_id"": ""1"", ""datetime"": ""2025-12-01T08:47:04.227Z"", ""instruments"": [""P-SAR""], ""constellation"": ""Biomass"", ""storage:schemes"": {""biomass-pdgs-01"": {""bucket"": ""biomass-pdgs-01"", ""description"": ""This endpoint provides access to EO data which is stored on the object storage of the ESA MAAP. See the [documentation](https://portal.maap.eo.esa.int/dataaccess/) for more information, including how to get credentials."", ""type"": ""custom-s3"", ""title"": ""ESA MAAP S3"", ""region"": ""gra"", ""platform"": ""https://{bucket}.s3.{region}.io.cloud.ovh.net""}}, ""eopf:datatake_id"": ""25957801"", ""processing:software"": {""Biomass L1 Processor"": ""4.3.1""}, ""eopf:instrument_configuration_id"": 0, ""grid:code"": ""WRS-20-304"", ""processing:level"": ""L1A"", ""proj:code"": ""EPSG:4326"", ""sci:doi"": ""10.57780/bio-bef83b4"", ""created"": ""2026-03-09T18:07:08Z"", ""published"": ""2025-12-01T08:47:24.618Z"", ""version"": ""01"", ""sar:observation_direction"": ""left"", ""sar:polarizations"": [""HH"", ""HV"", ""VH"", ""VV""], ""auth:schemes"": {""s3"": {""type"": ""s3""}, ""oidc"": {""openIdConnectUrl"": ""https://iam.ascend.icsgate.eu/realms/esa-maap/.well-known/openid-configuration"", ""type"": ""openIdConnect""}}, ""sar:instrument_mode"": ""SM"", ""eofeos:orbit_drift_flag"": false, ""processing:datetime"": ""2026-03-09T18:07:08Z"", ""eofeos:mission_phase"": ""TOMOGRAPHIC"", ""updated"": ""2026-05-17T10:12:38Z"", ""sat:absolute_orbit"": 3168, ""product:acquisition_type"": ""nominal""}"
BIO_S1_SCS__1S_20260301T085153_20260301T085213_T_G01_M02_C07_T020_F304_01_DNLUTE,BIO_S1_SCS__1S_20260301T085153_20260301T085213_T_G01_M02_C07_T020_F304_01_DNLUTE,BiomassLevel1a,SCS,T020,F304,2026-03-01T08:51:53.211Z,2026-03-01T08:52:13.603Z,7,ASCENDING,"{""processing:facility"": ""Biomass CPF"", ""product:type"": ""S1_SCS__1S"", ""eofeos:global_coverage_id"": ""1"", ""sat:anx_datetime"": ""2026-03-01T07:15:55.044Z"", ""platform"": ""Biomass"", ""eofeos:major_cycle_id"": ""2"", ""datetime"": ""2026-03-01T08:51:53.211Z"", ""instruments"": [""P-SAR""], ""constellation"": ""Biomass"", ""storage:schemes"": {""biomass-pdgs-01"": {""bucket"": ""biomass-pdgs-01"", ""description"": ""This endpoint provides access to EO data which is stored on the object storage of the ESA MAAP. See the [documentation](https://portal.maap.eo.esa.int/dataaccess/) for more information, including how to get credentials."", ""type"": ""custom-s3"", ""title"": ""ESA MAAP S3"", ""region"": ""gra"", ""platform"": ""https://{bucket}.s3.{region}.io.cloud.ovh.net""}}, ""eopf:datatake_id"": ""36771220"", ""processing:software"": {""Biomass L1 Processor"": ""4.3.1""}, ""eopf:instrument_configuration_id"": 0, ""grid:code"": ""WRS-20-304"", ""processing:level"": ""L1A"", ""proj:code"": ""EPSG:4326"", ""sci:doi"": ""10.57780/bio-bef83b4"", ""created"": ""2026-03-01T20:12:50Z"", ""published"": ""2026-03-01T08:52:13.603Z"", ""version"": ""01"", ""sar:observation_direction"": ""left"", ""sar:polarizations"": [""HH"", ""HV"", ""VH"", ""VV""], ""auth:schemes"": {""s3"": {""type"": ""s3""}, ""oidc"": {""openIdConnectUrl"": ""https://iam.ascend.icsgate.eu/realms/esa-maap/.well-known/openid-configuration"", ""type"": ""openIdConnect""}}, ""sar:instrument_mode"": ""SM"", ""eofeos:orbit_drift_flag"": false, ""processing:datetime"": ""2026-03-01T20:12:50Z"", ""eofeos:mission_phase"": ""TOMOGRAPHIC"", ""updated"": ""2026-05-17T13:24:27Z"", ""sat:absolute_orbit"": 4488, ""product:acquisition_type"": ""nominal""}"
BIO_S1_SCS__1S_20260424T085621_20260424T085642_T_G01_M03_C01_T020_F304_02_DQDXFQ,BIO_S1_SCS__1S_20260424T085621_20260424T085642_T_G01_M03_C01_T020_F304_02_DQDXFQ,BiomassLevel1a,SCS,T020,F304,2026-04-24T08:56:21.986Z,2026-04-24T08:56:42.377Z,1,ASCENDING,"{""processing:facility"": ""Biomass CPF"", ""product:type"": ""S1_SCS__1S"", ""eofeos:global_coverage_id"": ""1"", ""sat:anx_datetime"": ""2026-04-24T07:20:23.798Z"", ""platform"": ""Biomass"", ""eofeos:major_cycle_id"": ""3"", ""datetime"": ""2026-04-24T08:56:21.986Z"", ""instruments"": [""P-SAR""], ""constellation"": ""Biomass"", ""storage:schemes"": {""biomass-pdgs-01"": {""bucket"": ""biomass-pdgs-01"", ""description"": ""This endpoint provides access to EO data which is stored on the object storage of the ESA MAAP. See the [documentation](https://portal.maap.eo.esa.int/dataaccess/) for more information, including how to get credentials."", ""type"": ""custom-s3"", ""title"": ""ESA MAAP S3"", ""region"": ""gra"", ""platform"": ""https://{bucket}.s3.{region}.io.cloud.ovh.net""}}, ""eopf:datatake_id"": ""43259273"", ""processing:software"": {""Biomass L1 Processor"": ""4.4.2""}, ""eopf:instrument_configuration_id"": 0, ""grid:code"": ""WRS-20-304"", ""processing:level"": ""L1A"", ""proj:code"": ""EPSG:4326"", ""sci:doi"": ""10.57780/bio-bef83b4"", ""created"": ""2026-04-24T21:09:26Z"", ""published"": ""2026-04-24T08:56:42.377Z"", ""version"": ""02"", ""sar:observation_direction"": ""left"", ""sar:polarizations"": [""HH"", ""HV"", ""VH"", ""VV""], ""auth:schemes"": {""s3"": {""type"": ""s3""}, ""oidc"": {""openIdConnectUrl"": ""https://iam.ascend.icsgate.eu/realms/esa-maap/.well-known/openid-configuration"", ""type"": ""openIdConnect""}}, ""sar:instrument_mode"": ""SM"", ""eofeos:orbit_drift_flag"": false, ""processing:datetime"": ""2026-04-24T21:09:26Z"", ""eofeos:mission_phase"": ""TOMOGRAPHIC"", ""updated"": ""2026-06-09T16:46:49Z"", ""sat:absolute_orbit"": 5280, ""product:acquisition_type"": ""nominal""}"
BIO_S1_SCS__1S_20260430T085625_20260430T085646_T_G01_M03_C03_T020_F304_02_DQP7NZ,BIO_S1_SCS__1S_20260430T085625_20260430T085646_T_G01_M03_C03_T020_F304_02_DQP7NZ,BiomassLevel1a,SCS,T020,F304,2026-04-30T08:56:25.836Z,2026-04-30T08:56:46.228Z,3,ASCENDING,"{""processing:facility"": ""Biomass CPF"", ""product:type"": ""S1_SCS__1S"", ""eofeos:global_coverage_id"": ""1"", ""sat:anx_datetime"": ""2026-04-30T07:20:27.648Z"", ""platform"": ""Biomass"", ""eofeos:major_cycle_id"": ""3"", ""datetime"": ""2026-04-30T08:56:25.836Z"", ""instruments"": [""P-SAR""], ""constellation"": ""Biomass"", ""storage:schemes"": {""biomass-pdgs-01"": {""bucket"": ""biomass-pdgs-01"", ""description"": ""This endpoint provides access to EO data which is stored on the object storage of the ESA MAAP. See the [documentation](https://portal.maap.eo.esa.int/dataaccess/) for more information, including how to get credentials."", ""type"": ""custom-s3"", ""title"": ""ESA MAAP S3"", ""region"": ""gra"", ""platform"": ""https://{bucket}.s3.{region}.io.cloud.ovh.net""}}, ""eopf:datatake_id"": ""43980169"", ""processing:software"": {""Biomass L1 Processor"": ""4.4.2""}, ""eopf:instrument_configuration_id"": 0, ""grid:code"": ""WRS-20-304"", ""processing:level"": ""L1A"", ""proj:code"": ""EPSG:4326"", ""sci:doi"": ""10.57780/bio-bef83b4"", ""created"": ""2026-04-30T23:23:59Z"", ""published"": ""2026-04-30T08:56:46.228Z"", ""version"": ""02"", ""sar:observation_direction"": ""left"", ""sar:polarizations"": [""HH"", ""HV"", ""VH"", ""VV""], ""auth:schemes"": {""s3"": {""type"": ""s3""}, ""oidc"": {""openIdConnectUrl"": ""https://iam.ascend.icsgate.eu/realms/esa-maap/.well-known/openid-configuration"", ""type"": ""openIdConnect""}}, ""sar:instrument_mode"": ""SM"", ""eofeos:orbit_drift_flag"": false, ""processing:datetime"": ""2026-04-30T23:23:59Z"", ""eofeos:mission_phase"": ""TOMOGRAPHIC"", ""updated"": ""2026-06-10T22:05:28Z"", ""sat:absolute_orbit"": 5368, ""product:acquisition_type"": ""nominal""}"
BIO_S1_SCS__1S_20260301T085212_20260301T085232_T_G01_M02_C07_T020_F305_01_DNLUQ8,BIO_S1_SCS__1S_20260301T085212_20260301T085232_T_G01_M02_C07_T020_F305_01_DNLUQ8,BiomassLevel1a,SCS,T020,F305,2026-03-01T08:52:12.216Z,2026-03-01T08:52:32.607Z,7,ASCENDING,"{""processing:facility"": ""Biomass CPF"", ""product:type"": ""S1_SCS__1S"", ""eofeos:global_coverage_id"": ""1"", ""sat:anx_datetime"": ""2026-03-01T07:15:55.044Z"", ""platform"": ""Biomass"", ""eofeos:major_cycle_id"": ""2"", ""datetime"": ""2026-03-01T08:52:12.216Z"", ""instruments"": [""P-SAR""], ""constellation"": ""Biomass"", ""storage:schemes"": {""biomass-pdgs-01"": {""bucket"": ""biomass-pdgs-01"", ""description"": ""This endpoint provides access to EO data which is stored on the object storage of the ESA MAAP. See the [documentation](https://portal.maap.eo.esa.int/dataaccess/) for more information, including how to get credentials."", ""type"": ""custom-s3"", ""title"": ""ESA MAAP S3"", ""region"": ""gra"", ""platform"": ""https://{bucket}.s3.{region}.io.cloud.ovh.net""}}, ""eopf:datatake_id"": ""36771220"", ""processing:software"": {""Biomass L1 Processor"": ""4.3.1""}, ""eopf:instrument_configuration_id"": 0, ""grid:code"": ""WRS-20-305"", ""processing:level"": ""L1A"", ""proj:code"": ""EPSG:4326"", ""sci:doi"": ""10.57780/bio-bef83b4"", ""created"": ""2026-03-01T20:10:56Z"", ""published"": ""2026-03-01T08:52:32.607Z"", ""version"": ""01"", ""sar:observation_direction"": ""left"", ""sar:polarizations"": [""HH"", ""HV"", ""VH"", ""VV""], ""auth:schemes"": {""s3"": {""type"": ""s3""}, ""oidc"": {""openIdConnectUrl"": ""https://iam.ascend.icsgate.eu/realms/esa-maap/.well-known/openid-configuration"", ""type"": ""openIdConnect""}}, ""sar:instrument_mode"": ""SM"", ""eofeos:orbit_drift_flag"": false, ""processing:datetime"": ""2026-03-01T20:10:56Z"", ""eofeos:mission_phase"": ""TOMOGRAPHIC"", ""updated"": ""2026-05-17T13:24:27Z"", ""sat:absolute_orbit"": 4488, ""product:acquisition_type"": ""nominal""}"
BIO_S1_SCS__1S_20260424T085640_20260424T085701_T_G01_M03_C01_T020_F305_02_DQDXS8,BIO_S1_SCS__1S_20260424T085640_20260424T085701_T_G01_M03_C01_T020_F305_02_DQDXS8,BiomassLevel1a,SCS,T020,F305,2026-04-24T08:56:40.992Z,2026-04-24T08:57:01.383Z,1,ASCENDING,"{""processing:facility"": ""Biomass CPF"", ""product:type"": ""S1_SCS__1S"", ""eofeos:global_coverage_id"": ""1"", ""sat:anx_datetime"": ""2026-04-24T07:20:23.798Z"", ""platform"": ""Biomass"", ""eofeos:major_cycle_id"": ""3"", ""datetime"": ""2026-04-24T08:56:40.992Z"", ""instruments"": [""P-SAR""], ""constellation"": ""Biomass"", ""storage:schemes"": {""biomass-pdgs-01"": {""bucket"": ""biomass-pdgs-01"", ""description"": ""This endpoint provides access to EO data which is stored on the object storage of the ESA MAAP. See the [documentation](https://portal.maap.eo.esa.int/dataaccess/) for more information, including how to get credentials."", ""type"": ""custom-s3"", ""title"": ""ESA MAAP S3"", ""region"": ""gra"", ""platform"": ""https://{bucket}.s3.{region}.io.cloud.ovh.net""}}, ""eopf:datatake_id"": ""43259273"", ""processing:software"": {""Biomass L1 Processor"": ""4.4.2""}, ""eopf:instrument_configuration_id"": 0, ""grid:code"": ""WRS-20-305"", ""processing:level"": ""L1A"", ""proj:code"": ""EPSG:4326"", ""sci:doi"": ""10.57780/bio-bef83b4"", ""created"": ""2026-04-24T21:16:56Z"", ""published"": ""2026-04-24T08:57:01.383Z"", ""version"": ""02"", ""sar:observation_direction"": ""left"", ""sar:polarizations"": [""HH"", ""HV"", ""VH"", ""VV""], ""auth:schemes"": {""s3"": {""type"": ""s3""}, ""oidc"": {""openIdConnectUrl"": ""https://iam.ascend.icsgate.eu/realms/esa-maap/.well-known/openid-configuration"", ""type"": ""openIdConnect""}}, ""sar:instrument_mode"": ""SM"", ""eofeos:orbit_drift_flag"": false, ""processing:datetime"": ""2026-04-24T21:16:56Z"", ""eofeos:mission_phase"": ""TOMOGRAPHIC"", ""updated"": ""2026-06-09T16:46:49Z"", ""sat:absolute_orbit"": 5280, ""product:acquisition_type"": ""nominal""}"
BIO_S1_SCS__1S_20260427T085642_20260427T085703_T_G01_M03_C02_T020_F305_02_DQJHW4,BIO_S1_SCS__1S_20260427T085642_20260427T085703_T_G01_M03_C02_T020_F305_02_DQJHW4,BiomassLevel1a,SCS,T020,F305,2026-04-27T08:56:42.904Z,2026-04-27T08:57:03.294Z,2,ASCENDING,"{""processing:facility"": ""Biomass CPF"", ""product:type"": ""S1_SCS__1S"", ""eofeos:global_coverage_id"": ""1"", ""sat:anx_datetime"": ""2026-04-27T07:20:25.711Z"", ""platform"": ""Biomass"", ""eofeos:major_cycle_id"": ""3"", ""datetime"": ""2026-04-27T08:56:42.904Z"", ""instruments"": [""P-SAR""], ""constellation"": ""Biomass"", ""storage:schemes"": {""biomass-pdgs-01"": {""bucket"": ""biomass-pdgs-01"", ""description"": ""This endpoint provides access to EO data which is stored on the object storage of the ESA MAAP. See the [documentation](https://portal.maap.eo.esa.int/dataaccess/) for more information, including how to get credentials."", ""type"": ""custom-s3"", ""title"": ""ESA MAAP S3"", ""region"": ""gra"", ""platform"": ""https://{bucket}.s3.{region}.io.cloud.ovh.net""}}, ""eopf:datatake_id"": ""43619721"", ""processing:software"": {""Biomass L1 Processor"": ""4.4.2""}, ""eopf:instrument_configuration_id"": 0, ""grid:code"": ""WRS-20-305"", ""processing:level"": ""L1A"", ""proj:code"": ""EPSG:4326"", ""sci:doi"": ""10.57780/bio-bef83b4"", ""created"": ""2026-04-27T21:19:16Z"", ""published"": ""2026-04-27T08:57:03.294Z"", ""version"": ""02"", ""sar:observation_direction"": ""left"", ""sar:polarizations"": [""HH"", ""HV"", ""VH"", ""VV""], ""auth:schemes"": {""s3"": {""type"": ""s3""}, ""oidc"": {""openIdConnectUrl"": ""https://iam.ascend.icsgate.eu/realms/esa-maap/.well-known/openid-configuration"", ""type"": ""openIdConnect""}}, ""sar:instrument_mode"": ""SM"", ""eofeos:orbit_drift_flag"": false, ""processing:datetime"": ""2026-04-27T21:19:16Z"", ""eofeos:mission_phase"": ""TOMOGRAPHIC"", ""updated"": ""2026-06-10T21:52:13Z"", ""sat:absolute_orbit"": 5324, ""product:acquisition_type"": ""nominal""}"
BIO_S1_SCS__1S_20251122T084736_20251122T084756_T_G01_M01_C01_T020_F306_01_DNQXZY,BIO_S1_SCS__1S_20251122T084736_20251122T084756_T_G01_M01_C01_T020_F306_01_DNQXZY,BiomassLevel1a,SCS,T020,F306,2025-11-22T08:47:36.301Z,2025-11-22T08:47:56.691Z,1,ASCENDING,"{""processing:facility"": ""Biomass CPF"", ""product:type"": ""S1_SCS__1S"", ""eofeos:global_coverage_id"": ""1"", ""sat:anx_datetime"": ""2025-11-22T07:11:00.125Z"", ""platform"": ""Biomass"", ""eofeos:major_cycle_id"": ""1"", ""datetime"": ""2025-11-22T08:47:36.301Z"", ""instruments"": [""P-SAR""], ""constellation"": ""Biomass"", ""storage:schemes"": {""biomass-pdgs-01"": {""bucket"": ""biomass-pdgs-01"", ""description"": ""This endpoint provides access to EO data which is stored on the object storage of the ESA MAAP. See the [documentation](https://portal.maap.eo.esa.int/dataaccess/) for more information, including how to get credentials."", ""type"": ""custom-s3"", ""title"": ""ESA MAAP S3"", ""region"": ""gra"", ""platform"": ""https://{bucket}.s3.{region}.io.cloud.ovh.net""}}, ""eopf:datatake_id"": ""24876458"", ""processing:software"": {""Biomass L1 Processor"": ""4.3.1""}, ""eopf:instrument_configuration_id"": 0, ""grid:code"": ""WRS-20-306"", ""processing:level"": ""L1A"", ""proj:code"": ""EPSG:4326"", ""sci:doi"": ""10.57780/bio-bef83b4"", ""created"": ""2026-03-04T14:09:34Z"", ""published"": ""2025-11-22T08:47:56.691Z"", ""version"": ""01"", ""sar:observation_direction"": ""left"", ""sar:polarizations"": [""HH"", ""HV"", ""VH"", ""VV""], ""auth:schemes"": {""s3"": {""type"": ""s3""}, ""oidc"": {""openIdConnectUrl"": ""https://iam.ascend.icsgate.eu/realms/esa-maap/.well-known/openid-configuration"", ""type"": ""openIdConnect""}}, ""sar:instrument_mode"": ""SM"", ""eofeos:orbit_drift_flag"": false, ""processing:datetime"": ""2026-03-04T14:09:34Z"", ""eofeos:mission_phase"": ""TOMOGRAPHIC"", ""updated"": ""2026-05-17T09:29:05Z"", ""sat:absolute_orbit"": 3036, ""product:acquisition_type"": ""nominal""}"
BIO_S1_SCS__1S_20251201T084742_20251201T084802_T_G01_M01_C04_T020_F306_01_DKPSOT,BIO_S1_SCS__1S_20251201T084742_20251201T084802_T_G01_M01_C04_T020_F306_01_DKPSOT,BiomassLevel1a,SCS,T020,F306,2025-12-01T08:47:42.040Z,2025-12-01T08:48:02.822Z,4,ASCENDING,"{""processing:facility"": ""Biomass CPF"", ""product:type"": ""S1_SCS__1S"", ""eofeos:global_coverage_id"": ""1"", ""sat:anx_datetime"": ""2025-12-01T07:11:06.061Z"", ""platform"": ""Biomass"", ""eofeos:major_cycle_id"": ""1"", ""datetime"": ""2025-12-01T08:47:42.040Z"", ""instruments"": [""P-SAR""], ""constellation"": ""Biomass"", ""storage:schemes"": {""biomass-pdgs-01"": {""bucket"": ""biomass-pdgs-01"", ""description"": ""This endpoint provides access to EO data which is stored on the object storage of the ESA MAAP. See the [documentation](https://portal.maap.eo.esa.int/dataaccess/) for more information, including how to get credentials."", ""type"": ""custom-s3"", ""title"": ""ESA MAAP S3"", ""region"": ""gra"", ""platform"": ""https://{bucket}.s3.{region}.io.cloud.ovh.net""}}, ""eopf:datatake_id"": ""25957801"", ""processing:software"": {""Biomass L1 Processor"": ""4.2.2""}, ""eopf:instrument_configuration_id"": 0, ""grid:code"": ""WRS-20-306"", ""processing:level"": ""L1A"", ""proj:code"": ""EPSG:4326"", ""sci:doi"": ""10.57780/bio-bef83b4"", ""created"": ""2026-01-04T15:36:29Z"", ""published"": ""2025-12-01T08:48:02.822Z"", ""version"": ""01"", ""sar:observation_direction"": ""left"", ""sar:polarizations"": [""HH"", ""HV"", ""VH"", ""VV""], ""auth:schemes"": {""s3"": {""type"": ""s3""}, ""oidc"": {""openIdConnectUrl"": ""https://iam.ascend.icsgate.eu/realms/esa-maap/.well-known/openid-configuration"", ""type"": ""openIdConnect""}}, ""sar:instrument_mode"": ""SM"", ""eofeos:orbit_drift_flag"": false, ""processing:datetime"": ""2026-01-04T15:36:29Z"", ""eofeos:mission_phase"": ""TOMOGRAPHIC"", ""updated"": ""2026-05-17T10:12:38Z"", ""sat:absolute_orbit"": 3168, ""product:acquisition_type"": ""nominal""}"
BIO_S1_SCS__1S_20251204T084744_20251204T084804_T_G01_M01_C05_T020_F306_01_DO3WK8,BIO_S1_SCS__1S_20251204T084744_20251204T084804_T_G01_M01_C05_T020_F306_01_DO3WK8,BiomassLevel1a,SCS,T020,F306,2025-12-04T08:47:44.096Z,2025-12-04T08:48:04.485Z,5,ASCENDING,"{""processing:facility"": ""Biomass CPF"", ""product:type"": ""S1_SCS__1S"", ""eofeos:global_coverage_id"": ""1"", ""sat:anx_datetime"": ""2025-12-04T07:11:07.927Z"", ""platform"": ""Biomass"", ""eofeos:major_cycle_id"": ""1"", ""datetime"": ""2025-12-04T08:47:44.096Z"", ""instruments"": [""P-SAR""], ""constellation"": ""Biomass"", ""storage:schemes"": {""biomass-pdgs-01"": {""bucket"": ""biomass-pdgs-01"", ""description"": ""This endpoint provides access to EO data which is stored on the object storage of the ESA MAAP. See the [documentation](https://portal.maap.eo.esa.int/dataaccess/) for more information, including how to get credentials."", ""type"": ""custom-s3"", ""title"": ""ESA MAAP S3"", ""region"": ""gra"", ""platform"": ""https://{bucket}.s3.{region}.io.cloud.ovh.net""}}, ""eopf:datatake_id"": ""26318249"", ""processing:software"": {""Biomass L1 Processor"": ""4.3.1""}, ""eopf:instrument_configuration_id"": 0, ""grid:code"": ""WRS-20-306"", ""processing:level"": ""L1A"", ""proj:code"": ""EPSG:4326"", ""sci:doi"": ""10.57780/bio-bef83b4"", ""created"": ""2026-03-11T14:07:20Z"", ""published"": ""2025-12-04T08:48:04.485Z"", ""version"": ""01"", ""sar:observation_direction"": ""left"", ""sar:polarizations"": [""HH"", ""HV"", ""VH"", ""VV""], ""auth:schemes"": {""s3"": {""type"": ""s3""}, ""oidc"": {""openIdConnectUrl"": ""https://iam.ascend.icsgate.eu/realms/esa-maap/.well-known/openid-configuration"", ""type"": ""openIdConnect""}}, ""sar:instrument_mode"": ""SM"", ""eofeos:orbit_drift_flag"": false, ""processing:datetime"": ""2026-03-11T14:07:20Z"", ""eofeos:mission_phase"": ""TOMOGRAPHIC"", ""updated"": ""2026-05-17T10:22:15Z"", ""sat:absolute_orbit"": 3212, ""product:acquisition_type"": ""nominal""}"
BIO_S1_SCS__1S_20260301T085231_20260301T085251_T_G01_M02_C07_T020_F306_01_DNLUSD,BIO_S1_SCS__1S_20260301T085231_20260301T085251_T_G01_M02_C07_T020_F306_01_DNLUSD,BiomassLevel1a,SCS,T020,F306,2026-03-01T08:52:31.223Z,2026-03-01T08:52:51.613Z,7,ASCENDING,"{""processing:facility"": ""Biomass CPF"", ""product:type"": ""S1_SCS__1S"", ""eofeos:global_coverage_id"": ""1"", ""sat:anx_datetime"": ""2026-03-01T07:15:55.044Z"", ""platform"": ""Biomass"", ""eofeos:major_cycle_id"": ""2"", ""datetime"": ""2026-03-01T08:52:31.223Z"", ""instruments"": [""P-SAR""], ""constellation"": ""Biomass"", ""storage:schemes"": {""biomass-pdgs-01"": {""bucket"": ""biomass-pdgs-01"", ""description"": ""This endpoint provides access to EO data which is stored on the object storage of the ESA MAAP. See the [documentation](https://portal.maap.eo.esa.int/dataaccess/) for more information, including how to get credentials."", ""type"": ""custom-s3"", ""title"": ""ESA MAAP S3"", ""region"": ""gra"", ""platform"": ""https://{bucket}.s3.{region}.io.cloud.ovh.net""}}, ""eopf:datatake_id"": ""36771220"", ""processing:software"": {""Biomass L1 Processor"": ""4.3.1""}, ""eopf:instrument_configuration_id"": 0, ""grid:code"": ""WRS-20-306"", ""processing:level"": ""L1A"", ""proj:code"": ""EPSG:4326"", ""sci:doi"": ""10.57780/bio-bef83b4"", ""created"": ""2026-03-01T20:12:13Z"", ""published"": ""2026-03-01T08:52:51.613Z"", ""version"": ""01"", ""sar:observation_direction"": ""left"", ""sar:polarizations"": [""HH"", ""HV"", ""VH"", ""VV""], ""auth:schemes"": {""s3"": {""type"": ""s3""}, ""oidc"": {""openIdConnectUrl"": ""https://iam.ascend.icsgate.eu/realms/esa-maap/.well-known/openid-configuration"", ""type"": ""openIdConnect""}}, ""sar:instrument_mode"": ""SM"", ""eofeos:orbit_drift_flag"": false, ""processing:datetime"": ""2026-03-01T20:12:13Z"", ""eofeos:mission_phase"": ""TOMOGRAPHIC"", ""updated"": ""2026-05-17T13:24:27Z"", ""sat:absolute_orbit"": 4488, ""product:acquisition_type"": ""nominal""}"
BIO_S1_SCS__1S_20260424T085659_20260424T085720_T_G01_M03_C01_T020_F306_02_DQDXHB,BIO_S1_SCS__1S_20260424T085659_20260424T085720_T_G01_M03_C01_T020_F306_02_DQDXHB,BiomassLevel1a,SCS,T020,F306,2026-04-24T08:56:59.997Z,2026-04-24T08:57:20.388Z,1,ASCENDING,"{""processing:facility"": ""Biomass CPF"", ""product:type"": ""S1_SCS__1S"", ""eofeos:global_coverage_id"": ""1"", ""sat:anx_datetime"": ""2026-04-24T07:20:23.798Z"", ""platform"": ""Biomass"", ""eofeos:major_cycle_id"": ""3"", ""datetime"": ""2026-04-24T08:56:59.997Z"", ""instruments"": [""P-SAR""], ""constellation"": ""Biomass"", ""storage:schemes"": {""biomass-pdgs-01"": {""bucket"": ""biomass-pdgs-01"", ""description"": ""This endpoint provides access to EO data which is stored on the object storage of the ESA MAAP. See the [documentation](https://portal.maap.eo.esa.int/dataaccess/) for more information, including how to get credentials."", ""type"": ""custom-s3"", ""title"": ""ESA MAAP S3"", ""region"": ""gra"", ""platform"": ""https://{bucket}.s3.{region}.io.cloud.ovh.net""}}, ""eopf:datatake_id"": ""43259273"", ""processing:software"": {""Biomass L1 Processor"": ""4.4.2""}, ""eopf:instrument_configuration_id"": 0, ""grid:code"": ""WRS-20-306"", ""processing:level"": ""L1A"", ""proj:code"": ""EPSG:4326"", ""sci:doi"": ""10.57780/bio-bef83b4"", ""created"": ""2026-04-24T21:10:23Z"", ""published"": ""2026-04-24T08:57:20.388Z"", ""version"": ""02"", ""sar:observation_direction"": ""left"", ""sar:polarizations"": [""HH"", ""HV"", ""VH"", ""VV""], ""auth:schemes"": {""s3"": {""type"": ""s3""}, ""oidc"": {""openIdConnectUrl"": ""https://iam.ascend.icsgate.eu/realms/esa-maap/.well-known/openid-configuration"", ""type"": ""openIdConnect""}}, ""sar:instrument_mode"": ""SM"", ""eofeos:orbit_drift_flag"": false, ""processing:datetime"": ""2026-04-24T21:10:23Z"", ""eofeos:mission_phase"": ""TOMOGRAPHIC"", ""updated"": ""2026-06-09T16:46:50Z"", ""sat:absolute_orbit"": 5280, ""product:acquisition_type"": ""nominal""}"
BIO_S1_SCS__1S_20260430T085703_20260430T085724_T_G01_M03_C03_T020_F306_02_DQP6HZ,BIO_S1_SCS__1S_20260430T085703_20260430T085724_T_G01_M03_C03_T020_F306_02_DQP6HZ,BiomassLevel1a,SCS,T020,F306,2026-04-30T08:57:03.849Z,2026-04-30T08:57:24.240Z,3,ASCENDING,"{""processing:facility"": ""Biomass CPF"", ""product:type"": ""S1_SCS__1S"", ""eofeos:global_coverage_id"": ""1"", ""sat:anx_datetime"": ""2026-04-30T07:20:27.648Z"", ""platform"": ""Biomass"", ""eofeos:major_cycle_id"": ""3"", ""datetime"": ""2026-04-30T08:57:03.849Z"", ""instruments"": [""P-SAR""], ""constellation"": ""Biomass"", ""storage:schemes"": {""biomass-pdgs-01"": {""bucket"": ""biomass-pdgs-01"", ""description"": ""This endpoint provides access to EO data which is stored on the object storage of the ESA MAAP. See the [documentation](https://portal.maap.eo.esa.int/dataaccess/) for more information, including how to get credentials."", ""type"": ""custom-s3"", ""title"": ""ESA MAAP S3"", ""region"": ""gra"", ""platform"": ""https://{bucket}.s3.{region}.io.cloud.ovh.net""}}, ""eopf:datatake_id"": ""43980169"", ""processing:software"": {""Biomass L1 Processor"": ""4.4.2""}, ""eopf:instrument_configuration_id"": 0, ""grid:code"": ""WRS-20-306"", ""processing:level"": ""L1A"", ""proj:code"": ""EPSG:4326"", ""sci:doi"": ""10.57780/bio-bef83b4"", ""created"": ""2026-04-30T22:58:47Z"", ""published"": ""2026-04-30T08:57:24.240Z"", ""version"": ""02"", ""sar:observation_direction"": ""left"", ""sar:polarizations"": [""HH"", ""HV"", ""VH"", ""VV""], ""auth:schemes"": {""s3"": {""type"": ""s3""}, ""oidc"": {""openIdConnectUrl"": ""https://iam.ascend.icsgate.eu/realms/esa-maap/.well-known/openid-configuration"", ""type"": ""openIdConnect""}}, ""sar:instrument_mode"": ""SM"", ""eofeos:orbit_drift_flag"": false, ""processing:datetime"": ""2026-04-30T22:58:47Z"", ""eofeos:mission_phase"": ""TOMOGRAPHIC"", ""updated"": ""2026-06-10T22:05:28Z"", ""sat:absolute_orbit"": 5368, ""product:acquisition_type"": ""nominal""}"
BIO_S1_SCS__1S_20251122T084755_20251122T084815_T_G01_M01_C01_T020_F307_01_DJXN0J,BIO_S1_SCS__1S_20251122T084755_20251122T084815_T_G01_M01_C01_T020_F307_01_DJXN0J,BiomassLevel1a,SCS,T020,F307,2025-11-22T08:47:55.110Z,2025-11-22T08:48:15.891Z,1,ASCENDING,"{""processing:facility"": ""Biomass CPF"", ""product:type"": ""S1_SCS__1S"", ""eofeos:global_coverage_id"": ""1"", ""sat:anx_datetime"": ""2025-11-22T07:11:00.125Z"", ""platform"": ""Biomass"", ""eofeos:major_cycle_id"": ""1"", ""datetime"": ""2025-11-22T08:47:55.110Z"", ""instruments"": [""P-SAR""], ""constellation"": ""Biomass"", ""storage:schemes"": {""biomass-pdgs-01"": {""bucket"": ""biomass-pdgs-01"", ""description"": ""This endpoint provides access to EO data which is stored on the object storage of the ESA MAAP. See the [documentation](https://portal.maap.eo.esa.int/dataaccess/) for more information, including how to get credentials."", ""type"": ""custom-s3"", ""title"": ""ESA MAAP S3"", ""region"": ""gra"", ""platform"": ""https://{bucket}.s3.{region}.io.cloud.ovh.net""}}, ""eopf:datatake_id"": ""24876458"", ""processing:software"": {""Biomass L1 Processor"": ""4.2.2""}, ""eopf:instrument_configuration_id"": 0, ""grid:code"": ""WRS-20-307"", ""processing:level"": ""L1A"", ""proj:code"": ""EPSG:4326"", ""sci:doi"": ""10.57780/bio-bef83b4"", ""created"": ""2025-12-20T10:41:07Z"", ""published"": ""2025-11-22T08:48:15.891Z"", ""version"": ""01"", ""sar:observation_direction"": ""left"", ""sar:polarizations"": [""HH"", ""HV"", ""VH"", ""VV""], ""auth:schemes"": {""s3"": {""type"": ""s3""}, ""oidc"": {""openIdConnectUrl"": ""https://iam.ascend.icsgate.eu/realms/esa-maap/.well-known/openid-configuration"", ""type"": ""openIdConnect""}}, ""sar:instrument_mode"": ""SM"", ""eofeos:orbit_drift_flag"": false, ""processing:datetime"": ""2025-12-20T10:41:07Z"", ""eofeos:mission_phase"": ""TOMOGRAPHIC"", ""updated"": ""2026-05-17T09:29:06Z"", ""sat:absolute_orbit"": 3036, ""product:acquisition_type"": ""nominal""}"
BIO_S1_SCS__1S_20251201T084801_20251201T084821_T_G01_M01_C04_T020_F307_01_DKPSPJ,BIO_S1_SCS__1S_20251201T084801_20251201T084821_T_G01_M01_C04_T020_F307_01_DKPSPJ,BiomassLevel1a,SCS,T020,F307,2025-12-01T08:48:01.044Z,2025-12-01T08:48:21.825Z,4,ASCENDING,"{""processing:facility"": ""Biomass CPF"", ""product:type"": ""S1_SCS__1S"", ""eofeos:global_coverage_id"": ""1"", ""sat:anx_datetime"": ""2025-12-01T07:11:06.061Z"", ""platform"": ""Biomass"", ""eofeos:major_cycle_id"": ""1"", ""datetime"": ""2025-12-01T08:48:01.044Z"", ""instruments"": [""P-SAR""], ""constellation"": ""Biomass"", ""storage:schemes"": {""biomass-pdgs-01"": {""bucket"": ""biomass-pdgs-01"", ""description"": ""This endpoint provides access to EO data which is stored on the object storage of the ESA MAAP. See the [documentation](https://portal.maap.eo.esa.int/dataaccess/) for more information, including how to get credentials."", ""type"": ""custom-s3"", ""title"": ""ESA MAAP S3"", ""region"": ""gra"", ""platform"": ""https://{bucket}.s3.{region}.io.cloud.ovh.net""}}, ""eopf:datatake_id"": ""25957801"", ""processing:software"": {""Biomass L1 Processor"": ""4.2.2""}, ""eopf:instrument_configuration_id"": 0, ""grid:code"": ""WRS-20-307"", ""processing:level"": ""L1A"", ""proj:code"": ""EPSG:4326"", ""sci:doi"": ""10.57780/bio-bef83b4"", ""created"": ""2026-01-04T15:36:55Z"", ""published"": ""2025-12-01T08:48:21.825Z"", ""version"": ""01"", ""sar:observation_direction"": ""left"", ""sar:polarizations"": [""HH"", ""HV"", ""VH"", ""VV""], ""auth:schemes"": {""s3"": {""type"": ""s3""}, ""oidc"": {""openIdConnectUrl"": ""https://iam.ascend.icsgate.eu/realms/esa-maap/.well-known/openid-configuration"", ""type"": ""openIdConnect""}}, ""sar:instrument_mode"": ""SM"", ""eofeos:orbit_drift_flag"": false, ""processing:datetime"": ""2026-01-04T15:36:55Z"", ""eofeos:mission_phase"": ""TOMOGRAPHIC"", ""updated"": ""2026-05-17T10:12:39Z"", ""sat:absolute_orbit"": 3168, ""product:acquisition_type"": ""nominal""}"
BIO_S1_SCS__1S_20260211T085239_20260211T085259_T_G01_M02_C01_T020_F307_01_DMOHTQ,BIO_S1_SCS__1S_20260211T085239_20260211T085259_T_G01_M02_C01_T020_F307_01_DMOHTQ,BiomassLevel1a,SCS,T020,F307,2026-02-11T08:52:39.301Z,2026-02-11T08:52:59.690Z,1,ASCENDING,"{""processing:facility"": ""Biomass CPF"", ""product:type"": ""S1_SCS__1S"", ""eofeos:global_coverage_id"": ""1"", ""sat:anx_datetime"": ""2026-02-11T07:15:44.105Z"", ""platform"": ""Biomass"", ""eofeos:major_cycle_id"": ""2"", ""datetime"": ""2026-02-11T08:52:39.301Z"", ""instruments"": [""P-SAR""], ""constellation"": ""Biomass"", ""storage:schemes"": {""biomass-pdgs-01"": {""bucket"": ""biomass-pdgs-01"", ""description"": ""This endpoint provides access to EO data which is stored on the object storage of the ESA MAAP. See the [documentation](https://portal.maap.eo.esa.int/dataaccess/) for more information, including how to get credentials."", ""type"": ""custom-s3"", ""title"": ""ESA MAAP S3"", ""region"": ""gra"", ""platform"": ""https://{bucket}.s3.{region}.io.cloud.ovh.net""}}, ""eopf:datatake_id"": ""34608533"", ""processing:software"": {""Biomass L1 Processor"": ""4.3.1""}, ""eopf:instrument_configuration_id"": 0, ""grid:code"": ""WRS-20-307"", ""processing:level"": ""L1A"", ""proj:code"": ""EPSG:4326"", ""sci:doi"": ""10.57780/bio-bef83b4"", ""created"": ""2026-02-11T19:51:26Z"", ""published"": ""2026-02-11T08:52:59.690Z"", ""version"": ""01"", ""sar:observation_direction"": ""left"", ""sar:polarizations"": [""HH"", ""HV"", ""VH"", ""VV""], ""auth:schemes"": {""s3"": {""type"": ""s3""}, ""oidc"": {""openIdConnectUrl"": ""https://iam.ascend.icsgate.eu/realms/esa-maap/.well-known/openid-configuration"", ""type"": ""openIdConnect""}}, ""sar:instrument_mode"": ""SM"", ""eofeos:orbit_drift_flag"": false, ""processing:datetime"": ""2026-02-11T19:51:26Z"", ""eofeos:mission_phase"": ""TOMOGRAPHIC"", ""updated"": ""2026-05-17T12:40:37Z"", ""sat:absolute_orbit"": 4224, ""product:acquisition_type"": ""nominal""}"
BIO_S1_SCS__1S_20260301T085250_20260301T085310_T_G01_M02_C07_T020_F307_01_DNLULQ,BIO_S1_SCS__1S_20260301T085250_20260301T085310_T_G01_M02_C07_T020_F307_01_DNLULQ,BiomassLevel1a,SCS,T020,F307,2026-03-01T08:52:50.227Z,2026-03-01T08:53:10.615Z,7,ASCENDING,"{""processing:facility"": ""Biomass CPF"", ""product:type"": ""S1_SCS__1S"", ""eofeos:global_coverage_id"": ""1"", ""sat:anx_datetime"": ""2026-03-01T07:15:55.044Z"", ""platform"": ""Biomass"", ""eofeos:major_cycle_id"": ""2"", ""datetime"": ""2026-03-01T08:52:50.227Z"", ""instruments"": [""P-SAR""], ""constellation"": ""Biomass"", ""storage:schemes"": {""biomass-pdgs-01"": {""bucket"": ""biomass-pdgs-01"", ""description"": ""This endpoint provides access to EO data which is stored on the object storage of the ESA MAAP. See the [documentation](https://portal.maap.eo.esa.int/dataaccess/) for more information, including how to get credentials."", ""type"": ""custom-s3"", ""title"": ""ESA MAAP S3"", ""region"": ""gra"", ""platform"": ""https://{bucket}.s3.{region}.io.cloud.ovh.net""}}, ""eopf:datatake_id"": ""36771220"", ""processing:software"": {""Biomass L1 Processor"": ""4.3.1""}, ""eopf:instrument_configuration_id"": 0, ""grid:code"": ""WRS-20-307"", ""processing:level"": ""L1A"", ""proj:code"": ""EPSG:4326"", ""sci:doi"": ""10.57780/bio-bef83b4"", ""created"": ""2026-03-01T20:08:14Z"", ""published"": ""2026-03-01T08:53:10.615Z"", ""version"": ""01"", ""sar:observation_direction"": ""left"", ""sar:polarizations"": [""HH"", ""HV"", ""VH"", ""VV""], ""auth:schemes"": {""s3"": {""type"": ""s3""}, ""oidc"": {""openIdConnectUrl"": ""https://iam.ascend.icsgate.eu/realms/esa-maap/.well-known/openid-configuration"", ""type"": ""openIdConnect""}}, ""sar:instrument_mode"": ""SM"", ""eofeos:orbit_drift_flag"": false, ""processing:datetime"": ""2026-03-01T20:08:14Z"", ""eofeos:mission_phase"": ""TOMOGRAPHIC"", ""updated"": ""2026-05-17T13:24:27Z"", ""sat:absolute_orbit"": 4488, ""product:acquisition_type"": ""nominal""}"
BIO_S1_SCS__1S_20251122T084814_20251122T084834_T_G01_M01_C01_T020_F308_01_DNQY3B,BIO_S1_SCS__1S_20251122T084814_20251122T084834_T_G01_M01_C01_T020_F308_01_DNQY3B,BiomassLevel1a,SCS,T020,F308,2025-11-22T08:48:14.308Z,2025-11-22T08:48:34.696Z,1,ASCENDING,"{""processing:facility"": ""Biomass CPF"", ""product:type"": ""S1_SCS__1S"", ""eofeos:global_coverage_id"": ""1"", ""sat:anx_datetime"": ""2025-11-22T07:11:00.125Z"", ""platform"": ""Biomass"", ""eofeos:major_cycle_id"": ""1"", ""datetime"": ""2025-11-22T08:48:14.308Z"", ""instruments"": [""P-SAR""], ""constellation"": ""Biomass"", ""storage:schemes"": {""biomass-pdgs-01"": {""bucket"": ""biomass-pdgs-01"", ""description"": ""This endpoint provides access to EO data which is stored on the object storage of the ESA MAAP. See the [documentation](https://portal.maap.eo.esa.int/dataaccess/) for more information, including how to get credentials."", ""type"": ""custom-s3"", ""title"": ""ESA MAAP S3"", ""region"": ""gra"", ""platform"": ""https://{bucket}.s3.{region}.io.cloud.ovh.net""}}, ""eopf:datatake_id"": ""24876458"", ""processing:software"": {""Biomass L1 Processor"": ""4.3.1""}, ""eopf:instrument_configuration_id"": 0, ""grid:code"": ""WRS-20-308"", ""processing:level"": ""L1A"", ""proj:code"": ""EPSG:4326"", ""sci:doi"": ""10.57780/bio-bef83b4"", ""created"": ""2026-03-04T14:11:35Z"", ""published"": ""2025-11-22T08:48:34.696Z"", ""version"": ""01"", ""sar:observation_direction"": ""left"", ""sar:polarizations"": [""HH"", ""HV"", ""VH"", ""VV""], ""auth:schemes"": {""s3"": {""type"": ""s3""}, ""oidc"": {""openIdConnectUrl"": ""https://iam.ascend.icsgate.eu/realms/esa-maap/.well-known/openid-configuration"", ""type"": ""openIdConnect""}}, ""sar:instrument_mode"": ""SM"", ""eofeos:orbit_drift_flag"": false, ""processing:datetime"": ""2026-03-04T14:11:35Z"", ""eofeos:mission_phase"": ""TOMOGRAPHIC"", ""updated"": ""2026-05-17T09:29:06Z"", ""sat:absolute_orbit"": 3036, ""product:acquisition_type"": ""nominal""}"
BIO_S1_SCS__1S_20251204T084822_20251204T084842_T_G01_M01_C05_T020_F308_01_DO3WKM,BIO_S1_SCS__1S_20251204T084822_20251204T084842_T_G01_M01_C05_T020_F308_01_DO3WKM,BiomassLevel1a,SCS,T020,F308,2025-12-04T08:48:22.102Z,2025-12-04T08:48:42.489Z,5,ASCENDING,"{""processing:facility"": ""Biomass CPF"", ""product:type"": ""S1_SCS__1S"", ""eofeos:global_coverage_id"": ""1"", ""sat:anx_datetime"": ""2025-12-04T07:11:07.927Z"", ""platform"": ""Biomass"", ""eofeos:major_cycle_id"": ""1"", ""datetime"": ""2025-12-04T08:48:22.102Z"", ""instruments"": [""P-SAR""], ""constellation"": ""Biomass"", ""storage:schemes"": {""biomass-pdgs-01"": {""bucket"": ""biomass-pdgs-01"", ""description"": ""This endpoint provides access to EO data which is stored on the object storage of the ESA MAAP. See the [documentation](https://portal.maap.eo.esa.int/dataaccess/) for more information, including how to get credentials."", ""type"": ""custom-s3"", ""title"": ""ESA MAAP S3"", ""region"": ""gra"", ""platform"": ""https://{bucket}.s3.{region}.io.cloud.ovh.net""}}, ""eopf:datatake_id"": ""26318249"", ""processing:software"": {""Biomass L1 Processor"": ""4.3.1""}, ""eopf:instrument_configuration_id"": 0, ""grid:code"": ""WRS-20-308"", ""processing:level"": ""L1A"", ""proj:code"": ""EPSG:4326"", ""sci:doi"": ""10.57780/bio-bef83b4"", ""created"": ""2026-03-11T14:07:34Z"", ""published"": ""2025-12-04T08:48:42.489Z"", ""version"": ""01"", ""sar:observation_direction"": ""left"", ""sar:polarizations"": [""HH"", ""HV"", ""VH"", ""VV""], ""auth:schemes"": {""s3"": {""type"": ""s3""}, ""oidc"": {""openIdConnectUrl"": ""https://iam.ascend.icsgate.eu/realms/esa-maap/.well-known/openid-configuration"", ""type"": ""openIdConnect""}}, ""sar:instrument_mode"": ""SM"", ""eofeos:orbit_drift_flag"": false, ""processing:datetime"": ""2026-03-11T14:07:34Z"", ""eofeos:mission_phase"": ""TOMOGRAPHIC"", ""updated"": ""2026-05-17T10:22:15Z"", ""sat:absolute_orbit"": 3212, ""product:acquisition_type"": ""nominal""}"
BIO_S1_SCS__1S_20251122T210606_20251122T210627_T_G01_M01_C01_T028_F158_01_DKLZ2Q,BIO_S1_SCS__1S_20251122T210606_20251122T210627_T_G01_M01_C01_T028_F158_01_DKLZ2Q,BiomassLevel1a,SCS,T028,F158,2025-11-22T21:06:06.696Z,2025-11-22T21:06:27.475Z,1,DESCENDING,"{""processing:facility"": ""Biomass CPF"", ""product:type"": ""S1_SCS__1S"", ""eofeos:global_coverage_id"": ""1"", ""sat:anx_datetime"": ""2025-11-22T20:16:27.559Z"", ""platform"": ""Biomass"", ""eofeos:major_cycle_id"": ""1"", ""datetime"": ""2025-11-22T21:06:06.696Z"", ""instruments"": [""P-SAR""], ""constellation"": ""Biomass"", ""storage:schemes"": {""biomass-pdgs-01"": {""bucket"": ""biomass-pdgs-01"", ""description"": ""This endpoint provides access to EO data which is stored on the object storage of the ESA MAAP. See the [documentation](https://portal.maap.eo.esa.int/dataaccess/) for more information, including how to get credentials."", ""type"": ""custom-s3"", ""title"": ""ESA MAAP S3"", ""region"": ""gra"", ""platform"": ""https://{bucket}.s3.{region}.io.cloud.ovh.net""}}, ""eopf:datatake_id"": ""24939406"", ""processing:software"": {""Biomass L1 Processor"": ""4.2.2""}, ""eopf:instrument_configuration_id"": 0, ""grid:code"": ""WRS-28-158"", ""processing:level"": ""L1A"", ""proj:code"": ""EPSG:4326"", ""sci:doi"": ""10.57780/bio-bef83b4"", ""created"": ""2026-01-02T14:04:02Z"", ""published"": ""2025-11-22T21:06:27.475Z"", ""version"": ""01"", ""sar:observation_direction"": ""left"", ""sar:polarizations"": [""HH"", ""HV"", ""VH"", ""VV""], ""auth:schemes"": {""s3"": {""type"": ""s3""}, ""oidc"": {""openIdConnectUrl"": ""https://iam.ascend.icsgate.eu/realms/esa-maap/.well-known/openid-configuration"", ""type"": ""openIdConnect""}}, ""sar:instrument_mode"": ""SM"", ""eofeos:orbit_drift_flag"": false, ""processing:datetime"": ""2026-01-02T14:04:02Z"", ""eofeos:mission_phase"": ""TOMOGRAPHIC"", ""updated"": ""2026-05-17T09:30:32Z"", ""sat:absolute_orbit"": 3044, ""product:acquisition_type"": ""nominal""}"
BIO_S1_SCS__1S_20251122T210625_20251122T210646_T_G01_M01_C01_T028_F159_01_DKLZ39,BIO_S1_SCS__1S_20251122T210625_20251122T210646_T_G01_M01_C01_T028_F159_01_DKLZ39,BiomassLevel1a,SCS,T028,F159,2025-11-22T21:06:25.699Z,2025-11-22T21:06:46.480Z,1,DESCENDING,"{""processing:facility"": ""Biomass CPF"", ""product:type"": ""S1_SCS__1S"", ""eofeos:global_coverage_id"": ""1"", ""sat:anx_datetime"": ""2025-11-22T20:16:27.559Z"", ""platform"": ""Biomass"", ""eofeos:major_cycle_id"": ""1"", ""datetime"": ""2025-11-22T21:06:25.699Z"", ""instruments"": [""P-SAR""], ""constellation"": ""Biomass"", ""storage:schemes"": {""biomass-pdgs-01"": {""bucket"": ""biomass-pdgs-01"", ""description"": ""This endpoint provides access to EO data which is stored on the object storage of the ESA MAAP. See the [documentation](https://portal.maap.eo.esa.int/dataaccess/) for more information, including how to get credentials."", ""type"": ""custom-s3"", ""title"": ""ESA MAAP S3"", ""region"": ""gra"", ""platform"": ""https://{bucket}.s3.{region}.io.cloud.ovh.net""}}, ""eopf:datatake_id"": ""24939406"", ""processing:software"": {""Biomass L1 Processor"": ""4.2.2""}, ""eopf:instrument_configuration_id"": 0, ""grid:code"": ""WRS-28-159"", ""processing:level"": ""L1A"", ""proj:code"": ""EPSG:4326"", ""sci:doi"": ""10.57780/bio-bef83b4"", ""created"": ""2026-01-02T14:04:21Z"", ""published"": ""2025-11-22T21:06:46.480Z"", ""version"": ""01"", ""sar:observation_direction"": ""left"", ""sar:polarizations"": [""HH"", ""HV"", ""VH"", ""VV""], ""auth:schemes"": {""s3"": {""type"": ""s3""}, ""oidc"": {""openIdConnectUrl"": ""https://iam.ascend.icsgate.eu/realms/esa-maap/.well-known/openid-configuration"", ""type"": ""openIdConnect""}}, ""sar:instrument_mode"": ""SM"", ""eofeos:orbit_drift_flag"": false, ""processing:datetime"": ""2026-01-02T14:04:21Z"", ""eofeos:mission_phase"": ""TOMOGRAPHIC"", ""updated"": ""2026-05-17T09:30:32Z"", ""sat:absolute_orbit"": 3044, ""product:acquisition_type"": ""nominal""}"
BIO_S1_SCS__1S_20251201T210631_20251201T210652_T_G01_M01_C04_T028_F159_01_DO28LE,BIO_S1_SCS__1S_20251201T210631_20251201T210652_T_G01_M01_C04_T028_F159_01_DO28LE,BiomassLevel1a,SCS,T028,F159,2025-12-01T21:06:31.815Z,2025-12-01T21:06:52.203Z,4,DESCENDING,"{""processing:facility"": ""Biomass CPF"", ""product:type"": ""S1_SCS__1S"", ""eofeos:global_coverage_id"": ""1"", ""sat:anx_datetime"": ""2025-12-01T20:16:33.475Z"", ""platform"": ""Biomass"", ""eofeos:major_cycle_id"": ""1"", ""datetime"": ""2025-12-01T21:06:31.815Z"", ""instruments"": [""P-SAR""], ""constellation"": ""Biomass"", ""storage:schemes"": {""biomass-pdgs-01"": {""bucket"": ""biomass-pdgs-01"", ""description"": ""This endpoint provides access to EO data which is stored on the object storage of the ESA MAAP. See the [documentation](https://portal.maap.eo.esa.int/dataaccess/) for more information, including how to get credentials."", ""type"": ""custom-s3"", ""title"": ""ESA MAAP S3"", ""region"": ""gra"", ""platform"": ""https://{bucket}.s3.{region}.io.cloud.ovh.net""}}, ""eopf:datatake_id"": ""26020750"", ""processing:software"": {""Biomass L1 Processor"": ""4.3.1""}, ""eopf:instrument_configuration_id"": 0, ""grid:code"": ""WRS-28-159"", ""processing:level"": ""L1A"", ""proj:code"": ""EPSG:4326"", ""sci:doi"": ""10.57780/bio-bef83b4"", ""created"": ""2026-03-10T16:32:02Z"", ""published"": ""2025-12-01T21:06:52.203Z"", ""version"": ""01"", ""sar:observation_direction"": ""left"", ""sar:polarizations"": [""HH"", ""HV"", ""VH"", ""VV""], ""auth:schemes"": {""s3"": {""type"": ""s3""}, ""oidc"": {""openIdConnectUrl"": ""https://iam.ascend.icsgate.eu/realms/esa-maap/.well-known/openid-configuration"", ""type"": ""openIdConnect""}}, ""sar:instrument_mode"": ""SM"", ""eofeos:orbit_drift_flag"": false, ""processing:datetime"": ""2026-03-10T16:32:02Z"", ""eofeos:mission_phase"": ""TOMOGRAPHIC"", ""updated"": ""2026-05-17T10:13:52Z"", ""sat:absolute_orbit"": 3176, ""product:acquisition_type"": ""nominal""}"
BIO_S1_SCS__1S_20260301T211120_20260301T211141_T_G01_M02_C07_T028_F159_01_DNMWRG,BIO_S1_SCS__1S_20260301T211120_20260301T211141_T_G01_M02_C07_T028_F159_01_DNMWRG,BiomassLevel1a,SCS,T028,F159,2026-03-01T21:11:20.784Z,2026-03-01T21:11:41.172Z,7,DESCENDING,"{""processing:facility"": ""Biomass CPF"", ""product:type"": ""S1_SCS__1S"", ""eofeos:global_coverage_id"": ""1"", ""sat:anx_datetime"": ""2026-03-01T20:21:22.493Z"", ""platform"": ""Biomass"", ""eofeos:major_cycle_id"": ""2"", ""datetime"": ""2026-03-01T21:11:20.784Z"", ""instruments"": [""P-SAR""], ""constellation"": ""Biomass"", ""storage:schemes"": {""biomass-pdgs-01"": {""bucket"": ""biomass-pdgs-01"", ""description"": ""This endpoint provides access to EO data which is stored on the object storage of the ESA MAAP. See the [documentation](https://portal.maap.eo.esa.int/dataaccess/) for more information, including how to get credentials."", ""type"": ""custom-s3"", ""title"": ""ESA MAAP S3"", ""region"": ""gra"", ""platform"": ""https://{bucket}.s3.{region}.io.cloud.ovh.net""}}, ""eopf:datatake_id"": ""36834176"", ""processing:software"": {""Biomass L1 Processor"": ""4.3.1""}, ""eopf:instrument_configuration_id"": 0, ""grid:code"": ""WRS-28-159"", ""processing:level"": ""L1A"", ""proj:code"": ""EPSG:4326"", ""sci:doi"": ""10.57780/bio-bef83b4"", ""created"": ""2026-03-02T09:52:28Z"", ""published"": ""2026-03-01T21:11:41.172Z"", ""version"": ""01"", ""sar:observation_direction"": ""left"", ""sar:polarizations"": [""HH"", ""HV"", ""VH"", ""VV""], ""auth:schemes"": {""s3"": {""type"": ""s3""}, ""oidc"": {""openIdConnectUrl"": ""https://iam.ascend.icsgate.eu/realms/esa-maap/.well-known/openid-configuration"", ""type"": ""openIdConnect""}}, ""sar:instrument_mode"": ""SM"", ""eofeos:orbit_drift_flag"": false, ""processing:datetime"": ""2026-03-02T09:52:28Z"", ""eofeos:mission_phase"": ""TOMOGRAPHIC"", ""updated"": ""2026-05-17T13:25:06Z"", ""sat:absolute_orbit"": 4496, ""product:acquisition_type"": ""nominal""}"
BIO_S1_SCS__1S_20251122T210644_20251122T210705_T_G01_M01_C01_T028_F160_01_DJYINR,BIO_S1_SCS__1S_20251122T210644_20251122T210705_T_G01_M01_C01_T028_F160_01_DJYINR,BiomassLevel1a,SCS,T028,F160,2025-11-22T21:06:44.702Z,2025-11-22T21:07:05.483Z,1,DESCENDING,"{""processing:facility"": ""Biomass CPF"", ""product:type"": ""S1_SCS__1S"", ""eofeos:global_coverage_id"": ""1"", ""sat:anx_datetime"": ""2025-11-22T20:16:27.559Z"", ""platform"": ""Biomass"", ""eofeos:major_cycle_id"": ""1"", ""datetime"": ""2025-11-22T21:06:44.702Z"", ""instruments"": [""P-SAR""], ""constellation"": ""Biomass"", ""storage:schemes"": {""biomass-pdgs-01"": {""bucket"": ""biomass-pdgs-01"", ""description"": ""This endpoint provides access to EO data which is stored on the object storage of the ESA MAAP. See the [documentation](https://portal.maap.eo.esa.int/dataaccess/) for more information, including how to get credentials."", ""type"": ""custom-s3"", ""title"": ""ESA MAAP S3"", ""region"": ""gra"", ""platform"": ""https://{bucket}.s3.{region}.io.cloud.ovh.net""}}, ""eopf:datatake_id"": ""24939406"", ""processing:software"": {""Biomass L1 Processor"": ""4.2.2""}, ""eopf:instrument_configuration_id"": 0, ""grid:code"": ""WRS-28-160"", ""processing:level"": ""L1A"", ""proj:code"": ""EPSG:4326"", ""sci:doi"": ""10.57780/bio-bef83b4"", ""created"": ""2025-12-20T22:04:39Z"", ""published"": ""2025-11-22T21:07:05.483Z"", ""version"": ""01"", ""sar:observation_direction"": ""left"", ""sar:polarizations"": [""HH"", ""HV"", ""VH"", ""VV""], ""auth:schemes"": {""s3"": {""type"": ""s3""}, ""oidc"": {""openIdConnectUrl"": ""https://iam.ascend.icsgate.eu/realms/esa-maap/.well-known/openid-configuration"", ""type"": ""openIdConnect""}}, ""sar:instrument_mode"": ""SM"", ""eofeos:orbit_drift_flag"": false, ""processing:datetime"": ""2025-12-20T22:04:39Z"", ""eofeos:mission_phase"": ""TOMOGRAPHIC"", ""updated"": ""2026-05-17T09:30:32Z"", ""sat:absolute_orbit"": 3044, ""product:acquisition_type"": ""nominal""}"
BIO_S1_SCS__1S_20251122T210644_20251122T210705_T_G01_M01_C01_T028_F160_01_DNRKFQ,BIO_S1_SCS__1S_20251122T210644_20251122T210705_T_G01_M01_C01_T028_F160_01_DNRKFQ,BiomassLevel1a,SCS,T028,F160,2025-11-22T21:06:44.898Z,2025-11-22T21:07:05.287Z,1,DESCENDING,"{""processing:facility"": ""Biomass CPF"", ""product:type"": ""S1_SCS__1S"", ""eofeos:global_coverage_id"": ""1"", ""sat:anx_datetime"": ""2025-11-22T20:16:27.559Z"", ""platform"": ""Biomass"", ""eofeos:major_cycle_id"": ""1"", ""datetime"": ""2025-11-22T21:06:44.898Z"", ""instruments"": [""P-SAR""], ""constellation"": ""Biomass"", ""storage:schemes"": {""biomass-pdgs-01"": {""bucket"": ""biomass-pdgs-01"", ""description"": ""This endpoint provides access to EO data which is stored on the object storage of the ESA MAAP. See the [documentation](https://portal.maap.eo.esa.int/dataaccess/) for more information, including how to get credentials."", ""type"": ""custom-s3"", ""title"": ""ESA MAAP S3"", ""region"": ""gra"", ""platform"": ""https://{bucket}.s3.{region}.io.cloud.ovh.net""}}, ""eopf:datatake_id"": ""24939406"", ""processing:software"": {""Biomass L1 Processor"": ""4.3.1""}, ""eopf:instrument_configuration_id"": 0, ""grid:code"": ""WRS-28-160"", ""processing:level"": ""L1A"", ""proj:code"": ""EPSG:4326"", ""sci:doi"": ""10.57780/bio-bef83b4"", ""created"": ""2026-03-04T22:14:14Z"", ""published"": ""2025-11-22T21:07:05.287Z"", ""version"": ""01"", ""sar:observation_direction"": ""left"", ""sar:polarizations"": [""HH"", ""HV"", ""VH"", ""VV""], ""auth:schemes"": {""s3"": {""type"": ""s3""}, ""oidc"": {""openIdConnectUrl"": ""https://iam.ascend.icsgate.eu/realms/esa-maap/.well-known/openid-configuration"", ""type"": ""openIdConnect""}}, ""sar:instrument_mode"": ""SM"", ""eofeos:orbit_drift_flag"": false, ""processing:datetime"": ""2026-03-04T22:14:14Z"", ""eofeos:mission_phase"": ""TOMOGRAPHIC"", ""updated"": ""2026-05-17T09:30:32Z"", ""sat:absolute_orbit"": 3044, ""product:acquisition_type"": ""nominal""}"
BIO_S1_SCS__1S_20251201T210650_20251201T210711_T_G01_M01_C04_T028_F160_01_DKQ8XW,BIO_S1_SCS__1S_20251201T210650_20251201T210711_T_G01_M01_C04_T028_F160_01_DKQ8XW,BiomassLevel1a,SCS,T028,F160,2025-12-01T21:06:50.621Z,2025-12-01T21:07:11.403Z,4,DESCENDING,"{""processing:facility"": ""Biomass CPF"", ""product:type"": ""S1_SCS__1S"", ""eofeos:global_coverage_id"": ""1"", ""sat:anx_datetime"": ""2025-12-01T20:16:33.475Z"", ""platform"": ""Biomass"", ""eofeos:major_cycle_id"": ""1"", ""datetime"": ""2025-12-01T21:06:50.621Z"", ""instruments"": [""P-SAR""], ""constellation"": ""Biomass"", ""storage:schemes"": {""biomass-pdgs-01"": {""bucket"": ""biomass-pdgs-01"", ""description"": ""This endpoint provides access to EO data which is stored on the object storage of the ESA MAAP. See the [documentation](https://portal.maap.eo.esa.int/dataaccess/) for more information, including how to get credentials."", ""type"": ""custom-s3"", ""title"": ""ESA MAAP S3"", ""region"": ""gra"", ""platform"": ""https://{bucket}.s3.{region}.io.cloud.ovh.net""}}, ""eopf:datatake_id"": ""26020750"", ""processing:software"": {""Biomass L1 Processor"": ""4.2.2""}, ""eopf:instrument_configuration_id"": 0, ""grid:code"": ""WRS-28-160"", ""processing:level"": ""L1A"", ""proj:code"": ""EPSG:4326"", ""sci:doi"": ""10.57780/bio-bef83b4"", ""created"": ""2026-01-04T21:27:32Z"", ""published"": ""2025-12-01T21:07:11.403Z"", ""version"": ""01"", ""sar:observation_direction"": ""left"", ""sar:polarizations"": [""HH"", ""HV"", ""VH"", ""VV""], ""auth:schemes"": {""s3"": {""type"": ""s3""}, ""oidc"": {""openIdConnectUrl"": ""https://iam.ascend.icsgate.eu/realms/esa-maap/.well-known/openid-configuration"", ""type"": ""openIdConnect""}}, ""sar:instrument_mode"": ""SM"", ""eofeos:orbit_drift_flag"": false, ""processing:datetime"": ""2026-01-04T21:27:32Z"", ""eofeos:mission_phase"": ""TOMOGRAPHIC"", ""updated"": ""2026-05-17T10:13:52Z"", ""sat:absolute_orbit"": 3176, ""product:acquisition_type"": ""nominal""}"
BIO_S1_SCS__1S_20260211T211128_20260211T211149_T_G01_M02_C01_T028_F160_01_DMPIFD,BIO_S1_SCS__1S_20260211T211128_20260211T211149_T_G01_M02_C01_T028_F160_01_DMPIFD,BiomassLevel1a,SCS,T028,F160,2026-02-11T21:11:28.984Z,2026-02-11T21:11:49.373Z,1,DESCENDING,"{""processing:facility"": ""Biomass CPF"", ""product:type"": ""S1_SCS__1S"", ""eofeos:global_coverage_id"": ""1"", ""sat:anx_datetime"": ""2026-02-11T20:21:11.722Z"", ""platform"": ""Biomass"", ""eofeos:major_cycle_id"": ""2"", ""datetime"": ""2026-02-11T21:11:28.984Z"", ""instruments"": [""P-SAR""], ""constellation"": ""Biomass"", ""storage:schemes"": {""biomass-pdgs-01"": {""bucket"": ""biomass-pdgs-01"", ""description"": ""This endpoint provides access to EO data which is stored on the object storage of the ESA MAAP. See the [documentation](https://portal.maap.eo.esa.int/dataaccess/) for more information, including how to get credentials."", ""type"": ""custom-s3"", ""title"": ""ESA MAAP S3"", ""region"": ""gra"", ""platform"": ""https://{bucket}.s3.{region}.io.cloud.ovh.net""}}, ""eopf:datatake_id"": ""34671487"", ""processing:software"": {""Biomass L1 Processor"": ""4.3.1""}, ""eopf:instrument_configuration_id"": 0, ""grid:code"": ""WRS-28-160"", ""processing:level"": ""L1A"", ""proj:code"": ""EPSG:4326"", ""sci:doi"": ""10.57780/bio-bef83b4"", ""created"": ""2026-02-12T09:02:01Z"", ""published"": ""2026-02-11T21:11:49.373Z"", ""version"": ""01"", ""sar:observation_direction"": ""left"", ""sar:polarizations"": [""HH"", ""HV"", ""VH"", ""VV""], ""auth:schemes"": {""s3"": {""type"": ""s3""}, ""oidc"": {""openIdConnectUrl"": ""https://iam.ascend.icsgate.eu/realms/esa-maap/.well-known/openid-configuration"", ""type"": ""openIdConnect""}}, ""sar:instrument_mode"": ""SM"", ""eofeos:orbit_drift_flag"": false, ""processing:datetime"": ""2026-02-12T09:02:01Z"", ""eofeos:mission_phase"": ""TOMOGRAPHIC"", ""updated"": ""2026-05-17T12:41:18Z"", ""sat:absolute_orbit"": 4232, ""product:acquisition_type"": ""nominal""}"
BIO_S1_SCS__1S_20260301T211139_20260301T211200_T_G01_M02_C07_T028_F160_01_DNMWOO,BIO_S1_SCS__1S_20260301T211139_20260301T211200_T_G01_M02_C07_T028_F160_01_DNMWOO,BiomassLevel1a,SCS,T028,F160,2026-03-01T21:11:39.787Z,2026-03-01T21:12:00.176Z,7,DESCENDING,"{""processing:facility"": ""Biomass CPF"", ""product:type"": ""S1_SCS__1S"", ""eofeos:global_coverage_id"": ""1"", ""sat:anx_datetime"": ""2026-03-01T20:21:22.493Z"", ""platform"": ""Biomass"", ""eofeos:major_cycle_id"": ""2"", ""datetime"": ""2026-03-01T21:11:39.787Z"", ""instruments"": [""P-SAR""], ""constellation"": ""Biomass"", ""storage:schemes"": {""biomass-pdgs-01"": {""bucket"": ""biomass-pdgs-01"", ""description"": ""This endpoint provides access to EO data which is stored on the object storage of the ESA MAAP. See the [documentation](https://portal.maap.eo.esa.int/dataaccess/) for more information, including how to get credentials."", ""type"": ""custom-s3"", ""title"": ""ESA MAAP S3"", ""region"": ""gra"", ""platform"": ""https://{bucket}.s3.{region}.io.cloud.ovh.net""}}, ""eopf:datatake_id"": ""36834176"", ""processing:software"": {""Biomass L1 Processor"": ""4.3.1""}, ""eopf:instrument_configuration_id"": 0, ""grid:code"": ""WRS-28-160"", ""processing:level"": ""L1A"", ""proj:code"": ""EPSG:4326"", ""sci:doi"": ""10.57780/bio-bef83b4"", ""created"": ""2026-03-02T09:50:48Z"", ""published"": ""2026-03-01T21:12:00.176Z"", ""version"": ""01"", ""sar:observation_direction"": ""left"", ""sar:polarizations"": [""HH"", ""HV"", ""VH"", ""VV""], ""auth:schemes"": {""s3"": {""type"": ""s3""}, ""oidc"": {""openIdConnectUrl"": ""https://iam.ascend.icsgate.eu/realms/esa-maap/.well-known/openid-configuration"", ""type"": ""openIdConnect""}}, ""sar:instrument_mode"": ""SM"", ""eofeos:orbit_drift_flag"": false, ""processing:datetime"": ""2026-03-02T09:50:48Z"", ""eofeos:mission_phase"": ""TOMOGRAPHIC"", ""updated"": ""2026-05-17T13:25:07Z"", ""sat:absolute_orbit"": 4496, ""product:acquisition_type"": ""nominal""}"
BIO_S1_SCS__1S_20260424T211608_20260424T211629_T_G01_M03_C01_T028_F160_02_DQF0JV,BIO_S1_SCS__1S_20260424T211608_20260424T211629_T_G01_M03_C01_T028_F160_02_DQF0JV,BiomassLevel1a,SCS,T028,F160,2026-04-24T21:16:08.729Z,2026-04-24T21:16:29.118Z,1,DESCENDING,"{""processing:facility"": ""Biomass CPF"", ""product:type"": ""S1_SCS__1S"", ""eofeos:global_coverage_id"": ""1"", ""sat:anx_datetime"": ""2026-04-24T20:25:51.443Z"", ""platform"": ""Biomass"", ""eofeos:major_cycle_id"": ""3"", ""datetime"": ""2026-04-24T21:16:08.729Z"", ""instruments"": [""P-SAR""], ""constellation"": ""Biomass"", ""storage:schemes"": {""biomass-pdgs-01"": {""bucket"": ""biomass-pdgs-01"", ""description"": ""This endpoint provides access to EO data which is stored on the object storage of the ESA MAAP. See the [documentation](https://portal.maap.eo.esa.int/dataaccess/) for more information, including how to get credentials."", ""type"": ""custom-s3"", ""title"": ""ESA MAAP S3"", ""region"": ""gra"", ""platform"": ""https://{bucket}.s3.{region}.io.cloud.ovh.net""}}, ""eopf:datatake_id"": ""43322236"", ""processing:software"": {""Biomass L1 Processor"": ""4.4.2""}, ""eopf:instrument_configuration_id"": 0, ""grid:code"": ""WRS-28-160"", ""processing:level"": ""L1A"", ""proj:code"": ""EPSG:4326"", ""sci:doi"": ""10.57780/bio-bef83b4"", ""created"": ""2026-04-25T11:14:19Z"", ""published"": ""2026-04-24T21:16:29.118Z"", ""version"": ""02"", ""sar:observation_direction"": ""left"", ""sar:polarizations"": [""HH"", ""HV"", ""VH"", ""VV""], ""auth:schemes"": {""s3"": {""type"": ""s3""}, ""oidc"": {""openIdConnectUrl"": ""https://iam.ascend.icsgate.eu/realms/esa-maap/.well-known/openid-configuration"", ""type"": ""openIdConnect""}}, ""sar:instrument_mode"": ""SM"", ""eofeos:orbit_drift_flag"": false, ""processing:datetime"": ""2026-04-25T11:14:19Z"", ""eofeos:mission_phase"": ""TOMOGRAPHIC"", ""updated"": ""2026-06-09T16:48:38Z"", ""sat:absolute_orbit"": 5288, ""product:acquisition_type"": ""nominal""}"
BIO_S1_SCS__1S_20260427T211610_20260427T211631_T_G01_M03_C02_T028_F160_02_DQKJZ6,BIO_S1_SCS__1S_20260427T211610_20260427T211631_T_G01_M03_C02_T028_F160_02_DQKJZ6,BiomassLevel1a,SCS,T028,F160,2026-04-27T21:16:10.639Z,2026-04-27T21:16:31.028Z,2,DESCENDING,"{""processing:facility"": ""Biomass CPF"", ""product:type"": ""S1_SCS__1S"", ""eofeos:global_coverage_id"": ""1"", ""sat:anx_datetime"": ""2026-04-27T20:25:53.361Z"", ""platform"": ""Biomass"", ""eofeos:major_cycle_id"": ""3"", ""datetime"": ""2026-04-27T21:16:10.639Z"", ""instruments"": [""P-SAR""], ""constellation"": ""Biomass"", ""storage:schemes"": {""biomass-pdgs-01"": {""bucket"": ""biomass-pdgs-01"", ""description"": ""This endpoint provides access to EO data which is stored on the object storage of the ESA MAAP. See the [documentation](https://portal.maap.eo.esa.int/dataaccess/) for more information, including how to get credentials."", ""type"": ""custom-s3"", ""title"": ""ESA MAAP S3"", ""region"": ""gra"", ""platform"": ""https://{bucket}.s3.{region}.io.cloud.ovh.net""}}, ""eopf:datatake_id"": ""43682683"", ""processing:software"": {""Biomass L1 Processor"": ""4.4.2""}, ""eopf:instrument_configuration_id"": 0, ""grid:code"": ""WRS-28-160"", ""processing:level"": ""L1A"", ""proj:code"": ""EPSG:4326"", ""sci:doi"": ""10.57780/bio-bef83b4"", ""created"": ""2026-04-28T11:01:54Z"", ""published"": ""2026-04-27T21:16:31.028Z"", ""version"": ""02"", ""sar:observation_direction"": ""left"", ""sar:polarizations"": [""HH"", ""HV"", ""VH"", ""VV""], ""auth:schemes"": {""s3"": {""type"": ""s3""}, ""oidc"": {""openIdConnectUrl"": ""https://iam.ascend.icsgate.eu/realms/esa-maap/.well-known/openid-configuration"", ""type"": ""openIdConnect""}}, ""sar:instrument_mode"": ""SM"", ""eofeos:orbit_drift_flag"": false, ""processing:datetime"": ""2026-04-28T11:01:54Z"", ""eofeos:mission_phase"": ""TOMOGRAPHIC"", ""updated"": ""2026-06-10T21:53:19Z"", ""sat:absolute_orbit"": 5332, ""product:acquisition_type"": ""nominal""}"
BIO_S1_SCS__1S_20260430T211612_20260430T211632_T_G01_M03_C03_T028_F160_02_DQQ5QO,BIO_S1_SCS__1S_20260430T211612_20260430T211632_T_G01_M03_C03_T028_F160_02_DQQ5QO,BiomassLevel1a,SCS,T028,F160,2026-04-30T21:16:12.587Z,2026-04-30T21:16:32.976Z,3,DESCENDING,"{""processing:facility"": ""Biomass CPF"", ""product:type"": ""S1_SCS__1S"", ""eofeos:global_coverage_id"": ""1"", ""sat:anx_datetime"": ""2026-04-30T20:25:55.299Z"", ""platform"": ""Biomass"", ""eofeos:major_cycle_id"": ""3"", ""datetime"": ""2026-04-30T21:16:12.587Z"", ""instruments"": [""P-SAR""], ""constellation"": ""Biomass"", ""storage:schemes"": {""biomass-pdgs-01"": {""bucket"": ""biomass-pdgs-01"", ""description"": ""This endpoint provides access to EO data which is stored on the object storage of the ESA MAAP. See the [documentation](https://portal.maap.eo.esa.int/dataaccess/) for more information, including how to get credentials."", ""type"": ""custom-s3"", ""title"": ""ESA MAAP S3"", ""region"": ""gra"", ""platform"": ""https://{bucket}.s3.{region}.io.cloud.ovh.net""}}, ""eopf:datatake_id"": ""44043131"", ""processing:software"": {""Biomass L1 Processor"": ""4.4.2""}, ""eopf:instrument_configuration_id"": 0, ""grid:code"": ""WRS-28-160"", ""processing:level"": ""L1A"", ""proj:code"": ""EPSG:4326"", ""sci:doi"": ""10.57780/bio-bef83b4"", ""created"": ""2026-05-01T11:40:00Z"", ""published"": ""2026-04-30T21:16:32.976Z"", ""version"": ""02"", ""sar:observation_direction"": ""left"", ""sar:polarizations"": [""HH"", ""HV"", ""VH"", ""VV""], ""auth:schemes"": {""s3"": {""type"": ""s3""}, ""oidc"": {""openIdConnectUrl"": ""https://iam.ascend.icsgate.eu/realms/esa-maap/.well-known/openid-configuration"", ""type"": ""openIdConnect""}}, ""sar:instrument_mode"": ""SM"", ""eofeos:orbit_drift_flag"": false, ""processing:datetime"": ""2026-05-01T11:40:00Z"", ""eofeos:mission_phase"": ""TOMOGRAPHIC"", ""updated"": ""2026-06-10T22:10:14Z"", ""sat:absolute_orbit"": 5376, ""product:acquisition_type"": ""nominal""}"
BIO_S1_SCS__1S_20260301T211158_20260301T211219_T_G01_M02_C07_T028_F161_01_DNMWTC,BIO_S1_SCS__1S_20260301T211158_20260301T211219_T_G01_M02_C07_T028_F161_01_DNMWTC,BiomassLevel1a,SCS,T028,F161,2026-03-01T21:11:58.790Z,2026-03-01T21:12:19.181Z,7,DESCENDING,"{""processing:facility"": ""Biomass CPF"", ""product:type"": ""S1_SCS__1S"", ""eofeos:global_coverage_id"": ""1"", ""sat:anx_datetime"": ""2026-03-01T20:21:22.493Z"", ""platform"": ""Biomass"", ""eofeos:major_cycle_id"": ""2"", ""datetime"": ""2026-03-01T21:11:58.790Z"", ""instruments"": [""P-SAR""], ""constellation"": ""Biomass"", ""storage:schemes"": {""biomass-pdgs-01"": {""bucket"": ""biomass-pdgs-01"", ""description"": ""This endpoint provides access to EO data which is stored on the object storage of the ESA MAAP. See the [documentation](https://portal.maap.eo.esa.int/dataaccess/) for more information, including how to get credentials."", ""type"": ""custom-s3"", ""title"": ""ESA MAAP S3"", ""region"": ""gra"", ""platform"": ""https://{bucket}.s3.{region}.io.cloud.ovh.net""}}, ""eopf:datatake_id"": ""36834176"", ""processing:software"": {""Biomass L1 Processor"": ""4.3.1""}, ""eopf:instrument_configuration_id"": 0, ""grid:code"": ""WRS-28-161"", ""processing:level"": ""L1A"", ""proj:code"": ""EPSG:4326"", ""sci:doi"": ""10.57780/bio-bef83b4"", ""created"": ""2026-03-02T09:53:36Z"", ""published"": ""2026-03-01T21:12:19.181Z"", ""version"": ""01"", ""sar:observation_direction"": ""left"", ""sar:polarizations"": [""HH"", ""HV"", ""VH"", ""VV""], ""auth:schemes"": {""s3"": {""type"": ""s3""}, ""oidc"": {""openIdConnectUrl"": ""https://iam.ascend.icsgate.eu/realms/esa-maap/.well-known/openid-configuration"", ""type"": ""openIdConnect""}}, ""sar:instrument_mode"": ""SM"", ""eofeos:orbit_drift_flag"": false, ""processing:datetime"": ""2026-03-02T09:53:36Z"", ""eofeos:mission_phase"": ""TOMOGRAPHIC"", ""updated"": ""2026-05-17T13:25:07Z"", ""sat:absolute_orbit"": 4496, ""product:acquisition_type"": ""nominal""}"
BIO_S1_SCS__1S_20260427T211629_20260427T211650_T_G01_M03_C02_T028_F161_02_DQKKQ8,BIO_S1_SCS__1S_20260427T211629_20260427T211650_T_G01_M03_C02_T028_F161_02_DQKKQ8,BiomassLevel1a,SCS,T028,F161,2026-04-27T21:16:29.643Z,2026-04-27T21:16:50.033Z,2,DESCENDING,"{""processing:facility"": ""Biomass CPF"", ""product:type"": ""S1_SCS__1S"", ""eofeos:global_coverage_id"": ""1"", ""sat:anx_datetime"": ""2026-04-27T20:25:53.361Z"", ""platform"": ""Biomass"", ""eofeos:major_cycle_id"": ""3"", ""datetime"": ""2026-04-27T21:16:29.643Z"", ""instruments"": [""P-SAR""], ""constellation"": ""Biomass"", ""storage:schemes"": {""biomass-pdgs-01"": {""bucket"": ""biomass-pdgs-01"", ""description"": ""This endpoint provides access to EO data which is stored on the object storage of the ESA MAAP. See the [documentation](https://portal.maap.eo.esa.int/dataaccess/) for more information, including how to get credentials."", ""type"": ""custom-s3"", ""title"": ""ESA MAAP S3"", ""region"": ""gra"", ""platform"": ""https://{bucket}.s3.{region}.io.cloud.ovh.net""}}, ""eopf:datatake_id"": ""43682683"", ""processing:software"": {""Biomass L1 Processor"": ""4.4.2""}, ""eopf:instrument_configuration_id"": 0, ""grid:code"": ""WRS-28-161"", ""processing:level"": ""L1A"", ""proj:code"": ""EPSG:4326"", ""sci:doi"": ""10.57780/bio-bef83b4"", ""created"": ""2026-04-28T11:18:08Z"", ""published"": ""2026-04-27T21:16:50.033Z"", ""version"": ""02"", ""sar:observation_direction"": ""left"", ""sar:polarizations"": [""HH"", ""HV"", ""VH"", ""VV""], ""auth:schemes"": {""s3"": {""type"": ""s3""}, ""oidc"": {""openIdConnectUrl"": ""https://iam.ascend.icsgate.eu/realms/esa-maap/.well-known/openid-configuration"", ""type"": ""openIdConnect""}}, ""sar:instrument_mode"": ""SM"", ""eofeos:orbit_drift_flag"": false, ""processing:datetime"": ""2026-04-28T11:18:08Z"", ""eofeos:mission_phase"": ""TOMOGRAPHIC"", ""updated"": ""2026-06-10T21:53:20Z"", ""sat:absolute_orbit"": 5332, ""product:acquisition_type"": ""nominal""}"
BIO_S1_SCS__1S_20260509T211637_20260509T211657_T_G01_M03_C06_T028_F161_02_DR72M3,BIO_S1_SCS__1S_20260509T211637_20260509T211657_T_G01_M03_C06_T028_F161_02_DR72M3,BiomassLevel1a,SCS,T028,F161,2026-05-09T21:16:37.408Z,2026-05-09T21:16:57.798Z,6,DESCENDING,"{""processing:facility"": ""Biomass CPF"", ""product:type"": ""S1_SCS__1S"", ""eofeos:global_coverage_id"": ""1"", ""sat:anx_datetime"": ""2026-05-09T20:26:01.107Z"", ""platform"": ""Biomass"", ""eofeos:major_cycle_id"": ""3"", ""datetime"": ""2026-05-09T21:16:37.408Z"", ""instruments"": [""P-SAR""], ""constellation"": ""Biomass"", ""storage:schemes"": {""biomass-pdgs-01"": {""bucket"": ""biomass-pdgs-01"", ""description"": ""This endpoint provides access to EO data which is stored on the object storage of the ESA MAAP. See the [documentation](https://portal.maap.eo.esa.int/dataaccess/) for more information, including how to get credentials."", ""type"": ""custom-s3"", ""title"": ""ESA MAAP S3"", ""region"": ""gra"", ""platform"": ""https://{bucket}.s3.{region}.io.cloud.ovh.net""}}, ""eopf:datatake_id"": ""45124469"", ""processing:software"": {""Biomass L1 Processor"": ""4.4.3""}, ""eopf:instrument_configuration_id"": 0, ""grid:code"": ""WRS-28-161"", ""processing:level"": ""L1A"", ""proj:code"": ""EPSG:4326"", ""sci:doi"": ""10.57780/bio-bef83b4"", ""created"": ""2026-05-10T14:51:39Z"", ""published"": ""2026-05-09T21:16:57.798Z"", ""version"": ""02"", ""sar:observation_direction"": ""left"", ""sar:polarizations"": [""HH"", ""HV"", ""VH"", ""VV""], ""auth:schemes"": {""s3"": {""type"": ""s3""}, ""oidc"": {""openIdConnectUrl"": ""https://iam.ascend.icsgate.eu/realms/esa-maap/.well-known/openid-configuration"", ""type"": ""openIdConnect""}}, ""sar:instrument_mode"": ""SM"", ""eofeos:orbit_drift_flag"": false, ""processing:datetime"": ""2026-05-10T14:51:39Z"", ""eofeos:mission_phase"": ""TOMOGRAPHIC"", ""updated"": ""2026-06-10T22:44:52Z"", ""sat:absolute_orbit"": 5508, ""product:acquisition_type"": ""nominal""}"
BIO_S1_SCS__1S_20251122T210722_20251122T210743_T_G01_M01_C01_T028_F162_01_DJYIUW,BIO_S1_SCS__1S_20251122T210722_20251122T210743_T_G01_M01_C01_T028_F162_01_DJYIUW,BiomassLevel1a,SCS,T028,F162,2025-11-22T21:07:22.711Z,2025-11-22T21:07:43.494Z,1,DESCENDING,"{""processing:facility"": ""Biomass CPF"", ""product:type"": ""S1_SCS__1S"", ""eofeos:global_coverage_id"": ""1"", ""sat:anx_datetime"": ""2025-11-22T20:16:27.559Z"", ""platform"": ""Biomass"", ""eofeos:major_cycle_id"": ""1"", ""datetime"": ""2025-11-22T21:07:22.711Z"", ""instruments"": [""P-SAR""], ""constellation"": ""Biomass"", ""storage:schemes"": {""biomass-pdgs-01"": {""bucket"": ""biomass-pdgs-01"", ""description"": ""This endpoint provides access to EO data which is stored on the object storage of the ESA MAAP. See the [documentation](https://portal.maap.eo.esa.int/dataaccess/) for more information, including how to get credentials."", ""type"": ""custom-s3"", ""title"": ""ESA MAAP S3"", ""region"": ""gra"", ""platform"": ""https://{bucket}.s3.{region}.io.cloud.ovh.net""}}, ""eopf:datatake_id"": ""24939406"", ""processing:software"": {""Biomass L1 Processor"": ""4.2.2""}, ""eopf:instrument_configuration_id"": 0, ""grid:code"": ""WRS-28-162"", ""processing:level"": ""L1A"", ""proj:code"": ""EPSG:4326"", ""sci:doi"": ""10.57780/bio-bef83b4"", ""created"": ""2025-12-20T22:08:56Z"", ""published"": ""2025-11-22T21:07:43.494Z"", ""version"": ""01"", ""sar:observation_direction"": ""left"", ""sar:polarizations"": [""HH"", ""HV"", ""VH"", ""VV""], ""auth:schemes"": {""s3"": {""type"": ""s3""}, ""oidc"": {""openIdConnectUrl"": ""https://iam.ascend.icsgate.eu/realms/esa-maap/.well-known/openid-configuration"", ""type"": ""openIdConnect""}}, ""sar:instrument_mode"": ""SM"", ""eofeos:orbit_drift_flag"": false, ""processing:datetime"": ""2025-12-20T22:08:56Z"", ""eofeos:mission_phase"": ""TOMOGRAPHIC"", ""updated"": ""2026-05-17T09:30:32Z"", ""sat:absolute_orbit"": 3044, ""product:acquisition_type"": ""nominal""}"
BIO_S1_SCS__1S_20251201T210728_20251201T210749_T_G01_M01_C04_T028_F162_01_DKQBP2,BIO_S1_SCS__1S_20251201T210728_20251201T210749_T_G01_M01_C04_T028_F162_01_DKQBP2,BiomassLevel1a,SCS,T028,F162,2025-12-01T21:07:28.632Z,2025-12-01T21:07:49.415Z,4,DESCENDING,"{""processing:facility"": ""Biomass CPF"", ""product:type"": ""S1_SCS__1S"", ""eofeos:global_coverage_id"": ""1"", ""sat:anx_datetime"": ""2025-12-01T20:16:33.475Z"", ""platform"": ""Biomass"", ""eofeos:major_cycle_id"": ""1"", ""datetime"": ""2025-12-01T21:07:28.632Z"", ""instruments"": [""P-SAR""], ""constellation"": ""Biomass"", ""storage:schemes"": {""biomass-pdgs-01"": {""bucket"": ""biomass-pdgs-01"", ""description"": ""This endpoint provides access to EO data which is stored on the object storage of the ESA MAAP. See the [documentation](https://portal.maap.eo.esa.int/dataaccess/) for more information, including how to get credentials."", ""type"": ""custom-s3"", ""title"": ""ESA MAAP S3"", ""region"": ""gra"", ""platform"": ""https://{bucket}.s3.{region}.io.cloud.ovh.net""}}, ""eopf:datatake_id"": ""26020750"", ""processing:software"": {""Biomass L1 Processor"": ""4.2.2""}, ""eopf:instrument_configuration_id"": 0, ""grid:code"": ""WRS-28-162"", ""processing:level"": ""L1A"", ""proj:code"": ""EPSG:4326"", ""sci:doi"": ""10.57780/bio-bef83b4"", ""created"": ""2026-01-04T22:27:02Z"", ""published"": ""2025-12-01T21:07:49.415Z"", ""version"": ""01"", ""sar:observation_direction"": ""left"", ""sar:polarizations"": [""HH"", ""HV"", ""VH"", ""VV""], ""auth:schemes"": {""s3"": {""type"": ""s3""}, ""oidc"": {""openIdConnectUrl"": ""https://iam.ascend.icsgate.eu/realms/esa-maap/.well-known/openid-configuration"", ""type"": ""openIdConnect""}}, ""sar:instrument_mode"": ""SM"", ""eofeos:orbit_drift_flag"": false, ""processing:datetime"": ""2026-01-04T22:27:02Z"", ""eofeos:mission_phase"": ""TOMOGRAPHIC"", ""updated"": ""2026-05-17T10:13:52Z"", ""sat:absolute_orbit"": 3176, ""product:acquisition_type"": ""nominal""}"
BIO_S1_SCS__1S_20260301T211217_20260301T211238_T_G01_M02_C07_T028_F162_01_DNMWX3,BIO_S1_SCS__1S_20260301T211217_20260301T211238_T_G01_M02_C07_T028_F162_01_DNMWX3,BiomassLevel1a,SCS,T028,F162,2026-03-01T21:12:17.795Z,2026-03-01T21:12:38.186Z,7,DESCENDING,"{""processing:facility"": ""Biomass CPF"", ""product:type"": ""S1_SCS__1S"", ""eofeos:global_coverage_id"": ""1"", ""sat:anx_datetime"": ""2026-03-01T20:21:22.493Z"", ""platform"": ""Biomass"", ""eofeos:major_cycle_id"": ""2"", ""datetime"": ""2026-03-01T21:12:17.795Z"", ""instruments"": [""P-SAR""], ""constellation"": ""Biomass"", ""storage:schemes"": {""biomass-pdgs-01"": {""bucket"": ""biomass-pdgs-01"", ""description"": ""This endpoint provides access to EO data which is stored on the object storage of the ESA MAAP. See the [documentation](https://portal.maap.eo.esa.int/dataaccess/) for more information, including how to get credentials."", ""type"": ""custom-s3"", ""title"": ""ESA MAAP S3"", ""region"": ""gra"", ""platform"": ""https://{bucket}.s3.{region}.io.cloud.ovh.net""}}, ""eopf:datatake_id"": ""36834176"", ""processing:software"": {""Biomass L1 Processor"": ""4.3.1""}, ""eopf:instrument_configuration_id"": 0, ""grid:code"": ""WRS-28-162"", ""processing:level"": ""L1A"", ""proj:code"": ""EPSG:4326"", ""sci:doi"": ""10.57780/bio-bef83b4"", ""created"": ""2026-03-02T09:55:51Z"", ""published"": ""2026-03-01T21:12:38.186Z"", ""version"": ""01"", ""sar:observation_direction"": ""left"", ""sar:polarizations"": [""HH"", ""HV"", ""VH"", ""VV""], ""auth:schemes"": {""s3"": {""type"": ""s3""}, ""oidc"": {""openIdConnectUrl"": ""https://iam.ascend.icsgate.eu/realms/esa-maap/.well-known/openid-configuration"", ""type"": ""openIdConnect""}}, ""sar:instrument_mode"": ""SM"", ""eofeos:orbit_drift_flag"": false, ""processing:datetime"": ""2026-03-02T09:55:51Z"", ""eofeos:mission_phase"": ""TOMOGRAPHIC"", ""updated"": ""2026-05-17T13:25:07Z"", ""sat:absolute_orbit"": 4496, ""product:acquisition_type"": ""nominal""}"
BIO_S1_SCS__1S_20260427T211648_20260427T211709_T_G01_M03_C02_T028_F162_02_DQKKN2,BIO_S1_SCS__1S_20260427T211648_20260427T211709_T_G01_M03_C02_T028_F162_02_DQKKN2,BiomassLevel1a,SCS,T028,F162,2026-04-27T21:16:48.649Z,2026-04-27T21:17:09.039Z,2,DESCENDING,"{""processing:facility"": ""Biomass CPF"", ""product:type"": ""S1_SCS__1S"", ""eofeos:global_coverage_id"": ""1"", ""sat:anx_datetime"": ""2026-04-27T20:25:53.361Z"", ""platform"": ""Biomass"", ""eofeos:major_cycle_id"": ""3"", ""datetime"": ""2026-04-27T21:16:48.649Z"", ""instruments"": [""P-SAR""], ""constellation"": ""Biomass"", ""storage:schemes"": {""biomass-pdgs-01"": {""bucket"": ""biomass-pdgs-01"", ""description"": ""This endpoint provides access to EO data which is stored on the object storage of the ESA MAAP. See the [documentation](https://portal.maap.eo.esa.int/dataaccess/) for more information, including how to get credentials."", ""type"": ""custom-s3"", ""title"": ""ESA MAAP S3"", ""region"": ""gra"", ""platform"": ""https://{bucket}.s3.{region}.io.cloud.ovh.net""}}, ""eopf:datatake_id"": ""43682683"", ""processing:software"": {""Biomass L1 Processor"": ""4.4.2""}, ""eopf:instrument_configuration_id"": 0, ""grid:code"": ""WRS-28-162"", ""processing:level"": ""L1A"", ""proj:code"": ""EPSG:4326"", ""sci:doi"": ""10.57780/bio-bef83b4"", ""created"": ""2026-04-28T11:16:14Z"", ""published"": ""2026-04-27T21:17:09.039Z"", ""version"": ""02"", ""sar:observation_direction"": ""left"", ""sar:polarizations"": [""HH"", ""HV"", ""VH"", ""VV""], ""auth:schemes"": {""s3"": {""type"": ""s3""}, ""oidc"": {""openIdConnectUrl"": ""https://iam.ascend.icsgate.eu/realms/esa-maap/.well-known/openid-configuration"", ""type"": ""openIdConnect""}}, ""sar:instrument_mode"": ""SM"", ""eofeos:orbit_drift_flag"": false, ""processing:datetime"": ""2026-04-28T11:16:14Z"", ""eofeos:mission_phase"": ""TOMOGRAPHIC"", ""updated"": ""2026-06-10T21:53:20Z"", ""sat:absolute_orbit"": 5332, ""product:acquisition_type"": ""nominal""}"
BIO_S1_SCS__1S_20260509T211656_20260509T211716_T_G01_M03_C06_T028_F162_02_DR72SB,BIO_S1_SCS__1S_20260509T211656_20260509T211716_T_G01_M03_C06_T028_F162_02_DR72SB,BiomassLevel1a,SCS,T028,F162,2026-05-09T21:16:56.413Z,2026-05-09T21:17:16.804Z,6,DESCENDING,"{""processing:facility"": ""Biomass CPF"", ""product:type"": ""S1_SCS__1S"", ""eofeos:global_coverage_id"": ""1"", ""sat:anx_datetime"": ""2026-05-09T20:26:01.107Z"", ""platform"": ""Biomass"", ""eofeos:major_cycle_id"": ""3"", ""datetime"": ""2026-05-09T21:16:56.413Z"", ""instruments"": [""P-SAR""], ""constellation"": ""Biomass"", ""storage:schemes"": {""biomass-pdgs-01"": {""bucket"": ""biomass-pdgs-01"", ""description"": ""This endpoint provides access to EO data which is stored on the object storage of the ESA MAAP. See the [documentation](https://portal.maap.eo.esa.int/dataaccess/) for more information, including how to get credentials."", ""type"": ""custom-s3"", ""title"": ""ESA MAAP S3"", ""region"": ""gra"", ""platform"": ""https://{bucket}.s3.{region}.io.cloud.ovh.net""}}, ""eopf:datatake_id"": ""45124469"", ""processing:software"": {""Biomass L1 Processor"": ""4.4.3""}, ""eopf:instrument_configuration_id"": 0, ""grid:code"": ""WRS-28-162"", ""processing:level"": ""L1A"", ""proj:code"": ""EPSG:4326"", ""sci:doi"": ""10.57780/bio-bef83b4"", ""created"": ""2026-05-10T14:55:23Z"", ""published"": ""2026-05-09T21:17:16.804Z"", ""version"": ""02"", ""sar:observation_direction"": ""left"", ""sar:polarizations"": [""HH"", ""HV"", ""VH"", ""VV""], ""auth:schemes"": {""s3"": {""type"": ""s3""}, ""oidc"": {""openIdConnectUrl"": ""https://iam.ascend.icsgate.eu/realms/esa-maap/.well-known/openid-configuration"", ""type"": ""openIdConnect""}}, ""sar:instrument_mode"": ""SM"", ""eofeos:orbit_drift_flag"": false, ""processing:datetime"": ""2026-05-10T14:55:23Z"", ""eofeos:mission_phase"": ""TOMOGRAPHIC"", ""updated"": ""2026-06-10T22:44:52Z"", ""sat:absolute_orbit"": 5508, ""product:acquisition_type"": ""nominal""}"
BIO_S1_SCS__1S_20251122T210741_20251122T210802_T_G01_M01_C01_T028_F163_01_DKNK40,BIO_S1_SCS__1S_20251122T210741_20251122T210802_T_G01_M01_C01_T028_F163_01_DKNK40,BiomassLevel1a,SCS,T028,F163,2025-11-22T21:07:41.717Z,2025-11-22T21:08:02.501Z,1,DESCENDING,"{""processing:facility"": ""Biomass CPF"", ""product:type"": ""S1_SCS__1S"", ""eofeos:global_coverage_id"": ""1"", ""sat:anx_datetime"": ""2025-11-22T20:16:27.559Z"", ""platform"": ""Biomass"", ""eofeos:major_cycle_id"": ""1"", ""datetime"": ""2025-11-22T21:07:41.717Z"", ""instruments"": [""P-SAR""], ""constellation"": ""Biomass"", ""storage:schemes"": {""biomass-pdgs-01"": {""bucket"": ""biomass-pdgs-01"", ""description"": ""This endpoint provides access to EO data which is stored on the object storage of the ESA MAAP. See the [documentation](https://portal.maap.eo.esa.int/dataaccess/) for more information, including how to get credentials."", ""type"": ""custom-s3"", ""title"": ""ESA MAAP S3"", ""region"": ""gra"", ""platform"": ""https://{bucket}.s3.{region}.io.cloud.ovh.net""}}, ""eopf:datatake_id"": ""24939406"", ""processing:software"": {""Biomass L1 Processor"": ""4.2.2""}, ""eopf:instrument_configuration_id"": 0, ""grid:code"": ""WRS-28-163"", ""processing:level"": ""L1A"", ""proj:code"": ""EPSG:4326"", ""sci:doi"": ""10.57780/bio-bef83b4"", ""created"": ""2026-01-03T10:36:00Z"", ""published"": ""2025-11-22T21:08:02.501Z"", ""version"": ""01"", ""sar:observation_direction"": ""left"", ""sar:polarizations"": [""HH"", ""HV"", ""VH"", ""VV""], ""auth:schemes"": {""s3"": {""type"": ""s3""}, ""oidc"": {""openIdConnectUrl"": ""https://iam.ascend.icsgate.eu/realms/esa-maap/.well-known/openid-configuration"", ""type"": ""openIdConnect""}}, ""sar:instrument_mode"": ""SM"", ""eofeos:orbit_drift_flag"": false, ""processing:datetime"": ""2026-01-03T10:36:00Z"", ""eofeos:mission_phase"": ""TOMOGRAPHIC"", ""updated"": ""2026-05-17T09:30:33Z"", ""sat:absolute_orbit"": 3044, ""product:acquisition_type"": ""nominal""}"
BIO_S1_SCS__1S_20251122T210741_20251122T210802_T_G01_M01_C01_T028_F163_01_DNRL88,BIO_S1_SCS__1S_20251122T210741_20251122T210802_T_G01_M01_C01_T028_F163_01_DNRL88,BiomassLevel1a,SCS,T028,F163,2025-11-22T21:07:41.913Z,2025-11-22T21:08:02.305Z,1,DESCENDING,"{""processing:facility"": ""Biomass CPF"", ""product:type"": ""S1_SCS__1S"", ""eofeos:global_coverage_id"": ""1"", ""sat:anx_datetime"": ""2025-11-22T20:16:27.559Z"", ""platform"": ""Biomass"", ""eofeos:major_cycle_id"": ""1"", ""datetime"": ""2025-11-22T21:07:41.913Z"", ""instruments"": [""P-SAR""], ""constellation"": ""Biomass"", ""storage:schemes"": {""biomass-pdgs-01"": {""bucket"": ""biomass-pdgs-01"", ""description"": ""This endpoint provides access to EO data which is stored on the object storage of the ESA MAAP. See the [documentation](https://portal.maap.eo.esa.int/dataaccess/) for more information, including how to get credentials."", ""type"": ""custom-s3"", ""title"": ""ESA MAAP S3"", ""region"": ""gra"", ""platform"": ""https://{bucket}.s3.{region}.io.cloud.ovh.net""}}, ""eopf:datatake_id"": ""24939406"", ""processing:software"": {""Biomass L1 Processor"": ""4.3.1""}, ""eopf:instrument_configuration_id"": 0, ""grid:code"": ""WRS-28-163"", ""processing:level"": ""L1A"", ""proj:code"": ""EPSG:4326"", ""sci:doi"": ""10.57780/bio-bef83b4"", ""created"": ""2026-03-04T22:31:20Z"", ""published"": ""2025-11-22T21:08:02.305Z"", ""version"": ""01"", ""sar:observation_direction"": ""left"", ""sar:polarizations"": [""HH"", ""HV"", ""VH"", ""VV""], ""auth:schemes"": {""s3"": {""type"": ""s3""}, ""oidc"": {""openIdConnectUrl"": ""https://iam.ascend.icsgate.eu/realms/esa-maap/.well-known/openid-configuration"", ""type"": ""openIdConnect""}}, ""sar:instrument_mode"": ""SM"", ""eofeos:orbit_drift_flag"": false, ""processing:datetime"": ""2026-03-04T22:31:20Z"", ""eofeos:mission_phase"": ""TOMOGRAPHIC"", ""updated"": ""2026-05-17T09:30:33Z"", ""sat:absolute_orbit"": 3044, ""product:acquisition_type"": ""nominal""}"
BIO_S1_SCS__1S_20251201T210747_20251201T210808_T_G01_M01_C04_T028_F163_01_DKQBON,BIO_S1_SCS__1S_20251201T210747_20251201T210808_T_G01_M01_C04_T028_F163_01_DKQBON,BiomassLevel1a,SCS,T028,F163,2025-12-01T21:07:47.637Z,2025-12-01T21:08:08.421Z,4,DESCENDING,"{""processing:facility"": ""Biomass CPF"", ""product:type"": ""S1_SCS__1S"", ""eofeos:global_coverage_id"": ""1"", ""sat:anx_datetime"": ""2025-12-01T20:16:33.475Z"", ""platform"": ""Biomass"", ""eofeos:major_cycle_id"": ""1"", ""datetime"": ""2025-12-01T21:07:47.637Z"", ""instruments"": [""P-SAR""], ""constellation"": ""Biomass"", ""storage:schemes"": {""biomass-pdgs-01"": {""bucket"": ""biomass-pdgs-01"", ""description"": ""This endpoint provides access to EO data which is stored on the object storage of the ESA MAAP. See the [documentation](https://portal.maap.eo.esa.int/dataaccess/) for more information, including how to get credentials."", ""type"": ""custom-s3"", ""title"": ""ESA MAAP S3"", ""region"": ""gra"", ""platform"": ""https://{bucket}.s3.{region}.io.cloud.ovh.net""}}, ""eopf:datatake_id"": ""26020750"", ""processing:software"": {""Biomass L1 Processor"": ""4.2.2""}, ""eopf:instrument_configuration_id"": 0, ""grid:code"": ""WRS-28-163"", ""processing:level"": ""L1A"", ""proj:code"": ""EPSG:4326"", ""sci:doi"": ""10.57780/bio-bef83b4"", ""created"": ""2026-01-04T22:26:47Z"", ""published"": ""2025-12-01T21:08:08.421Z"", ""version"": ""01"", ""sar:observation_direction"": ""left"", ""sar:polarizations"": [""HH"", ""HV"", ""VH"", ""VV""], ""auth:schemes"": {""s3"": {""type"": ""s3""}, ""oidc"": {""openIdConnectUrl"": ""https://iam.ascend.icsgate.eu/realms/esa-maap/.well-known/openid-configuration"", ""type"": ""openIdConnect""}}, ""sar:instrument_mode"": ""SM"", ""eofeos:orbit_drift_flag"": false, ""processing:datetime"": ""2026-01-04T22:26:47Z"", ""eofeos:mission_phase"": ""TOMOGRAPHIC"", ""updated"": ""2026-05-17T10:13:52Z"", ""sat:absolute_orbit"": 3176, ""product:acquisition_type"": ""nominal""}"
BIO_S1_SCS__1S_20260301T211236_20260301T211257_T_G01_M02_C07_T028_F163_01_DNMWPJ,BIO_S1_SCS__1S_20260301T211236_20260301T211257_T_G01_M02_C07_T028_F163_01_DNMWPJ,BiomassLevel1a,SCS,T028,F163,2026-03-01T21:12:36.801Z,2026-03-01T21:12:57.193Z,7,DESCENDING,"{""processing:facility"": ""Biomass CPF"", ""product:type"": ""S1_SCS__1S"", ""eofeos:global_coverage_id"": ""1"", ""sat:anx_datetime"": ""2026-03-01T20:21:22.493Z"", ""platform"": ""Biomass"", ""eofeos:major_cycle_id"": ""2"", ""datetime"": ""2026-03-01T21:12:36.801Z"", ""instruments"": [""P-SAR""], ""constellation"": ""Biomass"", ""storage:schemes"": {""biomass-pdgs-01"": {""bucket"": ""biomass-pdgs-01"", ""description"": ""This endpoint provides access to EO data which is stored on the object storage of the ESA MAAP. See the [documentation](https://portal.maap.eo.esa.int/dataaccess/) for more information, including how to get credentials."", ""type"": ""custom-s3"", ""title"": ""ESA MAAP S3"", ""region"": ""gra"", ""platform"": ""https://{bucket}.s3.{region}.io.cloud.ovh.net""}}, ""eopf:datatake_id"": ""36834176"", ""processing:software"": {""Biomass L1 Processor"": ""4.3.1""}, ""eopf:instrument_configuration_id"": 0, ""grid:code"": ""WRS-28-163"", ""processing:level"": ""L1A"", ""proj:code"": ""EPSG:4326"", ""sci:doi"": ""10.57780/bio-bef83b4"", ""created"": ""2026-03-02T09:51:19Z"", ""published"": ""2026-03-01T21:12:57.193Z"", ""version"": ""01"", ""sar:observation_direction"": ""left"", ""sar:polarizations"": [""HH"", ""HV"", ""VH"", ""VV""], ""auth:schemes"": {""s3"": {""type"": ""s3""}, ""oidc"": {""openIdConnectUrl"": ""https://iam.ascend.icsgate.eu/realms/esa-maap/.well-known/openid-configuration"", ""type"": ""openIdConnect""}}, ""sar:instrument_mode"": ""SM"", ""eofeos:orbit_drift_flag"": false, ""processing:datetime"": ""2026-03-02T09:51:19Z"", ""eofeos:mission_phase"": ""TOMOGRAPHIC"", ""updated"": ""2026-05-17T13:25:07Z"", ""sat:absolute_orbit"": 4496, ""product:acquisition_type"": ""nominal""}"
BIO_S1_SCS__1S_20260424T211705_20260424T211726_T_G01_M03_C01_T028_F163_02_DQF0K7,BIO_S1_SCS__1S_20260424T211705_20260424T211726_T_G01_M03_C01_T028_F163_02_DQF0K7,BiomassLevel1a,SCS,T028,F163,2026-04-24T21:17:05.743Z,2026-04-24T21:17:26.135Z,1,DESCENDING,"{""processing:facility"": ""Biomass CPF"", ""product:type"": ""S1_SCS__1S"", ""eofeos:global_coverage_id"": ""1"", ""sat:anx_datetime"": ""2026-04-24T20:25:51.443Z"", ""platform"": ""Biomass"", ""eofeos:major_cycle_id"": ""3"", ""datetime"": ""2026-04-24T21:17:05.743Z"", ""instruments"": [""P-SAR""], ""constellation"": ""Biomass"", ""storage:schemes"": {""biomass-pdgs-01"": {""bucket"": ""biomass-pdgs-01"", ""description"": ""This endpoint provides access to EO data which is stored on the object storage of the ESA MAAP. See the [documentation](https://portal.maap.eo.esa.int/dataaccess/) for more information, including how to get credentials."", ""type"": ""custom-s3"", ""title"": ""ESA MAAP S3"", ""region"": ""gra"", ""platform"": ""https://{bucket}.s3.{region}.io.cloud.ovh.net""}}, ""eopf:datatake_id"": ""43322236"", ""processing:software"": {""Biomass L1 Processor"": ""4.4.2""}, ""eopf:instrument_configuration_id"": 0, ""grid:code"": ""WRS-28-163"", ""processing:level"": ""L1A"", ""proj:code"": ""EPSG:4326"", ""sci:doi"": ""10.57780/bio-bef83b4"", ""created"": ""2026-04-25T11:14:31Z"", ""published"": ""2026-04-24T21:17:26.135Z"", ""version"": ""02"", ""sar:observation_direction"": ""left"", ""sar:polarizations"": [""HH"", ""HV"", ""VH"", ""VV""], ""auth:schemes"": {""s3"": {""type"": ""s3""}, ""oidc"": {""openIdConnectUrl"": ""https://iam.ascend.icsgate.eu/realms/esa-maap/.well-known/openid-configuration"", ""type"": ""openIdConnect""}}, ""sar:instrument_mode"": ""SM"", ""eofeos:orbit_drift_flag"": false, ""processing:datetime"": ""2026-04-25T11:14:31Z"", ""eofeos:mission_phase"": ""TOMOGRAPHIC"", ""updated"": ""2026-06-09T16:48:38Z"", ""sat:absolute_orbit"": 5288, ""product:acquisition_type"": ""nominal""}"
BIO_S1_SCS__1S_20260427T211707_20260427T211728_T_G01_M03_C02_T028_F163_02_DQKKNK,BIO_S1_SCS__1S_20260427T211707_20260427T211728_T_G01_M03_C02_T028_F163_02_DQKKNK,BiomassLevel1a,SCS,T028,F163,2026-04-27T21:17:07.654Z,2026-04-27T21:17:28.045Z,2,DESCENDING,"{""processing:facility"": ""Biomass CPF"", ""product:type"": ""S1_SCS__1S"", ""eofeos:global_coverage_id"": ""1"", ""sat:anx_datetime"": ""2026-04-27T20:25:53.361Z"", ""platform"": ""Biomass"", ""eofeos:major_cycle_id"": ""3"", ""datetime"": ""2026-04-27T21:17:07.654Z"", ""instruments"": [""P-SAR""], ""constellation"": ""Biomass"", ""storage:schemes"": {""biomass-pdgs-01"": {""bucket"": ""biomass-pdgs-01"", ""description"": ""This endpoint provides access to EO data which is stored on the object storage of the ESA MAAP. See the [documentation](https://portal.maap.eo.esa.int/dataaccess/) for more information, including how to get credentials."", ""type"": ""custom-s3"", ""title"": ""ESA MAAP S3"", ""region"": ""gra"", ""platform"": ""https://{bucket}.s3.{region}.io.cloud.ovh.net""}}, ""eopf:datatake_id"": ""43682683"", ""processing:software"": {""Biomass L1 Processor"": ""4.4.2""}, ""eopf:instrument_configuration_id"": 0, ""grid:code"": ""WRS-28-163"", ""processing:level"": ""L1A"", ""proj:code"": ""EPSG:4326"", ""sci:doi"": ""10.57780/bio-bef83b4"", ""created"": ""2026-04-28T11:16:32Z"", ""published"": ""2026-04-27T21:17:28.045Z"", ""version"": ""02"", ""sar:observation_direction"": ""left"", ""sar:polarizations"": [""HH"", ""HV"", ""VH"", ""VV""], ""auth:schemes"": {""s3"": {""type"": ""s3""}, ""oidc"": {""openIdConnectUrl"": ""https://iam.ascend.icsgate.eu/realms/esa-maap/.well-known/openid-configuration"", ""type"": ""openIdConnect""}}, ""sar:instrument_mode"": ""SM"", ""eofeos:orbit_drift_flag"": false, ""processing:datetime"": ""2026-04-28T11:16:32Z"", ""eofeos:mission_phase"": ""TOMOGRAPHIC"", ""updated"": ""2026-06-10T21:53:20Z"", ""sat:absolute_orbit"": 5332, ""product:acquisition_type"": ""nominal""}"
BIO_S1_SCS__1S_20251201T210806_20251201T210827_T_G01_M01_C04_T028_F164_01_DKQBOU,BIO_S1_SCS__1S_20251201T210806_20251201T210827_T_G01_M01_C04_T028_F164_01_DKQBOU,BiomassLevel1a,SCS,T028,F164,2025-12-01T21:08:06.643Z,2025-12-01T21:08:27.428Z,4,DESCENDING,"{""processing:facility"": ""Biomass CPF"", ""product:type"": ""S1_SCS__1S"", ""eofeos:global_coverage_id"": ""1"", ""sat:anx_datetime"": ""2025-12-01T20:16:33.475Z"", ""platform"": ""Biomass"", ""eofeos:major_cycle_id"": ""1"", ""datetime"": ""2025-12-01T21:08:06.643Z"", ""instruments"": [""P-SAR""], ""constellation"": ""Biomass"", ""storage:schemes"": {""biomass-pdgs-01"": {""bucket"": ""biomass-pdgs-01"", ""description"": ""This endpoint provides access to EO data which is stored on the object storage of the ESA MAAP. See the [documentation](https://portal.maap.eo.esa.int/dataaccess/) for more information, including how to get credentials."", ""type"": ""custom-s3"", ""title"": ""ESA MAAP S3"", ""region"": ""gra"", ""platform"": ""https://{bucket}.s3.{region}.io.cloud.ovh.net""}}, ""eopf:datatake_id"": ""26020750"", ""processing:software"": {""Biomass L1 Processor"": ""4.2.2""}, ""eopf:instrument_configuration_id"": 0, ""grid:code"": ""WRS-28-164"", ""processing:level"": ""L1A"", ""proj:code"": ""EPSG:4326"", ""sci:doi"": ""10.57780/bio-bef83b4"", ""created"": ""2026-01-04T22:26:54Z"", ""published"": ""2025-12-01T21:08:27.428Z"", ""version"": ""01"", ""sar:observation_direction"": ""left"", ""sar:polarizations"": [""HH"", ""HV"", ""VH"", ""VV""], ""auth:schemes"": {""s3"": {""type"": ""s3""}, ""oidc"": {""openIdConnectUrl"": ""https://iam.ascend.icsgate.eu/realms/esa-maap/.well-known/openid-configuration"", ""type"": ""openIdConnect""}}, ""sar:instrument_mode"": ""SM"", ""eofeos:orbit_drift_flag"": false, ""processing:datetime"": ""2026-01-04T22:26:54Z"", ""eofeos:mission_phase"": ""TOMOGRAPHIC"", ""updated"": ""2026-05-17T10:13:53Z"", ""sat:absolute_orbit"": 3176, ""product:acquisition_type"": ""nominal""}"
BIO_S1_SCS__1S_20260301T211255_20260301T211316_T_G01_M02_C07_T028_F164_01_DNMWT6,BIO_S1_SCS__1S_20260301T211255_20260301T211316_T_G01_M02_C07_T028_F164_01_DNMWT6,BiomassLevel1a,SCS,T028,F164,2026-03-01T21:12:55.808Z,2026-03-01T21:13:16.200Z,7,DESCENDING,"{""processing:facility"": ""Biomass CPF"", ""product:type"": ""S1_SCS__1S"", ""eofeos:global_coverage_id"": ""1"", ""sat:anx_datetime"": ""2026-03-01T20:21:22.493Z"", ""platform"": ""Biomass"", ""eofeos:major_cycle_id"": ""2"", ""datetime"": ""2026-03-01T21:12:55.808Z"", ""instruments"": [""P-SAR""], ""constellation"": ""Biomass"", ""storage:schemes"": {""biomass-pdgs-01"": {""bucket"": ""biomass-pdgs-01"", ""description"": ""This endpoint provides access to EO data which is stored on the object storage of the ESA MAAP. See the [documentation](https://portal.maap.eo.esa.int/dataaccess/) for more information, including how to get credentials."", ""type"": ""custom-s3"", ""title"": ""ESA MAAP S3"", ""region"": ""gra"", ""platform"": ""https://{bucket}.s3.{region}.io.cloud.ovh.net""}}, ""eopf:datatake_id"": ""36834176"", ""processing:software"": {""Biomass L1 Processor"": ""4.3.1""}, ""eopf:instrument_configuration_id"": 0, ""grid:code"": ""WRS-28-164"", ""processing:level"": ""L1A"", ""proj:code"": ""EPSG:4326"", ""sci:doi"": ""10.57780/bio-bef83b4"", ""created"": ""2026-03-02T09:53:30Z"", ""published"": ""2026-03-01T21:13:16.200Z"", ""version"": ""01"", ""sar:observation_direction"": ""left"", ""sar:polarizations"": [""HH"", ""HV"", ""VH"", ""VV""], ""auth:schemes"": {""s3"": {""type"": ""s3""}, ""oidc"": {""openIdConnectUrl"": ""https://iam.ascend.icsgate.eu/realms/esa-maap/.well-known/openid-configuration"", ""type"": ""openIdConnect""}}, ""sar:instrument_mode"": ""SM"", ""eofeos:orbit_drift_flag"": false, ""processing:datetime"": ""2026-03-02T09:53:30Z"", ""eofeos:mission_phase"": ""TOMOGRAPHIC"", ""updated"": ""2026-05-17T13:25:07Z"", ""sat:absolute_orbit"": 4496, ""product:acquisition_type"": ""nominal""}"
BIO_S1_SCS__1S_20260427T211726_20260427T211747_T_G01_M03_C02_T028_F164_02_DQKKO6,BIO_S1_SCS__1S_20260427T211726_20260427T211747_T_G01_M03_C02_T028_F164_02_DQKKO6,BiomassLevel1a,SCS,T028,F164,2026-04-27T21:17:26.660Z,2026-04-27T21:17:47.052Z,2,DESCENDING,"{""processing:facility"": ""Biomass CPF"", ""product:type"": ""S1_SCS__1S"", ""eofeos:global_coverage_id"": ""1"", ""sat:anx_datetime"": ""2026-04-27T20:25:53.361Z"", ""platform"": ""Biomass"", ""eofeos:major_cycle_id"": ""3"", ""datetime"": ""2026-04-27T21:17:26.660Z"", ""instruments"": [""P-SAR""], ""constellation"": ""Biomass"", ""storage:schemes"": {""biomass-pdgs-01"": {""bucket"": ""biomass-pdgs-01"", ""description"": ""This endpoint provides access to EO data which is stored on the object storage of the ESA MAAP. See the [documentation](https://portal.maap.eo.esa.int/dataaccess/) for more information, including how to get credentials."", ""type"": ""custom-s3"", ""title"": ""ESA MAAP S3"", ""region"": ""gra"", ""platform"": ""https://{bucket}.s3.{region}.io.cloud.ovh.net""}}, ""eopf:datatake_id"": ""43682683"", ""processing:software"": {""Biomass L1 Processor"": ""4.4.2""}, ""eopf:instrument_configuration_id"": 0, ""grid:code"": ""WRS-28-164"", ""processing:level"": ""L1A"", ""proj:code"": ""EPSG:4326"", ""sci:doi"": ""10.57780/bio-bef83b4"", ""created"": ""2026-04-28T11:16:54Z"", ""published"": ""2026-04-27T21:17:47.052Z"", ""version"": ""02"", ""sar:observation_direction"": ""left"", ""sar:polarizations"": [""HH"", ""HV"", ""VH"", ""VV""], ""auth:schemes"": {""s3"": {""type"": ""s3""}, ""oidc"": {""openIdConnectUrl"": ""https://iam.ascend.icsgate.eu/realms/esa-maap/.well-known/openid-configuration"", ""type"": ""openIdConnect""}}, ""sar:instrument_mode"": ""SM"", ""eofeos:orbit_drift_flag"": false, ""processing:datetime"": ""2026-04-28T11:16:54Z"", ""eofeos:mission_phase"": ""TOMOGRAPHIC"", ""updated"": ""2026-06-10T21:53:20Z"", ""sat:absolute_orbit"": 5332, ""product:acquisition_type"": ""nominal""}"
BIO_S1_SCS__1S_20260430T211728_20260430T211749_T_G01_M03_C03_T028_F164_02_DQQ5E3,BIO_S1_SCS__1S_20260430T211728_20260430T211749_T_G01_M03_C03_T028_F164_02_DQQ5E3,BiomassLevel1a,SCS,T028,F164,2026-04-30T21:17:28.608Z,2026-04-30T21:17:49.001Z,3,DESCENDING,"{""processing:facility"": ""Biomass CPF"", ""product:type"": ""S1_SCS__1S"", ""eofeos:global_coverage_id"": ""1"", ""sat:anx_datetime"": ""2026-04-30T20:25:55.299Z"", ""platform"": ""Biomass"", ""eofeos:major_cycle_id"": ""3"", ""datetime"": ""2026-04-30T21:17:28.608Z"", ""instruments"": [""P-SAR""], ""constellation"": ""Biomass"", ""storage:schemes"": {""biomass-pdgs-01"": {""bucket"": ""biomass-pdgs-01"", ""description"": ""This endpoint provides access to EO data which is stored on the object storage of the ESA MAAP. See the [documentation](https://portal.maap.eo.esa.int/dataaccess/) for more information, including how to get credentials."", ""type"": ""custom-s3"", ""title"": ""ESA MAAP S3"", ""region"": ""gra"", ""platform"": ""https://{bucket}.s3.{region}.io.cloud.ovh.net""}}, ""eopf:datatake_id"": ""44043131"", ""processing:software"": {""Biomass L1 Processor"": ""4.4.2""}, ""eopf:instrument_configuration_id"": 0, ""grid:code"": ""WRS-28-164"", ""processing:level"": ""L1A"", ""proj:code"": ""EPSG:4326"", ""sci:doi"": ""10.57780/bio-bef83b4"", ""created"": ""2026-05-01T11:32:27Z"", ""published"": ""2026-04-30T21:17:49.001Z"", ""version"": ""02"", ""sar:observation_direction"": ""left"", ""sar:polarizations"": [""HH"", ""HV"", ""VH"", ""VV""], ""auth:schemes"": {""s3"": {""type"": ""s3""}, ""oidc"": {""openIdConnectUrl"": ""https://iam.ascend.icsgate.eu/realms/esa-maap/.well-known/openid-configuration"", ""type"": ""openIdConnect""}}, ""sar:instrument_mode"": ""SM"", ""eofeos:orbit_drift_flag"": false, ""processing:datetime"": ""2026-05-01T11:32:27Z"", ""eofeos:mission_phase"": ""TOMOGRAPHIC"", ""updated"": ""2026-06-10T22:10:16Z"", ""sat:absolute_orbit"": 5376, ""product:acquisition_type"": ""nominal""}"
BIO_S1_SCS__1S_20260509T211734_20260509T211754_T_G01_M03_C06_T028_F164_02_DR72DW,BIO_S1_SCS__1S_20260509T211734_20260509T211754_T_G01_M03_C06_T028_F164_02_DR72DW,BiomassLevel1a,SCS,T028,F164,2026-05-09T21:17:34.427Z,2026-05-09T21:17:54.820Z,6,DESCENDING,"{""processing:facility"": ""Biomass CPF"", ""product:type"": ""S1_SCS__1S"", ""eofeos:global_coverage_id"": ""1"", ""sat:anx_datetime"": ""2026-05-09T20:26:01.107Z"", ""platform"": ""Biomass"", ""eofeos:major_cycle_id"": ""3"", ""datetime"": ""2026-05-09T21:17:34.427Z"", ""instruments"": [""P-SAR""], ""constellation"": ""Biomass"", ""storage:schemes"": {""biomass-pdgs-01"": {""bucket"": ""biomass-pdgs-01"", ""description"": ""This endpoint provides access to EO data which is stored on the object storage of the ESA MAAP. See the [documentation](https://portal.maap.eo.esa.int/dataaccess/) for more information, including how to get credentials."", ""type"": ""custom-s3"", ""title"": ""ESA MAAP S3"", ""region"": ""gra"", ""platform"": ""https://{bucket}.s3.{region}.io.cloud.ovh.net""}}, ""eopf:datatake_id"": ""45124469"", ""processing:software"": {""Biomass L1 Processor"": ""4.4.3""}, ""eopf:instrument_configuration_id"": 0, ""grid:code"": ""WRS-28-164"", ""processing:level"": ""L1A"", ""proj:code"": ""EPSG:4326"", ""sci:doi"": ""10.57780/bio-bef83b4"", ""created"": ""2026-05-10T14:46:44Z"", ""published"": ""2026-05-09T21:17:54.820Z"", ""version"": ""02"", ""sar:observation_direction"": ""left"", ""sar:polarizations"": [""HH"", ""HV"", ""VH"", ""VV""], ""auth:schemes"": {""s3"": {""type"": ""s3""}, ""oidc"": {""openIdConnectUrl"": ""https://iam.ascend.icsgate.eu/realms/esa-maap/.well-known/openid-configuration"", ""type"": ""openIdConnect""}}, ""sar:instrument_mode"": ""SM"", ""eofeos:orbit_drift_flag"": false, ""processing:datetime"": ""2026-05-10T14:46:44Z"", ""eofeos:mission_phase"": ""TOMOGRAPHIC"", ""updated"": ""2026-06-10T22:44:53Z"", ""sat:absolute_orbit"": 5508, ""product:acquisition_type"": ""nominal""}"
BIO_S1_SCS__1S_20251122T210819_20251122T210840_T_G01_M01_C01_T028_F165_01_DK4Y0D,BIO_S1_SCS__1S_20251122T210819_20251122T210840_T_G01_M01_C01_T028_F165_01_DK4Y0D,BiomassLevel1a,SCS,T028,F165,2025-11-22T21:08:19.731Z,2025-11-22T21:08:40.517Z,1,DESCENDING,"{""processing:facility"": ""Biomass CPF"", ""product:type"": ""S1_SCS__1S"", ""eofeos:global_coverage_id"": ""1"", ""sat:anx_datetime"": ""2025-11-22T20:16:27.559Z"", ""platform"": ""Biomass"", ""eofeos:major_cycle_id"": ""1"", ""datetime"": ""2025-11-22T21:08:19.731Z"", ""instruments"": [""P-SAR""], ""constellation"": ""Biomass"", ""storage:schemes"": {""biomass-pdgs-01"": {""bucket"": ""biomass-pdgs-01"", ""description"": ""This endpoint provides access to EO data which is stored on the object storage of the ESA MAAP. See the [documentation](https://portal.maap.eo.esa.int/dataaccess/) for more information, including how to get credentials."", ""type"": ""custom-s3"", ""title"": ""ESA MAAP S3"", ""region"": ""gra"", ""platform"": ""https://{bucket}.s3.{region}.io.cloud.ovh.net""}}, ""eopf:datatake_id"": ""24939406"", ""processing:software"": {""Biomass L1 Processor"": ""4.2.2""}, ""eopf:instrument_configuration_id"": 0, ""grid:code"": ""WRS-28-165"", ""processing:level"": ""L1A"", ""proj:code"": ""EPSG:4326"", ""sci:doi"": ""10.57780/bio-bef83b4"", ""created"": ""2025-12-24T09:21:49Z"", ""published"": ""2025-11-22T21:08:40.517Z"", ""version"": ""01"", ""sar:observation_direction"": ""left"", ""sar:polarizations"": [""HH"", ""HV"", ""VH"", ""VV""], ""auth:schemes"": {""s3"": {""type"": ""s3""}, ""oidc"": {""openIdConnectUrl"": ""https://iam.ascend.icsgate.eu/realms/esa-maap/.well-known/openid-configuration"", ""type"": ""openIdConnect""}}, ""sar:instrument_mode"": ""SM"", ""eofeos:orbit_drift_flag"": false, ""processing:datetime"": ""2025-12-24T09:21:49Z"", ""eofeos:mission_phase"": ""TOMOGRAPHIC"", ""updated"": ""2026-05-17T09:30:33Z"", ""sat:absolute_orbit"": 3044, ""product:acquisition_type"": ""nominal""}"
BIO_S1_SCS__1S_20260211T211304_20260211T211324_T_G01_M02_C01_T028_F165_01_DMPIA8,BIO_S1_SCS__1S_20260211T211304_20260211T211324_T_G01_M02_C01_T028_F165_01_DMPIA8,BiomassLevel1a,SCS,T028,F165,2026-02-11T21:13:04.010Z,2026-02-11T21:13:24.404Z,1,DESCENDING,"{""processing:facility"": ""Biomass CPF"", ""product:type"": ""S1_SCS__1S"", ""eofeos:global_coverage_id"": ""1"", ""sat:anx_datetime"": ""2026-02-11T20:21:11.722Z"", ""platform"": ""Biomass"", ""eofeos:major_cycle_id"": ""2"", ""datetime"": ""2026-02-11T21:13:04.010Z"", ""instruments"": [""P-SAR""], ""constellation"": ""Biomass"", ""storage:schemes"": {""biomass-pdgs-01"": {""bucket"": ""biomass-pdgs-01"", ""description"": ""This endpoint provides access to EO data which is stored on the object storage of the ESA MAAP. See the [documentation](https://portal.maap.eo.esa.int/dataaccess/) for more information, including how to get credentials."", ""type"": ""custom-s3"", ""title"": ""ESA MAAP S3"", ""region"": ""gra"", ""platform"": ""https://{bucket}.s3.{region}.io.cloud.ovh.net""}}, ""eopf:datatake_id"": ""34671487"", ""processing:software"": {""Biomass L1 Processor"": ""4.3.1""}, ""eopf:instrument_configuration_id"": 0, ""grid:code"": ""WRS-28-165"", ""processing:level"": ""L1A"", ""proj:code"": ""EPSG:4326"", ""sci:doi"": ""10.57780/bio-bef83b4"", ""created"": ""2026-02-12T08:58:56Z"", ""published"": ""2026-02-11T21:13:24.404Z"", ""version"": ""01"", ""sar:observation_direction"": ""left"", ""sar:polarizations"": [""HH"", ""HV"", ""VH"", ""VV""], ""auth:schemes"": {""s3"": {""type"": ""s3""}, ""oidc"": {""openIdConnectUrl"": ""https://iam.ascend.icsgate.eu/realms/esa-maap/.well-known/openid-configuration"", ""type"": ""openIdConnect""}}, ""sar:instrument_mode"": ""SM"", ""eofeos:orbit_drift_flag"": false, ""processing:datetime"": ""2026-02-12T08:58:56Z"", ""eofeos:mission_phase"": ""TOMOGRAPHIC"", ""updated"": ""2026-05-17T12:41:18Z"", ""sat:absolute_orbit"": 4232, ""product:acquisition_type"": ""nominal""}"
BIO_S1_SCS__1S_20260301T211314_20260301T211335_T_G01_M02_C07_T028_F165_01_DNMWSW,BIO_S1_SCS__1S_20260301T211314_20260301T211335_T_G01_M02_C07_T028_F165_01_DNMWSW,BiomassLevel1a,SCS,T028,F165,2026-03-01T21:13:14.815Z,2026-03-01T21:13:35.209Z,7,DESCENDING,"{""processing:facility"": ""Biomass CPF"", ""product:type"": ""S1_SCS__1S"", ""eofeos:global_coverage_id"": ""1"", ""sat:anx_datetime"": ""2026-03-01T20:21:22.493Z"", ""platform"": ""Biomass"", ""eofeos:major_cycle_id"": ""2"", ""datetime"": ""2026-03-01T21:13:14.815Z"", ""instruments"": [""P-SAR""], ""constellation"": ""Biomass"", ""storage:schemes"": {""biomass-pdgs-01"": {""bucket"": ""biomass-pdgs-01"", ""description"": ""This endpoint provides access to EO data which is stored on the object storage of the ESA MAAP. See the [documentation](https://portal.maap.eo.esa.int/dataaccess/) for more information, including how to get credentials."", ""type"": ""custom-s3"", ""title"": ""ESA MAAP S3"", ""region"": ""gra"", ""platform"": ""https://{bucket}.s3.{region}.io.cloud.ovh.net""}}, ""eopf:datatake_id"": ""36834176"", ""processing:software"": {""Biomass L1 Processor"": ""4.3.1""}, ""eopf:instrument_configuration_id"": 0, ""grid:code"": ""WRS-28-165"", ""processing:level"": ""L1A"", ""proj:code"": ""EPSG:4326"", ""sci:doi"": ""10.57780/bio-bef83b4"", ""created"": ""2026-03-02T09:53:20Z"", ""published"": ""2026-03-01T21:13:35.209Z"", ""version"": ""01"", ""sar:observation_direction"": ""left"", ""sar:polarizations"": [""HH"", ""HV"", ""VH"", ""VV""], ""auth:schemes"": {""s3"": {""type"": ""s3""}, ""oidc"": {""openIdConnectUrl"": ""https://iam.ascend.icsgate.eu/realms/esa-maap/.well-known/openid-configuration"", ""type"": ""openIdConnect""}}, ""sar:instrument_mode"": ""SM"", ""eofeos:orbit_drift_flag"": false, ""processing:datetime"": ""2026-03-02T09:53:20Z"", ""eofeos:mission_phase"": ""TOMOGRAPHIC"", ""updated"": ""2026-05-17T13:25:07Z"", ""sat:absolute_orbit"": 4496, ""product:acquisition_type"": ""nominal""}"
BIO_S1_SCS__1S_20260427T211745_20260427T211806_T_G01_M03_C02_T028_F165_02_DQKKNM,BIO_S1_SCS__1S_20260427T211745_20260427T211806_T_G01_M03_C02_T028_F165_02_DQKKNM,BiomassLevel1a,SCS,T028,F165,2026-04-27T21:17:45.667Z,2026-04-27T21:18:06.061Z,2,DESCENDING,"{""processing:facility"": ""Biomass CPF"", ""product:type"": ""S1_SCS__1S"", ""eofeos:global_coverage_id"": ""1"", ""sat:anx_datetime"": ""2026-04-27T20:25:53.361Z"", ""platform"": ""Biomass"", ""eofeos:major_cycle_id"": ""3"", ""datetime"": ""2026-04-27T21:17:45.667Z"", ""instruments"": [""P-SAR""], ""constellation"": ""Biomass"", ""storage:schemes"": {""biomass-pdgs-01"": {""bucket"": ""biomass-pdgs-01"", ""description"": ""This endpoint provides access to EO data which is stored on the object storage of the ESA MAAP. See the [documentation](https://portal.maap.eo.esa.int/dataaccess/) for more information, including how to get credentials."", ""type"": ""custom-s3"", ""title"": ""ESA MAAP S3"", ""region"": ""gra"", ""platform"": ""https://{bucket}.s3.{region}.io.cloud.ovh.net""}}, ""eopf:datatake_id"": ""43682683"", ""processing:software"": {""Biomass L1 Processor"": ""4.4.2""}, ""eopf:instrument_configuration_id"": 0, ""grid:code"": ""WRS-28-165"", ""processing:level"": ""L1A"", ""proj:code"": ""EPSG:4326"", ""sci:doi"": ""10.57780/bio-bef83b4"", ""created"": ""2026-04-28T11:16:34Z"", ""published"": ""2026-04-27T21:18:06.061Z"", ""version"": ""02"", ""sar:observation_direction"": ""left"", ""sar:polarizations"": [""HH"", ""HV"", ""VH"", ""VV""], ""auth:schemes"": {""s3"": {""type"": ""s3""}, ""oidc"": {""openIdConnectUrl"": ""https://iam.ascend.icsgate.eu/realms/esa-maap/.well-known/openid-configuration"", ""type"": ""openIdConnect""}}, ""sar:instrument_mode"": ""SM"", ""eofeos:orbit_drift_flag"": false, ""processing:datetime"": ""2026-04-28T11:16:34Z"", ""eofeos:mission_phase"": ""TOMOGRAPHIC"", ""updated"": ""2026-06-10T21:53:20Z"", ""sat:absolute_orbit"": 5332, ""product:acquisition_type"": ""nominal""}"
BIO_S1_SCS__1S_20260509T211753_20260509T211813_T_G01_M03_C06_T028_F165_02_DR72TC,BIO_S1_SCS__1S_20260509T211753_20260509T211813_T_G01_M03_C06_T028_F165_02_DR72TC,BiomassLevel1a,SCS,T028,F165,2026-05-09T21:17:53.431Z,2026-05-09T21:18:13.824Z,6,DESCENDING,"{""processing:facility"": ""Biomass CPF"", ""product:type"": ""S1_SCS__1S"", ""eofeos:global_coverage_id"": ""1"", ""sat:anx_datetime"": ""2026-05-09T20:26:01.107Z"", ""platform"": ""Biomass"", ""eofeos:major_cycle_id"": ""3"", ""datetime"": ""2026-05-09T21:17:53.431Z"", ""instruments"": [""P-SAR""], ""constellation"": ""Biomass"", ""storage:schemes"": {""biomass-pdgs-01"": {""bucket"": ""biomass-pdgs-01"", ""description"": ""This endpoint provides access to EO data which is stored on the object storage of the ESA MAAP. See the [documentation](https://portal.maap.eo.esa.int/dataaccess/) for more information, including how to get credentials."", ""type"": ""custom-s3"", ""title"": ""ESA MAAP S3"", ""region"": ""gra"", ""platform"": ""https://{bucket}.s3.{region}.io.cloud.ovh.net""}}, ""eopf:datatake_id"": ""45124469"", ""processing:software"": {""Biomass L1 Processor"": ""4.4.3""}, ""eopf:instrument_configuration_id"": 0, ""grid:code"": ""WRS-28-165"", ""processing:level"": ""L1A"", ""proj:code"": ""EPSG:4326"", ""sci:doi"": ""10.57780/bio-bef83b4"", ""created"": ""2026-05-10T14:56:00Z"", ""published"": ""2026-05-09T21:18:13.824Z"", ""version"": ""02"", ""sar:observation_direction"": ""left"", ""sar:polarizations"": [""HH"", ""HV"", ""VH"", ""VV""], ""auth:schemes"": {""s3"": {""type"": ""s3""}, ""oidc"": {""openIdConnectUrl"": ""https://iam.ascend.icsgate.eu/realms/esa-maap/.well-known/openid-configuration"", ""type"": ""openIdConnect""}}, ""sar:instrument_mode"": ""SM"", ""eofeos:orbit_drift_flag"": false, ""processing:datetime"": ""2026-05-10T14:56:00Z"", ""eofeos:mission_phase"": ""TOMOGRAPHIC"", ""updated"": ""2026-06-10T22:45:00Z"", ""sat:absolute_orbit"": 5508, ""product:acquisition_type"": ""nominal""}"
BIO_S1_SCS__1S_20251122T210838_20251122T210859_T_G01_M01_C01_T028_F166_01_DNRKT8,BIO_S1_SCS__1S_20251122T210838_20251122T210859_T_G01_M01_C01_T028_F166_01_DNRKT8,BiomassLevel1a,SCS,T028,F166,2025-11-22T21:08:38.933Z,2025-11-22T21:08:59.328Z,1,DESCENDING,"{""processing:facility"": ""Biomass CPF"", ""product:type"": ""S1_SCS__1S"", ""eofeos:global_coverage_id"": ""1"", ""sat:anx_datetime"": ""2025-11-22T20:16:27.559Z"", ""platform"": ""Biomass"", ""eofeos:major_cycle_id"": ""1"", ""datetime"": ""2025-11-22T21:08:38.933Z"", ""instruments"": [""P-SAR""], ""constellation"": ""Biomass"", ""storage:schemes"": {""biomass-pdgs-01"": {""bucket"": ""biomass-pdgs-01"", ""description"": ""This endpoint provides access to EO data which is stored on the object storage of the ESA MAAP. See the [documentation](https://portal.maap.eo.esa.int/dataaccess/) for more information, including how to get credentials."", ""type"": ""custom-s3"", ""title"": ""ESA MAAP S3"", ""region"": ""gra"", ""platform"": ""https://{bucket}.s3.{region}.io.cloud.ovh.net""}}, ""eopf:datatake_id"": ""24939406"", ""processing:software"": {""Biomass L1 Processor"": ""4.3.1""}, ""eopf:instrument_configuration_id"": 0, ""grid:code"": ""WRS-28-166"", ""processing:level"": ""L1A"", ""proj:code"": ""EPSG:4326"", ""sci:doi"": ""10.57780/bio-bef83b4"", ""created"": ""2026-03-04T22:22:20Z"", ""published"": ""2025-11-22T21:08:59.328Z"", ""version"": ""01"", ""sar:observation_direction"": ""left"", ""sar:polarizations"": [""HH"", ""HV"", ""VH"", ""VV""], ""auth:schemes"": {""s3"": {""type"": ""s3""}, ""oidc"": {""openIdConnectUrl"": ""https://iam.ascend.icsgate.eu/realms/esa-maap/.well-known/openid-configuration"", ""type"": ""openIdConnect""}}, ""sar:instrument_mode"": ""SM"", ""eofeos:orbit_drift_flag"": false, ""processing:datetime"": ""2026-03-04T22:22:20Z"", ""eofeos:mission_phase"": ""TOMOGRAPHIC"", ""updated"": ""2026-05-17T09:30:34Z"", ""sat:absolute_orbit"": 3044, ""product:acquisition_type"": ""nominal""}"
BIO_S1_SCS__1S_20251201T210844_20251201T210905_T_G01_M01_C04_T028_F166_01_DKQ76F,BIO_S1_SCS__1S_20251201T210844_20251201T210905_T_G01_M01_C04_T028_F166_01_DKQ76F,BiomassLevel1a,SCS,T028,F166,2025-12-01T21:08:44.659Z,2025-12-01T21:09:05.446Z,4,DESCENDING,"{""processing:facility"": ""Biomass CPF"", ""product:type"": ""S1_SCS__1S"", ""eofeos:global_coverage_id"": ""1"", ""sat:anx_datetime"": ""2025-12-01T20:16:33.475Z"", ""platform"": ""Biomass"", ""eofeos:major_cycle_id"": ""1"", ""datetime"": ""2025-12-01T21:08:44.659Z"", ""instruments"": [""P-SAR""], ""constellation"": ""Biomass"", ""storage:schemes"": {""biomass-pdgs-01"": {""bucket"": ""biomass-pdgs-01"", ""description"": ""This endpoint provides access to EO data which is stored on the object storage of the ESA MAAP. See the [documentation](https://portal.maap.eo.esa.int/dataaccess/) for more information, including how to get credentials."", ""type"": ""custom-s3"", ""title"": ""ESA MAAP S3"", ""region"": ""gra"", ""platform"": ""https://{bucket}.s3.{region}.io.cloud.ovh.net""}}, ""eopf:datatake_id"": ""26020750"", ""processing:software"": {""Biomass L1 Processor"": ""4.2.2""}, ""eopf:instrument_configuration_id"": 0, ""grid:code"": ""WRS-28-166"", ""processing:level"": ""L1A"", ""proj:code"": ""EPSG:4326"", ""sci:doi"": ""10.57780/bio-bef83b4"", ""created"": ""2026-01-04T20:49:27Z"", ""published"": ""2025-12-01T21:09:05.446Z"", ""version"": ""01"", ""sar:observation_direction"": ""left"", ""sar:polarizations"": [""HH"", ""HV"", ""VH"", ""VV""], ""auth:schemes"": {""s3"": {""type"": ""s3""}, ""oidc"": {""openIdConnectUrl"": ""https://iam.ascend.icsgate.eu/realms/esa-maap/.well-known/openid-configuration"", ""type"": ""openIdConnect""}}, ""sar:instrument_mode"": ""SM"", ""eofeos:orbit_drift_flag"": false, ""processing:datetime"": ""2026-01-04T20:49:27Z"", ""eofeos:mission_phase"": ""TOMOGRAPHIC"", ""updated"": ""2026-05-17T10:13:53Z"", ""sat:absolute_orbit"": 3176, ""product:acquisition_type"": ""nominal""}"
BIO_S1_SCS__1S_20260211T211323_20260211T211343_T_G01_M02_C01_T028_F166_01_DMPIFV,BIO_S1_SCS__1S_20260211T211323_20260211T211343_T_G01_M02_C01_T028_F166_01_DMPIFV,BiomassLevel1a,SCS,T028,F166,2026-02-11T21:13:23.019Z,2026-02-11T21:13:43.413Z,1,DESCENDING,"{""processing:facility"": ""Biomass CPF"", ""product:type"": ""S1_SCS__1S"", ""eofeos:global_coverage_id"": ""1"", ""sat:anx_datetime"": ""2026-02-11T20:21:11.722Z"", ""platform"": ""Biomass"", ""eofeos:major_cycle_id"": ""2"", ""datetime"": ""2026-02-11T21:13:23.019Z"", ""instruments"": [""P-SAR""], ""constellation"": ""Biomass"", ""storage:schemes"": {""biomass-pdgs-01"": {""bucket"": ""biomass-pdgs-01"", ""description"": ""This endpoint provides access to EO data which is stored on the object storage of the ESA MAAP. See the [documentation](https://portal.maap.eo.esa.int/dataaccess/) for more information, including how to get credentials."", ""type"": ""custom-s3"", ""title"": ""ESA MAAP S3"", ""region"": ""gra"", ""platform"": ""https://{bucket}.s3.{region}.io.cloud.ovh.net""}}, ""eopf:datatake_id"": ""34671487"", ""processing:software"": {""Biomass L1 Processor"": ""4.3.1""}, ""eopf:instrument_configuration_id"": 0, ""grid:code"": ""WRS-28-166"", ""processing:level"": ""L1A"", ""proj:code"": ""EPSG:4326"", ""sci:doi"": ""10.57780/bio-bef83b4"", ""created"": ""2026-02-12T09:02:19Z"", ""published"": ""2026-02-11T21:13:43.413Z"", ""version"": ""01"", ""sar:observation_direction"": ""left"", ""sar:polarizations"": [""HH"", ""HV"", ""VH"", ""VV""], ""auth:schemes"": {""s3"": {""type"": ""s3""}, ""oidc"": {""openIdConnectUrl"": ""https://iam.ascend.icsgate.eu/realms/esa-maap/.well-known/openid-configuration"", ""type"": ""openIdConnect""}}, ""sar:instrument_mode"": ""SM"", ""eofeos:orbit_drift_flag"": false, ""processing:datetime"": ""2026-02-12T09:02:19Z"", ""eofeos:mission_phase"": ""TOMOGRAPHIC"", ""updated"": ""2026-05-17T12:41:18Z"", ""sat:absolute_orbit"": 4232, ""product:acquisition_type"": ""nominal""}"
BIO_S1_SCS__1S_20260301T211333_20260301T211354_T_G01_M02_C07_T028_F166_01_DNMWG4,BIO_S1_SCS__1S_20260301T211333_20260301T211354_T_G01_M02_C07_T028_F166_01_DNMWG4,BiomassLevel1a,SCS,T028,F166,2026-03-01T21:13:33.823Z,2026-03-01T21:13:54.217Z,7,DESCENDING,"{""processing:facility"": ""Biomass CPF"", ""product:type"": ""S1_SCS__1S"", ""eofeos:global_coverage_id"": ""1"", ""sat:anx_datetime"": ""2026-03-01T20:21:22.493Z"", ""platform"": ""Biomass"", ""eofeos:major_cycle_id"": ""2"", ""datetime"": ""2026-03-01T21:13:33.823Z"", ""instruments"": [""P-SAR""], ""constellation"": ""Biomass"", ""storage:schemes"": {""biomass-pdgs-01"": {""bucket"": ""biomass-pdgs-01"", ""description"": ""This endpoint provides access to EO data which is stored on the object storage of the ESA MAAP. See the [documentation](https://portal.maap.eo.esa.int/dataaccess/) for more information, including how to get credentials."", ""type"": ""custom-s3"", ""title"": ""ESA MAAP S3"", ""region"": ""gra"", ""platform"": ""https://{bucket}.s3.{region}.io.cloud.ovh.net""}}, ""eopf:datatake_id"": ""36834176"", ""processing:software"": {""Biomass L1 Processor"": ""4.3.1""}, ""eopf:instrument_configuration_id"": 0, ""grid:code"": ""WRS-28-166"", ""processing:level"": ""L1A"", ""proj:code"": ""EPSG:4326"", ""sci:doi"": ""10.57780/bio-bef83b4"", ""created"": ""2026-03-02T09:45:40Z"", ""published"": ""2026-03-01T21:13:54.217Z"", ""version"": ""01"", ""sar:observation_direction"": ""left"", ""sar:polarizations"": [""HH"", ""HV"", ""VH"", ""VV""], ""auth:schemes"": {""s3"": {""type"": ""s3""}, ""oidc"": {""openIdConnectUrl"": ""https://iam.ascend.icsgate.eu/realms/esa-maap/.well-known/openid-configuration"", ""type"": ""openIdConnect""}}, ""sar:instrument_mode"": ""SM"", ""eofeos:orbit_drift_flag"": false, ""processing:datetime"": ""2026-03-02T09:45:40Z"", ""eofeos:mission_phase"": ""TOMOGRAPHIC"", ""updated"": ""2026-05-17T13:25:07Z"", ""sat:absolute_orbit"": 4496, ""product:acquisition_type"": ""nominal""}"
BIO_S1_SCS__1S_20260424T211802_20260424T211823_T_G01_M03_C01_T028_F166_02_DQF131,BIO_S1_SCS__1S_20260424T211802_20260424T211823_T_G01_M03_C01_T028_F166_02_DQF131,BiomassLevel1a,SCS,T028,F166,2026-04-24T21:18:02.765Z,2026-04-24T21:18:23.160Z,1,DESCENDING,"{""processing:facility"": ""Biomass CPF"", ""product:type"": ""S1_SCS__1S"", ""eofeos:global_coverage_id"": ""1"", ""sat:anx_datetime"": ""2026-04-24T20:25:51.443Z"", ""platform"": ""Biomass"", ""eofeos:major_cycle_id"": ""3"", ""datetime"": ""2026-04-24T21:18:02.765Z"", ""instruments"": [""P-SAR""], ""constellation"": ""Biomass"", ""storage:schemes"": {""biomass-pdgs-01"": {""bucket"": ""biomass-pdgs-01"", ""description"": ""This endpoint provides access to EO data which is stored on the object storage of the ESA MAAP. See the [documentation](https://portal.maap.eo.esa.int/dataaccess/) for more information, including how to get credentials."", ""type"": ""custom-s3"", ""title"": ""ESA MAAP S3"", ""region"": ""gra"", ""platform"": ""https://{bucket}.s3.{region}.io.cloud.ovh.net""}}, ""eopf:datatake_id"": ""43322236"", ""processing:software"": {""Biomass L1 Processor"": ""4.4.2""}, ""eopf:instrument_configuration_id"": 0, ""grid:code"": ""WRS-28-166"", ""processing:level"": ""L1A"", ""proj:code"": ""EPSG:4326"", ""sci:doi"": ""10.57780/bio-bef83b4"", ""created"": ""2026-04-25T11:25:49Z"", ""published"": ""2026-04-24T21:18:23.160Z"", ""version"": ""02"", ""sar:observation_direction"": ""left"", ""sar:polarizations"": [""HH"", ""HV"", ""VH"", ""VV""], ""auth:schemes"": {""s3"": {""type"": ""s3""}, ""oidc"": {""openIdConnectUrl"": ""https://iam.ascend.icsgate.eu/realms/esa-maap/.well-known/openid-configuration"", ""type"": ""openIdConnect""}}, ""sar:instrument_mode"": ""SM"", ""eofeos:orbit_drift_flag"": false, ""processing:datetime"": ""2026-04-25T11:25:49Z"", ""eofeos:mission_phase"": ""TOMOGRAPHIC"", ""updated"": ""2026-06-09T16:48:41Z"", ""sat:absolute_orbit"": 5288, ""product:acquisition_type"": ""nominal""}"
BIO_S1_SCS__1S_20260427T211804_20260427T211825_T_G01_M03_C02_T028_F166_02_DQKKIX,BIO_S1_SCS__1S_20260427T211804_20260427T211825_T_G01_M03_C02_T028_F166_02_DQKKIX,BiomassLevel1a,SCS,T028,F166,2026-04-27T21:18:04.675Z,2026-04-27T21:18:25.069Z,2,DESCENDING,"{""processing:facility"": ""Biomass CPF"", ""product:type"": ""S1_SCS__1S"", ""eofeos:global_coverage_id"": ""1"", ""sat:anx_datetime"": ""2026-04-27T20:25:53.361Z"", ""platform"": ""Biomass"", ""eofeos:major_cycle_id"": ""3"", ""datetime"": ""2026-04-27T21:18:04.675Z"", ""instruments"": [""P-SAR""], ""constellation"": ""Biomass"", ""storage:schemes"": {""biomass-pdgs-01"": {""bucket"": ""biomass-pdgs-01"", ""description"": ""This endpoint provides access to EO data which is stored on the object storage of the ESA MAAP. See the [documentation](https://portal.maap.eo.esa.int/dataaccess/) for more information, including how to get credentials."", ""type"": ""custom-s3"", ""title"": ""ESA MAAP S3"", ""region"": ""gra"", ""platform"": ""https://{bucket}.s3.{region}.io.cloud.ovh.net""}}, ""eopf:datatake_id"": ""43682683"", ""processing:software"": {""Biomass L1 Processor"": ""4.4.2""}, ""eopf:instrument_configuration_id"": 0, ""grid:code"": ""WRS-28-166"", ""processing:level"": ""L1A"", ""proj:code"": ""EPSG:4326"", ""sci:doi"": ""10.57780/bio-bef83b4"", ""created"": ""2026-04-28T11:13:45Z"", ""published"": ""2026-04-27T21:18:25.069Z"", ""version"": ""02"", ""sar:observation_direction"": ""left"", ""sar:polarizations"": [""HH"", ""HV"", ""VH"", ""VV""], ""auth:schemes"": {""s3"": {""type"": ""s3""}, ""oidc"": {""openIdConnectUrl"": ""https://iam.ascend.icsgate.eu/realms/esa-maap/.well-known/openid-configuration"", ""type"": ""openIdConnect""}}, ""sar:instrument_mode"": ""SM"", ""eofeos:orbit_drift_flag"": false, ""processing:datetime"": ""2026-04-28T11:13:45Z"", ""eofeos:mission_phase"": ""TOMOGRAPHIC"", ""updated"": ""2026-06-10T21:53:21Z"", ""sat:absolute_orbit"": 5332, ""product:acquisition_type"": ""nominal""}"
BIO_S1_SCS__1S_20251122T210857_20251122T210918_T_G01_M01_C01_T028_F167_01_DNGWE0,BIO_S1_SCS__1S_20251122T210857_20251122T210918_T_G01_M01_C01_T028_F167_01_DNGWE0,BiomassLevel1a,SCS,T028,F167,2025-11-22T21:08:57.944Z,2025-11-22T21:09:18.340Z,1,DESCENDING,"{""processing:facility"": ""Biomass CPF"", ""product:type"": ""S1_SCS__1S"", ""eofeos:global_coverage_id"": ""1"", ""sat:anx_datetime"": ""2025-11-22T20:16:27.559Z"", ""platform"": ""Biomass"", ""eofeos:major_cycle_id"": ""1"", ""datetime"": ""2025-11-22T21:08:57.944Z"", ""instruments"": [""P-SAR""], ""constellation"": ""Biomass"", ""storage:schemes"": {""biomass-pdgs-01"": {""bucket"": ""biomass-pdgs-01"", ""description"": ""This endpoint provides access to EO data which is stored on the object storage of the ESA MAAP. See the [documentation](https://portal.maap.eo.esa.int/dataaccess/) for more information, including how to get credentials."", ""type"": ""custom-s3"", ""title"": ""ESA MAAP S3"", ""region"": ""gra"", ""platform"": ""https://{bucket}.s3.{region}.io.cloud.ovh.net""}}, ""eopf:datatake_id"": ""24939406"", ""processing:software"": {""Biomass L1 Processor"": ""4.3.1""}, ""eopf:instrument_configuration_id"": 0, ""grid:code"": ""WRS-28-167"", ""processing:level"": ""L1A"", ""proj:code"": ""EPSG:4326"", ""sci:doi"": ""10.57780/bio-bef83b4"", ""created"": ""2026-02-27T03:58:48Z"", ""published"": ""2025-11-22T21:09:18.340Z"", ""version"": ""01"", ""sar:observation_direction"": ""left"", ""sar:polarizations"": [""HH"", ""HV"", ""VH"", ""VV""], ""auth:schemes"": {""s3"": {""type"": ""s3""}, ""oidc"": {""openIdConnectUrl"": ""https://iam.ascend.icsgate.eu/realms/esa-maap/.well-known/openid-configuration"", ""type"": ""openIdConnect""}}, ""sar:instrument_mode"": ""SM"", ""eofeos:orbit_drift_flag"": false, ""processing:datetime"": ""2026-02-27T03:58:48Z"", ""eofeos:mission_phase"": ""TOMOGRAPHIC"", ""updated"": ""2026-05-17T09:30:34Z"", ""sat:absolute_orbit"": 3044, ""product:acquisition_type"": ""nominal""}"
BIO_S1_SCS__1S_20251122T210857_20251122T210918_T_G01_M01_C01_T028_F167_01_DNRKUT,BIO_S1_SCS__1S_20251122T210857_20251122T210918_T_G01_M01_C01_T028_F167_01_DNRKUT,BiomassLevel1a,SCS,T028,F167,2025-11-22T21:08:57.944Z,2025-11-22T21:09:18.340Z,1,DESCENDING,"{""processing:facility"": ""Biomass CPF"", ""product:type"": ""S1_SCS__1S"", ""eofeos:global_coverage_id"": ""1"", ""sat:anx_datetime"": ""2025-11-22T20:16:27.559Z"", ""platform"": ""Biomass"", ""eofeos:major_cycle_id"": ""1"", ""datetime"": ""2025-11-22T21:08:57.944Z"", ""instruments"": [""P-SAR""], ""constellation"": ""Biomass"", ""storage:schemes"": {""biomass-pdgs-01"": {""bucket"": ""biomass-pdgs-01"", ""description"": ""This endpoint provides access to EO data which is stored on the object storage of the ESA MAAP. See the [documentation](https://portal.maap.eo.esa.int/dataaccess/) for more information, including how to get credentials."", ""type"": ""custom-s3"", ""title"": ""ESA MAAP S3"", ""region"": ""gra"", ""platform"": ""https://{bucket}.s3.{region}.io.cloud.ovh.net""}}, ""eopf:datatake_id"": ""24939406"", ""processing:software"": {""Biomass L1 Processor"": ""4.3.1""}, ""eopf:instrument_configuration_id"": 0, ""grid:code"": ""WRS-28-167"", ""processing:level"": ""L1A"", ""proj:code"": ""EPSG:4326"", ""sci:doi"": ""10.57780/bio-bef83b4"", ""created"": ""2026-03-04T22:23:17Z"", ""published"": ""2025-11-22T21:09:18.340Z"", ""version"": ""01"", ""sar:observation_direction"": ""left"", ""sar:polarizations"": [""HH"", ""HV"", ""VH"", ""VV""], ""auth:schemes"": {""s3"": {""type"": ""s3""}, ""oidc"": {""openIdConnectUrl"": ""https://iam.ascend.icsgate.eu/realms/esa-maap/.well-known/openid-configuration"", ""type"": ""openIdConnect""}}, ""sar:instrument_mode"": ""SM"", ""eofeos:orbit_drift_flag"": false, ""processing:datetime"": ""2026-03-04T22:23:17Z"", ""eofeos:mission_phase"": ""TOMOGRAPHIC"", ""updated"": ""2026-05-17T09:30:34Z"", ""sat:absolute_orbit"": 3044, ""product:acquisition_type"": ""nominal""}"
BIO_S1_SCS__1S_20251201T210903_20251201T210924_T_G01_M01_C04_T028_F167_01_DKQ73P,BIO_S1_SCS__1S_20251201T210903_20251201T210924_T_G01_M01_C04_T028_F167_01_DKQ73P,BiomassLevel1a,SCS,T028,F167,2025-12-01T21:09:03.668Z,2025-12-01T21:09:24.456Z,4,DESCENDING,"{""processing:facility"": ""Biomass CPF"", ""product:type"": ""S1_SCS__1S"", ""eofeos:global_coverage_id"": ""1"", ""sat:anx_datetime"": ""2025-12-01T20:16:33.475Z"", ""platform"": ""Biomass"", ""eofeos:major_cycle_id"": ""1"", ""datetime"": ""2025-12-01T21:09:03.668Z"", ""instruments"": [""P-SAR""], ""constellation"": ""Biomass"", ""storage:schemes"": {""biomass-pdgs-01"": {""bucket"": ""biomass-pdgs-01"", ""description"": ""This endpoint provides access to EO data which is stored on the object storage of the ESA MAAP. See the [documentation](https://portal.maap.eo.esa.int/dataaccess/) for more information, including how to get credentials."", ""type"": ""custom-s3"", ""title"": ""ESA MAAP S3"", ""region"": ""gra"", ""platform"": ""https://{bucket}.s3.{region}.io.cloud.ovh.net""}}, ""eopf:datatake_id"": ""26020750"", ""processing:software"": {""Biomass L1 Processor"": ""4.2.2""}, ""eopf:instrument_configuration_id"": 0, ""grid:code"": ""WRS-28-167"", ""processing:level"": ""L1A"", ""proj:code"": ""EPSG:4326"", ""sci:doi"": ""10.57780/bio-bef83b4"", ""created"": ""2026-01-04T20:47:49Z"", ""published"": ""2025-12-01T21:09:24.456Z"", ""version"": ""01"", ""sar:observation_direction"": ""left"", ""sar:polarizations"": [""HH"", ""HV"", ""VH"", ""VV""], ""auth:schemes"": {""s3"": {""type"": ""s3""}, ""oidc"": {""openIdConnectUrl"": ""https://iam.ascend.icsgate.eu/realms/esa-maap/.well-known/openid-configuration"", ""type"": ""openIdConnect""}}, ""sar:instrument_mode"": ""SM"", ""eofeos:orbit_drift_flag"": false, ""processing:datetime"": ""2026-01-04T20:47:49Z"", ""eofeos:mission_phase"": ""TOMOGRAPHIC"", ""updated"": ""2026-05-17T10:13:53Z"", ""sat:absolute_orbit"": 3176, ""product:acquisition_type"": ""nominal""}"
BIO_S1_SCS__1S_20260301T211352_20260301T211413_T_G01_M02_C07_T028_F167_01_DNMWCJ,BIO_S1_SCS__1S_20260301T211352_20260301T211413_T_G01_M02_C07_T028_F167_01_DNMWCJ,BiomassLevel1a,SCS,T028,F167,2026-03-01T21:13:52.832Z,2026-03-01T21:14:13.227Z,7,DESCENDING,"{""processing:facility"": ""Biomass CPF"", ""product:type"": ""S1_SCS__1S"", ""eofeos:global_coverage_id"": ""1"", ""sat:anx_datetime"": ""2026-03-01T20:21:22.493Z"", ""platform"": ""Biomass"", ""eofeos:major_cycle_id"": ""2"", ""datetime"": ""2026-03-01T21:13:52.832Z"", ""instruments"": [""P-SAR""], ""constellation"": ""Biomass"", ""storage:schemes"": {""biomass-pdgs-01"": {""bucket"": ""biomass-pdgs-01"", ""description"": ""This endpoint provides access to EO data which is stored on the object storage of the ESA MAAP. See the [documentation](https://portal.maap.eo.esa.int/dataaccess/) for more information, including how to get credentials."", ""type"": ""custom-s3"", ""title"": ""ESA MAAP S3"", ""region"": ""gra"", ""platform"": ""https://{bucket}.s3.{region}.io.cloud.ovh.net""}}, ""eopf:datatake_id"": ""36834176"", ""processing:software"": {""Biomass L1 Processor"": ""4.3.1""}, ""eopf:instrument_configuration_id"": 0, ""grid:code"": ""WRS-28-167"", ""processing:level"": ""L1A"", ""proj:code"": ""EPSG:4326"", ""sci:doi"": ""10.57780/bio-bef83b4"", ""created"": ""2026-03-02T09:43:31Z"", ""published"": ""2026-03-01T21:14:13.227Z"", ""version"": ""01"", ""sar:observation_direction"": ""left"", ""sar:polarizations"": [""HH"", ""HV"", ""VH"", ""VV""], ""auth:schemes"": {""s3"": {""type"": ""s3""}, ""oidc"": {""openIdConnectUrl"": ""https://iam.ascend.icsgate.eu/realms/esa-maap/.well-known/openid-configuration"", ""type"": ""openIdConnect""}}, ""sar:instrument_mode"": ""SM"", ""eofeos:orbit_drift_flag"": false, ""processing:datetime"": ""2026-03-02T09:43:31Z"", ""eofeos:mission_phase"": ""TOMOGRAPHIC"", ""updated"": ""2026-05-17T13:25:07Z"", ""sat:absolute_orbit"": 4496, ""product:acquisition_type"": ""nominal""}"
BIO_S1_SCS__1S_20260424T211821_20260424T211842_T_G01_M03_C01_T028_F167_02_DQF105,BIO_S1_SCS__1S_20260424T211821_20260424T211842_T_G01_M03_C01_T028_F167_02_DQF105,BiomassLevel1a,SCS,T028,F167,2026-04-24T21:18:21.774Z,2026-04-24T21:18:42.169Z,1,DESCENDING,"{""processing:facility"": ""Biomass CPF"", ""product:type"": ""S1_SCS__1S"", ""eofeos:global_coverage_id"": ""1"", ""sat:anx_datetime"": ""2026-04-24T20:25:51.443Z"", ""platform"": ""Biomass"", ""eofeos:major_cycle_id"": ""3"", ""datetime"": ""2026-04-24T21:18:21.774Z"", ""instruments"": [""P-SAR""], ""constellation"": ""Biomass"", ""storage:schemes"": {""biomass-pdgs-01"": {""bucket"": ""biomass-pdgs-01"", ""description"": ""This endpoint provides access to EO data which is stored on the object storage of the ESA MAAP. See the [documentation](https://portal.maap.eo.esa.int/dataaccess/) for more information, including how to get credentials."", ""type"": ""custom-s3"", ""title"": ""ESA MAAP S3"", ""region"": ""gra"", ""platform"": ""https://{bucket}.s3.{region}.io.cloud.ovh.net""}}, ""eopf:datatake_id"": ""43322236"", ""processing:software"": {""Biomass L1 Processor"": ""4.4.2""}, ""eopf:instrument_configuration_id"": 0, ""grid:code"": ""WRS-28-167"", ""processing:level"": ""L1A"", ""proj:code"": ""EPSG:4326"", ""sci:doi"": ""10.57780/bio-bef83b4"", ""created"": ""2026-04-25T11:24:05Z"", ""published"": ""2026-04-24T21:18:42.169Z"", ""version"": ""02"", ""sar:observation_direction"": ""left"", ""sar:polarizations"": [""HH"", ""HV"", ""VH"", ""VV""], ""auth:schemes"": {""s3"": {""type"": ""s3""}, ""oidc"": {""openIdConnectUrl"": ""https://iam.ascend.icsgate.eu/realms/esa-maap/.well-known/openid-configuration"", ""type"": ""openIdConnect""}}, ""sar:instrument_mode"": ""SM"", ""eofeos:orbit_drift_flag"": false, ""processing:datetime"": ""2026-04-25T11:24:05Z"", ""eofeos:mission_phase"": ""TOMOGRAPHIC"", ""updated"": ""2026-06-09T16:48:39Z"", ""sat:absolute_orbit"": 5288, ""product:acquisition_type"": ""nominal""}"
BIO_S1_SCS__1S_20260430T211825_20260430T211846_T_G01_M03_C03_T028_F167_02_DQQ5TP,BIO_S1_SCS__1S_20260430T211825_20260430T211846_T_G01_M03_C03_T028_F167_02_DQQ5TP,BiomassLevel1a,SCS,T028,F167,2026-04-30T21:18:25.632Z,2026-04-30T21:18:46.027Z,3,DESCENDING,"{""processing:facility"": ""Biomass CPF"", ""product:type"": ""S1_SCS__1S"", ""eofeos:global_coverage_id"": ""1"", ""sat:anx_datetime"": ""2026-04-30T20:25:55.299Z"", ""platform"": ""Biomass"", ""eofeos:major_cycle_id"": ""3"", ""datetime"": ""2026-04-30T21:18:25.632Z"", ""instruments"": [""P-SAR""], ""constellation"": ""Biomass"", ""storage:schemes"": {""biomass-pdgs-01"": {""bucket"": ""biomass-pdgs-01"", ""description"": ""This endpoint provides access to EO data which is stored on the object storage of the ESA MAAP. See the [documentation](https://portal.maap.eo.esa.int/dataaccess/) for more information, including how to get credentials."", ""type"": ""custom-s3"", ""title"": ""ESA MAAP S3"", ""region"": ""gra"", ""platform"": ""https://{bucket}.s3.{region}.io.cloud.ovh.net""}}, ""eopf:datatake_id"": ""44043131"", ""processing:software"": {""Biomass L1 Processor"": ""4.4.2""}, ""eopf:instrument_configuration_id"": 0, ""grid:code"": ""WRS-28-167"", ""processing:level"": ""L1A"", ""proj:code"": ""EPSG:4326"", ""sci:doi"": ""10.57780/bio-bef83b4"", ""created"": ""2026-05-01T11:41:49Z"", ""published"": ""2026-04-30T21:18:46.027Z"", ""version"": ""02"", ""sar:observation_direction"": ""left"", ""sar:polarizations"": [""HH"", ""HV"", ""VH"", ""VV""], ""auth:schemes"": {""s3"": {""type"": ""s3""}, ""oidc"": {""openIdConnectUrl"": ""https://iam.ascend.icsgate.eu/realms/esa-maap/.well-known/openid-configuration"", ""type"": ""openIdConnect""}}, ""sar:instrument_mode"": ""SM"", ""eofeos:orbit_drift_flag"": false, ""processing:datetime"": ""2026-05-01T11:41:49Z"", ""eofeos:mission_phase"": ""TOMOGRAPHIC"", ""updated"": ""2026-06-10T22:10:15Z"", ""sat:absolute_orbit"": 5376, ""product:acquisition_type"": ""nominal""}"
BIO_S1_SCS__1S_20251122T210916_20251122T210937_T_G01_M01_C01_T028_F168_01_DNRKUS,BIO_S1_SCS__1S_20251122T210916_20251122T210937_T_G01_M01_C01_T028_F168_01_DNRKUS,BiomassLevel1a,SCS,T028,F168,2025-11-22T21:09:16.954Z,2025-11-22T21:09:37.351Z,1,DESCENDING,"{""processing:facility"": ""Biomass CPF"", ""product:type"": ""S1_SCS__1S"", ""eofeos:global_coverage_id"": ""1"", ""sat:anx_datetime"": ""2025-11-22T20:16:27.559Z"", ""platform"": ""Biomass"", ""eofeos:major_cycle_id"": ""1"", ""datetime"": ""2025-11-22T21:09:16.954Z"", ""instruments"": [""P-SAR""], ""constellation"": ""Biomass"", ""storage:schemes"": {""biomass-pdgs-01"": {""bucket"": ""biomass-pdgs-01"", ""description"": ""This endpoint provides access to EO data which is stored on the object storage of the ESA MAAP. See the [documentation](https://portal.maap.eo.esa.int/dataaccess/) for more information, including how to get credentials."", ""type"": ""custom-s3"", ""title"": ""ESA MAAP S3"", ""region"": ""gra"", ""platform"": ""https://{bucket}.s3.{region}.io.cloud.ovh.net""}}, ""eopf:datatake_id"": ""24939406"", ""processing:software"": {""Biomass L1 Processor"": ""4.3.1""}, ""eopf:instrument_configuration_id"": 0, ""grid:code"": ""WRS-28-168"", ""processing:level"": ""L1A"", ""proj:code"": ""EPSG:4326"", ""sci:doi"": ""10.57780/bio-bef83b4"", ""created"": ""2026-03-04T22:23:16Z"", ""published"": ""2025-11-22T21:09:37.351Z"", ""version"": ""01"", ""sar:observation_direction"": ""left"", ""sar:polarizations"": [""HH"", ""HV"", ""VH"", ""VV""], ""auth:schemes"": {""s3"": {""type"": ""s3""}, ""oidc"": {""openIdConnectUrl"": ""https://iam.ascend.icsgate.eu/realms/esa-maap/.well-known/openid-configuration"", ""type"": ""openIdConnect""}}, ""sar:instrument_mode"": ""SM"", ""eofeos:orbit_drift_flag"": false, ""processing:datetime"": ""2026-03-04T22:23:16Z"", ""eofeos:mission_phase"": ""TOMOGRAPHIC"", ""updated"": ""2026-05-17T09:30:34Z"", ""sat:absolute_orbit"": 3044, ""product:acquisition_type"": ""nominal""}"
BIO_S1_SCS__1S_20260301T211411_20260301T211432_T_G01_M02_C07_T028_F168_01_DNMWDM,BIO_S1_SCS__1S_20260301T211411_20260301T211432_T_G01_M02_C07_T028_F168_01_DNMWDM,BiomassLevel1a,SCS,T028,F168,2026-03-01T21:14:11.842Z,2026-03-01T21:14:32.238Z,7,DESCENDING,"{""processing:facility"": ""Biomass CPF"", ""product:type"": ""S1_SCS__1S"", ""eofeos:global_coverage_id"": ""1"", ""sat:anx_datetime"": ""2026-03-01T20:21:22.493Z"", ""platform"": ""Biomass"", ""eofeos:major_cycle_id"": ""2"", ""datetime"": ""2026-03-01T21:14:11.842Z"", ""instruments"": [""P-SAR""], ""constellation"": ""Biomass"", ""storage:schemes"": {""biomass-pdgs-01"": {""bucket"": ""biomass-pdgs-01"", ""description"": ""This endpoint provides access to EO data which is stored on the object storage of the ESA MAAP. See the [documentation](https://portal.maap.eo.esa.int/dataaccess/) for more information, including how to get credentials."", ""type"": ""custom-s3"", ""title"": ""ESA MAAP S3"", ""region"": ""gra"", ""platform"": ""https://{bucket}.s3.{region}.io.cloud.ovh.net""}}, ""eopf:datatake_id"": ""36834176"", ""processing:software"": {""Biomass L1 Processor"": ""4.3.1""}, ""eopf:instrument_configuration_id"": 0, ""grid:code"": ""WRS-28-168"", ""processing:level"": ""L1A"", ""proj:code"": ""EPSG:4326"", ""sci:doi"": ""10.57780/bio-bef83b4"", ""created"": ""2026-03-02T09:44:10Z"", ""published"": ""2026-03-01T21:14:32.238Z"", ""version"": ""01"", ""sar:observation_direction"": ""left"", ""sar:polarizations"": [""HH"", ""HV"", ""VH"", ""VV""], ""auth:schemes"": {""s3"": {""type"": ""s3""}, ""oidc"": {""openIdConnectUrl"": ""https://iam.ascend.icsgate.eu/realms/esa-maap/.well-known/openid-configuration"", ""type"": ""openIdConnect""}}, ""sar:instrument_mode"": ""SM"", ""eofeos:orbit_drift_flag"": false, ""processing:datetime"": ""2026-03-02T09:44:10Z"", ""eofeos:mission_phase"": ""TOMOGRAPHIC"", ""updated"": ""2026-05-17T13:25:07Z"", ""sat:absolute_orbit"": 4496, ""product:acquisition_type"": ""nominal""}"
BIO_S1_SCS__1S_20260424T211840_20260424T211901_T_G01_M03_C01_T028_F168_02_DQF0YX,BIO_S1_SCS__1S_20260424T211840_20260424T211901_T_G01_M03_C01_T028_F168_02_DQF0YX,BiomassLevel1a,SCS,T028,F168,2026-04-24T21:18:40.785Z,2026-04-24T21:19:01.181Z,1,DESCENDING,"{""processing:facility"": ""Biomass CPF"", ""product:type"": ""S1_SCS__1S"", ""eofeos:global_coverage_id"": ""1"", ""sat:anx_datetime"": ""2026-04-24T20:25:51.443Z"", ""platform"": ""Biomass"", ""eofeos:major_cycle_id"": ""3"", ""datetime"": ""2026-04-24T21:18:40.785Z"", ""instruments"": [""P-SAR""], ""constellation"": ""Biomass"", ""storage:schemes"": {""biomass-pdgs-01"": {""bucket"": ""biomass-pdgs-01"", ""description"": ""This endpoint provides access to EO data which is stored on the object storage of the ESA MAAP. See the [documentation](https://portal.maap.eo.esa.int/dataaccess/) for more information, including how to get credentials."", ""type"": ""custom-s3"", ""title"": ""ESA MAAP S3"", ""region"": ""gra"", ""platform"": ""https://{bucket}.s3.{region}.io.cloud.ovh.net""}}, ""eopf:datatake_id"": ""43322236"", ""processing:software"": {""Biomass L1 Processor"": ""4.4.2""}, ""eopf:instrument_configuration_id"": 0, ""grid:code"": ""WRS-28-168"", ""processing:level"": ""L1A"", ""proj:code"": ""EPSG:4326"", ""sci:doi"": ""10.57780/bio-bef83b4"", ""created"": ""2026-04-25T11:23:21Z"", ""published"": ""2026-04-24T21:19:01.181Z"", ""version"": ""02"", ""sar:observation_direction"": ""left"", ""sar:polarizations"": [""HH"", ""HV"", ""VH"", ""VV""], ""auth:schemes"": {""s3"": {""type"": ""s3""}, ""oidc"": {""openIdConnectUrl"": ""https://iam.ascend.icsgate.eu/realms/esa-maap/.well-known/openid-configuration"", ""type"": ""openIdConnect""}}, ""sar:instrument_mode"": ""SM"", ""eofeos:orbit_drift_flag"": false, ""processing:datetime"": ""2026-04-25T11:23:21Z"", ""eofeos:mission_phase"": ""TOMOGRAPHIC"", ""updated"": ""2026-06-09T16:48:39Z"", ""sat:absolute_orbit"": 5288, ""product:acquisition_type"": ""nominal""}"
BIO_S1_SCS__1S_20260427T211842_20260427T211903_T_G01_M03_C02_T028_F168_02_DQKKFV,BIO_S1_SCS__1S_20260427T211842_20260427T211903_T_G01_M03_C02_T028_F168_02_DQKKFV,BiomassLevel1a,SCS,T028,F168,2026-04-27T21:18:42.693Z,2026-04-27T21:19:03.090Z,2,DESCENDING,"{""processing:facility"": ""Biomass CPF"", ""product:type"": ""S1_SCS__1S"", ""eofeos:global_coverage_id"": ""1"", ""sat:anx_datetime"": ""2026-04-27T20:25:53.361Z"", ""platform"": ""Biomass"", ""eofeos:major_cycle_id"": ""3"", ""datetime"": ""2026-04-27T21:18:42.693Z"", ""instruments"": [""P-SAR""], ""constellation"": ""Biomass"", ""storage:schemes"": {""biomass-pdgs-01"": {""bucket"": ""biomass-pdgs-01"", ""description"": ""This endpoint provides access to EO data which is stored on the object storage of the ESA MAAP. See the [documentation](https://portal.maap.eo.esa.int/dataaccess/) for more information, including how to get credentials."", ""type"": ""custom-s3"", ""title"": ""ESA MAAP S3"", ""region"": ""gra"", ""platform"": ""https://{bucket}.s3.{region}.io.cloud.ovh.net""}}, ""eopf:datatake_id"": ""43682683"", ""processing:software"": {""Biomass L1 Processor"": ""4.4.2""}, ""eopf:instrument_configuration_id"": 0, ""grid:code"": ""WRS-28-168"", ""processing:level"": ""L1A"", ""proj:code"": ""EPSG:4326"", ""sci:doi"": ""10.57780/bio-bef83b4"", ""created"": ""2026-04-28T11:11:55Z"", ""published"": ""2026-04-27T21:19:03.090Z"", ""version"": ""02"", ""sar:observation_direction"": ""left"", ""sar:polarizations"": [""HH"", ""HV"", ""VH"", ""VV""], ""auth:schemes"": {""s3"": {""type"": ""s3""}, ""oidc"": {""openIdConnectUrl"": ""https://iam.ascend.icsgate.eu/realms/esa-maap/.well-known/openid-configuration"", ""type"": ""openIdConnect""}}, ""sar:instrument_mode"": ""SM"", ""eofeos:orbit_drift_flag"": false, ""processing:datetime"": ""2026-04-28T11:11:55Z"", ""eofeos:mission_phase"": ""TOMOGRAPHIC"", ""updated"": ""2026-06-10T21:53:21Z"", ""sat:absolute_orbit"": 5332, ""product:acquisition_type"": ""nominal""}"
BIO_S1_SCS__1S_20260430T211844_20260430T211905_T_G01_M03_C03_T028_F168_02_DQQ5H3,BIO_S1_SCS__1S_20260430T211844_20260430T211905_T_G01_M03_C03_T028_F168_02_DQQ5H3,BiomassLevel1a,SCS,T028,F168,2026-04-30T21:18:44.642Z,2026-04-30T21:19:05.039Z,3,DESCENDING,"{""processing:facility"": ""Biomass CPF"", ""product:type"": ""S1_SCS__1S"", ""eofeos:global_coverage_id"": ""1"", ""sat:anx_datetime"": ""2026-04-30T20:25:55.299Z"", ""platform"": ""Biomass"", ""eofeos:major_cycle_id"": ""3"", ""datetime"": ""2026-04-30T21:18:44.642Z"", ""instruments"": [""P-SAR""], ""constellation"": ""Biomass"", ""storage:schemes"": {""biomass-pdgs-01"": {""bucket"": ""biomass-pdgs-01"", ""description"": ""This endpoint provides access to EO data which is stored on the object storage of the ESA MAAP. See the [documentation](https://portal.maap.eo.esa.int/dataaccess/) for more information, including how to get credentials."", ""type"": ""custom-s3"", ""title"": ""ESA MAAP S3"", ""region"": ""gra"", ""platform"": ""https://{bucket}.s3.{region}.io.cloud.ovh.net""}}, ""eopf:datatake_id"": ""44043131"", ""processing:software"": {""Biomass L1 Processor"": ""4.4.2""}, ""eopf:instrument_configuration_id"": 0, ""grid:code"": ""WRS-28-168"", ""processing:level"": ""L1A"", ""proj:code"": ""EPSG:4326"", ""sci:doi"": ""10.57780/bio-bef83b4"", ""created"": ""2026-05-01T11:34:15Z"", ""published"": ""2026-04-30T21:19:05.039Z"", ""version"": ""02"", ""sar:observation_direction"": ""left"", ""sar:polarizations"": [""HH"", ""HV"", ""VH"", ""VV""], ""auth:schemes"": {""s3"": {""type"": ""s3""}, ""oidc"": {""openIdConnectUrl"": ""https://iam.ascend.icsgate.eu/realms/esa-maap/.well-known/openid-configuration"", ""type"": ""openIdConnect""}}, ""sar:instrument_mode"": ""SM"", ""eofeos:orbit_drift_flag"": false, ""processing:datetime"": ""2026-05-01T11:34:15Z"", ""eofeos:mission_phase"": ""TOMOGRAPHIC"", ""updated"": ""2026-06-10T22:10:15Z"", ""sat:absolute_orbit"": 5376, ""product:acquisition_type"": ""nominal""}"
BIO_S1_SCS__1S_20251122T210935_20251122T210956_T_G01_M01_C01_T028_F169_01_DNRKT8,BIO_S1_SCS__1S_20251122T210935_20251122T210956_T_G01_M01_C01_T028_F169_01_DNRKT8,BiomassLevel1a,SCS,T028,F169,2025-11-22T21:09:35.965Z,2025-11-22T21:09:56.363Z,1,DESCENDING,"{""processing:facility"": ""Biomass CPF"", ""product:type"": ""S1_SCS__1S"", ""eofeos:global_coverage_id"": ""1"", ""sat:anx_datetime"": ""2025-11-22T20:16:27.559Z"", ""platform"": ""Biomass"", ""eofeos:major_cycle_id"": ""1"", ""datetime"": ""2025-11-22T21:09:35.965Z"", ""instruments"": [""P-SAR""], ""constellation"": ""Biomass"", ""storage:schemes"": {""biomass-pdgs-01"": {""bucket"": ""biomass-pdgs-01"", ""description"": ""This endpoint provides access to EO data which is stored on the object storage of the ESA MAAP. See the [documentation](https://portal.maap.eo.esa.int/dataaccess/) for more information, including how to get credentials."", ""type"": ""custom-s3"", ""title"": ""ESA MAAP S3"", ""region"": ""gra"", ""platform"": ""https://{bucket}.s3.{region}.io.cloud.ovh.net""}}, ""eopf:datatake_id"": ""24939406"", ""processing:software"": {""Biomass L1 Processor"": ""4.3.1""}, ""eopf:instrument_configuration_id"": 0, ""grid:code"": ""WRS-28-169"", ""processing:level"": ""L1A"", ""proj:code"": ""EPSG:4326"", ""sci:doi"": ""10.57780/bio-bef83b4"", ""created"": ""2026-03-04T22:22:20Z"", ""published"": ""2025-11-22T21:09:56.363Z"", ""version"": ""01"", ""sar:observation_direction"": ""left"", ""sar:polarizations"": [""HH"", ""HV"", ""VH"", ""VV""], ""auth:schemes"": {""s3"": {""type"": ""s3""}, ""oidc"": {""openIdConnectUrl"": ""https://iam.ascend.icsgate.eu/realms/esa-maap/.well-known/openid-configuration"", ""type"": ""openIdConnect""}}, ""sar:instrument_mode"": ""SM"", ""eofeos:orbit_drift_flag"": false, ""processing:datetime"": ""2026-03-04T22:22:20Z"", ""eofeos:mission_phase"": ""TOMOGRAPHIC"", ""updated"": ""2026-05-17T09:30:34Z"", ""sat:absolute_orbit"": 3044, ""product:acquisition_type"": ""nominal""}"
BIO_S1_SCS__1S_20251122T210935_20251122T210956_T_G01_M01_C01_T028_F169_01_DNGWE1,BIO_S1_SCS__1S_20251122T210935_20251122T210956_T_G01_M01_C01_T028_F169_01_DNGWE1,BiomassLevel1a,SCS,T028,F169,2025-11-22T21:09:35.965Z,2025-11-22T21:09:56.363Z,1,DESCENDING,"{""processing:facility"": ""Biomass CPF"", ""product:type"": ""S1_SCS__1S"", ""eofeos:global_coverage_id"": ""1"", ""sat:anx_datetime"": ""2025-11-22T20:16:27.559Z"", ""platform"": ""Biomass"", ""eofeos:major_cycle_id"": ""1"", ""datetime"": ""2025-11-22T21:09:35.965Z"", ""instruments"": [""P-SAR""], ""constellation"": ""Biomass"", ""storage:schemes"": {""biomass-pdgs-01"": {""bucket"": ""biomass-pdgs-01"", ""description"": ""This endpoint provides access to EO data which is stored on the object storage of the ESA MAAP. See the [documentation](https://portal.maap.eo.esa.int/dataaccess/) for more information, including how to get credentials."", ""type"": ""custom-s3"", ""title"": ""ESA MAAP S3"", ""region"": ""gra"", ""platform"": ""https://{bucket}.s3.{region}.io.cloud.ovh.net""}}, ""eopf:datatake_id"": ""24939406"", ""processing:software"": {""Biomass L1 Processor"": ""4.3.1""}, ""eopf:instrument_configuration_id"": 0, ""grid:code"": ""WRS-28-169"", ""processing:level"": ""L1A"", ""proj:code"": ""EPSG:4326"", ""sci:doi"": ""10.57780/bio-bef83b4"", ""created"": ""2026-02-27T03:58:49Z"", ""published"": ""2025-11-22T21:09:56.363Z"", ""version"": ""01"", ""sar:observation_direction"": ""left"", ""sar:polarizations"": [""HH"", ""HV"", ""VH"", ""VV""], ""auth:schemes"": {""s3"": {""type"": ""s3""}, ""oidc"": {""openIdConnectUrl"": ""https://iam.ascend.icsgate.eu/realms/esa-maap/.well-known/openid-configuration"", ""type"": ""openIdConnect""}}, ""sar:instrument_mode"": ""SM"", ""eofeos:orbit_drift_flag"": false, ""processing:datetime"": ""2026-02-27T03:58:49Z"", ""eofeos:mission_phase"": ""TOMOGRAPHIC"", ""updated"": ""2026-05-17T09:30:34Z"", ""sat:absolute_orbit"": 3044, ""product:acquisition_type"": ""nominal""}"
BIO_S1_SCS__1S_20260301T211430_20260301T211451_T_G01_M02_C07_T028_F169_01_DNMWAW,BIO_S1_SCS__1S_20260301T211430_20260301T211451_T_G01_M02_C07_T028_F169_01_DNMWAW,BiomassLevel1a,SCS,T028,F169,2026-03-01T21:14:30.855Z,2026-03-01T21:14:51.253Z,7,DESCENDING,"{""processing:facility"": ""Biomass CPF"", ""product:type"": ""S1_SCS__1S"", ""eofeos:global_coverage_id"": ""1"", ""sat:anx_datetime"": ""2026-03-01T20:21:22.493Z"", ""platform"": ""Biomass"", ""eofeos:major_cycle_id"": ""2"", ""datetime"": ""2026-03-01T21:14:30.855Z"", ""instruments"": [""P-SAR""], ""constellation"": ""Biomass"", ""storage:schemes"": {""biomass-pdgs-01"": {""bucket"": ""biomass-pdgs-01"", ""description"": ""This endpoint provides access to EO data which is stored on the object storage of the ESA MAAP. See the [documentation](https://portal.maap.eo.esa.int/dataaccess/) for more information, including how to get credentials."", ""type"": ""custom-s3"", ""title"": ""ESA MAAP S3"", ""region"": ""gra"", ""platform"": ""https://{bucket}.s3.{region}.io.cloud.ovh.net""}}, ""eopf:datatake_id"": ""36834176"", ""processing:software"": {""Biomass L1 Processor"": ""4.3.1""}, ""eopf:instrument_configuration_id"": 0, ""grid:code"": ""WRS-28-169"", ""processing:level"": ""L1A"", ""proj:code"": ""EPSG:4326"", ""sci:doi"": ""10.57780/bio-bef83b4"", ""created"": ""2026-03-02T09:42:32Z"", ""published"": ""2026-03-01T21:14:51.253Z"", ""version"": ""01"", ""sar:observation_direction"": ""left"", ""sar:polarizations"": [""HH"", ""HV"", ""VH"", ""VV""], ""auth:schemes"": {""s3"": {""type"": ""s3""}, ""oidc"": {""openIdConnectUrl"": ""https://iam.ascend.icsgate.eu/realms/esa-maap/.well-known/openid-configuration"", ""type"": ""openIdConnect""}}, ""sar:instrument_mode"": ""SM"", ""eofeos:orbit_drift_flag"": false, ""processing:datetime"": ""2026-03-02T09:42:32Z"", ""eofeos:mission_phase"": ""TOMOGRAPHIC"", ""updated"": ""2026-05-17T13:25:07Z"", ""sat:absolute_orbit"": 4496, ""product:acquisition_type"": ""nominal""}"
BIO_S1_SCS__1S_20260424T211859_20260424T211920_T_G01_M03_C01_T028_F169_02_DQF137,BIO_S1_SCS__1S_20260424T211859_20260424T211920_T_G01_M03_C01_T028_F169_02_DQF137,BiomassLevel1a,SCS,T028,F169,2026-04-24T21:18:59.794Z,2026-04-24T21:19:20.192Z,1,DESCENDING,"{""processing:facility"": ""Biomass CPF"", ""product:type"": ""S1_SCS__1S"", ""eofeos:global_coverage_id"": ""1"", ""sat:anx_datetime"": ""2026-04-24T20:25:51.443Z"", ""platform"": ""Biomass"", ""eofeos:major_cycle_id"": ""3"", ""datetime"": ""2026-04-24T21:18:59.794Z"", ""instruments"": [""P-SAR""], ""constellation"": ""Biomass"", ""storage:schemes"": {""biomass-pdgs-01"": {""bucket"": ""biomass-pdgs-01"", ""description"": ""This endpoint provides access to EO data which is stored on the object storage of the ESA MAAP. See the [documentation](https://portal.maap.eo.esa.int/dataaccess/) for more information, including how to get credentials."", ""type"": ""custom-s3"", ""title"": ""ESA MAAP S3"", ""region"": ""gra"", ""platform"": ""https://{bucket}.s3.{region}.io.cloud.ovh.net""}}, ""eopf:datatake_id"": ""43322236"", ""processing:software"": {""Biomass L1 Processor"": ""4.4.2""}, ""eopf:instrument_configuration_id"": 0, ""grid:code"": ""WRS-28-169"", ""processing:level"": ""L1A"", ""proj:code"": ""EPSG:4326"", ""sci:doi"": ""10.57780/bio-bef83b4"", ""created"": ""2026-04-25T11:25:55Z"", ""published"": ""2026-04-24T21:19:20.192Z"", ""version"": ""02"", ""sar:observation_direction"": ""left"", ""sar:polarizations"": [""HH"", ""HV"", ""VH"", ""VV""], ""auth:schemes"": {""s3"": {""type"": ""s3""}, ""oidc"": {""openIdConnectUrl"": ""https://iam.ascend.icsgate.eu/realms/esa-maap/.well-known/openid-configuration"", ""type"": ""openIdConnect""}}, ""sar:instrument_mode"": ""SM"", ""eofeos:orbit_drift_flag"": false, ""processing:datetime"": ""2026-04-25T11:25:55Z"", ""eofeos:mission_phase"": ""TOMOGRAPHIC"", ""updated"": ""2026-06-09T16:48:39Z"", ""sat:absolute_orbit"": 5288, ""product:acquisition_type"": ""nominal""}"
BIO_S1_SCS__1S_20260427T211901_20260427T211922_T_G01_M03_C02_T028_F169_02_DQKKPM,BIO_S1_SCS__1S_20260427T211901_20260427T211922_T_G01_M03_C02_T028_F169_02_DQKKPM,BiomassLevel1a,SCS,T028,F169,2026-04-27T21:19:01.705Z,2026-04-27T21:19:22.103Z,2,DESCENDING,"{""processing:facility"": ""Biomass CPF"", ""product:type"": ""S1_SCS__1S"", ""eofeos:global_coverage_id"": ""1"", ""sat:anx_datetime"": ""2026-04-27T20:25:53.361Z"", ""platform"": ""Biomass"", ""eofeos:major_cycle_id"": ""3"", ""datetime"": ""2026-04-27T21:19:01.705Z"", ""instruments"": [""P-SAR""], ""constellation"": ""Biomass"", ""storage:schemes"": {""biomass-pdgs-01"": {""bucket"": ""biomass-pdgs-01"", ""description"": ""This endpoint provides access to EO data which is stored on the object storage of the ESA MAAP. See the [documentation](https://portal.maap.eo.esa.int/dataaccess/) for more information, including how to get credentials."", ""type"": ""custom-s3"", ""title"": ""ESA MAAP S3"", ""region"": ""gra"", ""platform"": ""https://{bucket}.s3.{region}.io.cloud.ovh.net""}}, ""eopf:datatake_id"": ""43682683"", ""processing:software"": {""Biomass L1 Processor"": ""4.4.2""}, ""eopf:instrument_configuration_id"": 0, ""grid:code"": ""WRS-28-169"", ""processing:level"": ""L1A"", ""proj:code"": ""EPSG:4326"", ""sci:doi"": ""10.57780/bio-bef83b4"", ""created"": ""2026-04-28T11:17:46Z"", ""published"": ""2026-04-27T21:19:22.103Z"", ""version"": ""02"", ""sar:observation_direction"": ""left"", ""sar:polarizations"": [""HH"", ""HV"", ""VH"", ""VV""], ""auth:schemes"": {""s3"": {""type"": ""s3""}, ""oidc"": {""openIdConnectUrl"": ""https://iam.ascend.icsgate.eu/realms/esa-maap/.well-known/openid-configuration"", ""type"": ""openIdConnect""}}, ""sar:instrument_mode"": ""SM"", ""eofeos:orbit_drift_flag"": false, ""processing:datetime"": ""2026-04-28T11:17:46Z"", ""eofeos:mission_phase"": ""TOMOGRAPHIC"", ""updated"": ""2026-06-10T21:53:21Z"", ""sat:absolute_orbit"": 5332, ""product:acquisition_type"": ""nominal""}"
BIO_S1_SCS__1S_20260301T211449_20260301T211510_T_G01_M02_C07_T028_F170_01_DNMWFH,BIO_S1_SCS__1S_20260301T211449_20260301T211510_T_G01_M02_C07_T028_F170_01_DNMWFH,BiomassLevel1a,SCS,T028,F170,2026-03-01T21:14:49.865Z,2026-03-01T21:15:10.263Z,7,DESCENDING,"{""processing:facility"": ""Biomass CPF"", ""product:type"": ""S1_SCS__1S"", ""eofeos:global_coverage_id"": ""1"", ""sat:anx_datetime"": ""2026-03-01T20:21:22.493Z"", ""platform"": ""Biomass"", ""eofeos:major_cycle_id"": ""2"", ""datetime"": ""2026-03-01T21:14:49.865Z"", ""instruments"": [""P-SAR""], ""constellation"": ""Biomass"", ""storage:schemes"": {""biomass-pdgs-01"": {""bucket"": ""biomass-pdgs-01"", ""description"": ""This endpoint provides access to EO data which is stored on the object storage of the ESA MAAP. See the [documentation](https://portal.maap.eo.esa.int/dataaccess/) for more information, including how to get credentials."", ""type"": ""custom-s3"", ""title"": ""ESA MAAP S3"", ""region"": ""gra"", ""platform"": ""https://{bucket}.s3.{region}.io.cloud.ovh.net""}}, ""eopf:datatake_id"": ""36834176"", ""processing:software"": {""Biomass L1 Processor"": ""4.3.1""}, ""eopf:instrument_configuration_id"": 0, ""grid:code"": ""WRS-28-170"", ""processing:level"": ""L1A"", ""proj:code"": ""EPSG:4326"", ""sci:doi"": ""10.57780/bio-bef83b4"", ""created"": ""2026-03-02T09:45:17Z"", ""published"": ""2026-03-01T21:15:10.263Z"", ""version"": ""01"", ""sar:observation_direction"": ""left"", ""sar:polarizations"": [""HH"", ""HV"", ""VH"", ""VV""], ""auth:schemes"": {""s3"": {""type"": ""s3""}, ""oidc"": {""openIdConnectUrl"": ""https://iam.ascend.icsgate.eu/realms/esa-maap/.well-known/openid-configuration"", ""type"": ""openIdConnect""}}, ""sar:instrument_mode"": ""SM"", ""eofeos:orbit_drift_flag"": false, ""processing:datetime"": ""2026-03-02T09:45:17Z"", ""eofeos:mission_phase"": ""TOMOGRAPHIC"", ""updated"": ""2026-05-17T13:25:07Z"", ""sat:absolute_orbit"": 4496, ""product:acquisition_type"": ""nominal""}"
BIO_S1_SCS__1S_20260427T211920_20260427T211941_T_G01_M03_C02_T028_F170_02_DQKKUO,BIO_S1_SCS__1S_20260427T211920_20260427T211941_T_G01_M03_C02_T028_F170_02_DQKKUO,BiomassLevel1a,SCS,T028,F170,2026-04-27T21:19:20.717Z,2026-04-27T21:19:41.115Z,2,DESCENDING,"{""processing:facility"": ""Biomass CPF"", ""product:type"": ""S1_SCS__1S"", ""eofeos:global_coverage_id"": ""1"", ""sat:anx_datetime"": ""2026-04-27T20:25:53.361Z"", ""platform"": ""Biomass"", ""eofeos:major_cycle_id"": ""3"", ""datetime"": ""2026-04-27T21:19:20.717Z"", ""instruments"": [""P-SAR""], ""constellation"": ""Biomass"", ""storage:schemes"": {""biomass-pdgs-01"": {""bucket"": ""biomass-pdgs-01"", ""description"": ""This endpoint provides access to EO data which is stored on the object storage of the ESA MAAP. See the [documentation](https://portal.maap.eo.esa.int/dataaccess/) for more information, including how to get credentials."", ""type"": ""custom-s3"", ""title"": ""ESA MAAP S3"", ""region"": ""gra"", ""platform"": ""https://{bucket}.s3.{region}.io.cloud.ovh.net""}}, ""eopf:datatake_id"": ""43682683"", ""processing:software"": {""Biomass L1 Processor"": ""4.4.2""}, ""eopf:instrument_configuration_id"": 0, ""grid:code"": ""WRS-28-170"", ""processing:level"": ""L1A"", ""proj:code"": ""EPSG:4326"", ""sci:doi"": ""10.57780/bio-bef83b4"", ""created"": ""2026-04-28T11:20:48Z"", ""published"": ""2026-04-27T21:19:41.115Z"", ""version"": ""02"", ""sar:observation_direction"": ""left"", ""sar:polarizations"": [""HH"", ""HV"", ""VH"", ""VV""], ""auth:schemes"": {""s3"": {""type"": ""s3""}, ""oidc"": {""openIdConnectUrl"": ""https://iam.ascend.icsgate.eu/realms/esa-maap/.well-known/openid-configuration"", ""type"": ""openIdConnect""}}, ""sar:instrument_mode"": ""SM"", ""eofeos:orbit_drift_flag"": false, ""processing:datetime"": ""2026-04-28T11:20:48Z"", ""eofeos:mission_phase"": ""TOMOGRAPHIC"", ""updated"": ""2026-06-10T21:53:20Z"", ""sat:absolute_orbit"": 5332, ""product:acquisition_type"": ""nominal""}"
BIO_S1_SCS__1S_20251122T211013_20251122T211034_T_G01_M01_C01_T028_F171_01_DNRKB4,BIO_S1_SCS__1S_20251122T211013_20251122T211034_T_G01_M01_C01_T028_F171_01_DNRKB4,BiomassLevel1a,SCS,T028,F171,2025-11-22T21:10:13.990Z,2025-11-22T21:10:34.389Z,1,DESCENDING,"{""processing:facility"": ""Biomass CPF"", ""product:type"": ""S1_SCS__1S"", ""eofeos:global_coverage_id"": ""1"", ""sat:anx_datetime"": ""2025-11-22T20:16:27.559Z"", ""platform"": ""Biomass"", ""eofeos:major_cycle_id"": ""1"", ""datetime"": ""2025-11-22T21:10:13.990Z"", ""instruments"": [""P-SAR""], ""constellation"": ""Biomass"", ""storage:schemes"": {""biomass-pdgs-01"": {""bucket"": ""biomass-pdgs-01"", ""description"": ""This endpoint provides access to EO data which is stored on the object storage of the ESA MAAP. See the [documentation](https://portal.maap.eo.esa.int/dataaccess/) for more information, including how to get credentials."", ""type"": ""custom-s3"", ""title"": ""ESA MAAP S3"", ""region"": ""gra"", ""platform"": ""https://{bucket}.s3.{region}.io.cloud.ovh.net""}}, ""eopf:datatake_id"": ""24939406"", ""processing:software"": {""Biomass L1 Processor"": ""4.3.1""}, ""eopf:instrument_configuration_id"": 0, ""grid:code"": ""WRS-28-171"", ""processing:level"": ""L1A"", ""proj:code"": ""EPSG:4326"", ""sci:doi"": ""10.57780/bio-bef83b4"", ""created"": ""2026-03-04T22:11:28Z"", ""published"": ""2025-11-22T21:10:34.389Z"", ""version"": ""01"", ""sar:observation_direction"": ""left"", ""sar:polarizations"": [""HH"", ""HV"", ""VH"", ""VV""], ""auth:schemes"": {""s3"": {""type"": ""s3""}, ""oidc"": {""openIdConnectUrl"": ""https://iam.ascend.icsgate.eu/realms/esa-maap/.well-known/openid-configuration"", ""type"": ""openIdConnect""}}, ""sar:instrument_mode"": ""SM"", ""eofeos:orbit_drift_flag"": false, ""processing:datetime"": ""2026-03-04T22:11:28Z"", ""eofeos:mission_phase"": ""TOMOGRAPHIC"", ""updated"": ""2026-05-17T09:30:35Z"", ""sat:absolute_orbit"": 3044, ""product:acquisition_type"": ""nominal""}"
BIO_S1_SCS__1S_20260211T211458_20260211T211518_T_G01_M02_C01_T028_F171_01_DMPI3D,BIO_S1_SCS__1S_20260211T211458_20260211T211518_T_G01_M02_C01_T028_F171_01_DMPI3D,BiomassLevel1a,SCS,T028,F171,2026-02-11T21:14:58.072Z,2026-02-11T21:15:18.471Z,1,DESCENDING,"{""processing:facility"": ""Biomass CPF"", ""product:type"": ""S1_SCS__1S"", ""eofeos:global_coverage_id"": ""1"", ""sat:anx_datetime"": ""2026-02-11T20:21:11.722Z"", ""platform"": ""Biomass"", ""eofeos:major_cycle_id"": ""2"", ""datetime"": ""2026-02-11T21:14:58.072Z"", ""instruments"": [""P-SAR""], ""constellation"": ""Biomass"", ""storage:schemes"": {""biomass-pdgs-01"": {""bucket"": ""biomass-pdgs-01"", ""description"": ""This endpoint provides access to EO data which is stored on the object storage of the ESA MAAP. See the [documentation](https://portal.maap.eo.esa.int/dataaccess/) for more information, including how to get credentials."", ""type"": ""custom-s3"", ""title"": ""ESA MAAP S3"", ""region"": ""gra"", ""platform"": ""https://{bucket}.s3.{region}.io.cloud.ovh.net""}}, ""eopf:datatake_id"": ""34671487"", ""processing:software"": {""Biomass L1 Processor"": ""4.3.1""}, ""eopf:instrument_configuration_id"": 0, ""grid:code"": ""WRS-28-171"", ""processing:level"": ""L1A"", ""proj:code"": ""EPSG:4326"", ""sci:doi"": ""10.57780/bio-bef83b4"", ""created"": ""2026-02-12T08:54:49Z"", ""published"": ""2026-02-11T21:15:18.471Z"", ""version"": ""01"", ""sar:observation_direction"": ""left"", ""sar:polarizations"": [""HH"", ""HV"", ""VH"", ""VV""], ""auth:schemes"": {""s3"": {""type"": ""s3""}, ""oidc"": {""openIdConnectUrl"": ""https://iam.ascend.icsgate.eu/realms/esa-maap/.well-known/openid-configuration"", ""type"": ""openIdConnect""}}, ""sar:instrument_mode"": ""SM"", ""eofeos:orbit_drift_flag"": false, ""processing:datetime"": ""2026-02-12T08:54:49Z"", ""eofeos:mission_phase"": ""TOMOGRAPHIC"", ""updated"": ""2026-05-17T12:41:18Z"", ""sat:absolute_orbit"": 4232, ""product:acquisition_type"": ""nominal""}"
BIO_S1_SCS__1S_20260301T211508_20260301T211529_T_G01_M02_C07_T028_F171_01_DNMWHQ,BIO_S1_SCS__1S_20260301T211508_20260301T211529_T_G01_M02_C07_T028_F171_01_DNMWHQ,BiomassLevel1a,SCS,T028,F171,2026-03-01T21:15:08.879Z,2026-03-01T21:15:29.278Z,7,DESCENDING,"{""processing:facility"": ""Biomass CPF"", ""product:type"": ""S1_SCS__1S"", ""eofeos:global_coverage_id"": ""1"", ""sat:anx_datetime"": ""2026-03-01T20:21:22.493Z"", ""platform"": ""Biomass"", ""eofeos:major_cycle_id"": ""2"", ""datetime"": ""2026-03-01T21:15:08.879Z"", ""instruments"": [""P-SAR""], ""constellation"": ""Biomass"", ""storage:schemes"": {""biomass-pdgs-01"": {""bucket"": ""biomass-pdgs-01"", ""description"": ""This endpoint provides access to EO data which is stored on the object storage of the ESA MAAP. See the [documentation](https://portal.maap.eo.esa.int/dataaccess/) for more information, including how to get credentials."", ""type"": ""custom-s3"", ""title"": ""ESA MAAP S3"", ""region"": ""gra"", ""platform"": ""https://{bucket}.s3.{region}.io.cloud.ovh.net""}}, ""eopf:datatake_id"": ""36834176"", ""processing:software"": {""Biomass L1 Processor"": ""4.3.1""}, ""eopf:instrument_configuration_id"": 0, ""grid:code"": ""WRS-28-171"", ""processing:level"": ""L1A"", ""proj:code"": ""EPSG:4326"", ""sci:doi"": ""10.57780/bio-bef83b4"", ""created"": ""2026-03-02T09:46:38Z"", ""published"": ""2026-03-01T21:15:29.278Z"", ""version"": ""01"", ""sar:observation_direction"": ""left"", ""sar:polarizations"": [""HH"", ""HV"", ""VH"", ""VV""], ""auth:schemes"": {""s3"": {""type"": ""s3""}, ""oidc"": {""openIdConnectUrl"": ""https://iam.ascend.icsgate.eu/realms/esa-maap/.well-known/openid-configuration"", ""type"": ""openIdConnect""}}, ""sar:instrument_mode"": ""SM"", ""eofeos:orbit_drift_flag"": false, ""processing:datetime"": ""2026-03-02T09:46:38Z"", ""eofeos:mission_phase"": ""TOMOGRAPHIC"", ""updated"": ""2026-05-17T13:25:07Z"", ""sat:absolute_orbit"": 4496, ""product:acquisition_type"": ""nominal""}"
BIO_S1_SCS__1S_20260424T211937_20260424T211958_T_G01_M03_C01_T028_F171_02_DQF0IS,BIO_S1_SCS__1S_20260424T211937_20260424T211958_T_G01_M03_C01_T028_F171_02_DQF0IS,BiomassLevel1a,SCS,T028,F171,2026-04-24T21:19:37.821Z,2026-04-24T21:19:58.220Z,1,DESCENDING,"{""processing:facility"": ""Biomass CPF"", ""product:type"": ""S1_SCS__1S"", ""eofeos:global_coverage_id"": ""1"", ""sat:anx_datetime"": ""2026-04-24T20:25:51.443Z"", ""platform"": ""Biomass"", ""eofeos:major_cycle_id"": ""3"", ""datetime"": ""2026-04-24T21:19:37.821Z"", ""instruments"": [""P-SAR""], ""constellation"": ""Biomass"", ""storage:schemes"": {""biomass-pdgs-01"": {""bucket"": ""biomass-pdgs-01"", ""description"": ""This endpoint provides access to EO data which is stored on the object storage of the ESA MAAP. See the [documentation](https://portal.maap.eo.esa.int/dataaccess/) for more information, including how to get credentials."", ""type"": ""custom-s3"", ""title"": ""ESA MAAP S3"", ""region"": ""gra"", ""platform"": ""https://{bucket}.s3.{region}.io.cloud.ovh.net""}}, ""eopf:datatake_id"": ""43322236"", ""processing:software"": {""Biomass L1 Processor"": ""4.4.2""}, ""eopf:instrument_configuration_id"": 0, ""grid:code"": ""WRS-28-171"", ""processing:level"": ""L1A"", ""proj:code"": ""EPSG:4326"", ""sci:doi"": ""10.57780/bio-bef83b4"", ""created"": ""2026-04-25T11:13:40Z"", ""published"": ""2026-04-24T21:19:58.220Z"", ""version"": ""02"", ""sar:observation_direction"": ""left"", ""sar:polarizations"": [""HH"", ""HV"", ""VH"", ""VV""], ""auth:schemes"": {""s3"": {""type"": ""s3""}, ""oidc"": {""openIdConnectUrl"": ""https://iam.ascend.icsgate.eu/realms/esa-maap/.well-known/openid-configuration"", ""type"": ""openIdConnect""}}, ""sar:instrument_mode"": ""SM"", ""eofeos:orbit_drift_flag"": false, ""processing:datetime"": ""2026-04-25T11:13:40Z"", ""eofeos:mission_phase"": ""TOMOGRAPHIC"", ""updated"": ""2026-06-09T16:48:40Z"", ""sat:absolute_orbit"": 5288, ""product:acquisition_type"": ""nominal""}"
BIO_S1_SCS__1S_20260427T211939_20260427T212000_T_G01_M03_C02_T028_F171_02_DQKKAG,BIO_S1_SCS__1S_20260427T211939_20260427T212000_T_G01_M03_C02_T028_F171_02_DQKKAG,BiomassLevel1a,SCS,T028,F171,2026-04-27T21:19:39.730Z,2026-04-27T21:20:00.129Z,2,DESCENDING,"{""processing:facility"": ""Biomass CPF"", ""product:type"": ""S1_SCS__1S"", ""eofeos:global_coverage_id"": ""1"", ""sat:anx_datetime"": ""2026-04-27T20:25:53.361Z"", ""platform"": ""Biomass"", ""eofeos:major_cycle_id"": ""3"", ""datetime"": ""2026-04-27T21:19:39.730Z"", ""instruments"": [""P-SAR""], ""constellation"": ""Biomass"", ""storage:schemes"": {""biomass-pdgs-01"": {""bucket"": ""biomass-pdgs-01"", ""description"": ""This endpoint provides access to EO data which is stored on the object storage of the ESA MAAP. See the [documentation](https://portal.maap.eo.esa.int/dataaccess/) for more information, including how to get credentials."", ""type"": ""custom-s3"", ""title"": ""ESA MAAP S3"", ""region"": ""gra"", ""platform"": ""https://{bucket}.s3.{region}.io.cloud.ovh.net""}}, ""eopf:datatake_id"": ""43682683"", ""processing:software"": {""Biomass L1 Processor"": ""4.4.2""}, ""eopf:instrument_configuration_id"": 0, ""grid:code"": ""WRS-28-171"", ""processing:level"": ""L1A"", ""proj:code"": ""EPSG:4326"", ""sci:doi"": ""10.57780/bio-bef83b4"", ""created"": ""2026-04-28T11:08:40Z"", ""published"": ""2026-04-27T21:20:00.129Z"", ""version"": ""02"", ""sar:observation_direction"": ""left"", ""sar:polarizations"": [""HH"", ""HV"", ""VH"", ""VV""], ""auth:schemes"": {""s3"": {""type"": ""s3""}, ""oidc"": {""openIdConnectUrl"": ""https://iam.ascend.icsgate.eu/realms/esa-maap/.well-known/openid-configuration"", ""type"": ""openIdConnect""}}, ""sar:instrument_mode"": ""SM"", ""eofeos:orbit_drift_flag"": false, ""processing:datetime"": ""2026-04-28T11:08:40Z"", ""eofeos:mission_phase"": ""TOMOGRAPHIC"", ""updated"": ""2026-06-10T21:53:21Z"", ""sat:absolute_orbit"": 5332, ""product:acquisition_type"": ""nominal""}"
BIO_S1_SCS__1S_20260509T211947_20260509T212007_T_G01_M03_C06_T028_F171_02_DR723K,BIO_S1_SCS__1S_20260509T211947_20260509T212007_T_G01_M03_C06_T028_F171_02_DR723K,BiomassLevel1a,SCS,T028,F171,2026-05-09T21:19:47.495Z,2026-05-09T21:20:07.895Z,6,DESCENDING,"{""processing:facility"": ""Biomass CPF"", ""product:type"": ""S1_SCS__1S"", ""eofeos:global_coverage_id"": ""1"", ""sat:anx_datetime"": ""2026-05-09T20:26:01.107Z"", ""platform"": ""Biomass"", ""eofeos:major_cycle_id"": ""3"", ""datetime"": ""2026-05-09T21:19:47.495Z"", ""instruments"": [""P-SAR""], ""constellation"": ""Biomass"", ""storage:schemes"": {""biomass-pdgs-01"": {""bucket"": ""biomass-pdgs-01"", ""description"": ""This endpoint provides access to EO data which is stored on the object storage of the ESA MAAP. See the [documentation](https://portal.maap.eo.esa.int/dataaccess/) for more information, including how to get credentials."", ""type"": ""custom-s3"", ""title"": ""ESA MAAP S3"", ""region"": ""gra"", ""platform"": ""https://{bucket}.s3.{region}.io.cloud.ovh.net""}}, ""eopf:datatake_id"": ""45124469"", ""processing:software"": {""Biomass L1 Processor"": ""4.4.3""}, ""eopf:instrument_configuration_id"": 0, ""grid:code"": ""WRS-28-171"", ""processing:level"": ""L1A"", ""proj:code"": ""EPSG:4326"", ""sci:doi"": ""10.57780/bio-bef83b4"", ""created"": ""2026-05-10T14:40:32Z"", ""published"": ""2026-05-09T21:20:07.895Z"", ""version"": ""02"", ""sar:observation_direction"": ""left"", ""sar:polarizations"": [""HH"", ""HV"", ""VH"", ""VV""], ""auth:schemes"": {""s3"": {""type"": ""s3""}, ""oidc"": {""openIdConnectUrl"": ""https://iam.ascend.icsgate.eu/realms/esa-maap/.well-known/openid-configuration"", ""type"": ""openIdConnect""}}, ""sar:instrument_mode"": ""SM"", ""eofeos:orbit_drift_flag"": false, ""processing:datetime"": ""2026-05-10T14:40:32Z"", ""eofeos:mission_phase"": ""TOMOGRAPHIC"", ""updated"": ""2026-06-10T22:45:01Z"", ""sat:absolute_orbit"": 5508, ""product:acquisition_type"": ""nominal""}"
BIO_S1_SCS__1S_20251122T211033_20251122T211053_T_G01_M01_C01_T028_F172_01_DNRK7G,BIO_S1_SCS__1S_20251122T211033_20251122T211053_T_G01_M01_C01_T028_F172_01_DNRK7G,BiomassLevel1a,SCS,T028,F172,2025-11-22T21:10:33.004Z,2025-11-22T21:10:53.405Z,1,DESCENDING,"{""processing:facility"": ""Biomass CPF"", ""product:type"": ""S1_SCS__1S"", ""eofeos:global_coverage_id"": ""1"", ""sat:anx_datetime"": ""2025-11-22T20:16:27.559Z"", ""platform"": ""Biomass"", ""eofeos:major_cycle_id"": ""1"", ""datetime"": ""2025-11-22T21:10:33.004Z"", ""instruments"": [""P-SAR""], ""constellation"": ""Biomass"", ""storage:schemes"": {""biomass-pdgs-01"": {""bucket"": ""biomass-pdgs-01"", ""description"": ""This endpoint provides access to EO data which is stored on the object storage of the ESA MAAP. See the [documentation](https://portal.maap.eo.esa.int/dataaccess/) for more information, including how to get credentials."", ""type"": ""custom-s3"", ""title"": ""ESA MAAP S3"", ""region"": ""gra"", ""platform"": ""https://{bucket}.s3.{region}.io.cloud.ovh.net""}}, ""eopf:datatake_id"": ""24939406"", ""processing:software"": {""Biomass L1 Processor"": ""4.3.1""}, ""eopf:instrument_configuration_id"": 0, ""grid:code"": ""WRS-28-172"", ""processing:level"": ""L1A"", ""proj:code"": ""EPSG:4326"", ""sci:doi"": ""10.57780/bio-bef83b4"", ""created"": ""2026-03-04T22:09:16Z"", ""published"": ""2025-11-22T21:10:53.405Z"", ""version"": ""01"", ""sar:observation_direction"": ""left"", ""sar:polarizations"": [""HH"", ""HV"", ""VH"", ""VV""], ""auth:schemes"": {""s3"": {""type"": ""s3""}, ""oidc"": {""openIdConnectUrl"": ""https://iam.ascend.icsgate.eu/realms/esa-maap/.well-known/openid-configuration"", ""type"": ""openIdConnect""}}, ""sar:instrument_mode"": ""SM"", ""eofeos:orbit_drift_flag"": false, ""processing:datetime"": ""2026-03-04T22:09:16Z"", ""eofeos:mission_phase"": ""TOMOGRAPHIC"", ""updated"": ""2026-05-17T09:30:35Z"", ""sat:absolute_orbit"": 3044, ""product:acquisition_type"": ""nominal""}"
BIO_S1_SCS__1S_20251201T211038_20251201T211059_T_G01_M01_C04_T028_F172_01_DO2906,BIO_S1_SCS__1S_20251201T211038_20251201T211059_T_G01_M01_C04_T028_F172_01_DO2906,BiomassLevel1a,SCS,T028,F172,2025-12-01T21:10:38.925Z,2025-12-01T21:10:59.325Z,4,DESCENDING,"{""processing:facility"": ""Biomass CPF"", ""product:type"": ""S1_SCS__1S"", ""eofeos:global_coverage_id"": ""1"", ""sat:anx_datetime"": ""2025-12-01T20:16:33.475Z"", ""platform"": ""Biomass"", ""eofeos:major_cycle_id"": ""1"", ""datetime"": ""2025-12-01T21:10:38.925Z"", ""instruments"": [""P-SAR""], ""constellation"": ""Biomass"", ""storage:schemes"": {""biomass-pdgs-01"": {""bucket"": ""biomass-pdgs-01"", ""description"": ""This endpoint provides access to EO data which is stored on the object storage of the ESA MAAP. See the [documentation](https://portal.maap.eo.esa.int/dataaccess/) for more information, including how to get credentials."", ""type"": ""custom-s3"", ""title"": ""ESA MAAP S3"", ""region"": ""gra"", ""platform"": ""https://{bucket}.s3.{region}.io.cloud.ovh.net""}}, ""eopf:datatake_id"": ""26020750"", ""processing:software"": {""Biomass L1 Processor"": ""4.3.1""}, ""eopf:instrument_configuration_id"": 0, ""grid:code"": ""WRS-28-172"", ""processing:level"": ""L1A"", ""proj:code"": ""EPSG:4326"", ""sci:doi"": ""10.57780/bio-bef83b4"", ""created"": ""2026-03-10T16:40:54Z"", ""published"": ""2025-12-01T21:10:59.325Z"", ""version"": ""01"", ""sar:observation_direction"": ""left"", ""sar:polarizations"": [""HH"", ""HV"", ""VH"", ""VV""], ""auth:schemes"": {""s3"": {""type"": ""s3""}, ""oidc"": {""openIdConnectUrl"": ""https://iam.ascend.icsgate.eu/realms/esa-maap/.well-known/openid-configuration"", ""type"": ""openIdConnect""}}, ""sar:instrument_mode"": ""SM"", ""eofeos:orbit_drift_flag"": false, ""processing:datetime"": ""2026-03-10T16:40:54Z"", ""eofeos:mission_phase"": ""TOMOGRAPHIC"", ""updated"": ""2026-05-17T10:13:54Z"", ""sat:absolute_orbit"": 3176, ""product:acquisition_type"": ""nominal""}"
BIO_S1_SCS__1S_20260301T211527_20260301T211548_T_G01_M02_C07_T028_F172_01_DNMWBK,BIO_S1_SCS__1S_20260301T211527_20260301T211548_T_G01_M02_C07_T028_F172_01_DNMWBK,BiomassLevel1a,SCS,T028,F172,2026-03-01T21:15:27.892Z,2026-03-01T21:15:48.293Z,7,DESCENDING,"{""processing:facility"": ""Biomass CPF"", ""product:type"": ""S1_SCS__1S"", ""eofeos:global_coverage_id"": ""1"", ""sat:anx_datetime"": ""2026-03-01T20:21:22.493Z"", ""platform"": ""Biomass"", ""eofeos:major_cycle_id"": ""2"", ""datetime"": ""2026-03-01T21:15:27.892Z"", ""instruments"": [""P-SAR""], ""constellation"": ""Biomass"", ""storage:schemes"": {""biomass-pdgs-01"": {""bucket"": ""biomass-pdgs-01"", ""description"": ""This endpoint provides access to EO data which is stored on the object storage of the ESA MAAP. See the [documentation](https://portal.maap.eo.esa.int/dataaccess/) for more information, including how to get credentials."", ""type"": ""custom-s3"", ""title"": ""ESA MAAP S3"", ""region"": ""gra"", ""platform"": ""https://{bucket}.s3.{region}.io.cloud.ovh.net""}}, ""eopf:datatake_id"": ""36834176"", ""processing:software"": {""Biomass L1 Processor"": ""4.3.1""}, ""eopf:instrument_configuration_id"": 0, ""grid:code"": ""WRS-28-172"", ""processing:level"": ""L1A"", ""proj:code"": ""EPSG:4326"", ""sci:doi"": ""10.57780/bio-bef83b4"", ""created"": ""2026-03-02T09:42:56Z"", ""published"": ""2026-03-01T21:15:48.293Z"", ""version"": ""01"", ""sar:observation_direction"": ""left"", ""sar:polarizations"": [""HH"", ""HV"", ""VH"", ""VV""], ""auth:schemes"": {""s3"": {""type"": ""s3""}, ""oidc"": {""openIdConnectUrl"": ""https://iam.ascend.icsgate.eu/realms/esa-maap/.well-known/openid-configuration"", ""type"": ""openIdConnect""}}, ""sar:instrument_mode"": ""SM"", ""eofeos:orbit_drift_flag"": false, ""processing:datetime"": ""2026-03-02T09:42:56Z"", ""eofeos:mission_phase"": ""TOMOGRAPHIC"", ""updated"": ""2026-05-17T13:25:07Z"", ""sat:absolute_orbit"": 4496, ""product:acquisition_type"": ""nominal""}"
BIO_S1_SCS__1S_20260424T211956_20260424T212017_T_G01_M03_C01_T028_F172_02_DQF0BL,BIO_S1_SCS__1S_20260424T211956_20260424T212017_T_G01_M03_C01_T028_F172_02_DQF0BL,BiomassLevel1a,SCS,T028,F172,2026-04-24T21:19:56.835Z,2026-04-24T21:20:17.235Z,1,DESCENDING,"{""processing:facility"": ""Biomass CPF"", ""product:type"": ""S1_SCS__1S"", ""eofeos:global_coverage_id"": ""1"", ""sat:anx_datetime"": ""2026-04-24T20:25:51.443Z"", ""platform"": ""Biomass"", ""eofeos:major_cycle_id"": ""3"", ""datetime"": ""2026-04-24T21:19:56.835Z"", ""instruments"": [""P-SAR""], ""constellation"": ""Biomass"", ""storage:schemes"": {""biomass-pdgs-01"": {""bucket"": ""biomass-pdgs-01"", ""description"": ""This endpoint provides access to EO data which is stored on the object storage of the ESA MAAP. See the [documentation](https://portal.maap.eo.esa.int/dataaccess/) for more information, including how to get credentials."", ""type"": ""custom-s3"", ""title"": ""ESA MAAP S3"", ""region"": ""gra"", ""platform"": ""https://{bucket}.s3.{region}.io.cloud.ovh.net""}}, ""eopf:datatake_id"": ""43322236"", ""processing:software"": {""Biomass L1 Processor"": ""4.4.2""}, ""eopf:instrument_configuration_id"": 0, ""grid:code"": ""WRS-28-172"", ""processing:level"": ""L1A"", ""proj:code"": ""EPSG:4326"", ""sci:doi"": ""10.57780/bio-bef83b4"", ""created"": ""2026-04-25T11:09:21Z"", ""published"": ""2026-04-24T21:20:17.235Z"", ""version"": ""02"", ""sar:observation_direction"": ""left"", ""sar:polarizations"": [""HH"", ""HV"", ""VH"", ""VV""], ""auth:schemes"": {""s3"": {""type"": ""s3""}, ""oidc"": {""openIdConnectUrl"": ""https://iam.ascend.icsgate.eu/realms/esa-maap/.well-known/openid-configuration"", ""type"": ""openIdConnect""}}, ""sar:instrument_mode"": ""SM"", ""eofeos:orbit_drift_flag"": false, ""processing:datetime"": ""2026-04-25T11:09:21Z"", ""eofeos:mission_phase"": ""TOMOGRAPHIC"", ""updated"": ""2026-06-09T16:48:40Z"", ""sat:absolute_orbit"": 5288, ""product:acquisition_type"": ""nominal""}"
BIO_S1_SCS__1S_20251201T211057_20251201T211118_T_G01_M01_C04_T028_F173_01_DO290H,BIO_S1_SCS__1S_20251201T211057_20251201T211118_T_G01_M01_C04_T028_F173_01_DO290H,BiomassLevel1a,SCS,T028,F173,2025-12-01T21:10:57.940Z,2025-12-01T21:11:18.341Z,4,DESCENDING,"{""processing:facility"": ""Biomass CPF"", ""product:type"": ""S1_SCS__1S"", ""eofeos:global_coverage_id"": ""1"", ""sat:anx_datetime"": ""2025-12-01T20:16:33.475Z"", ""platform"": ""Biomass"", ""eofeos:major_cycle_id"": ""1"", ""datetime"": ""2025-12-01T21:10:57.940Z"", ""instruments"": [""P-SAR""], ""constellation"": ""Biomass"", ""storage:schemes"": {""biomass-pdgs-01"": {""bucket"": ""biomass-pdgs-01"", ""description"": ""This endpoint provides access to EO data which is stored on the object storage of the ESA MAAP. See the [documentation](https://portal.maap.eo.esa.int/dataaccess/) for more information, including how to get credentials."", ""type"": ""custom-s3"", ""title"": ""ESA MAAP S3"", ""region"": ""gra"", ""platform"": ""https://{bucket}.s3.{region}.io.cloud.ovh.net""}}, ""eopf:datatake_id"": ""26020750"", ""processing:software"": {""Biomass L1 Processor"": ""4.3.1""}, ""eopf:instrument_configuration_id"": 0, ""grid:code"": ""WRS-28-173"", ""processing:level"": ""L1A"", ""proj:code"": ""EPSG:4326"", ""sci:doi"": ""10.57780/bio-bef83b4"", ""created"": ""2026-03-10T16:41:05Z"", ""published"": ""2025-12-01T21:11:18.341Z"", ""version"": ""01"", ""sar:observation_direction"": ""left"", ""sar:polarizations"": [""HH"", ""HV"", ""VH"", ""VV""], ""auth:schemes"": {""s3"": {""type"": ""s3""}, ""oidc"": {""openIdConnectUrl"": ""https://iam.ascend.icsgate.eu/realms/esa-maap/.well-known/openid-configuration"", ""type"": ""openIdConnect""}}, ""sar:instrument_mode"": ""SM"", ""eofeos:orbit_drift_flag"": false, ""processing:datetime"": ""2026-03-10T16:41:05Z"", ""eofeos:mission_phase"": ""TOMOGRAPHIC"", ""updated"": ""2026-05-17T10:13:54Z"", ""sat:absolute_orbit"": 3176, ""product:acquisition_type"": ""nominal""}"
BIO_S1_SCS__1S_20260301T211546_20260301T211607_T_G01_M02_C07_T028_F173_01_DNMW8P,BIO_S1_SCS__1S_20260301T211546_20260301T211607_T_G01_M02_C07_T028_F173_01_DNMW8P,BiomassLevel1a,SCS,T028,F173,2026-03-01T21:15:46.907Z,2026-03-01T21:16:07.308Z,7,DESCENDING,"{""processing:facility"": ""Biomass CPF"", ""product:type"": ""S1_SCS__1S"", ""eofeos:global_coverage_id"": ""1"", ""sat:anx_datetime"": ""2026-03-01T20:21:22.493Z"", ""platform"": ""Biomass"", ""eofeos:major_cycle_id"": ""2"", ""datetime"": ""2026-03-01T21:15:46.907Z"", ""instruments"": [""P-SAR""], ""constellation"": ""Biomass"", ""storage:schemes"": {""biomass-pdgs-01"": {""bucket"": ""biomass-pdgs-01"", ""description"": ""This endpoint provides access to EO data which is stored on the object storage of the ESA MAAP. See the [documentation](https://portal.maap.eo.esa.int/dataaccess/) for more information, including how to get credentials."", ""type"": ""custom-s3"", ""title"": ""ESA MAAP S3"", ""region"": ""gra"", ""platform"": ""https://{bucket}.s3.{region}.io.cloud.ovh.net""}}, ""eopf:datatake_id"": ""36834176"", ""processing:software"": {""Biomass L1 Processor"": ""4.3.1""}, ""eopf:instrument_configuration_id"": 0, ""grid:code"": ""WRS-28-173"", ""processing:level"": ""L1A"", ""proj:code"": ""EPSG:4326"", ""sci:doi"": ""10.57780/bio-bef83b4"", ""created"": ""2026-03-02T09:41:13Z"", ""published"": ""2026-03-01T21:16:07.308Z"", ""version"": ""01"", ""sar:observation_direction"": ""left"", ""sar:polarizations"": [""HH"", ""HV"", ""VH"", ""VV""], ""auth:schemes"": {""s3"": {""type"": ""s3""}, ""oidc"": {""openIdConnectUrl"": ""https://iam.ascend.icsgate.eu/realms/esa-maap/.well-known/openid-configuration"", ""type"": ""openIdConnect""}}, ""sar:instrument_mode"": ""SM"", ""eofeos:orbit_drift_flag"": false, ""processing:datetime"": ""2026-03-02T09:41:13Z"", ""eofeos:mission_phase"": ""TOMOGRAPHIC"", ""updated"": ""2026-05-17T13:25:08Z"", ""sat:absolute_orbit"": 4496, ""product:acquisition_type"": ""nominal""}"
BIO_S1_SCS__1S_20251122T211111_20251122T211131_T_G01_M01_C01_T028_F174_01_DNRKBJ,BIO_S1_SCS__1S_20251122T211111_20251122T211131_T_G01_M01_C01_T028_F174_01_DNRKBJ,BiomassLevel1a,SCS,T028,F174,2025-11-22T21:11:11.033Z,2025-11-22T21:11:31.436Z,1,DESCENDING,"{""processing:facility"": ""Biomass CPF"", ""product:type"": ""S1_SCS__1S"", ""eofeos:global_coverage_id"": ""1"", ""sat:anx_datetime"": ""2025-11-22T20:16:27.559Z"", ""platform"": ""Biomass"", ""eofeos:major_cycle_id"": ""1"", ""datetime"": ""2025-11-22T21:11:11.033Z"", ""instruments"": [""P-SAR""], ""constellation"": ""Biomass"", ""storage:schemes"": {""biomass-pdgs-01"": {""bucket"": ""biomass-pdgs-01"", ""description"": ""This endpoint provides access to EO data which is stored on the object storage of the ESA MAAP. See the [documentation](https://portal.maap.eo.esa.int/dataaccess/) for more information, including how to get credentials."", ""type"": ""custom-s3"", ""title"": ""ESA MAAP S3"", ""region"": ""gra"", ""platform"": ""https://{bucket}.s3.{region}.io.cloud.ovh.net""}}, ""eopf:datatake_id"": ""24939406"", ""processing:software"": {""Biomass L1 Processor"": ""4.3.1""}, ""eopf:instrument_configuration_id"": 0, ""grid:code"": ""WRS-28-174"", ""processing:level"": ""L1A"", ""proj:code"": ""EPSG:4326"", ""sci:doi"": ""10.57780/bio-bef83b4"", ""created"": ""2026-03-04T22:11:43Z"", ""published"": ""2025-11-22T21:11:31.436Z"", ""version"": ""01"", ""sar:observation_direction"": ""left"", ""sar:polarizations"": [""HH"", ""HV"", ""VH"", ""VV""], ""auth:schemes"": {""s3"": {""type"": ""s3""}, ""oidc"": {""openIdConnectUrl"": ""https://iam.ascend.icsgate.eu/realms/esa-maap/.well-known/openid-configuration"", ""type"": ""openIdConnect""}}, ""sar:instrument_mode"": ""SM"", ""eofeos:orbit_drift_flag"": false, ""processing:datetime"": ""2026-03-04T22:11:43Z"", ""eofeos:mission_phase"": ""TOMOGRAPHIC"", ""updated"": ""2026-05-17T09:30:35Z"", ""sat:absolute_orbit"": 3044, ""product:acquisition_type"": ""nominal""}"
BIO_S1_SCS__1S_20260211T211555_20260211T211615_T_G01_M02_C01_T028_F174_01_DMPI49,BIO_S1_SCS__1S_20260211T211555_20260211T211615_T_G01_M02_C01_T028_F174_01_DMPI49,BiomassLevel1a,SCS,T028,F174,2026-02-11T21:15:55.116Z,2026-02-11T21:16:15.519Z,1,DESCENDING,"{""processing:facility"": ""Biomass CPF"", ""product:type"": ""S1_SCS__1S"", ""eofeos:global_coverage_id"": ""1"", ""sat:anx_datetime"": ""2026-02-11T20:21:11.722Z"", ""platform"": ""Biomass"", ""eofeos:major_cycle_id"": ""2"", ""datetime"": ""2026-02-11T21:15:55.116Z"", ""instruments"": [""P-SAR""], ""constellation"": ""Biomass"", ""storage:schemes"": {""biomass-pdgs-01"": {""bucket"": ""biomass-pdgs-01"", ""description"": ""This endpoint provides access to EO data which is stored on the object storage of the ESA MAAP. See the [documentation](https://portal.maap.eo.esa.int/dataaccess/) for more information, including how to get credentials."", ""type"": ""custom-s3"", ""title"": ""ESA MAAP S3"", ""region"": ""gra"", ""platform"": ""https://{bucket}.s3.{region}.io.cloud.ovh.net""}}, ""eopf:datatake_id"": ""34671487"", ""processing:software"": {""Biomass L1 Processor"": ""4.3.1""}, ""eopf:instrument_configuration_id"": 0, ""grid:code"": ""WRS-28-174"", ""processing:level"": ""L1A"", ""proj:code"": ""EPSG:4326"", ""sci:doi"": ""10.57780/bio-bef83b4"", ""created"": ""2026-02-12T08:55:21Z"", ""published"": ""2026-02-11T21:16:15.519Z"", ""version"": ""01"", ""sar:observation_direction"": ""left"", ""sar:polarizations"": [""HH"", ""HV"", ""VH"", ""VV""], ""auth:schemes"": {""s3"": {""type"": ""s3""}, ""oidc"": {""openIdConnectUrl"": ""https://iam.ascend.icsgate.eu/realms/esa-maap/.well-known/openid-configuration"", ""type"": ""openIdConnect""}}, ""sar:instrument_mode"": ""SM"", ""eofeos:orbit_drift_flag"": false, ""processing:datetime"": ""2026-02-12T08:55:21Z"", ""eofeos:mission_phase"": ""TOMOGRAPHIC"", ""updated"": ""2026-05-17T12:41:19Z"", ""sat:absolute_orbit"": 4232, ""product:acquisition_type"": ""nominal""}"
BIO_S1_SCS__1S_20260301T211605_20260301T211626_T_G01_M02_C07_T028_F174_01_DNMWAR,BIO_S1_SCS__1S_20260301T211605_20260301T211626_T_G01_M02_C07_T028_F174_01_DNMWAR,BiomassLevel1a,SCS,T028,F174,2026-03-01T21:16:05.924Z,2026-03-01T21:16:26.326Z,7,DESCENDING,"{""processing:facility"": ""Biomass CPF"", ""product:type"": ""S1_SCS__1S"", ""eofeos:global_coverage_id"": ""1"", ""sat:anx_datetime"": ""2026-03-01T20:21:22.493Z"", ""platform"": ""Biomass"", ""eofeos:major_cycle_id"": ""2"", ""datetime"": ""2026-03-01T21:16:05.924Z"", ""instruments"": [""P-SAR""], ""constellation"": ""Biomass"", ""storage:schemes"": {""biomass-pdgs-01"": {""bucket"": ""biomass-pdgs-01"", ""description"": ""This endpoint provides access to EO data which is stored on the object storage of the ESA MAAP. See the [documentation](https://portal.maap.eo.esa.int/dataaccess/) for more information, including how to get credentials."", ""type"": ""custom-s3"", ""title"": ""ESA MAAP S3"", ""region"": ""gra"", ""platform"": ""https://{bucket}.s3.{region}.io.cloud.ovh.net""}}, ""eopf:datatake_id"": ""36834176"", ""processing:software"": {""Biomass L1 Processor"": ""4.3.1""}, ""eopf:instrument_configuration_id"": 0, ""grid:code"": ""WRS-28-174"", ""processing:level"": ""L1A"", ""proj:code"": ""EPSG:4326"", ""sci:doi"": ""10.57780/bio-bef83b4"", ""created"": ""2026-03-02T09:42:27Z"", ""published"": ""2026-03-01T21:16:26.326Z"", ""version"": ""01"", ""sar:observation_direction"": ""left"", ""sar:polarizations"": [""HH"", ""HV"", ""VH"", ""VV""], ""auth:schemes"": {""s3"": {""type"": ""s3""}, ""oidc"": {""openIdConnectUrl"": ""https://iam.ascend.icsgate.eu/realms/esa-maap/.well-known/openid-configuration"", ""type"": ""openIdConnect""}}, ""sar:instrument_mode"": ""SM"", ""eofeos:orbit_drift_flag"": false, ""processing:datetime"": ""2026-03-02T09:42:27Z"", ""eofeos:mission_phase"": ""TOMOGRAPHIC"", ""updated"": ""2026-05-17T13:25:08Z"", ""sat:absolute_orbit"": 4496, ""product:acquisition_type"": ""nominal""}"
BIO_S1_SCS__1S_20260424T212034_20260424T212055_T_G01_M03_C01_T028_F174_02_DQF0A9,BIO_S1_SCS__1S_20260424T212034_20260424T212055_T_G01_M03_C01_T028_F174_02_DQF0A9,BiomassLevel1a,SCS,T028,F174,2026-04-24T21:20:34.864Z,2026-04-24T21:20:55.267Z,1,DESCENDING,"{""processing:facility"": ""Biomass CPF"", ""product:type"": ""S1_SCS__1S"", ""eofeos:global_coverage_id"": ""1"", ""sat:anx_datetime"": ""2026-04-24T20:25:51.443Z"", ""platform"": ""Biomass"", ""eofeos:major_cycle_id"": ""3"", ""datetime"": ""2026-04-24T21:20:34.864Z"", ""instruments"": [""P-SAR""], ""constellation"": ""Biomass"", ""storage:schemes"": {""biomass-pdgs-01"": {""bucket"": ""biomass-pdgs-01"", ""description"": ""This endpoint provides access to EO data which is stored on the object storage of the ESA MAAP. See the [documentation](https://portal.maap.eo.esa.int/dataaccess/) for more information, including how to get credentials."", ""type"": ""custom-s3"", ""title"": ""ESA MAAP S3"", ""region"": ""gra"", ""platform"": ""https://{bucket}.s3.{region}.io.cloud.ovh.net""}}, ""eopf:datatake_id"": ""43322236"", ""processing:software"": {""Biomass L1 Processor"": ""4.4.2""}, ""eopf:instrument_configuration_id"": 0, ""grid:code"": ""WRS-28-174"", ""processing:level"": ""L1A"", ""proj:code"": ""EPSG:4326"", ""sci:doi"": ""10.57780/bio-bef83b4"", ""created"": ""2026-04-25T11:08:33Z"", ""published"": ""2026-04-24T21:20:55.267Z"", ""version"": ""02"", ""sar:observation_direction"": ""left"", ""sar:polarizations"": [""HH"", ""HV"", ""VH"", ""VV""], ""auth:schemes"": {""s3"": {""type"": ""s3""}, ""oidc"": {""openIdConnectUrl"": ""https://iam.ascend.icsgate.eu/realms/esa-maap/.well-known/openid-configuration"", ""type"": ""openIdConnect""}}, ""sar:instrument_mode"": ""SM"", ""eofeos:orbit_drift_flag"": false, ""processing:datetime"": ""2026-04-25T11:08:33Z"", ""eofeos:mission_phase"": ""TOMOGRAPHIC"", ""updated"": ""2026-06-09T16:48:41Z"", ""sat:absolute_orbit"": 5288, ""product:acquisition_type"": ""nominal""}"
BIO_S1_SCS__1S_20260427T212036_20260427T212057_T_G01_M03_C02_T028_F174_02_DQKKNX,BIO_S1_SCS__1S_20260427T212036_20260427T212057_T_G01_M03_C02_T028_F174_02_DQKKNX,BiomassLevel1a,SCS,T028,F174,2026-04-27T21:20:36.773Z,2026-04-27T21:20:57.176Z,2,DESCENDING,"{""processing:facility"": ""Biomass CPF"", ""product:type"": ""S1_SCS__1S"", ""eofeos:global_coverage_id"": ""1"", ""sat:anx_datetime"": ""2026-04-27T20:25:53.361Z"", ""platform"": ""Biomass"", ""eofeos:major_cycle_id"": ""3"", ""datetime"": ""2026-04-27T21:20:36.773Z"", ""instruments"": [""P-SAR""], ""constellation"": ""Biomass"", ""storage:schemes"": {""biomass-pdgs-01"": {""bucket"": ""biomass-pdgs-01"", ""description"": ""This endpoint provides access to EO data which is stored on the object storage of the ESA MAAP. See the [documentation](https://portal.maap.eo.esa.int/dataaccess/) for more information, including how to get credentials."", ""type"": ""custom-s3"", ""title"": ""ESA MAAP S3"", ""region"": ""gra"", ""platform"": ""https://{bucket}.s3.{region}.io.cloud.ovh.net""}}, ""eopf:datatake_id"": ""43682683"", ""processing:software"": {""Biomass L1 Processor"": ""4.4.2""}, ""eopf:instrument_configuration_id"": 0, ""grid:code"": ""WRS-28-174"", ""processing:level"": ""L1A"", ""proj:code"": ""EPSG:4326"", ""sci:doi"": ""10.57780/bio-bef83b4"", ""created"": ""2026-04-28T11:16:45Z"", ""published"": ""2026-04-27T21:20:57.176Z"", ""version"": ""02"", ""sar:observation_direction"": ""left"", ""sar:polarizations"": [""HH"", ""HV"", ""VH"", ""VV""], ""auth:schemes"": {""s3"": {""type"": ""s3""}, ""oidc"": {""openIdConnectUrl"": ""https://iam.ascend.icsgate.eu/realms/esa-maap/.well-known/openid-configuration"", ""type"": ""openIdConnect""}}, ""sar:instrument_mode"": ""SM"", ""eofeos:orbit_drift_flag"": false, ""processing:datetime"": ""2026-04-28T11:16:45Z"", ""eofeos:mission_phase"": ""TOMOGRAPHIC"", ""updated"": ""2026-06-10T21:53:21Z"", ""sat:absolute_orbit"": 5332, ""product:acquisition_type"": ""nominal""}"
BIO_S1_SCS__1S_20260430T212038_20260430T212059_T_G01_M03_C03_T028_F174_02_DQQ5OL,BIO_S1_SCS__1S_20260430T212038_20260430T212059_T_G01_M03_C03_T028_F174_02_DQQ5OL,BiomassLevel1a,SCS,T028,F174,2026-04-30T21:20:38.724Z,2026-04-30T21:20:59.126Z,3,DESCENDING,"{""processing:facility"": ""Biomass CPF"", ""product:type"": ""S1_SCS__1S"", ""eofeos:global_coverage_id"": ""1"", ""sat:anx_datetime"": ""2026-04-30T20:25:55.299Z"", ""platform"": ""Biomass"", ""eofeos:major_cycle_id"": ""3"", ""datetime"": ""2026-04-30T21:20:38.724Z"", ""instruments"": [""P-SAR""], ""constellation"": ""Biomass"", ""storage:schemes"": {""biomass-pdgs-01"": {""bucket"": ""biomass-pdgs-01"", ""description"": ""This endpoint provides access to EO data which is stored on the object storage of the ESA MAAP. See the [documentation](https://portal.maap.eo.esa.int/dataaccess/) for more information, including how to get credentials."", ""type"": ""custom-s3"", ""title"": ""ESA MAAP S3"", ""region"": ""gra"", ""platform"": ""https://{bucket}.s3.{region}.io.cloud.ovh.net""}}, ""eopf:datatake_id"": ""44043131"", ""processing:software"": {""Biomass L1 Processor"": ""4.4.2""}, ""eopf:instrument_configuration_id"": 0, ""grid:code"": ""WRS-28-174"", ""processing:level"": ""L1A"", ""proj:code"": ""EPSG:4326"", ""sci:doi"": ""10.57780/bio-bef83b4"", ""created"": ""2026-05-01T11:38:45Z"", ""published"": ""2026-04-30T21:20:59.126Z"", ""version"": ""02"", ""sar:observation_direction"": ""left"", ""sar:polarizations"": [""HH"", ""HV"", ""VH"", ""VV""], ""auth:schemes"": {""s3"": {""type"": ""s3""}, ""oidc"": {""openIdConnectUrl"": ""https://iam.ascend.icsgate.eu/realms/esa-maap/.well-known/openid-configuration"", ""type"": ""openIdConnect""}}, ""sar:instrument_mode"": ""SM"", ""eofeos:orbit_drift_flag"": false, ""processing:datetime"": ""2026-05-01T11:38:45Z"", ""eofeos:mission_phase"": ""TOMOGRAPHIC"", ""updated"": ""2026-06-10T22:10:17Z"", ""sat:absolute_orbit"": 5376, ""product:acquisition_type"": ""nominal""}"
BIO_S1_SCS__1S_20251201T211135_20251201T211156_T_G01_M01_C04_T028_F175_01_DO290C,BIO_S1_SCS__1S_20251201T211135_20251201T211156_T_G01_M01_C04_T028_F175_01_DO290C,BiomassLevel1a,SCS,T028,F175,2025-12-01T21:11:35.972Z,2025-12-01T21:11:56.375Z,4,DESCENDING,"{""processing:facility"": ""Biomass CPF"", ""product:type"": ""S1_SCS__1S"", ""eofeos:global_coverage_id"": ""1"", ""sat:anx_datetime"": ""2025-12-01T20:16:33.475Z"", ""platform"": ""Biomass"", ""eofeos:major_cycle_id"": ""1"", ""datetime"": ""2025-12-01T21:11:35.972Z"", ""instruments"": [""P-SAR""], ""constellation"": ""Biomass"", ""storage:schemes"": {""biomass-pdgs-01"": {""bucket"": ""biomass-pdgs-01"", ""description"": ""This endpoint provides access to EO data which is stored on the object storage of the ESA MAAP. See the [documentation](https://portal.maap.eo.esa.int/dataaccess/) for more information, including how to get credentials."", ""type"": ""custom-s3"", ""title"": ""ESA MAAP S3"", ""region"": ""gra"", ""platform"": ""https://{bucket}.s3.{region}.io.cloud.ovh.net""}}, ""eopf:datatake_id"": ""26020750"", ""processing:software"": {""Biomass L1 Processor"": ""4.3.1""}, ""eopf:instrument_configuration_id"": 0, ""grid:code"": ""WRS-28-175"", ""processing:level"": ""L1A"", ""proj:code"": ""EPSG:4326"", ""sci:doi"": ""10.57780/bio-bef83b4"", ""created"": ""2026-03-10T16:41:00Z"", ""published"": ""2025-12-01T21:11:56.375Z"", ""version"": ""01"", ""sar:observation_direction"": ""left"", ""sar:polarizations"": [""HH"", ""HV"", ""VH"", ""VV""], ""auth:schemes"": {""s3"": {""type"": ""s3""}, ""oidc"": {""openIdConnectUrl"": ""https://iam.ascend.icsgate.eu/realms/esa-maap/.well-known/openid-configuration"", ""type"": ""openIdConnect""}}, ""sar:instrument_mode"": ""SM"", ""eofeos:orbit_drift_flag"": false, ""processing:datetime"": ""2026-03-10T16:41:00Z"", ""eofeos:mission_phase"": ""TOMOGRAPHIC"", ""updated"": ""2026-05-17T10:13:54Z"", ""sat:absolute_orbit"": 3176, ""product:acquisition_type"": ""nominal""}"
BIO_S1_SCS__1S_20260301T211624_20260301T211645_T_G01_M02_C07_T028_F175_01_DNMW8S,BIO_S1_SCS__1S_20260301T211624_20260301T211645_T_G01_M02_C07_T028_F175_01_DNMW8S,BiomassLevel1a,SCS,T028,F175,2026-03-01T21:16:24.940Z,2026-03-01T21:16:45.343Z,7,DESCENDING,"{""processing:facility"": ""Biomass CPF"", ""product:type"": ""S1_SCS__1S"", ""eofeos:global_coverage_id"": ""1"", ""sat:anx_datetime"": ""2026-03-01T20:21:22.493Z"", ""platform"": ""Biomass"", ""eofeos:major_cycle_id"": ""2"", ""datetime"": ""2026-03-01T21:16:24.940Z"", ""instruments"": [""P-SAR""], ""constellation"": ""Biomass"", ""storage:schemes"": {""biomass-pdgs-01"": {""bucket"": ""biomass-pdgs-01"", ""description"": ""This endpoint provides access to EO data which is stored on the object storage of the ESA MAAP. See the [documentation](https://portal.maap.eo.esa.int/dataaccess/) for more information, including how to get credentials."", ""type"": ""custom-s3"", ""title"": ""ESA MAAP S3"", ""region"": ""gra"", ""platform"": ""https://{bucket}.s3.{region}.io.cloud.ovh.net""}}, ""eopf:datatake_id"": ""36834176"", ""processing:software"": {""Biomass L1 Processor"": ""4.3.1""}, ""eopf:instrument_configuration_id"": 0, ""grid:code"": ""WRS-28-175"", ""processing:level"": ""L1A"", ""proj:code"": ""EPSG:4326"", ""sci:doi"": ""10.57780/bio-bef83b4"", ""created"": ""2026-03-02T09:41:16Z"", ""published"": ""2026-03-01T21:16:45.343Z"", ""version"": ""01"", ""sar:observation_direction"": ""left"", ""sar:polarizations"": [""HH"", ""HV"", ""VH"", ""VV""], ""auth:schemes"": {""s3"": {""type"": ""s3""}, ""oidc"": {""openIdConnectUrl"": ""https://iam.ascend.icsgate.eu/realms/esa-maap/.well-known/openid-configuration"", ""type"": ""openIdConnect""}}, ""sar:instrument_mode"": ""SM"", ""eofeos:orbit_drift_flag"": false, ""processing:datetime"": ""2026-03-02T09:41:16Z"", ""eofeos:mission_phase"": ""TOMOGRAPHIC"", ""updated"": ""2026-05-17T13:25:08Z"", ""sat:absolute_orbit"": 4496, ""product:acquisition_type"": ""nominal""}"
BIO_S1_SCS__1S_20260424T212053_20260424T212114_T_G01_M03_C01_T028_F175_02_DQF085,BIO_S1_SCS__1S_20260424T212053_20260424T212114_T_G01_M03_C01_T028_F175_02_DQF085,BiomassLevel1a,SCS,T028,F175,2026-04-24T21:20:53.881Z,2026-04-24T21:21:14.285Z,1,DESCENDING,"{""processing:facility"": ""Biomass CPF"", ""product:type"": ""S1_SCS__1S"", ""eofeos:global_coverage_id"": ""1"", ""sat:anx_datetime"": ""2026-04-24T20:25:51.443Z"", ""platform"": ""Biomass"", ""eofeos:major_cycle_id"": ""3"", ""datetime"": ""2026-04-24T21:20:53.881Z"", ""instruments"": [""P-SAR""], ""constellation"": ""Biomass"", ""storage:schemes"": {""biomass-pdgs-01"": {""bucket"": ""biomass-pdgs-01"", ""description"": ""This endpoint provides access to EO data which is stored on the object storage of the ESA MAAP. See the [documentation](https://portal.maap.eo.esa.int/dataaccess/) for more information, including how to get credentials."", ""type"": ""custom-s3"", ""title"": ""ESA MAAP S3"", ""region"": ""gra"", ""platform"": ""https://{bucket}.s3.{region}.io.cloud.ovh.net""}}, ""eopf:datatake_id"": ""43322236"", ""processing:software"": {""Biomass L1 Processor"": ""4.4.2""}, ""eopf:instrument_configuration_id"": 0, ""grid:code"": ""WRS-28-175"", ""processing:level"": ""L1A"", ""proj:code"": ""EPSG:4326"", ""sci:doi"": ""10.57780/bio-bef83b4"", ""created"": ""2026-04-25T11:07:17Z"", ""published"": ""2026-04-24T21:21:14.285Z"", ""version"": ""02"", ""sar:observation_direction"": ""left"", ""sar:polarizations"": [""HH"", ""HV"", ""VH"", ""VV""], ""auth:schemes"": {""s3"": {""type"": ""s3""}, ""oidc"": {""openIdConnectUrl"": ""https://iam.ascend.icsgate.eu/realms/esa-maap/.well-known/openid-configuration"", ""type"": ""openIdConnect""}}, ""sar:instrument_mode"": ""SM"", ""eofeos:orbit_drift_flag"": false, ""processing:datetime"": ""2026-04-25T11:07:17Z"", ""eofeos:mission_phase"": ""TOMOGRAPHIC"", ""updated"": ""2026-06-09T16:48:41Z"", ""sat:absolute_orbit"": 5288, ""product:acquisition_type"": ""nominal""}"
BIO_S1_SCS__1S_20251201T211154_20251201T211215_T_G01_M01_C04_T028_F176_01_DO288C,BIO_S1_SCS__1S_20251201T211154_20251201T211215_T_G01_M01_C04_T028_F176_01_DO288C,BiomassLevel1a,SCS,T028,F176,2025-12-01T21:11:54.990Z,2025-12-01T21:12:15.395Z,4,DESCENDING,"{""processing:facility"": ""Biomass CPF"", ""product:type"": ""S1_SCS__1S"", ""eofeos:global_coverage_id"": ""1"", ""sat:anx_datetime"": ""2025-12-01T20:16:33.475Z"", ""platform"": ""Biomass"", ""eofeos:major_cycle_id"": ""1"", ""datetime"": ""2025-12-01T21:11:54.990Z"", ""instruments"": [""P-SAR""], ""constellation"": ""Biomass"", ""storage:schemes"": {""biomass-pdgs-01"": {""bucket"": ""biomass-pdgs-01"", ""description"": ""This endpoint provides access to EO data which is stored on the object storage of the ESA MAAP. See the [documentation](https://portal.maap.eo.esa.int/dataaccess/) for more information, including how to get credentials."", ""type"": ""custom-s3"", ""title"": ""ESA MAAP S3"", ""region"": ""gra"", ""platform"": ""https://{bucket}.s3.{region}.io.cloud.ovh.net""}}, ""eopf:datatake_id"": ""26020750"", ""processing:software"": {""Biomass L1 Processor"": ""4.3.1""}, ""eopf:instrument_configuration_id"": 0, ""grid:code"": ""WRS-28-176"", ""processing:level"": ""L1A"", ""proj:code"": ""EPSG:4326"", ""sci:doi"": ""10.57780/bio-bef83b4"", ""created"": ""2026-03-10T16:24:12Z"", ""published"": ""2025-12-01T21:12:15.395Z"", ""version"": ""01"", ""sar:observation_direction"": ""left"", ""sar:polarizations"": [""HH"", ""HV"", ""VH"", ""VV""], ""auth:schemes"": {""s3"": {""type"": ""s3""}, ""oidc"": {""openIdConnectUrl"": ""https://iam.ascend.icsgate.eu/realms/esa-maap/.well-known/openid-configuration"", ""type"": ""openIdConnect""}}, ""sar:instrument_mode"": ""SM"", ""eofeos:orbit_drift_flag"": false, ""processing:datetime"": ""2026-03-10T16:24:12Z"", ""eofeos:mission_phase"": ""TOMOGRAPHIC"", ""updated"": ""2026-05-17T10:13:55Z"", ""sat:absolute_orbit"": 3176, ""product:acquisition_type"": ""nominal""}"
BIO_S1_SCS__1S_20260301T211643_20260301T211704_T_G01_M02_C07_T028_F176_01_DNMWKK,BIO_S1_SCS__1S_20260301T211643_20260301T211704_T_G01_M02_C07_T028_F176_01_DNMWKK,BiomassLevel1a,SCS,T028,F176,2026-03-01T21:16:43.958Z,2026-03-01T21:17:04.362Z,7,DESCENDING,"{""processing:facility"": ""Biomass CPF"", ""product:type"": ""S1_SCS__1S"", ""eofeos:global_coverage_id"": ""1"", ""sat:anx_datetime"": ""2026-03-01T20:21:22.493Z"", ""platform"": ""Biomass"", ""eofeos:major_cycle_id"": ""2"", ""datetime"": ""2026-03-01T21:16:43.958Z"", ""instruments"": [""P-SAR""], ""constellation"": ""Biomass"", ""storage:schemes"": {""biomass-pdgs-01"": {""bucket"": ""biomass-pdgs-01"", ""description"": ""This endpoint provides access to EO data which is stored on the object storage of the ESA MAAP. See the [documentation](https://portal.maap.eo.esa.int/dataaccess/) for more information, including how to get credentials."", ""type"": ""custom-s3"", ""title"": ""ESA MAAP S3"", ""region"": ""gra"", ""platform"": ""https://{bucket}.s3.{region}.io.cloud.ovh.net""}}, ""eopf:datatake_id"": ""36834176"", ""processing:software"": {""Biomass L1 Processor"": ""4.3.1""}, ""eopf:instrument_configuration_id"": 0, ""grid:code"": ""WRS-28-176"", ""processing:level"": ""L1A"", ""proj:code"": ""EPSG:4326"", ""sci:doi"": ""10.57780/bio-bef83b4"", ""created"": ""2026-03-02T09:48:20Z"", ""published"": ""2026-03-01T21:17:04.362Z"", ""version"": ""01"", ""sar:observation_direction"": ""left"", ""sar:polarizations"": [""HH"", ""HV"", ""VH"", ""VV""], ""auth:schemes"": {""s3"": {""type"": ""s3""}, ""oidc"": {""openIdConnectUrl"": ""https://iam.ascend.icsgate.eu/realms/esa-maap/.well-known/openid-configuration"", ""type"": ""openIdConnect""}}, ""sar:instrument_mode"": ""SM"", ""eofeos:orbit_drift_flag"": false, ""processing:datetime"": ""2026-03-02T09:48:20Z"", ""eofeos:mission_phase"": ""TOMOGRAPHIC"", ""updated"": ""2026-05-17T13:25:08Z"", ""sat:absolute_orbit"": 4496, ""product:acquisition_type"": ""nominal""}"
BIO_S1_SCS__1S_20260212T092000_20260212T092020_T_G01_M02_C01_T035_F290_01_DMQBL1,BIO_S1_SCS__1S_20260212T092000_20260212T092020_T_G01_M02_C01_T035_F290_01_DMQBL1,BiomassLevel1a,SCS,T035,F290,2026-02-12T09:20:00.434Z,2026-02-12T09:20:20.840Z,1,ASCENDING,"{""processing:facility"": ""Biomass CPF"", ""product:type"": ""S1_SCS__1S"", ""eofeos:global_coverage_id"": ""1"", ""sat:anx_datetime"": ""2026-02-12T07:48:28.452Z"", ""platform"": ""Biomass"", ""eofeos:major_cycle_id"": ""2"", ""datetime"": ""2026-02-12T09:20:00.434Z"", ""instruments"": [""P-SAR""], ""constellation"": ""Biomass"", ""storage:schemes"": {""biomass-pdgs-01"": {""bucket"": ""biomass-pdgs-01"", ""description"": ""This endpoint provides access to EO data which is stored on the object storage of the ESA MAAP. See the [documentation](https://portal.maap.eo.esa.int/dataaccess/) for more information, including how to get credentials."", ""type"": ""custom-s3"", ""title"": ""ESA MAAP S3"", ""region"": ""gra"", ""platform"": ""https://{bucket}.s3.{region}.io.cloud.ovh.net""}}, ""eopf:datatake_id"": ""34731316"", ""processing:software"": {""Biomass L1 Processor"": ""4.3.1""}, ""eopf:instrument_configuration_id"": 0, ""grid:code"": ""WRS-35-290"", ""processing:level"": ""L1A"", ""proj:code"": ""EPSG:4326"", ""sci:doi"": ""10.57780/bio-bef83b4"", ""created"": ""2026-02-12T19:31:49Z"", ""published"": ""2026-02-12T09:20:20.840Z"", ""version"": ""01"", ""sar:observation_direction"": ""left"", ""sar:polarizations"": [""HH"", ""HV"", ""VH"", ""VV""], ""auth:schemes"": {""s3"": {""type"": ""s3""}, ""oidc"": {""openIdConnectUrl"": ""https://iam.ascend.icsgate.eu/realms/esa-maap/.well-known/openid-configuration"", ""type"": ""openIdConnect""}}, ""sar:instrument_mode"": ""SM"", ""eofeos:orbit_drift_flag"": false, ""processing:datetime"": ""2026-02-12T19:31:49Z"", ""eofeos:mission_phase"": ""TOMOGRAPHIC"", ""updated"": ""2026-05-17T12:43:00Z"", ""sat:absolute_orbit"": 4239, ""product:acquisition_type"": ""nominal""}"
BIO_S1_SCS__1S_20260302T092011_20260302T092031_T_G01_M02_C07_T035_F290_01_DNNR7Z,BIO_S1_SCS__1S_20260302T092011_20260302T092031_T_G01_M02_C07_T035_F290_01_DNNR7Z,BiomassLevel1a,SCS,T035,F290,2026-03-02T09:20:11.118Z,2026-03-02T09:20:31.522Z,7,ASCENDING,"{""processing:facility"": ""Biomass CPF"", ""product:type"": ""S1_SCS__1S"", ""eofeos:global_coverage_id"": ""1"", ""sat:anx_datetime"": ""2026-03-02T07:48:39.108Z"", ""platform"": ""Biomass"", ""eofeos:major_cycle_id"": ""2"", ""datetime"": ""2026-03-02T09:20:11.118Z"", ""instruments"": [""P-SAR""], ""constellation"": ""Biomass"", ""storage:schemes"": {""biomass-pdgs-01"": {""bucket"": ""biomass-pdgs-01"", ""description"": ""This endpoint provides access to EO data which is stored on the object storage of the ESA MAAP. See the [documentation](https://portal.maap.eo.esa.int/dataaccess/) for more information, including how to get credentials."", ""type"": ""custom-s3"", ""title"": ""ESA MAAP S3"", ""region"": ""gra"", ""platform"": ""https://{bucket}.s3.{region}.io.cloud.ovh.net""}}, ""eopf:datatake_id"": ""36894003"", ""processing:software"": {""Biomass L1 Processor"": ""4.3.1""}, ""eopf:instrument_configuration_id"": 0, ""grid:code"": ""WRS-35-290"", ""processing:level"": ""L1A"", ""proj:code"": ""EPSG:4326"", ""sci:doi"": ""10.57780/bio-bef83b4"", ""created"": ""2026-03-02T20:50:23Z"", ""published"": ""2026-03-02T09:20:31.522Z"", ""version"": ""01"", ""sar:observation_direction"": ""left"", ""sar:polarizations"": [""HH"", ""HV"", ""VH"", ""VV""], ""auth:schemes"": {""s3"": {""type"": ""s3""}, ""oidc"": {""openIdConnectUrl"": ""https://iam.ascend.icsgate.eu/realms/esa-maap/.well-known/openid-configuration"", ""type"": ""openIdConnect""}}, ""sar:instrument_mode"": ""SM"", ""eofeos:orbit_drift_flag"": false, ""processing:datetime"": ""2026-03-02T20:50:23Z"", ""eofeos:mission_phase"": ""TOMOGRAPHIC"", ""updated"": ""2026-05-17T13:26:47Z"", ""sat:absolute_orbit"": 4503, ""product:acquisition_type"": ""nominal""}"
BIO_S1_SCS__1S_20260425T092440_20260425T092500_T_G01_M03_C01_T035_F290_02_DQFUD6,BIO_S1_SCS__1S_20260425T092440_20260425T092500_T_G01_M03_C01_T035_F290_02_DQFUD6,BiomassLevel1a,SCS,T035,F290,2026-04-25T09:24:40.230Z,2026-04-25T09:25:00.635Z,1,ASCENDING,"{""processing:facility"": ""Biomass CPF"", ""product:type"": ""S1_SCS__1S"", ""eofeos:global_coverage_id"": ""1"", ""sat:anx_datetime"": ""2026-04-25T07:53:08.247Z"", ""platform"": ""Biomass"", ""eofeos:major_cycle_id"": ""3"", ""datetime"": ""2026-04-25T09:24:40.230Z"", ""instruments"": [""P-SAR""], ""constellation"": ""Biomass"", ""storage:schemes"": {""biomass-pdgs-01"": {""bucket"": ""biomass-pdgs-01"", ""description"": ""This endpoint provides access to EO data which is stored on the object storage of the ESA MAAP. See the [documentation](https://portal.maap.eo.esa.int/dataaccess/) for more information, including how to get credentials."", ""type"": ""custom-s3"", ""title"": ""ESA MAAP S3"", ""region"": ""gra"", ""platform"": ""https://{bucket}.s3.{region}.io.cloud.ovh.net""}}, ""eopf:datatake_id"": ""43382048"", ""processing:software"": {""Biomass L1 Processor"": ""4.4.2""}, ""eopf:instrument_configuration_id"": 0, ""grid:code"": ""WRS-35-290"", ""processing:level"": ""L1A"", ""proj:code"": ""EPSG:4326"", ""sci:doi"": ""10.57780/bio-bef83b4"", ""created"": ""2026-04-25T21:58:18Z"", ""published"": ""2026-04-25T09:25:00.635Z"", ""version"": ""02"", ""sar:observation_direction"": ""left"", ""sar:polarizations"": [""HH"", ""HV"", ""VH"", ""VV""], ""auth:schemes"": {""s3"": {""type"": ""s3""}, ""oidc"": {""openIdConnectUrl"": ""https://iam.ascend.icsgate.eu/realms/esa-maap/.well-known/openid-configuration"", ""type"": ""openIdConnect""}}, ""sar:instrument_mode"": ""SM"", ""eofeos:orbit_drift_flag"": false, ""processing:datetime"": ""2026-04-25T21:58:18Z"", ""eofeos:mission_phase"": ""TOMOGRAPHIC"", ""updated"": ""2026-06-09T16:51:57Z"", ""sat:absolute_orbit"": 5295, ""product:acquisition_type"": ""nominal""}"
BIO_S1_SCS__1S_20260428T092442_20260428T092502_T_G01_M03_C02_T035_F290_02_DQLGSJ,BIO_S1_SCS__1S_20260428T092442_20260428T092502_T_G01_M03_C02_T035_F290_02_DQLGSJ,BiomassLevel1a,SCS,T035,F290,2026-04-28T09:24:42.134Z,2026-04-28T09:25:02.539Z,2,ASCENDING,"{""processing:facility"": ""Biomass CPF"", ""product:type"": ""S1_SCS__1S"", ""eofeos:global_coverage_id"": ""1"", ""sat:anx_datetime"": ""2026-04-28T07:53:10.153Z"", ""platform"": ""Biomass"", ""eofeos:major_cycle_id"": ""3"", ""datetime"": ""2026-04-28T09:24:42.134Z"", ""instruments"": [""P-SAR""], ""constellation"": ""Biomass"", ""storage:schemes"": {""biomass-pdgs-01"": {""bucket"": ""biomass-pdgs-01"", ""description"": ""This endpoint provides access to EO data which is stored on the object storage of the ESA MAAP. See the [documentation](https://portal.maap.eo.esa.int/dataaccess/) for more information, including how to get credentials."", ""type"": ""custom-s3"", ""title"": ""ESA MAAP S3"", ""region"": ""gra"", ""platform"": ""https://{bucket}.s3.{region}.io.cloud.ovh.net""}}, ""eopf:datatake_id"": ""43742496"", ""processing:software"": {""Biomass L1 Processor"": ""4.4.2""}, ""eopf:instrument_configuration_id"": 0, ""grid:code"": ""WRS-35-290"", ""processing:level"": ""L1A"", ""proj:code"": ""EPSG:4326"", ""sci:doi"": ""10.57780/bio-bef83b4"", ""created"": ""2026-04-28T22:50:43Z"", ""published"": ""2026-04-28T09:25:02.539Z"", ""version"": ""02"", ""sar:observation_direction"": ""left"", ""sar:polarizations"": [""HH"", ""HV"", ""VH"", ""VV""], ""auth:schemes"": {""s3"": {""type"": ""s3""}, ""oidc"": {""openIdConnectUrl"": ""https://iam.ascend.icsgate.eu/realms/esa-maap/.well-known/openid-configuration"", ""type"": ""openIdConnect""}}, ""sar:instrument_mode"": ""SM"", ""eofeos:orbit_drift_flag"": false, ""processing:datetime"": ""2026-04-28T22:50:43Z"", ""eofeos:mission_phase"": ""TOMOGRAPHIC"", ""updated"": ""2026-06-10T21:55:45Z"", ""sat:absolute_orbit"": 5339, ""product:acquisition_type"": ""nominal""}"
BIO_S1_SCS__1S_20260510T092449_20260510T092510_T_G01_M03_C06_T035_F290_02_DR80AJ,BIO_S1_SCS__1S_20260510T092449_20260510T092510_T_G01_M03_C06_T035_F290_02_DR80AJ,BiomassLevel1a,SCS,T035,F290,2026-05-10T09:24:49.909Z,2026-05-10T09:25:10.314Z,6,ASCENDING,"{""processing:facility"": ""Biomass CPF"", ""product:type"": ""S1_SCS__1S"", ""eofeos:global_coverage_id"": ""1"", ""sat:anx_datetime"": ""2026-05-10T07:53:17.926Z"", ""platform"": ""Biomass"", ""eofeos:major_cycle_id"": ""3"", ""datetime"": ""2026-05-10T09:24:49.909Z"", ""instruments"": [""P-SAR""], ""constellation"": ""Biomass"", ""storage:schemes"": {""biomass-pdgs-01"": {""bucket"": ""biomass-pdgs-01"", ""description"": ""This endpoint provides access to EO data which is stored on the object storage of the ESA MAAP. See the [documentation](https://portal.maap.eo.esa.int/dataaccess/) for more information, including how to get credentials."", ""type"": ""custom-s3"", ""title"": ""ESA MAAP S3"", ""region"": ""gra"", ""platform"": ""https://{bucket}.s3.{region}.io.cloud.ovh.net""}}, ""eopf:datatake_id"": ""45184281"", ""processing:software"": {""Biomass L1 Processor"": ""4.4.3""}, ""eopf:instrument_configuration_id"": 0, ""grid:code"": ""WRS-35-290"", ""processing:level"": ""L1A"", ""proj:code"": ""EPSG:4326"", ""sci:doi"": ""10.57780/bio-bef83b4"", ""created"": ""2026-05-11T02:59:07Z"", ""published"": ""2026-05-10T09:25:10.314Z"", ""version"": ""02"", ""sar:observation_direction"": ""left"", ""sar:polarizations"": [""HH"", ""HV"", ""VH"", ""VV""], ""auth:schemes"": {""s3"": {""type"": ""s3""}, ""oidc"": {""openIdConnectUrl"": ""https://iam.ascend.icsgate.eu/realms/esa-maap/.well-known/openid-configuration"", ""type"": ""openIdConnect""}}, ""sar:instrument_mode"": ""SM"", ""eofeos:orbit_drift_flag"": false, ""processing:datetime"": ""2026-05-11T02:59:07Z"", ""eofeos:mission_phase"": ""TOMOGRAPHIC"", ""updated"": ""2026-06-10T22:47:25Z"", ""sat:absolute_orbit"": 5515, ""product:acquisition_type"": ""nominal""}"
BIO_S1_SCS__1S_20260302T092030_20260302T092050_T_G01_M02_C07_T035_F291_01_DNNRAW,BIO_S1_SCS__1S_20260302T092030_20260302T092050_T_G01_M02_C07_T035_F291_01_DNNRAW,BiomassLevel1a,SCS,T035,F291,2026-03-02T09:20:30.138Z,2026-03-02T09:20:50.543Z,7,ASCENDING,"{""processing:facility"": ""Biomass CPF"", ""product:type"": ""S1_SCS__1S"", ""eofeos:global_coverage_id"": ""1"", ""sat:anx_datetime"": ""2026-03-02T07:48:39.108Z"", ""platform"": ""Biomass"", ""eofeos:major_cycle_id"": ""2"", ""datetime"": ""2026-03-02T09:20:30.138Z"", ""instruments"": [""P-SAR""], ""constellation"": ""Biomass"", ""storage:schemes"": {""biomass-pdgs-01"": {""bucket"": ""biomass-pdgs-01"", ""description"": ""This endpoint provides access to EO data which is stored on the object storage of the ESA MAAP. See the [documentation](https://portal.maap.eo.esa.int/dataaccess/) for more information, including how to get credentials."", ""type"": ""custom-s3"", ""title"": ""ESA MAAP S3"", ""region"": ""gra"", ""platform"": ""https://{bucket}.s3.{region}.io.cloud.ovh.net""}}, ""eopf:datatake_id"": ""36894003"", ""processing:software"": {""Biomass L1 Processor"": ""4.3.1""}, ""eopf:instrument_configuration_id"": 0, ""grid:code"": ""WRS-35-291"", ""processing:level"": ""L1A"", ""proj:code"": ""EPSG:4326"", ""sci:doi"": ""10.57780/bio-bef83b4"", ""created"": ""2026-03-02T20:52:08Z"", ""published"": ""2026-03-02T09:20:50.543Z"", ""version"": ""01"", ""sar:observation_direction"": ""left"", ""sar:polarizations"": [""HH"", ""HV"", ""VH"", ""VV""], ""auth:schemes"": {""s3"": {""type"": ""s3""}, ""oidc"": {""openIdConnectUrl"": ""https://iam.ascend.icsgate.eu/realms/esa-maap/.well-known/openid-configuration"", ""type"": ""openIdConnect""}}, ""sar:instrument_mode"": ""SM"", ""eofeos:orbit_drift_flag"": false, ""processing:datetime"": ""2026-03-02T20:52:08Z"", ""eofeos:mission_phase"": ""TOMOGRAPHIC"", ""updated"": ""2026-05-17T13:26:47Z"", ""sat:absolute_orbit"": 4503, ""product:acquisition_type"": ""nominal""}"
BIO_S1_SCS__1S_20260425T092459_20260425T092519_T_G01_M03_C01_T035_F291_02_DQFU7L,BIO_S1_SCS__1S_20260425T092459_20260425T092519_T_G01_M03_C01_T035_F291_02_DQFU7L,BiomassLevel1a,SCS,T035,F291,2026-04-25T09:24:59.251Z,2026-04-25T09:25:19.656Z,1,ASCENDING,"{""processing:facility"": ""Biomass CPF"", ""product:type"": ""S1_SCS__1S"", ""eofeos:global_coverage_id"": ""1"", ""sat:anx_datetime"": ""2026-04-25T07:53:08.247Z"", ""platform"": ""Biomass"", ""eofeos:major_cycle_id"": ""3"", ""datetime"": ""2026-04-25T09:24:59.251Z"", ""instruments"": [""P-SAR""], ""constellation"": ""Biomass"", ""storage:schemes"": {""biomass-pdgs-01"": {""bucket"": ""biomass-pdgs-01"", ""description"": ""This endpoint provides access to EO data which is stored on the object storage of the ESA MAAP. See the [documentation](https://portal.maap.eo.esa.int/dataaccess/) for more information, including how to get credentials."", ""type"": ""custom-s3"", ""title"": ""ESA MAAP S3"", ""region"": ""gra"", ""platform"": ""https://{bucket}.s3.{region}.io.cloud.ovh.net""}}, ""eopf:datatake_id"": ""43382048"", ""processing:software"": {""Biomass L1 Processor"": ""4.4.2""}, ""eopf:instrument_configuration_id"": 0, ""grid:code"": ""WRS-35-291"", ""processing:level"": ""L1A"", ""proj:code"": ""EPSG:4326"", ""sci:doi"": ""10.57780/bio-bef83b4"", ""created"": ""2026-04-25T21:54:57Z"", ""published"": ""2026-04-25T09:25:19.656Z"", ""version"": ""02"", ""sar:observation_direction"": ""left"", ""sar:polarizations"": [""HH"", ""HV"", ""VH"", ""VV""], ""auth:schemes"": {""s3"": {""type"": ""s3""}, ""oidc"": {""openIdConnectUrl"": ""https://iam.ascend.icsgate.eu/realms/esa-maap/.well-known/openid-configuration"", ""type"": ""openIdConnect""}}, ""sar:instrument_mode"": ""SM"", ""eofeos:orbit_drift_flag"": false, ""processing:datetime"": ""2026-04-25T21:54:57Z"", ""eofeos:mission_phase"": ""TOMOGRAPHIC"", ""updated"": ""2026-06-09T16:51:58Z"", ""sat:absolute_orbit"": 5295, ""product:acquisition_type"": ""nominal""}"
BIO_S1_SCS__1S_20260212T092038_20260212T092058_T_G01_M02_C01_T035_F292_01_DMQBRA,BIO_S1_SCS__1S_20260212T092038_20260212T092058_T_G01_M02_C01_T035_F292_01_DMQBRA,BiomassLevel1a,SCS,T035,F292,2026-02-12T09:20:38.477Z,2026-02-12T09:20:58.880Z,1,ASCENDING,"{""processing:facility"": ""Biomass CPF"", ""product:type"": ""S1_SCS__1S"", ""eofeos:global_coverage_id"": ""1"", ""sat:anx_datetime"": ""2026-02-12T07:48:28.452Z"", ""platform"": ""Biomass"", ""eofeos:major_cycle_id"": ""2"", ""datetime"": ""2026-02-12T09:20:38.477Z"", ""instruments"": [""P-SAR""], ""constellation"": ""Biomass"", ""storage:schemes"": {""biomass-pdgs-01"": {""bucket"": ""biomass-pdgs-01"", ""description"": ""This endpoint provides access to EO data which is stored on the object storage of the ESA MAAP. See the [documentation](https://portal.maap.eo.esa.int/dataaccess/) for more information, including how to get credentials."", ""type"": ""custom-s3"", ""title"": ""ESA MAAP S3"", ""region"": ""gra"", ""platform"": ""https://{bucket}.s3.{region}.io.cloud.ovh.net""}}, ""eopf:datatake_id"": ""34731316"", ""processing:software"": {""Biomass L1 Processor"": ""4.3.1""}, ""eopf:instrument_configuration_id"": 0, ""grid:code"": ""WRS-35-292"", ""processing:level"": ""L1A"", ""proj:code"": ""EPSG:4326"", ""sci:doi"": ""10.57780/bio-bef83b4"", ""created"": ""2026-02-12T19:35:34Z"", ""published"": ""2026-02-12T09:20:58.880Z"", ""version"": ""01"", ""sar:observation_direction"": ""left"", ""sar:polarizations"": [""HH"", ""HV"", ""VH"", ""VV""], ""auth:schemes"": {""s3"": {""type"": ""s3""}, ""oidc"": {""openIdConnectUrl"": ""https://iam.ascend.icsgate.eu/realms/esa-maap/.well-known/openid-configuration"", ""type"": ""openIdConnect""}}, ""sar:instrument_mode"": ""SM"", ""eofeos:orbit_drift_flag"": false, ""processing:datetime"": ""2026-02-12T19:35:34Z"", ""eofeos:mission_phase"": ""TOMOGRAPHIC"", ""updated"": ""2026-05-17T12:43:00Z"", ""sat:absolute_orbit"": 4239, ""product:acquisition_type"": ""nominal""}"
BIO_S1_SCS__1S_20260302T092049_20260302T092109_T_G01_M02_C07_T035_F292_01_DNNR8M,BIO_S1_SCS__1S_20260302T092049_20260302T092109_T_G01_M02_C07_T035_F292_01_DNNR8M,BiomassLevel1a,SCS,T035,F292,2026-03-02T09:20:49.157Z,2026-03-02T09:21:09.560Z,7,ASCENDING,"{""processing:facility"": ""Biomass CPF"", ""product:type"": ""S1_SCS__1S"", ""eofeos:global_coverage_id"": ""1"", ""sat:anx_datetime"": ""2026-03-02T07:48:39.108Z"", ""platform"": ""Biomass"", ""eofeos:major_cycle_id"": ""2"", ""datetime"": ""2026-03-02T09:20:49.157Z"", ""instruments"": [""P-SAR""], ""constellation"": ""Biomass"", ""storage:schemes"": {""biomass-pdgs-01"": {""bucket"": ""biomass-pdgs-01"", ""description"": ""This endpoint provides access to EO data which is stored on the object storage of the ESA MAAP. See the [documentation](https://portal.maap.eo.esa.int/dataaccess/) for more information, including how to get credentials."", ""type"": ""custom-s3"", ""title"": ""ESA MAAP S3"", ""region"": ""gra"", ""platform"": ""https://{bucket}.s3.{region}.io.cloud.ovh.net""}}, ""eopf:datatake_id"": ""36894003"", ""processing:software"": {""Biomass L1 Processor"": ""4.3.1""}, ""eopf:instrument_configuration_id"": 0, ""grid:code"": ""WRS-35-292"", ""processing:level"": ""L1A"", ""proj:code"": ""EPSG:4326"", ""sci:doi"": ""10.57780/bio-bef83b4"", ""created"": ""2026-03-02T20:50:46Z"", ""published"": ""2026-03-02T09:21:09.560Z"", ""version"": ""01"", ""sar:observation_direction"": ""left"", ""sar:polarizations"": [""HH"", ""HV"", ""VH"", ""VV""], ""auth:schemes"": {""s3"": {""type"": ""s3""}, ""oidc"": {""openIdConnectUrl"": ""https://iam.ascend.icsgate.eu/realms/esa-maap/.well-known/openid-configuration"", ""type"": ""openIdConnect""}}, ""sar:instrument_mode"": ""SM"", ""eofeos:orbit_drift_flag"": false, ""processing:datetime"": ""2026-03-02T20:50:46Z"", ""eofeos:mission_phase"": ""TOMOGRAPHIC"", ""updated"": ""2026-05-17T13:26:47Z"", ""sat:absolute_orbit"": 4503, ""product:acquisition_type"": ""nominal""}"
BIO_S1_SCS__1S_20260425T092518_20260425T092538_T_G01_M03_C01_T035_F292_02_DQFU1O,BIO_S1_SCS__1S_20260425T092518_20260425T092538_T_G01_M03_C01_T035_F292_02_DQFU1O,BiomassLevel1a,SCS,T035,F292,2026-04-25T09:25:18.270Z,2026-04-25T09:25:38.673Z,1,ASCENDING,"{""processing:facility"": ""Biomass CPF"", ""product:type"": ""S1_SCS__1S"", ""eofeos:global_coverage_id"": ""1"", ""sat:anx_datetime"": ""2026-04-25T07:53:08.247Z"", ""platform"": ""Biomass"", ""eofeos:major_cycle_id"": ""3"", ""datetime"": ""2026-04-25T09:25:18.270Z"", ""instruments"": [""P-SAR""], ""constellation"": ""Biomass"", ""storage:schemes"": {""biomass-pdgs-01"": {""bucket"": ""biomass-pdgs-01"", ""description"": ""This endpoint provides access to EO data which is stored on the object storage of the ESA MAAP. See the [documentation](https://portal.maap.eo.esa.int/dataaccess/) for more information, including how to get credentials."", ""type"": ""custom-s3"", ""title"": ""ESA MAAP S3"", ""region"": ""gra"", ""platform"": ""https://{bucket}.s3.{region}.io.cloud.ovh.net""}}, ""eopf:datatake_id"": ""43382048"", ""processing:software"": {""Biomass L1 Processor"": ""4.4.2""}, ""eopf:instrument_configuration_id"": 0, ""grid:code"": ""WRS-35-292"", ""processing:level"": ""L1A"", ""proj:code"": ""EPSG:4326"", ""sci:doi"": ""10.57780/bio-bef83b4"", ""created"": ""2026-04-25T21:51:24Z"", ""published"": ""2026-04-25T09:25:38.673Z"", ""version"": ""02"", ""sar:observation_direction"": ""left"", ""sar:polarizations"": [""HH"", ""HV"", ""VH"", ""VV""], ""auth:schemes"": {""s3"": {""type"": ""s3""}, ""oidc"": {""openIdConnectUrl"": ""https://iam.ascend.icsgate.eu/realms/esa-maap/.well-known/openid-configuration"", ""type"": ""openIdConnect""}}, ""sar:instrument_mode"": ""SM"", ""eofeos:orbit_drift_flag"": false, ""processing:datetime"": ""2026-04-25T21:51:24Z"", ""eofeos:mission_phase"": ""TOMOGRAPHIC"", ""updated"": ""2026-06-09T16:51:57Z"", ""sat:absolute_orbit"": 5295, ""product:acquisition_type"": ""nominal""}"
BIO_S1_SCS__1S_20251202T091619_20251202T091639_T_G01_M01_C04_T035_F293_01_DO2Y7D,BIO_S1_SCS__1S_20251202T091619_20251202T091639_T_G01_M01_C04_T035_F293_01_DO2Y7D,BiomassLevel1a,SCS,T035,F293,2025-12-02T09:16:19.135Z,2025-12-02T09:16:39.537Z,4,ASCENDING,"{""processing:facility"": ""Biomass CPF"", ""product:type"": ""S1_SCS__1S"", ""eofeos:global_coverage_id"": ""1"", ""sat:anx_datetime"": ""2025-12-02T07:43:50.062Z"", ""platform"": ""Biomass"", ""eofeos:major_cycle_id"": ""1"", ""datetime"": ""2025-12-02T09:16:19.135Z"", ""instruments"": [""P-SAR""], ""constellation"": ""Biomass"", ""storage:schemes"": {""biomass-pdgs-01"": {""bucket"": ""biomass-pdgs-01"", ""description"": ""This endpoint provides access to EO data which is stored on the object storage of the ESA MAAP. See the [documentation](https://portal.maap.eo.esa.int/dataaccess/) for more information, including how to get credentials."", ""type"": ""custom-s3"", ""title"": ""ESA MAAP S3"", ""region"": ""gra"", ""platform"": ""https://{bucket}.s3.{region}.io.cloud.ovh.net""}}, ""eopf:datatake_id"": ""26080612"", ""processing:software"": {""Biomass L1 Processor"": ""4.3.1""}, ""eopf:instrument_configuration_id"": 0, ""grid:code"": ""WRS-35-293"", ""processing:level"": ""L1A"", ""proj:code"": ""EPSG:4326"", ""sci:doi"": ""10.57780/bio-bef83b4"", ""created"": ""2026-03-11T01:45:13Z"", ""published"": ""2025-12-02T09:16:39.537Z"", ""version"": ""01"", ""sar:observation_direction"": ""left"", ""sar:polarizations"": [""HH"", ""HV"", ""VH"", ""VV""], ""auth:schemes"": {""s3"": {""type"": ""s3""}, ""oidc"": {""openIdConnectUrl"": ""https://iam.ascend.icsgate.eu/realms/esa-maap/.well-known/openid-configuration"", ""type"": ""openIdConnect""}}, ""sar:instrument_mode"": ""SM"", ""eofeos:orbit_drift_flag"": false, ""processing:datetime"": ""2026-03-11T01:45:13Z"", ""eofeos:mission_phase"": ""TOMOGRAPHIC"", ""updated"": ""2026-05-17T10:16:49Z"", ""sat:absolute_orbit"": 3183, ""product:acquisition_type"": ""nominal""}"
BIO_S1_SCS__1S_20260212T092057_20260212T092117_T_G01_M02_C01_T035_F293_01_DMQC3D,BIO_S1_SCS__1S_20260212T092057_20260212T092117_T_G01_M02_C01_T035_F293_01_DMQC3D,BiomassLevel1a,SCS,T035,F293,2026-02-12T09:20:57.494Z,2026-02-12T09:21:17.896Z,1,ASCENDING,"{""processing:facility"": ""Biomass CPF"", ""product:type"": ""S1_SCS__1S"", ""eofeos:global_coverage_id"": ""1"", ""sat:anx_datetime"": ""2026-02-12T07:48:28.452Z"", ""platform"": ""Biomass"", ""eofeos:major_cycle_id"": ""2"", ""datetime"": ""2026-02-12T09:20:57.494Z"", ""instruments"": [""P-SAR""], ""constellation"": ""Biomass"", ""storage:schemes"": {""biomass-pdgs-01"": {""bucket"": ""biomass-pdgs-01"", ""description"": ""This endpoint provides access to EO data which is stored on the object storage of the ESA MAAP. See the [documentation](https://portal.maap.eo.esa.int/dataaccess/) for more information, including how to get credentials."", ""type"": ""custom-s3"", ""title"": ""ESA MAAP S3"", ""region"": ""gra"", ""platform"": ""https://{bucket}.s3.{region}.io.cloud.ovh.net""}}, ""eopf:datatake_id"": ""34731316"", ""processing:software"": {""Biomass L1 Processor"": ""4.3.1""}, ""eopf:instrument_configuration_id"": 0, ""grid:code"": ""WRS-35-293"", ""processing:level"": ""L1A"", ""proj:code"": ""EPSG:4326"", ""sci:doi"": ""10.57780/bio-bef83b4"", ""created"": ""2026-02-12T19:42:49Z"", ""published"": ""2026-02-12T09:21:17.896Z"", ""version"": ""01"", ""sar:observation_direction"": ""left"", ""sar:polarizations"": [""HH"", ""HV"", ""VH"", ""VV""], ""auth:schemes"": {""s3"": {""type"": ""s3""}, ""oidc"": {""openIdConnectUrl"": ""https://iam.ascend.icsgate.eu/realms/esa-maap/.well-known/openid-configuration"", ""type"": ""openIdConnect""}}, ""sar:instrument_mode"": ""SM"", ""eofeos:orbit_drift_flag"": false, ""processing:datetime"": ""2026-02-12T19:42:49Z"", ""eofeos:mission_phase"": ""TOMOGRAPHIC"", ""updated"": ""2026-05-17T12:43:00Z"", ""sat:absolute_orbit"": 4239, ""product:acquisition_type"": ""nominal""}"
BIO_S1_SCS__1S_20260302T092108_20260302T092128_T_G01_M02_C07_T035_F293_01_DNNRFV,BIO_S1_SCS__1S_20260302T092108_20260302T092128_T_G01_M02_C07_T035_F293_01_DNNRFV,BiomassLevel1a,SCS,T035,F293,2026-03-02T09:21:08.175Z,2026-03-02T09:21:28.577Z,7,ASCENDING,"{""processing:facility"": ""Biomass CPF"", ""product:type"": ""S1_SCS__1S"", ""eofeos:global_coverage_id"": ""1"", ""sat:anx_datetime"": ""2026-03-02T07:48:39.108Z"", ""platform"": ""Biomass"", ""eofeos:major_cycle_id"": ""2"", ""datetime"": ""2026-03-02T09:21:08.175Z"", ""instruments"": [""P-SAR""], ""constellation"": ""Biomass"", ""storage:schemes"": {""biomass-pdgs-01"": {""bucket"": ""biomass-pdgs-01"", ""description"": ""This endpoint provides access to EO data which is stored on the object storage of the ESA MAAP. See the [documentation](https://portal.maap.eo.esa.int/dataaccess/) for more information, including how to get credentials."", ""type"": ""custom-s3"", ""title"": ""ESA MAAP S3"", ""region"": ""gra"", ""platform"": ""https://{bucket}.s3.{region}.io.cloud.ovh.net""}}, ""eopf:datatake_id"": ""36894003"", ""processing:software"": {""Biomass L1 Processor"": ""4.3.1""}, ""eopf:instrument_configuration_id"": 0, ""grid:code"": ""WRS-35-293"", ""processing:level"": ""L1A"", ""proj:code"": ""EPSG:4326"", ""sci:doi"": ""10.57780/bio-bef83b4"", ""created"": ""2026-03-02T20:55:07Z"", ""published"": ""2026-03-02T09:21:28.577Z"", ""version"": ""01"", ""sar:observation_direction"": ""left"", ""sar:polarizations"": [""HH"", ""HV"", ""VH"", ""VV""], ""auth:schemes"": {""s3"": {""type"": ""s3""}, ""oidc"": {""openIdConnectUrl"": ""https://iam.ascend.icsgate.eu/realms/esa-maap/.well-known/openid-configuration"", ""type"": ""openIdConnect""}}, ""sar:instrument_mode"": ""SM"", ""eofeos:orbit_drift_flag"": false, ""processing:datetime"": ""2026-03-02T20:55:07Z"", ""eofeos:mission_phase"": ""TOMOGRAPHIC"", ""updated"": ""2026-05-17T13:26:48Z"", ""sat:absolute_orbit"": 4503, ""product:acquisition_type"": ""nominal""}"
BIO_S1_SCS__1S_20260425T092537_20260425T092557_T_G01_M03_C01_T035_F293_02_DQFU6B,BIO_S1_SCS__1S_20260425T092537_20260425T092557_T_G01_M03_C01_T035_F293_02_DQFU6B,BiomassLevel1a,SCS,T035,F293,2026-04-25T09:25:37.289Z,2026-04-25T09:25:57.692Z,1,ASCENDING,"{""processing:facility"": ""Biomass CPF"", ""product:type"": ""S1_SCS__1S"", ""eofeos:global_coverage_id"": ""1"", ""sat:anx_datetime"": ""2026-04-25T07:53:08.247Z"", ""platform"": ""Biomass"", ""eofeos:major_cycle_id"": ""3"", ""datetime"": ""2026-04-25T09:25:37.289Z"", ""instruments"": [""P-SAR""], ""constellation"": ""Biomass"", ""storage:schemes"": {""biomass-pdgs-01"": {""bucket"": ""biomass-pdgs-01"", ""description"": ""This endpoint provides access to EO data which is stored on the object storage of the ESA MAAP. See the [documentation](https://portal.maap.eo.esa.int/dataaccess/) for more information, including how to get credentials."", ""type"": ""custom-s3"", ""title"": ""ESA MAAP S3"", ""region"": ""gra"", ""platform"": ""https://{bucket}.s3.{region}.io.cloud.ovh.net""}}, ""eopf:datatake_id"": ""43382048"", ""processing:software"": {""Biomass L1 Processor"": ""4.4.2""}, ""eopf:instrument_configuration_id"": 0, ""grid:code"": ""WRS-35-293"", ""processing:level"": ""L1A"", ""proj:code"": ""EPSG:4326"", ""sci:doi"": ""10.57780/bio-bef83b4"", ""created"": ""2026-04-25T21:54:11Z"", ""published"": ""2026-04-25T09:25:57.692Z"", ""version"": ""02"", ""sar:observation_direction"": ""left"", ""sar:polarizations"": [""HH"", ""HV"", ""VH"", ""VV""], ""auth:schemes"": {""s3"": {""type"": ""s3""}, ""oidc"": {""openIdConnectUrl"": ""https://iam.ascend.icsgate.eu/realms/esa-maap/.well-known/openid-configuration"", ""type"": ""openIdConnect""}}, ""sar:instrument_mode"": ""SM"", ""eofeos:orbit_drift_flag"": false, ""processing:datetime"": ""2026-04-25T21:54:11Z"", ""eofeos:mission_phase"": ""TOMOGRAPHIC"", ""updated"": ""2026-06-09T16:51:57Z"", ""sat:absolute_orbit"": 5295, ""product:acquisition_type"": ""nominal""}"
BIO_S1_SCS__1S_20260501T092541_20260501T092601_T_G01_M03_C03_T035_F293_02_DQR06B,BIO_S1_SCS__1S_20260501T092541_20260501T092601_T_G01_M03_C03_T035_F293_02_DQR06B,BiomassLevel1a,SCS,T035,F293,2026-05-01T09:25:41.136Z,2026-05-01T09:26:01.538Z,3,ASCENDING,"{""processing:facility"": ""Biomass CPF"", ""product:type"": ""S1_SCS__1S"", ""eofeos:global_coverage_id"": ""1"", ""sat:anx_datetime"": ""2026-05-01T07:53:12.095Z"", ""platform"": ""Biomass"", ""eofeos:major_cycle_id"": ""3"", ""datetime"": ""2026-05-01T09:25:41.136Z"", ""instruments"": [""P-SAR""], ""constellation"": ""Biomass"", ""storage:schemes"": {""biomass-pdgs-01"": {""bucket"": ""biomass-pdgs-01"", ""description"": ""This endpoint provides access to EO data which is stored on the object storage of the ESA MAAP. See the [documentation](https://portal.maap.eo.esa.int/dataaccess/) for more information, including how to get credentials."", ""type"": ""custom-s3"", ""title"": ""ESA MAAP S3"", ""region"": ""gra"", ""platform"": ""https://{bucket}.s3.{region}.io.cloud.ovh.net""}}, ""eopf:datatake_id"": ""44102944"", ""processing:software"": {""Biomass L1 Processor"": ""4.4.2""}, ""eopf:instrument_configuration_id"": 0, ""grid:code"": ""WRS-35-293"", ""processing:level"": ""L1A"", ""proj:code"": ""EPSG:4326"", ""sci:doi"": ""10.57780/bio-bef83b4"", ""created"": ""2026-05-01T22:37:23Z"", ""published"": ""2026-05-01T09:26:01.538Z"", ""version"": ""02"", ""sar:observation_direction"": ""left"", ""sar:polarizations"": [""HH"", ""HV"", ""VH"", ""VV""], ""auth:schemes"": {""s3"": {""type"": ""s3""}, ""oidc"": {""openIdConnectUrl"": ""https://iam.ascend.icsgate.eu/realms/esa-maap/.well-known/openid-configuration"", ""type"": ""openIdConnect""}}, ""sar:instrument_mode"": ""SM"", ""eofeos:orbit_drift_flag"": false, ""processing:datetime"": ""2026-05-01T22:37:23Z"", ""eofeos:mission_phase"": ""TOMOGRAPHIC"", ""updated"": ""2026-06-10T22:15:49Z"", ""sat:absolute_orbit"": 5383, ""product:acquisition_type"": ""nominal""}"
BIO_S1_SCS__1S_20260510T092546_20260510T092607_T_G01_M03_C06_T035_F293_02_DR80OK,BIO_S1_SCS__1S_20260510T092546_20260510T092607_T_G01_M03_C06_T035_F293_02_DR80OK,BiomassLevel1a,SCS,T035,F293,2026-05-10T09:25:46.967Z,2026-05-10T09:26:07.370Z,6,ASCENDING,"{""processing:facility"": ""Biomass CPF"", ""product:type"": ""S1_SCS__1S"", ""eofeos:global_coverage_id"": ""1"", ""sat:anx_datetime"": ""2026-05-10T07:53:17.926Z"", ""platform"": ""Biomass"", ""eofeos:major_cycle_id"": ""3"", ""datetime"": ""2026-05-10T09:25:46.967Z"", ""instruments"": [""P-SAR""], ""constellation"": ""Biomass"", ""storage:schemes"": {""biomass-pdgs-01"": {""bucket"": ""biomass-pdgs-01"", ""description"": ""This endpoint provides access to EO data which is stored on the object storage of the ESA MAAP. See the [documentation](https://portal.maap.eo.esa.int/dataaccess/) for more information, including how to get credentials."", ""type"": ""custom-s3"", ""title"": ""ESA MAAP S3"", ""region"": ""gra"", ""platform"": ""https://{bucket}.s3.{region}.io.cloud.ovh.net""}}, ""eopf:datatake_id"": ""45184281"", ""processing:software"": {""Biomass L1 Processor"": ""4.4.3""}, ""eopf:instrument_configuration_id"": 0, ""grid:code"": ""WRS-35-293"", ""processing:level"": ""L1A"", ""proj:code"": ""EPSG:4326"", ""sci:doi"": ""10.57780/bio-bef83b4"", ""created"": ""2026-05-11T03:07:32Z"", ""published"": ""2026-05-10T09:26:07.370Z"", ""version"": ""02"", ""sar:observation_direction"": ""left"", ""sar:polarizations"": [""HH"", ""HV"", ""VH"", ""VV""], ""auth:schemes"": {""s3"": {""type"": ""s3""}, ""oidc"": {""openIdConnectUrl"": ""https://iam.ascend.icsgate.eu/realms/esa-maap/.well-known/openid-configuration"", ""type"": ""openIdConnect""}}, ""sar:instrument_mode"": ""SM"", ""eofeos:orbit_drift_flag"": false, ""processing:datetime"": ""2026-05-11T03:07:32Z"", ""eofeos:mission_phase"": ""TOMOGRAPHIC"", ""updated"": ""2026-06-10T22:47:26Z"", ""sat:absolute_orbit"": 5515, ""product:acquisition_type"": ""nominal""}"
BIO_S1_SCS__1S_20260302T092127_20260302T092147_T_G01_M02_C07_T035_F294_01_DNNRH8,BIO_S1_SCS__1S_20260302T092127_20260302T092147_T_G01_M02_C07_T035_F294_01_DNNRH8,BiomassLevel1a,SCS,T035,F294,2026-03-02T09:21:27.193Z,2026-03-02T09:21:47.594Z,7,ASCENDING,"{""processing:facility"": ""Biomass CPF"", ""product:type"": ""S1_SCS__1S"", ""eofeos:global_coverage_id"": ""1"", ""sat:anx_datetime"": ""2026-03-02T07:48:39.108Z"", ""platform"": ""Biomass"", ""eofeos:major_cycle_id"": ""2"", ""datetime"": ""2026-03-02T09:21:27.193Z"", ""instruments"": [""P-SAR""], ""constellation"": ""Biomass"", ""storage:schemes"": {""biomass-pdgs-01"": {""bucket"": ""biomass-pdgs-01"", ""description"": ""This endpoint provides access to EO data which is stored on the object storage of the ESA MAAP. See the [documentation](https://portal.maap.eo.esa.int/dataaccess/) for more information, including how to get credentials."", ""type"": ""custom-s3"", ""title"": ""ESA MAAP S3"", ""region"": ""gra"", ""platform"": ""https://{bucket}.s3.{region}.io.cloud.ovh.net""}}, ""eopf:datatake_id"": ""36894003"", ""processing:software"": {""Biomass L1 Processor"": ""4.3.1""}, ""eopf:instrument_configuration_id"": 0, ""grid:code"": ""WRS-35-294"", ""processing:level"": ""L1A"", ""proj:code"": ""EPSG:4326"", ""sci:doi"": ""10.57780/bio-bef83b4"", ""created"": ""2026-03-02T20:55:56Z"", ""published"": ""2026-03-02T09:21:47.594Z"", ""version"": ""01"", ""sar:observation_direction"": ""left"", ""sar:polarizations"": [""HH"", ""HV"", ""VH"", ""VV""], ""auth:schemes"": {""s3"": {""type"": ""s3""}, ""oidc"": {""openIdConnectUrl"": ""https://iam.ascend.icsgate.eu/realms/esa-maap/.well-known/openid-configuration"", ""type"": ""openIdConnect""}}, ""sar:instrument_mode"": ""SM"", ""eofeos:orbit_drift_flag"": false, ""processing:datetime"": ""2026-03-02T20:55:56Z"", ""eofeos:mission_phase"": ""TOMOGRAPHIC"", ""updated"": ""2026-05-17T13:26:48Z"", ""sat:absolute_orbit"": 4503, ""product:acquisition_type"": ""nominal""}"
BIO_S1_SCS__1S_20260425T092556_20260425T092616_T_G01_M03_C01_T035_F294_02_DQFU0M,BIO_S1_SCS__1S_20260425T092556_20260425T092616_T_G01_M03_C01_T035_F294_02_DQFU0M,BiomassLevel1a,SCS,T035,F294,2026-04-25T09:25:56.305Z,2026-04-25T09:26:16.707Z,1,ASCENDING,"{""processing:facility"": ""Biomass CPF"", ""product:type"": ""S1_SCS__1S"", ""eofeos:global_coverage_id"": ""1"", ""sat:anx_datetime"": ""2026-04-25T07:53:08.247Z"", ""platform"": ""Biomass"", ""eofeos:major_cycle_id"": ""3"", ""datetime"": ""2026-04-25T09:25:56.305Z"", ""instruments"": [""P-SAR""], ""constellation"": ""Biomass"", ""storage:schemes"": {""biomass-pdgs-01"": {""bucket"": ""biomass-pdgs-01"", ""description"": ""This endpoint provides access to EO data which is stored on the object storage of the ESA MAAP. See the [documentation](https://portal.maap.eo.esa.int/dataaccess/) for more information, including how to get credentials."", ""type"": ""custom-s3"", ""title"": ""ESA MAAP S3"", ""region"": ""gra"", ""platform"": ""https://{bucket}.s3.{region}.io.cloud.ovh.net""}}, ""eopf:datatake_id"": ""43382048"", ""processing:software"": {""Biomass L1 Processor"": ""4.4.2""}, ""eopf:instrument_configuration_id"": 0, ""grid:code"": ""WRS-35-294"", ""processing:level"": ""L1A"", ""proj:code"": ""EPSG:4326"", ""sci:doi"": ""10.57780/bio-bef83b4"", ""created"": ""2026-04-25T21:50:46Z"", ""published"": ""2026-04-25T09:26:16.707Z"", ""version"": ""02"", ""sar:observation_direction"": ""left"", ""sar:polarizations"": [""HH"", ""HV"", ""VH"", ""VV""], ""auth:schemes"": {""s3"": {""type"": ""s3""}, ""oidc"": {""openIdConnectUrl"": ""https://iam.ascend.icsgate.eu/realms/esa-maap/.well-known/openid-configuration"", ""type"": ""openIdConnect""}}, ""sar:instrument_mode"": ""SM"", ""eofeos:orbit_drift_flag"": false, ""processing:datetime"": ""2026-04-25T21:50:46Z"", ""eofeos:mission_phase"": ""TOMOGRAPHIC"", ""updated"": ""2026-06-09T16:51:57Z"", ""sat:absolute_orbit"": 5295, ""product:acquisition_type"": ""nominal""}"
BIO_S1_SCS__1S_20260428T092558_20260428T092618_T_G01_M03_C02_T035_F294_02_DQLGW6,BIO_S1_SCS__1S_20260428T092558_20260428T092618_T_G01_M03_C02_T035_F294_02_DQLGW6,BiomassLevel1a,SCS,T035,F294,2026-04-28T09:25:58.211Z,2026-04-28T09:26:18.612Z,2,ASCENDING,"{""processing:facility"": ""Biomass CPF"", ""product:type"": ""S1_SCS__1S"", ""eofeos:global_coverage_id"": ""1"", ""sat:anx_datetime"": ""2026-04-28T07:53:10.153Z"", ""platform"": ""Biomass"", ""eofeos:major_cycle_id"": ""3"", ""datetime"": ""2026-04-28T09:25:58.211Z"", ""instruments"": [""P-SAR""], ""constellation"": ""Biomass"", ""storage:schemes"": {""biomass-pdgs-01"": {""bucket"": ""biomass-pdgs-01"", ""description"": ""This endpoint provides access to EO data which is stored on the object storage of the ESA MAAP. See the [documentation](https://portal.maap.eo.esa.int/dataaccess/) for more information, including how to get credentials."", ""type"": ""custom-s3"", ""title"": ""ESA MAAP S3"", ""region"": ""gra"", ""platform"": ""https://{bucket}.s3.{region}.io.cloud.ovh.net""}}, ""eopf:datatake_id"": ""43742496"", ""processing:software"": {""Biomass L1 Processor"": ""4.4.2""}, ""eopf:instrument_configuration_id"": 0, ""grid:code"": ""WRS-35-294"", ""processing:level"": ""L1A"", ""proj:code"": ""EPSG:4326"", ""sci:doi"": ""10.57780/bio-bef83b4"", ""created"": ""2026-04-28T22:52:54Z"", ""published"": ""2026-04-28T09:26:18.612Z"", ""version"": ""02"", ""sar:observation_direction"": ""left"", ""sar:polarizations"": [""HH"", ""HV"", ""VH"", ""VV""], ""auth:schemes"": {""s3"": {""type"": ""s3""}, ""oidc"": {""openIdConnectUrl"": ""https://iam.ascend.icsgate.eu/realms/esa-maap/.well-known/openid-configuration"", ""type"": ""openIdConnect""}}, ""sar:instrument_mode"": ""SM"", ""eofeos:orbit_drift_flag"": false, ""processing:datetime"": ""2026-04-28T22:52:54Z"", ""eofeos:mission_phase"": ""TOMOGRAPHIC"", ""updated"": ""2026-06-10T21:55:45Z"", ""sat:absolute_orbit"": 5339, ""product:acquisition_type"": ""nominal""}"
BIO_S1_SCS__1S_20251202T091656_20251202T091717_T_G01_M01_C04_T035_F295_01_DKR1WR,BIO_S1_SCS__1S_20251202T091656_20251202T091717_T_G01_M01_C04_T035_F295_01_DKR1WR,BiomassLevel1a,SCS,T035,F295,2025-12-02T09:16:56.971Z,2025-12-02T09:17:17.763Z,4,ASCENDING,"{""processing:facility"": ""Biomass CPF"", ""product:type"": ""S1_SCS__1S"", ""eofeos:global_coverage_id"": ""1"", ""sat:anx_datetime"": ""2025-12-02T07:43:50.062Z"", ""platform"": ""Biomass"", ""eofeos:major_cycle_id"": ""1"", ""datetime"": ""2025-12-02T09:16:56.971Z"", ""instruments"": [""P-SAR""], ""constellation"": ""Biomass"", ""storage:schemes"": {""biomass-pdgs-01"": {""bucket"": ""biomass-pdgs-01"", ""description"": ""This endpoint provides access to EO data which is stored on the object storage of the ESA MAAP. See the [documentation](https://portal.maap.eo.esa.int/dataaccess/) for more information, including how to get credentials."", ""type"": ""custom-s3"", ""title"": ""ESA MAAP S3"", ""region"": ""gra"", ""platform"": ""https://{bucket}.s3.{region}.io.cloud.ovh.net""}}, ""eopf:datatake_id"": ""26080612"", ""processing:software"": {""Biomass L1 Processor"": ""4.2.2""}, ""eopf:instrument_configuration_id"": 0, ""grid:code"": ""WRS-35-295"", ""processing:level"": ""L1A"", ""proj:code"": ""EPSG:4326"", ""sci:doi"": ""10.57780/bio-bef83b4"", ""created"": ""2026-01-05T07:53:15Z"", ""published"": ""2025-12-02T09:17:17.763Z"", ""version"": ""01"", ""sar:observation_direction"": ""left"", ""sar:polarizations"": [""HH"", ""HV"", ""VH"", ""VV""], ""auth:schemes"": {""s3"": {""type"": ""s3""}, ""oidc"": {""openIdConnectUrl"": ""https://iam.ascend.icsgate.eu/realms/esa-maap/.well-known/openid-configuration"", ""type"": ""openIdConnect""}}, ""sar:instrument_mode"": ""SM"", ""eofeos:orbit_drift_flag"": false, ""processing:datetime"": ""2026-01-05T07:53:15Z"", ""eofeos:mission_phase"": ""TOMOGRAPHIC"", ""updated"": ""2026-05-17T10:16:50Z"", ""sat:absolute_orbit"": 3183, ""product:acquisition_type"": ""nominal""}"
BIO_S1_SCS__1S_20251202T091657_20251202T091717_T_G01_M01_C04_T035_F295_01_DO2Y7X,BIO_S1_SCS__1S_20251202T091657_20251202T091717_T_G01_M01_C04_T035_F295_01_DO2Y7X,BiomassLevel1a,SCS,T035,F295,2025-12-02T09:16:57.167Z,2025-12-02T09:17:17.567Z,4,ASCENDING,"{""processing:facility"": ""Biomass CPF"", ""product:type"": ""S1_SCS__1S"", ""eofeos:global_coverage_id"": ""1"", ""sat:anx_datetime"": ""2025-12-02T07:43:50.062Z"", ""platform"": ""Biomass"", ""eofeos:major_cycle_id"": ""1"", ""datetime"": ""2025-12-02T09:16:57.167Z"", ""instruments"": [""P-SAR""], ""constellation"": ""Biomass"", ""storage:schemes"": {""biomass-pdgs-01"": {""bucket"": ""biomass-pdgs-01"", ""description"": ""This endpoint provides access to EO data which is stored on the object storage of the ESA MAAP. See the [documentation](https://portal.maap.eo.esa.int/dataaccess/) for more information, including how to get credentials."", ""type"": ""custom-s3"", ""title"": ""ESA MAAP S3"", ""region"": ""gra"", ""platform"": ""https://{bucket}.s3.{region}.io.cloud.ovh.net""}}, ""eopf:datatake_id"": ""26080612"", ""processing:software"": {""Biomass L1 Processor"": ""4.3.1""}, ""eopf:instrument_configuration_id"": 0, ""grid:code"": ""WRS-35-295"", ""processing:level"": ""L1A"", ""proj:code"": ""EPSG:4326"", ""sci:doi"": ""10.57780/bio-bef83b4"", ""created"": ""2026-03-11T01:45:33Z"", ""published"": ""2025-12-02T09:17:17.567Z"", ""version"": ""01"", ""sar:observation_direction"": ""left"", ""sar:polarizations"": [""HH"", ""HV"", ""VH"", ""VV""], ""auth:schemes"": {""s3"": {""type"": ""s3""}, ""oidc"": {""openIdConnectUrl"": ""https://iam.ascend.icsgate.eu/realms/esa-maap/.well-known/openid-configuration"", ""type"": ""openIdConnect""}}, ""sar:instrument_mode"": ""SM"", ""eofeos:orbit_drift_flag"": false, ""processing:datetime"": ""2026-03-11T01:45:33Z"", ""eofeos:mission_phase"": ""TOMOGRAPHIC"", ""updated"": ""2026-05-17T10:16:50Z"", ""sat:absolute_orbit"": 3183, ""product:acquisition_type"": ""nominal""}"
BIO_S1_SCS__1S_20260302T092146_20260302T092206_T_G01_M02_C07_T035_F295_01_DNNRH6,BIO_S1_SCS__1S_20260302T092146_20260302T092206_T_G01_M02_C07_T035_F295_01_DNNRH6,BiomassLevel1a,SCS,T035,F295,2026-03-02T09:21:46.208Z,2026-03-02T09:22:06.609Z,7,ASCENDING,"{""processing:facility"": ""Biomass CPF"", ""product:type"": ""S1_SCS__1S"", ""eofeos:global_coverage_id"": ""1"", ""sat:anx_datetime"": ""2026-03-02T07:48:39.108Z"", ""platform"": ""Biomass"", ""eofeos:major_cycle_id"": ""2"", ""datetime"": ""2026-03-02T09:21:46.208Z"", ""instruments"": [""P-SAR""], ""constellation"": ""Biomass"", ""storage:schemes"": {""biomass-pdgs-01"": {""bucket"": ""biomass-pdgs-01"", ""description"": ""This endpoint provides access to EO data which is stored on the object storage of the ESA MAAP. See the [documentation](https://portal.maap.eo.esa.int/dataaccess/) for more information, including how to get credentials."", ""type"": ""custom-s3"", ""title"": ""ESA MAAP S3"", ""region"": ""gra"", ""platform"": ""https://{bucket}.s3.{region}.io.cloud.ovh.net""}}, ""eopf:datatake_id"": ""36894003"", ""processing:software"": {""Biomass L1 Processor"": ""4.3.1""}, ""eopf:instrument_configuration_id"": 0, ""grid:code"": ""WRS-35-295"", ""processing:level"": ""L1A"", ""proj:code"": ""EPSG:4326"", ""sci:doi"": ""10.57780/bio-bef83b4"", ""created"": ""2026-03-02T20:55:54Z"", ""published"": ""2026-03-02T09:22:06.609Z"", ""version"": ""01"", ""sar:observation_direction"": ""left"", ""sar:polarizations"": [""HH"", ""HV"", ""VH"", ""VV""], ""auth:schemes"": {""s3"": {""type"": ""s3""}, ""oidc"": {""openIdConnectUrl"": ""https://iam.ascend.icsgate.eu/realms/esa-maap/.well-known/openid-configuration"", ""type"": ""openIdConnect""}}, ""sar:instrument_mode"": ""SM"", ""eofeos:orbit_drift_flag"": false, ""processing:datetime"": ""2026-03-02T20:55:54Z"", ""eofeos:mission_phase"": ""TOMOGRAPHIC"", ""updated"": ""2026-05-17T13:26:48Z"", ""sat:absolute_orbit"": 4503, ""product:acquisition_type"": ""nominal""}"
BIO_S1_SCS__1S_20260425T092615_20260425T092635_T_G01_M03_C01_T035_F295_02_DQFU0Q,BIO_S1_SCS__1S_20260425T092615_20260425T092635_T_G01_M03_C01_T035_F295_02_DQFU0Q,BiomassLevel1a,SCS,T035,F295,2026-04-25T09:26:15.324Z,2026-04-25T09:26:35.725Z,1,ASCENDING,"{""processing:facility"": ""Biomass CPF"", ""product:type"": ""S1_SCS__1S"", ""eofeos:global_coverage_id"": ""1"", ""sat:anx_datetime"": ""2026-04-25T07:53:08.247Z"", ""platform"": ""Biomass"", ""eofeos:major_cycle_id"": ""3"", ""datetime"": ""2026-04-25T09:26:15.324Z"", ""instruments"": [""P-SAR""], ""constellation"": ""Biomass"", ""storage:schemes"": {""biomass-pdgs-01"": {""bucket"": ""biomass-pdgs-01"", ""description"": ""This endpoint provides access to EO data which is stored on the object storage of the ESA MAAP. See the [documentation](https://portal.maap.eo.esa.int/dataaccess/) for more information, including how to get credentials."", ""type"": ""custom-s3"", ""title"": ""ESA MAAP S3"", ""region"": ""gra"", ""platform"": ""https://{bucket}.s3.{region}.io.cloud.ovh.net""}}, ""eopf:datatake_id"": ""43382048"", ""processing:software"": {""Biomass L1 Processor"": ""4.4.2""}, ""eopf:instrument_configuration_id"": 0, ""grid:code"": ""WRS-35-295"", ""processing:level"": ""L1A"", ""proj:code"": ""EPSG:4326"", ""sci:doi"": ""10.57780/bio-bef83b4"", ""created"": ""2026-04-25T21:50:50Z"", ""published"": ""2026-04-25T09:26:35.725Z"", ""version"": ""02"", ""sar:observation_direction"": ""left"", ""sar:polarizations"": [""HH"", ""HV"", ""VH"", ""VV""], ""auth:schemes"": {""s3"": {""type"": ""s3""}, ""oidc"": {""openIdConnectUrl"": ""https://iam.ascend.icsgate.eu/realms/esa-maap/.well-known/openid-configuration"", ""type"": ""openIdConnect""}}, ""sar:instrument_mode"": ""SM"", ""eofeos:orbit_drift_flag"": false, ""processing:datetime"": ""2026-04-25T21:50:50Z"", ""eofeos:mission_phase"": ""TOMOGRAPHIC"", ""updated"": ""2026-06-09T16:51:57Z"", ""sat:absolute_orbit"": 5295, ""product:acquisition_type"": ""nominal""}"
BIO_S1_SCS__1S_20251202T091715_20251202T091736_T_G01_M01_C04_T035_F296_01_DKR281,BIO_S1_SCS__1S_20251202T091715_20251202T091736_T_G01_M01_C04_T035_F296_01_DKR281,BiomassLevel1a,SCS,T035,F296,2025-12-02T09:17:15.984Z,2025-12-02T09:17:36.776Z,4,ASCENDING,"{""processing:facility"": ""Biomass CPF"", ""product:type"": ""S1_SCS__1S"", ""eofeos:global_coverage_id"": ""1"", ""sat:anx_datetime"": ""2025-12-02T07:43:50.062Z"", ""platform"": ""Biomass"", ""eofeos:major_cycle_id"": ""1"", ""datetime"": ""2025-12-02T09:17:15.984Z"", ""instruments"": [""P-SAR""], ""constellation"": ""Biomass"", ""storage:schemes"": {""biomass-pdgs-01"": {""bucket"": ""biomass-pdgs-01"", ""description"": ""This endpoint provides access to EO data which is stored on the object storage of the ESA MAAP. See the [documentation](https://portal.maap.eo.esa.int/dataaccess/) for more information, including how to get credentials."", ""type"": ""custom-s3"", ""title"": ""ESA MAAP S3"", ""region"": ""gra"", ""platform"": ""https://{bucket}.s3.{region}.io.cloud.ovh.net""}}, ""eopf:datatake_id"": ""26080612"", ""processing:software"": {""Biomass L1 Processor"": ""4.2.2""}, ""eopf:instrument_configuration_id"": 0, ""grid:code"": ""WRS-35-296"", ""processing:level"": ""L1A"", ""proj:code"": ""EPSG:4326"", ""sci:doi"": ""10.57780/bio-bef83b4"", ""created"": ""2026-01-05T08:00:01Z"", ""published"": ""2025-12-02T09:17:36.776Z"", ""version"": ""01"", ""sar:observation_direction"": ""left"", ""sar:polarizations"": [""HH"", ""HV"", ""VH"", ""VV""], ""auth:schemes"": {""s3"": {""type"": ""s3""}, ""oidc"": {""openIdConnectUrl"": ""https://iam.ascend.icsgate.eu/realms/esa-maap/.well-known/openid-configuration"", ""type"": ""openIdConnect""}}, ""sar:instrument_mode"": ""SM"", ""eofeos:orbit_drift_flag"": false, ""processing:datetime"": ""2026-01-05T08:00:01Z"", ""eofeos:mission_phase"": ""TOMOGRAPHIC"", ""updated"": ""2026-05-17T10:16:50Z"", ""sat:absolute_orbit"": 3183, ""product:acquisition_type"": ""nominal""}"
BIO_S1_SCS__1S_20251202T091716_20251202T091736_T_G01_M01_C04_T035_F296_01_DO2ILR,BIO_S1_SCS__1S_20251202T091716_20251202T091736_T_G01_M01_C04_T035_F296_01_DO2ILR,BiomassLevel1a,SCS,T035,F296,2025-12-02T09:17:16.181Z,2025-12-02T09:17:36.580Z,4,ASCENDING,"{""processing:facility"": ""Biomass CPF"", ""product:type"": ""S1_SCS__1S"", ""eofeos:global_coverage_id"": ""1"", ""sat:anx_datetime"": ""2025-12-02T07:43:50.062Z"", ""platform"": ""Biomass"", ""eofeos:major_cycle_id"": ""1"", ""datetime"": ""2025-12-02T09:17:16.181Z"", ""instruments"": [""P-SAR""], ""constellation"": ""Biomass"", ""storage:schemes"": {""biomass-pdgs-01"": {""bucket"": ""biomass-pdgs-01"", ""description"": ""This endpoint provides access to EO data which is stored on the object storage of the ESA MAAP. See the [documentation](https://portal.maap.eo.esa.int/dataaccess/) for more information, including how to get credentials."", ""type"": ""custom-s3"", ""title"": ""ESA MAAP S3"", ""region"": ""gra"", ""platform"": ""https://{bucket}.s3.{region}.io.cloud.ovh.net""}}, ""eopf:datatake_id"": ""26080612"", ""processing:software"": {""Biomass L1 Processor"": ""4.3.1""}, ""eopf:instrument_configuration_id"": 0, ""grid:code"": ""WRS-35-296"", ""processing:level"": ""L1A"", ""proj:code"": ""EPSG:4326"", ""sci:doi"": ""10.57780/bio-bef83b4"", ""created"": ""2026-03-10T20:08:15Z"", ""published"": ""2025-12-02T09:17:36.580Z"", ""version"": ""01"", ""sar:observation_direction"": ""left"", ""sar:polarizations"": [""HH"", ""HV"", ""VH"", ""VV""], ""auth:schemes"": {""s3"": {""type"": ""s3""}, ""oidc"": {""openIdConnectUrl"": ""https://iam.ascend.icsgate.eu/realms/esa-maap/.well-known/openid-configuration"", ""type"": ""openIdConnect""}}, ""sar:instrument_mode"": ""SM"", ""eofeos:orbit_drift_flag"": false, ""processing:datetime"": ""2026-03-10T20:08:15Z"", ""eofeos:mission_phase"": ""TOMOGRAPHIC"", ""updated"": ""2026-05-17T10:16:50Z"", ""sat:absolute_orbit"": 3183, ""product:acquisition_type"": ""nominal""}"
BIO_S1_SCS__1S_20251205T091717_20251205T091738_T_G01_M01_C05_T035_F296_01_DO5OB9,BIO_S1_SCS__1S_20251205T091717_20251205T091738_T_G01_M01_C05_T035_F296_01_DO5OB9,BiomassLevel1a,SCS,T035,F296,2025-12-05T09:17:17.908Z,2025-12-05T09:17:38.307Z,5,ASCENDING,"{""processing:facility"": ""Biomass CPF"", ""product:type"": ""S1_SCS__1S"", ""eofeos:global_coverage_id"": ""1"", ""sat:anx_datetime"": ""2025-12-05T07:43:51.778Z"", ""platform"": ""Biomass"", ""eofeos:major_cycle_id"": ""1"", ""datetime"": ""2025-12-05T09:17:17.908Z"", ""instruments"": [""P-SAR""], ""constellation"": ""Biomass"", ""storage:schemes"": {""biomass-pdgs-01"": {""bucket"": ""biomass-pdgs-01"", ""description"": ""This endpoint provides access to EO data which is stored on the object storage of the ESA MAAP. See the [documentation](https://portal.maap.eo.esa.int/dataaccess/) for more information, including how to get credentials."", ""type"": ""custom-s3"", ""title"": ""ESA MAAP S3"", ""region"": ""gra"", ""platform"": ""https://{bucket}.s3.{region}.io.cloud.ovh.net""}}, ""eopf:datatake_id"": ""26441060"", ""processing:software"": {""Biomass L1 Processor"": ""4.3.1""}, ""eopf:instrument_configuration_id"": 0, ""grid:code"": ""WRS-35-296"", ""processing:level"": ""L1A"", ""proj:code"": ""EPSG:4326"", ""sci:doi"": ""10.57780/bio-bef83b4"", ""created"": ""2026-03-12T13:04:21Z"", ""published"": ""2025-12-05T09:17:38.307Z"", ""version"": ""01"", ""sar:observation_direction"": ""left"", ""sar:polarizations"": [""HH"", ""HV"", ""VH"", ""VV""], ""auth:schemes"": {""s3"": {""type"": ""s3""}, ""oidc"": {""openIdConnectUrl"": ""https://iam.ascend.icsgate.eu/realms/esa-maap/.well-known/openid-configuration"", ""type"": ""openIdConnect""}}, ""sar:instrument_mode"": ""SM"", ""eofeos:orbit_drift_flag"": false, ""processing:datetime"": ""2026-03-12T13:04:21Z"", ""eofeos:mission_phase"": ""TOMOGRAPHIC"", ""updated"": ""2026-05-17T10:24:30Z"", ""sat:absolute_orbit"": 3227, ""product:acquisition_type"": ""nominal""}"
BIO_S1_SCS__1S_20260302T092205_20260302T092225_T_G01_M02_C07_T035_F296_01_DNNRKA,BIO_S1_SCS__1S_20260302T092205_20260302T092225_T_G01_M02_C07_T035_F296_01_DNNRKA,BiomassLevel1a,SCS,T035,F296,2026-03-02T09:22:05.224Z,2026-03-02T09:22:25.624Z,7,ASCENDING,"{""processing:facility"": ""Biomass CPF"", ""product:type"": ""S1_SCS__1S"", ""eofeos:global_coverage_id"": ""1"", ""sat:anx_datetime"": ""2026-03-02T07:48:39.108Z"", ""platform"": ""Biomass"", ""eofeos:major_cycle_id"": ""2"", ""datetime"": ""2026-03-02T09:22:05.224Z"", ""instruments"": [""P-SAR""], ""constellation"": ""Biomass"", ""storage:schemes"": {""biomass-pdgs-01"": {""bucket"": ""biomass-pdgs-01"", ""description"": ""This endpoint provides access to EO data which is stored on the object storage of the ESA MAAP. See the [documentation](https://portal.maap.eo.esa.int/dataaccess/) for more information, including how to get credentials."", ""type"": ""custom-s3"", ""title"": ""ESA MAAP S3"", ""region"": ""gra"", ""platform"": ""https://{bucket}.s3.{region}.io.cloud.ovh.net""}}, ""eopf:datatake_id"": ""36894003"", ""processing:software"": {""Biomass L1 Processor"": ""4.3.1""}, ""eopf:instrument_configuration_id"": 0, ""grid:code"": ""WRS-35-296"", ""processing:level"": ""L1A"", ""proj:code"": ""EPSG:4326"", ""sci:doi"": ""10.57780/bio-bef83b4"", ""created"": ""2026-03-02T20:57:46Z"", ""published"": ""2026-03-02T09:22:25.624Z"", ""version"": ""01"", ""sar:observation_direction"": ""left"", ""sar:polarizations"": [""HH"", ""HV"", ""VH"", ""VV""], ""auth:schemes"": {""s3"": {""type"": ""s3""}, ""oidc"": {""openIdConnectUrl"": ""https://iam.ascend.icsgate.eu/realms/esa-maap/.well-known/openid-configuration"", ""type"": ""openIdConnect""}}, ""sar:instrument_mode"": ""SM"", ""eofeos:orbit_drift_flag"": false, ""processing:datetime"": ""2026-03-02T20:57:46Z"", ""eofeos:mission_phase"": ""TOMOGRAPHIC"", ""updated"": ""2026-05-17T13:26:48Z"", ""sat:absolute_orbit"": 4503, ""product:acquisition_type"": ""nominal""}"
BIO_S1_SCS__1S_20260425T092634_20260425T092654_T_G01_M03_C01_T035_F296_02_DQFU82,BIO_S1_SCS__1S_20260425T092634_20260425T092654_T_G01_M03_C01_T035_F296_02_DQFU82,BiomassLevel1a,SCS,T035,F296,2026-04-25T09:26:34.337Z,2026-04-25T09:26:54.736Z,1,ASCENDING,"{""processing:facility"": ""Biomass CPF"", ""product:type"": ""S1_SCS__1S"", ""eofeos:global_coverage_id"": ""1"", ""sat:anx_datetime"": ""2026-04-25T07:53:08.247Z"", ""platform"": ""Biomass"", ""eofeos:major_cycle_id"": ""3"", ""datetime"": ""2026-04-25T09:26:34.337Z"", ""instruments"": [""P-SAR""], ""constellation"": ""Biomass"", ""storage:schemes"": {""biomass-pdgs-01"": {""bucket"": ""biomass-pdgs-01"", ""description"": ""This endpoint provides access to EO data which is stored on the object storage of the ESA MAAP. See the [documentation](https://portal.maap.eo.esa.int/dataaccess/) for more information, including how to get credentials."", ""type"": ""custom-s3"", ""title"": ""ESA MAAP S3"", ""region"": ""gra"", ""platform"": ""https://{bucket}.s3.{region}.io.cloud.ovh.net""}}, ""eopf:datatake_id"": ""43382048"", ""processing:software"": {""Biomass L1 Processor"": ""4.4.2""}, ""eopf:instrument_configuration_id"": 0, ""grid:code"": ""WRS-35-296"", ""processing:level"": ""L1A"", ""proj:code"": ""EPSG:4326"", ""sci:doi"": ""10.57780/bio-bef83b4"", ""created"": ""2026-04-25T21:55:14Z"", ""published"": ""2026-04-25T09:26:54.736Z"", ""version"": ""02"", ""sar:observation_direction"": ""left"", ""sar:polarizations"": [""HH"", ""HV"", ""VH"", ""VV""], ""auth:schemes"": {""s3"": {""type"": ""s3""}, ""oidc"": {""openIdConnectUrl"": ""https://iam.ascend.icsgate.eu/realms/esa-maap/.well-known/openid-configuration"", ""type"": ""openIdConnect""}}, ""sar:instrument_mode"": ""SM"", ""eofeos:orbit_drift_flag"": false, ""processing:datetime"": ""2026-04-25T21:55:14Z"", ""eofeos:mission_phase"": ""TOMOGRAPHIC"", ""updated"": ""2026-06-09T16:51:58Z"", ""sat:absolute_orbit"": 5295, ""product:acquisition_type"": ""nominal""}"
BIO_S1_SCS__1S_20251202T091735_20251202T091755_T_G01_M01_C04_T035_F297_01_DKR27O,BIO_S1_SCS__1S_20251202T091735_20251202T091755_T_G01_M01_C04_T035_F297_01_DKR27O,BiomassLevel1a,SCS,T035,F297,2025-12-02T09:17:35.000Z,2025-12-02T09:17:55.790Z,4,ASCENDING,"{""processing:facility"": ""Biomass CPF"", ""product:type"": ""S1_SCS__1S"", ""eofeos:global_coverage_id"": ""1"", ""sat:anx_datetime"": ""2025-12-02T07:43:50.062Z"", ""platform"": ""Biomass"", ""eofeos:major_cycle_id"": ""1"", ""datetime"": ""2025-12-02T09:17:35.000Z"", ""instruments"": [""P-SAR""], ""constellation"": ""Biomass"", ""storage:schemes"": {""biomass-pdgs-01"": {""bucket"": ""biomass-pdgs-01"", ""description"": ""This endpoint provides access to EO data which is stored on the object storage of the ESA MAAP. See the [documentation](https://portal.maap.eo.esa.int/dataaccess/) for more information, including how to get credentials."", ""type"": ""custom-s3"", ""title"": ""ESA MAAP S3"", ""region"": ""gra"", ""platform"": ""https://{bucket}.s3.{region}.io.cloud.ovh.net""}}, ""eopf:datatake_id"": ""26080612"", ""processing:software"": {""Biomass L1 Processor"": ""4.2.2""}, ""eopf:instrument_configuration_id"": 0, ""grid:code"": ""WRS-35-297"", ""processing:level"": ""L1A"", ""proj:code"": ""EPSG:4326"", ""sci:doi"": ""10.57780/bio-bef83b4"", ""created"": ""2026-01-05T07:59:48Z"", ""published"": ""2025-12-02T09:17:55.790Z"", ""version"": ""01"", ""sar:observation_direction"": ""left"", ""sar:polarizations"": [""HH"", ""HV"", ""VH"", ""VV""], ""auth:schemes"": {""s3"": {""type"": ""s3""}, ""oidc"": {""openIdConnectUrl"": ""https://iam.ascend.icsgate.eu/realms/esa-maap/.well-known/openid-configuration"", ""type"": ""openIdConnect""}}, ""sar:instrument_mode"": ""SM"", ""eofeos:orbit_drift_flag"": false, ""processing:datetime"": ""2026-01-05T07:59:48Z"", ""eofeos:mission_phase"": ""TOMOGRAPHIC"", ""updated"": ""2026-05-17T10:16:50Z"", ""sat:absolute_orbit"": 3183, ""product:acquisition_type"": ""nominal""}"
BIO_S1_SCS__1S_20260302T092224_20260302T092244_T_G01_M02_C07_T035_F297_01_DNNRCP,BIO_S1_SCS__1S_20260302T092224_20260302T092244_T_G01_M02_C07_T035_F297_01_DNNRCP,BiomassLevel1a,SCS,T035,F297,2026-03-02T09:22:24.238Z,2026-03-02T09:22:44.637Z,7,ASCENDING,"{""processing:facility"": ""Biomass CPF"", ""product:type"": ""S1_SCS__1S"", ""eofeos:global_coverage_id"": ""1"", ""sat:anx_datetime"": ""2026-03-02T07:48:39.108Z"", ""platform"": ""Biomass"", ""eofeos:major_cycle_id"": ""2"", ""datetime"": ""2026-03-02T09:22:24.238Z"", ""instruments"": [""P-SAR""], ""constellation"": ""Biomass"", ""storage:schemes"": {""biomass-pdgs-01"": {""bucket"": ""biomass-pdgs-01"", ""description"": ""This endpoint provides access to EO data which is stored on the object storage of the ESA MAAP. See the [documentation](https://portal.maap.eo.esa.int/dataaccess/) for more information, including how to get credentials."", ""type"": ""custom-s3"", ""title"": ""ESA MAAP S3"", ""region"": ""gra"", ""platform"": ""https://{bucket}.s3.{region}.io.cloud.ovh.net""}}, ""eopf:datatake_id"": ""36894003"", ""processing:software"": {""Biomass L1 Processor"": ""4.3.1""}, ""eopf:instrument_configuration_id"": 0, ""grid:code"": ""WRS-35-297"", ""processing:level"": ""L1A"", ""proj:code"": ""EPSG:4326"", ""sci:doi"": ""10.57780/bio-bef83b4"", ""created"": ""2026-03-02T20:53:13Z"", ""published"": ""2026-03-02T09:22:44.637Z"", ""version"": ""01"", ""sar:observation_direction"": ""left"", ""sar:polarizations"": [""HH"", ""HV"", ""VH"", ""VV""], ""auth:schemes"": {""s3"": {""type"": ""s3""}, ""oidc"": {""openIdConnectUrl"": ""https://iam.ascend.icsgate.eu/realms/esa-maap/.well-known/openid-configuration"", ""type"": ""openIdConnect""}}, ""sar:instrument_mode"": ""SM"", ""eofeos:orbit_drift_flag"": false, ""processing:datetime"": ""2026-03-02T20:53:13Z"", ""eofeos:mission_phase"": ""TOMOGRAPHIC"", ""updated"": ""2026-05-17T13:26:48Z"", ""sat:absolute_orbit"": 4503, ""product:acquisition_type"": ""nominal""}"
BIO_S1_SCS__1S_20260425T092653_20260425T092713_T_G01_M03_C01_T035_F297_02_DQFUG0,BIO_S1_SCS__1S_20260425T092653_20260425T092713_T_G01_M03_C01_T035_F297_02_DQFUG0,BiomassLevel1a,SCS,T035,F297,2026-04-25T09:26:53.354Z,2026-04-25T09:27:13.753Z,1,ASCENDING,"{""processing:facility"": ""Biomass CPF"", ""product:type"": ""S1_SCS__1S"", ""eofeos:global_coverage_id"": ""1"", ""sat:anx_datetime"": ""2026-04-25T07:53:08.247Z"", ""platform"": ""Biomass"", ""eofeos:major_cycle_id"": ""3"", ""datetime"": ""2026-04-25T09:26:53.354Z"", ""instruments"": [""P-SAR""], ""constellation"": ""Biomass"", ""storage:schemes"": {""biomass-pdgs-01"": {""bucket"": ""biomass-pdgs-01"", ""description"": ""This endpoint provides access to EO data which is stored on the object storage of the ESA MAAP. See the [documentation](https://portal.maap.eo.esa.int/dataaccess/) for more information, including how to get credentials."", ""type"": ""custom-s3"", ""title"": ""ESA MAAP S3"", ""region"": ""gra"", ""platform"": ""https://{bucket}.s3.{region}.io.cloud.ovh.net""}}, ""eopf:datatake_id"": ""43382048"", ""processing:software"": {""Biomass L1 Processor"": ""4.4.2""}, ""eopf:instrument_configuration_id"": 0, ""grid:code"": ""WRS-35-297"", ""processing:level"": ""L1A"", ""proj:code"": ""EPSG:4326"", ""sci:doi"": ""10.57780/bio-bef83b4"", ""created"": ""2026-04-25T22:00:00Z"", ""published"": ""2026-04-25T09:27:13.753Z"", ""version"": ""02"", ""sar:observation_direction"": ""left"", ""sar:polarizations"": [""HH"", ""HV"", ""VH"", ""VV""], ""auth:schemes"": {""s3"": {""type"": ""s3""}, ""oidc"": {""openIdConnectUrl"": ""https://iam.ascend.icsgate.eu/realms/esa-maap/.well-known/openid-configuration"", ""type"": ""openIdConnect""}}, ""sar:instrument_mode"": ""SM"", ""eofeos:orbit_drift_flag"": false, ""processing:datetime"": ""2026-04-25T22:00:00Z"", ""eofeos:mission_phase"": ""TOMOGRAPHIC"", ""updated"": ""2026-06-09T16:51:58Z"", ""sat:absolute_orbit"": 5295, ""product:acquisition_type"": ""nominal""}"
BIO_S1_SCS__1S_20251202T091754_20251202T091814_T_G01_M01_C04_T035_F298_01_DKR2DG,BIO_S1_SCS__1S_20251202T091754_20251202T091814_T_G01_M01_C04_T035_F298_01_DKR2DG,BiomassLevel1a,SCS,T035,F298,2025-12-02T09:17:54.013Z,2025-12-02T09:18:14.804Z,4,ASCENDING,"{""processing:facility"": ""Biomass CPF"", ""product:type"": ""S1_SCS__1S"", ""eofeos:global_coverage_id"": ""1"", ""sat:anx_datetime"": ""2025-12-02T07:43:50.062Z"", ""platform"": ""Biomass"", ""eofeos:major_cycle_id"": ""1"", ""datetime"": ""2025-12-02T09:17:54.013Z"", ""instruments"": [""P-SAR""], ""constellation"": ""Biomass"", ""storage:schemes"": {""biomass-pdgs-01"": {""bucket"": ""biomass-pdgs-01"", ""description"": ""This endpoint provides access to EO data which is stored on the object storage of the ESA MAAP. See the [documentation](https://portal.maap.eo.esa.int/dataaccess/) for more information, including how to get credentials."", ""type"": ""custom-s3"", ""title"": ""ESA MAAP S3"", ""region"": ""gra"", ""platform"": ""https://{bucket}.s3.{region}.io.cloud.ovh.net""}}, ""eopf:datatake_id"": ""26080612"", ""processing:software"": {""Biomass L1 Processor"": ""4.2.2""}, ""eopf:instrument_configuration_id"": 0, ""grid:code"": ""WRS-35-298"", ""processing:level"": ""L1A"", ""proj:code"": ""EPSG:4326"", ""sci:doi"": ""10.57780/bio-bef83b4"", ""created"": ""2026-01-05T08:03:16Z"", ""published"": ""2025-12-02T09:18:14.804Z"", ""version"": ""01"", ""sar:observation_direction"": ""left"", ""sar:polarizations"": [""HH"", ""HV"", ""VH"", ""VV""], ""auth:schemes"": {""s3"": {""type"": ""s3""}, ""oidc"": {""openIdConnectUrl"": ""https://iam.ascend.icsgate.eu/realms/esa-maap/.well-known/openid-configuration"", ""type"": ""openIdConnect""}}, ""sar:instrument_mode"": ""SM"", ""eofeos:orbit_drift_flag"": false, ""processing:datetime"": ""2026-01-05T08:03:16Z"", ""eofeos:mission_phase"": ""TOMOGRAPHIC"", ""updated"": ""2026-05-17T10:16:51Z"", ""sat:absolute_orbit"": 3183, ""product:acquisition_type"": ""nominal""}"
BIO_S1_SCS__1S_20251202T091754_20251202T091814_T_G01_M01_C04_T035_F298_01_DO2ILN,BIO_S1_SCS__1S_20251202T091754_20251202T091814_T_G01_M01_C04_T035_F298_01_DO2ILN,BiomassLevel1a,SCS,T035,F298,2025-12-02T09:17:54.210Z,2025-12-02T09:18:14.607Z,4,ASCENDING,"{""processing:facility"": ""Biomass CPF"", ""product:type"": ""S1_SCS__1S"", ""eofeos:global_coverage_id"": ""1"", ""sat:anx_datetime"": ""2025-12-02T07:43:50.062Z"", ""platform"": ""Biomass"", ""eofeos:major_cycle_id"": ""1"", ""datetime"": ""2025-12-02T09:17:54.210Z"", ""instruments"": [""P-SAR""], ""constellation"": ""Biomass"", ""storage:schemes"": {""biomass-pdgs-01"": {""bucket"": ""biomass-pdgs-01"", ""description"": ""This endpoint provides access to EO data which is stored on the object storage of the ESA MAAP. See the [documentation](https://portal.maap.eo.esa.int/dataaccess/) for more information, including how to get credentials."", ""type"": ""custom-s3"", ""title"": ""ESA MAAP S3"", ""region"": ""gra"", ""platform"": ""https://{bucket}.s3.{region}.io.cloud.ovh.net""}}, ""eopf:datatake_id"": ""26080612"", ""processing:software"": {""Biomass L1 Processor"": ""4.3.1""}, ""eopf:instrument_configuration_id"": 0, ""grid:code"": ""WRS-35-298"", ""processing:level"": ""L1A"", ""proj:code"": ""EPSG:4326"", ""sci:doi"": ""10.57780/bio-bef83b4"", ""created"": ""2026-03-10T20:08:11Z"", ""published"": ""2025-12-02T09:18:14.607Z"", ""version"": ""01"", ""sar:observation_direction"": ""left"", ""sar:polarizations"": [""HH"", ""HV"", ""VH"", ""VV""], ""auth:schemes"": {""s3"": {""type"": ""s3""}, ""oidc"": {""openIdConnectUrl"": ""https://iam.ascend.icsgate.eu/realms/esa-maap/.well-known/openid-configuration"", ""type"": ""openIdConnect""}}, ""sar:instrument_mode"": ""SM"", ""eofeos:orbit_drift_flag"": false, ""processing:datetime"": ""2026-03-10T20:08:11Z"", ""eofeos:mission_phase"": ""TOMOGRAPHIC"", ""updated"": ""2026-05-17T10:16:51Z"", ""sat:absolute_orbit"": 3183, ""product:acquisition_type"": ""nominal""}"
BIO_S1_SCS__1S_20251205T091755_20251205T091816_T_G01_M01_C05_T035_F298_01_DO5OCL,BIO_S1_SCS__1S_20251205T091755_20251205T091816_T_G01_M01_C05_T035_F298_01_DO5OCL,BiomassLevel1a,SCS,T035,F298,2025-12-05T09:17:55.934Z,2025-12-05T09:18:16.331Z,5,ASCENDING,"{""processing:facility"": ""Biomass CPF"", ""product:type"": ""S1_SCS__1S"", ""eofeos:global_coverage_id"": ""1"", ""sat:anx_datetime"": ""2025-12-05T07:43:51.778Z"", ""platform"": ""Biomass"", ""eofeos:major_cycle_id"": ""1"", ""datetime"": ""2025-12-05T09:17:55.934Z"", ""instruments"": [""P-SAR""], ""constellation"": ""Biomass"", ""storage:schemes"": {""biomass-pdgs-01"": {""bucket"": ""biomass-pdgs-01"", ""description"": ""This endpoint provides access to EO data which is stored on the object storage of the ESA MAAP. See the [documentation](https://portal.maap.eo.esa.int/dataaccess/) for more information, including how to get credentials."", ""type"": ""custom-s3"", ""title"": ""ESA MAAP S3"", ""region"": ""gra"", ""platform"": ""https://{bucket}.s3.{region}.io.cloud.ovh.net""}}, ""eopf:datatake_id"": ""26441060"", ""processing:software"": {""Biomass L1 Processor"": ""4.3.1""}, ""eopf:instrument_configuration_id"": 0, ""grid:code"": ""WRS-35-298"", ""processing:level"": ""L1A"", ""proj:code"": ""EPSG:4326"", ""sci:doi"": ""10.57780/bio-bef83b4"", ""created"": ""2026-03-12T13:05:09Z"", ""published"": ""2025-12-05T09:18:16.331Z"", ""version"": ""01"", ""sar:observation_direction"": ""left"", ""sar:polarizations"": [""HH"", ""HV"", ""VH"", ""VV""], ""auth:schemes"": {""s3"": {""type"": ""s3""}, ""oidc"": {""openIdConnectUrl"": ""https://iam.ascend.icsgate.eu/realms/esa-maap/.well-known/openid-configuration"", ""type"": ""openIdConnect""}}, ""sar:instrument_mode"": ""SM"", ""eofeos:orbit_drift_flag"": false, ""processing:datetime"": ""2026-03-12T13:05:09Z"", ""eofeos:mission_phase"": ""TOMOGRAPHIC"", ""updated"": ""2026-05-17T10:24:30Z"", ""sat:absolute_orbit"": 3227, ""product:acquisition_type"": ""nominal""}"
BIO_S1_SCS__1S_20260302T092243_20260302T092303_T_G01_M02_C07_T035_F298_01_DNNRH4,BIO_S1_SCS__1S_20260302T092243_20260302T092303_T_G01_M02_C07_T035_F298_01_DNNRH4,BiomassLevel1a,SCS,T035,F298,2026-03-02T09:22:43.253Z,2026-03-02T09:23:03.650Z,7,ASCENDING,"{""processing:facility"": ""Biomass CPF"", ""product:type"": ""S1_SCS__1S"", ""eofeos:global_coverage_id"": ""1"", ""sat:anx_datetime"": ""2026-03-02T07:48:39.108Z"", ""platform"": ""Biomass"", ""eofeos:major_cycle_id"": ""2"", ""datetime"": ""2026-03-02T09:22:43.253Z"", ""instruments"": [""P-SAR""], ""constellation"": ""Biomass"", ""storage:schemes"": {""biomass-pdgs-01"": {""bucket"": ""biomass-pdgs-01"", ""description"": ""This endpoint provides access to EO data which is stored on the object storage of the ESA MAAP. See the [documentation](https://portal.maap.eo.esa.int/dataaccess/) for more information, including how to get credentials."", ""type"": ""custom-s3"", ""title"": ""ESA MAAP S3"", ""region"": ""gra"", ""platform"": ""https://{bucket}.s3.{region}.io.cloud.ovh.net""}}, ""eopf:datatake_id"": ""36894003"", ""processing:software"": {""Biomass L1 Processor"": ""4.3.1""}, ""eopf:instrument_configuration_id"": 0, ""grid:code"": ""WRS-35-298"", ""processing:level"": ""L1A"", ""proj:code"": ""EPSG:4326"", ""sci:doi"": ""10.57780/bio-bef83b4"", ""created"": ""2026-03-02T20:55:52Z"", ""published"": ""2026-03-02T09:23:03.650Z"", ""version"": ""01"", ""sar:observation_direction"": ""left"", ""sar:polarizations"": [""HH"", ""HV"", ""VH"", ""VV""], ""auth:schemes"": {""s3"": {""type"": ""s3""}, ""oidc"": {""openIdConnectUrl"": ""https://iam.ascend.icsgate.eu/realms/esa-maap/.well-known/openid-configuration"", ""type"": ""openIdConnect""}}, ""sar:instrument_mode"": ""SM"", ""eofeos:orbit_drift_flag"": false, ""processing:datetime"": ""2026-03-02T20:55:52Z"", ""eofeos:mission_phase"": ""TOMOGRAPHIC"", ""updated"": ""2026-05-17T13:26:48Z"", ""sat:absolute_orbit"": 4503, ""product:acquisition_type"": ""nominal""}"
BIO_S1_SCS__1S_20260425T092712_20260425T092732_T_G01_M03_C01_T035_F298_02_DQFU1S,BIO_S1_SCS__1S_20260425T092712_20260425T092732_T_G01_M03_C01_T035_F298_02_DQFU1S,BiomassLevel1a,SCS,T035,F298,2026-04-25T09:27:12.368Z,2026-04-25T09:27:32.766Z,1,ASCENDING,"{""processing:facility"": ""Biomass CPF"", ""product:type"": ""S1_SCS__1S"", ""eofeos:global_coverage_id"": ""1"", ""sat:anx_datetime"": ""2026-04-25T07:53:08.247Z"", ""platform"": ""Biomass"", ""eofeos:major_cycle_id"": ""3"", ""datetime"": ""2026-04-25T09:27:12.368Z"", ""instruments"": [""P-SAR""], ""constellation"": ""Biomass"", ""storage:schemes"": {""biomass-pdgs-01"": {""bucket"": ""biomass-pdgs-01"", ""description"": ""This endpoint provides access to EO data which is stored on the object storage of the ESA MAAP. See the [documentation](https://portal.maap.eo.esa.int/dataaccess/) for more information, including how to get credentials."", ""type"": ""custom-s3"", ""title"": ""ESA MAAP S3"", ""region"": ""gra"", ""platform"": ""https://{bucket}.s3.{region}.io.cloud.ovh.net""}}, ""eopf:datatake_id"": ""43382048"", ""processing:software"": {""Biomass L1 Processor"": ""4.4.2""}, ""eopf:instrument_configuration_id"": 0, ""grid:code"": ""WRS-35-298"", ""processing:level"": ""L1A"", ""proj:code"": ""EPSG:4326"", ""sci:doi"": ""10.57780/bio-bef83b4"", ""created"": ""2026-04-25T21:51:28Z"", ""published"": ""2026-04-25T09:27:32.766Z"", ""version"": ""02"", ""sar:observation_direction"": ""left"", ""sar:polarizations"": [""HH"", ""HV"", ""VH"", ""VV""], ""auth:schemes"": {""s3"": {""type"": ""s3""}, ""oidc"": {""openIdConnectUrl"": ""https://iam.ascend.icsgate.eu/realms/esa-maap/.well-known/openid-configuration"", ""type"": ""openIdConnect""}}, ""sar:instrument_mode"": ""SM"", ""eofeos:orbit_drift_flag"": false, ""processing:datetime"": ""2026-04-25T21:51:28Z"", ""eofeos:mission_phase"": ""TOMOGRAPHIC"", ""updated"": ""2026-06-09T16:51:59Z"", ""sat:absolute_orbit"": 5295, ""product:acquisition_type"": ""nominal""}"
BIO_S1_SCS__1S_20260501T092716_20260501T092736_T_G01_M03_C03_T035_F298_02_DQR08U,BIO_S1_SCS__1S_20260501T092716_20260501T092736_T_G01_M03_C03_T035_F298_02_DQR08U,BiomassLevel1a,SCS,T035,F298,2026-05-01T09:27:16.215Z,2026-05-01T09:27:36.612Z,3,ASCENDING,"{""processing:facility"": ""Biomass CPF"", ""product:type"": ""S1_SCS__1S"", ""eofeos:global_coverage_id"": ""1"", ""sat:anx_datetime"": ""2026-05-01T07:53:12.095Z"", ""platform"": ""Biomass"", ""eofeos:major_cycle_id"": ""3"", ""datetime"": ""2026-05-01T09:27:16.215Z"", ""instruments"": [""P-SAR""], ""constellation"": ""Biomass"", ""storage:schemes"": {""biomass-pdgs-01"": {""bucket"": ""biomass-pdgs-01"", ""description"": ""This endpoint provides access to EO data which is stored on the object storage of the ESA MAAP. See the [documentation](https://portal.maap.eo.esa.int/dataaccess/) for more information, including how to get credentials."", ""type"": ""custom-s3"", ""title"": ""ESA MAAP S3"", ""region"": ""gra"", ""platform"": ""https://{bucket}.s3.{region}.io.cloud.ovh.net""}}, ""eopf:datatake_id"": ""44102944"", ""processing:software"": {""Biomass L1 Processor"": ""4.4.2""}, ""eopf:instrument_configuration_id"": 0, ""grid:code"": ""WRS-35-298"", ""processing:level"": ""L1A"", ""proj:code"": ""EPSG:4326"", ""sci:doi"": ""10.57780/bio-bef83b4"", ""created"": ""2026-05-01T22:38:54Z"", ""published"": ""2026-05-01T09:27:36.612Z"", ""version"": ""02"", ""sar:observation_direction"": ""left"", ""sar:polarizations"": [""HH"", ""HV"", ""VH"", ""VV""], ""auth:schemes"": {""s3"": {""type"": ""s3""}, ""oidc"": {""openIdConnectUrl"": ""https://iam.ascend.icsgate.eu/realms/esa-maap/.well-known/openid-configuration"", ""type"": ""openIdConnect""}}, ""sar:instrument_mode"": ""SM"", ""eofeos:orbit_drift_flag"": false, ""processing:datetime"": ""2026-05-01T22:38:54Z"", ""eofeos:mission_phase"": ""TOMOGRAPHIC"", ""updated"": ""2026-06-10T22:15:50Z"", ""sat:absolute_orbit"": 5383, ""product:acquisition_type"": ""nominal""}"
BIO_S1_SCS__1S_20260510T092722_20260510T092742_T_G01_M03_C06_T035_F298_02_DR80GG,BIO_S1_SCS__1S_20260510T092722_20260510T092742_T_G01_M03_C06_T035_F298_02_DR80GG,BiomassLevel1a,SCS,T035,F298,2026-05-10T09:27:22.047Z,2026-05-10T09:27:42.445Z,6,ASCENDING,"{""processing:facility"": ""Biomass CPF"", ""product:type"": ""S1_SCS__1S"", ""eofeos:global_coverage_id"": ""1"", ""sat:anx_datetime"": ""2026-05-10T07:53:17.926Z"", ""platform"": ""Biomass"", ""eofeos:major_cycle_id"": ""3"", ""datetime"": ""2026-05-10T09:27:22.047Z"", ""instruments"": [""P-SAR""], ""constellation"": ""Biomass"", ""storage:schemes"": {""biomass-pdgs-01"": {""bucket"": ""biomass-pdgs-01"", ""description"": ""This endpoint provides access to EO data which is stored on the object storage of the ESA MAAP. See the [documentation](https://portal.maap.eo.esa.int/dataaccess/) for more information, including how to get credentials."", ""type"": ""custom-s3"", ""title"": ""ESA MAAP S3"", ""region"": ""gra"", ""platform"": ""https://{bucket}.s3.{region}.io.cloud.ovh.net""}}, ""eopf:datatake_id"": ""45184281"", ""processing:software"": {""Biomass L1 Processor"": ""4.4.3""}, ""eopf:instrument_configuration_id"": 0, ""grid:code"": ""WRS-35-298"", ""processing:level"": ""L1A"", ""proj:code"": ""EPSG:4326"", ""sci:doi"": ""10.57780/bio-bef83b4"", ""created"": ""2026-05-11T03:02:40Z"", ""published"": ""2026-05-10T09:27:42.445Z"", ""version"": ""02"", ""sar:observation_direction"": ""left"", ""sar:polarizations"": [""HH"", ""HV"", ""VH"", ""VV""], ""auth:schemes"": {""s3"": {""type"": ""s3""}, ""oidc"": {""openIdConnectUrl"": ""https://iam.ascend.icsgate.eu/realms/esa-maap/.well-known/openid-configuration"", ""type"": ""openIdConnect""}}, ""sar:instrument_mode"": ""SM"", ""eofeos:orbit_drift_flag"": false, ""processing:datetime"": ""2026-05-11T03:02:40Z"", ""eofeos:mission_phase"": ""TOMOGRAPHIC"", ""updated"": ""2026-06-10T22:47:27Z"", ""sat:absolute_orbit"": 5515, ""product:acquisition_type"": ""nominal""}"
BIO_S1_SCS__1S_20260302T092302_20260302T092322_T_G01_M02_C07_T035_F299_01_DNNRGP,BIO_S1_SCS__1S_20260302T092302_20260302T092322_T_G01_M02_C07_T035_F299_01_DNNRGP,BiomassLevel1a,SCS,T035,F299,2026-03-02T09:23:02.264Z,2026-03-02T09:23:22.661Z,7,ASCENDING,"{""processing:facility"": ""Biomass CPF"", ""product:type"": ""S1_SCS__1S"", ""eofeos:global_coverage_id"": ""1"", ""sat:anx_datetime"": ""2026-03-02T07:48:39.108Z"", ""platform"": ""Biomass"", ""eofeos:major_cycle_id"": ""2"", ""datetime"": ""2026-03-02T09:23:02.264Z"", ""instruments"": [""P-SAR""], ""constellation"": ""Biomass"", ""storage:schemes"": {""biomass-pdgs-01"": {""bucket"": ""biomass-pdgs-01"", ""description"": ""This endpoint provides access to EO data which is stored on the object storage of the ESA MAAP. See the [documentation](https://portal.maap.eo.esa.int/dataaccess/) for more information, including how to get credentials."", ""type"": ""custom-s3"", ""title"": ""ESA MAAP S3"", ""region"": ""gra"", ""platform"": ""https://{bucket}.s3.{region}.io.cloud.ovh.net""}}, ""eopf:datatake_id"": ""36894003"", ""processing:software"": {""Biomass L1 Processor"": ""4.3.1""}, ""eopf:instrument_configuration_id"": 0, ""grid:code"": ""WRS-35-299"", ""processing:level"": ""L1A"", ""proj:code"": ""EPSG:4326"", ""sci:doi"": ""10.57780/bio-bef83b4"", ""created"": ""2026-03-02T20:55:37Z"", ""published"": ""2026-03-02T09:23:22.661Z"", ""version"": ""01"", ""sar:observation_direction"": ""left"", ""sar:polarizations"": [""HH"", ""HV"", ""VH"", ""VV""], ""auth:schemes"": {""s3"": {""type"": ""s3""}, ""oidc"": {""openIdConnectUrl"": ""https://iam.ascend.icsgate.eu/realms/esa-maap/.well-known/openid-configuration"", ""type"": ""openIdConnect""}}, ""sar:instrument_mode"": ""SM"", ""eofeos:orbit_drift_flag"": false, ""processing:datetime"": ""2026-03-02T20:55:37Z"", ""eofeos:mission_phase"": ""TOMOGRAPHIC"", ""updated"": ""2026-05-17T13:26:48Z"", ""sat:absolute_orbit"": 4503, ""product:acquisition_type"": ""nominal""}"
BIO_S1_SCS__1S_20260425T092731_20260425T092751_T_G01_M03_C01_T035_F299_02_DQFU2N,BIO_S1_SCS__1S_20260425T092731_20260425T092751_T_G01_M03_C01_T035_F299_02_DQFU2N,BiomassLevel1a,SCS,T035,F299,2026-04-25T09:27:31.380Z,2026-04-25T09:27:51.777Z,1,ASCENDING,"{""processing:facility"": ""Biomass CPF"", ""product:type"": ""S1_SCS__1S"", ""eofeos:global_coverage_id"": ""1"", ""sat:anx_datetime"": ""2026-04-25T07:53:08.247Z"", ""platform"": ""Biomass"", ""eofeos:major_cycle_id"": ""3"", ""datetime"": ""2026-04-25T09:27:31.380Z"", ""instruments"": [""P-SAR""], ""constellation"": ""Biomass"", ""storage:schemes"": {""biomass-pdgs-01"": {""bucket"": ""biomass-pdgs-01"", ""description"": ""This endpoint provides access to EO data which is stored on the object storage of the ESA MAAP. See the [documentation](https://portal.maap.eo.esa.int/dataaccess/) for more information, including how to get credentials."", ""type"": ""custom-s3"", ""title"": ""ESA MAAP S3"", ""region"": ""gra"", ""platform"": ""https://{bucket}.s3.{region}.io.cloud.ovh.net""}}, ""eopf:datatake_id"": ""43382048"", ""processing:software"": {""Biomass L1 Processor"": ""4.4.2""}, ""eopf:instrument_configuration_id"": 0, ""grid:code"": ""WRS-35-299"", ""processing:level"": ""L1A"", ""proj:code"": ""EPSG:4326"", ""sci:doi"": ""10.57780/bio-bef83b4"", ""created"": ""2026-04-25T21:51:59Z"", ""published"": ""2026-04-25T09:27:51.777Z"", ""version"": ""02"", ""sar:observation_direction"": ""left"", ""sar:polarizations"": [""HH"", ""HV"", ""VH"", ""VV""], ""auth:schemes"": {""s3"": {""type"": ""s3""}, ""oidc"": {""openIdConnectUrl"": ""https://iam.ascend.icsgate.eu/realms/esa-maap/.well-known/openid-configuration"", ""type"": ""openIdConnect""}}, ""sar:instrument_mode"": ""SM"", ""eofeos:orbit_drift_flag"": false, ""processing:datetime"": ""2026-04-25T21:51:59Z"", ""eofeos:mission_phase"": ""TOMOGRAPHIC"", ""updated"": ""2026-06-09T16:51:58Z"", ""sat:absolute_orbit"": 5295, ""product:acquisition_type"": ""nominal""}"
BIO_S1_SCS__1S_20260428T092733_20260428T092753_T_G01_M03_C02_T035_F299_02_DQLH9P,BIO_S1_SCS__1S_20260428T092733_20260428T092753_T_G01_M03_C02_T035_F299_02_DQLH9P,BiomassLevel1a,SCS,T035,F299,2026-04-28T09:27:33.284Z,2026-04-28T09:27:53.682Z,2,ASCENDING,"{""processing:facility"": ""Biomass CPF"", ""product:type"": ""S1_SCS__1S"", ""eofeos:global_coverage_id"": ""1"", ""sat:anx_datetime"": ""2026-04-28T07:53:10.153Z"", ""platform"": ""Biomass"", ""eofeos:major_cycle_id"": ""3"", ""datetime"": ""2026-04-28T09:27:33.284Z"", ""instruments"": [""P-SAR""], ""constellation"": ""Biomass"", ""storage:schemes"": {""biomass-pdgs-01"": {""bucket"": ""biomass-pdgs-01"", ""description"": ""This endpoint provides access to EO data which is stored on the object storage of the ESA MAAP. See the [documentation](https://portal.maap.eo.esa.int/dataaccess/) for more information, including how to get credentials."", ""type"": ""custom-s3"", ""title"": ""ESA MAAP S3"", ""region"": ""gra"", ""platform"": ""https://{bucket}.s3.{region}.io.cloud.ovh.net""}}, ""eopf:datatake_id"": ""43742496"", ""processing:software"": {""Biomass L1 Processor"": ""4.4.2""}, ""eopf:instrument_configuration_id"": 0, ""grid:code"": ""WRS-35-299"", ""processing:level"": ""L1A"", ""proj:code"": ""EPSG:4326"", ""sci:doi"": ""10.57780/bio-bef83b4"", ""created"": ""2026-04-28T23:01:01Z"", ""published"": ""2026-04-28T09:27:53.682Z"", ""version"": ""02"", ""sar:observation_direction"": ""left"", ""sar:polarizations"": [""HH"", ""HV"", ""VH"", ""VV""], ""auth:schemes"": {""s3"": {""type"": ""s3""}, ""oidc"": {""openIdConnectUrl"": ""https://iam.ascend.icsgate.eu/realms/esa-maap/.well-known/openid-configuration"", ""type"": ""openIdConnect""}}, ""sar:instrument_mode"": ""SM"", ""eofeos:orbit_drift_flag"": false, ""processing:datetime"": ""2026-04-28T23:01:01Z"", ""eofeos:mission_phase"": ""TOMOGRAPHIC"", ""updated"": ""2026-06-10T21:55:46Z"", ""sat:absolute_orbit"": 5339, ""product:acquisition_type"": ""nominal""}"
BIO_S1_SCS__1S_20260302T092321_20260302T092341_T_G01_M02_C07_T035_F300_01_DNNRAY,BIO_S1_SCS__1S_20260302T092321_20260302T092341_T_G01_M02_C07_T035_F300_01_DNNRAY,BiomassLevel1a,SCS,T035,F300,2026-03-02T09:23:21.276Z,2026-03-02T09:23:41.672Z,7,ASCENDING,"{""processing:facility"": ""Biomass CPF"", ""product:type"": ""S1_SCS__1S"", ""eofeos:global_coverage_id"": ""1"", ""sat:anx_datetime"": ""2026-03-02T07:48:39.108Z"", ""platform"": ""Biomass"", ""eofeos:major_cycle_id"": ""2"", ""datetime"": ""2026-03-02T09:23:21.276Z"", ""instruments"": [""P-SAR""], ""constellation"": ""Biomass"", ""storage:schemes"": {""biomass-pdgs-01"": {""bucket"": ""biomass-pdgs-01"", ""description"": ""This endpoint provides access to EO data which is stored on the object storage of the ESA MAAP. See the [documentation](https://portal.maap.eo.esa.int/dataaccess/) for more information, including how to get credentials."", ""type"": ""custom-s3"", ""title"": ""ESA MAAP S3"", ""region"": ""gra"", ""platform"": ""https://{bucket}.s3.{region}.io.cloud.ovh.net""}}, ""eopf:datatake_id"": ""36894003"", ""processing:software"": {""Biomass L1 Processor"": ""4.3.1""}, ""eopf:instrument_configuration_id"": 0, ""grid:code"": ""WRS-35-300"", ""processing:level"": ""L1A"", ""proj:code"": ""EPSG:4326"", ""sci:doi"": ""10.57780/bio-bef83b4"", ""created"": ""2026-03-02T20:52:10Z"", ""published"": ""2026-03-02T09:23:41.672Z"", ""version"": ""01"", ""sar:observation_direction"": ""left"", ""sar:polarizations"": [""HH"", ""HV"", ""VH"", ""VV""], ""auth:schemes"": {""s3"": {""type"": ""s3""}, ""oidc"": {""openIdConnectUrl"": ""https://iam.ascend.icsgate.eu/realms/esa-maap/.well-known/openid-configuration"", ""type"": ""openIdConnect""}}, ""sar:instrument_mode"": ""SM"", ""eofeos:orbit_drift_flag"": false, ""processing:datetime"": ""2026-03-02T20:52:10Z"", ""eofeos:mission_phase"": ""TOMOGRAPHIC"", ""updated"": ""2026-05-17T13:26:48Z"", ""sat:absolute_orbit"": 4503, ""product:acquisition_type"": ""nominal""}"
BIO_S1_SCS__1S_20260302T092340_20260302T092400_T_G01_M02_C07_T035_F301_01_DNNRGH,BIO_S1_SCS__1S_20260302T092340_20260302T092400_T_G01_M02_C07_T035_F301_01_DNNRGH,BiomassLevel1a,SCS,T035,F301,2026-03-02T09:23:40.286Z,2026-03-02T09:24:00.680Z,7,ASCENDING,"{""processing:facility"": ""Biomass CPF"", ""product:type"": ""S1_SCS__1S"", ""eofeos:global_coverage_id"": ""1"", ""sat:anx_datetime"": ""2026-03-02T07:48:39.108Z"", ""platform"": ""Biomass"", ""eofeos:major_cycle_id"": ""2"", ""datetime"": ""2026-03-02T09:23:40.286Z"", ""instruments"": [""P-SAR""], ""constellation"": ""Biomass"", ""storage:schemes"": {""biomass-pdgs-01"": {""bucket"": ""biomass-pdgs-01"", ""description"": ""This endpoint provides access to EO data which is stored on the object storage of the ESA MAAP. See the [documentation](https://portal.maap.eo.esa.int/dataaccess/) for more information, including how to get credentials."", ""type"": ""custom-s3"", ""title"": ""ESA MAAP S3"", ""region"": ""gra"", ""platform"": ""https://{bucket}.s3.{region}.io.cloud.ovh.net""}}, ""eopf:datatake_id"": ""36894003"", ""processing:software"": {""Biomass L1 Processor"": ""4.3.1""}, ""eopf:instrument_configuration_id"": 0, ""grid:code"": ""WRS-35-301"", ""processing:level"": ""L1A"", ""proj:code"": ""EPSG:4326"", ""sci:doi"": ""10.57780/bio-bef83b4"", ""created"": ""2026-03-02T20:55:29Z"", ""published"": ""2026-03-02T09:24:00.680Z"", ""version"": ""01"", ""sar:observation_direction"": ""left"", ""sar:polarizations"": [""HH"", ""HV"", ""VH"", ""VV""], ""auth:schemes"": {""s3"": {""type"": ""s3""}, ""oidc"": {""openIdConnectUrl"": ""https://iam.ascend.icsgate.eu/realms/esa-maap/.well-known/openid-configuration"", ""type"": ""openIdConnect""}}, ""sar:instrument_mode"": ""SM"", ""eofeos:orbit_drift_flag"": false, ""processing:datetime"": ""2026-03-02T20:55:29Z"", ""eofeos:mission_phase"": ""TOMOGRAPHIC"", ""updated"": ""2026-05-17T13:26:48Z"", ""sat:absolute_orbit"": 4503, ""product:acquisition_type"": ""nominal""}"
BIO_S1_SCS__1S_20251202T091910_20251202T091930_T_G01_M01_C04_T035_F302_01_DKR1RO,BIO_S1_SCS__1S_20251202T091910_20251202T091930_T_G01_M01_C04_T035_F302_01_DKR1RO,BiomassLevel1a,SCS,T035,F302,2025-12-02T09:19:10.055Z,2025-12-02T09:19:30.842Z,4,ASCENDING,"{""processing:facility"": ""Biomass CPF"", ""product:type"": ""S1_SCS__1S"", ""eofeos:global_coverage_id"": ""1"", ""sat:anx_datetime"": ""2025-12-02T07:43:50.062Z"", ""platform"": ""Biomass"", ""eofeos:major_cycle_id"": ""1"", ""datetime"": ""2025-12-02T09:19:10.055Z"", ""instruments"": [""P-SAR""], ""constellation"": ""Biomass"", ""storage:schemes"": {""biomass-pdgs-01"": {""bucket"": ""biomass-pdgs-01"", ""description"": ""This endpoint provides access to EO data which is stored on the object storage of the ESA MAAP. See the [documentation](https://portal.maap.eo.esa.int/dataaccess/) for more information, including how to get credentials."", ""type"": ""custom-s3"", ""title"": ""ESA MAAP S3"", ""region"": ""gra"", ""platform"": ""https://{bucket}.s3.{region}.io.cloud.ovh.net""}}, ""eopf:datatake_id"": ""26080612"", ""processing:software"": {""Biomass L1 Processor"": ""4.2.2""}, ""eopf:instrument_configuration_id"": 0, ""grid:code"": ""WRS-35-302"", ""processing:level"": ""L1A"", ""proj:code"": ""EPSG:4326"", ""sci:doi"": ""10.57780/bio-bef83b4"", ""created"": ""2026-01-05T07:50:12Z"", ""published"": ""2025-12-02T09:19:30.842Z"", ""version"": ""01"", ""sar:observation_direction"": ""left"", ""sar:polarizations"": [""HH"", ""HV"", ""VH"", ""VV""], ""auth:schemes"": {""s3"": {""type"": ""s3""}, ""oidc"": {""openIdConnectUrl"": ""https://iam.ascend.icsgate.eu/realms/esa-maap/.well-known/openid-configuration"", ""type"": ""openIdConnect""}}, ""sar:instrument_mode"": ""SM"", ""eofeos:orbit_drift_flag"": false, ""processing:datetime"": ""2026-01-05T07:50:12Z"", ""eofeos:mission_phase"": ""TOMOGRAPHIC"", ""updated"": ""2026-05-17T10:16:51Z"", ""sat:absolute_orbit"": 3183, ""product:acquisition_type"": ""nominal""}"
BIO_S1_SCS__1S_20260302T092359_20260302T092419_T_G01_M02_C07_T035_F302_01_DNNROF,BIO_S1_SCS__1S_20260302T092359_20260302T092419_T_G01_M02_C07_T035_F302_01_DNNROF,BiomassLevel1a,SCS,T035,F302,2026-03-02T09:23:59.297Z,2026-03-02T09:24:19.690Z,7,ASCENDING,"{""processing:facility"": ""Biomass CPF"", ""product:type"": ""S1_SCS__1S"", ""eofeos:global_coverage_id"": ""1"", ""sat:anx_datetime"": ""2026-03-02T07:48:39.108Z"", ""platform"": ""Biomass"", ""eofeos:major_cycle_id"": ""2"", ""datetime"": ""2026-03-02T09:23:59.297Z"", ""instruments"": [""P-SAR""], ""constellation"": ""Biomass"", ""storage:schemes"": {""biomass-pdgs-01"": {""bucket"": ""biomass-pdgs-01"", ""description"": ""This endpoint provides access to EO data which is stored on the object storage of the ESA MAAP. See the [documentation](https://portal.maap.eo.esa.int/dataaccess/) for more information, including how to get credentials."", ""type"": ""custom-s3"", ""title"": ""ESA MAAP S3"", ""region"": ""gra"", ""platform"": ""https://{bucket}.s3.{region}.io.cloud.ovh.net""}}, ""eopf:datatake_id"": ""36894003"", ""processing:software"": {""Biomass L1 Processor"": ""4.3.1""}, ""eopf:instrument_configuration_id"": 0, ""grid:code"": ""WRS-35-302"", ""processing:level"": ""L1A"", ""proj:code"": ""EPSG:4326"", ""sci:doi"": ""10.57780/bio-bef83b4"", ""created"": ""2026-03-02T21:00:15Z"", ""published"": ""2026-03-02T09:24:19.690Z"", ""version"": ""01"", ""sar:observation_direction"": ""left"", ""sar:polarizations"": [""HH"", ""HV"", ""VH"", ""VV""], ""auth:schemes"": {""s3"": {""type"": ""s3""}, ""oidc"": {""openIdConnectUrl"": ""https://iam.ascend.icsgate.eu/realms/esa-maap/.well-known/openid-configuration"", ""type"": ""openIdConnect""}}, ""sar:instrument_mode"": ""SM"", ""eofeos:orbit_drift_flag"": false, ""processing:datetime"": ""2026-03-02T21:00:15Z"", ""eofeos:mission_phase"": ""TOMOGRAPHIC"", ""updated"": ""2026-05-17T13:26:48Z"", ""sat:absolute_orbit"": 4503, ""product:acquisition_type"": ""nominal""}"
BIO_S1_SCS__1S_20251202T214129_20251202T214149_T_G01_M01_C04_T043_F166_01_DO2XM4,BIO_S1_SCS__1S_20251202T214129_20251202T214149_T_G01_M01_C04_T043_F166_01_DO2XM4,BiomassLevel1a,SCS,T043,F166,2025-12-02T21:41:29.189Z,2025-12-02T21:41:49.584Z,4,DESCENDING,"{""processing:facility"": ""Biomass CPF"", ""product:type"": ""S1_SCS__1S"", ""eofeos:global_coverage_id"": ""1"", ""sat:anx_datetime"": ""2025-12-02T20:49:17.793Z"", ""platform"": ""Biomass"", ""eofeos:major_cycle_id"": ""1"", ""datetime"": ""2025-12-02T21:41:29.189Z"", ""instruments"": [""P-SAR""], ""constellation"": ""Biomass"", ""storage:schemes"": {""biomass-pdgs-01"": {""bucket"": ""biomass-pdgs-01"", ""description"": ""This endpoint provides access to EO data which is stored on the object storage of the ESA MAAP. See the [documentation](https://portal.maap.eo.esa.int/dataaccess/) for more information, including how to get credentials."", ""type"": ""custom-s3"", ""title"": ""ESA MAAP S3"", ""region"": ""gra"", ""platform"": ""https://{bucket}.s3.{region}.io.cloud.ovh.net""}}, ""eopf:datatake_id"": ""26143527"", ""processing:software"": {""Biomass L1 Processor"": ""4.3.1""}, ""eopf:instrument_configuration_id"": 0, ""grid:code"": ""WRS-43-166"", ""processing:level"": ""L1A"", ""proj:code"": ""EPSG:4326"", ""sci:doi"": ""10.57780/bio-bef83b4"", ""created"": ""2026-03-11T01:32:28Z"", ""published"": ""2025-12-02T21:41:49.584Z"", ""version"": ""01"", ""sar:observation_direction"": ""left"", ""sar:polarizations"": [""HH"", ""HV"", ""VH"", ""VV""], ""auth:schemes"": {""s3"": {""type"": ""s3""}, ""oidc"": {""openIdConnectUrl"": ""https://iam.ascend.icsgate.eu/realms/esa-maap/.well-known/openid-configuration"", ""type"": ""openIdConnect""}}, ""sar:instrument_mode"": ""SM"", ""eofeos:orbit_drift_flag"": false, ""processing:datetime"": ""2026-03-11T01:32:28Z"", ""eofeos:mission_phase"": ""TOMOGRAPHIC"", ""updated"": ""2026-05-17T10:18:11Z"", ""sat:absolute_orbit"": 3191, ""product:acquisition_type"": ""nominal""}"
BIO_S1_SCS__1S_20260302T214618_20260302T214638_T_G01_M02_C07_T043_F166_01_DNOS4R,BIO_S1_SCS__1S_20260302T214618_20260302T214638_T_G01_M02_C07_T043_F166_01_DNOS4R,BiomassLevel1a,SCS,T043,F166,2026-03-02T21:46:18.176Z,2026-03-02T21:46:38.570Z,7,DESCENDING,"{""processing:facility"": ""Biomass CPF"", ""product:type"": ""S1_SCS__1S"", ""eofeos:global_coverage_id"": ""1"", ""sat:anx_datetime"": ""2026-03-02T20:54:06.819Z"", ""platform"": ""Biomass"", ""eofeos:major_cycle_id"": ""2"", ""datetime"": ""2026-03-02T21:46:18.176Z"", ""instruments"": [""P-SAR""], ""constellation"": ""Biomass"", ""storage:schemes"": {""biomass-pdgs-01"": {""bucket"": ""biomass-pdgs-01"", ""description"": ""This endpoint provides access to EO data which is stored on the object storage of the ESA MAAP. See the [documentation](https://portal.maap.eo.esa.int/dataaccess/) for more information, including how to get credentials."", ""type"": ""custom-s3"", ""title"": ""ESA MAAP S3"", ""region"": ""gra"", ""platform"": ""https://{bucket}.s3.{region}.io.cloud.ovh.net""}}, ""eopf:datatake_id"": ""36956954"", ""processing:software"": {""Biomass L1 Processor"": ""4.3.1""}, ""eopf:instrument_configuration_id"": 0, ""grid:code"": ""WRS-43-166"", ""processing:level"": ""L1A"", ""proj:code"": ""EPSG:4326"", ""sci:doi"": ""10.57780/bio-bef83b4"", ""created"": ""2026-03-03T10:07:39Z"", ""published"": ""2026-03-02T21:46:38.570Z"", ""version"": ""01"", ""sar:observation_direction"": ""left"", ""sar:polarizations"": [""HH"", ""HV"", ""VH"", ""VV""], ""auth:schemes"": {""s3"": {""type"": ""s3""}, ""oidc"": {""openIdConnectUrl"": ""https://iam.ascend.icsgate.eu/realms/esa-maap/.well-known/openid-configuration"", ""type"": ""openIdConnect""}}, ""sar:instrument_mode"": ""SM"", ""eofeos:orbit_drift_flag"": false, ""processing:datetime"": ""2026-03-03T10:07:39Z"", ""eofeos:mission_phase"": ""TOMOGRAPHIC"", ""updated"": ""2026-05-17T13:27:31Z"", ""sat:absolute_orbit"": 4511, ""product:acquisition_type"": ""nominal""}"
BIO_S1_SCS__1S_20260212T214626_20260212T214646_T_G01_M02_C01_T043_F167_01_DMRF4P,BIO_S1_SCS__1S_20260212T214626_20260212T214646_T_G01_M02_C01_T043_F167_01_DMRF4P,BiomassLevel1a,SCS,T043,F167,2026-02-12T21:46:26.397Z,2026-02-12T21:46:46.792Z,1,DESCENDING,"{""processing:facility"": ""Biomass CPF"", ""product:type"": ""S1_SCS__1S"", ""eofeos:global_coverage_id"": ""1"", ""sat:anx_datetime"": ""2026-02-12T20:53:56.084Z"", ""platform"": ""Biomass"", ""eofeos:major_cycle_id"": ""2"", ""datetime"": ""2026-02-12T21:46:26.397Z"", ""instruments"": [""P-SAR""], ""constellation"": ""Biomass"", ""storage:schemes"": {""biomass-pdgs-01"": {""bucket"": ""biomass-pdgs-01"", ""description"": ""This endpoint provides access to EO data which is stored on the object storage of the ESA MAAP. See the [documentation](https://portal.maap.eo.esa.int/dataaccess/) for more information, including how to get credentials."", ""type"": ""custom-s3"", ""title"": ""ESA MAAP S3"", ""region"": ""gra"", ""platform"": ""https://{bucket}.s3.{region}.io.cloud.ovh.net""}}, ""eopf:datatake_id"": ""34794266"", ""processing:software"": {""Biomass L1 Processor"": ""4.3.1""}, ""eopf:instrument_configuration_id"": 0, ""grid:code"": ""WRS-43-167"", ""processing:level"": ""L1A"", ""proj:code"": ""EPSG:4326"", ""sci:doi"": ""10.57780/bio-bef83b4"", ""created"": ""2026-02-13T09:46:01Z"", ""published"": ""2026-02-12T21:46:46.792Z"", ""version"": ""01"", ""sar:observation_direction"": ""left"", ""sar:polarizations"": [""HH"", ""HV"", ""VH"", ""VV""], ""auth:schemes"": {""s3"": {""type"": ""s3""}, ""oidc"": {""openIdConnectUrl"": ""https://iam.ascend.icsgate.eu/realms/esa-maap/.well-known/openid-configuration"", ""type"": ""openIdConnect""}}, ""sar:instrument_mode"": ""SM"", ""eofeos:orbit_drift_flag"": false, ""processing:datetime"": ""2026-02-13T09:46:01Z"", ""eofeos:mission_phase"": ""TOMOGRAPHIC"", ""updated"": ""2026-05-17T12:43:43Z"", ""sat:absolute_orbit"": 4247, ""product:acquisition_type"": ""nominal""}"
BIO_S1_SCS__1S_20260302T214637_20260302T214657_T_G01_M02_C07_T043_F167_01_DNOS7J,BIO_S1_SCS__1S_20260302T214637_20260302T214657_T_G01_M02_C07_T043_F167_01_DNOS7J,BiomassLevel1a,SCS,T043,F167,2026-03-02T21:46:37.185Z,2026-03-02T21:46:57.580Z,7,DESCENDING,"{""processing:facility"": ""Biomass CPF"", ""product:type"": ""S1_SCS__1S"", ""eofeos:global_coverage_id"": ""1"", ""sat:anx_datetime"": ""2026-03-02T20:54:06.819Z"", ""platform"": ""Biomass"", ""eofeos:major_cycle_id"": ""2"", ""datetime"": ""2026-03-02T21:46:37.185Z"", ""instruments"": [""P-SAR""], ""constellation"": ""Biomass"", ""storage:schemes"": {""biomass-pdgs-01"": {""bucket"": ""biomass-pdgs-01"", ""description"": ""This endpoint provides access to EO data which is stored on the object storage of the ESA MAAP. See the [documentation](https://portal.maap.eo.esa.int/dataaccess/) for more information, including how to get credentials."", ""type"": ""custom-s3"", ""title"": ""ESA MAAP S3"", ""region"": ""gra"", ""platform"": ""https://{bucket}.s3.{region}.io.cloud.ovh.net""}}, ""eopf:datatake_id"": ""36956954"", ""processing:software"": {""Biomass L1 Processor"": ""4.3.1""}, ""eopf:instrument_configuration_id"": 0, ""grid:code"": ""WRS-43-167"", ""processing:level"": ""L1A"", ""proj:code"": ""EPSG:4326"", ""sci:doi"": ""10.57780/bio-bef83b4"", ""created"": ""2026-03-03T10:09:19Z"", ""published"": ""2026-03-02T21:46:57.580Z"", ""version"": ""01"", ""sar:observation_direction"": ""left"", ""sar:polarizations"": [""HH"", ""HV"", ""VH"", ""VV""], ""auth:schemes"": {""s3"": {""type"": ""s3""}, ""oidc"": {""openIdConnectUrl"": ""https://iam.ascend.icsgate.eu/realms/esa-maap/.well-known/openid-configuration"", ""type"": ""openIdConnect""}}, ""sar:instrument_mode"": ""SM"", ""eofeos:orbit_drift_flag"": false, ""processing:datetime"": ""2026-03-03T10:09:19Z"", ""eofeos:mission_phase"": ""TOMOGRAPHIC"", ""updated"": ""2026-05-17T13:27:31Z"", ""sat:absolute_orbit"": 4511, ""product:acquisition_type"": ""nominal""}"
BIO_S1_SCS__1S_20260428T215108_20260428T215128_T_G01_M03_C02_T043_F167_02_DQMIZW,BIO_S1_SCS__1S_20260428T215108_20260428T215128_T_G01_M03_C02_T043_F167_02_DQMIZW,BiomassLevel1a,SCS,T043,F167,2026-04-28T21:51:08.039Z,2026-04-28T21:51:28.434Z,2,DESCENDING,"{""processing:facility"": ""Biomass CPF"", ""product:type"": ""S1_SCS__1S"", ""eofeos:global_coverage_id"": ""1"", ""sat:anx_datetime"": ""2026-04-28T20:58:37.723Z"", ""platform"": ""Biomass"", ""eofeos:major_cycle_id"": ""3"", ""datetime"": ""2026-04-28T21:51:08.039Z"", ""instruments"": [""P-SAR""], ""constellation"": ""Biomass"", ""storage:schemes"": {""biomass-pdgs-01"": {""bucket"": ""biomass-pdgs-01"", ""description"": ""This endpoint provides access to EO data which is stored on the object storage of the ESA MAAP. See the [documentation](https://portal.maap.eo.esa.int/dataaccess/) for more information, including how to get credentials."", ""type"": ""custom-s3"", ""title"": ""ESA MAAP S3"", ""region"": ""gra"", ""platform"": ""https://{bucket}.s3.{region}.io.cloud.ovh.net""}}, ""eopf:datatake_id"": ""43805456"", ""processing:software"": {""Biomass L1 Processor"": ""4.4.2""}, ""eopf:instrument_configuration_id"": 0, ""grid:code"": ""WRS-43-167"", ""processing:level"": ""L1A"", ""proj:code"": ""EPSG:4326"", ""sci:doi"": ""10.57780/bio-bef83b4"", ""created"": ""2026-04-29T12:35:56Z"", ""published"": ""2026-04-28T21:51:28.434Z"", ""version"": ""02"", ""sar:observation_direction"": ""left"", ""sar:polarizations"": [""HH"", ""HV"", ""VH"", ""VV""], ""auth:schemes"": {""s3"": {""type"": ""s3""}, ""oidc"": {""openIdConnectUrl"": ""https://iam.ascend.icsgate.eu/realms/esa-maap/.well-known/openid-configuration"", ""type"": ""openIdConnect""}}, ""sar:instrument_mode"": ""SM"", ""eofeos:orbit_drift_flag"": false, ""processing:datetime"": ""2026-04-29T12:35:56Z"", ""eofeos:mission_phase"": ""TOMOGRAPHIC"", ""updated"": ""2026-06-10T21:57:02Z"", ""sat:absolute_orbit"": 5347, ""product:acquisition_type"": ""nominal""}"
BIO_S1_SCS__1S_20260501T215109_20260501T215130_T_G01_M03_C03_T043_F167_02_DQS15A,BIO_S1_SCS__1S_20260501T215109_20260501T215130_T_G01_M03_C03_T043_F167_02_DQS15A,BiomassLevel1a,SCS,T043,F167,2026-05-01T21:51:09.964Z,2026-05-01T21:51:30.360Z,3,DESCENDING,"{""processing:facility"": ""Biomass CPF"", ""product:type"": ""S1_SCS__1S"", ""eofeos:global_coverage_id"": ""1"", ""sat:anx_datetime"": ""2026-05-01T20:58:39.655Z"", ""platform"": ""Biomass"", ""eofeos:major_cycle_id"": ""3"", ""datetime"": ""2026-05-01T21:51:09.964Z"", ""instruments"": [""P-SAR""], ""constellation"": ""Biomass"", ""storage:schemes"": {""biomass-pdgs-01"": {""bucket"": ""biomass-pdgs-01"", ""description"": ""This endpoint provides access to EO data which is stored on the object storage of the ESA MAAP. See the [documentation](https://portal.maap.eo.esa.int/dataaccess/) for more information, including how to get credentials."", ""type"": ""custom-s3"", ""title"": ""ESA MAAP S3"", ""region"": ""gra"", ""platform"": ""https://{bucket}.s3.{region}.io.cloud.ovh.net""}}, ""eopf:datatake_id"": ""44165904"", ""processing:software"": {""Biomass L1 Processor"": ""4.4.2""}, ""eopf:instrument_configuration_id"": 0, ""grid:code"": ""WRS-43-167"", ""processing:level"": ""L1A"", ""proj:code"": ""EPSG:4326"", ""sci:doi"": ""10.57780/bio-bef83b4"", ""created"": ""2026-05-02T11:55:58Z"", ""published"": ""2026-05-01T21:51:30.360Z"", ""version"": ""02"", ""sar:observation_direction"": ""left"", ""sar:polarizations"": [""HH"", ""HV"", ""VH"", ""VV""], ""auth:schemes"": {""s3"": {""type"": ""s3""}, ""oidc"": {""openIdConnectUrl"": ""https://iam.ascend.icsgate.eu/realms/esa-maap/.well-known/openid-configuration"", ""type"": ""openIdConnect""}}, ""sar:instrument_mode"": ""SM"", ""eofeos:orbit_drift_flag"": false, ""processing:datetime"": ""2026-05-02T11:55:58Z"", ""eofeos:mission_phase"": ""TOMOGRAPHIC"", ""updated"": ""2026-06-10T22:16:58Z"", ""sat:absolute_orbit"": 5391, ""product:acquisition_type"": ""nominal""}"
BIO_S1_SCS__1S_20260212T214645_20260212T214705_T_G01_M02_C01_T043_F168_01_DMRF2D,BIO_S1_SCS__1S_20260212T214645_20260212T214705_T_G01_M02_C01_T043_F168_01_DMRF2D,BiomassLevel1a,SCS,T043,F168,2026-02-12T21:46:45.407Z,2026-02-12T21:47:05.803Z,1,DESCENDING,"{""processing:facility"": ""Biomass CPF"", ""product:type"": ""S1_SCS__1S"", ""eofeos:global_coverage_id"": ""1"", ""sat:anx_datetime"": ""2026-02-12T20:53:56.084Z"", ""platform"": ""Biomass"", ""eofeos:major_cycle_id"": ""2"", ""datetime"": ""2026-02-12T21:46:45.407Z"", ""instruments"": [""P-SAR""], ""constellation"": ""Biomass"", ""storage:schemes"": {""biomass-pdgs-01"": {""bucket"": ""biomass-pdgs-01"", ""description"": ""This endpoint provides access to EO data which is stored on the object storage of the ESA MAAP. See the [documentation](https://portal.maap.eo.esa.int/dataaccess/) for more information, including how to get credentials."", ""type"": ""custom-s3"", ""title"": ""ESA MAAP S3"", ""region"": ""gra"", ""platform"": ""https://{bucket}.s3.{region}.io.cloud.ovh.net""}}, ""eopf:datatake_id"": ""34794266"", ""processing:software"": {""Biomass L1 Processor"": ""4.3.1""}, ""eopf:instrument_configuration_id"": 0, ""grid:code"": ""WRS-43-168"", ""processing:level"": ""L1A"", ""proj:code"": ""EPSG:4326"", ""sci:doi"": ""10.57780/bio-bef83b4"", ""created"": ""2026-02-13T09:44:37Z"", ""published"": ""2026-02-12T21:47:05.803Z"", ""version"": ""01"", ""sar:observation_direction"": ""left"", ""sar:polarizations"": [""HH"", ""HV"", ""VH"", ""VV""], ""auth:schemes"": {""s3"": {""type"": ""s3""}, ""oidc"": {""openIdConnectUrl"": ""https://iam.ascend.icsgate.eu/realms/esa-maap/.well-known/openid-configuration"", ""type"": ""openIdConnect""}}, ""sar:instrument_mode"": ""SM"", ""eofeos:orbit_drift_flag"": false, ""processing:datetime"": ""2026-02-13T09:44:37Z"", ""eofeos:mission_phase"": ""TOMOGRAPHIC"", ""updated"": ""2026-05-17T12:43:44Z"", ""sat:absolute_orbit"": 4247, ""product:acquisition_type"": ""nominal""}"
BIO_S1_SCS__1S_20260302T214656_20260302T214716_T_G01_M02_C07_T043_F168_01_DNOS99,BIO_S1_SCS__1S_20260302T214656_20260302T214716_T_G01_M02_C07_T043_F168_01_DNOS99,BiomassLevel1a,SCS,T043,F168,2026-03-02T21:46:56.195Z,2026-03-02T21:47:16.593Z,7,DESCENDING,"{""processing:facility"": ""Biomass CPF"", ""product:type"": ""S1_SCS__1S"", ""eofeos:global_coverage_id"": ""1"", ""sat:anx_datetime"": ""2026-03-02T20:54:06.819Z"", ""platform"": ""Biomass"", ""eofeos:major_cycle_id"": ""2"", ""datetime"": ""2026-03-02T21:46:56.195Z"", ""instruments"": [""P-SAR""], ""constellation"": ""Biomass"", ""storage:schemes"": {""biomass-pdgs-01"": {""bucket"": ""biomass-pdgs-01"", ""description"": ""This endpoint provides access to EO data which is stored on the object storage of the ESA MAAP. See the [documentation](https://portal.maap.eo.esa.int/dataaccess/) for more information, including how to get credentials."", ""type"": ""custom-s3"", ""title"": ""ESA MAAP S3"", ""region"": ""gra"", ""platform"": ""https://{bucket}.s3.{region}.io.cloud.ovh.net""}}, ""eopf:datatake_id"": ""36956954"", ""processing:software"": {""Biomass L1 Processor"": ""4.3.1""}, ""eopf:instrument_configuration_id"": 0, ""grid:code"": ""WRS-43-168"", ""processing:level"": ""L1A"", ""proj:code"": ""EPSG:4326"", ""sci:doi"": ""10.57780/bio-bef83b4"", ""created"": ""2026-03-03T10:10:21Z"", ""published"": ""2026-03-02T21:47:16.593Z"", ""version"": ""01"", ""sar:observation_direction"": ""left"", ""sar:polarizations"": [""HH"", ""HV"", ""VH"", ""VV""], ""auth:schemes"": {""s3"": {""type"": ""s3""}, ""oidc"": {""openIdConnectUrl"": ""https://iam.ascend.icsgate.eu/realms/esa-maap/.well-known/openid-configuration"", ""type"": ""openIdConnect""}}, ""sar:instrument_mode"": ""SM"", ""eofeos:orbit_drift_flag"": false, ""processing:datetime"": ""2026-03-03T10:10:21Z"", ""eofeos:mission_phase"": ""TOMOGRAPHIC"", ""updated"": ""2026-05-17T13:27:31Z"", ""sat:absolute_orbit"": 4511, ""product:acquisition_type"": ""nominal""}"
BIO_S1_SCS__1S_20260425T215125_20260425T215145_T_G01_M03_C01_T043_F168_02_DQGXU3,BIO_S1_SCS__1S_20260425T215125_20260425T215145_T_G01_M03_C01_T043_F168_02_DQGXU3,BiomassLevel1a,SCS,T043,F168,2026-04-25T21:51:25.141Z,2026-04-25T21:51:45.538Z,1,DESCENDING,"{""processing:facility"": ""Biomass CPF"", ""product:type"": ""S1_SCS__1S"", ""eofeos:global_coverage_id"": ""1"", ""sat:anx_datetime"": ""2026-04-25T20:58:35.810Z"", ""platform"": ""Biomass"", ""eofeos:major_cycle_id"": ""3"", ""datetime"": ""2026-04-25T21:51:25.141Z"", ""instruments"": [""P-SAR""], ""constellation"": ""Biomass"", ""storage:schemes"": {""biomass-pdgs-01"": {""bucket"": ""biomass-pdgs-01"", ""description"": ""This endpoint provides access to EO data which is stored on the object storage of the ESA MAAP. See the [documentation](https://portal.maap.eo.esa.int/dataaccess/) for more information, including how to get credentials."", ""type"": ""custom-s3"", ""title"": ""ESA MAAP S3"", ""region"": ""gra"", ""platform"": ""https://{bucket}.s3.{region}.io.cloud.ovh.net""}}, ""eopf:datatake_id"": ""43445009"", ""processing:software"": {""Biomass L1 Processor"": ""4.4.2""}, ""eopf:instrument_configuration_id"": 0, ""grid:code"": ""WRS-43-168"", ""processing:level"": ""L1A"", ""proj:code"": ""EPSG:4326"", ""sci:doi"": ""10.57780/bio-bef83b4"", ""created"": ""2026-04-26T12:10:51Z"", ""published"": ""2026-04-25T21:51:45.538Z"", ""version"": ""02"", ""sar:observation_direction"": ""left"", ""sar:polarizations"": [""HH"", ""HV"", ""VH"", ""VV""], ""auth:schemes"": {""s3"": {""type"": ""s3""}, ""oidc"": {""openIdConnectUrl"": ""https://iam.ascend.icsgate.eu/realms/esa-maap/.well-known/openid-configuration"", ""type"": ""openIdConnect""}}, ""sar:instrument_mode"": ""SM"", ""eofeos:orbit_drift_flag"": false, ""processing:datetime"": ""2026-04-26T12:10:51Z"", ""eofeos:mission_phase"": ""TOMOGRAPHIC"", ""updated"": ""2026-06-09T16:53:41Z"", ""sat:absolute_orbit"": 5303, ""product:acquisition_type"": ""nominal""}"
BIO_S1_SCS__1S_20260428T215127_20260428T215147_T_G01_M03_C02_T043_F168_02_DQMJL9,BIO_S1_SCS__1S_20260428T215127_20260428T215147_T_G01_M03_C02_T043_F168_02_DQMJL9,BiomassLevel1a,SCS,T043,F168,2026-04-28T21:51:27.049Z,2026-04-28T21:51:47.446Z,2,DESCENDING,"{""processing:facility"": ""Biomass CPF"", ""product:type"": ""S1_SCS__1S"", ""eofeos:global_coverage_id"": ""1"", ""sat:anx_datetime"": ""2026-04-28T20:58:37.723Z"", ""platform"": ""Biomass"", ""eofeos:major_cycle_id"": ""3"", ""datetime"": ""2026-04-28T21:51:27.049Z"", ""instruments"": [""P-SAR""], ""constellation"": ""Biomass"", ""storage:schemes"": {""biomass-pdgs-01"": {""bucket"": ""biomass-pdgs-01"", ""description"": ""This endpoint provides access to EO data which is stored on the object storage of the ESA MAAP. See the [documentation](https://portal.maap.eo.esa.int/dataaccess/) for more information, including how to get credentials."", ""type"": ""custom-s3"", ""title"": ""ESA MAAP S3"", ""region"": ""gra"", ""platform"": ""https://{bucket}.s3.{region}.io.cloud.ovh.net""}}, ""eopf:datatake_id"": ""43805456"", ""processing:software"": {""Biomass L1 Processor"": ""4.4.2""}, ""eopf:instrument_configuration_id"": 0, ""grid:code"": ""WRS-43-168"", ""processing:level"": ""L1A"", ""proj:code"": ""EPSG:4326"", ""sci:doi"": ""10.57780/bio-bef83b4"", ""created"": ""2026-04-29T12:48:45Z"", ""published"": ""2026-04-28T21:51:47.446Z"", ""version"": ""02"", ""sar:observation_direction"": ""left"", ""sar:polarizations"": [""HH"", ""HV"", ""VH"", ""VV""], ""auth:schemes"": {""s3"": {""type"": ""s3""}, ""oidc"": {""openIdConnectUrl"": ""https://iam.ascend.icsgate.eu/realms/esa-maap/.well-known/openid-configuration"", ""type"": ""openIdConnect""}}, ""sar:instrument_mode"": ""SM"", ""eofeos:orbit_drift_flag"": false, ""processing:datetime"": ""2026-04-29T12:48:45Z"", ""eofeos:mission_phase"": ""TOMOGRAPHIC"", ""updated"": ""2026-06-10T21:57:01Z"", ""sat:absolute_orbit"": 5347, ""product:acquisition_type"": ""nominal""}"
BIO_S1_SCS__1S_20260302T214715_20260302T214735_T_G01_M02_C07_T043_F169_01_DNOS4N,BIO_S1_SCS__1S_20260302T214715_20260302T214735_T_G01_M02_C07_T043_F169_01_DNOS4N,BiomassLevel1a,SCS,T043,F169,2026-03-02T21:47:15.208Z,2026-03-02T21:47:35.605Z,7,DESCENDING,"{""processing:facility"": ""Biomass CPF"", ""product:type"": ""S1_SCS__1S"", ""eofeos:global_coverage_id"": ""1"", ""sat:anx_datetime"": ""2026-03-02T20:54:06.819Z"", ""platform"": ""Biomass"", ""eofeos:major_cycle_id"": ""2"", ""datetime"": ""2026-03-02T21:47:15.208Z"", ""instruments"": [""P-SAR""], ""constellation"": ""Biomass"", ""storage:schemes"": {""biomass-pdgs-01"": {""bucket"": ""biomass-pdgs-01"", ""description"": ""This endpoint provides access to EO data which is stored on the object storage of the ESA MAAP. See the [documentation](https://portal.maap.eo.esa.int/dataaccess/) for more information, including how to get credentials."", ""type"": ""custom-s3"", ""title"": ""ESA MAAP S3"", ""region"": ""gra"", ""platform"": ""https://{bucket}.s3.{region}.io.cloud.ovh.net""}}, ""eopf:datatake_id"": ""36956954"", ""processing:software"": {""Biomass L1 Processor"": ""4.3.1""}, ""eopf:instrument_configuration_id"": 0, ""grid:code"": ""WRS-43-169"", ""processing:level"": ""L1A"", ""proj:code"": ""EPSG:4326"", ""sci:doi"": ""10.57780/bio-bef83b4"", ""created"": ""2026-03-03T10:07:35Z"", ""published"": ""2026-03-02T21:47:35.605Z"", ""version"": ""01"", ""sar:observation_direction"": ""left"", ""sar:polarizations"": [""HH"", ""HV"", ""VH"", ""VV""], ""auth:schemes"": {""s3"": {""type"": ""s3""}, ""oidc"": {""openIdConnectUrl"": ""https://iam.ascend.icsgate.eu/realms/esa-maap/.well-known/openid-configuration"", ""type"": ""openIdConnect""}}, ""sar:instrument_mode"": ""SM"", ""eofeos:orbit_drift_flag"": false, ""processing:datetime"": ""2026-03-03T10:07:35Z"", ""eofeos:mission_phase"": ""TOMOGRAPHIC"", ""updated"": ""2026-05-17T13:27:31Z"", ""sat:absolute_orbit"": 4511, ""product:acquisition_type"": ""nominal""}"
BIO_S1_SCS__1S_20260425T215144_20260425T215204_T_G01_M03_C01_T043_F169_02_DQGXUP,BIO_S1_SCS__1S_20260425T215144_20260425T215204_T_G01_M03_C01_T043_F169_02_DQGXUP,BiomassLevel1a,SCS,T043,F169,2026-04-25T21:51:44.152Z,2026-04-25T21:52:04.550Z,1,DESCENDING,"{""processing:facility"": ""Biomass CPF"", ""product:type"": ""S1_SCS__1S"", ""eofeos:global_coverage_id"": ""1"", ""sat:anx_datetime"": ""2026-04-25T20:58:35.810Z"", ""platform"": ""Biomass"", ""eofeos:major_cycle_id"": ""3"", ""datetime"": ""2026-04-25T21:51:44.152Z"", ""instruments"": [""P-SAR""], ""constellation"": ""Biomass"", ""storage:schemes"": {""biomass-pdgs-01"": {""bucket"": ""biomass-pdgs-01"", ""description"": ""This endpoint provides access to EO data which is stored on the object storage of the ESA MAAP. See the [documentation](https://portal.maap.eo.esa.int/dataaccess/) for more information, including how to get credentials."", ""type"": ""custom-s3"", ""title"": ""ESA MAAP S3"", ""region"": ""gra"", ""platform"": ""https://{bucket}.s3.{region}.io.cloud.ovh.net""}}, ""eopf:datatake_id"": ""43445009"", ""processing:software"": {""Biomass L1 Processor"": ""4.4.2""}, ""eopf:instrument_configuration_id"": 0, ""grid:code"": ""WRS-43-169"", ""processing:level"": ""L1A"", ""proj:code"": ""EPSG:4326"", ""sci:doi"": ""10.57780/bio-bef83b4"", ""created"": ""2026-04-26T12:11:13Z"", ""published"": ""2026-04-25T21:52:04.550Z"", ""version"": ""02"", ""sar:observation_direction"": ""left"", ""sar:polarizations"": [""HH"", ""HV"", ""VH"", ""VV""], ""auth:schemes"": {""s3"": {""type"": ""s3""}, ""oidc"": {""openIdConnectUrl"": ""https://iam.ascend.icsgate.eu/realms/esa-maap/.well-known/openid-configuration"", ""type"": ""openIdConnect""}}, ""sar:instrument_mode"": ""SM"", ""eofeos:orbit_drift_flag"": false, ""processing:datetime"": ""2026-04-26T12:11:13Z"", ""eofeos:mission_phase"": ""TOMOGRAPHIC"", ""updated"": ""2026-06-09T16:53:41Z"", ""sat:absolute_orbit"": 5303, ""product:acquisition_type"": ""nominal""}"
BIO_S1_SCS__1S_20260428T215146_20260428T215206_T_G01_M03_C02_T043_F169_02_DQMHT0,BIO_S1_SCS__1S_20260428T215146_20260428T215206_T_G01_M03_C02_T043_F169_02_DQMHT0,BiomassLevel1a,SCS,T043,F169,2026-04-28T21:51:46.059Z,2026-04-28T21:52:06.456Z,2,DESCENDING,"{""processing:facility"": ""Biomass CPF"", ""product:type"": ""S1_SCS__1S"", ""eofeos:global_coverage_id"": ""1"", ""sat:anx_datetime"": ""2026-04-28T20:58:37.723Z"", ""platform"": ""Biomass"", ""eofeos:major_cycle_id"": ""3"", ""datetime"": ""2026-04-28T21:51:46.059Z"", ""instruments"": [""P-SAR""], ""constellation"": ""Biomass"", ""storage:schemes"": {""biomass-pdgs-01"": {""bucket"": ""biomass-pdgs-01"", ""description"": ""This endpoint provides access to EO data which is stored on the object storage of the ESA MAAP. See the [documentation](https://portal.maap.eo.esa.int/dataaccess/) for more information, including how to get credentials."", ""type"": ""custom-s3"", ""title"": ""ESA MAAP S3"", ""region"": ""gra"", ""platform"": ""https://{bucket}.s3.{region}.io.cloud.ovh.net""}}, ""eopf:datatake_id"": ""43805456"", ""processing:software"": {""Biomass L1 Processor"": ""4.4.2""}, ""eopf:instrument_configuration_id"": 0, ""grid:code"": ""WRS-43-169"", ""processing:level"": ""L1A"", ""proj:code"": ""EPSG:4326"", ""sci:doi"": ""10.57780/bio-bef83b4"", ""created"": ""2026-04-29T12:10:12Z"", ""published"": ""2026-04-28T21:52:06.456Z"", ""version"": ""02"", ""sar:observation_direction"": ""left"", ""sar:polarizations"": [""HH"", ""HV"", ""VH"", ""VV""], ""auth:schemes"": {""s3"": {""type"": ""s3""}, ""oidc"": {""openIdConnectUrl"": ""https://iam.ascend.icsgate.eu/realms/esa-maap/.well-known/openid-configuration"", ""type"": ""openIdConnect""}}, ""sar:instrument_mode"": ""SM"", ""eofeos:orbit_drift_flag"": false, ""processing:datetime"": ""2026-04-29T12:10:12Z"", ""eofeos:mission_phase"": ""TOMOGRAPHIC"", ""updated"": ""2026-06-10T21:57:01Z"", ""sat:absolute_orbit"": 5347, ""product:acquisition_type"": ""nominal""}"
BIO_S1_SCS__1S_20260507T215151_20260507T215212_T_G01_M03_C05_T043_F169_02_DR3FUA,BIO_S1_SCS__1S_20260507T215151_20260507T215212_T_G01_M03_C05_T043_F169_02_DR3FUA,BiomassLevel1a,SCS,T043,F169,2026-05-07T21:51:51.769Z,2026-05-07T21:52:12.166Z,5,DESCENDING,"{""processing:facility"": ""Biomass CPF"", ""product:type"": ""S1_SCS__1S"", ""eofeos:global_coverage_id"": ""1"", ""sat:anx_datetime"": ""2026-05-07T20:58:43.415Z"", ""platform"": ""Biomass"", ""eofeos:major_cycle_id"": ""3"", ""datetime"": ""2026-05-07T21:51:51.769Z"", ""instruments"": [""P-SAR""], ""constellation"": ""Biomass"", ""storage:schemes"": {""biomass-pdgs-01"": {""bucket"": ""biomass-pdgs-01"", ""description"": ""This endpoint provides access to EO data which is stored on the object storage of the ESA MAAP. See the [documentation](https://portal.maap.eo.esa.int/dataaccess/) for more information, including how to get credentials."", ""type"": ""custom-s3"", ""title"": ""ESA MAAP S3"", ""region"": ""gra"", ""platform"": ""https://{bucket}.s3.{region}.io.cloud.ovh.net""}}, ""eopf:datatake_id"": ""44886794"", ""processing:software"": {""Biomass L1 Processor"": ""4.4.3""}, ""eopf:instrument_configuration_id"": 0, ""grid:code"": ""WRS-43-169"", ""processing:level"": ""L1A"", ""proj:code"": ""EPSG:4326"", ""sci:doi"": ""10.57780/bio-bef83b4"", ""created"": ""2026-05-08T15:46:58Z"", ""published"": ""2026-05-07T21:52:12.166Z"", ""version"": ""02"", ""sar:observation_direction"": ""left"", ""sar:polarizations"": [""HH"", ""HV"", ""VH"", ""VV""], ""auth:schemes"": {""s3"": {""type"": ""s3""}, ""oidc"": {""openIdConnectUrl"": ""https://iam.ascend.icsgate.eu/realms/esa-maap/.well-known/openid-configuration"", ""type"": ""openIdConnect""}}, ""sar:instrument_mode"": ""SM"", ""eofeos:orbit_drift_flag"": false, ""processing:datetime"": ""2026-05-08T15:46:58Z"", ""eofeos:mission_phase"": ""TOMOGRAPHIC"", ""updated"": ""2026-06-10T22:37:52Z"", ""sat:absolute_orbit"": 5479, ""product:acquisition_type"": ""nominal""}"
BIO_S1_SCS__1S_20251202T214323_20251202T214343_T_G01_M01_C04_T043_F172_01_DO2Y5H,BIO_S1_SCS__1S_20251202T214323_20251202T214343_T_G01_M01_C04_T043_F172_01_DO2Y5H,BiomassLevel1a,SCS,T043,F172,2025-12-02T21:43:23.260Z,2025-12-02T21:43:43.661Z,4,DESCENDING,"{""processing:facility"": ""Biomass CPF"", ""product:type"": ""S1_SCS__1S"", ""eofeos:global_coverage_id"": ""1"", ""sat:anx_datetime"": ""2025-12-02T20:49:17.793Z"", ""platform"": ""Biomass"", ""eofeos:major_cycle_id"": ""1"", ""datetime"": ""2025-12-02T21:43:23.260Z"", ""instruments"": [""P-SAR""], ""constellation"": ""Biomass"", ""storage:schemes"": {""biomass-pdgs-01"": {""bucket"": ""biomass-pdgs-01"", ""description"": ""This endpoint provides access to EO data which is stored on the object storage of the ESA MAAP. See the [documentation](https://portal.maap.eo.esa.int/dataaccess/) for more information, including how to get credentials."", ""type"": ""custom-s3"", ""title"": ""ESA MAAP S3"", ""region"": ""gra"", ""platform"": ""https://{bucket}.s3.{region}.io.cloud.ovh.net""}}, ""eopf:datatake_id"": ""26143527"", ""processing:software"": {""Biomass L1 Processor"": ""4.3.1""}, ""eopf:instrument_configuration_id"": 0, ""grid:code"": ""WRS-43-172"", ""processing:level"": ""L1A"", ""proj:code"": ""EPSG:4326"", ""sci:doi"": ""10.57780/bio-bef83b4"", ""created"": ""2026-03-11T01:44:05Z"", ""published"": ""2025-12-02T21:43:43.661Z"", ""version"": ""01"", ""sar:observation_direction"": ""left"", ""sar:polarizations"": [""HH"", ""HV"", ""VH"", ""VV""], ""auth:schemes"": {""s3"": {""type"": ""s3""}, ""oidc"": {""openIdConnectUrl"": ""https://iam.ascend.icsgate.eu/realms/esa-maap/.well-known/openid-configuration"", ""type"": ""openIdConnect""}}, ""sar:instrument_mode"": ""SM"", ""eofeos:orbit_drift_flag"": false, ""processing:datetime"": ""2026-03-11T01:44:05Z"", ""eofeos:mission_phase"": ""TOMOGRAPHIC"", ""updated"": ""2026-05-17T10:18:12Z"", ""sat:absolute_orbit"": 3191, ""product:acquisition_type"": ""nominal""}"
BIO_S1_SCS__1S_20260302T214812_20260302T214832_T_G01_M02_C07_T043_F172_01_DNOSNB,BIO_S1_SCS__1S_20260302T214812_20260302T214832_T_G01_M02_C07_T043_F172_01_DNOSNB,BiomassLevel1a,SCS,T043,F172,2026-03-02T21:48:12.247Z,2026-03-02T21:48:32.649Z,7,DESCENDING,"{""processing:facility"": ""Biomass CPF"", ""product:type"": ""S1_SCS__1S"", ""eofeos:global_coverage_id"": ""1"", ""sat:anx_datetime"": ""2026-03-02T20:54:06.819Z"", ""platform"": ""Biomass"", ""eofeos:major_cycle_id"": ""2"", ""datetime"": ""2026-03-02T21:48:12.247Z"", ""instruments"": [""P-SAR""], ""constellation"": ""Biomass"", ""storage:schemes"": {""biomass-pdgs-01"": {""bucket"": ""biomass-pdgs-01"", ""description"": ""This endpoint provides access to EO data which is stored on the object storage of the ESA MAAP. See the [documentation](https://portal.maap.eo.esa.int/dataaccess/) for more information, including how to get credentials."", ""type"": ""custom-s3"", ""title"": ""ESA MAAP S3"", ""region"": ""gra"", ""platform"": ""https://{bucket}.s3.{region}.io.cloud.ovh.net""}}, ""eopf:datatake_id"": ""36956954"", ""processing:software"": {""Biomass L1 Processor"": ""4.3.1""}, ""eopf:instrument_configuration_id"": 0, ""grid:code"": ""WRS-43-172"", ""processing:level"": ""L1A"", ""proj:code"": ""EPSG:4326"", ""sci:doi"": ""10.57780/bio-bef83b4"", ""created"": ""2026-03-03T10:18:47Z"", ""published"": ""2026-03-02T21:48:32.649Z"", ""version"": ""01"", ""sar:observation_direction"": ""left"", ""sar:polarizations"": [""HH"", ""HV"", ""VH"", ""VV""], ""auth:schemes"": {""s3"": {""type"": ""s3""}, ""oidc"": {""openIdConnectUrl"": ""https://iam.ascend.icsgate.eu/realms/esa-maap/.well-known/openid-configuration"", ""type"": ""openIdConnect""}}, ""sar:instrument_mode"": ""SM"", ""eofeos:orbit_drift_flag"": false, ""processing:datetime"": ""2026-03-03T10:18:47Z"", ""eofeos:mission_phase"": ""TOMOGRAPHIC"", ""updated"": ""2026-05-17T13:27:31Z"", ""sat:absolute_orbit"": 4511, ""product:acquisition_type"": ""nominal""}"
BIO_S1_SCS__1S_20251202T214342_20251202T214402_T_G01_M01_C04_T043_F173_01_DO2XM7,BIO_S1_SCS__1S_20251202T214342_20251202T214402_T_G01_M01_C04_T043_F173_01_DO2XM7,BiomassLevel1a,SCS,T043,F173,2025-12-02T21:43:42.275Z,2025-12-02T21:44:02.676Z,4,DESCENDING,"{""processing:facility"": ""Biomass CPF"", ""product:type"": ""S1_SCS__1S"", ""eofeos:global_coverage_id"": ""1"", ""sat:anx_datetime"": ""2025-12-02T20:49:17.793Z"", ""platform"": ""Biomass"", ""eofeos:major_cycle_id"": ""1"", ""datetime"": ""2025-12-02T21:43:42.275Z"", ""instruments"": [""P-SAR""], ""constellation"": ""Biomass"", ""storage:schemes"": {""biomass-pdgs-01"": {""bucket"": ""biomass-pdgs-01"", ""description"": ""This endpoint provides access to EO data which is stored on the object storage of the ESA MAAP. See the [documentation](https://portal.maap.eo.esa.int/dataaccess/) for more information, including how to get credentials."", ""type"": ""custom-s3"", ""title"": ""ESA MAAP S3"", ""region"": ""gra"", ""platform"": ""https://{bucket}.s3.{region}.io.cloud.ovh.net""}}, ""eopf:datatake_id"": ""26143527"", ""processing:software"": {""Biomass L1 Processor"": ""4.3.1""}, ""eopf:instrument_configuration_id"": 0, ""grid:code"": ""WRS-43-173"", ""processing:level"": ""L1A"", ""proj:code"": ""EPSG:4326"", ""sci:doi"": ""10.57780/bio-bef83b4"", ""created"": ""2026-03-11T01:32:31Z"", ""published"": ""2025-12-02T21:44:02.676Z"", ""version"": ""01"", ""sar:observation_direction"": ""left"", ""sar:polarizations"": [""HH"", ""HV"", ""VH"", ""VV""], ""auth:schemes"": {""s3"": {""type"": ""s3""}, ""oidc"": {""openIdConnectUrl"": ""https://iam.ascend.icsgate.eu/realms/esa-maap/.well-known/openid-configuration"", ""type"": ""openIdConnect""}}, ""sar:instrument_mode"": ""SM"", ""eofeos:orbit_drift_flag"": false, ""processing:datetime"": ""2026-03-11T01:32:31Z"", ""eofeos:mission_phase"": ""TOMOGRAPHIC"", ""updated"": ""2026-05-17T10:18:12Z"", ""sat:absolute_orbit"": 3191, ""product:acquisition_type"": ""nominal""}"
BIO_S1_SCS__1S_20260215T214822_20260215T214842_T_G01_M02_C02_T043_F173_01_DMWYHX,BIO_S1_SCS__1S_20260215T214822_20260215T214842_T_G01_M02_C02_T043_F173_01_DMWYHX,BiomassLevel1a,SCS,T043,F173,2026-02-15T21:48:22.254Z,2026-02-15T21:48:42.655Z,2,DESCENDING,"{""processing:facility"": ""Biomass CPF"", ""product:type"": ""S1_SCS__1S"", ""eofeos:global_coverage_id"": ""1"", ""sat:anx_datetime"": ""2026-02-15T20:53:57.873Z"", ""platform"": ""Biomass"", ""eofeos:major_cycle_id"": ""2"", ""datetime"": ""2026-02-15T21:48:22.254Z"", ""instruments"": [""P-SAR""], ""constellation"": ""Biomass"", ""storage:schemes"": {""biomass-pdgs-01"": {""bucket"": ""biomass-pdgs-01"", ""description"": ""This endpoint provides access to EO data which is stored on the object storage of the ESA MAAP. See the [documentation](https://portal.maap.eo.esa.int/dataaccess/) for more information, including how to get credentials."", ""type"": ""custom-s3"", ""title"": ""ESA MAAP S3"", ""region"": ""gra"", ""platform"": ""https://{bucket}.s3.{region}.io.cloud.ovh.net""}}, ""eopf:datatake_id"": ""35154714"", ""processing:software"": {""Biomass L1 Processor"": ""4.3.1""}, ""eopf:instrument_configuration_id"": 0, ""grid:code"": ""WRS-43-173"", ""processing:level"": ""L1A"", ""proj:code"": ""EPSG:4326"", ""sci:doi"": ""10.57780/bio-bef83b4"", ""created"": ""2026-02-16T09:32:21Z"", ""published"": ""2026-02-15T21:48:42.655Z"", ""version"": ""01"", ""sar:observation_direction"": ""left"", ""sar:polarizations"": [""HH"", ""HV"", ""VH"", ""VV""], ""auth:schemes"": {""s3"": {""type"": ""s3""}, ""oidc"": {""openIdConnectUrl"": ""https://iam.ascend.icsgate.eu/realms/esa-maap/.well-known/openid-configuration"", ""type"": ""openIdConnect""}}, ""sar:instrument_mode"": ""SM"", ""eofeos:orbit_drift_flag"": false, ""processing:datetime"": ""2026-02-16T09:32:21Z"", ""eofeos:mission_phase"": ""TOMOGRAPHIC"", ""updated"": ""2026-05-17T12:51:13Z"", ""sat:absolute_orbit"": 4291, ""product:acquisition_type"": ""nominal""}"
BIO_S1_SCS__1S_20260302T214831_20260302T214851_T_G01_M02_C07_T043_F173_01_DNOSHS,BIO_S1_SCS__1S_20260302T214831_20260302T214851_T_G01_M02_C07_T043_F173_01_DNOSHS,BiomassLevel1a,SCS,T043,F173,2026-03-02T21:48:31.262Z,2026-03-02T21:48:51.663Z,7,DESCENDING,"{""processing:facility"": ""Biomass CPF"", ""product:type"": ""S1_SCS__1S"", ""eofeos:global_coverage_id"": ""1"", ""sat:anx_datetime"": ""2026-03-02T20:54:06.819Z"", ""platform"": ""Biomass"", ""eofeos:major_cycle_id"": ""2"", ""datetime"": ""2026-03-02T21:48:31.262Z"", ""instruments"": [""P-SAR""], ""constellation"": ""Biomass"", ""storage:schemes"": {""biomass-pdgs-01"": {""bucket"": ""biomass-pdgs-01"", ""description"": ""This endpoint provides access to EO data which is stored on the object storage of the ESA MAAP. See the [documentation](https://portal.maap.eo.esa.int/dataaccess/) for more information, including how to get credentials."", ""type"": ""custom-s3"", ""title"": ""ESA MAAP S3"", ""region"": ""gra"", ""platform"": ""https://{bucket}.s3.{region}.io.cloud.ovh.net""}}, ""eopf:datatake_id"": ""36956954"", ""processing:software"": {""Biomass L1 Processor"": ""4.3.1""}, ""eopf:instrument_configuration_id"": 0, ""grid:code"": ""WRS-43-173"", ""processing:level"": ""L1A"", ""proj:code"": ""EPSG:4326"", ""sci:doi"": ""10.57780/bio-bef83b4"", ""created"": ""2026-03-03T10:15:28Z"", ""published"": ""2026-03-02T21:48:51.663Z"", ""version"": ""01"", ""sar:observation_direction"": ""left"", ""sar:polarizations"": [""HH"", ""HV"", ""VH"", ""VV""], ""auth:schemes"": {""s3"": {""type"": ""s3""}, ""oidc"": {""openIdConnectUrl"": ""https://iam.ascend.icsgate.eu/realms/esa-maap/.well-known/openid-configuration"", ""type"": ""openIdConnect""}}, ""sar:instrument_mode"": ""SM"", ""eofeos:orbit_drift_flag"": false, ""processing:datetime"": ""2026-03-03T10:15:28Z"", ""eofeos:mission_phase"": ""TOMOGRAPHIC"", ""updated"": ""2026-05-17T13:27:32Z"", ""sat:absolute_orbit"": 4511, ""product:acquisition_type"": ""nominal""}"
BIO_S1_SCS__1S_20260302T214850_20260302T214910_T_G01_M02_C07_T043_F174_01_DNOSL3,BIO_S1_SCS__1S_20260302T214850_20260302T214910_T_G01_M02_C07_T043_F174_01_DNOSL3,BiomassLevel1a,SCS,T043,F174,2026-03-02T21:48:50.278Z,2026-03-02T21:49:10.681Z,7,DESCENDING,"{""processing:facility"": ""Biomass CPF"", ""product:type"": ""S1_SCS__1S"", ""eofeos:global_coverage_id"": ""1"", ""sat:anx_datetime"": ""2026-03-02T20:54:06.819Z"", ""platform"": ""Biomass"", ""eofeos:major_cycle_id"": ""2"", ""datetime"": ""2026-03-02T21:48:50.278Z"", ""instruments"": [""P-SAR""], ""constellation"": ""Biomass"", ""storage:schemes"": {""biomass-pdgs-01"": {""bucket"": ""biomass-pdgs-01"", ""description"": ""This endpoint provides access to EO data which is stored on the object storage of the ESA MAAP. See the [documentation](https://portal.maap.eo.esa.int/dataaccess/) for more information, including how to get credentials."", ""type"": ""custom-s3"", ""title"": ""ESA MAAP S3"", ""region"": ""gra"", ""platform"": ""https://{bucket}.s3.{region}.io.cloud.ovh.net""}}, ""eopf:datatake_id"": ""36956954"", ""processing:software"": {""Biomass L1 Processor"": ""4.3.1""}, ""eopf:instrument_configuration_id"": 0, ""grid:code"": ""WRS-43-174"", ""processing:level"": ""L1A"", ""proj:code"": ""EPSG:4326"", ""sci:doi"": ""10.57780/bio-bef83b4"", ""created"": ""2026-03-03T10:17:27Z"", ""published"": ""2026-03-02T21:49:10.681Z"", ""version"": ""01"", ""sar:observation_direction"": ""left"", ""sar:polarizations"": [""HH"", ""HV"", ""VH"", ""VV""], ""auth:schemes"": {""s3"": {""type"": ""s3""}, ""oidc"": {""openIdConnectUrl"": ""https://iam.ascend.icsgate.eu/realms/esa-maap/.well-known/openid-configuration"", ""type"": ""openIdConnect""}}, ""sar:instrument_mode"": ""SM"", ""eofeos:orbit_drift_flag"": false, ""processing:datetime"": ""2026-03-03T10:17:27Z"", ""eofeos:mission_phase"": ""TOMOGRAPHIC"", ""updated"": ""2026-05-17T13:27:32Z"", ""sat:absolute_orbit"": 4511, ""product:acquisition_type"": ""nominal""}"
