id,IHH,IHV
1,0.27710506319999695,0.04650001600384712
2,0.8961354494094849,0.34462660551071167
3,0.20591969788074493,0.10799095034599304
4,0.1560610681772232,0.045166682451963425
5,0.2629193365573883,0.15208813548088074
6,0.2766977548599243,0.07169346511363983
7,0.5497894287109375,0.1996423900127411
8,0.4616824984550476,0.1841832846403122
9,0.24197795987129211,0.09977585077285767
10,0.13991209864616394,0.044898707419633865
11,0.11227024346590042,0.07789890468120575
12,0.15407350659370422,0.13745710253715515
13,0.1985560655593872,0.04300012066960335
14,0.15638670325279236,0.08276208490133286
15,0.5863458514213562,0.11990290135145187
16,0.38076382875442505,0.06433716416358948
17,0.09421761333942413,0.04681621119379997
18,0.4069376289844513,0.1600293070077896
19,0.13894441723823547,0.12111444026231766
20,0.19262206554412842,0.07714066654443741
21,0.38149335980415344,0.08983621001243591
22,0.2447451800107956,0.21382658183574677
23,0.28517407178878784,0.21349360048770905
24,0.2258630394935608,0.1397077888250351
25,0.22308458387851715,0.029061930254101753
26,0.41591668128967285,0.07517109811306
27,0.3138982355594635,0.06031113862991333
28,0.3630109131336212,0.06776904314756393
29,0.2968635857105255,0.05615320801734924
30,0.10210561752319336,0.04062571004033089
31,0.2329484075307846,0.12153225392103195
32,0.1684812307357788,0.022712092846632004
33,0.3917326331138611,0.12853465974330902
34,0.18650224804878235,0.043214503675699234
35,0.09808647632598877,0.14883416891098022
36,2.225250244140625,0.22668927907943726
37,0.7740960717201233,0.24706034362316132
38,0.7332327961921692,0.06990525126457214
39,0.5870314240455627,0.11415824294090271
40,0.6481854915618896,0.15979062020778656
41,0.04903934895992279,0.03015759214758873
42,0.056821614503860474,0.020365018397569656
43,0.18903617560863495,0.10560602694749832
44,0.2514764070510864,0.24590584635734558
45,0.693084716796875,0.0862346962094307
46,0.08840619772672653,0.050919633358716965
47,0.6283411979675293,0.1255800575017929
48,0.525239109992981,0.02883893810212612
49,0.0905798077583313,0.057278722524642944
50,0.4091586470603943,0.0752355083823204
51,0.5821927189826965,0.10167007893323898
52,0.2560262978076935,0.23194295167922974
53,0.22999539971351624,0.07710707932710648
54,0.29637619853019714,0.0058166468515992165
55,0.04328496754169464,0.02898869849741459
56,0.2637474536895752,0.02435830794274807
57,0.29889169335365295,0.10057836025953293
58,0.22162258625030518,0.0790005773305893
59,0.45246559381484985,0.17360740900039673
60,0.2151317149400711,0.0815647691488266
61,0.145803302526474,0.0869114026427269
62,0.3411514461040497,0.1605367809534073
63,0.4092540740966797,0.3186982572078705
64,0.6102682948112488,0.07121360301971436
65,0.784670352935791,0.19325493276119232
66,0.33684587478637695,0.1917961835861206
67,0.17791715264320374,0.06576304137706757
68,0.07844022661447525,0.026024213060736656
69,0.37425243854522705,0.02586185559630394
70,0.3667553663253784,0.011081088334321976
71,0.20258328318595886,0.1908990442752838
72,0.15165239572525024,0.03349263221025467
73,0.2952802777290344,0.053973112255334854
74,0.18058927357196808,0.03277575969696045
75,0.1666639894247055,0.00701769208535552
76,0.28900590538978577,0.029389601200819016
77,0.2930789887905121,0.029710445553064346
78,0.25246039032936096,0.055816397070884705
79,0.7641235589981079,0.16376256942749023
80,0.5055738687515259,0.09491950273513794
81,0.17788344621658325,0.027883462607860565
82,0.03974485397338867,0.012178216129541397
83,0.036378439515829086,0.06377316266298294
84,0.35191166400909424,0.04211625084280968
85,0.3413807153701782,0.18985924124717712
86,0.12365683913230896,0.09537896513938904
87,0.1276242434978485,0.11566755175590515
88,0.6290956735610962,0.08408241719007492
89,0.2851281464099884,0.139104962348938
90,0.18246495723724365,0.08145512640476227
91,0.19650186598300934,0.07890012860298157
92,0.19468237459659576,0.06035515293478966
93,0.6694958209991455,0.07394777983427048
94,0.3048258125782013,0.05942925065755844
95,0.3635013699531555,0.1170855239033699
96,0.10274683684110641,0.018628928810358047
97,0.07360592484474182,0.02252017892897129
98,0.39932116866111755,0.18876777589321136
99,0.1064479798078537,0.16163279116153717
100,0.5391966104507446,0.03618915379047394
101,0.22269199788570404,0.3497237265110016
102,0.40695762634277344,0.034441325813531876
103,0.63210129737854,0.027552854269742966
104,0.26922887563705444,0.08050978183746338
105,0.08638963848352432,0.16001203656196594
106,0.22726428508758545,0.15189215540885925
107,0.797808825969696,0.16457127034664154
108,0.40394288301467896,0.1178169697523117
109,0.13971373438835144,0.10271519422531128
110,1.971745491027832,0.429170697927475
111,0.19760018587112427,0.06800521910190582
112,0.0899750143289566,0.044152289628982544
113,0.25169631838798523,0.03560870140790939
114,0.2897445559501648,0.11452027410268784
115,0.05157884955406189,0.09146322309970856
116,0.23950257897377014,0.05461685359477997
117,0.14056746661663055,0.09073368459939957
118,0.48570284247398376,0.09788160026073456
119,0.33913204073905945,0.10263574123382568
120,0.13797400891780853,0.06712696701288223
121,0.940235435962677,0.15983226895332336
122,0.42679789662361145,0.039279766380786896
123,0.14740408957004547,0.06704656779766083
124,0.024987243115901947,0.06935875117778778
125,0.5300105810165405,0.3663759231567383
126,0.17054617404937744,0.0948098823428154
127,0.29370832443237305,0.19985434412956238
128,0.7109103798866272,0.117679163813591
129,0.2742863893508911,0.1453700065612793
130,0.2336122691631317,0.18064235150814056
131,0.5661959648132324,0.10194433480501175
132,0.20466500520706177,0.04529476910829544
133,0.15157954394817352,0.17970238626003265
134,0.1368374228477478,0.04513971135020256
135,0.19885313510894775,0.15475964546203613
136,0.10283219069242477,0.12333729863166809
137,0.14660599827766418,0.08324028551578522
138,0.16260796785354614,0.3762436509132385
139,0.11537496000528336,0.056125275790691376
140,0.15073537826538086,0.11164510250091553
141,0.6862214207649231,0.1705140620470047
142,0.5565422177314758,0.03071356937289238
143,0.3624931573867798,0.10810871422290802
144,0.48923400044441223,0.15722277760505676
145,0.5501470565795898,0.21443691849708557
146,0.5705572366714478,0.36148276925086975
147,0.4114007353782654,0.2066299319267273
148,0.4966632127761841,0.03765927627682686
149,0.05462177097797394,0.06643693149089813
150,0.08506254851818085,0.017108961939811707
151,0.08401612937450409,0.027693673968315125
152,0.281840443611145,0.19886736571788788
153,0.25196078419685364,0.12281867116689682
154,0.20487543940544128,0.183275043964386
155,0.2911296486854553,0.06335461139678955
156,0.1253335177898407,0.10920773446559906
157,0.10901862382888794,0.09715341031551361
158,1.0564653873443604,0.15126900374889374
159,0.21854065358638763,0.2249789983034134
160,0.4447295665740967,0.12324158847332001
161,0.438101589679718,0.4387732148170471
162,0.9167008399963379,0.09398020803928375
163,0.25802096724510193,0.10858699679374695
164,0.4510877728462219,0.06113294139504433
165,0.09111864864826202,0.1071573942899704
166,0.17773938179016113,0.08596599102020264
167,0.28045257925987244,0.07044384628534317
168,0.16651886701583862,0.24073293805122375
169,0.4094527065753937,0.1459820419549942
170,0.3871724605560303,0.032740943133831024
171,0.48887598514556885,0.0716257095336914
172,0.16644538938999176,0.08990578353404999
173,0.2784101068973541,0.06901998817920685
174,0.51400226354599,0.06852925568819046
175,0.5119273066520691,0.04365351051092148
176,0.22404173016548157,0.07153841853141785
177,0.12132035940885544,0.16258490085601807
178,0.14547671377658844,0.14071349799633026
179,0.11880818754434586,0.07094109058380127
180,0.21875259280204773,0.1856134533882141
181,0.23746265470981598,0.12940861284732819
182,0.21149130165576935,0.05529509857296944
183,0.2102726399898529,0.10263784974813461
184,0.7691655158996582,0.20187021791934967
185,0.19899888336658478,0.06163516268134117
186,0.44722455739974976,0.09199217706918716
187,0.0790037289261818,0.16120371222496033
188,0.14316235482692719,0.08301746845245361
189,0.06401961296796799,0.11730161309242249
190,0.15068307518959045,0.024160271510481834
191,0.30252403020858765,0.02258842997252941
192,0.6013031601905823,0.0349385067820549
193,0.5530129075050354,0.17375288903713226
194,0.8831357955932617,0.091145820915699
195,0.17653322219848633,0.0565531924366951
196,0.15482570230960846,0.021109819412231445
197,0.2762981057167053,0.15939979255199432
198,0.3566988408565521,0.24069958925247192
199,0.6613776683807373,0.10427739471197128
200,0.467327356338501,0.28223881125450134
201,0.30901625752449036,0.4078209102153778
202,0.16546446084976196,0.157732293009758
203,0.18156731128692627,0.1051260232925415
204,0.8057460784912109,0.14028356969356537
205,0.6024899482727051,0.18938544392585754
206,0.2754196524620056,0.11075476557016373
207,0.39930811524391174,0.07528550922870636
208,0.17956063151359558,0.05421847105026245
209,0.28118395805358887,0.04698367416858673
210,0.5497093200683594,0.05929797887802124
211,0.14106778800487518,0.05732996016740799
212,0.23473511636257172,0.0764172300696373
213,0.14436855912208557,0.03282757103443146
214,0.058694444596767426,0.1303793340921402
215,0.3090459406375885,0.17461127042770386
216,0.30100834369659424,0.12811264395713806
217,0.2995544970035553,0.13959525525569916
218,0.15667608380317688,0.09713990241289139
219,0.33446329832077026,0.1695052981376648
220,0.1823030561208725,0.01541408896446228
221,0.5845507979393005,0.059511132538318634
222,0.5815479755401611,0.09661248326301575
223,0.6704064607620239,0.26103395223617554
224,0.4915637969970703,0.1391843855381012
225,0.12338979542255402,0.15915565192699432
226,0.32174310088157654,0.11023211479187012
227,0.6355071067810059,0.14808373153209686
228,0.186754509806633,0.03547991067171097
229,0.22899094223976135,0.11077425628900528
230,0.20228637754917145,0.1961580365896225
231,0.1707054227590561,0.10621659457683563
232,1.1240220069885254,0.17546869814395905
233,0.2224288284778595,0.0859018862247467
234,0.19282718002796173,0.17542560398578644
235,0.22873911261558533,0.05735606700181961
236,0.5608564019203186,0.14332613348960876
237,0.6138504147529602,0.13436934351921082
238,0.2295127809047699,0.057814933359622955
239,0.3561174273490906,0.23162931203842163
240,0.5614878535270691,0.1262335181236267
241,0.1790393739938736,0.1511082649230957
242,0.3223130404949188,0.11687812954187393
243,0.39775189757347107,0.02419975958764553
244,0.12365099787712097,0.1257626861333847
245,0.17173905670642853,0.16219033300876617
246,0.1101861447095871,0.025198455899953842
247,0.2895773947238922,0.06791211664676666
248,0.18517565727233887,0.19700267910957336
249,0.19045257568359375,0.03769081085920334
250,0.8977344632148743,0.13312435150146484
251,0.2749123275279999,0.09875123202800751
252,0.4686891734600067,0.0599304661154747
253,0.8905478715896606,0.1201397106051445
254,0.6883438229560852,0.11686129122972488
255,0.4836093783378601,0.1046869158744812
256,0.3739178478717804,0.03417445346713066
257,0.1670156568288803,0.21496446430683136
258,0.6495490670204163,0.141986683011055
259,0.3788430690765381,0.15601687133312225
260,0.3457108736038208,0.09392935037612915
261,0.3550190329551697,0.022552277892827988
262,0.5330001711845398,0.4948897361755371
263,0.44341617822647095,0.09847888350486755
264,0.10773199796676636,0.14146484434604645
265,0.37292617559432983,0.05004483833909035
266,0.494671106338501,0.07976376265287399
267,0.1402857005596161,0.03624136745929718
268,0.20872780680656433,0.04633200913667679
269,0.231655091047287,0.0508810393512249
270,0.5794275999069214,0.0989973247051239
271,0.4614180326461792,0.4377683401107788
272,0.2450868934392929,0.5070728063583374
273,0.12389767169952393,0.09754806756973267
274,0.16306045651435852,0.13948310911655426
275,0.1725664734840393,0.15010517835617065
276,0.2282719910144806,0.06839645653963089
277,0.18058647215366364,0.1069195419549942
278,0.28320538997650146,0.09878472238779068
279,0.3452550768852234,0.09035232663154602
280,0.24813231825828552,0.1659201979637146
281,0.49984925985336304,0.20443809032440186
282,0.4315516948699951,0.20728030800819397
283,0.4277762472629547,0.39243656396865845
284,0.329756498336792,0.1273968517780304
285,0.2563968002796173,0.10315608233213425
286,0.39637619256973267,0.15479670464992523
287,0.16757658123970032,0.16749420762062073
288,0.2853107750415802,0.08769369125366211
289,0.9101064801216125,0.36049389839172363
290,1.3462787866592407,0.19472737610340118
291,0.18983623385429382,0.10064626485109329
292,0.047243453562259674,0.07365584373474121
293,0.4290539026260376,0.11035910993814468
294,0.24834087491035461,0.23081916570663452
295,0.5915038585662842,0.07951748371124268
296,0.08775874227285385,0.08496858179569244
297,0.19327470660209656,0.20801571011543274
298,0.8030254244804382,0.22688515484333038
299,0.2365208864212036,0.04617922008037567
300,0.2248249053955078,0.02368789166212082
301,0.18445995450019836,0.07156234234571457
302,0.31608057022094727,0.19879966974258423
303,0.22466731071472168,0.06072501838207245
304,0.2493056207895279,0.32942476868629456
305,0.38065385818481445,0.14030736684799194
306,0.5370059013366699,0.03242488577961922
307,0.4821587800979614,0.1386277675628662
308,0.5672534704208374,0.1763308346271515
309,0.5320833921432495,0.071110799908638
310,0.08242058008909225,0.11861138045787811
311,0.1036725640296936,0.03257860615849495
312,0.31791239976882935,0.13672681152820587
313,0.4493680000305176,0.22545060515403748
314,1.8705986738204956,0.19862675666809082
315,0.18287421762943268,0.025373153388500214
316,0.4569341540336609,0.10303375124931335
317,0.42502138018608093,0.06906691938638687
318,0.19796201586723328,0.0970611497759819
319,0.233388751745224,0.04012364149093628
320,0.4890591502189636,0.0674855187535286
321,0.12715120613574982,0.04282094165682793
322,0.17135126888751984,0.17075923085212708
323,0.3219330310821533,0.06573905050754547
324,0.48476383090019226,0.06441321223974228
325,0.9185259938240051,0.20116904377937317
326,0.29686933755874634,0.17067846655845642
327,0.511383056640625,0.07072938233613968
328,0.5001956224441528,0.19593986868858337
329,0.4221498370170593,0.03977946192026138
330,0.3547205924987793,0.2503409683704376
331,0.2408323436975479,0.13460113108158112
332,0.49681156873703003,0.05684473365545273
333,0.2648189663887024,0.07593880593776703
334,0.13504648208618164,0.017728840932250023
335,0.43004316091537476,0.01811772584915161
336,0.14826789498329163,0.09417702257633209
337,0.2619470953941345,0.09136553108692169
338,0.21971192955970764,0.06576041132211685
339,0.4474566578865051,0.17604422569274902
340,0.26739466190338135,0.21068912744522095
341,0.38106033205986023,0.14545103907585144
342,0.1503939926624298,0.14840343594551086
343,0.5184935331344604,0.16201519966125488
344,0.24989134073257446,0.09851324558258057
345,0.21895647048950195,0.21433508396148682
346,0.5054820775985718,0.1601586937904358
347,0.33991679549217224,0.13841482996940613
348,0.31748420000076294,0.03428236395120621
349,0.14726179838180542,0.1552821844816208
350,0.37041038274765015,0.05671614035964012
351,0.13834838569164276,0.052779391407966614
352,0.18930014967918396,0.03737599775195122
353,0.4719987213611603,0.19801506400108337
354,0.28012731671333313,0.08427172899246216
355,0.28303593397140503,0.0948994979262352
356,0.1459798961877823,0.2648341655731201
357,0.4503987431526184,0.0861947163939476
358,0.25060153007507324,0.14150328934192657
359,0.22551223635673523,0.060138121247291565
360,0.07441425323486328,0.08294674009084702
361,0.4514726996421814,0.14736059308052063
362,0.6582105159759521,0.09268549829721451
363,0.2784439027309418,0.14678886532783508
364,0.5115980505943298,0.11954192817211151
365,1.3415980339050293,0.20942328870296478
366,0.2423245906829834,0.07798256725072861
367,0.06928323209285736,0.02485523745417595
368,1.1860407590866089,0.03704742714762688
369,0.21021556854248047,0.11249767243862152
370,0.28075695037841797,0.06527258455753326
371,0.08615374565124512,0.03577803820371628
372,0.08198706060647964,0.06578519940376282
373,0.6380636096000671,0.33918359875679016
374,0.23382462561130524,0.1791476160287857
375,0.12824660539627075,0.07804323732852936
376,0.26511117815971375,0.06373626738786697
377,0.22663255035877228,0.10419062525033951
378,0.12695014476776123,0.09840907156467438
379,0.10306423902511597,0.12992513179779053
380,0.05813483148813248,0.07574617862701416
381,0.520231306552887,0.058839164674282074
382,0.32669028639793396,0.04866767302155495
383,0.4908674955368042,0.2689146399497986
384,0.5206930041313171,0.14255023002624512
385,0.18532556295394897,0.10517384111881256
386,0.17220860719680786,0.05991402640938759
387,0.048925500363111496,0.05035163834691048
388,0.34960776567459106,0.5485131144523621
389,0.3835950791835785,0.1965063065290451
390,0.0984496921300888,0.05172690749168396
391,0.22189760208129883,0.0984063372015953
392,0.29852601885795593,0.16054916381835938
393,0.2253432273864746,0.15768742561340332
394,0.32166609168052673,0.08829444646835327
395,0.30067339539527893,0.06359032541513443
396,0.6928689479827881,0.046213217079639435
397,0.31961798667907715,0.14518962800502777
398,0.22910583019256592,0.05293916165828705
399,0.4286353290081024,0.234964519739151
400,0.4679812788963318,0.06218834966421127
401,0.16759884357452393,0.21865206956863403
402,0.21856476366519928,0.2129664421081543
403,0.2573036849498749,0.18269169330596924
404,0.9643145203590393,0.04425755888223648
405,0.5065276622772217,0.18839307129383087
406,0.1814877688884735,0.06671008467674255
407,0.1013251319527626,0.052434537559747696
408,0.537989616394043,0.13076239824295044
409,0.7419640421867371,0.08916895091533661
410,0.23633849620819092,0.09529884159564972
411,0.2831138074398041,0.027179135009646416
412,0.2300088107585907,0.09919650107622147
413,0.279879629611969,0.11025433987379074
414,0.14724454283714294,0.0635712742805481
415,0.1655387282371521,0.04803726077079773
416,0.09534287452697754,0.0957617312669754
417,0.5402607321739197,0.1869039237499237
418,0.25604358315467834,0.317914217710495
419,0.23619964718818665,0.0755288228392601
420,0.2640831470489502,0.17878325283527374
421,0.4628559648990631,0.1009451299905777
422,0.3897055685520172,0.04068433865904808
423,0.22478941082954407,0.024137526750564575
424,0.10732544958591461,0.08492037653923035
425,0.08853253722190857,0.04349304363131523
426,0.4456176161766052,0.06671013683080673
427,1.2049559354782104,0.09764352440834045
428,0.38032227754592896,0.06885567307472229
429,0.7738938331604004,0.08485551178455353
430,0.39204224944114685,0.26204270124435425
431,0.3157370090484619,0.17405396699905396
432,0.2949844002723694,0.25340238213539124
433,0.1758473813533783,0.05762188509106636
434,0.17053398489952087,0.07751935720443726
435,0.15531232953071594,0.1404760777950287
436,0.17430539429187775,0.09880779683589935
437,0.12963184714317322,0.0519658625125885
438,0.33073675632476807,0.18924283981323242
439,0.283267080783844,0.22560414671897888
440,0.7576130628585815,0.5019965171813965
441,0.45628172159194946,0.026535164564847946
442,0.6950845718383789,0.2549075186252594
443,0.3520551919937134,0.11141916364431381
444,0.11795075237751007,0.12683136761188507
445,0.2317572385072708,0.09042400121688843
446,0.20560847222805023,0.03654779493808746
447,0.25085461139678955,0.06564458459615707
448,0.26568689942359924,0.05867457389831543
449,0.23650096356868744,0.09454105794429779
450,0.36344221234321594,0.042521245777606964
451,0.2998529374599457,0.13530513644218445
452,0.20511624217033386,0.09011076390743256
453,0.2645428478717804,0.06102579087018967
454,0.45236796140670776,0.05868063122034073
455,0.227064311504364,0.17127832770347595
456,0.25514718890190125,0.14275343716144562
457,0.6190847158432007,0.11079443991184235
458,0.2588285803794861,0.13812445104122162
459,0.354569673538208,0.11490114778280258
460,0.3915404677391052,0.1396985948085785
461,0.2681495249271393,0.10675127804279327
462,0.6206930875778198,0.3110523819923401
463,0.23815245926380157,0.1762973964214325
464,0.8270242214202881,0.13462424278259277
465,0.28420397639274597,0.060691315680742264
466,0.026590723544359207,0.04510476067662239
467,0.09719483554363251,0.05676501244306564
468,0.12053211033344269,0.030534813180565834
469,0.17115908861160278,0.10870311409235
470,0.020888635888695717,0.11508829146623611
471,0.050267741084098816,0.1482580006122589
472,0.22912655770778656,0.1701941043138504
473,0.672833263874054,0.10491558909416199
474,0.594788134098053,0.09652261435985565
475,0.2327631413936615,0.08445383608341217
476,0.16966651380062103,0.07395811378955841
477,0.3150327503681183,0.10961766541004181
478,0.28873756527900696,0.1865658313035965
479,0.4115317463874817,0.14116975665092468
480,0.8871180415153503,0.17270393669605255
481,0.32639724016189575,0.0337667316198349
482,0.16920597851276398,0.0985095202922821
483,0.35713261365890503,0.05008607730269432
484,0.17814336717128754,0.1768960952758789
485,0.6940692663192749,0.19888637959957123
486,1.3021280765533447,0.37299129366874695
487,0.5244128704071045,0.2848007082939148
488,0.8015113472938538,0.5408443212509155
489,0.2598055601119995,0.30863156914711
490,0.21695615351200104,0.062418803572654724
491,0.5576846599578857,0.07440213114023209
492,0.3579322397708893,0.077260822057724
493,0.1372746229171753,0.017026646062731743
494,0.030320484191179276,0.030062077566981316
495,0.4410783052444458,0.04488202556967735
496,0.36686429381370544,0.11274133622646332
497,0.4719361364841461,0.1402636170387268
498,0.11757447570562363,0.04673962667584419
499,0.3089224398136139,0.23663243651390076
500,0.1486082524061203,0.057822469621896744
501,0.2905391752719879,0.07390762120485306
502,0.2700596749782562,0.06662771850824356
503,0.12389589846134186,0.08848121762275696
504,0.15279579162597656,0.08094765990972519
505,0.2207031548023224,0.06062515825033188
506,0.2751191258430481,0.08579495549201965
507,0.48001283407211304,0.07241484522819519
508,0.8328773975372314,0.13431984186172485
509,0.4354965090751648,0.1302606612443924
510,0.35682642459869385,0.05441215634346008
511,1.0228114128112793,0.2734168767929077
512,0.5316272974014282,0.18880747258663177
513,0.04251939803361893,0.3162461519241333
514,0.2399236559867859,0.028233230113983154
515,0.0803762748837471,0.04832073301076889
516,0.40890082716941833,0.04302319511771202
517,0.06875447928905487,0.028878632932901382
518,0.06654250621795654,0.09063486754894257
519,0.21044552326202393,0.20494545996189117
520,0.19158616662025452,0.09572188556194305
521,0.47402966022491455,0.1506476104259491
522,0.1224868968129158,0.04156094416975975
523,0.1451147347688675,0.14371587336063385
524,0.7066558003425598,0.11629031598567963
525,0.16459521651268005,0.036549314856529236
526,0.30528688430786133,0.13113532960414886
527,0.3637913167476654,0.08687162399291992
528,0.32845109701156616,0.10389488935470581
529,0.0842241644859314,0.11689041554927826
530,0.10919484496116638,0.07289758324623108
531,0.11817560344934464,0.24438318610191345
532,0.5128858089447021,0.06581089645624161
533,0.24411539733409882,0.13534919917583466
534,0.5124714374542236,0.0445430614054203
535,0.23359575867652893,0.10134124755859375
536,0.26658904552459717,0.0683998391032219
537,0.7154185771942139,0.5775498151779175
538,0.40263718366622925,0.09983880817890167
539,0.2592339813709259,0.12652990221977234
540,0.12847964465618134,0.03341136872768402
541,0.178254172205925,0.06974486261606216
542,0.20359067618846893,0.13222959637641907
543,0.6420132517814636,0.17299222946166992
544,0.47446924448013306,0.13460609316825867
545,0.21150295436382294,0.033363185822963715
546,0.29471302032470703,0.0525486022233963
547,0.291268527507782,0.20638041198253632
548,0.3512171506881714,0.07583838701248169
549,0.15971139073371887,0.050737667828798294
550,0.24010127782821655,0.036224424839019775
551,0.4739949703216553,0.17782101035118103
552,0.2215254306793213,0.05524056404829025
553,0.3380947709083557,0.07681535184383392
554,0.044246505945920944,0.035961780697107315
555,0.3884422183036804,0.09484492242336273
556,0.5592123866081238,0.09932124614715576
557,0.7683116793632507,0.11444343626499176
558,0.17595520615577698,0.054140664637088776
559,0.23562076687812805,0.05899126082658768
560,0.13839060068130493,0.07611808180809021
561,0.7034738063812256,0.058587998151779175
562,1.2433497905731201,0.16480612754821777
563,0.44028007984161377,0.03572604060173035
564,0.7189587950706482,0.028344402089715004
565,1.0350325107574463,0.09921690821647644
566,0.2436053305864334,0.021314719691872597
567,0.0877063125371933,0.08420868217945099
568,0.2981746196746826,0.05331623554229736
569,0.5757074356079102,0.37526005506515503
570,0.1368786096572876,0.018489856272935867
571,0.2519463300704956,0.11285842955112457
572,0.16209962964057922,0.18055500090122223
573,0.3407326340675354,0.18979394435882568
574,0.25960662961006165,0.13019169867038727
575,0.572415292263031,0.31342989206314087
576,0.45595866441726685,0.23639419674873352
577,0.13462187349796295,0.08630335330963135
578,0.1957738995552063,0.03810472413897514
579,0.19799591600894928,0.061524610966444016
580,0.19124960899353027,0.06427106261253357
581,0.1856377273797989,0.0663352906703949
582,0.18999436497688293,0.05314435809850693
583,0.8407393097877502,0.05663027986884117
584,0.5189687609672546,0.05689205229282379
585,0.2877337634563446,0.0877019390463829
586,0.19627904891967773,0.04550609365105629
587,0.6359966993331909,0.2479492723941803
588,0.6605550646781921,0.4753825068473816
589,0.2958364486694336,0.19898074865341187
590,0.26877298951148987,0.20815134048461914
591,0.10400132089853287,0.1438860148191452
592,0.10098183155059814,0.03850416839122772
593,0.21365362405776978,0.10192827135324478
594,0.3969114124774933,0.30138206481933594
595,0.7437959909439087,0.09629165381193161
596,0.3833582401275635,0.2738075852394104
597,0.1222204715013504,0.016930080950260162
598,0.13427624106407166,0.06806942075490952
599,0.7417285442352295,0.07228606194257736
600,0.722093939781189,0.024433108046650887
601,0.2141939103603363,0.021312298253178596
602,0.347093790769577,0.16724377870559692
603,0.7927789688110352,0.13536907732486725
604,0.18476086854934692,0.13940957188606262
605,0.35602015256881714,0.058534298092126846
606,0.37030720710754395,0.1675754338502884
607,0.07794776558876038,0.10136232525110245
608,0.12829571962356567,0.03702886030077934
609,0.12024883180856705,0.050415776669979095
610,0.11759866774082184,0.07662340998649597
611,0.1807379126548767,0.1285729557275772
612,0.24104031920433044,0.15226925909519196
613,0.5160965919494629,0.07742643356323242
614,0.2078249603509903,0.058757346123456955
615,0.36644262075424194,0.12061040103435516
616,0.18891744315624237,0.14103929698467255
617,0.2813390791416168,0.22367581725120544
618,0.46941694617271423,0.20008093118667603
619,0.25108060240745544,0.08012744784355164
620,0.3027936518192291,0.17812480032444
621,0.05295468866825104,0.03595773130655289
622,0.07506906986236572,0.05694785341620445
623,0.22292718291282654,0.15109720826148987
624,0.1849987953901291,0.06742406636476517
625,0.16106751561164856,0.10173815488815308
626,0.46479785442352295,0.09176666289567947
627,0.057157862931489944,0.008919705636799335
628,0.14772383868694305,0.05859529227018356
629,0.5765065550804138,0.04450349882245064
630,0.39669540524482727,0.08174455165863037
631,0.15946006774902344,0.13012394309043884
632,0.15956391394138336,0.07354984432458878
633,0.0836200937628746,0.09431929886341095
634,0.1321393996477127,0.045736949890851974
635,0.2209092080593109,0.06988684833049774
636,0.0733276903629303,0.09086623787879944
637,0.14162734150886536,0.06699560582637787
638,0.14190392196178436,0.12775184214115143
639,0.1413484811782837,0.11118926107883453
640,0.2107475847005844,0.37253668904304504
641,0.4042854905128479,0.2009316384792328
642,0.1634545922279358,0.10953214019536972
643,0.22318485379219055,0.11316721141338348
644,0.3132564425468445,0.19804278016090393
645,0.1858365386724472,0.11788672208786011
646,0.2913311719894409,0.033647265285253525
647,0.29696124792099,0.11651761829853058
648,0.129310742020607,0.06577016413211823
649,0.1409272849559784,0.13848252594470978
650,0.22762414813041687,0.029313944280147552
651,0.10690413415431976,0.044083334505558014
652,0.33079415559768677,0.0720997005701065
653,0.1694716066122055,0.11065786331892014
654,0.30729180574417114,0.21594566106796265
655,0.4388602375984192,0.2761705219745636
656,1.2632768154144287,0.34244757890701294
657,0.5685003995895386,0.269803911447525
658,0.22618165612220764,0.07463211566209793
659,0.14836254715919495,0.06194012984633446
660,0.5030176639556885,0.052169106900691986
661,1.0013277530670166,0.21944677829742432
662,2.0796053409576416,0.09726690500974655
663,0.09721677750349045,0.04717960208654404
664,0.18365436792373657,0.024486832320690155
665,0.1930537223815918,0.0494232177734375
666,0.24435248970985413,0.0972006767988205
667,0.19902147352695465,0.06463233381509781
668,0.29670971632003784,0.14334183931350708
669,0.14224876463413239,0.07810186594724655
670,0.18093262612819672,0.13546229898929596
671,0.263713002204895,0.05514506995677948
672,0.9766572713851929,0.2375100553035736
673,0.32059571146965027,0.05607496574521065
674,0.056185271590948105,0.06089642643928528
675,0.22298115491867065,0.05670526623725891
676,0.40331363677978516,0.2795083224773407
677,0.41965147852897644,0.1353200376033783
678,0.12240535020828247,0.06567437946796417
679,0.33996665477752686,0.12649144232273102
680,0.6748378276824951,0.15306133031845093
681,0.20791161060333252,0.10849210619926453
682,0.47315090894699097,0.16233563423156738
683,0.18953461945056915,0.12676532566547394
684,0.20724619925022125,0.10060231387615204
685,0.42182284593582153,0.2344312071800232
686,0.2603914737701416,0.19112727046012878
687,0.12276042997837067,0.12413705140352249
688,0.12132763117551804,0.07341102510690689
689,0.2256670445203781,0.08803164958953857
690,0.3046407103538513,0.10923364013433456
691,0.06021646410226822,0.1300066113471985
692,0.11465372890233994,0.053285013884305954
693,0.14092081785202026,0.2075905203819275
694,0.24215281009674072,0.1331823319196701
695,0.09053798764944077,0.05445747822523117
696,0.07160051167011261,0.11078321933746338
697,0.13625696301460266,0.05315446853637695
698,0.2973983883857727,0.11232762783765793
699,0.15345324575901031,0.07860991358757019
700,0.4522770047187805,0.13982199132442474
701,0.5782398581504822,0.291208416223526
702,0.30821898579597473,0.13440868258476257
703,0.1409107744693756,0.11320877075195312
704,0.4281853437423706,0.08211014419794083
705,0.5314546823501587,0.20939165353775024
706,0.32780519127845764,0.12048569321632385
707,0.39872732758522034,0.09282062947750092
708,0.4895178973674774,0.12176710367202759
709,0.15689490735530853,0.018426405265927315
710,0.22044509649276733,0.0794198289513588
711,0.24848848581314087,0.09276887774467468
712,0.19179391860961914,0.18022587895393372
713,0.42170944809913635,0.23577262461185455
714,0.4201663136482239,0.170815572142601
715,0.0842420756816864,0.07316610962152481
716,0.3679046928882599,0.17669793963432312
717,0.26565879583358765,0.044394563883543015
718,0.24767635762691498,0.08686201274394989
719,0.2111918181180954,0.13114243745803833
720,0.2872285544872284,0.18940287828445435
721,0.07475445419549942,0.03092365339398384
722,0.08645030111074448,0.14758478105068207
723,0.2207086682319641,0.06951286643743515
724,0.12600506842136383,0.11268898099660873
725,0.41679465770721436,0.156219944357872
726,0.4410187005996704,0.17940624058246613
727,0.20526506006717682,0.07113217562437057
728,0.2735375761985779,0.10381431877613068
729,0.39576631784439087,0.14444071054458618
730,0.32525575160980225,0.17422792315483093
731,1.1104815006256104,0.08992153406143188
732,0.16652311384677887,0.08917941153049469
733,0.2308126986026764,0.08198754489421844
734,0.6591800451278687,0.15090340375900269
735,0.8943256735801697,0.08654310554265976
736,0.10332094877958298,0.08978314697742462
737,0.08849132061004639,0.05385030061006546
738,0.12052586674690247,0.12313494831323624
739,0.28146326541900635,0.032776668667793274
740,0.18520593643188477,0.1700182557106018
741,0.2385486215353012,0.18240709602832794
742,0.1707477867603302,0.21087203919887543
743,1.0842005014419556,0.060908928513526917
744,0.09166112542152405,0.05349971726536751
745,0.156091570854187,0.01061724778264761
746,0.13036030530929565,0.13518771529197693
747,0.1932726800441742,0.15842920541763306
748,0.26534369587898254,0.06895295530557632
749,0.35898953676223755,0.14362585544586182
750,0.21639902889728546,0.10193538665771484
751,0.14476461708545685,0.06967458128929138
752,0.2297583818435669,0.07493792474269867
753,0.4071989357471466,0.1391194611787796
754,0.48860982060432434,0.08201680332422256
755,1.1290943622589111,0.07324033975601196
756,0.3681591749191284,0.05931727960705757
757,0.557522177696228,0.10315285623073578
758,0.16382567584514618,0.05121280997991562
759,0.5178683996200562,0.12954753637313843
760,0.2331448793411255,0.12934273481369019
761,0.4827498495578766,0.10761912912130356
762,0.2889515161514282,0.04051120951771736
763,0.567980945110321,0.08693065494298935
764,0.43099552392959595,0.31982970237731934
765,0.3634755611419678,0.11513039469718933
766,0.4327487349510193,0.06765224784612656
767,0.16210274398326874,0.2335076481103897
768,0.8084045648574829,0.17889922857284546
769,0.10289227962493896,0.12128594517707825
770,0.25586220622062683,0.08230569958686829
771,0.22696679830551147,0.33269941806793213
772,0.13727614283561707,0.03173185512423515
773,0.6722173690795898,0.05604717507958412
774,0.5306270122528076,0.22921329736709595
775,0.327258825302124,0.07045838981866837
776,0.13116641342639923,0.14357244968414307
777,0.18518823385238647,0.08167115598917007
778,0.14088070392608643,0.0674428641796112
779,0.1101343184709549,0.0881795734167099
780,0.7185142636299133,0.042786844074726105
781,0.274638295173645,0.0525340810418129
782,0.4285389184951782,0.10501699894666672
783,0.2699829339981079,0.07912182807922363
784,0.11893042176961899,0.07704805582761765
785,0.1465134471654892,0.024815913289785385
786,0.1002623438835144,0.028452906757593155
787,0.21294791996479034,0.138431578874588
788,0.1370992809534073,0.1937277764081955
789,0.07650035619735718,0.12273205816745758
790,0.22875696420669556,0.06843830645084381
791,0.29389581084251404,0.06620143353939056
792,0.09332937747240067,0.040809351950883865
793,0.19244098663330078,0.07556825876235962
794,0.14476917684078217,0.06256464868783951
795,0.5598801374435425,0.10714474320411682
796,0.203969806432724,0.19944456219673157
797,0.2914949059486389,0.05680765584111214
798,0.1894254833459854,0.05882248654961586
799,0.6631647348403931,0.15142233669757843
800,0.06916116178035736,0.04048910364508629
801,0.0998838022351265,0.09867425262928009
802,0.12366610765457153,0.04360169172286987
803,0.2160373032093048,0.09531246870756149
804,0.218376025557518,0.05832921713590622
805,0.7032273411750793,0.12404974550008774
806,0.05855381861329079,0.20415398478507996
807,0.351004421710968,0.062011778354644775
808,0.3435797691345215,0.054373834282159805
809,0.18616801500320435,0.09142909944057465
810,0.3031117618083954,0.09643125534057617
811,0.2998301088809967,0.24003668129444122
812,0.15932802855968475,0.16447760164737701
813,0.200877845287323,0.10102128237485886
814,0.3864211440086365,0.21008622646331787
815,0.18909165263175964,0.09210135787725449
816,0.2163999229669571,0.1214781403541565
817,0.4954405426979065,0.16469338536262512
818,0.40389370918273926,0.12483330816030502
819,0.12620186805725098,0.16143551468849182
820,0.2499401867389679,0.055668555200099945
821,0.1597587913274765,0.03422630950808525
822,0.3380652666091919,0.035608068108558655
823,0.23456081748008728,0.04715685173869133
824,0.37077683210372925,0.06492429971694946
825,0.14229527115821838,0.23847287893295288
826,0.13016508519649506,0.15764613449573517
827,0.3890388011932373,0.08284707367420197
828,0.2856547236442566,0.23988589644432068
829,0.3078402578830719,0.238637775182724
830,0.6642076969146729,0.025171475484967232
831,0.42640724778175354,0.06958845257759094
832,0.45188382267951965,0.092145174741745
833,0.06127575412392616,0.09010573476552963
834,0.14533255994319916,0.07334869354963303
835,0.2567233443260193,0.037549979984760284
836,0.37839454412460327,0.19930869340896606
837,0.14707182347774506,0.1330156922340393
838,0.2944633364677429,0.06963944435119629
839,0.26818403601646423,0.09599108248949051
840,0.15365800261497498,0.15561543405056
841,0.2559646666049957,0.15063607692718506
842,0.18745315074920654,0.18485701084136963
843,0.3513666093349457,0.08324276655912399
844,0.598981499671936,0.07103506475687027
845,0.5416802167892456,0.030223693698644638
846,0.3028358519077301,0.11018068343400955
847,1.155782699584961,0.49756282567977905
848,0.3046734035015106,0.14155402779579163
849,0.12330387532711029,0.02109777182340622
850,0.14928843080997467,0.1818038821220398
851,0.6458754539489746,0.11744029074907303
852,0.330244779586792,0.07545354962348938
853,1.3219901323318481,0.30128878355026245
854,0.36070680618286133,0.19022469222545624
855,0.8831217288970947,0.07744288444519043
856,0.5620078444480896,0.23182451725006104
857,0.4378746747970581,0.16464069485664368
858,0.07754139602184296,0.08443378657102585
859,0.20152387022972107,0.29014068841934204
860,0.19793157279491425,0.09778225421905518
861,0.10810768604278564,0.05662282928824425
862,0.3120359480381012,0.10251563787460327
863,0.22755810618400574,0.13411912322044373
864,0.2969531714916229,0.1080484688282013
865,0.35398197174072266,0.16842913627624512
866,0.1405986100435257,0.04193994402885437
867,0.18646378815174103,0.04589616879820824
868,0.2128985971212387,0.16540101170539856
869,0.17948375642299652,0.07714053988456726
870,0.13296790421009064,0.03272007778286934
871,0.11252768337726593,0.24382072687149048
872,0.5704750418663025,0.08750630170106888
873,0.3903360664844513,0.17516013979911804
874,0.3706670105457306,0.15991879999637604
875,0.17124579846858978,0.25613927841186523
876,0.17879757285118103,0.34677109122276306
877,0.3225870728492737,0.08550640940666199
878,0.29060685634613037,0.16987347602844238
879,0.49818018078804016,0.1237703338265419
880,0.48401737213134766,0.18499326705932617
881,0.14805863797664642,0.027967456728219986
882,0.5066686868667603,0.20363262295722961
883,0.2595624625682831,0.12575788795948029
884,0.10761601477861404,0.10352302342653275
885,0.16539044678211212,0.030121611431241035
886,0.10022865235805511,0.11462165415287018
887,0.260292112827301,0.11386343836784363
888,0.21790611743927002,0.0984518900513649
889,0.3405744731426239,0.05523410439491272
890,0.34678444266319275,0.14421004056930542
891,0.2831075191497803,0.08255614340305328
892,0.4502130448818207,0.08873263001441956
893,0.22195638716220856,0.1754714548587799
894,0.3150143325328827,0.09603303670883179
895,0.21881058812141418,0.19661493599414825
896,0.6090914607048035,0.323289155960083
897,0.29312145709991455,0.055085085332393646
898,0.3751954138278961,0.05152998864650726
899,0.14046204090118408,0.10537499189376831
900,0.17049917578697205,0.220846489071846
901,0.1695024073123932,0.03999417647719383
902,0.7121875286102295,0.13921476900577545
903,0.7345494031906128,0.14392726123332977
904,0.19844207167625427,0.1048547774553299
905,0.3547340929508209,0.06008036434650421
906,0.8597620725631714,0.09872303158044815
907,0.3308907449245453,0.07199782878160477
908,0.6035094857215881,0.13016213476657867
909,0.20244543254375458,0.059512943029403687
910,0.09398113936185837,0.11273136734962463
911,0.16625210642814636,0.18511006236076355
912,0.24922466278076172,0.3810499608516693
913,0.1848127841949463,0.1441367268562317
914,0.404043972492218,0.13199469447135925
915,0.35785043239593506,0.042251698672771454
916,0.3469094932079315,0.04512130469083786
917,0.0835733413696289,0.1261686533689499
918,0.17465785145759583,0.18905720114707947
919,0.22014017403125763,0.10184183716773987
920,0.29690614342689514,0.10303913056850433
921,0.39503344893455505,0.07547636330127716
922,0.39559704065322876,0.10230906307697296
923,0.2585231363773346,0.10456250607967377
924,0.3133791983127594,0.196964830160141
925,0.1831256002187729,0.12063901871442795
926,0.32348349690437317,0.0749024897813797
927,0.2673313021659851,0.0641477182507515
928,0.21936461329460144,0.04638354480266571
929,0.14661714434623718,0.0909109115600586
930,0.20777840912342072,0.14962348341941833
931,0.8406355381011963,0.12708114087581635
932,0.31550976634025574,0.03289651498198509
933,0.23550677299499512,0.010766066610813141
934,0.48547619581222534,0.014827641658484936
935,0.17672553658485413,0.11892859637737274
936,0.36665835976600647,0.06922920793294907
937,0.5017180442810059,0.06372997909784317
938,0.24734143912792206,0.16610658168792725
939,0.9711750149726868,0.051702190190553665
940,0.18020325899124146,0.047863785177469254
941,0.4007118344306946,0.10789434611797333
942,0.8154990077018738,0.3360493779182434
943,0.4344790577888489,0.4844091832637787
944,0.4194800555706024,0.07412008941173553
945,0.1772719770669937,0.07966426759958267
946,0.30183568596839905,0.10817565023899078
947,0.49177074432373047,0.151951864361763
948,0.22431351244449615,0.03660748526453972
949,0.47297537326812744,0.11009214073419571
950,0.3546478748321533,0.0829346626996994
951,0.3237285912036896,0.13655897974967957
952,0.14119625091552734,0.05901101976633072
953,0.09498004615306854,0.05842508375644684
954,0.14427058398723602,0.18898198008537292
955,0.15370380878448486,0.17638251185417175
956,0.15470202267169952,0.11797963827848434
957,0.22598229348659515,0.039248738437891006
958,0.28735363483428955,0.07859458774328232
959,0.35381194949150085,0.07388702034950256
960,1.1315239667892456,0.5289848446846008
961,0.1617802083492279,0.10243171453475952
962,0.34527018666267395,0.1325075328350067
963,0.39471137523651123,0.17071665823459625
964,0.1893089860677719,0.0600617416203022
965,0.33608344197273254,0.07567502558231354
966,0.23527097702026367,0.03114716149866581
967,0.5674126148223877,0.1418546438217163
968,0.1958753615617752,0.10383881628513336
969,0.21900273859500885,0.03673235699534416
970,0.544177770614624,0.1689048707485199
971,0.45807433128356934,0.03933742642402649
972,0.12172845751047134,0.03532751649618149
973,0.301695317029953,0.02117244340479374
974,0.30528977513313293,0.08496027439832687
975,0.13947530090808868,0.08065792173147202
976,0.10392633080482483,0.08580105751752853
977,0.4695426821708679,0.06924108415842056
978,0.367452472448349,0.14641819894313812
979,0.4022790193557739,0.32520633935928345
980,0.2893284559249878,0.17318357527256012
981,0.1339440792798996,0.05799224227666855
982,0.15013867616653442,0.241252601146698
983,0.22386550903320312,0.0543503612279892
984,0.4777335524559021,0.16043707728385925
985,0.21021944284439087,0.0722041130065918
986,0.4261862635612488,0.14682091772556305
987,0.12161046266555786,0.19894537329673767
988,0.5472962260246277,0.202956423163414
989,0.2816283106803894,0.14530405402183533
990,0.4809112846851349,0.13335010409355164
991,0.6712325811386108,0.10784173756837845
992,0.333160936832428,0.0864122211933136
993,0.30322909355163574,0.2606807053089142
994,0.5987918972969055,0.22071470320224762
995,0.24852842092514038,0.2350689023733139
996,0.26452723145484924,0.05324408784508705
997,0.30092644691467285,0.16734540462493896
998,0.1094922348856926,0.016878711059689522
999,0.11020208150148392,0.0833687037229538
1000,0.17066390812397003,0.11254514008760452
1001,0.17447438836097717,0.09588146209716797
1002,0.4051658511161804,0.11862841248512268
1003,0.4779696464538574,0.1480913907289505
1004,0.31444138288497925,0.11602941155433655
1005,0.19913461804389954,0.06697221100330353
1006,0.27941784262657166,0.1785949319601059
1007,0.28537237644195557,0.05423133075237274
1008,0.6661664247512817,0.07354588061571121
1009,0.1154707744717598,0.06816253066062927
1010,0.49177223443984985,0.17018426954746246
1011,0.2281334400177002,0.08664111793041229
1012,0.08830466121435165,0.09436733275651932
1013,0.10033942759037018,0.08769334852695465
1014,0.27920031547546387,0.08571241796016693
1015,0.13886262476444244,0.08297131955623627
1016,0.2550358772277832,0.09175017476081848
1017,0.2634590268135071,0.16457223892211914
1018,0.3305649757385254,0.11848238110542297
1019,0.2538132965564728,0.10395728796720505
1020,0.24306680262088776,0.0961112231016159
1021,0.4236261248588562,0.09873546659946442
1022,0.3122985064983368,0.2200724184513092
1023,0.40137016773223877,0.316876620054245
1024,0.24822445213794708,0.22023038566112518
1025,0.08806446194648743,0.03143465518951416
1026,0.36341592669487,0.09106587618589401
1027,0.23186355829238892,0.16189557313919067
1028,0.5454884767532349,0.1514033079147339
1029,0.8270413279533386,0.10374609380960464
1030,0.23679202795028687,0.14750820398330688
1031,0.7180399894714355,0.0812453180551529
1032,0.2566690742969513,0.05577290430665016
1033,0.14934313297271729,0.08394572138786316
1034,0.25323477387428284,0.09929582476615906
1035,0.4979344606399536,0.1307675987482071
1036,0.23321621119976044,0.06641502678394318
1037,0.2533772587776184,0.114966481924057
1038,0.16069567203521729,0.09531465172767639
1039,0.1141994446516037,0.11153888702392578
1040,0.4071270823478699,0.07594966888427734
1041,0.24324509501457214,0.03009052202105522
1042,0.11659536510705948,0.0999239832162857
1043,0.6846452951431274,0.1252368688583374
1044,0.1328243613243103,0.09187383949756622
1045,0.14804796874523163,0.1294667273759842
1046,0.17406347393989563,0.13497230410575867
1047,0.34905803203582764,0.09169094264507294
1048,0.29372289776802063,0.24851424992084503
1049,0.48474806547164917,0.11892402172088623
1050,0.40720614790916443,0.05090842396020889
1051,0.1333019882440567,0.06193298101425171
1052,0.18487700819969177,0.04784143716096878
1053,0.233115553855896,0.1749400943517685
1054,0.38292640447616577,0.14967596530914307
1055,0.5682352185249329,0.3807052969932556
1056,0.20529665052890778,0.07250802218914032
1057,0.5930652022361755,0.09205582737922668
1058,0.23358450829982758,0.05819844827055931
1059,0.29833686351776123,0.060270436108112335
1060,0.5671750903129578,0.06829109787940979
1061,0.4673534631729126,0.03890971094369888
1062,0.12375697493553162,0.043052494525909424
1063,0.1464880108833313,0.08716461062431335
1064,0.3963199257850647,0.14798308908939362
1065,0.3035009801387787,0.1085612028837204
1066,0.09491671621799469,0.07059778273105621
1067,0.28894278407096863,0.06256142258644104
1068,0.24157901108264923,0.13689692318439484
1069,0.26660576462745667,0.041212357580661774
1070,0.08014228940010071,0.025379478931427002
1071,0.1384442299604416,0.06277137249708176
1072,0.2542891502380371,0.22975662350654602
1073,0.3358149528503418,0.2006484568119049
1074,0.3452511727809906,0.15198206901550293
1075,0.17054018378257751,0.1091473326086998
1076,0.32363298535346985,0.0840967446565628
1077,0.30920279026031494,0.1625118851661682
1078,0.4055998623371124,0.12939630448818207
1079,0.5294477343559265,0.10855132341384888
1080,0.5265239477157593,0.0909666121006012
1081,0.4068063497543335,0.09253790229558945
1082,0.2495478093624115,0.06693202257156372
1083,0.22569897770881653,0.044729266315698624
1084,0.7743197679519653,0.10594278573989868
1085,0.6532255411148071,0.12894758582115173
1086,0.31049618124961853,0.12358620017766953
1087,0.43487048149108887,0.15605491399765015
1088,0.2674191892147064,0.10370168089866638
1089,0.41387802362442017,0.13166426122188568
1090,0.3466246724128723,0.10787376016378403
1091,0.22985826432704926,0.03970153629779816
1092,0.24071887135505676,0.2692698538303375
1093,0.39612877368927,0.17890822887420654
1094,0.547515869140625,0.04591426998376846
1095,0.7814052104949951,0.10615354776382446
1096,0.10328996181488037,0.13831573724746704
1097,0.07288546115159988,0.04731380194425583
1098,0.46188849210739136,0.04192408546805382
1099,0.3907686471939087,0.10789021849632263
1100,0.10172425210475922,0.09048422425985336
1101,0.23494915664196014,0.08048288524150848
1102,0.16441099345684052,0.04123499244451523
1103,0.13253843784332275,0.03565286472439766
1104,0.16602569818496704,0.1091819554567337
1105,0.2993704378604889,0.06507889181375504
1106,0.1815071403980255,0.12848208844661713
1107,0.14766065776348114,0.07116347551345825
1108,0.244795024394989,0.08533182740211487
1109,0.3753119111061096,0.08704151213169098
1110,0.19379828870296478,0.03637245297431946
1111,0.7202484607696533,0.072008416056633
1112,0.32610470056533813,0.05918877571821213
1113,0.6594064831733704,0.046597909182310104
1114,0.22162984311580658,0.11789099127054214
1115,0.12190563976764679,0.09422516822814941
1116,0.45428696274757385,0.12954051792621613
1117,0.444896399974823,0.14416399598121643
1118,0.16933885216712952,0.061415236443281174
1119,0.3415691554546356,0.023733191192150116
1120,0.05308406054973602,0.09153445810079575
1121,0.21657192707061768,0.07035516202449799
1122,0.12343470752239227,0.0874335989356041
1123,1.10276198387146,0.06179334595799446
1124,0.27113839983940125,0.0811254233121872
1125,0.215702086687088,0.10735075175762177
1126,0.36997947096824646,0.17669405043125153
1127,1.3441524505615234,0.09749645739793777
1128,0.8203340768814087,0.20551909506320953
1129,0.24121519923210144,0.09407641738653183
1130,0.1945449411869049,0.03746141120791435
1131,0.900855541229248,0.03299829736351967
1132,0.23369261622428894,0.2550255358219147
1133,0.7411172986030579,0.09795907139778137
1134,0.190730020403862,0.10166320204734802
1135,0.5465668439865112,0.07058855146169662
1136,0.14483492076396942,0.06310269981622696
1137,0.059525128453969955,0.1121620312333107
1138,0.18276606500148773,0.061842795461416245
1139,0.21035104990005493,0.03935299068689346
1140,0.31402987241744995,0.1223105937242508
1141,0.7097858190536499,0.18897348642349243
1142,0.3838396966457367,0.05861455202102661
1143,0.6250541806221008,0.11859592795372009
1144,0.443073570728302,0.11014299094676971
1145,0.3024669587612152,0.20930540561676025
1146,0.24313856661319733,0.07486866414546967
1147,0.6029801964759827,0.28816601634025574
1148,0.39702802896499634,0.3617287278175354
1149,0.5392904877662659,0.15787452459335327
1150,0.5193265080451965,0.4557485580444336
1151,0.2228248119354248,0.08229169249534607
1152,0.06258738040924072,0.11926436424255371
1153,0.10888788104057312,0.05168986693024635
1154,0.1498076617717743,0.02342262491583824
1155,0.22586418688297272,0.11810873448848724
1156,0.24305002391338348,0.05890544503927231
1157,0.2906947731971741,0.16548945009708405
1158,0.1572849154472351,0.1852307915687561
1159,0.15765580534934998,0.09455716609954834
1160,0.162202849984169,0.1309511810541153
1161,0.09529224783182144,0.03690691664814949
1162,0.1267615705728531,0.06349508464336395
1163,0.15986807644367218,0.07840416580438614
1164,0.21474362909793854,0.11080939322710037
1165,0.19837111234664917,0.1581985056400299
1166,0.4880784749984741,0.12091013789176941
1167,0.3212762773036957,0.08099168539047241
1168,0.34553101658821106,0.11574222892522812
1169,0.323828786611557,0.04593898355960846
1170,0.27276310324668884,0.06662651151418686
1171,0.12069611996412277,0.06673865020275116
1172,0.31661415100097656,0.1378309428691864
1173,0.5098043084144592,0.07032998651266098
1174,0.41987407207489014,0.05010552704334259
1175,0.16247335076332092,0.10057215392589569
1176,0.32526010274887085,0.08603371679782867
1177,0.5480742454528809,0.22523456811904907
1178,0.12258899956941605,0.029093485325574875
1179,0.25745221972465515,0.14098720252513885
1180,0.18150214850902557,0.02819318324327469
1181,0.5597400665283203,0.19856564700603485
1182,0.22286945581436157,0.1900939792394638
1183,0.4526006877422333,0.15620510280132294
1184,1.120936393737793,0.19634810090065002
1185,0.8411448001861572,0.04310457408428192
1186,0.5641854405403137,0.23683999478816986
1187,0.9173153638839722,0.21001869440078735
1188,0.4355563819408417,0.13760259747505188
1189,0.875144362449646,0.22190240025520325
1190,0.3465462327003479,0.05602693557739258
1191,0.256801962852478,0.0585905946791172
1192,0.33691149950027466,0.05033504590392113
1193,0.2925500273704529,0.22259309887886047
1194,0.44279640913009644,0.21283480525016785
1195,0.09560839831829071,0.05274638533592224
1196,0.2947408854961395,0.10250910371541977
1197,0.2995608448982239,0.06913694739341736
1198,0.34509119391441345,0.0770874172449112
1199,0.3183152973651886,0.03246482089161873
1200,0.3849128484725952,0.36881566047668457
1201,0.2536390721797943,0.06633282452821732
1202,0.25977087020874023,0.065087229013443
1203,0.1505572646856308,0.04855732247233391
1204,0.20772552490234375,0.09204143285751343
1205,0.2119278460741043,0.08151952177286148
1206,0.07653061300516129,0.10547944903373718
1207,0.5793581008911133,0.15883740782737732
1208,0.5525304079055786,0.14641855657100677
1209,0.6281132698059082,0.06471661478281021
1210,0.23406676948070526,0.10901272296905518
1211,0.05109882354736328,0.1577807515859604
1212,0.089443139731884,0.016884082928299904
1213,0.09751620888710022,0.06632374972105026
1214,0.17732644081115723,0.02652771770954132
1215,0.40635380148887634,0.19467440247535706
1216,0.27711230516433716,0.019651388749480247
1217,0.8147028088569641,0.15388663113117218
1218,0.45719391107559204,0.28788548707962036
1219,0.47302359342575073,0.0832667127251625
1220,0.3866264224052429,0.10011127591133118
1221,0.5158196687698364,0.0772809088230133
1222,0.04885309934616089,0.06659816205501556
1223,0.12209898233413696,0.20339852571487427
1224,0.20486678183078766,0.2688766419887543
1225,0.044755205512046814,0.055368274450302124
1226,0.3500954508781433,0.15546554327011108
1227,0.08807456493377686,0.09458509832620621
1228,0.13141822814941406,0.05075385421514511
1229,0.3874378800392151,0.04900643229484558
1230,0.24748876690864563,0.12052030861377716
1231,0.34047025442123413,0.04904668778181076
1232,0.4879990518093109,0.32805097103118896
1233,0.13430537283420563,0.11754907667636871
1234,0.39185699820518494,0.06610728800296783
1235,0.6507182121276855,0.05230548977851868
1236,0.5267492532730103,0.11673085391521454
1237,0.06201240047812462,0.18437175452709198
1238,0.5205843448638916,0.15054142475128174
1239,0.7969499230384827,0.29974013566970825
1240,0.052749697118997574,0.03441711887717247
1241,0.3608192801475525,0.1348210871219635
1242,0.34226810932159424,0.03397371992468834
1243,0.38978466391563416,0.17188462615013123
1244,0.20276015996932983,0.23248890042304993
1245,0.10406254231929779,0.1792266070842743
1246,0.49296578764915466,0.12863296270370483
1247,0.12366912513971329,0.0710800439119339
1248,0.12254071980714798,0.056695714592933655
1249,0.6180731654167175,0.2943758964538574
1250,0.18084603548049927,0.1705009490251541
1251,0.23030847311019897,0.27105623483657837
1252,0.48962658643722534,0.07358768582344055
1253,0.19268861413002014,0.06374287605285645
1254,0.2396024465560913,0.2410212755203247
1255,0.1161024272441864,0.07017692923545837
1256,0.5579098463058472,0.09087936580181122
1257,0.33833956718444824,0.11311839520931244
1258,0.288339763879776,0.11660036444664001
1259,0.04555279761552811,0.08522786945104599
1260,0.46557900309562683,0.10268150269985199
1261,0.46163153648376465,0.06828205287456512
1262,0.39510053396224976,0.06995761394500732
1263,0.9212136268615723,0.0887591689825058
1264,0.12237870693206787,0.07837928831577301
1265,0.1676986813545227,0.10463061928749084
1266,0.048025935888290405,0.12130436301231384
1267,0.08438876271247864,0.05765850841999054
1268,0.16021093726158142,0.06148575246334076
1269,0.1250527799129486,0.1204291358590126
1270,0.18330596387386322,0.11463234573602676
1271,0.20968353748321533,0.1423647105693817
1272,1.0278079509735107,0.35655930638313293
1273,0.32277166843414307,0.10979580134153366
1274,0.07096890360116959,0.0350617989897728
1275,0.15133428573608398,0.029402107000350952
1276,0.13895472884178162,0.03765764459967613
1277,0.49237143993377686,0.09576040506362915
1278,0.26190343499183655,0.11953555047512054
1279,0.8230962753295898,0.05040017142891884
1280,0.4414595365524292,0.0324990451335907
1281,1.3629318475723267,0.144548237323761
1282,0.24446436762809753,0.1358124315738678
1283,0.34404194355010986,0.07699578255414963
1284,0.18129199743270874,0.10313984751701355
1285,0.03857044875621796,0.055642109364271164
1286,0.09726683795452118,0.022853445261716843
1287,0.29123222827911377,0.12419342994689941
1288,0.6255502104759216,0.12187138199806213
1289,0.09840957820415497,0.05438239872455597
1290,0.3224395513534546,0.0909341424703598
1291,0.1937362402677536,0.08863375335931778
1292,0.40906473994255066,0.09373940527439117
1293,0.2774049937725067,0.23595978319644928
1294,0.6994155645370483,0.10958178341388702
1295,0.3753169775009155,0.06318752467632294
1296,0.49030640721321106,0.08006453514099121
1297,0.7580770254135132,0.114130899310112
1298,0.14128834009170532,0.08590210974216461
1299,0.6176472306251526,0.13566431403160095
1300,0.3133006691932678,0.13308359682559967
1301,0.2163413166999817,0.030473120510578156
1302,0.2226145714521408,0.07395932078361511
1303,0.15329426527023315,0.028519604355096817
1304,0.9056611061096191,0.13022492825984955
1305,0.35286617279052734,0.24321700632572174
1306,0.049830857664346695,0.07148294895887375
1307,0.3160853385925293,0.022892285138368607
1308,0.9273765683174133,0.1387394517660141
1309,0.6581828594207764,0.1641617715358734
1310,0.30535855889320374,0.1685200333595276
1311,0.32465726137161255,0.12107137590646744
1312,0.1707487553358078,0.0049235462211072445
1313,0.4401855170726776,0.025320351123809814
1314,0.2904238700866699,0.08185864239931107
1315,0.421827495098114,0.10476386547088623
1316,0.49606382846832275,0.23487651348114014
1317,0.44265490770339966,0.16136358678340912
1318,0.5376620292663574,0.06159724295139313
1319,0.3913428783416748,0.22391924262046814
1320,0.20162518322467804,0.03708641231060028
1321,0.2059510350227356,0.16946172714233398
1322,0.20365935564041138,0.13546313345432281
1323,0.33655834197998047,0.06977731734514236
1324,0.615984320640564,0.019080916419625282
1325,0.142837792634964,0.09743649512529373
1326,0.22569189965724945,0.023035302758216858
1327,0.16473457217216492,0.2745610177516937
1328,0.3845389485359192,0.09631103277206421
1329,0.6209444999694824,0.029587093740701675
1330,0.2756694555282593,0.06291380524635315
1331,0.5547765493392944,0.09481611847877502
1332,0.3344652056694031,0.10761267691850662
1333,0.08928785473108292,0.039390139281749725
1334,0.26326870918273926,0.11148267984390259
1335,0.440110981464386,0.052441906183958054
1336,0.2553410530090332,0.2718355357646942
1337,0.20787855982780457,0.19602590799331665
1338,0.6070435047149658,0.06568562984466553
1339,1.063015341758728,0.04150565713644028
1340,0.18406225740909576,0.059512823820114136
1341,0.3140292465686798,0.02969754859805107
1342,0.037944450974464417,0.05952305346727371
1343,0.32621467113494873,0.056818682700395584
1344,0.6270366311073303,0.12474405020475388
1345,0.3120010495185852,0.054637130349874496
1346,0.13393911719322205,0.024204151704907417
1347,0.41629666090011597,0.13567642867565155
1348,1.0254467725753784,0.0878903865814209
1349,0.6015704274177551,0.1066104918718338
1350,0.22587257623672485,0.1579589545726776
1351,0.10754753649234772,0.04563654959201813
1352,0.08135063946247101,0.10940997302532196
1353,0.16634601354599,0.06729601323604584
1354,0.40403982996940613,0.06652423739433289
1355,0.1693078726530075,0.05631250888109207
1356,0.172353595495224,0.09939244389533997
1357,0.34005287289619446,0.016758454963564873
1358,0.5320543050765991,0.11239524185657501
1359,0.12634870409965515,0.09647257626056671
1360,0.13277821242809296,0.19976873695850372
1361,0.36923882365226746,0.1894887387752533
1362,0.37028974294662476,0.022999536246061325
1363,0.4884277880191803,0.08058474957942963
1364,0.23878774046897888,0.053599148988723755
1365,0.36493611335754395,0.08233114331960678
1366,0.9819203615188599,0.10957261174917221
1367,0.09716001152992249,0.04263397306203842
1368,0.42357897758483887,0.1239599660038948
1369,0.5000582933425903,0.09094168990850449
1370,0.6554524898529053,0.044023074209690094
1371,0.2644193768501282,0.06728995591402054
1372,0.2420830875635147,0.10829795897006989
1373,0.1391022503376007,0.10187472403049469
1374,0.4299677610397339,0.07158462703227997
1375,0.10943961143493652,0.07880234718322754
1376,0.5528856515884399,0.13768775761127472
1377,0.11130773276090622,0.02475188672542572
1378,0.1622098982334137,0.09650480002164841
1379,0.27618780732154846,0.06590867787599564
1380,0.4455834925174713,0.07079191505908966
1381,1.123748540878296,0.1041613519191742
1382,0.20407214760780334,0.08731429278850555
1383,0.03479088097810745,0.05922527611255646
1384,0.20309984683990479,0.12349863350391388
1385,0.6767905950546265,0.1711309403181076
1386,0.3389229476451874,0.08682841807603836
1387,0.45859017968177795,0.0632745549082756
1388,0.14505904912948608,0.0892113447189331
1389,0.10837819427251816,0.040431663393974304
1390,0.22349485754966736,0.24395792186260223
1391,0.28652361035346985,0.062160588800907135
1392,0.1600649654865265,0.1586121916770935
1393,0.11262635886669159,0.16227489709854126
1394,0.13770931959152222,0.053502872586250305
1395,0.11394643783569336,0.05912267044186592
1396,0.4433280825614929,0.11720556020736694
1397,0.4689907431602478,0.049729641526937485
1398,0.3800937533378601,0.06775297224521637
1399,0.07658451795578003,0.03773835673928261
1400,0.33988794684410095,0.04162003844976425
1401,0.4024086892604828,0.0695423036813736
1402,0.31796127557754517,0.049561597406864166
1403,0.16587454080581665,0.10602246224880219
1404,0.22611187398433685,0.26360416412353516
1405,0.68027663230896,0.16746948659420013
1406,0.2616746127605438,0.22723209857940674
1407,0.38795191049575806,0.09210485965013504
1408,0.6899081468582153,0.12012753635644913
1409,0.1872921735048294,0.05792645364999771
1410,0.17231130599975586,0.02192947454750538
1411,0.14182952046394348,0.08728072792291641
1412,0.14013075828552246,0.03537168353796005
1413,0.20748195052146912,0.099217489361763
1414,0.3290756642818451,0.04353729635477066
1415,0.0845298022031784,0.05685541033744812
1416,0.4113425016403198,0.044169049710035324
1417,0.3299454152584076,0.07229696959257126
1418,0.11419528722763062,0.11376627534627914
1419,0.20416295528411865,0.056631311774253845
1420,0.22656717896461487,0.07736608386039734
1421,0.03519519045948982,0.018382292240858078
1422,0.1554115116596222,0.02411443367600441
1423,0.19787906110286713,0.12450769543647766
1424,0.36311328411102295,0.062244661152362823
1425,0.24887065589427948,0.06496044993400574
1426,0.1847434937953949,0.061697959899902344
1427,0.12986958026885986,0.08363579958677292
1428,0.26754114031791687,0.19303260743618011
1429,0.6004430651664734,0.22115078568458557
1430,0.3484797477722168,0.0880357176065445
1431,0.23592445254325867,0.060460127890110016
1432,0.6469841599464417,0.06585709750652313
1433,0.22209033370018005,0.1654842048883438
1434,0.050736185163259506,0.00890598725527525
1435,0.21031847596168518,0.11886578798294067
1436,0.498694509267807,0.10305878520011902
1437,0.14724987745285034,0.03159661218523979
1438,0.12914212048053741,0.05630572512745857
1439,0.3874872326850891,0.15653517842292786
1440,0.15951023995876312,0.06478920578956604
1441,0.15676872432231903,0.056581445038318634
1442,0.5217490196228027,0.17849399149417877
1443,0.5643041133880615,0.0338749960064888
1444,0.7985414266586304,0.027026761323213577
1445,0.09510986506938934,0.10508827865123749
1446,0.10925149917602539,0.043002285063266754
1447,0.17577305436134338,0.1928482949733734
1448,0.14556589722633362,0.13800951838493347
1449,0.1431370973587036,0.22363999485969543
1450,0.08100759238004684,0.10609927773475647
1451,0.16461576521396637,0.12810911238193512
1452,0.38209712505340576,0.18023519217967987
1453,0.5210698246955872,0.14391708374023438
1454,0.4915383756160736,0.05324460566043854
1455,0.07227040827274323,0.06050683930516243
1456,0.21225325763225555,0.15701846778392792
1457,0.25918519496917725,0.12424662709236145
1458,0.15851327776908875,0.06109986826777458
1459,0.34805142879486084,0.07024762034416199
1460,0.41834381222724915,0.4012081027030945
1461,0.3056177496910095,0.06765037775039673
1462,0.08536030352115631,0.03780432417988777
1463,0.39871132373809814,0.033982548862695694
1464,0.3119368553161621,0.050695352256298065
1465,0.6485538482666016,0.10364536195993423
1466,0.21926215291023254,0.19339899718761444
1467,0.09728553891181946,0.0763610452413559
1468,0.2423759400844574,0.07967186719179153
1469,0.25849106907844543,0.07656392455101013
1470,0.4561735987663269,0.19976606965065002
1471,0.07458232343196869,0.23192232847213745
1472,0.5741250514984131,0.10691912472248077
1473,0.5522735118865967,0.08481696993112564
1474,0.24825482070446014,0.04332512617111206
1475,0.22804206609725952,0.03612026199698448
1476,0.05490526184439659,0.10016890615224838
1477,0.318173348903656,0.15424984693527222
1478,0.6963602900505066,0.18334904313087463
1479,0.21527542173862457,0.02443877048790455
1480,0.3592432737350464,0.1852092444896698
1481,0.455255389213562,0.2873070240020752
1482,0.07962941378355026,0.06243449077010155
1483,0.14025020599365234,0.049053359776735306
1484,0.7095447182655334,0.07138745486736298
1485,0.16410459578037262,0.07140457630157471
1486,0.09147398918867111,0.03639005869626999
1487,0.8907660841941833,0.107948899269104
1488,0.6239715814590454,0.20626160502433777
1489,0.49964866042137146,0.0761820450425148
1490,0.10667992383241653,0.06179231032729149
1491,0.27278706431388855,0.06101420149207115
1492,0.11630022525787354,0.10512719303369522
1493,0.2510435879230499,0.06207476183772087
1494,0.20860055088996887,0.029271263629198074
1495,0.0843147337436676,0.04248750954866409
1496,0.07763799279928207,0.031829752027988434
1497,0.4174053966999054,0.046082500368356705
1498,0.28545495867729187,0.09756959229707718
1499,0.5942745208740234,0.2675589323043823
1500,0.2991497814655304,0.14999225735664368
1501,0.17768605053424835,0.34784090518951416
1502,0.4618602991104126,0.24175885319709778
1503,1.5639114379882812,0.09436032921075821
1504,0.436343789100647,0.07663220912218094
1505,0.1798878312110901,0.10004936158657074
1506,0.18412308394908905,0.09363289177417755
1507,0.2825275659561157,0.09523217380046844
1508,0.5747674703598022,0.10218071937561035
1509,0.20745806396007538,0.09082822501659393
1510,0.3192002475261688,0.04591629281640053
1511,0.1673513501882553,0.03235877677798271
1512,0.1726316660642624,0.01264498196542263
1513,0.3852459192276001,0.24211648106575012
1514,0.26859837770462036,0.22446487843990326
1515,0.36139243841171265,0.19021598994731903
1516,0.15861324965953827,0.19312897324562073
1517,0.3151181936264038,0.12080668658018112
1518,0.4413053095340729,0.03228113800287247
1519,0.4881426692008972,0.09394502639770508
1520,0.2691926956176758,0.10805557668209076
1521,0.2172730565071106,0.09216789901256561
1522,0.36782729625701904,0.03920547664165497
1523,0.07164853811264038,0.041221462190151215
1524,0.45970839262008667,0.09236791729927063
1525,0.20939664542675018,0.053750719875097275
1526,0.291561096906662,0.10647955536842346
1527,0.24429085850715637,0.12292168289422989
1528,0.196267232298851,0.09222143888473511
1529,0.10683517903089523,0.06090041995048523
1530,0.6788422465324402,0.012342415750026703
1531,0.2651371955871582,0.11613751947879791
1532,0.16391660273075104,0.18133941292762756
1533,0.2610446810722351,0.0292058028280735
1534,0.2959318161010742,0.05842095986008644
1535,0.4073818325996399,0.03895587474107742
1536,0.1730862557888031,0.057280976325273514
1537,0.2551029324531555,0.1420832872390747
1538,0.2449847161769867,0.045933548361063004
1539,0.24179129302501678,0.05037754774093628
1540,0.07457385957241058,0.10131007432937622
1541,0.36875292658805847,0.01475920993834734
1542,0.28574785590171814,0.07864952087402344
1543,0.11564551293849945,0.080012246966362
1544,0.2245207279920578,0.130079984664917
1545,0.23794031143188477,0.06255695223808289
1546,0.16737158596515656,0.07627088576555252
1547,0.27935591340065,0.0705207958817482
1548,0.3369251787662506,0.10782191157341003
1549,0.3458493947982788,0.08722399175167084
1550,0.7170248627662659,0.05321715772151947
1551,0.07500863075256348,0.08354431390762329
1552,0.09780453145503998,0.07064047455787659
1553,0.1679406613111496,0.12299013137817383
1554,0.38450887799263,0.12374882400035858
1555,0.2960968613624573,0.07383247464895248
1556,0.446703165769577,0.22595778107643127
1557,0.9664806127548218,0.18565446138381958
1558,0.31974416971206665,0.13753925263881683
1559,0.5047237873077393,0.017003340646624565
1560,0.1714622676372528,0.17376326024532318
1561,0.19696789979934692,0.060407333076000214
1562,0.09030888974666595,0.09830586612224579
1563,0.07344497740268707,0.06796472519636154
1564,0.3185487985610962,0.1094084233045578
1565,0.20236611366271973,0.11572364717721939
1566,1.2158029079437256,0.1289411336183548
1567,1.4922255277633667,0.1662701666355133
1568,0.3813246786594391,0.04316825047135353
1569,0.4481992721557617,0.055216919630765915
1570,0.1820155382156372,0.048817843198776245
1571,0.028434492647647858,0.008009591139853
1572,0.02671157941222191,0.05937027558684349
1573,0.3887585401535034,0.052795764058828354
1574,0.20796456933021545,0.11967432498931885
1575,0.4577212333679199,0.18799734115600586
1576,0.25147324800491333,0.09715784341096878
1577,0.17682099342346191,0.08179362118244171
1578,0.0864810049533844,0.020349688827991486
1579,0.2473277449607849,0.18297502398490906
1580,0.30973681807518005,0.06791006028652191
1581,0.14058326184749603,0.17577731609344482
1582,0.6116276979446411,0.09451325237751007
1583,0.4995196461677551,0.3163250684738159
1584,0.7224964499473572,0.10295138508081436
1585,0.6250357627868652,0.19463536143302917
1586,0.36446449160575867,0.08491352200508118
1587,0.4830970764160156,0.0350002683699131
1588,0.8800643682479858,0.055089231580495834
1589,0.15202392637729645,0.03481915220618248
1590,0.2454141080379486,0.1401130110025406
1591,0.30216383934020996,0.24283623695373535
1592,0.2684885263442993,0.08964778482913971
1593,0.2640573978424072,0.07683202624320984
1594,0.19576925039291382,0.3542506992816925
1595,0.3151547610759735,0.04883001744747162
1596,0.403672993183136,0.07284175604581833
1597,0.12044063210487366,0.162836953997612
1598,0.27711114287376404,0.044908344745635986
1599,0.3314012587070465,0.2001962661743164
1600,0.3368282914161682,0.09116284549236298
1601,0.24376827478408813,0.20085908472537994
1602,0.3627617657184601,0.10943900048732758
1603,0.3696354925632477,0.234239399433136
1604,0.23495379090309143,0.037602782249450684
1605,0.1231062263250351,0.03779706731438637
1606,0.28099724650382996,0.12649480998516083
1607,0.683992862701416,0.14021682739257812
1608,0.239669531583786,0.09573392570018768
1609,0.10954228788614273,0.0658867284655571
1610,0.060963116586208344,0.06985445320606232
1611,0.32834291458129883,0.11709954589605331
1612,0.32763534784317017,0.08510665595531464
1613,0.1765085756778717,0.10052110254764557
1614,0.33615612983703613,0.12019388377666473
1615,0.7054775357246399,0.05226772278547287
1616,0.33370110392570496,0.17756620049476624
1617,0.15202802419662476,0.09364860504865646
1618,0.10883744060993195,0.03541361540555954
1619,0.20967130362987518,0.06668839603662491
1620,0.31900516152381897,0.054056316614151
1621,0.38739776611328125,0.13198696076869965
1622,0.11372150480747223,0.01395332906395197
1623,0.04023607820272446,0.13076043128967285
1624,0.39228546619415283,0.1048157587647438
1625,0.13309085369110107,0.04139648377895355
1626,0.21421942114830017,0.24147942662239075
1627,0.40761300921440125,0.052730295807123184
1628,0.25493377447128296,0.09103646129369736
1629,0.17170237004756927,0.07878962904214859
1630,0.13556502759456635,0.1331789195537567
1631,0.18645071983337402,0.06832937896251678
1632,0.043269261717796326,0.11915645003318787
1633,0.18201926350593567,0.06881407648324966
1634,0.17980289459228516,0.04744570329785347
1635,0.4191936254501343,0.1617765575647354
1636,0.5678713917732239,0.17971496284008026
1637,0.7275499105453491,0.12858937680721283
1638,0.4119234085083008,0.1288999617099762
1639,0.1489325761795044,0.1281774938106537
1640,0.1872430443763733,0.0819687470793724
1641,0.4930764436721802,0.06273273378610611
1642,0.2829684019088745,0.1225845068693161
1643,0.059662189334630966,0.06655322760343552
1644,0.305722177028656,0.093495212495327
1645,0.09339231252670288,0.02176046371459961
1646,0.1676303744316101,0.16628891229629517
1647,1.1995649337768555,0.3091716766357422
1648,0.0758725255727768,0.1050332561135292
1649,0.12158751487731934,0.32103076577186584
1650,0.3384302258491516,0.07578021287918091
1651,0.41144371032714844,0.0780864953994751
1652,0.09120886027812958,0.06048421934247017
1653,0.2883298397064209,0.0715426355600357
1654,0.5230969786643982,0.08163272589445114
1655,0.22934570908546448,0.0654163807630539
1656,0.2450396716594696,0.15785518288612366
1657,0.6392803192138672,0.166610985994339
1658,0.21362869441509247,0.16931410133838654
1659,0.12560753524303436,0.017082367092370987
1660,0.32853779196739197,0.07614260911941528
1661,0.11432112753391266,0.08496344834566116
1662,0.1843380182981491,0.3930196166038513
1663,0.5042377710342407,0.2188171148300171
1664,0.5825782418251038,0.13236212730407715
1665,0.8359341025352478,0.14333248138427734
1666,0.20985212922096252,0.14959470927715302
1667,0.08956113457679749,0.10290965437889099
1668,0.4676455855369568,0.07576330006122589
1669,0.44842493534088135,0.19623687863349915
1670,0.4340381622314453,0.1764277219772339
1671,1.0936174392700195,0.10128970444202423
1672,0.4904904365539551,0.06655889004468918
1673,0.5771982669830322,0.08347195386886597
1674,0.20699335634708405,0.049280762672424316
1675,0.18721559643745422,0.0882769525051117
1676,0.0962858647108078,0.039498671889305115
1677,0.27767932415008545,0.031037090346217155
1678,0.11019373685121536,0.049474503844976425
1679,0.07821287214756012,0.046252354979515076
1680,0.13206516206264496,0.07750879228115082
1681,0.37278878688812256,0.21478763222694397
1682,0.8002886176109314,0.08498560637235641
1683,0.4930143356323242,0.10801860690116882
1684,0.25143545866012573,0.02240762673318386
1685,0.22903573513031006,0.09159603714942932
1686,0.24928641319274902,0.06101422756910324
1687,0.12487670034170151,0.0476403534412384
1688,0.14171822369098663,0.10612986981868744
1689,0.09549133479595184,0.08895814418792725
1690,0.1160605400800705,0.05840460956096649
1691,0.26451194286346436,0.07374819368124008
1692,0.46415165066719055,0.053575269877910614
1693,0.09254925698041916,0.09094025939702988
1694,0.2636318802833557,0.09178909659385681
1695,0.9769603610038757,0.06581315398216248
1696,0.26135489344596863,0.07152127474546432
1697,0.6793637275695801,0.07441140711307526
1698,0.5337509512901306,0.10383853316307068
1699,0.32588493824005127,0.10728339850902557
1700,0.09886559844017029,0.06521876156330109
1701,0.3165709674358368,0.05535200983285904
1702,0.25729799270629883,0.1538798213005066
1703,0.33425623178482056,0.1017756462097168
1704,0.16846993565559387,0.06449942290782928
1705,0.26424670219421387,0.10159146785736084
1706,0.14324572682380676,0.09677118062973022
1707,0.6567625403404236,0.06547264009714127
1708,0.39032649993896484,0.12503311038017273
1709,0.4416637718677521,0.0628434419631958
1710,0.2656031847000122,0.18220111727714539
1711,0.2046920508146286,0.10551051795482635
1712,0.2789860963821411,0.1771971434354782
1713,0.10376977920532227,0.10682567954063416
1714,0.297591894865036,0.0663127601146698
1715,0.24699467420578003,0.11395204067230225
1716,0.19301636517047882,0.16244180500507355
1717,0.23735618591308594,0.13959351181983948
1718,0.19364994764328003,0.23028843104839325
1719,0.23040848970413208,0.15825757384300232
1720,0.5996641516685486,0.20027443766593933
1721,0.23085901141166687,0.05712718516588211
1722,0.16579455137252808,0.1909453272819519
1723,0.6387047171592712,0.1567266285419464
1724,0.13160166144371033,0.011087150312960148
1725,0.13029401004314423,0.026470104232430458
1726,0.034927066415548325,0.1395772397518158
1727,0.12223145365715027,0.0390411913394928
1728,0.4009738266468048,0.1445063054561615
1729,0.8199971914291382,0.24901647865772247
1730,0.7196207046508789,0.5971794128417969
1731,0.6268231868743896,0.15865008533000946
1732,0.3354156017303467,0.3642101287841797
1733,0.07202665507793427,0.054261721670627594
1734,0.09467591345310211,0.1078408882021904
1735,0.5421257019042969,0.18417474627494812
1736,1.9863789081573486,0.35655805468559265
1737,0.4643907845020294,0.19459934532642365
1738,0.7767978310585022,0.07829365134239197
1739,0.1794523000717163,0.05803881213068962
1740,0.13558056950569153,0.048485539853572845
1741,0.33743682503700256,0.044270776212215424
1742,0.25995534658432007,0.11695082485675812
1743,0.24049332737922668,0.011421688832342625
1744,0.5285971164703369,0.14033383131027222
1745,0.2944835424423218,0.1226251944899559
1746,0.5400185585021973,0.13551563024520874
1747,0.3586881756782532,0.07963938266038895
1748,0.28692740201950073,0.06805847585201263
1749,0.2634691596031189,0.10005165636539459
1750,0.27696529030799866,0.0655403807759285
1751,0.5113106369972229,0.19240440428256989
1752,0.3976610600948334,0.4364224672317505
1753,0.35385650396347046,0.1078329011797905
1754,0.17809933423995972,0.09106549620628357
1755,0.13996541500091553,0.08102801442146301
1756,0.16991953551769257,0.06288683414459229
1757,0.2540037930011749,0.21649228036403656
1758,0.22531715035438538,0.09839573502540588
1759,0.03281951695680618,0.12106549739837646
1760,0.09877918660640717,0.051033806055784225
1761,0.09479689598083496,0.1555708795785904
1762,0.159837007522583,0.1574714183807373
1763,0.24105101823806763,0.1182994395494461
1764,0.19681203365325928,0.14098575711250305
1765,0.6459825038909912,0.2204168438911438
1766,0.1306229829788208,0.10938392579555511
1767,0.16598975658416748,0.03964937478303909
1768,0.19878369569778442,0.10753951966762543
1769,0.06319712847471237,0.27766332030296326
1770,0.09907897561788559,0.07849618792533875
1771,0.5496307611465454,0.0728648453950882
1772,0.300137996673584,0.12977707386016846
1773,0.18263894319534302,0.0878468006849289
1774,0.19598937034606934,0.02994413673877716
1775,0.3543916940689087,0.14021238684654236
1776,0.10286638885736465,0.057234495878219604
1777,0.5499535799026489,0.23650971055030823
1778,0.3143766522407532,0.09282039850950241
1779,0.12160202115774155,0.03734748065471649
1780,1.1097080707550049,0.2747304439544678
1781,0.10567699372768402,0.07103347778320312
1782,0.14411602914333344,0.07914096862077713
1783,0.09300973266363144,0.062150582671165466
1784,0.1517995297908783,0.10537952184677124
1785,0.18830694258213043,0.07118002325296402
1786,0.20682372152805328,0.12213829159736633
1787,0.6247220039367676,0.07408268749713898
1788,0.3921121060848236,0.040575116872787476
1789,0.08737718313932419,0.09289851784706116
1790,0.2559395730495453,0.10617504268884659
1791,0.5373738408088684,0.2061598002910614
1792,0.43610814213752747,0.1248544454574585
1793,0.3505264222621918,0.10718356817960739
1794,0.10302086174488068,0.03225830942392349
1795,0.0968552976846695,0.056671567261219025
1796,0.362240195274353,0.03627404198050499
1797,0.32215166091918945,0.10948803275823593
1798,0.2560994029045105,0.27475330233573914
1799,0.3793609142303467,0.07063301652669907
1800,0.35235828161239624,0.48541873693466187
1801,0.5288773775100708,0.05879109352827072
1802,0.5385355353355408,0.3005872070789337
1803,0.2160487025976181,0.26798543334007263
1804,0.06527436524629593,0.04473470151424408
1805,0.24164098501205444,0.07838891446590424
1806,0.2645076513290405,0.05282216519117355
1807,0.06848712265491486,0.02285517007112503
1808,0.33066415786743164,0.08483197540044785
1809,0.20948426425457,0.13562223315238953
1810,0.30729997158050537,0.0573473684489727
1811,1.1466313600540161,0.21689631044864655
1812,0.5707713961601257,0.24615392088890076
1813,0.06919592618942261,0.027638040482997894
1814,0.2879737913608551,0.031171154230833054
1815,0.5592831969261169,0.08905539661645889
1816,0.7477157115936279,0.24302268028259277
1817,0.265514612197876,0.11064231395721436
1818,0.20164498686790466,0.03152262419462204
1819,0.14376449584960938,0.0682053491473198
1820,0.051351550966501236,0.031001141294836998
1821,0.4699632525444031,0.2564384341239929
1822,0.4270711839199066,0.08662432432174683
1823,0.3994276821613312,0.20293627679347992
1824,0.32253801822662354,0.1191021203994751
1825,0.36359357833862305,0.16461589932441711
1826,0.2769123911857605,0.12442046403884888
1827,0.6517006754875183,0.06119147315621376
1828,0.3475717306137085,0.06603165715932846
1829,0.17515161633491516,0.26612675189971924
1830,0.2025674432516098,0.07099824398756027
1831,0.34413397312164307,0.03864330053329468
1832,0.393446683883667,0.12511761486530304
1833,0.13986079394817352,0.07118779420852661
1834,0.3539135158061981,0.23882608115673065
1835,0.16791290044784546,0.08392811566591263
1836,0.5787360668182373,0.053584612905979156
1837,0.15989483892917633,0.03719227388501167
1838,0.45357316732406616,0.19056817889213562
1839,0.5082593560218811,0.02646995708346367
1840,0.2985134720802307,0.10868602991104126
1841,0.12783615291118622,0.019176656380295753
1842,0.4495340883731842,0.07636388391256332
1843,0.30615800619125366,0.08372938632965088
1844,0.10435906797647476,0.0648968294262886
1845,0.5542497634887695,0.05810866132378578
1846,0.2408280372619629,0.04615294188261032
1847,0.1750071793794632,0.07892303168773651
1848,0.15919305384159088,0.10710260272026062
1849,0.0912163108587265,0.0907992571592331
1850,0.11141417175531387,0.07094172388315201
1851,0.1590806096792221,0.04403112828731537
1852,0.29743775725364685,0.09643761813640594
1853,0.10400524735450745,0.04393031820654869
1854,0.5953347086906433,0.04512482509016991
1855,0.3109099864959717,0.05067034065723419
1856,0.347807377576828,0.08641168475151062
1857,0.3443147540092468,0.10683756321668625
1858,0.3531990051269531,0.05673670768737793
1859,0.37482982873916626,0.1220647320151329
1860,1.2513540983200073,0.24837198853492737
1861,0.284832626581192,0.0644826740026474
1862,0.206614688038826,0.034914497286081314
1863,0.11729389429092407,0.05182265490293503
1864,0.2038027048110962,0.07594835013151169
1865,0.12331514060497284,0.053207121789455414
1866,0.3306717574596405,0.1844894140958786
1867,0.39061439037323,0.17012840509414673
1868,0.262983113527298,0.066861093044281
1869,0.28124240040779114,0.1593582183122635
1870,0.21553440392017365,0.02834409661591053
1871,0.4189146161079407,0.08868413418531418
1872,0.18116410076618195,0.051341019570827484
1873,0.3680700659751892,0.06544003635644913
1874,0.24660620093345642,0.10666947066783905
1875,0.2468874454498291,0.11499816924333572
1876,0.22737613320350647,0.042026586830616
1877,0.14704400300979614,0.08598662912845612
1878,0.378684401512146,0.09356292337179184
1879,0.27618154883384705,0.26619210839271545
1880,0.6920123100280762,0.13581857085227966
1881,0.41255494952201843,0.17682287096977234
1882,0.211266428232193,0.15094438195228577
1883,0.3480316698551178,0.048045527189970016
1884,0.06738549470901489,0.07982958853244781
1885,0.19094832241535187,0.060103822499513626
1886,0.33437296748161316,0.031029876321554184
1887,0.41718751192092896,0.09436994791030884
1888,0.15589766204357147,0.1150238886475563
1889,0.16888539493083954,0.0967993289232254
1890,0.4144860506057739,0.2934313118457794
1891,0.25796350836753845,0.1921427845954895
1892,0.08090341091156006,0.06799217313528061
1893,0.0811709314584732,0.03744073212146759
1894,0.4899188280105591,0.19727768003940582
1895,0.729586660861969,0.10931713879108429
1896,0.05117327719926834,0.07535208761692047
1897,0.1409919708967209,0.05088541656732559
1898,0.13158605992794037,0.027051202952861786
1899,0.1625995635986328,0.020611826330423355
1900,0.26220792531967163,0.07866419851779938
1901,0.07704952359199524,0.03740504011511803
1902,0.45767995715141296,0.11296429485082626
1903,0.8281806707382202,0.14164666831493378
1904,0.1433848738670349,0.12875692546367645
1905,0.2758667469024658,0.1021551564335823
1906,0.6900802850723267,0.1584080159664154
1907,0.23239609599113464,0.08389060944318771
1908,0.26166075468063354,0.036607153713703156
1909,0.11476457864046097,0.026446782052516937
1910,0.2740474343299866,0.04383322596549988
1911,0.32975345849990845,0.0488804467022419
1912,0.4477028250694275,0.42347320914268494
1913,0.0843733698129654,0.11808498203754425
1914,0.378401517868042,0.13072650134563446
1915,0.16894012689590454,0.1011565700173378
1916,0.34886759519577026,0.03855934366583824
1917,0.2814980745315552,0.06746327131986618
1918,0.09334875643253326,0.06675267219543457
1919,0.15709996223449707,0.168115496635437
1920,0.586851954460144,0.11451240628957748
1921,0.7051401734352112,0.9719867706298828
1922,0.5685508847236633,0.40921658277511597
1923,0.38814228773117065,0.28266581892967224
1924,0.06300924718379974,0.03465164080262184
1925,0.26250457763671875,0.03586448356509209
1926,0.26770663261413574,0.0567588284611702
1927,0.20852021872997284,0.03471876308321953
1928,0.21788957715034485,0.09032706916332245
1929,0.13167721033096313,0.053183652460575104
1930,0.35191473364830017,0.039999909698963165
1931,0.48413485288619995,0.03521004691720009
1932,0.20550653338432312,0.09614916145801544
1933,0.09943908452987671,0.0431131049990654
1934,0.3467826247215271,0.08881130814552307
1935,0.14285732805728912,0.13196352124214172
1936,0.2980428636074066,0.09672847390174866
1937,1.3629319667816162,0.15383808314800262
1938,0.12697045505046844,0.09489622712135315
1939,0.49688494205474854,0.13605280220508575
1940,0.6210594177246094,0.16836170852184296
1941,0.21219906210899353,0.15456132590770721
1942,0.295704185962677,0.09127162396907806
1943,0.26530560851097107,0.14753688871860504
1944,0.24386003613471985,0.06280843168497086
1945,0.4409387707710266,0.10048715770244598
1946,0.3911525011062622,0.08905700594186783
1947,0.1141410619020462,0.10406707972288132
1948,0.19412124156951904,0.12991094589233398
1949,0.10811684280633926,0.11921440809965134
1950,0.3601577877998352,0.07352148741483688
1951,0.14155076444149017,0.10520842671394348
1952,0.3159964680671692,0.06978586316108704
1953,0.26094478368759155,0.0779063031077385
1954,0.2382010519504547,0.04996015504002571
1955,0.05890796333551407,0.0265412125736475
1956,0.28176164627075195,0.06895166635513306
1957,0.13444644212722778,0.025697534903883934
1958,0.3392961323261261,0.04205699265003204
1959,0.24612832069396973,0.06302233785390854
1960,1.8483610153198242,0.42197751998901367
1961,0.6099690198898315,0.24820038676261902
1962,0.7032449245452881,0.18089659512043
1963,0.23316927254199982,0.14495287835597992
1964,0.04432938992977142,0.07815040647983551
1965,0.6208423376083374,0.0672444999217987
1966,1.10945725440979,0.10060601681470871
1967,0.07906822115182877,0.2154868245124817
1968,0.08586293458938599,0.06831526756286621
1969,0.49337032437324524,0.19720134139060974
1970,0.23105770349502563,0.09587721526622772
1971,0.16439533233642578,0.13554733991622925
1972,0.13124676048755646,0.07236918807029724
1973,0.04864942282438278,0.08280306309461594
1974,0.6105709075927734,0.09873875975608826
1975,1.1654531955718994,0.11155184358358383
1976,0.2774619460105896,0.056937918066978455
1977,0.3751051127910614,0.076247937977314
1978,0.26670020818710327,0.08207405358552933
1979,0.30057066679000854,0.04630734771490097
1980,0.19458363950252533,0.0548882782459259
1981,0.23791629076004028,0.09546354413032532
1982,0.12109269201755524,0.11044785380363464
1983,0.23412497341632843,0.11434836685657501
1984,0.4799925684928894,0.18911275267601013
1985,1.0696542263031006,0.1370750516653061
1986,0.4173905849456787,0.36910244822502136
1987,0.3247467279434204,0.06607469171285629
1988,0.4093538820743561,0.1330004781484604
1989,0.22131145000457764,0.0982423648238182
1990,0.23018909990787506,0.057248011231422424
1991,0.17792436480522156,0.032223135232925415
1992,0.25016123056411743,0.0434197336435318
1993,0.1347362995147705,0.11484155058860779
1994,0.16277164220809937,0.08443288505077362
1995,0.23371362686157227,0.03549446910619736
1996,0.3320980966091156,0.14235259592533112
1997,0.25954315066337585,0.12807641923427582
1998,0.8409720659255981,0.14376792311668396
1999,0.262018620967865,0.3287392854690552
2000,0.4267083704471588,0.3297414183616638
2001,0.13348007202148438,0.12993648648262024
2002,0.34525924921035767,0.07079759240150452
2003,0.05981839820742607,0.027479570358991623
2004,0.05888153240084648,0.01702503114938736
2005,0.21387672424316406,0.05352950468659401
2006,0.35112664103507996,0.02072710171341896
2007,0.27485236525535583,0.050777237862348557
2008,0.3991517424583435,0.1038837730884552
2009,0.20371539890766144,0.10905800759792328
2010,0.13691233098506927,0.09421925991773605
2011,0.2114722728729248,0.14479069411754608
2012,0.39471474289894104,0.04731551557779312
2013,0.3182668089866638,0.04931143671274185
2014,0.2332797348499298,0.07527413964271545
2015,0.17047089338302612,0.05406094342470169
2016,0.17660416662693024,0.16147755086421967
2017,0.2015613615512848,0.13040733337402344
2018,0.15789006650447845,0.10274198651313782
2019,0.2013842761516571,0.05316895991563797
2020,0.047528237104415894,0.13523709774017334
2021,0.14985039830207825,0.07166989147663116
2022,0.18175843358039856,0.03027358651161194
2023,0.12242328375577927,0.14547662436962128
2024,0.2714465260505676,0.048710983246564865
2025,0.31077006459236145,0.0404265932738781
2026,0.5101529359817505,0.1129051148891449
2027,0.36554110050201416,0.14656469225883484
2028,0.378362238407135,0.14863796532154083
2029,0.4641428589820862,0.11239613592624664
2030,0.22483500838279724,0.14874599874019623
2031,0.6062073707580566,0.11373832076787949
2032,0.215239018201828,0.12769147753715515
2033,0.144394189119339,0.09842373430728912
2034,0.2999686896800995,0.3318062722682953
2035,0.24128073453903198,0.07685902714729309
2036,0.6671278476715088,0.1138530746102333
2037,0.4094841480255127,0.05773041024804115
2038,0.16756567358970642,0.028679709881544113
2039,0.07964697480201721,0.024646464735269547
2040,0.36236125230789185,0.20903931558132172
2041,0.7161980271339417,0.2347581684589386
2042,0.38857781887054443,0.10981760174036026
2043,0.1744646579027176,0.174311101436615
2044,0.6475139856338501,0.09413454681634903
2045,0.15146270394325256,0.1759469211101532
2046,0.9718173146247864,0.1540217101573944
2047,0.42889147996902466,0.12352626025676727
2048,0.22522157430648804,0.05430864915251732
2049,0.3824664354324341,0.25739237666130066
2050,0.24196188151836395,0.12332029640674591
2051,0.12825049459934235,0.011783282272517681
2052,0.06956668198108673,0.054670970886945724
2053,0.20185169577598572,0.09030468761920929
2054,0.38299113512039185,0.09116728603839874
2055,0.3300366997718811,0.06833598017692566
2056,0.1863490343093872,0.09659857302904129
2057,0.07574475556612015,0.0932905301451683
2058,0.19078581035137177,0.07730066776275635
2059,0.22056883573532104,0.07990651577711105
2060,0.23228886723518372,0.10054220259189606
2061,0.7837159037590027,0.05756745859980583
2062,0.3451354503631592,0.05245611071586609
2063,0.6043961048126221,0.10849163681268692
2064,0.3128681778907776,0.08946900814771652
2065,0.3263491988182068,0.2573055624961853
2066,0.7094877362251282,0.062492311000823975
2067,0.7307125329971313,0.19735555350780487
2068,0.4705984592437744,0.22292599081993103
2069,0.34148120880126953,0.07342300564050674
2070,0.32828980684280396,0.14224448800086975
2071,0.3199957609176636,0.04547036066651344
2072,0.08771315962076187,0.03946263715624809
2073,0.3276514410972595,0.015572704374790192
2074,0.2690328359603882,0.18602189421653748
2075,0.6808370351791382,0.17931106686592102
2076,0.1407991200685501,0.16515332460403442
2077,0.5479735136032104,0.06416652351617813
2078,0.3646317422389984,0.10646037757396698
2079,0.8973803520202637,0.22829951345920563
2080,0.26117751002311707,0.1216958686709404
2081,0.15275925397872925,0.11377356946468353
2082,0.09779052436351776,0.10166489332914352
2083,0.19650506973266602,0.025220535695552826
2084,0.47504451870918274,0.08127489686012268
2085,0.18362732231616974,0.05159561336040497
2086,0.8513895273208618,0.11422783881425858
2087,0.8035914301872253,0.1597331017255783
2088,0.2262430638074875,0.04675786942243576
2089,0.0697813481092453,0.2028999924659729
2090,1.0007606744766235,0.10126099735498428
2091,0.7217773795127869,0.11558079719543457
2092,0.4219924211502075,0.06296421587467194
2093,0.4527742266654968,0.11440615355968475
2094,0.3783210515975952,0.05896259844303131
2095,0.5039224028587341,0.13209809362888336
2096,0.29732364416122437,0.10907210409641266
2097,0.39718982577323914,0.1261022388935089
2098,0.3869938254356384,0.07238491624593735
2099,0.12360759824514389,0.09412908554077148
2100,0.05731571838259697,0.01448779460042715
2101,0.24063293635845184,0.07220326364040375
2102,0.3116318881511688,0.13478949666023254
2103,0.4561413824558258,0.10751533508300781
2104,0.09200413525104523,0.0791558176279068
2105,0.11392910778522491,0.12677475810050964
2106,0.4601394236087799,0.07970592379570007
2107,0.347371906042099,0.10910101234912872
2108,0.35197770595550537,0.05592441186308861
2109,0.33735236525535583,0.34395647048950195
2110,0.18516087532043457,0.08287962526082993
2111,0.14644254744052887,0.1623319685459137
2112,0.31154540181159973,0.0350908488035202
2113,0.2269139587879181,0.12313516438007355
2114,0.3004603981971741,0.06099028140306473
2115,0.1046324074268341,0.3251692056655884
2116,0.5687505006790161,0.19978125393390656
2117,0.18369492888450623,0.07541077584028244
2118,0.30867403745651245,0.07769046723842621
2119,0.07750748842954636,0.053063903003931046
2120,0.702442467212677,0.10199467837810516
2121,1.456127405166626,0.02072926238179207
2122,0.9221906065940857,0.03889620676636696
2123,0.46685805916786194,0.1331271380186081
2124,0.3261107802391052,0.09496986865997314
2125,0.08436699211597443,0.0858365148305893
2126,0.28532058000564575,0.09023691713809967
2127,0.23853176832199097,0.04480445384979248
2128,0.16276097297668457,0.08382173627614975
2129,0.05589070916175842,0.14601600170135498
2130,0.23691371083259583,0.2721536159515381
2131,0.19537872076034546,0.057073626667261124
2132,0.328554630279541,0.07535478472709656
2133,0.7217360734939575,0.14646528661251068
2134,0.6105667948722839,0.06541614234447479
2135,0.5665042400360107,0.09297187626361847
2136,0.2534450888633728,0.04310530424118042
2137,0.3053637444972992,0.03364194929599762
2138,0.13324178755283356,0.08599406480789185
2139,0.11371415853500366,0.0286954827606678
2140,0.2537102997303009,0.055076129734516144
2141,0.2715452015399933,0.15148848295211792
2142,0.11557084321975708,0.09326975047588348
2143,0.3905124366283417,0.1015455573797226
2144,0.20702889561653137,0.1413540095090866
2145,0.3234923481941223,0.10071516782045364
2146,0.2970654368400574,0.10068908333778381
2147,0.08916468173265457,0.021053142845630646
2148,0.7284274697303772,0.07558123022317886
2149,0.2269255667924881,0.09538892656564713
2150,0.2606250047683716,0.033252447843551636
2151,0.2597692310810089,0.03044583462178707
2152,0.10499270260334015,0.14823439717292786
2153,0.07885009795427322,0.13374395668506622
2154,0.4698471128940582,0.15148641169071198
2155,0.5254673957824707,0.2352161854505539
2156,0.09828309714794159,0.13965605199337006
2157,0.3445608615875244,0.22198346257209778
2158,0.5044217109680176,0.08350500464439392
2159,0.2821331024169922,0.0789412409067154
2160,0.3903495669364929,0.25336113572120667
2161,0.8260877132415771,0.07043112069368362
2162,0.28685739636421204,0.04306677728891373
2163,0.07098860293626785,0.07897015661001205
2164,0.33749544620513916,0.10752994567155838
2165,0.06308924406766891,0.08692103624343872
2166,0.1357317566871643,0.042316604405641556
2167,0.2238023430109024,0.12095613777637482
2168,0.12311431765556335,0.1390301138162613
2169,0.43157896399497986,0.08869152516126633
2170,0.10801096260547638,0.035346679389476776
2171,0.07749807089567184,0.09397225081920624
2172,0.515742301940918,0.13396994769573212
2173,1.2976374626159668,0.11377903819084167
2174,0.4907386600971222,0.11618519574403763
2175,0.20247437059879303,0.08882496505975723
2176,0.09897024929523468,0.14399439096450806
2177,0.37617045640945435,0.05411798879504204
2178,0.4331531822681427,0.09261496365070343
2179,0.2188071608543396,0.24869400262832642
2180,0.22009877860546112,0.2907414436340332
2181,0.15206152200698853,0.07537667453289032
2182,0.30737218260765076,0.11065930128097534
2183,0.1120109111070633,0.037764109671115875
2184,0.40542668104171753,0.051449764519929886
2185,0.3796626925468445,0.09224556386470795
2186,0.16204731166362762,0.06164110451936722
2187,0.2531331777572632,0.07869874686002731
2188,0.34109386801719666,0.15182171761989594
2189,0.2368166446685791,0.10351359099149704
2190,0.1639544814825058,0.08839421719312668
2191,0.4987258315086365,0.13723629713058472
2192,0.5038856267929077,0.10755410045385361
2193,0.07451201230287552,0.2151465117931366
2194,0.4968513250350952,0.08353365212678909
2195,0.2911405861377716,0.14816886186599731
2196,0.2733953297138214,0.06890222430229187
2197,0.2972073554992676,0.044017620384693146
2198,0.88917076587677,0.07856360822916031
2199,0.8468716740608215,0.19620490074157715
2200,0.28063392639160156,0.03362227603793144
2201,0.35231316089630127,0.16250211000442505
2202,0.8551775217056274,0.13063247501850128
2203,0.8826096653938293,0.1178363561630249
2204,0.4900871515274048,0.0910680964589119
2205,0.09328632801771164,0.04091303050518036
2206,0.11014927923679352,0.05953318625688553
2207,0.5498242974281311,0.12279941141605377
2208,0.596671462059021,0.10364586114883423
2209,0.29887139797210693,0.07019948214292526
2210,0.045633118599653244,0.05298096686601639
2211,0.17498278617858887,0.13716909289360046
2212,0.5037801861763,0.05650511384010315
2213,0.4896444082260132,0.07579627633094788
2214,0.8464719653129578,0.13753509521484375
2215,0.26110053062438965,0.21345046162605286
2216,0.30639758706092834,0.03896838799118996
2217,0.0930357351899147,0.05255124345421791
2218,0.32929378747940063,0.028792183846235275
2219,0.23185952007770538,0.04389741271734238
2220,0.23396971821784973,0.026732131838798523
2221,0.06076432392001152,0.01908048987388611
2222,0.41784965991973877,0.1340872198343277
2223,0.6548218727111816,0.09213439375162125
2224,0.43004733324050903,0.06101294234395027
2225,0.30022549629211426,0.08386047184467316
2226,0.3376222252845764,0.11353329569101334
2227,0.4585522413253784,0.12905298173427582
2228,0.5305464863777161,0.19280652701854706
2229,0.22579996287822723,0.08596715331077576
2230,0.3251256048679352,0.13730153441429138
2231,0.2078045904636383,0.07785969227552414
2232,0.04547359049320221,0.06904474645853043
2233,0.507128119468689,0.07541067898273468
2234,0.14692474901676178,0.04505731537938118
2235,0.5538830757141113,0.11706718057394028
2236,0.6009511947631836,0.08140337467193604
2237,0.45696720480918884,0.0791989266872406
2238,0.8228957653045654,0.31637832522392273
2239,0.2556110620498657,0.0761888325214386
2240,0.14093542098999023,0.02456538751721382
2241,0.19046379625797272,0.12232017517089844
2242,0.10620759427547455,0.020041003823280334
2243,0.11379577219486237,0.09903819859027863
2244,0.14773304760456085,0.21090874075889587
2245,0.41448700428009033,0.05972292274236679
2246,0.30575263500213623,0.07767563313245773
2247,0.1201995238661766,0.26931706070899963
2248,0.19207686185836792,0.10173700749874115
2249,0.2049931436777115,0.07174380123615265
2250,0.2789548337459564,0.09324716031551361
2251,0.426960289478302,0.08203553408384323
2252,0.5734912157058716,0.10001015663146973
2253,0.4534464180469513,0.024668456986546516
2254,0.4670833945274353,0.09482022374868393
2255,0.3462653160095215,0.06479892134666443
2256,0.28795483708381653,0.009106059558689594
2257,0.6703920364379883,0.05931650847196579
2258,0.2904013395309448,0.06358171254396439
2259,0.10794416069984436,0.1928374022245407
2260,0.2670746445655823,0.33807453513145447
2261,0.16750918328762054,0.03390995040535927
2262,0.2994419038295746,0.16395816206932068
2263,0.1657305210828781,0.21461869776248932
2264,0.717200517654419,0.07938447594642639
2265,0.21931810677051544,0.0411142073571682
2266,0.5194624662399292,0.08970291912555695
2267,0.5881863236427307,0.10543200373649597
2268,0.3440701365470886,0.10836625099182129
2269,0.29964324831962585,0.20537592470645905
2270,0.4058219790458679,0.3552945852279663
2271,0.5203964710235596,0.03304804116487503
2272,1.661851406097412,0.221613347530365
2273,0.5001538991928101,0.10119061172008514
2274,0.08211667090654373,0.0598112978041172
2275,1.3537204265594482,0.07769041508436203
2276,0.5986940264701843,0.0912637710571289
2277,0.4034420847892761,0.15193726122379303
2278,0.15374059975147247,0.11581698805093765
2279,0.28518250584602356,0.12465786188840866
2280,0.7046241760253906,0.0347352996468544
2281,0.47340482473373413,0.08442285656929016
2282,0.13899102807044983,0.0864865854382515
2283,0.24067339301109314,0.09671646356582642
2284,0.7660973072052002,0.10461924970149994
2285,0.2430233359336853,0.04645805060863495
2286,0.03506101667881012,0.0681636855006218
2287,0.13623422384262085,0.03917783126235008
2288,0.06689659506082535,0.11335395276546478
2289,0.30948227643966675,0.07093247026205063
2290,0.30362269282341003,0.028627414256334305
2291,0.34735649824142456,0.009538613259792328
2292,0.23767724633216858,0.050661612302064896
2293,0.23448610305786133,0.047966428101062775
2294,0.29803550243377686,0.059627704322338104
2295,0.08007043600082397,0.04985450953245163
2296,0.28110313415527344,0.09117761999368668
2297,0.11991862207651138,0.052272021770477295
2298,0.23131674528121948,0.02803310751914978
2299,0.16134202480316162,0.19647082686424255
2300,0.4919944405555725,0.12232936173677444
2301,0.3584740161895752,0.11137576401233673
2302,0.2742460072040558,0.03795121610164642
2303,0.15041767060756683,0.05914325267076492
2304,0.3414389491081238,0.08002251386642456
2305,0.04693615809082985,0.03477245569229126
2306,0.20707708597183228,0.08889928460121155
2307,0.34888124465942383,0.09402532875537872
2308,0.50388103723526,0.06306686997413635
2309,0.2393399178981781,0.04984070733189583
2310,0.051897235214710236,0.02445564791560173
2311,0.08069265633821487,0.03787173703312874
2312,0.22764600813388824,0.07928052544593811
2313,0.51249760389328,0.1306529939174652
2314,0.5244973301887512,0.18516233563423157
2315,0.3379627466201782,0.21162685751914978
2316,0.07943747937679291,0.09563747048377991
2317,0.14914405345916748,0.03756007179617882
2318,0.06784291565418243,0.018802661448717117
2319,0.07409259676933289,0.01340881921350956
2320,0.30090275406837463,0.0636984184384346
2321,0.13549312949180603,0.18348108232021332
2322,0.11177841573953629,0.1457260698080063
2323,0.18955332040786743,0.2345571219921112
2324,0.11552741378545761,0.142388716340065
2325,0.09241655468940735,0.16141164302825928
2326,0.23953777551651,0.10879616439342499
2327,0.20024093985557556,0.11977073550224304
2328,0.10380160063505173,0.0869484543800354
2329,0.26494282484054565,0.07822787761688232
2330,0.4163762032985687,0.06441733986139297
2331,0.06160185858607292,0.08369426429271698
2332,0.17115072906017303,0.10722394287586212
2333,0.737884521484375,0.046999070793390274
2334,0.09247525781393051,0.19295325875282288
2335,0.1491943597793579,0.29103195667266846
2336,0.18885868787765503,0.03453831002116203
2337,0.1831122636795044,0.07812529802322388
2338,0.12510620057582855,0.07064112275838852
2339,0.31107375025749207,0.03504879027605057
2340,0.42346805334091187,0.07254888117313385
2341,0.40351372957229614,0.16087237000465393
2342,0.1562037169933319,0.014575411565601826
2343,0.05638488754630089,0.06513166427612305
2344,0.4063064754009247,0.2698923647403717
2345,0.495684951543808,0.2516387104988098
2346,0.7440335750579834,0.2119707614183426
2347,0.1778748482465744,0.1271408498287201
2348,0.1269255131483078,0.041977427899837494
2349,0.1314351111650467,0.025708498433232307
2350,1.0201319456100464,0.12755577266216278
2351,0.5904322266578674,0.06688763201236725
2352,0.32684648036956787,0.153864324092865
2353,0.4294372797012329,0.1360267698764801
2354,0.14883992075920105,0.044178783893585205
2355,0.20919902622699738,0.027085930109024048
2356,0.3759467899799347,0.06785950809717178
2357,0.40585848689079285,0.013377447612583637
2358,0.3748747706413269,0.11329086869955063
2359,0.3542819023132324,0.05969927832484245
2360,0.16217979788780212,0.06541599333286285
2361,0.35828474164009094,0.05455278605222702
2362,0.11005672812461853,0.024666279554367065
2363,0.10515543818473816,0.053022924810647964
2364,0.1700819581747055,0.08207078278064728
2365,0.10789438337087631,0.018077855929732323
2366,0.2414882928133011,0.04163740202784538
2367,0.1620994359254837,0.09140866249799728
2368,0.1599528044462204,0.1114971935749054
2369,0.7623396515846252,0.10490259528160095
2370,0.17621533572673798,0.1667749136686325
2371,0.5785446763038635,0.3240929841995239
2372,0.507064163684845,0.38030537962913513
2373,0.4469812214374542,0.0429951474070549
2374,0.13783322274684906,0.04075281322002411
2375,0.1544620394706726,0.09854592382907867
2376,0.15568611025810242,0.07454217225313187
2377,0.3614332675933838,0.12595553696155548
2378,0.5388240814208984,0.14482763409614563
2379,0.16362398862838745,0.05901332572102547
2380,0.1993390917778015,0.05359974503517151
2381,0.25658339262008667,0.29089218378067017
2382,0.6759852170944214,0.1349627524614334
2383,0.2285645604133606,0.19129446148872375
2384,0.8282085657119751,0.1320391744375229
2385,0.34428584575653076,0.1256866306066513
2386,0.14792802929878235,0.07599721848964691
2387,0.06369879841804504,0.006543402094393969
2388,0.04551827907562256,0.06531794369220734
2389,0.24586382508277893,0.3007752299308777
2390,0.18124040961265564,0.10371403396129608
2391,0.45508620142936707,0.08943087607622147
2392,0.19829292595386505,0.08001211285591125
2393,0.17069032788276672,0.055344291031360626
2394,0.07697997242212296,0.08284131437540054
2395,0.23790790140628815,0.08109787851572037
2396,0.39500388503074646,0.3659924268722534
2397,0.731312096118927,0.18962733447551727
2398,0.07558450847864151,0.09184715896844864
2399,0.25562584400177,0.1890847235918045
2400,1.101318597793579,0.7155386805534363
2401,0.19831492006778717,0.07352040708065033
2402,0.10585515201091766,0.1014542281627655
2403,0.48772603273391724,0.16105590760707855
2404,0.2529943585395813,0.044228971004486084
2405,0.29441744089126587,0.14036273956298828
2406,0.18483585119247437,0.16032901406288147
2407,0.22084954380989075,0.05299273505806923
2408,0.37950918078422546,0.07808118313550949
2409,0.494681715965271,0.05912588909268379
2410,0.14810685813426971,0.027408447116613388
2411,0.20537665486335754,0.03533341735601425
2412,1.5402534008026123,0.050520602613687515
2413,0.7147430181503296,0.030408591032028198
2414,0.6619341373443604,0.19771815836429596
2415,0.4508528709411621,0.17830172181129456
2416,0.3071347773075104,0.07678506523370743
2417,0.31627386808395386,0.023535437881946564
2418,0.26811683177948,0.023000556975603104
2419,0.10924270749092102,0.03346701338887215
2420,0.5069504380226135,0.12136869132518768
2421,0.14088565111160278,0.07911568880081177
2422,0.30467846989631653,0.10813871026039124
2423,0.21595750749111176,0.017934264615178108
2424,0.2356790453195572,0.06541243195533752
2425,0.055329080671072006,0.04681524634361267
2426,0.8075970411300659,0.0769408792257309
2427,0.939480185508728,0.10750719904899597
2428,0.20273911952972412,0.04282122850418091
2429,0.18468688428401947,0.08137081563472748
2430,0.3874434530735016,0.10487601161003113
2431,0.4986872375011444,0.22536079585552216
2432,0.7098629474639893,0.20864978432655334
2433,0.8995972275733948,0.3098065257072449
2434,0.2862023413181305,0.13753435015678406
2435,0.13250619173049927,0.11750595271587372
2436,0.07446833699941635,0.061310723423957825
2437,0.3602082133293152,0.02848377451300621
2438,0.21370168030261993,0.07752664387226105
2439,0.2181682288646698,0.09707094728946686
2440,0.2772420048713684,0.21205589175224304
2441,0.21573105454444885,0.10273294150829315
2442,0.3209102153778076,0.039026156067848206
2443,1.164001703262329,0.30023008584976196
2444,0.8849159479141235,0.14334987103939056
2445,1.4371330738067627,0.09403427690267563
2446,0.5346395969390869,0.09238515794277191
2447,0.22291350364685059,0.11286839842796326
2448,0.20781956613063812,0.1541982889175415
2449,0.16160812973976135,0.02423747256398201
2450,0.19260931015014648,0.012268727645277977
2451,0.22878608107566833,0.10034813731908798
2452,0.8040422201156616,0.12777140736579895
2453,0.4693867862224579,0.10685250163078308
2454,0.7910077571868896,0.130382239818573
2455,0.4516768157482147,0.14728933572769165
2456,0.2628653943538666,0.14128531515598297
2457,0.24105694890022278,0.0491848960518837
2458,0.31220543384552,0.029090669006109238
2459,0.19051015377044678,0.31617897748947144
2460,0.5064338445663452,0.060784220695495605
2461,1.3822044134140015,0.35345739126205444
2462,1.534464955329895,0.2675468325614929
2463,0.4153662621974945,0.20904453098773956
2464,0.44406968355178833,0.1389368325471878
2465,0.551939845085144,0.12699243426322937
2466,0.3165711760520935,0.09532545506954193
2467,0.11976510286331177,0.15832798182964325
2468,0.20693182945251465,0.08162681758403778
2469,0.2083398699760437,0.07678283751010895
2470,0.5161861777305603,0.06871271878480911
2471,0.43108123540878296,0.04729147255420685
2472,0.2613445222377777,0.08294792473316193
2473,0.2846603989601135,0.0681387335062027
2474,0.34827864170074463,0.11655395478010178
2475,0.27838051319122314,0.06109628453850746
2476,0.13733570277690887,0.038439784198999405
2477,0.043915655463933945,0.03380854055285454
2478,0.08670881390571594,0.04701624810695648
2479,0.02084769308567047,0.09216964244842529
2480,0.1411655843257904,0.04225808382034302
2481,0.8262618184089661,0.04944348335266113
2482,0.14038904011249542,0.2257424294948578
2483,0.09311719238758087,0.14662683010101318
2484,0.5581957101821899,0.05268459767103195
2485,0.49802032113075256,0.06235764920711517
2486,0.22964543104171753,0.07898928970098495
2487,0.13946935534477234,0.12161006033420563
2488,0.08551497012376785,0.13389313220977783
2489,0.18668438494205475,0.08203776925802231
2490,0.14676284790039062,0.12888245284557343
2491,0.3207741379737854,0.19556650519371033
2492,0.24459373950958252,0.0904747024178505
2493,0.1751815378665924,0.1339797079563141
2494,0.2021215856075287,0.05681963637471199
2495,0.37534859776496887,0.12290248274803162
2496,0.21191906929016113,0.047495681792497635
2497,0.23993231356143951,0.0255985539406538
2498,0.24514740705490112,0.02125999704003334
2499,0.19457480311393738,0.1570589393377304
2500,1.1491179466247559,0.10481206327676773
2501,0.6001822352409363,0.11683111637830734
2502,0.842517614364624,0.29657283425331116
2503,0.12161596119403839,0.04696357995271683
2504,0.1779169738292694,0.08893923461437225
2505,0.09257635474205017,0.034055713564157486
2506,0.23851816356182098,0.16053752601146698
2507,0.1738022118806839,0.13298122584819794
2508,0.20085719227790833,0.13860122859477997
2509,0.47259852290153503,0.25918862223625183
2510,0.9281052350997925,0.25741246342658997
2511,0.37848663330078125,0.10407446324825287
2512,0.22662442922592163,0.2682375907897949
2513,0.20253831148147583,0.20036648213863373
2514,0.5561248660087585,0.031184375286102295
2515,0.40435242652893066,0.1628035604953766
2516,0.2532755136489868,0.08014816790819168
2517,0.23103287816047668,0.0658794492483139
2518,0.14895233511924744,0.11397100239992142
2519,0.2200612723827362,0.04781047999858856
2520,0.38639986515045166,0.08286319673061371
2521,0.1790737360715866,0.07399584352970123
2522,0.561615526676178,0.024886034429073334
2523,0.3830746114253998,0.08913841843605042
2524,0.6158128380775452,0.17332449555397034
2525,0.7237749695777893,0.07400424033403397
2526,0.10270246118307114,0.05089760199189186
2527,0.09798809885978699,0.08545912802219391
2528,0.1950623095035553,0.2127779722213745
2529,0.16432009637355804,0.32565903663635254
2530,0.31105199456214905,0.15184780955314636
2531,0.7530649900436401,0.16623948514461517
2532,0.19246311485767365,0.07207148522138596
2533,0.14148986339569092,0.11142631620168686
2534,0.13996723294258118,0.05010038614273071
2535,0.4796430468559265,0.04682653397321701
2536,0.2659119963645935,0.13967595994472504
2537,0.27142876386642456,0.0791933611035347
2538,0.29292386770248413,0.08863990753889084
2539,0.345115602016449,0.20735520124435425
2540,0.5948842763900757,0.126560240983963
2541,0.24353983998298645,0.12475630640983582
2542,0.5122635960578918,0.2210567742586136
2543,0.09462215006351471,0.057243507355451584
2544,0.2716468274593353,0.08667568117380142
2545,0.30214381217956543,0.27888187766075134
2546,0.6107311844825745,0.21873119473457336
2547,0.5066832304000854,0.3320810794830322
2548,0.7682210803031921,0.28838810324668884
2549,1.1977779865264893,0.2041313350200653
2550,0.5190229415893555,0.16317227482795715
2551,0.3873036503791809,0.11897873133420944
2552,0.18371543288230896,0.04994702339172363
2553,0.14688169956207275,0.17672646045684814
2554,0.32429665327072144,0.1820414960384369
2555,0.1658257395029068,0.06930433213710785
2556,0.3635481297969818,0.42937391996383667
2557,0.23279894888401031,0.10024337470531464
2558,0.14675194025039673,0.04523031413555145
2559,0.24531947076320648,0.08224824070930481
2560,0.436805784702301,0.055891506373882294
2561,0.23785194754600525,0.12937816977500916
2562,0.43768927454948425,0.10360748320817947
2563,0.38743406534194946,0.18934857845306396
2564,0.2365414798259735,0.15347394347190857
2565,0.09995349496603012,0.12811148166656494
2566,0.2853207588195801,0.14259681105613708
2567,0.16033096611499786,0.31552159786224365
2568,0.38151028752326965,0.2145746797323227
2569,1.045897364616394,0.2705821990966797
2570,0.42433542013168335,0.12354496121406555
2571,0.6690798401832581,0.041891179978847504
2572,0.4255896508693695,0.11566904187202454
2573,0.06401412189006805,0.17379043996334076
2574,0.2133977711200714,0.04512898623943329
2575,0.3538172245025635,0.13909447193145752
2576,0.1135067492723465,0.0689530000090599
2577,0.13022594153881073,0.2003420740365982
2578,0.5849106907844543,0.22910240292549133
2579,0.16221347451210022,0.0714121162891388
2580,0.5130118727684021,0.10659961402416229
2581,0.2630317211151123,0.18541817367076874
2582,0.2262043058872223,0.16081249713897705
2583,0.6113936901092529,0.1367899477481842
2584,0.2281535565853119,0.11917166411876678
2585,0.4280388057231903,0.0870276689529419
2586,0.274740070104599,0.058941300958395004
2587,0.5557941794395447,0.15094594657421112
2588,0.28845593333244324,0.230310320854187
2589,0.3109649419784546,0.20172077417373657
2590,0.12041103094816208,0.10653769969940186
2591,0.16644595563411713,0.1827954202890396
2592,0.20539848506450653,0.05900076404213905
2593,0.1824735850095749,0.08899056166410446
2594,0.2943362593650818,0.04419828951358795
2595,0.3703658878803253,0.07598932832479477
2596,0.33031797409057617,0.11593575030565262
2597,0.3706344962120056,0.02987091988325119
2598,0.14997991919517517,0.06241856515407562
2599,0.10292432457208633,0.04390706121921539
2600,0.7148955464363098,0.0908028781414032
2601,0.31657904386520386,0.0609818696975708
2602,0.7491148710250854,0.11443310230970383
2603,0.13330551981925964,0.07472361624240875
2604,0.2315070480108261,0.05142643675208092
2605,1.1603271961212158,0.07655086368322372
2606,1.3067201375961304,0.19827772676944733
2607,0.153007373213768,0.07145828008651733
2608,0.059224165976047516,0.08121830224990845
2609,0.08015906810760498,0.21192334592342377
2610,0.3320158123970032,0.06451655924320221
2611,0.5316491723060608,0.1043437272310257
2612,1.1285279989242554,0.19809147715568542
2613,1.0073069334030151,0.32430440187454224
2614,0.47117164731025696,0.2818554937839508
2615,0.22333180904388428,0.23027606308460236
2616,0.3540639579296112,0.052758120000362396
2617,0.33856913447380066,0.12421899288892746
2618,0.3431936502456665,0.07355858385562897
2619,0.23065172135829926,0.09189032018184662
2620,0.3095983862876892,0.05558531731367111
2621,0.40494900941848755,0.07978768646717072
2622,0.6926079392433167,0.09139974415302277
2623,0.15609949827194214,0.0651237815618515
2624,0.07914377748966217,0.08979670703411102
2625,0.0696093738079071,0.14522495865821838
2626,0.2540874481201172,0.20551934838294983
2627,0.27230963110923767,0.18315914273262024
2628,0.354765921831131,0.09272007644176483
2629,0.2792520523071289,0.12264029681682587
2630,0.08841197192668915,0.026066873222589493
2631,0.09991984069347382,0.07096634060144424
2632,0.16488507390022278,0.03703073412179947
2633,0.4727216362953186,0.14917278289794922
2634,0.691653847694397,0.11194438487291336
2635,0.1312665194272995,0.039392925798892975
2636,0.2300546020269394,0.2227673977613449
2637,1.757265567779541,0.12241962552070618
2638,0.9641045331954956,0.07555336505174637
2639,0.5074340105056763,0.17841321229934692
2640,0.3466874063014984,0.08129823207855225
2641,0.3403708338737488,0.22952494025230408
2642,0.34853702783584595,0.3868848979473114
2643,0.2919010818004608,0.09224441647529602
2644,0.1664748340845108,0.1095442995429039
2645,0.2618348002433777,0.05336788296699524
2646,0.14733262360095978,0.0998835563659668
2647,0.4104909896850586,0.07276792079210281
2648,0.7031871676445007,0.24947334825992584
2649,0.16766205430030823,0.2666742503643036
2650,0.12299338728189468,0.08698660135269165
2651,0.1905878633260727,0.08430345356464386
2652,0.07460658252239227,0.04734012857079506
2653,0.08230659365653992,0.03276295214891434
2654,0.21315446496009827,0.009177178144454956
2655,0.11044330894947052,0.1039552092552185
2656,0.625839114189148,0.2020067721605301
2657,0.15664775669574738,0.06622304022312164
2658,0.07207801938056946,0.04838630557060242
2659,0.27578791975975037,0.13178282976150513
2660,0.06746380776166916,0.13498951494693756
2661,0.035663358867168427,0.1521935760974884
2662,0.18144312500953674,0.07675990462303162
2663,0.41489776968955994,0.07592201232910156
2664,0.5544008016586304,0.18783818185329437
2665,0.4427834749221802,0.09476938098669052
2666,0.6755359172821045,0.15825927257537842
2667,0.095830038189888,0.19894009828567505
2668,0.32484036684036255,0.07479849457740784
2669,0.17194630205631256,0.08571308851242065
2670,0.23629996180534363,0.21179339289665222
2671,0.12749429047107697,0.0657213106751442
2672,0.10883171856403351,0.09692780673503876
2673,0.4405376613140106,0.06289590895175934
2674,0.49402445554733276,0.33521872758865356
2675,0.5545682311058044,0.06497005373239517
2676,0.3517408072948456,0.11101968586444855
2677,0.19325605034828186,0.1462336778640747
2678,0.15805721282958984,0.11086415499448776
2679,0.12444498389959335,0.11249831318855286
2680,0.08495400846004486,0.029208624735474586
2681,0.41781777143478394,0.39883801341056824
2682,0.13566869497299194,0.11977796256542206
2683,0.11430700868368149,0.09198398888111115
2684,0.23882663249969482,0.04509122669696808
2685,0.12397053092718124,0.047073278576135635
2686,0.19779281318187714,0.029645835980772972
2687,0.1528715193271637,0.01452410127967596
2688,0.2026149183511734,0.15079456567764282
2689,0.29241639375686646,0.07564091682434082
2690,0.26575809717178345,0.06957173347473145
2691,0.6726012825965881,0.1124531477689743
2692,0.1947910040616989,0.16990646719932556
2693,0.5157569050788879,0.026163993403315544
2694,0.43739503622055054,0.052932221442461014
2695,0.6342658400535583,0.05876203253865242
2696,0.3839171826839447,0.04864148795604706
2697,0.10922883450984955,0.13796737790107727
2698,0.5847529172897339,0.0913793295621872
2699,0.944856584072113,0.12552382051944733
2700,0.26082122325897217,0.12469810247421265
2701,0.16129568219184875,0.05766468495130539
2702,0.2765893042087555,0.13119491934776306
2703,0.30574679374694824,0.13173633813858032
2704,0.2532981336116791,0.13613736629486084
2705,0.1970955729484558,0.09917984157800674
2706,0.23650561273097992,0.06348732113838196
2707,0.458016961812973,0.17737546563148499
2708,0.10237564146518707,0.07680624723434448
2709,0.13175822794437408,0.023524118587374687
2710,0.08363968133926392,0.052676498889923096
2711,0.1241837739944458,0.0512089878320694
2712,0.3485136330127716,0.3057841658592224
2713,0.26804888248443604,0.06715702265501022
2714,0.30827856063842773,0.10861998051404953
2715,0.060422133654356,0.02393926866352558
2716,0.39150696992874146,0.12771573662757874
2717,0.19432857632637024,0.0981842428445816
2718,0.42345213890075684,0.09665971994400024
2719,0.2536402940750122,0.07055452466011047
2720,0.15574981272220612,0.041792988777160645
2721,0.929530143737793,0.05530814453959465
2722,0.8102037310600281,0.07674328982830048
2723,0.4903276264667511,0.19835245609283447
2724,0.4535382091999054,0.2282811850309372
2725,0.24610839784145355,0.13354100286960602
2726,0.21234479546546936,0.1170579344034195
2727,0.22007377445697784,0.0847557783126831
2728,0.16843952238559723,0.07278211414813995
2729,0.2538745403289795,0.03445989638566971
2730,0.2476445734500885,0.10179823637008667
2731,0.2319285273551941,0.057340435683727264
2732,0.2981176972389221,0.04834161698818207
2733,0.17868614196777344,0.06622712314128876
2734,0.5661700963973999,0.11716732382774353
2735,0.41100990772247314,0.10873239487409592
2736,0.45125681161880493,0.28122103214263916
2737,0.30354630947113037,0.26339396834373474
2738,0.2660282850265503,0.11050473898649216
2739,0.08956711739301682,0.06220807880163193
2740,0.4015773832798004,0.03699031472206116
2741,0.5299757122993469,0.07392271608114243
2742,0.48060330748558044,0.2545882761478424
2743,0.549307107925415,0.02904653549194336
2744,0.24391338229179382,0.1690288484096527
2745,0.2329258918762207,0.09109754115343094
2746,0.2639220952987671,0.010037113912403584
2747,0.11972755193710327,0.06057817488908768
2748,0.10338450968265533,0.02616017684340477
2749,0.35897302627563477,0.13074257969856262
2750,0.5190666913986206,0.06065531075000763
2751,0.15293170511722565,0.03427210822701454
2752,0.13398604094982147,0.06237389147281647
2753,0.11844635009765625,0.2505760192871094
2754,0.17164073884487152,0.1306847780942917
2755,0.20543350279331207,0.06910286843776703
2756,0.47187677025794983,0.09721997380256653
2757,0.17077012360095978,0.07749859988689423
2758,0.2106267809867859,0.02436964586377144
2759,0.4058951735496521,0.0611383393406868
2760,0.5315352082252502,0.250214159488678
2761,0.7363983392715454,0.043016545474529266
2762,0.29144757986068726,0.07789535820484161
2763,0.15378490090370178,0.021903913468122482
2764,0.4650307893753052,0.046391699463129044
2765,0.13643650710582733,0.2072901427745819
2766,0.46581321954727173,0.1691523641347885
2767,0.18251800537109375,0.20211279392242432
2768,0.2939237952232361,0.1108972579240799
2769,0.3506726622581482,0.19290170073509216
2770,0.33201074600219727,0.12493067979812622
2771,0.26837071776390076,0.08393703401088715
2772,0.22802512347698212,0.07459452748298645
2773,0.13897770643234253,0.19023069739341736
2774,0.15987364947795868,0.11314790695905685
2775,0.33671340346336365,0.09869840741157532
2776,0.3734015226364136,0.16652624309062958
2777,0.6846475601196289,0.07624157518148422
2778,0.23529060184955597,0.0330672562122345
2779,0.10855972021818161,0.0578470453619957
2780,0.1459241360425949,0.08594667911529541
2781,0.19028088450431824,0.18106919527053833
2782,0.3143174648284912,0.1926499903202057
2783,0.19944347441196442,0.17014138400554657
2784,0.13244545459747314,0.037328220903873444
2785,0.2510479986667633,0.08291399478912354
2786,0.4464554786682129,0.14222699403762817
2787,0.30270540714263916,0.1169876754283905
2788,0.06886710971593857,0.15634286403656006
2789,0.03253886476159096,0.027582431212067604
2790,0.2887115478515625,0.04355044662952423
2791,0.5300750136375427,0.08376698195934296
2792,0.28504234552383423,0.052203793078660965
2793,0.281832218170166,0.0338759645819664
2794,0.06150283291935921,0.015651259571313858
2795,0.2930072546005249,0.04162917286157608
2796,0.31959715485572815,0.15311332046985626
2797,0.2485450804233551,0.24077138304710388
2798,0.17224597930908203,0.05401109158992767
2799,0.33656832575798035,0.03986409306526184
2800,0.3858288824558258,0.06730048358440399
2801,0.1299433410167694,0.028905142098665237
2802,0.2623414695262909,0.0498320534825325
2803,0.8197014331817627,0.12440262734889984
2804,0.11909240484237671,0.10047442466020584
2805,0.5549392700195312,0.30106398463249207
2806,0.2250629961490631,0.08922469615936279
2807,0.19179615378379822,0.08992282301187515
2808,0.07450906932353973,0.18417832255363464
2809,0.18098540604114532,0.08382849395275116
2810,0.525915265083313,0.08232960850000381
2811,0.23078936338424683,0.21135234832763672
2812,0.4431796073913574,0.1238199770450592
2813,0.34116053581237793,0.06719568371772766
2814,0.10024658590555191,0.024445999413728714
2815,0.04651177302002907,0.030303984880447388
2816,0.0387493260204792,0.032312046736478806
2817,0.10374470055103302,0.08577731251716614
2818,0.1004713922739029,0.09578227996826172
2819,0.09445369988679886,0.0701049342751503
2820,0.26120084524154663,0.030166959390044212
2821,0.1654634028673172,0.04763448238372803
2822,0.2851172387599945,0.07490117847919464
2823,0.06975308060646057,0.02710539847612381
2824,0.27424490451812744,0.0934285968542099
2825,0.1903054565191269,0.11344252526760101
2826,0.11356967687606812,0.04887008294463158
2827,0.7398848533630371,0.1631028801202774
2828,0.6230596303939819,0.1800847202539444
2829,0.562983512878418,0.08431074768304825
2830,0.1451786458492279,0.03574375808238983
2831,0.18747246265411377,0.04498007521033287
2832,0.10373254120349884,0.022171884775161743
2833,0.34395405650138855,0.06487148255109787
2834,0.21516448259353638,0.10054001212120056
2835,0.12113998085260391,0.1113017126917839
2836,0.22357697784900665,0.026931922882795334
2837,0.03722359612584114,0.023398421704769135
2838,0.34406429529190063,0.06469345837831497
2839,0.1521521955728531,0.0903245210647583
2840,0.23104199767112732,0.08598905801773071
2841,0.44349274039268494,0.06018783524632454
2842,0.5242791175842285,0.20685631036758423
2843,0.7442629933357239,0.13238874077796936
2844,0.08812940865755081,0.1603650152683258
2845,0.19255457818508148,0.06915182620286942
2846,0.08097315579652786,0.07728004455566406
2847,0.07767284661531448,0.01282649114727974
2848,0.10484462976455688,0.09251101315021515
2849,0.2278807908296585,0.02068519778549671
2850,0.14096838235855103,0.1600227653980255
2851,0.3599911034107208,0.03175485134124756
2852,0.1518760323524475,0.022833973169326782
2853,0.6690918803215027,0.037012599408626556
2854,0.1077367290854454,0.13044323027133942
2855,0.4274480938911438,0.1250230073928833
2856,0.2551169991493225,0.03798680007457733
2857,0.7049394845962524,0.08174242079257965
2858,0.7979184985160828,0.12612804770469666
2859,0.4674050211906433,0.3316982388496399
2860,0.14184187352657318,0.4626024663448334
2861,0.16637083888053894,0.10417649149894714
2862,0.027013899758458138,0.03175204619765282
2863,0.055498287081718445,0.025578754022717476
2864,0.17538724839687347,0.03781746327877045
2865,0.10443443059921265,0.059475235641002655
2866,0.3174237012863159,0.016531070694327354
2867,0.2261512577533722,0.09395059943199158
2868,0.29764747619628906,0.0351802334189415
2869,0.4169914126396179,0.11228425800800323
2870,0.2589086890220642,0.0994054526090622
2871,0.32926058769226074,0.1112595871090889
2872,0.27050018310546875,0.01831178180873394
2873,0.26771894097328186,0.03833180293440819
2874,0.41269510984420776,0.2223573923110962
2875,0.48570752143859863,0.0588836707174778
2876,0.09466447681188583,0.06895233690738678
2877,0.13090009987354279,0.047906674444675446
2878,0.28082162141799927,0.017584603279829025
2879,0.3082946836948395,0.07272779196500778
2880,0.19628489017486572,0.09294453263282776
2881,0.383475124835968,0.06729784607887268
2882,0.8884755373001099,0.16665400564670563
2883,0.11206454038619995,0.055835507810115814
2884,0.2888893485069275,0.15131013095378876
2885,0.4575549364089966,0.14737467467784882
2886,0.23015356063842773,0.01772548258304596
2887,0.346693217754364,0.05576266348361969
2888,0.424984872341156,0.09019212424755096
2889,0.27438315749168396,0.1604151725769043
2890,0.3958444893360138,0.054884109646081924
2891,0.0525129996240139,0.032488785684108734
2892,0.0869336649775505,0.0680541843175888
2893,0.3877251446247101,0.22632133960723877
2894,0.21578523516654968,0.11300209164619446
2895,0.14508627355098724,0.11880337446928024
2896,0.30087995529174805,0.182265043258667
2897,0.26396000385284424,0.2472929209470749
2898,0.14038744568824768,0.012503251433372498
2899,0.35690322518348694,0.22554820775985718
2900,0.09796003997325897,0.09040485322475433
2901,0.27768176794052124,0.09344689548015594
2902,0.159356951713562,0.2799733579158783
2903,1.0418932437896729,0.15336115658283234
2904,0.38969987630844116,0.2742241621017456
2905,0.4482388496398926,0.205075204372406
2906,0.19530896842479706,0.03825732320547104
2907,0.11697688698768616,0.051037345081567764
2908,1.0316611528396606,0.19950325787067413
2909,0.9119205474853516,0.2127639204263687
2910,0.2602328062057495,0.03930748999118805
2911,0.1279383897781372,0.2732154130935669
2912,0.17661263048648834,0.32603320479393005
2913,0.11939577758312225,0.09203505516052246
2914,0.08008897304534912,0.011194474063813686
2915,0.42513447999954224,0.07842493057250977
2916,0.3051601052284241,0.14027631282806396
2917,0.6088833212852478,0.14470729231834412
2918,0.34028515219688416,0.09452309459447861
2919,0.29928168654441833,0.14238737523555756
2920,0.6796688437461853,0.0903417244553566
2921,0.023201730102300644,0.03801318258047104
2922,0.2250935137271881,0.11575011163949966
2923,0.4892561733722687,0.04747583717107773
2924,0.12912288308143616,0.14143584668636322
2925,0.7985128164291382,0.13550513982772827
2926,0.31627002358436584,0.0803469717502594
2927,0.09728293120861053,0.030607301741838455
2928,0.18724504113197327,0.09088847041130066
2929,0.1441154181957245,0.07679105550050735
2930,0.3570515215396881,0.10131601989269257
2931,0.5180551409721375,0.10954389721155167
2932,0.2536209523677826,0.07705751806497574
2933,0.3662888705730438,0.2339593768119812
2934,0.3958818018436432,0.10401492565870285
2935,0.40111035108566284,0.03371873497962952
2936,0.36018258333206177,0.05770426243543625
2937,1.282609462738037,0.1964103877544403
2938,0.46886885166168213,0.04764876514673233
2939,0.21609008312225342,0.2764457166194916
2940,0.29628613591194153,0.5584469437599182
2941,0.23127087950706482,0.12646588683128357
2942,0.14845439791679382,0.04732203856110573
2943,0.2635922431945801,0.05217474699020386
2944,0.1045331060886383,0.08683566749095917
2945,0.4119868278503418,0.0684761181473732
2946,0.13255232572555542,0.12561102211475372
2947,0.33177754282951355,0.21429035067558289
2948,0.6756094098091125,0.11580309271812439
2949,0.6414075493812561,0.08916135877370834
2950,0.16599784791469574,0.06696752458810806
2951,0.19480450451374054,0.017956189811229706
2952,0.2709459066390991,0.016040612012147903
2953,0.11555171012878418,0.10203727334737778
2954,0.15295927226543427,0.07873441278934479
2955,0.12222541868686676,0.14246176183223724
2956,0.2623729109764099,0.1323544979095459
2957,0.07014326006174088,0.07750116288661957
2958,0.12914909422397614,0.06011379137635231
2959,0.19001297652721405,0.06232960522174835
2960,0.09182610362768173,0.10280688107013702
2961,0.1758793741464615,0.06356646865606308
2962,0.35779792070388794,0.08974477648735046
2963,1.6664538383483887,0.10536010563373566
2964,0.9715899229049683,0.06544846296310425
2965,0.21040335297584534,0.016517601907253265
2966,0.18233272433280945,0.04276866093277931
2967,0.19147297739982605,0.0765046626329422
2968,0.35720667243003845,0.06893513351678848
2969,0.16226980090141296,0.022833503782749176
2970,0.3852248191833496,0.04421762004494667
2971,0.10534435510635376,0.039650335907936096
2972,0.08607041090726852,0.018649913370609283
2973,0.1988157033920288,0.03092469647526741
2974,0.30286407470703125,0.038598451763391495
2975,0.37635377049446106,0.04012465476989746
2976,0.5525220632553101,0.10122671723365784
2977,0.37388649582862854,0.054201819002628326
2978,0.24284526705741882,0.053186625242233276
2979,0.2438533902168274,0.006991059053689241
2980,0.051736876368522644,0.10411769896745682
2981,0.14154860377311707,0.05278941988945007
2982,0.2555540204048157,0.06829061359167099
2983,0.5366176962852478,0.0868263840675354
2984,0.31664520502090454,0.03421303629875183
2985,0.29443490505218506,0.08862762898206711
2986,0.582471489906311,0.030502095818519592
2987,1.154964566230774,0.2247721254825592
2988,0.5934483408927917,0.08377635478973389
2989,0.663978636264801,0.18447443842887878
2990,0.5577383041381836,0.0667412057518959
2991,0.8562740087509155,0.043452583253383636
2992,0.3136722445487976,0.15480586886405945
2993,0.14639049768447876,0.12612523138523102
2994,0.5561935305595398,0.07469367980957031
2995,0.17756247520446777,0.07548972219228745
2996,0.14720971882343292,0.05123255029320717
2997,0.6189916133880615,0.06813384592533112
2998,0.43013930320739746,0.16506554186344147
2999,0.29357755184173584,0.12231514602899551
3000,0.3213275074958801,0.10773955285549164
3001,0.33501583337783813,0.13633552193641663
3002,0.3170247972011566,0.11716114729642868
3003,0.45736464858055115,0.3083263635635376
3004,0.5233954787254333,0.2858664393424988
3005,0.2614055275917053,0.08164700865745544
3006,0.29127633571624756,0.040056850761175156
3007,0.23139342665672302,0.13115693628787994
3008,0.16718143224716187,0.1095329150557518
3009,0.1733749359846115,0.10108944773674011
3010,0.31734126806259155,0.03272457793354988
3011,0.09210216999053955,0.02877015247941017
3012,0.3380463719367981,0.03651171922683716
3013,0.1219036877155304,0.07007726281881332
3014,0.3228614926338196,0.1504458487033844
3015,0.23489128053188324,0.027180632576346397
3016,0.6401930451393127,0.13865962624549866
3017,0.40996816754341125,0.1292147934436798
3018,0.316489577293396,0.08679018914699554
3019,0.32901081442832947,0.026193561032414436
3020,0.07611946016550064,0.06704770773649216
3021,0.2833305895328522,0.04174872860312462
3022,0.38021278381347656,0.04093291610479355
3023,0.23308908939361572,0.020251845940947533
3024,0.12949512898921967,0.043507013469934464
3025,0.1752295345067978,0.05508635193109512
3026,0.08512473106384277,0.0768020749092102
3027,1.0247364044189453,0.06568923592567444
3028,0.2804979085922241,0.09468846023082733
3029,0.31699591875076294,0.1274898648262024
3030,0.3305671215057373,0.07327490299940109
3031,0.3938084840774536,0.18786340951919556
3032,0.46567684412002563,0.14595043659210205
3033,0.21840541064739227,0.09373226761817932
3034,0.29322245717048645,0.0842713788151741
3035,0.09055307507514954,0.021743766963481903
3036,0.3764673173427582,0.08847766369581223
3037,0.16671472787857056,0.06477075815200806
3038,0.15212838351726532,0.02641746774315834
3039,0.17363041639328003,0.041675787419080734
3040,0.31394273042678833,0.07941950857639313
3041,0.09517913311719894,0.05870687589049339
3042,0.28699883818626404,0.04864782840013504
3043,0.3531898558139801,0.07298482954502106
3044,0.5885445475578308,0.08331290632486343
3045,0.31090694665908813,0.11560177057981491
3046,0.4606536328792572,0.04295088350772858
3047,0.3259275555610657,0.023892106488347054
3048,0.32865625619888306,0.14284057915210724
3049,0.41674262285232544,0.09694593399763107
3050,0.13078294694423676,0.03919907659292221
3051,0.2652907371520996,0.13740576803684235
3052,0.08830660581588745,0.04257692024111748
3053,0.0869445651769638,0.02354457601904869
3054,0.20127266645431519,0.03772381693124771
3055,0.3632409870624542,0.19038927555084229
3056,0.25217127799987793,0.23542924225330353
3057,0.15136510133743286,0.1596347838640213
3058,0.21989920735359192,0.0860491544008255
3059,0.09244353324174881,0.07238804548978806
