id,IHH,IHV
1,0.08406420797109604,0.007789956871420145
2,0.03620351105928421,0.009484355337917805
3,0.0770307257771492,0.01101559866219759
4,0.04316925257444382,0.0020709114614874125
5,0.038978271186351776,0.011730650439858437
6,0.04327967017889023,0.0141607616096735
7,0.05128096789121628,0.0054504298605024815
8,0.07393968850374222,0.00873892568051815
9,0.09001166373491287,0.002392362803220749
10,0.06871173530817032,0.007618296891450882
11,0.05648024380207062,0.004343140404671431
12,0.025916067883372307,0.007966850884258747
13,0.027225855737924576,0.010019547306001186
14,0.05678164213895798,0.0061953747645020485
15,0.03219176456332207,0.007775974925607443
16,0.011543980799615383,0.008148465305566788
17,0.06378035247325897,0.007002310827374458
18,0.019544698297977448,0.01400553248822689
19,0.0522598959505558,0.004905570764094591
20,0.05351223051548004,0.006585053168237209
21,0.0549405962228775,0.013132326304912567
22,0.049373406916856766,0.008730454370379448
23,0.08853268623352051,0.008782260119915009
24,0.10953348875045776,0.007596483454108238
25,0.045081380754709244,0.007814950309693813
26,0.11045050621032715,0.0059546856209635735
27,0.04619419202208519,0.0035501099191606045
28,0.11411906033754349,0.005594550631940365
29,0.03622283786535263,0.0037070917896926403
30,0.03860367089509964,0.01158864889293909
31,0.01912746950984001,0.021771345287561417
32,0.03326518088579178,0.011949202977120876
33,0.0715022012591362,0.006708212662488222
34,0.07066255062818527,0.0038408117834478617
35,0.006729545537382364,0.0067877452820539474
36,0.05109895020723343,0.007360693067312241
37,0.03266999125480652,0.006628166418522596
38,0.030008872970938683,0.004747819621115923
39,0.07551385462284088,0.009533973410725594
40,0.05453908070921898,0.005567868240177631
41,0.08227363973855972,0.005586708430200815
42,0.03360571339726448,0.008791167289018631
43,0.019175918772816658,0.021728085353970528
44,0.04366343095898628,0.013850118964910507
45,0.08343285322189331,0.00488837156444788
46,0.07781055569648743,0.0027944627217948437
47,0.07402275502681732,0.014001453295350075
48,0.0416465625166893,0.009775436483323574
49,0.048621151596307755,0.015964210033416748
50,0.040573377162218094,0.011716878972947598
51,0.03952591121196747,0.0055517228320240974
52,0.09973867237567902,0.010116513818502426
53,0.052149198949337006,0.004006090573966503
54,0.0305241197347641,0.005038163159042597
55,0.015738580375909805,0.013986902311444283
56,0.08676234632730484,0.0161117035895586
57,0.02168653905391693,0.005988354794681072
58,0.08627843111753464,0.011900917626917362
59,0.05187172815203667,0.017046086490154266
60,0.01871638558804989,0.004591662436723709
61,0.05468842387199402,0.010102974250912666
62,0.020352866500616074,0.00975888129323721
63,0.09536197781562805,0.006995280738919973
64,0.028266696259379387,0.008505896665155888
65,0.06546702980995178,0.024671632796525955
66,0.06842730939388275,0.012062177062034607
67,0.024147821590304375,0.008258572779595852
68,0.02634929120540619,0.0058178529143333435
69,0.014395530335605145,0.009155011735856533
70,0.047719791531562805,0.007952761836349964
71,0.06062616407871246,0.011109842918813229
72,0.09574618935585022,0.01039351336658001
73,0.04502091556787491,0.005008591804653406
74,0.021020641550421715,0.01051238551735878
75,0.02227131836116314,0.013518341816961765
76,0.2077690213918686,0.03306467458605766
77,0.022126972675323486,0.00961040798574686
78,0.030592190101742744,0.006409596651792526
79,0.05815650150179863,0.006520352326333523
80,0.06509918719530106,0.006484440062195063
81,0.025640707463026047,0.010827017948031425
82,0.026015259325504303,0.006724049802869558
83,0.06158896163105965,0.011615611612796783
84,0.1713697910308838,0.012804948724806309
85,0.03633686155080795,0.015305053442716599
86,0.09374487400054932,0.00889642909169197
87,0.044269878417253494,0.005976674146950245
88,0.06876922398805618,0.00585558358579874
89,0.07282661646604538,0.013788681477308273
90,0.04476643353700638,0.006304088048636913
91,0.07385818660259247,0.010277533903717995
92,0.13798457384109497,0.027407070621848106
93,0.08110208809375763,0.006162221077829599
94,0.06661936640739441,0.020841430872678757
95,0.0485256165266037,0.004630427807569504
96,0.011618264019489288,0.014611447229981422
97,0.036381158977746964,0.008737243711948395
98,0.059141576290130615,0.0030977202113717794
99,0.05004572868347168,0.003766852430999279
100,0.05726074427366257,0.00547858327627182
101,0.048656873404979706,0.004333222284913063
102,0.02970154955983162,0.024552401155233383
103,0.03157360106706619,0.007736736908555031
104,0.07323848456144333,0.014366713352501392
105,0.015640441328287125,0.011824548244476318
106,0.04923861473798752,0.009152747690677643
107,0.031269945204257965,0.010209851898252964
108,0.02057248167693615,0.004324869252741337
109,0.06737807393074036,0.0031998143531382084
110,0.08757179230451584,0.010063312947750092
111,0.02301066741347313,0.008137580007314682
112,0.059432532638311386,0.003592750756070018
113,0.019967535510659218,0.007534329313784838
114,0.022902268916368484,0.016826895996928215
115,0.0601196363568306,0.010635942220687866
116,0.08326618373394012,0.015503705479204655
117,0.11251368373632431,0.01315179280936718
118,0.049949921667575836,0.009384564124047756
119,0.0812797099351883,0.007930452935397625
120,0.022694522514939308,0.009520234540104866
121,0.06312482059001923,0.011670059524476528
122,0.061111871153116226,0.0014598927227780223
123,0.04835433512926102,0.007740989327430725
124,0.033263202756643295,0.004709418397396803
125,0.0076841628178954124,0.010061778128147125
126,0.05267244949936867,0.006550737656652927
127,0.029683221131563187,0.010097657330334187
128,0.0828317329287529,0.009587726555764675
129,0.04894711449742317,0.007662557996809483
130,0.0735354796051979,0.011691128835082054
131,0.0408577062189579,0.01788211427628994
132,0.020452028140425682,0.006835323292762041
133,0.029404794797301292,0.005952770821750164
134,0.2110942155122757,0.010057942941784859
135,0.10684072971343994,0.011096048168838024
136,0.12176055461168289,0.009928185492753983
137,0.10251713544130325,0.011036845855414867
138,0.06780841201543808,0.017054999247193336
139,0.028050348162651062,0.007775815203785896
140,0.02213960886001587,0.00692121684551239
141,0.07202402502298355,0.0042395987547934055
142,0.06370057910680771,0.007334597874432802
143,0.045139115303754807,0.010380208492279053
144,0.11417831480503082,0.005725597497075796
145,0.044000718742609024,0.0044386419467628
146,0.04674330726265907,0.008425876498222351
147,0.034628331661224365,0.00960882380604744
148,0.03240351006388664,0.004445035941898823
149,0.032997988164424896,0.0023662447929382324
150,0.03402434289455414,0.003367835422977805
151,0.018626611679792404,0.004957474302500486
152,0.08119699358940125,0.0031750339549034834
153,0.1077180802822113,0.00987220834940672
154,0.05005769804120064,0.006218466907739639
155,0.06727075576782227,0.012719057500362396
156,0.049362584948539734,0.010913938283920288
157,0.05926550552248955,0.007987834513187408
158,0.04693514481186867,0.008679363876581192
159,0.08410337567329407,0.00884070061147213
160,0.016786623746156693,0.004267672076821327
161,0.060003168880939484,0.011295805685222149
162,0.15554603934288025,0.019801432266831398
163,0.10624156892299652,0.01726352423429489
164,0.06897585093975067,0.0039074313826859
165,0.012787538580596447,0.011037793941795826
166,0.031480878591537476,0.0059045301750302315
167,0.03141169250011444,0.007134918123483658
168,0.02381303906440735,0.014274779707193375
169,0.016039088368415833,0.0068472931161522865
170,0.07461189478635788,0.01556999422609806
171,0.046179741621017456,0.0025627501308918
172,0.07579386979341507,0.0045714592561125755
173,0.017437778413295746,0.008075607009232044
174,0.058682672679424286,0.0066850497387349606
175,0.006658332422375679,0.011772633530199528
176,0.05233040824532509,0.00793284922838211
177,0.09449182450771332,0.009018260054290295
178,0.019561665132641792,0.008290925994515419
179,0.014719408936798573,0.006328035611659288
180,0.026575583964586258,0.008396053686738014
181,0.0729009285569191,0.016333986073732376
182,0.03532299026846886,0.01117968000471592
183,0.016695186495780945,0.003411133773624897
184,0.08801223337650299,0.010585821233689785
185,0.037360139191150665,0.004856288433074951
186,0.047754913568496704,0.007263197097927332
187,0.01743616908788681,0.009060586802661419
188,0.027097592130303383,0.005083595402538776
189,0.028587793931365013,0.013264436274766922
190,0.023475127294659615,0.014218945987522602
191,0.04898680001497269,0.0019481851486489177
192,0.037549637258052826,0.006789248436689377
193,0.029816683381795883,0.009949453175067902
194,0.0953262448310852,0.002704404294490814
195,0.014015678316354752,0.00538362143561244
196,0.06612490117549896,0.006098845507949591
197,0.0710143893957138,0.008867771364748478
198,0.025531647726893425,0.0036352176684886217
199,0.04702230542898178,0.012151858769357204
200,0.020371071994304657,0.011507241055369377
201,0.023028019815683365,0.0028030278626829386
202,0.016006719321012497,0.003917951136827469
203,0.05307365581393242,0.002154440153390169
204,0.10604076087474823,0.008828484453260899
205,0.04348167032003403,0.01005315687507391
206,0.02910630777478218,0.003686996642500162
207,0.026386801153421402,0.015214437618851662
208,0.05913694202899933,0.01102891843765974
209,0.15410426259040833,0.005029179621487856
210,0.15180256962776184,0.014426158741116524
211,0.01870427466928959,0.007581179030239582
212,0.08768339455127716,0.007738162763416767
213,0.1132526844739914,0.008677883073687553
214,0.2811143100261688,0.003411445301026106
215,0.0898517370223999,0.000913280644454062
216,0.025335293263196945,0.010134439915418625
217,0.07053428888320923,0.007571112364530563
218,0.054818734526634216,0.01840691640973091
219,0.3095053434371948,0.0059231421910226345
220,0.047324176877737045,0.01611335016787052
221,0.07499758899211884,0.015347232110798359
222,0.11285114288330078,0.0052027711644768715
223,0.07015182822942734,0.005070379935204983
224,0.011796820908784866,0.007189328782260418
225,0.08433732390403748,0.029387863352894783
226,0.06976820528507233,0.00774204358458519
227,0.07748496532440186,0.005630121100693941
228,0.030535416677594185,0.012346095405519009
229,0.016315482556819916,0.008996693417429924
230,0.05747129023075104,0.01386729720979929
231,0.048948172479867935,0.01623930223286152
232,0.04781214892864227,0.005824321415275335
233,0.10073795914649963,0.01274334080517292
234,0.08449825644493103,0.008698305115103722
235,0.05373714119195938,0.009762008674442768
236,0.044319670647382736,0.008134869858622551
237,0.09352272748947144,0.012128240428864956
238,0.02646336331963539,0.006032145582139492
239,0.026299480348825455,0.005826001986861229
240,0.028947509825229645,0.022615749388933182
241,0.03612470626831055,0.012782560661435127
242,0.03809183090925217,0.023704519495368004
243,0.04012001305818558,0.01820990815758705
244,0.05113769322633743,0.011101394891738892
245,0.16543561220169067,0.012473437003791332
246,0.04987972229719162,0.00268360273912549
247,0.025313355028629303,0.018399227410554886
248,0.049107667058706284,0.009538793936371803
249,0.0146195562556386,0.009740675799548626
250,0.13961532711982727,0.015556998550891876
251,0.06087673082947731,0.0069323210045695305
252,0.019851351156830788,0.016380438581109047
253,0.028758559376001358,0.008248448371887207
254,0.06747546792030334,0.0028727867174893618
255,0.01954507827758789,0.0059847524389624596
256,0.03946341946721077,0.0195692740380764
257,0.040188100188970566,0.004206501413136721
258,0.03461528569459915,0.0059434049762785435
259,0.04261874780058861,0.009716284461319447
260,0.06820499151945114,0.003823881968855858
261,0.03965025022625923,0.007621547672897577
262,0.07768814265727997,0.011091572232544422
263,0.04232417047023773,0.01391533948481083
264,0.0894039124250412,0.02493399754166603
265,0.057589441537857056,0.004051979165524244
266,0.051960960030555725,0.0038922280073165894
267,0.057964958250522614,0.008129516616463661
268,0.0761980339884758,0.009968393482267857
269,0.020262617617845535,0.013880115002393723
270,0.048760950565338135,0.01401996798813343
271,0.04704657942056656,0.0039458624087274075
272,0.035497572273015976,0.012024642899632454
273,0.01808255910873413,0.004540661815553904
274,0.0506417453289032,0.011143566109240055
275,0.06064815819263458,0.016103021800518036
276,0.05315069854259491,0.006475239526480436
277,0.046792350709438324,0.006017138250172138
278,0.05585417523980141,0.009773824363946915
279,0.05242376774549484,0.002608833834528923
280,0.06241701543331146,0.003710539545863867
281,0.07724408805370331,0.004640973173081875
282,0.13038967549800873,0.008116456679999828
283,0.03841305896639824,0.011251263320446014
284,0.057458214461803436,0.005894625559449196
285,0.06335171312093735,0.013946281746029854
286,0.041866034269332886,0.005823853891342878
287,0.05301125347614288,0.008717717602849007
288,0.06819989532232285,0.010348913259804249
289,0.011211411096155643,0.006177188828587532
290,0.041946522891521454,0.002917986363172531
291,0.022593965753912926,0.006337303202599287
292,0.025199618190526962,0.004316292703151703
293,0.06696228682994843,0.009887189604341984
294,0.06798150390386581,0.013598170131444931
295,0.03259452432394028,0.008246183395385742
296,0.09737993031740189,0.005618441849946976
297,0.06075327470898628,0.002741351258009672
298,0.028343424201011658,0.006634902209043503
299,0.0722210556268692,0.008894388563930988
300,0.08450180292129517,0.01626625284552574
301,0.019654711708426476,0.006177803501486778
302,0.07136842608451843,0.011174285784363747
303,0.0804736465215683,0.019834833219647408
304,0.01598493754863739,0.009285916574299335
305,0.03373890742659569,0.010747659020125866
306,0.033672358840703964,0.0063140857964754105
307,0.025875290855765343,0.016316048800945282
308,0.03969535231590271,0.01084933988749981
309,0.05736102908849716,0.013648697175085545
310,0.028662826865911484,0.013136222958564758
311,0.04459003359079361,0.004146896302700043
312,0.0627836212515831,0.012491689994931221
313,0.032262638211250305,0.015803325921297073
314,0.030098505318164825,0.02369602955877781
315,0.04358399286866188,0.0022298144176602364
316,0.05873195081949234,0.007039012853056192
317,0.10482233762741089,0.004786131903529167
318,0.054952703416347504,0.02304103597998619
319,0.07207011431455612,0.008997886441648006
320,0.07738279551267624,0.014445463195443153
321,0.14806528389453888,0.07039251923561096
322,0.060606613755226135,0.0037069995887577534
323,0.023589495569467545,0.008432919159531593
324,0.07065262645483017,0.016064312309026718
325,0.03556111454963684,0.003732184413820505
326,0.016153115779161453,0.004706835374236107
327,0.08039259910583496,0.007981624454259872
328,0.07908235490322113,0.0053772213868796825
329,0.05361449718475342,0.015306621789932251
330,0.04217560589313507,0.008797465823590755
331,0.02570892870426178,0.009439005516469479
332,0.05496982857584953,0.002924991073086858
333,0.05132754147052765,0.00698029063642025
334,0.032763972878456116,0.004483013413846493
335,0.01992218755185604,0.0177305880934
336,0.04028279334306717,0.008756864815950394
337,0.10245078802108765,0.003418761771172285
338,0.014249949716031551,0.0010565673001110554
339,0.043628349900245667,0.005564194172620773
340,0.06853435933589935,0.008011159487068653
341,0.1489485502243042,0.01831026002764702
342,0.06891263276338577,0.008238482289016247
343,0.052143581211566925,0.0353800430893898
344,0.0489070862531662,0.007666288409382105
345,0.021251484751701355,0.005150664132088423
346,0.03775183856487274,0.0040266141295433044
347,0.05841081961989403,0.016851773485541344
348,0.06304675340652466,0.00880563072860241
349,0.2639269232749939,0.03265354037284851
350,0.13022519648075104,0.031874481588602066
351,0.08255162090063095,0.010205252096056938
352,0.023669488728046417,0.006287354044616222
353,0.016670849174261093,0.004623155575245619
354,0.09679505228996277,0.006226763129234314
355,0.03746027871966362,0.013367733918130398
356,0.0398225262761116,0.010352388955652714
357,0.09622825682163239,0.06095648556947708
358,0.0594845786690712,0.007530612871050835
359,0.04692741110920906,0.010128457099199295
360,0.04233769699931145,0.008002710528671741
361,0.04577988386154175,0.007276126183569431
362,0.028784360736608505,0.009186807088553905
363,0.06275106966495514,0.007137373089790344
364,0.02016492933034897,0.01389313954859972
365,0.07727238535881042,0.010175997391343117
366,0.005722358822822571,0.008653337135910988
367,0.061934731900691986,0.0043039750307798386
368,0.03078693524003029,0.009156684391200542
369,0.21752217411994934,0.004183922428637743
370,0.07935279607772827,0.003390747355297208
371,0.056688953191041946,0.006001756526529789
372,0.047564201056957245,0.011966750025749207
373,0.09205510467290878,0.027070077136158943
374,0.037487152963876724,0.018549032509326935
375,0.028964947909116745,0.0105613823980093
376,0.04724681377410889,0.01884189061820507
377,0.06836842000484467,0.0023940932005643845
378,0.016717251390218735,0.00842131394892931
379,0.08447901904582977,0.014078586362302303
380,0.05820588767528534,0.014414780773222446
381,0.018989335745573044,0.004808718338608742
382,0.04627261310815811,0.01685631275177002
383,0.06592818349599838,0.006257782690227032
384,0.02124725840985775,0.004117433913052082
385,0.07122348248958588,0.012460600584745407
386,0.09419942647218704,0.0038053123280406
387,0.0717480331659317,0.0468883141875267
388,0.06386268883943558,0.009796302765607834
389,0.030162684619426727,0.005890149623155594
390,0.14933796226978302,0.012925260700285435
391,0.12440113723278046,0.010961162857711315
392,0.08906057476997375,0.007752738427370787
393,0.03996860980987549,0.005615105386823416
394,0.10246524214744568,0.006228203885257244
395,0.05298757180571556,0.013163810595870018
396,0.059961214661598206,0.03103846311569214
397,0.21284689009189606,0.028854835778474808
398,0.12301097065210342,0.005927882622927427
399,0.06114296615123749,0.018536509945988655
400,0.05021629482507706,0.011966060847043991
401,0.03151040896773338,0.010403556749224663
402,0.1062127873301506,0.005194326397031546
403,0.04794538393616676,0.0062183113768696785
404,0.03167007118463516,0.014906460419297218
405,0.014100788161158562,0.00878649577498436
406,0.11842211335897446,0.022057829424738884
407,0.029729757457971573,0.005335723981261253
408,0.034619174897670746,0.005291289184242487
409,0.04806135594844818,0.006657477002590895
410,0.018078165128827095,0.0050026834942400455
411,0.03777214512228966,0.01724887266755104
412,0.019276538863778114,0.0075163464061915874
413,0.06400434672832489,0.01289922371506691
414,0.045907046645879745,0.009811320342123508
415,0.047775641083717346,0.005305814556777477
416,0.0996679961681366,0.018334584310650826
417,0.08785302937030792,0.014811404049396515
418,0.11830761283636093,0.009664639830589294
419,0.019868936389684677,0.007419899106025696
420,0.10509155690670013,0.015952832996845245
421,0.06124696508049965,0.012956202030181885
422,0.061617638915777206,0.007248862646520138
423,0.05062107741832733,0.003821044694632292
424,0.02665669471025467,0.013224104419350624
425,0.015165142714977264,0.00788583792746067
426,0.02259589545428753,0.01011198852211237
427,0.03590618073940277,0.011664268560707569
428,0.032796572893857956,0.015365867875516415
429,0.10184691846370697,0.010706246830523014
430,0.1489182412624359,0.06180867552757263
431,0.033951785415410995,0.03503350168466568
432,0.06462274491786957,0.0043463027104735374
433,0.06422950327396393,0.014622623100876808
434,0.018540259450674057,0.012132682837545872
435,0.07386000454425812,0.007658176124095917
436,0.022538747638463974,0.008194987662136555
437,0.0732065886259079,0.022115174680948257
438,0.1823197901248932,0.003545949701219797
439,0.033337581902742386,0.014922006987035275
440,0.04104674607515335,0.005074777640402317
441,0.05125172808766365,0.013148143887519836
442,0.03149246424436569,0.008693311363458633
443,0.07276682555675507,0.003716332372277975
444,0.0475861057639122,0.0013665211154147983
445,0.011337515898048878,0.012576882727444172
446,0.06057988107204437,0.010931392200291157
447,0.06897194683551788,0.03200235217809677
448,0.017369277775287628,0.014624846167862415
449,0.060842279344797134,0.013264443725347519
450,0.11944352090358734,0.004176921211183071
451,0.08997791260480881,0.00379006564617157
452,0.03361852094531059,0.008527068421244621
453,0.01616567373275757,0.00962912943214178
454,0.04585457965731621,0.0038408811669796705
455,0.014323667623102665,0.00434056855738163
456,0.05668891593813896,0.0025480908807367086
457,0.06820978224277496,0.002052438212558627
458,0.04914923757314682,0.0031257865484803915
459,0.033539067953825,0.0034388939384371042
460,0.03570075333118439,0.010357915423810482
461,0.047481976449489594,0.008864921517670155
462,0.042929790914058685,0.005044805351644754
463,0.02095302939414978,0.005571859888732433
464,0.023577170446515083,0.006431751884520054
465,0.10501281172037125,0.004700178746134043
466,0.03181774914264679,0.003217109711840749
467,0.04713302478194237,0.007025331724435091
468,0.08640735596418381,0.007933313958346844
469,0.11028742790222168,0.010208917781710625
470,0.06624201685190201,0.014316681772470474
471,0.0248810313642025,0.010467540472745895
472,0.0708630308508873,0.0046193222515285015
473,0.0636681467294693,0.016444573178887367
474,0.1439395248889923,0.03012794256210327
475,0.06336337327957153,0.004676119424402714
476,0.06495028734207153,0.0029620558489114046
477,0.1404419243335724,0.005075286142528057
478,0.05339718237519264,0.01843203417956829
479,0.15456856787204742,0.007437148597091436
480,0.11547763645648956,0.009414372965693474
481,0.1522270143032074,0.0055987657979130745
482,0.061988167464733124,0.0187245924025774
483,0.03812865912914276,0.004573837388306856
484,0.04091063141822815,0.009637860581278801
485,0.026625370606780052,0.012578321620821953
486,0.08256945013999939,0.007611357606947422
487,0.05895759165287018,0.007377583999186754
488,0.029646683484315872,0.009824853390455246
489,0.029317475855350494,0.0033941662404686213
490,0.08652365207672119,0.018219314515590668
491,0.06000475212931633,0.0031495634466409683
492,0.010990076698362827,0.0044313152320683
493,0.06323639303445816,0.011129431426525116
494,0.0420452356338501,0.012817034497857094
495,0.06115346774458885,0.010378795675933361
496,0.022037243470549583,0.005252940580248833
497,0.06150062009692192,0.004125973675400019
498,0.00904339924454689,0.0028518184553831816
499,0.02334550954401493,0.009515595622360706
500,0.03013356402516365,0.016193049028515816
501,0.03040701150894165,0.007623746525496244
502,0.03254284709692001,0.005383630748838186
503,0.03638022020459175,0.012487552128732204
504,0.011306002736091614,0.0076755015179514885
505,0.11852910369634628,0.006588877644389868
506,0.07990340143442154,0.019579049199819565
507,0.037227023392915726,0.004487528931349516
508,0.04883348196744919,0.004437118303030729
509,0.08218507468700409,0.0075391363352537155
510,0.05151405930519104,0.020988479256629944
511,0.0297374427318573,0.009760996326804161
512,0.07873360067605972,0.018158312886953354
513,0.10201546549797058,0.023074356839060783
514,0.07783070206642151,0.007275329902768135
515,0.0638669803738594,0.008879607543349266
516,0.07305619865655899,0.011941194534301758
517,0.21331682801246643,0.012186968699097633
518,0.30805957317352295,0.022741137072443962
519,0.0447806753218174,0.01791987754404545
520,0.04834524169564247,0.005465144291520119
521,0.23516206443309784,0.01382664404809475
522,0.0756438672542572,0.005332194734364748
523,0.0337398461997509,0.010266512632369995
524,0.03447822481393814,0.017753826454281807
525,0.07628778368234634,0.004829450976103544
526,0.02722403034567833,0.0067229499109089375
527,0.01535223051905632,0.006307397503405809
528,0.1366412341594696,0.003670918755233288
529,0.03416963666677475,0.009482773952186108
530,0.05544643849134445,0.0020537367090582848
531,0.023740669712424278,0.003354765009135008
532,0.07379419356584549,0.0021795674692839384
533,0.04973694309592247,0.015387939289212227
534,0.06525867432355881,0.0038063600659370422
535,0.08464063704013824,0.013656010851264
536,0.02097506634891033,0.004879188258200884
537,0.01751803234219551,0.002668624510988593
538,0.03505943343043327,0.010342133231461048
539,0.020680833607912064,0.002725068712607026
540,0.016934720799326897,0.00640435516834259
541,0.038922496140003204,0.01159541867673397
542,0.02192635089159012,0.006528830621391535
543,0.05387295037508011,0.013002767227590084
544,0.05031896382570267,0.008768036961555481
545,0.09910853207111359,0.010005638003349304
546,0.07436281442642212,0.01617756113409996
547,0.07599560916423798,0.02831289917230606
548,0.02712905779480934,0.01149759441614151
549,0.16473804414272308,0.01940121129155159
550,0.057853952050209045,0.010818065144121647
551,0.062313757836818695,0.008558155037462711
552,0.08129649609327316,0.015168382786214352
553,0.07578206807374954,0.00996195524930954
554,0.1034354567527771,0.07100916653871536
555,0.04822976887226105,0.01826636865735054
556,0.06756085157394409,0.008001753129065037
557,0.07216304540634155,0.013801343739032745
558,0.11077284067869186,0.007860270328819752
559,0.039378561079502106,0.0132835628464818
560,0.020431309938430786,0.007085269782692194
561,0.062229227274656296,0.005430117715150118
562,0.019967107102274895,0.004707700107246637
563,0.04231870174407959,0.020499149337410927
564,0.10433358699083328,0.00956356804817915
565,0.010914796032011509,0.008219676092267036
566,0.022406551986932755,0.009656880050897598
567,0.05933583527803421,0.0013715840177610517
568,0.027430817484855652,0.004411112982779741
569,0.03160451352596283,0.005616504233330488
570,0.04546523466706276,0.005164876580238342
571,0.010879600420594215,0.003215089440345764
572,0.021235857158899307,0.006932991556823254
573,0.02452198788523674,0.01088007353246212
574,0.04327397793531418,0.007909651845693588
575,0.04063333198428154,0.01563170738518238
576,0.0263223834335804,0.007694881409406662
577,0.01953241229057312,0.008459826000034809
578,0.0363658145070076,0.008108390495181084
579,0.1288478821516037,0.004789581522345543
580,0.044682376086711884,0.0037091346457600594
581,0.039267804473638535,0.0044059776701033115
582,0.07159276306629181,0.0033786853309720755
583,0.017283707857131958,0.0049808574840426445
584,0.00973648950457573,0.009791860356926918
585,0.049680065363645554,0.012705273926258087
586,0.07375410199165344,0.002856360049918294
587,0.08934973180294037,0.00899451319128275
588,0.056142136454582214,0.0030199836473912
589,0.03968092426657677,0.004207337275147438
590,0.036075640469789505,0.013022344559431076
591,0.1415705680847168,0.017063546925783157
592,0.06126242130994797,0.012297004461288452
593,0.06613044440746307,0.004673896357417107
594,0.04749518260359764,0.006771714426577091
595,0.03745872527360916,0.0022767772898077965
596,0.015834646299481392,0.01759296841919422
597,0.039929140359163284,0.008299045264720917
598,0.08412466198205948,0.010917315259575844
599,0.07943771779537201,0.019425656646490097
600,0.1011485755443573,0.011480691842734814
601,0.04452978074550629,0.015982136130332947
602,0.059699468314647675,0.005736842751502991
603,0.07646137475967407,0.005788102280348539
604,0.05048271641135216,0.011596321128308773
605,0.055641643702983856,0.0008707430679351091
606,0.03999253734946251,0.006367729045450687
607,0.04733199626207352,0.006878593936562538
608,0.07003475725650787,0.0202347282320261
609,0.14350005984306335,0.021606549620628357
610,0.06504005193710327,0.0060600824654102325
611,0.014556355774402618,0.00674404064193368
612,0.03609810769557953,0.009942034259438515
613,0.015583650209009647,0.007133175618946552
614,0.04195598512887955,0.011996990069746971
615,0.03499532863497734,0.0026564307045191526
616,0.027778226882219315,0.00890111830085516
617,0.03250648453831673,0.004458470270037651
618,0.07582058012485504,0.003674356732517481
619,0.03719897195696831,0.012201384641230106
620,0.023073144257068634,0.009722978807985783
621,0.06783169507980347,0.011141504161059856
622,0.04813234508037567,0.008160408586263657
623,0.048990413546562195,0.0015023027081042528
624,0.037184976041316986,0.011786128394305706
625,0.017921175807714462,0.004037162289023399
626,0.05849882960319519,0.016781695187091827
627,0.0355706624686718,0.008623426780104637
628,0.03738159313797951,0.0027032990474253893
629,0.10131076723337173,0.014773942530155182
630,0.09830605983734131,0.019306203350424767
631,0.03404814004898071,0.0066213300451636314
632,0.015593213960528374,0.009715074673295021
633,0.03775932267308235,0.00438435934484005
634,0.033376630395650864,0.012899436056613922
635,0.05526433512568474,0.01897132396697998
636,0.0969947800040245,0.005616608075797558
637,0.015647387132048607,0.006177820265293121
638,0.028097841888666153,0.005763904191553593
639,0.07362831383943558,0.003226853208616376
640,0.06705630570650101,0.017382392659783363
641,0.08327552676200867,0.0029575403314083815
642,0.06567630171775818,0.015994170680642128
643,0.051676467061042786,0.01982392743229866
644,0.08107919991016388,0.021451707929372787
645,0.09979049861431122,0.025643182918429375
646,0.025423072278499603,0.004549103323370218
647,0.036636833101511,0.0055051883682608604
648,0.0412568673491478,0.004165980499237776
649,0.07908693701028824,0.021853670477867126
650,0.09403955936431885,0.006632909644395113
651,0.12667982280254364,0.0098589938133955
652,0.04720703512430191,0.015410860069096088
653,0.02483062818646431,0.01225781999528408
654,0.07995376735925674,0.003936911001801491
655,0.050864171236753464,0.008917619474232197
656,0.020260633900761604,0.008345776237547398
657,0.07392628490924835,0.006720684468746185
658,0.08165857940912247,0.0034691360779106617
659,0.03186362609267235,0.007638577371835709
660,0.0797169879078865,0.014247951097786427
661,0.050911396741867065,0.011225718073546886
662,0.025538288056850433,0.003838473465293646
663,0.06466252356767654,0.007249142043292522
664,0.031681276857852936,0.009126290678977966
665,0.02486453577876091,0.004724438302218914
666,0.04266902804374695,0.005635201930999756
667,0.031062521040439606,0.002654948038980365
668,0.017893854528665543,0.011315030045807362
669,0.0349641814827919,0.012116406112909317
670,0.06016005948185921,0.0037336302921175957
671,0.2190430462360382,0.0060955313965678215
672,0.5680121779441833,0.04959765449166298
673,0.04509744420647621,0.00562918558716774
674,0.10521265864372253,0.006548434961587191
675,0.07316067814826965,0.019513949751853943
676,0.032574739307165146,0.012829335406422615
677,0.026858791708946228,0.014328140765428543
678,0.0893133357167244,0.02714141272008419
679,0.04046272858977318,0.02674698643386364
680,0.04015691578388214,0.00275042443536222
681,0.020338566973805428,0.009137640707194805
682,0.02361353486776352,0.019023003056645393
683,0.06825452297925949,0.03014659881591797
684,0.05962744727730751,0.011081863194704056
685,0.09857843816280365,0.08743176609277725
686,0.1583101451396942,0.07080300152301788
687,0.06239127740263939,0.00400110799819231
688,0.11402634531259537,0.017819903790950775
689,0.11109891533851624,0.028205862268805504
690,0.11678863316774368,0.015544692985713482
691,0.050302956253290176,0.003179181134328246
692,0.06209469959139824,0.011100322008132935
693,0.035904042422771454,0.002656633500009775
694,0.03888333961367607,0.00404247036203742
695,0.09243763983249664,0.006866839714348316
696,0.020254774019122124,0.0082858856767416
697,0.04564088210463524,0.011526067741215229
698,0.04777538776397705,0.006276780739426613
699,0.024252641946077347,0.02870858833193779
700,0.018995128571987152,0.0043801311403512955
701,0.0361199676990509,0.00628810515627265
702,0.01758895441889763,0.005517533514648676
703,0.02616751194000244,0.0031163038220256567
704,0.08311396837234497,0.020827841013669968
705,0.05363807827234268,0.02045864798128605
706,0.06984128057956696,0.010476606898009777
707,0.053755976259708405,0.013231156393885612
708,0.08826855570077896,0.015577204525470734
709,0.047198180109262466,0.003999999258667231
710,0.047845788300037384,0.0032120593823492527
711,0.008581258356571198,0.005304753314703703
712,0.03398654982447624,0.0033860497642308474
713,0.04359334707260132,0.00745146069675684
714,0.054768286645412445,0.003900189185515046
715,0.19404062628746033,0.014103403314948082
716,0.016740906983613968,0.01697324588894844
717,0.03225713223218918,0.009652365930378437
718,0.06641355901956558,0.008662096224725246
719,0.07478992640972137,0.007995071820914745
720,0.06275195628404617,0.005573062226176262
721,0.04228680208325386,0.04156913235783577
722,0.04498891159892082,0.016251837834715843
723,0.06608617305755615,0.004894787445664406
724,0.049601681530475616,0.011381994932889938
725,0.10149598121643066,0.021753428503870964
726,0.36674225330352783,0.2786363363265991
727,0.1841406524181366,0.09886819869279861
728,0.13769108057022095,0.12473321706056595
729,0.14497430622577667,0.07372544705867767
730,0.13861067593097687,0.016103561967611313
731,0.17302298545837402,0.029583299532532692
732,0.1634232997894287,0.018952496349811554
733,0.1558898687362671,0.021356675773859024
734,0.041591133922338486,0.022188261151313782
735,0.015722064301371574,0.025214282795786858
736,0.03655270114541054,0.020459948107600212
737,0.04553234949707985,0.03379349410533905
738,0.02592465467751026,0.0050149941816926
739,0.0374610535800457,0.010593365877866745
740,0.06744296848773956,0.003726980648934841
741,0.055908530950546265,0.010526761412620544
742,0.05666537582874298,0.006978471297770739
743,0.07112652063369751,0.006346354726701975
744,0.019694866612553596,0.012438137084245682
745,0.055597852915525436,0.00593293784186244
746,0.0299085546284914,0.002587192691862583
747,0.02439051866531372,0.015751531347632408
748,0.03703415393829346,0.006653718184679747
749,0.08471299707889557,0.01258479617536068
750,0.03813231736421585,0.01500934548676014
751,0.036025650799274445,0.0049799648113548756
752,0.07917486131191254,0.00816668476909399
753,0.023127879947423935,0.009777886793017387
754,0.045616138726472855,0.003801089944317937
755,0.054947379976511,0.002193584805354476
756,0.04020262137055397,0.0012480682926252484
757,0.031490765511989594,0.005917786620557308
758,0.1340092420578003,0.013925897888839245
759,0.05280645191669464,0.009024066850543022
760,0.05325387418270111,0.004482847638428211
761,0.028794899582862854,0.009317271411418915
762,0.04156293720006943,0.013067081570625305
763,0.036311063915491104,0.014245301485061646
764,0.014458125457167625,0.0017273942939937115
765,0.04142347723245621,0.018637804314494133
766,0.02938540279865265,0.017266523092985153
767,0.03784749656915665,0.010289555415511131
768,0.11844556033611298,0.0068226284347474575
769,0.09975462406873703,0.01775861531496048
770,0.0635676234960556,0.019466349855065346
771,0.08087766170501709,0.009558798745274544
772,0.05995941907167435,0.0075924815610051155
773,0.18055303394794464,0.020683903247117996
774,0.05883331596851349,0.012061867862939835
775,0.13144958019256592,0.03814246878027916
776,0.05671848729252815,0.02808387577533722
777,0.06308610737323761,0.011262108571827412
778,0.08699570596218109,0.004801178351044655
779,0.11764423549175262,0.01083223707973957
780,0.041070837527513504,0.005894857924431562
781,0.04947586730122566,0.014261511154472828
782,0.016250992193818092,0.009898513555526733
783,0.03307471051812172,0.0034070333931595087
784,0.01578841544687748,0.009549546986818314
785,0.05976750701665878,0.0017244963673874736
786,0.009333235211670399,0.010008156299591064
787,0.020954115316271782,0.004147129133343697
788,0.013883745297789574,0.014570090919733047
789,0.02381925657391548,0.0012102513574063778
790,0.04138747602701187,0.01170896366238594
791,0.006056028418242931,0.010811296291649342
792,0.05933643877506256,0.024184588342905045
793,0.08585259318351746,0.01284779142588377
794,0.06829492002725601,0.0032579449471086264
795,0.01997225359082222,0.005729737225919962
796,0.04927337169647217,0.006226534955203533
797,0.0331709086894989,0.007654733024537563
798,0.015521381050348282,0.01003297884017229
799,0.023035194724798203,0.002022284548729658
800,0.06228630244731903,0.0072203571908175945
801,0.04485053941607475,0.02575698494911194
802,0.05942564085125923,0.006090689450502396
803,0.11480411887168884,0.0037254104390740395
804,0.1027262881398201,0.002798889297991991
805,0.04182088002562523,0.011235888116061687
806,0.05810602381825447,0.020633745938539505
807,0.04850389435887337,0.011272548697888851
808,0.03153465315699577,0.011054927483201027
809,0.037572868168354034,0.005710515193641186
810,0.07886771112680435,0.023221291601657867
811,0.06256940960884094,0.012608438730239868
812,0.031659699976444244,0.011730952188372612
813,0.03277170658111572,0.009583600796759129
814,0.08916983753442764,0.009347382932901382
815,0.0770517960190773,0.01908065378665924
816,0.06599082052707672,0.006727288477122784
817,0.13471388816833496,0.013529030606150627
818,0.013676732778549194,0.011545538902282715
819,0.08656197041273117,0.016142964363098145
820,0.09874314069747925,0.007514577824622393
821,0.06428069621324539,0.004159510135650635
822,0.05408007651567459,0.006245947442948818
823,0.05589805543422699,0.0209492314606905
824,0.021623697131872177,0.012103239074349403
825,0.017207760363817215,0.008518300019204617
826,0.059455983340740204,0.006222202908247709
827,0.04316578060388565,0.011554468423128128
828,0.09844839572906494,0.008385652676224709
829,0.03624125197529793,0.014834856614470482
830,0.030775833874940872,0.003314791014418006
831,0.05830943211913109,0.0015896738041192293
832,0.04058656841516495,0.0053697023540735245
833,0.04137053340673447,0.00803944282233715
834,0.05501506105065346,0.005668953061103821
835,0.0659104734659195,0.004775780253112316
836,0.07948268949985504,0.003463737666606903
837,0.04862365126609802,0.016026683151721954
838,0.03952092304825783,0.009008589200675488
839,0.03351627290248871,0.011270856484770775
840,0.021956391632556915,0.005047868005931377
841,0.06099134683609009,0.010700521059334278
842,0.08651518821716309,0.003463172120973468
843,0.10516562312841415,0.02476685494184494
844,0.049890562891960144,0.027323713526129723
845,0.09056004881858826,0.01078193262219429
846,0.05379839241504669,0.00953392218798399
847,0.015526685863733292,0.012817001901566982
848,0.02481970377266407,0.01086526270955801
849,0.08519911020994186,0.010563081130385399
850,0.08390659838914871,0.0049273003824055195
851,0.04352070391178131,0.0007676605018787086
852,0.07694336026906967,0.008568020537495613
853,0.024238666519522667,0.002802743576467037
854,0.031038235872983932,0.010773022659122944
855,0.19777452945709229,0.02199365198612213
856,0.04886060953140259,0.02025068923830986
857,0.02458881586790085,0.013718982227146626
858,0.06284919381141663,0.006190228275954723
859,0.1568116843700409,0.012903204187750816
860,0.0748903900384903,0.006274103652685881
861,0.0528528057038784,0.010817566886544228
862,0.12149477005004883,0.010168548673391342
863,0.06353713572025299,0.011569286696612835
864,0.11943577229976654,0.03457384556531906
865,0.05654412508010864,0.04850569739937782
866,0.031090427190065384,0.002825116505846381
867,0.039294809103012085,0.042372576892375946
868,0.013609174638986588,0.0034579914063215256
869,0.030381307005882263,0.010007373057305813
870,0.04046633839607239,0.008474365808069706
871,0.024609405547380447,0.004674757830798626
872,0.16073670983314514,0.003463225904852152
873,0.10040270537137985,0.007837504148483276
874,0.048570454120635986,0.01791883446276188
875,0.017412591725587845,0.009041927754878998
876,0.030916448682546616,0.018381662666797638
877,0.06300079077482224,0.003708628239110112
878,0.024560771882534027,0.008821675553917885
879,0.040558233857154846,0.006949552800506353
880,0.03391430526971817,0.008599014952778816
881,0.07491409033536911,0.014366516843438148
882,0.032713890075683594,0.02086590602993965
883,0.14396491646766663,0.01404564455151558
884,0.07337605208158493,0.007133033592253923
885,0.017157096415758133,0.00488098943606019
886,0.03358365222811699,0.002620163606479764
887,0.02023189887404442,0.006194417364895344
888,0.016459928825497627,0.011443336494266987
889,0.031066350638866425,0.009457468055188656
890,0.01758333295583725,0.008386115543544292
891,0.033520735800266266,0.0052303168922662735
892,0.043607570230960846,0.00649363175034523
893,0.09489042311906815,0.018285850062966347
894,0.1956658959388733,0.013492478057742119
895,0.13967129588127136,0.010790888220071793
896,0.05108167231082916,0.003972270525991917
897,0.030693016946315765,0.008007936179637909
898,0.033656395971775055,0.003786599962040782
899,0.027774740010499954,0.008298194967210293
900,0.03335355222225189,0.007032671943306923
901,0.10008887946605682,0.01971309259533882
902,0.19721035659313202,0.11581198871135712
903,0.03931456431746483,0.012649315409362316
904,0.0631282776594162,0.007214689627289772
905,0.1217285618185997,0.005880534648895264
906,0.016961483284831047,0.02437538467347622
907,0.06672699749469757,0.010901354253292084
908,0.15226773917675018,0.0066910190507769585
909,0.009285340085625648,0.002517107641324401
910,0.061861876398324966,0.006007132586091757
911,0.07446841895580292,0.010012924671173096
912,0.048684824258089066,0.00314846308901906
913,0.03022284433245659,0.004187458660453558
914,0.1111934632062912,0.006902806460857391
915,0.058779485523700714,0.021380584686994553
916,0.03519509732723236,0.005122385919094086
917,0.06693851947784424,0.0046276794746518135
918,0.04239848628640175,0.008908159099519253
919,0.04248834028840065,0.046751126646995544
920,0.04662954807281494,0.017875326797366142
921,0.015598343685269356,0.009817080572247505
922,0.05311413109302521,0.004055821802467108
923,0.05426841229200363,0.006055413745343685
924,0.025926394388079643,0.004208752885460854
925,0.043373968452215195,0.01764095202088356
926,0.1500084102153778,0.009718911722302437
927,0.039142850786447525,0.005744087044149637
928,0.017449546605348587,0.01459659542888403
929,0.0513872466981411,0.012269723229110241
930,0.06966215372085571,0.010263539850711823
931,0.06314828991889954,0.009554991498589516
932,0.01223377138376236,0.015395006164908409
933,0.04809069260954857,0.01064327172935009
934,0.053543973714113235,0.03866444528102875
935,0.05503540113568306,0.0023482455871999264
936,0.02525152824819088,0.006504653487354517
937,0.04651030898094177,0.005987660028040409
938,0.04738476872444153,0.028125161305069923
939,0.011897879652678967,0.006986417807638645
940,0.02278490550816059,0.021082110702991486
941,0.06423167884349823,0.01450861245393753
942,0.030638335272669792,0.010142356157302856
943,0.015041537582874298,0.005531908944249153
944,0.05069919675588608,0.009081726893782616
945,0.180292546749115,0.024437304586172104
946,0.041920263320207596,0.010193421505391598
947,0.02988263964653015,0.010185249149799347
948,0.04102810472249985,0.008463923819363117
949,0.03002442792057991,0.02651713415980339
950,0.04957875236868858,0.012425247579813004
951,0.12906497716903687,0.027706900611519814
952,0.08862579613924026,0.013790185563266277
953,0.03774155303835869,0.007173046004027128
954,0.06475561112165451,0.0027571762911975384
955,0.07380245625972748,0.01240386813879013
956,0.027427488937973976,0.006900506094098091
957,0.029873603954911232,0.0063009546138346195
958,0.04004655405879021,0.009354721754789352
959,0.027191709727048874,0.00514021422713995
960,0.04615204781293869,0.028721477836370468
961,0.07231449335813522,0.012964503839612007
962,0.08465290069580078,0.009962842799723148
963,0.06984587013721466,0.0087130693718791
964,0.040564678609371185,0.010176379233598709
965,0.045751359313726425,0.010278462432324886
966,0.026773300021886826,0.010757405310869217
967,0.09764956682920456,0.004386590793728828
968,0.12181125581264496,0.014274703338742256
969,0.06937956064939499,0.007773947436362505
970,0.014130247756838799,0.004294723272323608
971,0.0259716734290123,0.0042745028622448444
972,0.03870552033185959,0.020658161491155624
973,0.04508494585752487,0.007623514160513878
974,0.021471334621310234,0.01206296868622303
975,0.07850003987550735,0.003740395652130246
976,0.050987377762794495,0.007683292031288147
977,0.031249573454260826,0.014107685536146164
978,0.04538257047533989,0.0015467035118490458
979,0.05787631496787071,0.002343009226024151
980,0.06242626905441284,0.0050970520824193954
981,0.026555074378848076,0.005835427436977625
982,0.06094759702682495,0.003934945445507765
983,0.03737771138548851,0.017776615917682648
984,0.02424713224172592,0.00508335093036294
985,0.028940243646502495,0.004636526107788086
986,0.04692620784044266,0.01095250342041254
987,0.11198795586824417,0.015605649910867214
988,0.0965363159775734,0.020001787692308426
989,0.035361312329769135,0.01048277411609888
990,0.07491950690746307,0.004453128203749657
991,0.039603885263204575,0.0043183304369449615
992,0.057975929230451584,0.002957712858915329
993,0.06546218693256378,0.00890843290835619
994,0.13896043598651886,0.01508604921400547
995,0.01585914008319378,0.005948259495198727
996,0.034839168190956116,0.010462505742907524
997,0.14923095703125,0.007259026635438204
998,0.06080392748117447,0.0121476911008358
999,0.07295511662960052,0.013711085543036461
1000,0.028010763227939606,0.009555542841553688
1001,0.048536717891693115,0.00721123069524765
1002,0.04179045930504799,0.002681810175999999
1003,0.07165895402431488,0.004674368072301149
1004,0.07745058834552765,0.00698514748364687
1005,0.05008872225880623,0.0034558256156742573
1006,0.14168059825897217,0.04186493158340454
1007,0.06069851294159889,0.014499451965093613
1008,0.031375233083963394,0.005702614784240723
1009,0.03206610307097435,0.012458021752536297
1010,0.08636310696601868,0.013676355592906475
1011,0.07437502592802048,0.0054277582094073296
1012,0.04580705612897873,0.0043503521010279655
1013,0.01864704303443432,0.009526615962386131
1014,0.1099240630865097,0.026462150737643242
1015,0.04276178032159805,0.0061386567540466785
1016,0.05056900903582573,0.0031102693174034357
1017,0.0556798055768013,0.012598911300301552
1018,0.06272194534540176,0.007809016853570938
1019,0.048611193895339966,0.009625217877328396
1020,0.08188413828611374,0.007710720412433147
1021,0.039592523127794266,0.013508534990251064
1022,0.02292543463408947,0.002916590077802539
1023,0.026704244315624237,0.006627771537750959
1024,0.030179303139448166,0.0034823042806237936
1025,0.04122311994433403,0.0037212856113910675
1026,0.0791773721575737,0.008122602477669716
1027,0.07707512378692627,0.008293160237371922
1028,0.03751276805996895,0.012032481841742992
1029,0.04244891554117203,0.016323935240507126
1030,0.034168511629104614,0.017414268106222153
1031,0.0484468974173069,0.009113684296607971
1032,0.046026088297367096,0.004459652584046125
1033,0.04974702000617981,0.0037063821218907833
1034,0.07981539517641068,0.00814870186150074
1035,0.03243723884224892,0.004812726750969887
1036,0.02361946366727352,0.014992725104093552
1037,0.07511422783136368,0.00643924530595541
1038,0.03465685248374939,0.014111563563346863
1039,0.07963942736387253,0.026943694800138474
1040,0.025719977915287018,0.0173664353787899
1041,0.030116543173789978,0.006369163282215595
1042,0.049663275480270386,0.009038562886416912
1043,0.023812144994735718,0.013012897223234177
1044,0.06516794115304947,0.01199377328157425
1045,0.08254159986972809,0.04861162230372429
1046,0.012277459725737572,0.0051705120131373405
1047,0.03379308432340622,0.009449398145079613
1048,0.018679222092032433,0.010178659111261368
1049,0.026584696024656296,0.020146455615758896
1050,0.12410019338130951,0.031660158187150955
1051,0.05692208930850029,0.019753310829401016
1052,0.08358060568571091,0.006105352658778429
1053,0.02385670319199562,0.009218567050993443
1054,0.015603593550622463,0.009337284602224827
1055,0.03638304024934769,0.00716353626921773
1056,0.023604508489370346,0.005508014932274818
1057,0.03700386732816696,0.005214720498770475
1058,0.06964761018753052,0.004354971460998058
1059,0.08629734069108963,0.0025542867369949818
1060,0.0882660523056984,0.008393530733883381
1061,0.07199487090110779,0.009449098259210587
1062,0.09561191499233246,0.011753170751035213
1063,0.01324764359742403,0.01212199218571186
1064,0.05789374187588692,0.0016998819774016738
1065,0.048908818513154984,0.00972200557589531
1066,0.061444442719221115,0.002109780441969633
1067,0.0716291293501854,0.008269036188721657
1068,0.022587034851312637,0.005516710225492716
1069,0.05736011639237404,0.0069282567128539085
1070,0.08797261118888855,0.0026648056227713823
1071,0.04332701861858368,0.007191048003733158
1072,0.048080042004585266,0.009346419014036655
1073,0.03838469460606575,0.009610248729586601
1074,0.033256661146879196,0.00817304290831089
1075,0.02380237728357315,0.006229371298104525
1076,0.01607086881995201,0.011491457931697369
1077,0.015017353929579258,0.0038293832913041115
1078,0.024786092340946198,0.004551454912871122
1079,0.05439940094947815,0.022741207852959633
1080,0.06183324381709099,0.007751718163490295
1081,0.06668294966220856,0.01494254544377327
1082,0.04106748104095459,0.008684542030096054
1083,0.02996092475950718,0.004739726893603802
1084,0.038366809487342834,0.004308702889829874
1085,0.06990893185138702,0.014573212713003159
1086,0.039785973727703094,0.0034577909391373396
1087,0.04444676637649536,0.024678103625774384
1088,0.04804835096001625,0.0019570738077163696
1089,0.10250711441040039,0.015384442172944546
1090,0.15166506171226501,0.0028461702167987823
1091,0.16070787608623505,0.026853617280721664
1092,0.06347307562828064,0.009981118142604828
1093,0.017129436135292053,0.0053858887404203415
1094,0.03188672661781311,0.008071672171354294
1095,0.04990804195404053,0.005508546717464924
1096,0.038002774119377136,0.0010569579899311066
1097,0.08342842012643814,0.008975787088274956
1098,0.08047842979431152,0.0029124419670552015
1099,0.033403538167476654,0.03459027409553528
1100,0.03387511149048805,0.007865235209465027
1101,0.04754191264510155,0.005877094343304634
1102,0.027023572474718094,0.012756305746734142
1103,0.06168688088655472,0.004867013543844223
1104,0.048904899507761,0.006138899829238653
1105,0.0265719722956419,0.004803392570465803
1106,0.02963920682668686,0.004056263715028763
1107,0.06392629444599152,0.009364409372210503
1108,0.045409299433231354,0.01249707117676735
1109,0.023030664771795273,0.010287116281688213
1110,0.02047266811132431,0.00982616189867258
1111,0.04939504712820053,0.004061000421643257
1112,0.0221610926091671,0.01978486217558384
1113,0.038425423204898834,0.009862327016890049
1114,0.032179031521081924,0.010854003950953484
1115,0.10025358200073242,0.0080365389585495
1116,0.032336559146642685,0.003480110317468643
1117,0.040636494755744934,0.005573447328060865
1118,0.0377768874168396,0.014054503291845322
1119,0.027566397562623024,0.013117324560880661
1120,0.08253808319568634,0.020326238125562668
1121,0.027087964117527008,0.004678778350353241
1122,0.0036718351766467094,0.014413656666874886
1123,0.04893188923597336,0.0054693445563316345
1124,0.013421600684523582,0.0025019273161888123
1125,0.03560955077409744,0.005065891891717911
1126,0.0598817877471447,0.008060348220169544
1127,0.029077814891934395,0.006446980871260166
1128,0.09695403277873993,0.009883319027721882
1129,0.04182388633489609,0.007139012683182955
1130,0.03456138074398041,0.006661300081759691
1131,0.03571528568863869,0.009498288854956627
1132,0.06595183163881302,0.014713224023580551
1133,0.010013203136622906,0.0033888062462210655
1134,0.026277033612132072,0.001393967540934682
1135,0.053190022706985474,0.05706410855054855
1136,0.05134616792201996,0.007056179456412792
1137,0.15471652150154114,0.004651525057852268
1138,0.07643274962902069,0.0010993379401043057
1139,0.031853120774030685,0.006228179670870304
1140,0.0842503160238266,0.01026235893368721
1141,0.03201792761683464,0.017086869105696678
1142,0.011960730887949467,0.005866468884050846
1143,0.01881852000951767,0.005828480701893568
1144,0.043140213936567307,0.00655662314966321
1145,0.04190877452492714,0.007153371814638376
1146,0.04061027243733406,0.010514426976442337
1147,0.16065561771392822,0.019452782347798347
1148,0.16773927211761475,0.018396932631731033
1149,0.08510636538267136,0.008124768733978271
1150,0.05904359370470047,0.010285308584570885
1151,0.17794269323349,0.011206609196960926
1152,0.0763578787446022,0.012475100345909595
1153,0.010615642182528973,0.001994482707232237
1154,0.016346054151654243,0.009123507887125015
1155,0.04026486724615097,0.011987440288066864
1156,0.060499511659145355,0.015687167644500732
1157,0.005888465326279402,0.0058471462689340115
1158,0.04525523632764816,0.004053342621773481
1159,0.050529882311820984,0.009989502839744091
1160,0.03481775522232056,0.008598942309617996
1161,0.008355272933840752,0.008175763301551342
1162,0.06999359279870987,0.010131297633051872
1163,0.044091854244470596,0.02120928093791008
1164,0.048098377883434296,0.0033520283177495003
1165,0.07132141292095184,0.019390137866139412
1166,0.050302859395742416,0.010132375173270702
1167,0.0777333602309227,0.010423608124256134
1168,0.03206629306077957,0.006226573139429092
1169,0.08656634390354156,0.009808164089918137
1170,0.04509951174259186,0.005448420997709036
1171,0.016866495832800865,0.004240009002387524
1172,0.0645359456539154,0.016010817140340805
1173,0.0945909395813942,0.010734202340245247
1174,0.07129044830799103,0.005760570988059044
1175,0.02054702304303646,0.0049548521637916565
1176,0.05363668501377106,0.010438621044158936
1177,0.07525727897882462,0.00731253856793046
1178,0.07013921439647675,0.016240300610661507
1179,0.04224860668182373,0.014425359666347504
1180,0.026981839910149574,0.009742137044668198
1181,0.04628676921129227,0.0120940450578928
1182,0.0489477813243866,0.004770718049257994
1183,0.08823347091674805,0.01072872243821621
1184,0.09300309419631958,0.01583910919725895
1185,0.04338354617357254,0.01533973217010498
1186,0.08984600752592087,0.010432523675262928
1187,0.03712350130081177,0.008317929692566395
1188,0.08523432910442352,0.005254862830042839
1189,0.04551767557859421,0.004807840567082167
1190,0.028880182653665543,0.02319987304508686
1191,0.02490096539258957,0.03873530030250549
1192,0.08678913861513138,0.04099908843636513
1193,0.08010879158973694,0.020585715770721436
1194,0.07410632073879242,0.0074624004773795605
1195,0.039643771946430206,0.004506411496549845
1196,0.0383104607462883,0.01010438334196806
1197,0.039979808032512665,0.007573909126222134
1198,0.053094856441020966,0.005623206961899996
1199,0.03833687677979469,0.004070143215358257
1200,0.0712866559624672,0.005448988173156977
1201,0.051188815385103226,0.004472468048334122
1202,0.08651766180992126,0.012417766265571117
1203,0.13013632595539093,0.008078951388597488
1204,0.020753350108861923,0.008108707144856453
1205,0.03542638197541237,0.004960008896887302
1206,0.05680563673377037,0.0014998706756159663
1207,0.02991032972931862,0.0038042361848056316
1208,0.03619464486837387,0.016937490552663803
1209,0.07305449992418289,0.007359412033110857
1210,0.04626445472240448,0.005555463023483753
1211,0.05539792403578758,0.002902429085224867
1212,0.06237298995256424,0.007070926018059254
1213,0.04584652930498123,0.005318494513630867
1214,0.01283535547554493,0.019589176401495934
1215,0.036798566579818726,0.009578494355082512
1216,0.023038115352392197,0.012346114963293076
1217,0.006695996038615704,0.0027782581746578217
1218,0.007352463901042938,0.006013270001858473
1219,0.03164104372262955,0.004566876217722893
1220,0.018784936517477036,0.010195637121796608
1221,0.018909433856606483,0.0055489810183644295
1222,0.02684025838971138,0.00975482165813446
1223,0.01834883540868759,0.012409829534590244
1224,0.031597886234521866,0.012296162545681
1225,0.050223011523485184,0.008194886147975922
1226,0.02688673883676529,0.00887340772897005
1227,0.037438057363033295,0.006558738648891449
1228,0.0322742685675621,0.008187185041606426
1229,0.0329107940196991,0.006387429777532816
1230,0.047749053686857224,0.015008674934506416
1231,0.018780266866087914,0.009415540844202042
1232,0.09899181872606277,0.01653524488210678
1233,0.07292142510414124,0.009970652870833874
1234,0.11999639868736267,0.012090451084077358
1235,0.02448178082704544,0.014099852181971073
1236,0.10860098153352737,0.013420024886727333
1237,0.051516395062208176,0.016201801598072052
1238,0.0215919129550457,0.026332015171647072
1239,0.05484740436077118,0.029009416699409485
1240,0.060230351984500885,0.03482986241579056
1241,0.03464850038290024,0.01113077625632286
1242,0.010179310105741024,0.006564723327755928
1243,0.040110405534505844,0.002679441124200821
1244,0.09313923865556717,0.010920215398073196
1245,0.27417778968811035,0.04174843803048134
1246,0.0958026722073555,0.0076051633805036545
1247,0.04903127998113632,0.012502718716859818
1248,0.03827429562807083,0.0153153445571661
1249,0.049976129084825516,0.006914716213941574
1250,0.037710800766944885,0.004994304850697517
1251,0.06166780740022659,0.008495550602674484
1252,0.0687645971775055,0.018362579867243767
1253,0.018454216420650482,0.010530324652791023
1254,0.007868518121540546,0.007593250367790461
1255,0.0486014261841774,0.0072778877802193165
1256,0.03056122548878193,0.009214211255311966
1257,0.05756254494190216,0.013536699116230011
1258,0.02834276296198368,0.013922663405537605
1259,0.01768961176276207,0.006030222401022911
1260,0.05477505177259445,0.0037125996313989162
1261,0.023177282884716988,0.003437365870922804
1262,0.0689462423324585,0.011728412471711636
1263,0.04801921918988228,0.004327139817178249
1264,0.05497617647051811,0.02177799865603447
1265,0.07277022302150726,0.010174967348575592
1266,0.035224590450525284,0.003982203546911478
1267,0.06487308442592621,0.006907436531037092
1268,0.03827871009707451,0.005962921306490898
1269,0.02157125622034073,0.006800557486712933
1270,0.02182072401046753,0.009067978709936142
1271,0.11496259272098541,0.009909749031066895
1272,0.05774283409118652,0.008351657539606094
1273,0.027440795674920082,0.024071456864476204
1274,0.05892505869269371,0.0058798533864319324
1275,0.01415231078863144,0.007234825287014246
1276,0.05707424879074097,0.0021375706419348717
1277,0.03584962338209152,0.01712675951421261
1278,0.026996023952960968,0.018926702439785004
1279,0.01927924156188965,0.0036555868573486805
1280,0.1367107778787613,0.015904858708381653
1281,0.13966026902198792,0.01031481008976698
1282,0.035017602145671844,0.012920853681862354
1283,0.03770508989691734,0.01039446983486414
1284,0.05020730569958687,0.008316857740283012
1285,0.07186633348464966,0.014321619644761086
1286,0.09296154975891113,0.03045685589313507
1287,0.024541258811950684,0.009560231119394302
1288,0.08032912015914917,0.011154260486364365
1289,0.09136763215065002,0.007655652705579996
1290,0.039000384509563446,0.0062705399468541145
1291,0.013704011216759682,0.0067033469676971436
1292,0.0670120120048523,0.010663296096026897
1293,0.02195143513381481,0.0032850501593202353
1294,0.023425301536917686,0.004244156647473574
1295,0.047034669667482376,0.009694065898656845
1296,0.08582546561956406,0.024845726788043976
1297,0.01464853435754776,0.007597771473228931
1298,0.054265983402729034,0.0034318119287490845
1299,0.189686119556427,0.011038348078727722
1300,0.061044223606586456,0.010843557305634022
1301,0.08401951938867569,0.0055473181419074535
1302,0.0746612697839737,0.015257997438311577
1303,0.07766466587781906,0.013733329251408577
1304,0.06000607833266258,0.0025299079716205597
1305,0.04240839555859566,0.006293740589171648
1306,0.03696046024560928,0.0049724034033715725
1307,0.07300864905118942,0.009508264251053333
1308,0.07092147320508957,0.00406068516895175
1309,0.03323734179139137,0.005737386643886566
1310,0.05651647597551346,0.014942565001547337
1311,0.06018691509962082,0.006382736377418041
1312,0.035801343619823456,0.006947826128453016
1313,0.03937547281384468,0.004763908684253693
1314,0.09250904619693756,0.005032144021242857
1315,0.033298954367637634,0.008154688403010368
1316,0.02807406336069107,0.003816391108557582
1317,0.034226223826408386,0.0035099945962429047
1318,0.02398754097521305,0.006899047642946243
1319,0.025404274463653564,0.004256139043718576
1320,0.0991881787776947,0.005002792924642563
1321,0.03466223180294037,0.006513521075248718
1322,0.08427716791629791,0.008278025314211845
1323,0.04076661914587021,0.005227801389992237
1324,0.03751758858561516,0.008962534368038177
1325,0.02575729787349701,0.0025798638816922903
1326,0.06275376677513123,0.0061745247803628445
1327,0.020231852307915688,0.005237744189798832
1328,0.04413292557001114,0.011132857762277126
1329,0.03710474073886871,0.01112190168350935
1330,0.08283810317516327,0.015079264529049397
1331,0.07874714583158493,0.020317524671554565
1332,0.09081386029720306,0.01246689073741436
1333,0.014840243384242058,0.006880438886582851
1334,0.05495840311050415,0.007370051462203264
1335,0.12400181591510773,0.052111346274614334
1336,0.025656018406152725,0.015667129307985306
1337,0.040375567972660065,0.00980900228023529
1338,0.05194098502397537,0.009239436127245426
1339,0.07503719627857208,0.007681645918637514
1340,0.05847487598657608,0.013732451014220715
1341,0.03701859712600708,0.004806571640074253
1342,0.03198843449354172,0.0038182043936103582
1343,0.07960625737905502,0.008653003722429276
1344,0.04588553309440613,0.005921349860727787
1345,0.08268842101097107,0.007207799702882767
1346,0.03731965646147728,0.006236410699784756
1347,0.02616618573665619,0.0017471410101279616
1348,0.0734357237815857,0.010147026740014553
1349,0.04879669100046158,0.008760286495089531
1350,0.02337070368230343,0.019582651555538177
1351,0.04919302091002464,0.02602386847138405
1352,0.0615047924220562,0.007621942088007927
1353,0.027413545176386833,0.008370848372578621
1354,0.07044024020433426,0.008676813915371895
1355,0.020093202590942383,0.0037392601370811462
1356,0.014606405049562454,0.0053049661219120026
1357,0.05838180333375931,0.004864255432039499
1358,0.02933124080300331,0.0074815042316913605
1359,0.0739634782075882,0.00834690872579813
1360,0.09663380682468414,0.012637682259082794
1361,0.04375530034303665,0.019767872989177704
1362,0.08330361545085907,0.007578789256513119
1363,0.07909109443426132,0.014198457822203636
1364,0.09860201925039291,0.01658768579363823
1365,0.03364894166588783,0.00732346810400486
1366,0.06903994083404541,0.0054082684218883514
1367,0.030648529529571533,0.007015815936028957
1368,0.10615654289722443,0.00981785636395216
1369,0.039919670671224594,0.009230416268110275
1370,0.08263054490089417,0.0041704243049025536
1371,0.02931971289217472,0.01430294755846262
1372,0.17802639305591583,0.012803051620721817
1373,0.09469683468341827,0.0029091225005686283
1374,0.03253212943673134,0.003653296735137701
1375,0.02935337834060192,0.004587402567267418
1376,0.015011871233582497,0.004203811287879944
1377,0.034126024693250656,0.004427867941558361
1378,0.040234241634607315,0.010565828531980515
1379,0.08465492725372314,0.0615684799849987
1380,0.048821963369846344,0.027415195479989052
1381,0.03956819698214531,0.011379646137356758
1382,0.059861600399017334,0.015472453087568283
1383,0.09538236260414124,0.00956140086054802
1384,0.06945793330669403,0.006739594973623753
1385,0.174383744597435,0.017694734036922455
1386,0.054211296141147614,0.019885970279574394
1387,0.040629107505083084,0.01934458687901497
1388,0.04167397692799568,0.028176944702863693
1389,0.1554989367723465,0.01954440027475357
1390,0.07017454504966736,0.007277242839336395
1391,0.058770038187503815,0.022875074297189713
1392,0.03867477551102638,0.008035651408135891
1393,0.0934077575802803,0.010140630416572094
1394,0.09868676960468292,0.0071515897288918495
1395,0.049804527312517166,0.011651914566755295
1396,0.019740143790841103,0.023354381322860718
1397,0.022585183382034302,0.0031138258054852486
1398,0.06275416910648346,0.005408214405179024
1399,0.05835149809718132,0.0033904295414686203
1400,0.11906381696462631,0.023945322260260582
1401,0.028812361881136894,0.014695776626467705
1402,0.04992209002375603,0.01275191642343998
1403,0.02874712087213993,0.002491448074579239
1404,0.0236501507461071,0.0017995494417846203
1405,0.0450218990445137,0.002548874355852604
1406,0.0882444754242897,0.004290865734219551
1407,0.029223572462797165,0.004327446687966585
1408,0.0361727699637413,0.009104668162763119
1409,0.09694549441337585,0.00937282107770443
1410,0.04204330965876579,0.009324155747890472
1411,0.17415888607501984,0.02467772737145424
1412,0.12147324532270432,0.01831519976258278
1413,0.06515544652938843,0.012140791863203049
1414,0.06573261320590973,0.008950715884566307
1415,0.02443312108516693,0.00870542787015438
1416,0.026028849184513092,0.0027909339405596256
1417,0.05168529227375984,0.012692908756434917
1418,0.03240199387073517,0.00669109309092164
1419,0.03700679540634155,0.009984102100133896
1420,0.046142928302288055,0.008986585773527622
1421,0.013609180226922035,0.0029636984691023827
1422,0.051612865179777145,0.010777654126286507
1423,0.04470987617969513,0.007515645120292902
1424,0.08055528253316879,0.005057643633335829
1425,0.08439202606678009,0.00842798687517643
1426,0.05718556046485901,0.011928742751479149
1427,0.0984022244811058,0.02004118822515011
1428,0.14117157459259033,0.02287350781261921
1429,0.10421331226825714,0.008484234102070332
1430,0.06654763966798782,0.010924452915787697
1431,0.14360535144805908,0.014829615131020546
1432,0.058785565197467804,0.002228722209110856
1433,0.02552720718085766,0.011105791665613651
1434,0.07733581215143204,0.0143763218075037
1435,0.044295534491539,0.010602060705423355
1436,0.14697718620300293,0.005191962234675884
1437,0.07549457997083664,0.0173225998878479
1438,0.14453716576099396,0.01941383071243763
1439,0.04351162910461426,0.009970234706997871
1440,0.11500917375087738,0.003953716717660427
1441,0.057299524545669556,0.02488044649362564
1442,0.05016583204269409,0.005297273397445679
1443,0.13458476960659027,0.005979506298899651
1444,0.039236001670360565,0.003959964029490948
1445,0.04117331653833389,0.023439256474375725
1446,0.04943240061402321,0.011019100435078144
1447,0.053015779703855515,0.011681541800498962
1448,0.07813382893800735,0.007965030148625374
1449,0.2721042335033417,0.008800738491117954
1450,0.07574787735939026,0.009172333404421806
1451,0.07443896681070328,0.008654695935547352
1452,0.04393486678600311,0.008699581027030945
1453,0.03213222324848175,0.026551948860287666
1454,0.14184322953224182,0.02910485863685608
1455,0.030472397804260254,0.008516763336956501
1456,0.021881600841879845,0.0037899056915193796
1457,0.09123564511537552,0.004582727327942848
1458,0.05852191522717476,0.008613482117652893
1459,0.048449382185935974,0.00438134279102087
1460,0.02542703226208687,0.0013903002254664898
1461,0.02196568064391613,0.004086294677108526
1462,0.05694618821144104,0.018134158104658127
1463,0.04943033307790756,0.0013369910884648561
1464,0.057126231491565704,0.0044275326654314995
1465,0.030062559992074966,0.011749194003641605
1466,0.03703935816884041,0.026144931092858315
1467,0.04375132545828819,0.004742909222841263
1468,0.05747506394982338,0.008480745367705822
1469,0.058914653956890106,0.007052954286336899
1470,0.0576045997440815,0.004886147100478411
1471,0.033790796995162964,0.012067110277712345
1472,0.03389100730419159,0.01077943667769432
1473,0.042202211916446686,0.007525538560003042
1474,0.06069910526275635,0.010089541785418987
1475,0.029718399047851562,0.007172714918851852
1476,0.048242684453725815,0.01951589249074459
1477,0.07672440260648727,0.00958558451384306
1478,0.06653333455324173,0.008818438276648521
1479,0.09188428521156311,0.008798729628324509
1480,0.07932236790657043,0.004855601582676172
1481,0.0336381271481514,0.003990424796938896
1482,0.013890787027776241,0.017190974205732346
1483,0.10798230767250061,0.02681684121489525
1484,0.024433087557554245,0.01627417467534542
1485,0.18356294929981232,0.010721510276198387
1486,0.16380923986434937,0.008709331974387169
1487,0.08485468477010727,0.008712389506399632
1488,0.1974445879459381,0.01447572372853756
1489,0.039896160364151,0.006534085609018803
1490,0.04378342628479004,0.00912376120686531
1491,0.03426191210746765,0.012946845032274723
1492,0.031189804896712303,0.004644548986107111
1493,0.0370403416454792,0.009425187483429909
1494,0.03682074695825577,0.014836128801107407
1495,0.0244795810431242,0.004482128191739321
1496,0.01666613295674324,0.0069282324984669685
1497,0.02339417301118374,0.011098550632596016
1498,0.047128066420555115,0.007832489907741547
1499,0.045534439384937286,0.007938046008348465
1500,0.027314625680446625,0.0037159391213208437
1501,0.02537696808576584,0.004452180117368698
1502,0.048501357436180115,0.012600910849869251
1503,0.05638862028717995,0.015339354053139687
1504,0.023400915786623955,0.00435615936294198
1505,0.06446830928325653,0.011771081015467644
1506,0.00734096672385931,0.006038673222064972
1507,0.053534701466560364,0.026959240436553955
1508,0.021924220025539398,0.019984284415841103
1509,0.047452475875616074,0.01431632973253727
1510,0.05868406966328621,0.0041344789788126945
1511,0.031244616955518723,0.00536513514816761
1512,0.09055444598197937,0.0013835765421390533
1513,0.035238176584243774,0.006410508416593075
1514,0.03341138735413551,0.02229693904519081
1515,0.07172514498233795,0.005123942159116268
1516,0.056038998067379,0.020845651626586914
1517,0.0185853224247694,0.0060761235654354095
1518,0.051080331206321716,0.013460459187626839
1519,0.07342281192541122,0.0072082336992025375
1520,0.04528544843196869,0.018881533294916153
1521,0.02741517499089241,0.008390464819967747
1522,0.08175678551197052,0.005489926319569349
1523,0.10995257645845413,0.036702293902635574
1524,0.11049235612154007,0.019494596868753433
1525,0.0365661159157753,0.006943437270820141
1526,0.022530976682901382,0.004028599709272385
1527,0.041976720094680786,0.005044398829340935
1528,0.0575992651283741,0.014127920381724834
1529,0.19588066637516022,0.005148143507540226
1530,0.11691360175609589,0.007408286444842815
1531,0.07150314003229141,0.0053405677899718285
1532,0.1065673828125,0.014267442747950554
1533,0.028255436569452286,0.0066220322623848915
1534,0.04090884327888489,0.008177406154572964
1535,0.024119984358549118,0.010301539674401283
1536,0.07639824599027634,0.006895969621837139
1537,0.21583311259746552,0.021721817553043365
1538,0.13248789310455322,0.010669372044503689
1539,0.09627348184585571,0.005030791275203228
1540,0.08937117457389832,0.007588864304125309
1541,0.03729705512523651,0.003546240273863077
1542,0.020134424790740013,0.006528393365442753
1543,0.01845661550760269,0.006494374014437199
1544,0.07796473056077957,0.008912869729101658
1545,0.03291633725166321,0.007469063624739647
1546,0.013642493635416031,0.008025189861655235
1547,0.06916558742523193,0.007455715909600258
1548,0.042442336678504944,0.02291911467909813
1549,0.03134666755795479,0.01017358060926199
1550,0.03158446401357651,0.008550021797418594
1551,0.06562791764736176,0.007109217345714569
1552,0.032409049570560455,0.037254754453897476
1553,0.0204758457839489,0.004637755453586578
1554,0.035863712430000305,0.007144419476389885
1555,0.021464744582772255,0.0051528350450098515
1556,0.052089791744947433,0.007081608287990093
1557,0.05335508659482002,0.009946071542799473
1558,0.029875312000513077,0.007582942023873329
1559,0.09269852936267853,0.027422424405813217
1560,0.004814038518816233,0.018459463492035866
1561,0.05977627635002136,0.005376901943236589
1562,0.03830956295132637,0.015449975617229939
1563,0.06654252111911774,0.013325881212949753
1564,0.06710430979728699,0.016168968752026558
1565,0.09458453208208084,0.005380377173423767
1566,0.02444160170853138,0.004947531968355179
1567,0.032356683164834976,0.003237661439925432
1568,0.034671295434236526,0.007010777480900288
1569,0.05340587720274925,0.009482711553573608
1570,0.05261490121483803,0.010889005847275257
1571,0.05486033856868744,0.009573194198310375
1572,0.05218798667192459,0.03208629786968231
1573,0.047730375081300735,0.00935338530689478
1574,0.09208665788173676,0.011082925833761692
1575,0.03998299688100815,0.007048840634524822
1576,0.04010783135890961,0.009645954705774784
1577,0.05864186957478523,0.005202112719416618
1578,0.09216092526912689,0.05066150426864624
1579,0.034934550523757935,0.00207310589030385
1580,0.05707770586013794,0.005568547174334526
1581,0.17458923161029816,0.011098334565758705
1582,0.2285488098859787,0.022685231640934944
1583,0.08875907957553864,0.010717237368226051
1584,0.0324624665081501,0.006884045898914337
1585,0.031258031725883484,0.011315387673676014
1586,0.021565210074186325,0.007101797498762608
1587,0.01253063976764679,0.0060267820954322815
1588,0.08509527891874313,0.041212402284145355
1589,0.056089259684085846,0.013852733187377453
1590,0.061659470200538635,0.003871344728395343
1591,0.06067296117544174,0.006864769849926233
1592,0.24896757304668427,0.0338953360915184
1593,0.040269885212183,0.016568806022405624
1594,0.023929834365844727,0.004906319547444582
1595,0.06819815933704376,0.009013202041387558
1596,0.022211680188775063,0.005613291636109352
1597,0.025392157956957817,0.014889651909470558
1598,0.07581888139247894,0.008967593312263489
1599,0.06313517689704895,0.013555869460105896
1600,0.04649508744478226,0.007484786212444305
1601,0.03237542510032654,0.007309211418032646
1602,0.06025538221001625,0.016375139355659485
1603,0.05510060116648674,0.017904367297887802
1604,0.05270800739526749,0.003843244630843401
1605,0.08943072706460953,0.0032854611054062843
1606,0.08148099482059479,0.004860169719904661
1607,0.0661533772945404,0.0020873916801065207
1608,0.06709539145231247,0.004813202191144228
1609,0.06011578440666199,0.003349168226122856
1610,0.09824927151203156,0.00835345033556223
1611,0.05613235384225845,0.011615127325057983
1612,0.010969341732561588,0.007223845459520817
1613,0.02196328155696392,0.006215228233486414
1614,0.02525922656059265,0.00691660400480032
1615,0.06787741929292679,0.00667486060410738
1616,0.025313617661595345,0.013424431905150414
1617,0.047731779515743256,0.004286726005375385
1618,0.03560244292020798,0.006799711380153894
1619,0.01752135530114174,0.010169095359742641
1620,0.049495112150907516,0.0028809194918721914
1621,0.09652784466743469,0.005546229425817728
1622,0.04418756440281868,0.003725544549524784
1623,0.08172722160816193,0.0036492841318249702
1624,0.029805075377225876,0.00850636512041092
1625,0.03872303664684296,0.013454006984829903
1626,0.03818375617265701,0.009080357849597931
1627,0.04831690341234207,0.004836506210267544
1628,0.0650765672326088,0.0025612348690629005
1629,0.11061721295118332,0.004497528076171875
1630,0.06286397576332092,0.003934800159186125
1631,0.04271261766552925,0.011675616726279259
1632,0.005482837092131376,0.005092970095574856
1633,0.193497434258461,0.018411511555314064
1634,0.23831972479820251,0.03828896954655647
1635,0.02124713733792305,0.01014633197337389
1636,0.04490726441144943,0.004684544634073973
1637,0.05603404343128204,0.012273103930056095
1638,0.08585838973522186,0.009188953787088394
1639,0.06570661067962646,0.014343194663524628
1640,0.049092311412096024,0.023411307483911514
1641,0.06827209889888763,0.012191236019134521
1642,0.08018356561660767,0.01642201840877533
1643,0.05200989171862602,0.011736671440303326
1644,0.10121084749698639,0.00401698425412178
1645,0.17212173342704773,0.04086261987686157
1646,0.03858129307627678,0.007135528139770031
1647,0.019496554508805275,0.007342186290770769
1648,0.01665620319545269,0.0071762022562325
1649,0.02675507590174675,0.0035636485554277897
1650,0.07014282047748566,0.007740045432001352
1651,0.07394725829362869,0.003928306978195906
1652,0.041423894464969635,0.006022643763571978
1653,0.07907475531101227,0.010289530269801617
1654,0.09941177070140839,0.005527382250875235
1655,0.04299141839146614,0.011828736402094364
1656,0.05928376317024231,0.011400185525417328
1657,0.07558338344097137,0.012662519700825214
1658,0.05244259536266327,0.008024448528885841
1659,0.05093630403280258,0.01896917261183262
1660,0.02780032716691494,0.002958812518045306
1661,0.015286511741578579,0.0048690359108150005
1662,0.09101201593875885,0.008983835577964783
1663,0.05834526568651199,0.015190420672297478
1664,0.15368744730949402,0.015730805695056915
1665,0.0650005042552948,0.020290657877922058
1666,0.024087868630886078,0.00880852248519659
1667,0.03763812035322189,0.008904051035642624
1668,0.03147454187273979,0.007181747816503048
1669,0.05359002947807312,0.005234445445239544
1670,0.08214396238327026,0.00796543713659048
1671,0.02455882541835308,0.005458497907966375
1672,0.14585641026496887,0.018817555159330368
1673,0.07272779196500778,0.012375161051750183
1674,0.0675397664308548,0.010396801866590977
1675,0.0506526380777359,0.00961889885365963
1676,0.026133742183446884,0.009962682612240314
1677,0.04131469130516052,0.003170494455844164
1678,0.02681790292263031,0.008016889914870262
1679,0.06478720903396606,0.011775555089116096
1680,0.0642242580652237,0.005741126835346222
1681,0.03034636750817299,0.0160701684653759
1682,0.019722312688827515,0.005542546045035124
1683,0.02738952450454235,0.007139009889215231
1684,0.02258647419512272,0.005909014027565718
1685,0.15687277913093567,0.03901590779423714
1686,0.0299184862524271,0.004241015762090683
1687,0.02930731326341629,0.003314250148832798
1688,0.13448867201805115,0.022992916405200958
1689,0.03742283210158348,0.011653855443000793
1690,0.03614981845021248,0.01754120923578739
1691,0.10360676050186157,0.006082252599298954
1692,0.0777973085641861,0.015778807923197746
1693,0.06391298770904541,0.018248194828629494
1694,0.049404896795749664,0.02038717456161976
1695,0.024151498451828957,0.013724187389016151
1696,0.023882074281573296,0.01274963840842247
1697,0.09143580496311188,0.00622790539637208
1698,0.06268885731697083,0.005507998168468475
1699,0.029739301651716232,0.006982567720115185
1700,0.09623759239912033,0.01623641327023506
1701,0.10639770328998566,0.009864822030067444
1702,0.09596419334411621,0.022361453622579575
1703,0.034954771399497986,0.012116050347685814
1704,0.037593379616737366,0.004553509876132011
1705,0.08757669478654861,0.01814437285065651
1706,0.02175433374941349,0.010603201575577259
1707,0.05992880091071129,0.004733623005449772
1708,0.06685248017311096,0.01091751828789711
1709,0.01498637069016695,0.008597778156399727
1710,0.0611562579870224,0.014704842120409012
1711,0.08269143104553223,0.013972780667245388
1712,0.02291366085410118,0.004444188438355923
1713,0.09204508364200592,0.015875980257987976
1714,0.06453468650579453,0.009354217909276485
1715,0.04511023312807083,0.01493059378117323
1716,0.0798061192035675,0.007958156988024712
1717,0.04100201278924942,0.02551352232694626
1718,0.10533671081066132,0.0035317481961101294
1719,0.03118995577096939,0.008523061871528625
1720,0.027995850890874863,0.012935454957187176
1721,0.05406056344509125,0.0028564403764903545
1722,0.061001967638731,0.0039707692340016365
1723,0.14123375713825226,0.017927508801221848
1724,0.10081691294908524,0.020715417340397835
1725,0.027433356270194054,0.04611256718635559
1726,0.047259967774152756,0.004281395114958286
1727,0.06939586997032166,0.008768209256231785
1728,0.027151938527822495,0.008288763463497162
1729,0.04889055714011192,0.003960937727242708
1730,0.03255137801170349,0.024290254339575768
1731,0.08025112748146057,0.01766432821750641
1732,0.09253313392400742,0.01579175889492035
1733,0.051882609724998474,0.025020629167556763
1734,0.04033397510647774,0.05784433335065842
1735,0.08890695124864578,0.014925025403499603
1736,0.18928952515125275,0.01974182203412056
1737,0.08605463802814484,0.005642048083245754
1738,0.054050564765930176,0.006010609213262796
1739,0.08829490840435028,0.012358689680695534
1740,0.06208408623933792,0.009237161837518215
1741,0.10696481168270111,0.03304430469870567
1742,0.046368926763534546,0.012792861089110374
1743,0.024998437613248825,0.005177037790417671
1744,0.05897096171975136,0.004168626852333546
1745,0.12191040813922882,0.01460677944123745
1746,0.07745872437953949,0.03779861703515053
1747,0.10859279334545135,0.017261840403079987
1748,0.02027556672692299,0.007496859412640333
1749,0.07769215852022171,0.007389553356915712
1750,0.05709914118051529,0.011472156271338463
1751,0.07386959344148636,0.007806720212101936
1752,0.057882051914930344,0.010959682986140251
1753,0.05002957582473755,0.0049302964471280575
1754,0.04057268798351288,0.029838163405656815
1755,0.03684639185667038,0.003909583203494549
1756,0.07690531015396118,0.006328036077320576
1757,0.06390451639890671,0.003093420062214136
1758,0.03591793030500412,0.005153557751327753
1759,0.08038463443517685,0.009514207020401955
1760,0.02467145025730133,0.00644959369674325
1761,0.014767535962164402,0.004005287773907185
1762,0.0076959640718996525,0.009973015636205673
1763,0.03813619911670685,0.021648472175002098
1764,0.037861764430999756,0.013943612575531006
1765,0.06158161908388138,0.004128170665353537
1766,0.050060879439115524,0.009935740381479263
1767,0.09109577536582947,0.01936662569642067
1768,0.06387627124786377,0.012320147827267647
1769,0.02368113212287426,0.020197555422782898
1770,0.047697991132736206,0.00321388803422451
1771,0.11072162538766861,0.013843054883182049
1772,0.059390805661678314,0.007449828088283539
1773,0.05230152979493141,0.01248827762901783
1774,0.10152290761470795,0.008474458940327168
1775,0.08920546621084213,0.0063201687298715115
1776,0.04411662369966507,0.004198839422315359
1777,0.026832500472664833,0.012068860232830048
1778,0.0237654410302639,0.008708464913070202
1779,0.014441955834627151,0.005396069493144751
1780,0.020059198141098022,0.01612243615090847
1781,0.018292926251888275,0.010950465686619282
1782,0.07250431180000305,0.010145842097699642
1783,0.05463507026433945,0.007431683596223593
1784,0.08523925393819809,0.015213308855891228
1785,0.08408335596323013,0.03845425322651863
1786,0.2687869966030121,0.05949815735220909
1787,0.11541416496038437,0.011089145205914974
1788,0.07542453706264496,0.0165056511759758
1789,0.05342273786664009,0.012845533899962902
1790,0.0976942926645279,0.017884884029626846
1791,0.13087645173072815,0.008798317052423954
1792,0.040992576628923416,0.0048027862794697285
1793,0.1099560558795929,0.0056326063349843025
1794,0.07929050922393799,0.01657252572476864
1795,0.04572228342294693,0.0302712582051754
1796,0.03642120957374573,0.008937478996813297
1797,0.017350904643535614,0.024852119386196136
1798,0.07792460918426514,0.026481691747903824
1799,0.018305420875549316,0.005895430687814951
1800,0.08132477104663849,0.007507584057748318
1801,0.08894522488117218,0.006015610881149769
1802,0.11201167106628418,0.03338618576526642
1803,0.08319559693336487,0.008850337006151676
1804,0.03393878787755966,0.005413352511823177
1805,0.06262902170419693,0.009749067947268486
1806,0.029883520677685738,0.005309623666107655
1807,0.06812603026628494,0.00867355614900589
1808,0.04356315732002258,0.014349319040775299
1809,0.06527058035135269,0.009989834390580654
1810,0.09563697129487991,0.010411160998046398
1811,0.028363261371850967,0.011393323540687561
1812,0.010537701658904552,0.006804886739701033
1813,0.05583348125219345,0.008549010381102562
1814,0.09795637428760529,0.00689071137458086
1815,0.010746548883616924,0.004326272755861282
1816,0.008756609633564949,0.003530913032591343
1817,0.08103013038635254,0.0153496153652668
1818,0.0940026193857193,0.008032784797251225
1819,0.03514125943183899,0.010749050416052341
1820,0.06004423648118973,0.0082349618896842
1821,0.12067554891109467,0.023268237709999084
1822,0.09910626709461212,0.013193936087191105
1823,0.08688930422067642,0.015170830301940441
1824,0.07922320067882538,0.0045928373001515865
1825,0.06478682905435562,0.012482584454119205
1826,0.046564824879169464,0.005721303168684244
1827,0.09141410887241364,0.009870195761322975
1828,0.11590123921632767,0.009480166248977184
1829,0.06673025339841843,0.007306068204343319
1830,0.032400015741586685,0.008058898150920868
1831,0.09309706836938858,0.003868567291647196
1832,0.05634072795510292,0.01221340149641037
1833,0.03148261085152626,0.011942120268940926
1834,0.04240989312529564,0.0034824684262275696
1835,0.037293195724487305,0.007309832610189915
1836,0.06556344032287598,0.006803343538194895
1837,0.03000125288963318,0.013234925456345081
1838,0.08153864741325378,0.008781366981565952
1839,0.04165346175432205,0.01836628094315529
1840,0.09867750108242035,0.04660869389772415
1841,0.17509984970092773,0.00904133915901184
1842,0.09678202122449875,0.006760286167263985
1843,0.09942835569381714,0.02846701256930828
1844,0.022686507552862167,0.010948320850729942
1845,0.2479412853717804,0.03983474150300026
1846,0.1029292568564415,0.01450477633625269
1847,0.03681238368153572,0.006032937206327915
1848,0.06550082564353943,0.006970707327127457
1849,0.28331151604652405,0.014938920736312866
1850,0.1624898612499237,0.024279382079839706
1851,0.09800838679075241,0.019678648561239243
1852,0.054904770106077194,0.005898389033973217
1853,0.2292376160621643,0.013952936977148056
1854,0.04477743059396744,0.012881788425147533
1855,0.024585548788309097,0.0077096279710531235
1856,0.0255703367292881,0.015372107736766338
1857,0.03549055755138397,0.02103329636156559
1858,0.028735384345054626,0.006040880456566811
1859,0.024203339591622353,0.004692252725362778
1860,0.04065702483057976,0.006828055251389742
1861,0.02436928078532219,0.0035286142956465483
1862,0.08761769533157349,0.0032871332950890064
1863,0.013559838756918907,0.008672758005559444
1864,0.11303777992725372,0.01090029627084732
1865,0.05123784765601158,0.007192958611994982
1866,0.13156840205192566,0.009480036795139313
1867,0.03622959926724434,0.010402191430330276
1868,0.01968921348452568,0.010767510160803795
1869,0.06430913507938385,0.008056641556322575
1870,0.06083681806921959,0.009276793338358402
1871,0.042653463780879974,0.006646421737968922
1872,0.052807994186878204,0.006972833536565304
1873,0.06525216996669769,0.016330642625689507
1874,0.06475626677274704,0.006777320057153702
1875,0.06395161151885986,0.0052564251236617565
1876,0.02230333536863327,0.0057141827419400215
1877,0.0292098019272089,0.010150933638215065
1878,0.03657911717891693,0.005264987237751484
1879,0.14633232355117798,0.008904965594410896
1880,0.06576406955718994,0.005038600414991379
1881,0.012646850198507309,0.011291906237602234
1882,0.019339583814144135,0.013572297990322113
1883,0.039989955723285675,0.030388081446290016
1884,0.03401517495512962,0.00952385738492012
1885,0.0444222092628479,0.010002020746469498
1886,0.088496133685112,0.007674922700971365
1887,0.1644931435585022,0.04652699455618858
1888,0.1167389377951622,0.005064460448920727
1889,0.12479127198457718,0.009593772701919079
1890,0.09014661610126495,0.01955508068203926
1891,0.133712500333786,0.00860560778528452
1892,0.028669431805610657,0.01091267541050911
1893,0.06581763923168182,0.009784365072846413
1894,0.06521420180797577,0.024770725518465042
1895,0.03801022469997406,0.00867801159620285
1896,0.04903813451528549,0.012937912717461586
1897,0.07119594514369965,0.007084432989358902
1898,0.05838118866086006,0.003417627653107047
1899,0.020528418943285942,0.020772088319063187
1900,0.029606908559799194,0.006952822674065828
1901,0.10552306473255157,0.011320819146931171
1902,0.07343389093875885,0.05025631934404373
1903,0.09368500113487244,0.025738995522260666
1904,0.1557088941335678,0.021579738706350327
1905,0.08076899498701096,0.01904943212866783
1906,0.05989816412329674,0.009688740596175194
1907,0.03766718506813049,0.009483519941568375
1908,0.06382028013467789,0.011572528630495071
1909,0.080023854970932,0.009437714703381062
1910,0.09484020620584488,0.00227302685379982
1911,0.03917897120118141,0.004871489480137825
1912,0.03175315633416176,0.0031553383450955153
1913,0.06398319453001022,0.0026574633084237576
1914,0.013297293335199356,0.00835252832621336
1915,0.0429750494658947,0.009523941203951836
1916,0.016981881111860275,0.008287574164569378
1917,0.03964639827609062,0.005426221527159214
1918,0.03364785015583038,0.004766563419252634
1919,0.08425529301166534,0.017586898058652878
1920,0.03633779659867287,0.065303273499012
1921,0.14781853556632996,0.04306070879101753
1922,0.06981349736452103,0.013055000454187393
1923,0.03991369530558586,0.007779560983181
1924,0.03791452944278717,0.0059392075054347515
1925,0.05583697184920311,0.010825102217495441
1926,0.08140584081411362,0.015287349000573158
1927,0.04723387211561203,0.005735042970627546
1928,0.07977211475372314,0.01166817732155323
1929,0.09904496371746063,0.006226424593478441
1930,0.17627893388271332,0.00438087759539485
1931,0.027403678745031357,0.010166285559535027
1932,0.0860602855682373,0.01253766193985939
1933,0.10779353976249695,0.0036383853293955326
1934,0.04079116880893707,0.007757584564387798
1935,0.02323506772518158,0.004457004368305206
1936,0.11481808871030807,0.017451781779527664
1937,0.04918923228979111,0.010248258709907532
1938,0.08795109391212463,0.005148624535650015
1939,0.0582750141620636,0.02415742352604866
1940,0.019479067996144295,0.008159058168530464
1941,0.05840124562382698,0.010923423804342747
1942,0.04940899834036827,0.008653892204165459
1943,0.07242100685834885,0.007011239882558584
1944,0.22982002794742584,0.03528919816017151
1945,0.3174210786819458,0.013154543936252594
1946,0.0557161383330822,0.013114060275256634
1947,0.035488419234752655,0.004075194709002972
1948,0.06806840002536774,0.02693541906774044
1949,0.07655811309814453,0.01867590844631195
1950,0.1073208749294281,0.0149506451562047
1951,0.049182046204805374,0.0027639432810246944
1952,0.06794500350952148,0.008222077041864395
1953,0.22508646547794342,0.06286575645208359
1954,0.09660358726978302,0.003137837629765272
1955,0.07773739099502563,0.01172495074570179
1956,0.06479328125715256,0.0031636653002351522
1957,0.1471920609474182,0.04192401096224785
1958,0.021043844521045685,0.009791340678930283
1959,0.048715684562921524,0.0061396025121212006
1960,0.03344687819480896,0.029232516884803772
1961,0.06171373650431633,0.006758561357855797
1962,0.030421119183301926,0.006125032901763916
1963,0.05453331023454666,0.005658116191625595
1964,0.012613803148269653,0.00838566105812788
1965,0.019689438864588737,0.0033011394552886486
1966,0.04037799313664436,0.016712434589862823
1967,0.039837971329689026,0.0049561611376702785
1968,0.05688396841287613,0.006229475140571594
1969,0.04645839333534241,0.005807152017951012
1970,0.02063622511923313,0.00916147418320179
1971,0.04546531289815903,0.001816621981561184
1972,0.04697328805923462,0.006114930845797062
1973,0.09728429466485977,0.015125258825719357
1974,0.026167020201683044,0.014543937519192696
1975,0.1213047206401825,0.015522968955338001
1976,0.04435565695166588,0.01574789732694626
1977,0.05329759791493416,0.00964918453246355
1978,0.03886289522051811,0.008761574514210224
1979,0.060194067656993866,0.010853419080376625
1980,0.06365670263767242,0.008556007407605648
1981,0.07182636857032776,0.013960481621325016
1982,0.062167055904865265,0.011335005052387714
1983,0.05693313479423523,0.008397028781473637
1984,0.033890608698129654,0.009265100583434105
1985,0.034808848053216934,0.012254920788109303
1986,0.0457393079996109,0.010835432447493076
1987,0.12232967466115952,0.0077048055827617645
1988,0.05300465598702431,0.0093561802059412
1989,0.048238564282655716,0.005682153161615133
1990,0.061475835740566254,0.016606828197836876
1991,0.08702442795038223,0.00881169643253088
1992,0.034347549080848694,0.010027464479207993
1993,0.034348517656326294,0.010932198725640774
1994,0.10353401303291321,0.008939406834542751
1995,0.03979753702878952,0.008440383709967136
1996,0.06418036669492722,0.015127839520573616
1997,0.12081607431173325,0.026397570967674255
1998,0.04157029837369919,0.00980357825756073
1999,0.21137215197086334,0.02062857523560524
2000,0.10835590213537216,0.02139497920870781
2001,0.12699677050113678,0.03407301381230354
2002,0.15637096762657166,0.022144781425595284
2003,0.03989901766180992,0.011891226284205914
2004,0.10221504420042038,0.018883967772126198
2005,0.04454462230205536,0.02123386785387993
2006,0.13468874990940094,0.012852152809500694
2007,0.03334183245897293,0.01339400839060545
2008,0.09615277498960495,0.024019144475460052
2009,0.09843235462903976,0.011304358951747417
2010,0.09526857733726501,0.009695903398096561
2011,0.1030927449464798,0.0092929070815444
2012,0.05032232031226158,0.011052029207348824
2013,0.0678730458021164,0.007047298364341259
2014,0.044937826693058014,0.026303131133317947
2015,0.042780108749866486,0.009188217110931873
2016,0.024621091783046722,0.0058348458260297775
2017,0.020738324150443077,0.006084495689719915
2018,0.021921340376138687,0.009410388767719269
2019,0.037296220660209656,0.006179989315569401
2020,0.0556529276072979,0.0060469950549304485
2021,0.04549464210867882,0.005997480824589729
2022,0.05891092121601105,0.003068933729082346
2023,0.012212538160383701,0.006445732899010181
2024,0.01930898241698742,0.01096290908753872
2025,0.028912154957652092,0.006069758906960487
2026,0.03799876943230629,0.022040782496333122
2027,0.09132812172174454,0.02844877541065216
2028,0.06849797815084457,0.003825852181762457
2029,0.0370880551636219,0.017149992287158966
2030,0.06102050095796585,0.005512896925210953
2031,0.12261920422315598,0.02816544845700264
2032,0.05713552236557007,0.0038581632543355227
2033,0.07206372916698456,0.01663002371788025
2034,0.091464564204216,0.007813295349478722
2035,0.04819658398628235,0.022099394351243973
2036,0.03212745487689972,0.027295442298054695
2037,0.0347023531794548,0.02847357466816902
2038,0.07297861576080322,0.016242489218711853
2039,0.06708117574453354,0.011145588010549545
2040,0.03791502118110657,0.0041172388009727
2041,0.0331733338534832,0.009621025994420052
2042,0.08975864201784134,0.006042542867362499
2043,0.036935050040483475,0.039346419274806976
2044,0.09527929127216339,0.011801030486822128
2045,0.1291995793581009,0.04308967664837837
2046,0.09129036217927933,0.006324462592601776
2047,0.10967498272657394,0.006708459462970495
2048,0.06084992364048958,0.02901122346520424
2049,0.05940460413694382,0.021674443036317825
2050,0.05211564898490906,0.008435809053480625
2051,0.0935850441455841,0.014615954831242561
2052,0.08078460395336151,0.0041633783839643
2053,0.05051719397306442,0.012016509659588337
2054,0.1535712033510208,0.016528451815247536
2055,0.060034025460481644,0.017070123925805092
2056,0.07864656299352646,0.010126762092113495
2057,0.0591738261282444,0.017875395715236664
2058,0.15105924010276794,0.006561841815710068
2059,0.04224471002817154,0.030563335865736008
2060,0.2595812976360321,0.008496951311826706
2061,0.12446608394384384,0.024692805483937263
2062,0.06714648753404617,0.05553290620446205
2063,0.014134373515844345,0.005352601408958435
2064,0.07384072989225388,0.012390333227813244
2065,0.10295116156339645,0.023850519210100174
2066,0.01828700676560402,0.005619259551167488
2067,0.0634598657488823,0.0035313654225319624
2068,0.07430372387170792,0.01635049283504486
2069,0.10909391939640045,0.013664829544723034
2070,0.09841302037239075,0.03559951111674309
2071,0.12569114565849304,0.02650032937526703
2072,0.02304099313914776,0.0038223254960030317
2073,0.05263340473175049,0.00455359136685729
2074,0.03565949946641922,0.01288348063826561
2075,0.0393475741147995,0.008611410856246948
2076,0.02732018008828163,0.004383395425975323
2077,0.059322938323020935,0.012723834253847599
2078,0.21756578981876373,0.03101150318980217
2079,0.04899964481592178,0.00422937236726284
2080,0.09816491603851318,0.006872574333101511
2081,0.127751886844635,0.00413176417350769
2082,0.11381223797798157,0.007526781409978867
2083,0.16164731979370117,0.006327776238322258
2084,0.14067290723323822,0.024153903126716614
2085,0.02853330597281456,0.007494330406188965
2086,0.051207445561885834,0.01003943383693695
2087,0.07616325467824936,0.00831605028361082
2088,0.07165419310331345,0.014732355251908302
2089,0.08701170235872269,0.008327755145728588
2090,0.16612248122692108,0.01196176279336214
2091,0.10086887329816818,0.039301082491874695
2092,0.04529542103409767,0.007209317293018103
2093,0.08003079891204834,0.013802649453282356
2094,0.2414044588804245,0.017578089609742165
2095,0.22670024633407593,0.025367092341184616
2096,0.07610174268484116,0.025976354256272316
2097,0.05279407277703285,0.011524195782840252
2098,0.027797438204288483,0.013027740642428398
2099,0.056545354425907135,0.02459980919957161
2100,0.02441083826124668,0.0021327375434339046
2101,0.13523080945014954,0.003396200016140938
2102,0.12569540739059448,0.011287763714790344
2103,0.042222198098897934,0.022018756717443466
2104,0.06650383770465851,0.006275075487792492
2105,0.1138325035572052,0.014137789607048035
2106,0.04838509112596512,0.027231015264987946
2107,0.08474025875329971,0.0141155906021595
2108,0.05391175299882889,0.011723760515451431
2109,0.06636445969343185,0.013402902521193027
2110,0.06514067947864532,0.006136682815849781
2111,0.05758296698331833,0.00913254264742136
2112,0.042202383279800415,0.010468767955899239
2113,0.05567292124032974,0.01898142322897911
2114,0.13681019842624664,0.018604174256324768
2115,0.06277626752853394,0.017352856695652008
2116,0.0713835284113884,0.04279126599431038
2117,0.053850702941417694,0.02010870911180973
2118,0.009689802303910255,0.006182935554534197
2119,0.18224826455116272,0.01083410531282425
2120,0.17486262321472168,0.008181986398994923
2121,0.06516070663928986,0.009958017617464066
2122,0.06368692219257355,0.015459888614714146
2123,0.037140194326639175,0.006209841929376125
2124,0.036020152270793915,0.016718853265047073
2125,0.0600135400891304,0.02419329807162285
2126,0.027567807585000992,0.00432867044582963
2127,0.06043132022023201,0.005380850285291672
2128,0.03252539411187172,0.005306507460772991
2129,0.044953204691410065,0.020803309977054596
2130,0.018555911257863045,0.009171119891107082
2131,0.05066084861755371,0.009887872263789177
2132,0.09081480652093887,0.009397814981639385
2133,0.13470937311649323,0.008088195696473122
2134,0.20130391418933868,0.04569736868143082
2135,0.11998717486858368,0.04477323219180107
2136,0.02684524655342102,0.019275296479463577
2137,0.03834906965494156,0.01734274812042713
2138,0.05728637054562569,0.025511054322123528
2139,0.0971943587064743,0.019382275640964508
2140,0.050740472972393036,0.01690274104475975
2141,0.05608291178941727,0.018783224746584892
2142,0.07962276041507721,0.010431480593979359
2143,0.041930023580789566,0.013826219365000725
2144,0.05940556526184082,0.007940632291138172
2145,0.09634074568748474,0.007034678943455219
2146,0.15803134441375732,0.010058279149234295
2147,0.03588869050145149,0.007731193210929632
2148,0.32919973134994507,0.017710605636239052
2149,0.20211467146873474,0.006370042450726032
2150,0.13563509285449982,0.028505755588412285
2151,0.1539309024810791,0.007655582390725613
2152,0.09586302936077118,0.013540941290557384
2153,0.046082474291324615,0.014181476086378098
2154,0.04833816736936569,0.013018987141549587
2155,0.10125438868999481,0.009009124711155891
2156,0.09162886440753937,0.0111300153657794
2157,0.027980532497167587,0.004413207061588764
2158,0.02404874563217163,0.008479551412165165
2159,0.0738886371254921,0.018365314230322838
2160,0.015374950133264065,0.01449257880449295
2161,0.042748719453811646,0.007843430154025555
2162,0.09197583794593811,0.03314868360757828
2163,0.03523634374141693,0.029381748288869858
2164,0.04407070204615593,0.017858166247606277
2165,0.12316417694091797,0.009940467774868011
2166,0.07282815873622894,0.00365709001198411
2167,0.036561064422130585,0.013823344372212887
2168,0.11581501364707947,0.0076377736404538155
2169,0.24941954016685486,0.04199337586760521
2170,0.0803433209657669,0.008709806948900223
2171,0.09701696038246155,0.0065329172648489475
2172,0.05692126601934433,0.0034424541518092155
2173,0.0769590213894844,0.01042668055742979
2174,0.051928892731666565,0.006379547528922558
2175,0.08571185171604156,0.014367511495947838
2176,0.06221063435077667,0.009433392435312271
2177,0.0731293261051178,0.013198859989643097
2178,0.06898683309555054,0.0193486288189888
2179,0.026650093495845795,0.009360319003462791
2180,0.0771246999502182,0.0049616447649896145
2181,0.04862372577190399,0.010627654381096363
2182,0.02057645656168461,0.008101378567516804
2183,0.06146992743015289,0.008752167224884033
2184,0.029609251767396927,0.005137159023433924
2185,0.16126251220703125,0.01599830947816372
2186,0.33724427223205566,0.011265829205513
2187,0.033006563782691956,0.006391019094735384
2188,0.05454598367214203,0.009390908293426037
2189,0.23381280899047852,0.08155732601881027
2190,0.23790651559829712,0.03414739668369293
2191,0.043789688497781754,0.004165514372289181
2192,0.029368417337536812,0.0035542785190045834
2193,0.04786841943860054,0.013342203572392464
2194,0.25970351696014404,0.03858427330851555
2195,0.09403897821903229,0.008291833102703094
2196,0.11075704544782639,0.014100244268774986
2197,0.0642843097448349,0.019092213362455368
2198,0.03445754200220108,0.025339115411043167
2199,0.038948725908994675,0.009353757835924625
2200,0.10478629171848297,0.014202956110239029
2201,0.16139042377471924,0.02063627727329731
2202,0.12161928415298462,0.040500443428754807
2203,0.3963391184806824,0.04452541097998619
2204,0.07103724032640457,0.006275231018662453
2205,0.2477748543024063,0.01678250916302204
2206,0.08612234145402908,0.0061985948123037815
2207,0.25690048933029175,0.02009865641593933
2208,0.11235351860523224,0.016540316864848137
2209,0.08863482624292374,0.006879501976072788
2210,0.05753166973590851,0.006058239843696356
2211,0.14581014215946198,0.026208920404314995
2212,0.08349241316318512,0.018405035138130188
2213,0.08617384731769562,0.005753154866397381
2214,0.03666553273797035,0.012537209317088127
2215,0.0843866840004921,0.021998338401317596
2216,0.33168402314186096,0.017307095229625702
2217,0.3524136245250702,0.03514773026108742
2218,0.07849770784378052,0.007144726812839508
2219,0.09448785334825516,0.00505929347127676
2220,0.13079065084457397,0.025406796485185623
2221,0.15171343088150024,0.011518902145326138
2222,0.05428939685225487,0.029801229014992714
2223,0.06513525545597076,0.06434664130210876
2224,0.1407029628753662,0.020416542887687683
2225,0.27651119232177734,0.013688461855053902
2226,0.14239029586315155,0.0176029521971941
2227,0.2795967757701874,0.03063834458589554
2228,0.08980970084667206,0.0061252182349562645
2229,0.04272032156586647,0.010470859706401825
2230,0.12243150174617767,0.011578741483390331
2231,0.04309210181236267,0.011288932524621487
2232,0.19300878047943115,0.014013858512043953
2233,0.09600484371185303,0.020004702731966972
2234,0.030250675976276398,0.009795887395739555
2235,0.028714926913380623,0.014917285181581974
2236,0.05270051583647728,0.006038794759660959
2237,0.030513819307088852,0.005485085304826498
2238,0.03723622485995293,0.015959063544869423
2239,0.0578659251332283,0.00662646908313036
2240,0.037463948130607605,0.0059495968744158745
2241,0.052380602806806564,0.007267126347869635
2242,0.027204379439353943,0.027671050280332565
2243,0.09996356070041656,0.004290292039513588
2244,0.442867249250412,0.03769756481051445
2245,0.12920387089252472,0.016461387276649475
2246,0.03494516760110855,0.006066638045012951
2247,0.043248385190963745,0.016011344268918037
2248,0.07955977320671082,0.026212481781840324
2249,0.04206320270895958,0.02954660914838314
2250,0.04714978486299515,0.02129621058702469
2251,0.06419321894645691,0.03558892756700516
2252,0.02220597304403782,0.024613816291093826
2253,0.04679402709007263,0.027110625058412552
2254,0.08309833705425262,0.020929569378495216
2255,0.16756461560726166,0.009625467471778393
2256,0.038587335497140884,0.018150046467781067
2257,0.11801940202713013,0.019223371520638466
2258,0.08713996410369873,0.009346616454422474
2259,0.06418340653181076,0.018562478944659233
2260,0.1691148281097412,0.044998086988925934
2261,0.056119225919246674,0.01560111902654171
2262,0.04180927202105522,0.0073208678513765335
2263,0.13439100980758667,0.017728399485349655
2264,0.05192881077528,0.02075730264186859
2265,0.10148151218891144,0.019049638882279396
2266,0.14143416285514832,0.01340023148804903
2267,0.11109017580747604,0.00760305393487215
2268,0.05285393446683884,0.019655028358101845
2269,0.11784879863262177,0.03041013330221176
2270,0.0606611967086792,0.011151667684316635
2271,0.12716346979141235,0.021243656054139137
2272,0.04615284502506256,0.022008469328284264
2273,0.05019739270210266,0.02239827997982502
2274,0.031037326902151108,0.003025142243131995
2275,0.08326400816440582,0.019214332103729248
2276,0.07431390881538391,0.014481346122920513
2277,0.15773716568946838,0.009132135659456253
2278,0.13093027472496033,0.01798265241086483
2279,0.1514127254486084,0.01659162901341915
2280,0.03607737272977829,0.006614270154386759
2281,0.4672553837299347,0.05970042571425438
2282,0.12093378603458405,0.013668643310666084
2283,0.03324148803949356,0.017555680125951767
2284,0.09349076449871063,0.011907324194908142
2285,0.062138013541698456,0.020938703790307045
2286,0.05325302481651306,0.020143475383520126
2287,0.012830366380512714,0.006410787347704172
2288,0.02229265682399273,0.010455567389726639
2289,0.04309924319386482,0.003907779697328806
2290,0.07153545320034027,0.0019958247430622578
2291,0.03399431332945824,0.014813771471381187
2292,0.044845253229141235,0.004779772832989693
2293,0.027136635035276413,0.008409862406551838
2294,0.06284903734922409,0.0035713640972971916
2295,0.034486234188079834,0.005427255295217037
2296,0.043227165937423706,0.00981646403670311
2297,0.014463045634329319,0.004825524985790253
2298,0.11487618088722229,0.0038201191928237677
2299,0.0731256902217865,0.005318919662386179
2300,0.09283989667892456,0.01199113205075264
2301,0.039577316492795944,0.005519683472812176
2302,0.10839670896530151,0.014937500469386578
2303,0.016269925981760025,0.009021412581205368
2304,0.1010112315416336,0.0061644092202186584
2305,0.0763813704252243,0.01666913740336895
2306,0.07099038362503052,0.01782379485666752
2307,0.07307636737823486,0.0073351310566067696
2308,0.07983196526765823,0.021652277559041977
2309,0.08830193430185318,0.009737612679600716
2310,0.05474152788519859,0.01791316643357277
2311,0.02259872853755951,0.013767131604254246
2312,0.07594531029462814,0.02292373962700367
2313,0.1211654469370842,0.007705715950578451
2314,0.11788225173950195,0.016497621312737465
2315,0.17222538590431213,0.009748758748173714
2316,0.24092404544353485,0.015568764880299568
2317,0.1043265238404274,0.015643075108528137
2318,0.08294357359409332,0.016842301934957504
2319,0.041882533580064774,0.016454877331852913
2320,0.08648016303777695,0.01755145750939846
2321,0.0734650120139122,0.019585609436035156
2322,0.06300728768110275,0.012689289636909962
2323,0.11657457053661346,0.008788805454969406
2324,0.09465156495571136,0.03499815985560417
2325,0.10495883971452713,0.0070377131924033165
2326,0.10924647748470306,0.024368949234485626
2327,0.24336926639080048,0.02430277317762375
2328,0.09970252215862274,0.01609758660197258
2329,0.031730767339468,0.055973298847675323
2330,0.06314269453287125,0.015874113887548447
2331,0.06430137902498245,0.0038401049096137285
2332,0.06074594706296921,0.035778142511844635
2333,0.06250191479921341,0.011965557001531124
2334,0.05675865709781647,0.017778361216187477
2335,0.15632635354995728,0.012310247868299484
2336,0.07610289752483368,0.019228534772992134
2337,0.04616305232048035,0.0061833979561924934
2338,0.08422910422086716,0.010897116735577583
2339,0.07055621594190598,0.010338225401937962
2340,0.10444522649049759,0.011039541102945805
2341,0.1861797422170639,0.026612350717186928
2342,0.0227823406457901,0.004019065294414759
2343,0.04742687568068504,0.013979773968458176
2344,0.07061983644962311,0.005718697793781757
2345,0.0497642420232296,0.014530091546475887
2346,0.030072592198848724,0.028730040416121483
2347,0.03414592891931534,0.03186463937163353
2348,0.04144057631492615,0.008372421376407146
2349,0.022612612694501877,0.00609064195305109
2350,0.027277128770947456,0.00488559203222394
2351,0.3045806884765625,0.041828516870737076
2352,0.07018065452575684,0.0038040115032345057
2353,0.09356657415628433,0.0682944804430008
2354,0.08712170273065567,0.01124025508761406
2355,0.1021236926317215,0.008894803933799267
2356,0.04431964084506035,0.016357772052288055
2357,0.10637910664081573,0.024431895464658737
2358,0.09406580030918121,0.013104099780321121
2359,0.028684526681900024,0.011411808431148529
2360,0.057277336716651917,0.011706291697919369
2361,0.12776201963424683,0.013284614309668541
2362,0.026843341067433357,0.01735282875597477
2363,0.045720454305410385,0.017646651715040207
2364,0.07703886926174164,0.02530745044350624
2365,0.06069443002343178,0.0206613652408123
2366,0.057358622550964355,0.02342410758137703
2367,0.12134917080402374,0.014027082361280918
2368,0.05398140102624893,0.015118638053536415
2369,0.02861233428120613,0.011720576323568821
2370,0.15636619925498962,0.013089417479932308
2371,0.0895567387342453,0.017912905663251877
2372,0.05074015259742737,0.017473164945840836
2373,0.17102114856243134,0.017906706780195236
2374,0.16964465379714966,0.014744562096893787
2375,0.14862531423568726,0.027141109108924866
2376,0.11417599767446518,0.011409170925617218
2377,0.3929681181907654,0.09286002814769745
2378,0.043840520083904266,0.023770445957779884
2379,0.04291122034192085,0.008305834606289864
2380,0.021985793486237526,0.05095046013593674
2381,0.19163788855075836,0.016603410243988037
2382,0.1069415956735611,0.012485870160162449
2383,0.09936079382896423,0.013673494569957256
2384,0.04461776465177536,0.051397424191236496
2385,0.09587449580430984,0.006102987565100193
2386,0.014367759227752686,0.013015047647058964
2387,0.15492397546768188,0.022921614348888397
2388,0.14844386279582977,0.021092724055051804
2389,0.023059571161866188,0.00636763172224164
2390,0.05314481258392334,0.006686409004032612
2391,0.12845079600811005,0.0187560822814703
2392,0.11338947713375092,0.025742879137396812
2393,0.08451354503631592,0.022967200726270676
2394,0.11475905776023865,0.030369967222213745
2395,0.11754760891199112,0.022309347987174988
2396,0.03156781569123268,0.011775247752666473
2397,0.08270114660263062,0.003671232145279646
2398,0.1465524137020111,0.008393805474042892
2399,0.03744995594024658,0.007111305370926857
2400,0.021096130833029747,0.016248945146799088
2401,0.01979248784482479,0.00593471247702837
2402,0.13106365501880646,0.014994657598435879
2403,0.10120002925395966,0.03149945288896561
2404,0.02890555001795292,0.007688427809625864
2405,0.057550255209207535,0.007618696894496679
2406,0.08538253605365753,0.011507546529173851
2407,0.18885576725006104,0.08554378151893616
2408,0.04523657262325287,0.028937987983226776
2409,0.2040635198354721,0.024479106068611145
2410,0.06368368119001389,0.041549261659383774
2411,0.048495955765247345,0.025458257645368576
2412,0.08284706622362137,0.003542367834597826
2413,0.021057311445474625,0.020327983424067497
2414,0.04848595708608627,0.013621058315038681
2415,0.021568087860941887,0.016816863790154457
2416,0.13985544443130493,0.012327907606959343
2417,0.20404112339019775,0.03498844429850578
2418,0.09434755891561508,0.017936084419488907
2419,0.12737150490283966,0.014557981863617897
2420,0.0688164085149765,0.024419190362095833
2421,0.0546746626496315,0.020137980580329895
2422,0.14237910509109497,0.004791651386767626
2423,0.3031296133995056,0.026800531893968582
2424,0.16939544677734375,0.014625795185565948
2425,0.037133924663066864,0.010355660691857338
2426,0.11976442486047745,0.03303716331720352
2427,0.09936117380857468,0.01811138726770878
2428,0.08980359137058258,0.014962510205805302
2429,0.019393010064959526,0.024723658338189125
2430,0.09649845212697983,0.01824151538312435
2431,0.0499577559530735,0.01565859653055668
2432,0.1002492681145668,0.035997550934553146
2433,0.04080263152718544,0.00982426106929779
2434,0.1050364077091217,0.010928655043244362
2435,0.2604026198387146,0.018525641411542892
2436,0.11360928416252136,0.03002839721739292
2437,0.10971757024526596,0.017740637063980103
2438,0.04968929663300514,0.01903355121612549
2439,0.07360424846410751,0.019032631069421768
2440,0.09694002568721771,0.01461064163595438
2441,0.17089994251728058,0.01466687023639679
2442,0.05214793607592583,0.005544587038457394
2443,0.06945622712373734,0.006379598286002874
2444,0.0947987362742424,0.011574017815291882
2445,0.09598280489444733,0.06305090337991714
2446,0.19306454062461853,0.05676179379224777
2447,0.20624519884586334,0.013035784475505352
2448,0.04177515581250191,0.007885269820690155
2449,0.01107732206583023,0.008763362653553486
2450,0.08132719248533249,0.016134174540638924
2451,0.10957057029008865,0.037493761628866196
2452,0.2530663311481476,0.03337235376238823
2453,0.13248035311698914,0.020474879071116447
2454,0.05272076278924942,0.03376230224967003
2455,0.11566456407308578,0.0363033190369606
2456,0.013408370316028595,0.0075254784896969795
2457,0.04232652857899666,0.008857146836817265
2458,0.023425888270139694,0.004359325394034386
2459,0.07373557239770889,0.016225583851337433
2460,0.06443624198436737,0.022681059315800667
2461,0.08019211143255234,0.0047381785698235035
2462,0.04652947932481766,0.0036662209313362837
2463,0.013500320725142956,0.007017592899501324
2464,0.08835318684577942,0.019429096952080727
2465,0.27687665820121765,0.016305921599268913
2466,0.06384435296058655,0.022025134414434433
2467,0.1923702359199524,0.007564944215118885
2468,0.10860148072242737,0.005056123714894056
2469,0.14579221606254578,0.012035083025693893
2470,0.1428869366645813,0.02492065541446209
2471,0.0286576971411705,0.013033995404839516
2472,0.018727291375398636,0.026256483048200607
2473,0.05453813076019287,0.01751014217734337
2474,0.21435916423797607,0.012458955869078636
2475,0.10843255370855331,0.004717062693089247
2476,0.11020379513502121,0.015048593282699585
2477,0.07783623039722443,0.010691528208553791
2478,0.07850298285484314,0.022765621542930603
2479,0.06611767411231995,0.011082245036959648
2480,0.0845257043838501,0.0059338584542274475
2481,0.042290665209293365,0.014211982488632202
2482,0.06807971000671387,0.02376355044543743
2483,0.1605135202407837,0.024120911955833435
2484,0.07480200380086899,0.012729703448712826
2485,0.010866347700357437,0.012327739968895912
2486,0.029399825260043144,0.014066735282540321
2487,0.1726934164762497,0.011762207373976707
2488,0.05967487767338753,0.008044233545660973
2489,0.07564717531204224,0.006384961772710085
2490,0.06959456205368042,0.011600079014897346
2491,0.03449150547385216,0.015240990556776524
2492,0.07268743962049484,0.010992255061864853
2493,0.09543389081954956,0.012270617298781872
2494,0.1854114681482315,0.02264378033578396
2495,0.31131836771965027,0.010877891443669796
2496,0.07386751472949982,0.030113056302070618
2497,0.07275142520666122,0.02666277065873146
2498,0.043228402733802795,0.010755132883787155
2499,0.04475543275475502,0.02455868571996689
2500,0.08423345535993576,0.008618989028036594
2501,0.045917026698589325,0.02211160399019718
2502,0.07907209545373917,0.031637370586395264
2503,0.33731305599212646,0.04370316490530968
2504,0.04112588241696358,0.006544802337884903
2505,0.07009333372116089,0.014690889976918697
2506,0.09597879648208618,0.01475366298109293
2507,0.13705524802207947,0.0332631878554821
2508,0.05992506071925163,0.03389066457748413
2509,0.1828051507472992,0.011233566328883171
2510,0.20695139467716217,0.0208103209733963
2511,0.09392116218805313,0.011375284753739834
2512,0.036481935530900955,0.0035431443247944117
2513,0.01736287586390972,0.013845561072230339
2514,0.02473365142941475,0.011750341393053532
2515,0.028577696532011032,0.009313556365668774
2516,0.03931161388754845,0.007034584414213896
2517,0.06498371809720993,0.010554005391895771
2518,0.2091861516237259,0.013197355903685093
2519,0.02201061323285103,0.014552557840943336
2520,0.0410071536898613,0.02809828519821167
2521,0.03845740109682083,0.021931571885943413
2522,0.6443114280700684,0.03113553114235401
2523,0.10977483540773392,0.01715138927102089
2524,0.11893296986818314,0.04590793699026108
2525,0.050858356058597565,0.00842854380607605
2526,0.1456471085548401,0.0060427021235227585
2527,0.050094228237867355,0.014454653486609459
2528,0.0421939454972744,0.013550405390560627
2529,0.05092053860425949,0.014197513461112976
2530,0.2260640561580658,0.02449941076338291
2531,0.1976965069770813,0.02078413963317871
2532,0.06586545705795288,0.020141366869211197
2533,0.11900942772626877,0.017428331077098846
2534,0.16338947415351868,0.020339693874120712
2535,0.10861995071172714,0.020886747166514397
2536,0.17106518149375916,0.01595247909426689
2537,0.29667598009109497,0.010585597716271877
2538,0.0965249240398407,0.007806427776813507
2539,0.15630227327346802,0.06408102065324783
2540,0.04729289561510086,0.02336026355624199
2541,0.05829776078462601,0.0075678639113903046
2542,0.05020920932292938,0.01896294578909874
2543,0.040227580815553665,0.011265174485743046
2544,0.04088000953197479,0.03177320957183838
2545,0.058301690965890884,0.006897381506860256
2546,0.059163495898246765,0.01896924152970314
2547,0.04217769205570221,0.020799709483981133
2548,0.029247667640447617,0.010200656950473785
2549,0.10502182692289352,0.013075601309537888
2550,0.17753273248672485,0.013862905092537403
2551,0.06681311130523682,0.019006837159395218
2552,0.09799101203680038,0.04230347275733948
2553,0.0273959469050169,0.005292437970638275
2554,0.027805428951978683,0.006190374959260225
2555,0.07422569394111633,0.005789322312921286
2556,0.0886538028717041,0.008313947357237339
2557,0.07586470991373062,0.018174026161432266
2558,0.1352861374616623,0.02740221843123436
2559,0.052610233426094055,0.02156464196741581
2560,0.02346462570130825,0.007815816439688206
2561,0.04978083074092865,0.032654374837875366
2562,0.1022619903087616,0.019088609144091606
2563,0.08988425135612488,0.00626620277762413
2564,0.1658223420381546,0.019310113042593002
2565,0.15960343182086945,0.02569669857621193
2566,0.04458509013056755,0.030312268063426018
2567,0.038003016263246536,0.008396204560995102
2568,0.05517769604921341,0.004357519559562206
2569,0.04627327620983124,0.008176443167030811
2570,0.01970810815691948,0.013385987840592861
2571,0.04713091999292374,0.003663248149678111
2572,0.03991309553384781,0.017267348244786263
2573,0.036883022636175156,0.011434528045356274
2574,0.05399641394615173,0.010978063568472862
2575,0.043270938098430634,0.010923903435468674
2576,0.10213650017976761,0.006248421501368284
2577,0.08494962751865387,0.009616713970899582
2578,0.14277318120002747,0.028564170002937317
2579,0.35945364832878113,0.016101554036140442
2580,0.23280687630176544,0.021712912246584892
2581,0.0804515853524208,0.012957535684108734
2582,0.10411544889211655,0.00473323930054903
2583,0.02108566090464592,0.016624877229332924
2584,0.02144589088857174,0.020734630525112152
2585,0.04677248373627663,0.002333605894818902
2586,0.06816810369491577,0.014811757020652294
2587,0.22582131624221802,0.05006049573421478
2588,0.43802815675735474,0.012124553322792053
2589,0.03878959268331528,0.013166830874979496
2590,0.05591265857219696,0.024008359760046005
2591,0.10045789182186127,0.008883008733391762
2592,0.1581781804561615,0.020880991593003273
2593,0.09895680844783783,0.01370508037507534
2594,0.33553022146224976,0.004250090569257736
2595,0.13632707297801971,0.03875356167554855
2596,0.1854708045721054,0.028792625293135643
2597,0.14529499411582947,0.05710495263338089
2598,0.1895691156387329,0.0176902674138546
2599,0.07731707394123077,0.021284934133291245
2600,0.03579194098711014,0.010928884148597717
2601,0.16477693617343903,0.006070900708436966
2602,0.06236554682254791,0.02919280156493187
2603,0.0928896889090538,0.019125718623399734
2604,0.13647256791591644,0.06321131438016891
2605,0.052024953067302704,0.01041596569120884
2606,0.12479424476623535,0.00918519590049982
2607,0.08449108898639679,0.014174315147101879
2608,0.08748319745063782,0.00935451127588749
2609,0.037767790257930756,0.01107470691204071
2610,0.12045333534479141,0.02529149502515793
2611,0.18625834584236145,0.0110244769603014
2612,0.18564477562904358,0.013749778270721436
2613,0.07352516800165176,0.015452238731086254
2614,0.036640822887420654,0.022181546315550804
2615,0.18519756197929382,0.013772647827863693
2616,0.1573030948638916,0.0240562092512846
2617,0.18292085826396942,0.019511409103870392
2618,0.04084266722202301,0.0064179133623838425
2619,0.13866238296031952,0.005461046937853098
2620,0.11701548099517822,0.01217703241854906
2621,0.04070621728897095,0.011004406027495861
2622,0.10331430286169052,0.021652650088071823
2623,0.043950144201517105,0.015928616747260094
2624,0.06439658254384995,0.008990729227662086
2625,0.05678024888038635,0.005046061705797911
2626,0.05320635065436363,0.03778461366891861
2627,0.015410559251904488,0.018003441393375397
2628,0.0338197723031044,0.013188168406486511
2629,0.07238639891147614,0.0031013465486466885
2630,0.04260098934173584,0.017038127407431602
2631,0.1060323566198349,0.021002432331442833
2632,0.035788629204034805,0.013166854158043861
2633,0.053310826420784,0.009433545172214508
2634,0.0653558075428009,0.006002375856041908
2635,0.04066241532564163,0.008281970396637917
2636,0.047064922749996185,0.00937459897249937
2637,0.0566958487033844,0.006266948767006397
2638,0.048891372978687286,0.004755597561597824
2639,0.18385307490825653,0.02280426397919655
2640,0.15819689631462097,0.014643806964159012
2641,0.09750115126371384,0.011036125011742115
2642,0.17589637637138367,0.0476808026432991
2643,0.21274292469024658,0.02113283984363079
2644,0.20359018445014954,0.02869471162557602
2645,0.0645667165517807,0.01684555783867836
2646,0.11338460445404053,0.008878936991095543
2647,0.42076027393341064,0.005562605336308479
2648,0.05922326073050499,0.02664095349609852
2649,0.2403475046157837,0.03545539081096649
2650,0.1672915667295456,0.034767016768455505
2651,0.08788799494504929,0.012060508131980896
2652,0.045442964881658554,0.03442860394716263
2653,0.04770398885011673,0.04989556968212128
2654,0.2643250524997711,0.03630773723125458
2655,0.41244637966156006,0.057624030858278275
2656,0.2722606360912323,0.02261427789926529
2657,0.03378620371222496,0.0317680798470974
2658,0.06822645664215088,0.017788562923669815
2659,0.12386003136634827,0.015921689569950104
2660,0.05775581672787666,0.008879309520125389
2661,0.062291424721479416,0.00418278481811285
2662,0.2520178258419037,0.01743483729660511
2663,0.07127047330141068,0.005155645310878754
2664,0.1164608895778656,0.0092569375410676
2665,0.06787623465061188,0.011031871661543846
2666,0.04865278676152229,0.11722605675458908
2667,0.01841544173657894,0.004698232747614384
2668,0.0362338125705719,0.0309840627014637
2669,0.06348341703414917,0.018763013184070587
2670,0.1286509484052658,0.01582595705986023
2671,0.07918357849121094,0.02807304821908474
2672,0.02076413482427597,0.035011593252420425
2673,0.17375315725803375,0.019364388659596443
2674,0.06223343312740326,0.02476024068892002
2675,0.12957127392292023,0.01225594338029623
2676,0.12334072589874268,0.008999671787023544
2677,0.040121376514434814,0.008091526105999947
2678,0.07304933667182922,0.013213667087256908
2679,0.07545312494039536,0.030908726155757904
2680,0.04497978836297989,0.02369728311896324
2681,0.03125329688191414,0.018491992726922035
2682,0.09297773241996765,0.009101948700845242
2683,0.07030746340751648,0.007460246793925762
2684,0.1676018387079239,0.0024470314383506775
2685,0.03846267610788345,0.010703254491090775
2686,0.05760382115840912,0.014028281904757023
2687,0.027440641075372696,0.018943723291158676
2688,0.09404995292425156,0.02974943071603775
2689,0.056146040558815,0.01942327246069908
2690,0.09501299262046814,0.047171082347631454
2691,0.04360067471861839,0.027609817683696747
2692,0.05438300222158432,0.005384220741689205
2693,0.14684534072875977,0.00806056521832943
2694,0.08112549781799316,0.006331333890557289
2695,0.02138759195804596,0.007121897302567959
2696,0.1063460260629654,0.012541894800961018
2697,0.18114018440246582,0.029562314972281456
2698,0.10274825245141983,0.008876942098140717
2699,0.08635106682777405,0.02807018719613552
2700,0.05785643309354782,0.018358999863266945
2701,0.13429026305675507,0.006624012719839811
2702,0.053957488387823105,0.011333266273140907
2703,0.12437455356121063,0.0026116606313735247
2704,0.030830882489681244,0.011492135003209114
2705,0.643257200717926,0.01257454976439476
2706,0.4750073552131653,0.01453082449734211
2707,0.2423425316810608,0.02032420039176941
2708,0.09840990602970123,0.038914650678634644
2709,0.06256327033042908,0.10741269588470459
2710,0.2310403436422348,0.07902393490076065
2711,0.13976888358592987,0.05793927609920502
2712,0.121194988489151,0.03113837167620659
2713,0.20351895689964294,0.05422478914260864
2714,0.09318538010120392,0.014312535524368286
2715,0.15250927209854126,0.031257860362529755
2716,0.1842217743396759,0.04016238451004028
2717,0.029859023168683052,0.013340595178306103
2718,0.13349908590316772,0.00775940902531147
2719,0.23292911052703857,0.060148220509290695
2720,0.06577925384044647,0.02681424468755722
2721,0.10342980921268463,0.0119074871763587
2722,0.06143234670162201,0.021315835416316986
2723,0.0642506405711174,0.06333315372467041
2724,0.21574506163597107,0.08623175323009491
2725,0.07810607552528381,0.07383803278207779
2726,0.2609786093235016,0.012934872880578041
2727,0.11448615789413452,0.030575040727853775
2728,0.05997334420681,0.04914819449186325
2729,0.030733797699213028,0.04515774920582771
2730,0.07884196192026138,0.0095414649695158
2731,0.15219679474830627,0.02069755084812641
2732,0.1302875131368637,0.01771228015422821
2733,0.10165327042341232,0.01943613775074482
2734,0.0744425430893898,0.016809485852718353
2735,0.10116177052259445,0.0225217305123806
2736,0.08161342144012451,0.017610354349017143
2737,0.09837085753679276,0.01731322519481182
2738,0.08118151128292084,0.00822895485907793
2739,0.03060009703040123,0.0107087641954422
2740,0.08118291199207306,0.009025629609823227
2741,0.03992496430873871,0.009726463817059994
2742,0.030377887189388275,0.00988734606653452
2743,0.06421874463558197,0.054679226130247116
2744,0.15028968453407288,0.049986179918050766
2745,0.035805534571409225,0.034637726843357086
2746,0.0534127801656723,0.049395959824323654
2747,0.04846500605344772,0.02122216671705246
2748,0.07799210399389267,0.08256354928016663
2749,0.021458415314555168,0.005016057286411524
2750,0.051042988896369934,0.01604953035712242
2751,0.08364573121070862,0.04512568935751915
2752,0.049131158739328384,0.004378431476652622
2753,0.33285272121429443,0.05058182403445244
2754,0.11917764693498611,0.016721710562705994
2755,0.05815187096595764,0.00844072550535202
2756,0.10075662285089493,0.014183001592755318
2757,0.04842858389019966,0.004671766422688961
2758,0.15857985615730286,0.011982941068708897
2759,0.0527786910533905,0.01161737460643053
2760,0.03785140439867973,0.012920317240059376
2761,0.15582042932510376,0.01075235940515995
2762,0.10762815177440643,0.010034327395260334
2763,0.11934550106525421,0.017960619181394577
2764,0.215137779712677,0.0018949179211631417
2765,0.09429685771465302,0.009870138019323349
2766,0.08774362504482269,0.0038706338964402676
2767,0.04488909989595413,0.019576895982027054
2768,0.043699849396944046,0.013856932520866394
2769,0.1214790791273117,0.020877724513411522
2770,0.18682867288589478,0.027386102825403214
2771,0.23968754708766937,0.029461432248353958
2772,0.27950382232666016,0.05926425755023956
2773,0.10864384472370148,0.009097177535295486
2774,0.1257731020450592,0.013079570606350899
2775,0.073725126683712,0.050714559853076935
2776,0.020863749086856842,0.02306290715932846
2777,0.08791749179363251,0.02042723447084427
2778,0.017249006778001785,0.01248225849121809
2779,0.043386925011873245,0.016857560724020004
2780,0.05327501893043518,0.014618879184126854
2781,0.011128819547593594,0.01992454007267952
2782,0.03911595791578293,0.010512521490454674
2783,0.1095598042011261,0.039986610412597656
2784,0.04059974104166031,0.011957739479839802
2785,0.13472971320152283,0.012815121561288834
2786,0.27664873003959656,0.009413424879312515
2787,0.13193602859973907,0.027565183117985725
2788,0.1407507359981537,0.010508724488317966
2789,0.1670082062482834,0.02299719676375389
2790,0.10773449391126633,0.021148230880498886
2791,0.07328497618436813,0.010413702577352524
2792,0.11082086712121964,0.009714942425489426
2793,0.08512815088033676,0.010544110089540482
2794,0.05035286769270897,0.017280088737607002
2795,0.023431869223713875,0.01908050663769245
2796,0.05528465285897255,0.019527509808540344
2797,0.04302400350570679,0.02946203388273716
2798,0.015872424468398094,0.013265215791761875
2799,0.046917110681533813,0.010128512978553772
2800,0.06948109716176987,0.019100362434983253
2801,0.04527248069643974,0.015514271333813667
2802,0.112819604575634,0.017632463946938515
2803,0.06823956966400146,0.04126281291246414
2804,0.3326480984687805,0.03514224663376808
2805,0.13787832856178284,0.019441917538642883
2806,0.05943818390369415,0.016326114535331726
2807,0.11692513525485992,0.014574640430510044
2808,0.08514875173568726,0.014293749816715717
2809,0.10451605916023254,0.01911689154803753
2810,0.042153432965278625,0.022132620215415955
2811,0.032860010862350464,0.03522402420639992
2812,0.42830801010131836,0.027068395167589188
2813,0.8852300643920898,0.011439483612775803
2814,0.2591559886932373,0.013004111126065254
2815,0.2479766309261322,0.04111677035689354
2816,0.04591187834739685,0.0034796511754393578
2817,0.07559747993946075,0.01521607767790556
2818,0.059306081384420395,0.023786116391420364
2819,0.08357591927051544,0.007729945704340935
2820,0.07686369121074677,0.010833872482180595
2821,0.11661064624786377,0.005993339698761702
2822,0.2399490922689438,0.008912701159715652
2823,0.08812157064676285,0.011248502880334854
2824,0.06168743968009949,0.014310687780380249
2825,0.08937641233205795,0.01895150914788246
2826,0.07745886594057083,0.008242352865636349
2827,0.07746414095163345,0.006582773290574551
2828,0.14773520827293396,0.016146155074238777
2829,0.6444041132926941,0.08213359862565994
2830,0.16178634762763977,0.040610216557979584
2831,0.2259649932384491,0.04779370129108429
2832,0.17852796614170074,0.01103159599006176
2833,0.1986975222826004,0.12680880725383759
2834,0.11334885656833649,0.012173580937087536
2835,0.06669522076845169,0.0080772265791893
2836,0.15535548329353333,0.00859895721077919
2837,0.08465703576803207,0.03437627851963043
2838,0.052489280700683594,0.01704106666147709
2839,0.03788439929485321,0.02734990231692791
2840,0.10883308947086334,0.013431457802653313
2841,0.2484959363937378,0.011246362701058388
2842,0.1616676300764084,0.032516125589609146
2843,0.13660281896591187,0.03265051543712616
2844,0.04813627898693085,0.02348979562520981
2845,0.02008337713778019,0.023251887410879135
2846,0.07216177880764008,0.008268994279205799
2847,0.12454137206077576,0.024174321442842484
2848,0.08350156992673874,0.018163548782467842
2849,0.048982612788677216,0.013118290342390537
2850,0.07891765981912613,0.012855179607868195
2851,0.1436823606491089,0.0173521526157856
2852,0.03949790075421333,0.016461018472909927
2853,0.0696667805314064,0.028478721156716347
2854,0.08989549428224564,0.012288875877857208
2855,0.12063038349151611,0.012371325865387917
2856,0.09634809195995331,0.029451441019773483
2857,0.09974411875009537,0.009901223704218864
2858,0.03756308555603027,0.0053894054144620895
2859,0.11129504442214966,0.008190860040485859
2860,0.04830104857683182,0.016479134559631348
2861,0.04417620599269867,0.022251568734645844
2862,0.03224031999707222,0.012682084925472736
2863,0.09539231657981873,0.024940216913819313
2864,0.019737128168344498,0.010295247659087181
2865,0.07734053581953049,0.007599919103085995
2866,0.05611179396510124,0.004725455306470394
2867,0.059759750962257385,0.002480825874954462
2868,0.052325766533613205,0.024264885112643242
2869,0.10664327442646027,0.024788545444607735
2870,0.08023108541965485,0.040762677788734436
2871,0.06716536730527878,0.01916208676993847
2872,0.7127768397331238,0.01887127198278904
2873,0.15877673029899597,0.021627044305205345
2874,0.08460856229066849,0.015047636814415455
2875,0.056339964270591736,0.0226235743612051
2876,0.07667222619056702,0.023700030520558357
2877,0.07392384111881256,0.031087294220924377
2878,0.09651549160480499,0.01849517598748207
2879,0.14936786890029907,0.05319783836603165
2880,0.23463156819343567,0.019761264324188232
2881,0.1896210014820099,0.009303106926381588
2882,0.1816820651292801,0.007102929055690765
2883,0.049616675823926926,0.014633546583354473
2884,0.0887383222579956,0.005168435163795948
2885,0.04561476781964302,0.00918652955442667
2886,0.10549677163362503,0.00826706737279892
2887,0.10969853401184082,0.02473873645067215
2888,0.07357147336006165,0.005785414017736912
2889,0.12838277220726013,0.004577168263494968
2890,0.13394059240818024,0.004878556355834007
2891,0.06465642154216766,0.005491757765412331
2892,0.08096487075090408,0.012132582254707813
2893,0.03987206891179085,0.025929929688572884
2894,0.04906994849443436,0.009183406829833984
2895,0.05895332992076874,0.01165753323584795
2896,0.09183873236179352,0.01568775437772274
2897,0.17760944366455078,0.006772902794182301
2898,0.01949853077530861,0.012963037937879562
2899,0.07590633630752563,0.008858541958034039
2900,0.19553391635417938,0.05176472291350365
2901,0.06520126760005951,0.011471853591501713
2902,0.08562584966421127,0.007947730831801891
2903,0.0730377808213234,0.020708870142698288
2904,0.048198550939559937,0.0084371417760849
2905,0.06781156361103058,0.012346548959612846
2906,0.06420762836933136,0.015905315056443214
2907,0.08944470435380936,0.017132291570305824
2908,0.05936003848910332,0.008731735870242119
2909,0.10977498441934586,0.013206514529883862
2910,0.12227752059698105,0.011777791194617748
2911,0.07584811002016068,0.030423074960708618
2912,0.05971064791083336,0.0225614495575428
2913,0.08040953427553177,0.013217742554843426
2914,0.20335528254508972,0.027026087045669556
2915,0.13057741522789001,0.02382458560168743
2916,0.01216716505587101,0.02124244160950184
2917,0.06866957992315292,0.026776541024446487
2918,0.10784561932086945,0.01753106713294983
2919,0.05093447118997574,0.014365256763994694
2920,0.10850007832050323,0.03320993483066559
2921,0.07911041378974915,0.03413696214556694
2922,0.03478940203785896,0.01686260849237442
2923,0.0458594411611557,0.0014666825300082564
2924,0.029672855511307716,0.015749404206871986
2925,0.05426257848739624,0.009042559191584587
2926,0.07334033399820328,0.011249595321714878
2927,0.20701594650745392,0.012450819835066795
2928,0.07827736437320709,0.020563706755638123
2929,0.026959089562296867,0.017910150811076164
2930,0.1440475881099701,0.025672081857919693
2931,0.0679628998041153,0.013199718669056892
2932,0.05129939317703247,0.014878252521157265
2933,0.20329788327217102,0.0195646733045578
2934,0.10486732423305511,0.015435794368386269
2935,0.04509374126791954,0.023371683433651924
2936,0.05309286713600159,0.009708890691399574
2937,0.03477461636066437,0.018104037269949913
2938,0.2249014526605606,0.014487646520137787
2939,0.09463770687580109,0.015812315046787262
2940,0.0700368732213974,0.00833062268793583
2941,0.08798583596944809,0.049549855291843414
2942,0.027910182252526283,0.00792456604540348
2943,0.09832236170768738,0.02002868242561817
2944,0.09061906486749649,0.006504803895950317
2945,0.12998247146606445,0.008932710625231266
2946,0.40646955370903015,0.06389238685369492
2947,0.013352550566196442,0.012234192341566086
2948,0.050137534737586975,0.017803557217121124
2949,0.05508441478013992,0.03159324824810028
2950,0.021459808573126793,0.013030615635216236
2951,0.010879049077630043,0.017310287803411484
2952,0.30198925733566284,0.008920807391405106
2953,0.05370994284749031,0.01069917343556881
2954,0.04398345202207565,0.004575725644826889
2955,0.03727946802973747,0.010970165953040123
2956,0.08920897543430328,0.01743546687066555
2957,0.1742595136165619,0.019833076745271683
2958,0.06404902040958405,0.009122423827648163
2959,0.07996265590190887,0.018697701394557953
2960,0.09785604476928711,0.013849781826138496
2961,0.08051380515098572,0.009166533127427101
2962,0.05921674892306328,0.013313968665897846
2963,0.31828898191452026,0.014930689707398415
2964,0.14612436294555664,0.03497984632849693
2965,0.044547516852617264,0.025989850983023643
2966,0.02195594646036625,0.007413024548441172
2967,0.07566699385643005,0.018674662336707115
2968,0.04122951626777649,0.005646166857331991
2969,0.060626719146966934,0.017133139073848724
2970,0.23392847180366516,0.0012986436486244202
2971,0.04677650332450867,0.01308378204703331
2972,0.043540507555007935,0.024362662807106972
2973,0.1395227015018463,0.01709980145096779
2974,0.24921219050884247,0.03593788295984268
2975,0.10166063159704208,0.019888870418071747
2976,0.11589166522026062,0.013560159131884575
2977,0.06587918847799301,0.017503952607512474
2978,0.02738310396671295,0.00664293160662055
2979,0.303678959608078,0.007840238511562347
2980,0.020502666011452675,0.014325249940156937
2981,0.0915449857711792,0.014133645221590996
2982,0.03654521331191063,0.012027568183839321
2983,0.035067811608314514,0.023215357214212418
2984,0.07031607627868652,0.010907772928476334
2985,0.07293912768363953,0.009852785617113113
2986,0.22680000960826874,0.013811497017741203
2987,0.18355584144592285,0.052003175020217896
2988,0.05341944098472595,0.02935747615993023
2989,0.02610314078629017,0.017421305179595947
2990,0.027188900858163834,0.008558643981814384
2991,0.07228147238492966,0.02313936874270439
2992,0.06568985432386398,0.024452827870845795
2993,0.031645894050598145,0.01128508523106575
2994,0.06962514668703079,0.015492561273276806
2995,0.036673787981271744,0.007724573835730553
2996,0.10878600180149078,0.017982738092541695
2997,0.16933971643447876,0.05645220726728439
2998,0.13761530816555023,0.024686571210622787
2999,0.08985257893800735,0.03251722827553749
3000,0.1146935448050499,0.03355111554265022
3001,0.1331656277179718,0.03836837410926819
3002,0.06251297891139984,0.006057034246623516
3003,0.05964779108762741,0.03623107820749283
3004,0.032660871744155884,0.03839988261461258
3005,0.16283439099788666,0.015266516245901585
3006,0.14122816920280457,0.013983212411403656
3007,0.02959221601486206,0.007613557856529951
3008,0.11634129285812378,0.012265658006072044
3009,0.08281955122947693,0.020237885415554047
3010,0.30632099509239197,0.025344718247652054
3011,0.13937807083129883,0.02730739489197731
3012,0.1127198189496994,0.010036292485892773
3013,0.10162194073200226,0.037409089505672455
3014,0.026617731899023056,0.009106540121138096
3015,0.044743139296770096,0.007611406501382589
3016,0.061013951897621155,0.03287653252482414
3017,0.02261190302670002,0.012810568325221539
3018,0.027529656887054443,0.0453648567199707
3019,0.15916290879249573,0.01021493598818779
3020,0.02317858301103115,0.018028054386377335
3021,0.1023705005645752,0.02436528354883194
3022,0.13723279535770416,0.017430627718567848
3023,0.0690278708934784,0.01262492686510086
3024,0.0683845579624176,0.01604331098496914
3025,0.05195740982890129,0.00799326878041029
3026,0.07345527410507202,0.021140282973647118
3027,0.02838585153222084,0.01380554772913456
3028,0.05625621974468231,0.012857198715209961
3029,0.07764048129320145,0.02014571987092495
3030,0.03482440859079361,0.009301125071942806
3031,0.07180860638618469,0.015608010813593864
3032,0.05572367459535599,0.012227185070514679
3033,0.245205819606781,0.014290237799286842
3034,0.2112041413784027,0.009438399225473404
3035,0.06339949369430542,0.0446489080786705
3036,0.021011199802160263,0.014339465647935867
3037,0.04056183248758316,0.01754436269402504
3038,0.14352108538150787,0.02651592716574669
3039,0.12732085585594177,0.0209964532405138
3040,0.1841808408498764,0.013866066001355648
3041,0.05608966946601868,0.006607284769415855
3042,0.03230244666337967,0.008715219795703888
3043,0.2107982486486435,0.013761174865067005
3044,0.07563607394695282,0.028486300259828568
3045,0.12030038237571716,0.013859969563782215
3046,0.08920888602733612,0.013360175304114819
3047,0.0292228814214468,0.012493060901761055
3048,0.0388721227645874,0.009957870468497276
3049,0.06211208552122116,0.03909974545240402
3050,0.082289919257164,0.026012402027845383
3051,0.04507782310247421,0.022143403068184853
3052,0.10620459169149399,0.05425887554883957
3053,0.15693238377571106,0.010874205268919468
3054,0.15038996934890747,0.019489504396915436
3055,0.06844818592071533,0.012631431221961975
3056,0.06374938786029816,0.009303823113441467
3057,0.0541541613638401,0.0033938053529709578
3058,0.09473254531621933,0.009671825915575027
3059,0.10643418878316879,0.010822584852576256
3060,0.039742499589920044,0.020114000886678696
3061,0.01684453710913658,0.010932101868093014
3062,0.13986411690711975,0.03295525535941124
3063,0.14288045465946198,0.028742847964167595
3064,0.06538412719964981,0.024021776393055916
3065,0.1220899373292923,0.022680005058646202
3066,0.15043286979198456,0.021551480516791344
3067,0.07503844797611237,0.008633028715848923
3068,0.4685179591178894,0.029004348441958427
3069,0.09470809251070023,0.01429304014891386
3070,0.07428939640522003,0.014184977859258652
3071,0.07104241102933884,0.011834824457764626
3072,0.05670350417494774,0.009597143158316612
3073,0.038740385323762894,0.004905219655483961
3074,0.045821722596883774,0.006859316024929285
3075,0.04043710231781006,0.024628467857837677
3076,0.06389669328927994,0.05095156654715538
3077,0.07507184147834778,0.0076801166869699955
3078,0.16128966212272644,0.020306557416915894
3079,0.06884041428565979,0.004176601767539978
3080,0.1012686938047409,0.013690590858459473
3081,0.07724810391664505,0.004210229497402906
3082,0.2615087628364563,0.022869842126965523
3083,0.16315428912639618,0.029605111107230186
3084,0.07494013011455536,0.047916267067193985
3085,0.06542281806468964,0.011920682154595852
3086,0.11938905715942383,0.008642557077109814
3087,0.14016322791576385,0.05539216846227646
3088,0.05957655981183052,0.007828395813703537
3089,0.08743118494749069,0.0211504939943552
3090,0.04747144877910614,0.006623357068747282
3091,0.04444480687379837,0.017037557438015938
3092,0.05422148481011391,0.017805282026529312
3093,0.1637301743030548,0.033815670758485794
3094,0.15202021598815918,0.007629693485796452
3095,0.0971875786781311,0.018146362155675888
3096,0.0886547788977623,0.039001837372779846
3097,0.04679470509290695,0.012881089001893997
3098,0.09903652966022491,0.008536442182958126
3099,0.06409991532564163,0.007248053327202797
3100,0.08132802695035934,0.024220991879701614
3101,0.0802951529622078,0.0155649958178401
3102,0.08638377487659454,0.003753330558538437
3103,0.07407014816999435,0.00574970617890358
3104,0.11847220361232758,0.007285413797944784
3105,0.10954183340072632,0.0276964008808136
3106,0.058514829725027084,0.007721797097474337
3107,0.09896256774663925,0.0051187314093112946
3108,0.17511482536792755,0.010351032018661499
3109,0.05722178518772125,0.007188556250184774
3110,0.06782785058021545,0.009014109149575233
3111,0.04236539080739021,0.012962180189788342
3112,0.050320494920015335,0.04008755460381508
3113,0.15597306191921234,0.014860621653497219
3114,0.1938890665769577,0.01044674776494503
3115,0.06613121181726456,0.012143448926508427
3116,0.08728042989969254,0.022528361529111862
3117,0.13011957705020905,0.011437938548624516
3118,0.10025440901517868,0.006881767883896828
3119,0.13382768630981445,0.006154954433441162
3120,0.10499880462884903,0.015271773561835289
3121,0.11616688221693039,0.04516418278217316
3122,0.11228780448436737,0.014930058270692825
3123,0.02294137515127659,0.0035470176953822374
3124,0.03112410567700863,0.011644484475255013
3125,0.01700424961745739,0.004132280591875315
3126,0.05870995670557022,0.04203980043530464
3127,0.07011234015226364,0.013128090649843216
3128,0.045083485543727875,0.00525064067915082
3129,0.25635987520217896,0.010531342588365078
3130,0.052463069558143616,0.011070134118199348
3131,0.15973623096942902,0.0030363737605512142
3132,0.035523656755685806,0.017743131145834923
3133,0.2473723292350769,0.009745794348418713
3134,0.1757672280073166,0.015251759439706802
3135,0.08313054591417313,0.03199561685323715
3136,0.07858535647392273,0.0033075695391744375
3137,0.035169877111911774,0.010247113183140755
3138,0.06007689610123634,0.03343356028199196
3139,0.049719907343387604,0.017532920464873314
3140,0.11174438148736954,0.015547833405435085
3141,0.0687275305390358,0.02780093066394329
3142,0.10730850696563721,0.010632000863552094
3143,0.08233490586280823,0.007925517857074738
3144,0.1344665288925171,0.024179920554161072
3145,0.04274749010801315,0.008023196831345558
3146,0.0706411749124527,0.009520293213427067
3147,0.21563388407230377,0.014612826518714428
3148,0.3023448884487152,0.012756424024701118
3149,0.20969779789447784,0.039431698620319366
3150,0.08056680858135223,0.010752921923995018
3151,0.0891910120844841,0.003993989899754524
3152,0.048026103526353836,0.020437536761164665
3153,0.16124948859214783,0.015692517161369324
3154,0.025265276432037354,0.01775675266981125
3155,0.05025841295719147,0.034364283084869385
3156,0.031492091715335846,0.009397032670676708
3157,0.041870832443237305,0.010606030002236366
3158,0.05542204529047012,0.009798504412174225
3159,0.17934419214725494,0.03529653698205948
3160,0.0609738789498806,0.021434906870126724
3161,0.06415525078773499,0.02113686501979828
3162,0.05408649891614914,0.02189669758081436
3163,0.12321856617927551,0.02097262442111969
3164,0.07143407315015793,0.006013594102114439
3165,0.15344181656837463,0.025070257484912872
3166,0.11927781999111176,0.006904807407408953
3167,0.1151452586054802,0.011223586276173592
3168,0.11815620213747025,0.009962322190403938
3169,0.04163997620344162,0.014004714787006378
3170,0.19860564172267914,0.08324828743934631
3171,0.21237792074680328,0.02506515383720398
3172,0.30871590971946716,0.020491480827331543
3173,0.0513700433075428,0.012530523352324963
3174,0.07609310001134872,0.002915804274380207
3175,0.11951474845409393,0.003889517392963171
3176,0.0844743624329567,0.022821733728051186
3177,0.06252485513687134,0.01289806142449379
3178,0.025637391954660416,0.016474120318889618
3179,0.033027518540620804,0.03479606658220291
3180,0.10312548279762268,0.023986395448446274
3181,0.19217613339424133,0.024393273517489433
3182,0.06730367988348007,0.03205695375800133
3183,0.08517766743898392,0.014153357595205307
3184,0.05998009070754051,0.02189718559384346
3185,0.05237405002117157,0.025666050612926483
3186,0.11742570996284485,0.0032497604843229055
3187,0.04329228773713112,0.00829358585178852
3188,0.035233113914728165,0.014465468004345894
3189,0.04495982825756073,0.011756069958209991
3190,0.0773627907037735,0.006183091085404158
3191,0.05215885490179062,0.03976018354296684
3192,0.13644945621490479,0.039105333387851715
3193,0.10562477260828018,0.0030165582429617643
3194,0.0611816942691803,0.030518541112542152
3195,0.07188231498003006,0.020233213901519775
3196,0.16238200664520264,0.014045330695807934
3197,0.1319998800754547,0.011883441358804703
3198,0.16070236265659332,0.011693987064063549
3199,0.0639231726527214,0.05357123166322708
3200,0.04965118318796158,0.03805882856249809
3201,0.03058493696153164,0.01038232259452343
3202,0.03800485283136368,0.01321997307240963
3203,0.03442511707544327,0.005309436470270157
3204,0.04145101085305214,0.00880179088562727
3205,0.09251422435045242,0.019932877272367477
3206,0.04360954836010933,0.010061579756438732
3207,0.05372222512960434,0.01745329611003399
3208,0.04363013803958893,0.02519112080335617
3209,0.0462825782597065,0.01689464971423149
3210,0.09665124118328094,0.009336835704743862
3211,0.034069277346134186,0.0035180493723601103
3212,0.052289873361587524,0.047361068427562714
3213,0.27813881635665894,0.018758155405521393
3214,0.21783266961574554,0.02727479487657547
3215,0.28344017267227173,0.0522339791059494
3216,0.05573993921279907,0.01211618073284626
3217,0.05928758904337883,0.015283787623047829
3218,0.01795090362429619,0.007851380854845047
3219,0.15406693518161774,0.018144983798265457
3220,0.0865330845117569,0.011364327743649483
3221,0.094973623752594,0.021135011687874794
3222,0.08624983578920364,0.010594688355922699
3223,0.2181757688522339,0.007134204264730215
3224,0.04611491411924362,0.018532343208789825
3225,0.03180443122982979,0.03687691688537598
3226,0.026663312688469887,0.008743928745388985
3227,0.09660995006561279,0.009470086544752121
3228,0.14134204387664795,0.004396820906549692
3229,0.11281435936689377,0.009610367007553577
3230,0.1605638712644577,0.019582116976380348
3231,0.052650898694992065,0.023358264937996864
3232,0.0850147157907486,0.010026821866631508
3233,0.025451062247157097,0.011868816800415516
3234,0.06698260456323624,0.022976282984018326
3235,0.0716615542769432,0.013971082866191864
3236,0.058091647922992706,0.008464185521006584
3237,0.35087162256240845,0.010871972888708115
3238,0.09231681376695633,0.018033884465694427
3239,0.17977330088615417,0.014505794271826744
3240,0.16933540999889374,0.017694566398859024
3241,0.08110925555229187,0.008021306246519089
3242,0.026745298877358437,0.01007149275392294
3243,0.0823763832449913,0.009585567750036716
3244,0.15357749164104462,0.014640318229794502
3245,0.04761362075805664,0.004648176487535238
3246,0.0965806245803833,0.03276963159441948
3247,0.11012368649244308,0.013421697542071342
3248,0.04442145675420761,0.027282513678073883
3249,0.03856091946363449,0.016439290717244148
3250,0.10129306465387344,0.008887839503586292
3251,0.06150615215301514,0.009941580705344677
3252,0.2118924856185913,0.030866097658872604
3253,0.3093041181564331,0.0037425681948661804
3254,0.16152077913284302,0.021125774830579758
3255,0.13302505016326904,0.028217393904924393
3256,0.07364320755004883,0.04447473585605621
3257,0.09869249165058136,0.05030751973390579
3258,0.13435116410255432,0.01587352529168129
3259,0.21378304064273834,0.009077658876776695
3260,0.340599000453949,0.014923976734280586
3261,0.05553674325346947,0.012576082721352577
3262,0.04757894575595856,0.01977323554456234
3263,0.16820642352104187,0.011281216517090797
3264,0.07456094026565552,0.008893352933228016
3265,0.09333422780036926,0.004501529037952423
3266,0.05744357034564018,0.022968623787164688
3267,0.07882470637559891,0.010578643530607224
3268,0.054746389389038086,0.010516250506043434
3269,0.023014046251773834,0.016046706587076187
3270,0.06297260522842407,0.013978990726172924
3271,0.13032476603984833,0.011714732274413109
3272,0.07408422231674194,0.020049214363098145
3273,0.13606540858745575,0.024599071592092514
3274,0.0367526076734066,0.031479738652706146
3275,0.02498006820678711,0.009649180807173252
3276,0.03319039195775986,0.042662836611270905
3277,0.10391440987586975,0.017258912324905396
3278,0.10135293751955032,0.017911473289132118
3279,0.12985455989837646,0.010638128034770489
3280,0.10753262042999268,0.041848283261060715
3281,0.07527738809585571,0.008080368861556053
3282,0.17718768119812012,0.02181318588554859
3283,0.08525092899799347,0.023419886827468872
3284,0.02793726697564125,0.013056326657533646
3285,0.07788118720054626,0.016076665371656418
3286,0.08535847067832947,0.015149843879044056
3287,0.08399747312068939,0.003079542424529791
3288,0.06858593225479126,0.005240952130407095
3289,0.04947544261813164,0.007870771922171116
3290,0.5210476517677307,0.017620550468564034
3291,0.2834283709526062,0.042240846902132034
3292,0.37918227910995483,0.028319738805294037
3293,0.0778067409992218,0.018438372761011124
3294,0.024520166218280792,0.014939320273697376
3295,0.04161227494478226,0.008914850652217865
3296,0.12075521796941757,0.008187505416572094
3297,0.14299732446670532,0.018274523317813873
3298,0.19711783528327942,0.03540564700961113
3299,0.04241470247507095,0.0060132695361971855
3300,0.08174591511487961,0.007238414604216814
3301,0.050663672387599945,0.007071236148476601
3302,0.07686324417591095,0.011833986267447472
3303,0.048343025147914886,0.026755433529615402
3304,0.06392078101634979,0.02336219698190689
3305,0.0450950562953949,0.007084851618856192
3306,0.034744177013635635,0.017814215272665024
3307,0.14603251218795776,0.010358264669775963
3308,0.0393214076757431,0.00917302817106247
3309,0.06632141023874283,0.009466933086514473
3310,0.13761478662490845,0.014143680222332478
3311,0.15311606228351593,0.0647062435746193
3312,0.0454828180372715,0.04244064539670944
3313,0.04422401636838913,0.015243416652083397
3314,0.035281240940093994,0.014412886463105679
3315,0.10195443034172058,0.06686418503522873
3316,0.17472539842128754,0.024745400995016098
3317,0.1063239574432373,0.031016159802675247
3318,0.1391516774892807,0.009956270456314087
3319,0.11777831614017487,0.025576170533895493
3320,0.06870563328266144,0.009784541092813015
3321,0.04505990445613861,0.01923278160393238
3322,0.023238178342580795,0.013311001472175121
3323,0.07160455733537674,0.006730949971824884
3324,0.09020264446735382,0.017281869426369667
3325,0.10048098862171173,0.0838923454284668
3326,0.28481680154800415,0.029382485896348953
3327,0.11423859745264053,0.03239664435386658
3328,0.0745476633310318,0.016961950808763504
3329,0.05383910983800888,0.005702730268239975
3330,0.019644826650619507,0.010913590900599957
3331,0.35223183035850525,0.011676790192723274
3332,0.04486418887972832,0.009079957380890846
3333,0.07451355457305908,0.018084947019815445
3334,0.06291702389717102,0.03975483030080795
3335,0.17827698588371277,0.023577401414513588
3336,0.09079617261886597,0.0038303586188703775
3337,0.17914128303527832,0.020443234592676163
3338,0.10117207467556,0.02023528702557087
3339,0.22634287178516388,0.019641410559415817
3340,0.18824240565299988,0.004014734178781509
3341,0.1199578046798706,0.00845332071185112
3342,0.10811657458543777,0.012967702001333237
3343,0.08694310486316681,0.03074292652308941
3344,0.07837347686290741,0.006774185691028833
3345,0.22926025092601776,0.01792583428323269
3346,0.05048442631959915,0.029218066483736038
3347,0.05815955251455307,0.018320534378290176
3348,0.048256658017635345,0.011619916185736656
3349,0.2741103172302246,0.01798153854906559
3350,0.10423367470502853,0.03763962537050247
3351,0.16829678416252136,0.03274466097354889
3352,0.08429529517889023,0.0294512826949358
3353,0.030781080946326256,0.04105792194604874
3354,0.09403016418218613,0.021868126466870308
3355,0.10421517491340637,0.019638769328594208
3356,0.019474893808364868,0.01026935875415802
3357,0.03245445713400841,0.015195698477327824
3358,0.10186246037483215,0.02336117811501026
3359,0.42670661211013794,0.03355413302779198
3360,0.09736743569374084,0.021166810765862465
3361,0.1482589840888977,0.021250469610095024
3362,0.050349365919828415,0.018011750653386116
3363,0.04263801500201225,0.004813055507838726
3364,0.010599469766020775,0.017606647685170174
3365,0.18477529287338257,0.02182403951883316
3366,0.07933416217565536,0.002509260317310691
3367,0.029556697234511375,0.030722297728061676
3368,0.03836541622877121,0.018080364912748337
3369,0.10581967979669571,0.034067302942276
3370,0.15852491557598114,0.02808677963912487
3371,0.09082170575857162,0.023979810997843742
3372,0.08339312672615051,0.010822825133800507
3373,0.07966300845146179,0.014419049955904484
3374,0.0642869845032692,0.009205657057464123
3375,0.1327475905418396,0.06297571957111359
3376,0.0580998919904232,0.005782555788755417
3377,0.19039703905582428,0.0018343684496358037
3378,0.05099226534366608,0.015477154403924942
3379,0.06267142295837402,0.014654340222477913
3380,0.08017423748970032,0.01053132489323616
3381,0.11024576425552368,0.01868521049618721
3382,0.11778370290994644,0.012263341806828976
3383,0.0688384473323822,0.006044983398169279
3384,0.23065902292728424,0.015613592229783535
3385,0.0388462170958519,0.02047055959701538
3386,0.07494383305311203,0.031907327473163605
3387,0.045499078929424286,0.005641637369990349
3388,0.029414024204015732,0.02295694686472416
3389,0.046871840953826904,0.007617149967700243
3390,0.03335157036781311,0.01160087063908577
3391,0.2077067494392395,0.005418672226369381
3392,0.2370980978012085,0.008676296100020409
3393,0.06176159530878067,0.006768863182514906
3394,0.051956355571746826,0.010948244482278824
3395,0.09673570096492767,0.012279713526368141
3396,0.07934224605560303,0.016465269029140472
3397,0.1378868818283081,0.008310608565807343
3398,0.10404072701931,0.009375818073749542
3399,0.05501609668135643,0.013475028797984123
3400,0.07040835916996002,0.011027219705283642
3401,0.024227019399404526,0.012571301311254501
3402,0.07196297496557236,0.005642889533191919
3403,0.04023124277591705,0.0012353037018328905
3404,0.04003890976309776,0.010698423720896244
3405,0.05190005898475647,0.01235942542552948
3406,0.18163615465164185,0.03229857608675957
3407,0.10173839330673218,0.028117695823311806
3408,0.5463478565216064,0.01681496761739254
3409,0.16072127223014832,0.014378196559846401
3410,0.1392541527748108,0.016061697155237198
3411,0.10283081978559494,0.040726542472839355
3412,0.03725041449069977,0.015167931094765663
3413,0.14557546377182007,0.006434015929698944
3414,0.09166395664215088,0.012250455096364021
3415,0.14622971415519714,0.006956234574317932
3416,0.032981596887111664,0.01322217471897602
3417,0.03859502077102661,0.008279392495751381
3418,0.07842166721820831,0.01869332417845726
3419,0.16277752816677094,0.038880616426467896
3420,0.11031746119260788,0.06109907105565071
3421,0.3138388395309448,0.04487798362970352
3422,0.019195597618818283,0.012670736759901047
3423,0.0819421261548996,0.017217759042978287
3424,0.05723023787140846,0.028300203382968903
3425,0.08328594267368317,0.013457726687192917
3426,0.07247062027454376,0.02741168439388275
3427,0.08019033819437027,0.011700156144797802
3428,0.0907546877861023,0.006947310641407967
3429,0.031156320124864578,0.030884146690368652
3430,0.08474258333444595,0.02096071094274521
3431,0.09915012121200562,0.018348200246691704
3432,0.02818296290934086,0.005723432172089815
3433,0.04586052522063255,0.010160140693187714
3434,0.04532157629728317,0.009098874405026436
3435,0.16472090780735016,0.020909685641527176
3436,0.050128236413002014,0.01349545456469059
3437,0.09565316885709763,0.008709247224032879
3438,0.083125539124012,0.018649447709321976
3439,0.07851968705654144,0.013644395396113396
3440,0.15395212173461914,0.024706117808818817
3441,0.0884532704949379,0.02314271219074726
3442,0.08799377083778381,0.004421427845954895
3443,0.049840763211250305,0.01865488477051258
3444,0.19191952049732208,0.024866672232747078
3445,0.07233448326587677,0.023457664996385574
3446,0.14067302644252777,0.04405305162072182
3447,0.06959959119558334,0.021892057731747627
3448,0.058342840522527695,0.01854386180639267
3449,0.06657209992408752,0.007731585763394833
3450,0.041779644787311554,0.006685721687972546
3451,0.4835619032382965,0.009253188967704773
3452,0.09255484491586685,0.02429235354065895
3453,0.08782124519348145,0.009488483890891075
3454,0.2024734765291214,0.007063858211040497
3455,0.13116487860679626,0.009607458487153053
3456,0.04986802861094475,0.0025430400855839252
3457,0.04518047347664833,0.017744215205311775
3458,0.07620511949062347,0.009412945248186588
3459,0.07282519340515137,0.00258418801240623
3460,0.1872323751449585,0.010821358300745487
3461,0.05834050849080086,0.015224827453494072
3462,0.045384399592876434,0.023472527042031288
3463,0.039006005972623825,0.005065978039056063
3464,0.03028285503387451,0.009778107516467571
3465,0.06706370413303375,0.019952405244112015
3466,0.26394203305244446,0.028888314962387085
3467,0.03306869789958,0.011909657157957554
3468,0.06303317844867706,0.01565323956310749
3469,0.024868641048669815,0.0016097702318802476
3470,0.04199806973338127,0.012196420691907406
3471,0.019992869347333908,0.0104707395657897
3472,0.07060017436742783,0.01168842427432537
3473,0.03569626808166504,0.010021507740020752
3474,0.20218145847320557,0.015193546190857887
3475,0.30377131700515747,0.02109353616833687
3476,0.12729838490486145,0.01304537057876587
3477,0.06476277112960815,0.006834717001765966
3478,0.1698705404996872,0.008950145915150642
3479,0.036213889718055725,0.007938978262245655
3480,0.11955813318490982,0.012842821888625622
3481,0.04941437765955925,0.006244574207812548
3482,0.05881042778491974,0.00556283351033926
3483,0.15101218223571777,0.010583063587546349
3484,0.08503212779760361,0.008797120302915573
3485,0.025262197479605675,0.00985459890216589
3486,0.06266248226165771,0.006120882462710142
3487,0.05641794204711914,0.015396051108837128
3488,0.3950916528701782,0.011072131805121899
3489,0.05042611062526703,0.011231615208089352
3490,0.0292356014251709,0.017099503427743912
3491,0.047553882002830505,0.02056211046874523
3492,0.2952950596809387,0.006699546240270138
3493,0.029776789247989655,0.005937885958701372
3494,0.177118718624115,0.014836150221526623
3495,0.07023797184228897,0.01036033220589161
3496,0.0363788902759552,0.010435604490339756
3497,0.1118050292134285,0.0062134722247719765
3498,0.087491974234581,0.017836444079875946
3499,0.2513563632965088,0.023108001798391342
3500,0.13178451359272003,0.014113944955170155
3501,0.10122483968734741,0.017924221232533455
3502,0.37418362498283386,0.0060803890228271484
3503,0.05069305747747421,0.006556586362421513
3504,0.06517533212900162,0.028147006407380104
3505,0.037307314574718475,0.009488026611506939
3506,0.03387725353240967,0.008094275370240211
3507,0.0319853276014328,0.013813627883791924
3508,0.06403473764657974,0.016316603869199753
3509,0.029041722416877747,0.006745054852217436
3510,0.12136100232601166,0.016987372189760208
3511,0.06480685621500015,0.00489430408924818
3512,0.023440787568688393,0.01097599696367979
3513,0.07870929688215256,0.008423997089266777
3514,0.029244903475046158,0.00711662694811821
3515,0.06913575530052185,0.004890546668320894
3516,0.17822298407554626,0.014850638806819916
3517,0.07996281236410141,0.007969378493726254
3518,0.05079197511076927,0.017160378396511078
3519,0.09836247563362122,0.0016176610952243209
3520,0.13097791373729706,0.010138386860489845
3521,0.12470130622386932,0.019286658614873886
3522,0.09947413206100464,0.021366963163018227
3523,0.14451682567596436,0.016631335020065308
3524,0.06685063987970352,0.010784934274852276
3525,0.09981388598680496,0.00889141857624054
3526,0.06569859385490417,0.008079929277300835
3527,0.042393237352371216,0.015407596714794636
3528,0.04487232118844986,0.012633082456886768
3529,0.07054316252470016,0.011987264268100262
3530,0.08840247988700867,0.006311262492090464
3531,0.03286124765872955,0.02504444122314453
3532,0.051185108721256256,0.008843385614454746
3533,0.13716299831867218,0.01250380277633667
3534,0.08997480571269989,0.004617604427039623
3535,0.13079975545406342,0.009603258222341537
3536,0.0246807299554348,0.014935661107301712
3537,0.04476691037416458,0.014538067393004894
3538,0.08519071340560913,0.007155735045671463
3539,0.02962799184024334,0.01636437140405178
3540,0.050626907497644424,0.02014639787375927
3541,0.03115858882665634,0.009178241714835167
3542,0.029361268505454063,0.011656546033918858
3543,0.04554806649684906,0.015763860195875168
3544,0.08729001134634018,0.024099741131067276
3545,0.033460140228271484,0.03316304832696915
3546,0.05180971696972847,0.017122585326433182
3547,0.044846221804618835,0.005643734708428383
3548,0.1376834511756897,0.013728370890021324
3549,0.020692192018032074,0.013806972652673721
3550,0.01684691198170185,0.013767657801508904
3551,0.012141830287873745,0.006943694781512022
3552,0.01666032150387764,0.007718660868704319
3553,0.03790877014398575,0.013366633094847202
3554,0.0987258180975914,0.012627501040697098
3555,0.05338013544678688,0.02205086313188076
3556,0.09891173243522644,0.025254784151911736
3557,0.2780653238296509,0.02765149250626564
3558,0.09854447841644287,0.014163863845169544
3559,0.08324521780014038,0.01579957827925682
3560,0.028738606721162796,0.006769975181668997
3561,0.08081230521202087,0.004565147217363119
3562,0.1083792969584465,0.004792841617017984
3563,0.04358363151550293,0.00443628104403615
3564,0.06522677838802338,0.013489039614796638
3565,0.028544588014483452,0.004039048217236996
3566,0.054532941430807114,0.008264755830168724
3567,0.014186961576342583,0.0025642786640673876
3568,0.05877479910850525,0.005676260683685541
3569,0.051031917333602905,0.009815865196287632
3570,0.05050082877278328,0.007148982957005501
3571,0.04793335124850273,0.0033752983435988426
3572,0.030168497934937477,0.009488197974860668
