id,IHH,IHV
1,0.05186370760202408,0.01827896758913994
2,0.06239865720272064,0.011429404839873314
3,0.06577590852975845,0.025371886789798737
4,0.18080228567123413,0.010547129437327385
5,0.06473170965909958,0.019382230937480927
6,0.0928882583975792,0.010809958912432194
7,0.042947061359882355,0.017957305535674095
8,0.08138589560985565,0.014011603780090809
9,0.0470145158469677,0.015161899849772453
10,0.07093113660812378,0.009475501254200935
11,0.08079592138528824,0.006192006170749664
12,0.03517929092049599,0.008160922676324844
13,0.03236765041947365,0.013733352534472942
14,0.08141766488552094,0.016469502821564674
15,0.04819323867559433,0.008720126934349537
16,0.02252468839287758,0.009308461099863052
17,0.038847487419843674,0.023679234087467194
18,0.026035426184535027,0.022261930629611015
19,0.04206833615899086,0.013889872469007969
20,0.06938691437244415,0.022026019170880318
21,0.05323653668165207,0.07571115344762802
22,0.1203329786658287,0.03108057752251625
23,0.18348190188407898,0.030814077705144882
24,0.120745949447155,0.01214319933205843
25,0.06436565518379211,0.011183368042111397
26,0.0649489089846611,0.014249760657548904
27,0.04855005815625191,0.02029232867062092
28,0.06479230523109436,0.004942256957292557
29,0.08527463674545288,0.00445970892906189
30,0.07253678143024445,0.01810072362422943
31,0.030911684036254883,0.018926184624433517
32,0.07528103142976761,0.026910796761512756
33,0.03627745434641838,0.02066056989133358
34,0.07814875990152359,0.038402147591114044
35,0.05975820869207382,0.014007638208568096
36,0.041563667356967926,0.006195760332047939
37,0.06896843761205673,0.011563966050744057
38,0.08110642433166504,0.009834117256104946
39,0.06384718418121338,0.014872335828840733
40,0.0707043707370758,0.02681848779320717
41,0.11893533170223236,0.00988082867115736
42,0.09153799712657928,0.027592377737164497
43,0.07291699945926666,0.012710549868643284
44,0.06577493250370026,0.023119168356060982
45,0.010961838066577911,0.004563997499644756
46,0.031221698969602585,0.022178858518600464
47,0.029557932168245316,0.0026410529389977455
48,0.10786718875169754,0.004691148642450571
49,0.014644499868154526,0.013433374464511871
50,0.06846785545349121,0.011976193636655807
51,0.029678702354431152,0.008923372253775597
52,0.07399388402700424,0.014511396177113056
53,0.05112534016370773,0.013685382902622223
54,0.033439282327890396,0.015919269993901253
55,0.14067842066287994,0.017512205988168716
56,0.0163686815649271,0.010609285905957222
57,0.055120207369327545,0.024145133793354034
58,0.037038832902908325,0.024830179288983345
59,0.02282617799937725,0.009008863940834999
60,0.02272450551390648,0.002088661538437009
61,0.11517208814620972,0.012008723802864552
62,0.07986357063055038,0.018954144790768623
63,0.03996321186423302,0.016042491421103477
64,0.05895708501338959,0.0044169239699840546
65,0.07560401409864426,0.016183845698833466
66,0.017506077885627747,0.030346717685461044
67,0.05491011217236519,0.027091046795248985
68,0.02991403453052044,0.022700484842061996
69,0.08273279666900635,0.01217324286699295
70,0.0370829813182354,0.005498500540852547
71,0.05971711128950119,0.03677542135119438
72,0.07050742208957672,0.0058034611865878105
73,0.04855889081954956,0.013080901466310024
74,0.07882080972194672,0.005037263501435518
75,0.05841363966464996,0.007591566536575556
76,0.0698416531085968,0.03619321435689926
77,0.036551862955093384,0.01920425519347191
78,0.06834003329277039,0.004816888831555843
79,0.07699896395206451,0.008674287237226963
80,0.044130224734544754,0.010893801227211952
81,0.05034211650490761,0.009066177532076836
82,0.04557359218597412,0.017199670895934105
83,0.04945490509271622,0.013600709848105907
84,0.2570861577987671,0.019122092053294182
85,0.10202350467443466,0.019684845581650734
86,0.05907980352640152,0.0076812696643173695
87,0.026256412267684937,0.005187851842492819
88,0.05528363212943077,0.006416739895939827
89,0.06179835647344589,0.013392478227615356
90,0.06187821179628372,0.005734759382903576
91,0.04717963933944702,0.009425750002264977
92,0.048670392483472824,0.016428368166089058
93,0.06749040633440018,0.005304296966642141
94,0.09515801072120667,0.01572861336171627
95,0.023518426343798637,0.009716594591736794
96,0.04084309563040733,0.029454970732331276
97,0.0993688553571701,0.007061535492539406
98,0.12966249883174896,0.03991832956671715
99,0.05403314530849457,0.01919606328010559
100,0.10016513615846634,0.016339313238859177
101,0.12220871448516846,0.008020570501685143
102,0.13264310359954834,0.024067461490631104
103,0.08304168283939362,0.015883183106780052
104,0.014961183071136475,0.017044389620423317
105,0.04430098831653595,0.008844640105962753
106,0.08445797115564346,0.02099829912185669
107,0.07129931449890137,0.007334941066801548
108,0.04528456926345825,0.009373921900987625
109,0.044447366148233414,0.03435654193162918
110,0.03376377373933792,0.023065777495503426
111,0.09761319309473038,0.006998851895332336
112,0.11058506369590759,0.016120735555887222
113,0.06604161858558655,0.013142125681042671
114,0.06260712444782257,0.0300886407494545
115,0.12168475985527039,0.022254813462495804
116,0.10569372773170471,0.012897612527012825
117,0.07662664353847504,0.024355297908186913
118,0.07261539995670319,0.038013000041246414
119,0.02856473997235298,0.01288701593875885
120,0.06084746867418289,0.01099767442792654
121,0.05746615305542946,0.005346706137061119
122,0.08569546043872833,0.004784014075994492
123,0.05714251473546028,0.013021202757954597
124,0.05269485339522362,0.007613726891577244
125,0.05515851080417633,0.01648920588195324
126,0.04863130673766136,0.01481116283684969
127,0.02457709237933159,0.013145817443728447
128,0.07563542574644089,0.02110944502055645
129,0.03023693338036537,0.01770106330513954
130,0.1481086015701294,0.07983491569757462
131,0.06003985553979874,0.04739964380860329
132,0.04800058901309967,0.015339532867074013
133,0.14690254628658295,0.022349625825881958
134,0.09509618580341339,0.01735025830566883
135,0.040938496589660645,0.009855309501290321
136,0.19693458080291748,0.034497421234846115
137,0.0787198394536972,0.013752100989222527
138,0.056376032531261444,0.025509795174002647
139,0.11500933766365051,0.011824049986898899
140,0.04272892698645592,0.005262784194201231
141,0.04351987689733505,0.004758257418870926
142,0.05375020578503609,0.00987977720797062
143,0.0751265361905098,0.011806211434304714
144,0.046645015478134155,0.005755132995545864
145,0.009536897763609886,0.0029803384095430374
146,0.07729252427816391,0.011740617454051971
147,0.04162726551294327,0.013358354568481445
148,0.18421447277069092,0.010674204677343369
149,0.05037490278482437,0.007316698785871267
150,0.04856462776660919,0.02726833149790764
151,0.06730590760707855,0.02601780742406845
152,0.1836538016796112,0.021988743916153908
153,0.18661810457706451,0.021257370710372925
154,0.12797659635543823,0.012281227856874466
155,0.06866523623466492,0.016167206689715385
156,0.07266666740179062,0.016665561124682426
157,0.08771402388811111,0.012938080355525017
158,0.023022178560495377,0.03002818487584591
159,0.04589858278632164,0.018126467242836952
160,0.05234973877668381,0.0017708223313093185
161,0.0518847331404686,0.02011559158563614
162,0.07599285989999771,0.014933674596250057
163,0.06805648654699326,0.010109997354447842
164,0.04254177585244179,0.007227789144963026
165,0.02555215172469616,0.0207412950694561
166,0.04461408406496048,0.009605728089809418
167,0.04804525151848793,0.02849898859858513
168,0.21723338961601257,0.029629763215780258
169,0.02139425277709961,0.012568265199661255
170,0.13909803330898285,0.06169421970844269
171,0.12243032455444336,0.03079119883477688
172,0.16213592886924744,0.013880621641874313
173,0.1433212161064148,0.016092602163553238
174,0.03534267097711563,0.016805842518806458
175,0.0729837641119957,0.015419065952301025
176,0.08905818313360214,0.01579340733587742
177,0.02768639847636223,0.020296230912208557
178,0.04059121385216713,0.002473520115017891
179,0.02423272840678692,0.0060638366267085075
180,0.050282154232263565,0.020724130794405937
181,0.02528047189116478,0.011188039556145668
182,0.02363009564578533,0.043135132640600204
183,0.1288852095603943,0.034966569393873215
184,0.02809196338057518,0.03046920895576477
185,0.03594014421105385,0.020581603050231934
186,0.028591427952051163,0.012313242070376873
187,0.08553916215896606,0.007919661700725555
188,0.014943099580705166,0.023969341069459915
189,0.0572756752371788,0.005895867012441158
190,0.0025610916782170534,0.007681450806558132
191,0.06553599238395691,0.010450832545757294
192,0.01793915592133999,0.008284986019134521
193,0.04772665351629257,0.01693926379084587
194,0.03804479539394379,0.0108308345079422
195,0.0269448421895504,0.01092638447880745
196,0.04440457001328468,0.01655583456158638
197,0.058757442981004715,0.005666101351380348
198,0.05579954758286476,0.022759687155485153
199,0.028871215879917145,0.025023048743605614
200,0.06378123164176941,0.011683131568133831
201,0.046462032943964005,0.00888432189822197
202,0.04072397202253342,0.010022446513175964
203,0.09829367697238922,0.012492435052990913
204,0.033321917057037354,0.03460609167814255
205,0.06933262944221497,0.004508429206907749
206,0.06612926721572876,0.00358442566357553
207,0.07044605910778046,0.021057384088635445
208,0.03408826142549515,0.009289674460887909
209,0.10938756167888641,0.027245018631219864
210,0.1112651526927948,0.009224696084856987
211,0.12525682151317596,0.0068681808188557625
212,0.11409863084554672,0.009430810809135437
213,0.026413558050990105,0.0074069919064641
214,0.06470872461795807,0.026946524158120155
215,0.26167958974838257,0.016902577131986618
216,0.09283925592899323,0.009497903287410736
217,0.08438954502344131,0.005861577577888966
218,0.039742372930049896,0.022887712344527245
219,0.06185063719749451,0.08898553997278214
220,0.08996311575174332,0.05546378716826439
221,0.12760406732559204,0.010571630671620369
222,0.034944646060466766,0.006834245286881924
223,0.09711397439241409,0.009306680411100388
224,0.0462818443775177,0.01928442344069481
225,0.09450440108776093,0.014671053737401962
226,0.03118986263871193,0.00957121979445219
227,0.02955629676580429,0.03219576179981232
228,0.05695262551307678,0.0074725644662976265
229,0.08274124562740326,0.007689707912504673
230,0.10165359079837799,0.026512913405895233
231,0.014450401067733765,0.007061270531266928
232,0.04287654161453247,0.008019530214369297
233,0.05347307398915291,0.006307780742645264
234,0.0569608211517334,0.02618160843849182
235,0.054489657282829285,0.01822521910071373
236,0.04504691809415817,0.005328183062374592
237,0.04495992511510849,0.0047396086156368256
238,0.041063953191041946,0.018409011885523796
239,0.030858902260661125,0.02705879509449005
240,0.0344809964299202,0.0072818659245967865
241,0.039399854838848114,0.005592193454504013
242,0.037724144756793976,0.013938162475824356
243,0.0660099983215332,0.017974520102143288
244,0.04049333930015564,0.009963124990463257
245,0.039186008274555206,0.011495247483253479
246,0.06748586893081665,0.01448772568255663
247,0.035244643688201904,0.009717913344502449
248,0.03067280910909176,0.003695205319672823
249,0.020277338102459908,0.011125000193715096
250,0.03655456379055977,0.01464167982339859
251,0.09658452123403549,0.026118339970707893
252,0.1243901476264,0.021569477394223213
253,0.05435926467180252,0.011344303376972675
254,0.036692649126052856,0.0020553034264594316
255,0.07137943804264069,0.009405866265296936
256,0.045204147696495056,0.012409394606947899
257,0.07053699344396591,0.009138179942965508
258,0.13794660568237305,0.004086615517735481
259,0.10260221362113953,0.011997316032648087
260,0.0810292512178421,0.011709983460605145
261,0.10289686918258667,0.011592162773013115
262,0.03793681412935257,0.020008226856589317
263,0.05067536607384682,0.005200218874961138
264,0.07655610889196396,0.006182969082146883
265,0.074801504611969,0.006787450984120369
266,0.11574897170066833,0.015714649111032486
267,0.05422445014119148,0.029984621331095695
268,0.10771259665489197,0.010051531717181206
269,0.1291312873363495,0.007937814109027386
270,0.049354370683431625,0.043530721217393875
271,0.04044826701283455,0.0501660481095314
272,0.0344134196639061,0.005904219578951597
273,0.12119191884994507,0.011108655482530594
274,0.04768092557787895,0.00429938081651926
275,0.033086780458688736,0.015643328428268433
276,0.07184189558029175,0.028296196833252907
277,0.08227583765983582,0.008772335015237331
278,0.0368974469602108,0.02063918486237526
279,0.015643279999494553,0.026323027908802032
280,0.06128831207752228,0.016218557953834534
281,0.03678946942090988,0.017022959887981415
282,0.13099025189876556,0.00951884500682354
283,0.030308052897453308,0.0086427703499794
284,0.03537613898515701,0.014530329033732414
285,0.051462240517139435,0.0027371051255613565
286,0.05656741186976433,0.01222200132906437
287,0.0634705126285553,0.014569087885320187
288,0.07263621687889099,0.011850696988403797
289,0.09441034495830536,0.01155031193047762
290,0.0851139947772026,0.003282040823251009
291,0.1423952728509903,0.011989753693342209
292,0.0868615210056305,0.0105320168659091
293,0.09478766471147537,0.011959966272115707
294,0.11100476235151291,0.021924931555986404
295,0.09912416338920593,0.018831899389624596
296,0.09467850625514984,0.014762984588742256
297,0.0877753421664238,0.012953883968293667
298,0.019426798447966576,0.020299013704061508
299,0.028312034904956818,0.011402365751564503
300,0.056281983852386475,0.015935851261019707
301,0.049824219197034836,0.004111732356250286
302,0.05742743983864784,0.00404735142365098
303,0.038538284599781036,0.003156120888888836
304,0.06571143865585327,0.0164707712829113
305,0.1010788083076477,0.0066206371411681175
306,0.07072633504867554,0.009439210407435894
307,0.044222958385944366,0.007467207033187151
308,0.057960011065006256,0.01864841766655445
309,0.011706575751304626,0.008809326216578484
310,0.026219051331281662,0.005650853738188744
311,0.04908408969640732,0.006920662242919207
312,0.03780423849821091,0.008965485729277134
313,0.021483512595295906,0.00565798394382
314,0.18001329898834229,0.0204713586717844
315,0.06625520437955856,0.02193048596382141
316,0.10413770377635956,0.01017642393708229
317,0.08139725029468536,0.006391950882971287
318,0.06280359625816345,0.034797489643096924
319,0.09371857345104218,0.013684244826436043
320,0.03938308730721474,0.012404155917465687
321,0.01592220924794674,0.003676391439512372
322,0.07384064793586731,0.012674585916101933
323,0.07416179776191711,0.014154315926134586
324,0.1033637523651123,0.007274755276739597
325,0.10933546721935272,0.00806884840130806
326,0.2024604082107544,0.017191272228956223
327,0.10000400245189667,0.0170807633548975
328,0.1694728136062622,0.009183350950479507
329,0.3032384514808655,0.053994257003068924
330,0.09468552470207214,0.03046116791665554
331,0.056628815829753876,0.034592196345329285
332,0.05938505753874779,0.010810275562107563
333,0.062342651188373566,0.004680147860199213
334,0.19678780436515808,0.0028629733715206385
335,0.09323620051145554,0.00488631147891283
336,0.018852610141038895,0.006788764614611864
337,0.03428277745842934,0.017802860587835312
338,0.11244817078113556,0.01423097774386406
339,0.10581142455339432,0.008990814909338951
340,0.03437511622905731,0.016929056495428085
341,0.05823449417948723,0.01702028326690197
342,0.02105795219540596,0.020953655242919922
343,0.1180637776851654,0.011449048295617104
344,0.061883594840765,0.09501150995492935
345,0.07038893550634384,0.0222398079931736
346,0.06864969432353973,0.01463545486330986
347,0.05179896578192711,0.0038848966360092163
348,0.11671464145183563,0.03992648422718048
349,0.08670839667320251,0.014320231974124908
350,0.072566919028759,0.008954685181379318
351,0.2247919887304306,0.015886357054114342
352,0.4224223792552948,0.010912870056927204
353,0.3038440942764282,0.043140627443790436
354,0.16889536380767822,0.02543344348669052
355,0.10194625705480576,0.028948746621608734
356,0.07161353528499603,0.0051772696897387505
357,0.023228013888001442,0.003112516365945339
358,0.035309553146362305,0.014448893256485462
359,0.06324434280395508,0.01953878253698349
360,0.09519536793231964,0.005301021505147219
361,0.06977066397666931,0.014837227761745453
362,0.05214369297027588,0.021557947620749474
363,0.04064585268497467,0.011892827227711678
364,0.055672645568847656,0.01338715385645628
365,0.04306891933083534,0.006072658579796553
366,0.08931602537631989,0.010406597517430782
367,0.0709536001086235,0.016116002574563026
368,0.04405606538057327,0.004748580977320671
369,0.04245956242084503,0.005213273223489523
370,0.09313284605741501,0.006478995084762573
371,0.05944754555821419,0.006646838039159775
372,0.029033923521637917,0.0059729162603616714
373,0.13485926389694214,0.015600227750837803
374,0.13123829662799835,0.009296612814068794
375,0.033676791936159134,0.006847073324024677
376,0.04988499730825424,0.012462788261473179
377,0.01870926283299923,0.013692537322640419
378,0.053188808262348175,0.015513088554143906
379,0.06481970101594925,0.016033340245485306
380,0.02894407883286476,0.011450695805251598
381,0.033758584409952164,0.0269484743475914
382,0.11756163835525513,0.003017938695847988
383,0.049552612006664276,0.004989129491150379
384,0.02839219570159912,0.010311732068657875
385,0.11052396893501282,0.01609124056994915
386,0.16093765199184418,0.014140130020678043
387,0.08015599101781845,0.012218750081956387
388,0.026666028425097466,0.013531502336263657
389,0.03179667517542839,0.010202471166849136
390,0.09360498189926147,0.033694539219141006
391,0.05024178698658943,0.009894255548715591
392,0.05567874759435654,0.01571708358824253
393,0.06923618912696838,0.013257104903459549
394,0.1141730546951294,0.021163426339626312
395,0.03603491932153702,0.022825120016932487
396,0.0779343992471695,0.0026787316892296076
397,0.0862482488155365,0.015215257182717323
398,0.02075682207942009,0.017122413963079453
399,0.043959081172943115,0.010453266091644764
400,0.0305393785238266,0.0161307193338871
401,0.02416449412703514,0.019642172381281853
402,0.049929164350032806,0.00799637846648693
403,0.0902409702539444,0.015631450340151787
404,0.056363895535469055,0.03898485004901886
405,0.10734586417675018,0.006786908023059368
406,0.11248426884412766,0.022470001131296158
407,0.08235219120979309,0.021929139271378517
408,0.017966516315937042,0.0074720606207847595
409,0.06369797140359879,0.00861353799700737
410,0.12783734500408173,0.012426706030964851
411,0.1480892449617386,0.024315644055604935
412,0.2650839686393738,0.0223076194524765
413,0.029347766190767288,0.02538461796939373
414,0.14464157819747925,0.06490320712327957
415,0.07688122242689133,0.04556925594806671
416,0.06659333407878876,0.02995867282152176
417,0.054894983768463135,0.014722133055329323
418,0.17485637962818146,0.013193420134484768
419,0.20020733773708344,0.04111979529261589
420,0.02804829180240631,0.02762524038553238
421,0.11582313477993011,0.004414189141243696
422,0.057546038180589676,0.007191748358309269
423,0.05888264253735542,0.009202759712934494
424,0.021626504138112068,0.004835976287722588
425,0.0537794828414917,0.017277363687753677
426,0.06568200886249542,0.011192127130925655
427,0.00858007650822401,0.012480044737458229
428,0.032482344657182693,0.007919060066342354
429,0.03351723775267601,0.015715567395091057
430,0.09229405224323273,0.019607197493314743
431,0.056400131434202194,0.009372239001095295
432,0.05642964690923691,0.01699034869670868
433,0.029634300619363785,0.01703766919672489
434,0.061377763748168945,0.004374940413981676
435,0.09325602650642395,0.019825894385576248
436,0.13478094339370728,0.022811193019151688
437,0.016094399616122246,0.007853148505091667
438,0.15858149528503418,0.023770032450556755
439,0.09451786428689957,0.020354406908154488
440,0.07221709191799164,0.03697831183671951
441,0.05788331478834152,0.01614546962082386
442,0.06530718505382538,0.00815231166779995
443,0.049159854650497437,0.005578435957431793
444,0.07836924493312836,0.01785685122013092
445,0.024094240739941597,0.017627283930778503
446,0.14303360879421234,0.015068230219185352
447,0.0851348340511322,0.02117915451526642
448,0.04322035238146782,0.010144971311092377
449,0.0652916431427002,0.004741777665913105
450,0.0510837659239769,0.01478134747594595
451,0.058964379131793976,0.013901937752962112
452,0.06894806772470474,0.03291022405028343
453,0.0850251168012619,0.0043260143138468266
454,0.12172980606555939,0.02057500183582306
455,0.037621915340423584,0.012164346873760223
456,0.1173277199268341,0.024524280801415443
457,0.15962868928909302,0.0217025987803936
458,0.10097849369049072,0.014813709072768688
459,0.13839823007583618,0.00432214979082346
460,0.08270034939050674,0.007076925598084927
461,0.10763001441955566,0.012303592637181282
462,0.03656720742583275,0.010442201048135757
463,0.03278728947043419,0.0027741335798054934
464,0.032409921288490295,0.020595327019691467
465,0.1171109527349472,0.016170097514986992
466,0.06144879758358002,0.010522190481424332
467,0.08647488057613373,0.008052390068769455
468,0.06286448240280151,0.013602042570710182
469,0.10372380912303925,0.012248712591826916
470,0.0795869380235672,0.006425888277590275
471,0.10051669925451279,0.006138722412288189
472,0.1563459038734436,0.007781350519508123
473,0.035127490758895874,0.0062462445348501205
474,0.0646916925907135,0.009598338045179844
475,0.18725919723510742,0.014732321724295616
476,0.07048927992582321,0.016054734587669373
477,0.07809322327375412,0.008422937244176865
478,0.039289653301239014,0.03207767382264137
479,0.13498541712760925,0.018611717969179153
480,0.19328071177005768,0.028677666559815407
481,0.02574044093489647,0.009452956728637218
482,0.18177644908428192,0.012711101211607456
483,0.035169489681720734,0.01357994880527258
484,0.12558405101299286,0.02744990400969982
485,0.11695537716150284,0.036136969923973083
486,0.16705980896949768,0.011378979310393333
487,0.043661706149578094,0.03422509506344795
488,0.09240785986185074,0.03299044072628021
489,0.08389643579721451,0.012473381124436855
490,0.03280891478061676,0.005492302123457193
491,0.11946456879377365,0.05467694252729416
492,0.10232415795326233,0.01543299201875925
493,0.03668240085244179,0.01513626892119646
494,0.03789874166250229,0.012131758034229279
495,0.048212695866823196,0.013435649685561657
496,0.029648104682564735,0.008890008553862572
497,0.058294519782066345,0.004146895371377468
498,0.022311249747872353,0.011329824104905128
499,0.028378209099173546,0.01025997195392847
500,0.03204420953989029,0.0034579108469188213
501,0.051986001431941986,0.0030872956849634647
502,0.06410747766494751,0.007156337611377239
503,0.047348521649837494,0.0038820377085357904
504,0.044857170432806015,0.005768149625509977
505,0.04839372634887695,0.0059319366700947285
506,0.01875137723982334,0.010197049006819725
507,0.06684372574090958,0.012641371227800846
508,0.03778529167175293,0.006639405619353056
509,0.11824217438697815,0.01295472215861082
510,0.054891351610422134,0.008667057380080223
511,0.019228212535381317,0.025304142385721207
512,0.03223475068807602,0.020120704546570778
513,0.06903393566608429,0.0095435855910182
514,0.09068701416254044,0.027408838272094727
515,0.04817171394824982,0.01984160766005516
516,0.03603716194629669,0.011981135234236717
517,0.064659982919693,0.007311110384762287
518,0.08384288847446442,0.005115995183587074
519,0.10670249164104462,0.008868847973644733
520,0.043413277715444565,0.007561198435723782
521,0.10693611949682236,0.009576941840350628
522,0.10916352272033691,0.02497977390885353
523,0.0850134938955307,0.027300193905830383
524,0.13696348667144775,0.029506266117095947
525,0.0636969804763794,0.02175549790263176
526,0.12625037133693695,0.015225213021039963
527,0.03452221304178238,0.01641032099723816
528,0.0595196932554245,0.007948363199830055
529,0.16843640804290771,0.03968300670385361
530,0.05021899938583374,0.011329836212098598
531,0.019524697214365005,0.011077465489506721
532,0.06772266328334808,0.005142067093402147
533,0.06778121739625931,0.005900267511606216
534,0.09844454377889633,0.009889176115393639
535,0.03291188180446625,0.014781313017010689
536,0.13185346126556396,0.013329926878213882
537,0.11889007687568665,0.010693584568798542
538,0.13790199160575867,0.008214701898396015
539,0.04954185709357262,0.014896965585649014
540,0.0793609693646431,0.017418524250388145
541,0.09357409924268723,0.004864698275923729
542,0.15247534215450287,0.005108783952891827
543,0.13309608399868011,0.014730919152498245
544,0.0796053558588028,0.025530025362968445
545,0.15054644644260406,0.019060324877500534
546,0.10278616845607758,0.018189433962106705
547,0.06444191932678223,0.0059138876385986805
548,0.13255615532398224,0.0347868949174881
549,0.1095900759100914,0.0698869377374649
550,0.06716259568929672,0.01825789362192154
551,0.1161574125289917,0.01354313362389803
552,0.04042705148458481,0.013599448837339878
553,0.10089950263500214,0.008346876129508018
554,0.018690893426537514,0.004431921057403088
555,0.036761049181222916,0.010275081731379032
556,0.11141058802604675,0.027263710275292397
557,0.054810237139463425,0.025140590965747833
558,0.043898437172174454,0.008111394941806793
559,0.07047266513109207,0.013712734915316105
560,0.04399396479129791,0.020044459030032158
561,0.08079732954502106,0.016326960176229477
562,0.0696261003613472,0.02529921941459179
563,0.037531182169914246,0.029628144577145576
564,0.038514308631420135,0.008308673277497292
565,0.06646506488323212,0.007622281089425087
566,0.09349725395441055,0.009793033823370934
567,0.1302606165409088,0.0030245445668697357
568,0.09902486205101013,0.012908106669783592
569,0.08559411764144897,0.0053747291676700115
570,0.017998624593019485,0.009365241043269634
571,0.01556556485593319,0.006146022118628025
572,0.04260190948843956,0.005462201312184334
573,0.036960966885089874,0.017682095989584923
574,0.04351397976279259,0.011015847325325012
575,0.17566384375095367,0.006757680326700211
576,0.019074324518442154,0.015822790563106537
577,0.022775856778025627,0.009074149653315544
578,0.026999827474355698,0.010177921503782272
579,0.04659770429134369,0.0031633295584470034
580,0.027510017156600952,0.004912856034934521
581,0.031749412417411804,0.006788032595068216
582,0.06539823114871979,0.0062171462923288345
583,0.035903915762901306,0.008737473748624325
584,0.14161978662014008,0.013289174996316433
585,0.04434676095843315,0.011911144480109215
586,0.042956847697496414,0.01457776129245758
587,0.04036538302898407,0.010448982007801533
588,0.08183407783508301,0.012083684094250202
589,0.019433703273534775,0.007787537761032581
590,0.04749403893947601,0.011838987469673157
591,0.07714875787496567,0.005636344198137522
592,0.06372467428445816,0.01317638996988535
593,0.07922030240297318,0.013223804533481598
594,0.091241754591465,0.01207804586738348
595,0.02584850788116455,0.025182809680700302
596,0.07824154943227768,0.008494729176163673
597,0.11134790629148483,0.014411918818950653
598,0.1760496199131012,0.014681524597108364
599,0.03612091392278671,0.014868716709315777
600,0.11697569489479065,0.00420932425186038
601,0.08917705714702606,0.02456997148692608
602,0.03235579654574394,0.009729190729558468
603,0.04825705289840698,0.011104939505457878
604,0.015916259959340096,0.027170119807124138
605,0.044925376772880554,0.022970736026763916
606,0.05179598554968834,0.026445208117365837
607,0.1367330253124237,0.009143894538283348
608,0.021534191444516182,0.015805350616574287
609,0.035943496972322464,0.014494908973574638
610,0.13349363207817078,0.013211755082011223
611,0.04248424619436264,0.011587577871978283
612,0.0938793495297432,0.02411290630698204
613,0.048224203288555145,0.006395420990884304
614,0.04339386522769928,0.02265491709113121
615,0.04828972369432449,0.005650795996189117
616,0.06152140349149704,0.006832603365182877
617,0.09226463735103607,0.0036461048293858767
618,0.02463989518582821,0.029267845675349236
619,0.05878391116857529,0.013273370452225208
620,0.10469943284988403,0.005865665152668953
621,0.1292201727628708,0.01706124097108841
622,0.09404373168945312,0.0160562451928854
623,0.1788981705904007,0.014204203151166439
624,0.04543261602520943,0.009059722535312176
625,0.1089792400598526,0.013226330280303955
626,0.1221802830696106,0.02302335575222969
627,0.050498172640800476,0.005446294322609901
628,0.044244587421417236,0.01308165118098259
629,0.023246748372912407,0.020171135663986206
630,0.11673489958047867,0.01699421927332878
631,0.03002283163368702,0.015815818682312965
632,0.06585880368947983,0.03615523874759674
633,0.11595168709754944,0.015618324279785156
634,0.03307482972741127,0.019804082810878754
635,0.1395338773727417,0.024878323078155518
636,0.056209199130535126,0.011665255762636662
637,0.08464284986257553,0.02098202146589756
638,0.056619539856910706,0.010709102265536785
639,0.15243588387966156,0.016794709488749504
640,0.11262616515159607,0.019073916599154472
641,0.05865444615483284,0.004058486316353083
642,0.0955403745174408,0.005113204009830952
643,0.025265973061323166,0.006755984853953123
644,0.016628703102469444,0.0249536894261837
645,0.026209790259599686,0.0015969770029187202
646,0.032790809869766235,0.013577280566096306
647,0.08541630953550339,0.003911165986210108
648,0.04960255324840546,0.004909336566925049
649,0.052141010761260986,0.002910980023443699
650,0.021492481231689453,0.005894629750400782
651,0.022833455353975296,0.006520141381770372
652,0.010493269190192223,0.010731111280620098
653,0.035475242882966995,0.013904018327593803
654,0.029124438762664795,0.0047170380130410194
655,0.04154752194881439,0.008465701714158058
656,0.014432392083108425,0.018505491316318512
657,0.024211373180150986,0.010839005000889301
658,0.013946986757218838,0.008146109990775585
659,0.019684333354234695,0.00539320008829236
660,0.05508451536297798,0.012417145073413849
661,0.012334131635725498,0.02239120751619339
662,0.08577784895896912,0.013068941421806812
663,0.04259419068694115,0.003650438040494919
664,0.05769392475485802,0.00814980547875166
665,0.015313999727368355,0.005184519570320845
666,0.02210257574915886,0.019856292754411697
667,0.045920856297016144,0.012036077678203583
668,0.05412149056792259,0.00797939207404852
669,0.01511836051940918,0.016854897141456604
670,0.02937498316168785,0.005468868650496006
671,0.06889472156763077,0.013527458533644676
672,0.030242441222071648,0.022572575137019157
673,0.08466717600822449,0.006470434367656708
674,0.16489416360855103,0.009629993699491024
675,0.0447908416390419,0.016335543245077133
676,0.09120607376098633,0.010582045651972294
677,0.1529477834701538,0.010471494868397713
678,0.07114818692207336,0.019140928983688354
679,0.0519450344145298,0.010939523577690125
680,0.06257282942533493,0.025566531345248222
681,0.059143468737602234,0.015315740369260311
682,0.08931581676006317,0.005224862135946751
683,0.08355298638343811,0.007787713315337896
684,0.01875660941004753,0.025204788893461227
685,0.06509365141391754,0.011348790489137173
686,0.041856423020362854,0.01578819565474987
687,0.042920395731925964,0.005350705701857805
688,0.11891507357358932,0.015977052971720695
689,0.06358161568641663,0.02118653431534767
690,0.05500360578298569,0.010012366808950901
691,0.13576485216617584,0.03265893831849098
692,0.09618724882602692,0.01343882642686367
693,0.08277160674333572,0.01456189900636673
694,0.13712047040462494,0.018808826804161072
695,0.04106852412223816,0.011564688757061958
696,0.08538486063480377,0.019846096634864807
697,0.09076389670372009,0.022126276046037674
698,0.11279450356960297,0.01964716427028179
699,0.1340714693069458,0.0023329283576458693
700,0.028473366051912308,0.006231470499187708
701,0.018814055249094963,0.011187756434082985
702,0.026259280741214752,0.02145269140601158
703,0.018407518044114113,0.024672649800777435
704,0.09619312733411789,0.00427769310772419
705,0.03291178494691849,0.004063295666128397
706,0.0556110218167305,0.0031640352681279182
707,0.08445124328136444,0.007985228672623634
708,0.08705607056617737,0.008426161482930183
709,0.23971690237522125,0.013738483190536499
710,0.16491393744945526,0.023330453783273697
711,0.05970890074968338,0.0233230572193861
712,0.037588901817798615,0.008608140982687473
713,0.09357697516679764,0.010114271193742752
714,0.11710163205862045,0.008106275461614132
715,0.132812961935997,0.022303426638245583
716,0.05383983254432678,0.02908032387495041
717,0.0329015776515007,0.03883712738752365
718,0.08569258451461792,0.020105687901377678
719,0.07543723285198212,0.01426735520362854
720,0.05747022107243538,0.0127534419298172
721,0.08356786519289017,0.022444047033786774
722,0.09644410014152527,0.013699481263756752
723,0.04511499032378197,0.01159436721354723
724,0.05204518511891365,0.0023796148598194122
725,0.04342348128557205,0.008240185678005219
726,0.042605429887771606,0.05454849451780319
727,0.08442571759223938,0.018208511173725128
728,0.038822077214717865,0.021948382258415222
729,0.09438725560903549,0.011325398460030556
730,0.03792102634906769,0.010666633024811745
731,0.05352910980582237,0.008314544335007668
732,0.03179817646741867,0.005884150043129921
733,0.02163584902882576,0.007612916175276041
734,0.031985823065042496,0.005804572720080614
735,0.02208149991929531,0.01640869304537773
736,0.0196857750415802,0.010274611413478851
737,0.019423186779022217,0.005480964668095112
738,0.025362439453601837,0.00582592748105526
739,0.08772729337215424,0.0038867478724569082
740,0.017228975892066956,0.0057859173975884914
741,0.0062172734178602695,0.008456962183117867
742,0.03568146005272865,0.019150491803884506
743,0.026190051808953285,0.004815325140953064
744,0.03034842386841774,0.00912767555564642
745,0.006015524733811617,0.011660216376185417
746,0.03609909489750862,0.010049376636743546
747,0.0353802852332592,0.009651926346123219
748,0.03615828603506088,0.010392439551651478
749,0.04016917571425438,0.005030550062656403
750,0.037770744413137436,0.00934324599802494
751,0.022196125239133835,0.00873158872127533
752,0.03132231533527374,0.004731464199721813
753,0.020501047372817993,0.008661322295665741
754,0.01690603792667389,0.002941681072115898
755,0.03610788658261299,0.0031643379479646683
756,0.06760790199041367,0.007603534031659365
757,0.028086019679903984,0.012459371238946915
758,0.03785477951169014,0.008741363883018494
759,0.012753501534461975,0.022187594324350357
760,0.09829314798116684,0.0193107221275568
761,0.05888340249657631,0.003891768865287304
762,0.13238827884197235,0.008242941461503506
763,0.03944329917430878,0.01113149244338274
764,0.0661967545747757,0.006835510954260826
765,0.12465102225542068,0.009856910444796085
766,0.06777553260326385,0.00748444814234972
767,0.052638910710811615,0.006246285513043404
768,0.058458246290683746,0.008224052377045155
769,0.010282125324010849,0.02021121419966221
770,0.15749630331993103,0.011632510460913181
771,0.19415608048439026,0.01789659447968006
772,0.0602571964263916,0.00828106515109539
773,0.03929423913359642,0.021474439650774002
774,0.02810865268111229,0.02011163718998432
775,0.051443882286548615,0.012259912677109241
776,0.028404485434293747,0.03575655817985535
777,0.009650105610489845,0.024883529171347618
778,0.05179513245820999,0.010111126117408276
779,0.08077763766050339,0.012335263192653656
780,0.06489357352256775,0.010597235523164272
781,0.04071149602532387,0.008490653708577156
782,0.04404431954026222,0.027836311608552933
783,0.04470732435584068,0.015893228352069855
784,0.03211062774062157,0.008959097787737846
785,0.021997975185513496,0.0009484050679020584
786,0.038121625781059265,0.016237689182162285
787,0.012627989053726196,0.012803521938621998
788,0.0859299823641777,0.02962358668446541
789,0.07824862003326416,0.004870251286774874
790,0.06862641125917435,0.006640816107392311
791,0.018495112657546997,0.018612831830978394
792,0.054458074271678925,0.02536899223923683
793,0.1141662523150444,0.012620538473129272
794,0.2494204342365265,0.02671869844198227
795,0.08546775579452515,0.019924622029066086
796,0.12278591841459274,0.03390630707144737
797,0.0379943810403347,0.019782088696956635
798,0.06531555950641632,0.022386066615581512
799,0.15033964812755585,0.03500693663954735
800,0.0807817205786705,0.025336215272545815
801,0.08192899078130722,0.009391536004841328
802,0.0651090070605278,0.013605538755655289
803,0.03326891362667084,0.00494910916313529
804,0.18089210987091064,0.01465991698205471
805,0.04385030269622803,0.0226312056183815
806,0.03846373409032822,0.011894680559635162
807,0.03030804917216301,0.0022566914558410645
808,0.06721000373363495,0.022822018712759018
809,0.06278921663761139,0.006576895248144865
810,0.026766790077090263,0.011429062113165855
811,0.02533838152885437,0.014395400881767273
812,0.023580998182296753,0.00874509010463953
813,0.034845612943172455,0.009056488052010536
814,0.025514205917716026,0.011365937069058418
815,0.002702494151890278,0.0026977111119776964
816,0.08582636713981628,0.0033251845743507147
817,0.15415030717849731,0.015203346498310566
818,0.04662945121526718,0.008483599871397018
819,0.07332157343626022,0.004384907428175211
820,0.048811573535203934,0.008532077074050903
821,0.055554360151290894,0.011360179632902145
822,0.04823635518550873,0.01859043352305889
823,0.04185956344008446,0.006997706368565559
824,0.03227389603853226,0.003773704869672656
825,0.05183478072285652,0.00810184981673956
826,0.04258960485458374,0.012121712788939476
827,0.058969613164663315,0.0023136932868510485
828,0.0960659459233284,0.008576221764087677
829,0.07140015065670013,0.009846605360507965
830,0.026241783052682877,0.003444765694439411
831,0.05509256571531296,0.004301346838474274
832,0.02676425874233246,0.013938484713435173
833,0.027339765802025795,0.008028182201087475
834,0.0237809456884861,0.010104754008352757
835,0.018565747886896133,0.0060169268399477005
836,0.05171794071793556,0.011293173767626286
837,0.01918719708919525,0.007166984491050243
838,0.06526996195316315,0.0074487291276454926
839,0.07430728524923325,0.006660628132522106
840,0.03596637398004532,0.00732851680368185
841,0.04905872419476509,0.018128814175724983
842,0.02347625233232975,0.00721909012645483
843,0.09818807244300842,0.009106198325753212
844,0.03144991025328636,0.025000613182783127
845,0.025439428165555,0.00794063601642847
846,0.06564204394817352,0.004715855233371258
847,0.07661382853984833,0.009580504149198532
848,0.15073370933532715,0.013293133117258549
849,0.01744861528277397,0.00842028297483921
850,0.04297010600566864,0.007704860530793667
851,0.024285612627863884,0.002861207351088524
852,0.04170385003089905,0.013127895072102547
853,0.024883832782506943,0.011632931418716908
854,0.03836178034543991,0.011126743629574776
855,0.026435650885105133,0.0411827526986599
856,0.01965833082795143,0.028533414006233215
857,0.028265461325645447,0.003469799878075719
858,0.053534530103206635,0.009815444238483906
859,0.024892516434192657,0.014103878289461136
860,0.07019013911485672,0.00867085624486208
861,0.059468768537044525,0.008701227605342865
862,0.1371566206216812,0.013024458661675453
863,0.04025829955935478,0.021218320354819298
864,0.1809009164571762,0.016462499275803566
865,0.14996743202209473,0.010036170482635498
866,0.08988930284976959,0.022720441222190857
867,0.1382378339767456,0.017877142876386642
868,0.07334517687559128,0.005671866238117218
869,0.06334929168224335,0.009601467289030552
870,0.05193375051021576,0.010458061471581459
871,0.13978160917758942,0.011211580596864223
872,0.05127834528684616,0.01720903068780899
873,0.08846063911914825,0.00272369640879333
874,0.06955168396234512,0.008837766945362091
875,0.08013831079006195,0.014317299239337444
876,0.06666380912065506,0.015002081170678139
877,0.056834809482097626,0.020153000950813293
878,0.04667402431368828,0.01300423126667738
879,0.06614597886800766,0.00978163629770279
880,0.008239147253334522,0.016828689724206924
881,0.1200849860906601,0.027239304035902023
882,0.1757042109966278,0.0911262184381485
883,0.0561545267701149,0.02686268836259842
884,0.12313511967658997,0.021522946655750275
885,0.10042861849069595,0.03420878201723099
886,0.28175097703933716,0.02547546662390232
887,0.08101655542850494,0.010424504987895489
888,0.08872322738170624,0.014099973253905773
889,0.01753840036690235,0.02435123547911644
890,0.08122605830430984,0.03237161040306091
891,0.06198986619710922,0.02706785872578621
892,0.06939449906349182,0.011210789903998375
893,0.025586888194084167,0.024263156577944756
894,0.08526261895895004,0.017169101163744926
895,0.04252820834517479,0.020201874896883965
896,0.05285315960645676,0.01018335297703743
897,0.11109711229801178,0.01682007871568203
898,0.05424201115965843,0.006798521615564823
899,0.02840137667953968,0.0038844654336571693
900,0.050887174904346466,0.011143013834953308
901,0.01057970616966486,0.012374545447528362
902,0.03787141665816307,0.008290095254778862
903,0.023322967812418938,0.008304846473038197
904,0.043850336223840714,0.015136022120714188
905,0.08025702089071274,0.023400668054819107
906,0.06547091901302338,0.012246343307197094
907,0.030418401584029198,0.0015720368828624487
908,0.02637888491153717,0.002021919470280409
909,0.05109456181526184,0.007582379505038261
910,0.01892738975584507,0.007413115352392197
911,0.08027813583612442,0.020901568233966827
912,0.028592174872756004,0.008233074098825455
913,0.06553982943296432,0.0019035886507481337
914,0.004179596435278654,0.021644864231348038
915,0.07006170600652695,0.009204466827213764
916,0.0426955446600914,0.0077522448264062405
917,0.008657526224851608,0.006214226130396128
918,0.028366968035697937,0.010768386535346508
919,0.01667923666536808,0.005057238973677158
920,0.0236956924200058,0.005500476807355881
921,0.06640398502349854,0.007186359725892544
922,0.03822025656700134,0.005560128949582577
923,0.03757717087864876,0.007166641764342785
924,0.02660032920539379,0.009727364405989647
925,0.06716053187847137,0.004884809255599976
926,0.021552078425884247,0.00310569629073143
927,0.08328436315059662,0.017792895436286926
928,0.061574630439281464,0.0018051126971840858
929,0.03388838842511177,0.008749747648835182
930,0.01743387244641781,0.012464109808206558
931,0.018393779173493385,0.00395424896851182
932,0.027362845838069916,0.01650095358490944
933,0.019185811281204224,0.004058062564581633
934,0.053485363721847534,0.0045128483325243
935,0.05150236934423447,0.006207290105521679
936,0.01767217181622982,0.00857602246105671
937,0.04478694498538971,0.0043610380962491035
938,0.032695937901735306,0.006293948739767075
939,0.03534690663218498,0.00572731951251626
940,0.03975313529372215,0.011111888103187084
941,0.04016048461198807,0.012587619945406914
942,0.05228428170084953,0.005096551030874252
943,0.03860648348927498,0.008616874925792217
944,0.027803242206573486,0.029391832649707794
945,0.03295106068253517,0.0184059739112854
946,0.03766709193587303,0.005532970651984215
947,0.12311185151338577,0.009991491213440895
948,0.014830725267529488,0.008784012869000435
949,0.019724253565073013,0.003499421291053295
950,0.04366368427872658,0.010920215398073196
951,0.11752598732709885,0.007981867529451847
952,0.04161299020051956,0.009639695286750793
953,0.08293985575437546,0.028711948543787003
954,0.06016254052519798,0.005349321290850639
955,0.10740689188241959,0.012737633660435677
956,0.1088743507862091,0.02442162111401558
957,0.12126931548118591,0.009095058776438236
958,0.029290305450558662,0.027655065059661865
959,0.013320384547114372,0.014250015839934349
960,0.04218615964055061,0.016736216843128204
961,0.10219777375459671,0.012175164185464382
962,0.08429308235645294,0.007520878687500954
963,0.05936051532626152,0.02547438070178032
964,0.036866866052150726,0.0219675712287426
965,0.08188142627477646,0.019382841885089874
966,0.24796979129314423,0.010341188870370388
967,0.030381111428141594,0.02735001966357231
968,0.0906214788556099,0.0058390297926962376
969,0.04794321954250336,0.008127043023705482
970,0.051831744611263275,0.010703152976930141
971,0.023666324093937874,0.006642487831413746
972,0.09115000069141388,0.0029460913501679897
973,0.11969877779483795,0.011341696605086327
974,0.08124855160713196,0.013188563287258148
975,0.16453346610069275,0.01849270984530449
976,0.049993354827165604,0.013901499100029469
977,0.197935089468956,0.026295358315110207
978,0.20948177576065063,0.027027154341340065
979,0.11142649501562119,0.013086863793432713
980,0.24223971366882324,0.022710414603352547
981,0.036078423261642456,0.011372506618499756
982,0.041262127459049225,0.016483256593346596
983,0.07222636789083481,0.009288125671446323
984,0.13186106085777283,0.01015428639948368
985,0.04748159646987915,0.012515014037489891
986,0.0320645235478878,0.007801605388522148
987,0.020545855164527893,0.013834488578140736
988,0.1396845579147339,0.014371111057698727
989,0.1303662657737732,0.015355903655290604
990,0.12323637306690216,0.006659728940576315
991,0.061802707612514496,0.0069269100204110146
992,0.0843525305390358,0.03337721899151802
993,0.10751643031835556,0.011796919628977776
994,0.01754164509475231,0.004232767038047314
995,0.07287054508924484,0.005428011529147625
996,0.02924325503408909,0.03170643746852875
997,0.06421750038862228,0.003779968712478876
998,0.012490683235228062,0.00853675976395607
999,0.05798092484474182,0.0026485940907150507
1000,0.02224811166524887,0.00835203193128109
1001,0.044494401663541794,0.004184966906905174
1002,0.03991351276636124,0.0024954506661742926
1003,0.028032861649990082,0.02137152850627899
1004,0.03381435573101044,0.01004164107143879
1005,0.03416825085878372,0.006708742119371891
1006,0.05184728652238846,0.005761428736150265
1007,0.04766795039176941,0.018915152177214622
1008,0.018901005387306213,0.009807954542338848
1009,0.004151632077991962,0.010957920923829079
1010,0.1706361025571823,0.015116404742002487
1011,0.036536119878292084,0.021317094564437866
1012,0.12679654359817505,0.009633578360080719
1013,0.027723409235477448,0.0033645634539425373
1014,0.026265675202012062,0.011941200122237206
1015,0.05218551680445671,0.009172052145004272
1016,0.05848734453320503,0.007900936529040337
1017,0.019900470972061157,0.007801460102200508
1018,0.013836863450706005,0.016841232776641846
1019,0.028780410066246986,0.0033812853507697582
1020,0.050624579191207886,0.009113515727221966
1021,0.028605114668607712,0.006368718110024929
1022,0.02100980468094349,0.006706954445689917
1023,0.02416399121284485,0.0056425719521939754
1024,0.02961905300617218,0.002779597882181406
1025,0.027099212631583214,0.003331437474116683
1026,0.012736405245959759,0.006420725025236607
1027,0.03183787316083908,0.005400430411100388
1028,0.026140641421079636,0.004209107253700495
1029,0.055063437670469284,0.0017228337237611413
1030,0.04326179251074791,0.0020481180399656296
1031,0.018465541303157806,0.006497742608189583
1032,0.030530396848917007,0.004761980846524239
1033,0.021235084161162376,0.006482018157839775
1034,0.01757822185754776,0.009068709798157215
1035,0.040640171617269516,0.01071673259139061
1036,0.03715972602367401,0.003028090111911297
1037,0.04115543141961098,0.005932573229074478
1038,0.04638896882534027,0.0019564463291317225
1039,0.04477307200431824,0.01421901024878025
1040,0.07353352010250092,0.007012743968516588
1041,0.055372968316078186,0.011171914637088776
1042,0.12397788465023041,0.009598782286047935
1043,0.1667875051498413,0.006556804291903973
1044,0.02488509938120842,0.0255724024027586
1045,0.018189087510108948,0.010095986537635326
1046,0.05853421986103058,0.004248662386089563
1047,0.11634617298841476,0.005551293957978487
1048,0.07393580675125122,0.02953214943408966
1049,0.061775702983140945,0.011627494357526302
1050,0.027361789718270302,0.0056890216656029224
1051,0.02603306621313095,0.016262078657746315
1052,0.039133716374635696,0.008743274956941605
1053,0.03965722396969795,0.0069560338743031025
1054,0.06202796846628189,0.01526743732392788
1055,0.05619726702570915,0.0409683957695961
1056,0.130365788936615,0.004512873478233814
1057,0.06039445474743843,0.009118033573031425
1058,0.0875559151172638,0.021965470165014267
1059,0.17561396956443787,0.015323777683079243
1060,0.07121457159519196,0.04728834331035614
1061,0.11890192329883575,0.008949661627411842
1062,0.04145422577857971,0.013732578605413437
1063,0.05054726451635361,0.004355612676590681
1064,0.06264650821685791,0.006154363974928856
1065,0.08911540359258652,0.017879387363791466
1066,0.08129812777042389,0.00845168437808752
1067,0.01895994134247303,0.010484288446605206
1068,0.06309660524129868,0.009130135178565979
1069,0.07680773735046387,0.009500053711235523
1070,0.027684420347213745,0.00963401235640049
1071,0.10600040853023529,0.03936345875263214
1072,0.059790097177028656,0.011545022018253803
1073,0.10266934335231781,0.020947063341736794
1074,0.13224217295646667,0.015200907364487648
1075,0.08861418813467026,0.019945815205574036
1076,0.05708997696638107,0.005024750251322985
1077,0.046739429235458374,0.02123933471739292
1078,0.04922306910157204,0.012588834390044212
1079,0.06718888133764267,0.007212980650365353
1080,0.030196242034435272,0.01432829350233078
1081,0.08255920559167862,0.022859767079353333
1082,0.017791811376810074,0.014333351515233517
1083,0.07985696196556091,0.004831103608012199
1084,0.09488673508167267,0.015474770218133926
1085,0.0679871067404747,0.016090694814920425
1086,0.06154923513531685,0.010545153170824051
1087,0.06578397005796432,0.007557286880910397
1088,0.05694000795483589,0.009550357237458229
1089,0.06230761855840683,0.0017404683167114854
1090,0.09972809255123138,0.020681023597717285
1091,0.05385982245206833,0.02122841402888298
1092,0.15735456347465515,0.011420912109315395
1093,0.08827503025531769,0.0028152691666036844
1094,0.049514900892972946,0.016233032569289207
1095,0.0869317278265953,0.01589973270893097
1096,0.029867080971598625,0.00905558094382286
1097,0.041074782609939575,0.008915072306990623
1098,0.09323945641517639,0.00273556774482131
1099,0.03172164782881737,0.0059302933514118195
1100,0.004888986237347126,0.0033154068514704704
1101,0.009745887480676174,0.006416740361601114
1102,0.024877019226551056,0.006005472503602505
1103,0.022182807326316833,0.00825108215212822
1104,0.06753222644329071,0.01911739818751812
1105,0.019096100702881813,0.0034504435025155544
1106,0.09942775219678879,0.008554617874324322
1107,0.027878638356924057,0.007449844852089882
1108,0.0572584792971611,0.004374923184514046
1109,0.07814310491085052,0.0066944388672709465
1110,0.09292164444923401,0.020754337310791016
1111,0.06826383620500565,0.021211255341768265
1112,0.057225193828344345,0.019668754190206528
1113,0.05395147204399109,0.0033291636500507593
1114,0.014880857430398464,0.009997885674238205
1115,0.03157736361026764,0.00849673617631197
1116,0.05419921875,0.00933079980313778
1117,0.01674262434244156,0.013895743526518345
1118,0.03810199350118637,0.011035062372684479
1119,0.05350269749760628,0.009872189722955227
1120,0.026866214349865913,0.005739586893469095
1121,0.061207450926303864,0.008447771891951561
1122,0.025066521018743515,0.009773978032171726
1123,0.02136499434709549,0.0033303475938737392
1124,0.05983967334032059,0.0033657916355878115
1125,0.06693316996097565,0.004621325060725212
1126,0.052189238369464874,0.012185553088784218
1127,0.03922959417104721,0.0038887388072907925
1128,0.041815899312496185,0.006004437804222107
1129,0.04686015471816063,0.005194803699851036
1130,0.05738852173089981,0.010430620983242989
1131,0.010870697908103466,0.01732894405722618
1132,0.061632189899683,0.0018073355313390493
1133,0.029841536656022072,0.003566685365512967
1134,0.031677305698394775,0.007260250858962536
1135,0.031882256269454956,0.00245105754584074
1136,0.04668894782662392,0.003628044156357646
1137,0.016687069088220596,0.007326630875468254
1138,0.01675158180296421,0.005816873162984848
1139,0.05091819912195206,0.009816499426960945
1140,0.020040927454829216,0.007267245557159185
1141,0.04101669043302536,0.024707358330488205
1142,0.041597213596105576,0.01564459130167961
1143,0.07978814840316772,0.027257002890110016
1144,0.023686371743679047,0.015933921560645103
1145,0.042595162987709045,0.006556396372616291
1146,0.03370550647377968,0.005916641093790531
1147,0.04484951123595238,0.005086895078420639
1148,0.040026552975177765,0.019182415679097176
1149,0.01232538465410471,0.007011125795543194
1150,0.01754017174243927,0.004224940203130245
1151,0.038881100714206696,0.01125178299844265
1152,0.0439818911254406,0.008187400177121162
1153,0.039150141179561615,0.021002445369958878
1154,0.0536767914891243,0.02684893272817135
1155,0.06349834054708481,0.01926140859723091
1156,0.09681188315153122,0.01980617642402649
1157,0.06585247069597244,0.015696275979280472
1158,0.11769089847803116,0.007085805758833885
1159,0.10562159866094589,0.018077518790960312
1160,0.05737410485744476,0.010490870103240013
1161,0.03842597082257271,0.014583170413970947
1162,0.01419185008853674,0.0029138834215700626
1163,0.06678250432014465,0.006709803827106953
1164,0.057751595973968506,0.00413101352751255
1165,0.05112433806061745,0.023885881528258324
1166,0.02844960242509842,0.010189802385866642
1167,0.08130718767642975,0.01215537078678608
1168,0.04048806428909302,0.0046683852560818195
1169,0.01325559988617897,0.005501080304384232
1170,0.051202356815338135,0.005717744119465351
1171,0.15543681383132935,0.005146132782101631
1172,0.16097745299339294,0.02054404281079769
1173,0.0672345906496048,0.00849800743162632
1174,0.03630165383219719,0.02523094415664673
1175,0.06128370389342308,0.011091277003288269
1176,0.04850110039114952,0.02707035094499588
1177,0.1496773660182953,0.019501326605677605
1178,0.06565437465906143,0.016190500929951668
1179,0.038943320512771606,0.011792244389653206
1180,0.04665899649262428,0.021760310977697372
1181,0.04626360535621643,0.024762792512774467
1182,0.02510055899620056,0.04624447599053383
1183,0.024989353492856026,0.008167820051312447
1184,0.1214081346988678,0.017697935923933983
1185,0.1465253084897995,0.005791273433715105
1186,0.28780990839004517,0.014547168277204037
1187,0.0765921100974083,0.001598111353814602
1188,0.039342835545539856,0.010019144974648952
1189,0.10473577678203583,0.014897055923938751
1190,0.038952428847551346,0.018562570214271545
1191,0.05412084981799126,0.00584721053019166
1192,0.021809738129377365,0.007375579327344894
1193,0.04955890774726868,0.003302875440567732
1194,0.04096477851271629,0.008063944056630135
1195,0.14412851631641388,0.010429542511701584
1196,0.024549685418605804,0.01918872818350792
1197,0.06086110323667526,0.015278549864888191
1198,0.07080134749412537,0.014469826593995094
1199,0.09666307270526886,0.020996760576963425
1200,0.016187135130167007,0.009357807226479053
1201,0.0648215264081955,0.015490641817450523
1202,0.04683307930827141,0.005568608175963163
1203,0.035107050091028214,0.008318090811371803
1204,0.020989179611206055,0.010900682769715786
1205,0.05024066939949989,0.005059824790805578
1206,0.033752791583538055,0.01419772207736969
1207,0.03208610415458679,0.0047965217381715775
1208,0.03382227197289467,0.007976943626999855
1209,0.08009908348321915,0.006483919452875853
1210,0.06954146921634674,0.003933195490390062
1211,0.01640048436820507,0.019715402275323868
1212,0.08333013206720352,0.013089619576931
1213,0.034577660262584686,0.008790535852313042
1214,0.04141714796423912,0.009832311421632767
1215,0.022321684285998344,0.006600152235478163
1216,0.05159644037485123,0.009258058853447437
1217,0.009952372871339321,0.016099687665700912
1218,0.025166166946291924,0.00672474130988121
1219,0.0426965095102787,0.01240467093884945
1220,0.0256976131349802,0.015277016907930374
1221,0.06606079638004303,0.008444426581263542
1222,0.032235268503427505,0.00584107730537653
1223,0.07415743172168732,0.0073282853700220585
1224,0.04673909768462181,0.00527037912979722
1225,0.026471048593521118,0.006380624603480101
1226,0.024972770363092422,0.013035411015152931
1227,0.05106082558631897,0.013176340609788895
1228,0.045505985617637634,0.0057122306898236275
1229,0.042821306735277176,0.009719731286168098
1230,0.035878393799066544,0.01747714728116989
1231,0.009879644960165024,0.00872582383453846
1232,0.014574175700545311,0.016816137358546257
1233,0.03142295777797699,0.009341846220195293
1234,0.02023298293352127,0.012177149765193462
1235,0.02837119996547699,0.005393103696405888
1236,0.0260439645498991,0.013689742423593998
1237,0.023866547271609306,0.0086868517100811
1238,0.03878472372889519,0.0031351218931376934
1239,0.02492482215166092,0.008332088589668274
1240,0.026117708534002304,0.006448262371122837
1241,0.04973158612847328,0.0037326819729059935
1242,0.0354667603969574,0.0044089495204389095
1243,0.039410993456840515,0.005484289489686489
1244,0.016519056633114815,0.010885640978813171
1245,0.022164668887853622,0.012440729886293411
1246,0.07750701159238815,0.006910304073244333
1247,0.03731396794319153,0.011846838518977165
1248,0.038372982293367386,0.008951203897595406
1249,0.06309114396572113,0.004337971098721027
1250,0.05181406810879707,0.007198947481811047
1251,0.032319847494363785,0.010462122969329357
1252,0.020386330783367157,0.009065333753824234
1253,0.016772229224443436,0.007013644091784954
1254,0.0217619426548481,0.006985828280448914
1255,0.07619912922382355,0.01566137932240963
1256,0.06509171426296234,0.009849900379776955
1257,0.06665852665901184,0.001568551524542272
1258,0.04964391514658928,0.008614352904260159
1259,0.009108749218285084,0.011468278244137764
1260,0.04701860994100571,0.01199017558246851
1261,0.025081023573875427,0.006368608213961124
1262,0.07609035074710846,0.02619742788374424
1263,0.07529257237911224,0.032239075750112534
1264,0.1298884153366089,0.048884280025959015
1265,0.041826389729976654,0.008224413730204105
1266,0.0740073174238205,0.013097465969622135
1267,0.055907487869262695,0.01176415290683508
1268,0.02487313561141491,0.010440067388117313
1269,0.032776497304439545,0.010515020228922367
1270,0.037499431520700455,0.008569246158003807
1271,0.034701477736234665,0.010291817598044872
1272,0.015434235334396362,0.008391862735152245
1273,0.043180912733078,0.012806665152311325
1274,0.04923387989401817,0.013317208737134933
1275,0.05024198442697525,0.01018338929861784
1276,0.03676912933588028,0.014025282114744186
1277,0.06301811337471008,0.0056109922006726265
1278,0.11496180295944214,0.008804304525256157
1279,0.09175440669059753,0.0008008518489077687
1280,0.02249346487224102,0.005756893660873175
1281,0.08030988276004791,0.007359247654676437
1282,0.02221953123807907,0.011825740337371826
1283,0.05736310034990311,0.02527022361755371
1284,0.07343404740095139,0.007742114830762148
1285,0.026013951748609543,0.022507283836603165
1286,0.07313217222690582,0.009049616754055023
1287,0.03994452953338623,0.006075551267713308
1288,0.041186198592185974,0.027223730459809303
1289,0.030123401433229446,0.005025834776461124
1290,0.047846950590610504,0.014865241013467312
1291,0.055746205151081085,0.011390592902898788
1292,0.06010965257883072,0.0052409544587135315
1293,0.13146641850471497,0.011845299042761326
1294,0.09372374415397644,0.02313653752207756
1295,0.11872261762619019,0.018789242953062057
1296,0.05113960802555084,0.005167726427316666
1297,0.1255374550819397,0.006579787470400333
1298,0.03605763241648674,0.016709888353943825
1299,0.1350671648979187,0.01639740914106369
1300,0.017048558220267296,0.005006861872971058
1301,0.020604129880666733,0.00447829021140933
1302,0.08017051964998245,0.03909129649400711
1303,0.07561782747507095,0.010754314251244068
1304,0.0514732301235199,0.01219763420522213
1305,0.07535344362258911,0.026334067806601524
1306,0.021078644320368767,0.008888144046068192
1307,0.03526843339204788,0.01424658577889204
1308,0.0248563252389431,0.005713363643735647
1309,0.04863400384783745,0.009167640469968319
1310,0.09769728779792786,0.008703464642167091
1311,0.06726853549480438,0.011150316335260868
1312,0.03481883555650711,0.012885344214737415
1313,0.058647073805332184,0.022883763536810875
1314,0.02230052277445793,0.005761659238487482
1315,0.027305960655212402,0.0042533185333013535
1316,0.02298915386199951,0.014746136963367462
1317,0.05737739056348801,0.008028519339859486
1318,0.03430994972586632,0.011665089055895805
1319,0.04324766993522644,0.004529348108917475
1320,0.03524300083518028,0.0020837532356381416
1321,0.04995601996779442,0.002617552410811186
1322,0.034837886691093445,0.009694336913526058
1323,0.03433144837617874,0.012492983601987362
1324,0.022563282400369644,0.0046190498396754265
1325,0.08051234483718872,0.004553109407424927
1326,0.04900229722261429,0.014764215797185898
1327,0.0374021977186203,0.005068595055490732
1328,0.05453953519463539,0.009390418417751789
1329,0.015287218615412712,0.0071351006627082825
1330,0.02217700332403183,0.012317975051701069
1331,0.04790617525577545,0.010915414430201054
1332,0.1107773408293724,0.013351256027817726
1333,0.06631599366664886,0.011029272340238094
1334,0.05779099464416504,0.022871920838952065
1335,0.04245571792125702,0.005652288440614939
1336,0.036356326192617416,0.007103925570845604
1337,0.05215837433934212,0.014316252432763577
1338,0.0231320820748806,0.016517287120223045
1339,0.06728650629520416,0.009476892650127411
1340,0.018406016752123833,0.012051424011588097
1341,0.0360100157558918,0.010445698164403439
1342,0.035852354019880295,0.010309703648090363
1343,0.0162820927798748,0.002889801049605012
1344,0.05825217813253403,0.008855326101183891
1345,0.010596579872071743,0.008701752871274948
1346,0.07034044712781906,0.010334580205380917
1347,0.02185053750872612,0.010535936802625656
1348,0.03128483518958092,0.0057111261412501335
1349,0.07388515025377274,0.013099216856062412
1350,0.017784686759114265,0.009259476326406002
1351,0.026575597003102303,0.008751954883337021
1352,0.07015775889158249,0.005754951387643814
1353,0.01555445697158575,0.004271446727216244
1354,0.03862166777253151,0.013121929951012135
1355,0.014645720832049847,0.012869908474385738
1356,0.04215424507856369,0.00478974636644125
1357,0.03309115022420883,0.011477043852210045
1358,0.034314922988414764,0.010084840469062328
1359,0.031193887814879417,0.007141784764826298
1360,0.010849034413695335,0.004437948577105999
1361,0.009391210973262787,0.0075928764417767525
1362,0.006029474548995495,0.007854096591472626
1363,0.017685268074274063,0.00544167123734951
1364,0.03797071799635887,0.010920403525233269
1365,0.022520486265420914,0.011366461403667927
1366,0.032892223447561264,0.0093649597838521
1367,0.04171186313033104,0.004769798368215561
1368,0.018234822899103165,0.004801285918802023
1369,0.022197922691702843,0.012729700654745102
1370,0.03233231231570244,0.006070899777114391
1371,0.05518736690282822,0.02840234711766243
1372,0.03781312704086304,0.021654605865478516
1373,0.06219317018985748,0.019417304545640945
1374,0.07937134802341461,0.012217913754284382
1375,0.019075831398367882,0.00602636206895113
1376,0.04353068023920059,0.015664326027035713
1377,0.03142238035798073,0.0036990377120673656
1378,0.10142678022384644,0.015421926975250244
1379,0.018804367631673813,0.011665282770991325
1380,0.13054253160953522,0.011732066981494427
1381,0.08846480399370193,0.007685435935854912
1382,0.04868635907769203,0.006395092699676752
1383,0.07574989646673203,0.01223694160580635
1384,0.0427422858774662,0.019353942945599556
1385,0.047562871128320694,0.01227840781211853
1386,0.04850423336029053,0.016444168984889984
1387,0.052360374480485916,0.014592674560844898
1388,0.07731699198484421,0.029735056683421135
1389,0.06457962095737457,0.03044239431619644
1390,0.09603311121463776,0.05997206270694733
1391,0.1386541724205017,0.009368938393890858
1392,0.0996444821357727,0.019099481403827667
1393,0.0372207872569561,0.01457340456545353
1394,0.06173122674226761,0.019120778888463974
1395,0.038539014756679535,0.005904186051338911
1396,0.019837550818920135,0.0063405269756913185
1397,0.04887954890727997,0.01143103837966919
1398,0.02612156979739666,0.007663717493414879
1399,0.06254374980926514,0.020587719976902008
1400,0.0756797343492508,0.008546040393412113
1401,0.04423464089632034,0.014043520204722881
1402,0.03197816386818886,0.011399395763874054
1403,0.09739575535058975,0.017383316531777382
1404,0.09303949028253555,0.016786983236670494
1405,0.11351972818374634,0.018491476774215698
1406,0.08196511119604111,0.007816977798938751
1407,0.055215224623680115,0.020764579996466637
1408,0.19927194714546204,0.008248278871178627
1409,0.0370572954416275,0.007874050177633762
1410,0.05254482477903366,0.010743746533989906
1411,0.19378924369812012,0.014987071044743061
1412,0.07901420444250107,0.020165637135505676
1413,0.042604926973581314,0.022533893585205078
1414,0.012362953275442123,0.0105059165507555
1415,0.22598876059055328,0.008291935548186302
1416,0.12834395468235016,0.005540251731872559
1417,0.06027288734912872,0.016470566391944885
1418,0.06657487899065018,0.008213972672820091
1419,0.015082462690770626,0.01625412330031395
1420,0.02422471158206463,0.010792821645736694
1421,0.018883496522903442,0.0083924550563097
1422,0.03292730823159218,0.0045060766860842705
1423,0.024781178683042526,0.00670619448646903
1424,0.016353104263544083,0.008432233706116676
1425,0.040051333606243134,0.004572889301925898
1426,0.027010183781385422,0.012484109029173851
1427,0.03392896056175232,0.005075371358543634
1428,0.022626562044024467,0.005975645966827869
1429,0.01415226235985756,0.009235965088009834
1430,0.026605822145938873,0.0075402576476335526
1431,0.04330117627978325,0.0071225413121283054
1432,0.027114376425743103,0.01050589606165886
1433,0.050171345472335815,0.0036774000618606806
1434,0.01846487820148468,0.007950717583298683
1435,0.02403675951063633,0.008571538142859936
1436,0.0674944519996643,0.013828219845890999
1437,0.07562370598316193,0.006276958622038364
1438,0.08566536009311676,0.011661950498819351
1439,0.01051134243607521,0.005767622496932745
1440,0.05039399489760399,0.0013639871031045914
1441,0.010113531723618507,0.004419031087309122
1442,0.026898808777332306,0.021782919764518738
1443,0.023952433839440346,0.010629499331116676
1444,0.04192904382944107,0.008356429636478424
1445,0.025020910426974297,0.011354340240359306
1446,0.019836528226733208,0.005438337102532387
1447,0.09226390719413757,0.00837455503642559
1448,0.03235988691449165,0.015061112120747566
1449,0.046794526278972626,0.006103077903389931
1450,0.03723574057221413,0.011862590909004211
1451,0.05599332973361015,0.01821364462375641
1452,0.01863716170191765,0.004973656497895718
1453,0.025201065465807915,0.01138651929795742
1454,0.06672362238168716,0.020485810935497284
1455,0.020848721265792847,0.01067974790930748
1456,0.027559317648410797,0.010204768739640713
1457,0.04298626631498337,0.005195725709199905
1458,0.021849194541573524,0.001610302017070353
1459,0.06097868084907532,0.005259918514639139
1460,0.01381226908415556,0.00706254318356514
1461,0.013908134773373604,0.00396859971806407
1462,0.018789900466799736,0.0037548341788351536
1463,0.03562650829553604,0.003505097469314933
1464,0.026225868612527847,0.005748056806623936
1465,0.008371375501155853,0.007528831250965595
1466,0.05170097202062607,0.012996017932891846
1467,0.03674456477165222,0.0020767836831510067
1468,0.013379981741309166,0.004890334792435169
1469,0.0192527137696743,0.00836190301924944
1470,0.041273511946201324,0.006640833802521229
1471,0.013861378654837608,0.003037125337868929
1472,0.0447036437690258,0.008685100823640823
1473,0.03958742320537567,0.00830988772213459
1474,0.030693646520376205,0.004751157481223345
1475,0.03983438387513161,0.002113583730533719
1476,0.03793910890817642,0.010864230804145336
1477,0.039472587406635284,0.006529486272484064
1478,0.03722156584262848,0.004314105957746506
1479,0.0664692223072052,0.0028258615639060736
1480,0.028305523097515106,0.0029699180740863085
1481,0.035826247185468674,0.015258796513080597
1482,0.04657083749771118,0.0029944723937660456
1483,0.04271530359983444,0.014662506990134716
1484,0.06115121766924858,0.014069976285099983
1485,0.0771360844373703,0.010277112945914268
1486,0.04117538779973984,0.013927998952567577
1487,0.0711422860622406,0.0014355735620483756
1488,0.04752185940742493,0.0017972083296626806
1489,0.17500129342079163,0.0059227608144283295
1490,0.11330153048038483,0.0075325677171349525
1491,0.025345738977193832,0.011240179650485516
1492,0.04374048858880997,0.01777031645178795
1493,0.11928224563598633,0.003709356300532818
1494,0.027577992528676987,0.00521963182836771
1495,0.13939021527767181,0.028124522417783737
1496,0.040271513164043427,0.010298571549355984
1497,0.04627278074622154,0.0040863133035600185
1498,0.017582187429070473,0.014638271182775497
1499,0.06361333280801773,0.019116446375846863
1500,0.07448088377714157,0.003421658417209983
1501,0.09521859139204025,0.02043725736439228
1502,0.08726278692483902,0.008306237868964672
1503,0.08048298954963684,0.010018683038651943
1504,0.0381477028131485,0.01705814152956009
1505,0.06792977452278137,0.016714133322238922
1506,0.06907317787408829,0.010798445902764797
1507,0.03619937598705292,0.008130866102874279
1508,0.011354176327586174,0.01977533847093582
1509,0.02224731259047985,0.009865907952189445
1510,0.04286152124404907,0.009837696328759193
1511,0.048868101090192795,0.00390979228541255
1512,0.0642692893743515,0.014168431982398033
1513,0.13291169703006744,0.051099274307489395
1514,0.04542899504303932,0.03758249804377556
1515,0.04274379089474678,0.0132408132776618
1516,0.02801932767033577,0.01581534370779991
1517,0.04153331369161606,0.01348009891808033
1518,0.13254953920841217,0.018734773620963097
1519,0.04361706227064133,0.0077432794496417046
1520,0.03315071389079094,0.04198088496923447
1521,0.12241953611373901,0.0077413590624928474
1522,0.088945671916008,0.015709061175584793
1523,0.08625104278326035,0.019572153687477112
1524,0.015264773741364479,0.008739610202610493
1525,0.07599738985300064,0.011885153129696846
1526,0.02571570873260498,0.0091068334877491
1527,0.06047855317592621,0.00973342452198267
1528,0.09656932950019836,0.009137650020420551
1529,0.05226384848356247,0.01571211777627468
1530,0.05481027439236641,0.0038688983768224716
1531,0.16597172617912292,0.018194928765296936
1532,0.017930909991264343,0.006561621092259884
1533,0.02011876367032528,0.009875348769128323
1534,0.06977304816246033,0.0041857315227389336
1535,0.027959754690527916,0.008951905183494091
1536,0.01680712215602398,0.00457162968814373
1537,0.013119127601385117,0.012999179773032665
1538,0.0507410392165184,0.011230401694774628
1539,0.06822392344474792,0.01152118295431137
1540,0.023371882736682892,0.00772469025105238
1541,0.02246769517660141,0.015503861010074615
1542,0.05150913447141647,0.010635248385369778
1543,0.027505390346050262,0.0051413471810519695
1544,0.07003913819789886,0.004286472219973803
1545,0.014625735580921173,0.008528487756848335
1546,0.022062476724386215,0.007728996686637402
1547,0.031002270057797432,0.012600586749613285
1548,0.03505881130695343,0.008624544367194176
1549,0.019869524985551834,0.008394503965973854
1550,0.006298682652413845,0.005776469595730305
1551,0.022670427337288857,0.01905488595366478
1552,0.04907436668872833,0.015538138337433338
1553,0.061774447560310364,0.012000350281596184
1554,0.04917939379811287,0.004777404945343733
1555,0.028700634837150574,0.009791065007448196
1556,0.09533248841762543,0.007328350096940994
1557,0.06623845547437668,0.01552290003746748
1558,0.06169220432639122,0.01678658463060856
1559,0.11379066854715347,0.011478602886199951
1560,0.03633708134293556,0.006343335844576359
1561,0.03607615828514099,0.007934657856822014
1562,0.0712934359908104,0.006509220693260431
1563,0.08703303337097168,0.01007849257439375
1564,0.10590741783380508,0.006461707409471273
1565,0.032512884587049484,0.00663549592718482
1566,0.038774751126766205,0.013827616348862648
1567,0.032754674553871155,0.00620182603597641
1568,0.052015963941812515,0.006565671414136887
1569,0.09361681342124939,0.002383667975664139
1570,0.057758063077926636,0.008210059255361557
1571,0.018268652260303497,0.008299212902784348
1572,0.02065412513911724,0.005712149199098349
1573,0.052756767719984055,0.011192423291504383
1574,0.032960809767246246,0.003044571029022336
1575,0.030367955565452576,0.007392595987766981
1576,0.03850730508565903,0.013708438724279404
1577,0.02579330839216709,0.007304878905415535
1578,0.022463612258434296,0.01084713265299797
1579,0.01923484355211258,0.004391042981296778
1580,0.0345524437725544,0.012991556897759438
1581,0.07526963949203491,0.01261233352124691
1582,0.0195060633122921,0.010569097474217415
1583,0.07306674122810364,0.007795616984367371
1584,0.025675524026155472,0.006415648385882378
1585,0.012202870100736618,0.0027259732596576214
1586,0.020255014300346375,0.007647067774087191
1587,0.02805061638355255,0.009391050785779953
1588,0.053054727613925934,0.00282609392888844
1589,0.015027085319161415,0.009041932411491871
1590,0.03673699498176575,0.010633311234414577
1591,0.012337669730186462,0.006648873910307884
1592,0.022957416251301765,0.010274992324411869
1593,0.04812070354819298,0.013415442779660225
1594,0.024405360221862793,0.0037313697393983603
1595,0.0328068882226944,0.013453103601932526
1596,0.0395752415060997,0.012422301806509495
1597,0.006441681645810604,0.006467374972999096
1598,0.02048233151435852,0.002270105527713895
1599,0.06894734501838684,0.01227271743118763
1600,0.06189397722482681,0.029778175055980682
1601,0.029969535768032074,0.006487234495580196
1602,0.042855404317379,0.007854010909795761
1603,0.04135478660464287,0.017989028245210648
1604,0.0667414590716362,0.01516707707196474
1605,0.016806701198220253,0.01973072439432144
1606,0.029160574078559875,0.005068874452263117
1607,0.05178052559494972,0.01642792858183384
1608,0.02587537281215191,0.008465773425996304
1609,0.1143726259469986,0.009772839024662971
1610,0.07806435972452164,0.007182558998465538
1611,0.06687010824680328,0.00613105483353138
1612,0.1105099618434906,0.009136387147009373
1613,0.12116583436727524,0.010134824551641941
1614,0.07201109826564789,0.0049032727256417274
1615,0.08361485600471497,0.003192489966750145
1616,0.07040432095527649,0.009967127814888954
1617,0.12897458672523499,0.010360118001699448
1618,0.05159729719161987,0.020510798320174217
1619,0.05704626813530922,0.008417261764407158
1620,0.1601530760526657,0.01550293155014515
1621,0.08943289518356323,0.021207477897405624
1622,0.04684942215681076,0.0035693729296326637
1623,0.04841877520084381,0.014984790235757828
1624,0.07136870920658112,0.014213329181075096
1625,0.08442069590091705,0.00708754314109683
1626,0.025857675820589066,0.023279838263988495
1627,0.05794078856706619,0.03107781708240509
1628,0.04670020937919617,0.03816675394773483
1629,0.06263727694749832,0.011339414864778519
1630,0.09019630402326584,0.021545352414250374
1631,0.041544780135154724,0.011448429897427559
1632,0.042518265545368195,0.03822149336338043
1633,0.061829254031181335,0.0187777541577816
1634,0.008530453778803349,0.00862118974328041
1635,0.09298624843358994,0.016528373584151268
1636,0.08283168822526932,0.008363970555365086
1637,0.06529589742422104,0.011597642675042152
1638,0.07993276417255402,0.031616851687431335
1639,0.03269439935684204,0.005230552516877651
1640,0.04414580762386322,0.018217602744698524
1641,0.03180008381605148,0.005905771628022194
1642,0.0661972165107727,0.011186867952346802
1643,0.03364356607198715,0.02128652296960354
1644,0.022636448964476585,0.02984202280640602
1645,0.03276601806282997,0.004798461217433214
1646,0.0321274995803833,0.012763401493430138
1647,0.056096240878105164,0.0036100854631513357
1648,0.008642557077109814,0.011033443734049797
1649,0.05318443477153778,0.012085098773241043
1650,0.04490714520215988,0.011247715912759304
1651,0.023945992812514305,0.010818556882441044
1652,0.04846888408064842,0.006235456094145775
1653,0.09601578861474991,0.007861100137233734
1654,0.07332879304885864,0.009153562597930431
1655,0.11244555562734604,0.00901354942470789
1656,0.03872111067175865,0.0075853741727769375
1657,0.02994323894381523,0.003259186167269945
1658,0.01600867509841919,0.00733824260532856
1659,0.028450237587094307,0.0024306392297148705
1660,0.02704799175262451,0.00698915496468544
1661,0.026660367846488953,0.015713518485426903
1662,0.04643593728542328,0.004209652077406645
1663,0.1381443291902542,0.006050070747733116
1664,0.017911860719323158,0.00478237122297287
1665,0.030208397656679153,0.003957352135330439
1666,0.03397562354803085,0.01189939584583044
1667,0.030327990651130676,0.006150273606181145
1668,0.019068105146288872,0.00232585147023201
1669,0.02647036872804165,0.0013053716393187642
1670,0.019345931708812714,0.030290359631180763
1671,0.02725348249077797,0.01041446253657341
1672,0.022039303556084633,0.007992783561348915
1673,0.1009555533528328,0.010030834004282951
1674,0.09028413146734238,0.012477540411055088
1675,0.09336631745100021,0.011255261488258839
1676,0.022998500615358353,0.00948583148419857
1677,0.056700579822063446,0.01273039449006319
1678,0.02613089047372341,0.015840882435441017
1679,0.05737447738647461,0.007997659966349602
1680,0.12035930156707764,0.0020709934178739786
1681,0.09579642862081528,0.005775656551122665
1682,0.05321629345417023,0.0028515488374978304
1683,0.02003221958875656,0.0060782525688409805
1684,0.013276741839945316,0.011664974503219128
1685,0.0411318764090538,0.008421255275607109
1686,0.08235092461109161,0.016162825748324394
1687,0.033676452934741974,0.005559050478041172
1688,0.0370442271232605,0.0024820431135594845
1689,0.054921191185712814,0.014977888204157352
1690,0.05540221184492111,0.007184298243373632
1691,0.06838341057300568,0.01455436460673809
1692,0.021705102175474167,0.0048151747323572636
1693,0.01403285376727581,0.007293487899005413
1694,0.0177815742790699,0.00734130572527647
1695,0.03345798701047897,0.004703654441982508
1696,0.010976061224937439,0.006384983193129301
1697,0.02478615753352642,0.009902159683406353
1698,0.02380640059709549,0.0036618788726627827
1699,0.045718539506196976,0.0022746312897652388
1700,0.042165908962488174,0.01161017082631588
1701,0.01597924530506134,0.009501353837549686
1702,0.06942670047283173,0.0035187462344765663
1703,0.048559777438640594,0.004849444143474102
1704,0.025709455832839012,0.003323361976072192
1705,0.011600466445088387,0.0024937577545642853
1706,0.017795605584979057,0.013597428798675537
1707,0.026554429903626442,0.007113731000572443
1708,0.013040518388152122,0.012357369065284729
1709,0.009794886223971844,0.008671834133565426
1710,0.02370356395840645,0.008350055664777756
1711,0.0214544627815485,0.00452144630253315
1712,0.08105410635471344,0.006951002404093742
1713,0.016994580626487732,0.004009301774203777
1714,0.05926307290792465,0.008767860010266304
1715,0.020306039601564407,0.008616769686341286
1716,0.028312962502241135,0.005078312940895557
1717,0.05167366564273834,0.01535220630466938
1718,0.043150536715984344,0.014218590222299099
1719,0.06584104150533676,0.005029407795518637
1720,0.06835857033729553,0.014009200967848301
1721,0.04715689271688461,0.019944483414292336
1722,0.041251786053180695,0.008592622354626656
1723,0.02452443726360798,0.008762354962527752
1724,0.05080049857497215,0.006311831064522266
1725,0.05989838019013405,0.009561849758028984
1726,0.10670273005962372,0.005042011849582195
1727,0.0908103957772255,0.0029068556614220142
1728,0.04701445251703262,0.00802596565335989
1729,0.0997110903263092,0.023465808480978012
1730,0.029767535626888275,0.013320120051503181
1731,0.1422351747751236,0.023981153964996338
1732,0.01429064106196165,0.032052069902420044
1733,0.0607994981110096,0.009456848725676537
1734,0.0741378515958786,0.01108386181294918
1735,0.025874001905322075,0.012584369629621506
1736,0.029192250221967697,0.009431850165128708
1737,0.020615188404917717,0.026798490434885025
1738,0.0836988091468811,0.011128098703920841
1739,0.011613281443715096,0.005340565927326679
1740,0.05486423522233963,0.011209502816200256
1741,0.08871927857398987,0.01747262477874756
1742,0.05151498317718506,0.020462043583393097
1743,0.05601261556148529,0.00994889996945858
1744,0.05768895894289017,0.007812212686985731
1745,0.2261917144060135,0.008329113945364952
1746,0.20280465483665466,0.02222244068980217
1747,0.05625070258975029,0.016746189445257187
1748,0.02141023427248001,0.020621851086616516
1749,0.05310232937335968,0.03670467436313629
1750,0.04581347852945328,0.021391255781054497
1751,0.09702801704406738,0.02930479869246483
1752,0.05925418436527252,0.006556608714163303
1753,0.05768356844782829,0.01551339216530323
1754,0.07324497401714325,0.003909997642040253
1755,0.018858250230550766,0.015371947549283504
1756,0.060789115726947784,0.00445011630654335
1757,0.03702820837497711,0.007227102294564247
1758,0.06009872257709503,0.00963899027556181
1759,0.06847380101680756,0.003540890756994486
1760,0.11970015615224838,0.011658284813165665
1761,0.10847118496894836,0.00478046340867877
1762,0.06304188817739487,0.013931628316640854
1763,0.018887586891651154,0.006612122990190983
1764,0.026486985385417938,0.00577784888446331
1765,0.04642218351364136,0.012002375908195972
1766,0.026450371369719505,0.008057640865445137
1767,0.021533288061618805,0.020876143127679825
1768,0.05137262120842934,0.007854076102375984
1769,0.02254582569003105,0.005105213262140751
1770,0.02359570376574993,0.0033651916310191154
1771,0.027562851086258888,0.014378286898136139
1772,0.026408150792121887,0.003977373242378235
1773,0.037686705589294434,0.008002224378287792
1774,0.07167801260948181,0.008108419366180897
1775,0.036982886493206024,0.02186705730855465
1776,0.06128985807299614,0.005848902277648449
1777,0.035899944603443146,0.005465360824018717
1778,0.02062586136162281,0.007921703159809113
1779,0.038388293236494064,0.012532204389572144
1780,0.01787901669740677,0.0061890496872365475
1781,0.07286924868822098,0.002998853800818324
1782,0.018369896337389946,0.00763730937615037
1783,0.01252143643796444,0.007735011167824268
1784,0.02747475355863571,0.005433999001979828
1785,0.08690784126520157,0.0035785117652267218
1786,0.010129966773092747,0.014875249937176704
1787,0.053184859454631805,0.008008701726794243
1788,0.05617630481719971,0.009387555532157421
1789,0.02189651131629944,0.007360304705798626
1790,0.021951165050268173,0.009548675268888474
1791,0.02113000489771366,0.010024946182966232
1792,0.07053414732217789,0.011303875595331192
1793,0.07239992171525955,0.009315699338912964
1794,0.07038884609937668,0.012392843142151833
1795,0.03706422075629234,0.010393447242677212
1796,0.009266280569136143,0.008434529416263103
1797,0.019777847453951836,0.0016099291387945414
1798,0.12256602942943573,0.006534742657095194
1799,0.01986267790198326,0.01354304887354374
1800,0.0220145583152771,0.015194161795079708
1801,0.06911022216081619,0.005516634788364172
1802,0.016358530148863792,0.007483626715838909
1803,0.025719385594129562,0.005857206415385008
1804,0.047586724162101746,0.007574436720460653
1805,0.021624930202960968,0.020002692937850952
1806,0.05157626420259476,0.005070141516625881
1807,0.028173111379146576,0.0058755953796207905
1808,0.00910203717648983,0.007755802478641272
1809,0.028815722092986107,0.004959685727953911
1810,0.024007225409150124,0.013951659202575684
1811,0.041062016040086746,0.0032061722595244646
1812,0.05106305330991745,0.006863808259367943
1813,0.01865541562438011,0.005109733436256647
1814,0.03901645168662071,0.008368276059627533
1815,0.06325734406709671,0.0030267394613474607
1816,0.017047127708792686,0.0064143892377614975
1817,0.02671974152326584,0.003326825564727187
1818,0.07544594258069992,0.008698316290974617
1819,0.056654371321201324,0.008637459948658943
1820,0.012413240037858486,0.007514774799346924
1821,0.032201528549194336,0.01297171413898468
1822,0.025931276381015778,0.0027783201076090336
1823,0.05405593663454056,0.004147885832935572
1824,0.02729921042919159,0.005466169212013483
1825,0.01753804460167885,0.001793874311260879
1826,0.056716784834861755,0.008008445613086224
1827,0.04873354360461235,0.004626137670129538
1828,0.049372196197509766,0.014171557500958443
1829,0.045730847865343094,0.017008908092975616
1830,0.035041213035583496,0.01904086396098137
1831,0.03121330589056015,0.005307454615831375
1832,0.013314953073859215,0.008368181064724922
1833,0.015359406359493732,0.003995084203779697
1834,0.0309810359030962,0.006549417972564697
1835,0.01148416567593813,0.01027373131364584
1836,0.03788241371512413,0.009554288350045681
1837,0.0237415861338377,0.007415381260216236
1838,0.02077116258442402,0.020647305995225906
1839,0.04477762058377266,0.02656863071024418
1840,0.07459727674722672,0.02563329041004181
1841,0.038543667644262314,0.010701063089072704
1842,0.028811633586883545,0.014657460153102875
1843,0.024455515667796135,0.025781545788049698
1844,0.02596522867679596,0.024891648441553116
1845,0.16460426151752472,0.006525835022330284
1846,0.07748014479875565,0.017012471333146095
1847,0.08864698559045792,0.018721237778663635
1848,0.12812986969947815,0.009706983342766762
1849,0.08779722452163696,0.030061721801757812
1850,0.13027121126651764,0.007615142501890659
1851,0.07392796128988266,0.008338545449078083
1852,0.07586422562599182,0.0053182304836809635
1853,0.028980683535337448,0.016086960211396217
1854,0.037893179804086685,0.015290392562747002
1855,0.018195394426584244,0.01162263285368681
1856,0.04875298589468002,0.024866871535778046
1857,0.05254170298576355,0.012774759903550148
1858,0.14232635498046875,0.018480168655514717
1859,0.04056762158870697,0.01284839678555727
1860,0.10899156332015991,0.009493405930697918
1861,0.05251622945070267,0.013050442561507225
1862,0.10356694459915161,0.013227421790361404
1863,0.17782551050186157,0.027659038081765175
1864,0.1073920950293541,0.01746312901377678
1865,0.03149573504924774,0.016944460570812225
1866,0.0769013911485672,0.004148413427174091
1867,0.17041811347007751,0.007734247017651796
1868,0.09404244273900986,0.004792916122823954
1869,0.09128045290708542,0.009000875987112522
1870,0.02478611469268799,0.010178695432841778
1871,0.02161623351275921,0.010740736499428749
1872,0.12428376078605652,0.010288795456290245
1873,0.14029951393604279,0.014663470908999443
1874,0.05872812867164612,0.015397835522890091
1875,0.046209391206502914,0.022574588656425476
1876,0.053837813436985016,0.008596543222665787
1877,0.036639370024204254,0.01264558732509613
1878,0.1113845705986023,0.008875031024217606
1879,0.018671508878469467,0.011740660294890404
1880,0.012371114455163479,0.005734564736485481
1881,0.08039636164903641,0.0030170478858053684
1882,0.03558199480175972,0.007790056057274342
1883,0.033706121146678925,0.007511141709983349
1884,0.01719224452972412,0.0080732936039567
1885,0.049046166241168976,0.007607774809002876
1886,0.04206680878996849,0.003211366944015026
1887,0.023192517459392548,0.015254315920174122
1888,0.03215652331709862,0.005084220319986343
1889,0.003970243502408266,0.014487162232398987
1890,0.013701052404940128,0.003354473505169153
1891,0.017242345958948135,0.009821412153542042
1892,0.017159853130578995,0.007239331025630236
1893,0.041223037987947464,0.02462002821266651
1894,0.04918922483921051,0.0049630641005933285
1895,0.05968213826417923,0.004199867136776447
1896,0.014086371287703514,0.007122620940208435
1897,0.00743039371445775,0.005244745872914791
1898,0.08891476690769196,0.011972022242844105
1899,0.03404970094561577,0.0055749909952282906
1900,0.033423278480768204,0.008447814732789993
1901,0.0401294119656086,0.014288756996393204
1902,0.04166591167449951,0.012143394909799099
1903,0.021656690165400505,0.007489918731153011
1904,0.016311904415488243,0.004700614605098963
1905,0.01614151895046234,0.004861996043473482
1906,0.01706600934267044,0.011525522917509079
1907,0.09692277759313583,0.01105798315256834
1908,0.08317481726408005,0.009280910715460777
1909,0.05115557461977005,0.02163640223443508
1910,0.05593765899538994,0.003203399246558547
1911,0.049407389014959335,0.03462018072605133
1912,0.11141414940357208,0.017408281564712524
1913,0.08109060674905777,0.019080134108662605
1914,0.035114139318466187,0.004331348929554224
1915,0.11907097697257996,0.007598895113915205
1916,0.10438023507595062,0.011726288124918938
1917,0.09408221393823624,0.005490979645401239
1918,0.03123551234602928,0.014677869156002998
1919,0.11614163219928741,0.02319551818072796
1920,0.09759349375963211,0.010792168788611889
1921,0.06753796339035034,0.02692784182727337
1922,0.03582805022597313,0.009322643280029297
1923,0.05760638043284416,0.016876470297574997
1924,0.03244480863213539,0.0074193417094647884
1925,0.0712093859910965,0.011175044812262058
1926,0.04267535358667374,0.020717889070510864
1927,0.12865936756134033,0.018183130770921707
1928,0.06846272200345993,0.013808900490403175
1929,0.034005504101514816,0.028058864176273346
1930,0.021380744874477386,0.004790653008967638
1931,0.13799458742141724,0.017389122396707535
1932,0.07528640329837799,0.0056643057614564896
1933,0.05812414735555649,0.01465662568807602
1934,0.018040146678686142,0.039002422243356705
1935,0.03221617266535759,0.0059201521798968315
1936,0.09191666543483734,0.02038448676466942
1937,0.031767651438713074,0.012902972288429737
1938,0.053706761449575424,0.014608953148126602
1939,0.061272092163562775,0.009283595718443394
1940,0.0871976986527443,0.006275377236306667
1941,0.025086069479584694,0.004187846090644598
1942,0.08317984640598297,0.011593658477067947
1943,0.031682729721069336,0.03189639747142792
1944,0.01782577857375145,0.005441615357995033
1945,0.12375186383724213,0.045409128069877625
1946,0.07717088609933853,0.015409042127430439
1947,0.026773270219564438,0.031079469248652458
1948,0.08027268946170807,0.006789659149944782
1949,0.02777661383152008,0.005159083753824234
1950,0.03652204945683479,0.006000382360070944
1951,0.06217068433761597,0.007905205711722374
1952,0.02790657803416252,0.002696518786251545
1953,0.008015099912881851,0.009597900323569775
1954,0.015213539823889732,0.014506479725241661
1955,0.04111742600798607,0.007353633642196655
1956,0.03449539840221405,0.016488144174218178
1957,0.02491152659058571,0.005615284200757742
1958,0.03945055231451988,0.005199653096497059
1959,0.01443297229707241,0.010782752186059952
1960,0.05313646420836449,0.010301811620593071
1961,0.048434946686029434,0.005473418161273003
1962,0.05869334936141968,0.007072197273373604
1963,0.07389357686042786,0.0013764274772256613
1964,0.05925346165895462,0.010380667634308338
1965,0.0313006266951561,0.004447799175977707
1966,0.02583448216319084,0.007950310595333576
1967,0.0351153165102005,0.0082676000893116
1968,0.049769993871450424,0.011849666945636272
1969,0.011647690087556839,0.009166428819298744
1970,0.03313002735376358,0.004929207265377045
1971,0.03566035255789757,0.0022649436723440886
1972,0.04778146371245384,0.007157499436289072
1973,0.012139605358242989,0.006797202862799168
1974,0.09688495099544525,0.01590188592672348
1975,0.01563812419772148,0.008073288947343826
1976,0.035425178706645966,0.006422300823032856
1977,0.11394855380058289,0.014739611186087132
1978,0.07052121311426163,0.02025436982512474
1979,0.13008062541484833,0.0224780086427927
1980,0.049713026732206345,0.005383715964853764
1981,0.06560435891151428,0.008461113087832928
1982,0.03504491597414017,0.01322298776358366
1983,0.033514972776174545,0.008182580582797527
1984,0.029564468190073967,0.011701922863721848
1985,0.015833543613553047,0.017917536199092865
1986,0.02220466546714306,0.0023416131734848022
1987,0.043987568467855453,0.015572219155728817
1988,0.02690895088016987,0.019678661599755287
1989,0.01672307401895523,0.010658938437700272
1990,0.061848416924476624,0.014760330319404602
1991,0.03279730677604675,0.009003824554383755
1992,0.025482669472694397,0.03553352132439613
1993,0.062128759920597076,0.00693069351837039
1994,0.24560576677322388,0.019947635009884834
1995,0.13958840072155,0.01598089188337326
1996,0.0781165361404419,0.010901952162384987
1997,0.08926410973072052,0.006063633598387241
1998,0.03298226371407509,0.0065072509460151196
1999,0.06107495725154877,0.010735483840107918
2000,0.04928208142518997,0.007463460322469473
2001,0.04960578680038452,0.014869395643472672
2002,0.08716609328985214,0.015558959916234016
2003,0.03065166436135769,0.016951706260442734
2004,0.0461202971637249,0.01620115339756012
2005,0.03125040978193283,0.024021700024604797
2006,0.05623685196042061,0.012341858819127083
2007,0.08415312319993973,0.011831340380012989
2008,0.029399149119853973,0.005455316044390202
2009,0.026448996737599373,0.013698097318410873
2010,0.03384631127119064,0.00868766289204359
2011,0.04015953838825226,0.012528150342404842
2012,0.12053884565830231,0.02096443995833397
2013,0.0990927517414093,0.009409353137016296
2014,0.012386585585772991,0.013083678670227528
2015,0.05220063775777817,0.0041940282098948956
2016,0.011250365525484085,0.0133434496819973
2017,0.04150139540433884,0.011098098009824753
2018,0.06381666660308838,0.011356702074408531
2019,0.03486878424882889,0.012778770178556442
2020,0.017135199159383774,0.021275177597999573
2021,0.028797879815101624,0.0055859824642539024
2022,0.024185333400964737,0.014154370874166489
2023,0.026539325714111328,0.004534542094916105
2024,0.014802135527133942,0.01620427891612053
2025,0.031274035573005676,0.007228801026940346
2026,0.05699240788817406,0.007886484265327454
2027,0.02651876024901867,0.007316783536225557
2028,0.035232365131378174,0.01523760985583067
2029,0.04904479905962944,0.010068192146718502
2030,0.030291279777884483,0.008410587906837463
2031,0.01888578198850155,0.005173452198505402
2032,0.009199542924761772,0.007642240263521671
2033,0.019610481336712837,0.004600768443197012
2034,0.05055787414312363,0.016337253153324127
2035,0.05272770673036575,0.003243677783757448
2036,0.02996237576007843,0.004940596874803305
2037,0.034340355545282364,0.017190445214509964
2038,0.02533777989447117,0.012642563320696354
2039,0.029700061306357384,0.008299760520458221
2040,0.08712203055620193,0.020392296835780144
2041,0.036223698407411575,0.022124841809272766
2042,0.04735299199819565,0.005016705486923456
2043,0.06310857087373734,0.019955286756157875
2044,0.0456509105861187,0.006356838624924421
2045,0.08143305778503418,0.009369641542434692
2046,0.09808504581451416,0.007566216867417097
2047,0.032391197979450226,0.0161365307867527
2048,0.02988121099770069,0.02781425416469574
2049,0.033566683530807495,0.007861251011490822
2050,0.08156255632638931,0.010234045796096325
2051,0.04019772261381149,0.011542760767042637
2052,0.08908121287822723,0.004048406612128019
2053,0.049189645797014236,0.019756201654672623
2054,0.03509080782532692,0.01684979721903801
2055,0.09280025959014893,0.02022271789610386
2056,0.07318633794784546,0.0038955197669565678
2057,0.012428373098373413,0.01230485737323761
2058,0.029194336384534836,0.014925042167305946
2059,0.018538905307650566,0.02531200461089611
2060,0.06444337218999863,0.03025021031498909
2061,0.06547706574201584,0.009552045725286007
2062,0.02525060996413231,0.008235468529164791
2063,0.10761944949626923,0.010725023224949837
2064,0.01840226724743843,0.009027215652167797
2065,0.021332882344722748,0.005435881204903126
2066,0.04126463830471039,0.011425222270190716
2067,0.08413618803024292,0.0021326192654669285
2068,0.028309276327490807,0.010735205374658108
2069,0.03941231220960617,0.011751918122172356
2070,0.10445582866668701,0.016667187213897705
2071,0.07715989649295807,0.032484330236911774
2072,0.06691749393939972,0.0049790190532803535
2073,0.051576465368270874,0.017165647819638252
2074,0.036475006490945816,0.017666634172201157
2075,0.03498321771621704,0.01295438501983881
2076,0.03382539376616478,0.007753421552479267
2077,0.047869645059108734,0.01451888121664524
2078,0.08078455179929733,0.031539153307676315
2079,0.014997037127614021,0.004932406824082136
2080,0.01747947372496128,0.003514911513775587
2081,0.04031753912568092,0.006363445892930031
2082,0.06288639456033707,0.007839314639568329
2083,0.028961949050426483,0.009504497982561588
2084,0.021431857720017433,0.013699301518499851
2085,0.0337308794260025,0.006660711020231247
2086,0.05406802147626877,0.010315771214663982
2087,0.038186173886060715,0.011366474442183971
2088,0.0617840513586998,0.009170525707304478
2089,0.03585559502243996,0.014353066682815552
2090,0.039883967489004135,0.005940126720815897
2091,0.022498879581689835,0.0061663356609642506
2092,0.024498838931322098,0.007373431697487831
2093,0.023519303649663925,0.005292247980833054
2094,0.05214865505695343,0.002142878482118249
2095,0.027604535222053528,0.0022586053237318993
2096,0.029253661632537842,0.006380064412951469
2097,0.04368335008621216,0.0014292070409283042
2098,0.03570167347788811,0.009051578119397163
2099,0.0309599619358778,0.0031693310011178255
2100,0.06681074947118759,0.014659162610769272
2101,0.034640587866306305,0.018907105550169945
2102,0.03455820679664612,0.014119203202426434
2103,0.020677078515291214,0.007933132350444794
2104,0.02582433633506298,0.0073643215000629425
2105,0.11883044242858887,0.012736073695123196
2106,0.033187344670295715,0.007321076933294535
2107,0.02080458588898182,0.011531129479408264
2108,0.05204510688781738,0.008340192027390003
2109,0.031196314841508865,0.0033582032192498446
2110,0.027910126373171806,0.009794248268008232
2111,0.08595198392868042,0.00658309506252408
2112,0.07046439498662949,0.014648332260549068
2113,0.07907883822917938,0.020278800278902054
2114,0.03315073996782303,0.007736349944025278
2115,0.02965852990746498,0.01614147238433361
2116,0.06255927681922913,0.01792025752365589
2117,0.07072722166776657,0.01126859337091446
2118,0.03306078538298607,0.009955896064639091
2119,0.09086837619543076,0.016887754201889038
2120,0.06659844517707825,0.01529360469430685
2121,0.03391990065574646,0.006150939501821995
2122,0.0647335797548294,0.009449716657400131
2123,0.0343041829764843,0.015884483233094215
2124,0.06868169456720352,0.010778501629829407
2125,0.10817431658506393,0.027198970317840576
2126,0.08269494771957397,0.0060734436847269535
2127,0.0659351721405983,0.011265788227319717
2128,0.04620563983917236,0.01294995378702879
2129,0.03840114176273346,0.013700321316719055
2130,0.05734200403094292,0.005335099063813686
2131,0.026543136686086655,0.01609177142381668
2132,0.04835013672709465,0.01754671521484852
2133,0.06680598855018616,0.00798376277089119
2134,0.05704362317919731,0.004727127496153116
2135,0.09610699862241745,0.01827063038945198
2136,0.07711876183748245,0.011092795990407467
2137,0.06257697939872742,0.005528527311980724
2138,0.054188039153814316,0.012898910790681839
2139,0.060181718319654465,0.02898332104086876
2140,0.015354936942458153,0.019163282588124275
2141,0.06175386160612106,0.019083553925156593
2142,0.13214664161205292,0.008529266342520714
2143,0.07740170508623123,0.00303168804384768
2144,0.07848779857158661,0.008419216610491276
2145,0.06346725672483444,0.015157438814640045
2146,0.022113941609859467,0.006619539577513933
2147,0.017321661114692688,0.006324245594441891
2148,0.061137065291404724,0.017974598333239555
2149,0.01767011359333992,0.012052560225129128
2150,0.0541561096906662,0.005321096628904343
2151,0.036175038665533066,0.009305895306169987
2152,0.06233414635062218,0.011287431232631207
2153,0.041875265538692474,0.004528839141130447
2154,0.017246969044208527,0.0012414476368576288
2155,0.02091800421476364,0.012523990124464035
2156,0.006447676103562117,0.007804903667420149
2157,0.03266032412648201,0.011205527931451797
2158,0.014134304597973824,0.006549573503434658
2159,0.03583720698952675,0.006994279101490974
2160,0.04175425320863724,0.009637079201638699
2161,0.04872303828597069,0.005464519374072552
2162,0.037262409925460815,0.006425900384783745
2163,0.03245324641466141,0.007412378676235676
2164,0.026549402624368668,0.00774767529219389
2165,0.03604378551244736,0.00335736945271492
2166,0.04377846047282219,0.004438157193362713
2167,0.043262138962745667,0.004443681333214045
2168,0.025831066071987152,0.009870538488030434
2169,0.06403674930334091,0.006936247460544109
2170,0.02561979740858078,0.013024205341935158
2171,0.020193492993712425,0.007332894019782543
2172,0.05320475250482559,0.014860379509627819
2173,0.02035854198038578,0.009887058287858963
2174,0.056316085159778595,0.01078736037015915
2175,0.06268613040447235,0.02451620250940323
2176,0.03574076294898987,0.025068309158086777
2177,0.047085560858249664,0.02027435228228569
2178,0.08948375284671783,0.011098243296146393
2179,0.07130635529756546,0.004177604801952839
2180,0.054144203662872314,0.005668762139976025
2181,0.04594981297850609,0.006722227204591036
2182,0.02364058792591095,0.015022524632513523
2183,0.05767364427447319,0.009521767497062683
2184,0.05084025487303734,0.012196634896099567
2185,0.04428703337907791,0.007680526468902826
2186,0.04249616339802742,0.007566518150269985
2187,0.062039345502853394,0.0042158677242696285
2188,0.0331064835190773,0.03561120107769966
2189,0.046975381672382355,0.009669722057878971
2190,0.04355994611978531,0.0051056635566055775
2191,0.07571949064731598,0.008528903126716614
2192,0.052935536950826645,0.023598846048116684
2193,0.03762473165988922,0.004688316024839878
2194,0.05066375434398651,0.004779959563165903
2195,0.046181436628103256,0.004181917291134596
2196,0.019280336797237396,0.004008678253740072
2197,0.048942744731903076,0.02024960331618786
2198,0.045956049114465714,0.01743585243821144
2199,0.0340171754360199,0.009077227674424648
2200,0.04723232239484787,0.013878287747502327
2201,0.058306094259023666,0.014441685751080513
2202,0.0402170792222023,0.013588079251348972
2203,0.05908885970711708,0.016381721943616867
2204,0.035374436527490616,0.03724819794297218
2205,0.010117685422301292,0.01796315796673298
2206,0.019969219341874123,0.004089356400072575
2207,0.02431776188313961,0.0058738552033901215
2208,0.03996099904179573,0.008113110437989235
2209,0.015111600048840046,0.008367631584405899
2210,0.04463108628988266,0.005889927037060261
2211,0.019651703536510468,0.006036362145096064
2212,0.01589515618979931,0.005103574600070715
2213,0.02057078666985035,0.0046736327931284904
2214,0.07142480462789536,0.008940396830439568
2215,0.06284651905298233,0.010334553197026253
2216,0.031189769506454468,0.0030738008208572865
2217,0.06816743314266205,0.007105379365384579
2218,0.0440189503133297,0.005709736607968807
2219,0.057849153876304626,0.0030455472879111767
2220,0.029264848679304123,0.0028808992356061935
2221,0.025136571377515793,0.014117457903921604
2222,0.042468391358852386,0.0060483599081635475
2223,0.03989430144429207,0.005765683017671108
2224,0.02984352596104145,0.014839015901088715
2225,0.04145059362053871,0.01963859423995018
2226,0.0623965747654438,0.008160831406712532
2227,0.07472684234380722,0.0033045299351215363
2228,0.037322260439395905,0.0023878191132098436
2229,0.015822216868400574,0.006599382497370243
2230,0.0580795556306839,0.006546183954924345
2231,0.07558087259531021,0.015638411045074463
2232,0.06901226192712784,0.006762336008250713
2233,0.03959205746650696,0.0012571256374940276
2234,0.05294078215956688,0.011492224410176277
2235,0.032331161201000214,0.014891172759234905
2236,0.07842910289764404,0.013626757077872753
2237,0.030943041667342186,0.007700630463659763
2238,0.06964967399835587,0.007401498034596443
2239,0.046814605593681335,0.007904695346951485
2240,0.02606590837240219,0.00613735057413578
2241,0.040444184094667435,0.006899096071720123
2242,0.04286123812198639,0.00708508025854826
2243,0.1265219897031784,0.016113609075546265
2244,0.10534822940826416,0.03876446187496185
2245,0.039667047560214996,0.018603116273880005
2246,0.10459686815738678,0.007064342964440584
2247,0.12510426342487335,0.0067125726491212845
2248,0.017071472480893135,0.01985602080821991
2249,0.05050496384501457,0.012867568992078304
2250,0.05957886949181557,0.013230293989181519
2251,0.023686422035098076,0.005681730806827545
2252,0.060756370425224304,0.028006387874484062
2253,0.06476318836212158,0.015498792752623558
2254,0.08846310526132584,0.010244157165288925
2255,0.0157359316945076,0.008545275777578354
2256,0.04728653281927109,0.011321102268993855
2257,0.047882288694381714,0.015808003023266792
2258,0.025109056383371353,0.023815829306840897
2259,0.0383903831243515,0.011358228512108326
2260,0.06467630714178085,0.008669598959386349
2261,0.036600761115550995,0.006225051824003458
2262,0.03342024236917496,0.006341981235891581
2263,0.08012428134679794,0.014399157837033272
2264,0.0501684695482254,0.017166201025247574
2265,0.04313179478049278,0.00840354710817337
2266,0.04407559335231781,0.012380409985780716
2267,0.021975992247462273,0.007100296206772327
2268,0.06586680561304092,0.006673844065517187
2269,0.014268120750784874,0.00704485597088933
2270,0.03065272606909275,0.0035683412570506334
2271,0.027877530083060265,0.009121477603912354
2272,0.026742015033960342,0.011915353126823902
2273,0.016096340492367744,0.005391197744756937
2274,0.053337469696998596,0.0044658309780061245
2275,0.0454125814139843,0.0032959887757897377
2276,0.05549294501543045,0.00566727202385664
2277,0.01690690591931343,0.002509088022634387
2278,0.019842952489852905,0.0021074835676699877
2279,0.039220333099365234,0.016820933669805527
2280,0.026160482317209244,0.004104612860828638
2281,0.025006910786032677,0.004888144787400961
2282,0.02505579963326454,0.006610142532736063
2283,0.01699233055114746,0.010227754712104797
2284,0.012921183370053768,0.008997506462037563
2285,0.022426249459385872,0.010934406891465187
2286,0.04003649204969406,0.0048517147079110146
2287,0.04577302187681198,0.01105697825551033
2288,0.08829839527606964,0.004962763749063015
2289,0.01466643437743187,0.006361821200698614
2290,0.04935656487941742,0.007712797727435827
2291,0.03519592434167862,0.0014292930718511343
2292,0.08918154239654541,0.005301526747643948
2293,0.01477942056953907,0.016345253214240074
2294,0.03742547333240509,0.007045695558190346
2295,0.07894112169742584,0.007274627219885588
2296,0.020578738301992416,0.005868896376341581
2297,0.062203481793403625,0.01321280375123024
2298,0.08607669174671173,0.007714332081377506
2299,0.07186369597911835,0.0055895219556987286
2300,0.05502763390541077,0.009791655465960503
2301,0.09038534760475159,0.006900267209857702
2302,0.1093059852719307,0.007441642228513956
2303,0.08206938207149506,0.034913841634988785
2304,0.037185169756412506,0.019728833809494972
2305,0.07836742699146271,0.04194003716111183
2306,0.043456900864839554,0.006151317153126001
2307,0.06551791727542877,0.007798534817993641
2308,0.07967573404312134,0.005576092284172773
2309,0.0690544992685318,0.013164607807993889
2310,0.020074523985385895,0.013788655400276184
2311,0.04577547684311867,0.019729988649487495
2312,0.02668640948832035,0.011896749958395958
2313,0.06866224855184555,0.014719860628247261
2314,0.043154843151569366,0.020484814420342445
2315,0.04632073640823364,0.006393079645931721
2316,0.03357985243201256,0.010439879260957241
2317,0.0600128099322319,0.007018723990768194
2318,0.02323785424232483,0.008218035101890564
2319,0.06864037364721298,0.020556341856718063
2320,0.06779617071151733,0.03201835975050926
2321,0.04984692484140396,0.011203386820852757
2322,0.056294359266757965,0.01537143625319004
2323,0.10249946266412735,0.007186410948634148
2324,0.018508389592170715,0.002771831350401044
2325,0.08104529976844788,0.011069543659687042
2326,0.031351637095212936,0.004015563987195492
2327,0.027374761179089546,0.009852430783212185
2328,0.03661178797483444,0.01606626994907856
2329,0.026104550808668137,0.014434349723160267
2330,0.03519485145807266,0.010759308934211731
2331,0.0478709414601326,0.0009954222477972507
2332,0.027321262285113335,0.002216675318777561
2333,0.021852489560842514,0.005816630553454161
2334,0.03785422444343567,0.012744039297103882
2335,0.011018780991435051,0.011563586071133614
2336,0.06285332143306732,0.006102359388023615
2337,0.012505997903645039,0.006415789481252432
2338,0.043766558170318604,0.010656815022230148
2339,0.025993362069129944,0.00843106396496296
2340,0.0281546451151371,0.012789381667971611
2341,0.036778803914785385,0.010464299470186234
2342,0.03002476692199707,0.007984496653079987
2343,0.03307725489139557,0.005892667919397354
2344,0.019372951239347458,0.0043418132700026035
2345,0.050589896738529205,0.005753984209150076
2346,0.04114333540201187,0.013775860890746117
2347,0.024657821282744408,0.006026760675013065
2348,0.02963077463209629,0.01001756265759468
2349,0.06329502910375595,0.005036614835262299
2350,0.014801343902945518,0.002373228082433343
2351,0.03466247767210007,0.011485390365123749
2352,0.06805049628019333,0.010851042345166206
2353,0.03353238105773926,0.006155066192150116
2354,0.08373439311981201,0.008700869977474213
2355,0.07652955502271652,0.011716400273144245
2356,0.024473635479807854,0.013352567330002785
2357,0.05959329009056091,0.0058026621118187904
2358,0.02995028905570507,0.02056630700826645
2359,0.042660780251026154,0.005244552157819271
2360,0.07971490919589996,0.008164364844560623
2361,0.09698762744665146,0.013585000298917294
2362,0.03208063542842865,0.006934902165085077
2363,0.035088203847408295,0.006140079814940691
2364,0.05748304724693298,0.002940073376521468
2365,0.08092696219682693,0.002299782121554017
2366,0.028883250430226326,0.003938918001949787
2367,0.04994645342230797,0.004298984073102474
2368,0.13949167728424072,0.012842956930398941
2369,0.030240017920732498,0.012851723469793797
2370,0.04221871495246887,0.004581118933856487
2371,0.052760638296604156,0.013593314215540886
2372,0.03041226603090763,0.009942973032593727
2373,0.03800417482852936,0.00597737543284893
2374,0.05816318839788437,0.004834948573261499
2375,0.058815281838178635,0.021739214658737183
2376,0.09211041033267975,0.011404920369386673
2377,0.05419126898050308,0.02875545062124729
2378,0.055899158120155334,0.005401663016527891
2379,0.043793223798274994,0.007585445418953896
2380,0.05731816962361336,0.008500028401613235
2381,0.1342092901468277,0.04210897162556648
2382,0.06584769487380981,0.010896091349422932
2383,0.04282097518444061,0.010868038050830364
2384,0.056735314428806305,0.005917778704315424
2385,0.04915894940495491,0.004189550410956144
2386,0.050843868404626846,0.009440703317523003
2387,0.02752072364091873,0.003922385163605213
2388,0.027478590607643127,0.01118212379515171
2389,0.019460879266262054,0.0033132305834442377
2390,0.027965262532234192,0.005571627989411354
2391,0.017996016889810562,0.005711792968213558
2392,0.017201721668243408,0.005011607892811298
2393,0.010638954117894173,0.0026142001152038574
2394,0.026194341480731964,0.005658341571688652
2395,0.022247325628995895,0.014675130136311054
2396,0.05036342889070511,0.008461791090667248
2397,0.05939770117402077,0.003224387764930725
2398,0.022228272631764412,0.0037204958498477936
2399,0.011430948972702026,0.006062185391783714
2400,0.051199909299612045,0.0031642441172152758
2401,0.05882635712623596,0.004089847672730684
2402,0.023341352120041847,0.003527718596160412
2403,0.012938182801008224,0.016921691596508026
2404,0.016381865367293358,0.02291039004921913
2405,0.019023366272449493,0.011899959295988083
2406,0.01908154785633087,0.011002096347510815
2407,0.04975082725286484,0.008519061841070652
2408,0.05420559644699097,0.004521321039646864
2409,0.033281464129686356,0.005226804409176111
2410,0.06318945437669754,0.011643461883068085
2411,0.023001784458756447,0.006837655324488878
2412,0.01978238672018051,0.007012878078967333
2413,0.027772722765803337,0.008529383689165115
2414,0.01120922714471817,0.008325767703354359
2415,0.031595900654792786,0.005859372206032276
2416,0.0032324749045073986,0.004138242453336716
2417,0.027762681245803833,0.023728137835860252
2418,0.10645952075719833,0.010988794267177582
2419,0.020777123048901558,0.016623342409729958
2420,0.050424251705408096,0.022557759657502174
2421,0.07299531251192093,0.0054133860394358635
2422,0.017435237765312195,0.008555585518479347
2423,0.018660780042409897,0.01652311533689499
2424,0.06953288614749908,0.005234528332948685
2425,0.1289895921945572,0.008733603172004223
2426,0.028079701587557793,0.00650413054972887
2427,0.0323808379471302,0.018635503947734833
2428,0.05077982321381569,0.008167574182152748
2429,0.03435797244310379,0.005520272068679333
2430,0.03957448899745941,0.007215041667222977
2431,0.05992642790079117,0.006216076668351889
2432,0.06712129712104797,0.010954237543046474
2433,0.03716764971613884,0.012500094249844551
2434,0.04260101169347763,0.01699906587600708
2435,0.02118775062263012,0.016450772061944008
2436,0.0702424943447113,0.011706499382853508
2437,0.06176856905221939,0.026183616369962692
2438,0.04747986048460007,0.009974492713809013
2439,0.04565722122788429,0.013936910778284073
2440,0.022723708301782608,0.008684908039867878
2441,0.028321610763669014,0.012506645172834396
2442,0.018226943910121918,0.00981551967561245
2443,0.027624554932117462,0.005828198976814747
2444,0.02318812720477581,0.010044878348708153
2445,0.02399577386677265,0.013342738151550293
2446,0.02024879679083824,0.006972887087613344
2447,0.02906252071261406,0.006501039024442434
2448,0.04149448126554489,0.016735291108489037
2449,0.01381935179233551,0.0076956311240792274
2450,0.020476041361689568,0.002417351584881544
2451,0.04324520379304886,0.006745169870555401
2452,0.01666371338069439,0.01144971139729023
2453,0.07002263516187668,0.0028630634769797325
2454,0.03499110788106918,0.012178365141153336
2455,0.054696451872587204,0.004296607803553343
2456,0.023885320872068405,0.006643850356340408
2457,0.027041010558605194,0.006781146861612797
2458,0.03102688491344452,0.004754956811666489
2459,0.028914909809827805,0.008372081443667412
2460,0.0525478720664978,0.01516847126185894
2461,0.05245741084218025,0.013080388307571411
2462,0.05116942524909973,0.024100758135318756
2463,0.04529648274183273,0.003994338680058718
2464,0.019270144402980804,0.006378862075507641
2465,0.06395088881254196,0.004383892752230167
2466,0.09279413521289825,0.01764475181698799
2467,0.06742891669273376,0.011102554388344288
2468,0.02920839935541153,0.0027844663709402084
2469,0.041658490896224976,0.0038284955080598593
2470,0.03424295037984848,0.00947393849492073
2471,0.028294242918491364,0.006764094345271587
2472,0.024074813351035118,0.011644121259450912
2473,0.032978445291519165,0.002979712560772896
2474,0.030664334073662758,0.008692633360624313
2475,0.03240787982940674,0.011569347232580185
2476,0.051783494651317596,0.0161165539175272
2477,0.10600724816322327,0.0067147668451070786
2478,0.049458473920822144,0.0072201918810606
2479,0.08216191828250885,0.01147341076284647
2480,0.041569873690605164,0.015334966592490673
2481,0.01947953924536705,0.008849089965224266
2482,0.010201968252658844,0.010416897013783455
2483,0.02587680146098137,0.004975029267370701
2484,0.04965256527066231,0.00816373061388731
2485,0.12514910101890564,0.010392853990197182
2486,0.05589575320482254,0.002057641977444291
2487,0.02662128582596779,0.012594178318977356
2488,0.0444166399538517,0.012016070075333118
2489,0.12840305268764496,0.010148619301617146
2490,0.04103658348321915,0.007516367360949516
2491,0.08985425531864166,0.022896651178598404
2492,0.1451946198940277,0.013130472041666508
2493,0.02310018800199032,0.009052474051713943
2494,0.07411883771419525,0.007301398552954197
2495,0.013299457728862762,0.0063986824825406075
2496,0.00658765621483326,0.009091734886169434
2497,0.036911409348249435,0.009088643826544285
2498,0.0342424176633358,0.007748511619865894
2499,0.025799795985221863,0.007279606536030769
2500,0.028321336954832077,0.018017956987023354
2501,0.0289746280759573,0.008114428259432316
2502,0.030166152864694595,0.008531995117664337
2503,0.044337138533592224,0.009930731728672981
2504,0.013559838756918907,0.006498672068119049
2505,0.021222081035375595,0.0021237831097096205
2506,0.010415453463792801,0.006337164435535669
2507,0.02479056641459465,0.009032168425619602
2508,0.056519947946071625,0.010871686041355133
2509,0.03128597140312195,0.01573796384036541
2510,0.02416224032640457,0.004656150471419096
2511,0.02001374214887619,0.00782374944537878
2512,0.00648381607607007,0.006370803341269493
2513,0.03401130810379982,0.009795022197067738
2514,0.023236457258462906,0.0077680801041424274
2515,0.05196176469326019,0.02473858743906021
2516,0.045674920082092285,0.007346533238887787
2517,0.01678679883480072,0.009492983110249043
2518,0.025817930698394775,0.004420294892042875
2519,0.06674874573945999,0.012057699263095856
2520,0.05599792301654816,0.0083961496129632
2521,0.037858765572309494,0.008660892955958843
2522,0.018739769235253334,0.00461686123162508
2523,0.01891503296792507,0.005257478915154934
2524,0.025176718831062317,0.01031646877527237
2525,0.03882700577378273,0.007633471395820379
2526,0.08026012778282166,0.010339394211769104
2527,0.058906957507133484,0.020597726106643677
2528,0.03230218589305878,0.006640092469751835
2529,0.042633164674043655,0.006769133731722832
2530,0.028706565499305725,0.013573048636317253
2531,0.01985362358391285,0.007467164658010006
2532,0.07051219046115875,0.006601586937904358
2533,0.033265370875597,0.01192984264343977
2534,0.03385361656546593,0.010208671912550926
2535,0.015369326807558537,0.015969082713127136
2536,0.020464561879634857,0.005472720135003328
2537,0.09721605479717255,0.005012394394725561
2538,0.028355732560157776,0.013375603593885899
2539,0.027612119913101196,0.010712230578064919
2540,0.018481455743312836,0.02152395248413086
2541,0.018225274980068207,0.005204631015658379
2542,0.06033595651388168,0.013871376402676105
2543,0.06256069242954254,0.015357432886958122
2544,0.035367969423532486,0.025978734716773033
2545,0.07468263804912567,0.018340498208999634
2546,0.025307146832346916,0.0024639549665153027
2547,0.03883856162428856,0.010624296963214874
2548,0.03253713622689247,0.005917724687606096
2549,0.021527282893657684,0.008906980976462364
2550,0.032397471368312836,0.009572606533765793
2551,0.023543020710349083,0.011546722613275051
2552,0.03834456950426102,0.002290070988237858
2553,0.026472214609384537,0.004256045445799828
2554,0.03168096765875816,0.006601010449230671
2555,0.018827080726623535,0.005142632871866226
2556,0.020681921392679214,0.00865209475159645
2557,0.043795786798000336,0.008137648925185204
2558,0.01795421540737152,0.004838470369577408
2559,0.03398799151182175,0.004639462102204561
2560,0.0426502451300621,0.010043658316135406
2561,0.0204163808375597,0.005065429490059614
2562,0.03955792635679245,0.005742856301367283
2563,0.06860184669494629,0.003252829425036907
2564,0.02147546596825123,0.015531692653894424
2565,0.059563130140304565,0.013275417499244213
2566,0.05659423768520355,0.012028541415929794
2567,0.020021259784698486,0.009665044955909252
2568,0.03971587121486664,0.0049620624631643295
2569,0.03863544762134552,0.01114759873598814
2570,0.027091877534985542,0.009293009527027607
2571,0.054992467164993286,0.009487777017056942
2572,0.019325291737914085,0.006613300181925297
2573,0.011812301352620125,0.004931949079036713
2574,0.017024129629135132,0.00946982391178608
2575,0.007691448554396629,0.005889732390642166
2576,0.04578365758061409,0.009142170660197735
2577,0.04697791486978531,0.010189437307417393
2578,0.019186804071068764,0.010842951014637947
2579,0.044206403195858,0.004251008853316307
2580,0.02486811950802803,0.02021760120987892
2581,0.09165273606777191,0.010516705922782421
2582,0.02890714630484581,0.013890612870454788
2583,0.055710308253765106,0.015613488852977753
2584,0.06360026448965073,0.013308138586580753
2585,0.023749684914946556,0.006654967553913593
2586,0.037278734147548676,0.008191117085516453
2587,0.0338340699672699,0.009647774510085583
2588,0.058071862906217575,0.0032727899961173534
2589,0.014609920792281628,0.009556042030453682
2590,0.020256174728274345,0.0029267885256558657
2591,0.029260221868753433,0.01114489696919918
2592,0.08842932432889938,0.009742200374603271
2593,0.029074884951114655,0.011595819145441055
2594,0.03905777633190155,0.005413362756371498
2595,0.062459178268909454,0.008695058524608612
2596,0.08115465939044952,0.009857001714408398
2597,0.04300941154360771,0.009177354164421558
2598,0.057898007333278656,0.006555056199431419
2599,0.016661573201417923,0.0070606255903840065
2600,0.05890537053346634,0.004133208189159632
2601,0.02091282792389393,0.008103085681796074
2602,0.03250088915228844,0.0029349387623369694
2603,0.02543196827173233,0.008645093999803066
2604,0.020788002759218216,0.002848578616976738
2605,0.014409763738512993,0.0031703398562967777
2606,0.021107114851474762,0.004196215886622667
2607,0.02943882718682289,0.008805208839476109
2608,0.05880693718791008,0.00918278843164444
2609,0.01179504580795765,0.008441608399152756
2610,0.024314790964126587,0.004547551739960909
2611,0.03204239532351494,0.003443678840994835
2612,0.043703753501176834,0.005266081541776657
2613,0.034431084990501404,0.010220730677247047
2614,0.020688092336058617,0.0058554308488965034
2615,0.11706120520830154,0.007544968277215958
2616,0.0612708181142807,0.0023804029915481806
2617,0.015479731373488903,0.011187657713890076
2618,0.05045843869447708,0.003924152348190546
2619,0.021472766995429993,0.0020993021316826344
2620,0.03293288126587868,0.011717594228684902
2621,0.03538740798830986,0.0058668795973062515
2622,0.041749387979507446,0.003343115095049143
2623,0.034404125064611435,0.011175280436873436
2624,0.016069330275058746,0.015226146206259727
2625,0.029981663450598717,0.017802201211452484
2626,0.090645931661129,0.013445483520627022
2627,0.13233284652233124,0.004264813847839832
2628,0.059781141579151154,0.006370315793901682
2629,0.029844999313354492,0.008485399186611176
2630,0.09667620062828064,0.010611620731651783
2631,0.022423557937145233,0.0040264492854475975
2632,0.06694681942462921,0.018742457032203674
2633,0.04037027806043625,0.006360889412462711
2634,0.061538029462099075,0.011825182475149632
2635,0.044434335082769394,0.005648287013173103
2636,0.12877461314201355,0.01624380238354206
2637,0.04333095997571945,0.005095203407108784
2638,0.03234804421663284,0.018361352384090424
2639,0.056727491319179535,0.01926032453775406
2640,0.021416250616312027,0.007128010969609022
2641,0.009819544851779938,0.008180487900972366
2642,0.028175819665193558,0.0037973998114466667
2643,0.029225749894976616,0.028808970004320145
2644,0.030173292383551598,0.007012732792645693
2645,0.044095076620578766,0.02648322656750679
2646,0.03948815539479256,0.0157308429479599
2647,0.0460377112030983,0.00815629307180643
2648,0.018428217619657516,0.006937537807971239
2649,0.04401785880327225,0.008173394948244095
2650,0.019875308498740196,0.0014925012364983559
2651,0.028113819658756256,0.00950847752392292
2652,0.015799468383193016,0.01009550504386425
2653,0.055655885487794876,0.020434709265828133
2654,0.028267081826925278,0.008005357347428799
2655,0.0174894817173481,0.008159339427947998
2656,0.045221470296382904,0.006724910344928503
2657,0.08373281359672546,0.005359067115932703
2658,0.0321301706135273,0.0069468338042497635
2659,0.052957918494939804,0.01690741255879402
2660,0.04018545150756836,0.011851846240460873
2661,0.07026361674070358,0.008750264532864094
2662,0.05478981137275696,0.005954268388450146
2663,0.048357654362916946,0.0033943597227334976
2664,0.1306026577949524,0.005845121573656797
2665,0.05342481657862663,0.022665442898869514
2666,0.05728115141391754,0.01607763022184372
2667,0.031704291701316833,0.002893861848860979
2668,0.11726286262273788,0.0011679796734824777
2669,0.035616032779216766,0.006373266223818064
2670,0.028589295223355293,0.020942801609635353
2671,0.03629956394433975,0.008413741365075111
2672,0.037669241428375244,0.0162770114839077
2673,0.09224303066730499,0.01201228890568018
2674,0.026490937918424606,0.015203742310404778
2675,0.04163157194852829,0.010210386477410793
2676,0.05671211704611778,0.005582710262387991
2677,0.02172071672976017,0.003966539166867733
2678,0.03377075865864754,0.012149541638791561
2679,0.05399872362613678,0.0021291514858603477
2680,0.12500430643558502,0.008500048890709877
2681,0.09063191711902618,0.008059876039624214
2682,0.06357522308826447,0.006107681430876255
2683,0.04320336505770683,0.003591029904782772
2684,0.029662663117051125,0.0075314948335289955
2685,0.04249417409300804,0.006968123838305473
2686,0.04894052445888519,0.002962325466796756
2687,0.014521490782499313,0.008045002818107605
2688,0.04209526628255844,0.0045313481241464615
2689,0.06707900017499924,0.004696282092481852
2690,0.06743735820055008,0.02370854839682579
2691,0.10552522540092468,0.016658920794725418
2692,0.025861959904432297,0.01581663079559803
2693,0.10306745022535324,0.00893749762326479
2694,0.039287108927965164,0.031082207337021828
2695,0.05564361810684204,0.023040158674120903
2696,0.07752222567796707,0.009823591448366642
2697,0.09428799152374268,0.009014581330120564
2698,0.09088495373725891,0.015295088291168213
2699,0.02248286083340645,0.009144533425569534
2700,0.04314539581537247,0.006394639611244202
2701,0.0346752293407917,0.00529241468757391
2702,0.038097258657217026,0.00558404391631484
2703,0.03606512024998665,0.006677305791527033
2704,0.009243340231478214,0.010185874998569489
2705,0.06148616224527359,0.010430783033370972
2706,0.05213645100593567,0.009536441415548325
2707,0.034331656992435455,0.0057038357481360435
2708,0.04251071810722351,0.0074669187888503075
2709,0.023284539580345154,0.005989537574350834
2710,0.03326794505119324,0.005140176974236965
2711,0.02197166346013546,0.0035314748529344797
2712,0.0173505786806345,0.009061062708497047
2713,0.03563712537288666,0.010418673045933247
2714,0.03103521093726158,0.008646677248179913
2715,0.025747116655111313,0.01383084338158369
2716,0.058926425874233246,0.006143960636109114
2717,0.0419771783053875,0.02153492160141468
2718,0.03491847962141037,0.010388114489614964
2719,0.033715955913066864,0.0133597981184721
2720,0.06627672910690308,0.005694529972970486
2721,0.019259067252278328,0.005099200643599033
2722,0.0337861068546772,0.016901254653930664
2723,0.10534678399562836,0.022201817482709885
2724,0.016079844906926155,0.0027908021584153175
2725,0.012894351035356522,0.0029011350125074387
2726,0.03416941314935684,0.004170183092355728
2727,0.046060096472501755,0.007951080799102783
2728,0.030196577310562134,0.01471621822565794
2729,0.06374853849411011,0.005802997853606939
2730,0.04037991538643837,0.011496643535792828
2731,0.010291787795722485,0.02185443788766861
2732,0.02895449288189411,0.014822939410805702
2733,0.10312818735837936,0.004775511100888252
2734,0.05816710740327835,0.010085422545671463
2735,0.04344115033745766,0.016357749700546265
2736,0.028643842786550522,0.009917079471051693
2737,0.04972318559885025,0.009392226114869118
2738,0.028634298592805862,0.008699732832610607
2739,0.03591478615999222,0.004159959498792887
2740,0.0355866402387619,0.02256407029926777
2741,0.02659415826201439,0.017274284735322
2742,0.02010994777083397,0.007791990414261818
2743,0.03116295114159584,0.01240072026848793
2744,0.06586788594722748,0.01377289928495884
2745,0.08555784821510315,0.011283396743237972
2746,0.038049131631851196,0.033583179116249084
2747,0.06442692875862122,0.00761360302567482
2748,0.030436359345912933,0.013424022123217583
2749,0.02000865526497364,0.009714646264910698
2750,0.047964997589588165,0.004320427775382996
2751,0.03947087749838829,0.006161728408187628
2752,0.01199363823980093,0.003289615036919713
2753,0.025414925068616867,0.005093345418572426
2754,0.026294292882084846,0.020835958421230316
2755,0.026326822116971016,0.007198185659945011
2756,0.031123634427785873,0.005669767502695322
2757,0.1626071333885193,0.014437212608754635
2758,0.056829411536455154,0.017917176708579063
2759,0.03318001329898834,0.0068989950232207775
2760,0.04367181658744812,0.012387211434543133
2761,0.017685217782855034,0.00973585806787014
2762,0.02025548741221428,0.010314618237316608
2763,0.006112602073699236,0.005240654572844505
2764,0.06101024150848389,0.008408041670918465
2765,0.024017544463276863,0.010136309079825878
2766,0.04150451719760895,0.008630822412669659
2767,0.052987076342105865,0.011692434549331665
2768,0.04564397782087326,0.010341519489884377
2769,0.02802460268139839,0.011623837053775787
2770,0.04122432321310043,0.01026175543665886
2771,0.027027202770113945,0.007663366384804249
2772,0.037410981953144073,0.020558742806315422
2773,0.008749691769480705,0.004369569942355156
2774,0.02302759513258934,0.01162094809114933
2775,0.06894529610872269,0.015557627193629742
2776,0.055503979325294495,0.007849191315472126
2777,0.02400854043662548,0.005199876613914967
2778,0.04941430687904358,0.006106958258897066
2779,0.02701703831553459,0.003645425196737051
2780,0.03189179301261902,0.006383220199495554
2781,0.05857270956039429,0.013487045653164387
2782,0.030972478911280632,0.008133391849696636
2783,0.020684797316789627,0.020237643271684647
2784,0.04552369564771652,0.019944574683904648
2785,0.024352995678782463,0.0016634969506412745
2786,0.04470745846629143,0.010062326677143574
2787,0.09120148420333862,0.014854563400149345
2788,0.03737324848771095,0.014009900391101837
2789,0.05297049134969711,0.01253458485007286
2790,0.04390474408864975,0.012037043459713459
2791,0.03960645943880081,0.006967613007873297
2792,0.02862176112830639,0.009110566228628159
2793,0.06553696095943451,0.018174627795815468
2794,0.011767184361815453,0.01171682495623827
2795,0.031885094940662384,0.0025125828105956316
2796,0.028687670826911926,0.0142277916893363
2797,0.03664577007293701,0.01265646517276764
2798,0.02637413702905178,0.0085808876901865
2799,0.012833336368203163,0.014919180423021317
2800,0.028734292834997177,0.007081332616508007
2801,0.05170593410730362,0.005412384867668152
2802,0.0459391325712204,0.010095772333443165
2803,0.013380792923271656,0.016108546406030655
2804,0.007740376051515341,0.009886708110570908
2805,0.01917996257543564,0.0071646603755652905
2806,0.03613264486193657,0.004782447591423988
2807,0.06109706312417984,0.006457729265093803
2808,0.05140944570302963,0.00402863509953022
2809,0.024289827793836594,0.004251142963767052
2810,0.02055974118411541,0.005896417424082756
2811,0.02990771271288395,0.010271023027598858
2812,0.023701544851064682,0.008710868656635284
2813,0.006973649375140667,0.006029582116752863
2814,0.05168779194355011,0.02782837674021721
2815,0.0845072790980339,0.012426202185451984
2816,0.09201696515083313,0.007537372410297394
2817,0.03258281573653221,0.01078501995652914
2818,0.03427504003047943,0.022150984033942223
2819,0.010696567595005035,0.008038466796278954
2820,0.041040919721126556,0.024995818734169006
2821,0.024067195132374763,0.008238324895501137
2822,0.04782995954155922,0.008622142486274242
2823,0.044121891260147095,0.012282812036573887
2824,0.029570411890745163,0.02741452120244503
2825,0.06704162061214447,0.00836025271564722
2826,0.02108539082109928,0.008994707837700844
2827,0.010055067017674446,0.024480324238538742
2828,0.018847238272428513,0.0204428993165493
2829,0.04957837238907814,0.007919074036180973
2830,0.111064612865448,0.02758210152387619
2831,0.05360470712184906,0.009260809980332851
2832,0.083461694419384,0.010483406484127045
2833,0.04710066318511963,0.014613060280680656
2834,0.010907487943768501,0.00699511356651783
2835,0.05295434594154358,0.005080143455415964
2836,0.050429895520210266,0.00831611454486847
2837,0.033292222768068314,0.009923342615365982
2838,0.017703082412481308,0.00902792252600193
2839,0.057194627821445465,0.010851286351680756
2840,0.05706627294421196,0.019563782960176468
2841,0.02553120255470276,0.013453864492475986
2842,0.01751028373837471,0.01997290551662445
2843,0.020547540858387947,0.011387281119823456
2844,0.01346689835190773,0.007015957497060299
2845,0.024752503260970116,0.009004391729831696
2846,0.032154545187950134,0.010786345228552818
2847,0.03673633188009262,0.01146628800779581
2848,0.01111176609992981,0.002805740339681506
2849,0.03347978740930557,0.006980801001191139
2850,0.07787897437810898,0.006770038045942783
2851,0.01990039460361004,0.0032585090957581997
2852,0.013429049402475357,0.007854788564145565
2853,0.03693016618490219,0.00814532395452261
2854,0.05416635423898697,0.004313505720347166
2855,0.025175539776682854,0.007011238019913435
2856,0.018213901668787003,0.0038928373251110315
2857,0.009715758264064789,0.0034033663105219603
2858,0.04035414382815361,0.0070154606364667416
2859,0.043810535222291946,0.019680606201291084
2860,0.03003104403614998,0.013763435184955597
2861,0.04134293645620346,0.009369917213916779
2862,0.042632170021533966,0.015067080035805702
2863,0.06398582458496094,0.005362071096897125
2864,0.02896749973297119,0.010808166116476059
2865,0.05755544826388359,0.007797552272677422
2866,0.023611506447196007,0.010100236162543297
2867,0.04719321057200432,0.013865407556295395
2868,0.030999697744846344,0.00982026569545269
2869,0.021657820791006088,0.020527126267552376
2870,0.05401279032230377,0.00867076963186264
2871,0.0475093349814415,0.002005190122872591
2872,0.03404174745082855,0.003710844088345766
2873,0.021556025370955467,0.007203074172139168
2874,0.033232420682907104,0.008835790678858757
2875,0.044977832585573196,0.0243893601000309
2876,0.015531754121184349,0.004002122208476067
2877,0.03123134933412075,0.008703893050551414
2878,0.06108441203832626,0.016760211437940598
2879,0.032215747982263565,0.017993174493312836
2880,0.02348466031253338,0.008230607956647873
2881,0.038439132273197174,0.019518161192536354
2882,0.010119511745870113,0.003920556977391243
2883,0.04802851378917694,0.01004620548337698
2884,0.008361268788576126,0.004727263003587723
2885,0.020797759294509888,0.006125255022197962
2886,0.06273742020130157,0.007729789242148399
2887,0.055935028940439224,0.00516112893819809
2888,0.02158237434923649,0.010548676364123821
2889,0.049453288316726685,0.021247148513793945
2890,0.040024422109127045,0.013739306479692459
2891,0.050273094326257706,0.006740951910614967
2892,0.014517761766910553,0.014433778822422028
2893,0.07609761506319046,0.007676530629396439
2894,0.03756557032465935,0.00782516784965992
2895,0.05207843333482742,0.011173062957823277
2896,0.05820953845977783,0.011501075699925423
2897,0.01821214146912098,0.003924214746803045
2898,0.053045984357595444,0.004280899651348591
2899,0.026614414528012276,0.006340820342302322
2900,0.0296569112688303,0.0018143287161365151
2901,0.01939140073955059,0.005210347473621368
2902,0.03296495974063873,0.010063366033136845
2903,0.05948406830430031,0.0028941233176738024
2904,0.02864135429263115,0.015095898881554604
2905,0.016199108213186264,0.012909071519970894
2906,0.03729737550020218,0.017317431047558784
2907,0.04376104474067688,0.01508642639964819
2908,0.06131159886717796,0.01812591589987278
2909,0.021574508398771286,0.016254382207989693
2910,0.028825515881180763,0.01331726461648941
2911,0.05563891679048538,0.0073936800472438335
2912,0.03205283731222153,0.009688961319625378
2913,0.04401574283838272,0.005041161086410284
2914,0.014985401183366776,0.007990213111042976
2915,0.05697321519255638,0.011164565570652485
2916,0.03580004721879959,0.02214999869465828
2917,0.01741662248969078,0.005706544034183025
2918,0.10621420294046402,0.024908125400543213
2919,0.025523826479911804,0.01280553825199604
2920,0.07635748386383057,0.010043890215456486
2921,0.1036241203546524,0.013370771892368793
2922,0.0414000041782856,0.007934692315757275
2923,0.06256823986768723,0.0025230960454791784
2924,0.017958857119083405,0.007882886566221714
2925,0.01309252344071865,0.009582980535924435
2926,0.09646202623844147,0.01299335528165102
2927,0.0916852056980133,0.007499006111174822
2928,0.012052631005644798,0.029321452602744102
2929,0.03237141668796539,0.0010673020733520389
2930,0.03263505548238754,0.010745907202363014
2931,0.03328053653240204,0.013184813782572746
2932,0.023853212594985962,0.01609114371240139
2933,0.034925222396850586,0.015855014324188232
2934,0.03660832718014717,0.007736661937087774
2935,0.04226182401180267,0.005012328736484051
2936,0.049598582088947296,0.005486763082444668
2937,0.01822168566286564,0.00677574472501874
2938,0.02918050065636635,0.008347923867404461
2939,0.056930623948574066,0.0073235430754721165
2940,0.03110119141638279,0.015426922589540482
2941,0.0739949569106102,0.014270174317061901
2942,0.01415853202342987,0.00444053253158927
2943,0.06827011704444885,0.007414489984512329
2944,0.08122097700834274,0.009417412802577019
2945,0.02584822103381157,0.014256558381021023
2946,0.04275493323802948,0.0024577053263783455
2947,0.042128484696149826,0.009329024702310562
2948,0.029438940808176994,0.013608762063086033
2949,0.04182654619216919,0.0034048594534397125
2950,0.044358231127262115,0.005175092723220587
2951,0.030361996963620186,0.003138011321425438
2952,0.02266443520784378,0.009993689134716988
2953,0.016503406688570976,0.014133468270301819
2954,0.08184149861335754,0.0039018974639475346
2955,0.0415935143828392,0.013899940997362137
2956,0.023087799549102783,0.006719658151268959
2957,0.02128421515226364,0.00447984179481864
2958,0.016694284975528717,0.020635860040783882
2959,0.02833523228764534,0.0028198324143886566
2960,0.0253777913749218,0.00774455675855279
2961,0.03469572216272354,0.009189678356051445
2962,0.0580010861158371,0.008756330236792564
2963,0.13000410795211792,0.02354656532406807
2964,0.08225786685943604,0.01091749593615532
2965,0.039957404136657715,0.013797210529446602
2966,0.01792687550187111,0.009364903904497623
2967,0.029158703982830048,0.02474050223827362
2968,0.018995607271790504,0.013117927126586437
2969,0.05525054782629013,0.005992263555526733
2970,0.07994293421506882,0.003699152497574687
2971,0.05182827264070511,0.00549676176160574
2972,0.059903696179389954,0.010544528253376484
2973,0.11624021828174591,0.003807798959314823
2974,0.0553845539689064,0.022927425801753998
2975,0.03361067175865173,0.016141070052981377
2976,0.016326406970620155,0.012394171208143234
2977,0.031448349356651306,0.0077983541414141655
2978,0.06234612688422203,0.014167411252856255
2979,0.08568474650382996,0.021516337990760803
2980,0.04468256235122681,0.004948887974023819
2981,0.10063888877630234,0.0032441080547869205
2982,0.04889889061450958,0.008729541674256325
2983,0.0422372967004776,0.010312667116522789
2984,0.026063891127705574,0.005275543313473463
2985,0.04781605303287506,0.004417244344949722
2986,0.07169981300830841,0.007509872782975435
2987,0.015437307767570019,0.009353826753795147
2988,0.08690224587917328,0.01203144621104002
2989,0.04365146532654762,0.004325696267187595
2990,0.048317842185497284,0.006747765000909567
2991,0.028554430231451988,0.00995576661080122
2992,0.0308400709182024,0.00623130239546299
2993,0.029011055827140808,0.021709293127059937
2994,0.01883460395038128,0.012334393337368965
2995,0.021932728588581085,0.004364565014839172
2996,0.020530888810753822,0.00959615595638752
2997,0.03859642148017883,0.017649218440055847
2998,0.02561422809958458,0.008262649178504944
2999,0.017079519107937813,0.013820665888488293
3000,0.03353596106171608,0.00797340553253889
3001,0.09762690961360931,0.003645480377599597
3002,0.04787342995405197,0.007375145331025124
3003,0.015476874075829983,0.023183127865195274
3004,0.041441451758146286,0.00734155997633934
3005,0.05975015088915825,0.012118807062506676
3006,0.029520083218812943,0.001313406741246581
3007,0.013575172983109951,0.0039048169273883104
3008,0.032002776861190796,0.006103647872805595
3009,0.03339778259396553,0.014912175014615059
3010,0.05776873230934143,0.0079897316172719
3011,0.020886441692709923,0.006124824285507202
3012,0.041806019842624664,0.006458166986703873
3013,0.046631574630737305,0.014990020543336868
3014,0.01876879297196865,0.009707111865282059
3015,0.02695690095424652,0.012797548435628414
3016,0.05772282928228378,0.006636161357164383
3017,0.04516354948282242,0.014098045416176319
3018,0.06460238993167877,0.0084220040589571
3019,0.02295054867863655,0.014147247187793255
3020,0.0696200430393219,0.012975607998669147
3021,0.03444170579314232,0.004263377748429775
3022,0.03832124546170235,0.015703223645687103
3023,0.03726622089743614,0.007335000671446323
3024,0.051609694957733154,0.01630452275276184
3025,0.02397863194346428,0.016690146178007126
3026,0.03287684917449951,0.007598968222737312
3027,0.033805977553129196,0.011582236737012863
3028,0.045372091233730316,0.004475641530007124
3029,0.07326938211917877,0.008237425237894058
3030,0.03399759903550148,0.01165009755641222
3031,0.030050769448280334,0.004589061252772808
3032,0.06946741789579391,0.02045348472893238
3033,0.05674554407596588,0.010456099174916744
3034,0.02934318780899048,0.008428707718849182
3035,0.029325712472200394,0.004952042363584042
3036,0.019097499549388885,0.011706155724823475
3037,0.022948874160647392,0.007935253903269768
3038,0.032963305711746216,0.008008608594536781
3039,0.02168244868516922,0.007666772697120905
3040,0.029913440346717834,0.009205606766045094
3041,0.0274899210780859,0.012003941461443901
3042,0.027919461950659752,0.009708134457468987
3043,0.03993901237845421,0.001465612556785345
3044,0.02994583547115326,0.00486272806301713
3045,0.054083630442619324,0.008250226266682148
3046,0.05823548138141632,0.006683895364403725
3047,0.03868882730603218,0.012386769987642765
3048,0.01896962709724903,0.016865765675902367
3049,0.058836448937654495,0.006435377523303032
3050,0.02253693714737892,0.010987873189151287
3051,0.011542662046849728,0.010004113428294659
3052,0.028557544574141502,0.008037793450057507
3053,0.02370244264602661,0.007108815014362335
3054,0.03764752671122551,0.006958552170544863
3055,0.012338289059698582,0.011399269104003906
3056,0.04160097986459732,0.01672300137579441
3057,0.010781942866742611,0.011975986883044243
3058,0.05091673135757446,0.00707856472581625
3059,0.04235461354255676,0.008970673196017742
3060,0.10060589760541916,0.018717432394623756
3061,0.049084436148405075,0.005129476077854633
3062,0.03744606673717499,0.006153698079288006
3063,0.07110656052827835,0.008622718043625355
3064,0.05907628685235977,0.010359224863350391
3065,0.03634912148118019,0.009080923162400723
3066,0.03905826807022095,0.014809852465987206
3067,0.027630198746919632,0.008096562698483467
3068,0.057745322585105896,0.007566615007817745
3069,0.018726153299212456,0.01396386418491602
3070,0.048210225999355316,0.004849065560847521
3071,0.10569287091493607,0.0045627388171851635
3072,0.19842609763145447,0.053536079823970795
3073,0.1135534942150116,0.06578971445560455
3074,0.052754584699869156,0.00512285390868783
3075,0.02915455773472786,0.008612983860075474
3076,0.03827563300728798,0.017450518906116486
3077,0.022710435092449188,0.010328320786356926
3078,0.06215374916791916,0.003903925884515047
3079,0.07173334807157516,0.005416521802544594
3080,0.062144018709659576,0.011905207298696041
3081,0.028636116534471512,0.0028225539717823267
3082,0.015447506681084633,0.010215279646217823
3083,0.05375056713819504,0.00862724520266056
3084,0.01380283385515213,0.003965011797845364
3085,0.024604719132184982,0.0020914168562740088
3086,0.01828477531671524,0.026099417358636856
3087,0.037474967539310455,0.004260375164449215
3088,0.011053281836211681,0.009234830737113953
3089,0.05577588081359863,0.011018560267984867
3090,0.036427371203899384,0.007818852551281452
3091,0.015605373308062553,0.0011445917189121246
3092,0.03522332012653351,0.009110493585467339
3093,0.04074953496456146,0.006824288051575422
3094,0.060227714478969574,0.003974597901105881
3095,0.028090883046388626,0.004050996154546738
3096,0.014421315863728523,0.008897962979972363
3097,0.0628858357667923,0.012916583567857742
3098,0.013568990863859653,0.0063710203394293785
3099,0.03654445707798004,0.0034482539631426334
3100,0.03294449299573898,0.0054235500283539295
3101,0.0429060161113739,0.014236748218536377
3102,0.10886645317077637,0.011300393380224705
3103,0.03598029911518097,0.006038161925971508
3104,0.03742726147174835,0.009434117935597897
3105,0.031292058527469635,0.006748538464307785
3106,0.027821730822324753,0.01888672448694706
3107,0.019511858001351357,0.0041957153007388115
3108,0.024000700563192368,0.008844925090670586
3109,0.031183261424303055,0.0030305490363389254
3110,0.06743688136339188,0.020576894283294678
3111,0.020128389820456505,0.013233082368969917
3112,0.06487718969583511,0.012227289378643036
3113,0.21979054808616638,0.005733837373554707
3114,0.03065571002662182,0.01422441378235817
3115,0.04448608309030533,0.021266089752316475
3116,0.02725561521947384,0.005388632882386446
3117,0.03454842418432236,0.007747568190097809
3118,0.06066086143255234,0.007301047910004854
3119,0.02778439223766327,0.007502962835133076
3120,0.00690040085464716,0.021133743226528168
3121,0.01758868619799614,0.01692972332239151
3122,0.02570185251533985,0.007050889544188976
3123,0.031118543818593025,0.003424089401960373
3124,0.04832156002521515,0.007497602608054876
3125,0.020472940057516098,0.015573050826787949
3126,0.02161114290356636,0.005238038022071123
3127,0.11340934783220291,0.018401013687253
3128,0.03323926031589508,0.0057143643498420715
3129,0.040446244180202484,0.010067605413496494
3130,0.0515068843960762,0.0016448849346488714
3131,0.09603656828403473,0.01586102694272995
3132,0.05685671418905258,0.003442364279180765
3133,0.024414265528321266,0.005859866738319397
3134,0.016660042107105255,0.006885891780257225
3135,0.0231152530759573,0.006881664041429758
3136,0.024337826296687126,0.019381113350391388
3137,0.06422027200460434,0.003398790955543518
3138,0.030128445476293564,0.008272250182926655
3139,0.04006846249103546,0.008778829127550125
3140,0.022928576916456223,0.01341185625642538
3141,0.0209742970764637,0.013732325285673141
3142,0.08658117800951004,0.007438482716679573
3143,0.04972651228308678,0.014002436771988869
3144,0.04059670865535736,0.00804046355187893
3145,0.012908088974654675,0.011110744439065456
3146,0.07339742034673691,0.008001076057553291
3147,0.08984635770320892,0.015266145579516888
3148,0.04954022541642189,0.009577917866408825
3149,0.02873128093779087,0.010596699081361294
3150,0.03002111427485943,0.01634073257446289
3151,0.06552281975746155,0.015171322040259838
3152,0.05456799268722534,0.005860490724444389
3153,0.056549519300460815,0.011043015867471695
3154,0.06763957440853119,0.007028825581073761
3155,0.06599844247102737,0.0036276415921747684
3156,0.022439146414399147,0.00944766029715538
3157,0.06548605859279633,0.025238066911697388
3158,0.04556465148925781,0.007814386859536171
3159,0.008712821640074253,0.004030568990856409
3160,0.033828575164079666,0.009369855746626854
3161,0.04750603437423706,0.010181543417274952
3162,0.06534261256456375,0.009588637389242649
3163,0.046649523079395294,0.016267478466033936
3164,0.04850834235548973,0.00580938346683979
3165,0.03272152692079544,0.017821360379457474
3166,0.022163229063153267,0.019940907135605812
3167,0.0674460232257843,0.00755526777356863
3168,0.03026777319610119,0.007526886183768511
3169,0.0373416393995285,0.012526903301477432
3170,0.024159971624612808,0.007666824851185083
3171,0.0156753771007061,0.007714474573731422
3172,0.016029099002480507,0.009864361956715584
3173,0.05120662972331047,0.024198569357395172
3174,0.05295906215906143,0.004947135224938393
3175,0.053992051631212234,0.013860374689102173
3176,0.03592740744352341,0.02392049878835678
3177,0.055138081312179565,0.0316273495554924
3178,0.02650289237499237,0.006616515573114157
3179,0.050072744488716125,0.018721628934144974
3180,0.044785384088754654,0.01033750083297491
3181,0.05050397291779518,0.007417213171720505
3182,0.03259976953268051,0.008647252805531025
3183,0.031048063188791275,0.012488093227148056
3184,0.024465365335345268,0.005331522785127163
3185,0.0708024799823761,0.009206913411617279
3186,0.03943580016493797,0.008289190009236336
3187,0.02358175814151764,0.010507535189390182
3188,0.0184901375323534,0.01734895259141922
3189,0.04946063458919525,0.014070132747292519
3190,0.06881443411111832,0.011955345049500465
3191,0.03709689900279045,0.006237579509615898
3192,0.023957598954439163,0.0101292934268713
3193,0.015940137207508087,0.031226560473442078
3194,0.05933178961277008,0.008616525679826736
3195,0.22191792726516724,0.01355694979429245
3196,0.07057548314332962,0.0077476585283875465
3197,0.025179272517561913,0.01141100563108921
3198,0.0446283183991909,0.0061959861777722836
3199,0.04484720900654793,0.010107820853590965
3200,0.04859044402837753,0.016048088669776917
3201,0.03382318839430809,0.006465352606028318
3202,0.02103184349834919,0.00894227996468544
3203,0.05587690323591232,0.005412149243056774
3204,0.026745248585939407,0.02983582206070423
3205,0.03495234623551369,0.00221002334728837
3206,0.0534907802939415,0.011060161516070366
3207,0.0718313455581665,0.00954444333910942
3208,0.04986188933253288,0.007895130664110184
3209,0.016222607344388962,0.014358233660459518
3210,0.03060607798397541,0.003857588628306985
3211,0.047237105667591095,0.009434012696146965
3212,0.06802856922149658,0.00904038269072771
3213,0.014649604447185993,0.010812526568770409
3214,0.03536965698003769,0.011155463755130768
3215,0.035395748913288116,0.005969460122287273
3216,0.06538274884223938,0.0048308344557881355
3217,0.037326913326978683,0.008076723664999008
3218,0.056459832936525345,0.006321322172880173
3219,0.04547741264104843,0.004469772335141897
3220,0.05179170146584511,0.01377742551267147
3221,0.024882301688194275,0.006311297882348299
3222,0.0306694433093071,0.013615328818559647
3223,0.03451583907008171,0.0040154410526156425
3224,0.024825861677527428,0.005806188564747572
3225,0.046055279672145844,0.005100761074572802
3226,0.09721767157316208,0.015612777322530746
3227,0.075016550719738,0.008410802111029625
3228,0.01030040718615055,0.004714799579232931
3229,0.011655904352664948,0.03492777794599533
3230,0.08868224918842316,0.008416801691055298
3231,0.0842766985297203,0.012861384078860283
3232,0.08659574389457703,0.003894391003996134
3233,0.09568054974079132,0.008860991336405277
3234,0.03848130255937576,0.003915178123861551
3235,0.06048411875963211,0.02396799623966217
3236,0.0844419077038765,0.019293099641799927
3237,0.027653668075799942,0.007043450605124235
3238,0.0827823057770729,0.012588818557560444
3239,0.035088006407022476,0.011621112935245037
3240,0.08407045900821686,0.004350080620497465
3241,0.03063085488975048,0.007682898081839085
3242,0.08160999417304993,0.004775975830852985
3243,0.07028990983963013,0.007840867154300213
3244,0.10340067744255066,0.019597163423895836
3245,0.03879200667142868,0.00827918853610754
3246,0.057562123984098434,0.007674874737858772
3247,0.026952115818858147,0.007434544153511524
3248,0.015649696812033653,0.008089359849691391
3249,0.010421885177493095,0.024306468665599823
3250,0.06371534615755081,0.01714136078953743
3251,0.05090409517288208,0.004731723107397556
3252,0.021115250885486603,0.005041956901550293
3253,0.030796144157648087,0.01123752724379301
3254,0.05962955206632614,0.008712243288755417
3255,0.022324372082948685,0.005883445963263512
3256,0.04286240413784981,0.006222378462553024
3257,0.0372149720788002,0.008143161423504353
3258,0.016462549567222595,0.005669815000146627
3259,0.05758586898446083,0.004375877790153027
3260,0.022109033539891243,0.011382854543626308
3261,0.01771480217576027,0.0076303184032440186
3262,0.03812749311327934,0.006770244799554348
3263,0.06417733430862427,0.005677093286067247
3264,0.04385720565915108,0.009762571193277836
3265,0.007663669530302286,0.010002631694078445
3266,0.03528017923235893,0.007014003582298756
3267,0.02190389856696129,0.004102601204067469
3268,0.07222091406583786,0.01415681466460228
3269,0.018567753955721855,0.008409349247813225
3270,0.007709512021392584,0.014356322586536407
3271,0.042159296572208405,0.016432546079158783
3272,0.04975495487451553,0.0032709352672100067
3273,0.02947395294904709,0.00936489924788475
3274,0.03752268850803375,0.01231562253087759
3275,0.04769113287329674,0.0075350189581513405
3276,0.055331479758024216,0.0028272538911551237
3277,0.022301144897937775,0.005919632501900196
3278,0.06571138650178909,0.012605773285031319
3279,0.029702484607696533,0.007751002907752991
3280,0.08276920020580292,0.005230679642409086
3281,0.020684298127889633,0.005968088284134865
3282,0.03130507469177246,0.01959841698408127
3283,0.05375167354941368,0.004102647304534912
3284,0.025742145255208015,0.008743342012166977
3285,0.024973710998892784,0.008200808428227901
3286,0.01719631254673004,0.005062768701463938
3287,0.011249142698943615,0.006618163548409939
3288,0.03112703189253807,0.01312677189707756
3289,0.03419533744454384,0.009575498290359974
3290,0.05281240865588188,0.005285177379846573
3291,0.03502358868718147,0.005965278949588537
3292,0.04020402580499649,0.013094703666865826
3293,0.029231416061520576,0.004015943966805935
3294,0.06288296729326248,0.00853432435542345
3295,0.038906145840883255,0.01986021175980568
3296,0.016427967697381973,0.012153162620961666
3297,0.05309944599866867,0.0017161750001832843
3298,0.012133006006479263,0.004725606180727482
3299,0.09890848398208618,0.0050565507262945175
3300,0.0431821346282959,0.005064580589532852
3301,0.030523475259542465,0.01820754073560238
3302,0.023798607289791107,0.005501557141542435
3303,0.04341423511505127,0.010483824647963047
3304,0.04578128084540367,0.012430960312485695
3305,0.02183888666331768,0.02080368623137474
3306,0.03164214640855789,0.003557034768164158
3307,0.06683342158794403,0.010188721120357513
3308,0.05247516185045242,0.03270132094621658
3309,0.03939264267683029,0.0046427445486187935
3310,0.04782133921980858,0.012690371833741665
3311,0.015334146097302437,0.013472089543938637
3312,0.04862441122531891,0.015491549856960773
3313,0.008436717092990875,0.007932042703032494
3314,0.02846790850162506,0.004972579888999462
3315,0.04230043292045593,0.01635577529668808
3316,0.044094156473875046,0.009501922875642776
3317,0.03758674114942551,0.003913335036486387
3318,0.021996591240167618,0.004633889067918062
3319,0.030525509268045425,0.008849963545799255
3320,0.02484874799847603,0.0051434519700706005
3321,0.05363750085234642,0.007319783791899681
3322,0.027519386261701584,0.006203114986419678
3323,0.035550557076931,0.011800834909081459
3324,0.028558965772390366,0.005624406971037388
3325,0.01698063313961029,0.014279029332101345
3326,0.0340910442173481,0.017265478149056435
3327,0.037241071462631226,0.004109342582523823
3328,0.08609452098608017,0.011249212548136711
3329,0.01329836342483759,0.004206240642815828
3330,0.05344322323799133,0.007126251235604286
3331,0.036333054304122925,0.00747100543230772
3332,0.05314091220498085,0.002587546594440937
3333,0.05958227813243866,0.01455971971154213
3334,0.024707119911909103,0.0036843102425336838
3335,0.020071346312761307,0.010037409141659737
3336,0.029840845614671707,0.007595354691147804
3337,0.03517396003007889,0.006438517011702061
3338,0.023530138656497,0.007888257503509521
3339,0.03372158855199814,0.009031778201460838
3340,0.03318338841199875,0.01134579535573721
3341,0.07182132452726364,0.010380523279309273
3342,0.011893587186932564,0.005394051782786846
3343,0.028290029615163803,0.006561273708939552
3344,0.03013409674167633,0.004003048408776522
3345,0.07785683870315552,0.009695496410131454
3346,0.058400146663188934,0.00795762613415718
3347,0.02096240408718586,0.003199698869138956
3348,0.03768307715654373,0.01042993925511837
3349,0.029697755351662636,0.0020453976467251778
3350,0.007442351896315813,0.00667914655059576
3351,0.035455189645290375,0.004303951747715473
3352,0.019273219630122185,0.004732564557343721
3353,0.007304827682673931,0.0035896985791623592
3354,0.03084414079785347,0.009063947945833206
3355,0.01813778653740883,0.00653853127732873
3356,0.023207321763038635,0.014425420202314854
