id,IHH,IHV
1,0.28634166717529297,0.09039047360420227
2,0.1750137209892273,0.07575183361768723
3,0.3101855516433716,0.07868868112564087
4,0.19528698921203613,0.12530870735645294
5,0.6643590331077576,0.05666359141469002
6,0.3152989447116852,0.04198075085878372
7,0.13218316435813904,0.007778586819767952
8,0.4159991443157196,0.023310072720050812
9,0.2881377935409546,0.054274000227451324
10,0.9279789328575134,0.06645727902650833
11,0.4500666856765747,0.04362082853913307
12,0.09780827164649963,0.05715546756982803
13,0.1830773651599884,0.09036407619714737
14,0.10367518663406372,0.0720110833644867
15,0.29367098212242126,0.05114998295903206
16,0.21886837482452393,0.22401808202266693
17,0.17994756996631622,0.2062711864709854
18,0.39758580923080444,0.03528779372572899
19,0.5251296758651733,0.030873320996761322
20,0.2550095021724701,0.06038602441549301
21,0.23236556351184845,0.037391629070043564
22,0.11619308590888977,0.05939587205648422
23,0.10337287932634354,0.13261282444000244
24,0.3723824918270111,0.031885504722595215
25,0.24038246273994446,0.0336320698261261
26,0.23913651704788208,0.03315708786249161
27,0.40243154764175415,0.05131234601140022
28,0.41611719131469727,0.03787969425320625
29,0.24397146701812744,0.059532858431339264
30,0.10286124795675278,0.05375668779015541
31,0.12645331025123596,0.09049092233181
32,0.31864964962005615,0.0267124492675066
33,0.20335876941680908,0.09392489492893219
34,0.3283836245536804,0.11106889694929123
35,0.13542619347572327,0.10264821350574493
36,0.2786504030227661,0.09104480594396591
37,0.33998236060142517,0.04096683859825134
38,0.474823534488678,0.10078324377536774
39,0.19780555367469788,0.33722975850105286
40,0.0951264351606369,0.01834091544151306
41,0.10430218279361725,0.04050575569272041
42,0.40670865774154663,0.08858239650726318
43,0.21784429252147675,0.04339360445737839
44,0.058378010988235474,0.1582891345024109
45,0.19248145818710327,0.08890779316425323
46,0.2808009684085846,0.03372183069586754
47,0.49374499917030334,0.08942615985870361
48,0.27490416169166565,0.08366810530424118
49,0.5707301497459412,0.02330823801457882
50,0.21137946844100952,0.06300226598978043
51,0.2747870683670044,0.01940828748047352
52,0.1911049783229828,0.09677015990018845
53,0.22311744093894958,0.0566810667514801
54,0.6243818998336792,0.07043283432722092
55,0.8535051345825195,0.21153950691223145
56,0.42906180024147034,0.04966574162244797
57,0.6845930218696594,0.12019032984972
58,0.26500481367111206,0.03401467949151993
59,0.2539673447608948,0.2440691441297531
60,0.20701777935028076,0.05354444682598114
61,0.0907549262046814,0.10036545991897583
62,0.09987836331129074,0.05432457849383354
63,0.19425170123577118,0.04792795330286026
64,0.3771088123321533,0.03627342730760574
65,0.2856760621070862,0.1309203803539276
66,0.24768641591072083,0.08747930824756622
67,0.319547176361084,0.02489779144525528
68,0.30185210704803467,0.09601452201604843
69,0.10918352007865906,0.046168699860572815
70,0.25616884231567383,0.02868853695690632
71,0.4082076847553253,0.01975049450993538
72,0.46968454122543335,0.092557892203331
73,0.1527176797389984,0.07387722283601761
74,0.324867308139801,0.12836338579654694
75,0.160883367061615,0.028095297515392303
76,0.27563148736953735,0.0679176077246666
77,0.2227935492992401,0.027610888704657555
78,0.49368971586227417,0.01473207026720047
79,0.31626272201538086,0.015474095940589905
80,0.128335103392601,0.03246241435408592
81,0.24356797337532043,0.08055959641933441
82,0.21511989831924438,0.08324246853590012
83,0.412815123796463,0.17257852852344513
84,0.24874362349510193,0.09548573195934296
85,0.3568115234375,0.11810947954654694
86,0.09204908460378647,0.04919345676898956
87,0.156985342502594,0.04377080127596855
88,0.12997621297836304,0.020789731293916702
89,0.13589447736740112,0.05609436333179474
90,0.23919884860515594,0.043870940804481506
91,0.2105550915002823,0.028653742745518684
92,0.3487835228443146,0.07144714146852493
93,0.27208977937698364,0.10343928635120392
94,0.38335493206977844,0.19271954894065857
95,0.1150316596031189,0.11749216914176941
96,0.2571101486682892,0.20033225417137146
97,0.1471617966890335,0.03643770515918732
98,0.25351861119270325,0.04248332232236862
99,0.10068292170763016,0.07610651105642319
100,0.11904385685920715,0.01695033349096775
101,0.11017683893442154,0.032010793685913086
102,0.2930765450000763,0.04181366786360741
103,0.2950223684310913,0.13558179140090942
104,0.20208019018173218,0.059911780059337616
105,0.2936405837535858,0.07144574820995331
106,0.22580289840698242,0.060733333230018616
107,0.20656003057956696,0.11593793332576752
108,0.2106325477361679,0.0253896564245224
109,0.24956297874450684,0.11448536813259125
110,0.510272204875946,0.0433366484940052
111,0.34495121240615845,0.0625658854842186
112,0.11896905303001404,0.08006283640861511
113,0.4441443085670471,0.12112332880496979
114,0.1698244959115982,0.07708943635225296
115,0.10623767971992493,0.04554678499698639
116,0.29261863231658936,0.19136805832386017
117,0.08063273131847382,0.050232160836458206
118,0.3170376718044281,0.0715334489941597
119,0.11735586076974869,0.19591954350471497
120,0.08621502667665482,0.15479938685894012
121,0.07736426591873169,0.09591513872146606
122,0.3008495569229126,0.18472927808761597
123,0.26279112696647644,0.20817816257476807
124,0.14191557466983795,0.09821154177188873
125,0.4379224181175232,0.09083481878042221
126,0.3641044795513153,0.03538944199681282
127,0.20625612139701843,0.04267478734254837
128,0.7134923934936523,0.05924840644001961
129,0.1901685744524002,0.13395963609218597
130,0.16251520812511444,0.047677382826805115
131,0.09910508990287781,0.054327592253685
132,0.22483757138252258,0.04206440597772598
133,0.09761754423379898,0.04444434121251106
134,0.24043501913547516,0.05469854921102524
135,0.25673043727874756,0.0565311536192894
136,0.23021741211414337,0.03931064158678055
137,0.5771498084068298,0.04921559989452362
138,0.3935529291629791,0.03764382749795914
139,0.2733946442604065,0.03373223915696144
140,0.12209583818912506,0.08619678020477295
141,0.21521762013435364,0.05156015604734421
142,0.5300552248954773,0.5516083240509033
143,1.3772085905075073,0.4427456855773926
144,0.3671068847179413,0.14666049182415009
145,0.10706324875354767,0.030527301132678986
146,0.24717429280281067,0.03792332485318184
147,0.249940425157547,0.06466950476169586
148,0.12621742486953735,0.10505473613739014
149,0.34781816601753235,0.0966443419456482
150,0.1375179886817932,0.10471959412097931
151,0.17398081719875336,0.034989502280950546
152,0.14362791180610657,0.027131173759698868
153,0.23738564550876617,0.06062312424182892
154,0.7487573623657227,0.0367426760494709
155,0.343139111995697,0.06555232405662537
156,0.17535929381847382,0.1011757180094719
157,0.12949003279209137,0.04489792883396149
158,0.2608901858329773,0.03379010781645775
159,0.1641937643289566,0.068868488073349
160,0.07066959142684937,0.06396157294511795
161,0.13867789506912231,0.07599504292011261
162,0.40911179780960083,0.08785369992256165
163,0.6033127903938293,0.09583515673875809
164,0.259280800819397,0.0366077683866024
165,0.2410886138677597,0.07535533607006073
166,0.14150242507457733,0.11102980375289917
167,0.1459452211856842,0.11637736111879349
168,0.38772112131118774,0.05742337927222252
169,0.4181327819824219,0.08156358450651169
170,0.5845762491226196,0.26175856590270996
171,0.259057879447937,0.060967229306697845
172,0.544438898563385,0.10144101828336716
173,0.3286653459072113,0.03145267814397812
174,0.47958099842071533,0.057874616235494614
175,0.5659873485565186,0.11343957483768463
176,0.12984316051006317,0.10005030781030655
177,0.07854039967060089,0.07639364898204803
178,0.11552226543426514,0.15189777314662933
179,0.1966557651758194,0.15537479519844055
180,0.45988547801971436,0.16045713424682617
181,0.47978392243385315,0.4303935170173645
182,0.2953955829143524,0.13894949853420258
183,0.11522140353918076,0.04842817038297653
184,0.08876274526119232,0.048748888075351715
185,0.18273741006851196,0.1583997905254364
186,0.4431487023830414,0.05392783135175705
187,0.03880183398723602,0.0705452710390091
188,0.08907102048397064,0.07543961703777313
189,0.35706305503845215,0.1056131049990654
190,0.18162105977535248,0.02707298845052719
191,0.07986991107463837,0.01958557218313217
192,0.2315473109483719,0.03058536723256111
193,0.1850898563861847,0.03585543483495712
194,0.15896984934806824,0.03807754069566727
195,0.36075109243392944,0.1641489714384079
196,0.1533677577972412,0.13051730394363403
197,0.28571265935897827,0.043018657714128494
198,0.2484135925769806,0.03667738288640976
199,0.15850967168807983,0.02533605322241783
200,0.23805657029151917,0.057833388447761536
201,0.4976445436477661,0.07459326833486557
202,0.28644266724586487,0.11274142563343048
203,0.14575490355491638,0.09180232137441635
204,0.18973200023174286,0.09510204941034317
205,0.09431492537260056,0.06493080407381058
206,0.3766521215438843,0.027315746992826462
207,0.17326755821704865,0.13925692439079285
208,0.1979086995124817,0.09352053701877594
209,0.5472170114517212,0.03302586078643799
210,0.23784121870994568,0.02682959847152233
211,0.28170016407966614,0.0955452248454094
212,0.6047722101211548,0.23365427553653717
213,0.17684823274612427,0.048544470220804214
214,0.10238222032785416,0.08530513197183609
215,0.1602983921766281,0.054461825639009476
216,0.18493226170539856,0.09806586802005768
217,0.34577345848083496,0.06580955535173416
218,0.1085103452205658,0.07024326175451279
219,0.12139330059289932,0.04115522652864456
220,0.5820765495300293,0.09109450876712799
221,0.2029876410961151,0.05003286525607109
222,0.140648752450943,0.013280946761369705
223,0.1322653740644455,0.04016464203596115
224,0.491316556930542,0.029019735753536224
225,0.513973593711853,0.10472042113542557
226,0.30046647787094116,0.069816455245018
227,0.40380722284317017,0.0716431513428688
228,0.3039696216583252,0.06500783562660217
229,0.5389967560768127,0.13511252403259277
230,0.23903495073318481,0.1355116069316864
231,0.12227360904216766,0.0917401909828186
232,0.2919115722179413,0.07259054481983185
233,0.37236595153808594,0.06388287991285324
234,0.30727776885032654,0.0897907018661499
235,0.3195495903491974,0.022414065897464752
236,0.22964829206466675,0.05559634417295456
237,0.1817641407251358,0.07040387392044067
238,0.23727361857891083,0.05649256706237793
239,0.10151192545890808,0.07541938871145248
240,0.03661695495247841,0.08184761554002762
241,0.07663068175315857,0.0227645356208086
242,0.16356109082698822,0.05756359547376633
243,0.17479106783866882,0.04347309097647667
244,0.08212997764348984,0.018940530717372894
245,0.09000267088413239,0.050727542489767075
246,0.39042070508003235,0.03877350687980652
247,0.15611201524734497,0.08438269048929214
248,0.297564834356308,0.0449262298643589
249,0.3358902931213379,0.04571841284632683
250,0.03972228243947029,0.04179583862423897
251,0.18126343190670013,0.0889005959033966
252,0.2930678427219391,0.05597388371825218
253,0.3042910397052765,0.08492092043161392
254,0.6828062534332275,0.06403444707393646
255,0.5698240399360657,0.08386696875095367
256,0.48779603838920593,0.06708629429340363
257,0.2810210585594177,0.09812681376934052
258,0.0959022045135498,0.04785262048244476
259,0.3692155182361603,0.032808199524879456
260,0.11022303998470306,0.10117118060588837
261,0.10700742155313492,0.06911163032054901
262,0.4700773358345032,0.1344863772392273
263,0.12353559583425522,0.01051274687051773
264,0.3229294717311859,0.07795801758766174
265,1.0067012310028076,0.061853110790252686
266,0.09774336963891983,0.06579209119081497
267,0.1516379415988922,0.07131414115428925
268,0.20962268114089966,0.08146655559539795
269,0.4907286465167999,0.05748381093144417
270,0.1446390151977539,0.0449809767305851
271,0.1017831414937973,0.05825483798980713
272,0.48722440004348755,0.10575659573078156
273,0.24457499384880066,0.06951866298913956
274,0.2411912977695465,0.08962079882621765
275,0.1015256941318512,0.09629550576210022
276,0.34083864092826843,0.1182955652475357
277,0.535246729850769,0.02410910651087761
278,0.23101845383644104,0.05721664801239967
279,0.24106040596961975,0.1599750816822052
280,0.18409408628940582,0.03617508336901665
281,0.21775023639202118,0.022714534774422646
282,0.5135620832443237,0.03828408941626549
283,0.35736632347106934,0.05369675159454346
284,0.24024531245231628,0.12134996056556702
285,0.3349100351333618,0.09485089033842087
286,0.18466374278068542,0.03759933263063431
287,0.21686170995235443,0.03022104501724243
288,0.39717555046081543,0.017062101513147354
289,0.33312517404556274,0.024160845205187798
290,0.17199364304542542,0.06457403302192688
291,0.24104827642440796,0.01964491792023182
292,0.19860577583312988,0.04545203968882561
293,0.10636169463396072,0.06575913727283478
294,0.2014557421207428,0.09221094846725464
295,0.16928398609161377,0.06521289050579071
296,0.34571731090545654,0.09805823862552643
297,0.4042552709579468,0.031674206256866455
298,0.28748977184295654,0.03798278048634529
299,0.3200305104255676,0.10270218551158905
300,0.27068138122558594,0.06699933856725693
301,0.54740309715271,0.044625602662563324
302,0.2626723647117615,0.044877178966999054
303,0.4710608124732971,0.09073907136917114
304,0.15573650598526,0.03129950165748596
305,0.35838913917541504,0.07632535696029663
306,0.18394052982330322,0.0710742175579071
307,0.7176322340965271,0.08106106519699097
308,0.1087094396352768,0.03544801473617554
309,0.24115793406963348,0.054318949580192566
310,0.12482904642820358,0.05373813956975937
311,0.2317732274532318,0.05897722765803337
312,0.6491107940673828,0.08772832155227661
313,0.12666131556034088,0.16035330295562744
314,0.36491450667381287,0.09943313896656036
315,0.13183270394802094,0.05311400070786476
316,0.3382440209388733,0.07162545621395111
317,0.15861187875270844,0.03318316861987114
318,0.19366921484470367,0.0426541268825531
319,0.338169127702713,0.0742238387465477
320,0.22132451832294464,0.0640818327665329
321,0.26093655824661255,0.09833458811044693
322,0.1873301863670349,0.14284268021583557
323,0.09606052190065384,0.2558339834213257
324,0.30500197410583496,0.07305403053760529
325,0.1359429806470871,0.1519823670387268
326,0.20255008339881897,0.13554169237613678
327,0.12737101316452026,0.050097960978746414
328,0.20037245750427246,0.03002842515707016
329,0.09112010896205902,0.03208208829164505
330,0.17193381488323212,0.01779114454984665
331,0.15704280138015747,0.0615752711892128
332,0.10478286445140839,0.07345600426197052
333,0.11217423528432846,0.0671633630990982
334,0.21213898062705994,0.023775171488523483
335,0.20004244148731232,0.03167072311043739
336,0.15640725195407867,0.050525955855846405
337,0.3268079161643982,0.08287826180458069
338,0.17638884484767914,0.10998571664094925
339,0.24542193114757538,0.046290118247270584
340,0.29436400532722473,0.061461906880140305
341,0.4483184814453125,0.21338561177253723
342,0.35627642273902893,0.03367599844932556
343,0.22823107242584229,0.06962056457996368
344,0.5540323853492737,0.0489024743437767
345,0.41342678666114807,0.04990876466035843
346,0.2342323362827301,0.07791948318481445
347,0.2092777043581009,0.04812493920326233
348,0.3582804799079895,0.04697567969560623
349,0.07633303105831146,0.06995150446891785
350,0.157755509018898,0.045573752373456955
351,0.12714123725891113,0.04596070945262909
352,0.4900689125061035,0.0833655297756195
353,0.13597607612609863,0.07430664449930191
354,0.5931422710418701,0.07811807096004486
355,0.3781517744064331,0.04244468733668327
356,0.30598798394203186,0.01863136887550354
357,0.5833867788314819,0.050062961876392365
358,0.19098733365535736,0.0662231296300888
359,0.17880406975746155,0.09987086057662964
360,0.1250256896018982,0.028970632702112198
361,0.1319282203912735,0.014222228899598122
362,0.030639411881566048,0.05713909491896629
363,0.0704507827758789,0.1615755259990692
364,0.3299543857574463,0.10866260528564453
365,0.5237104892730713,0.03364618495106697
366,0.5084345936775208,0.028655588626861572
367,0.34866029024124146,0.05342565104365349
368,0.4257356524467468,0.023838913068175316
369,0.559333860874176,0.09963095188140869
370,0.16396236419677734,0.03207717090845108
371,0.15837548673152924,0.05987655743956566
372,0.1277543008327484,0.055863991379737854
373,0.11425071954727173,0.0603540875017643
374,0.12272639572620392,0.05732913315296173
375,0.20339205861091614,0.034925855696201324
376,0.3533850908279419,0.062296368181705475
377,0.10771093517541885,0.06843055784702301
378,0.16127972304821014,0.27682632207870483
379,0.07147207856178284,0.09990525990724564
380,0.3279484510421753,0.059018731117248535
381,0.49853357672691345,0.03839317709207535
382,0.4964277446269989,0.10033327341079712
383,0.46965163946151733,0.11386388540267944
384,0.3444494903087616,0.08814524859189987
385,0.12044385075569153,0.07689584791660309
386,0.1333814561367035,0.1485985815525055
387,0.2145337015390396,0.05437445640563965
388,0.19373467564582825,0.032505739480257034
389,0.4850207567214966,0.02544316276907921
390,0.47748884558677673,0.05829557403922081
391,0.17165440320968628,0.07095686346292496
392,0.07336840033531189,0.0720319151878357
393,0.3862675726413727,0.05629965290427208
394,0.21560853719711304,0.08972594141960144
395,0.2950482666492462,0.03749498724937439
396,0.6498851776123047,0.0883932113647461
397,0.1874823272228241,0.050460334867239
398,0.13137312233448029,0.06521470099687576
399,0.29016217589378357,0.025379125028848648
400,0.13843673467636108,0.02116517163813114
401,0.3016349673271179,0.04918671399354935
402,0.4218584895133972,0.043249864131212234
403,0.13298800587654114,0.05134391039609909
404,0.3669641315937042,0.06414207071065903
405,0.07282797247171402,0.06149665638804436
406,0.13707664608955383,0.08664413541555405
407,0.2651347517967224,0.029902266338467598
408,0.3191606104373932,0.0667397603392601
409,0.22950924932956696,0.03822076693177223
410,0.031246237456798553,0.01906362920999527
411,0.20313113927841187,0.06968913227319717
412,0.24009504914283752,0.05770589038729668
413,0.07679622620344162,0.1687045693397522
414,0.10337027162313461,0.02603829652070999
415,0.12174809724092484,0.027357973158359528
416,0.18712882697582245,0.04601843282580376
417,0.1014004498720169,0.03766046464443207
418,0.08280812203884125,0.017309624701738358
419,0.2376958727836609,0.09263049066066742
420,0.17640753090381622,0.053952656686306
421,0.0767042338848114,0.07538288831710815
422,0.28342029452323914,0.06721463799476624
423,0.22580641508102417,0.04799618944525719
424,0.20154835283756256,0.08189020305871964
425,0.45767301321029663,0.025677813217043877
426,0.1663007289171219,0.06964141130447388
427,0.14243577420711517,0.03541264683008194
428,0.271720826625824,0.08551634103059769
429,0.16241800785064697,0.07111204415559769
430,0.21617373824119568,0.03794017806649208
431,0.4879263639450073,0.01684694178402424
432,0.10884413123130798,0.02735305204987526
433,0.0851866826415062,0.08415404707193375
434,0.3260776102542877,0.09698030352592468
435,0.5597653388977051,0.1059589609503746
436,0.49576902389526367,0.11141502112150192
437,0.27430352568626404,0.09922180324792862
438,0.144241601228714,0.04325208067893982
439,0.12591414153575897,0.032106176018714905
440,0.2048386037349701,0.057611554861068726
441,0.18267175555229187,0.024821458384394646
442,0.2923453152179718,0.04972675442695618
443,0.3242029845714569,0.02930140495300293
444,0.34200772643089294,0.038484469056129456
445,0.24734683334827423,0.11205433309078217
446,0.3609107434749603,0.04369603469967842
447,0.07263825088739395,0.043283917009830475
448,0.24347418546676636,0.07420405745506287
449,0.1644577831029892,0.05614965781569481
450,0.3023286461830139,0.1035780981183052
451,0.3679770231246948,0.051604852080345154
452,0.0874003991484642,0.04311467334628105
453,0.25256019830703735,0.08958786725997925
454,0.11553686112165451,0.05249081552028656
455,0.1456795334815979,0.06617402285337448
456,0.1637418568134308,0.08058995008468628
457,0.1451907753944397,0.04503168538212776
458,0.18158486485481262,0.06185103952884674
459,0.3002738952636719,0.07734428346157074
460,0.20880919694900513,0.05585338920354843
461,0.18839922547340393,0.04924509674310684
462,0.26176342368125916,0.02579151839017868
463,0.07404893636703491,0.040560562163591385
464,0.2798756957054138,0.04802245646715164
465,0.23337075114250183,0.06850330531597137
466,0.1970519721508026,0.041803356260061264
467,0.5586345195770264,0.0380931980907917
468,0.288923978805542,0.023543983697891235
469,0.21210356056690216,0.05070263147354126
470,0.21891281008720398,0.11463037878274918
471,0.22913208603858948,0.1525193452835083
472,0.11121715605258942,0.036744195967912674
473,0.053663332015275955,0.04893091693520546
474,0.35420340299606323,0.0679241418838501
475,0.4483291506767273,0.09347476065158844
476,0.31649115681648254,0.06897606700658798
477,1.0881271362304688,0.12169482558965683
478,0.15355899930000305,0.044830549508333206
479,0.23165827989578247,0.038835324347019196
480,0.05847860127687454,0.1097455695271492
481,0.26479005813598633,0.1300046145915985
482,0.21748870611190796,0.04855957254767418
483,0.23925583064556122,0.01421366073191166
484,0.3362894654273987,0.03481077402830124
485,0.07408813387155533,0.06431898474693298
486,0.37826836109161377,0.022155214101076126
487,0.42463231086730957,0.06200502812862396
488,0.39821115136146545,0.09320297837257385
489,0.6391375660896301,0.11160315573215485
490,0.06548719108104706,0.07873918116092682
491,0.27073705196380615,0.07424454391002655
492,0.3149387240409851,0.10934219509363174
493,0.07073076069355011,0.08298363536596298
494,0.08135377615690231,0.0906125158071518
495,0.42000865936279297,0.06925130635499954
496,0.0698777586221695,0.10993747413158417
497,0.34128057956695557,0.09254372864961624
498,0.30621322989463806,0.1356811672449112
499,0.3780784606933594,0.0570986270904541
500,0.23088470101356506,0.025648117065429688
501,0.3307954668998718,0.04885270446538925
502,0.2780129909515381,0.046067364513874054
503,0.16352492570877075,0.02215227112174034
504,0.19698883593082428,0.07459969818592072
505,0.8496710062026978,0.055985577404499054
506,0.2812638580799103,0.16958007216453552
507,0.269973486661911,0.13595572113990784
508,0.3095918595790863,0.05012236535549164
509,0.12033914029598236,0.10542283207178116
510,0.3152710199356079,0.06562281399965286
511,0.21327930688858032,0.06004577875137329
512,0.2214893102645874,0.08400177210569382
513,0.40058332681655884,0.10885827988386154
514,0.5657535791397095,0.0920848697423935
515,0.28541991114616394,0.03182542696595192
516,0.3071867823600769,0.07395604252815247
517,0.10986176133155823,0.0396275520324707
518,0.13515394926071167,0.015385572798550129
519,0.3921445608139038,0.05395442619919777
520,0.12899962067604065,0.02490711584687233
521,0.40734153985977173,0.07062236964702606
522,0.26656270027160645,0.07673807442188263
523,0.19667592644691467,0.037422772496938705
524,0.24007397890090942,0.11425035446882248
525,0.14863221347332,0.04550383612513542
526,0.38125133514404297,0.03695616126060486
527,0.34159189462661743,0.01922915317118168
528,0.12080380320549011,0.03202582523226738
529,0.5681374669075012,0.1298462599515915
530,0.4941968023777008,0.20688234269618988
531,0.5092518329620361,0.04949703440070152
532,0.08605720102787018,0.0559983029961586
533,0.3532063066959381,0.04986545443534851
534,0.41358935832977295,0.05209024250507355
535,0.13841593265533447,0.030862674117088318
536,0.07343436032533646,0.07247496396303177
537,0.22438432276248932,0.06266345083713531
538,0.14804747700691223,0.022475924342870712
539,0.19420690834522247,0.03253065422177315
540,0.3572893738746643,0.028786737471818924
541,0.3985847234725952,0.16018088161945343
542,0.2475270926952362,0.03018086403608322
543,0.3628382086753845,0.03634367138147354
544,0.2841852605342865,0.11142989993095398
545,0.12075387686491013,0.07034572213888168
546,0.2562052309513092,0.14363190531730652
547,0.2555229067802429,0.037784673273563385
548,0.3826150596141815,0.10142102837562561
549,0.6891385316848755,0.07609006017446518
550,0.5968433022499084,0.11118021607398987
551,0.4144756495952606,0.07365027070045471
552,0.19294005632400513,0.047702040523290634
553,0.4177281856536865,0.05215013772249222
554,0.16974638402462006,0.08394531160593033
555,0.27332109212875366,0.07000939548015594
556,0.3978068232536316,0.11133716255426407
557,0.11810397356748581,0.043717652559280396
558,0.305023729801178,0.02870018221437931
559,0.08597566932439804,0.03739507868885994
560,0.47305309772491455,0.05498397350311279
561,0.14035049080848694,0.042872458696365356
562,1.0820484161376953,0.10230468958616257
563,0.18561331927776337,0.04184878244996071
564,0.06004008650779724,0.017388949170708656
565,0.09068872034549713,0.04339458420872688
566,0.3635892868041992,0.0250350683927536
567,0.21512292325496674,0.04318709671497345
568,0.15766975283622742,0.08960308134555817
569,0.20096656680107117,0.07303093373775482
570,0.23123136162757874,0.10310842841863632
571,0.7673455476760864,0.0796586126089096
572,0.25270748138427734,0.01695389673113823
573,0.12779372930526733,0.03992810845375061
574,0.4234442710876465,0.0638318583369255
575,0.2830532491207123,0.09169919788837433
576,0.12411508709192276,0.17415085434913635
577,0.39773282408714294,0.0649709403514862
578,0.19751399755477905,0.03554108738899231
579,0.6624873280525208,0.046707697212696075
580,0.19188787043094635,0.09898650646209717
581,0.37538477778434753,0.036498382687568665
582,0.059182535856962204,0.07869700342416763
583,0.27497607469558716,0.06143881380558014
584,0.15707437694072723,0.0394795723259449
585,0.14838996529579163,0.17241376638412476
586,0.129935622215271,0.07721810042858124
587,0.24525080621242523,0.0865049958229065
588,0.28620946407318115,0.0813673883676529
589,0.35703402757644653,0.06419084966182709
590,0.6648972630500793,0.09821273386478424
591,0.5721839666366577,0.06472332030534744
592,0.5678644180297852,0.1248716339468956
593,0.7064414024353027,0.05727838724851608
594,0.45549240708351135,0.02798398770391941
595,0.2406139373779297,0.09069444239139557
596,0.3593652844429016,0.3451521694660187
597,0.07463566213846207,0.03527415543794632
598,0.17093437910079956,0.09862376749515533
599,0.1764039695262909,0.15250883996486664
600,0.22927826642990112,0.09296616911888123
601,0.34630024433135986,0.03113134205341339
602,0.5857095718383789,0.02336972951889038
603,0.16742077469825745,0.13551457226276398
604,0.20212185382843018,0.050328709185123444
605,0.46713775396347046,0.06397142261266708
606,0.252460777759552,0.12737184762954712
607,0.2130955159664154,0.031107980757951736
608,0.13015969097614288,0.07387026399374008
609,0.1128527969121933,0.12822923064231873
610,0.1865888237953186,0.06059856340289116
611,0.05471649765968323,0.036893993616104126
612,0.065128855407238,0.06945286691188812
613,0.10570010542869568,0.16120731830596924
614,0.05822284519672394,0.04956088215112686
615,0.06427060067653656,0.10994618386030197
616,0.27467721700668335,0.09494999051094055
617,0.1663466989994049,0.11618880927562714
618,0.08762496709823608,0.05231796205043793
619,0.2954772114753723,0.08169794827699661
620,0.11092251539230347,0.03996602073311806
621,0.4469659924507141,0.05420924723148346
622,0.19855932891368866,0.05908478796482086
623,0.38635140657424927,0.04923969879746437
624,0.2645367980003357,0.11615878343582153
625,0.2462541162967682,0.0925779864192009
626,0.23045507073402405,0.021194903180003166
627,0.5039385557174683,0.05688612163066864
628,0.11588400602340698,0.016429618000984192
629,0.1629040539264679,0.029492212459445
630,0.12453844398260117,0.05451514571905136
631,0.2958773374557495,0.08839961886405945
632,0.09376050531864166,0.1040244996547699
633,0.3093844950199127,0.09163011610507965
634,0.20885983109474182,0.07796647399663925
635,0.12843908369541168,0.05686749517917633
636,0.05372665822505951,0.07988297194242477
637,0.05295684188604355,0.058109842240810394
638,0.13733941316604614,0.054524507373571396
639,0.1535220593214035,0.05067674070596695
640,0.127522274851799,0.05527316778898239
641,0.10866096615791321,0.06358269602060318
642,0.3026142418384552,0.035788778215646744
643,0.07818266749382019,0.06986545026302338
644,0.18764828145503998,0.029549220576882362
645,0.09300701320171356,0.041168589144945145
646,0.3427409827709198,0.13803574442863464
647,0.5639000535011292,0.008338612504303455
648,0.12587131559848785,0.05792595446109772
649,0.15434379875659943,0.12274008989334106
650,0.1798555850982666,0.04265853762626648
651,0.38117823004722595,0.10602638125419617
652,0.4767075479030609,0.03369930759072304
653,0.1514502763748169,0.04403241351246834
654,0.11158863455057144,0.05103378742933273
655,0.2923620045185089,0.020500103011727333
656,0.22672002017498016,0.03857296705245972
657,0.09691522270441055,0.04870954528450966
658,0.3775259256362915,0.10990497469902039
659,0.3243359923362732,0.06309134513139725
660,0.034390952438116074,0.029657138511538506
661,0.1225462406873703,0.028805727139115334
662,0.17782309651374817,0.0332411453127861
663,0.15016217529773712,0.10880422592163086
664,0.1512814611196518,0.07610276341438293
665,0.19601985812187195,0.04989449679851532
666,0.3973878026008606,0.09150292724370956
667,0.15310578048229218,0.033699892461299896
668,0.3420897126197815,0.08802859485149384
669,0.09225539863109589,0.15301711857318878
670,0.11028899252414703,0.03493265435099602
671,0.2079407274723053,0.07232224941253662
672,0.06316862255334854,0.14081138372421265
673,0.32257819175720215,0.04725994914770126
674,0.19123315811157227,0.026955269277095795
675,0.26246681809425354,0.08667631447315216
676,0.07801223546266556,0.10332947969436646
677,0.057223107665777206,0.03478774428367615
678,0.060402289032936096,0.07476212084293365
679,0.35093191266059875,0.1734083890914917
680,0.0678618922829628,0.04796168953180313
681,0.12135564535856247,0.029096420854330063
682,0.2148343026638031,0.028056615963578224
683,0.09168273210525513,0.060058124363422394
684,0.455140620470047,0.03286946937441826
685,0.12121126055717468,0.10441214591264725
686,0.06526018679141998,0.04040302336215973
687,0.5334064364433289,0.1668471246957779
688,0.027208494022488594,0.08870453387498856
689,0.1952267587184906,0.051085978746414185
690,0.4165278375148773,0.07979095727205276
691,0.13147123157978058,0.03635796532034874
692,0.09418099373579025,0.03895125538110733
693,0.1517808735370636,0.043154675513505936
694,0.03352475166320801,0.028002925217151642
695,0.2873491942882538,0.007243232801556587
696,0.20564964413642883,0.03272577002644539
697,0.30349448323249817,0.06272654980421066
698,0.24231722950935364,0.07834217697381973
699,0.2755279242992401,0.039734069257974625
700,0.27896609902381897,0.08290497958660126
701,0.3252267837524414,0.0396895632147789
702,0.39542460441589355,0.06194331869482994
703,0.43635809421539307,0.051600322127342224
704,0.4342552721500397,0.04073652625083923
705,0.11651572585105896,0.06917586922645569
706,0.3016214668750763,0.14753635227680206
707,0.5381453633308411,0.02993735298514366
708,0.7612249255180359,0.06667722016572952
709,0.0878029465675354,0.07929366827011108
710,0.07858404517173767,0.03445585444569588
711,0.23069170117378235,0.06409112364053726
712,0.09494753181934357,0.09527981281280518
713,0.18496207892894745,0.1207447201013565
714,0.19255445897579193,0.08322171121835709
715,0.3077685236930847,0.12432336062192917
716,0.25976109504699707,0.11100146174430847
717,0.07895852625370026,0.07024766504764557
718,0.41890043020248413,0.07050981372594833
719,0.041599154472351074,0.11711291968822479
720,0.1709088385105133,0.057313039898872375
721,0.08949200809001923,0.054741453379392624
722,0.43709689378738403,0.08247113227844238
723,0.28828179836273193,0.10463839769363403
724,0.2655699849128723,0.04946984350681305
725,0.1781560629606247,0.0627526044845581
726,0.14812126755714417,0.04487241804599762
727,0.16698600351810455,0.05281928926706314
728,0.15360260009765625,0.04363192990422249
729,0.15946045517921448,0.04659870266914368
730,0.467151403427124,0.03324393555521965
731,0.3471362590789795,0.07591230422258377
732,0.13747991621494293,0.08409260213375092
733,0.208673357963562,0.1100785881280899
734,0.185960054397583,0.08615726977586746
735,0.20387420058250427,0.036453548818826675
736,0.18006008863449097,0.09030868858098984
737,0.5917104482650757,0.07408168911933899
738,0.21957872807979584,0.05047139152884483
739,0.17640320956707,0.05395111069083214
740,0.34654003381729126,0.09993144124746323
741,0.36907869577407837,0.027586720883846283
742,0.19510973989963531,0.053130894899368286
743,0.13345515727996826,0.07974003255367279
744,0.34364286065101624,0.05377064645290375
745,0.1769947111606598,0.08025597035884857
746,0.1424967646598816,0.06929671764373779
747,0.4113384187221527,0.049787573516368866
748,0.12237419188022614,0.036291684955358505
749,0.41562575101852417,0.07441535592079163
750,0.22869832813739777,0.05980014055967331
751,0.11040231585502625,0.11535099148750305
752,0.08038684725761414,0.07275968790054321
753,0.05136432871222496,0.0851646438241005
754,0.12892086803913116,0.06745600700378418
755,0.2963400185108185,0.09451556205749512
756,0.18061012029647827,0.0719115287065506
757,0.3360409736633301,0.09832297265529633
758,0.15362364053726196,0.07930401712656021
759,0.3409830331802368,0.0763729065656662
760,0.23771679401397705,0.06405839323997498
761,0.20700505375862122,0.025783497840166092
762,0.31597885489463806,0.025953782722353935
763,0.09841978549957275,0.044892568141222
764,0.36518242955207825,0.04954955726861954
765,0.11845064163208008,0.0617324560880661
766,0.3566097319126129,0.07893539220094681
767,0.22175990045070648,0.027223795652389526
768,0.2451162487268448,0.06720083951950073
769,0.2889588177204132,0.03906477987766266
770,0.4761929512023926,0.07630064338445663
771,0.0725000873208046,0.060321882367134094
772,0.11377102136611938,0.08176714181900024
773,0.04781581461429596,0.06779474765062332
774,0.12500737607479095,0.021459082141518593
775,0.175459086894989,0.06441841274499893
776,0.15082089602947235,0.05708950012922287
777,0.09243527054786682,0.10714255273342133
778,0.4055020213127136,0.09898007661104202
779,0.2016969919204712,0.11540094763040543
780,0.25729137659072876,0.05981440842151642
781,0.18169166147708893,0.09587617218494415
782,0.12647263705730438,0.0639166533946991
783,0.1977965384721756,0.012904578819870949
784,0.15359953045845032,0.09070760011672974
785,0.15715903043746948,0.024718640372157097
786,0.12267877906560898,0.02232654020190239
787,0.08266445994377136,0.040785402059555054
788,0.24847997725009918,0.08138921856880188
789,0.36895647644996643,0.030711032450199127
790,0.34718602895736694,0.13512982428073883
791,0.29861563444137573,0.10866811871528625
792,0.256944864988327,0.060932356864213943
793,0.1314268559217453,0.066713847219944
794,0.41332370042800903,0.04821353405714035
795,0.4477711319923401,0.042515624314546585
796,0.26406416296958923,0.04378623887896538
797,0.22885623574256897,0.03380890563130379
798,0.057022709399461746,0.034218039363622665
799,0.23648780584335327,0.0875624418258667
800,0.3376235067844391,0.08654230833053589
801,0.3098466396331787,0.04645352438092232
802,0.24930959939956665,0.04527679830789566
803,0.1918327808380127,0.037174779921770096
804,0.08558670431375504,0.06175554171204567
805,0.26591435074806213,0.05716625601053238
806,0.15784409642219543,0.05185657739639282
807,0.25490355491638184,0.03635943681001663
808,0.17363472282886505,0.07045293599367142
809,0.18092402815818787,0.02703944593667984
810,0.28519561886787415,0.020045844838023186
811,0.06978125125169754,0.043243393301963806
812,0.44619810581207275,0.04904257133603096
813,0.5342578291893005,0.04642254486680031
814,0.42193907499313354,0.05578097701072693
815,0.2839624881744385,0.05681546404957771
816,0.12510834634304047,0.022855978459119797
817,0.26489025354385376,0.03380236402153969
818,0.3197365999221802,0.05356936901807785
819,0.2574617564678192,0.06592246145009995
820,0.11916948854923248,0.07441127300262451
821,0.15355215966701508,0.02176203951239586
822,0.10503275692462921,0.05251707881689072
823,0.1965077519416809,0.024009540677070618
824,0.44359466433525085,0.04074592888355255
825,0.2468896210193634,0.04024321213364601
826,0.10175648331642151,0.12416568398475647
827,0.14631007611751556,0.047749556601047516
828,0.11643143743276596,0.04554961994290352
829,0.22352689504623413,0.08921807259321213
830,0.08865945041179657,0.029471823945641518
831,0.14400452375411987,0.047887783497571945
832,0.09942012280225754,0.054819412529468536
833,0.2635234594345093,0.1017039567232132
834,0.13548047840595245,0.14358392357826233
835,0.1322423815727234,0.06264567375183105
836,0.33528202772140503,0.04381232708692551
837,0.08878929167985916,0.05319363623857498
838,0.09678338468074799,0.052297890186309814
839,0.33265557885169983,0.03896136209368706
840,0.10917723178863525,0.043508924543857574
841,0.10789334774017334,0.18863551318645477
842,0.11713390797376633,0.06365232169628143
843,0.21889013051986694,0.05304718762636185
844,0.15118560194969177,0.06405847519636154
845,0.19378310441970825,0.09801262617111206
846,0.2508459687232971,0.05507849156856537
847,0.2331920862197876,0.12285158038139343
848,0.06254608929157257,0.05698701739311218
849,0.1290162056684494,0.021013103425502777
850,0.18735399842262268,0.04464641958475113
851,0.2293720543384552,0.061828434467315674
852,0.13031716644763947,0.02342972159385681
853,0.2656678557395935,0.02136823534965515
854,0.27199581265449524,0.06523935496807098
855,0.044306304305791855,0.07360932976007462
856,0.2592461407184601,0.06990297138690948
857,0.17278815805912018,0.0777813121676445
858,0.060418903827667236,0.06271970272064209
859,0.2134021371603012,0.045976974070072174
860,0.2530871331691742,0.0532434843480587
861,0.20592305064201355,0.026057099923491478
862,0.44867292046546936,0.122655488550663
863,0.39944782853126526,0.09757891297340393
864,0.21269768476486206,0.17253313958644867
865,0.22330722212791443,0.059476014226675034
866,0.25712794065475464,0.09784698486328125
867,0.20715422928333282,0.1437177062034607
868,0.28983956575393677,0.0727757066488266
869,0.31513500213623047,0.06974974274635315
870,0.3482588529586792,0.04547399654984474
871,0.17262494564056396,0.06388670206069946
872,0.2200973778963089,0.07698109745979309
873,0.21708977222442627,0.03642738237977028
874,0.3001195192337036,0.09550077468156815
875,0.11129801720380783,0.022543182596564293
876,0.129008948802948,0.15443985164165497
877,0.1773073822259903,0.060885850340127945
878,0.2589518427848816,0.09445115923881531
879,0.18056200444698334,0.053091421723365784
880,0.2760213017463684,0.1399337202310562
881,0.18493597209453583,0.06776586920022964
882,0.6434891819953918,0.07237932085990906
883,0.3202848732471466,0.04657726734876633
884,0.19240644574165344,0.070439413189888
885,0.272550493478775,0.10194984078407288
886,0.24463674426078796,0.07522628456354141
887,0.3313015103340149,0.04316713660955429
888,0.22077639400959015,0.024144649505615234
889,0.20599514245986938,0.01718544214963913
890,0.09540898352861404,0.08834028244018555
891,0.19880978763103485,0.033641960471868515
892,0.13651028275489807,0.02238677628338337
893,0.10482583940029144,0.026506097987294197
894,0.06300000101327896,0.09185723960399628
895,0.104975625872612,0.02268962562084198
896,0.14047349989414215,0.050997450947761536
897,0.3171926438808441,0.08902457356452942
898,0.28870144486427307,0.12678922712802887
899,0.21378827095031738,0.053363997489213943
900,0.10737259685993195,0.10261255502700806
901,0.04851501062512398,0.09507429599761963
902,0.6396254301071167,0.05326692387461662
903,0.20561528205871582,0.10791061073541641
904,0.1903756558895111,0.041390612721443176
905,0.4186261296272278,0.029198992997407913
906,0.1908964216709137,0.020389162003993988
907,0.0847240686416626,0.08928293734788895
908,0.2199128270149231,0.007438295055180788
909,0.2060966193675995,0.029636142775416374
910,0.21399882435798645,0.041473522782325745
911,0.2993675768375397,0.07732485979795456
912,0.4001717269420624,0.09790825843811035
913,0.27763631939888,0.03558056429028511
914,0.37464767694473267,0.05638691037893295
915,0.13022547960281372,0.09564995020627975
916,0.3153603672981262,0.15291672945022583
917,0.28543704748153687,0.026902396231889725
918,0.2668185532093048,0.023410558700561523
919,0.24761362373828888,0.0413450263440609
920,0.21553875505924225,0.0737927258014679
921,0.1798933744430542,0.016163038089871407
922,0.49586179852485657,0.034010812640190125
923,0.4023263454437256,0.0557776503264904
924,0.44240549206733704,0.031588464975357056
925,0.39130765199661255,0.055129554122686386
926,0.2816581130027771,0.04820509999990463
927,0.44177740812301636,0.07933447510004044
928,0.7790229320526123,0.02753012254834175
929,0.13312207162380219,0.014919253997504711
930,0.23564362525939941,0.1375129520893097
931,0.25671106576919556,0.0441724956035614
932,0.31032294034957886,0.08429960906505585
933,0.21340151131153107,0.033029407262802124
934,0.2690412402153015,0.0495045930147171
935,0.10374527424573898,0.043400462716817856
936,0.051568806171417236,0.029215902090072632
937,0.09182489663362503,0.009633167646825314
938,0.38250938057899475,0.04507284611463547
939,0.26373469829559326,0.08779914677143097
940,0.27293914556503296,0.04814721271395683
941,0.3501761257648468,0.16929413378238678
942,0.18749625980854034,0.10834325850009918
943,0.30502647161483765,0.06179352104663849
944,0.4728042483329773,0.18646124005317688
945,0.1493402123451233,0.039313267916440964
946,0.17090220749378204,0.04586336389183998
947,0.10526683181524277,0.0652509331703186
948,0.2353062778711319,0.04281610995531082
949,0.05306068807840347,0.03983454778790474
950,0.10168897360563278,0.09467007964849472
951,0.3156545162200928,0.03680026903748512
952,0.20357254147529602,0.0396776981651783
953,0.1690228432416916,0.20466160774230957
954,0.20533907413482666,0.08912651240825653
955,0.1903577744960785,0.04904639348387718
956,0.13257397711277008,0.09961223602294922
957,0.1291143000125885,0.03738826885819435
958,0.27983397245407104,0.03415679186582565
959,0.2903411388397217,0.029836539179086685
960,0.27457353472709656,0.07820159196853638
961,0.1300951987504959,0.046655427664518356
962,0.19370496273040771,0.03240849822759628
963,0.3640895187854767,0.018650706857442856
964,0.15169695019721985,0.02659705840051174
965,0.11453424394130707,0.018952004611492157
966,0.37375372648239136,0.03272046893835068
967,0.26681458950042725,0.06891811639070511
968,0.19871723651885986,0.06939004361629486
969,0.19796739518642426,0.057362426072359085
970,0.12335450202226639,0.028971217572689056
971,0.35181722044944763,0.08687412738800049
972,0.13088609278202057,0.026374483481049538
973,0.2308598905801773,0.04435209929943085
974,0.17700372636318207,0.03237185254693031
975,0.2170209139585495,0.029341068118810654
976,0.21793216466903687,0.0612555593252182
977,0.09523525089025497,0.03446238860487938
978,0.2983609437942505,0.07669345289468765
979,0.4511442482471466,0.16027191281318665
980,0.3211459219455719,0.05799184367060661
981,0.12841448187828064,0.04058427736163139
982,0.24359530210494995,0.15638144314289093
983,0.37921956181526184,0.07150401920080185
984,0.06964442133903503,0.048000916838645935
985,0.20915398001670837,0.16420644521713257
986,0.050059251487255096,0.06592732667922974
987,0.0751984715461731,0.04022709280252457
988,0.10189584642648697,0.0461699403822422
989,0.18489894270896912,0.053012579679489136
990,0.31781163811683655,0.05745136737823486
991,0.15340390801429749,0.07227574288845062
992,0.2557390630245209,0.1380418837070465
993,0.18509423732757568,0.05353719741106033
994,0.3304148316383362,0.044939469546079636
995,0.48279398679733276,0.04631129652261734
996,0.07706501334905624,0.069818414747715
997,0.19129736721515656,0.046317968517541885
998,0.5482082962989807,0.05982373654842377
999,0.15436333417892456,0.0685296356678009
1000,0.11632350832223892,0.03236156702041626
1001,0.39274513721466064,0.14725331962108612
1002,0.35435786843299866,0.1129794716835022
1003,0.18761134147644043,0.06087830662727356
1004,0.3273259997367859,0.0921163260936737
1005,0.34052327275276184,0.05610334128141403
1006,0.35085561871528625,0.10598070919513702
1007,0.2570987641811371,0.09506841748952866
1008,0.24286773800849915,0.14342518150806427
1009,0.4678621292114258,0.061268359422683716
1010,0.08472853899002075,0.02177269011735916
1011,0.16338235139846802,0.04720127582550049
1012,0.04267911612987518,0.16226769983768463
1013,0.06532824039459229,0.03531569242477417
1014,0.27349650859832764,0.04736556112766266
1015,0.07648865878582001,0.0620480552315712
1016,0.03483695164322853,0.05233868211507797
1017,0.1886511594057083,0.05522368848323822
1018,0.1436140388250351,0.018339382484555244
1019,0.1819622665643692,0.025041762739419937
1020,0.28694483637809753,0.03313729166984558
1021,0.22988048195838928,0.06589078903198242
1022,0.31503552198410034,0.05374693125486374
1023,0.5432990193367004,0.08434908837080002
1024,0.27248793840408325,0.14403119683265686
1025,0.2853443920612335,0.09834073483943939
1026,0.3119787573814392,0.020454488694667816
1027,0.2214050590991974,0.038223687559366226
1028,0.21482305228710175,0.07803158462047577
1029,0.2019464075565338,0.08157943189144135
1030,0.2936122715473175,0.016143960878252983
1031,0.3299214541912079,0.06627216935157776
1032,0.2035503089427948,0.07269053161144257
1033,0.14266490936279297,0.021675284951925278
1034,0.13572154939174652,0.0341346338391304
1035,0.1119210422039032,0.07955453544855118
1036,0.1925382912158966,0.15875934064388275
1037,0.2623661160469055,0.11678366363048553
1038,0.17202994227409363,0.11401300877332687
1039,0.1934926062822342,0.03835345804691315
1040,0.4472235441207886,0.06247677654027939
1041,0.13819606602191925,0.08788590878248215
1042,0.16055846214294434,0.10236932337284088
1043,0.4385690689086914,0.04812545329332352
1044,0.12357565760612488,0.07730527967214584
1045,0.27373528480529785,0.03147725760936737
1046,0.08509260416030884,0.03343355283141136
1047,0.21936054527759552,0.06674831360578537
1048,0.18219272792339325,0.08271373808383942
1049,0.19458061456680298,0.029966037720441818
1050,0.12560181319713593,0.14701323211193085
1051,0.24296274781227112,0.041279833763837814
1052,0.14295808970928192,0.21918167173862457
1053,0.24350884556770325,0.1754404753446579
1054,0.3539349436759949,0.1113065555691719
1055,0.304372102022171,0.12661084532737732
1056,1.3659932613372803,0.025951439514756203
1057,0.2373613715171814,0.03107321448624134
1058,0.09507825970649719,0.13386575877666473
1059,0.2931564450263977,0.0532493069767952
1060,0.48199033737182617,0.08235569298267365
1061,0.1687335968017578,0.1417018324136734
1062,0.07541204988956451,0.06487926095724106
1063,0.13548314571380615,0.03861962631344795
1064,0.529379665851593,0.08152581751346588
1065,0.13985110819339752,0.04617620259523392
1066,0.199883371591568,0.1046123057603836
1067,0.5695372223854065,0.17249847948551178
1068,0.13297484815120697,0.049378953874111176
1069,0.2273464798927307,0.05618629977107048
1070,0.19623352587223053,0.047828398644924164
1071,0.20137915015220642,0.09354118257761002
1072,0.12638571858406067,0.03674621880054474
1073,0.1298549622297287,0.02203463576734066
1074,0.6048595309257507,0.09220033884048462
1075,0.22116388380527496,0.08506177365779877
1076,0.15170541405677795,0.02468273416161537
1077,0.13164031505584717,0.0366266630589962
1078,0.08602193742990494,0.009687894955277443
1079,0.535032331943512,0.042344558984041214
1080,0.18801240622997284,0.02043788693845272
1081,0.13760724663734436,0.038489386439323425
1082,0.3412643074989319,0.09342292696237564
1083,0.3245845437049866,0.024363964796066284
1084,0.27059003710746765,0.0191598329693079
1085,0.2913358509540558,0.049876876175403595
1086,0.07121818512678146,0.10270096361637115
1087,0.16409097611904144,0.02683253213763237
1088,0.468271404504776,0.08408624678850174
1089,0.16810762882232666,0.09512749314308167
1090,0.1778203696012497,0.14476419985294342
1091,0.24833285808563232,0.03571349382400513
1092,0.19314423203468323,0.03630685806274414
1093,0.5920324325561523,0.08525369316339493
1094,0.052649810910224915,0.0034734345972537994
1095,0.17991413176059723,0.04128517955541611
1096,0.15970540046691895,0.039624765515327454
1097,0.24542319774627686,0.061824146658182144
1098,0.10779532045125961,0.028318852186203003
1099,0.135311096906662,0.04021487385034561
1100,0.32688871026039124,0.04259675368666649
1101,0.30652928352355957,0.05348808318376541
1102,0.3880266547203064,0.08730819821357727
1103,0.35401561856269836,0.09019893407821655
1104,0.2901371419429779,0.07614535838365555
1105,0.39587652683258057,0.05429670587182045
1106,0.1444573551416397,0.05776794254779816
1107,0.2715103030204773,0.14678466320037842
1108,0.15242168307304382,0.04706689715385437
1109,0.28443261981010437,0.05964962765574455
1110,0.08541107177734375,0.06393016129732132
1111,0.3401883840560913,0.0591471791267395
1112,0.07602092623710632,0.11931102722883224
1113,0.06458944082260132,0.03724835440516472
1114,0.3636661469936371,0.07488009333610535
1115,0.2306925654411316,0.17058974504470825
1116,0.17052310705184937,0.03866472840309143
1117,0.19165727496147156,0.08998829871416092
1118,0.5112431049346924,0.05042373389005661
1119,0.3664480745792389,0.029163004830479622
1120,0.17110463976860046,0.0999917984008789
1121,0.17332372069358826,0.07003060728311539
1122,0.30068376660346985,0.03477872908115387
1123,0.14855921268463135,0.06289707124233246
1124,0.10919535160064697,0.19338390231132507
1125,0.3314571976661682,0.20317599177360535
1126,0.3840693235397339,0.0496986024081707
1127,0.24802911281585693,0.08347606658935547
1128,0.16855867207050323,0.030435586348176003
1129,0.3253445625305176,0.06646450608968735
1130,0.23283684253692627,0.0923984944820404
1131,0.10619138926267624,0.056055374443531036
1132,0.1987004578113556,0.028948554769158363
1133,0.24767611920833588,0.034419916570186615
1134,0.14014211297035217,0.10417991876602173
1135,0.25707894563674927,0.1537344604730606
1136,0.14787141978740692,0.05097340792417526
1137,0.17060711979866028,0.1771203577518463
1138,0.2381480634212494,0.051928576081991196
1139,0.12383535504341125,0.03472471609711647
1140,0.34742313623428345,0.022028787061572075
1141,0.12078831344842911,0.06740707904100418
1142,0.267868310213089,0.17548567056655884
1143,0.23989684879779816,0.04681888222694397
1144,0.13244974613189697,0.02315889298915863
1145,0.08307118713855743,0.11585366725921631
1146,0.0964915007352829,0.06120242923498154
1147,0.11612658202648163,0.02326527051627636
1148,0.04827157035470009,0.06250172853469849
1149,0.25116580724716187,0.051490094512701035
1150,0.05587293580174446,0.10695329308509827
1151,0.42541563510894775,0.026274295523762703
1152,0.13682447373867035,0.06116090342402458
1153,0.36010199785232544,0.09341013431549072
1154,0.36058324575424194,0.02700907364487648
1155,0.33429616689682007,0.12170743197202682
1156,0.1356724053621292,0.05478353053331375
1157,0.10674667358398438,0.2590256631374359
1158,0.09720822423696518,0.06467826664447784
1159,0.31827667355537415,0.08812809735536575
1160,0.48636138439178467,0.0654812678694725
1161,0.28413480520248413,0.07310306280851364
1162,0.12252737581729889,0.029474150389432907
1163,0.19124442338943481,0.06277680397033691
1164,0.15009979903697968,0.05327972397208214
1165,0.20998136699199677,0.18226155638694763
1166,0.06044879928231239,0.025958750396966934
1167,0.11056360602378845,0.024943821132183075
1168,0.5766644477844238,0.03082771599292755
1169,0.22755011916160583,0.03478347510099411
1170,0.3357018530368805,0.046175431460142136
1171,0.23826530575752258,0.03764601796865463
1172,0.39396610856056213,0.018281541764736176
1173,0.21876665949821472,0.12408000975847244
1174,0.33038532733917236,0.08579222112894058
1175,0.31887972354888916,0.04513983055949211
1176,0.37397444248199463,0.078626349568367
1177,0.29771319031715393,0.04779677465558052
1178,0.180635467171669,0.07004092633724213
1179,0.326130747795105,0.05183005705475807
1180,0.08710506558418274,0.09881658852100372
1181,0.20490513741970062,0.11230679601430893
1182,0.12176057696342468,0.16945870220661163
1183,0.2561118006706238,0.12089794874191284
1184,0.30175918340682983,0.09240741282701492
1185,0.1308973729610443,0.09487058967351913
1186,0.24520686268806458,0.050914034247398376
1187,0.2036696970462799,0.06819391250610352
1188,0.31632906198501587,0.010495456866919994
1189,0.11613280326128006,0.04733293130993843
1190,0.1594344824552536,0.02052130177617073
1191,0.1903853416442871,0.06880906224250793
1192,0.04436662048101425,0.01417626440525055
1193,0.2268456518650055,0.08671305328607559
1194,0.09430079162120819,0.06689225137233734
1195,0.451673686504364,0.05727066099643707
1196,0.4315197169780731,0.11675868183374405
1197,0.48751646280288696,0.10122136771678925
1198,0.18362513184547424,0.05612782761454582
1199,0.15860475599765778,0.09815700352191925
1200,0.09404152631759644,0.05004914849996567
1201,0.23944248259067535,0.011783957481384277
1202,0.2825559973716736,0.13245636224746704
1203,0.0622648224234581,0.03598447144031525
1204,0.15524780750274658,0.09684648364782333
1205,0.21508470177650452,0.04436809942126274
1206,0.1302098035812378,0.06980174779891968
1207,0.11376958340406418,0.025762708857655525
1208,0.21477335691452026,0.09166061878204346
1209,0.11000436544418335,0.05369798094034195
1210,0.3275204300880432,0.06245146319270134
1211,0.09007912874221802,0.08723878115415573
1212,0.32157397270202637,0.06954490393400192
1213,0.2532331645488739,0.04337088763713837
1214,0.13789784908294678,0.051869265735149384
1215,0.19625329971313477,0.08609746396541595
1216,0.14875860512256622,0.0615323930978775
1217,0.24942758679389954,0.08342920243740082
1218,0.23447902500629425,0.037340302020311356
1219,0.36677616834640503,0.14800386130809784
1220,0.13774876296520233,0.12081591039896011
1221,0.32675638794898987,0.025813866406679153
1222,0.05826181918382645,0.03374683856964111
1223,0.28074127435684204,0.12695980072021484
1224,0.20555570721626282,0.04665040969848633
1225,0.3463689684867859,0.08412423729896545
1226,0.12266306579113007,0.05084211751818657
1227,0.5830250978469849,0.06827951967716217
1228,0.2888379991054535,0.012237146496772766
1229,0.45365670323371887,0.07645957171916962
1230,0.1299605369567871,0.04294000193476677
1231,0.23504620790481567,0.03439369797706604
1232,0.136251762509346,0.027415884658694267
1233,0.053246334195137024,0.020220041275024414
1234,0.2915518283843994,0.042907994240522385
1235,0.425174355506897,0.033823609352111816
1236,0.4745042324066162,0.19462059438228607
1237,0.18353314697742462,0.04578470438718796
1238,0.15150751173496246,0.042146358639001846
1239,0.20312565565109253,0.02732912451028824
1240,0.5855715274810791,0.11006912589073181
1241,0.39657482504844666,0.06188035011291504
1242,0.2231956273317337,0.08384177088737488
1243,0.31826746463775635,0.04779314622282982
1244,0.3695881962776184,0.09615205973386765
1245,0.4717508554458618,0.06263034045696259
1246,0.1541936695575714,0.09281016886234283
1247,0.17726768553256989,0.05628865957260132
1248,0.03966185823082924,0.05277328938245773
1249,0.15526406466960907,0.06703125685453415
1250,0.37909018993377686,0.14823651313781738
1251,0.2514796257019043,0.039853714406490326
1252,0.1093599796295166,0.06442156434059143
1253,0.31249311566352844,0.025452302768826485
1254,0.11331053078174591,0.038297079503536224
1255,0.5179278254508972,0.024166224524378777
1256,0.394808292388916,0.07353461533784866
1257,0.22965605556964874,0.0125297075137496
1258,0.3852880299091339,0.05896727740764618
1259,0.6767610907554626,0.0741438940167427
1260,0.38213828206062317,0.06791529804468155
1261,0.3412339687347412,0.032681338489055634
1262,0.14103594422340393,0.03024432435631752
1263,0.19709770381450653,0.10219341516494751
1264,0.34461677074432373,0.021365901455283165
1265,0.28620851039886475,0.06499634683132172
1266,0.07008446007966995,0.03215203061699867
1267,0.25854480266571045,0.05286253243684769
1268,0.16089004278182983,0.1259213238954544
1269,0.16210231184959412,0.03037508763372898
1270,0.13475607335567474,0.008956335484981537
1271,0.16562429070472717,0.043779805302619934
1272,0.47634220123291016,0.10233981907367706
1273,0.2398393154144287,0.02920864149928093
1274,0.317094087600708,0.057449545711278915
1275,0.263374388217926,0.09120545536279678
1276,0.04799427092075348,0.10322719812393188
1277,0.2199963927268982,0.06789611279964447
1278,0.28242337703704834,0.029684264212846756
1279,0.13702379167079926,0.07753904163837433
1280,0.34772437810897827,0.0490722618997097
1281,0.17928442358970642,0.04335534945130348
1282,0.18812483549118042,0.06218462064862251
1283,0.22096234560012817,0.07543929666280746
1284,0.10028593987226486,0.040981724858284
1285,0.27981793880462646,0.03827095776796341
1286,0.27282464504241943,0.04970106482505798
1287,0.07655222713947296,0.09596507251262665
1288,0.16984504461288452,0.05367708578705788
1289,0.2036941647529602,0.04178629815578461
1290,0.0761827901005745,0.05065947771072388
1291,0.11584807932376862,0.034586478024721146
1292,0.42147406935691833,0.053275130689144135
1293,0.17094601690769196,0.018510887399315834
1294,0.20192879438400269,0.018258433789014816
1295,0.15418362617492676,0.012617634609341621
1296,0.20912140607833862,0.07382609695196152
1297,0.19878725707530975,0.2129679024219513
1298,0.4772055149078369,0.03422142565250397
1299,0.22246992588043213,0.06976861506700516
1300,0.5657308101654053,0.07751064747571945
1301,0.17478930950164795,0.03598780184984207
1302,0.19441910088062286,0.02018943801522255
1303,0.1693197786808014,0.11954206228256226
1304,0.41727855801582336,0.06571752578020096
1305,0.32996535301208496,0.0956416204571724
1306,0.08440877497196198,0.08094605803489685
1307,0.1764683723449707,0.08037921041250229
1308,0.29337507486343384,0.0518195815384388
1309,0.12989480793476105,0.01571560651063919
1310,0.19806227087974548,0.10073710978031158
1311,0.22085219621658325,0.06700054556131363
1312,0.15670263767242432,0.034684859216213226
1313,0.09393517673015594,0.03921596705913544
1314,0.13771148025989532,0.0391799733042717
1315,0.05659409984946251,0.03949447721242905
1316,0.2880164384841919,0.017847290262579918
1317,0.3066994547843933,0.05722981318831444
1318,0.09998222440481186,0.09606411308050156
1319,0.4406968057155609,0.055626124143600464
1320,0.6130711436271667,0.08024318516254425
1321,0.767231285572052,0.054746270179748535
1322,0.40774086117744446,0.05394764244556427
1323,0.19836898148059845,0.15580514073371887
1324,0.26560816168785095,0.1295928657054901
1325,0.4193849563598633,0.04977619647979736
1326,0.9044756293296814,0.024680068716406822
1327,0.6328139305114746,0.07281474769115448
1328,0.3207744061946869,0.03568665683269501
1329,0.15021570026874542,0.06411103904247284
1330,0.27524980902671814,0.09584803879261017
1331,0.13079363107681274,0.026206189766526222
1332,0.12039664387702942,0.12353496253490448
1333,0.37614360451698303,0.10493351519107819
1334,0.340800404548645,0.06128867343068123
1335,0.31868162751197815,0.03588610142469406
1336,0.14000362157821655,0.06870976090431213
1337,0.5243531465530396,0.03669818490743637
1338,0.11700502783060074,0.027166593819856644
1339,0.29482316970825195,0.08364023268222809
1340,0.16409435868263245,0.07365360856056213
1341,0.20486196875572205,0.01373414508998394
1342,0.18982739746570587,0.04297129437327385
1343,0.11436213552951813,0.017491748556494713
1344,0.18944600224494934,0.03756939619779587
1345,0.21018017828464508,0.02514800801873207
1346,0.24967500567436218,0.02824731543660164
1347,0.22353237867355347,0.07688117027282715
1348,0.18154138326644897,0.03243864327669144
1349,0.18055567145347595,0.07000768184661865
1350,0.12518814206123352,0.0812784805893898
1351,0.21226122975349426,0.0747823715209961
1352,0.18642564117908478,0.08099573105573654
1353,0.10612577944993973,0.06496623158454895
1354,0.10688074678182602,0.08247041702270508
1355,0.1774115115404129,0.05379373952746391
1356,0.18934157490730286,0.06777843832969666
1357,0.29140573740005493,0.026805605739355087
1358,0.16492412984371185,0.1241004467010498
1359,0.30077725648880005,0.12254056334495544
1360,0.11423331499099731,0.057709887623786926
1361,0.15339182317256927,0.15164406597614288
1362,0.3721640110015869,0.12339609116315842
1363,0.18759426474571228,0.08140335232019424
1364,0.3676239252090454,0.08057800680398941
1365,0.3223269581794739,0.06233033165335655
1366,0.3017039895057678,0.04608850181102753
1367,0.1963762640953064,0.06051646173000336
1368,0.3041212260723114,0.03937575966119766
1369,0.11601561307907104,0.03354073688387871
1370,0.048201996833086014,0.13523785769939423
1371,0.29987332224845886,0.057313837110996246
1372,0.07114332914352417,0.04661213606595993
1373,0.19659459590911865,0.010775952599942684
1374,0.17171187698841095,0.03007163293659687
1375,0.17219966650009155,0.01609434373676777
1376,0.407138854265213,0.051622092723846436
1377,0.14883142709732056,0.037584736943244934
1378,0.5658352375030518,0.08840902149677277
1379,0.12412212789058685,0.03155100718140602
1380,0.13298608362674713,0.09230712801218033
1381,0.29981115460395813,0.03607168793678284
1382,0.5234256982803345,0.02673613652586937
1383,0.1717226505279541,0.12250225245952606
1384,0.26248788833618164,0.02510521560907364
1385,0.692137598991394,0.038873497396707535
1386,0.3699752688407898,0.026158731430768967
1387,0.3163633346557617,0.10324297845363617
1388,0.39194077253341675,0.03917546570301056
1389,0.2636299729347229,0.033063843846321106
1390,0.521704912185669,0.09851672500371933
1391,0.16559576988220215,0.14176435768604279
1392,0.2282644361257553,0.06830007582902908
1393,0.2363329827785492,0.10875924676656723
1394,0.10945475101470947,0.04219913110136986
1395,0.2842719554901123,0.047392431646585464
1396,0.035576604306697845,0.07289799302816391
1397,0.13663968443870544,0.05956006422638893
1398,0.17140771448612213,0.04596155136823654
1399,0.05374157428741455,0.15676802396774292
1400,0.18568876385688782,0.1151338592171669
1401,0.3611931800842285,0.05863796919584274
1402,0.22310441732406616,0.15340900421142578
1403,0.09727190434932709,0.03914639353752136
1404,0.577710747718811,0.04918864741921425
1405,0.19827139377593994,0.04373285174369812
1406,0.04440830647945404,0.029479339718818665
1407,0.12364911288022995,0.05819074064493179
1408,0.26961153745651245,0.04992318153381348
1409,0.22777420282363892,0.057471662759780884
1410,0.27137625217437744,0.06473474949598312
1411,0.36078983545303345,0.03406032174825668
1412,0.30535534024238586,0.024718552827835083
1413,0.393125057220459,0.1123734638094902
1414,0.12183040380477905,0.05537184700369835
1415,0.15414513647556305,0.10091028362512589
1416,0.08978915214538574,0.02473519742488861
1417,0.27706804871559143,0.0836477056145668
1418,0.11241481453180313,0.051384009420871735
1419,0.1780923753976822,0.0583333857357502
1420,0.13503497838974,0.04084870219230652
1421,0.1299097239971161,0.03492465242743492
1422,0.12902572751045227,0.0526081882417202
1423,0.26962360739707947,0.04856805503368378
1424,0.2624959945678711,0.1291814148426056
1425,0.12277292460203171,0.12371188402175903
1426,0.3788031339645386,0.1229037195444107
1427,0.21982342004776,0.09098955988883972
1428,0.3738197982311249,0.10109122097492218
1429,0.32377803325653076,0.12258681654930115
1430,0.32477712631225586,0.07849901914596558
1431,0.12779515981674194,0.11831355094909668
1432,0.10644440352916718,0.056643642485141754
1433,0.12985138595104218,0.0771050825715065
1434,0.07299739122390747,0.03821335732936859
1435,0.1478341817855835,0.02134137786924839
1436,0.29193824529647827,0.19811281561851501
1437,0.23350265622138977,0.02934274449944496
1438,0.18235573172569275,0.022655248641967773
1439,0.21665236353874207,0.03237904608249664
1440,0.3766910433769226,0.07093417644500732
1441,0.29952824115753174,0.04880394786596298
1442,0.10616250336170197,0.0385977141559124
1443,0.3028978407382965,0.042729951441287994
1444,0.14456693828105927,0.04213909059762955
1445,0.47818708419799805,0.0573795884847641
1446,0.18380206823349,0.03258997201919556
1447,0.15730871260166168,0.11206758767366409
1448,0.16502231359481812,0.029964542016386986
1449,0.24334529042243958,0.037729911506175995
1450,0.3188649117946625,0.053014256060123444
1451,0.5064376592636108,0.11819308251142502
1452,0.43881481885910034,0.04703745245933533
1453,0.045309051871299744,0.023895543068647385
1454,0.03721141070127487,0.09255538135766983
1455,0.1462366133928299,0.02447362430393696
1456,0.745486319065094,0.11836501210927963
1457,0.7059776186943054,0.08988747000694275
1458,0.44505247473716736,0.0335964672267437
1459,0.14426198601722717,0.12059662491083145
1460,0.04668833687901497,0.05923895910382271
1461,0.5499551892280579,0.08256951719522476
1462,0.08457928895950317,0.023792428895831108
1463,0.2504097819328308,0.06453044712543488
1464,0.28113263845443726,0.12335053086280823
1465,0.27373528480529785,0.08142393827438354
1466,0.12926039099693298,0.05953751131892204
1467,0.08996698260307312,0.07353454828262329
1468,0.11585182696580887,0.2312624454498291
1469,0.21211794018745422,0.12246014922857285
1470,0.13949818909168243,0.07188548147678375
1471,0.3690468668937683,0.09601191431283951
1472,0.13685934245586395,0.01655750721693039
1473,0.1934516429901123,0.16301625967025757
1474,0.26596134901046753,0.05658971145749092
1475,0.17670013010501862,0.05228480324149132
1476,0.0838625580072403,0.04373724013566971
1477,0.16864189505577087,0.02109391614794731
1478,0.2627529501914978,0.04872880131006241
1479,0.15783019363880157,0.12553828954696655
1480,0.2705167531967163,0.09003223478794098
1481,0.07952618598937988,0.05129935219883919
1482,0.1335705816745758,0.10323379188776016
1483,0.17791542410850525,0.10205446928739548
1484,0.13652056455612183,0.006702840328216553
1485,0.19100822508335114,0.08365269005298615
1486,0.26086145639419556,0.0542219877243042
1487,0.22706730663776398,0.049306705594062805
1488,0.18801763653755188,0.0410645417869091
1489,0.18880817294120789,0.13214027881622314
1490,0.4031006991863251,0.05118538439273834
1491,0.25212860107421875,0.058532580733299255
1492,0.19253499805927277,0.1263066530227661
1493,0.12083093822002411,0.05423969402909279
1494,0.09171026200056076,0.015084361657500267
1495,0.1799759417772293,0.034107085317373276
1496,0.10596946626901627,0.03678803890943527
1497,0.15387217700481415,0.02534385584294796
1498,0.10207001119852066,0.04678206890821457
1499,0.4283193349838257,0.05725834146142006
1500,0.4055331349372864,0.08239617943763733
1501,0.11696194857358932,0.04566268250346184
1502,0.17683126032352448,0.08067697286605835
1503,0.1845656782388687,0.046886738389730453
1504,0.09492170810699463,0.04559333994984627
1505,0.14322525262832642,0.049851275980472565
1506,0.09388996660709381,0.05197496339678764
1507,0.13936395943164825,0.027867648750543594
1508,0.1214459091424942,0.06113515794277191
1509,0.10850841552019119,0.0774010419845581
1510,0.1911209374666214,0.07295870035886765
1511,0.14406761527061462,0.09961546212434769
1512,0.42389631271362305,0.12113295495510101
1513,0.2373269647359848,0.07393054664134979
1514,0.061718378216028214,0.07363715767860413
1515,0.09081118553876877,0.07121428102254868
1516,0.25372958183288574,0.11962441354990005
1517,0.33127841353416443,0.11624273657798767
1518,0.31984496116638184,0.08968854695558548
1519,0.24624434113502502,0.021301109343767166
1520,0.30240708589553833,0.07024030387401581
1521,0.20910418033599854,0.04168737307190895
1522,0.26661166548728943,0.07312589883804321
1523,0.11560983955860138,0.053839825093746185
1524,0.14502669870853424,0.01287495344877243
1525,0.1370711624622345,0.026390453800559044
1526,0.17028206586837769,0.028525222092866898
1527,0.225387841463089,0.05235273391008377
1528,0.2988910377025604,0.0714220479130745
1529,0.17831748723983765,0.040194008499383926
1530,0.18098771572113037,0.010566175915300846
1531,0.22001421451568604,0.05011874809861183
1532,0.162034273147583,0.2410380095243454
1533,0.37598758935928345,0.07891938090324402
1534,0.29807063937187195,0.03541345149278641
1535,0.22350062429904938,0.0544012226164341
1536,0.057500630617141724,0.024930043146014214
1537,0.40340662002563477,0.05539212375879288
1538,0.4150596857070923,0.036310747265815735
1539,0.10768356919288635,0.04327144846320152
1540,0.19407927989959717,0.10513121634721756
1541,0.45863649249076843,0.11306239664554596
1542,0.18790572881698608,0.07790255546569824
1543,0.2093111127614975,0.048586875200271606
1544,0.50197833776474,0.057132288813591
1545,0.4686669409275055,0.07068786025047302
1546,0.2144795060157776,0.055557966232299805
1547,0.23730094730854034,0.04326546564698219
1548,0.17800457775592804,0.014060113579034805
1549,0.22858478128910065,0.04192452132701874
1550,0.21829617023468018,0.031477849930524826
1551,0.3089488744735718,0.1251230686903
1552,0.42073583602905273,0.051549121737480164
1553,0.14527644217014313,0.052049022167921066
1554,0.11770722270011902,0.03172126039862633
1555,0.14875367283821106,0.02438737265765667
1556,0.21514546871185303,0.03680004924535751
1557,0.39918482303619385,0.042167432606220245
1558,0.30387118458747864,0.10296710580587387
1559,0.13096842169761658,0.03295401856303215
1560,0.12215794622898102,0.016212083399295807
1561,0.12450022995471954,0.030403438955545425
1562,0.3025529086589813,0.025743117555975914
1563,0.38380002975463867,0.09405577182769775
1564,0.4387021064758301,0.06944269686937332
1565,0.18537233769893646,0.041258685290813446
1566,0.559776782989502,0.04734237492084503
1567,0.2818217873573303,0.04709528014063835
1568,0.2833107113838196,0.0952829048037529
1569,0.11252124607563019,0.06707854568958282
1570,0.40353721380233765,0.03678373247385025
1571,0.11805441975593567,0.042376212775707245
1572,0.08631546050310135,0.07493149489164352
1573,0.34201985597610474,0.0450529120862484
1574,0.20949745178222656,0.04891913756728172
1575,0.2019021213054657,0.08564657717943192
1576,0.08755143731832504,0.033108752220869064
1577,0.17944343388080597,0.2204451560974121
1578,0.17519575357437134,0.04401964694261551
1579,0.09211914986371994,0.016713308170437813
1580,0.2761654257774353,0.04286555200815201
1581,0.17230980098247528,0.0880683958530426
1582,0.6123076677322388,0.058611832559108734
1583,0.6246618628501892,0.050965603440999985
1584,0.3081987798213959,0.10159680247306824
1585,0.057231031358242035,0.10019605606794357
1586,0.17417076230049133,0.044500187039375305
1587,0.22940829396247864,0.04075857624411583
1588,0.2931959331035614,0.09000543504953384
1589,0.27536410093307495,0.1604628562927246
1590,0.1680973470211029,0.13201333582401276
1591,0.29324400424957275,0.1116117388010025
1592,0.3218546509742737,0.03989366069436073
1593,0.28153297305107117,0.022729966789484024
1594,0.25700506567955017,0.10468468815088272
1595,0.23576755821704865,0.11766313761472702
1596,0.2729528844356537,0.0525139681994915
1597,0.13350878655910492,0.08576494455337524
1598,0.3078007996082306,0.0686466321349144
1599,0.1855127513408661,0.03326394408941269
1600,0.1324293315410614,0.09852544963359833
1601,0.7344433069229126,0.06015141308307648
1602,0.3998253643512726,0.034041404724121094
1603,0.5724127292633057,0.033810194581747055
1604,0.23445382714271545,0.03140348196029663
1605,0.41317039728164673,0.10923764854669571
1606,0.36546629667282104,0.09880564361810684
1607,0.13579463958740234,0.08422103524208069
1608,0.27106064558029175,0.012013289146125317
1609,0.22713954746723175,0.13311877846717834
1610,0.29318767786026,0.05332329124212265
1611,0.08068641275167465,0.04380767047405243
1612,0.1445680856704712,0.027615360915660858
1613,0.29318153858184814,0.06056085228919983
1614,0.1153242290019989,0.01925404742360115
1615,0.2441646307706833,0.022302445024251938
1616,0.1628604382276535,0.02441507950425148
1617,0.18168117105960846,0.05520890653133392
1618,0.3031321167945862,0.03445631265640259
1619,0.32757553458213806,0.03502920642495155
1620,0.20401835441589355,0.1138400211930275
1621,0.17033906280994415,0.1719287782907486
1622,0.21571245789527893,0.10789093375205994
1623,0.1206800639629364,0.13527585566043854
1624,0.3753024935722351,0.15383541584014893
1625,0.23252250254154205,0.20772422850131989
1626,0.5454977750778198,0.07887881994247437
1627,0.38697871565818787,0.09811966866254807
1628,0.2669638991355896,0.0969400405883789
1629,0.16600105166435242,0.1823413372039795
1630,0.3559967577457428,0.06811758875846863
1631,0.17028705775737762,0.05895882099866867
1632,0.1575338989496231,0.10434408485889435
1633,0.34153488278388977,0.01727970875799656
1634,0.18974170088768005,0.05570990592241287
1635,0.33052152395248413,0.04290470480918884
1636,0.08769337087869644,0.024698324501514435
1637,0.19669142365455627,0.08061137795448303
1638,0.09802444279193878,0.044168464839458466
1639,0.20662908256053925,0.052058346569538116
1640,0.061086367815732956,0.08567039668560028
1641,0.18490371108055115,0.027951061725616455
1642,0.30519670248031616,0.0954732745885849
1643,0.1391621232032776,0.04643227905035019
1644,0.14918580651283264,0.03047597035765648
1645,0.4237104058265686,0.11295423656702042
1646,0.38201892375946045,0.08478659391403198
1647,0.18199725449085236,0.035501766949892044
1648,0.43587929010391235,0.03547818958759308
1649,0.30045783519744873,0.052795302122831345
1650,0.44449490308761597,0.13882231712341309
1651,0.5190841555595398,0.054120901972055435
1652,0.2402377426624298,0.052137941122055054
1653,0.20628534257411957,0.06736346334218979
1654,0.2329239547252655,0.03360193595290184
1655,0.20884060859680176,0.02074500173330307
1656,0.2667883634567261,0.044074252247810364
1657,0.28425395488739014,0.14094844460487366
1658,0.2688975930213928,0.06693829596042633
1659,0.1964264214038849,0.06406974792480469
1660,0.029874909669160843,0.011989405378699303
1661,0.33594009280204773,0.023097233846783638
1662,0.34810197353363037,0.031789764761924744
1663,0.28333932161331177,0.027920447289943695
1664,0.6285272836685181,0.08685380220413208
1665,0.11271735280752182,0.13051636517047882
1666,0.12387926876544952,0.042917490005493164
1667,0.12401308864355087,0.05105656385421753
1668,0.4262182116508484,0.11861824989318848
1669,0.33902761340141296,0.07233603298664093
1670,0.4683617055416107,0.11304371058940887
1671,0.17102736234664917,0.1307092010974884
1672,0.06490456312894821,0.027929743751883507
1673,0.09093347936868668,0.058926571160554886
1674,0.12481682002544403,0.09023836255073547
1675,0.13707445561885834,0.02336599864065647
1676,0.01113863568753004,0.09302504360675812
1677,0.19714868068695068,0.10916247218847275
1678,0.12147138267755508,0.024979939684271812
1679,0.09481141716241837,0.05273672193288803
1680,0.24870161712169647,0.055465348064899445
1681,0.2645731568336487,0.02851574867963791
1682,0.19288520514965057,0.07972899079322815
1683,0.2043972909450531,0.09954369068145752
1684,0.13606463372707367,0.04533735662698746
1685,0.1583702713251114,0.04385145381093025
1686,0.5252763628959656,0.11195053160190582
1687,0.45042577385902405,0.054802604019641876
1688,0.38919827342033386,0.024539068341255188
1689,0.22396066784858704,0.11407840251922607
1690,0.14525437355041504,0.1209418997168541
1691,0.1511174738407135,0.08273163437843323
1692,0.2170332372188568,0.16040262579917908
1693,0.18763786554336548,0.020013365894556046
1694,0.2495061159133911,0.07086057960987091
1695,0.2001045197248459,0.0654028058052063
1696,0.2810004949569702,0.02775532566010952
1697,0.2848210036754608,0.08250068873167038
1698,0.29550719261169434,0.05654178559780121
1699,0.20695997774600983,0.03182792663574219
1700,0.5731550455093384,0.1314852237701416
1701,0.3442705571651459,0.09915058314800262
1702,0.4863782525062561,0.1260785162448883
1703,0.24933743476867676,0.06117774173617363
1704,0.27607792615890503,0.09611806273460388
1705,0.09711740165948868,0.09810419380664825
1706,0.08959522843360901,0.10535978525876999
1707,0.1297171413898468,0.07906422019004822
1708,0.3275962173938751,0.029685502871870995
1709,0.07854247093200684,0.03585809841752052
1710,0.21788516640663147,0.15380162000656128
1711,0.22475403547286987,0.13647010922431946
1712,0.1305386871099472,0.06915026903152466
1713,0.20513400435447693,0.020379910245537758
1714,0.09072284400463104,0.047055698931217194
1715,0.2909948229789734,0.029082059860229492
1716,0.24265728890895844,0.08181494474411011
1717,0.1704920530319214,0.07897189259529114
1718,0.2310204803943634,0.04949275031685829
1719,0.0439133495092392,0.04329385235905647
1720,0.16911064088344574,0.01994829811155796
1721,0.29878807067871094,0.05678573623299599
1722,0.3046319782733917,0.031203005462884903
1723,0.1396036446094513,0.08915393054485321
1724,0.5717665553092957,0.040373772382736206
1725,0.24180090427398682,0.03418877720832825
1726,0.2625836730003357,0.02539539337158203
1727,0.13966552913188934,0.04481971263885498
1728,0.2438010573387146,0.05591556802392006
1729,0.14308249950408936,0.060035474598407745
1730,0.22434264421463013,0.025354133918881416
1731,0.1293315291404724,0.03319635987281799
1732,0.1419239342212677,0.11267752200365067
1733,0.331673264503479,0.037867870181798935
1734,0.09987051784992218,0.022699806839227676
1735,0.10887324810028076,0.01601487770676613
1736,0.5899428129196167,0.03819098696112633
1737,0.18157170712947845,0.07288137078285217
1738,0.24808263778686523,0.0556526780128479
1739,0.3143478035926819,0.11001879721879959
1740,0.33843281865119934,0.03751780465245247
1741,0.11193759739398956,0.14713430404663086
1742,0.17128165066242218,0.039769258350133896
1743,0.30118876695632935,0.04067913442850113
1744,0.2975941300392151,0.03213919326663017
1745,0.3093045949935913,0.14844129979610443
1746,0.12586863338947296,0.1292550265789032
1747,0.2147909551858902,0.07486627250909805
1748,0.2878098487854004,0.03802667185664177
1749,0.12301624566316605,0.06609608978033066
1750,0.11317474395036697,0.05576027184724808
1751,0.556667685508728,0.0423855260014534
1752,0.3828493356704712,0.13283534348011017
1753,0.1409921646118164,0.10776904225349426
1754,0.5995907187461853,0.06326267123222351
1755,0.186952605843544,0.06530731916427612
1756,0.31270864605903625,0.08165925741195679
1757,0.21675211191177368,0.05494365841150284
1758,0.3255085349082947,0.06030283123254776
1759,0.27209439873695374,0.007495520636439323
1760,0.100491464138031,0.019653096795082092
1761,0.21758469939231873,0.06276731938123703
1762,0.46059274673461914,0.09110824763774872
1763,0.38325342535972595,0.09871747344732285
1764,0.4804266095161438,0.08543622493743896
1765,0.15574733912944794,0.05465083196759224
1766,0.12997736036777496,0.03144346550107002
1767,0.1295395791530609,0.10082465410232544
1768,0.2464306503534317,0.2231307178735733
1769,0.28275102376937866,0.15970414876937866
1770,0.4136412739753723,0.0653390884399414
1771,0.11202200502157211,0.11619175970554352
1772,0.1474866271018982,0.0830378532409668
1773,0.05959397926926613,0.06021621823310852
1774,0.15886102616786957,0.02550789713859558
1775,0.1794017255306244,0.034615904092788696
1776,0.27514564990997314,0.06484764814376831
1777,0.307584285736084,0.03300061821937561
1778,0.21015021204948425,0.11105937510728836
1779,0.2703521251678467,0.07078739255666733
1780,0.20375031232833862,0.07427634298801422
1781,0.5284602046012878,0.08164074271917343
1782,0.18067242205142975,0.04238535091280937
1783,0.1190982460975647,0.013969039544463158
1784,0.23242777585983276,0.04595025256276131
1785,0.2086849808692932,0.04042688384652138
1786,0.15972015261650085,0.05797313526272774
1787,0.19655966758728027,0.14346005022525787
1788,0.3211652636528015,0.11546097695827484
1789,0.10848983377218246,0.056548066437244415
1790,0.14084535837173462,0.10098008811473846
1791,0.01899181306362152,0.008757568895816803
1792,0.1519325226545334,0.02151479199528694
1793,0.6586877703666687,0.04663665220141411
1794,0.23045729100704193,0.039917994290590286
1795,0.23280760645866394,0.03775811940431595
1796,0.08870936930179596,0.03498893976211548
1797,0.21216127276420593,0.060860320925712585
1798,0.09629892557859421,0.0370037816464901
1799,0.3759361505508423,0.04998921602964401
1800,0.09392845630645752,0.023015649989247322
1801,0.2806459665298462,0.046875789761543274
1802,0.26529988646507263,0.0483359731733799
1803,0.16657260060310364,0.04890976846218109
1804,0.7416800260543823,0.0751948207616806
1805,0.14103984832763672,0.029874596744775772
1806,0.06281141936779022,0.04767024517059326
1807,0.07711093872785568,0.10336154699325562
1808,0.37151622772216797,0.06143006682395935
1809,0.20327232778072357,0.04782835394144058
1810,0.18284067511558533,0.10977260023355484
1811,0.21906724572181702,0.013893527910113335
1812,0.2140905261039734,0.0612768679857254
1813,0.29609909653663635,0.1322234570980072
1814,0.17941483855247498,0.029941556975245476
1815,0.30575501918792725,0.09050773084163666
1816,0.19211038947105408,0.04553741216659546
1817,0.25389859080314636,0.09421467781066895
1818,0.28254809975624084,0.05686357989907265
1819,0.5662684440612793,0.05533420667052269
1820,0.2984349727630615,0.0751105397939682
1821,0.18929806351661682,0.05383794382214546
1822,0.2296067178249359,0.09611614048480988
1823,0.1358288675546646,0.10893671214580536
1824,0.22017309069633484,0.08564405143260956
1825,0.68116295337677,0.01739196665585041
1826,0.5389619469642639,0.039987556636333466
1827,0.4215773940086365,0.08196969330310822
1828,0.2817295491695404,0.040033236145973206
1829,0.22014077007770538,0.03157847002148628
1830,0.093162901699543,0.05326656252145767
1831,0.3243388533592224,0.011736845597624779
1832,0.3799598217010498,0.059734076261520386
1833,0.3183414936065674,0.020944001153111458
1834,0.1005743071436882,0.035666145384311676
1835,0.1557181179523468,0.04566735774278641
1836,0.7849894762039185,0.06148388981819153
1837,0.2967819571495056,0.010508253239095211
1838,0.511186420917511,0.10385984927415848
1839,0.32214635610580444,0.11736857891082764
1840,0.15969152748584747,0.047727812081575394
1841,0.22013024985790253,0.03154521808028221
1842,0.13761693239212036,0.10403621196746826
1843,0.09763498604297638,0.039558045566082
1844,0.3904027044773102,0.07762991636991501
1845,0.36014020442962646,0.16682276129722595
1846,0.10372502356767654,0.05659003555774689
1847,0.1878194808959961,0.01692979782819748
1848,0.14621007442474365,0.0500432625412941
1849,0.11130137741565704,0.09374300390481949
1850,0.15761367976665497,0.11162770539522171
1851,0.15171870589256287,0.08488623797893524
1852,0.42573434114456177,0.08230341970920563
1853,0.41424694657325745,0.05059295892715454
1854,0.15062759816646576,0.03703714907169342
1855,0.1476055085659027,0.026358477771282196
1856,0.20627662539482117,0.03991497680544853
1857,0.14298515021800995,0.03491508215665817
1858,0.1679864227771759,0.06579691171646118
1859,0.27686065435409546,0.023294920101761818
1860,0.32925862073898315,0.07304763793945312
1861,0.41758716106414795,0.024836793541908264
1862,0.20816153287887573,0.06092531979084015
1863,0.2342914342880249,0.04396801441907883
1864,0.37275058031082153,0.0703454315662384
1865,0.1723657101392746,0.09175929427146912
1866,0.2734147310256958,0.016290312632918358
1867,0.3038490116596222,0.023733751848340034
1868,0.2452956736087799,0.04406852275133133
1869,0.24689123034477234,0.06388209015130997
1870,0.23151516914367676,0.07248231768608093
1871,0.24979397654533386,0.04767323285341263
1872,0.3998819887638092,0.05824590101838112
1873,0.15606558322906494,0.1559133529663086
1874,0.10407590121030807,0.11326811462640762
1875,0.09019817411899567,0.035509441047906876
1876,0.1698245108127594,0.05218479782342911
1877,0.2720372676849365,0.03265206515789032
1878,0.5149754881858826,0.09877260029315948
1879,0.17936640977859497,0.08189792931079865
1880,0.9687380194664001,0.14249473810195923
1881,0.14233402907848358,0.04335809499025345
1882,0.28908997774124146,0.0214327834546566
1883,0.06866320222616196,0.06255508214235306
1884,0.4561621844768524,0.03220512717962265
1885,0.05987786874175072,0.02468649297952652
1886,0.2342846542596817,0.08974866569042206
1887,0.20001184940338135,0.04236816614866257
1888,0.27507483959198,0.10549147427082062
1889,0.1460776925086975,0.05462554842233658
1890,0.11343368887901306,0.03313244506716728
1891,0.11799641698598862,0.06483308970928192
1892,0.3101786971092224,0.07517845183610916
1893,0.5105308294296265,0.05846763402223587
1894,0.19989892840385437,0.030980946496129036
1895,0.17820265889167786,0.058012720197439194
1896,0.1797415316104889,0.029072625562548637
1897,0.1326006054878235,0.01792077161371708
1898,0.395325243473053,0.09283807128667831
1899,0.16283953189849854,0.04974416643381119
1900,0.10256361961364746,0.1139334887266159
1901,0.1074262410402298,0.034776367247104645
1902,0.24997590482234955,0.14527501165866852
1903,0.4352673888206482,0.013968653976917267
1904,0.22121568024158478,0.03501250594854355
1905,0.1451243758201599,0.09357613325119019
1906,0.4252399206161499,0.10364466905593872
1907,0.17888429760932922,0.15268301963806152
1908,0.35668015480041504,0.07985986769199371
1909,0.11679045855998993,0.09785058349370956
1910,0.20799259841442108,0.07465799152851105
1911,0.1747056394815445,0.0773049145936966
1912,0.16573721170425415,0.052422914654016495
1913,0.24612204730510712,0.09719260036945343
1914,0.31128692626953125,0.03787771612405777
1915,0.06723389774560928,0.05968397483229637
1916,0.10296744108200073,0.022950662299990654
1917,0.18163104355335236,0.03163296356797218
1918,0.15486766397953033,0.055593788623809814
1919,0.07572498917579651,0.06999579817056656
1920,0.5853623747825623,0.043640196323394775
1921,0.3351896107196808,0.12909553945064545
1922,0.3191240131855011,0.07136223465204239
1923,0.23902100324630737,0.08029670268297195
1924,0.4600532352924347,0.046691443771123886
1925,0.23338963091373444,0.06753495335578918
1926,0.08042322844266891,0.10486969351768494
1927,0.0733993649482727,0.04135361313819885
1928,0.3177436888217926,0.07681232690811157
1929,0.28847140073776245,0.09609028697013855
1930,0.12369193136692047,0.06558682024478912
1931,0.4783450961112976,0.05633306875824928
1932,0.3647803068161011,0.13039256632328033
1933,0.21616031229496002,0.21343666315078735
1934,0.3013034164905548,0.034726664423942566
1935,0.24600732326507568,0.0500510111451149
1936,0.5935453176498413,0.03963908180594444
1937,0.2488066554069519,0.05688117817044258
1938,0.11708433926105499,0.050693824887275696
1939,0.4826076626777649,0.21952968835830688
1940,0.3725789785385132,0.049485109746456146
1941,0.2183346450328827,0.2238544523715973
1942,0.10493787378072739,0.0768166109919548
1943,0.16121065616607666,0.07170166075229645
1944,0.16695187985897064,0.06440101563930511
1945,0.13887035846710205,0.043568339198827744
1946,0.30667567253112793,0.053335390985012054
1947,0.47050046920776367,0.0284959115087986
1948,0.33278730511665344,0.040982235223054886
1949,0.09622255712747574,0.05870983749628067
1950,0.4517677128314972,0.059683848172426224
1951,0.3315848112106323,0.03837358206510544
1952,0.1784360706806183,0.07380098849534988
1953,0.01057192962616682,0.06322610378265381
1954,0.291801393032074,0.03621382638812065
1955,0.1936764121055603,0.04009183496236801
1956,0.16982904076576233,0.06973574310541153
1957,0.3396242558956146,0.07025682181119919
1958,0.23945537209510803,0.05541905388236046
1959,0.5525499582290649,0.026926342397928238
1960,0.058301135897636414,0.10952983796596527
1961,0.328434556722641,0.10917145013809204
1962,0.4716062843799591,0.10314753651618958
1963,0.37127697467803955,0.08493295311927795
1964,0.21118417382240295,0.08044662326574326
1965,0.08577640354633331,0.03132393956184387
1966,0.15207093954086304,0.09137821942567825
1967,0.18312512338161469,0.12639865279197693
1968,0.19843700528144836,0.09169015288352966
1969,0.43878650665283203,0.055213186889886856
1970,0.1862870156764984,0.029259175062179565
1971,0.18397504091262817,0.08736570179462433
1972,0.13223810493946075,0.09357918798923492
1973,0.2532831132411957,0.07040539383888245
1974,0.2240530550479889,0.09444668889045715
1975,0.14968891441822052,0.07882893085479736
1976,0.15852059423923492,0.04374857246875763
1977,0.14925162494182587,0.00958949699997902
1978,0.19655588269233704,0.03368379548192024
1979,0.11677436530590057,0.03270768001675606
1980,0.08052057027816772,0.026371365413069725
1981,0.10933060944080353,0.01976592466235161
1982,0.10813486576080322,0.029651081189513206
1983,0.2872198820114136,0.03790385648608208
1984,0.27112486958503723,0.04557538777589798
1985,0.3269248604774475,0.04576774314045906
1986,0.5432621836662292,0.051583997905254364
1987,0.14282214641571045,0.0504961833357811
1988,0.1652171015739441,0.07539737969636917
1989,0.21189361810684204,0.09469111263751984
1990,0.5969972610473633,0.07769334316253662
1991,0.4350491166114807,0.13176770508289337
1992,0.06711798161268234,0.10789843648672104
1993,0.427002489566803,0.11049036681652069
1994,0.12137471139431,0.05302659422159195
1995,0.28360459208488464,0.024178683757781982
1996,0.516932487487793,0.10127344727516174
1997,0.33385342359542847,0.02260611765086651
1998,0.25096726417541504,0.082428477704525
1999,0.1420762687921524,0.02316543646156788
2000,0.18230170011520386,0.0344182625412941
2001,0.24489010870456696,0.04433028772473335
2002,0.34381234645843506,0.04736911877989769
2003,0.38255542516708374,0.05203314870595932
2004,0.30056482553482056,0.11408613622188568
2005,0.3275552988052368,0.05715878680348396
2006,0.27955448627471924,0.0644230991601944
2007,0.30790644884109497,0.04532250761985779
2008,0.30670955777168274,0.044508207589387894
2009,0.09352041780948639,0.03984540328383446
2010,0.3241633176803589,0.18271300196647644
2011,0.1729126125574112,0.15074396133422852
2012,0.19763058423995972,0.11588476598262787
2013,0.09487849473953247,0.09467070549726486
2014,0.037763312458992004,0.03804703429341316
2015,0.40999624133110046,0.06856846064329147
2016,0.18193110823631287,0.06455008685588837
2017,0.31336742639541626,0.05966125428676605
2018,0.345942884683609,0.04896201938390732
2019,0.17136859893798828,0.11392425000667572
2020,0.11042014509439468,0.01988070458173752
2021,0.4173266589641571,0.0757455825805664
2022,0.3254016637802124,0.11531300097703934
2023,0.5349855422973633,0.060943979769945145
2024,0.2914476990699768,0.024289550259709358
2025,0.1573386937379837,0.026146814227104187
2026,0.12286871671676636,0.061048250645399094
2027,0.4484013319015503,0.03578826040029526
2028,0.1533978134393692,0.05692743510007858
2029,0.18548336625099182,0.08508096635341644
2030,0.20762433111667633,0.0994422659277916
2031,0.5482985973358154,0.14056843519210815
2032,0.10036870837211609,0.05922161042690277
2033,0.20148353278636932,0.056076258420944214
2034,0.40259355306625366,0.18995319306850433
2035,0.29874876141548157,0.060533203184604645
2036,0.11516588181257248,0.12919726967811584
2037,0.17792364954948425,0.0671953558921814
2038,0.13708746433258057,0.00756102567538619
2039,0.14184018969535828,0.008273190818727016
2040,0.13433435559272766,0.018820378929376602
2041,0.2146887183189392,0.03964493051171303
2042,0.22714117169380188,0.025832271203398705
2043,0.31507444381713867,0.0092913918197155
2044,0.2539860010147095,0.06829909235239029
2045,0.6613267064094543,0.12068068981170654
2046,0.32950812578201294,0.0529734268784523
2047,0.09518726170063019,0.04006494954228401
2048,0.14076337218284607,0.034513894468545914
2049,0.3094968795776367,0.051344312727451324
2050,0.2704124450683594,0.1694989651441574
2051,0.15468472242355347,0.02795141562819481
2052,0.23020726442337036,0.2256021946668625
2053,0.2950354814529419,0.06525948643684387
2054,0.12382008135318756,0.058012451976537704
2055,0.5812567472457886,0.02809455245733261
2056,0.2390296757221222,0.052727025002241135
2057,0.21738415956497192,0.050337959080934525
2058,0.5651935935020447,0.06193185970187187
2059,0.08861681818962097,0.04504009336233139
2060,0.14571362733840942,0.06199843809008598
2061,0.19848385453224182,0.06288176774978638
2062,0.3196142017841339,0.057611893862485886
2063,0.28068235516548157,0.03345247730612755
2064,0.08636465668678284,0.03214510902762413
2065,0.20238681137561798,0.03726763650774956
2066,0.5338329076766968,0.09797503054141998
2067,0.49230432510375977,0.026002187281847
2068,0.16542860865592957,0.10774692893028259
2069,0.39518243074417114,0.0879763513803482
2070,0.17915940284729004,0.06584048271179199
2071,0.1318385750055313,0.03489727899432182
2072,0.13800735771656036,0.04340662434697151
2073,0.2633143663406372,0.09116186201572418
2074,0.03450242057442665,0.07492440938949585
2075,0.2746433615684509,0.05293336138129234
2076,0.22350266575813293,0.06194605678319931
2077,0.24875740706920624,0.0450957790017128
2078,0.20425501465797424,0.06757363677024841
2079,0.16861599683761597,0.1000676080584526
2080,0.17928925156593323,0.08934872597455978
2081,0.11279226094484329,0.03239787742495537
2082,0.1997506320476532,0.07659788429737091
2083,0.593325674533844,0.017297159880399704
2084,0.2355039417743683,0.022119682282209396
2085,0.34686940908432007,0.08989110589027405
2086,0.22722533345222473,0.07534217834472656
2087,0.24965712428092957,0.15988823771476746
2088,0.23012855648994446,0.07723381370306015
2089,0.24666795134544373,0.057062484323978424
2090,0.3210081160068512,0.026953615248203278
2091,0.1458442211151123,0.03736674040555954
2092,0.09812837094068527,0.07192756980657578
2093,0.07152408361434937,0.06310579925775528
2094,0.31408530473709106,0.08321739733219147
2095,0.1352509707212448,0.01959739811718464
2096,0.151116281747818,0.07826591283082962
2097,0.040372107177972794,0.03424558788537979
2098,0.12274754792451859,0.0551760233938694
2099,0.1558862179517746,0.051451295614242554
2100,0.4171249270439148,0.04607560485601425
2101,0.37720271944999695,0.02949628233909607
2102,0.10692346841096878,0.045697636902332306
2103,0.36423689126968384,0.0808461606502533
2104,0.15565040707588196,0.05522135645151138
2105,0.5219731330871582,0.08794377744197845
2106,0.2405240684747696,0.021352026611566544
2107,0.19137217104434967,0.027064690366387367
2108,0.22115570306777954,0.08015765994787216
2109,0.2304726243019104,0.06714119017124176
2110,0.04156867042183876,0.06533593684434891
2111,0.04249253123998642,0.03955041989684105
2112,0.3095640242099762,0.01434481330215931
2113,0.32856371998786926,0.07815009355545044
2114,0.20321564376354218,0.06644909083843231
2115,0.12844330072402954,0.0842660516500473
2116,0.20036476850509644,0.13098803162574768
2117,0.1821446567773819,0.057141490280628204
2118,0.070211261510849,0.14648395776748657
2119,0.32501542568206787,0.0384666807949543
2120,0.24098774790763855,0.02804555743932724
2121,0.2272384762763977,0.05933357775211334
2122,0.2721851170063019,0.10379641503095627
2123,0.16467612981796265,0.05763225629925728
2124,0.18316413462162018,0.03980309143662453
2125,0.43875351548194885,0.04765855148434639
2126,0.17905226349830627,0.14424052834510803
2127,0.28058701753616333,0.1118502989411354
2128,0.18628761172294617,0.15314705669879913
2129,0.5410201549530029,0.0763571709394455
2130,0.19130513072013855,0.07006984204053879
2131,0.057596445083618164,0.022445473819971085
2132,0.16213810443878174,0.07869388908147812
2133,0.28341054916381836,0.06327646970748901
2134,0.1564275026321411,0.06698548048734665
2135,0.15457220375537872,0.055676572024822235
2136,0.1447434276342392,0.17907752096652985
2137,0.6557665467262268,0.05469058081507683
2138,0.36307886242866516,0.08300717175006866
2139,0.6466484069824219,0.06280960887670517
2140,0.5303811430931091,0.158943310379982
2141,0.13111300766468048,0.04918614774942398
2142,0.17802706360816956,0.09878159314393997
2143,0.36050331592559814,0.01688487082719803
2144,0.4268680512905121,0.0267009474337101
2145,0.16538691520690918,0.1557988077402115
2146,0.16366077959537506,0.10102375596761703
2147,0.2099008560180664,0.049111876636743546
2148,0.23912592232227325,0.05982780456542969
2149,0.2711881399154663,0.0790892243385315
2150,0.27574488520622253,0.03639090061187744
2151,0.2723809480667114,0.03646804764866829
2152,0.3908804655075073,0.05355815961956978
2153,0.20975306630134583,0.08034291863441467
2154,0.2768183648586273,0.07254472374916077
2155,0.09132856130599976,0.13733306527137756
2156,0.1074836477637291,0.06506332010030746
2157,0.3487624228000641,0.033902283757925034
2158,0.2805384695529938,0.09900006651878357
2159,0.1186700388789177,0.06772267818450928
2160,0.21560490131378174,0.0340631864964962
2161,0.20337972044944763,0.08075220882892609
2162,0.2881312370300293,0.021048543974757195
2163,0.31852301955223083,0.03952588886022568
2164,0.22474834322929382,0.0743904709815979
2165,0.23977074027061462,0.1760099083185196
2166,0.3882070779800415,0.02570888213813305
2167,0.10979738086462021,0.10769490897655487
2168,0.1646224856376648,0.08676086366176605
2169,0.23827576637268066,0.08478742837905884
2170,0.3274380564689636,0.047592222690582275
2171,0.6709197759628296,0.023193489760160446
2172,0.3253844380378723,0.14270812273025513
2173,0.21591666340827942,0.10757163166999817
2174,0.27322548627853394,0.055918410420417786
2175,0.4168148338794708,0.11514823138713837
2176,0.19794435799121857,0.023900417611002922
2177,0.08892378956079483,0.10811872780323029
2178,0.5278564691543579,0.055945031344890594
2179,0.8008752465248108,0.05697738006711006
2180,0.24050810933113098,0.07216161489486694
2181,0.1420702189207077,0.12913496792316437
2182,0.3142840266227722,0.15570855140686035
2183,0.22463832795619965,0.10090963542461395
2184,0.09593804180622101,0.11338070780038834
2185,0.04195018112659454,0.1059064120054245
2186,0.16434888541698456,0.058979760855436325
2187,0.34138375520706177,0.1366540789604187
2188,0.9645763039588928,0.055927444249391556
2189,0.43636202812194824,0.05489947274327278
2190,0.42367663979530334,0.034345392137765884
2191,0.3481294512748718,0.07611997425556183
2192,0.2676558792591095,0.0609348826110363
2193,0.27036207914352417,0.05218196287751198
2194,0.15957841277122498,0.08219365775585175
2195,0.21835371851921082,0.023044731467962265
2196,0.22897015511989594,0.04663540795445442
2197,0.19152799248695374,0.03342241048812866
2198,0.10635287314653397,0.07783257961273193
2199,0.24608191847801208,0.038733527064323425
2200,0.25805985927581787,0.032225675880908966
2201,0.5113966464996338,0.08393370360136032
2202,0.2803719937801361,0.07195357978343964
2203,0.1992238163948059,0.10302489250898361
2204,0.15764620900154114,0.06951605528593063
2205,0.5669639110565186,0.23939301073551178
2206,0.14444518089294434,0.0965920090675354
2207,0.26915016770362854,0.0759827196598053
2208,0.24772508442401886,0.011317561380565166
2209,0.3522002398967743,0.07057534158229828
2210,0.15338635444641113,0.04160859063267708
2211,0.3569607436656952,0.019326843321323395
2212,0.373452365398407,0.0344109870493412
2213,0.1977672129869461,0.06377976387739182
2214,0.37760552763938904,0.02617577463388443
2215,0.1656520962715149,0.028002465143799782
2216,0.16400030255317688,0.07675500214099884
2217,0.21602383255958557,0.05285080149769783
2218,0.2738845944404602,0.0577370747923851
2219,0.4922749400138855,0.06891350448131561
2220,0.08268680423498154,0.03223123401403427
2221,0.13933715224266052,0.0538029707968235
2222,0.594065248966217,0.10375528037548065
2223,0.21768954396247864,0.07027596980333328
2224,0.27411651611328125,0.09996254742145538
2225,0.16391487419605255,0.19664500653743744
2226,0.20665419101715088,0.0786169022321701
2227,0.4871233403682709,0.05685519427061081
2228,0.4092121124267578,0.06718562543392181
2229,0.01634204387664795,0.08271263539791107
2230,0.5124977231025696,0.08382423967123032
2231,0.19108057022094727,0.053226105868816376
2232,0.18481361865997314,0.18434108793735504
2233,0.24977326393127441,0.0861293375492096
2234,0.08755666017532349,0.03298792243003845
2235,0.2695193886756897,0.19003461301326752
2236,0.2944680154323578,0.075049489736557
2237,0.4785248041152954,0.10003308951854706
2238,0.14570119976997375,0.04319962114095688
2239,0.19866347312927246,0.09225895255804062
2240,0.22452795505523682,0.24924904108047485
2241,0.10197633504867554,0.1608380675315857
2242,0.08852528780698776,0.11419342458248138
2243,0.29978644847869873,0.06891263276338577
2244,0.3872295022010803,0.005847263615578413
2245,0.1884104162454605,0.10378339141607285
2246,0.4814693033695221,0.23091267049312592
2247,0.13625457882881165,0.07530977576971054
2248,0.3141600787639618,0.08959172666072845
2249,0.32208728790283203,0.05958481878042221
2250,0.23789487779140472,0.0938892588019371
2251,0.36166584491729736,0.015416859649121761
2252,0.05560487508773804,0.044913213700056076
2253,0.16491654515266418,0.03813926503062248
2254,0.5538054704666138,0.023655826225876808
2255,0.4819464385509491,0.0606447234749794
2256,0.21958215534687042,0.1423034965991974
2257,0.15894083678722382,0.15101708471775055
2258,0.10375605523586273,0.07542680948972702
2259,0.6144339442253113,0.08852579444646835
2260,0.7161890864372253,0.05927671864628792
2261,0.2002895027399063,0.04885970056056976
2262,0.20195916295051575,0.14317554235458374
2263,0.3704352378845215,0.13360050320625305
2264,0.3356397747993469,0.14299675822257996
2265,0.621343731880188,0.18739578127861023
2266,0.10381712019443512,0.13030965626239777
2267,0.19357335567474365,0.07297435402870178
2268,0.08709967881441116,0.018836041912436485
2269,0.11901827156543732,0.03556026518344879
2270,0.16576440632343292,0.015786774456501007
2271,0.17543309926986694,0.03171406686306
2272,0.2039804756641388,0.03820204734802246
2273,0.1463470607995987,0.07226353883743286
2274,0.1568169891834259,0.04642834514379501
2275,0.20181404054164886,0.17818379402160645
2276,0.32480770349502563,0.1337968111038208
2277,0.38487476110458374,0.04101533070206642
2278,0.11088725179433823,0.06848132610321045
2279,0.3251928687095642,0.06722960621118546
2280,0.18155381083488464,0.08702646195888519
2281,0.35466325283050537,0.17338737845420837
2282,0.2114133983850479,0.10227727890014648
2283,0.22036097943782806,0.051566194742918015
2284,0.1878722757101059,0.06344922631978989
2285,0.4500894546508789,0.06498359143733978
2286,0.15456025302410126,0.054379209876060486
2287,0.5387954711914062,0.04610753431916237
2288,0.24288566410541534,0.175591841340065
2289,0.26809564232826233,0.06013715639710426
2290,0.261171817779541,0.07130169868469238
2291,0.19992583990097046,0.08567199856042862
2292,0.3002158999443054,0.03520282730460167
2293,0.2527261972427368,0.06658027321100235
2294,0.1945704072713852,0.04480363428592682
2295,0.9002149105072021,0.12463918328285217
2296,0.6355459690093994,0.06807494163513184
2297,0.48932990431785583,0.10309439897537231
2298,0.5083495378494263,0.07321229577064514
2299,0.18925614655017853,0.04755048826336861
2300,0.3360693156719208,0.06399793177843094
2301,0.15569229423999786,0.04362606257200241
2302,0.18263767659664154,0.04958810657262802
2303,0.357151061296463,0.051719292998313904
2304,0.2495727688074112,0.11671680212020874
2305,0.2443711906671524,0.034752652049064636
2306,0.713986873626709,0.0842747837305069
2307,0.3179171085357666,0.055767402052879333
2308,0.28771254420280457,0.10116776078939438
2309,0.3045862913131714,0.033454619348049164
2310,0.2080046534538269,0.06655740737915039
2311,0.18040211498737335,0.09739111363887787
2312,0.2231692373752594,0.11023661494255066
2313,0.6773896813392639,0.07670064270496368
2314,0.11476673185825348,0.03161976858973503
2315,0.362141877412796,0.02368522435426712
2316,0.8947808146476746,0.07714751362800598
2317,0.2765008807182312,0.10285662114620209
2318,0.3259553909301758,0.06078273802995682
2319,0.2871590256690979,0.12037995457649231
2320,0.3586507737636566,0.05248885229229927
2321,0.5247190594673157,0.04276295378804207
2322,0.2878727316856384,0.09253969043493271
2323,0.10571546852588654,0.01617308333516121
2324,0.36917200684547424,0.03386626020073891
2325,0.2418658584356308,0.054769329726696014
2326,0.12258688360452652,0.09463383257389069
2327,0.380811482667923,0.06279237568378448
2328,0.21876166760921478,0.03777756914496422
2329,0.23018741607666016,0.019576525315642357
2330,0.2621217668056488,0.039579614996910095
2331,0.4590952694416046,0.18353360891342163
2332,0.26174312829971313,0.15076273679733276
2333,0.13490289449691772,0.03901481628417969
2334,0.1200084239244461,0.06851503252983093
2335,0.1613069474697113,0.045910220593214035
2336,0.20249657332897186,0.10028652846813202
2337,0.8074421286582947,0.05457613244652748
2338,0.23148471117019653,0.06895893067121506
2339,0.7933295369148254,0.11205321550369263
2340,0.058769628405570984,0.06380153447389603
2341,0.21862080693244934,0.061529744416475296
2342,0.09781960397958755,0.051612623035907745
2343,0.06446410715579987,0.04311174526810646
2344,0.15795205533504486,0.12852808833122253
2345,0.1243380531668663,0.0753176361322403
2346,0.2896348237991333,0.04842811077833176
2347,0.4141795039176941,0.050950951874256134
2348,0.3763313293457031,0.0996650904417038
2349,0.2605118751525879,0.053157515823841095
2350,0.1048344150185585,0.05350983142852783
2351,0.24420641362667084,0.07432398945093155
2352,0.39201173186302185,0.04718268662691116
2353,0.0866444930434227,0.08489552140235901
2354,0.4864915609359741,0.048508770763874054
2355,0.49759921431541443,0.14879077672958374
2356,0.10712222009897232,0.05423550307750702
2357,0.10995899140834808,0.038239073008298874
2358,0.3176310956478119,0.13990595936775208
2359,0.437552809715271,0.09778816252946854
2360,0.18125158548355103,0.03629104048013687
2361,0.5630298852920532,0.16796620190143585
2362,0.05769578367471695,0.06441585719585419
2363,0.8129348754882812,0.23057100176811218
2364,0.3883751630783081,0.21836456656455994
2365,0.12948472797870636,0.04569575935602188
2366,0.23684024810791016,0.11801469326019287
2367,0.3991287648677826,0.10006868839263916
2368,0.6887575387954712,0.1016358882188797
2369,0.18638728559017181,0.26520437002182007
2370,0.6049405336380005,0.04570738226175308
2371,0.6447348594665527,0.01952477917075157
2372,0.11741598695516586,0.043380413204431534
2373,0.29187285900115967,0.13159392774105072
2374,0.17466384172439575,0.08448250591754913
2375,0.2970513701438904,0.13705243170261383
2376,0.4370293617248535,0.06518981605768204
2377,0.06279148906469345,0.09569678455591202
2378,0.21511073410511017,0.17404472827911377
2379,0.1210157573223114,0.010710153728723526
2380,0.4614027738571167,0.11796209961175919
2381,0.2018895149230957,0.0757991299033165
2382,0.08150036633014679,0.01827521063387394
2383,0.22012872993946075,0.04533596336841583
2384,0.6529309749603271,0.06993809342384338
2385,0.24864712357521057,0.08250296860933304
2386,0.24954095482826233,0.04737563803792
2387,0.3123989999294281,0.043577875941991806
2388,0.3117715120315552,0.04746076464653015
2389,0.3092624247074127,0.08109497278928757
2390,0.26817840337753296,0.038484666496515274
2391,0.24562670290470123,0.07128609716892242
2392,0.4188251495361328,0.11238914728164673
2393,0.2026004046201706,0.1840323805809021
2394,0.1952630579471588,0.04917539283633232
2395,0.18296492099761963,0.05807684361934662
2396,0.34847062826156616,0.04789881780743599
2397,0.1135721355676651,0.07120354473590851
2398,0.2589196264743805,0.018575696274638176
2399,0.1957738995552063,0.04239378124475479
2400,0.23118214309215546,0.0439753420650959
2401,0.17569196224212646,0.08677790313959122
2402,0.21588124334812164,0.09672604501247406
2403,0.1792808175086975,0.13679420948028564
2404,0.24279922246932983,0.045104701071977615
2405,0.27065765857696533,0.02042311802506447
2406,0.24701368808746338,0.03368726000189781
2407,0.13341115415096283,0.04714246839284897
2408,0.33719202876091003,0.15176723897457123
2409,0.41300830245018005,0.11659036576747894
2410,0.15335975587368011,0.06090376898646355
2411,0.5414899587631226,0.06563820689916611
2412,0.26020684838294983,0.04100782424211502
2413,0.3043656051158905,0.05529429763555527
2414,0.3432482182979584,0.05366474390029907
2415,0.13926419615745544,0.03391063213348389
2416,0.2894633710384369,0.04164857789874077
2417,0.31215915083885193,0.05591036006808281
2418,0.40217000246047974,0.09577465057373047
2419,0.3381185531616211,0.04383685067296028
2420,0.5824368000030518,0.08977854996919632
2421,0.23678019642829895,0.09203233569860458
2422,0.33364158868789673,0.09009753167629242
2423,0.058444540947675705,0.12070269137620926
2424,0.051869820803403854,0.016813166439533234
2425,0.1361943781375885,0.05350791662931442
2426,0.5115516185760498,0.06259716302156448
2427,0.6027345061302185,0.012744111940264702
2428,0.4740428924560547,0.07197841256856918
2429,0.2251417487859726,0.013939599506556988
2430,0.1627197265625,0.029378918930888176
2431,0.6309611797332764,0.10544802248477936
2432,0.23836910724639893,0.09497524797916412
2433,0.4967884421348572,0.03124707192182541
2434,0.03973092883825302,0.0316009521484375
2435,0.11158208549022675,0.06510361284017563
2436,0.14078916609287262,0.07837598025798798
2437,0.215364471077919,0.05240960046648979
2438,0.5725336074829102,0.043655797839164734
2439,0.23830530047416687,0.11651691794395447
2440,0.47820043563842773,0.05599487945437431
2441,0.21362999081611633,0.029872391372919083
2442,0.37049600481987,0.02559816464781761
2443,0.5712730288505554,0.08486980199813843
2444,0.41138461232185364,0.11595410108566284
2445,0.5003504753112793,0.030272487550973892
2446,0.3071419596672058,0.12276367098093033
2447,0.5002650618553162,0.03881433606147766
2448,0.4038297235965729,0.08255432546138763
2449,0.2221086174249649,0.05900797247886658
2450,0.16674506664276123,0.04934363067150116
2451,0.11734993755817413,0.07353472709655762
2452,0.1405227780342102,0.11108072102069855
2453,0.35892054438591003,0.2126179039478302
2454,0.2813367545604706,0.07788354158401489
2455,0.22615882754325867,0.04579631984233856
2456,0.21680599451065063,0.06633409857749939
2457,0.1737866848707199,0.015685919672250748
2458,0.14036117494106293,0.05490170046687126
2459,0.3352629542350769,0.0730738639831543
2460,0.9681158065795898,0.021358080208301544
2461,0.23704835772514343,0.05928286537528038
2462,0.4396132230758667,0.12480160593986511
2463,0.45358115434646606,0.03830710053443909
2464,0.18212439119815826,0.04209617152810097
2465,0.12823019921779633,0.06372857838869095
2466,0.14972297847270966,0.05737174302339554
2467,0.29608631134033203,0.03488742560148239
2468,0.10092221945524216,0.05377155914902687
2469,0.11777078360319138,0.23045098781585693
2470,0.13921064138412476,0.02071593888103962
2471,0.3091142177581787,0.10570137202739716
2472,0.22834499180316925,0.0590788871049881
2473,0.3423633873462677,0.07829709351062775
2474,0.13394692540168762,0.028688916936516762
2475,0.1308257132768631,0.03885046765208244
2476,0.0725502073764801,0.08124050498008728
2477,0.37661758065223694,0.08278872072696686
2478,0.17755946516990662,0.055136531591415405
2479,0.16289657354354858,0.06001952290534973
2480,0.11624309420585632,0.11037848144769669
2481,0.2617189884185791,0.2695065140724182
2482,0.12886707484722137,0.11805777251720428
2483,0.189884215593338,0.026826199144124985
2484,0.4722467064857483,0.15220747888088226
2485,0.13922946155071259,0.12433549016714096
2486,0.3582366406917572,0.09480269253253937
2487,0.2631262540817261,0.02566368132829666
2488,0.15936803817749023,0.05567294731736183
2489,0.15382859110832214,0.12719407677650452
2490,0.3382411301136017,0.09110015630722046
2491,0.0317474827170372,0.07474272698163986
2492,0.43288877606391907,0.20663940906524658
2493,0.21176594495773315,0.0702010989189148
2494,0.22666792571544647,0.08728517591953278
2495,0.44640499353408813,0.1523379683494568
2496,0.692400336265564,0.12394875288009644
2497,0.2832680642604828,0.0932679995894432
2498,0.28786101937294006,0.14336931705474854
2499,0.12774786353111267,0.057372402399778366
2500,0.2571229636669159,0.0739920437335968
2501,0.15794910490512848,0.07417069375514984
2502,0.25689181685447693,0.08375940471887589
2503,0.36437076330184937,0.14736619591712952
2504,0.24948912858963013,0.08980307728052139
2505,0.18504801392555237,0.23752132058143616
2506,0.08725140243768692,0.08125395327806473
2507,0.059877775609493256,0.08654770255088806
2508,0.1895909607410431,0.07345803827047348
2509,0.2711508870124817,0.09117444604635239
2510,0.08905576914548874,0.025261830538511276
2511,0.23375412821769714,0.08724969625473022
2512,0.15001057088375092,0.06747307628393173
2513,0.052969276905059814,0.09501969814300537
2514,0.353921502828598,0.0342109352350235
2515,0.4257882237434387,0.043743107467889786
2516,0.2319582849740982,0.02753773331642151
2517,0.2852347195148468,0.02966472879052162
2518,0.3234487771987915,0.09834113717079163
2519,0.2746869921684265,0.05293624848127365
2520,0.35190364718437195,0.055612772703170776
2521,0.49640899896621704,0.08886997401714325
2522,0.3879377245903015,0.05250732973217964
2523,0.22400793433189392,0.048503577709198
2524,0.05701203644275665,0.03360085189342499
2525,0.27667707204818726,0.13837873935699463
2526,0.17362429201602936,0.061934586614370346
2527,0.3732873499393463,0.08214281499385834
2528,0.4279322326183319,0.08258063346147537
2529,0.859096884727478,0.05010271444916725
2530,0.05317635461688042,0.11235411465167999
2531,0.29151642322540283,0.018115533515810966
2532,0.23244845867156982,0.04324653372168541
2533,0.2746954560279846,0.22213155031204224
2534,0.2136833816766739,0.09713554382324219
2535,0.12105809152126312,0.051274050027132034
2536,0.04289855808019638,0.052419088780879974
2537,0.3817424476146698,0.03558721765875816
2538,0.3229186534881592,0.1043304055929184
2539,0.046330373734235764,0.11375288665294647
2540,0.17228658497333527,0.11807277053594589
2541,0.2412291318178177,0.12376703321933746
2542,0.26478469371795654,0.02458563819527626
2543,0.203243687748909,0.12468477338552475
2544,0.38606753945350647,0.14778126776218414
2545,0.531957745552063,0.06681410223245621
2546,0.3175542652606964,0.09925352782011032
2547,0.27010616660118103,0.14525780081748962
2548,0.6946524381637573,0.15709199011325836
2549,0.4543927311897278,0.04595831036567688
2550,0.5991384387016296,0.06910445541143417
2551,0.22148916125297546,0.03083702176809311
2552,0.26331526041030884,0.012050826102495193
2553,0.289503276348114,0.05418746918439865
2554,0.16252201795578003,0.03781914338469505
2555,0.2766820192337036,0.16050660610198975
2556,0.11976191401481628,0.06972050666809082
2557,0.5713980793952942,0.08749999105930328
2558,0.20365989208221436,0.03407636284828186
2559,0.4704366624355316,0.033381544053554535
2560,0.25661319494247437,0.03011767752468586
2561,0.5136358737945557,0.14097654819488525
2562,0.474828839302063,0.04860300570726395
2563,0.23988288640975952,0.057610027492046356
2564,0.1801251471042633,0.08594784885644913
2565,0.2962276041507721,0.11824886500835419
2566,0.22402328252792358,0.09059743583202362
2567,0.26005738973617554,0.0762074664235115
2568,0.08491434156894684,0.038165684789419174
2569,0.23022571206092834,0.03536060452461243
2570,0.3777993321418762,0.11292245239019394
2571,0.24045003950595856,0.20715413987636566
2572,0.3694935739040375,0.09450232982635498
2573,0.2286653071641922,0.08998425304889679
2574,0.21867355704307556,0.06613919883966446
2575,0.20179131627082825,0.0704365074634552
2576,0.09004667401313782,0.06460145115852356
2577,0.7502743601799011,0.04953305423259735
2578,0.2128191739320755,0.025499166920781136
2579,0.25817692279815674,0.015983697026968002
2580,0.31598466634750366,0.1256648302078247
2581,0.16351760923862457,0.06817258894443512
2582,0.0721762478351593,0.052919406443834305
2583,0.05723945051431656,0.10971307754516602
2584,0.1952180117368698,0.09243322163820267
2585,0.5459713339805603,0.042343080043792725
2586,0.13734111189842224,0.03924000263214111
2587,0.08407271653413773,0.045448869466781616
2588,0.1826263964176178,0.10072849690914154
2589,0.1710883527994156,0.0481237918138504
2590,0.2467939406633377,0.1389998495578766
2591,0.39320969581604004,0.2000064253807068
2592,0.30059733986854553,0.0816240981221199
2593,0.11076458543539047,0.08878611028194427
2594,0.326540470123291,0.07328130304813385
2595,0.11436161398887634,0.07474995404481888
2596,0.3197617530822754,0.04413848742842674
2597,0.14718003571033478,0.042762793600559235
2598,0.21360322833061218,0.0548805296421051
2599,0.5086057782173157,0.060616616159677505
2600,0.8943325281143188,0.041201431304216385
2601,0.3651343584060669,0.03779451921582222
2602,0.37573063373565674,0.0771329253911972
2603,0.17182090878486633,0.05481858551502228
2604,0.2705705463886261,0.0358976311981678
2605,0.2480812966823578,0.06832239031791687
2606,0.337449312210083,0.03788875788450241
2607,0.21682728826999664,0.032497044652700424
2608,0.20947903394699097,0.05110907182097435
2609,0.2981802821159363,0.0460936576128006
2610,1.1482316255569458,0.08047573268413544
2611,0.2685803174972534,0.04753758758306503
2612,0.5168545842170715,0.08665598183870316
2613,0.13391417264938354,0.07492788881063461
2614,0.22730261087417603,0.07266052067279816
2615,0.5761223435401917,0.03369652107357979
2616,0.37109267711639404,0.12898635864257812
2617,0.20614339411258698,0.0866691917181015
2618,0.830720067024231,0.04611071199178696
2619,0.35467955470085144,0.08029936999082565
2620,0.13972440361976624,0.03812781721353531
2621,0.03928906470537186,0.1010034903883934
2622,0.4668859839439392,0.032529789954423904
2623,0.3952937126159668,0.06960557401180267
2624,0.2547931969165802,0.041627950966358185
2625,0.24977903068065643,0.027133017778396606
2626,0.34623292088508606,0.12827199697494507
2627,0.21525675058364868,0.06228554621338844
2628,0.31867069005966187,0.07650410383939743
2629,0.09631537646055222,0.16557537019252777
2630,0.4680032730102539,0.09342517703771591
2631,0.33262526988983154,0.10907167196273804
2632,0.18293499946594238,0.06979801505804062
2633,0.2628639042377472,0.1499243974685669
2634,0.3823351562023163,0.053504444658756256
2635,0.1610657125711441,0.16388291120529175
2636,0.23187409341335297,0.08190115541219711
2637,0.18830104172229767,0.17730700969696045
2638,0.2851651608943939,0.04938693344593048
2639,0.04856617748737335,0.042556896805763245
2640,0.1830722838640213,0.037800949066877365
2641,0.24931176006793976,0.10633327066898346
2642,0.3658044934272766,0.02445226162672043
2643,0.2767694294452667,0.06128079444169998
2644,0.5170808434486389,0.07144293934106827
2645,0.2329482138156891,0.19866827130317688
2646,0.4129008650779724,0.20012064278125763
2647,0.5851300358772278,0.055649176239967346
2648,0.10451121628284454,0.09497921168804169
2649,0.3108349144458771,0.10036682337522507
2650,0.12667261064052582,0.11507559567689896
2651,0.20188498497009277,0.19603890180587769
2652,0.17616204917430878,0.1007615253329277
2653,0.450219988822937,0.09786941111087799
2654,0.10335229337215424,0.10931985825300217
2655,0.13750790059566498,0.044478870928287506
2656,0.28799745440483093,0.08478991687297821
2657,0.10868316888809204,0.09500230848789215
2658,0.2528838515281677,0.11959436535835266
2659,0.340583473443985,0.07307934761047363
2660,0.2596602439880371,0.028688929975032806
2661,0.2675231695175171,0.07144288718700409
2662,0.21207742393016815,0.06211269646883011
2663,0.297639399766922,0.10717169940471649
2664,0.1704438179731369,0.04595017060637474
2665,0.4281471073627472,0.07379578053951263
2666,0.1257704496383667,0.03209793567657471
2667,0.26421985030174255,0.028955131769180298
2668,0.3593231439590454,0.04412485659122467
2669,0.21747663617134094,0.10075847059488297
2670,0.3720618188381195,0.13306650519371033
2671,0.25885963439941406,0.08563093841075897
2672,0.1628316342830658,0.0687466710805893
2673,0.20198005437850952,0.1617152988910675
2674,0.2941216230392456,0.0651274174451828
2675,0.07146826386451721,0.081995889544487
2676,0.5694210529327393,0.0900149792432785
2677,0.2793559432029724,0.023901868611574173
2678,0.27797967195510864,0.11279124021530151
2679,0.32817137241363525,0.1658763885498047
2680,0.4279530942440033,0.08609804511070251
2681,0.5050473213195801,0.0491192489862442
2682,0.2478123903274536,0.03267304599285126
2683,0.06436510384082794,0.04105439782142639
2684,0.15627986192703247,0.04455625265836716
2685,0.29094892740249634,0.02945036254823208
2686,0.28333017230033875,0.07835552841424942
2687,0.637090265750885,0.2332509458065033
2688,0.43659037351608276,0.055947594344615936
2689,0.11652526259422302,0.04112601280212402
2690,0.1946316510438919,0.12485378980636597
2691,0.38152122497558594,0.09202525019645691
2692,0.18160824477672577,0.05672970041632652
2693,0.16725985705852509,0.1010507196187973
2694,0.15452174842357635,0.029630541801452637
2695,0.2709035873413086,0.04737823083996773
2696,0.2116580605506897,0.023196160793304443
2697,0.48330754041671753,0.09819291532039642
2698,0.3869962692260742,0.0934535562992096
2699,0.1899348348379135,0.03673640638589859
2700,0.33810484409332275,0.1555962711572647
2701,0.389041930437088,0.16322296857833862
2702,0.25572219491004944,0.18589454889297485
2703,0.37152960896492004,0.08178167045116425
2704,0.05250370502471924,0.06808541715145111
2705,0.18922927975654602,0.037561193108558655
2706,0.1660631150007248,0.03592254966497421
2707,0.1682145744562149,0.047281231731176376
2708,0.15999987721443176,0.018309826031327248
2709,0.34390968084335327,0.17010289430618286
2710,0.15507078170776367,0.0269036665558815
2711,0.10506944358348846,0.09309234470129013
2712,0.15258590877056122,0.12970416247844696
2713,0.14406418800354004,0.05681048333644867
2714,0.4011334478855133,0.049120787531137466
2715,0.15283849835395813,0.07300794124603271
2716,0.2466028928756714,0.024668363854289055
2717,0.33827173709869385,0.031108487397432327
2718,0.2427590787410736,0.06498529762029648
2719,0.08380749821662903,0.04357181116938591
2720,0.08606180548667908,0.04708307981491089
2721,0.18184144794940948,0.016846608370542526
2722,0.22587047517299652,0.06392016261816025
2723,0.5813091397285461,0.0644049197435379
2724,0.18740132451057434,0.11536969244480133
2725,0.2163032591342926,0.03179985284805298
2726,0.2140127420425415,0.10863897204399109
2727,0.11212600767612457,0.03954454883933067
2728,0.5598011612892151,0.05388917773962021
2729,0.26148876547813416,0.04733624309301376
2730,0.09000718593597412,0.056811533868312836
2731,0.27843835949897766,0.07828160375356674
2732,0.15797433257102966,0.08163513243198395
2733,0.12171041965484619,0.26011765003204346
2734,0.16238325834274292,0.06710905581712723
2735,0.1534363478422165,0.04319465905427933
2736,0.23787783086299896,0.032816994935274124
2737,0.31905943155288696,0.0385185107588768
2738,0.4057467579841614,0.04737454652786255
2739,0.15107396245002747,0.014186612330377102
2740,0.299164354801178,0.052274323999881744
2741,0.21492525935173035,0.0698796883225441
2742,0.30727076530456543,0.05270714685320854
2743,0.34802383184432983,0.06301827728748322
2744,0.11878097057342529,0.04686577245593071
2745,0.366466224193573,0.11650006473064423
2746,0.31423741579055786,0.16951638460159302
2747,0.24524527788162231,0.05703545734286308
2748,0.14259213209152222,0.01136471051722765
2749,0.2862085700035095,0.08250053226947784
2750,0.18718302249908447,0.03218134865164757
2751,0.17288042604923248,0.08509698510169983
2752,0.2836465835571289,0.06265543401241302
2753,0.23222139477729797,0.11620384454727173
2754,0.23964163661003113,0.08644416928291321
2755,0.21416425704956055,0.0471629835665226
2756,0.2654117941856384,0.03785566985607147
2757,0.39082032442092896,0.16493789851665497
2758,0.34369105100631714,0.07404205948114395
2759,0.20046836137771606,0.06948833912611008
2760,0.5227747559547424,0.08437477052211761
2761,0.33399441838264465,0.06883604824542999
2762,0.20751333236694336,0.06922276318073273
2763,0.6088805794715881,0.09386803209781647
2764,0.12879346311092377,0.006452879868447781
2765,0.4733402729034424,0.021032419055700302
2766,0.5626389980316162,0.08677631616592407
2767,0.07783886045217514,0.11522768437862396
2768,0.29493939876556396,0.06395561993122101
2769,0.14994549751281738,0.13443413376808167
2770,0.3587484359741211,0.13325481116771698
2771,0.4135472774505615,0.0934986099600792
2772,0.18451789021492004,0.15144237875938416
2773,0.5777269005775452,0.12014250457286835
2774,0.2928735911846161,0.07169637829065323
2775,0.6373356580734253,0.07219676673412323
2776,0.27782803773880005,0.10969172418117523
2777,0.27583661675453186,0.02857966162264347
2778,0.622163712978363,0.09093791991472244
2779,0.2292129099369049,0.08112926781177521
2780,0.28860798478126526,0.11083658784627914
2781,0.24818632006645203,0.04631682485342026
2782,0.34882622957229614,0.10191789269447327
2783,0.3884558081626892,0.09393893927335739
2784,0.40976428985595703,0.04459981247782707
2785,0.17213132977485657,0.049515899270772934
2786,0.19486111402511597,0.06364595890045166
2787,0.2870323359966278,0.07897111028432846
2788,0.0807352215051651,0.09073337912559509
2789,0.28767672181129456,0.10575050115585327
2790,0.44005680084228516,0.0614360049366951
2791,0.717484712600708,0.02789682149887085
2792,0.32952970266342163,0.04709698259830475
2793,0.16212940216064453,0.06942039728164673
2794,0.2161790430545807,0.053284045308828354
2795,0.24339982867240906,0.035116396844387054
2796,0.3669748902320862,0.04823113977909088
2797,0.5868333578109741,0.005397277884185314
2798,0.5396180152893066,0.04135532304644585
2799,0.6631705164909363,0.14434343576431274
2800,0.29029837250709534,0.10250377655029297
2801,0.09203727543354034,0.062525175511837
2802,0.6394194960594177,0.20659475028514862
2803,0.502690851688385,0.08263684809207916
2804,0.14622195065021515,0.024076057597994804
2805,0.9396326541900635,0.0844380259513855
2806,0.2847139835357666,0.05521710216999054
2807,0.2107824683189392,0.0784425288438797
2808,0.3355415165424347,0.07970447838306427
2809,0.2493680864572525,0.23871725797653198
2810,0.3984515368938446,0.1161244735121727
2811,0.21153400838375092,0.21098855137825012
2812,0.16180464625358582,0.08328365534543991
2813,0.16420233249664307,0.052826233208179474
2814,0.27143287658691406,0.1286570131778717
2815,0.2658422291278839,0.08953304588794708
2816,0.04041977599263191,0.08023349940776825
2817,0.1721995621919632,0.12664443254470825
2818,0.4474354088306427,0.13604271411895752
2819,0.118964284658432,0.14810054004192352
2820,0.9257937073707581,0.05155858397483826
2821,0.4033627212047577,0.08659619092941284
2822,0.18409982323646545,0.06030036509037018
2823,0.20761889219284058,0.04897785559296608
2824,0.516941249370575,0.05068826675415039
2825,0.49384477734565735,0.05335810035467148
2826,0.29988715052604675,0.018233107402920723
2827,0.24957004189491272,0.025992004200816154
2828,0.2577372193336487,0.059495992958545685
2829,0.8085473775863647,0.08649949729442596
2830,0.49525654315948486,0.027447061613202095
2831,0.453387588262558,0.018052520230412483
2832,0.11850956082344055,0.09919736534357071
2833,0.37980931997299194,0.055769797414541245
2834,0.10717383027076721,0.06856599450111389
2835,0.2611454725265503,0.08672238886356354
2836,0.39979320764541626,0.11236228048801422
2837,0.11708925664424896,0.16265852749347687
2838,0.09314115345478058,0.09267033636569977
2839,0.3601398766040802,0.08036468923091888
2840,0.08835867047309875,0.06284060329198837
2841,0.3405909538269043,0.05976573005318642
2842,0.26638031005859375,0.055715158581733704
2843,0.49304986000061035,0.17046132683753967
2844,0.22524018585681915,0.05922705680131912
2845,0.3965144753456116,0.1535670906305313
2846,0.4202016592025757,0.06607408821582794
2847,0.14347265660762787,0.22672410309314728
2848,0.22593852877616882,0.05494228005409241
2849,0.4045025110244751,0.0906485766172409
2850,0.6076981425285339,0.02682892046868801
2851,0.12624883651733398,0.07002070546150208
2852,0.7359925508499146,0.04491865634918213
2853,0.2036769539117813,0.08653214573860168
2854,0.34234920144081116,0.04647950455546379
2855,0.5918527245521545,0.12280930578708649
2856,0.360857754945755,0.08128581941127777
2857,0.2876718044281006,0.10422077775001526
2858,0.2936069667339325,0.10596878826618195
2859,0.11462675780057907,0.1262127012014389
2860,0.3212270736694336,0.15313827991485596
2861,0.14853300154209137,0.09771445393562317
2862,0.43597203493118286,0.0915902704000473
2863,0.2092100977897644,0.07423512637615204
2864,0.09306840598583221,0.07381217181682587
2865,0.2550601065158844,0.06026970595121384
2866,0.24722811579704285,0.1537797451019287
2867,0.48982399702072144,0.04664434492588043
2868,0.19841527938842773,0.12030067294836044
2869,0.32837456464767456,0.05834906920790672
2870,0.2286953628063202,0.10779273509979248
2871,0.2661471664905548,0.11618103832006454
2872,0.2942218482494354,0.10837571322917938
2873,0.30471575260162354,0.03833286836743355
2874,0.34375521540641785,0.03334417939186096
2875,0.2549004554748535,0.09257035702466965
2876,0.23403450846672058,0.0556221529841423
2877,0.11042659729719162,0.09519912302494049
2878,0.14071299135684967,0.027139104902744293
2879,0.4698129892349243,0.08753906190395355
2880,0.4169982671737671,0.09168221056461334
2881,0.31481319665908813,0.10305555909872055
2882,0.23004049062728882,0.09471169859170914
2883,0.7440366148948669,0.07943028211593628
2884,0.3057143986225128,0.05887046456336975
2885,0.3015170097351074,0.060277774930000305
2886,0.2252616584300995,0.036291588097810745
2887,0.13451772928237915,0.031301096081733704
2888,0.15629054605960846,0.07813321053981781
2889,0.13679823279380798,0.10226893424987793
2890,0.23029306530952454,0.07450525462627411
2891,0.24722108244895935,0.042698755860328674
2892,0.35769376158714294,0.04303593188524246
2893,0.2789849042892456,0.08944354951381683
2894,0.5599476099014282,0.05910911038517952
2895,0.22640204429626465,0.10583695024251938
2896,0.10823438316583633,0.17209886014461517
2897,0.5257649421691895,0.07677330821752548
2898,0.17945733666419983,0.027454271912574768
2899,0.8343414068222046,0.11344680190086365
2900,0.08045843988656998,0.03121083229780197
2901,0.5202528238296509,0.04367497190833092
2902,0.06330898404121399,0.060956403613090515
2903,0.21877071261405945,0.04180097579956055
2904,0.3364207148551941,0.02759711444377899
2905,0.4299696981906891,0.1150231808423996
2906,0.35149815678596497,0.10908190906047821
2907,0.2822636365890503,0.06922179460525513
2908,0.11806835979223251,0.04768301919102669
2909,0.073014035820961,0.05196002498269081
2910,0.028197117149829865,0.03108546882867813
2911,0.2325914055109024,0.046167101711034775
2912,0.3607480227947235,0.052214957773685455
2913,0.09348860383033752,0.10742217302322388
2914,0.13856779038906097,0.024359963834285736
