id,IHH,IHV
1,0.16935965418815613,0.03694024682044983
2,0.5647649765014648,0.0486297532916069
3,0.6960989832878113,0.14055396616458893
4,0.22539249062538147,0.042493075132369995
5,0.49835026264190674,0.03229888901114464
6,0.22263365983963013,0.048428408801555634
7,0.32756221294403076,0.21606764197349548
8,0.4783635139465332,0.09063500165939331
9,0.2663838863372803,0.06732691079378128
10,0.06337649375200272,0.057003140449523926
11,0.20534579455852509,0.028523873537778854
12,0.3650819957256317,0.030680356547236443
13,0.3743906021118164,0.02834257110953331
14,0.37076646089553833,0.07116147875785828
15,0.0841725766658783,0.019823048263788223
16,0.14553651213645935,0.06722897291183472
17,0.12536710500717163,0.036262355744838715
18,0.5277431011199951,0.05801371484994888
19,0.19636887311935425,0.12790340185165405
20,0.13339218497276306,0.10638020187616348
21,0.12438298016786575,0.08785131573677063
22,0.4450135827064514,0.08207546174526215
23,0.1343955397605896,0.01921059377491474
24,0.13961724936962128,0.07216926664113998
25,0.3379260301589966,0.11075997352600098
26,0.20432665944099426,0.035256415605545044
27,0.27751749753952026,0.12251832336187363
28,0.39445793628692627,0.021646462380886078
29,0.3184903562068939,0.04353548586368561
30,0.2945947051048279,0.09959397464990616
31,0.2515380382537842,0.07356250286102295
32,0.22376558184623718,0.026474300771951675
33,0.21317708492279053,0.04263341426849365
34,0.37486058473587036,0.03400075063109398
35,0.18058189749717712,0.04917824640870094
36,0.04724355787038803,0.020418565720319748
37,0.2103547602891922,0.06172746419906616
38,0.1368914246559143,0.10961047559976578
39,0.2100796401500702,0.05265315622091293
40,0.524405837059021,0.07881678640842438
41,0.6699248552322388,0.027636749669909477
42,0.14713075757026672,0.009381511248648167
43,0.5558607578277588,0.024472694844007492
44,0.06263010948896408,0.138631209731102
45,0.24556219577789307,0.010451366193592548
46,0.21172279119491577,0.021659258753061295
47,0.2647969722747803,0.07305840402841568
48,0.20937874913215637,0.033370740711688995
49,0.21495485305786133,0.06664904952049255
50,0.3789221942424774,0.059050530195236206
51,0.3093148469924927,0.025225970894098282
52,0.3361179232597351,0.04979954659938812
53,0.37042146921157837,0.06207925081253052
54,0.51578289270401,0.0366983525454998
55,0.1789504885673523,0.04278697818517685
56,0.35239386558532715,0.04080015793442726
57,0.1336878538131714,0.06776733696460724
58,0.19028536975383759,0.02961861900985241
59,0.3001885414123535,0.051753267645835876
60,0.14654479920864105,0.048107732087373734
61,0.13966651260852814,0.13067224621772766
62,0.3446206748485565,0.07049676775932312
63,0.06299746036529541,0.035798102617263794
64,0.40958523750305176,0.058292023837566376
65,0.5647078156471252,0.02978731505572796
66,0.2553638815879822,0.09677040576934814
67,0.575486958026886,0.038461919873952866
68,0.16288575530052185,0.07519674301147461
69,0.2013007253408432,0.03309296444058418
70,0.13015879690647125,0.0594196692109108
71,0.47690001130104065,0.04817398637533188
72,0.1411120891571045,0.04209524765610695
73,0.26964375376701355,0.08885807543992996
74,0.2465602606534958,0.05095381289720535
75,0.43082791566848755,0.10511505603790283
76,0.15343430638313293,0.15356799960136414
77,0.144285187125206,0.14797480404376984
78,0.19036924839019775,0.08288945257663727
79,0.1473134160041809,0.03616740182042122
80,0.2625690698623657,0.028255295008420944
81,0.07478635013103485,0.08392135053873062
82,0.12366928905248642,0.06577149778604507
83,0.22982199490070343,0.034800298511981964
84,0.1481815129518509,0.0686860978603363
85,0.22516478598117828,0.19562333822250366
86,0.18260881304740906,0.054656870663166046
87,0.31263306736946106,0.08743126690387726
88,0.31196290254592896,0.08925572037696838
89,0.3223955035209656,0.07354361563920975
90,0.5050957202911377,0.1058041900396347
91,0.2943577766418457,0.05138961225748062
92,0.6151002645492554,0.15677578747272491
93,0.8023362755775452,0.02436756156384945
94,0.12249983102083206,0.06837695837020874
95,0.2371562421321869,0.07073662430047989
96,0.5158568024635315,0.07704132795333862
97,0.23314259946346283,0.012402556836605072
98,0.407972514629364,0.04667535424232483
99,0.1655307412147522,0.02239289879798889
100,0.2599698603153229,0.027752449735999107
101,0.26481544971466064,0.05493803322315216
102,0.3413972854614258,0.05293973535299301
103,0.5943055152893066,0.04462162032723427
104,0.3236498236656189,0.029323982074856758
105,0.7958624362945557,0.027692388743162155
106,0.4139624834060669,0.02353723905980587
107,0.11337986588478088,0.03195668011903763
108,0.17081968486309052,0.10375531017780304
109,0.12770982086658478,0.0943654254078865
110,0.21855172514915466,0.05443103611469269
111,0.15246166288852692,0.1578606367111206
112,0.08629974722862244,0.06799423694610596
113,0.17606301605701447,0.11324422061443329
114,0.2648848593235016,0.040542904287576675
115,0.5516953468322754,0.056869398802518845
116,0.43025094270706177,0.05861711874604225
117,0.1411927342414856,0.022875364869832993
118,0.17215485870838165,0.02866768278181553
119,0.17665763199329376,0.09437097609043121
120,0.08426541090011597,0.06808092445135117
121,0.6444359421730042,0.1844533532857895
122,0.15115606784820557,0.03395954892039299
123,0.2713651955127716,0.07184392213821411
124,0.07502726465463638,0.048222653567790985
125,0.21986231207847595,0.03474635258316994
126,0.2609461545944214,0.1915796846151352
127,0.7359501123428345,0.09069095551967621
128,0.12173223495483398,0.034205932170152664
129,0.05492246150970459,0.06337637454271317
130,0.18015065789222717,0.043752677738666534
131,0.15560905635356903,0.021044544875621796
132,0.25937867164611816,0.1236259713768959
133,0.24336910247802734,0.029805082827806473
134,0.25482094287872314,0.0465824156999588
135,0.18955233693122864,0.08330024033784866
136,0.4441870450973511,0.05281528830528259
137,0.561733603477478,0.048579394817352295
138,0.40285226702690125,0.035188913345336914
139,0.16189761459827423,0.05409419536590576
140,0.1550363004207611,0.028887752443552017
141,0.20048463344573975,0.05643162876367569
142,0.16590426862239838,0.10867912322282791
143,0.13934914767742157,0.10244987905025482
144,0.737880289554596,0.1056765764951706
145,0.034180134534835815,0.15425671637058258
146,0.2436404675245285,0.04426741972565651
147,0.9917476177215576,0.03383682295680046
148,0.31588196754455566,0.025324108079075813
149,0.29490143060684204,0.03691473975777626
150,0.22873899340629578,0.05889708548784256
151,0.11964194476604462,0.07866039872169495
152,0.27102652192115784,0.039427582174539566
153,0.13265465199947357,0.0611799955368042
154,0.21902625262737274,0.06248961761593819
155,0.08348748832941055,0.0416281521320343
156,0.3460998237133026,0.04640369117259979
157,0.11174298822879791,0.07754838466644287
158,0.15096980333328247,0.027853596955537796
159,0.29458680748939514,0.07610754668712616
160,0.49041420221328735,0.04488140344619751
161,0.37805360555648804,0.0725763663649559
162,0.184007927775383,0.07257574051618576
163,0.2063019573688507,0.08379024267196655
164,0.666486382484436,0.17022688686847687
165,0.3742748498916626,0.017370473593473434
166,0.24240045249462128,0.045118898153305054
167,0.16293562948703766,0.05504946783185005
168,0.08608987182378769,0.024148685857653618
169,0.11378078907728195,0.04673771187663078
170,0.23928675055503845,0.02758045122027397
171,0.49932995438575745,0.08455266803503036
172,0.31928279995918274,0.13342702388763428
173,0.12489540129899979,0.03794940188527107
174,0.7405839562416077,0.027632074430584908
175,0.15042322874069214,0.07638046890497208
176,0.3694639205932617,0.04277253523468971
177,0.3142574727535248,0.04881393164396286
178,0.40608733892440796,0.05973568186163902
179,0.33372846245765686,0.04970857501029968
180,0.37054646015167236,0.12554945051670074
181,0.3975554406642914,0.03171128034591675
182,0.18664787709712982,0.050063300877809525
183,0.13479489088058472,0.013543534092605114
184,0.30285054445266724,0.04787271097302437
185,0.6829965114593506,0.05752220004796982
186,0.3645370304584503,0.15137434005737305
187,0.3268190026283264,0.11243784427642822
188,0.24562591314315796,0.06323757022619247
189,0.29768669605255127,0.060680750757455826
190,0.14672525227069855,0.045533061027526855
191,0.31664538383483887,0.03371705114841461
192,0.3813455104827881,0.05213877931237221
193,0.4455145299434662,0.02889522723853588
194,0.47328436374664307,0.06130436807870865
195,0.40684619545936584,0.12522365152835846
196,0.25677013397216797,0.07133643329143524
197,0.5298177003860474,0.030124517157673836
198,0.40242788195610046,0.07663086801767349
199,0.3069056272506714,0.08769189566373825
200,0.11923377215862274,0.06303653866052628
201,0.44952964782714844,0.038163766264915466
202,0.4209941625595093,0.11994092166423798
203,0.15403977036476135,0.01191005576401949
204,0.30852580070495605,0.03600616380572319
205,0.2828151285648346,0.2843754291534424
206,0.19947385787963867,0.09627395868301392
207,0.3256945013999939,0.06255936622619629
208,0.2519991397857666,0.07850348204374313
209,0.1797504425048828,0.04116310179233551
210,0.2101573348045349,0.05318601429462433
211,0.20609813928604126,0.1005542129278183
212,0.27693450450897217,0.07744032144546509
213,0.07250699400901794,0.0714571624994278
214,0.2444530576467514,0.060965605080127716
215,0.2809557616710663,0.06488247960805893
216,0.19701462984085083,0.04462755098938942
217,0.35453787446022034,0.038955606520175934
218,0.17113617062568665,0.050663188099861145
219,0.34690842032432556,0.11261221766471863
220,0.3418596088886261,0.05698045715689659
221,0.2109941840171814,0.021831490099430084
222,0.32281985878944397,0.018496695905923843
223,0.18948039412498474,0.0414559468626976
224,0.24371634423732758,0.04498419538140297
225,0.13938936591148376,0.11033615469932556
226,0.5588277578353882,0.021543633192777634
227,0.729988157749176,0.1017441377043724
228,0.5353648662567139,0.016621490940451622
229,0.35070449113845825,0.1412361115217209
230,0.23001861572265625,0.0404212549328804
231,0.24259375035762787,0.04349279776215553
232,0.24833883345127106,0.07295148074626923
233,0.08213549107313156,0.022764286026358604
234,0.6078792810440063,0.043472301214933395
235,0.13699927926063538,0.0714244544506073
236,0.23753535747528076,0.04328132048249245
237,0.15667763352394104,0.07038380205631256
238,0.20978248119354248,0.05222880095243454
239,0.2646443545818329,0.0223472248762846
240,0.058755096048116684,0.04570530354976654
241,0.24213190376758575,0.07491134852170944
242,0.28724855184555054,0.030598385259509087
243,0.6745721101760864,0.03881573677062988
244,0.11482487618923187,0.03956473618745804
245,0.17543746531009674,0.06275765597820282
246,0.13318760693073273,0.06650327146053314
247,0.32136106491088867,0.07966616004705429
248,0.07155507802963257,0.10418213158845901
249,0.24038392305374146,0.018429601565003395
250,0.4541540741920471,0.07124056667089462
251,0.2373182475566864,0.06740632653236389
252,0.18340319395065308,0.035173334181308746
253,0.1234409362077713,0.02707565575838089
254,0.45324283838272095,0.02639620751142502
255,0.47780871391296387,0.03949110954999924
256,0.21286502480506897,0.03574423864483833
257,0.21909725666046143,0.06004755198955536
258,0.16751496493816376,0.03097803145647049
259,0.26470881700515747,0.093216173350811
260,0.3086594343185425,0.05020425096154213
261,0.26254552602767944,0.025395182892680168
262,0.33663681149482727,0.04923885688185692
263,0.34116414189338684,0.011866530403494835
264,0.5058033466339111,0.02879922091960907
265,0.37621939182281494,0.07954441010951996
266,0.9396604895591736,0.03611429035663605
267,0.7826452255249023,0.06778906285762787
268,0.4234708845615387,0.13084645569324493
269,0.18073205649852753,0.11709101498126984
270,0.3274917006492615,0.04705040901899338
271,0.14355632662773132,0.033983711153268814
272,0.3139033615589142,0.057770490646362305
273,0.10392165184020996,0.03273932263255119
274,0.23298336565494537,0.04482872411608696
275,0.4963231086730957,0.02568195015192032
276,0.2064111828804016,0.024722076952457428
277,0.21970604360103607,0.09845490753650665
278,0.21130585670471191,0.014159169048070908
279,0.26423555612564087,0.03781699389219284
280,0.09179813414812088,0.07002396136522293
281,0.7260183095932007,0.04044855013489723
282,0.17598748207092285,0.062316179275512695
283,0.3627071678638458,0.06440363824367523
284,0.4748707711696625,0.03923667594790459
285,0.33996009826660156,0.05487535148859024
286,0.20630115270614624,0.030538709834218025
287,0.1435905396938324,0.04511318355798721
288,0.4714173674583435,0.0769842192530632
289,0.2789934277534485,0.017098253592848778
290,0.26939815282821655,0.04123271256685257
291,0.13565798103809357,0.049106840044260025
292,0.5160859823226929,0.049613505601882935
293,0.5432111620903015,0.0894661471247673
294,0.16958142817020416,0.018809176981449127
295,0.24999523162841797,0.030282486230134964
296,0.3966634273529053,0.08061038702726364
297,0.20870640873908997,0.06481748819351196
298,0.08440090715885162,0.06008879840373993
299,0.22111332416534424,0.05227228254079819
300,0.21095696091651917,0.0702097937464714
301,0.16252699494361877,0.06423293054103851
302,0.34995707869529724,0.15666598081588745
303,0.5578035116195679,0.08195292949676514
304,0.3651716113090515,0.04506126791238785
305,0.20618000626564026,0.057275209575891495
306,0.3776034712791443,0.04888531565666199
307,0.1752023696899414,0.026535101234912872
308,0.21486438810825348,0.038034889847040176
309,0.2507897615432739,0.09742186963558197
310,0.28513479232788086,0.04263431206345558
311,0.16068090498447418,0.05811161547899246
312,0.06592907011508942,0.07617871463298798
313,0.11420990526676178,0.03812947869300842
314,0.5256872177124023,0.04445026069879532
315,0.5176599025726318,0.07650244235992432
316,0.338419646024704,0.013445083983242512
317,0.4392428994178772,0.09856730699539185
318,0.5384609699249268,0.06800603121519089
319,0.4141230583190918,0.2046566605567932
320,0.29323601722717285,0.049139879643917084
321,0.37278658151626587,0.046307869255542755
322,0.4456508457660675,0.05035213753581047
323,0.2563512921333313,0.06110401451587677
324,0.543840765953064,0.10098322480916977
325,0.1792134791612625,0.13692015409469604
326,0.11081135272979736,0.11664451658725739
327,0.16144372522830963,0.11136800050735474
328,0.22238211333751678,0.042862653732299805
329,0.2464449256658554,0.07972833514213562
330,0.28209158778190613,0.08768274635076523
331,0.16406287252902985,0.06278221309185028
332,0.26248690485954285,0.0350629985332489
333,0.15375767648220062,0.07502199709415436
334,0.1981084644794464,0.038205504417419434
335,0.07845910638570786,0.055623859167099
336,0.2991389334201813,0.055133428424596786
337,0.1449141949415207,0.05846938490867615
338,0.18645180761814117,0.04567330703139305
339,0.1518738865852356,0.10168592631816864
340,0.16413310170173645,0.045874908566474915
341,0.3862212896347046,0.04301758110523224
342,0.25302958488464355,0.044412653893232346
343,0.3500100076198578,0.029782801866531372
344,0.7112597227096558,0.043989166617393494
345,0.4628215432167053,0.1821429431438446
346,0.17080208659172058,0.015663964673876762
347,0.22729367017745972,0.0668276846408844
348,0.48697924613952637,0.04551475867629051
349,0.23864775896072388,0.02282930724322796
350,0.5309241414070129,0.03091113455593586
351,0.281986802816391,0.05289037153124809
352,0.2731582820415497,0.10932744294404984
353,0.7654237747192383,0.17625726759433746
354,0.9553382396697998,0.04467102140188217
355,0.35821589827537537,0.11666782200336456
356,0.2352599948644638,0.0706394612789154
357,0.22361338138580322,0.04940248653292656
358,0.16776452958583832,0.06527150422334671
359,0.21731612086296082,0.06221162900328636
360,0.2434462308883667,0.09774350374937057
361,0.26582592725753784,0.0629843920469284
362,0.26570117473602295,0.026722000911831856
363,0.3894728124141693,0.029926907271146774
364,0.3817976117134094,0.017450205981731415
365,0.178476482629776,0.05831750109791756
366,0.21542689204216003,0.05647293105721474
367,0.1943546086549759,0.05694235861301422
368,0.4082155227661133,0.06151552125811577
369,0.5481428503990173,0.03980010375380516
370,0.17479124665260315,0.10530151426792145
371,0.13548873364925385,0.08347570896148682
372,0.16773079335689545,0.037262849509716034
373,0.0799252986907959,0.06934762746095657
374,0.10030727833509445,0.04631387069821358
375,0.14408589899539948,0.07872324436903
376,0.2800883650779724,0.08418727666139603
377,0.5138411521911621,0.11928212642669678
378,0.2427288293838501,0.06147082895040512
379,0.22740595042705536,0.03512338548898697
380,0.21790242195129395,0.044607214629650116
381,0.3523635268211365,0.06593765318393707
382,0.3121455907821655,0.032722678035497665
383,0.3140871226787567,0.059015076607465744
384,0.0784187912940979,0.05501512810587883
385,0.46093207597732544,0.04709940403699875
386,0.6898797154426575,0.041107986122369766
387,0.11337736248970032,0.057846199721097946
388,0.19113725423812866,0.04405158385634422
389,0.15127259492874146,0.1622060239315033
390,0.28710106015205383,0.03825656324625015
391,0.3167056143283844,0.067172572016716
392,0.2320307344198227,0.09899690747261047
393,0.12473908066749573,0.1783725917339325
394,0.13626429438591003,0.06084492802619934
395,0.13709574937820435,0.18623723089694977
396,0.25397878885269165,0.11715804785490036
397,0.6200640797615051,0.036967191845178604
398,0.11726205050945282,0.04083557799458504
399,0.4485556483268738,0.04263706132769585
400,0.3097900450229645,0.09909278899431229
401,0.1611458957195282,0.13594894111156464
402,0.29338085651397705,0.07706515491008759
403,0.24718064069747925,0.08010181039571762
404,0.40842679142951965,0.09793879836797714
405,0.24753335118293762,0.10287132859230042
406,0.3068704307079315,0.0533873587846756
407,0.3058498501777649,0.11360866576433182
408,0.3548653721809387,0.04925518482923508
409,0.25890934467315674,0.05248194560408592
410,0.5790785551071167,0.05418209731578827
411,0.21375314891338348,0.0239255428314209
412,0.08590880036354065,0.05211940035223961
413,0.2160615772008896,0.020606471225619316
414,0.17223510146141052,0.03030325472354889
415,0.17266425490379333,0.04649901017546654
416,0.27367982268333435,0.13476942479610443
417,0.20723828673362732,0.08638157695531845
418,0.06845112890005112,0.1260814368724823
419,0.3523019552230835,0.05266071856021881
420,0.35320690274238586,0.04951111227273941
421,0.4038204252719879,0.06085130572319031
422,0.06839407980442047,0.015582451596856117
423,0.21605730056762695,0.03943820297718048
424,0.2446141541004181,0.13743282854557037
425,0.47790685296058655,0.023165658116340637
426,0.10320231318473816,0.0958886668086052
427,0.31242427229881287,0.09070703387260437
428,0.43312227725982666,0.07621951401233673
429,0.19273260235786438,0.04063114523887634
430,0.18681733310222626,0.04497695714235306
431,0.41461557149887085,0.03203115612268448
432,0.532468855381012,0.08597028255462646
433,0.4508605897426605,0.0905991792678833
434,0.29589664936065674,0.0694865733385086
435,0.42798811197280884,0.04016991704702377
436,0.2069854736328125,0.06727415323257446
437,0.42347583174705505,0.07599468529224396
438,0.20809604227542877,0.05050952732563019
439,0.43658238649368286,0.0865013375878334
440,0.09004956483840942,0.11022381484508514
441,0.4895325005054474,0.09918070584535599
442,0.2281758189201355,0.05098767951130867
443,0.11949197947978973,0.10160472244024277
444,0.44916409254074097,0.08943284302949905
445,0.47976914048194885,0.15111495554447174
446,0.0665707215666771,0.06409265846014023
447,0.0266964640468359,0.07465481013059616
448,0.20152465999126434,0.06694960594177246
449,0.2772117257118225,0.05099008232355118
450,0.6193526387214661,0.057375989854335785
451,0.18052637577056885,0.03581654280424118
452,0.4047848582267761,0.06625290215015411
453,0.3655587136745453,0.036697112023830414
454,0.1605936884880066,0.1714034378528595
455,0.45184898376464844,0.04701251536607742
456,0.1339191198348999,0.05704226344823837
457,0.2343067228794098,0.08350570499897003
458,0.24102342128753662,0.05925755947828293
459,0.3171232342720032,0.025963250547647476
460,0.27951475977897644,0.060826897621154785
461,0.10043562948703766,0.021153468638658524
462,0.35418128967285156,0.07557164877653122
463,0.4526015520095825,0.03911896049976349
464,0.34798943996429443,0.02455201745033264
465,0.6855289936065674,0.029644954949617386
466,0.1557837277650833,0.10399304330348969
467,0.17641107738018036,0.10379606485366821
468,0.43949824571609497,0.205155611038208
469,0.2370634227991104,0.049843672662973404
470,0.5186930298805237,0.058970995247364044
471,0.38067153096199036,0.031496234238147736
472,0.29766955971717834,0.06464815884828568
473,0.23849907517433167,0.05383007973432541
474,0.13347706198692322,0.07354867458343506
475,0.09013889729976654,0.1271270513534546
476,0.41138848662376404,0.054846614599227905
477,0.21591363847255707,0.1357308030128479
478,0.41733765602111816,0.0489201657474041
479,0.13861753046512604,0.054117701947689056
480,0.2569616436958313,0.09954463690519333
481,0.2552875876426697,0.11575794219970703
482,0.11618354916572571,0.10936020314693451
483,0.2351098507642746,0.04784470051527023
484,0.1116180419921875,0.018600303679704666
485,0.29916512966156006,0.08691617846488953
486,0.18815256655216217,0.016343191266059875
487,0.1392643302679062,0.03389664366841316
488,0.0879860371351242,0.07789696007966995
489,0.4803517460823059,0.08062031865119934
490,0.28626546263694763,0.03399406373500824
491,0.7520615458488464,0.081804059445858
492,0.24165576696395874,0.1398768573999405
493,0.46341976523399353,0.15308621525764465
494,0.3571779727935791,0.05991183593869209
495,0.6604955196380615,0.04678798094391823
496,0.11150352656841278,0.03733241558074951
497,0.16180381178855896,0.1145891323685646
498,0.45122233033180237,0.04512698948383331
499,0.5658318996429443,0.01767236739397049
500,0.34776630997657776,0.016971798613667488
501,0.24488934874534607,0.09679950773715973
502,0.13202358782291412,0.040131643414497375
503,0.3008606433868408,0.0508483462035656
504,0.6101189851760864,0.10844539105892181
505,0.4427712559700012,0.0612393356859684
506,0.2192762792110443,0.06853333115577698
507,0.13223731517791748,0.10953977704048157
508,0.11713839322328568,0.1282956451177597
509,0.3205239772796631,0.0799320861697197
510,0.589293897151947,0.09141664206981659
511,0.3699617087841034,0.05280885100364685
512,0.13200782239437103,0.10425958037376404
513,0.22356157004833221,0.05855954810976982
514,0.412184476852417,0.04808773845434189
515,0.22351285815238953,0.020536372438073158
516,0.20646217465400696,0.04917387664318085
517,0.5126757621765137,0.10521958023309708
518,0.5045047998428345,0.0900222659111023
519,0.10342784970998764,0.06937263906002045
520,0.21219965815544128,0.15666954219341278
521,0.32297033071517944,0.1076238676905632
522,0.3496672213077545,0.07208381593227386
523,0.06995847821235657,0.04857563599944115
524,0.15672849118709564,0.053376149386167526
525,0.33891555666923523,0.08051646500825882
526,0.1694422960281372,0.03590793162584305
527,0.3502793312072754,0.023929040879011154
528,0.23923924565315247,0.06551362574100494
529,0.5027896761894226,0.05935579910874367
530,0.11774705350399017,0.08927648514509201
531,0.1820582151412964,0.044591084122657776
532,0.0711359828710556,0.0579703263938427
533,0.389441579580307,0.07745151221752167
534,0.3267256021499634,0.012491215951740742
535,0.2038862705230713,0.056394342333078384
536,0.228529155254364,0.18981997668743134
537,0.17337167263031006,0.05342754349112511
538,0.04686753451824188,0.05556647479534149
539,0.14958691596984863,0.04541071876883507
540,0.15566979348659515,0.027035538107156754
541,0.3471076786518097,0.03767077624797821
542,0.5092097520828247,0.040966399013996124
543,0.19655755162239075,0.012914309278130531
544,0.3504475951194763,0.06698407977819443
545,0.4337890148162842,0.07674875110387802
546,0.36924052238464355,0.09947824478149414
547,0.15916432440280914,0.0570465549826622
548,0.6504119634628296,0.0404374822974205
549,0.3101232051849365,0.03220324218273163
550,0.7432360649108887,0.01938776485621929
551,0.12897908687591553,0.03283587843179703
552,0.5163968205451965,0.055244170129299164
553,0.6076688766479492,0.14123785495758057
554,0.16739284992218018,0.12977969646453857
555,0.10224781185388565,0.0967259332537651
556,0.3518763482570648,0.05409542843699455
557,0.6114137172698975,0.15864571928977966
558,0.09827998280525208,0.18486234545707703
559,0.4323267340660095,0.08069867640733719
560,0.2889469861984253,0.1742914766073227
561,0.3640401363372803,0.0808386355638504
562,0.12116946280002594,0.1200917512178421
563,0.25654536485671997,0.0445001982152462
564,0.12923133373260498,0.06587877869606018
565,0.2528623938560486,0.03003975749015808
566,0.21437165141105652,0.006459568161517382
567,0.1777961254119873,0.07636977732181549
568,0.1544405221939087,0.02443280816078186
569,0.4701234698295593,0.10699960589408875
570,0.2618723511695862,0.042364008724689484
571,0.09625034034252167,0.0596228651702404
572,0.2701292335987091,0.03261193633079529
573,0.24764610826969147,0.04839659482240677
574,0.1605302095413208,0.12105324864387512
575,0.38765817880630493,0.04119376838207245
576,0.41184914112091064,0.10671846568584442
577,0.2560727894306183,0.045768171548843384
578,0.2259083390235901,0.038931362330913544
579,0.4917811155319214,0.0536385104060173
580,0.4267587959766388,0.07161901146173477
581,0.17704059183597565,0.04663093760609627
582,0.82991623878479,0.049359820783138275
583,0.4610130488872528,0.02851228043437004
584,0.25049179792404175,0.1542249619960785
585,0.350500226020813,0.08569279313087463
586,0.4590822160243988,0.09321793913841248
587,0.23399868607521057,0.05951849743723869
588,0.11892043054103851,0.07299873232841492
589,0.1304473876953125,0.07724021375179291
590,0.38468411564826965,0.057816989719867706
591,0.3066997826099396,0.05884573981165886
592,0.9441214203834534,0.07890617847442627
593,0.10347235947847366,0.0530410036444664
594,0.651533305644989,0.05148687586188316
595,0.17893971502780914,0.09784561395645142
596,0.20513130724430084,0.028930913656949997
597,0.13520601391792297,0.10615919530391693
598,0.42381489276885986,0.11500898748636246
599,0.16623413562774658,0.04799272119998932
600,0.051078200340270996,0.06278984993696213
601,0.2736835479736328,0.05254806578159332
602,0.2748355269432068,0.19362451136112213
603,0.5831536054611206,0.04552885517477989
604,1.0754144191741943,0.0990026593208313
605,0.4086170494556427,0.05500109866261482
606,0.22764036059379578,0.032441575080156326
607,0.1039305180311203,0.053611017763614655
608,0.09430482238531113,0.043812256306409836
609,0.2659722864627838,0.035122279077768326
610,0.3214421570301056,0.06173781678080559
611,0.2756006419658661,0.02730557695031166
612,0.22575414180755615,0.04515807330608368
613,0.08697998523712158,0.1397043615579605
614,0.28315067291259766,0.031347062438726425
615,0.9736226797103882,0.03741874173283577
616,0.5525383949279785,0.032425738871097565
617,0.2496451884508133,0.050269387662410736
618,0.23368458449840546,0.07065831124782562
619,0.30283284187316895,0.12579938769340515
620,0.20440000295639038,0.07536736130714417
621,0.12083875387907028,0.013793379999697208
622,0.16865164041519165,0.0541265606880188
623,0.14312729239463806,0.009234861470758915
624,0.6517102718353271,0.10890567302703857
625,0.3200047016143799,0.09623013436794281
626,0.15504363179206848,0.09068533033132553
627,0.5018976926803589,0.1319393366575241
628,0.32966357469558716,0.12483815103769302
629,0.7535352110862732,0.13578197360038757
630,0.1071300134062767,0.09960497915744781
631,0.3073698878288269,0.09239229559898376
632,0.05214235186576843,0.06016101688146591
633,0.09862175583839417,0.10885275900363922
634,0.16786372661590576,0.06700623035430908
635,0.3425476551055908,0.021215789020061493
636,0.43686139583587646,0.071748286485672
637,0.34231695532798767,0.044145725667476654
638,0.24706824123859406,0.20526525378227234
639,0.3448694050312042,0.06005295366048813
640,0.25302940607070923,0.04797910153865814
641,0.2003309726715088,0.09942880272865295
642,0.9878782033920288,0.07363490015268326
643,0.4008660614490509,0.02922293357551098
644,0.10715445131063461,0.2233213186264038
645,0.23861175775527954,0.05777779221534729
646,0.17244765162467957,0.06567694246768951
647,0.43146440386772156,0.06414900720119476
648,0.3353918790817261,0.014772453345358372
649,0.23220986127853394,0.031245291233062744
650,0.16072776913642883,0.016520965844392776
651,0.39984697103500366,0.03614708036184311
652,0.1560342013835907,0.08289428055286407
653,0.31663841009140015,0.1397707164287567
654,0.1934739351272583,0.05427507311105728
655,0.503886342048645,0.08675742149353027
656,0.37178489565849304,0.09030503779649734
657,0.09941251575946808,0.1243867576122284
658,0.2342362105846405,0.019224219024181366
659,0.23611482977867126,0.09554387629032135
660,0.1083214208483696,0.09218980371952057
661,0.2732880711555481,0.09684370458126068
662,0.11032107472419739,0.058270007371902466
663,0.07587334513664246,0.039319947361946106
664,0.11545659601688385,0.03264934569597244
665,0.7398306727409363,0.0775374174118042
666,0.18258817493915558,0.057167865335941315
667,0.1747206151485443,0.01056324876844883
668,0.5325302481651306,0.03360988572239876
669,0.20065848529338837,0.018956383690238
670,0.39104437828063965,0.024486757814884186
671,0.664641261100769,0.12461849302053452
672,0.25781938433647156,0.04806125909090042
673,0.39245638251304626,0.04738085716962814
674,0.4413149356842041,0.09523887932300568
675,0.2231827676296234,0.08402659744024277
676,0.30983901023864746,0.056579962372779846
677,0.3274754285812378,0.03982095420360565
678,0.6450549364089966,0.1127437874674797
679,0.3268740177154541,0.05713120102882385
680,0.402101069688797,0.017257515341043472
681,0.28929030895233154,0.035984694957733154
682,0.5358355045318604,0.08699914813041687
683,0.42204540967941284,0.06415187567472458
684,0.1893933117389679,0.09850092232227325
685,0.27623340487480164,0.08527541905641556
686,0.2699296176433563,0.11743560433387756
687,0.4112638831138611,0.1276354193687439
688,0.32233959436416626,0.07524487376213074
689,0.319804310798645,0.04677499830722809
690,0.13846029341220856,0.19108986854553223
691,0.23476727306842804,0.08149095624685287
692,0.2222377210855484,0.04175017774105072
693,0.3790568709373474,0.07394600659608841
694,0.2598683536052704,0.11743105202913284
695,0.1850094348192215,0.07428424060344696
696,0.3127235174179077,0.039940427988767624
697,0.277847558259964,0.09065945446491241
698,0.15271829068660736,0.05681896209716797
699,0.5905975699424744,0.05982357636094093
700,0.4453473687171936,0.03869330883026123
701,0.1354096382856369,0.029633456841111183
702,0.18309539556503296,0.10145165771245956
703,0.4716475307941437,0.06254734843969345
704,0.18074315786361694,0.07041065394878387
705,0.4054354727268219,0.016033239662647247
706,0.507971465587616,0.12330912053585052
707,1.0323888063430786,0.12490019202232361
708,0.35357439517974854,0.0748765766620636
709,0.17130649089813232,0.047927889972925186
710,0.25930240750312805,0.028724927455186844
711,0.05441466346383095,0.06703459471464157
712,0.10022188723087311,0.041443973779678345
713,0.3900851607322693,0.08241591602563858
714,0.11258251965045929,0.055327583104372025
715,0.3379212021827698,0.018200386315584183
716,0.14924246072769165,0.08024609088897705
717,0.5890123844146729,0.10453633219003677
718,0.2806342542171478,0.02796613983809948
719,0.17497079074382782,0.007277427241206169
720,0.333865225315094,0.039188582450151443
721,0.4994451403617859,0.04074297100305557
722,0.3437053859233856,0.08623556792736053
723,0.0826827883720398,0.0467207096517086
724,0.22067022323608398,0.06693075597286224
725,0.2965327203273773,0.09273158013820648
726,0.20875748991966248,0.006853525992482901
727,0.292153537273407,0.036649830639362335
728,0.4281094968318939,0.05856611207127571
729,0.3788260817527771,0.05858442187309265
730,0.19125007092952728,0.03544057905673981
731,0.38254278898239136,0.06477098166942596
732,0.2693434953689575,0.10535641014575958
733,0.211650088429451,0.08660154789686203
734,0.20801162719726562,0.10700012743473053
735,0.299507200717926,0.043796248733997345
736,0.2151820957660675,0.02419276162981987
737,0.45250609517097473,0.0425509437918663
738,0.17549337446689606,0.022178109735250473
739,0.10850013047456741,0.09635618329048157
740,0.24521325528621674,0.045298490673303604
741,0.2198440283536911,0.02480439841747284
742,0.3300509452819824,0.10164141654968262
743,0.4765901565551758,0.03320176154375076
744,0.5290623903274536,0.04468692094087601
745,0.2009068727493286,0.02686823531985283
746,0.34862369298934937,0.047462910413742065
747,0.5279783010482788,0.0560152530670166
748,0.30945900082588196,0.08100515604019165
749,0.1456938236951828,0.05277841538190842
750,0.7879436016082764,0.05548233911395073
751,0.6974687576293945,0.03448370844125748
752,0.4565267562866211,0.050782881677150726
753,0.2065642774105072,0.0708838552236557
754,0.30563774704933167,0.05706249922513962
755,0.4216092824935913,0.025333156809210777
756,0.10120689868927002,0.03531157597899437
757,0.31982600688934326,0.040050067007541656
758,0.19081507623195648,0.13833093643188477
759,0.7698540091514587,0.14186279475688934
760,0.17225465178489685,0.09246890991926193
761,0.3805224895477295,0.049382321536540985
762,0.16369448602199554,0.026382407173514366
763,0.44998812675476074,0.10291184484958649
764,0.3234332203865051,0.07287561148405075
765,0.27034062147140503,0.2009986937046051
766,0.4199467897415161,0.008757701143622398
767,0.25782907009124756,0.03188614919781685
768,0.27618736028671265,0.05675515532493591
769,0.6886813640594482,0.11439768970012665
770,0.5270496010780334,0.1438131183385849
771,0.5328510999679565,0.019405381754040718
772,0.3034467399120331,0.05577573925256729
773,0.11874251067638397,0.03843313083052635
774,0.11107407510280609,0.049542076885700226
775,0.16982731223106384,0.1008545458316803
776,0.24550102651119232,0.041791386902332306
777,0.434906005859375,0.021440619602799416
778,0.4449535608291626,0.028990142047405243
779,1.3883373737335205,0.16221199929714203
780,0.3726349472999573,0.10406593233346939
781,0.2627086639404297,0.19778265058994293
782,0.11444742977619171,0.04162830859422684
783,0.23851047456264496,0.049928005784749985
784,0.2786760628223419,0.041723769158124924
785,0.41043683886528015,0.0626680850982666
786,0.1696110963821411,0.040821708738803864
787,0.11034374684095383,0.06317326426506042
788,0.2325802594423294,0.041236184537410736
789,0.11776795983314514,0.05573570355772972
790,0.282966673374176,0.00991769414395094
791,0.24745038151741028,0.034400422126054764
792,0.25189465284347534,0.03685573488473892
793,0.31941184401512146,0.049310751259326935
794,0.6325763463973999,0.10471680760383606
795,0.38707274198532104,0.08210819214582443
796,0.5127450227737427,0.16765405237674713
797,0.15334531664848328,0.06731520593166351
798,0.43818598985671997,0.03644691780209541
799,0.19549718499183655,0.07254600524902344
800,0.41521012783050537,0.08858081698417664
801,0.7095521688461304,0.031222190707921982
802,0.13467203080654144,0.06733587384223938
803,0.1533423364162445,0.05429185926914215
804,0.4440684914588928,0.053750179708004
805,0.48563581705093384,0.08372710645198822
806,0.5366109013557434,0.033604249358177185
807,0.8051347732543945,0.02758529782295227
808,0.09038008749485016,0.13821685314178467
809,0.16019684076309204,0.06427479535341263
810,0.1759767234325409,0.0890502780675888
811,0.34595954418182373,0.01725916750729084
812,0.07402245700359344,0.06745003163814545
813,0.30761685967445374,0.0361456498503685
814,0.1432163119316101,0.16756749153137207
815,0.17577344179153442,0.13644185662269592
816,0.21024301648139954,0.09147214889526367
817,0.11047671735286713,0.04806731641292572
818,0.12127232551574707,0.14294561743736267
819,0.37116292119026184,0.046246591955423355
820,0.1700432002544403,0.08507954329252243
821,0.3031511902809143,0.066024050116539
822,0.34729641675949097,0.07568879425525665
823,0.27102017402648926,0.12269186228513718
824,0.09640075266361237,0.1249801516532898
825,0.1744760274887085,0.05370528623461723
826,0.18384644389152527,0.16200269758701324
827,0.10263492912054062,0.05676327645778656
828,0.27519676089286804,0.039814773947000504
829,0.11796864867210388,0.019683757796883583
830,0.285025954246521,0.06035495176911354
831,0.761612057685852,0.10229223221540451
832,0.2333187311887741,0.05124041810631752
833,0.19411371648311615,0.10060712695121765
834,0.322181761264801,0.019880129024386406
835,0.17126041650772095,0.08550220727920532
836,0.1682204306125641,0.046881698071956635
837,0.1379687786102295,0.018105030059814453
838,0.3248969316482544,0.042380429804325104
839,0.21353702247142792,0.0058939154259860516
840,0.6347824335098267,0.02203892171382904
841,0.4657630920410156,0.02862931415438652
842,0.18267911672592163,0.0484461672604084
843,0.1285676807165146,0.1035601794719696
844,0.2632955312728882,0.052999649196863174
845,0.44542860984802246,0.05804349482059479
846,0.3184429109096527,0.024588866159319878
847,0.36760589480400085,0.06512011587619781
848,0.3672999143600464,0.053914301097393036
849,0.3656335175037384,0.05124015361070633
850,0.14636971056461334,0.031098198145627975
851,0.7121448516845703,0.04623156040906906
852,0.48135238885879517,0.019621871411800385
853,0.5410052537918091,0.049505509436130524
854,0.22528545558452606,0.10424105823040009
855,0.1982438564300537,0.038137562572956085
856,0.0814964547753334,0.11852745711803436
857,0.14531297981739044,0.07277032732963562
858,0.5202581286430359,0.09833945333957672
859,0.394733190536499,0.03645101934671402
860,0.17834708094596863,0.02039347030222416
861,0.32482200860977173,0.0773717388510704
862,0.22862432897090912,0.02764715626835823
863,0.12037655711174011,0.018651090562343597
864,0.5139789581298828,0.03872353583574295
865,0.3922409117221832,0.10015862435102463
866,0.4878377914428711,0.11639003455638885
867,0.34188711643218994,0.04482980817556381
868,0.1268225908279419,0.014311201870441437
869,0.23521894216537476,0.09665842354297638
870,0.34031006693840027,0.0475078746676445
871,0.38473746180534363,0.024821197614073753
872,0.18015708029270172,0.023097403347492218
873,0.3029339015483856,0.09870155900716782
874,0.1946464329957962,0.0229027196764946
875,0.2060374915599823,0.08958698809146881
876,0.19618095457553864,0.07997820526361465
877,0.22699913382530212,0.07939264178276062
878,0.2644147574901581,0.05053279921412468
879,0.08445502817630768,0.039625488221645355
880,0.20716592669487,0.025263793766498566
881,0.1528017371892929,0.02052743174135685
882,0.14240792393684387,0.03675967454910278
883,0.05687985569238663,0.05688612908124924
884,0.2810058295726776,0.1712823063135147
885,0.23040556907653809,0.09714682400226593
886,0.2892902195453644,0.04109341651201248
887,0.14159688353538513,0.023394593968987465
888,0.09012302756309509,0.07466752827167511
889,0.2752380669116974,0.07370952516794205
890,0.3844256103038788,0.03383635729551315
891,0.3098573386669159,0.03013935312628746
892,0.5983474254608154,0.10256719589233398
893,0.28321951627731323,0.053691305220127106
894,0.33469122648239136,0.11643367260694504
895,0.37761345505714417,0.04302489757537842
896,0.2381490170955658,0.09222978353500366
897,0.10943461209535599,0.027935251593589783
898,0.321712851524353,0.054926078766584396
899,0.16399776935577393,0.1276228427886963
900,0.19073665142059326,0.026345165446400642
901,0.08951398730278015,0.030029647052288055
902,0.30257365107536316,0.07717879116535187
903,0.48113036155700684,0.07388786971569061
904,0.1681010127067566,0.1601259410381317
905,0.5417230725288391,0.05601242184638977
906,0.34692344069480896,0.052066266536712646
907,0.380010724067688,0.046296797692775726
908,0.26299232244491577,0.09049899876117706
909,0.19871759414672852,0.05001796782016754
910,0.31171321868896484,0.2761740982532501
911,0.5462521910667419,0.01810973696410656
912,0.047279808670282364,0.031282201409339905
913,0.2980583608150482,0.02498219721019268
914,0.24048882722854614,0.053677383810281754
915,0.2626808285713196,0.06563150882720947
916,0.12670403718948364,0.053143978118896484
917,0.15254893898963928,0.07736786454916
918,0.19286134839057922,0.06431308388710022
919,0.26475462317466736,0.014461609534919262
920,0.12045811116695404,0.11941754817962646
921,0.09228738397359848,0.015757834538817406
922,0.7159600853919983,0.06842415779829025
923,0.0728851854801178,0.10261895507574081
924,0.23593300580978394,0.034920237958431244
925,0.09822220355272293,0.02713662199676037
926,0.2217530757188797,0.02139899507164955
927,0.3050927221775055,0.06880471855401993
928,0.3408166766166687,0.1407904326915741
929,0.09673447161912918,0.039457742124795914
930,0.650037944316864,0.09129785001277924
931,0.26447606086730957,0.16999728977680206
932,0.2877223491668701,0.017756331712007523
933,0.6596511602401733,0.11382617056369781
934,0.5026649236679077,0.13900171220302582
935,0.2457084357738495,0.09674261510372162
936,0.8702735304832458,0.06280302256345749
937,0.5117629766464233,0.03605137765407562
938,0.36644455790519714,0.08000394701957703
939,0.19278950989246368,0.04351803660392761
940,0.21753934025764465,0.027689442038536072
941,0.12011446058750153,0.017225243151187897
942,0.09004716575145721,0.05657203495502472
943,0.5377030968666077,0.09881223738193512
944,0.19333313405513763,0.030511293560266495
945,0.8114925026893616,0.056113265454769135
946,0.2877950966358185,0.1249493882060051
947,0.1485801339149475,0.04712503403425217
948,0.30875036120414734,0.053619954735040665
949,0.39561665058135986,0.07532472908496857
950,0.23764023184776306,0.14792798459529877
951,0.9415630102157593,0.18959039449691772
952,0.3334263265132904,0.0695982277393341
953,0.26848286390304565,0.0452444888651371
954,0.3228519558906555,0.037382952868938446
955,0.44251391291618347,0.04041677713394165
956,0.6146042346954346,0.05752582475543022
957,0.5365996360778809,0.06413280218839645
958,0.42512619495391846,0.12626948952674866
959,0.38541534543037415,0.11819066107273102
960,0.35462623834609985,0.12758389115333557
961,0.2205480933189392,0.04973950609564781
962,0.1636473536491394,0.008013986982405186
963,0.2053385227918625,0.013769891113042831
964,0.13752618432044983,0.03240327164530754
965,0.1595071256160736,0.04265448451042175
966,0.4013386368751526,0.029785318300127983
967,0.126473531126976,0.06875669211149216
968,0.14677360653877258,0.010210010223090649
969,0.16070693731307983,0.04351458698511124
970,0.1304645538330078,0.06789538264274597
971,0.12974487245082855,0.05264154076576233
972,0.15692415833473206,0.03824402019381523
973,0.19513705372810364,0.12063826620578766
974,0.31584519147872925,0.05763696879148483
975,0.39451634883880615,0.032567016780376434
976,0.5439707040786743,0.01950688101351261
977,0.2629275619983673,0.16696643829345703
978,0.1641390323638916,0.04422407224774361
979,0.4863907992839813,0.07807531952857971
980,0.11445819586515427,0.021984253078699112
981,0.37590330839157104,0.025535784661769867
982,0.017183050513267517,0.04206037148833275
983,0.09445326030254364,0.05188344419002533
984,0.6644494533538818,0.15372954308986664
985,0.8630121946334839,0.024396784603595734
986,0.301279217004776,0.06474979221820831
987,0.7923346757888794,0.02933112159371376
988,0.4878230690956116,0.04218723624944687
989,0.21501226723194122,0.019311195239424706
990,0.6268967390060425,0.10442597419023514
991,0.17571014165878296,0.033109307289123535
992,0.3510499894618988,0.058566562831401825
993,0.1430911123752594,0.04193289950489998
994,0.08063923567533493,0.05592746660113335
995,0.4973717927932739,0.07842762023210526
996,0.7013190388679504,0.05499151349067688
997,0.13888315856456757,0.05111716315150261
998,0.42976588010787964,0.04794790595769882
999,0.3722171187400818,0.05049575865268707
1000,0.14911682903766632,0.07506632804870605
1001,0.14699521660804749,0.07200334966182709
1002,0.040225666016340256,0.05459054186940193
1003,0.1657293289899826,0.05468149855732918
1004,0.5279173851013184,0.060039401054382324
1005,0.22681210935115814,0.05976516753435135
1006,0.3341251611709595,0.06528803706169128
1007,0.18146304786205292,0.17384493350982666
1008,0.3120381236076355,0.04033105447888374
1009,0.5872207880020142,0.12113723903894424
1010,0.2569245994091034,0.05638422816991806
1011,0.08754006773233414,0.17196053266525269
1012,0.3165431618690491,0.04878707975149155
1013,0.21956051886081696,0.053742945194244385
1014,0.13364249467849731,0.03704697638750076
1015,0.339084655046463,0.018149923533201218
1016,0.5333550572395325,0.016175925731658936
1017,0.11824536323547363,0.035756561905145645
1018,0.11899195611476898,0.035928819328546524
1019,0.1495959609746933,0.03961072862148285
1020,0.12868988513946533,0.014555953443050385
1021,0.05456896126270294,0.04867435619235039
1022,0.36934706568717957,0.0648440271615982
1023,0.23693561553955078,0.0529109463095665
1024,0.24494586884975433,0.009275347925722599
1025,0.21396157145500183,0.03513225540518761
1026,0.22468724846839905,0.03040315769612789
1027,0.09830944985151291,0.04223956912755966
1028,0.17374542355537415,0.06167721748352051
1029,0.17242427170276642,0.0948428362607956
1030,0.15227368474006653,0.11025731265544891
1031,0.19743812084197998,0.06608092784881592
1032,0.6321226358413696,0.05614085868000984
1033,0.13242465257644653,0.03084626980125904
1034,0.23472094535827637,0.07863742113113403
1035,0.17344191670417786,0.06257826834917068
1036,0.3411998152732849,0.06011461839079857
1037,0.2956421673297882,0.10893595218658447
1038,0.2907910943031311,0.037338778376579285
1039,0.14179468154907227,0.1424584686756134
1040,0.051584213972091675,0.07169646769762039
1041,0.16414566338062286,0.09487999975681305
1042,0.30481889843940735,0.05441644787788391
1043,0.14316797256469727,0.02155359275639057
1044,0.19624224305152893,0.08574603497982025
1045,0.22736069560050964,0.07856199890375137
1046,0.39023879170417786,0.03857287019491196
1047,0.3475719392299652,0.028242699801921844
1048,0.10321056842803955,0.07784683257341385
1049,0.27771878242492676,0.06608596444129944
1050,0.2032395601272583,0.05322381481528282
1051,0.17182421684265137,0.0899256095290184
1052,0.47828981280326843,0.06482694298028946
1053,0.5067287087440491,0.17042756080627441
1054,0.23007823526859283,0.022533763200044632
1055,0.2582220435142517,0.06654925644397736
1056,0.22013972699642181,0.07081089168787003
1057,0.2086971253156662,0.03862941265106201
1058,0.33902543783187866,0.06345069408416748
1059,0.4066421687602997,0.11247751116752625
1060,0.06834806501865387,0.043374061584472656
1061,0.38719552755355835,0.020135391503572464
1062,0.8251322507858276,0.016617923974990845
1063,0.17434103786945343,0.09229732304811478
1064,0.2672467529773712,0.04013068974018097
1065,0.2904832065105438,0.13791003823280334
1066,0.3493604063987732,0.03644851595163345
1067,0.3423583507537842,0.14398908615112305
1068,0.1361324042081833,0.009974770247936249
1069,0.11755330115556717,0.016394950449466705
1070,0.3694908320903778,0.0752643272280693
1071,0.17619000375270844,0.010263688862323761
1072,0.2991359829902649,0.039381932467222214
1073,0.25620782375335693,0.038747914135456085
1074,0.06682409346103668,0.022357800975441933
1075,0.5169075727462769,0.05875087156891823
1076,0.3344661593437195,0.010159559547901154
1077,0.07710427790880203,0.05937592312693596
1078,0.2209511697292328,0.04890524595975876
1079,0.088247150182724,0.03873152658343315
1080,0.19266939163208008,0.0425572469830513
1081,0.18410396575927734,0.03959298133850098
1082,0.16697025299072266,0.04029366374015808
1083,0.42441022396087646,0.08906705677509308
1084,0.13286390900611877,0.06099506467580795
1085,0.08239268511533737,0.06106007844209671
1086,0.3146387040615082,0.08482396602630615
1087,0.11949048191308975,0.01352483220398426
1088,0.11768299341201782,0.06925010681152344
1089,0.13123014569282532,0.030689407140016556
1090,0.13858197629451752,0.07718278467655182
1091,0.17393164336681366,0.02392316237092018
1092,0.14377284049987793,0.018624264746904373
1093,0.08390623331069946,0.04201352596282959
1094,0.40706562995910645,0.010837635956704617
1095,0.1665627658367157,0.022763624787330627
1096,0.2702617943286896,0.02490154094994068
1097,0.19224195182323456,0.055385772138834
1098,0.11504563689231873,0.029505468904972076
1099,0.35683220624923706,0.030809622257947922
1100,0.2988244891166687,0.20472362637519836
1101,0.045281168073415756,0.011599075049161911
1102,0.19425711035728455,0.018746405839920044
1103,0.06339819729328156,0.04999925568699837
1104,0.22631746530532837,0.02484908699989319
1105,0.33692821860313416,0.0071735684759914875
1106,0.8078242540359497,0.06262567639350891
1107,0.33701473474502563,0.04792742803692818
1108,0.06900642812252045,0.056519947946071625
1109,0.1460082083940506,0.08917351812124252
1110,0.5588394403457642,0.04935722053050995
1111,0.41322776675224304,0.05069510638713837
1112,0.2332868129014969,0.028015006333589554
1113,0.11262540519237518,0.04910707101225853
1114,0.2684435248374939,0.08988608419895172
1115,0.48165392875671387,0.06621311604976654
1116,0.365103155374527,0.08182337135076523
1117,0.3417297601699829,0.03760744258761406
1118,0.1659688949584961,0.024307433515787125
1119,0.27036771178245544,0.01936100609600544
1120,0.3188318908214569,0.018290434032678604
1121,0.6238816976547241,0.07015274465084076
1122,0.16642171144485474,0.022237353026866913
1123,0.3008388876914978,0.03559822589159012
1124,0.5316162705421448,0.05395440757274628
1125,0.7908874750137329,0.04286764934659004
1126,0.1804841160774231,0.049794942140579224
1127,0.2761113941669464,0.07122683525085449
1128,0.24827367067337036,0.0935308188199997
1129,0.1994369477033615,0.06353548169136047
1130,0.13903754949569702,0.015256280079483986
1131,0.15369711816310883,0.027890078723430634
1132,0.1714337170124054,0.009852159768342972
1133,0.20069123804569244,0.05040078982710838
1134,0.417186975479126,0.047547221183776855
1135,0.24286577105522156,0.08349950611591339
1136,0.4900910258293152,0.021613474935293198
1137,0.11293848603963852,0.04773073270916939
1138,0.13760940730571747,0.012329351156949997
1139,0.18451903760433197,0.057748496532440186
1140,0.2589333653450012,0.08094708621501923
1141,0.11928591132164001,0.10463651269674301
1142,0.24642522633075714,0.22521160542964935
1143,0.24993696808815002,0.05299258604645729
1144,0.2634621262550354,0.13775406777858734
1145,0.04433342441916466,0.03508305177092552
1146,0.08223691582679749,0.038601458072662354
1147,0.4353327751159668,0.06865081191062927
1148,0.7182016372680664,0.04005178064107895
1149,0.19110363721847534,0.08554838597774506
1150,0.14525756239891052,0.07175947725772858
1151,0.444862425327301,0.03155095875263214
1152,0.6663446426391602,0.061612993478775024
1153,0.04960130900144577,0.04301555082201958
1154,0.2741761803627014,0.05834142491221428
1155,0.13109715282917023,0.02487940341234207
1156,0.1140272319316864,0.044968485832214355
1157,0.060026466846466064,0.03300660103559494
1158,0.18073312938213348,0.046922095119953156
1159,0.095957450568676,0.03526853024959564
1160,0.26769185066223145,0.055576737970113754
1161,0.30924928188323975,0.022061092779040337
1162,0.10064283013343811,0.04509900510311127
1163,0.14125938713550568,0.029038947075605392
1164,0.2220388650894165,0.06003788113594055
1165,0.22631371021270752,0.025250250473618507
1166,0.2911641001701355,0.04455980658531189
1167,0.5771964192390442,0.048217855393886566
1168,0.15341424942016602,0.05538206174969673
1169,0.395376980304718,0.06531596183776855
1170,0.0626986101269722,0.03944344073534012
1171,0.12270824611186981,0.02217421680688858
1172,0.2766896188259125,0.036833614110946655
1173,0.22690369188785553,0.03262202441692352
1174,0.09100759029388428,0.0338812917470932
1175,0.15636247396469116,0.08354086428880692
1176,0.26416462659835815,0.024407099932432175
1177,0.49066561460494995,0.019363177940249443
1178,0.2800353765487671,0.02713281661272049
1179,0.2970634996891022,0.019587140530347824
1180,0.25809362530708313,0.06346283853054047
1181,0.16132007539272308,0.0241667740046978
1182,0.16127151250839233,0.06181073933839798
1183,0.3219761252403259,0.04540835693478584
1184,0.10731573402881622,0.046337682753801346
1185,0.44840139150619507,0.0408455953001976
1186,0.2001427561044693,0.05010020360350609
1187,0.2272161990404129,0.05691232532262802
1188,0.1982036828994751,0.02703537791967392
1189,0.3005267083644867,0.13301795721054077
1190,0.36938920617103577,0.02588542364537716
1191,0.11611296981573105,0.05430665984749794
1192,0.40003153681755066,0.03845367208123207
1193,0.12066219747066498,0.07404153794050217
1194,0.518932580947876,0.05250207334756851
1195,0.17804743349552155,0.05831192806363106
1196,0.1948055922985077,0.10624240338802338
1197,0.16858530044555664,0.13792552053928375
1198,0.294207364320755,0.03936156630516052
1199,0.2046683430671692,0.07749404013156891
1200,0.1895114928483963,0.0335928350687027
1201,0.2003624588251114,0.036790478974580765
1202,0.33071792125701904,0.04842983931303024
1203,0.055667418986558914,0.020460978150367737
1204,0.14371946454048157,0.08827579021453857
1205,0.185389906167984,0.07643342018127441
1206,0.4011553227901459,0.054542142897844315
1207,0.1843663901090622,0.026792297139763832
1208,0.11020879447460175,0.07634001970291138
1209,0.1846059262752533,0.12923306226730347
1210,0.11075782775878906,0.07801690697669983
1211,0.5423771739006042,0.011276868171989918
1212,0.2823524475097656,0.007756495848298073
1213,0.12835748493671417,0.11796178668737411
1214,0.467666357755661,0.03346056491136551
1215,0.3904644548892975,0.1138487309217453
1216,0.2340858429670334,0.0551624670624733
1217,0.037712857127189636,0.05529766529798508
1218,0.34989726543426514,0.15176543593406677
1219,0.20034447312355042,0.027817007154226303
1220,0.21652494370937347,0.07524161040782928
1221,0.2550874948501587,0.05328074470162392
1222,0.3238084018230438,0.04786374047398567
1223,0.2426285296678543,0.047779686748981476
1224,0.28732365369796753,0.03156789019703865
1225,0.3631930947303772,0.0750637799501419
1226,0.4541988670825958,0.1679704785346985
1227,0.36986422538757324,0.1137695461511612
1228,0.21748726069927216,0.02652079612016678
1229,0.2534812390804291,0.04016184061765671
1230,0.3865729570388794,0.036974191665649414
1231,0.20554330945014954,0.009352227672934532
1232,0.2130207121372223,0.04564512148499489
1233,0.14991505444049835,0.025569861754775047
1234,0.046817928552627563,0.014997313730418682
1235,0.09429702907800674,0.017449915409088135
1236,0.04138536378741264,0.19098858535289764
1237,0.29557377099990845,0.02243262529373169
1238,0.3064107596874237,0.09241189062595367
1239,0.4514247477054596,0.03124157153069973
1240,0.18564221262931824,0.057989008724689484
1241,0.27411577105522156,0.029627984389662743
1242,0.1691291332244873,0.12849967181682587
1243,0.2412717044353485,0.011772451922297478
1244,0.19277356564998627,0.09562581777572632
1245,0.20943626761436462,0.047742463648319244
1246,0.06565053015947342,0.03746766969561577
1247,0.1266656070947647,0.04647858440876007
1248,0.19546720385551453,0.06139831990003586
1249,0.1556069403886795,0.011857911944389343
1250,0.12862545251846313,0.02981281280517578
1251,0.20052683353424072,0.0636647492647171
1252,0.12832026183605194,0.05049636587500572
1253,0.13956312835216522,0.0379575751721859
1254,0.07084134221076965,0.04463323578238487
1255,0.10112206637859344,0.22321739792823792
1256,0.054565638303756714,0.061797838658094406
1257,0.3495767116546631,0.010908225551247597
1258,0.1404312252998352,0.01689862459897995
1259,0.2700589597225189,0.07451993972063065
1260,0.42504972219467163,0.05742185190320015
1261,0.13577942550182343,0.03633138909935951
1262,0.06265496462583542,0.08042199164628983
1263,0.2696773111820221,0.043075256049633026
1264,0.18917879462242126,0.0664249137043953
1265,0.1670158952474594,0.10656777769327164
1266,0.2822554409503937,0.03651725873351097
1267,0.32245269417762756,0.08217424899339676
1268,0.0938425362110138,0.039460718631744385
1269,0.2193903625011444,0.041311539709568024
1270,0.3469044268131256,0.031491246074438095
1271,0.07627035677433014,0.09241339564323425
1272,0.8032225966453552,0.16614332795143127
1273,0.2162962406873703,0.10018837451934814
1274,0.3398069143295288,0.10470535606145859
1275,0.2317938506603241,0.07126045972108841
1276,0.4415593147277832,0.05053897574543953
1277,0.2528701424598694,0.019060485064983368
1278,0.24639318883419037,0.04902300611138344
1279,0.5096684098243713,0.0721108466386795
1280,0.18815657496452332,0.060420792549848557
1281,0.16526417434215546,0.021539023146033287
1282,0.20248547196388245,0.09300024807453156
1283,0.07616032660007477,0.05491603910923004
1284,0.2044183313846588,0.0842873752117157
1285,0.2747504711151123,0.028422266244888306
1286,0.30023831129074097,0.04989669844508171
1287,0.3763856887817383,0.03344343230128288
1288,0.18157437443733215,0.06059180945158005
1289,0.04540232941508293,0.09203031659126282
1290,0.1925302892923355,0.21976549923419952
1291,0.34427380561828613,0.02418379671871662
1292,0.3607323169708252,0.049685198813676834
1293,0.6906490325927734,0.18798483908176422
1294,0.28230634331703186,0.04178302735090256
1295,0.6952621936798096,0.0520361065864563
1296,0.20200976729393005,0.02522309124469757
1297,0.2495538741350174,0.029960105195641518
1298,0.31233513355255127,0.10161608457565308
1299,0.2215225100517273,0.07312995940446854
1300,0.08745352178812027,0.036334361881017685
1301,0.42146748304367065,0.13363957405090332
1302,0.4780224561691284,0.26756566762924194
1303,0.21371211111545563,0.07860130816698074
1304,0.13338802754878998,0.08416703343391418
1305,0.25160014629364014,0.17150482535362244
1306,0.39237362146377563,0.06815062463283539
1307,0.3063811659812927,0.03618358448147774
1308,0.4170435667037964,0.03498005494475365
1309,0.4849981665611267,0.02457531914114952
1310,0.1711048185825348,0.07775852829217911
1311,0.4463147819042206,0.015708129853010178
1312,0.046598561108112335,0.024456273764371872
1313,0.41384315490722656,0.07889659702777863
1314,0.21475231647491455,0.12144841998815536
1315,0.44281262159347534,0.018448714166879654
1316,0.2108035832643509,0.01826186664402485
1317,0.18187105655670166,0.0951046496629715
1318,0.2167009711265564,0.08480224013328552
1319,0.03678891062736511,0.05662616714835167
1320,0.17945855855941772,0.028666086494922638
1321,0.30603528022766113,0.057500727474689484
1322,0.2359079122543335,0.08458689600229263
1323,0.05065881460905075,0.018665608018636703
1324,0.25992441177368164,0.050406672060489655
1325,0.2677372395992279,0.048355378210544586
1326,0.4972805082798004,0.09188926219940186
1327,0.29155343770980835,0.026430703699588776
1328,0.2069118320941925,0.022152341902256012
1329,0.23918820917606354,0.009288412518799305
1330,0.14063432812690735,0.044984184205532074
1331,0.13980472087860107,0.05344510078430176
1332,0.46074724197387695,0.04016292467713356
1333,0.1157548800110817,0.03422052040696144
1334,0.530169665813446,0.09848856180906296
1335,0.33874502778053284,0.0549297034740448
1336,0.11795559525489807,0.07871881127357483
1337,0.26760971546173096,0.029312608763575554
1338,0.13950791954994202,0.06672132015228271
1339,0.14396533370018005,0.03018985316157341
1340,0.25495007634162903,0.0600498802959919
1341,0.33366578817367554,0.049543898552656174
1342,0.1415526568889618,0.06270380318164825
1343,0.26496070623397827,0.1044882982969284
1344,0.3408145606517792,0.03352823853492737
1345,0.23400264978408813,0.015354597941040993
1346,0.32587313652038574,0.028947457671165466
1347,0.2746417820453644,0.06618795543909073
1348,0.17475691437721252,0.07589814811944962
1349,0.4187364876270294,0.039421144872903824
1350,0.233486607670784,0.027455374598503113
1351,0.09344343841075897,0.036017414182424545
1352,0.1351269781589508,0.0365634486079216
1353,0.41725921630859375,0.03588376194238663
1354,0.6009165048599243,0.09116662293672562
1355,0.10015617311000824,0.2126455008983612
1356,0.14081045985221863,0.05233392491936684
1357,0.2059975266456604,0.047449517995119095
1358,0.3850573003292084,0.07793015241622925
1359,0.13454696536064148,0.053326837718486786
1360,0.43646568059921265,0.06457903981208801
1361,0.3213160037994385,0.07732424885034561
1362,0.31045830249786377,0.029393237084150314
1363,0.17659348249435425,0.029636725783348083
1364,0.06238869950175285,0.027039367705583572
1365,0.13209909200668335,0.05713372305035591
1366,0.2280665636062622,0.10769115388393402
1367,0.43586671352386475,0.03546483814716339
1368,0.17568106949329376,0.06714068353176117
1369,0.3764404356479645,0.04933875799179077
1370,0.565771222114563,0.057952821254730225
1371,0.3845152258872986,0.03787868842482567
1372,0.2020609974861145,0.0194961316883564
1373,0.28295379877090454,0.07997115701436996
1374,0.20678439736366272,0.0648895800113678
1375,0.11652462184429169,0.012287484481930733
1376,0.1380806863307953,0.013080447912216187
1377,0.13601452112197876,0.06955612450838089
1378,0.16408994793891907,0.028939176350831985
1379,0.09458638727664948,0.02659245766699314
1380,0.16062769293785095,0.06615009903907776
1381,0.1597960889339447,0.012306474149227142
1382,0.03338445723056793,0.10687161982059479
1383,0.11556148529052734,0.06095094233751297
1384,0.23492148518562317,0.016573084518313408
1385,0.16940012574195862,0.02811790630221367
1386,0.1581846922636032,0.04364532604813576
1387,0.07223062217235565,0.02636081539094448
1388,0.13116884231567383,0.0710601657629013
1389,0.09278673678636551,0.04908987879753113
1390,0.17011207342147827,0.08036142587661743
1391,0.21706317365169525,0.05486706271767616
1392,0.815916121006012,0.027222417294979095
1393,0.23899230360984802,0.055251847952604294
1394,0.14182206988334656,0.15023131668567657
1395,0.30059412121772766,0.13503868877887726
1396,0.1150459498167038,0.07914640009403229
1397,0.10488127171993256,0.07891040295362473
1398,0.17738354206085205,0.12952883541584015
1399,0.17363794147968292,0.09303320199251175
1400,0.2106551229953766,0.06856165826320648
1401,0.2104605734348297,0.00974762998521328
1402,0.036123476922512054,0.04438157007098198
1403,0.0787472277879715,0.0560726523399353
1404,0.394411563873291,0.060505833476781845
1405,0.2873057723045349,0.04038923606276512
1406,0.22207793593406677,0.02629316970705986
1407,0.12039060145616531,0.043304674327373505
1408,0.38063567876815796,0.08120652288198471
1409,0.15948396921157837,0.08998960256576538
1410,0.133798748254776,0.035217348486185074
1411,0.16027671098709106,0.04372216388583183
1412,0.0829760953783989,0.04629414156079292
1413,0.3940303325653076,0.07701549679040909
1414,0.1950118988752365,0.02749479189515114
1415,0.28711310029029846,0.03801210969686508
1416,0.175012469291687,0.04143325239419937
1417,0.3951358199119568,0.009223919361829758
1418,0.13512326776981354,0.05680840462446213
1419,0.14057758450508118,0.09481753408908844
1420,0.1836945116519928,0.05092770233750343
1421,0.047035958617925644,0.06385694444179535
1422,0.062546506524086,0.08030256628990173
1423,0.3786885738372803,0.03735029324889183
1424,0.13920257985591888,0.057696033269166946
1425,0.12708905339241028,0.0420399010181427
1426,0.3089873790740967,0.060598425567150116
1427,0.13437440991401672,0.021031472831964493
1428,0.1015259325504303,0.05715487152338028
1429,0.28163474798202515,0.11532081663608551
1430,0.2025623321533203,0.04168834909796715
1431,0.03955158591270447,0.03849027305841446
1432,0.21374212205410004,0.03972698003053665
1433,0.12859566509723663,0.013644983991980553
1434,0.058186233043670654,0.028336405754089355
1435,0.30547720193862915,0.04011720046401024
1436,0.1764923483133316,0.027150437235832214
1437,0.25593289732933044,0.05437394976615906
1438,0.29274630546569824,0.08571010082960129
1439,0.2832070589065552,0.020647719502449036
1440,0.19279029965400696,0.038488440215587616
1441,0.04441860690712929,0.054707832634449005
1442,0.15170729160308838,0.06361400336027145
1443,0.28594598174095154,0.04329151660203934
1444,0.19568291306495667,0.10713633894920349
1445,0.47192201018333435,0.04471805319190025
1446,0.16127966344356537,0.14135992527008057
1447,0.04959355667233467,0.14764615893363953
1448,0.40664276480674744,0.08879459649324417
1449,0.26500365138053894,0.09752039611339569
1450,0.20569531619548798,0.06048347055912018
1451,0.17283488810062408,0.04289329797029495
1452,0.3615652322769165,0.08576630055904388
1453,0.6868643760681152,0.04614653065800667
1454,0.3150920271873474,0.07016707211732864
1455,0.2848471999168396,0.0094772819429636
1456,0.2589065730571747,0.06743249297142029
1457,0.12352316081523895,0.05014978349208832
1458,0.228309765458107,0.03956819325685501
1459,0.39155441522598267,0.07322879880666733
1460,0.18851330876350403,0.08701722323894501
1461,0.09341773390769958,0.06258539110422134
1462,0.4471285343170166,0.05161063000559807
1463,0.36943936347961426,0.04229746758937836
1464,0.09825477004051208,0.032234467566013336
1465,0.6741530299186707,0.05763889104127884
1466,0.15693579614162445,0.04276164621114731
1467,0.31343966722488403,0.04366154968738556
1468,0.1347230076789856,0.029544983059167862
1469,0.1711929738521576,0.045656684786081314
1470,0.11695023626089096,0.063078872859478
1471,0.3098496198654175,0.10270899534225464
1472,0.13688485324382782,0.0714050680398941
1473,0.21999070048332214,0.017659712582826614
1474,0.11228851974010468,0.024581968784332275
1475,0.20450882613658905,0.017437007278203964
1476,0.3065016269683838,0.018871281296014786
1477,0.19152222573757172,0.035290129482746124
1478,0.27198171615600586,0.040243636816740036
1479,0.06865499168634415,0.052525829523801804
1480,0.16969451308250427,0.040436241775751114
1481,0.3219040036201477,0.047698259353637695
1482,0.1712123602628708,0.04716534912586212
1483,0.5802155137062073,0.06812166422605515
1484,0.19153666496276855,0.02769378200173378
1485,0.08822876960039139,0.06047270447015762
1486,0.20330014824867249,0.04143399000167847
1487,0.23370830714702606,0.03150349110364914
1488,0.0947904884815216,0.048974987119436264
1489,0.14722272753715515,0.02258114144206047
1490,0.10427813231945038,0.050062861293554306
1491,0.19628387689590454,0.01299313735216856
1492,0.3919629454612732,0.0550827831029892
1493,0.16245046257972717,0.058060020208358765
1494,0.13957777619361877,0.019273709505796432
1495,0.12415555119514465,0.015430493280291557
1496,0.11980842053890228,0.017986489459872246
1497,0.18993166089057922,0.09028833359479904
1498,0.37292665243148804,0.04045799374580383
1499,0.7605292201042175,0.10980786383152008
1500,0.2810048758983612,0.07340503484010696
1501,0.14280320703983307,0.013942612335085869
1502,0.25151535868644714,0.02659723162651062
1503,0.16226476430892944,0.05682583898305893
1504,0.14627854526042938,0.058736227452754974
1505,0.11019530892372131,0.11018689721822739
1506,0.10290337353944778,0.03660956025123596
1507,0.27812445163726807,0.02908855490386486
1508,0.17304886877536774,0.058971110731363297
1509,0.03261879086494446,0.025281190872192383
1510,0.3684946894645691,0.0498199537396431
1511,0.3815263509750366,0.05232758820056915
1512,0.41136181354522705,0.07931935042142868
1513,0.07595276087522507,0.060958314687013626
1514,0.07859101891517639,0.04648376256227493
1515,0.2557627856731415,0.06668692082166672
1516,0.30121055245399475,0.04923870414495468
1517,0.12636104226112366,0.03728016838431358
1518,0.3659188151359558,0.03509536758065224
1519,0.08869729191064835,0.04292605072259903
1520,0.5315782427787781,0.10122436285018921
1521,0.12611934542655945,0.030571039766073227
1522,0.20690545439720154,0.03888722509145737
1523,0.18887002766132355,0.09358243644237518
1524,0.14771616458892822,0.03648178651928902
1525,0.2832852602005005,0.03752177581191063
1526,0.12503845989704132,0.050965528935194016
1527,0.41152432560920715,0.05019880831241608
1528,0.14358484745025635,0.01443541795015335
1529,0.15513961017131805,0.07560542225837708
1530,0.09886263310909271,0.022069787606596947
1531,0.2304505705833435,0.04842174053192139
1532,0.09247095137834549,0.04637657105922699
1533,0.1905103176832199,0.10229673236608505
1534,0.4169137179851532,0.07905314117670059
1535,0.2378106713294983,0.08448739349842072
1536,0.11012894660234451,0.06384498625993729
1537,0.12809550762176514,0.019982285797595978
1538,0.19941577315330505,0.11976905167102814
1539,0.16022580862045288,0.08575836569070816
1540,0.17711099982261658,0.03290673345327377
1541,0.2451622635126114,0.02929578721523285
1542,0.18350578844547272,0.023937925696372986
1543,0.1186760887503624,0.03902605548501015
1544,0.24161309003829956,0.014095580205321312
1545,0.22394593060016632,0.04502985626459122
1546,0.11939027160406113,0.10850799828767776
1547,0.17549966275691986,0.02117486298084259
1548,0.13221202790737152,0.04112221300601959
1549,0.12494958937168121,0.036393508315086365
1550,0.3847130835056305,0.05119301751255989
1551,0.5026454329490662,0.10166160762310028
1552,0.25768956542015076,0.08271445333957672
1553,0.19234132766723633,0.04358704760670662
1554,0.23539015650749207,0.032425910234451294
1555,0.31638264656066895,0.13402056694030762
1556,0.28652530908584595,0.0791141614317894
1557,0.16559672355651855,0.02508958987891674
1558,0.31115174293518066,0.03267674893140793
1559,0.22432464361190796,0.1043647974729538
1560,0.14280828833580017,0.028659816831350327
1561,0.10217812657356262,0.0836021900177002
1562,0.13563892245292664,0.04123608022928238
1563,0.5679291486740112,0.049635253846645355
1564,0.4486315846443176,0.061578281223773956
1565,0.06443117558956146,0.1231304258108139
1566,0.09975185990333557,0.08158671855926514
1567,0.09980228543281555,0.23724433779716492
1568,0.12615390121936798,0.04076642543077469
1569,0.40580445528030396,0.08719666302204132
1570,0.3127724230289459,0.06816540658473969
1571,0.404877632856369,0.052220091223716736
1572,0.2846645414829254,0.03823743388056755
1573,0.16307398676872253,0.00787495356053114
1574,0.34446287155151367,0.05617481470108032
1575,0.18328730762004852,0.04270930960774422
1576,0.22767478227615356,0.0913771316409111
1577,0.11466258764266968,0.017794916406273842
1578,0.41218262910842896,0.08741418272256851
1579,0.25826090574264526,0.040214844048023224
1580,0.18069498240947723,0.02615944854915142
1581,0.1903771162033081,0.051603902131319046
1582,0.10012748837471008,0.16896145045757294
1583,0.1340336948633194,0.093971848487854
1584,0.20424970984458923,0.03383267670869827
1585,0.2144877314567566,0.12255576252937317
1586,0.31027132272720337,0.04579812288284302
1587,0.19220608472824097,0.04426692798733711
1588,0.14736439287662506,0.05424732342362404
1589,0.13886219263076782,0.05614284798502922
1590,0.30854105949401855,0.05650252848863602
1591,0.3772280216217041,0.07597751170396805
1592,0.2232397496700287,0.08482968807220459
1593,0.26938456296920776,0.032382890582084656
1594,0.08895370364189148,0.05331695079803467
1595,0.09322024881839752,0.06732383370399475
1596,0.24852913618087769,0.01908533275127411
1597,0.2795521020889282,0.12481679767370224
1598,0.18229462206363678,0.04859218746423721
1599,0.2759682238101959,0.053350917994976044
1600,0.201817587018013,0.08358944952487946
1601,0.2695254981517792,0.046639978885650635
1602,0.45112982392311096,0.05980783700942993
1603,0.21899887919425964,0.02507437765598297
1604,0.28167539834976196,0.11402502655982971
1605,0.10151376575231552,0.016931798309087753
1606,0.09819372743368149,0.04847348853945732
1607,0.2693121135234833,0.03790118545293808
1608,0.1100417971611023,0.09378893673419952
1609,0.35563328862190247,0.07737074792385101
1610,0.15570661425590515,0.08557404577732086
1611,0.16383475065231323,0.059145309031009674
1612,0.3389979600906372,0.05311722680926323
1613,0.295558363199234,0.029478415846824646
1614,0.11719124764204025,0.02056138962507248
1615,0.45578914880752563,0.03678818419575691
1616,0.18053598701953888,0.03957310691475868
1617,0.2541244328022003,0.24519650638103485
1618,0.30840882658958435,0.07110041379928589
1619,0.07721608877182007,0.019323917105793953
1620,0.1669071912765503,0.0420445054769516
1621,0.15227846801280975,0.06682893633842468
1622,0.18441656231880188,0.05546374246478081
1623,0.11471420526504517,0.04139818251132965
1624,0.21570993959903717,0.05734219029545784
1625,0.28510719537734985,0.05959298461675644
1626,0.31174883246421814,0.12019577622413635
1627,0.20047852396965027,0.027518272399902344
1628,0.27064961194992065,0.03200837969779968
1629,0.2053452730178833,0.06919100880622864
1630,0.4080348014831543,0.10179286450147629
1631,0.17335808277130127,0.04440639168024063
1632,0.15068402886390686,0.02683725394308567
1633,0.3172607719898224,0.0642833411693573
1634,0.12921060621738434,0.04805288091301918
1635,0.053683020174503326,0.15420743823051453
1636,0.3021671772003174,0.05467420816421509
1637,0.5523604154586792,0.03961861878633499
1638,0.41622257232666016,0.008158217184245586
1639,0.4384622573852539,0.0189236868172884
1640,0.20939509570598602,0.027883077040314674
1641,0.18243199586868286,0.04211815074086189
1642,0.2649703323841095,0.03616397827863693
1643,0.06001751869916916,0.049549251794815063
1644,0.09028968214988708,0.033249739557504654
1645,0.33534306287765503,0.0932580903172493
1646,0.20283332467079163,0.10429361462593079
1647,0.20475512742996216,0.04650820046663284
1648,0.2376708835363388,0.030316062271595
1649,0.11640065908432007,0.06427756696939468
1650,0.2191593050956726,0.0614679753780365
1651,0.1125631332397461,0.03939448669552803
1652,0.24553053081035614,0.05038418620824814
1653,0.49197256565093994,0.0611959844827652
1654,0.15024323761463165,0.04644767567515373
1655,0.3988135755062103,0.02693996950984001
1656,0.14380520582199097,0.021447734907269478
1657,0.2321641743183136,0.04509719833731651
1658,0.4531250596046448,0.05652434378862381
1659,0.1949373036623001,0.05345422774553299
1660,0.1202113926410675,0.07696470618247986
1661,0.20164872705936432,0.048149071633815765
1662,0.22464486956596375,0.029350033029913902
1663,0.14512911438941956,0.04329325631260872
1664,0.38203978538513184,0.10498625785112381
1665,0.1773994266986847,0.03875694423913956
1666,0.1791364848613739,0.03356808051466942
1667,0.3268081843852997,0.09776274859905243
1668,0.22852444648742676,0.05536007508635521
1669,0.1532696783542633,0.06209578737616539
1670,0.33415400981903076,0.06995609402656555
1671,0.33798748254776,0.07805684953927994
1672,0.12365254014730453,0.024905402213335037
1673,0.3365224599838257,0.01735815592110157
1674,0.18013307452201843,0.054215703159570694
1675,0.2989719808101654,0.0065822480246424675
1676,0.13705354928970337,0.025559497997164726
1677,0.13830046355724335,0.09401419758796692
1678,0.27280399203300476,0.014708876609802246
1679,0.25692716240882874,0.04164784029126167
1680,0.12390529364347458,0.13297855854034424
1681,0.6002633571624756,0.035923827439546585
1682,0.4746437668800354,0.05820755660533905
1683,0.09825532138347626,0.035433828830718994
1684,0.06636117398738861,0.016616107895970345
1685,0.6187915802001953,0.2433657944202423
1686,0.10966895520687103,0.11391790211200714
1687,0.1262723207473755,0.05814641714096069
1688,0.1504843533039093,0.03915248066186905
1689,0.3938461244106293,0.14523346722126007
1690,0.0936068594455719,0.010184032842516899
1691,0.1695919930934906,0.06173262372612953
1692,0.4283696413040161,0.015022935345768929
1693,0.16574740409851074,0.013348674401640892
1694,0.109005406498909,0.02533581480383873
1695,0.12749554216861725,0.04957008734345436
1696,0.0837460309267044,0.07261232286691666
1697,0.0959784984588623,0.043278489261865616
1698,0.09399659186601639,0.06317789852619171
1699,0.10619872063398361,0.018189258873462677
1700,0.3276839852333069,0.06673888117074966
1701,0.4865659177303314,0.01246093399822712
1702,0.04999649152159691,0.006013224832713604
1703,0.1377490758895874,0.010717794299125671
1704,0.3408835530281067,0.05699528008699417
1705,0.11848242580890656,0.06111745536327362
1706,0.1688680350780487,0.010370709002017975
1707,0.19897249341011047,0.00738369207829237
1708,0.15945151448249817,0.028193585574626923
1709,0.652617871761322,0.055941417813301086
1710,0.2208171784877777,0.06712500005960464
1711,0.29653990268707275,0.05627980828285217
1712,0.18399298191070557,0.06900778412818909
1713,0.30861589312553406,0.05794574320316315
1714,0.2486782670021057,0.03154270350933075
1715,0.3604115843772888,0.03799623250961304
1716,0.14688032865524292,0.007483188062906265
1717,0.23724907636642456,0.03181907907128334
1718,0.280957967042923,0.08524889498949051
1719,0.19199299812316895,0.05380428954958916
1720,0.13294491171836853,0.036209817975759506
1721,0.23435023427009583,0.04666806384921074
1722,0.11704163998365402,0.01792185753583908
1723,0.4179442226886749,0.008866716176271439
1724,0.17381548881530762,0.06925550848245621
1725,0.062483228743076324,0.06439796090126038
1726,0.1767221987247467,0.024104710668325424
1727,0.1325843185186386,0.1005820482969284
1728,0.1566166877746582,0.058238424360752106
1729,0.14185896515846252,0.11535143107175827
1730,0.20611955225467682,0.025012141093611717
1731,0.3227294683456421,0.035410717129707336
1732,0.10388639569282532,0.04110921919345856
1733,0.2629069983959198,0.015047004446387291
1734,0.2702074646949768,0.02816193364560604
1735,0.21190451085567474,0.15278318524360657
1736,0.25167301297187805,0.05122751742601395
1737,0.3834559917449951,0.10536205768585205
1738,0.11267122626304626,0.02895287424325943
1739,0.10890135169029236,0.032353468239307404
1740,0.5013329982757568,0.043755196034908295
1741,0.1322590857744217,0.040182508528232574
1742,0.15855620801448822,0.03885700926184654
1743,0.11130743473768234,0.029172493144869804
1744,0.5135387182235718,0.029055774211883545
1745,0.14023223519325256,0.04721374064683914
1746,0.11519327759742737,0.02675827406346798
1747,0.18121999502182007,0.051403407007455826
1748,0.07883086800575256,0.02842089906334877
1749,0.2583448588848114,0.06633525341749191
1750,0.5066838264465332,0.0626315250992775
1751,0.2226923406124115,0.08652600646018982
1752,0.10602004826068878,0.036971814930438995
1753,0.13181041181087494,0.06855621933937073
1754,0.21371737122535706,0.011917728930711746
1755,0.11670670658349991,0.015171014703810215
1756,0.07888288795948029,0.044129300862550735
1757,0.07496200501918793,0.09448125213384628
1758,0.07713691890239716,0.04461924359202385
1759,0.1346167027950287,0.03912433609366417
1760,0.1945822685956955,0.02049797587096691
1761,0.055608343333005905,0.023211458697915077
1762,0.0702744647860527,0.08110925555229187
1763,0.8243454694747925,0.1330678015947342
1764,0.24837689101696014,0.034043215215206146
1765,0.17321014404296875,0.08847935497760773
1766,0.09639931470155716,0.0815284252166748
1767,0.36535024642944336,0.1291101723909378
1768,0.4439496397972107,0.01103910245001316
1769,0.3607185184955597,0.03503431752324104
1770,0.5146281123161316,0.032678332179784775
1771,0.16128849983215332,0.03438151627779007
1772,0.2779214680194855,0.07811550796031952
1773,0.20526492595672607,0.02024766430258751
1774,0.2279793918132782,0.0379817895591259
1775,0.7658321261405945,0.04334670305252075
1776,0.37531155347824097,0.05646815150976181
1777,0.22721949219703674,0.021056953817605972
1778,0.2402796596288681,0.051276423037052155
1779,0.4237031936645508,0.09824575483798981
1780,0.06469359993934631,0.04541764780879021
1781,0.4611952602863312,0.037173204123973846
1782,0.16289988160133362,0.04476984590291977
1783,0.24859321117401123,0.015689019113779068
1784,0.1413181722164154,0.09020412713289261
1785,0.17146112024784088,0.06762998551130295
1786,0.37478330731391907,0.05117872357368469
1787,0.3255372643470764,0.06664475798606873
1788,0.19759473204612732,0.05014102905988693
1789,0.22370493412017822,0.012249068357050419
1790,0.24400359392166138,0.04521677643060684
1791,0.21191927790641785,0.07024155557155609
1792,0.14237533509731293,0.07346641272306442
1793,0.06954231858253479,0.030367646366357803
1794,0.3028055727481842,0.07302609086036682
1795,0.15885061025619507,0.04278096556663513
1796,0.29149961471557617,0.03718474134802818
1797,0.26077157258987427,0.057554926723241806
1798,0.07955759763717651,0.03457478806376457
1799,0.26795756816864014,0.02387850359082222
1800,0.13862542808055878,0.017494920641183853
1801,0.15203545987606049,0.028332673013210297
1802,0.48235517740249634,0.05285850167274475
1803,0.5727391839027405,0.052632011473178864
1804,0.10134592652320862,0.06708342581987381
1805,0.17679409682750702,0.035228170454502106
1806,0.20567308366298676,0.019358709454536438
1807,0.2588634192943573,0.04591739550232887
1808,0.15259867906570435,0.021092034876346588
1809,0.21192792057991028,0.06042901799082756
1810,0.12216468155384064,0.06397900730371475
1811,0.4351152777671814,0.04456117004156113
1812,0.06357710063457489,0.05996871739625931
1813,0.17674213647842407,0.04122094437479973
1814,0.17591571807861328,0.05064450949430466
1815,0.5165048837661743,0.032965414226055145
1816,0.08966870605945587,0.09601350128650665
1817,0.14485865831375122,0.0505005307495594
1818,0.18864783644676208,0.014515135437250137
1819,0.13556428253650665,0.04494123533368111
1820,0.22625866532325745,0.13218949735164642
1821,0.021169360727071762,0.025981619954109192
1822,0.32279154658317566,0.025306090712547302
1823,0.2263924479484558,0.03974979743361473
1824,0.28515902161598206,0.06593220680952072
1825,0.513738214969635,0.13481438159942627
1826,0.24076420068740845,0.04961602762341499
1827,0.21634529531002045,0.11407021433115005
1828,0.42902693152427673,0.05021968111395836
1829,0.5707457065582275,0.08523773401975632
1830,0.3337095081806183,0.10569193959236145
1831,0.12657234072685242,0.03234448656439781
1832,0.2164066731929779,0.027709152549505234
1833,0.45070719718933105,0.07500842958688736
1834,0.2272307574748993,0.07704859226942062
1835,0.2229996621608734,0.030155329033732414
1836,0.3701556622982025,0.09324466437101364
1837,0.13066412508487701,0.04273788630962372
1838,0.10626455396413803,0.04771079495549202
1839,0.2124512940645218,0.0514625608921051
1840,0.22954010963439941,0.02578926645219326
1841,0.23004619777202606,0.014045817777514458
1842,0.05160310119390488,0.0831046923995018
1843,0.09194303303956985,0.034572482109069824
1844,0.05203501880168915,0.03154170885682106
1845,0.30420684814453125,0.06356349587440491
1846,0.293343722820282,0.05316290259361267
1847,0.2092001587152481,0.11617117375135422
1848,0.16218999028205872,0.03400631621479988
1849,0.15355072915554047,0.07618339359760284
1850,0.26205626130104065,0.04239325225353241
1851,0.16243880987167358,0.026174381375312805
1852,0.09531616419553757,0.05584978684782982
1853,0.14484617114067078,0.05455588921904564
1854,0.39926087856292725,0.03591424599289894
1855,0.7886456847190857,0.015871893614530563
1856,0.12466766685247421,0.0474686436355114
1857,0.17756661772727966,0.03364834561944008
1858,0.22372201085090637,0.022991256788372993
1859,0.5421613454818726,0.03984639048576355
1860,0.3335399627685547,0.08731110394001007
1861,0.08205276727676392,0.05113591253757477
1862,0.15935055911540985,0.017981667071580887
1863,0.06654410064220428,0.031079087406396866
1864,0.08415191620588303,0.054891787469387054
1865,0.06447644531726837,0.044339269399642944
1866,0.12626919150352478,0.08303432166576385
1867,0.3608569800853729,0.05417346954345703
1868,0.05236393213272095,0.03411310538649559
1869,0.1124514564871788,0.09066428989171982
1870,0.4204498827457428,0.04015623778104782
1871,0.6899117231369019,0.06497012078762054
1872,0.3178837299346924,0.08592132478952408
1873,0.2945290803909302,0.07389815896749496
1874,0.13135118782520294,0.06989821791648865
1875,0.2068132609128952,0.022044051438570023
1876,0.17727328836917877,0.03601390868425369
1877,0.2407534420490265,0.02349786087870598
1878,0.05202843248844147,0.06817314028739929
1879,0.35046616196632385,0.06086961552500725
1880,0.22024919092655182,0.11244730651378632
1881,0.36575189232826233,0.0623403899371624
1882,0.10207285732030869,0.0960610881447792
1883,0.26293689012527466,0.057998985052108765
1884,0.30862653255462646,0.05324394255876541
1885,0.5434665083885193,0.0324275866150856
1886,0.1969248354434967,0.04086390137672424
1887,0.2981249690055847,0.07073549926280975
1888,0.3103525638580322,0.15638373792171478
1889,0.10027202218770981,0.03850002586841583
1890,0.1520603746175766,0.050740014761686325
1891,0.25778865814208984,0.03504593297839165
1892,0.3103724718093872,0.07826787233352661
1893,0.23850350081920624,0.02537507936358452
1894,0.15148739516735077,0.05011575669050217
1895,0.2047131359577179,0.040008675307035446
1896,0.22105219960212708,0.06673075258731842
1897,0.2079753428697586,0.044483162462711334
1898,0.14591506123542786,0.03546851500868797
1899,0.13456644117832184,0.047958649694919586
1900,0.18722400069236755,0.01742110215127468
1901,0.3187740445137024,0.012002241797745228
1902,0.19220615923404694,0.0672062486410141
1903,0.1248912364244461,0.0588468536734581
1904,0.12657128274440765,0.04560761898756027
1905,0.17350998520851135,0.021528827026486397
1906,0.2520430088043213,0.10198966413736343
1907,0.20340333878993988,0.008701504208147526
1908,0.29715490341186523,0.09312708675861359
1909,0.485711932182312,0.06045588105916977
1910,0.27177995443344116,0.09271043539047241
1911,0.36950424313545227,0.025966307148337364
1912,0.17713439464569092,0.04692428931593895
1913,0.07464340329170227,0.03768370673060417
1914,0.08692938089370728,0.09486754238605499
1915,0.4290542006492615,0.021856477484107018
1916,0.19590574502944946,0.007834375835955143
1917,0.12494927644729614,0.09635872393846512
1918,0.40500378608703613,0.04887944459915161
1919,0.16603323817253113,0.06468303501605988
1920,0.21944023668766022,0.12782138586044312
1921,0.39694344997406006,0.09154725074768066
1922,0.3327397108078003,0.06870773434638977
1923,0.43634355068206787,0.08847254514694214
1924,0.2716234028339386,0.06044063717126846
1925,0.37811049818992615,0.06976143270730972
1926,0.3434889316558838,0.07903065532445908
1927,0.14172014594078064,0.03880365565419197
1928,0.5980167388916016,0.01141232531517744
1929,0.21727639436721802,0.03047606348991394
1930,0.36055347323417664,0.08866406977176666
1931,0.14726600050926208,0.03440221771597862
1932,0.09499986469745636,0.09118787944316864
1933,0.18546584248542786,0.06644955277442932
1934,0.39904892444610596,0.018420547246932983
1935,0.1287928968667984,0.007431042846292257
1936,0.07941620796918869,0.08844223618507385
1937,0.2003733068704605,0.024767674505710602
1938,0.38692909479141235,0.056403860449790955
1939,0.21576330065727234,0.03987995535135269
1940,0.1658664047718048,0.040550347417593
1941,0.20914094150066376,0.058024123311042786
1942,0.14813287556171417,0.01764262467622757
1943,0.32997196912765503,0.024862617254257202
1944,0.27962613105773926,0.04807520657777786
1945,0.18331953883171082,0.028154972940683365
1946,0.3187469244003296,0.03914975747466087
1947,0.18306542932987213,0.044276073575019836
1948,0.36192941665649414,0.0924614816904068
1949,0.15837207436561584,0.06714218109846115
1950,0.10356341302394867,0.012133022770285606
1951,0.5838484764099121,0.030625011771917343
1952,0.3605102002620697,0.03820782154798508
1953,0.15865951776504517,0.036428216844797134
1954,0.5430334210395813,0.10192303359508514
1955,0.29500412940979004,0.038243506103754044
1956,0.07131924480199814,0.028377506881952286
1957,0.08884957432746887,0.013558371923863888
1958,0.6671160459518433,0.01566857099533081
1959,0.3213660717010498,0.06184037774801254
1960,0.2266802191734314,0.022947708144783974
1961,0.27048882842063904,0.022580407559871674
1962,0.3999529182910919,0.06664930284023285
1963,0.05134899914264679,0.026308946311473846
1964,0.06649459898471832,0.028211239725351334
1965,0.683191180229187,0.05980764329433441
1966,0.30527544021606445,0.2431243658065796
1967,0.14860899746418,0.05620555579662323
1968,0.24937748908996582,0.015971306711435318
1969,0.1284322440624237,0.07631487399339676
1970,0.08417092263698578,0.049879290163517
1971,0.4494633674621582,0.013528261333703995
1972,0.37119096517562866,0.04872812703251839
1973,0.4553198218345642,0.0164467915892601
1974,0.2776944041252136,0.01431254856288433
1975,0.08310487866401672,0.015007996931672096
1976,0.1944485455751419,0.07419048249721527
1977,0.288448691368103,0.014240759424865246
1978,0.06549027562141418,0.005082332529127598
1979,0.14063090085983276,0.060066379606723785
1980,0.2994047999382019,0.11874691396951675
1981,0.2300822138786316,0.06713812798261642
1982,0.275260865688324,0.07555600255727768
1983,0.12749318778514862,0.04861302301287651
1984,0.3587782382965088,0.06178067624568939
1985,0.32393553853034973,0.04385528713464737
1986,0.32012316584587097,0.05041086673736572
1987,0.3385223150253296,0.10991604626178741
1988,0.22368399798870087,0.040119655430316925
1989,0.29738667607307434,0.020767372101545334
1990,0.14702388644218445,0.02485271915793419
1991,0.3218473494052887,0.056951507925987244
1992,0.1265501230955124,0.04781731218099594
1993,0.14788386225700378,0.03376393765211105
1994,0.3750740587711334,0.050478916615247726
1995,0.21797746419906616,0.035628993064165115
1996,0.16142192482948303,0.07446859031915665
1997,0.27915269136428833,0.061204224824905396
1998,0.37217098474502563,0.058604009449481964
1999,0.6400436758995056,0.07186240702867508
2000,0.08658912777900696,0.0412239208817482
2001,0.10101601481437683,0.0910509005188942
2002,0.16607257723808289,0.061505939811468124
2003,0.22189435362815857,0.023260299116373062
2004,0.20137885212898254,0.014663766138255596
2005,0.03700052574276924,0.017022754997015
2006,0.09850291162729263,0.030949916690587997
2007,0.2581421136856079,0.07281380146741867
2008,0.13744986057281494,0.0875929668545723
2009,0.25264209508895874,0.07236526906490326
2010,0.13559360802173615,0.04979486018419266
2011,0.445715069770813,0.08028377592563629
2012,0.17318780720233917,0.013777474872767925
2013,0.28885167837142944,0.019736992195248604
2014,0.1605457365512848,0.027853941544890404
2015,0.04377257823944092,0.024958843365311623
2016,0.08936819434165955,0.07381206750869751
2017,0.49049612879753113,0.03569573909044266
2018,0.3020682632923126,0.09809127449989319
2019,0.09635741263628006,0.07882384955883026
2020,0.11425742506980896,0.022363733500242233
2021,0.1718023419380188,0.03343860059976578
2022,0.05574977770447731,0.07967831194400787
2023,0.13633008301258087,0.12168818712234497
2024,0.07281558215618134,0.06054924428462982
2025,0.09744911640882492,0.1543617993593216
2026,0.13585194945335388,0.06465134769678116
2027,0.046313270926475525,0.030017830431461334
2028,0.0724363848567009,0.049414440989494324
2029,0.1932041049003601,0.07320138067007065
2030,0.10800442099571228,0.015077890828251839
2031,0.25559353828430176,0.12201541662216187
2032,0.07058264315128326,0.05543908849358559
2033,0.09332115948200226,0.030967198312282562
2034,0.2904018759727478,0.049183931201696396
2035,0.12443281710147858,0.09048422425985336
2036,0.20950093865394592,0.05627784505486488
2037,0.3172009289264679,0.09645286947488785
2038,0.816310465335846,0.024634892120957375
2039,0.20183062553405762,0.056620530784130096
2040,0.5351182222366333,0.041783686727285385
2041,0.2632196545600891,0.15220260620117188
2042,0.3375752866268158,0.26978713274002075
2043,0.3139682412147522,0.08007493615150452
2044,0.17139387130737305,0.027181673794984818
2045,0.14619112014770508,0.05399186909198761
2046,0.1546711027622223,0.01236032135784626
2047,0.11886961758136749,0.009982997551560402
2048,0.25240758061408997,0.10221270471811295
2049,0.28601735830307007,0.04687971994280815
2050,0.2601925730705261,0.0600496307015419
2051,0.11364547908306122,0.018642697483301163
2052,0.2343493551015854,0.03981160372495651
2053,0.16276292502880096,0.04818432778120041
2054,0.4361492991447449,0.014580055139958858
2055,0.3052815794944763,0.0923289880156517
2056,0.05325017869472504,0.028146114200353622
2057,0.07545611262321472,0.024143390357494354
2058,0.13102704286575317,0.03047042526304722
2059,0.0785057544708252,0.03281337022781372
2060,0.05531205236911774,0.0523630827665329
2061,0.10181169211864471,0.03918786346912384
2062,0.25741785764694214,0.01941443234682083
2063,0.20266973972320557,0.11399871110916138
2064,0.18255138397216797,0.05726705864071846
2065,0.14482517540454865,0.042886458337306976
2066,0.2036532759666443,0.06631669402122498
2067,0.34248432517051697,0.03353159874677658
2068,0.21799442172050476,0.017284169793128967
2069,0.08027513325214386,0.09617029130458832
2070,0.1556563377380371,0.04902219772338867
2071,0.08832601457834244,0.06710506975650787
2072,0.12631294131278992,0.03580550104379654
2073,0.1157819852232933,0.040216512978076935
2074,0.17806631326675415,0.029686518013477325
2075,0.666532039642334,0.06416918337345123
2076,0.6534860134124756,0.10832829773426056
2077,0.322929710149765,0.08578451722860336
2078,0.15977399051189423,0.05599895492196083
2079,0.24316421151161194,0.04043804854154587
2080,0.21672259271144867,0.010187942534685135
2081,0.2213054895401001,0.022118447348475456
2082,0.011947245337069035,0.05264550819993019
2083,0.10009168833494186,0.060614775866270065
2084,0.2286072075366974,0.02981363795697689
2085,0.19183431565761566,0.1352097988128662
2086,0.21285530924797058,0.020983507856726646
2087,0.31603574752807617,0.09904199093580246
2088,0.15272089838981628,0.07186733931303024
2089,0.22392061352729797,0.07945291697978973
2090,0.20277021825313568,0.05680685490369797
2091,0.15870074927806854,0.04368295893073082
2092,0.17068929970264435,0.020335951820015907
2093,0.2905862331390381,0.04421303793787956
2094,0.6188880205154419,0.046918563544750214
2095,0.49705275893211365,0.013462782837450504
2096,0.11189880967140198,0.03487810865044594
2097,0.2365988790988922,0.07069431245326996
2098,0.4683469533920288,0.03526401147246361
2099,0.13654029369354248,0.11387615650892258
2100,0.24696983397006989,0.04201734438538551
2101,0.4076310992240906,0.07486782222986221
2102,0.3667977452278137,0.03607354685664177
2103,0.2879875898361206,0.025642739608883858
2104,0.19917255640029907,0.06840914487838745
2105,0.40622252225875854,0.09834184497594833
2106,0.2057553082704544,0.0703713595867157
2107,0.1338566243648529,0.03897286206483841
2108,0.6567295789718628,0.039727650582790375
2109,0.45323216915130615,0.0857919305562973
2110,0.22010958194732666,0.040892861783504486
2111,0.3287087380886078,0.05255317687988281
2112,0.20172104239463806,0.03459082916378975
2113,0.20080718398094177,0.07174625247716904
2114,0.2423793375492096,0.03143080323934555
2115,0.3129134178161621,0.0416596457362175
2116,0.2428695112466812,0.06392857432365417
2117,0.9940263032913208,0.06360846012830734
2118,0.212254136800766,0.027790244668722153
2119,0.2881438136100769,0.019071588292717934
2120,0.23380187153816223,0.026869330555200577
2121,0.37213683128356934,0.03359067440032959
2122,0.21147049963474274,0.06699933111667633
2123,0.14677788317203522,0.05965499207377434
2124,0.08398579061031342,0.0842943862080574
2125,0.21310395002365112,0.02119481936097145
2126,0.11491650342941284,0.014130743220448494
2127,0.1300111711025238,0.12110613286495209
2128,0.11961102485656738,0.03986798971891403
2129,0.23162099719047546,0.0507240816950798
2130,0.2352011501789093,0.03403666615486145
2131,0.15101636946201324,0.05042825639247894
2132,0.12491925060749054,0.048451170325279236
2133,0.1761382520198822,0.034666914492845535
2134,0.18697142601013184,0.014034987427294254
2135,0.09543697535991669,0.03579263389110565
2136,0.12256718426942825,0.05831487104296684
2137,0.27979761362075806,0.017413025721907616
2138,0.43505859375,0.1166515052318573
2139,0.34828969836235046,0.10168153047561646
2140,0.1647326499223709,0.058486953377723694
2141,0.2742231488227844,0.04377416893839836
2142,0.21764381229877472,0.03897677734494209
2143,0.5094578266143799,0.09480157494544983
2144,0.3579346835613251,0.030211327597498894
2145,0.12147155404090881,0.12465015053749084
2146,0.5477998852729797,0.041640520095825195
2147,0.8062642812728882,0.2277253419160843
2148,0.25445231795310974,0.03317105770111084
2149,0.35563600063323975,0.03817164897918701
2150,0.3538236618041992,0.053572311997413635
2151,0.1087995320558548,0.08482687175273895
2152,0.11526097357273102,0.03660788759589195
2153,0.16750697791576385,0.05417971312999725
2154,0.3236960768699646,0.059906717389822006
2155,0.20647379755973816,0.0431986041367054
2156,0.4553523659706116,0.05870552733540535
2157,0.30483025312423706,0.11405353248119354
2158,0.11175886541604996,0.06940042227506638
2159,0.22057710587978363,0.05788099765777588
2160,0.17670467495918274,0.11987374722957611
2161,0.1565672755241394,0.07231757044792175
2162,0.20572085678577423,0.043168772011995316
2163,0.26915407180786133,0.08437676727771759
2164,0.2579658031463623,0.04350409656763077
2165,0.26529091596603394,0.058579038828611374
2166,0.2839353084564209,0.06417682021856308
2167,0.18778055906295776,0.028888994827866554
2168,0.1731267124414444,0.03773493319749832
2169,0.06738892197608948,0.03724415600299835
2170,0.16982081532478333,0.050493985414505005
2171,0.11576961725950241,0.03792755678296089
2172,0.22804155945777893,0.025981776416301727
2173,0.292266309261322,0.03519173711538315
2174,0.09656566381454468,0.06787221878767014
2175,0.22603318095207214,0.034815218299627304
2176,0.2206040769815445,0.05775446072220802
2177,0.1897633820772171,0.06927324086427689
2178,0.12772054970264435,0.06895705312490463
2179,0.05827867612242699,0.03633122146129608
2180,0.15321084856987,0.08699603378772736
2181,0.10530516505241394,0.03369816765189171
2182,0.3592759370803833,0.027829498052597046
2183,0.21287201344966888,0.09632207453250885
2184,0.19243822991847992,0.0775526836514473
2185,0.32158827781677246,0.07720068097114563
2186,0.2018885314464569,0.03785029053688049
2187,0.23658722639083862,0.02585432678461075
2188,0.19574840366840363,0.04258346930146217
2189,0.2354014813899994,0.0720580592751503
2190,0.14533954858779907,0.0615270733833313
2191,0.08538009971380234,0.0655941516160965
2192,0.10819325596094131,0.11738166213035583
2193,0.31191226840019226,0.05888602137565613
2194,0.15290220081806183,0.018856048583984375
2195,0.21653001010417938,0.022779565304517746
2196,0.3034072518348694,0.04160851985216141
2197,0.2145896852016449,0.10489270091056824
2198,0.07914534956216812,0.0887921079993248
2199,0.2803402841091156,0.05393238738179207
2200,0.20189788937568665,0.050258323550224304
2201,0.25096774101257324,0.09471108019351959
2202,0.22710373997688293,0.15217706561088562
2203,0.15229497849941254,0.012662433087825775
2204,0.13382764160633087,0.03162055090069771
2205,0.10870365053415298,0.07025916874408722
2206,0.2626188099384308,0.014017668552696705
2207,0.14597080647945404,0.03665384650230408
2208,0.30527159571647644,0.041712436825037
2209,0.16448581218719482,0.16018620133399963
2210,0.2626095116138458,0.1074516624212265
2211,0.20529022812843323,0.0554705485701561
2212,0.21217575669288635,0.10753990709781647
2213,0.09272939711809158,0.029836375266313553
2214,0.09502313286066055,0.017694223672151566
2215,0.21182186901569366,0.013383793644607067
2216,0.1378702074289322,0.05537745729088783
2217,0.2991086542606354,0.08484300225973129
2218,0.15269139409065247,0.048283614218235016
2219,0.472342848777771,0.17018729448318481
2220,0.30720633268356323,0.04897236078977585
2221,0.1758330762386322,0.027764689177274704
2222,0.08834443241357803,0.07196991890668869
2223,0.2316361516714096,0.13027460873126984
2224,0.20633360743522644,0.04712217301130295
2225,0.18103979527950287,0.019509542733430862
2226,0.4091951847076416,0.06865358352661133
2227,0.18169748783111572,0.043940469622612
2228,0.10716414451599121,0.0568404495716095
2229,0.15026549994945526,0.07474740594625473
2230,0.2620205581188202,0.07266496866941452
2231,0.23246432840824127,0.02569035440683365
2232,0.3276920020580292,0.015961969271302223
2233,0.16525982320308685,0.03312874212861061
2234,0.2721587121486664,0.06157190352678299
2235,0.27233561873435974,0.08466567099094391
2236,0.22049018740653992,0.09060556441545486
2237,0.7508455514907837,0.07744687795639038
2238,0.36446917057037354,0.09403541684150696
2239,0.21782186627388,0.13253292441368103
2240,0.22183632850646973,0.06675492227077484
2241,0.5920535922050476,0.10928619652986526
2242,0.10665737837553024,0.20031876862049103
2243,0.5089050531387329,0.13559114933013916
2244,0.42357221245765686,0.05719546228647232
2245,0.14295631647109985,0.06352542340755463
2246,0.1655341386795044,0.035184066742658615
2247,0.22503599524497986,0.06551511585712433
2248,0.09356699138879776,0.039519838988780975
2249,0.12102747708559036,0.06948322057723999
2250,0.09758424758911133,0.04676990956068039
2251,0.5345165729522705,0.0444953590631485
2252,0.11113093048334122,0.016803914681077003
2253,0.022911135107278824,0.0666828528046608
2254,0.08566083014011383,0.1527003049850464
2255,0.055021580308675766,0.21103626489639282
2256,0.1067623645067215,0.09979122877120972
2257,0.16937802731990814,0.041666775941848755
2258,0.040785714983940125,0.015378083102405071
2259,0.22715717554092407,0.049193765968084335
2260,0.1893567442893982,0.039697304368019104
2261,0.2600930631160736,0.035091690719127655
2262,0.28298330307006836,0.08046438544988632
2263,0.22444643080234528,0.05368947610259056
2264,0.25059443712234497,0.020351853221654892
2265,0.2695835530757904,0.041393913328647614
2266,0.12862539291381836,0.04904539883136749
2267,0.4330461621284485,0.050559405237436295
2268,0.29882359504699707,0.08751784265041351
2269,0.18280288577079773,0.07427791506052017
2270,0.2079337239265442,0.04054135084152222
2271,0.7183519601821899,0.05793701857328415
2272,0.3713279962539673,0.14771193265914917
2273,0.051502663642168045,0.044396497309207916
2274,0.3973955512046814,0.03894379362463951
2275,0.15724751353263855,0.016858700662851334
2276,0.08365875482559204,0.08996816724538803
2277,0.06306193023920059,0.05282842740416527
2278,0.23805992305278778,0.04622340574860573
2279,0.11754883825778961,0.054381873458623886
2280,0.25688689947128296,0.036906398832798004
2281,0.07793045043945312,0.024993186816573143
2282,0.15583404898643494,0.03067365102469921
2283,0.1601504236459732,0.029812458902597427
2284,0.3552449643611908,0.08413998782634735
2285,0.18607085943222046,0.04772097244858742
2286,0.42934149503707886,0.033397234976291656
2287,0.16535083949565887,0.004512628074735403
2288,0.06588304787874222,0.035655274987220764
2289,0.1252797245979309,0.0942550003528595
2290,0.530175507068634,0.024650713428854942
2291,0.38298067450523376,0.04467199742794037
2292,0.21076956391334534,0.06447632610797882
2293,0.13511595129966736,0.07821498066186905
2294,0.15466749668121338,0.08523829281330109
2295,0.18780244886875153,0.04848823696374893
2296,0.1335155963897705,0.013192795217037201
2297,0.17157086730003357,0.03919617831707001
2298,0.06159208342432976,0.06929440796375275
2299,0.12768998742103577,0.07774513959884644
2300,0.1975640207529068,0.08273939788341522
2301,0.13159814476966858,0.08995382487773895
2302,0.17145971953868866,0.01365563366562128
2303,0.07613319158554077,0.03742425888776779
2304,0.33459600806236267,0.02372274175286293
2305,0.2169155776500702,0.022772563621401787
2306,0.2805863320827484,0.018271174281835556
2307,0.2502812147140503,0.01720932126045227
2308,0.33869826793670654,0.1183217242360115
2309,0.13610799610614777,0.04581255093216896
2310,0.08396579325199127,0.033234234899282455
2311,0.1664658784866333,0.012222182005643845
2312,0.1289890557527542,0.023354262113571167
2313,0.1510820984840393,0.03686844930052757
2314,0.2123689204454422,0.030458670109510422
2315,0.2576863765716553,0.017272725701332092
2316,0.26245784759521484,0.014347068965435028
2317,0.20348040759563446,0.03239216282963753
2318,0.19706502556800842,0.1068531796336174
2319,0.07236860692501068,0.0832122266292572
2320,0.0760103091597557,0.07068149000406265
2321,0.7625526785850525,0.11279105395078659
2322,0.21373319625854492,0.02607305720448494
2323,0.26575762033462524,0.06740686297416687
2324,0.32852792739868164,0.05584026873111725
2325,0.7699038982391357,0.01753070577979088
2326,0.1487540602684021,0.03068457543849945
2327,0.2759467363357544,0.04940517619252205
2328,0.11699887365102768,0.0679531842470169
2329,0.09349154680967331,0.042645834386348724
2330,0.1349380612373352,0.022355875000357628
2331,0.025346189737319946,0.047158218920230865
2332,0.13689619302749634,0.013039927929639816
2333,0.16166606545448303,0.0203690305352211
2334,0.4514656066894531,0.029818974435329437
2335,0.17168951034545898,0.04002067446708679
2336,0.43196696043014526,0.04280467331409454
2337,0.14134787023067474,0.06370691955089569
2338,0.11873748898506165,0.012081928551197052
2339,0.15012401342391968,0.034777283668518066
2340,0.18975883722305298,0.08090939372777939
2341,0.0984606221318245,0.04684637859463692
2342,0.1613067090511322,0.0495229996740818
2343,0.23690642416477203,0.021448351442813873
2344,0.05523707717657089,0.049996569752693176
2345,0.09730435907840729,0.01704156957566738
2346,0.23940891027450562,0.05392022430896759
2347,0.2698133587837219,0.07217054069042206
2348,0.1465558111667633,0.06884521245956421
2349,0.3781416118144989,0.029831990599632263
2350,0.24171291291713715,0.039952345192432404
2351,0.13958173990249634,0.045244473963975906
2352,0.053733620792627335,0.06564527750015259
2353,0.12067264318466187,0.0458587110042572
2354,0.15705189108848572,0.03416236490011215
2355,0.2097271829843521,0.027077656239271164
2356,0.18953914940357208,0.015655318275094032
2357,0.25508108735084534,0.036453329026699066
2358,0.14148269593715668,0.05513160675764084
2359,0.09360083192586899,0.023529591038823128
2360,0.30108344554901123,0.06140382960438728
2361,0.37358179688453674,0.03908029943704605
2362,0.35866600275039673,0.07743237912654877
2363,0.11410076916217804,0.04946350306272507
2364,0.028287522494792938,0.05423850193619728
2365,0.10410565137863159,0.03366218879818916
2366,0.5243909955024719,0.011912756599485874
2367,0.27902963757514954,0.032992418855428696
2368,0.10633184015750885,0.03452383354306221
2369,0.2794896960258484,0.02515498921275139
2370,0.11514507234096527,0.029629366472363472
2371,0.29369059205055237,0.11555685102939606
2372,0.4531674385070801,0.06922262161970139
2373,0.029424678534269333,0.01839255355298519
2374,0.4459472894668579,0.028972700238227844
2375,0.22077105939388275,0.0773463323712349
2376,0.23549866676330566,0.026668891310691833
2377,0.11259278655052185,0.038917116820812225
2378,0.436220645904541,0.05068535357713699
2379,0.4428200423717499,0.018383029848337173
2380,0.26901698112487793,0.06641261279582977
2381,0.16157692670822144,0.07688376307487488
2382,0.16981033980846405,0.03454573452472687
2383,0.12158288806676865,0.05032376945018768
2384,0.2513013482093811,0.04341500997543335
2385,0.732498288154602,0.04014890268445015
2386,0.092312753200531,0.00814697053283453
2387,0.19949758052825928,0.046999767422676086
2388,0.11481929570436478,0.012067276984453201
2389,0.3122723400592804,0.03955934941768646
2390,0.26176175475120544,0.040939994156360626
2391,0.23257458209991455,0.08033882826566696
2392,0.15494735538959503,0.008171376772224903
2393,0.1433771401643753,0.05819838121533394
2394,0.14674942195415497,0.030410682782530785
2395,0.10320322215557098,0.05286889150738716
2396,0.6537081599235535,0.03772448003292084
2397,0.0806608721613884,0.06507382541894913
2398,0.22315280139446259,0.05622311308979988
2399,0.2811422646045685,0.03861650452017784
2400,0.2810201346874237,0.056828323751688004
2401,0.12319095432758331,0.05142926797270775
2402,0.39642852544784546,0.07731400430202484
2403,0.3781609535217285,0.024864573031663895
2404,0.21209663152694702,0.042262107133865356
2405,0.08338464051485062,0.05479529872536659
2406,0.2351362407207489,0.032470908015966415
2407,0.08785664290189743,0.028147324919700623
2408,0.08988212794065475,0.028456678614020348
2409,0.4075779616832733,0.05485318973660469
2410,0.17289794981479645,0.04516692832112312
2411,0.5503532290458679,0.03672953322529793
2412,0.08177277445793152,0.022777818143367767
2413,0.06186014413833618,0.04402904212474823
2414,0.21527713537216187,0.04811352118849754
2415,0.18769028782844543,0.08388218283653259
2416,0.07468375563621521,0.024793071672320366
2417,0.0987958163022995,0.027169257402420044
2418,0.30305683612823486,0.04587280750274658
2419,0.2851533591747284,0.056346144527196884
2420,0.14379294216632843,0.08358198404312134
2421,0.34238797426223755,0.04499658942222595
2422,0.09774474799633026,0.044533971697092056
2423,0.044642556458711624,0.05202279984951019
2424,0.375531405210495,0.04208764433860779
2425,0.12927040457725525,0.10378862917423248
2426,0.12494855374097824,0.036357488483190536
2427,0.07949867844581604,0.0301276296377182
2428,0.18838167190551758,0.009792113676667213
2429,0.2061499059200287,0.048036713153123856
2430,0.24049967527389526,0.00909365713596344
2431,0.06659603118896484,0.012014715000987053
2432,0.3019672930240631,0.06521929800510406
2433,0.19293518364429474,0.08786524832248688
2434,0.3422810733318329,0.019719602540135384
2435,0.18662287294864655,0.035125140100717545
2436,0.23479026556015015,0.01245253998786211
2437,0.26752954721450806,0.006476901937276125
2438,0.14411798119544983,0.01783333532512188
2439,0.3009088337421417,0.007523700594902039
2440,0.2836812734603882,0.010747854597866535
2441,0.15257778763771057,0.03385286033153534
2442,0.23421092331409454,0.034908004105091095
2443,0.3631545901298523,0.058901071548461914
2444,0.1651311069726944,0.04855361580848694
2445,0.27518901228904724,0.01582198031246662
2446,0.09048020839691162,0.04024096578359604
2447,0.24163302779197693,0.03043607622385025
2448,0.36746886372566223,0.02721429243683815
2449,0.20498737692832947,0.09247971326112747
2450,0.24793370068073273,0.036160849034786224
2451,0.29934656620025635,0.04252883046865463
2452,0.1173916682600975,0.10229301452636719
2453,0.08186112344264984,0.03506207466125488
2454,0.12289220094680786,0.06706011295318604
2455,0.09536625444889069,0.03463410586118698
2456,0.10255266726016998,0.010873776860535145
2457,0.14755474030971527,0.028809035196900368
2458,0.14445015788078308,0.04430142790079117
2459,0.05933481454849243,0.03208139166235924
2460,0.06138085573911667,0.02752038463950157
2461,0.13013868033885956,0.028835825622081757
2462,0.3896448612213135,0.01695927605032921
2463,0.218766987323761,0.08190742135047913
2464,0.4784815013408661,0.039775300770998
2465,0.07980658859014511,0.046692926436662674
2466,0.24046126008033752,0.025058358907699585
2467,0.06908974051475525,0.022790515795350075
2468,0.23821963369846344,0.015506327152252197
2469,0.3697875738143921,0.07930393517017365
2470,0.14454002678394318,0.04432409629225731
2471,0.11720384657382965,0.01398917380720377
2472,0.37358832359313965,0.02475367859005928
2473,0.22022990882396698,0.04191741719841957
2474,0.16620615124702454,0.04964129626750946
2475,0.10614537447690964,0.08785776793956757
2476,0.11844056099653244,0.0336245633661747
2477,0.1791466474533081,0.0580960214138031
2478,0.17756745219230652,0.017877589911222458
2479,0.1849336326122284,0.04709278792142868
2480,0.05472864955663681,0.05515963211655617
2481,0.195420041680336,0.032590724527835846
2482,0.18319004774093628,0.061720628291368484
2483,0.20951414108276367,0.056653860956430435
2484,0.11815673112869263,0.04557650163769722
2485,0.14591453969478607,0.049338459968566895
2486,0.1573914885520935,0.007135235238820314
2487,0.43405985832214355,0.009526613168418407
2488,0.2788018584251404,0.035135719925165176
2489,0.09908178448677063,0.04391227290034294
2490,0.07845920324325562,0.025871355086565018
2491,0.180743008852005,0.029574204236268997
2492,0.3947593867778778,0.0463009774684906
2493,0.3403598964214325,0.024289747700095177
2494,0.28476619720458984,0.022080346941947937
2495,0.13147443532943726,0.033542051911354065
2496,0.0752095952630043,0.15490806102752686
2497,0.3670821785926819,0.028681326657533646
2498,0.3764108121395111,0.04484432190656662
2499,0.21823671460151672,0.038598593324422836
2500,0.24508436024188995,0.042923085391521454
2501,0.171936497092247,0.024524351581931114
2502,0.35644757747650146,0.0546870231628418
2503,0.17964088916778564,0.05824349820613861
2504,0.10118191689252853,0.02762768790125847
2505,0.2030639797449112,0.02783394418656826
2506,0.4043337106704712,0.08324781060218811
2507,0.14272795617580414,0.0803385078907013
2508,0.2331106811761856,0.016290836036205292
2509,0.09381065517663956,0.01656957156956196
2510,0.09093639999628067,0.038530439138412476
2511,0.569707989692688,0.05297373980283737
2512,0.4772590398788452,0.03738284111022949
2513,0.5779908895492554,0.05467282980680466
2514,0.1992846429347992,0.024353425949811935
2515,0.09649181365966797,0.050999727100133896
2516,0.17999915778636932,0.023787954822182655
2517,0.3263736069202423,0.04672627151012421
2518,0.2732101082801819,0.016316276043653488
2519,0.18207234144210815,0.02719048410654068
2520,0.26400989294052124,0.019811268895864487
2521,0.22682148218154907,0.04543989524245262
2522,0.12106601893901825,0.09821902215480804
2523,0.3438016176223755,0.08483801782131195
2524,0.18278731405735016,0.03012734092772007
2525,0.1170550212264061,0.048060014843940735
2526,0.3217395544052124,0.02295226976275444
2527,0.14847762882709503,0.05325105041265488
2528,0.27590033411979675,0.039277270436286926
2529,0.1672750562429428,0.1163102239370346
2530,0.3409411907196045,0.03553855046629906
2531,0.07605375349521637,0.09377872943878174
2532,0.3241143226623535,0.14165322482585907
2533,0.13292990624904633,0.05945371836423874
2534,0.10532081127166748,0.04509856179356575
2535,0.3773348927497864,0.08575602620840073
2536,0.13034199178218842,0.028213568031787872
2537,0.22747215628623962,0.05544005334377289
2538,0.26900190114974976,0.050607651472091675
2539,0.2182779163122177,0.08353528380393982
2540,0.05630572885274887,0.01574895903468132
2541,0.16045227646827698,0.026136500760912895
2542,0.14770103991031647,0.1903601586818695
2543,0.29738959670066833,0.032688677310943604
2544,0.16645902395248413,0.012798656709492207
2545,0.48496755957603455,0.18413563072681427
2546,0.06066708266735077,0.03892333060503006
2547,0.1451614648103714,0.02608608454465866
2548,0.04239734262228012,0.08968556672334671
2549,0.5382529497146606,0.024505000561475754
2550,0.12198849767446518,0.11681699752807617
2551,0.11865153908729553,0.01844962127506733
2552,0.139569953083992,0.028923772275447845
2553,0.04746357724070549,0.02972363866865635
2554,0.23293660581111908,0.02173420414328575
2555,0.19632279872894287,0.04128628224134445
2556,0.29471150040626526,0.046075884252786636
2557,0.3546908497810364,0.0645391047000885
2558,0.2743014693260193,0.02000708505511284
2559,0.3361568748950958,0.01101207360625267
2560,0.2836587429046631,0.04257983714342117
2561,0.3938589096069336,0.08049023151397705
2562,0.16181467473506927,0.03874102979898453
2563,0.18838101625442505,0.05739263817667961
2564,0.09608041495084763,0.04391074180603027
2565,0.14834314584732056,0.12791749835014343
2566,0.17045482993125916,0.1598772406578064
2567,0.21364353597164154,0.027708377689123154
2568,0.17329911887645721,0.04430624842643738
2569,0.28122347593307495,0.10354938358068466
2570,0.3605572283267975,0.03963231295347214
2571,0.9696850180625916,0.07439976930618286
2572,0.3848583698272705,0.01835031248629093
2573,0.5767686367034912,0.036367032676935196
2574,0.18567197024822235,0.021116264164447784
2575,0.120541051030159,0.025830447673797607
2576,0.07754036039113998,0.042090870440006256
2577,0.2172691971063614,0.05806242674589157
2578,0.2376478612422943,0.10532320290803909
2579,0.47986215353012085,0.029870253056287766
2580,0.24064576625823975,0.01178974099457264
2581,0.22153809666633606,0.0348103903234005
2582,0.28324323892593384,0.07472550123929977
2583,0.1426829993724823,0.010248946957290173
2584,0.17653144896030426,0.023255541920661926
2585,0.20189499855041504,0.08822835236787796
2586,0.1309022456407547,0.07454828172922134
2587,0.4870241582393646,0.08234510570764542
2588,0.6086263060569763,0.040073737502098083
2589,0.21505944430828094,0.08064882457256317
2590,0.14884133636951447,0.05904240906238556
2591,0.09036446362733841,0.05005625635385513
2592,0.19528362154960632,0.07741215825080872
2593,0.21756964921951294,0.07563415914773941
2594,0.27785974740982056,0.09033231437206268
2595,0.1563872992992401,0.050823695957660675
2596,0.25136271119117737,0.041839126497507095
2597,0.4252265691757202,0.0607745423913002
2598,0.13749919831752777,0.030317606404423714
2599,0.13751503825187683,0.05791186913847923
2600,0.1603076159954071,0.04266967624425888
2601,0.25259846448898315,0.04427461326122284
2602,0.1102442592382431,0.0689176544547081
2603,0.4494345784187317,0.04224950820207596
2604,0.2960202693939209,0.0075204139575362206
2605,0.16170459985733032,0.032331060618162155
2606,0.2607139050960541,0.04423564299941063
2607,0.20794764161109924,0.06389431655406952
2608,0.2897969186306,0.06717061996459961
2609,0.2428647130727768,0.04095587134361267
2610,0.07946456968784332,0.0299917533993721
2611,0.5042411088943481,0.052617378532886505
2612,0.20533548295497894,0.04598742723464966
2613,0.24765925109386444,0.010944767855107784
2614,0.3030097484588623,0.041021112352609634
2615,0.22233182191848755,0.08095939457416534
2616,0.362466037273407,0.11433286964893341
2617,0.18194156885147095,0.08034326881170273
2618,0.14376141130924225,0.03194008767604828
2619,0.10792235285043716,0.03734892979264259
2620,0.1677647829055786,0.02727716974914074
2621,0.07271067798137665,0.04514216631650925
2622,0.12435194849967957,0.04525434970855713
2623,0.25036680698394775,0.08263363689184189
2624,0.06624671816825867,0.05142705887556076
2625,0.2055518627166748,0.11686453968286514
2626,0.4579148590564728,0.09662968665361404
2627,0.026275187730789185,0.0794442892074585
2628,0.3445831537246704,0.09511116147041321
2629,0.39669060707092285,0.05559556931257248
2630,0.2585252523422241,0.08180852979421616
2631,0.2223527431488037,0.0706247016787529
2632,0.31477484107017517,0.027726268395781517
2633,0.2585318088531494,0.10266870260238647
2634,0.238320454955101,0.03417454659938812
2635,0.22181013226509094,0.08401476591825485
2636,0.22628790140151978,0.15033699572086334
2637,0.13548128306865692,0.017499513924121857
2638,0.5805589556694031,0.038881342858076096
2639,0.8678556680679321,0.08552630245685577
2640,0.43722471594810486,0.04477131366729736
2641,0.2825812101364136,0.05877893418073654
2642,0.4479990303516388,0.05250325798988342
2643,0.47790879011154175,0.05393295735120773
2644,0.16651348769664764,0.08280504494905472
2645,0.1259874403476715,0.06575362384319305
2646,0.19439321756362915,0.025748128071427345
2647,0.22226084768772125,0.027408214285969734
2648,0.42589107155799866,0.026640843600034714
2649,0.6995951533317566,0.15368546545505524
2650,0.3925873339176178,0.05480508878827095
2651,0.2790302038192749,0.06665751338005066
2652,0.3188524842262268,0.0691317692399025
2653,0.35823556780815125,0.04438354820013046
2654,0.2976379692554474,0.1469021886587143
2655,0.49189692735671997,0.12729914486408234
2656,0.11505419760942459,0.040194377303123474
2657,0.33779171109199524,0.04375806450843811
2658,0.4501797556877136,0.08035276085138321
2659,0.09604647755622864,0.00993302185088396
2660,0.07305047661066055,0.052597761154174805
2661,0.6165914535522461,0.0832446813583374
2662,0.26632100343704224,0.02691451460123062
2663,0.21168285608291626,0.060727328062057495
2664,0.20841601490974426,0.02899709716439247
2665,0.13178034126758575,0.039709024131298065
2666,0.29472577571868896,0.025212325155735016
2667,0.27433985471725464,0.03717803210020065
2668,0.2673628032207489,0.030817437916994095
2669,0.18732865154743195,0.027948712930083275
2670,0.24995417892932892,0.03990798816084862
2671,0.07617141306400299,0.011215767823159695
2672,0.13754038512706757,0.010941521264612675
2673,0.3256078064441681,0.0627051517367363
2674,0.4450221657752991,0.04336746037006378
2675,0.40188923478126526,0.15083837509155273
2676,0.23230774700641632,0.0858914852142334
2677,0.1632976233959198,0.03991103544831276
2678,0.11981405317783356,0.060759954154491425
2679,0.18284358084201813,0.04135473817586899
2680,0.1392235904932022,0.14153620600700378
2681,0.3332911729812622,0.10201895236968994
2682,0.11188982427120209,0.0271772388368845
2683,0.2667062282562256,0.02884640544652939
2684,0.42353442311286926,0.018093714490532875
2685,0.41103193163871765,0.014857316389679909
2686,0.43742936849594116,0.0602106973528862
2687,0.37221574783325195,0.032243140041828156
2688,0.17158783972263336,0.03050018660724163
2689,0.25870341062545776,0.08797822892665863
2690,0.32444238662719727,0.0725349709391594
2691,0.3286842703819275,0.08861728757619858
2692,0.1936425268650055,0.07075503468513489
2693,0.11445032060146332,0.04420429468154907
2694,0.14690802991390228,0.022315172478556633
2695,0.10480402410030365,0.07453688979148865
