id,IHH,IHV
1,0.3873375654220581,0.040400564670562744
2,0.2204190343618393,0.05166942998766899
3,0.13769173622131348,0.058617003262043
4,0.14921540021896362,0.09075506031513214
5,0.4643823206424713,0.04081374406814575
6,0.3812776803970337,0.06343667209148407
7,0.454008549451828,0.02296760119497776
8,0.4407399892807007,0.0628596767783165
9,0.10189189016819,0.12602366507053375
10,0.2525723874568939,0.10709528625011444
11,0.3707672357559204,0.10955324023962021
12,0.2210761308670044,0.06582054495811462
13,0.6709905862808228,0.04040737450122833
14,0.33187294006347656,0.13695141673088074
15,0.22034364938735962,0.0740417093038559
16,0.08868417143821716,0.04847222566604614
17,0.17096959054470062,0.03991282731294632
18,0.2180624157190323,0.09127643704414368
19,0.12566766142845154,0.09554923325777054
20,0.11265308409929276,0.02712145633995533
21,0.1568036675453186,0.17417463660240173
22,0.1844763159751892,0.13379624485969543
23,0.1286645531654358,0.03645358979701996
24,0.5673623085021973,0.07216764986515045
25,0.28267383575439453,0.0747213065624237
26,0.24015605449676514,0.06652475893497467
27,0.5133895874023438,0.10820210725069046
28,0.24382975697517395,0.08905778080224991
29,0.9595415592193604,0.04354336857795715
30,0.31626009941101074,0.015228252857923508
31,0.15844114124774933,0.09181271493434906
32,0.13097646832466125,0.0614176020026207
33,0.13457275927066803,0.05562453716993332
34,0.2067551612854004,0.12377817928791046
35,0.1889215111732483,0.0581773966550827
36,0.5678682327270508,0.11938898265361786
37,0.5380597710609436,0.12355221807956696
38,0.20666036009788513,0.09973320364952087
39,0.12914827466011047,0.08331849426031113
40,0.09117299318313599,0.026149334385991096
41,0.28681185841560364,0.07867438346147537
42,0.1883649230003357,0.055867403745651245
43,0.2660524547100067,0.0717589408159256
44,0.29320642352104187,0.0393303707242012
45,0.3366347551345825,0.023483751341700554
46,0.2003566324710846,0.06256745010614395
47,0.2488519251346588,0.10664742439985275
48,0.5105099678039551,0.00628130417317152
49,0.19036681950092316,0.11359293758869171
50,0.500968337059021,0.10600320249795914
51,0.31451088190078735,0.07945132255554199
52,0.2899724245071411,0.08350307494401932
53,0.4770526885986328,0.07411761581897736
54,0.15083608031272888,0.03096739575266838
55,0.2858399748802185,0.08531031012535095
56,0.18209782242774963,0.027419069781899452
57,0.3289076089859009,0.08255963772535324
58,0.25305721163749695,0.024656111374497414
59,0.2778871953487396,0.0749475359916687
60,0.4163099527359009,0.05965302884578705
61,0.2574284076690674,0.015174293890595436
62,0.2600735127925873,0.1642986238002777
63,0.1523263156414032,0.1061519905924797
64,0.25699055194854736,0.0740015059709549
65,0.3989829421043396,0.14724962413311005
66,0.4126996695995331,0.14828568696975708
67,0.0885145366191864,0.05079290270805359
68,0.2865280210971832,0.031203698366880417
69,0.1092892438173294,0.026908600702881813
70,0.5007576942443848,0.04055340960621834
71,0.24909505248069763,0.019416918978095055
72,0.2390381395816803,0.09816034883260727
73,0.29964959621429443,0.02959701232612133
74,0.12973661720752716,0.041704099625349045
75,0.42524486780166626,0.0529448539018631
76,0.4178619682788849,0.06033441051840782
77,0.4422072172164917,0.01792049966752529
78,0.3059903383255005,0.05025568604469299
79,0.2859688699245453,0.07374119013547897
80,0.37540844082832336,0.05301060155034065
81,0.20063850283622742,0.0656781792640686
82,0.13190898299217224,0.046009957790374756
83,0.07510560005903244,0.059909358620643616
84,1.0529749393463135,0.10658487677574158
85,0.11137870699167252,0.1417480707168579
86,0.6990306377410889,0.05979643389582634
87,0.44483083486557007,0.021551305428147316
88,0.309685617685318,0.04269351437687874
89,0.21415264904499054,0.039079487323760986
90,0.30001839995384216,0.07875241339206696
91,0.21689368784427643,0.12146267294883728
92,0.138322114944458,0.06756878644227982
93,0.1855567842721939,0.015168191865086555
94,0.04625338315963745,0.0876985639333725
95,0.2595219612121582,0.05322934314608574
96,0.2514505982398987,0.027185775339603424
97,0.3676545321941376,0.04229142144322395
98,0.36058199405670166,0.04749969020485878
99,0.08078275620937347,0.034729331731796265
100,0.14703279733657837,0.04906100034713745
101,0.24016253650188446,0.06264722347259521
102,0.2678946554660797,0.0994819775223732
103,0.12860658764839172,0.07652691006660461
104,0.25847867131233215,0.07152678072452545
105,0.1083807721734047,0.09763240069150925
106,0.18277522921562195,0.09844156354665756
107,0.20261767506599426,0.01945386454463005
108,0.197382852435112,0.07063053548336029
109,0.06687206774950027,0.1278649866580963
110,0.3953109383583069,0.06621961295604706
111,0.22670815885066986,0.07255476713180542
112,0.12445178627967834,0.09126947075128555
113,0.2568226754665375,0.025217454880475998
114,0.0933406874537468,0.08205689489841461
115,0.07467243820428848,0.048024050891399384
116,0.4279591143131256,0.11852068454027176
117,0.36349666118621826,0.04621429741382599
118,0.23358744382858276,0.04371842369437218
119,0.15611477196216583,0.16219006478786469
120,0.1582123041152954,0.08848264813423157
121,0.1549408733844757,0.10136696696281433
122,0.477512925863266,0.0326283723115921
123,0.19324029982089996,0.034877434372901917
124,0.050425730645656586,0.04857389256358147
125,0.27030688524246216,0.015659410506486893
126,0.17767128348350525,0.026493122801184654
127,0.2767541706562042,0.0937071144580841
128,0.1694401204586029,0.06101157143712044
129,0.075420081615448,0.03740645945072174
130,0.22773641347885132,0.0609482042491436
131,0.10550734400749207,0.04105636477470398
132,0.13544203341007233,0.0419769249856472
133,0.32904982566833496,0.07511013746261597
134,0.05412910878658295,0.026492901146411896
135,0.2129891812801361,0.06879836320877075
136,0.23072616755962372,0.08498435467481613
137,0.32544630765914917,0.07516514509916306
138,0.18917055428028107,0.04774840921163559
139,0.3329361081123352,0.04285936430096626
140,0.394661545753479,0.055118776857852936
141,0.10845417529344559,0.03090655244886875
142,0.24113166332244873,0.08711148798465729
143,0.2072811871767044,0.04657918959856033
144,0.18302109837532043,0.03889758139848709
145,0.12640652060508728,0.02531462535262108
146,0.2610262632369995,0.022530877962708473
147,0.12281978130340576,0.05520249903202057
148,0.40547269582748413,0.03256189078092575
149,0.21715103089809418,0.0971747636795044
150,0.4141131639480591,0.21353977918624878
151,0.6795693635940552,0.005456507671624422
152,0.4861777126789093,0.053803253918886185
153,0.7505190372467041,0.14302413165569305
154,0.3295176923274994,0.056781258434057236
155,0.3291819095611572,0.09054890275001526
156,0.23262420296669006,0.042115818709135056
157,0.1717139184474945,0.048530083149671555
158,0.15566815435886383,0.03870515525341034
159,0.25734245777130127,0.026414521038532257
160,0.13963736593723297,0.0458696112036705
161,0.2838267683982849,0.039622724056243896
162,0.3461245894432068,0.029612721875309944
163,0.15424790978431702,0.08410985767841339
164,0.1828736662864685,0.08382362127304077
165,0.20494061708450317,0.11066556721925735
166,0.28562936186790466,0.026543885469436646
167,0.14611251652240753,0.08076460659503937
168,0.4422769546508789,0.06592380255460739
169,0.2479827105998993,0.03797779604792595
170,0.2629270553588867,0.0430908277630806
171,0.14987564086914062,0.016343317925930023
172,0.15690535306930542,0.02161625400185585
173,0.3279692530632019,0.035395026206970215
174,0.1528795212507248,0.08163294941186905
175,0.22443045675754547,0.07743072509765625
176,0.3723237216472626,0.07088223099708557
177,0.29893234372138977,0.026684723794460297
178,0.45829132199287415,0.04150177910923958
179,0.1991632580757141,0.043877359479665756
180,0.13430920243263245,0.11227401345968246
181,0.2852371335029602,0.05609026551246643
182,0.3618640601634979,0.03717970475554466
183,0.37271225452423096,0.11417403072118759
184,0.1894986480474472,0.033338263630867004
185,0.2112523764371872,0.03341717645525932
186,0.3507268726825714,0.08763545006513596
187,0.169826477766037,0.06589294970035553
188,0.22598044574260712,0.016217438504099846
189,0.09591015428304672,0.026693783700466156
190,0.18564742803573608,0.12778204679489136
191,0.4478799104690552,0.034146301448345184
192,0.1310143768787384,0.05817341059446335
193,0.2803065776824951,0.0387180857360363
194,0.2500436305999756,0.09992482513189316
195,0.07549723237752914,0.14755626022815704
196,0.5333066582679749,0.08796334266662598
197,0.32340145111083984,0.011385170742869377
198,0.3531327545642853,0.0506884828209877
199,0.2519048750400543,0.08682423830032349
200,0.2797629237174988,0.040187153965234756
201,0.21299873292446136,0.05926065146923065
202,0.5372661352157593,0.07495343685150146
203,0.09349621832370758,0.05051223933696747
204,0.9095734357833862,0.01716151274740696
205,0.1365399807691574,0.02565235085785389
206,0.09343478083610535,0.12057968229055405
207,0.22576460242271423,0.04435895383358002
208,0.14929622411727905,0.031050190329551697
209,0.18919052183628082,0.1281677931547165
210,0.3867846131324768,0.07534709572792053
211,0.12790173292160034,0.07683905214071274
212,0.24678488075733185,0.0736253559589386
213,0.7995268106460571,0.023625418543815613
214,0.26339516043663025,0.011537742801010609
215,0.11915911734104156,0.011951839551329613
216,0.010972954332828522,0.03476394712924957
217,0.2602001130580902,0.08470886945724487
218,0.26551273465156555,0.007591659668833017
219,0.38530299067497253,0.0921630710363388
220,0.05329018086194992,0.11955779790878296
221,0.17065274715423584,0.06138400733470917
222,0.20701217651367188,0.12680034339427948
223,0.1574791967868805,0.09077776223421097
224,0.21235623955726624,0.03878352418541908
225,0.3082636296749115,0.012417351827025414
226,0.32194840908050537,0.018839487805962563
227,0.43593287467956543,0.03868455812335014
228,0.15419648587703705,0.012623682618141174
229,0.2854703366756439,0.007076562847942114
230,0.2632211744785309,0.0405178964138031
231,0.08352036029100418,0.021181264892220497
232,0.2501012086868286,0.03841134160757065
233,0.2559993863105774,0.05495502054691315
234,0.19231562316417694,0.04881308227777481
235,0.24840128421783447,0.025155268609523773
236,0.22022736072540283,0.03685072064399719
237,0.1944260150194168,0.008758114650845528
238,0.373262882232666,0.06473477929830551
239,0.2271798551082611,0.05898956581950188
240,0.4063901901245117,0.10965488106012344
241,0.2095867097377777,0.05659570172429085
242,0.34534868597984314,0.041445113718509674
243,0.46180063486099243,0.0357825867831707
244,0.47757160663604736,0.029182177037000656
245,0.09927131235599518,0.05992049723863602
246,0.07705371081829071,0.14343929290771484
247,0.6131401658058167,0.07889580726623535
248,0.3014780580997467,0.14444050192832947
249,0.28246623277664185,0.10662543773651123
250,0.19690868258476257,0.16303220391273499
251,0.2714906334877014,0.02624337375164032
252,0.17806918919086456,0.07524330168962479
253,0.18932633101940155,0.12893369793891907
254,0.2803226411342621,0.09004086256027222
255,0.3987157344818115,0.028361989185214043
256,0.387079656124115,0.03485814854502678
257,0.34742608666419983,0.033150117844343185
258,0.24057693779468536,0.02528807520866394
259,0.2955150604248047,0.13549600541591644
260,0.3876692056655884,0.027048461139202118
261,0.3721730411052704,0.11224638670682907
262,0.1405094861984253,0.05776854231953621
263,0.4434135854244232,0.05973947420716286
264,0.5066475868225098,0.019724838435649872
265,0.0792887732386589,0.07745993137359619
266,0.11520150303840637,0.0226614847779274
267,0.08863436430692673,0.03878409042954445
268,0.10366542637348175,0.044529564678668976
269,0.4113292694091797,0.03523913398385048
270,0.08593243360519409,0.014152728952467442
271,0.2350967824459076,0.0428658053278923
272,0.6123571991920471,0.04514693096280098
273,0.30339303612709045,0.06788934767246246
274,0.23938074707984924,0.06760485470294952
275,0.16650275886058807,0.0179293230175972
276,0.43550705909729004,0.02396901696920395
277,0.3189992904663086,0.0254862979054451
278,0.13254037499427795,0.053136978298425674
279,0.2431917041540146,0.04871976375579834
280,0.2922617793083191,0.04469490051269531
281,0.0998181477189064,0.027341170236468315
282,0.24965988099575043,0.041061121970415115
283,0.235282763838768,0.03797626867890358
284,0.17777562141418457,0.021808836609125137
285,0.2924962043762207,0.03409617766737938
286,0.6654006838798523,0.035711806267499924
287,0.14728176593780518,0.03016352280974388
288,0.1208539754152298,0.08600994199514389
289,0.21596136689186096,0.04675973579287529
290,0.35588812828063965,0.042640477418899536
291,0.42922070622444153,0.027399178594350815
292,0.16429045796394348,0.020279649645090103
293,0.27193596959114075,0.032589856535196304
294,0.3149247169494629,0.06767769902944565
295,0.22972671687602997,0.0881575495004654
296,0.13868391513824463,0.05286053940653801
297,0.10216213762760162,0.07633456587791443
298,0.32695823907852173,0.03177522495388985
299,0.19258570671081543,0.0353003665804863
300,0.18277831375598907,0.08407788723707199
301,0.18565572798252106,0.06083947792649269
302,0.10199296474456787,0.0936204269528389
303,0.20516926050186157,0.13757681846618652
304,0.16700947284698486,0.1327461302280426
305,0.17499636113643646,0.060287099331617355
306,0.3292134404182434,0.024810457602143288
307,0.42488372325897217,0.0518207885324955
308,0.42241138219833374,0.13480409979820251
309,0.16395916044712067,0.06276582926511765
310,0.27692654728889465,0.14788496494293213
311,0.12167564779520035,0.15847571194171906
312,0.229647696018219,0.045074496418237686
313,0.11124394834041595,0.025819795206189156
314,0.15459927916526794,0.06098264828324318
315,0.22480899095535278,0.019925612956285477
316,0.2690705955028534,0.021257132291793823
317,0.23357336223125458,0.12915968894958496
318,0.2115316390991211,0.05157625302672386
319,0.4828149080276489,0.11444465070962906
320,0.2758769690990448,0.04503929242491722
321,0.23333324491977692,0.031001238152384758
322,0.3086090087890625,0.06318103522062302
323,0.17771217226982117,0.03554069995880127
324,0.297983318567276,0.0586351603269577
325,0.25870126485824585,0.08058677613735199
326,0.27490922808647156,0.048788394778966904
327,0.5237820148468018,0.09458531439304352
328,0.141737699508667,0.054306551814079285
329,0.42049890756607056,0.0535026416182518
330,0.17407701909542084,0.09732980281114578
331,0.576970636844635,0.023864053189754486
332,0.4323399066925049,0.05546408146619797
333,0.2696755528450012,0.04314720258116722
334,0.18509116768836975,0.08007403463125229
335,0.37369057536125183,0.09741835296154022
336,0.22253477573394775,0.08471876382827759
337,0.10293950885534286,0.01467115432024002
338,0.2809734642505646,0.01899566315114498
339,0.2799142003059387,0.11903442442417145
340,0.28586345911026,0.04732752963900566
341,0.15573300421237946,0.10885558277368546
342,0.160666361451149,0.026161815971136093
343,0.14695751667022705,0.07688581943511963
344,0.28470534086227417,0.06452297419309616
345,0.22794294357299805,0.1323070228099823
346,0.5347511172294617,0.07278970628976822
347,0.6260641813278198,0.055620450526475906
348,0.2169693559408188,0.0873471274971962
349,0.20509469509124756,0.05776319280266762
350,0.16164331138134003,0.05294397473335266
351,0.11732366681098938,0.011515671387314796
352,0.15844014286994934,0.028439652174711227
353,0.18644197285175323,0.12219149619340897
354,0.056163180619478226,0.02068270556628704
355,0.566443145275116,0.055433716624975204
356,0.19783183932304382,0.030613696202635765
357,0.1546163558959961,0.04129812866449356
358,0.3202609717845917,0.06732967495918274
359,0.11485690623521805,0.0937490165233612
360,0.735217809677124,0.044880010187625885
361,0.7327576875686646,0.08575774729251862
362,0.2727561891078949,0.11982961744070053
363,0.09444691985845566,0.04197130724787712
364,0.20524781942367554,0.08567027747631073
365,0.28653836250305176,0.11093287914991379
366,0.3324599266052246,0.04136309772729874
367,0.11045725643634796,0.060824595391750336
368,0.14897936582565308,0.040834102779626846
369,0.5237137675285339,0.03879369795322418
370,0.060360703617334366,0.04744675010442734
371,0.26948466897010803,0.06033266335725784
372,0.28670746088027954,0.05978015810251236
373,0.3700997233390808,0.030739672482013702
374,0.40833932161331177,0.031257450580596924
375,0.10043389350175858,0.03297608345746994
376,0.3929287791252136,0.033474184572696686
377,0.30585482716560364,0.023019608110189438
378,0.12743321061134338,0.06893514096736908
379,0.2204558402299881,0.09709925204515457
380,0.19111911952495575,0.02023671194911003
381,0.998441755771637,0.04247879609465599
382,0.27325478196144104,0.03437083959579468
383,0.22078311443328857,0.01847553625702858
384,0.1189422756433487,0.02746317908167839
385,0.21879303455352783,0.05609429255127907
386,0.2874602675437927,0.05257423222064972
387,0.5162917971611023,0.0961824506521225
388,0.2889331877231598,0.04831089451909065
389,0.30338117480278015,0.057379141449928284
390,0.11580783873796463,0.04038330912590027
391,0.336576372385025,0.014579018577933311
392,0.2993173599243164,0.041606876999139786
393,0.5664262771606445,0.0355524942278862
394,0.22882764041423798,0.028191227465867996
395,0.24086517095565796,0.0403464138507843
396,0.3917834162712097,0.08867640048265457
397,0.24645259976387024,0.034875791519880295
398,0.16308480501174927,0.022606870159506798
399,0.40034979581832886,0.061746373772621155
400,0.30876126885414124,0.08056778460741043
401,0.14166443049907684,0.06486740708351135
402,0.1522589474916458,0.08225589245557785
403,0.20675942301750183,0.12681156396865845
404,0.07453456521034241,0.05999414622783661
405,0.12584362924098969,0.21772581338882446
406,0.12192527949810028,0.06870588660240173
407,0.13574790954589844,0.036663856357336044
408,0.2993057668209076,0.042936429381370544
409,0.32581081986427307,0.05889890342950821
410,0.1306479573249817,0.01986047625541687
411,0.14952002465724945,0.09125708043575287
412,0.3518422245979309,0.04638198763132095
413,0.21635669469833374,0.06995244324207306
414,0.2472565770149231,0.12035153806209564
415,0.14576220512390137,0.016254184767603874
416,0.12486790865659714,0.02735278382897377
417,0.3685145378112793,0.009677045978605747
418,0.29221266508102417,0.04841366410255432
419,0.19321466982364655,0.04052634909749031
420,0.30741044878959656,0.13568441569805145
421,0.16923105716705322,0.12002233415842056
422,0.1129179522395134,0.04108172282576561
423,0.1027526706457138,0.13502539694309235
424,0.10763048380613327,0.191508948802948
425,0.11928720772266388,0.03036506474018097
426,0.1873972862958908,0.08246903121471405
427,0.07373632490634918,0.026734650135040283
428,0.2827583849430084,0.03515395522117615
429,0.24392256140708923,0.013447180390357971
430,0.4537010192871094,0.12878134846687317
431,0.42550304532051086,0.08942729234695435
432,0.5491285920143127,0.04046249017119408
433,0.10262465476989746,0.05155961960554123
434,0.27002236247062683,0.08819717168807983
435,0.045286040753126144,0.0389627106487751
436,0.25178244709968567,0.10770165175199509
437,0.26808640360832214,0.03488504886627197
438,0.127966970205307,0.028471365571022034
439,0.4861433506011963,0.031999073922634125
440,0.26869073510169983,0.039813265204429626
441,0.2571369707584381,0.06773263216018677
442,0.09268871694803238,0.10023897886276245
443,0.06097937002778053,0.0687321275472641
444,0.012570724822580814,0.033351168036460876
445,0.1446722149848938,0.01847001723945141
446,0.25645896792411804,0.03327394649386406
447,0.7559317946434021,0.015753798186779022
448,0.2109774500131607,0.11324290931224823
449,0.39616531133651733,0.06182285398244858
450,0.08913633972406387,0.01895441859960556
451,0.09550581872463226,0.06582357734441757
452,0.18950492143630981,0.05742257833480835
453,0.2794102430343628,0.042246367782354355
454,0.14268025755882263,0.03282671421766281
455,0.20168648660182953,0.032140765339136124
456,0.4049360454082489,0.057672496885061264
457,0.31735724210739136,0.022547250613570213
458,0.6369607448577881,0.024117102846503258
459,0.04657060280442238,0.007526013068854809
460,0.22502942383289337,0.018045833334326744
461,0.1624002903699875,0.05310133099555969
462,0.09866955876350403,0.055121131241321564
463,0.03488970175385475,0.06808111071586609
464,0.1826978474855423,0.054182019084692
465,0.225225567817688,0.01066004391759634
466,0.1815897822380066,0.018781501799821854
467,0.09114048629999161,0.019648758694529533
468,0.1749281883239746,0.04627879336476326
469,0.44898921251296997,0.040708985179662704
470,0.1559910774230957,0.03913901746273041
471,0.17092499136924744,0.039063796401023865
472,0.21133802831172943,0.12033089995384216
473,0.46667104959487915,0.06813335418701172
474,0.2632893919944763,0.038669686764478683
475,0.12827354669570923,0.06921306997537613
476,0.03991849720478058,0.0625961571931839
477,0.039185862988233566,0.043457239866256714
478,0.23238708078861237,0.17055073380470276
479,0.12462259829044342,0.20499999821186066
480,0.3321170210838318,0.0350242555141449
481,0.15029889345169067,0.09869905561208725
482,0.1719941794872284,0.0637078732252121
483,0.22756780683994293,0.07045821845531464
484,0.1363837718963623,0.1399787813425064
485,0.09895654767751694,0.02984478883445263
486,0.4411225914955139,0.05299742892384529
487,0.149433434009552,0.07139275223016739
488,0.5095728635787964,0.03711993619799614
489,0.21774932742118835,0.037344448268413544
490,0.20912891626358032,0.05099412798881531
491,0.19094020128250122,0.10089503973722458
492,0.25416842103004456,0.07405079901218414
493,0.2219923436641693,0.05864030122756958
494,0.2577506899833679,0.10321317613124847
495,0.29531389474868774,0.023903975263237953
496,0.12887051701545715,0.06289658695459366
497,0.24683228135108948,0.09240812063217163
498,0.46023499965667725,0.035305943340063095
499,0.1665240228176117,0.03948451951146126
500,0.2179405242204666,0.04671522229909897
501,0.1773916780948639,0.06713069975376129
502,0.29196661710739136,0.23929068446159363
503,0.1996271014213562,0.0871376022696495
504,0.10720068216323853,0.05970130115747452
505,0.12673795223236084,0.049916867166757584
506,0.21180272102355957,0.02924841269850731
507,0.05924956873059273,0.02460848167538643
508,0.2620007395744324,0.06780123710632324
509,0.09225050359964371,0.04777749255299568
510,0.4798348546028137,0.03081771358847618
511,0.8293313980102539,0.04107951745390892
512,0.2322932630777359,0.019869856536388397
513,0.1946457326412201,0.032397665083408356
514,0.22731301188468933,0.05852245166897774
515,0.42418408393859863,0.030511537566781044
516,0.3105837106704712,0.032725706696510315
517,0.13699108362197876,0.04959109425544739
518,0.24460405111312866,0.04441232979297638
519,0.7565430402755737,0.09706738591194153
520,0.22074340283870697,0.025393949821591377
521,0.37785446643829346,0.049002572894096375
522,0.09411083161830902,0.043900128453969955
523,0.1590050607919693,0.018656136468052864
524,0.16786131262779236,0.03795194253325462
525,0.6366600394248962,0.004481363110244274
526,0.1466761976480484,0.03489883244037628
527,0.14888226985931396,0.03975576162338257
528,0.13432560861110687,0.19253091514110565
529,0.11438263952732086,0.04186857491731644
530,0.2507651746273041,0.060583069920539856
531,0.4486581087112427,0.066106416285038
532,0.2994128167629242,0.07420036196708679
533,0.2629638612270355,0.04772486537694931
534,0.3420804738998413,0.06840599328279495
535,0.2252383828163147,0.03595375269651413
536,0.13831478357315063,0.034892767667770386
537,0.13796138763427734,0.04709210991859436
538,0.15274463593959808,0.06173083186149597
539,0.19910928606987,0.03978894650936127
540,0.2310083657503128,0.0683240070939064
541,0.19328689575195312,0.039560798555612564
542,0.3488862216472626,0.05243707820773125
543,0.15331897139549255,0.07299897074699402
544,0.21421480178833008,0.09599734097719193
545,0.3606431186199188,0.058766838163137436
546,0.4797093868255615,0.05977150797843933
547,0.3821065425872803,0.1095002144575119
548,0.44999611377716064,0.06745297461748123
549,0.2791481614112854,0.058919861912727356
550,0.1882052719593048,0.03638741001486778
551,0.33719685673713684,0.04688718169927597
552,0.2127743363380432,0.03234270587563515
553,0.2867225706577301,0.10324996709823608
554,0.4303889572620392,0.08202134817838669
555,0.4051637053489685,0.04582862928509712
556,0.3052065968513489,0.10102865099906921
557,0.698277473449707,0.022549200803041458
558,0.2318684458732605,0.02086114138364792
559,0.2076655477285385,0.10572502017021179
560,0.12317852675914764,0.08050543069839478
561,0.1920466125011444,0.06844186037778854
562,0.15818530321121216,0.036036521196365356
563,0.3229581117630005,0.12168101221323013
564,0.17747999727725983,0.05390366166830063
565,0.3195142149925232,0.04100266098976135
566,0.36831170320510864,0.0828675851225853
567,0.1476542204618454,0.0611904039978981
568,0.12862519919872284,0.05125592276453972
569,0.24765989184379578,0.04577094316482544
570,0.21340252459049225,0.13656149804592133
571,0.12954458594322205,0.07306785881519318
572,0.24637122452259064,0.05475899577140808
573,0.37695127725601196,0.07308066636323929
574,0.37671464681625366,0.04832525551319122
575,0.2852157652378082,0.02896789275109768
576,0.2937242090702057,0.04351417347788811
577,0.2862812876701355,0.0812736302614212
578,0.10145311057567596,0.05242549628019333
579,0.113031305372715,0.05126924812793732
580,0.14113453030586243,0.04584355652332306
581,0.17833103239536285,0.19314229488372803
582,0.14005839824676514,0.1472950130701065
583,0.13332493603229523,0.05805753916501999
584,0.14642374217510223,0.022914595901966095
585,0.21127745509147644,0.04893814027309418
586,0.02986573986709118,0.040773071348667145
587,0.11178939044475555,0.09213562309741974
588,0.11474652588367462,0.11956539750099182
589,0.09621481597423553,0.046444281935691833
590,0.32007598876953125,0.024388056248426437
591,0.16793246567249298,0.044003941118717194
592,0.20609483122825623,0.039001017808914185
593,0.29275327920913696,0.026464149355888367
594,0.3076229989528656,0.034627750515937805
595,0.38474494218826294,0.08344176411628723
596,0.42009150981903076,0.03424539417028427
597,0.19266706705093384,0.0504637211561203
598,0.3657684028148651,0.034581106156110764
599,0.17863288521766663,0.04841553792357445
600,0.20665377378463745,0.07134135812520981
601,0.17414993047714233,0.17863786220550537
602,0.21150720119476318,0.021085677668452263
603,0.30512064695358276,0.020877832546830177
604,0.2722129821777344,0.02758783847093582
605,0.12940798699855804,0.03748547285795212
606,0.6715123653411865,0.051030807197093964
607,0.309120237827301,0.010357274673879147
608,0.30187684297561646,0.04956774786114693
609,0.16990292072296143,0.05921388790011406
610,0.40564465522766113,0.17366747558116913
611,0.3726453185081482,0.02462354302406311
612,0.8888128995895386,0.10914591699838638
613,0.42715927958488464,0.05744427070021629
614,0.1969093531370163,0.06309706717729568
615,0.15965718030929565,0.07676414400339127
616,0.2897263169288635,0.0502326674759388
617,0.3233252465724945,0.050118714570999146
618,0.5298607349395752,0.022261617705225945
619,0.240789532661438,0.059007663279771805
620,0.2039189487695694,0.04411847144365311
621,0.1814499795436859,0.15631279349327087
622,0.16887608170509338,0.32738232612609863
623,0.18470248579978943,0.061622098088264465
624,0.09464813768863678,0.04430021345615387
625,0.2668456435203552,0.028670763596892357
626,0.25559157133102417,0.0399007685482502
627,0.0835924744606018,0.013498211279511452
628,0.23157569766044617,0.0313207283616066
629,0.11766868829727173,0.02632296085357666
630,0.43622758984565735,0.08092060685157776
631,0.18846437335014343,0.0362202525138855
632,0.18967056274414062,0.04805094748735428
633,0.29177266359329224,0.15270718932151794
634,0.1309695839881897,0.032057780772447586
635,0.3137957453727722,0.09195826947689056
636,0.25935670733451843,0.06704419106245041
637,0.39119070768356323,0.08665481954813004
638,0.30042168498039246,0.032985568046569824
639,0.4988948106765747,0.00922844372689724
640,0.18078863620758057,0.05158741772174835
641,0.24501606822013855,0.032116785645484924
642,0.07662659138441086,0.03442925587296486
643,0.8043637871742249,0.03888022154569626
644,0.17936794459819794,0.07692792266607285
645,0.2969788908958435,0.05657355114817619
646,0.20485496520996094,0.036115359514951706
647,0.19896067678928375,0.036831680685281754
648,0.20604515075683594,0.14604051411151886
649,0.18227094411849976,0.023528192192316055
650,0.1538032591342926,0.0631360188126564
651,0.1666778326034546,0.02470175363123417
652,0.252803236246109,0.0536259189248085
653,0.3047434091567993,0.07528062909841537
654,0.16878776252269745,0.023047257214784622
655,0.4003981649875641,0.051872339099645615
656,0.17521150410175323,0.033494941890239716
657,0.23202195763587952,0.0516793318092823
658,0.1446133255958557,0.038624249398708344
659,0.08821368217468262,0.012868810445070267
660,0.7002973556518555,0.0945875495672226
661,0.3355790078639984,0.011314709670841694
662,0.26733076572418213,0.03390391916036606
663,0.24243967235088348,0.10448858141899109
664,0.181642085313797,0.03254055604338646
665,0.22014489769935608,0.1323101669549942
666,0.11353832483291626,0.06736086308956146
667,0.37307190895080566,0.03360620141029358
668,0.29329660534858704,0.03675951436161995
669,0.12419530749320984,0.07426393032073975
670,0.4223298132419586,0.08229830116033554
671,0.4189070463180542,0.1848875731229782
672,0.35731324553489685,0.10377760231494904
673,0.1934342086315155,0.10494833439588547
674,0.1219286322593689,0.13476575911045074
675,0.29296061396598816,0.10661718994379044
676,0.21160253882408142,0.04606270045042038
677,0.4171624183654785,0.07280787825584412
678,0.1077931597828865,0.11621563881635666
679,0.5645673871040344,0.06918428838253021
680,0.41688889265060425,0.060754403471946716
681,0.24657289683818817,0.10688439011573792
682,0.27165883779525757,0.05225231125950813
683,0.1573731154203415,0.029319822788238525
684,0.1148233562707901,0.06278339773416519
685,0.2243838757276535,0.09233582019805908
686,0.29233598709106445,0.056167684495449066
687,0.1644500195980072,0.06886011362075806
688,0.2725086212158203,0.038103289902210236
689,0.32918626070022583,0.07069521397352219
690,0.3319201171398163,0.018799077719449997
691,0.43565988540649414,0.05953158065676689
692,0.6794456243515015,0.027752744033932686
693,0.31429600715637207,0.05100265517830849
694,0.44773074984550476,0.0748247355222702
695,0.33720681071281433,0.04976450651884079
696,0.2534600496292114,0.09810279309749603
697,0.4226420521736145,0.042768631130456924
698,0.2266642153263092,0.020060092210769653
699,0.2294604778289795,0.050813376903533936
700,0.13209229707717896,0.1424715220928192
701,0.1682153046131134,0.006414225324988365
702,0.1308881640434265,0.04383836314082146
703,0.326508492231369,0.07925169914960861
704,0.33239519596099854,0.08355970680713654
705,0.09676304459571838,0.08420667797327042
706,0.3021602928638458,0.15287992358207703
707,0.27300259470939636,0.041038140654563904
708,0.24512213468551636,0.08184914290904999
709,0.08376452326774597,0.04891779646277428
710,0.18606898188591003,0.0910286009311676
711,0.2842700779438019,0.08558778464794159
712,0.13060405850410461,0.025571338832378387
713,0.23262116312980652,0.06539976596832275
714,0.5339874029159546,0.13578549027442932
715,0.5927538275718689,0.05060351639986038
716,0.1397564560174942,0.03186572343111038
717,0.21227627992630005,0.035794347524642944
718,0.42195969820022583,0.0537366047501564
719,0.53998863697052,0.047027457505464554
720,0.10890821367502213,0.0515291653573513
721,0.2029326856136322,0.10992389172315598
722,1.082358479499817,0.08615542203187943
723,0.24294447898864746,0.02122529409825802
724,0.12953011691570282,0.03790409862995148
725,0.13069316744804382,0.027503080666065216
726,0.1774631142616272,0.06464382261037827
727,0.10622840374708176,0.10313788801431656
728,0.1970018744468689,0.03248882666230202
729,0.48773807287216187,0.03570108115673065
730,0.19259516894817352,0.06860922276973724
731,0.374311625957489,0.04075532406568527
732,0.29342302680015564,0.1001184731721878
733,0.1061808168888092,0.06615597754716873
734,0.2164962738752365,0.06290245056152344
735,0.1661280393600464,0.048576533794403076
736,0.18191733956336975,0.1257452815771103
737,0.6089270710945129,0.07416869699954987
738,0.24462997913360596,0.08967899531126022
739,0.21638745069503784,0.07331893593072891
740,0.33293646574020386,0.13837623596191406
741,0.10855177044868469,0.1359996348619461
742,0.16654692590236664,0.12323438376188278
743,0.1879459172487259,0.07401319593191147
744,0.1520552635192871,0.060106925666332245
745,0.08011537045240402,0.03637319058179855
746,0.3549976944923401,0.09962491691112518
747,0.47377699613571167,0.12279286980628967
748,0.1911824345588684,0.10364770889282227
749,0.5334458947181702,0.03756839781999588
750,0.23297731578350067,0.10098909586668015
751,0.12333162873983383,0.12102021276950836
752,0.24706541001796722,0.030853774398565292
753,0.22579096257686615,0.08632775396108627
754,0.5357223153114319,0.044158581644296646
755,0.14980386197566986,0.0843610018491745
756,0.5753260254859924,0.12578485906124115
757,0.29147353768348694,0.13130424916744232
758,0.14568893611431122,0.009740680456161499
759,0.20819595456123352,0.03598055988550186
760,0.2216196209192276,0.07612854242324829
761,0.14219766855239868,0.10401884466409683
762,0.5318636894226074,0.0687142089009285
763,0.2648578882217407,0.027457358315587044
764,0.27142900228500366,0.03906695172190666
765,0.11920509487390518,0.11141954362392426
766,0.27335092425346375,0.03242180868983269
767,0.14135470986366272,0.1761241853237152
768,0.23419469594955444,0.09952952712774277
769,0.36906740069389343,0.0678679347038269
770,0.3206143379211426,0.03702448680996895
771,0.3551248013973236,0.030969791114330292
772,0.30865752696990967,0.06863217055797577
773,0.22853972017765045,0.08061203360557556
774,0.07350261509418488,0.03949729725718498
775,0.04393512383103371,0.03552589938044548
776,0.308460533618927,0.022238224744796753
777,0.09675134718418121,0.03332319110631943
778,0.2846730053424835,0.056955158710479736
779,0.24965831637382507,0.01957503706216812
780,0.41433173418045044,0.0683293491601944
781,0.2405620664358139,0.019258130341768265
782,0.2704285979270935,0.0630452036857605
783,0.37761399149894714,0.04883914068341255
784,0.16265258193016052,0.06593305617570877
785,0.33757537603378296,0.11672019213438034
786,0.25635528564453125,0.04775175079703331
787,0.10015460848808289,0.09057550132274628
788,0.41809433698654175,0.024303188547492027
789,0.40986165404319763,0.01680351048707962
790,0.536841630935669,0.05041759833693504
791,0.5749946236610413,0.030763942748308182
792,0.11515310406684875,0.028371425345540047
793,0.17262880504131317,0.025357995182275772
794,0.20862162113189697,0.07285335659980774
795,0.1199197918176651,0.13554123044013977
796,0.28651759028434753,0.0784955769777298
797,0.08030863851308823,0.03834957629442215
798,0.20129859447479248,0.22978413105010986
799,0.24933595955371857,0.057294342666864395
800,0.5862780809402466,0.06688274443149567
801,0.5706353187561035,0.12738089263439178
802,0.9327980279922485,0.02191520854830742
803,0.19705753028392792,0.05784604698419571
804,0.2923850119113922,0.09913836419582367
805,0.5559428930282593,0.01452401652932167
806,0.31550994515419006,0.09430134296417236
807,0.4511805772781372,0.0896831750869751
808,0.5488934516906738,0.08839678764343262
809,0.39849284291267395,0.038853969424963
810,0.33616718649864197,0.0778319388628006
811,0.14178766310214996,0.07393122464418411
812,0.4361875653266907,0.032804131507873535
813,0.35787534713745117,0.04029495269060135
814,0.16154469549655914,0.0077372388914227486
815,0.4568384289741516,0.03625163808465004
816,0.20975354313850403,0.026673737913370132
817,0.1381652057170868,0.023136353120207787
818,0.3772304058074951,0.05826745554804802
819,0.16339907050132751,0.027296017855405807
820,0.33874112367630005,0.10176657140254974
821,0.21151217818260193,0.04287208616733551
822,0.3796626329421997,0.11635512858629227
823,0.19885432720184326,0.08953208476305008
824,0.30601194500923157,0.058881327509880066
825,0.13124608993530273,0.02845483087003231
826,0.11111541092395782,0.09580141305923462
827,0.5245633125305176,0.10418647527694702
828,0.2770266830921173,0.050004422664642334
829,0.07517369091510773,0.10242142528295517
830,0.23960399627685547,0.07554741203784943
831,0.30083131790161133,0.13207492232322693
832,0.3284029960632324,0.05925971269607544
833,0.9410234689712524,0.08646142482757568
834,0.23555825650691986,0.041579823940992355
835,0.13457047939300537,0.07754015177488327
836,0.18164601922035217,0.040765829384326935
837,0.1297716647386551,0.15428639948368073
838,0.4179335832595825,0.03278769925236702
839,0.18157324194908142,0.05591914430260658
840,0.43473130464553833,0.06019825488328934
841,0.45370957255363464,0.1556098908185959
842,0.10519132018089294,0.06562728434801102
843,0.13155530393123627,0.027653470635414124
844,0.06418606638908386,0.04714379459619522
845,0.27578896284103394,0.10383056104183197
846,0.29604893922805786,0.08357705920934677
847,0.3496571481227875,0.07882363349199295
848,0.11547699570655823,0.11794642359018326
849,0.5380407571792603,0.06424953043460846
850,0.293954998254776,0.0915042981505394
851,0.14203014969825745,0.03311426192522049
852,0.37615498900413513,0.03628993034362793
853,0.3674224317073822,0.08410535752773285
854,0.1087401956319809,0.023050015792250633
855,0.1829555630683899,0.04120388627052307
856,0.1641993522644043,0.04138855263590813
857,0.3813776969909668,0.07865223288536072
858,0.5627748370170593,0.0335548035800457
859,0.17868344485759735,0.05645644664764404
860,0.2764086127281189,0.09570039808750153
861,0.18090572953224182,0.055592723190784454
862,0.13643592596054077,0.03409147262573242
863,0.31101664900779724,0.10728350281715393
864,0.3147650957107544,0.04718682914972305
865,0.2167234867811203,0.03990079462528229
866,0.15117394924163818,0.09715689718723297
867,0.5601907968521118,0.12711381912231445
868,0.3821125626564026,0.08653625845909119
869,0.07672014832496643,0.046162668615579605
870,0.33296728134155273,0.13749349117279053
871,0.6868416666984558,0.050003379583358765
872,0.14223027229309082,0.118872731924057
873,0.26009777188301086,0.03732599690556526
874,0.5144487023353577,0.08395165950059891
875,0.40266653895378113,0.07752469927072525
876,0.3973698019981384,0.018933553248643875
877,0.17807845771312714,0.039048999547958374
878,0.10326045751571655,0.08869828283786774
879,0.16098682582378387,0.02706296555697918
880,0.11765213310718536,0.011026476509869099
881,0.18690797686576843,0.009124010801315308
882,0.1753995716571808,0.09252850711345673
883,0.26659709215164185,0.06217379868030548
884,0.29227083921432495,0.09145008027553558
885,0.26679033041000366,0.038281746208667755
886,0.21210236847400665,0.0788760781288147
887,0.19944161176681519,0.09711360931396484
888,0.14032748341560364,0.031064113602042198
889,0.20163577795028687,0.03484189882874489
890,0.11407022178173065,0.08474753797054291
891,0.05531984567642212,0.06159999221563339
892,0.18734589219093323,0.13267125189304352
893,0.5028946995735168,0.08868490904569626
894,0.6626310348510742,0.07197479903697968
895,0.1646662950515747,0.045439548790454865
896,0.41145071387290955,0.07874561846256256
897,0.31415390968322754,0.0632895678281784
898,0.3138655424118042,0.045628972351551056
899,0.2613964378833771,0.06718456745147705
900,0.5193429589271545,0.04385152459144592
901,0.1842675805091858,0.06824803352355957
902,0.07803041487932205,0.07966122031211853
903,0.40359097719192505,0.04341554269194603
904,0.21817971765995026,0.09067890793085098
905,0.18071669340133667,0.024542219936847687
906,0.26401183009147644,0.05235270410776138
907,0.09181386232376099,0.12862347066402435
908,0.19956901669502258,0.04689328372478485
909,0.07825848460197449,0.014971005730330944
910,0.134477436542511,0.06298124045133591
911,0.16742710769176483,0.10773953050374985
912,0.12308014184236526,0.03332619369029999
913,0.03512837365269661,0.1287945657968521
914,0.33268189430236816,0.08128958940505981
915,0.24712541699409485,0.01182558573782444
916,0.3173648416996002,0.03492501378059387
917,0.21147213876247406,0.02772032469511032
918,0.13659754395484924,0.03149132430553436
919,0.3328412175178528,0.04269916191697121
920,0.32334572076797485,0.07953505963087082
921,0.19274190068244934,0.0827832892537117
922,0.2718336582183838,0.19008713960647583
923,0.4525870680809021,0.045969001948833466
924,0.2516040802001953,0.02435881644487381
925,0.36779817938804626,0.05209415405988693
926,0.09497407078742981,0.034167900681495667
927,0.18905717134475708,0.030130891129374504
928,0.2859348654747009,0.13087588548660278
929,0.3272275924682617,0.1250576227903366
930,0.21187660098075867,0.07678985595703125
931,0.6502233147621155,0.11592020839452744
932,0.5161278247833252,0.08448897302150726
933,0.20960406959056854,0.04100826010107994
934,0.13310237228870392,0.07824835181236267
935,0.12384167313575745,0.048302847892045975
936,0.34234845638275146,0.08210697025060654
937,0.11751388013362885,0.04609956219792366
938,0.12867560982704163,0.04923729598522186
939,0.2546056807041168,0.17816120386123657
940,0.23117715120315552,0.033969487994909286
941,0.19300904870033264,0.07266581058502197
942,0.12665966153144836,0.02678392454981804
943,0.10786041617393494,0.038644880056381226
944,0.18775102496147156,0.06889621913433075
945,0.08574625849723816,0.02860974334180355
946,0.08277808874845505,0.020406022667884827
947,0.9608272314071655,0.05468259006738663
948,0.21175186336040497,0.07067996263504028
949,0.43266287446022034,0.12293872982263565
950,0.14123354852199554,0.03605291247367859
951,0.2915024757385254,0.030822161585092545
952,0.10521327704191208,0.13771340250968933
953,0.16316398978233337,0.058870431035757065
954,0.2050037980079651,0.013998489826917648
955,0.384854793548584,0.06213527172803879
956,0.2762387990951538,0.07185904681682587
957,0.3256925642490387,0.030409101396799088
958,0.28698626160621643,0.07358124852180481
959,0.196164071559906,0.037859074771404266
960,0.18931157886981964,0.019909966737031937
961,0.4271627366542816,0.047907400876283646
962,0.18751686811447144,0.0324467271566391
963,0.6816312074661255,0.022469453513622284
964,0.2922668755054474,0.04500836133956909
965,0.1986236870288849,0.12450984865427017
966,0.2934137284755707,0.06059511750936508
967,0.5253379940986633,0.043562211096286774
968,0.609043300151825,0.03221634775400162
969,0.20656445622444153,0.04056572541594505
970,0.17799067497253418,0.01612933725118637
971,0.16502398252487183,0.023564912378787994
972,0.19834722578525543,0.05061287432909012
973,0.2809847891330719,0.066628098487854
974,0.2713511288166046,0.04152899608016014
975,0.2934736907482147,0.1262819617986679
976,0.44845741987228394,0.027547238394618034
977,0.05080890282988548,0.09809206426143646
978,0.30248329043388367,0.06853874772787094
979,0.4077235162258148,0.03323788940906525
980,0.15125443041324615,0.029186781495809555
981,0.33310842514038086,0.12299419194459915
982,0.4560945928096771,0.05129721015691757
983,0.4193322956562042,0.06435511261224747
984,0.10651780664920807,0.008314020000398159
985,0.3395640254020691,0.042231619358062744
986,0.14540207386016846,0.04077598825097084
987,0.1489005982875824,0.09336194396018982
988,0.2754962742328644,0.08114030212163925
989,0.11277337372303009,0.07610384374856949
990,0.14487993717193604,0.11343340575695038
991,0.48876869678497314,0.0922965481877327
992,0.4582713544368744,0.055523887276649475
993,0.5593960285186768,0.13531601428985596
994,0.6759272813796997,0.10998140275478363
995,0.21401073038578033,0.08316106349229813
996,0.6004257202148438,0.11186952143907547
997,0.4418514668941498,0.053933314979076385
998,0.10689190030097961,0.08833561837673187
999,0.07856442034244537,0.058172933757305145
1000,0.41451337933540344,0.04668547585606575
1001,0.08969685435295105,0.031825900077819824
1002,0.2543109059333801,0.04395649954676628
1003,0.1481981873512268,0.02811885066330433
1004,0.3023119866847992,0.040282055735588074
1005,0.1702493131160736,0.0659898892045021
1006,0.09544889628887177,0.04163576662540436
1007,0.24096935987472534,0.04860054701566696
1008,0.21897947788238525,0.032911114394664764
1009,0.26333263516426086,0.039953090250492096
1010,0.23500491678714752,0.06552071124315262
1011,0.48708590865135193,0.10270324349403381
1012,0.1585802137851715,0.15509840846061707
1013,0.22590717673301697,0.08715730905532837
1014,0.3508533835411072,0.1248614490032196
1015,0.3955002427101135,0.03998465836048126
1016,0.09377287328243256,0.05081091448664665
1017,0.23134110867977142,0.030749551951885223
1018,0.5565459132194519,0.12643784284591675
1019,0.653356671333313,0.07400161027908325
1020,0.12283027172088623,0.03507882356643677
1021,0.22313620150089264,0.14049848914146423
1022,0.2656048536300659,0.04246308282017708
1023,0.2682783007621765,0.019618887454271317
1024,0.44550737738609314,0.024659384042024612
1025,0.2012474685907364,0.08265510201454163
1026,0.2577306628227234,0.05570131167769432
1027,0.3630501925945282,0.06308494508266449
1028,0.17739172279834747,0.051244910806417465
1029,0.1042870581150055,0.03559013083577156
1030,0.2463562935590744,0.14131426811218262
1031,0.2033628225326538,0.033270590007305145
1032,0.21798968315124512,0.03657593950629234
1033,0.14992690086364746,0.054612621665000916
1034,0.10216926783323288,0.0419260635972023
1035,0.18114419281482697,0.043632134795188904
1036,0.14895041286945343,0.08371418714523315
1037,0.06871864944696426,0.06274926662445068
1038,0.10244711488485336,0.06965409964323044
1039,0.30428966879844666,0.08838784694671631
1040,0.16996894776821136,0.037263862788677216
1041,0.24220101535320282,0.02652197703719139
1042,0.3871612846851349,0.051710329949855804
1043,0.2735286056995392,0.07141591608524323
1044,0.29354482889175415,0.022755561396479607
1045,0.5219822525978088,0.056320786476135254
1046,0.8426105380058289,0.0405026376247406
1047,0.31286901235580444,0.02701422944664955
1048,0.20547589659690857,0.05300499126315117
1049,0.26978856325149536,0.05621517822146416
1050,0.3455137610435486,0.05439494177699089
1051,0.1355583667755127,0.1074269711971283
1052,0.45097994804382324,0.03289276361465454
1053,0.4967859387397766,0.049139998853206635
1054,0.1638050079345703,0.07980979979038239
1055,0.15673694014549255,0.08173926174640656
1056,0.4512913227081299,0.013329056091606617
1057,1.1691699028015137,0.05379187688231468
1058,0.2784924805164337,0.0412926971912384
1059,0.16413621604442596,0.03206858038902283
1060,0.16966824233531952,0.06638386100530624
1061,0.2109772264957428,0.0258561410009861
1062,0.9810128808021545,0.0359719954431057
1063,0.4054522216320038,0.02943808026611805
1064,0.19557012617588043,0.024772128090262413
1065,0.17983433604240417,0.03401852771639824
1066,0.16945482790470123,0.054018404334783554
1067,0.1278809756040573,0.04426439851522446
1068,0.06451275199651718,0.00925665907561779
1069,0.24052956700325012,0.03562632575631142
1070,0.2228434681892395,0.041454579681158066
1071,0.23990866541862488,0.040012530982494354
1072,0.16391339898109436,0.029806140810251236
1073,0.04425043240189552,0.06567134708166122
1074,0.14284229278564453,0.056082796305418015
1075,0.526135265827179,0.10466977208852768
1076,0.2538451552391052,0.059361532330513
1077,0.19531096518039703,0.048504024744033813
1078,0.4526839852333069,0.01598028652369976
1079,0.09244728088378906,0.04204507917165756
1080,0.11336813122034073,0.0389932245016098
1081,0.29555314779281616,0.0541919469833374
1082,0.06494483351707458,0.04573390632867813
1083,0.20493192970752716,0.0691959410905838
1084,0.20146365463733673,0.03749265894293785
1085,0.21969662606716156,0.05240767076611519
1086,0.30309733748435974,0.0327092781662941
1087,0.253993958234787,0.10049241781234741
1088,0.19996057450771332,0.028605632483959198
1089,0.1427810937166214,0.045702703297138214
1090,0.3305865526199341,0.1416185349225998
1091,0.3665964901447296,0.056813180446624756
1092,0.05951928347349167,0.02672716975212097
1093,0.2745845317840576,0.02958206832408905
1094,0.1983540952205658,0.09035288542509079
1095,0.14275005459785461,0.08474958688020706
1096,0.42713549733161926,0.08117803931236267
1097,0.09480896592140198,0.05194632709026337
1098,0.20466358959674835,0.020572509616613388
1099,0.15978294610977173,0.06663263589143753
1100,0.31964370608329773,0.032970309257507324
1101,0.30265235900878906,0.05570387467741966
1102,0.19293496012687683,0.031755562871694565
1103,0.17071911692619324,0.039710357785224915
1104,0.06556446850299835,0.04131919890642166
1105,0.06460947543382645,0.03546389937400818
1106,0.1563931554555893,0.031361550092697144
1107,0.24951905012130737,0.02029084600508213
1108,0.5084362626075745,0.021638717502355576
1109,0.28735825419425964,0.05280168354511261
1110,0.5494909882545471,0.11722971498966217
1111,0.31348997354507446,0.09468241780996323
1112,0.34150180220603943,0.04260123893618584
1113,0.26743972301483154,0.05469178408384323
1114,0.1509791612625122,0.18031585216522217
1115,0.19627690315246582,0.09176544845104218
1116,0.08865947276353836,0.11133025586605072
1117,0.24366891384124756,0.1079770177602768
1118,0.43357962369918823,0.05089379474520683
1119,0.2776486873626709,0.014585996977984905
1120,0.5155454874038696,0.04891548305749893
1121,0.29746872186660767,0.1551341414451599
1122,0.5665391683578491,0.06732739508152008
1123,0.16484883427619934,0.09889882802963257
1124,0.41502347588539124,0.040894221514463425
1125,0.13596493005752563,0.03244572505354881
1126,0.46087831258773804,0.11045806854963303
1127,0.157003715634346,0.0217539444565773
1128,0.3517269492149353,0.03352271765470505
1129,0.21979916095733643,0.037192314863204956
1130,0.3347955644130707,0.054891012609004974
1131,0.16719390451908112,0.011745749041438103
1132,0.3579050898551941,0.021665193140506744
1133,0.08508576452732086,0.05863315984606743
1134,0.37519633769989014,0.022146951407194138
1135,0.18242023885250092,0.06294629722833633
1136,0.20280098915100098,0.019054697826504707
1137,0.11938408762216568,0.08128225803375244
1138,0.2777286469936371,0.027796458452939987
1139,0.12228640913963318,0.09412144869565964
1140,0.2006891965866089,0.015141883864998817
1141,0.4224938154220581,0.05658732354640961
1142,0.6954521536827087,0.05185503512620926
1143,0.1664491593837738,0.02373434789478779
1144,0.23462176322937012,0.07676854729652405
1145,0.13316604495048523,0.03844984620809555
1146,0.2502780258655548,0.06802099943161011
1147,0.3370639681816101,0.02434830740094185
1148,0.15944311022758484,0.06113129481673241
1149,0.21897174417972565,0.04696134105324745
1150,0.16835039854049683,0.034787919372320175
1151,0.13390888273715973,0.07170069217681885
1152,0.28424790501594543,0.029402345418930054
1153,0.19148236513137817,0.05063086375594139
1154,0.10608139634132385,0.04693937301635742
1155,0.1774640530347824,0.0036420568358153105
1156,0.38688376545906067,0.08074559271335602
1157,0.6576809883117676,0.12998896837234497
1158,0.31783732771873474,0.05205211788415909
1159,0.2662254273891449,0.08678565919399261
1160,0.3309429883956909,0.07465434074401855
1161,0.25517594814300537,0.036044321954250336
1162,0.2479257434606552,0.07616046071052551
1163,0.1391337364912033,0.060511015355587006
1164,0.16903138160705566,0.10916461050510406
1165,0.1707434058189392,0.07042215764522552
1166,0.12827514111995697,0.03393452614545822
1167,0.28828316926956177,0.062323372811079025
1168,0.17836669087409973,0.02798110991716385
1169,0.26236313581466675,0.03600111976265907
1170,0.36324048042297363,0.05529879033565521
1171,0.33730530738830566,0.06494863331317902
1172,0.11007678508758545,0.04873746633529663
1173,0.433011531829834,0.01591712236404419
1174,0.25876256823539734,0.037447988986968994
1175,0.17852634191513062,0.06847011297941208
1176,0.8945955038070679,0.020703934133052826
1177,0.8979483246803284,0.033012762665748596
1178,0.20462197065353394,0.024432089179754257
1179,0.39469006657600403,0.09085381031036377
1180,0.5786535143852234,0.15444223582744598
1181,0.3382853865623474,0.05903799086809158
1182,0.5152534246444702,0.12492848932743073
1183,0.7156211137771606,0.05151019245386124
1184,0.22986352443695068,0.13575994968414307
1185,0.18930359184741974,0.13055717945098877
1186,0.08035220205783844,0.10624545067548752
1187,0.21777983009815216,0.07140357047319412
1188,0.5597288012504578,0.047006189823150635
1189,0.10175296664237976,0.19513340294361115
1190,0.5089060664176941,0.09842070937156677
1191,0.43048548698425293,0.10192129760980606
1192,0.29822322726249695,0.1482209712266922
1193,0.14436763525009155,0.07882380485534668
1194,0.1909654438495636,0.010624343529343605
1195,0.1554069221019745,0.04872749373316765
1196,0.20782652497291565,0.039783865213394165
1197,0.1798621118068695,0.03808186203241348
1198,0.23159146308898926,0.03991919010877609
1199,0.10831156373023987,0.045386623591184616
1200,0.2195633500814438,0.03306350111961365
1201,0.24971771240234375,0.03656469285488129
1202,0.2021312564611435,0.05586206167936325
1203,0.3529665172100067,0.07373453676700592
1204,0.11767630279064178,0.08386776596307755
1205,0.058071620762348175,0.03531869873404503
1206,0.2656428813934326,0.08334177732467651
1207,0.10095617175102234,0.05128468945622444
1208,0.26704561710357666,0.08094333112239838
1209,0.3420311212539673,0.05700814723968506
1210,0.14259353280067444,0.024842780083417892
1211,0.32680243253707886,0.040993303060531616
1212,0.11700581759214401,0.07339143753051758
1213,0.0867006927728653,0.05026722326874733
1214,0.2664989233016968,0.02684199996292591
1215,0.40750524401664734,0.06788841634988785
1216,0.08122596144676208,0.08244240283966064
1217,0.49579763412475586,0.03909669071435928
1218,0.2356259524822235,0.34185436367988586
1219,0.3409925103187561,0.054532427340745926
1220,0.06488427519798279,0.11780883371829987
1221,0.17260406911373138,0.058326706290245056
1222,0.5593909025192261,0.03538982942700386
1223,0.5187908411026001,0.051849815994501114
1224,0.24241507053375244,0.03947576507925987
1225,0.06251349300146103,0.07598217576742172
1226,0.06564879417419434,0.042862895876169205
1227,0.20266680419445038,0.08908241987228394
1228,0.3835986852645874,0.07753908634185791
1229,0.046055763959884644,0.11896099150180817
1230,0.21875213086605072,0.07568404823541641
1231,0.2521926760673523,0.0630912333726883
1232,0.46129748225212097,0.09126757085323334
1233,0.4196297526359558,0.08190160989761353
1234,0.19631795585155487,0.0746251568198204
1235,0.4829631745815277,0.03770497068762779
1236,0.11917825043201447,0.123496413230896
1237,0.44658470153808594,0.07562682777643204
1238,0.23909957706928253,0.07364341616630554
1239,0.302316278219223,0.0808154046535492
1240,0.4262002408504486,0.053054749965667725
1241,0.33542683720588684,0.04499676823616028
1242,0.2573974132537842,0.07490720599889755
1243,0.3962409496307373,0.07998102158308029
1244,0.20233170688152313,0.16702401638031006
1245,0.4622417986392975,0.033463720232248306
1246,0.5025785565376282,0.08363932371139526
1247,0.7152409553527832,0.07311240583658218
1248,0.13950957357883453,0.06735458970069885
1249,0.3423612117767334,0.08356092870235443
1250,0.19489547610282898,0.07132099568843842
1251,0.24284163117408752,0.07161205261945724
1252,0.5079069137573242,0.09365185350179672
1253,0.12510144710540771,0.08974842727184296
1254,0.7879936695098877,0.026579538360238075
1255,0.10959883034229279,0.042839933186769485
1256,0.2621162235736847,0.19614064693450928
1257,0.22076021134853363,0.05550052225589752
1258,0.14224718511104584,0.07805056124925613
1259,0.06657741218805313,0.03833041340112686
1260,0.3078620731830597,0.013062484562397003
1261,0.7539041042327881,0.019183022901415825
1262,0.4009121358394623,0.02592119574546814
1263,0.23718130588531494,0.062120504677295685
1264,0.1690545678138733,0.11806203424930573
1265,0.34972259402275085,0.04759392887353897
1266,0.19842354953289032,0.022192832082509995
1267,0.14589588344097137,0.02321871742606163
1268,0.3102297782897949,0.025074882432818413
1269,0.26592302322387695,0.054543137550354004
1270,0.09108876436948776,0.04486094042658806
1271,0.19480006396770477,0.08764408528804779
1272,0.2169778048992157,0.013879349455237389
1273,0.4758773446083069,0.02254199981689453
1274,0.14089278876781464,0.05629463493824005
1275,0.16742490231990814,0.051980264484882355
1276,0.14503896236419678,0.04032980278134346
1277,0.117179274559021,0.04942910000681877
1278,0.248149573802948,0.055281735956668854
1279,0.22092711925506592,0.007313597947359085
1280,0.0938221737742424,0.0439763143658638
1281,0.3433533310890198,0.08329644799232483
1282,0.3339839279651642,0.04096173122525215
1283,0.1529335379600525,0.06706251204013824
1284,0.10846881568431854,0.17196758091449738
1285,0.15114939212799072,0.038690075278282166
1286,0.1559712439775467,0.01547404658049345
1287,0.4045807123184204,0.0500112920999527
1288,0.18003636598587036,0.06651922315359116
1289,0.1662599742412567,0.03589465096592903
1290,0.22220999002456665,0.057418014854192734
1291,0.2862973213195801,0.061745304614305496
1292,0.44268274307250977,0.04136508330702782
1293,0.12927493453025818,0.026049591600894928
1294,0.5751436352729797,0.04128900170326233
1295,0.06129658222198486,0.1608228087425232
1296,0.17546197772026062,0.03634749725461006
1297,0.1440407633781433,0.031777430325746536
1298,0.20809772610664368,0.06808703392744064
1299,0.23857581615447998,0.09852507710456848
1300,0.13798999786376953,0.013643096201121807
1301,0.10952723026275635,0.08427111059427261
1302,0.2728370130062103,0.08257266134023666
1303,0.1446525603532791,0.15412047505378723
1304,0.38323768973350525,0.11410760134458542
1305,0.3986167013645172,0.07408250123262405
1306,0.26185745000839233,0.02248966507613659
1307,0.975401759147644,0.024892466142773628
1308,0.9593380689620972,0.06713350117206573
1309,0.1552317589521408,0.03644419088959694
1310,0.23011210560798645,0.06504680216312408
1311,0.1090092584490776,0.03130568191409111
1312,0.09536056220531464,0.07039341330528259
1313,0.19477766752243042,0.08094337582588196
1314,0.22591908276081085,0.06896832585334778
1315,0.136531800031662,0.0563465878367424
1316,0.18551449477672577,0.04925979673862457
1317,0.22824284434318542,0.06089560687541962
1318,0.5258309245109558,0.047715675085783005
1319,0.7871004939079285,0.012402735650539398
1320,0.24467195570468903,0.07390442490577698
1321,0.31124264001846313,0.09929025173187256
1322,0.17285700142383575,0.15108449757099152
1323,0.7484074831008911,0.01565232314169407
1324,0.3289627730846405,0.038347117602825165
1325,0.43326425552368164,0.06504225730895996
1326,0.18464133143424988,0.09581852704286575
1327,0.16235072910785675,0.030737902969121933
1328,0.20569442212581635,0.05486079305410385
1329,0.1750488430261612,0.05410529673099518
1330,0.07011603564023972,0.015832485631108284
1331,0.09092804044485092,0.01999150589108467
1332,0.13540953397750854,0.012721006758511066
1333,0.2605723738670349,0.05860218405723572
1334,0.3634960651397705,0.03961502015590668
1335,0.25871050357818604,0.03899749368429184
1336,0.21650612354278564,0.06718646734952927
1337,0.12466709315776825,0.03935626521706581
1338,0.0686701238155365,0.06501570343971252
1339,0.1866702139377594,0.019391946494579315
1340,0.12897053360939026,0.04190540313720703
1341,0.12492074817419052,0.03405143320560455
1342,0.17601925134658813,0.030935216695070267
1343,0.09928644448518753,0.018259067088365555
1344,0.051784954965114594,0.03556829318404198
1345,0.1941293627023697,0.06060286611318588
1346,0.3723863363265991,0.028337959200143814
1347,0.28960561752319336,0.13079512119293213
1348,0.3040519952774048,0.07377396523952484
1349,0.2880443334579468,0.055451974272727966
1350,0.2751195728778839,0.029667392373085022
1351,0.03678091615438461,0.027760205790400505
1352,0.11517795920372009,0.030547965317964554
1353,0.19065353274345398,0.022708937525749207
1354,0.25837022066116333,0.0331440195441246
1355,0.35433316230773926,0.1348227560520172
1356,0.4711449146270752,0.09565715491771698
1357,0.17945364117622375,0.08504265546798706
1358,0.29457417130470276,0.194568932056427
1359,0.18152286112308502,0.0547487810254097
1360,0.3372325897216797,0.11935047060251236
1361,0.19424229860305786,0.0928681343793869
1362,0.37806570529937744,0.10837060213088989
1363,0.2618103623390198,0.04454219341278076
1364,0.12669841945171356,0.09108623117208481
1365,0.1214539185166359,0.046751901507377625
1366,0.37566450238227844,0.04371994361281395
1367,0.16146789491176605,0.033084072172641754
1368,0.3616969585418701,0.06622684746980667
1369,0.15426470339298248,0.05757061764597893
1370,0.38235509395599365,0.05212811008095741
1371,0.7932400703430176,0.1098858118057251
1372,0.304854154586792,0.06504775583744049
1373,0.096186064183712,0.08676618337631226
1374,0.1808166652917862,0.03351373225450516
1375,0.12593978643417358,0.09890531748533249
1376,0.26661938428878784,0.12631264328956604
1377,0.1437668800354004,0.037080083042383194
1378,0.21201950311660767,0.05421324819326401
1379,0.2007320374250412,0.09028925001621246
1380,0.16522789001464844,0.09897360950708389
1381,0.4843049645423889,0.14686301350593567
1382,0.40717384219169617,0.056776829063892365
1383,0.18416990339756012,0.0851210355758667
1384,0.1734660118818283,0.05893130227923393
1385,0.1991455852985382,0.04721307381987572
1386,0.21937954425811768,0.021675284951925278
1387,0.38856595754623413,0.044200681149959564
1388,0.19572368264198303,0.02680583856999874
1389,0.3277818560600281,0.038633450865745544
1390,0.2122233659029007,0.04316188022494316
1391,0.2761520445346832,0.036368049681186676
1392,0.3129470646381378,0.07168062031269073
1393,0.24346615374088287,0.04571996629238129
1394,0.31506621837615967,0.03783457726240158
1395,0.09560531377792358,0.07086746394634247
1396,0.0751761794090271,0.05873368680477142
1397,0.21635544300079346,0.10772726684808731
1398,0.17262129485607147,0.049919866025447845
1399,0.19417957961559296,0.1265346258878708
1400,0.07801595330238342,0.05464955419301987
1401,0.34505367279052734,0.02811349555850029
1402,0.15073925256729126,0.04578592628240585
1403,0.2525322735309601,0.1051752120256424
1404,0.2584158778190613,0.03268086910247803
1405,0.1907365322113037,0.03330540657043457
1406,0.17586293816566467,0.03380561247467995
1407,0.12797050178050995,0.03171059489250183
1408,0.20919601619243622,0.014836231246590614
1409,0.318552166223526,0.09423311799764633
1410,0.22334060072898865,0.14440882205963135
1411,0.4891864061355591,0.11363069713115692
1412,0.06560653448104858,0.06481634080410004
1413,0.019200585782527924,0.026011770591139793
1414,0.03238783776760101,0.09485559910535812
1415,0.08332458138465881,0.05973973870277405
1416,0.4232676029205322,0.04734473675489426
1417,0.37088823318481445,0.1066090315580368
1418,0.3514740467071533,0.05460753291845322
1419,0.19574721157550812,0.05538403242826462
1420,0.1370621919631958,0.024938762187957764
1421,0.26073476672172546,0.09726129472255707
1422,0.17782719433307648,0.07287713885307312
1423,0.38245344161987305,0.03918112814426422
1424,0.17435213923454285,0.04799479991197586
1425,0.2781628370285034,0.015087422914803028
1426,0.33285412192344666,0.01413964293897152
1427,0.36881834268569946,0.05369998514652252
1428,0.4377102851867676,0.09210139513015747
1429,0.0945860967040062,0.026325877755880356
1430,0.10057327151298523,0.06865345686674118
1431,0.3311760723590851,0.054710499942302704
1432,0.14189454913139343,0.051451679319143295
1433,0.4890285134315491,0.1017547994852066
1434,0.160779669880867,0.05240395665168762
1435,0.1905066817998886,0.05259564891457558
1436,0.4347878396511078,0.1686425358057022
1437,0.30624982714653015,0.05023517459630966
1438,0.3806300759315491,0.08299602568149567
1439,0.22150276601314545,0.0335647389292717
1440,0.21135225892066956,0.06375394016504288
1441,0.3160015344619751,0.06043967604637146
1442,0.15549372136592865,0.11906729638576508
1443,0.4277331233024597,0.09440495073795319
1444,0.19846811890602112,0.10286298394203186
1445,0.44098591804504395,0.11843881011009216
1446,0.25279325246810913,0.05684572458267212
1447,0.153798446059227,0.03162562474608421
1448,0.051385924220085144,0.06709261238574982
1449,0.16016840934753418,0.0277172289788723
1450,0.1377611756324768,0.04818520322442055
1451,0.1878037005662918,0.08896675705909729
1452,0.1645480990409851,0.03646841272711754
1453,0.2737032175064087,0.01628599502146244
1454,0.1263696849346161,0.02854214236140251
1455,0.05298026651144028,0.050779495388269424
1456,0.054714806377887726,0.03877931833267212
1457,0.2546544075012207,0.04636668413877487
1458,0.4892979860305786,0.07827670872211456
1459,0.14020799100399017,0.06703482568264008
1460,0.48006579279899597,0.13242685794830322
1461,0.22392521798610687,0.0570230558514595
1462,0.23435081541538239,0.07072559744119644
1463,0.15309734642505646,0.0238303542137146
1464,0.1158309131860733,0.030318114906549454
1465,0.11431454122066498,0.061011794954538345
1466,0.05381591245532036,0.046232402324676514
1467,0.22307075560092926,0.08015995472669601
1468,0.24414581060409546,0.036874234676361084
1469,0.17297855019569397,0.06292348355054855
1470,0.3289405107498169,0.02316337078809738
1471,0.22707030177116394,0.018943239003419876
1472,0.36449721455574036,0.06161196529865265
1473,0.23490841686725616,0.1258925050497055
1474,0.24070654809474945,0.04595048353075981
1475,0.5688610672950745,0.03590938821434975
1476,0.2363160252571106,0.14618134498596191
1477,0.09869766235351562,0.04993944987654686
1478,0.13328754901885986,0.029209300875663757
1479,0.08949654549360275,0.06250355392694473
1480,0.2991267442703247,0.14197233319282532
1481,0.2771235406398773,0.06351104378700256
1482,0.217460498213768,0.06400590389966965
1483,0.3844124376773834,0.07955799996852875
1484,0.27390873432159424,0.04279855638742447
1485,0.19419735670089722,0.05621231347322464
1486,0.07879544049501419,0.047863710671663284
1487,0.5200856328010559,0.10000109672546387
1488,0.2835017442703247,0.05507603660225868
1489,0.25352048873901367,0.06425695866346359
1490,0.11541536450386047,0.027872031554579735
1491,0.22623157501220703,0.07497566938400269
1492,0.6513971090316772,0.08539280295372009
1493,0.2940278947353363,0.13169719278812408
1494,0.7236595153808594,0.03619210794568062
1495,0.2085195779800415,0.07220183312892914
1496,0.3426453769207001,0.03678499162197113
1497,0.3142291009426117,0.045625485479831696
1498,0.06379257142543793,0.06864527612924576
1499,0.30273640155792236,0.06761309504508972
1500,0.5719230771064758,0.15983116626739502
1501,0.5329443216323853,0.09097523242235184
1502,0.1811898946762085,0.03331860154867172
1503,0.35264065861701965,0.08334186673164368
1504,0.13123071193695068,0.06706608831882477
1505,0.6411861181259155,0.1995162069797516
1506,0.20994794368743896,0.05459534749388695
1507,0.26734039187431335,0.04215323552489281
1508,0.0568518303334713,0.04385310411453247
1509,0.16519035398960114,0.05292412266135216
1510,0.2807497978210449,0.07416190207004547
1511,0.21586796641349792,0.057809486985206604
1512,0.24108335375785828,0.036906227469444275
1513,0.29133886098861694,0.03599672392010689
1514,0.1459444910287857,0.07810676097869873
1515,0.1260772943496704,0.05464394763112068
1516,0.35921916365623474,0.020119626075029373
1517,0.21498391032218933,0.0630902349948883
1518,0.15075217187404633,0.03662950545549393
1519,0.19260548055171967,0.04508429020643234
1520,0.044215649366378784,0.03020021691918373
1521,0.29017138481140137,0.04974759370088577
1522,0.23759415745735168,0.02773885801434517
1523,0.6670920848846436,0.041138678789138794
1524,0.0967714935541153,0.040418319404125214
1525,0.19039557874202728,0.03541531041264534
1526,0.04839962720870972,0.01646774634718895
1527,0.10028887540102005,0.06767649948596954
1528,0.6695467233657837,0.026902202516794205
1529,0.11751729249954224,0.03046835958957672
1530,0.06170712038874626,0.03570421040058136
1531,0.0753311961889267,0.01619265042245388
1532,0.20004266500473022,0.06324033439159393
1533,0.20391520857810974,0.018542025238275528
1534,0.225134938955307,0.015291405841708183
1535,0.1535883992910385,0.03198161721229553
1536,0.2626457214355469,0.044839318841695786
1537,0.29604095220565796,0.05836338922381401
1538,0.1905498504638672,0.07720495760440826
1539,0.05277525633573532,0.04997136816382408
1540,0.11705763638019562,0.04774627834558487
1541,0.09015005826950073,0.09408718347549438
1542,0.1266840100288391,0.07354557514190674
1543,0.2668900489807129,0.06878329068422318
1544,0.349804550409317,0.006703536957502365
1545,0.08298184722661972,0.17467400431632996
1546,0.07298854738473892,0.1080421432852745
1547,0.41023123264312744,0.04837457835674286
1548,0.5675686597824097,0.021087640896439552
1549,0.5573681592941284,0.037556860595941544
1550,0.30396199226379395,0.07207489013671875
1551,0.2228371500968933,0.08191795647144318
1552,0.7506167888641357,0.07126463204622269
1553,0.17231766879558563,0.1087135523557663
1554,0.16212590038776398,0.0689878761768341
1555,0.28813937306404114,0.01799360290169716
1556,0.22889076173305511,0.014432632364332676
1557,0.1319013088941574,0.02403295412659645
1558,0.3692949116230011,0.04579417407512665
1559,0.35360991954803467,0.10424280911684036
1560,0.5208982229232788,0.05771760269999504
1561,0.18602386116981506,0.03680003061890602
1562,0.18167616426944733,0.0674910843372345
1563,0.23101623356342316,0.06863947212696075
1564,0.14279258251190186,0.08152409642934799
1565,0.25791388750076294,0.1272081881761551
1566,0.20679081976413727,0.07191324234008789
1567,0.2571239173412323,0.03204147145152092
1568,0.2880195677280426,0.07016965001821518
1569,0.42959585785865784,0.1106024980545044
1570,0.16151458024978638,0.08365070819854736
1571,0.1814030408859253,0.08411887288093567
1572,0.19496367871761322,0.07643115520477295
1573,0.18376624584197998,0.07406868785619736
1574,0.30402061343193054,0.07736232876777649
1575,0.5380461812019348,0.03812933340668678
1576,0.10472476482391357,0.06632690131664276
1577,0.21495947241783142,0.044987328350543976
1578,0.09051928669214249,0.0524681992828846
1579,0.12273437529802322,0.03216661885380745
1580,0.09042318910360336,0.010775628499686718
1581,0.3597317934036255,0.048958126455545425
1582,0.05611114576458931,0.014007896184921265
1583,0.32974866032600403,0.03164802864193916
1584,0.29434311389923096,0.13113585114479065
1585,0.3638036549091339,0.02714080922305584
1586,0.20389607548713684,0.02564128115773201
1587,0.0915934145450592,0.04454999417066574
1588,0.09055176377296448,0.10761349648237228
1589,0.07481272518634796,0.019703108817338943
1590,0.1169835552573204,0.06732100248336792
1591,0.18596583604812622,0.022258419543504715
1592,0.3461364209651947,0.07066194713115692
1593,0.25262245535850525,0.0338488444685936
1594,0.23545777797698975,0.15387235581874847
1595,0.2444135546684265,0.03594236075878143
1596,0.21282008290290833,0.06298591196537018
1597,0.2270904779434204,0.022081736475229263
1598,0.3083420395851135,0.07375074923038483
1599,0.21635141968727112,0.03207051753997803
1600,0.12774738669395447,0.03761988505721092
1601,0.31749606132507324,0.020073967054486275
1602,0.38349205255508423,0.052695419639348984
1603,0.2585577964782715,0.09346173703670502
1604,0.17881272733211517,0.06213245540857315
1605,0.0993194505572319,0.0968489944934845
1606,0.2829764783382416,0.10598383843898773
1607,0.6197969317436218,0.019308526068925858
1608,0.3511121869087219,0.036577388644218445
1609,0.44342097640037537,0.017244717106223106
1610,0.41226041316986084,0.03896061331033707
1611,0.1707199662923813,0.016203314065933228
1612,0.29789406061172485,0.030095722526311874
1613,0.27763956785202026,0.035722266882658005
1614,0.5595285892486572,0.04439036175608635
1615,0.2120450884103775,0.016692226752638817
1616,0.894259512424469,0.05925244092941284
1617,0.2424359768629074,0.05292534828186035
1618,0.09267309308052063,0.07115928083658218
1619,0.24274802207946777,0.16611848771572113
1620,0.6549275517463684,0.021679122000932693
1621,0.09598030894994736,0.048434458673000336
1622,0.3410331904888153,0.05817011371254921
1623,0.22471077740192413,0.04655284434556961
1624,0.2436254769563675,0.038373857736587524
1625,0.3297675549983978,0.027785684913396835
1626,0.3573896288871765,0.13031642138957977
1627,0.2409578263759613,0.04454972967505455
1628,0.5733647346496582,0.06741684675216675
1629,0.3538181781768799,0.01658233255147934
1630,0.18705829977989197,0.026722325012087822
1631,0.311783105134964,0.024372868239879608
1632,0.12022736668586731,0.11334731429815292
1633,0.20698761940002441,0.08704137057065964
1634,0.12392900139093399,0.0948619395494461
1635,0.23598650097846985,0.028601137921214104
1636,0.13161948323249817,0.02145729772746563
1637,0.09873742610216141,0.04951217398047447
1638,0.3198978304862976,0.10386534035205841
1639,0.26965558528900146,0.1279798448085785
1640,0.5714022517204285,0.0925033763051033
1641,0.26511937379837036,0.045296356081962585
1642,0.08247788995504379,0.06932764500379562
1643,0.2545568645000458,0.12309825420379639
1644,0.1346360146999359,0.013419486582279205
1645,0.2797660529613495,0.01745765283703804
1646,0.14717160165309906,0.0799078494310379
1647,0.21408602595329285,0.09074235707521439
1648,0.21978960931301117,0.04862804710865021
1649,0.03674216940999031,0.07915817946195602
1650,0.33660799264907837,0.04182800278067589
1651,0.2654956579208374,0.06149083375930786
1652,0.24112799763679504,0.052400343120098114
1653,0.10653167963027954,0.05286283791065216
1654,0.14051388204097748,0.049888379871845245
1655,0.5636351108551025,0.041364382952451706
1656,0.06760953366756439,0.05146254599094391
1657,0.053967155516147614,0.030363842844963074
1658,0.06124192103743553,0.045382894575595856
1659,0.1508753001689911,0.12992066144943237
1660,0.303303986787796,0.021373488008975983
1661,0.28253817558288574,0.020375005900859833
1662,0.444689005613327,0.018188975751399994
1663,0.19551435112953186,0.058553602546453476
1664,0.13706327974796295,0.02067347802221775
1665,0.2352704256772995,0.02622678317129612
1666,0.09959407150745392,0.07024383544921875
1667,0.24475985765457153,0.08098933100700378
1668,0.1642056703567505,0.058184269815683365
1669,0.5354633331298828,0.02416958659887314
1670,0.45908644795417786,0.08115965873003006
1671,0.04921342805027962,0.0282461978495121
1672,0.6889317631721497,0.10634264349937439
1673,0.11845183372497559,0.08680906891822815
1674,0.14612944424152374,0.03275235369801521
1675,0.11787846684455872,0.02880334109067917
1676,0.07121235877275467,0.01232866570353508
1677,0.24529752135276794,0.006662062834948301
1678,0.4875483810901642,0.03663318604230881
1679,0.2244599163532257,0.03102811798453331
1680,0.10523492842912674,0.07655905187129974
1681,0.4446064233779907,0.08752134442329407
1682,0.21865788102149963,0.03339863941073418
1683,0.28875476121902466,0.06605185568332672
1684,0.3340263366699219,0.045785896480083466
1685,0.30392661690711975,0.10653519630432129
1686,0.3576090633869171,0.14516791701316833
1687,0.36094263195991516,0.1381147801876068
1688,0.3687835931777954,0.07002042233943939
1689,0.5361099243164062,0.21468910574913025
1690,0.30952516198158264,0.09215125441551208
1691,0.30834144353866577,0.12245802581310272
1692,0.15568915009498596,0.08291885256767273
1693,0.3695002496242523,0.08043398708105087
1694,0.36287546157836914,0.1181783676147461
1695,0.09329503774642944,0.0978773757815361
1696,0.10943935066461563,0.07060176879167557
1697,0.2261073887348175,0.08807550370693207
1698,0.060010313987731934,0.06975222378969193
1699,0.19826455414295197,0.06727533787488937
1700,0.244325190782547,0.038548294454813004
1701,0.3499753177165985,0.052160780876874924
1702,0.0741739571094513,0.06486586481332779
1703,0.04360421746969223,0.08077643066644669
1704,0.3451452851295471,0.06113170459866524
1705,0.12610971927642822,0.020733730867505074
1706,0.1401476263999939,0.01339489221572876
1707,0.20350289344787598,0.03750374913215637
1708,0.1695936918258667,0.04231170564889908
1709,0.19763508439064026,0.04358725994825363
1710,0.26138487458229065,0.03414640203118324
1711,0.09093326330184937,0.04460430145263672
1712,0.5223312377929688,0.09044131636619568
1713,0.1648799628019333,0.03507744520902634
1714,0.16268356144428253,0.01877756416797638
1715,0.19268326461315155,0.033694811165332794
1716,0.5340738296508789,0.056699488312006
1717,0.11198295652866364,0.017005177214741707
1718,0.07792054116725922,0.03425728157162666
1719,0.18856395781040192,0.0643785148859024
1720,0.5868606567382812,0.03716619685292244
1721,0.3023727834224701,0.04964068904519081
1722,0.21865616738796234,0.02347567118704319
1723,0.2629750072956085,0.07249638438224792
1724,0.18689168989658356,0.03583382070064545
1725,0.23753078281879425,0.042739033699035645
1726,0.3314421474933624,0.1403091996908188
1727,0.14253398776054382,0.02640107274055481
1728,0.3914594054222107,0.07206107676029205
1729,0.3444010019302368,0.0543675497174263
1730,0.37775346636772156,0.09252532571554184
1731,0.418300062417984,0.04778042435646057
1732,0.5520028471946716,0.11329551786184311
1733,0.1771576851606369,0.034232743084430695
1734,0.2907902002334595,0.0626668930053711
1735,0.49201661348342896,0.026182441040873528
1736,0.5405651926994324,0.04010897874832153
1737,0.33204907178878784,0.0632023960351944
1738,0.13653993606567383,0.08082102984189987
1739,0.2921643853187561,0.07156259566545486
1740,0.1701880395412445,0.042462803423404694
1741,0.1571180820465088,0.06682012975215912
1742,0.5111638903617859,0.05803673714399338
1743,0.10355430841445923,0.04573701694607735
1744,0.31810474395751953,0.02976982668042183
1745,0.3147464096546173,0.04834512248635292
1746,0.1300692856311798,0.04128310829401016
1747,0.2839966416358948,0.08037103712558746
1748,0.8712092041969299,0.043933652341365814
1749,0.2716108560562134,0.03505969047546387
1750,0.4757944643497467,0.10665036737918854
1751,0.16481243073940277,0.07379899173974991
1752,0.2260124385356903,0.15357919037342072
1753,1.1429377794265747,0.06383909285068512
1754,0.5062146782875061,0.03853572532534599
1755,0.3240223824977875,0.06472287327051163
1756,0.13459338247776031,0.18334808945655823
1757,0.4709644913673401,0.10659649968147278
1758,0.34773486852645874,0.0392099991440773
1759,0.15912894904613495,0.027269704267382622
1760,0.12865270674228668,0.07464777678251266
1761,0.2545541524887085,0.06959356367588043
1762,0.15371006727218628,0.08415812253952026
1763,0.1861526519060135,0.1144864559173584
1764,0.3494587242603302,0.11222157627344131
1765,0.23494261503219604,0.06200430542230606
1766,0.11967790871858597,0.030234485864639282
1767,0.1875033974647522,0.06537017226219177
1768,0.2112894356250763,0.07499416917562485
1769,0.22109454870224,0.09502474218606949
1770,0.06078937277197838,0.011111623607575893
1771,0.12994055449962616,0.007899461314082146
1772,0.0991746187210083,0.061434101313352585
1773,0.19415542483329773,0.10772018134593964
1774,0.23511148989200592,0.04140324890613556
1775,0.26384076476097107,0.03504176437854767
1776,0.07288535684347153,0.04580904543399811
1777,0.24600590765476227,0.04052438586950302
1778,0.1984654664993286,0.052710194140672684
1779,0.6354151964187622,0.014539562165737152
1780,0.0875655859708786,0.055941417813301086
1781,0.10709863156080246,0.012756135314702988
1782,0.20980627834796906,0.030233057215809822
1783,0.054470233619213104,0.051743581891059875
1784,0.125243678689003,0.04308949038386345
1785,0.10496656596660614,0.023905064910650253
1786,0.07025238871574402,0.022714845836162567
1787,0.41406282782554626,0.021862808614969254
1788,0.23797312378883362,0.033281370997428894
1789,0.19752532243728638,0.022962814196944237
1790,0.13162055611610413,0.021573614329099655
1791,0.14355966448783875,0.12523889541625977
1792,0.2976738512516022,0.06047915667295456
1793,0.1719886064529419,0.024226946756243706
1794,0.38566747307777405,0.05336999148130417
1795,0.2308405190706253,0.01846720278263092
1796,0.33888810873031616,0.039792485535144806
1797,0.3157903850078583,0.08229526877403259
1798,0.050329625606536865,0.019894009456038475
1799,0.16616050899028778,0.11400222033262253
1800,0.2899516820907593,0.09487606585025787
1801,0.4470970034599304,0.07471515238285065
1802,0.26788529753685,0.03590962290763855
1803,0.09931622445583344,0.08905686438083649
1804,0.18097345530986786,0.15305228531360626
1805,0.35470038652420044,0.053437136113643646
1806,0.24545176327228546,0.05800187587738037
1807,0.18609803915023804,0.09003464877605438
1808,0.1814185529947281,0.06220396235585213
1809,0.10160152614116669,0.07335734367370605
1810,0.28667616844177246,0.0455019548535347
1811,0.3758171796798706,0.29779982566833496
1812,0.45345544815063477,0.09865401685237885
1813,0.5512146353721619,0.035154715180397034
1814,0.15465836226940155,0.08456693589687347
1815,0.11921831965446472,0.12255232036113739
1816,0.2624191641807556,0.1919286996126175
1817,0.7717411518096924,0.029299698770046234
1818,0.18568280339241028,0.01595999300479889
1819,0.19273312389850616,0.026781849563121796
1820,0.10456191003322601,0.008918044157326221
1821,0.08925342559814453,0.042982522398233414
1822,0.48697835206985474,0.031919218599796295
1823,0.15063710510730743,0.06889744848012924
1824,0.19887091219425201,0.039528749883174896
1825,0.2293446809053421,0.07818765193223953
1826,0.41821783781051636,0.06568101793527603
1827,0.18344052135944366,0.04676703363656998
1828,0.23868517577648163,0.018365902826189995
1829,0.30145713686943054,0.01525108888745308
1830,0.22331605851650238,0.032104771584272385
1831,0.1805785596370697,0.08365871012210846
1832,0.26255279779434204,0.04978548735380173
1833,0.1799568235874176,0.05495622009038925
1834,0.15153133869171143,0.021549567580223083
1835,0.14994661509990692,0.03756750375032425
1836,0.2157478630542755,0.033659759908914566
1837,0.2665172517299652,0.11481542885303497
1838,0.23220127820968628,0.021062320098280907
1839,0.2513527572154999,0.03318757563829422
1840,0.09850557148456573,0.056845083832740784
1841,0.195779487490654,0.01735023781657219
1842,0.2361520230770111,0.043264247477054596
1843,0.3171466886997223,0.03515736758708954
1844,0.22572313249111176,0.017998110502958298
1845,0.6945027112960815,0.04159735515713692
1846,0.35146933794021606,0.06029669940471649
1847,0.21301543712615967,0.030567718669772148
1848,0.2483893185853958,0.022294942289590836
1849,0.1781933605670929,0.04384872317314148
1850,0.21685543656349182,0.07850881665945053
1851,0.1285628378391266,0.044199131429195404
1852,0.28995445370674133,0.02338915318250656
1853,0.2681131362915039,0.03698577359318733
1854,0.3314696252346039,0.08168120682239532
1855,0.24545349180698395,0.14972054958343506
1856,0.2889401912689209,0.13107921183109283
1857,0.05367713421583176,0.0672076866030693
1858,0.099521704018116,0.06223617494106293
1859,0.3725210428237915,0.09527668356895447
1860,0.10398399084806442,0.06293351203203201
1861,0.06542490422725677,0.024730253964662552
1862,0.1464138627052307,0.04616923630237579
1863,0.32081785798072815,0.1164025291800499
1864,0.22507676482200623,0.049944423139095306
1865,0.37203294038772583,0.0741795152425766
1866,0.5145877003669739,0.03704094886779785
1867,0.14559614658355713,0.11938957870006561
1868,0.15106070041656494,0.08267232775688171
1869,0.21514838933944702,0.08372890949249268
1870,0.3920214772224426,0.11641217768192291
1871,0.13043740391731262,0.10450787842273712
1872,0.19502785801887512,0.05990352854132652
1873,0.3293724060058594,0.052725180983543396
1874,0.1852724850177765,0.05274244397878647
1875,0.2715438902378082,0.07668992877006531
1876,0.3149165213108063,0.0745469331741333
1877,0.16893717646598816,0.04507187753915787
1878,0.17596012353897095,0.046216610819101334
1879,0.05584850162267685,0.037054192274808884
1880,0.26525789499282837,0.032314371317625046
1881,0.20820730924606323,0.047867029905319214
1882,0.6543047428131104,0.06993107497692108
1883,0.4314720630645752,0.05982143431901932
1884,0.39841416478157043,0.13030265271663666
1885,0.14693988859653473,0.0750422328710556
1886,0.242991641163826,0.04058966785669327
1887,0.42587506771087646,0.035277776420116425
1888,0.2252160608768463,0.01848605088889599
1889,0.10263338685035706,0.037764813750982285
1890,0.2853977680206299,0.02769717574119568
1891,0.2610417902469635,0.030553122982382774
1892,0.17356042563915253,0.02357238344848156
1893,0.3771325349807739,0.06823591887950897
1894,0.11032019555568695,0.0423131138086319
1895,0.26756513118743896,0.04934994503855705
1896,0.1960676610469818,0.12813609838485718
1897,0.20517562329769135,0.03628699854016304
1898,0.14329373836517334,0.041925862431526184
1899,0.14930003881454468,0.04063095524907112
1900,0.32337766885757446,0.01849374920129776
1901,0.4890091121196747,0.06216086819767952
1902,0.14788344502449036,0.03394513949751854
1903,0.363979309797287,0.05593119561672211
1904,0.2740938365459442,0.10922335088253021
1905,0.35191503167152405,0.021075084805488586
1906,0.09086264669895172,0.12516579031944275
1907,0.3017682135105133,0.07184039801359177
1908,0.07991306483745575,0.06006280332803726
1909,0.23386654257774353,0.019583728164434433
1910,0.17708617448806763,0.0488414540886879
1911,0.2510162591934204,0.04896188899874687
1912,0.09736839681863785,0.03720235452055931
1913,0.1216253861784935,0.04721388220787048
1914,0.1933073103427887,0.01884664222598076
1915,0.11979719251394272,0.03933659568428993
1916,0.35420435667037964,0.023499146103858948
1917,0.17030087113380432,0.04693509265780449
1918,0.1795528531074524,0.07521481066942215
1919,0.2513534128665924,0.05444822460412979
1920,0.41244959831237793,0.030871137976646423
1921,0.14141353964805603,0.13278591632843018
1922,0.23755106329917908,0.09688887745141983
1923,0.3037891983985901,0.038337502628564835
1924,0.3058422803878784,0.033979080617427826
1925,0.1848248839378357,0.07524532824754715
1926,0.13411518931388855,0.04598847031593323
1927,0.43883273005485535,0.0516580231487751
1928,0.2274259328842163,0.11888302117586136
1929,0.2743648588657379,0.10555689036846161
1930,0.2945874035358429,0.07892466336488724
1931,1.6661821603775024,0.16069506108760834
1932,0.2327646166086197,0.05938805639743805
1933,0.36822405457496643,0.05534115433692932
1934,0.40840375423431396,0.03668428212404251
1935,0.07609623670578003,0.015497509390115738
1936,0.2544797360897064,0.05487221106886864
1937,0.21790283918380737,0.00413158256560564
1938,0.2668660581111908,0.06442280113697052
1939,0.22380802035331726,0.05901864916086197
1940,0.0886228010058403,0.011972025036811829
1941,0.11793060600757599,0.08715225756168365
1942,0.07187842577695847,0.03404621779918671
1943,0.20913462340831757,0.010735701769590378
1944,0.07790881395339966,0.06401196867227554
1945,0.16453345119953156,0.07607632875442505
1946,0.0828397274017334,0.02439788542687893
1947,0.30149638652801514,0.07858061790466309
1948,0.21669672429561615,0.06236492469906807
1949,0.11586659401655197,0.050362881273031235
1950,0.13523659110069275,0.08078286051750183
1951,0.09043384343385696,0.015618360601365566
1952,0.14419399201869965,0.023214099928736687
1953,0.35479509830474854,0.035111669450998306
1954,0.09355257451534271,0.01636681519448757
1955,0.08353164792060852,0.03157101199030876
1956,0.0668628066778183,0.05169818550348282
1957,0.33082765340805054,0.007250823080539703
1958,0.3921644389629364,0.032739173620939255
1959,0.2975528836250305,0.04727693274617195
1960,0.2550760507583618,0.09683921188116074
1961,0.12910157442092896,0.07687266170978546
1962,0.1845552772283554,0.02774009108543396
1963,0.3641381561756134,0.0663091316819191
1964,0.5106517672538757,0.027073094621300697
1965,0.0925295352935791,0.054362643510103226
1966,0.16779249906539917,0.039363399147987366
1967,0.19371244311332703,0.05531397834420204
1968,0.2846347689628601,0.053014084696769714
1969,0.36703798174858093,0.12938043475151062
1970,0.3752332031726837,0.047488532960414886
1971,0.27638494968414307,0.009632164612412453
1972,0.06742061674594879,0.14891457557678223
1973,0.1522424817085266,0.027746178209781647
1974,0.2123120129108429,0.039394766092300415
1975,0.058294206857681274,0.045214299112558365
1976,0.17362163960933685,0.030882710590958595
1977,0.05823272839188576,0.03185877203941345
1978,0.3041621744632721,0.06234591826796532
1979,0.23689484596252441,0.047934308648109436
1980,0.24665986001491547,0.04597673565149307
1981,0.11447993665933609,0.019041912630200386
1982,0.07694290578365326,0.051852036267519
1983,0.1463901847600937,0.0697374939918518
1984,0.19675447046756744,0.04674706608057022
1985,0.1170189157128334,0.03732145577669144
1986,0.5150147676467896,0.13472051918506622
1987,0.06337893009185791,0.04248421639204025
1988,0.3116590678691864,0.11765182018280029
1989,0.22324535250663757,0.09148664772510529
1990,0.5675078630447388,0.07326481491327286
1991,0.11948199570178986,0.03526877984404564
1992,0.26295530796051025,0.04109910503029823
1993,0.22396504878997803,0.04857075959444046
1994,0.0857585221529007,0.033447638154029846
1995,0.18475332856178284,0.04551766440272331
1996,0.26596778631210327,0.026792334392666817
1997,0.35677680373191833,0.09011320769786835
1998,0.5502109527587891,0.1116502583026886
1999,0.3130161464214325,0.10809814929962158
2000,0.2705780863761902,0.12038005888462067
2001,0.6303113102912903,0.03693384304642677
2002,0.43088507652282715,0.07392871379852295
2003,0.17351864278316498,0.10227961838245392
2004,0.4820869266986847,0.013614322990179062
2005,0.19105643033981323,0.0347604937851429
2006,0.18803474307060242,0.04050569236278534
2007,0.3932517170906067,0.05308610945940018
2008,0.23139889538288116,0.01811356097459793
2009,0.24524541199207306,0.04422229528427124
2010,0.1625058352947235,0.06922470778226852
2011,0.197810098528862,0.037375595420598984
2012,0.39912036061286926,0.05527270585298538
2013,0.1524631381034851,0.058725468814373016
2014,0.20119601488113403,0.018521487712860107
2015,0.21805737912654877,0.07220350205898285
2016,0.14271920919418335,0.009276232682168484
2017,0.32264387607574463,0.03175151348114014
2018,0.2664141356945038,0.038938045501708984
2019,0.2006130814552307,0.06313518434762955
2020,0.16387787461280823,0.018318645656108856
2021,0.10815766453742981,0.06563577055931091
2022,0.19983986020088196,0.03111714869737625
2023,0.09241281449794769,0.021353302523493767
2024,0.49736037850379944,0.12149975448846817
2025,0.08422204852104187,0.0763266533613205
2026,0.17883490025997162,0.11801347136497498
2027,0.17493845522403717,0.08203402161598206
2028,0.28566426038742065,0.07193226367235184
2029,0.09040716290473938,0.042326051741838455
2030,0.16138526797294617,0.04760582745075226
2031,0.32008129358291626,0.03760216757655144
2032,0.21838071942329407,0.049162864685058594
2033,0.058016084134578705,0.07467962056398392
2034,0.22949840128421783,0.0412483885884285
2035,0.1464017629623413,0.020527085289359093
2036,0.09084051847457886,0.0259912870824337
2037,0.11170671135187149,0.04819488897919655
2038,0.09187611937522888,0.05834602564573288
2039,0.12335246056318283,0.06249523162841797
2040,0.32226431369781494,0.05287643149495125
2041,0.36410367488861084,0.04060329869389534
2042,0.16272033751010895,0.025067808106541634
2043,0.3974732756614685,0.01757425256073475
2044,0.11074464023113251,0.011329000815749168
2045,0.11348129063844681,0.08321423083543777
2046,0.3005763292312622,0.0161750391125679
2047,0.2131345123052597,0.06006144732236862
2048,0.26676052808761597,0.05428104102611542
2049,0.16423815488815308,0.06942296028137207
2050,0.1534043252468109,0.033243149518966675
2051,0.10671199858188629,0.07492469996213913
2052,0.12709176540374756,0.10688066482543945
2053,0.1296052783727646,0.10367895662784576
2054,0.18023531138896942,0.09628628939390182
2055,0.2782388925552368,0.06948738545179367
2056,0.2672411799430847,0.02556014247238636
2057,0.4613136053085327,0.030608944594860077
2058,0.41601207852363586,0.1123853400349617
2059,0.40109479427337646,0.08846565335988998
2060,1.1019083261489868,0.046459440141916275
2061,0.11281434446573257,0.1280718892812729
2062,0.28407707810401917,0.13052967190742493
2063,0.33307379484176636,0.11477547883987427
2064,0.5650922656059265,0.05265631526708603
2065,0.3025982677936554,0.08807146549224854
2066,0.36045747995376587,0.07006961107254028
2067,0.20384514331817627,0.027782971039414406
2068,0.1910126507282257,0.09624306112527847
2069,0.31872570514678955,0.05872606486082077
2070,0.2313777059316635,0.06789670139551163
2071,0.3120027184486389,0.01840856671333313
2072,0.40218889713287354,0.15109261870384216
2073,0.08666931092739105,0.0680214986205101
2074,0.3026752471923828,0.07175742089748383
2075,0.347867488861084,0.0721626952290535
2076,0.531373918056488,0.024180389940738678
2077,0.4164699614048004,0.060179803520441055
2078,0.5053917169570923,0.025014441460371017
2079,0.14289984107017517,0.021684762090444565
2080,0.36117666959762573,0.032709307968616486
2081,0.06936460733413696,0.03623862937092781
2082,0.20056624710559845,0.05517679080367088
2083,0.1338464319705963,0.03825165703892708
2084,0.2838272452354431,0.046212177723646164
2085,0.41660261154174805,0.08842974901199341
2086,0.14609509706497192,0.01987418532371521
2087,0.27914169430732727,0.07324831187725067
2088,0.10391296446323395,0.04436253011226654
2089,0.33959102630615234,0.06644786894321442
2090,0.8948726654052734,0.052169717848300934
2091,0.07114006578922272,0.04758969694375992
2092,0.16089066863059998,0.07371364533901215
2093,0.3636847138404846,0.06777317821979523
2094,0.3043478727340698,0.016536662355065346
2095,0.1879582703113556,0.11475225538015366
2096,1.1195461750030518,0.07547203451395035
2097,0.34992867708206177,0.020903024822473526
2098,0.19387970864772797,0.025586707517504692
2099,0.2105788290500641,0.0713590532541275
2100,0.44532510638237,0.025057312101125717
2101,0.27794668078422546,0.05311921611428261
2102,0.12539829313755035,0.03162404149770737
2103,0.22676943242549896,0.024499952793121338
2104,0.18468013405799866,0.034769780933856964
2105,0.49529674649238586,0.03844549134373665
2106,0.180991530418396,0.09263802319765091
2107,0.28201618790626526,0.017620649188756943
2108,0.17687222361564636,0.04722067341208458
2109,0.08042260259389877,0.05880534648895264
2110,0.034810468554496765,0.031075479462742805
2111,0.2792009711265564,0.03586599975824356
2112,0.1276654601097107,0.0838107317686081
2113,0.45278334617614746,0.052105799317359924
2114,0.4405367374420166,0.13835345208644867
2115,0.2281111776828766,0.13526678085327148
2116,0.20483069121837616,0.06427348405122757
2117,0.6894660592079163,0.03624666482210159
2118,0.25950318574905396,0.05197978764772415
2119,0.12167611718177795,0.11633877456188202
2120,0.09792719036340714,0.04373479261994362
2121,0.18402335047721863,0.09662839025259018
2122,0.8517319560050964,0.07698069512844086
2123,0.1840597689151764,0.07853764295578003
2124,0.05971914529800415,0.09024810791015625
2125,0.07241443544626236,0.13123151659965515
2126,0.07898245006799698,0.04174581170082092
2127,0.13558192551136017,0.009455309249460697
2128,0.14480645954608917,0.03675145283341408
2129,0.26292112469673157,0.026427727192640305
2130,0.2301192432641983,0.03462890908122063
2131,0.2139129489660263,0.10512717068195343
2132,0.4340692162513733,0.056370001286268234
2133,0.5146101713180542,0.054335616528987885
2134,0.5220733880996704,0.131052166223526
2135,0.40679219365119934,0.016031021252274513
2136,0.27077263593673706,0.07587002962827682
2137,0.16556094586849213,0.04873967915773392
2138,0.29312291741371155,0.030251972377300262
2139,0.19851723313331604,0.02795557491481304
2140,0.23001402616500854,0.04433032125234604
2141,0.12552228569984436,0.0132023636251688
2142,0.34928154945373535,0.07491590827703476
2143,0.18613474071025848,0.04076315462589264
2144,0.08934486657381058,0.048152726143598557
2145,0.061387039721012115,0.030266135931015015
2146,0.05203676596283913,0.045229632407426834
2147,0.31724849343299866,0.020856380462646484
2148,0.36458438634872437,0.04175237938761711
2149,0.47355443239212036,0.0344390831887722
2150,0.2215307354927063,0.02504192292690277
2151,0.08532063663005829,0.07946896553039551
2152,0.11286893486976624,0.03440782427787781
2153,0.3051827549934387,0.023928668349981308
2154,0.26676997542381287,0.0727696344256401
2155,0.2880135774612427,0.06066787987947464
2156,0.0880502313375473,0.060572415590286255
2157,0.517461895942688,0.11812614649534225
2158,0.1213737428188324,0.03471618890762329
2159,0.29201871156692505,0.09358948469161987
2160,0.2037057727575302,0.03507741540670395
2161,0.29158660769462585,0.06735967844724655
2162,0.3112599849700928,0.04974614083766937
2163,0.10590128600597382,0.05536951869726181
2164,0.29482558369636536,0.036880627274513245
2165,0.1637892872095108,0.0495656281709671
2166,0.31643253564834595,0.03697120025753975
2167,0.1282031536102295,0.03107898309826851
2168,0.32964614033699036,0.022320829331874847
2169,0.36249881982803345,0.032317448407411575
2170,0.19013084471225739,0.016798030585050583
2171,0.3851716220378876,0.03493126109242439
2172,0.09364079684019089,0.05134488642215729
2173,0.27194711565971375,0.013031432405114174
2174,0.4354236423969269,0.07643349468708038
2175,0.2202003002166748,0.04673442989587784
2176,0.29135891795158386,0.03800169751048088
2177,0.40680384635925293,0.07510706782341003
2178,0.431543231010437,0.19257432222366333
2179,0.44372326135635376,0.028147593140602112
2180,0.2439190298318863,0.04183352366089821
2181,0.12165392935276031,0.05858602002263069
2182,0.2719477415084839,0.0312266293913126
2183,0.614976704120636,0.09858647733926773
2184,0.26156479120254517,0.026736412197351456
2185,0.18173353374004364,0.04002024605870247
2186,0.3565589189529419,0.06758684664964676
2187,0.1479160487651825,0.0254945307970047
2188,0.13250523805618286,0.0722661167383194
2189,0.07641199231147766,0.08791688084602356
2190,0.15965263545513153,0.026279132813215256
2191,0.29840087890625,0.027458101511001587
2192,0.04798450320959091,0.0789749026298523
2193,0.4461982250213623,0.15649738907814026
2194,0.24009348452091217,0.07493643462657928
2195,0.31227171421051025,0.07247129082679749
2196,0.09927375614643097,0.027115624397993088
2197,0.1327410638332367,0.052136559039354324
2198,0.1547875702381134,0.01475569698959589
2199,0.19785252213478088,0.021541129797697067
2200,0.1479502022266388,0.04401708021759987
2201,0.1286444365978241,0.0398859903216362
2202,0.21601614356040955,0.07735574245452881
2203,0.3333660364151001,0.09611791372299194
2204,0.5229085683822632,0.032123446464538574
2205,0.30953526496887207,0.01513674110174179
2206,0.2348831444978714,0.03839336335659027
2207,0.1449260413646698,0.032714322209358215
2208,0.4559246599674225,0.08805059641599655
2209,0.27481016516685486,0.039810046553611755
2210,0.18808066844940186,0.0421113558113575
2211,0.11949315667152405,0.08447136729955673
2212,0.18028989434242249,0.04617058485746384
2213,0.37939882278442383,0.03925951197743416
2214,0.12667635083198547,0.04129040613770485
2215,0.040846120566129684,0.01592540554702282
2216,0.1010277271270752,0.09254287928342819
2217,0.3310075104236603,0.09623651951551437
2218,0.27799302339553833,0.07189513742923737
2219,0.20323199033737183,0.08882118761539459
2220,0.17087310552597046,0.08215036243200302
2221,0.3012872338294983,0.12397423386573792
2222,0.7314636707305908,0.05537904426455498
2223,0.18327003717422485,0.09082779288291931
2224,0.19763392210006714,0.035877346992492676
2225,0.2449464499950409,0.02877315878868103
2226,0.12872666120529175,0.0715647041797638
2227,0.2596234381198883,0.035499829798936844
2228,0.20485635101795197,0.015254969708621502
2229,0.0833275243639946,0.014375349506735802
2230,0.36176902055740356,0.04957100376486778
2231,0.1473630666732788,0.03691333904862404
2232,0.4928056001663208,0.22014139592647552
2233,0.4017835855484009,0.05647813901305199
2234,0.0971490740776062,0.02469242922961712
2235,0.04660479724407196,0.028644351288676262
2236,0.1605452299118042,0.04193343222141266
2237,0.3903766870498657,0.059639185667037964
2238,0.5642930865287781,0.045885369181632996
2239,0.10689431428909302,0.09748184680938721
2240,0.08816604316234589,0.07453084737062454
2241,0.30197176337242126,0.028659790754318237
2242,0.26468345522880554,0.09805995225906372
2243,0.14406251907348633,0.04945117235183716
2244,0.45348620414733887,0.05834288150072098
2245,0.4267892837524414,0.08744947612285614
2246,0.1273403763771057,0.02699301578104496
2247,0.22578512132167816,0.06093686819076538
2248,0.24142640829086304,0.039581701159477234
2249,0.45055222511291504,0.039540745317935944
2250,0.19622400403022766,0.07081152498722076
2251,0.1664634495973587,0.02603304013609886
2252,0.22686372697353363,0.0722711980342865
2253,0.15814781188964844,0.05002139136195183
2254,0.17692428827285767,0.02998596802353859
2255,0.2539309859275818,0.06642179936170578
2256,0.6699264049530029,0.09605101495981216
2257,0.972515344619751,0.11224497854709625
2258,0.5685328245162964,0.18871456384658813
2259,0.38798031210899353,0.09653710573911667
2260,0.16803690791130066,0.015046285465359688
2261,0.1336190402507782,0.043934471905231476
2262,0.5131877064704895,0.11367417871952057
2263,0.2173028290271759,0.050427649170160294
2264,0.20304349064826965,0.05169127881526947
2265,0.0937279760837555,0.0444057360291481
2266,0.27837473154067993,0.0790325179696083
2267,0.21421396732330322,0.09026273339986801
2268,0.5982671976089478,0.1772213578224182
2269,0.2881360352039337,0.020533911883831024
2270,0.16171061992645264,0.020574668422341347
2271,0.0896841287612915,0.06787664443254471
2272,0.2601050138473511,0.06525343656539917
2273,0.08157113194465637,0.05081069841980934
2274,0.08934015780687332,0.010980199091136456
2275,0.07655759900808334,0.14579206705093384
2276,0.1774529069662094,0.024212779477238655
2277,0.16905857622623444,0.03425002470612526
2278,0.2455049753189087,0.059036560356616974
2279,0.3896385133266449,0.09403175860643387
2280,0.3123292922973633,0.04444030299782753
2281,0.12288835644721985,0.046998605132102966
2282,0.2653166651725769,0.05384231358766556
2283,0.37822192907333374,0.1671106219291687
2284,0.5244371891021729,0.09986104816198349
2285,0.39690715074539185,0.02654162421822548
2286,0.41533568501472473,0.03662412613630295
2287,0.10429771989583969,0.022985365241765976
2288,0.2103370726108551,0.04419689252972603
2289,0.11226970702409744,0.03807637840509415
2290,0.12073934078216553,0.05938804894685745
2291,0.266368567943573,0.04762212187051773
2292,0.349468857049942,0.046142108738422394
2293,0.34197941422462463,0.06997931748628616
2294,0.06028250977396965,0.14798960089683533
2295,0.5770846009254456,0.07589217275381088
2296,0.2075970470905304,0.038466423749923706
2297,0.30698806047439575,0.023216567933559418
2298,0.3301195502281189,0.03647550195455551
2299,0.1702418178319931,0.04955802485346794
2300,0.0993780717253685,0.1168089285492897
2301,0.11573800444602966,0.04359320178627968
2302,0.35605645179748535,0.04411423206329346
2303,0.20809131860733032,0.0184929296374321
2304,0.21650439500808716,0.15835925936698914
2305,0.13067401945590973,0.045098867267370224
2306,0.1578584909439087,0.012370000593364239
2307,0.14843206107616425,0.018081266433000565
2308,0.297243595123291,0.09464108943939209
2309,0.2283148169517517,0.07994499802589417
2310,0.3094349503517151,0.06838157773017883
2311,0.32149580121040344,0.09594165533781052
2312,0.15500707924365997,0.07899198681116104
2313,0.11374177783727646,0.06269658356904984
2314,0.3073338270187378,0.03711938485503197
2315,0.26974034309387207,0.019852405413985252
2316,0.1565193384885788,0.06306109577417374
2317,0.39240753650665283,0.04437282308936119
2318,0.09436958283185959,0.04192483425140381
2319,0.3352026343345642,0.06483637541532516
2320,0.08439914882183075,0.04607353359460831
2321,0.16899940371513367,0.06444384902715683
2322,0.4371269941329956,0.08534952998161316
2323,0.2877678871154785,0.035896845161914825
2324,0.15070757269859314,0.0592460073530674
2325,0.15129970014095306,0.034411802887916565
2326,0.20046281814575195,0.0741153210401535
2327,0.14269904792308807,0.027911370620131493
2328,0.3382576107978821,0.04383730888366699
2329,0.17767271399497986,0.055524084717035294
2330,0.2430393397808075,0.07216683030128479
2331,0.29798734188079834,0.0320153571665287
2332,0.2313927710056305,0.029324010014533997
2333,0.07643096148967743,0.018711375072598457
2334,0.13710258901119232,0.024389902129769325
2335,0.20113079249858856,0.020189879462122917
2336,0.16527065634727478,0.04329653084278107
2337,0.2093375027179718,0.024130355566740036
2338,0.2065308839082718,0.02494771219789982
2339,0.1585996299982071,0.09061242640018463
2340,0.1545609086751938,0.030299551784992218
2341,0.08278467506170273,0.03374609351158142
2342,0.04423803836107254,0.07455717772245407
2343,0.2694092094898224,0.10399085283279419
2344,0.18840952217578888,0.036814697086811066
2345,0.18096113204956055,0.07775449752807617
2346,0.06897269189357758,0.05011405423283577
2347,0.26622363924980164,0.0643216222524643
2348,0.4317959249019623,0.01088907290250063
2349,0.13849785923957825,0.037640735507011414
2350,0.3549717366695404,0.03793882951140404
2351,0.4783342182636261,0.059506334364414215
2352,0.20040364563465118,0.060366615653038025
2353,0.11916839331388474,0.08344355970621109
2354,0.211564838886261,0.07275271415710449
2355,0.20214638113975525,0.060457177460193634
2356,0.15162920951843262,0.035527028143405914
2357,0.3453647196292877,0.0332757830619812
2358,0.4235343933105469,0.05722685158252716
2359,0.11664015054702759,0.052748311311006546
2360,0.08804908394813538,0.018284782767295837
2361,0.02361215651035309,0.034554529935121536
2362,0.2113630473613739,0.01780969649553299
2363,0.5579426288604736,0.05022768676280975
2364,0.2859219014644623,0.020534176379442215
2365,0.1675194352865219,0.020931409671902657
2366,0.4573018550872803,0.02043798938393593
2367,0.11532182991504669,0.042513687163591385
2368,0.08521685004234314,0.041094109416007996
2369,0.17204582691192627,0.05062031373381615
2370,0.1932726800441742,0.17981518805027008
2371,0.5422345399856567,0.05137614905834198
2372,0.08295852690935135,0.021612953394651413
2373,0.07789957523345947,0.029894106090068817
2374,0.04260588437318802,0.031769491732120514
2375,0.23818834125995636,0.10771621763706207
2376,0.11543447524309158,0.16927430033683777
2377,0.34884199500083923,0.07070891559123993
2378,0.0762932300567627,0.055989835411310196
2379,0.19410377740859985,0.05188392847776413
2380,0.08795545995235443,0.026146769523620605
2381,0.18007245659828186,0.025518223643302917
2382,0.9507204294204712,0.020132947713136673
2383,0.27889716625213623,0.019374767318367958
2384,0.14390096068382263,0.04165985435247421
2385,0.2060668021440506,0.06291554868221283
2386,0.19019460678100586,0.10746710002422333
2387,0.37549394369125366,0.032265011221170425
2388,0.33114153146743774,0.022021105512976646
2389,0.0873330757021904,0.10915768891572952
2390,0.46878737211227417,0.07838014513254166
2391,0.2578536868095398,0.040978338569402695
2392,0.3241232633590698,0.09116318821907043
2393,0.12713304162025452,0.10941493511199951
2394,0.0977315604686737,0.07991917431354523
2395,0.28026923537254333,0.06449487805366516
2396,0.923675000667572,0.13527725636959076
2397,0.230197012424469,0.023513581603765488
2398,0.5110312700271606,0.06190761923789978
2399,0.20574797689914703,0.092567078769207
2400,0.3232724070549011,0.0540987104177475
2401,0.27646249532699585,0.06516401469707489
2402,0.041750237345695496,0.01876951940357685
2403,0.12200158834457397,0.038059525191783905
2404,0.09322241693735123,0.051696792244911194
2405,0.14415904879570007,0.027622319757938385
2406,0.19018471240997314,0.027124054729938507
2407,0.16019868850708008,0.058735720813274384
2408,0.16705934703350067,0.09274101257324219
2409,0.129928857088089,0.07801391184329987
2410,0.24715189635753632,0.07264141738414764
2411,0.2630593776702881,0.11297650635242462
2412,0.40517014265060425,0.12257884442806244
2413,0.23887999355793,0.01606384478509426
2414,0.301975280046463,0.014398953877389431
2415,0.4387507438659668,0.10126703232526779
2416,0.3601076900959015,0.018731633201241493
2417,0.09724488854408264,0.04463593661785126
2418,0.27246272563934326,0.06995770335197449
2419,0.0827552080154419,0.08178218454122543
2420,0.21656587719917297,0.029424617066979408
2421,0.1892843097448349,0.07407931238412857
2422,0.1033344715833664,0.0632919892668724
2423,0.6422504782676697,0.04786977171897888
2424,0.23533974587917328,0.050196461379528046
2425,0.05735427141189575,0.04345056414604187
2426,0.31779977679252625,0.09718891978263855
2427,0.42024895548820496,0.039885252714157104
2428,0.12540942430496216,0.02124134637415409
2429,0.1770378202199936,0.07202118635177612
2430,0.3664272725582123,0.02234564907848835
2431,0.17241878807544708,0.15837255120277405
2432,0.2935657501220703,0.06947401911020279
2433,0.3827316462993622,0.043107789009809494
2434,0.1361706405878067,0.08351598680019379
2435,0.5182561278343201,0.07436688244342804
2436,0.29233992099761963,0.039062656462192535
2437,0.17947936058044434,0.07089070975780487
2438,0.2208743542432785,0.017540454864501953
2439,0.17841848731040955,0.055880989879369736
2440,0.32403993606567383,0.04505406692624092
2441,0.27978456020355225,0.13396160304546356
2442,0.21453127264976501,0.03906337916851044
2443,0.3505175709724426,0.014122414402663708
2444,0.48007726669311523,0.027865540236234665
2445,0.2776859998703003,0.057580094784498215
2446,0.5015932321548462,0.02822537161409855
2447,0.2861517071723938,0.10777723044157028
2448,0.3110129237174988,0.059561192989349365
2449,0.4464402198791504,0.12094967812299728
2450,0.31816565990448,0.04578877240419388
2451,0.35617369413375854,0.1722429096698761
2452,0.16033560037612915,0.07648953795433044
2453,0.14676064252853394,0.10035142302513123
2454,0.10434659570455551,0.080912284553051
2455,0.0976317822933197,0.07361976057291031
2456,0.11532815545797348,0.1121615543961525
2457,0.3756905794143677,0.06452500075101852
2458,0.10581996291875839,0.13467438519001007
2459,0.261461079120636,0.028324373066425323
2460,0.07736954092979431,0.24512743949890137
2461,0.3309480547904968,0.0274973027408123
2462,0.3201500475406647,0.04389163851737976
2463,0.18271470069885254,0.09260958433151245
2464,0.3162746727466583,0.0823487788438797
2465,0.27708369493484497,0.11821319162845612
2466,0.2826249301433563,0.008782313205301762
2467,0.12556467950344086,0.0276745967566967
2468,0.37524062395095825,0.12780435383319855
2469,0.08872058242559433,0.03563523665070534
2470,0.28218913078308105,0.02754582092165947
2471,0.18264593183994293,0.04767518863081932
2472,0.19168886542320251,0.04144889488816261
2473,0.3742181062698364,0.031369131058454514
2474,0.12282844632863998,0.056026190519332886
2475,0.4481185972690582,0.034571193158626556
2476,0.5435008406639099,0.019573412835597992
2477,0.15976741909980774,0.03619334101676941
2478,0.18576361238956451,0.0395049974322319
2479,0.2640589475631714,0.08393720537424088
2480,0.28814032673835754,0.06580182164907455
2481,0.21541202068328857,0.06138317286968231
2482,0.39747151732444763,0.03824067488312721
2483,0.22095927596092224,0.04139421507716179
2484,0.22929051518440247,0.039310961961746216
2485,0.32635366916656494,0.04698004201054573
2486,0.12496599555015564,0.02562975138425827
2487,0.334041565656662,0.01664392463862896
2488,0.20578807592391968,0.020653510466217995
2489,0.2220192700624466,0.07712799310684204
2490,0.16231583058834076,0.046649906784296036
2491,0.0858713909983635,0.05681556835770607
2492,0.3008885085582733,0.05728263780474663
2493,0.35133272409439087,0.07314268499612808
2494,0.12465006113052368,0.04803921654820442
2495,0.43167048692703247,0.07433461397886276
2496,0.16155970096588135,0.13578400015830994
2497,0.3144351541996002,0.07438017427921295
2498,0.20957371592521667,0.05006572976708412
2499,0.6116563081741333,0.018182789906859398
2500,0.4048842787742615,0.12549889087677002
2501,0.24951976537704468,0.0812428668141365
2502,0.4087097644805908,0.06354004144668579
2503,0.381906121969223,0.033154264092445374
2504,0.34872010350227356,0.03128322586417198
2505,0.26496773958206177,0.03313933312892914
2506,0.21982260048389435,0.06016264483332634
2507,0.17088963091373444,0.12733031809329987
2508,0.5048221945762634,0.019531309604644775
2509,0.44123005867004395,0.05072765052318573
2510,0.14083640277385712,0.06373246014118195
2511,0.29540228843688965,0.10040944069623947
2512,0.6600498557090759,0.07367795705795288
2513,0.32254111766815186,0.012332011014223099
2514,0.19817957282066345,0.0526362806558609
2515,0.22826285660266876,0.046760354191064835
2516,0.46991533041000366,0.1069212481379509
2517,0.17686405777931213,0.11779068410396576
2518,0.9320389032363892,0.061244603246450424
2519,0.46146222949028015,0.1543167233467102
2520,0.518204927444458,0.05913025140762329
2521,0.19979742169380188,0.14300666749477386
2522,0.2888060510158539,0.034628938883543015
2523,0.11535726487636566,0.027169251814484596
2524,0.5177822113037109,0.043537687510252
2525,0.2098882496356964,0.05911177396774292
2526,0.1406671404838562,0.03586842864751816
2527,0.03835000470280647,0.038145456463098526
2528,0.29441434144973755,0.07977313548326492
2529,0.26542139053344727,0.051082395017147064
2530,0.5139449834823608,0.03111247345805168
2531,0.23530253767967224,0.07570511102676392
2532,0.2590598165988922,0.09702962636947632
2533,0.29247745871543884,0.02692132256925106
2534,0.3196881115436554,0.10165243595838547
2535,0.13916566967964172,0.05775526911020279
2536,0.2358536720275879,0.031054580584168434
2537,0.16632625460624695,0.20422698557376862
2538,0.3944970965385437,0.05503212660551071
2539,0.5490376949310303,0.04028894752264023
2540,0.2930218279361725,0.03348679840564728
2541,0.18680909276008606,0.052482277154922485
2542,0.08683986216783524,0.06052553281188011
2543,0.06615228950977325,0.118447445333004
2544,0.11987096816301346,0.034604061394929886
2545,0.4963088929653168,0.009222747758030891
2546,0.20289455354213715,0.0430334247648716
2547,0.17472124099731445,0.07494211196899414
2548,0.15452897548675537,0.008141365833580494
2549,0.26353919506073,0.020390735939145088
2550,0.31282326579093933,0.060614459216594696
2551,0.33944129943847656,0.038582004606723785
2552,0.5626077651977539,0.03403104469180107
2553,0.12075531482696533,0.05199700593948364
2554,0.10845215618610382,0.07775511592626572
2555,0.2987710237503052,0.09590831398963928
2556,0.2435455173254013,0.042971182614564896
2557,0.1917746663093567,0.08781491219997406
2558,0.2505899965763092,0.051269616931676865
2559,0.16519349813461304,0.057983189821243286
2560,0.5922166109085083,0.027263769879937172
2561,0.14525961875915527,0.047620318830013275
2562,0.45659932494163513,0.016362400725483894
2563,0.09709684550762177,0.031043246388435364
2564,0.08166953921318054,0.03094640001654625
2565,0.19627800583839417,0.13629445433616638
2566,0.3241190016269684,0.0604405552148819
2567,0.17187316715717316,0.10432194173336029
2568,0.2696976065635681,0.07380446791648865
2569,0.3104235529899597,0.025694817304611206
2570,0.3011249899864197,0.07479747384786606
2571,0.23652470111846924,0.05245283991098404
2572,0.1708659827709198,0.03805462270975113
2573,0.23604032397270203,0.03819015249609947
2574,0.3637249171733856,0.10541462898254395
2575,0.32760167121887207,0.027538660913705826
2576,0.13180585205554962,0.06157076358795166
2577,0.40212351083755493,0.15507115423679352
2578,0.39303022623062134,0.1064857691526413
2579,0.3857177495956421,0.05098124220967293
2580,0.2821057438850403,0.08758463710546494
2581,0.15066809952259064,0.05977519974112511
2582,0.786761999130249,0.05966750904917717
2583,0.08575773239135742,0.0827970877289772
2584,0.7396886944770813,0.05043749511241913
2585,0.19740605354309082,0.09225931763648987
2586,0.23714709281921387,0.09900129586458206
2587,0.44604921340942383,0.08802571892738342
2588,0.6061826348304749,0.08257653564214706
2589,0.11604474484920502,0.02929946780204773
2590,0.25261053442955017,0.08227679133415222
2591,0.047935742884874344,0.051221054047346115
2592,0.19712692499160767,0.05268058180809021
2593,0.14508990943431854,0.038286253809928894
2594,0.16044412553310394,0.049029093235731125
2595,0.0925399586558342,0.05947951227426529
2596,0.32168102264404297,0.05824723094701767
2597,0.22971950471401215,0.022250860929489136
2598,0.3160901665687561,0.012976131401956081
2599,0.08906041085720062,0.07239813357591629
2600,0.22504781186580658,0.06593938171863556
2601,0.3416588008403778,0.016207106411457062
2602,0.16128376126289368,0.013375184498727322
2603,0.06906388700008392,0.03698068484663963
2604,0.1513856202363968,0.1103358194231987
2605,0.08231961727142334,0.10271291434764862
2606,0.27548784017562866,0.05625321343541145
2607,0.3329472243785858,0.045926958322525024
2608,0.08104465901851654,0.048124320805072784
2609,0.23519280552864075,0.07317955046892166
2610,0.2655346393585205,0.09202241897583008
2611,0.32459601759910583,0.1412310004234314
2612,0.07292632758617401,0.04825720936059952
2613,0.08114905655384064,0.03778998553752899
2614,0.2640059292316437,0.022199058905243874
2615,0.19096337258815765,0.05686156824231148
2616,0.13860686123371124,0.054118283092975616
2617,0.21548499166965485,0.08684708923101425
2618,0.2107875943183899,0.02890201099216938
2619,0.3179793655872345,0.020089656114578247
2620,0.21343976259231567,0.024805739521980286
2621,0.0865175724029541,0.02566991001367569
2622,0.107246033847332,0.0881240963935852
2623,0.21039292216300964,0.07803851366043091
2624,0.18180912733078003,0.049185581505298615
2625,0.18356260657310486,0.08236458897590637
2626,0.24888309836387634,0.08035392314195633
2627,0.28319013118743896,0.009435328654944897
2628,0.17765861749649048,0.029110634699463844
2629,0.3695029020309448,0.12293896079063416
2630,0.48256736993789673,0.06273303925991058
2631,0.09529061615467072,0.021834183484315872
2632,0.20320212841033936,0.03798990696668625
2633,0.12916161119937897,0.07718510925769806
2634,0.2431682050228119,0.01976129040122032
2635,0.20809942483901978,0.010978905484080315
2636,0.050962477922439575,0.08639146387577057
2637,0.19851736724376678,0.03584153950214386
2638,0.42567530274391174,0.10851228982210159
2639,0.031318217515945435,0.10917320847511292
2640,0.10971885174512863,0.04128355532884598
2641,0.3096867501735687,0.0598725788295269
2642,0.22300560772418976,0.11182812601327896
2643,0.17443469166755676,0.026661638170480728
2644,0.3912721276283264,0.07213986665010452
2645,0.4458594024181366,0.08030326664447784
2646,0.17726750671863556,0.09059994667768478
2647,0.3326181471347809,0.020775288343429565
2648,0.24616390466690063,0.05305805057287216
2649,0.2405211627483368,0.057816386222839355
2650,0.17704229056835175,0.01626087725162506
2651,0.38387516140937805,0.05102226883172989
2652,0.1750473529100418,0.0736309364438057
2653,0.2385028600692749,0.014641995541751385
2654,0.1743021011352539,0.024074500426650047
2655,0.2574508488178253,0.02879229560494423
2656,0.22496406733989716,0.12060786783695221
2657,0.143771693110466,0.07742282748222351
2658,0.0839320570230484,0.05615278705954552
2659,0.26684150099754333,0.05044464021921158
2660,0.326684832572937,0.10548856854438782
2661,0.5519270300865173,0.051564447581768036
2662,0.3858685791492462,0.032886628061532974
2663,0.12154948711395264,0.009133066050708294
2664,0.08524280786514282,0.06631700694561005
2665,0.3704971671104431,0.031020931899547577
2666,0.24416375160217285,0.0849524736404419
2667,0.23030191659927368,0.05623742192983627
2668,0.19161181151866913,0.1035754531621933
2669,0.4163573980331421,0.12776680290699005
2670,0.14013274013996124,0.21692240238189697
2671,0.12034662067890167,0.022797543555498123
2672,0.1807103455066681,0.04006302356719971
2673,0.08131641894578934,0.032309696078300476
2674,0.748915433883667,0.08439361304044724
2675,0.6193180084228516,0.11026400327682495
2676,0.47270938754081726,0.07829202711582184
2677,0.4499717056751251,0.058139726519584656
2678,0.3350401222705841,0.057051610201597214
2679,0.5568092465400696,0.10013245046138763
2680,0.23009756207466125,0.0804944559931755
2681,0.10490747541189194,0.04945773631334305
2682,0.4485476016998291,0.04846222326159477
2683,0.11469357460737228,0.07841233164072037
2684,0.06411802768707275,0.0968301072716713
2685,0.23798735439777374,0.15145094692707062
2686,0.20565509796142578,0.03211173787713051
2687,0.17948317527770996,0.0595286525785923
2688,0.21274712681770325,0.019190805032849312
2689,0.6727078557014465,0.0473221093416214
2690,0.23999081552028656,0.0573134571313858
2691,0.27843359112739563,0.06504598259925842
2692,0.5270004868507385,0.06892406940460205
2693,0.09264310449361801,0.02533794939517975
2694,0.10263661295175552,0.06853806972503662
2695,0.09801426529884338,0.07163307070732117
2696,0.12271847575902939,0.0715390220284462
2697,0.116616390645504,0.07144662737846375
2698,0.23040664196014404,0.06260250508785248
2699,0.039561573415994644,0.05159882456064224
2700,0.2758448123931885,0.11806239187717438
2701,0.20392963290214539,0.061076819896698
2702,0.35560041666030884,0.1138293519616127
2703,0.14232026040554047,0.062091559171676636
2704,0.31509795784950256,0.054145071655511856
2705,0.1637537181377411,0.0394209548830986
2706,0.34477847814559937,0.07736417651176453
2707,0.2403806447982788,0.03533051535487175
2708,0.43397682905197144,0.07001903653144836
2709,0.32907143235206604,0.08119338750839233
2710,0.07048041373491287,0.048349060118198395
2711,0.320225328207016,0.08577026426792145
2712,0.07543493807315826,0.08466516435146332
2713,0.16244085133075714,0.023888230323791504
2714,0.14790894091129303,0.08239675313234329
2715,0.47729891538619995,0.16881035268306732
2716,0.40923213958740234,0.04386444017291069
2717,0.3367421627044678,0.023608125746250153
2718,0.351739764213562,0.04602067172527313
2719,0.23223261535167694,0.04734652116894722
2720,0.2546958029270172,0.020677942782640457
2721,0.5275897979736328,0.08789658546447754
2722,0.20294085144996643,0.06310324370861053
2723,0.23281049728393555,0.06328986585140228
2724,0.2877655029296875,0.016820788383483887
2725,0.5431125164031982,0.07338307052850723
2726,0.49038979411125183,0.08696003258228302
2727,0.24229998886585236,0.039831481873989105
2728,0.13295285403728485,0.007365541998296976
2729,0.10077396035194397,0.046760402619838715
2730,0.10064265877008438,0.08524341881275177
2731,0.29012569785118103,0.02681560069322586
2732,0.37841320037841797,0.05032672360539436
2733,0.21410557627677917,0.05463819205760956
2734,0.18526017665863037,0.09812627732753754
2735,0.14119023084640503,0.09575004130601883
2736,0.04980397969484329,0.041432157158851624
2737,0.043635327368974686,0.015206102281808853
2738,0.09953825175762177,0.052669260650873184
2739,0.41011446714401245,0.05854738503694534
2740,0.22423215210437775,0.0522589385509491
2741,0.36222201585769653,0.057712286710739136
2742,0.16082149744033813,0.07572078704833984
2743,0.16917750239372253,0.032333869487047195
2744,0.26602083444595337,0.03135628253221512
2745,0.4367719292640686,0.10443956404924393
2746,0.2724466919898987,0.08956441283226013
2747,0.5037875175476074,0.017802126705646515
2748,0.10461215674877167,0.05227768048644066
2749,0.2654356062412262,0.0565955825150013
2750,0.1689901500940323,0.06213117018342018
2751,0.07135268300771713,0.01885187067091465
2752,0.23106278479099274,0.014472339302301407
2753,0.181915745139122,0.05418180674314499
2754,0.3530682921409607,0.06366409361362457
2755,0.4432186782360077,0.04701308161020279
2756,0.14143434166908264,0.0507015585899353
2757,0.27645477652549744,0.02434789575636387
2758,0.15467190742492676,0.057208284735679626
2759,0.26430174708366394,0.08177502453327179
2760,0.5028292536735535,0.042774759232997894
2761,0.0832042470574379,0.053803376853466034
2762,0.440462201833725,0.044179320335388184
2763,0.26340681314468384,0.029997628182172775
2764,0.1705804169178009,0.015949038788676262
2765,0.2993529438972473,0.05602969974279404
2766,0.295070618391037,0.039515916258096695
2767,0.7050532102584839,0.06936459988355637
2768,0.28789716958999634,0.06464741379022598
2769,0.25627440214157104,0.041569195687770844
2770,0.28325560688972473,0.10040882229804993
2771,0.4754514694213867,0.0382501445710659
2772,0.3617636263370514,0.05798320844769478
2773,0.3876012861728668,0.10052075982093811
2774,0.19140511751174927,0.05605533719062805
2775,0.08665166795253754,0.07382100075483322
2776,0.2752681076526642,0.028955752030014992
2777,0.2927504777908325,0.024662328884005547
2778,0.5786616802215576,0.029591688886284828
2779,0.17016403377056122,0.0334099605679512
2780,0.06647226214408875,0.03705652058124542
2781,0.0182137843221426,0.055399566888809204
2782,0.22894611954689026,0.08992429822683334
2783,0.4240618944168091,0.13903264701366425
2784,0.2850572168827057,0.05216742679476738
2785,0.3282994031906128,0.154977485537529
2786,0.2348359227180481,0.057609014213085175
2787,0.5083446502685547,0.01188076101243496
2788,0.38925275206565857,0.025709468871355057
2789,0.1930912435054779,0.04080815240740776
2790,0.20199061930179596,0.040072306990623474
2791,0.7302982211112976,0.0747363269329071
2792,0.2445695996284485,0.08076600730419159
2793,0.15294601023197174,0.045575130730867386
2794,0.28715676069259644,0.07534603029489517
2795,0.11224226653575897,0.07271195203065872
2796,0.12093281000852585,0.05644485726952553
2797,0.3012586832046509,0.05477782338857651
2798,0.2797539532184601,0.05727844312787056
2799,0.24549290537834167,0.06659626960754395
2800,0.2656272053718567,0.07266618311405182
2801,0.13390575349330902,0.140431746840477
2802,0.22156405448913574,0.03249334916472435
2803,0.12919895350933075,0.03546788915991783
2804,0.07272320985794067,0.07309992611408234
2805,0.09766050428152084,0.03450571000576019
2806,0.12691085040569305,0.05938605219125748
2807,0.33871573209762573,0.04937290400266647
2808,0.17640294134616852,0.10393022745847702
2809,0.14749081432819366,0.05274954065680504
2810,0.19846147298812866,0.09700680524110794
2811,0.28172919154167175,0.08088736236095428
2812,0.08917653560638428,0.13872016966342926
2813,0.1266825944185257,0.02848942205309868
2814,0.24928629398345947,0.03507725149393082
2815,0.24495047330856323,0.11552242934703827
2816,0.1798449158668518,0.05570051819086075
2817,0.18898586928844452,0.07882671803236008
2818,0.29429855942726135,0.16205662488937378
2819,0.2870776951313019,0.06260505318641663
2820,0.1366637647151947,0.15526364743709564
2821,0.18615400791168213,0.020457763224840164
2822,0.14184440672397614,0.03577107563614845
2823,0.18756170570850372,0.040509190410375595
2824,0.15121246874332428,0.08078989386558533
2825,0.2525419592857361,0.04137402027845383
2826,0.2524837255477905,0.02728189527988434
2827,0.5785198211669922,0.026999443769454956
2828,0.34117960929870605,0.062185585498809814
2829,0.30602067708969116,0.10098276287317276
2830,0.10604178160429001,0.05914653092622757
2831,0.13186995685100555,0.04425419867038727
2832,0.2801226079463959,0.030886534601449966
2833,0.18689510226249695,0.05789383500814438
2834,0.13223156332969666,0.06488154083490372
2835,0.4812912940979004,0.09017061442136765
2836,0.26753920316696167,0.010755481198430061
2837,0.44202592968940735,0.038549769669771194
2838,0.25171351432800293,0.084310382604599
2839,0.17016807198524475,0.04991284757852554
2840,0.2734382748603821,0.040884871035814285
2841,0.18768799304962158,0.04595169052481651
2842,0.11324384063482285,0.026215702295303345
2843,0.19935697317123413,0.031389039009809494
2844,0.12222260236740112,0.033915359526872635
2845,0.14469540119171143,0.048074427992105484
2846,0.3373076021671295,0.03954001143574715
2847,0.15825185179710388,0.07711787521839142
2848,0.2777900695800781,0.04399822652339935
2849,0.4019429385662079,0.04979436844587326
2850,0.23113881051540375,0.04493819922208786
2851,0.43279728293418884,0.03235326707363129
2852,0.19094085693359375,0.10050223767757416
2853,0.4408249855041504,0.13483847677707672
2854,0.41023337841033936,0.039212118834257126
2855,0.5143826603889465,0.04969875514507294
2856,0.13539735972881317,0.06872203946113586
2857,0.21833494305610657,0.06403562426567078
2858,0.12166018784046173,0.06356287747621536
2859,0.3905527591705322,0.06603138893842697
2860,0.3580826222896576,0.022089000791311264
2861,0.30200374126434326,0.056017808616161346
2862,0.41286200284957886,0.008555404841899872
2863,0.10062220692634583,0.02512962557375431
2864,0.13612262904644012,0.04050052538514137
2865,0.3427494466304779,0.13508643209934235
2866,0.21146273612976074,0.06405762583017349
2867,0.055747728794813156,0.06429929286241531
2868,0.2273482084274292,0.1591101586818695
2869,0.29813307523727417,0.014217047020792961
2870,0.28845328092575073,0.020437104627490044
2871,0.47677624225616455,0.061606332659721375
2872,0.7921331524848938,0.04718795046210289
2873,0.08675414323806763,0.0934908464550972
2874,0.16170409321784973,0.05760328099131584
2875,0.3367992639541626,0.0651252344250679
2876,0.07561799138784409,0.029580015689134598
2877,0.2303834706544876,0.09460007399320602
2878,0.18425855040550232,0.06539429724216461
2879,0.30190518498420715,0.06899402290582657
2880,0.4821378290653229,0.06963377445936203
2881,0.08414233475923538,0.042145147919654846
2882,0.16432130336761475,0.06572946906089783
2883,0.08610166609287262,0.08263570070266724
2884,0.2429407685995102,0.1047627329826355
2885,0.4668594002723694,0.06344392895698547
2886,0.10126986354589462,0.10109621286392212
2887,0.12460583448410034,0.12561002373695374
2888,0.23085395991802216,0.07776303589344025
2889,0.3648863434791565,0.06168685108423233
2890,0.24677003920078278,0.05304393172264099
2891,0.29496580362319946,0.03825439140200615
2892,0.21627146005630493,0.08665147423744202
2893,0.10992638766765594,0.05901215597987175
2894,0.273025244474411,0.12390214204788208
2895,0.1708933711051941,0.06662951409816742
2896,0.1496468037366867,0.051165949553251266
2897,0.3033207654953003,0.02157476916909218
2898,0.2898496389389038,0.14721286296844482
2899,0.21041570603847504,0.05111159756779671
2900,0.18127945065498352,0.01075776107609272
2901,0.3752470016479492,0.06221959739923477
2902,0.2479756772518158,0.02336922660470009
2903,0.6659721732139587,0.06620682030916214
2904,0.1998675912618637,0.08769267797470093
2905,0.08591565489768982,0.05375407263636589
2906,0.2895394265651703,0.21613377332687378
2907,0.6349414587020874,0.05527111887931824
2908,0.293715238571167,0.045983534306287766
2909,0.19707384705543518,0.03834174573421478
2910,0.18416327238082886,0.017819184809923172
2911,0.4253753423690796,0.021628286689519882
2912,0.4506780505180359,0.03518959507346153
2913,0.3334047794342041,0.04496120661497116
2914,0.18482555449008942,0.0791872963309288
2915,0.19758300483226776,0.031433992087841034
2916,0.7666751146316528,0.043957680463790894
2917,0.4849163293838501,0.04579732567071915
2918,0.21443843841552734,0.039608269929885864
2919,0.24840334057807922,0.12343042343854904
2920,0.07391037046909332,0.03767098858952522
2921,0.2388145476579666,0.04710822552442551
2922,0.1828179955482483,0.014168629422783852
2923,0.13364344835281372,0.04170134663581848
2924,0.5088411569595337,0.11343531310558319
2925,0.3921036720275879,0.08610877394676208
2926,0.21960361301898956,0.020020145922899246
2927,0.6460180878639221,0.03629579022526741
2928,0.12434259057044983,0.04945261403918266
2929,0.05559464916586876,0.027957933023571968
2930,0.13827234506607056,0.013778341934084892
2931,0.20588812232017517,0.05336851626634598
2932,0.09036216884851456,0.03440697118639946
2933,0.22453592717647552,0.03983064740896225
2934,0.22198355197906494,0.026882536709308624
2935,0.4177055060863495,0.026299867779016495
2936,0.07557663321495056,0.07342241704463959
2937,0.29969143867492676,0.04577195644378662
2938,0.07574442028999329,0.015045685693621635
2939,0.08605484664440155,0.1253763884305954
2940,0.06828393787145615,0.08017093688249588
2941,0.05414851754903793,0.07816607505083084
2942,0.2542361915111542,0.05690011754631996
2943,0.09243260324001312,0.049081820994615555
2944,0.25313469767570496,0.08021840453147888
2945,0.1307625025510788,0.04566829651594162
2946,0.24079853296279907,0.03969947248697281
2947,0.17720550298690796,0.0728393942117691
2948,0.12640762329101562,0.039974018931388855
2949,0.22994305193424225,0.04918850213289261
2950,0.346858948469162,0.06920839101076126
2951,0.1811126172542572,0.11153054982423782
2952,0.2523314952850342,0.10082119703292847
2953,0.10474354028701782,0.04361321032047272
2954,0.21817202866077423,0.0299054104834795
2955,0.17715080082416534,0.05231870710849762
2956,0.2427579015493393,0.03158712014555931
2957,0.635312557220459,0.0637025535106659
2958,0.6188997626304626,0.08922401815652847
2959,0.295083612203598,0.08976488560438156
2960,0.3783465623855591,0.017741624265909195
2961,0.13535024225711823,0.022834425792098045
2962,0.09172587096691132,0.03116706758737564
2963,0.4364328980445862,0.042292866855859756
2964,0.3792780935764313,0.07233068346977234
2965,0.1669008731842041,0.07926665991544724
2966,0.17201943695545197,0.03688704967498779
2967,0.1434178650379181,0.04368722438812256
2968,0.29291391372680664,0.042386431246995926
2969,0.12030714750289917,0.03415310010313988
2970,0.4077030420303345,0.059056151658296585
2971,0.12740950286388397,0.04681280255317688
2972,0.2224755585193634,0.036018870770931244
2973,0.15251415967941284,0.08312106132507324
2974,0.233767569065094,0.0717046782374382
2975,0.15898047387599945,0.011790759861469269
2976,0.09522978216409683,0.03583625331521034
2977,0.3295360207557678,0.021543040871620178
2978,0.32921871542930603,0.052889030426740646
2979,0.23028239607810974,0.04029913619160652
2980,0.25673413276672363,0.09459803253412247
2981,0.3052874505519867,0.0819496437907219
2982,0.15561701357364655,0.04042811319231987
2983,0.12778326869010925,0.04249393567442894
2984,0.17781901359558105,0.09952765703201294
2985,0.12261800467967987,0.10904921591281891
2986,0.31870391964912415,0.05562683194875717
2987,0.22405260801315308,0.0726393312215805
2988,0.35090333223342896,0.14010976254940033
2989,0.3084985613822937,0.0464346781373024
2990,0.15601643919944763,0.0256795734167099
2991,0.40586334466934204,0.027635958045721054
2992,0.18527743220329285,0.05391991510987282
2993,0.3218948245048523,0.04896581172943115
2994,0.23747877776622772,0.030675183981657028
2995,0.4481031000614166,0.02570636384189129
2996,0.16574406623840332,0.06777168065309525
2997,0.34553593397140503,0.03101332113146782
2998,0.3815614581108093,0.052887845784425735
2999,0.08359448611736298,0.060451801866292953
3000,0.306807279586792,0.05279386788606644
3001,0.2569958567619324,0.027650266885757446
3002,0.047534093260765076,0.02366364561021328
3003,0.12428506463766098,0.039425790309906006
3004,0.17386963963508606,0.025949038565158844
3005,0.08874349296092987,0.02193150483071804
3006,0.2011840045452118,0.03786772862076759
3007,0.34109389781951904,0.04189205542206764
3008,0.24414390325546265,0.03780960291624069
3009,0.2891831696033478,0.015165953896939754
3010,0.1171075776219368,0.050550129264593124
3011,0.20950372517108917,0.08622710406780243
3012,0.42643797397613525,0.02895599976181984
3013,0.3332814574241638,0.011400295421481133
3014,0.20642660558223724,0.08964448422193527
3015,0.33305349946022034,0.021384932100772858
3016,0.37142521142959595,0.129011332988739
3017,0.30011457204818726,0.011324367485940456
3018,0.35108280181884766,0.029743611812591553
3019,0.10422007739543915,0.040551330894231796
3020,0.12591657042503357,0.046796947717666626
3021,0.19610266387462616,0.04943538457155228
3022,0.27567631006240845,0.02636631950736046
3023,0.20581474900245667,0.04432665929198265
3024,0.23446185886859894,0.03489139303565025
3025,0.30069154500961304,0.01647387072443962
3026,0.1671181470155716,0.03237893432378769
3027,0.238761767745018,0.049431029707193375
3028,0.3961012661457062,0.04867576062679291
3029,0.3700338900089264,0.0741117000579834
3030,0.25879016518592834,0.06064203754067421
3031,0.25424724817276,0.04785755276679993
3032,0.9940909147262573,0.054590050131082535
3033,0.059160735458135605,0.017545204609632492
3034,0.0829024687409401,0.04924194887280464
3035,0.2173270583152771,0.0432676300406456
3036,0.9246671795845032,0.04931129515171051
3037,0.22899745404720306,0.10110999643802643
3038,0.2490505427122116,0.0701194480061531
3039,0.24736440181732178,0.024377821013331413
3040,0.13739313185214996,0.020845945924520493
3041,0.188668355345726,0.014126922935247421
3042,0.43533799052238464,0.04239898920059204
3043,0.48660245537757874,0.030322585254907608
3044,0.13364474475383759,0.007213869132101536
3045,0.6774047613143921,0.06950439512729645
3046,0.11969134956598282,0.02482905238866806
3047,0.040695592761039734,0.058264002203941345
3048,0.40733104944229126,0.07938694953918457
3049,0.2457592487335205,0.1303752362728119
3050,0.06586606800556183,0.029809270054101944
3051,0.2676962614059448,0.054262563586235046
3052,0.2477712780237198,0.23751282691955566
3053,0.1802632212638855,0.03656322881579399
3054,0.15621592104434967,0.02901451103389263
3055,0.22806908190250397,0.04613456502556801
3056,0.4206913113594055,0.14162419736385345
3057,0.12136895954608917,0.08550039678812027
3058,0.3795270323753357,0.06957849860191345
3059,0.21368470788002014,0.04875507205724716
3060,0.295541375875473,0.024025658145546913
3061,0.25147318840026855,0.03495338559150696
3062,0.47364088892936707,0.08467954397201538
3063,0.21327021718025208,0.03325917199254036
3064,0.13247574865818024,0.05715078487992287
3065,0.34930312633514404,0.08828118443489075
3066,0.19584862887859344,0.025398224592208862
3067,0.2437478005886078,0.02320374734699726
3068,0.1307462602853775,0.054487504065036774
3069,0.24438494443893433,0.06044234707951546
3070,0.34503939747810364,0.08114765584468842
3071,0.11938781291246414,0.10446523129940033
3072,0.12746737897396088,0.11263221502304077
3073,0.16505122184753418,0.02443462610244751
3074,0.1742510199546814,0.03762727230787277
3075,0.14450931549072266,0.07303687185049057
3076,0.21594677865505219,0.11481253802776337
3077,0.06961261481046677,0.035804443061351776
3078,0.2017664909362793,0.014024719595909119
3079,0.284218966960907,0.059232693165540695
3080,0.28487640619277954,0.2713926434516907
3081,0.21132059395313263,0.019288644194602966
3082,0.3467470407485962,0.06543222069740295
3083,0.34672364592552185,0.07459570467472076
3084,0.3545317053794861,0.08632568269968033
3085,0.36729398369789124,0.033242687582969666
3086,0.3151659071445465,0.07766027748584747
3087,0.2975655496120453,0.0564136728644371
3088,0.21030014753341675,0.05760255828499794
3089,0.18513698875904083,0.07794325053691864
3090,0.10531015694141388,0.05019741505384445
3091,0.20746076107025146,0.07916764169931412
3092,0.11058881133794785,0.056582726538181305
3093,0.14239563047885895,0.0703788474202156
3094,0.15425385534763336,0.10010744631290436
3095,0.30584922432899475,0.02823767624795437
3096,0.06039488688111305,0.02355312742292881
3097,0.20643717050552368,0.0413547083735466
3098,0.10239086300134659,0.011816324666142464
3099,0.10075945407152176,0.03206409886479378
3100,0.16598191857337952,0.02760329470038414
3101,0.20153692364692688,0.08770392835140228
3102,0.10962739586830139,0.06971186399459839
3103,0.3285920023918152,0.10334242880344391
3104,0.519912600517273,0.059720229357481
3105,0.15618327260017395,0.01548357866704464
3106,0.16549856960773468,0.03895070031285286
3107,0.15982522070407867,0.016115263104438782
3108,0.2627408802509308,0.05916154384613037
3109,0.3000422716140747,0.11208610981702805
3110,0.17742471396923065,0.04618942737579346
3111,0.23318707942962646,0.05279817432165146
3112,0.35828185081481934,0.06174185872077942
3113,0.3791946470737457,0.049823686480522156
3114,0.5221592783927917,0.0620613768696785
3115,0.2829848527908325,0.017297284677624702
3116,0.0862065926194191,0.07939821481704712
3117,0.2617211639881134,0.0646316409111023
3118,0.2441277801990509,0.05438608303666115
3119,0.14814555644989014,0.0177364069968462
3120,0.2200506180524826,0.037115052342414856
3121,0.6470575928688049,0.06651309132575989
3122,0.37549638748168945,0.09660225361585617
3123,0.24363401532173157,0.04297180473804474
3124,0.2891618311405182,0.04397626593708992
3125,0.18722087144851685,0.024054618552327156
3126,0.09638356417417526,0.029314931482076645
3127,0.286746084690094,0.028110269457101822
3128,0.19105935096740723,0.025544362142682076
3129,0.0823490172624588,0.01876986399292946
3130,0.2066611498594284,0.08615182340145111
3131,0.0853867381811142,0.051610518246889114
3132,0.16624665260314941,0.053554270416498184
3133,0.20644548535346985,0.019729889929294586
3134,0.5829752087593079,0.024020599201321602
3135,0.13022030889987946,0.07432089000940323
3136,0.2812233567237854,0.054176922887563705
3137,0.546775221824646,0.056580644100904465
3138,0.06618726998567581,0.06299424171447754
3139,0.054384902119636536,0.045026179403066635
3140,0.11985966563224792,0.04565788805484772
3141,0.23856192827224731,0.06106095761060715
3142,0.2802131175994873,0.0454360730946064
3143,0.18849849700927734,0.04845276474952698
3144,0.36319199204444885,0.0615093857049942
3145,0.2410811483860016,0.17630484700202942
3146,0.06867687404155731,0.06196003779768944
3147,0.1452864706516266,0.05656427890062332
3148,0.1729288399219513,0.06509473919868469
3149,0.5756480693817139,0.030621670186519623
3150,0.057117681950330734,0.028807152062654495
3151,0.17451384663581848,0.06073708087205887
3152,0.15077774226665497,0.06643269211053848
3153,0.20546337962150574,0.030303427949547768
3154,0.27819007635116577,0.0228334441781044
3155,0.20774047076702118,0.11309333890676498
3156,0.0890405923128128,0.034437939524650574
3157,0.3777870535850525,0.07355798780918121
3158,0.18377366662025452,0.08611027151346207
3159,0.2499428689479828,0.10578154772520065
3160,0.07505124062299728,0.06331805884838104
3161,0.14647139608860016,0.05367714911699295
3162,0.365416556596756,0.04557473957538605
3163,0.2317614108324051,0.06916940212249756
3164,0.17044790089130402,0.0432698018848896
3165,0.331444650888443,0.08106642961502075
3166,0.2044440060853958,0.05080176144838333
3167,0.16139253973960876,0.06710973381996155
3168,0.3822525143623352,0.07780670374631882
3169,0.2728167474269867,0.16153302788734436
3170,0.2485038936138153,0.045610859990119934
3171,0.1538110077381134,0.025258202105760574
3172,0.29256656765937805,0.03500315174460411
3173,0.2552525997161865,0.01783086732029915
3174,0.28866147994995117,0.04404927045106888
3175,0.14468424022197723,0.11696316301822662
3176,0.13960221409797668,0.06095341220498085
3177,0.23392072319984436,0.0178812425583601
3178,0.18930180370807648,0.10492035746574402
3179,0.19615134596824646,0.026946818456053734
3180,0.3574103116989136,0.06002392992377281
3181,0.5292736887931824,0.06340311467647552
3182,0.10653611272573471,0.02878291718661785
3183,0.1713847517967224,0.05608862638473511
3184,0.09853258728981018,0.057280950248241425
3185,0.12399633973836899,0.02335766702890396
3186,0.1527450531721115,0.05618174746632576
3187,0.300437867641449,0.06590229272842407
3188,0.12350725382566452,0.03957872837781906
3189,0.19511893391609192,0.05347596853971481
3190,0.41409528255462646,0.034510839730501175
3191,0.25270694494247437,0.04219741374254227
3192,0.11987289786338806,0.057664766907691956
3193,0.14269697666168213,0.014781557023525238
3194,0.0891958624124527,0.012134126387536526
3195,0.08218877017498016,0.06377211213111877
3196,0.167749285697937,0.049680765718221664
3197,0.22467510402202606,0.09645357728004456
3198,0.16739532351493835,0.09321671724319458
3199,0.19349166750907898,0.03612290322780609
3200,0.306630939245224,0.02556927502155304
3201,0.18411129713058472,0.04599674046039581
3202,0.114150270819664,0.039240654557943344
3203,0.19477689266204834,0.07289516925811768
3204,0.32436293363571167,0.11085063964128494
3205,0.35440945625305176,0.04160434007644653
3206,0.1745341420173645,0.08984564989805222
3207,0.25350847840309143,0.06293734163045883
3208,0.49043798446655273,0.03908303752541542
3209,0.2997729182243347,0.09672711789608002
3210,0.2421843409538269,0.07097385078668594
3211,0.15955162048339844,0.052393920719623566
3212,0.45666608214378357,0.06819619238376617
3213,0.07262802124023438,0.02582213282585144
3214,0.14166989922523499,0.02455812506377697
3215,0.1380598545074463,0.061099156737327576
3216,0.20723454654216766,0.021113764494657516
3217,0.10885044932365417,0.06805458664894104
3218,0.4688016176223755,0.10871266573667526
3219,0.3776451349258423,0.034564949572086334
3220,0.18941965699195862,0.09384864568710327
3221,0.23303234577178955,0.1650547832250595
3222,0.10421840846538544,0.06221707537770271
3223,0.2311769723892212,0.023615505546331406
3224,0.14304473996162415,0.03905797749757767
3225,0.29956668615341187,0.028278842568397522
3226,0.26994115114212036,0.029563702642917633
3227,0.3533894419670105,0.0878107100725174
3228,0.4319230616092682,0.1012575551867485
3229,0.4550016224384308,0.027893703430891037
3230,0.35027986764907837,0.0305344145745039
3231,0.4104384183883667,0.04241099953651428
3232,0.25036588311195374,0.04176786169409752
3233,0.13430632650852203,0.029909715056419373
3234,0.5463509559631348,0.12906695902347565
3235,0.1047750785946846,0.044441159814596176
3236,0.3606809079647064,0.04538627341389656
3237,0.6231504678726196,0.09600439667701721
3238,0.19186420738697052,0.04637487605214119
3239,0.18164224922657013,0.04956202208995819
3240,0.254657506942749,0.03662971407175064
3241,0.04917999729514122,0.02789592742919922
3242,0.33822762966156006,0.04914591461420059
3243,0.183503657579422,0.0438988022506237
3244,0.10492489486932755,0.12242500483989716
3245,0.12232322245836258,0.08234621584415436
3246,0.5192017555236816,0.0691724345088005
3247,0.21761496365070343,0.11693422496318817
3248,0.3715227544307709,0.030267726629972458
3249,0.08812201023101807,0.050670724362134933
3250,0.24564184248447418,0.012251107953488827
3251,0.17514154314994812,0.03803151100873947
3252,0.03356769680976868,0.059722479432821274
3253,0.10002760589122772,0.014271978288888931
3254,0.15308991074562073,0.050865888595581055
3255,0.3231351375579834,0.02783181332051754
3256,0.23513907194137573,0.07860103249549866
3257,0.3198659121990204,0.039610605686903
3258,0.7292982935905457,0.030340909957885742
3259,0.5489650964736938,0.06851861625909805
3260,0.242478147149086,0.0518752783536911
3261,0.22285905480384827,0.06542922556400299
3262,0.3740552067756653,0.06139177456498146
3263,0.18322224915027618,0.10177942365407944
3264,0.21099363267421722,0.07537214457988739
3265,0.6153492331504822,0.03870602324604988
3266,0.2517550587654114,0.056977808475494385
3267,0.2087601274251938,0.07072429358959198
3268,0.49859118461608887,0.05866243317723274
3269,0.10707984864711761,0.040036216378211975
3270,0.21095477044582367,0.1452346295118332
3271,0.3168236017227173,0.04845433309674263
3272,0.16932137310504913,0.045117974281311035
3273,0.46214258670806885,0.05694790929555893
3274,0.12715086340904236,0.026076428592205048
3275,0.18343305587768555,0.0437249094247818
3276,0.1346510499715805,0.034344062209129333
3277,0.22452078759670258,0.10237600654363632
3278,0.1477314978837967,0.06386677175760269
3279,0.28581640124320984,0.15421466529369354
3280,0.20952850580215454,0.0899769514799118
3281,0.17102713882923126,0.01802138239145279
3282,0.35805365443229675,0.09351222962141037
3283,0.7264145612716675,0.16073858737945557
3284,0.07049532234668732,0.04650188982486725
3285,0.17363648116588593,0.035291220992803574
3286,0.1686834692955017,0.06483021378517151
3287,0.24996714293956757,0.04292804375290871
3288,0.28078365325927734,0.03529581055045128
3289,0.35647910833358765,0.09350064396858215
3290,0.1783660352230072,0.02832512930035591
3291,0.25478819012641907,0.03998588025569916
3292,0.17162583768367767,0.08067481219768524
3293,0.21441468596458435,0.10208933800458908
3294,0.07288158684968948,0.06281402707099915
3295,0.08117643743753433,0.05612459406256676
3296,0.30101051926612854,0.024622712284326553
3297,0.4199841618537903,0.05253499746322632
3298,0.16517174243927002,0.13371115922927856
3299,0.09718607366085052,0.18423056602478027
3300,0.16914679110050201,0.14144578576087952
3301,0.2996350824832916,0.04043356329202652
3302,0.4673215448856354,0.024612918496131897
3303,0.36512520909309387,0.051085054874420166
3304,0.4256933927536011,0.009336603805422783
3305,0.1907038688659668,0.06448020786046982
3306,0.21598093211650848,0.03113614395260811
3307,0.0430702269077301,0.057589203119277954
3308,0.07162054628133774,0.05742452293634415
3309,0.1297554224729538,0.04222431033849716
3310,0.12328866869211197,0.08077973127365112
3311,0.18103188276290894,0.05192038044333458
3312,0.12783274054527283,0.03475101292133331
3313,0.07541468739509583,0.02236156165599823
3314,0.34747493267059326,0.05990925803780556
3315,0.15140411257743835,0.07219793647527695
3316,0.20006786286830902,0.021740218624472618
3317,0.29918429255485535,0.07615825533866882
3318,0.07679503411054611,0.08054282516241074
3319,0.0894959345459938,0.06241283565759659
3320,0.4349743723869324,0.04095476493239403
3321,0.12055519968271255,0.029597347602248192
3322,0.4181636869907379,0.16184811294078827
3323,0.0979962944984436,0.10346906632184982
3324,0.3475634455680847,0.05470326915383339
3325,0.2750457525253296,0.07599230110645294
3326,0.17376172542572021,0.16593047976493835
3327,0.35655924677848816,0.05516177415847778
3328,0.1600639969110489,0.08612683415412903
3329,0.31517159938812256,0.07142416387796402
3330,0.15513958036899567,0.051004815846681595
3331,0.08085165917873383,0.06219523027539253
3332,0.3154566287994385,0.05152847617864609
3333,0.17826373875141144,0.029646053910255432
3334,0.1721816062927246,0.037398867309093475
3335,0.39875853061676025,0.14429479837417603
3336,0.24774429202079773,0.038300395011901855
3337,0.2159748077392578,0.026656299829483032
3338,0.11627055704593658,0.08852513134479523
3339,0.4985310435295105,0.08328934013843536
3340,0.11397570371627808,0.11443234980106354
3341,0.1560015231370926,0.022668030112981796
3342,0.18235749006271362,0.027813076972961426
3343,0.1153964251279831,0.049367934465408325
3344,0.2684534192085266,0.0908576175570488
3345,0.2495887726545334,0.03150845319032669
3346,0.08833333104848862,0.06562058627605438
3347,0.14108332991600037,0.10549375414848328
3348,0.2262246310710907,0.11815562844276428
3349,0.19264471530914307,0.041949521750211716
3350,0.15425769984722137,0.07436536252498627
3351,0.28491291403770447,0.06697108596563339
3352,0.33894866704940796,0.05251943692564964
3353,0.3472641110420227,0.09140172600746155
3354,0.3756173849105835,0.06920962035655975
3355,0.6198365688323975,0.06663248687982559
3356,0.34828728437423706,0.07152759283781052
3357,0.45541879534721375,0.041447579860687256
3358,0.2661425471305847,0.06101961433887482
3359,0.22559644281864166,0.10428880900144577
3360,0.3610379993915558,0.07601990550756454
3361,0.21915659308433533,0.1752167046070099
3362,0.23896290361881256,0.031740952283144
3363,0.18951627612113953,0.02826535701751709
3364,0.3976244330406189,0.018314246088266373
3365,0.5539520978927612,0.05732562020421028
3366,0.26462221145629883,0.0657770112156868
3367,0.656577467918396,0.10163611173629761
3368,0.32522910833358765,0.049384705722332
3369,0.2397160530090332,0.0360465906560421
3370,0.09025735408067703,0.021322473883628845
3371,0.1051812544465065,0.047888778150081635
3372,0.16139599680900574,0.034081097692251205
3373,0.25500619411468506,0.0710688978433609
3374,0.2839159071445465,0.04534246399998665
3375,0.19729098677635193,0.044548891484737396
3376,0.2949448823928833,0.02816173806786537
3377,0.5227851271629333,0.04285142570734024
3378,0.25720497965812683,0.1753990352153778
3379,0.2535732090473175,0.044808924198150635
3380,0.2302892655134201,0.0916975885629654
3381,0.4950469434261322,0.03296365216374397
3382,0.20449143648147583,0.07881778478622437
3383,0.13438163697719574,0.10232891142368317
3384,0.12576881051063538,0.14156444370746613
3385,0.19618308544158936,0.1322801113128662
3386,0.17852908372879028,0.020844310522079468
3387,0.1655721813440323,0.022073399275541306
3388,0.4984859526157379,0.06324848532676697
3389,0.3046796917915344,0.044352490454912186
3390,0.4694886803627014,0.04306358844041824
3391,0.3008946180343628,0.09497290104627609
3392,0.5384570360183716,0.052199870347976685
3393,0.18059682846069336,0.0728277936577797
3394,0.32593294978141785,0.041491251438856125
3395,0.08126159012317657,0.10517757385969162
3396,0.21177712082862854,0.07517915964126587
3397,0.18391072750091553,0.025453660637140274
3398,0.135942280292511,0.031048286706209183
3399,0.20074334740638733,0.035451073199510574
3400,0.13145044445991516,0.1189880445599556
3401,0.3204019367694855,0.1008790135383606
3402,0.12665334343910217,0.019241703674197197
3403,0.12778711318969727,0.04906526207923889
3404,0.37468624114990234,0.07084401696920395
3405,0.44690120220184326,0.08078090846538544
3406,0.16100385785102844,0.12944547832012177
3407,0.1936332732439041,0.07280758023262024
3408,0.37726718187332153,0.07927341014146805
3409,0.2209516018629074,0.026623614132404327
3410,0.5699275135993958,0.12659983336925507
3411,0.12807543575763702,0.08048444986343384
3412,0.08434418588876724,0.04548833891749382
3413,0.08430026471614838,0.07796014845371246
3414,0.18084698915481567,0.03721846640110016
3415,0.27917879819869995,0.0882510244846344
3416,0.12820202112197876,0.09533149749040604
3417,0.3066299855709076,0.026817724108695984
3418,0.1998971700668335,0.019578561186790466
3419,0.2284877747297287,0.03582555055618286
3420,0.1715525984764099,0.13336899876594543
3421,0.16566264629364014,0.05986891686916351
3422,0.560421884059906,0.06102822721004486
3423,0.20632217824459076,0.0885426253080368
3424,0.49970999360084534,0.18488359451293945
3425,0.6488001346588135,0.1414707601070404
3426,0.6189001798629761,0.04167049750685692
3427,0.30060911178588867,0.0939461886882782
3428,0.4176632761955261,0.06291072070598602
3429,0.44664400815963745,0.08677510917186737
3430,0.5579227209091187,0.06596080213785172
3431,0.2551308274269104,0.07086585462093353
3432,0.3142648935317993,0.02397649921476841
3433,0.210921049118042,0.07032734900712967
3434,0.11793141067028046,0.04830731451511383
3435,0.6949160695075989,0.14820407330989838
3436,0.2619069516658783,0.04165887087583542
3437,0.30806660652160645,0.011458851397037506
3438,0.1840529888868332,0.14340177178382874
3439,0.13448461890220642,0.04217906668782234
3440,0.10745905339717865,0.06923437863588333
3441,0.25166910886764526,0.03771401196718216
3442,0.3010108172893524,0.0533820316195488
3443,0.298310786485672,0.010083681903779507
3444,0.5697991847991943,0.06702686846256256
3445,0.3515048027038574,0.020607996731996536
3446,0.27352702617645264,0.11400307714939117
3447,0.34029367566108704,0.03018788993358612
3448,0.20224839448928833,0.05430755764245987
3449,0.08723576366901398,0.022410444915294647
3450,0.3841094970703125,0.06511128693819046
3451,0.5103961825370789,0.08659383654594421
3452,0.3901326358318329,0.05498196929693222
3453,0.37268197536468506,0.06832637637853622
3454,0.4876546859741211,0.028432093560695648
3455,0.1428498476743698,0.03925018012523651
3456,0.4334477186203003,0.05141817405819893
3457,0.0729387179017067,0.060708992183208466
3458,0.2702355682849884,0.1417684257030487
3459,0.13707661628723145,0.04837188869714737
3460,0.2090032994747162,0.03955711051821709
3461,0.39449945092201233,0.05710773915052414
3462,0.12873096764087677,0.055247608572244644
3463,0.5140349268913269,0.18142327666282654
3464,0.13692571222782135,0.053643692284822464
3465,0.2686643600463867,0.025229325518012047
3466,0.21910607814788818,0.02804471366107464
3467,0.23248878121376038,0.06731873750686646
3468,0.5004457235336304,0.06561953574419022
3469,0.26513582468032837,0.021704085171222687
3470,0.25780510902404785,0.05416973680257797
3471,0.07122795283794403,0.03483549505472183
3472,0.19486212730407715,0.02416781149804592
3473,0.5072697401046753,0.023425273597240448
3474,0.16626939177513123,0.09867233783006668
3475,0.29766446352005005,0.15741810202598572
3476,0.3300463855266571,0.037559330463409424
3477,0.3564840257167816,0.06656251847743988
3478,0.14540532231330872,0.06617346405982971
3479,0.1667061448097229,0.040232934057712555
3480,1.0191372632980347,0.06894461810588837
3481,0.37349197268486023,0.03912729769945145
3482,0.24618512392044067,0.07089322805404663
3483,0.19841156899929047,0.09950508177280426
3484,0.19872136414051056,0.021908380091190338
3485,0.1148981899023056,0.03838801756501198
3486,0.5608804225921631,0.1973613202571869
3487,0.155649796128273,0.02856760285794735
3488,0.324352890253067,0.029409006237983704
3489,0.8780945539474487,0.04048968851566315
3490,0.23303958773612976,0.0423424206674099
3491,0.2800890803337097,0.03601110726594925
3492,0.11588691174983978,0.034326210618019104
3493,0.2472623884677887,0.07419536262750626
3494,0.24521012604236603,0.0747992992401123
3495,0.5044111013412476,0.13145974278450012
3496,0.10327629745006561,0.10096381604671478
3497,0.16094614565372467,0.14855793118476868
3498,0.35141438245773315,0.03619019314646721
3499,0.36599001288414,0.030382396653294563
3500,0.30419331789016724,0.02980707213282585
3501,0.20213443040847778,0.009921340271830559
3502,0.3494448959827423,0.08907362818717957
3503,0.22217771410942078,0.0784853920340538
3504,0.8095343112945557,0.07164626568555832
3505,0.38058608770370483,0.09268955886363983
3506,0.426290363073349,0.07786224037408829
3507,0.17523713409900665,0.13746017217636108
3508,0.21133168041706085,0.14030957221984863
3509,0.2130771279335022,0.04342248663306236
3510,0.8427496552467346,0.0216599702835083
3511,0.6729905605316162,0.030916918069124222
3512,0.34459027647972107,0.047451555728912354
3513,0.7287477850914001,0.1542658507823944
3514,0.25026941299438477,0.11779971420764923
3515,0.2796160578727722,0.1640213131904602
3516,0.217887744307518,0.09514215588569641
3517,0.5870346426963806,0.14680662751197815
3518,0.23799407482147217,0.0646534115076065
3519,0.4377208650112152,0.05772753804922104
3520,0.28243163228034973,0.05241044610738754
3521,1.106419563293457,0.18596965074539185
3522,0.1999080926179886,0.07984769344329834
3523,0.16323497891426086,0.06052608788013458
3524,1.4017870426177979,0.039151381701231
3525,0.3566323220729828,0.1235344186425209
3526,0.5618718266487122,0.07470455765724182
3527,0.20893995463848114,0.026808347553014755
3528,0.4943561255931854,0.06765661388635635
3529,0.4160000681877136,0.04934307560324669
3530,0.2028367668390274,0.08051756024360657
3531,0.5335210561752319,0.052738845348358154
3532,0.3890173137187958,0.04181736335158348
3533,0.34754428267478943,0.04576088488101959
3534,0.1508389115333557,0.050818637013435364
3535,0.3693852424621582,0.08261585980653763
3536,0.25629523396492004,0.058361880481243134
3537,0.6130148768424988,0.08249349892139435
3538,0.26857665181159973,0.06473378837108612
3539,1.051826000213623,0.20491957664489746
3540,0.5239211320877075,0.10718514025211334
3541,0.3238205909729004,0.0890979990363121
3542,0.26023536920547485,0.040384359657764435
3543,0.6012042760848999,0.05780642479658127
3544,0.25746339559555054,0.04341652989387512
3545,0.3670099377632141,0.030873045325279236
3546,0.3932221829891205,0.15720126032829285
3547,0.39551323652267456,0.07825683057308197
3548,0.36433589458465576,0.1327870935201645
3549,0.25555306673049927,0.030573178082704544
3550,0.13419434428215027,0.04034838825464249
3551,0.11434344202280045,0.012892214581370354
3552,0.3082524240016937,0.02264367789030075
3553,0.1850915551185608,0.11385985463857651
3554,0.2767038345336914,0.13279452919960022
3555,0.2639133930206299,0.2128879427909851
3556,0.3562942445278168,0.0953858494758606
3557,0.34036463499069214,0.08752866089344025
3558,0.08784270286560059,0.027444252744317055
3559,0.08104120939970016,0.06436116993427277
3560,0.24336959421634674,0.04164636507630348
3561,0.3034188747406006,0.21226458251476288
3562,0.334070086479187,0.119500070810318
3563,0.17423640191555023,0.06686440110206604
3564,0.19890065491199493,0.07781915366649628
3565,0.38600996136665344,0.039652593433856964
3566,0.33715468645095825,0.048134274780750275
3567,0.18120206892490387,0.041997212916612625
3568,0.5301526784896851,0.11089906841516495
3569,0.35073357820510864,0.09357291460037231
3570,0.37233808636665344,0.12620052695274353
3571,0.28987836837768555,0.09432234615087509
3572,0.12119492888450623,0.023701848462224007
3573,0.11009872704744339,0.28866004943847656
3574,0.4057433009147644,0.07232537865638733
3575,0.20650002360343933,0.13717855513095856
3576,0.14434874057769775,0.05643269047141075
3577,0.27535247802734375,0.010562147945165634
3578,0.07623825967311859,0.021903252229094505
3579,0.26837214827537537,0.03889406844973564
3580,0.3678533434867859,0.038672152906656265
3581,0.35946881771087646,0.04612957686185837
3582,0.15020056068897247,0.22032013535499573
3583,0.5139960646629333,0.0740988627076149
3584,0.4517395496368408,0.05335064232349396
3585,0.2962113916873932,0.058634474873542786
3586,0.2970424294471741,0.036016982048749924
3587,0.16696852445602417,0.027650853618979454
3588,0.19082601368427277,0.1485004723072052
3589,0.15174466371536255,0.08946485072374344
3590,0.5934402346611023,0.025935377925634384
3591,0.2219935655593872,0.05961593985557556
3592,0.12022361159324646,0.01016978919506073
3593,0.11739611625671387,0.09622542560100555
3594,0.1915910840034485,0.10631073266267776
3595,0.382243812084198,0.07308075577020645
3596,0.31967800855636597,0.01903275027871132
3597,0.14098413288593292,0.08494848757982254
3598,0.3395463526248932,0.19917264580726624
3599,0.31488972902297974,0.06692440062761307
3600,0.2197190523147583,0.06694840639829636
3601,0.139633446931839,0.03948488086462021
3602,0.3932289481163025,0.08191142976284027
3603,0.41133931279182434,0.1613456755876541
3604,0.38998979330062866,0.18180041015148163
3605,0.2693496644496918,0.05475955456495285
3606,0.3285601735115051,0.043525390326976776
3607,0.27914896607398987,0.04429425299167633
3608,0.9037285447120667,0.08449243009090424
3609,0.23204421997070312,0.03051786869764328
3610,0.1957346498966217,0.188370943069458
3611,1.0040743350982666,0.12814700603485107
3612,0.33312714099884033,0.12842538952827454
3613,0.25824329257011414,0.038059983402490616
3614,0.32070785760879517,0.11764755845069885
3615,0.2375464141368866,0.09112485498189926
3616,0.24416235089302063,0.09834976494312286
3617,0.41287606954574585,0.08838353306055069
3618,0.921627938747406,0.08611315488815308
3619,0.03780483826994896,0.2890242040157318
3620,0.21134892106056213,0.05320950597524643
3621,0.1255323588848114,0.061225615441799164
3622,0.2280869334936142,0.06922049820423126
3623,0.2846266031265259,0.05848292261362076
3624,0.2472826987504959,0.08292177319526672
3625,0.06882739812135696,0.0414218008518219
3626,0.2815810739994049,0.025823652744293213
3627,0.06661486625671387,0.10293471813201904
